#    L    TT             EE             BB             TE          
     2   0.923985E+03   0.321818E-01   0.167774E-05   0.266591E+01
     3   0.897212E+03   0.405782E-01   0.335596E-05   0.298675E+01
     4   0.862630E+03   0.344028E-01   0.559432E-05   0.277995E+01
     5   0.835453E+03   0.224180E-01   0.839346E-05   0.234318E+01
     6   0.817153E+03   0.123040E-01   0.117541E-04   0.186629E+01
     7   0.806388E+03   0.665857E-02   0.156773E-04   0.145188E+01
     8   0.801000E+03   0.438872E-02   0.201640E-04   0.114167E+01
     9   0.800045E+03   0.354679E-02   0.252153E-04   0.938302E+00
    10   0.802316E+03   0.299423E-02   0.308327E-04   0.829824E+00
    11   0.806554E+03   0.251240E-02   0.370174E-04   0.795124E+00
    12   0.813677E+03   0.222786E-02   0.437710E-04   0.813118E+00
    13   0.821868E+03   0.217671E-02   0.510951E-04   0.859129E+00
    14   0.831007E+03   0.227595E-02   0.589913E-04   0.912953E+00
    15   0.840082E+03   0.245602E-02   0.674614E-04   0.968623E+00
    16   0.850904E+03   0.272170E-02   0.765071E-04   0.102813E+01
    17   0.863358E+03   0.311726E-02   0.861301E-04   0.108997E+01
    18   0.876332E+03   0.368091E-02   0.963325E-04   0.115391E+01
    19   0.890590E+03   0.440865E-02   0.107116E-03   0.122335E+01
    20   0.904523E+03   0.527210E-02   0.118482E-03   0.129311E+01
    21   0.918845E+03   0.626791E-02   0.130433E-03   0.136707E+01
    22   0.933604E+03   0.741066E-02   0.142970E-03   0.144471E+01
    23   0.948416E+03   0.868926E-02   0.156096E-03   0.152250E+01
    24   0.963604E+03   0.100976E-01   0.169811E-03   0.159646E+01
    25   0.979304E+03   0.116444E-01   0.184118E-03   0.165951E+01
    26   0.995030E+03   0.133470E-01   0.199018E-03   0.171617E+01
    27   0.101120E+04   0.152179E-01   0.214512E-03   0.176750E+01
    28   0.102764E+04   0.172512E-01   0.230602E-03   0.180884E+01
    29   0.104429E+04   0.194719E-01   0.247288E-03   0.184542E+01
    30   0.106133E+04   0.219070E-01   0.264573E-03   0.187074E+01
    31   0.107816E+04   0.245522E-01   0.282457E-03   0.189549E+01
    32   0.109558E+04   0.274233E-01   0.300941E-03   0.191440E+01
    33   0.111307E+04   0.304797E-01   0.320025E-03   0.192550E+01
    34   0.113062E+04   0.337461E-01   0.339711E-03   0.192943E+01
    35   0.114881E+04   0.372283E-01   0.359998E-03   0.191690E+01
    36   0.116672E+04   0.409548E-01   0.380887E-03   0.189813E+01
    37   0.118489E+04   0.449546E-01   0.402379E-03   0.186748E+01
    38   0.120343E+04   0.492195E-01   0.424473E-03   0.182722E+01
    39   0.122224E+04   0.537381E-01   0.447169E-03   0.177754E+01
    40   0.124124E+04   0.585008E-01   0.470467E-03   0.171706E+01
    41   0.126033E+04   0.635024E-01   0.494367E-03   0.164485E+01
    42   0.127953E+04   0.687558E-01   0.518869E-03   0.156167E+01
    43   0.129885E+04   0.742777E-01   0.543971E-03   0.146832E+01
    44   0.131833E+04   0.800831E-01   0.569674E-03   0.136395E+01
    45   0.133806E+04   0.861837E-01   0.595976E-03   0.124745E+01
    46   0.135799E+04   0.925870E-01   0.622877E-03   0.111821E+01
    47   0.137811E+04   0.992933E-01   0.650376E-03   0.975824E+00
    48   0.139839E+04   0.106295E+00   0.678472E-03   0.819918E+00
    49   0.141882E+04   0.113582E+00   0.707165E-03   0.650201E+00
    50   0.143945E+04   0.121157E+00   0.736452E-03   0.466514E+00
    51   0.146034E+04   0.129025E+00   0.766334E-03   0.268956E+00
    52   0.148144E+04   0.137188E+00   0.796809E-03   0.584394E-01
    53   0.150267E+04   0.145649E+00   0.827877E-03  -0.164130E+00
    54   0.152402E+04   0.154409E+00   0.859535E-03  -0.398705E+00
    55   0.154548E+04   0.163472E+00   0.891785E-03  -0.645609E+00
    56   0.156716E+04   0.172833E+00   0.924624E-03  -0.905789E+00
    57   0.158916E+04   0.182491E+00   0.958052E-03  -0.118013E+01
    58   0.161145E+04   0.192443E+00   0.992068E-03  -0.146883E+01
    59   0.163393E+04   0.202689E+00   0.102667E-02  -0.177178E+01
    60   0.165658E+04   0.213222E+00   0.106186E-02  -0.208847E+01
    61   0.167942E+04   0.224033E+00   0.109764E-02  -0.241842E+01
    62   0.170244E+04   0.235120E+00   0.113400E-02  -0.276157E+01
    63   0.172567E+04   0.246480E+00   0.117095E-02  -0.311801E+01
    64   0.174912E+04   0.258109E+00   0.120849E-02  -0.348783E+01
    65   0.177280E+04   0.270008E+00   0.124661E-02  -0.387114E+01
    66   0.179676E+04   0.282169E+00   0.128531E-02  -0.426812E+01
    67   0.182098E+04   0.294585E+00   0.132461E-02  -0.467828E+01
    68   0.184542E+04   0.307245E+00   0.136449E-02  -0.510092E+01
    69   0.187004E+04   0.320143E+00   0.140496E-02  -0.553539E+01
    70   0.189479E+04   0.333270E+00   0.144601E-02  -0.598124E+01
    71   0.191967E+04   0.346624E+00   0.148766E-02  -0.643831E+01
    72   0.194478E+04   0.360198E+00   0.152990E-02  -0.690749E+01
    73   0.197024E+04   0.373988E+00   0.157272E-02  -0.738971E+01
    74   0.199605E+04   0.387982E+00   0.161615E-02  -0.788485E+01
    75   0.202223E+04   0.402169E+00   0.166016E-02  -0.839244E+01
    76   0.204871E+04   0.416533E+00   0.170478E-02  -0.891191E+01
    77   0.207539E+04   0.431064E+00   0.174999E-02  -0.944179E+01
    78   0.210224E+04   0.445750E+00   0.179580E-02  -0.998162E+01
    79   0.212931E+04   0.460579E+00   0.184222E-02  -0.105312E+02
    80   0.215662E+04   0.475539E+00   0.188924E-02  -0.110905E+02
    81   0.218419E+04   0.490619E+00   0.193687E-02  -0.116593E+02
    82   0.221204E+04   0.505808E+00   0.198511E-02  -0.122372E+02
    83   0.224014E+04   0.521095E+00   0.203396E-02  -0.128238E+02
    84   0.226848E+04   0.536467E+00   0.208343E-02  -0.134185E+02
    85   0.229707E+04   0.551914E+00   0.213352E-02  -0.140212E+02
    86   0.232589E+04   0.567426E+00   0.218423E-02  -0.146313E+02
    87   0.235492E+04   0.582987E+00   0.223556E-02  -0.152481E+02
    88   0.238413E+04   0.598587E+00   0.228752E-02  -0.158714E+02
    89   0.241354E+04   0.614210E+00   0.234011E-02  -0.165005E+02
    90   0.244315E+04   0.629841E+00   0.239334E-02  -0.171352E+02
    91   0.247297E+04   0.645465E+00   0.244721E-02  -0.177750E+02
    92   0.250299E+04   0.661067E+00   0.250171E-02  -0.184197E+02
    93   0.253324E+04   0.676633E+00   0.255686E-02  -0.190687E+02
    94   0.256370E+04   0.692150E+00   0.261266E-02  -0.197218E+02
    95   0.259439E+04   0.707602E+00   0.266912E-02  -0.203785E+02
    96   0.262531E+04   0.722976E+00   0.272622E-02  -0.210383E+02
    97   0.265645E+04   0.738256E+00   0.278399E-02  -0.217008E+02
    98   0.268782E+04   0.753427E+00   0.284242E-02  -0.223656E+02
    99   0.271940E+04   0.768474E+00   0.290152E-02  -0.230320E+02
   100   0.275120E+04   0.783387E+00   0.296128E-02  -0.236995E+02
   101   0.278322E+04   0.798150E+00   0.302172E-02  -0.243678E+02
   102   0.281546E+04   0.812741E+00   0.308284E-02  -0.250363E+02
   103   0.284790E+04   0.827159E+00   0.314465E-02  -0.257043E+02
   104   0.288053E+04   0.841377E+00   0.320714E-02  -0.263715E+02
   105   0.291337E+04   0.855385E+00   0.327031E-02  -0.270372E+02
   106   0.294639E+04   0.869169E+00   0.333419E-02  -0.277007E+02
   107   0.297958E+04   0.882723E+00   0.339876E-02  -0.283617E+02
   108   0.301295E+04   0.896023E+00   0.346403E-02  -0.290194E+02
   109   0.304648E+04   0.909062E+00   0.353002E-02  -0.296733E+02
   110   0.308018E+04   0.921818E+00   0.359671E-02  -0.303228E+02
   111   0.311402E+04   0.934284E+00   0.366412E-02  -0.309674E+02
   112   0.314801E+04   0.946453E+00   0.373225E-02  -0.316064E+02
   113   0.318215E+04   0.958301E+00   0.380110E-02  -0.322394E+02
   114   0.321641E+04   0.969814E+00   0.387068E-02  -0.328657E+02
   115   0.325080E+04   0.980993E+00   0.394100E-02  -0.334848E+02
   116   0.328532E+04   0.991822E+00   0.401206E-02  -0.340960E+02
   117   0.331994E+04   0.100228E+01   0.408386E-02  -0.346989E+02
   118   0.335467E+04   0.101236E+01   0.415641E-02  -0.352927E+02
   119   0.338950E+04   0.102206E+01   0.422971E-02  -0.358771E+02
   120   0.342441E+04   0.103137E+01   0.430378E-02  -0.364514E+02
   121   0.345941E+04   0.104026E+01   0.437861E-02  -0.370150E+02
   122   0.349447E+04   0.104874E+01   0.445421E-02  -0.375674E+02
   123   0.352960E+04   0.105679E+01   0.453059E-02  -0.381080E+02
   124   0.356478E+04   0.106441E+01   0.460776E-02  -0.386363E+02
   125   0.360000E+04   0.107158E+01   0.468571E-02  -0.391517E+02
   126   0.363527E+04   0.107831E+01   0.476446E-02  -0.396536E+02
   127   0.367055E+04   0.108458E+01   0.484400E-02  -0.401416E+02
   128   0.370586E+04   0.109038E+01   0.492436E-02  -0.406151E+02
   129   0.374117E+04   0.109571E+01   0.500553E-02  -0.410736E+02
   130   0.377649E+04   0.110056E+01   0.508752E-02  -0.415164E+02
   131   0.381179E+04   0.110493E+01   0.517034E-02  -0.419432E+02
   132   0.384708E+04   0.110881E+01   0.525399E-02  -0.423534E+02
   133   0.388234E+04   0.111220E+01   0.533849E-02  -0.427465E+02
   134   0.391757E+04   0.111510E+01   0.542383E-02  -0.431220E+02
   135   0.395275E+04   0.111751E+01   0.551003E-02  -0.434796E+02
   136   0.398789E+04   0.111942E+01   0.559708E-02  -0.438186E+02
   137   0.402298E+04   0.112083E+01   0.568501E-02  -0.441387E+02
   138   0.405799E+04   0.112175E+01   0.577382E-02  -0.444393E+02
   139   0.409292E+04   0.112217E+01   0.586350E-02  -0.447202E+02
   140   0.412779E+04   0.112209E+01   0.595408E-02  -0.449808E+02
   141   0.416255E+04   0.112154E+01   0.604556E-02  -0.452208E+02
   142   0.419722E+04   0.112048E+01   0.613793E-02  -0.454397E+02
   143   0.423178E+04   0.111894E+01   0.623122E-02  -0.456372E+02
   144   0.426622E+04   0.111691E+01   0.632543E-02  -0.458128E+02
   145   0.430054E+04   0.111441E+01   0.642056E-02  -0.459662E+02
   146   0.433471E+04   0.111143E+01   0.651661E-02  -0.460969E+02
   147   0.436872E+04   0.110799E+01   0.661361E-02  -0.462045E+02
   148   0.440255E+04   0.110408E+01   0.671155E-02  -0.462887E+02
   149   0.443620E+04   0.109973E+01   0.681043E-02  -0.463491E+02
   150   0.446965E+04   0.109493E+01   0.691027E-02  -0.463851E+02
   151   0.450287E+04   0.108969E+01   0.701107E-02  -0.463966E+02
   152   0.453587E+04   0.108403E+01   0.711283E-02  -0.463831E+02
   153   0.456864E+04   0.107796E+01   0.721555E-02  -0.463445E+02
   154   0.460118E+04   0.107148E+01   0.731926E-02  -0.462806E+02
   155   0.463347E+04   0.106462E+01   0.742393E-02  -0.461911E+02
   156   0.466554E+04   0.105738E+01   0.752959E-02  -0.460757E+02
   157   0.469734E+04   0.104977E+01   0.763623E-02  -0.459342E+02
   158   0.472890E+04   0.104182E+01   0.774386E-02  -0.457664E+02
   159   0.476018E+04   0.103353E+01   0.785248E-02  -0.455720E+02
   160   0.479120E+04   0.102492E+01   0.796209E-02  -0.453510E+02
   161   0.482192E+04   0.101602E+01   0.807269E-02  -0.451030E+02
   162   0.485233E+04   0.100683E+01   0.818428E-02  -0.448280E+02
   163   0.488243E+04   0.997384E+00   0.829687E-02  -0.445256E+02
   164   0.491219E+04   0.987688E+00   0.841046E-02  -0.441958E+02
   165   0.494162E+04   0.977761E+00   0.852504E-02  -0.438383E+02
   166   0.497070E+04   0.967629E+00   0.864062E-02  -0.434530E+02
   167   0.499941E+04   0.957313E+00   0.875719E-02  -0.430399E+02
   168   0.502776E+04   0.946837E+00   0.887475E-02  -0.425989E+02
   169   0.505574E+04   0.936225E+00   0.899330E-02  -0.421300E+02
   170   0.508333E+04   0.925492E+00   0.911285E-02  -0.416331E+02
   171   0.511052E+04   0.914668E+00   0.923337E-02  -0.411081E+02
   172   0.513732E+04   0.903777E+00   0.935488E-02  -0.405550E+02
   173   0.516370E+04   0.892843E+00   0.947737E-02  -0.399738E+02
   174   0.518967E+04   0.881888E+00   0.960084E-02  -0.393644E+02
   175   0.521520E+04   0.870950E+00   0.972527E-02  -0.387271E+02
   176   0.524030E+04   0.860045E+00   0.985067E-02  -0.380617E+02
   177   0.526496E+04   0.849212E+00   0.997703E-02  -0.373683E+02
   178   0.528915E+04   0.838474E+00   0.101043E-01  -0.366470E+02
   179   0.531289E+04   0.827854E+00   0.102326E-01  -0.358977E+02
   180   0.533615E+04   0.817392E+00   0.103618E-01  -0.351208E+02
   181   0.535894E+04   0.807118E+00   0.104920E-01  -0.343163E+02
   182   0.538124E+04   0.797063E+00   0.106230E-01  -0.334843E+02
   183   0.540306E+04   0.787250E+00   0.107550E-01  -0.326251E+02
   184   0.542437E+04   0.777719E+00   0.108879E-01  -0.317388E+02
   185   0.544518E+04   0.768507E+00   0.110217E-01  -0.308255E+02
   186   0.546548E+04   0.759638E+00   0.111565E-01  -0.298854E+02
   187   0.548525E+04   0.751143E+00   0.112921E-01  -0.289188E+02
   188   0.550451E+04   0.743065E+00   0.114285E-01  -0.279259E+02
   189   0.552323E+04   0.735435E+00   0.115659E-01  -0.269070E+02
   190   0.554140E+04   0.728289E+00   0.117041E-01  -0.258623E+02
   191   0.555904E+04   0.721660E+00   0.118432E-01  -0.247921E+02
   192   0.557611E+04   0.715583E+00   0.119831E-01  -0.236966E+02
   193   0.559262E+04   0.710095E+00   0.121238E-01  -0.225760E+02
   194   0.560857E+04   0.705230E+00   0.122654E-01  -0.214309E+02
   195   0.562395E+04   0.701027E+00   0.124078E-01  -0.202615E+02
   196   0.563875E+04   0.697522E+00   0.125509E-01  -0.190683E+02
   197   0.565298E+04   0.694753E+00   0.126949E-01  -0.178515E+02
   198   0.566664E+04   0.692758E+00   0.128397E-01  -0.166117E+02
   199   0.567971E+04   0.691572E+00   0.129852E-01  -0.153490E+02
   200   0.569220E+04   0.691233E+00   0.131315E-01  -0.140641E+02
   201   0.570409E+04   0.691779E+00   0.132785E-01  -0.127571E+02
   202   0.571539E+04   0.693247E+00   0.134263E-01  -0.114288E+02
   203   0.572606E+04   0.695673E+00   0.135748E-01  -0.100793E+02
   204   0.573612E+04   0.699093E+00   0.137240E-01  -0.870929E+01
   205   0.574553E+04   0.703545E+00   0.138739E-01  -0.731911E+01
   206   0.575431E+04   0.709064E+00   0.140244E-01  -0.590920E+01
   207   0.576243E+04   0.715688E+00   0.141757E-01  -0.447996E+01
   208   0.576990E+04   0.723454E+00   0.143276E-01  -0.303201E+01
   209   0.577674E+04   0.732396E+00   0.144802E-01  -0.156593E+01
   210   0.578294E+04   0.742553E+00   0.146334E-01  -0.822759E-01
   211   0.578850E+04   0.753961E+00   0.147872E-01   0.141837E+01
   212   0.579344E+04   0.766655E+00   0.149417E-01   0.293541E+01
   213   0.579776E+04   0.780674E+00   0.150967E-01   0.446829E+01
   214   0.580147E+04   0.796053E+00   0.152523E-01   0.601642E+01
   215   0.580456E+04   0.812822E+00   0.154085E-01   0.757919E+01
   216   0.580703E+04   0.831028E+00   0.155652E-01   0.915598E+01
   217   0.580888E+04   0.850698E+00   0.157225E-01   0.107461E+02
   218   0.581009E+04   0.871862E+00   0.158803E-01   0.123492E+02
   219   0.581068E+04   0.894566E+00   0.160385E-01   0.139643E+02
   220   0.581062E+04   0.918838E+00   0.161973E-01   0.155911E+02
   221   0.580993E+04   0.944707E+00   0.163566E-01   0.172288E+02
   222   0.580859E+04   0.972219E+00   0.165163E-01   0.188768E+02
   223   0.580662E+04   0.100139E+01   0.166764E-01   0.205343E+02
   224   0.580401E+04   0.103227E+01   0.168370E-01   0.222008E+02
   225   0.580077E+04   0.106487E+01   0.169979E-01   0.238755E+02
   226   0.579689E+04   0.109924E+01   0.171593E-01   0.255578E+02
   227   0.579237E+04   0.113540E+01   0.173210E-01   0.272469E+02
   228   0.578723E+04   0.117338E+01   0.174830E-01   0.289422E+02
   229   0.578147E+04   0.121322E+01   0.176454E-01   0.306430E+02
   230   0.577507E+04   0.125494E+01   0.178081E-01   0.323486E+02
   231   0.576805E+04   0.129856E+01   0.179711E-01   0.340582E+02
   232   0.576041E+04   0.134412E+01   0.181344E-01   0.357711E+02
   233   0.575215E+04   0.139164E+01   0.182979E-01   0.374866E+02
   234   0.574327E+04   0.144115E+01   0.184617E-01   0.392039E+02
   235   0.573378E+04   0.149268E+01   0.186256E-01   0.409223E+02
   236   0.572367E+04   0.154625E+01   0.187898E-01   0.426412E+02
   237   0.571297E+04   0.160188E+01   0.189541E-01   0.443596E+02
   238   0.570165E+04   0.165959E+01   0.191185E-01   0.460769E+02
   239   0.568974E+04   0.171939E+01   0.192831E-01   0.477924E+02
   240   0.567722E+04   0.178133E+01   0.194478E-01   0.495051E+02
   241   0.566411E+04   0.184542E+01   0.196126E-01   0.512145E+02
   242   0.565042E+04   0.191167E+01   0.197774E-01   0.529197E+02
   243   0.563614E+04   0.198010E+01   0.199423E-01   0.546199E+02
   244   0.562128E+04   0.205074E+01   0.201072E-01   0.563145E+02
   245   0.560585E+04   0.212359E+01   0.202721E-01   0.580027E+02
   246   0.558987E+04   0.219867E+01   0.204369E-01   0.596838E+02
   247   0.557331E+04   0.227599E+01   0.206017E-01   0.613571E+02
   248   0.555621E+04   0.235558E+01   0.207665E-01   0.630216E+02
   249   0.553856E+04   0.243743E+01   0.209311E-01   0.646768E+02
   250   0.552038E+04   0.252157E+01   0.210957E-01   0.663219E+02
   251   0.550165E+04   0.260800E+01   0.212601E-01   0.679559E+02
   252   0.548238E+04   0.269671E+01   0.214243E-01   0.695782E+02
   253   0.546258E+04   0.278773E+01   0.215884E-01   0.711879E+02
   254   0.544226E+04   0.288105E+01   0.217523E-01   0.727843E+02
   255   0.542140E+04   0.297666E+01   0.219160E-01   0.743665E+02
   256   0.540002E+04   0.307459E+01   0.220794E-01   0.759339E+02
   257   0.537814E+04   0.317482E+01   0.222426E-01   0.774857E+02
   258   0.535575E+04   0.327734E+01   0.224055E-01   0.790211E+02
   259   0.533288E+04   0.338218E+01   0.225681E-01   0.805404E+02
   260   0.530954E+04   0.348931E+01   0.227304E-01   0.820414E+02
   261   0.528574E+04   0.359873E+01   0.228924E-01   0.835249E+02
   262   0.526150E+04   0.371045E+01   0.230540E-01   0.849893E+02
   263   0.523682E+04   0.382445E+01   0.232152E-01   0.864347E+02
   264   0.521171E+04   0.394074E+01   0.233761E-01   0.878597E+02
   265   0.518618E+04   0.405928E+01   0.235366E-01   0.892649E+02
   266   0.516023E+04   0.418008E+01   0.236966E-01   0.906481E+02
   267   0.513387E+04   0.430311E+01   0.238562E-01   0.920086E+02
   268   0.510711E+04   0.442837E+01   0.240154E-01   0.933472E+02
   269   0.507995E+04   0.455583E+01   0.241741E-01   0.946616E+02
   270   0.505240E+04   0.468549E+01   0.243323E-01   0.959526E+02
   271   0.502447E+04   0.481732E+01   0.244901E-01   0.972179E+02
   272   0.499617E+04   0.495132E+01   0.246473E-01   0.984583E+02
   273   0.496751E+04   0.508743E+01   0.248040E-01   0.996724E+02
   274   0.493850E+04   0.522566E+01   0.249602E-01   0.100861E+03
   275   0.490915E+04   0.536598E+01   0.251159E-01   0.102021E+03
   276   0.487947E+04   0.550837E+01   0.252710E-01   0.103155E+03
   277   0.484949E+04   0.565280E+01   0.254255E-01   0.104260E+03
   278   0.481919E+04   0.579925E+01   0.255795E-01   0.105336E+03
   279   0.478859E+04   0.594768E+01   0.257329E-01   0.106383E+03
   280   0.475772E+04   0.609805E+01   0.258857E-01   0.107400E+03
   281   0.472656E+04   0.625036E+01   0.260379E-01   0.108387E+03
   282   0.469515E+04   0.640454E+01   0.261894E-01   0.109343E+03
   283   0.466348E+04   0.656059E+01   0.263404E-01   0.110268E+03
   284   0.463156E+04   0.671845E+01   0.264907E-01   0.111160E+03
   285   0.459941E+04   0.687811E+01   0.266404E-01   0.112021E+03
   286   0.456704E+04   0.703951E+01   0.267895E-01   0.112849E+03
   287   0.453446E+04   0.720262E+01   0.269378E-01   0.113644E+03
   288   0.450168E+04   0.736740E+01   0.270856E-01   0.114405E+03
   289   0.446870E+04   0.753381E+01   0.272327E-01   0.115133E+03
   290   0.443555E+04   0.770180E+01   0.273791E-01   0.115825E+03
   291   0.440224E+04   0.787136E+01   0.275248E-01   0.116484E+03
   292   0.436876E+04   0.804234E+01   0.276698E-01   0.117107E+03
   293   0.433513E+04   0.821482E+01   0.278142E-01   0.117695E+03
   294   0.430137E+04   0.838873E+01   0.279579E-01   0.118247E+03
   295   0.426747E+04   0.856390E+01   0.281008E-01   0.118762E+03
   296   0.423345E+04   0.874042E+01   0.282431E-01   0.119241E+03
   297   0.419932E+04   0.891813E+01   0.283847E-01   0.119682E+03
   298   0.416509E+04   0.909703E+01   0.285256E-01   0.120086E+03
   299   0.413077E+04   0.927705E+01   0.286657E-01   0.120453E+03
   300   0.409637E+04   0.945810E+01   0.288052E-01   0.120781E+03
   301   0.406191E+04   0.964026E+01   0.289439E-01   0.121071E+03
   302   0.402739E+04   0.982331E+01   0.290819E-01   0.121324E+03
   303   0.399284E+04   0.100073E+02   0.292192E-01   0.121538E+03
   304   0.395825E+04   0.101922E+02   0.293558E-01   0.121715E+03
   305   0.392365E+04   0.103779E+02   0.294916E-01   0.121853E+03
   306   0.388904E+04   0.105644E+02   0.296267E-01   0.121952E+03
   307   0.385444E+04   0.107515E+02   0.297611E-01   0.122013E+03
   308   0.381985E+04   0.109393E+02   0.298948E-01   0.122035E+03
   309   0.378529E+04   0.111277E+02   0.300277E-01   0.122019E+03
   310   0.375075E+04   0.113165E+02   0.301600E-01   0.121965E+03
   311   0.371626E+04   0.115058E+02   0.302915E-01   0.121870E+03
   312   0.368182E+04   0.116954E+02   0.304222E-01   0.121737E+03
   313   0.364745E+04   0.118854E+02   0.305523E-01   0.121565E+03
   314   0.361315E+04   0.120756E+02   0.306817E-01   0.121354E+03
   315   0.357893E+04   0.122659E+02   0.308103E-01   0.121104E+03
   316   0.354481E+04   0.124564E+02   0.309382E-01   0.120816E+03
   317   0.351079E+04   0.126468E+02   0.310654E-01   0.120488E+03
   318   0.347689E+04   0.128373E+02   0.311919E-01   0.120122E+03
   319   0.344312E+04   0.130276E+02   0.313178E-01   0.119717E+03
   320   0.340947E+04   0.132178E+02   0.314429E-01   0.119274E+03
   321   0.337597E+04   0.134077E+02   0.315673E-01   0.118793E+03
   322   0.334262E+04   0.135973E+02   0.316911E-01   0.118273E+03
   323   0.330944E+04   0.137865E+02   0.318142E-01   0.117715E+03
   324   0.327643E+04   0.139753E+02   0.319366E-01   0.117120E+03
   325   0.324360E+04   0.141635E+02   0.320584E-01   0.116487E+03
   326   0.321096E+04   0.143511E+02   0.321795E-01   0.115817E+03
   327   0.317852E+04   0.145381E+02   0.323000E-01   0.115109E+03
   328   0.314629E+04   0.147242E+02   0.324199E-01   0.114364E+03
   329   0.311427E+04   0.149096E+02   0.325391E-01   0.113583E+03
   330   0.308249E+04   0.150940E+02   0.326578E-01   0.112765E+03
   331   0.305094E+04   0.152775E+02   0.327758E-01   0.111911E+03
   332   0.301963E+04   0.154600E+02   0.328933E-01   0.111021E+03
   333   0.298857E+04   0.156413E+02   0.330102E-01   0.110096E+03
   334   0.295776E+04   0.158214E+02   0.331266E-01   0.109135E+03
   335   0.292724E+04   0.160002E+02   0.332424E-01   0.108140E+03
   336   0.289698E+04   0.161777E+02   0.333578E-01   0.107111E+03
   337   0.286702E+04   0.163538E+02   0.334726E-01   0.106048E+03
   338   0.283734E+04   0.165284E+02   0.335869E-01   0.104951E+03
   339   0.280796E+04   0.167015E+02   0.337008E-01   0.103822E+03
   340   0.277890E+04   0.168731E+02   0.338142E-01   0.102661E+03
   341   0.275015E+04   0.170429E+02   0.339271E-01   0.101468E+03
   342   0.272171E+04   0.172109E+02   0.340397E-01   0.100242E+03
   343   0.269361E+04   0.173770E+02   0.341518E-01   0.989857E+02
   344   0.266583E+04   0.175412E+02   0.342636E-01   0.976980E+02
   345   0.263838E+04   0.177034E+02   0.343750E-01   0.963795E+02
   346   0.261127E+04   0.178634E+02   0.344861E-01   0.950305E+02
   347   0.258451E+04   0.180213E+02   0.345969E-01   0.936516E+02
   348   0.255809E+04   0.181768E+02   0.347073E-01   0.922429E+02
   349   0.253204E+04   0.183301E+02   0.348175E-01   0.908066E+02
   350   0.250635E+04   0.184811E+02   0.349274E-01   0.893421E+02
   351   0.248103E+04   0.186296E+02   0.350371E-01   0.878507E+02
   352   0.245610E+04   0.187758E+02   0.351466E-01   0.863334E+02
   353   0.243156E+04   0.189194E+02   0.352559E-01   0.847901E+02
   354   0.240740E+04   0.190605E+02   0.353650E-01   0.832230E+02
   355   0.238365E+04   0.191989E+02   0.354739E-01   0.816316E+02
   356   0.236030E+04   0.193347E+02   0.355828E-01   0.800164E+02
   357   0.233736E+04   0.194678E+02   0.356915E-01   0.783784E+02
   358   0.231482E+04   0.195981E+02   0.358002E-01   0.767182E+02
   359   0.229270E+04   0.197254E+02   0.359087E-01   0.750359E+02
   360   0.227099E+04   0.198497E+02   0.360173E-01   0.733330E+02
   361   0.224970E+04   0.199711E+02   0.361258E-01   0.716085E+02
   362   0.222882E+04   0.200894E+02   0.362344E-01   0.698643E+02
   363   0.220838E+04   0.202045E+02   0.363429E-01   0.681010E+02
   364   0.218836E+04   0.203165E+02   0.364515E-01   0.663192E+02
   365   0.216877E+04   0.204252E+02   0.365602E-01   0.645199E+02
   366   0.214962E+04   0.205306E+02   0.366690E-01   0.627038E+02
   367   0.213090E+04   0.206328E+02   0.367779E-01   0.608717E+02
   368   0.211262E+04   0.207315E+02   0.368869E-01   0.590244E+02
   369   0.209478E+04   0.208269E+02   0.369961E-01   0.571628E+02
   370   0.207739E+04   0.209187E+02   0.371054E-01   0.552874E+02
   371   0.206044E+04   0.210072E+02   0.372150E-01   0.533994E+02
   372   0.204394E+04   0.210920E+02   0.373247E-01   0.514992E+02
   373   0.202789E+04   0.211733E+02   0.374347E-01   0.495878E+02
   374   0.201229E+04   0.212510E+02   0.375450E-01   0.476660E+02
   375   0.199712E+04   0.213251E+02   0.376555E-01   0.457344E+02
   376   0.198241E+04   0.213955E+02   0.377663E-01   0.437939E+02
   377   0.196816E+04   0.214621E+02   0.378774E-01   0.418452E+02
   378   0.195435E+04   0.215250E+02   0.379889E-01   0.398891E+02
   379   0.194100E+04   0.215840E+02   0.381007E-01   0.379264E+02
   380   0.192810E+04   0.216391E+02   0.382129E-01   0.359579E+02
   381   0.191565E+04   0.216904E+02   0.383255E-01   0.339842E+02
   382   0.190366E+04   0.217376E+02   0.384385E-01   0.320062E+02
   383   0.189212E+04   0.217809E+02   0.385519E-01   0.300248E+02
   384   0.188103E+04   0.218203E+02   0.386658E-01   0.280407E+02
   385   0.187039E+04   0.218557E+02   0.387801E-01   0.260549E+02
   386   0.186021E+04   0.218871E+02   0.388949E-01   0.240682E+02
   387   0.185048E+04   0.219146E+02   0.390102E-01   0.220814E+02
   388   0.184118E+04   0.219381E+02   0.391260E-01   0.200955E+02
   389   0.183234E+04   0.219577E+02   0.392424E-01   0.181113E+02
   390   0.182394E+04   0.219732E+02   0.393593E-01   0.161295E+02
   391   0.181598E+04   0.219848E+02   0.394768E-01   0.141511E+02
   392   0.180846E+04   0.219924E+02   0.395948E-01   0.121769E+02
   393   0.180138E+04   0.219960E+02   0.397135E-01   0.102075E+02
   394   0.179474E+04   0.219955E+02   0.398327E-01   0.824390E+01
   395   0.178852E+04   0.219909E+02   0.399526E-01   0.628684E+01
   396   0.178273E+04   0.219823E+02   0.400732E-01   0.433710E+01
   397   0.177737E+04   0.219696E+02   0.401944E-01   0.239552E+01
   398   0.177243E+04   0.219529E+02   0.403163E-01   0.462846E+00
   399   0.176792E+04   0.219321E+02   0.404389E-01  -0.146012E+01
   400   0.176383E+04   0.219073E+02   0.405622E-01  -0.337259E+01
   401   0.176016E+04   0.218784E+02   0.406862E-01  -0.527380E+01
   402   0.175690E+04   0.218455E+02   0.408110E-01  -0.716298E+01
   403   0.175405E+04   0.218086E+02   0.409365E-01  -0.903941E+01
   404   0.175162E+04   0.217678E+02   0.410628E-01  -0.109023E+02
   405   0.174958E+04   0.217229E+02   0.411899E-01  -0.127509E+02
   406   0.174795E+04   0.216741E+02   0.413178E-01  -0.145846E+02
   407   0.174670E+04   0.216214E+02   0.414465E-01  -0.164025E+02
   408   0.174585E+04   0.215648E+02   0.415761E-01  -0.182039E+02
   409   0.174537E+04   0.215043E+02   0.417065E-01  -0.199880E+02
   410   0.174528E+04   0.214401E+02   0.418377E-01  -0.217541E+02
   411   0.174555E+04   0.213720E+02   0.419698E-01  -0.235017E+02
   412   0.174619E+04   0.213001E+02   0.421028E-01  -0.252299E+02
   413   0.174720E+04   0.212245E+02   0.422367E-01  -0.269384E+02
   414   0.174856E+04   0.211452E+02   0.423715E-01  -0.286263E+02
   415   0.175027E+04   0.210624E+02   0.425072E-01  -0.302931E+02
   416   0.175233E+04   0.209759E+02   0.426438E-01  -0.319383E+02
   417   0.175473E+04   0.208858E+02   0.427814E-01  -0.335610E+02
   418   0.175747E+04   0.207923E+02   0.429199E-01  -0.351607E+02
   419   0.176054E+04   0.206953E+02   0.430594E-01  -0.367368E+02
   420   0.176394E+04   0.205948E+02   0.431998E-01  -0.382886E+02
   421   0.176766E+04   0.204910E+02   0.433412E-01  -0.398156E+02
   422   0.177168E+04   0.203837E+02   0.434836E-01  -0.413170E+02
   423   0.177603E+04   0.202731E+02   0.436270E-01  -0.427922E+02
   424   0.178068E+04   0.201592E+02   0.437713E-01  -0.442406E+02
   425   0.178562E+04   0.200420E+02   0.439167E-01  -0.456618E+02
   426   0.179086E+04   0.199217E+02   0.440630E-01  -0.470554E+02
   427   0.179637E+04   0.197984E+02   0.442104E-01  -0.484209E+02
   428   0.180217E+04   0.196722E+02   0.443587E-01  -0.497579E+02
   429   0.180823E+04   0.195430E+02   0.445081E-01  -0.510661E+02
   430   0.181454E+04   0.194109E+02   0.446585E-01  -0.523449E+02
   431   0.182110E+04   0.192763E+02   0.448099E-01  -0.535941E+02
   432   0.182791E+04   0.191389E+02   0.449623E-01  -0.548131E+02
   433   0.183497E+04   0.189990E+02   0.451157E-01  -0.560015E+02
   434   0.184226E+04   0.188565E+02   0.452701E-01  -0.571589E+02
   435   0.184977E+04   0.187116E+02   0.454256E-01  -0.582849E+02
   436   0.185752E+04   0.185642E+02   0.455820E-01  -0.593790E+02
   437   0.186548E+04   0.184145E+02   0.457395E-01  -0.604408E+02
   438   0.187365E+04   0.182625E+02   0.458979E-01  -0.614699E+02
   439   0.188203E+04   0.181083E+02   0.460573E-01  -0.624660E+02
   440   0.189061E+04   0.179520E+02   0.462177E-01  -0.634287E+02
   441   0.189937E+04   0.177937E+02   0.463791E-01  -0.643578E+02
   442   0.190831E+04   0.176334E+02   0.465415E-01  -0.652529E+02
   443   0.191742E+04   0.174712E+02   0.467048E-01  -0.661137E+02
   444   0.192669E+04   0.173073E+02   0.468691E-01  -0.669399E+02
   445   0.193610E+04   0.171417E+02   0.470343E-01  -0.677314E+02
   446   0.194566E+04   0.169745E+02   0.472005E-01  -0.684877E+02
   447   0.195536E+04   0.168058E+02   0.473675E-01  -0.692089E+02
   448   0.196519E+04   0.166357E+02   0.475355E-01  -0.698949E+02
   449   0.197516E+04   0.164643E+02   0.477044E-01  -0.705455E+02
   450   0.198524E+04   0.162916E+02   0.478742E-01  -0.711607E+02
   451   0.199544E+04   0.161179E+02   0.480448E-01  -0.717402E+02
   452   0.200576E+04   0.159430E+02   0.482163E-01  -0.722840E+02
   453   0.201618E+04   0.157673E+02   0.483887E-01  -0.727920E+02
   454   0.202669E+04   0.155907E+02   0.485619E-01  -0.732639E+02
   455   0.203729E+04   0.154133E+02   0.487359E-01  -0.736997E+02
   456   0.204797E+04   0.152353E+02   0.489106E-01  -0.740992E+02
   457   0.205871E+04   0.150566E+02   0.490862E-01  -0.744623E+02
   458   0.206950E+04   0.148775E+02   0.492626E-01  -0.747887E+02
   459   0.208034E+04   0.146979E+02   0.494396E-01  -0.750786E+02
   460   0.209122E+04   0.145181E+02   0.496175E-01  -0.753320E+02
   461   0.210213E+04   0.143380E+02   0.497960E-01  -0.755483E+02
   462   0.211309E+04   0.141578E+02   0.499752E-01  -0.757297E+02
   463   0.212407E+04   0.139777E+02   0.501551E-01  -0.758749E+02
   464   0.213508E+04   0.137978E+02   0.503357E-01  -0.759845E+02
   465   0.214610E+04   0.136181E+02   0.505169E-01  -0.760586E+02
   466   0.215715E+04   0.134388E+02   0.506987E-01  -0.760981E+02
   467   0.216821E+04   0.132599E+02   0.508812E-01  -0.761022E+02
   468   0.217926E+04   0.130817E+02   0.510642E-01  -0.760716E+02
   469   0.219031E+04   0.129040E+02   0.512477E-01  -0.760065E+02
   470   0.220134E+04   0.127271E+02   0.514319E-01  -0.759069E+02
   471   0.221233E+04   0.125511E+02   0.516165E-01  -0.757720E+02
   472   0.222329E+04   0.123761E+02   0.518016E-01  -0.756035E+02
   473   0.223420E+04   0.122021E+02   0.519872E-01  -0.753997E+02
   474   0.224507E+04   0.120291E+02   0.521733E-01  -0.751631E+02
   475   0.225587E+04   0.118575E+02   0.523598E-01  -0.748922E+02
   476   0.226662E+04   0.116873E+02   0.525467E-01  -0.745877E+02
   477   0.227731E+04   0.115184E+02   0.527340E-01  -0.742504E+02
   478   0.228792E+04   0.113512E+02   0.529217E-01  -0.738804E+02
   479   0.229848E+04   0.111856E+02   0.531098E-01  -0.734788E+02
   480   0.230895E+04   0.110219E+02   0.532981E-01  -0.730449E+02
   481   0.231935E+04   0.108599E+02   0.534868E-01  -0.725795E+02
   482   0.232965E+04   0.107000E+02   0.536758E-01  -0.720831E+02
   483   0.233986E+04   0.105421E+02   0.538650E-01  -0.715560E+02
   484   0.234996E+04   0.103864E+02   0.540544E-01  -0.709985E+02
   485   0.235994E+04   0.102330E+02   0.542441E-01  -0.704111E+02
   486   0.236980E+04   0.100819E+02   0.544339E-01  -0.697942E+02
   487   0.237954E+04   0.993328E+01   0.546239E-01  -0.691481E+02
   488   0.238914E+04   0.978725E+01   0.548141E-01  -0.684734E+02
   489   0.239861E+04   0.964379E+01   0.550043E-01  -0.677706E+02
   490   0.240794E+04   0.950311E+01   0.551947E-01  -0.670403E+02
   491   0.241713E+04   0.936529E+01   0.553851E-01  -0.662830E+02
   492   0.242617E+04   0.923033E+01   0.555756E-01  -0.654991E+02
   493   0.243507E+04   0.909837E+01   0.557660E-01  -0.646894E+02
   494   0.244382E+04   0.896955E+01   0.559565E-01  -0.638541E+02
   495   0.245242E+04   0.884397E+01   0.561469E-01  -0.629941E+02
   496   0.246085E+04   0.872160E+01   0.563373E-01  -0.621096E+02
   497   0.246911E+04   0.860261E+01   0.565275E-01  -0.612015E+02
   498   0.247721E+04   0.848705E+01   0.567177E-01  -0.602702E+02
   499   0.248512E+04   0.837502E+01   0.569077E-01  -0.593163E+02
   500   0.249284E+04   0.826664E+01   0.570975E-01  -0.583402E+02
   501   0.250038E+04   0.816193E+01   0.572871E-01  -0.573428E+02
   502   0.250771E+04   0.806102E+01   0.574765E-01  -0.563246E+02
   503   0.251485E+04   0.796391E+01   0.576657E-01  -0.552862E+02
   504   0.252179E+04   0.787081E+01   0.578545E-01  -0.542285E+02
   505   0.252853E+04   0.778165E+01   0.580430E-01  -0.531521E+02
   506   0.253507E+04   0.769656E+01   0.582312E-01  -0.520577E+02
   507   0.254141E+04   0.761562E+01   0.584191E-01  -0.509460E+02
   508   0.254754E+04   0.753891E+01   0.586065E-01  -0.498177E+02
   509   0.255346E+04   0.746648E+01   0.587935E-01  -0.486734E+02
   510   0.255919E+04   0.739838E+01   0.589800E-01  -0.475140E+02
   511   0.256469E+04   0.733467E+01   0.591661E-01  -0.463401E+02
   512   0.256999E+04   0.727540E+01   0.593516E-01  -0.451524E+02
   513   0.257507E+04   0.722065E+01   0.595366E-01  -0.439516E+02
   514   0.257993E+04   0.717045E+01   0.597210E-01  -0.427384E+02
   515   0.258457E+04   0.712487E+01   0.599048E-01  -0.415135E+02
   516   0.258899E+04   0.708395E+01   0.600880E-01  -0.402777E+02
   517   0.259319E+04   0.704774E+01   0.602705E-01  -0.390316E+02
   518   0.259716E+04   0.701629E+01   0.604523E-01  -0.377761E+02
   519   0.260090E+04   0.698965E+01   0.606334E-01  -0.365120E+02
   520   0.260440E+04   0.696786E+01   0.608138E-01  -0.352397E+02
   521   0.260767E+04   0.695097E+01   0.609934E-01  -0.339603E+02
   522   0.261071E+04   0.693903E+01   0.611722E-01  -0.326743E+02
   523   0.261350E+04   0.693206E+01   0.613502E-01  -0.313826E+02
   524   0.261605E+04   0.693009E+01   0.615273E-01  -0.300859E+02
   525   0.261837E+04   0.693316E+01   0.617035E-01  -0.287849E+02
   526   0.262045E+04   0.694128E+01   0.618788E-01  -0.274803E+02
   527   0.262230E+04   0.695450E+01   0.620532E-01  -0.261730E+02
   528   0.262391E+04   0.697283E+01   0.622267E-01  -0.248636E+02
   529   0.262529E+04   0.699629E+01   0.623991E-01  -0.235529E+02
   530   0.262644E+04   0.702490E+01   0.625706E-01  -0.222418E+02
   531   0.262734E+04   0.705870E+01   0.627410E-01  -0.209308E+02
   532   0.262802E+04   0.709768E+01   0.629104E-01  -0.196211E+02
   533   0.262846E+04   0.714186E+01   0.630787E-01  -0.183132E+02
   534   0.262867E+04   0.719126E+01   0.632459E-01  -0.170081E+02
   535   0.262864E+04   0.724589E+01   0.634119E-01  -0.157064E+02
   536   0.262837E+04   0.730577E+01   0.635769E-01  -0.144091E+02
   537   0.262788E+04   0.737089E+01   0.637407E-01  -0.131167E+02
   538   0.262716E+04   0.744126E+01   0.639033E-01  -0.118302E+02
   539   0.262621E+04   0.751687E+01   0.640647E-01  -0.105503E+02
   540   0.262501E+04   0.759772E+01   0.642249E-01  -0.927773E+01
   541   0.262360E+04   0.768383E+01   0.643838E-01  -0.801315E+01
   542   0.262197E+04   0.777517E+01   0.645415E-01  -0.675740E+01
   543   0.262011E+04   0.787174E+01   0.646979E-01  -0.551118E+01
   544   0.261802E+04   0.797354E+01   0.648531E-01  -0.427522E+01
   545   0.261572E+04   0.808053E+01   0.650070E-01  -0.305019E+01
   546   0.261320E+04   0.819272E+01   0.651595E-01  -0.183679E+01
   547   0.261046E+04   0.831006E+01   0.653107E-01  -0.635710E+00
   548   0.260750E+04   0.843249E+01   0.654606E-01   0.552372E+00
   549   0.260433E+04   0.856014E+01   0.656091E-01   0.172675E+01
   550   0.260094E+04   0.869279E+01   0.657563E-01   0.288674E+01
   551   0.259736E+04   0.883058E+01   0.659021E-01   0.403164E+01
   552   0.259355E+04   0.897336E+01   0.660465E-01   0.516076E+01
   553   0.258955E+04   0.912111E+01   0.661895E-01   0.627343E+01
   554   0.258535E+04   0.927383E+01   0.663311E-01   0.736900E+01
   555   0.258096E+04   0.943145E+01   0.664713E-01   0.844677E+01
   556   0.257636E+04   0.959395E+01   0.666100E-01   0.950607E+01
   557   0.257159E+04   0.976125E+01   0.667474E-01   0.105463E+02
   558   0.256662E+04   0.993336E+01   0.668832E-01   0.115668E+02
   559   0.256147E+04   0.101102E+02   0.670177E-01   0.125670E+02
   560   0.255614E+04   0.102917E+02   0.671507E-01   0.135463E+02
   561   0.255063E+04   0.104778E+02   0.672822E-01   0.145042E+02
   562   0.254495E+04   0.106685E+02   0.674123E-01   0.154401E+02
   563   0.253909E+04   0.108637E+02   0.675409E-01   0.163534E+02
   564   0.253307E+04   0.110633E+02   0.676680E-01   0.172435E+02
   565   0.252688E+04   0.112674E+02   0.677937E-01   0.181100E+02
   566   0.252052E+04   0.114758E+02   0.679178E-01   0.189525E+02
   567   0.251401E+04   0.116884E+02   0.680405E-01   0.197702E+02
   568   0.250734E+04   0.119052E+02   0.681617E-01   0.205628E+02
   569   0.250052E+04   0.121261E+02   0.682814E-01   0.213298E+02
   570   0.249354E+04   0.123510E+02   0.683996E-01   0.220707E+02
   571   0.248642E+04   0.125799E+02   0.685163E-01   0.227850E+02
   572   0.247915E+04   0.128126E+02   0.686315E-01   0.234725E+02
   573   0.247175E+04   0.130492E+02   0.687453E-01   0.241325E+02
   574   0.246422E+04   0.132895E+02   0.688575E-01   0.247649E+02
   575   0.245656E+04   0.135334E+02   0.689683E-01   0.253692E+02
   576   0.244878E+04   0.137809E+02   0.690775E-01   0.259452E+02
   577   0.244089E+04   0.140318E+02   0.691853E-01   0.264923E+02
   578   0.243288E+04   0.142861E+02   0.692915E-01   0.270102E+02
   579   0.242476E+04   0.145437E+02   0.693963E-01   0.274988E+02
   580   0.241655E+04   0.148045E+02   0.694996E-01   0.279575E+02
   581   0.240824E+04   0.150684E+02   0.696015E-01   0.283861E+02
   582   0.239984E+04   0.153352E+02   0.697018E-01   0.287841E+02
   583   0.239134E+04   0.156050E+02   0.698007E-01   0.291514E+02
   584   0.238277E+04   0.158776E+02   0.698981E-01   0.294874E+02
   585   0.237412E+04   0.161528E+02   0.699940E-01   0.297920E+02
   586   0.236539E+04   0.164307E+02   0.700885E-01   0.300649E+02
   587   0.235660E+04   0.167111E+02   0.701816E-01   0.303058E+02
   588   0.234774E+04   0.169939E+02   0.702732E-01   0.305147E+02
   589   0.233882E+04   0.172789E+02   0.703634E-01   0.306911E+02
   590   0.232985E+04   0.175661E+02   0.704521E-01   0.308351E+02
   591   0.232083E+04   0.178554E+02   0.705395E-01   0.309463E+02
   592   0.231177E+04   0.181467E+02   0.706254E-01   0.310245E+02
   593   0.230266E+04   0.184397E+02   0.707099E-01   0.310696E+02
   594   0.229352E+04   0.187346E+02   0.707931E-01   0.310815E+02
   595   0.228435E+04   0.190310E+02   0.708749E-01   0.310602E+02
   596   0.227515E+04   0.193289E+02   0.709554E-01   0.310054E+02
   597   0.226593E+04   0.196282E+02   0.710345E-01   0.309171E+02
   598   0.225669E+04   0.199288E+02   0.711122E-01   0.307952E+02
   599   0.224744E+04   0.202305E+02   0.711887E-01   0.306396E+02
   600   0.223818E+04   0.205333E+02   0.712639E-01   0.304502E+02
   601   0.222893E+04   0.208369E+02   0.713377E-01   0.302272E+02
   602   0.221967E+04   0.211413E+02   0.714104E-01   0.299707E+02
   603   0.221042E+04   0.214465E+02   0.714817E-01   0.296804E+02
   604   0.220118E+04   0.217521E+02   0.715519E-01   0.293567E+02
   605   0.219195E+04   0.220582E+02   0.716208E-01   0.289995E+02
   606   0.218275E+04   0.223646E+02   0.716886E-01   0.286089E+02
   607   0.217356E+04   0.226713E+02   0.717551E-01   0.281849E+02
   608   0.216441E+04   0.229780E+02   0.718205E-01   0.277278E+02
   609   0.215530E+04   0.232847E+02   0.718848E-01   0.272377E+02
   610   0.214621E+04   0.235913E+02   0.719480E-01   0.267146E+02
   611   0.213718E+04   0.238974E+02   0.720101E-01   0.261587E+02
   612   0.212819E+04   0.242032E+02   0.720712E-01   0.255701E+02
   613   0.211924E+04   0.245084E+02   0.721312E-01   0.249490E+02
   614   0.211037E+04   0.248129E+02   0.721902E-01   0.242956E+02
   615   0.210154E+04   0.251167E+02   0.722482E-01   0.236103E+02
   616   0.209278E+04   0.254195E+02   0.723052E-01   0.228934E+02
   617   0.208409E+04   0.257213E+02   0.723613E-01   0.221451E+02
   618   0.207548E+04   0.260222E+02   0.724165E-01   0.213658E+02
   619   0.206694E+04   0.263217E+02   0.724708E-01   0.205559E+02
   620   0.205849E+04   0.266199E+02   0.725242E-01   0.197155E+02
   621   0.205013E+04   0.269168E+02   0.725768E-01   0.188451E+02
   622   0.204186E+04   0.272120E+02   0.726286E-01   0.179450E+02
   623   0.203368E+04   0.275056E+02   0.726796E-01   0.170155E+02
   624   0.202560E+04   0.277973E+02   0.727299E-01   0.160569E+02
   625   0.201762E+04   0.280872E+02   0.727794E-01   0.150695E+02
   626   0.200976E+04   0.283749E+02   0.728283E-01   0.140538E+02
   627   0.200200E+04   0.286605E+02   0.728765E-01   0.130100E+02
   628   0.199436E+04   0.289437E+02   0.729240E-01   0.119384E+02
   629   0.198683E+04   0.292246E+02   0.729709E-01   0.108397E+02
   630   0.197943E+04   0.295029E+02   0.730173E-01   0.971423E+01
   631   0.197215E+04   0.297785E+02   0.730631E-01   0.856242E+01
   632   0.196499E+04   0.300515E+02   0.731083E-01   0.738480E+01
   633   0.195797E+04   0.303215E+02   0.731531E-01   0.618171E+01
   634   0.195109E+04   0.305885E+02   0.731974E-01   0.495370E+01
   635   0.194434E+04   0.308524E+02   0.732413E-01   0.370127E+01
   636   0.193773E+04   0.311131E+02   0.732847E-01   0.242493E+01
   637   0.193127E+04   0.313706E+02   0.733278E-01   0.112520E+01
   638   0.192496E+04   0.316246E+02   0.733705E-01  -0.197357E+00
   639   0.191879E+04   0.318751E+02   0.734129E-01  -0.154224E+01
   640   0.191278E+04   0.321219E+02   0.734550E-01  -0.290892E+01
   641   0.190693E+04   0.323651E+02   0.734968E-01  -0.429685E+01
   642   0.190122E+04   0.326043E+02   0.735384E-01  -0.570543E+01
   643   0.189569E+04   0.328397E+02   0.735798E-01  -0.713405E+01
   644   0.189031E+04   0.330710E+02   0.736210E-01  -0.858209E+01
   645   0.188511E+04   0.332981E+02   0.736620E-01  -0.100489E+02
   646   0.188007E+04   0.335209E+02   0.737029E-01  -0.115340E+02
   647   0.187520E+04   0.337394E+02   0.737437E-01  -0.130366E+02
   648   0.187051E+04   0.339533E+02   0.737844E-01  -0.145562E+02
   649   0.186598E+04   0.341627E+02   0.738251E-01  -0.160920E+02
   650   0.186164E+04   0.343674E+02   0.738657E-01  -0.176435E+02
   651   0.185748E+04   0.345674E+02   0.739063E-01  -0.192099E+02
   652   0.185349E+04   0.347627E+02   0.739470E-01  -0.207906E+02
   653   0.184969E+04   0.349533E+02   0.739877E-01  -0.223849E+02
   654   0.184607E+04   0.351389E+02   0.740286E-01  -0.239923E+02
   655   0.184265E+04   0.353196E+02   0.740695E-01  -0.256119E+02
   656   0.183940E+04   0.354953E+02   0.741105E-01  -0.272431E+02
   657   0.183634E+04   0.356660E+02   0.741517E-01  -0.288854E+02
   658   0.183348E+04   0.358316E+02   0.741931E-01  -0.305377E+02
   659   0.183080E+04   0.359919E+02   0.742347E-01  -0.321996E+02
   660   0.182832E+04   0.361470E+02   0.742765E-01  -0.338704E+02
   661   0.182603E+04   0.362968E+02   0.743186E-01  -0.355492E+02
   662   0.182394E+04   0.364410E+02   0.743610E-01  -0.372355E+02
   663   0.182203E+04   0.365799E+02   0.744037E-01  -0.389284E+02
   664   0.182032E+04   0.367132E+02   0.744467E-01  -0.406271E+02
   665   0.181881E+04   0.368409E+02   0.744901E-01  -0.423312E+02
   666   0.181749E+04   0.369630E+02   0.745338E-01  -0.440397E+02
   667   0.181636E+04   0.370795E+02   0.745780E-01  -0.457520E+02
   668   0.181544E+04   0.371902E+02   0.746226E-01  -0.474672E+02
   669   0.181470E+04   0.372951E+02   0.746676E-01  -0.491848E+02
   670   0.181417E+04   0.373943E+02   0.747131E-01  -0.509039E+02
   671   0.181383E+04   0.374877E+02   0.747591E-01  -0.526239E+02
   672   0.181368E+04   0.375752E+02   0.748056E-01  -0.543440E+02
   673   0.181373E+04   0.376568E+02   0.748527E-01  -0.560633E+02
   674   0.181398E+04   0.377325E+02   0.749003E-01  -0.577814E+02
   675   0.181442E+04   0.378022E+02   0.749485E-01  -0.594973E+02
   676   0.181506E+04   0.378659E+02   0.749974E-01  -0.612104E+02
   677   0.181589E+04   0.379237E+02   0.750468E-01  -0.629199E+02
   678   0.181690E+04   0.379754E+02   0.750969E-01  -0.646249E+02
   679   0.181812E+04   0.380210E+02   0.751477E-01  -0.663248E+02
   680   0.181953E+04   0.380605E+02   0.751992E-01  -0.680187E+02
   681   0.182112E+04   0.380938E+02   0.752513E-01  -0.697057E+02
   682   0.182289E+04   0.381210E+02   0.753042E-01  -0.713852E+02
   683   0.182486E+04   0.381418E+02   0.753579E-01  -0.730564E+02
   684   0.182702E+04   0.381565E+02   0.754123E-01  -0.747186E+02
   685   0.182935E+04   0.381651E+02   0.754676E-01  -0.763712E+02
   686   0.183187E+04   0.381675E+02   0.755236E-01  -0.780129E+02
   687   0.183457E+04   0.381639E+02   0.755804E-01  -0.796441E+02
   688   0.183745E+04   0.381541E+02   0.756381E-01  -0.812640E+02
   689   0.184052E+04   0.381383E+02   0.756967E-01  -0.828712E+02
   690   0.184376E+04   0.381165E+02   0.757561E-01  -0.844648E+02
   691   0.184717E+04   0.380888E+02   0.758164E-01  -0.860450E+02
   692   0.185076E+04   0.380550E+02   0.758776E-01  -0.876110E+02
   693   0.185453E+04   0.380152E+02   0.759397E-01  -0.891621E+02
   694   0.185846E+04   0.379696E+02   0.760028E-01  -0.906969E+02
   695   0.186256E+04   0.379180E+02   0.760668E-01  -0.922153E+02
   696   0.186681E+04   0.378603E+02   0.761318E-01  -0.937159E+02
   697   0.187124E+04   0.377969E+02   0.761977E-01  -0.951988E+02
   698   0.187582E+04   0.377275E+02   0.762646E-01  -0.966625E+02
   699   0.188056E+04   0.376523E+02   0.763325E-01  -0.981069E+02
   700   0.188546E+04   0.375713E+02   0.764014E-01  -0.995315E+02
   701   0.189050E+04   0.374845E+02   0.764713E-01  -0.100935E+03
   702   0.189569E+04   0.373919E+02   0.765423E-01  -0.102318E+03
   703   0.190103E+04   0.372937E+02   0.766142E-01  -0.103679E+03
   704   0.190652E+04   0.371899E+02   0.766872E-01  -0.105017E+03
   705   0.191213E+04   0.370805E+02   0.767612E-01  -0.106333E+03
   706   0.191790E+04   0.369656E+02   0.768363E-01  -0.107624E+03
   707   0.192379E+04   0.368454E+02   0.769124E-01  -0.108892E+03
   708   0.192981E+04   0.367196E+02   0.769896E-01  -0.110135E+03
   709   0.193597E+04   0.365886E+02   0.770678E-01  -0.111353E+03
   710   0.194225E+04   0.364524E+02   0.771470E-01  -0.112545E+03
   711   0.194864E+04   0.363110E+02   0.772274E-01  -0.113711E+03
   712   0.195516E+04   0.361645E+02   0.773087E-01  -0.114850E+03
   713   0.196179E+04   0.360128E+02   0.773912E-01  -0.115962E+03
   714   0.196853E+04   0.358563E+02   0.774747E-01  -0.117046E+03
   715   0.197539E+04   0.356947E+02   0.775592E-01  -0.118102E+03
   716   0.198234E+04   0.355283E+02   0.776448E-01  -0.119129E+03
   717   0.198939E+04   0.353569E+02   0.777315E-01  -0.120126E+03
   718   0.199653E+04   0.351808E+02   0.778191E-01  -0.121094E+03
   719   0.200377E+04   0.350001E+02   0.779079E-01  -0.122031E+03
   720   0.201109E+04   0.348147E+02   0.779976E-01  -0.122938E+03
   721   0.201850E+04   0.346250E+02   0.780884E-01  -0.123814E+03
   722   0.202599E+04   0.344308E+02   0.781802E-01  -0.124658E+03
   723   0.203357E+04   0.342325E+02   0.782730E-01  -0.125472E+03
   724   0.204122E+04   0.340301E+02   0.783669E-01  -0.126254E+03
   725   0.204894E+04   0.338237E+02   0.784617E-01  -0.127003E+03
   726   0.205674E+04   0.336133E+02   0.785575E-01  -0.127721E+03
   727   0.206460E+04   0.333992E+02   0.786543E-01  -0.128405E+03
   728   0.207253E+04   0.331813E+02   0.787521E-01  -0.129058E+03
   729   0.208050E+04   0.329598E+02   0.788508E-01  -0.129676E+03
   730   0.208854E+04   0.327347E+02   0.789505E-01  -0.130261E+03
   731   0.209663E+04   0.325063E+02   0.790511E-01  -0.130812E+03
   732   0.210476E+04   0.322744E+02   0.791526E-01  -0.131329E+03
   733   0.211293E+04   0.320393E+02   0.792551E-01  -0.131811E+03
   734   0.212115E+04   0.318010E+02   0.793584E-01  -0.132257E+03
   735   0.212939E+04   0.315598E+02   0.794626E-01  -0.132670E+03
   736   0.213766E+04   0.313157E+02   0.795677E-01  -0.133047E+03
   737   0.214596E+04   0.310687E+02   0.796737E-01  -0.133388E+03
   738   0.215427E+04   0.308190E+02   0.797805E-01  -0.133694E+03
   739   0.216261E+04   0.305668E+02   0.798881E-01  -0.133964E+03
   740   0.217095E+04   0.303122E+02   0.799965E-01  -0.134197E+03
   741   0.217930E+04   0.300554E+02   0.801057E-01  -0.134394E+03
   742   0.218765E+04   0.297963E+02   0.802157E-01  -0.134556E+03
   743   0.219600E+04   0.295352E+02   0.803265E-01  -0.134681E+03
   744   0.220434E+04   0.292721E+02   0.804380E-01  -0.134770E+03
   745   0.221267E+04   0.290074E+02   0.805502E-01  -0.134822E+03
   746   0.222097E+04   0.287409E+02   0.806631E-01  -0.134838E+03
   747   0.222926E+04   0.284730E+02   0.807767E-01  -0.134817E+03
   748   0.223752E+04   0.282036E+02   0.808910E-01  -0.134759E+03
   749   0.224576E+04   0.279329E+02   0.810059E-01  -0.134665E+03
   750   0.225396E+04   0.276610E+02   0.811215E-01  -0.134535E+03
   751   0.226212E+04   0.273881E+02   0.812377E-01  -0.134368E+03
   752   0.227023E+04   0.271142E+02   0.813544E-01  -0.134163E+03
   753   0.227830E+04   0.268394E+02   0.814718E-01  -0.133923E+03
   754   0.228632E+04   0.265640E+02   0.815896E-01  -0.133647E+03
   755   0.229429E+04   0.262880E+02   0.817080E-01  -0.133334E+03
   756   0.230219E+04   0.260116E+02   0.818270E-01  -0.132985E+03
   757   0.231005E+04   0.257349E+02   0.819464E-01  -0.132601E+03
   758   0.231784E+04   0.254580E+02   0.820662E-01  -0.132181E+03
   759   0.232558E+04   0.251812E+02   0.821865E-01  -0.131726E+03
   760   0.233324E+04   0.249044E+02   0.823072E-01  -0.131236E+03
   761   0.234084E+04   0.246280E+02   0.824283E-01  -0.130711E+03
   762   0.234837E+04   0.243518E+02   0.825498E-01  -0.130151E+03
   763   0.235581E+04   0.240762E+02   0.826717E-01  -0.129556E+03
   764   0.236317E+04   0.238011E+02   0.827938E-01  -0.128926E+03
   765   0.237044E+04   0.235267E+02   0.829162E-01  -0.128262E+03
   766   0.237762E+04   0.232531E+02   0.830390E-01  -0.127563E+03
   767   0.238470E+04   0.229804E+02   0.831619E-01  -0.126829E+03
   768   0.239168E+04   0.227087E+02   0.832851E-01  -0.126061E+03
   769   0.239855E+04   0.224383E+02   0.834085E-01  -0.125259E+03
   770   0.240531E+04   0.221692E+02   0.835320E-01  -0.124424E+03
   771   0.241195E+04   0.219015E+02   0.836557E-01  -0.123556E+03
   772   0.241847E+04   0.216355E+02   0.837795E-01  -0.122655E+03
   773   0.242488E+04   0.213713E+02   0.839033E-01  -0.121722E+03
   774   0.243115E+04   0.211088E+02   0.840273E-01  -0.120758E+03
   775   0.243729E+04   0.208484E+02   0.841512E-01  -0.119762E+03
   776   0.244331E+04   0.205902E+02   0.842752E-01  -0.118736E+03
   777   0.244920E+04   0.203341E+02   0.843991E-01  -0.117680E+03
   778   0.245496E+04   0.200804E+02   0.845230E-01  -0.116594E+03
   779   0.246059E+04   0.198291E+02   0.846468E-01  -0.115478E+03
   780   0.246609E+04   0.195805E+02   0.847705E-01  -0.114335E+03
   781   0.247146E+04   0.193345E+02   0.848941E-01  -0.113164E+03
   782   0.247668E+04   0.190912E+02   0.850174E-01  -0.111964E+03
   783   0.248177E+04   0.188508E+02   0.851406E-01  -0.110737E+03
   784   0.248670E+04   0.186134E+02   0.852635E-01  -0.109483E+03
   785   0.249149E+04   0.183791E+02   0.853862E-01  -0.108201E+03
   786   0.249611E+04   0.181479E+02   0.855086E-01  -0.106891E+03
   787   0.250058E+04   0.179199E+02   0.856307E-01  -0.105556E+03
   788   0.250489E+04   0.176953E+02   0.857524E-01  -0.104193E+03
   789   0.250901E+04   0.174743E+02   0.858737E-01  -0.102805E+03
   790   0.251297E+04   0.172568E+02   0.859946E-01  -0.101391E+03
   791   0.251676E+04   0.170431E+02   0.861151E-01  -0.999544E+02
   792   0.252037E+04   0.168334E+02   0.862351E-01  -0.984939E+02
   793   0.252381E+04   0.166277E+02   0.863546E-01  -0.970111E+02
   794   0.252707E+04   0.164262E+02   0.864735E-01  -0.955069E+02
   795   0.253015E+04   0.162291E+02   0.865919E-01  -0.939828E+02
   796   0.253305E+04   0.160363E+02   0.867098E-01  -0.924380E+02
   797   0.253578E+04   0.158479E+02   0.868269E-01  -0.908741E+02
   798   0.253832E+04   0.156640E+02   0.869435E-01  -0.892910E+02
   799   0.254069E+04   0.154846E+02   0.870593E-01  -0.876895E+02
   800   0.254287E+04   0.153099E+02   0.871745E-01  -0.860688E+02
   801   0.254487E+04   0.151398E+02   0.872889E-01  -0.844313E+02
   802   0.254670E+04   0.149742E+02   0.874026E-01  -0.827761E+02
   803   0.254834E+04   0.148135E+02   0.875154E-01  -0.811039E+02
   804   0.254980E+04   0.146577E+02   0.876275E-01  -0.794163E+02
   805   0.255107E+04   0.145068E+02   0.877387E-01  -0.777125E+02
   806   0.255213E+04   0.143611E+02   0.878490E-01  -0.759946E+02
   807   0.255299E+04   0.142205E+02   0.879584E-01  -0.742611E+02
   808   0.255365E+04   0.140852E+02   0.880669E-01  -0.725151E+02
   809   0.255409E+04   0.139553E+02   0.881745E-01  -0.707557E+02
   810   0.255434E+04   0.138309E+02   0.882810E-01  -0.689836E+02
   811   0.255437E+04   0.137119E+02   0.883866E-01  -0.672005E+02
   812   0.255421E+04   0.135984E+02   0.884911E-01  -0.654070E+02
   813   0.255385E+04   0.134904E+02   0.885946E-01  -0.636040E+02
   814   0.255330E+04   0.133879E+02   0.886971E-01  -0.617924E+02
   815   0.255257E+04   0.132910E+02   0.887984E-01  -0.599730E+02
   816   0.255165E+04   0.131997E+02   0.888986E-01  -0.581468E+02
   817   0.255054E+04   0.131140E+02   0.889976E-01  -0.563142E+02
   818   0.254924E+04   0.130340E+02   0.890955E-01  -0.544754E+02
   819   0.254774E+04   0.129598E+02   0.891922E-01  -0.526307E+02
   820   0.254604E+04   0.128914E+02   0.892877E-01  -0.507807E+02
   821   0.254412E+04   0.128288E+02   0.893820E-01  -0.489257E+02
   822   0.254200E+04   0.127722E+02   0.894751E-01  -0.470659E+02
   823   0.253965E+04   0.127215E+02   0.895668E-01  -0.452018E+02
   824   0.253710E+04   0.126768E+02   0.896573E-01  -0.433343E+02
   825   0.253434E+04   0.126380E+02   0.897465E-01  -0.414648E+02
   826   0.253138E+04   0.126053E+02   0.898344E-01  -0.395943E+02
   827   0.252822E+04   0.125786E+02   0.899209E-01  -0.377239E+02
   828   0.252487E+04   0.125579E+02   0.900061E-01  -0.358547E+02
   829   0.252134E+04   0.125432E+02   0.900899E-01  -0.339879E+02
   830   0.251763E+04   0.125345E+02   0.901723E-01  -0.321245E+02
   831   0.251374E+04   0.125319E+02   0.902533E-01  -0.302648E+02
   832   0.250966E+04   0.125352E+02   0.903329E-01  -0.284093E+02
   833   0.250539E+04   0.125447E+02   0.904111E-01  -0.265582E+02
   834   0.250093E+04   0.125603E+02   0.904878E-01  -0.247118E+02
   835   0.249627E+04   0.125820E+02   0.905631E-01  -0.228706E+02
   836   0.249141E+04   0.126098E+02   0.906369E-01  -0.210347E+02
   837   0.248634E+04   0.126438E+02   0.907092E-01  -0.192046E+02
   838   0.248108E+04   0.126839E+02   0.907800E-01  -0.173811E+02
   839   0.247562E+04   0.127301E+02   0.908493E-01  -0.155653E+02
   840   0.246997E+04   0.127823E+02   0.909171E-01  -0.137579E+02
   841   0.246415E+04   0.128404E+02   0.909834E-01  -0.119601E+02
   842   0.245814E+04   0.129045E+02   0.910481E-01  -0.101727E+02
   843   0.245196E+04   0.129745E+02   0.911112E-01  -0.839676E+01
   844   0.244562E+04   0.130502E+02   0.911728E-01  -0.663312E+01
   845   0.243911E+04   0.131318E+02   0.912329E-01  -0.488230E+01
   846   0.243244E+04   0.132192E+02   0.912913E-01  -0.314497E+01
   847   0.242559E+04   0.133125E+02   0.913482E-01  -0.142157E+01
   848   0.241857E+04   0.134117E+02   0.914035E-01   0.287347E+00
   849   0.241137E+04   0.135167E+02   0.914571E-01   0.198126E+01
   850   0.240400E+04   0.136276E+02   0.915092E-01   0.365963E+01
   851   0.239645E+04   0.137445E+02   0.915597E-01   0.532196E+01
   852   0.238873E+04   0.138670E+02   0.916085E-01   0.696780E+01
   853   0.238084E+04   0.139953E+02   0.916557E-01   0.859672E+01
   854   0.237279E+04   0.141292E+02   0.917013E-01   0.102083E+02
   855   0.236458E+04   0.142685E+02   0.917452E-01   0.118021E+02
   856   0.235622E+04   0.144132E+02   0.917875E-01   0.133777E+02
   857   0.234772E+04   0.145631E+02   0.918282E-01   0.149347E+02
   858   0.233908E+04   0.147182E+02   0.918672E-01   0.164725E+02
   859   0.233030E+04   0.148784E+02   0.919046E-01   0.179905E+02
   860   0.232139E+04   0.150437E+02   0.919404E-01   0.194879E+02
   861   0.231234E+04   0.152141E+02   0.919745E-01   0.209639E+02
   862   0.230316E+04   0.153895E+02   0.920069E-01   0.224176E+02
   863   0.229385E+04   0.155700E+02   0.920377E-01   0.238483E+02
   864   0.228442E+04   0.157555E+02   0.920669E-01   0.252552E+02
   865   0.227485E+04   0.159460E+02   0.920944E-01   0.266377E+02
   866   0.226516E+04   0.161414E+02   0.921203E-01   0.279954E+02
   867   0.225535E+04   0.163416E+02   0.921446E-01   0.293284E+02
   868   0.224541E+04   0.165464E+02   0.921672E-01   0.306365E+02
   869   0.223536E+04   0.167559E+02   0.921882E-01   0.319197E+02
   870   0.222518E+04   0.169699E+02   0.922075E-01   0.331778E+02
   871   0.221489E+04   0.171883E+02   0.922253E-01   0.344108E+02
   872   0.220449E+04   0.174110E+02   0.922414E-01   0.356185E+02
   873   0.219397E+04   0.176378E+02   0.922559E-01   0.368004E+02
   874   0.218335E+04   0.178688E+02   0.922689E-01   0.379562E+02
   875   0.217263E+04   0.181037E+02   0.922802E-01   0.390853E+02
   876   0.216182E+04   0.183425E+02   0.922900E-01   0.401872E+02
   877   0.215091E+04   0.185849E+02   0.922982E-01   0.412614E+02
   878   0.213993E+04   0.188310E+02   0.923048E-01   0.423074E+02
   879   0.212887E+04   0.190805E+02   0.923099E-01   0.433248E+02
   880   0.211773E+04   0.193335E+02   0.923135E-01   0.443131E+02
   881   0.210651E+04   0.195897E+02   0.923155E-01   0.452719E+02
   882   0.209523E+04   0.198493E+02   0.923160E-01   0.462007E+02
   883   0.208388E+04   0.201119E+02   0.923151E-01   0.470992E+02
   884   0.207245E+04   0.203777E+02   0.923126E-01   0.479669E+02
   885   0.206096E+04   0.206465E+02   0.923087E-01   0.488033E+02
   886   0.204940E+04   0.209182E+02   0.923033E-01   0.496082E+02
   887   0.203778E+04   0.211927E+02   0.922964E-01   0.503815E+02
   888   0.202610E+04   0.214699E+02   0.922882E-01   0.511230E+02
   889   0.201437E+04   0.217496E+02   0.922785E-01   0.518330E+02
   890   0.200258E+04   0.220318E+02   0.922675E-01   0.525114E+02
   891   0.199075E+04   0.223163E+02   0.922551E-01   0.531582E+02
   892   0.197888E+04   0.226031E+02   0.922413E-01   0.537733E+02
   893   0.196695E+04   0.228919E+02   0.922262E-01   0.543568E+02
   894   0.195501E+04   0.231826E+02   0.922098E-01   0.549087E+02
   895   0.194301E+04   0.234752E+02   0.921921E-01   0.554286E+02
   896   0.193100E+04   0.237694E+02   0.921731E-01   0.559168E+02
   897   0.191895E+04   0.240651E+02   0.921529E-01   0.563731E+02
   898   0.190688E+04   0.243622E+02   0.921314E-01   0.567972E+02
   899   0.189480E+04   0.246605E+02   0.921087E-01   0.571893E+02
   900   0.188270E+04   0.249599E+02   0.920849E-01   0.575491E+02
   901   0.187059E+04   0.252603E+02   0.920598E-01   0.578766E+02
   902   0.185848E+04   0.255615E+02   0.920337E-01   0.581719E+02
   903   0.184636E+04   0.258634E+02   0.920064E-01   0.584346E+02
   904   0.183424E+04   0.261660E+02   0.919780E-01   0.586650E+02
   905   0.182213E+04   0.264691E+02   0.919485E-01   0.588628E+02
   906   0.181003E+04   0.267726E+02   0.919180E-01   0.590281E+02
   907   0.179794E+04   0.270763E+02   0.918864E-01   0.591608E+02
   908   0.178586E+04   0.273802E+02   0.918539E-01   0.592610E+02
   909   0.177381E+04   0.276842E+02   0.918203E-01   0.593287E+02
   910   0.176177E+04   0.279881E+02   0.917858E-01   0.593642E+02
   911   0.174976E+04   0.282918E+02   0.917504E-01   0.593675E+02
   912   0.173778E+04   0.285953E+02   0.917141E-01   0.593387E+02
   913   0.172583E+04   0.288984E+02   0.916769E-01   0.592780E+02
   914   0.171392E+04   0.292010E+02   0.916388E-01   0.591855E+02
   915   0.170203E+04   0.295030E+02   0.915999E-01   0.590612E+02
   916   0.169020E+04   0.298043E+02   0.915603E-01   0.589054E+02
   917   0.167840E+04   0.301046E+02   0.915198E-01   0.587182E+02
   918   0.166664E+04   0.304040E+02   0.914786E-01   0.584999E+02
   919   0.165493E+04   0.307023E+02   0.914366E-01   0.582505E+02
   920   0.164327E+04   0.309993E+02   0.913940E-01   0.579702E+02
   921   0.163166E+04   0.312950E+02   0.913506E-01   0.576592E+02
   922   0.162011E+04   0.315891E+02   0.913067E-01   0.573180E+02
   923   0.160862E+04   0.318817E+02   0.912621E-01   0.569466E+02
   924   0.159718E+04   0.321726E+02   0.912169E-01   0.565457E+02
   925   0.158582E+04   0.324616E+02   0.911711E-01   0.561155E+02
   926   0.157452E+04   0.327487E+02   0.911248E-01   0.556564E+02
   927   0.156329E+04   0.330337E+02   0.910779E-01   0.551688E+02
   928   0.155215E+04   0.333166E+02   0.910306E-01   0.546530E+02
   929   0.154108E+04   0.335973E+02   0.909828E-01   0.541094E+02
   930   0.153009E+04   0.338755E+02   0.909346E-01   0.535382E+02
   931   0.151917E+04   0.341512E+02   0.908860E-01   0.529397E+02
   932   0.150835E+04   0.344243E+02   0.908369E-01   0.523142E+02
   933   0.149762E+04   0.346947E+02   0.907876E-01   0.516621E+02
   934   0.148698E+04   0.349621E+02   0.907378E-01   0.509835E+02
   935   0.147642E+04   0.352266E+02   0.906878E-01   0.502788E+02
   936   0.146596E+04   0.354878E+02   0.906375E-01   0.495484E+02
   937   0.145560E+04   0.357460E+02   0.905869E-01   0.487928E+02
   938   0.144534E+04   0.360008E+02   0.905362E-01   0.480121E+02
   939   0.143518E+04   0.362522E+02   0.904852E-01   0.472070E+02
   940   0.142512E+04   0.364999E+02   0.904340E-01   0.463777E+02
   941   0.141517E+04   0.367441E+02   0.903827E-01   0.455246E+02
   942   0.140533E+04   0.369845E+02   0.903313E-01   0.446482E+02
   943   0.139559E+04   0.372210E+02   0.902797E-01   0.437488E+02
   944   0.138597E+04   0.374536E+02   0.902281E-01   0.428272E+02
   945   0.137647E+04   0.376822E+02   0.901765E-01   0.418835E+02
   946   0.136708E+04   0.379067E+02   0.901249E-01   0.409184E+02
   947   0.135781E+04   0.381269E+02   0.900732E-01   0.399323E+02
   948   0.134866E+04   0.383428E+02   0.900216E-01   0.389258E+02
   949   0.133962E+04   0.385544E+02   0.899701E-01   0.378992E+02
   950   0.133072E+04   0.387615E+02   0.899186E-01   0.368531E+02
   951   0.132194E+04   0.389640E+02   0.898673E-01   0.357879E+02
   952   0.131329E+04   0.391618E+02   0.898161E-01   0.347042E+02
   953   0.130477E+04   0.393549E+02   0.897650E-01   0.336023E+02
   954   0.129637E+04   0.395432E+02   0.897142E-01   0.324827E+02
   955   0.128810E+04   0.397266E+02   0.896636E-01   0.313459E+02
   956   0.127997E+04   0.399050E+02   0.896132E-01   0.301924E+02
   957   0.127197E+04   0.400784E+02   0.895631E-01   0.290226E+02
   958   0.126410E+04   0.402467E+02   0.895133E-01   0.278372E+02
   959   0.125637E+04   0.404098E+02   0.894637E-01   0.266370E+02
   960   0.124878E+04   0.405679E+02   0.894146E-01   0.254225E+02
   961   0.124132E+04   0.407207E+02   0.893658E-01   0.241942E+02
   962   0.123401E+04   0.408684E+02   0.893174E-01   0.229528E+02
   963   0.122684E+04   0.410108E+02   0.892693E-01   0.216989E+02
   964   0.121981E+04   0.411478E+02   0.892218E-01   0.204331E+02
   965   0.121292E+04   0.412796E+02   0.891747E-01   0.191558E+02
   966   0.120617E+04   0.414059E+02   0.891280E-01   0.178676E+02
   967   0.119957E+04   0.415267E+02   0.890819E-01   0.165690E+02
   968   0.119311E+04   0.416420E+02   0.890363E-01   0.152606E+02
   969   0.118679E+04   0.417516E+02   0.889912E-01   0.139428E+02
   970   0.118062E+04   0.418556E+02   0.889467E-01   0.126162E+02
   971   0.117459E+04   0.419540E+02   0.889028E-01   0.112814E+02
   972   0.116871E+04   0.420467E+02   0.888595E-01   0.993906E+01
   973   0.116297E+04   0.421336E+02   0.888168E-01   0.858958E+01
   974   0.115739E+04   0.422149E+02   0.887747E-01   0.723363E+01
   975   0.115194E+04   0.422903E+02   0.887334E-01   0.587190E+01
   976   0.114664E+04   0.423599E+02   0.886927E-01   0.450481E+01
   977   0.114149E+04   0.424237E+02   0.886527E-01   0.313311E+01
   978   0.113648E+04   0.424817E+02   0.886134E-01   0.175721E+01
   979   0.113162E+04   0.425339E+02   0.885748E-01   0.377771E+00
   980   0.112691E+04   0.425802E+02   0.885370E-01  -0.100469E+01
   981   0.112234E+04   0.426208E+02   0.885000E-01  -0.238964E+01
   982   0.111791E+04   0.426554E+02   0.884637E-01  -0.377650E+01
   983   0.111363E+04   0.426843E+02   0.884283E-01  -0.516473E+01
   984   0.110950E+04   0.427073E+02   0.883936E-01  -0.655379E+01
   985   0.110551E+04   0.427244E+02   0.883598E-01  -0.794318E+01
   986   0.110166E+04   0.427356E+02   0.883268E-01  -0.933241E+01
   987   0.109796E+04   0.427410E+02   0.882947E-01  -0.107210E+02
   988   0.109441E+04   0.427403E+02   0.882634E-01  -0.121084E+02
   989   0.109099E+04   0.427339E+02   0.882330E-01  -0.134943E+02
   990   0.108772E+04   0.427214E+02   0.882034E-01  -0.148779E+02
   991   0.108459E+04   0.427029E+02   0.881748E-01  -0.162591E+02
   992   0.108160E+04   0.426786E+02   0.881471E-01  -0.176369E+02
   993   0.107875E+04   0.426482E+02   0.881202E-01  -0.190110E+02
   994   0.107605E+04   0.426120E+02   0.880943E-01  -0.203806E+02
   995   0.107348E+04   0.425699E+02   0.880694E-01  -0.217453E+02
   996   0.107105E+04   0.425220E+02   0.880453E-01  -0.231043E+02
   997   0.106876E+04   0.424682E+02   0.880222E-01  -0.244571E+02
   998   0.106661E+04   0.424086E+02   0.880001E-01  -0.258031E+02
   999   0.106459E+04   0.423432E+02   0.879789E-01  -0.271416E+02
  1000   0.106272E+04   0.422720E+02   0.879586E-01  -0.284719E+02
  1001   0.106096E+04   0.421950E+02   0.879393E-01  -0.297934E+02
  1002   0.105935E+04   0.421123E+02   0.879210E-01  -0.311054E+02
  1003   0.105786E+04   0.420237E+02   0.879037E-01  -0.324072E+02
  1004   0.105651E+04   0.419294E+02   0.878874E-01  -0.336984E+02
  1005   0.105527E+04   0.418293E+02   0.878720E-01  -0.349782E+02
  1006   0.105416E+04   0.417236E+02   0.878576E-01  -0.362464E+02
  1007   0.105317E+04   0.416124E+02   0.878442E-01  -0.375027E+02
  1008   0.105230E+04   0.414960E+02   0.878317E-01  -0.387470E+02
  1009   0.105156E+04   0.413744E+02   0.878203E-01  -0.399790E+02
  1010   0.105093E+04   0.412478E+02   0.878098E-01  -0.411983E+02
  1011   0.105042E+04   0.411163E+02   0.878003E-01  -0.424048E+02
  1012   0.105002E+04   0.409802E+02   0.877918E-01  -0.435982E+02
  1013   0.104974E+04   0.408393E+02   0.877843E-01  -0.447782E+02
  1014   0.104957E+04   0.406936E+02   0.877778E-01  -0.459444E+02
  1015   0.104951E+04   0.405430E+02   0.877722E-01  -0.470964E+02
  1016   0.104957E+04   0.403876E+02   0.877677E-01  -0.482338E+02
  1017   0.104974E+04   0.402271E+02   0.877641E-01  -0.493563E+02
  1018   0.105001E+04   0.400616E+02   0.877614E-01  -0.504635E+02
  1019   0.105040E+04   0.398911E+02   0.877598E-01  -0.515549E+02
  1020   0.105089E+04   0.397156E+02   0.877591E-01  -0.526300E+02
  1021   0.105149E+04   0.395354E+02   0.877593E-01  -0.536880E+02
  1022   0.105219E+04   0.393506E+02   0.877605E-01  -0.547285E+02
  1023   0.105297E+04   0.391613E+02   0.877627E-01  -0.557507E+02
  1024   0.105386E+04   0.389678E+02   0.877658E-01  -0.567541E+02
  1025   0.105483E+04   0.387701E+02   0.877698E-01  -0.577379E+02
  1026   0.105590E+04   0.385685E+02   0.877748E-01  -0.587016E+02
  1027   0.105704E+04   0.383629E+02   0.877807E-01  -0.596454E+02
  1028   0.105827E+04   0.381536E+02   0.877875E-01  -0.605692E+02
  1029   0.105959E+04   0.379404E+02   0.877952E-01  -0.614732E+02
  1030   0.106098E+04   0.377235E+02   0.878038E-01  -0.623576E+02
  1031   0.106247E+04   0.375029E+02   0.878133E-01  -0.632225E+02
  1032   0.106402E+04   0.372788E+02   0.878237E-01  -0.640680E+02
  1033   0.106567E+04   0.370510E+02   0.878349E-01  -0.648942E+02
  1034   0.106738E+04   0.368199E+02   0.878470E-01  -0.657006E+02
  1035   0.106918E+04   0.365854E+02   0.878600E-01  -0.664865E+02
  1036   0.107105E+04   0.363478E+02   0.878738E-01  -0.672515E+02
  1037   0.107297E+04   0.361071E+02   0.878884E-01  -0.679950E+02
  1038   0.107497E+04   0.358636E+02   0.879038E-01  -0.687163E+02
  1039   0.107703E+04   0.356173E+02   0.879201E-01  -0.694150E+02
  1040   0.107914E+04   0.353682E+02   0.879371E-01  -0.700905E+02
  1041   0.108130E+04   0.351167E+02   0.879549E-01  -0.707427E+02
  1042   0.108352E+04   0.348624E+02   0.879735E-01  -0.713717E+02
  1043   0.108579E+04   0.346056E+02   0.879928E-01  -0.719772E+02
  1044   0.108811E+04   0.343463E+02   0.880129E-01  -0.725598E+02
  1045   0.109048E+04   0.340844E+02   0.880337E-01  -0.731189E+02
  1046   0.109290E+04   0.338201E+02   0.880552E-01  -0.736553E+02
  1047   0.109536E+04   0.335532E+02   0.880774E-01  -0.741682E+02
  1048   0.109787E+04   0.332840E+02   0.881002E-01  -0.746577E+02
  1049   0.110041E+04   0.330128E+02   0.881237E-01  -0.751232E+02
  1050   0.110299E+04   0.327396E+02   0.881479E-01  -0.755662E+02
  1051   0.110561E+04   0.324648E+02   0.881727E-01  -0.759859E+02
  1052   0.110825E+04   0.321884E+02   0.881981E-01  -0.763817E+02
  1053   0.111093E+04   0.319107E+02   0.882241E-01  -0.767537E+02
  1054   0.111364E+04   0.316319E+02   0.882507E-01  -0.771018E+02
  1055   0.111636E+04   0.313521E+02   0.882778E-01  -0.774270E+02
  1056   0.111911E+04   0.310713E+02   0.883055E-01  -0.777285E+02
  1057   0.112188E+04   0.307896E+02   0.883336E-01  -0.780056E+02
  1058   0.112467E+04   0.305071E+02   0.883623E-01  -0.782599E+02
  1059   0.112747E+04   0.302238E+02   0.883915E-01  -0.784899E+02
  1060   0.113028E+04   0.299400E+02   0.884211E-01  -0.786957E+02
  1061   0.113311E+04   0.296556E+02   0.884511E-01  -0.788788E+02
  1062   0.113596E+04   0.293709E+02   0.884816E-01  -0.790370E+02
  1063   0.113880E+04   0.290857E+02   0.885125E-01  -0.791727E+02
  1064   0.114165E+04   0.288003E+02   0.885437E-01  -0.792843E+02
  1065   0.114450E+04   0.285147E+02   0.885753E-01  -0.793719E+02
  1066   0.114736E+04   0.282291E+02   0.886072E-01  -0.794371E+02
  1067   0.115021E+04   0.279435E+02   0.886395E-01  -0.794784E+02
  1068   0.115306E+04   0.276581E+02   0.886720E-01  -0.794965E+02
  1069   0.115590E+04   0.273729E+02   0.887048E-01  -0.794915E+02
  1070   0.115874E+04   0.270881E+02   0.887379E-01  -0.794636E+02
  1071   0.116157E+04   0.268037E+02   0.887711E-01  -0.794125E+02
  1072   0.116439E+04   0.265200E+02   0.888046E-01  -0.793393E+02
  1073   0.116718E+04   0.262370E+02   0.888383E-01  -0.792431E+02
  1074   0.116997E+04   0.259548E+02   0.888721E-01  -0.791248E+02
  1075   0.117273E+04   0.256736E+02   0.889060E-01  -0.789843E+02
  1076   0.117548E+04   0.253934E+02   0.889401E-01  -0.788209E+02
  1077   0.117820E+04   0.251144E+02   0.889742E-01  -0.786363E+02
  1078   0.118091E+04   0.248366E+02   0.890084E-01  -0.784303E+02
  1079   0.118357E+04   0.245602E+02   0.890426E-01  -0.782023E+02
  1080   0.118622E+04   0.242852E+02   0.890769E-01  -0.779537E+02
  1081   0.118884E+04   0.240118E+02   0.891112E-01  -0.776832E+02
  1082   0.119142E+04   0.237401E+02   0.891454E-01  -0.773922E+02
  1083   0.119397E+04   0.234701E+02   0.891796E-01  -0.770808E+02
  1084   0.119649E+04   0.232020E+02   0.892137E-01  -0.767489E+02
  1085   0.119897E+04   0.229358E+02   0.892478E-01  -0.763974E+02
  1086   0.120140E+04   0.226716E+02   0.892817E-01  -0.760247E+02
  1087   0.120380E+04   0.224095E+02   0.893155E-01  -0.756331E+02
  1088   0.120616E+04   0.221497E+02   0.893491E-01  -0.752219E+02
  1089   0.120846E+04   0.218922E+02   0.893825E-01  -0.747911E+02
  1090   0.121072E+04   0.216370E+02   0.894158E-01  -0.743414E+02
  1091   0.121294E+04   0.213844E+02   0.894488E-01  -0.738737E+02
  1092   0.121510E+04   0.211343E+02   0.894815E-01  -0.733871E+02
  1093   0.121721E+04   0.208870E+02   0.895140E-01  -0.728831E+02
  1094   0.121927E+04   0.206425E+02   0.895462E-01  -0.723611E+02
  1095   0.122127E+04   0.204008E+02   0.895781E-01  -0.718225E+02
  1096   0.122322E+04   0.201622E+02   0.896097E-01  -0.712666E+02
  1097   0.122512E+04   0.199267E+02   0.896409E-01  -0.706941E+02
  1098   0.122695E+04   0.196942E+02   0.896717E-01  -0.701058E+02
  1099   0.122873E+04   0.194651E+02   0.897022E-01  -0.695016E+02
  1100   0.123045E+04   0.192393E+02   0.897322E-01  -0.688824E+02
  1101   0.123210E+04   0.190168E+02   0.897618E-01  -0.682473E+02
  1102   0.123369E+04   0.187977E+02   0.897909E-01  -0.675979E+02
  1103   0.123521E+04   0.185822E+02   0.898196E-01  -0.669333E+02
  1104   0.123667E+04   0.183704E+02   0.898478E-01  -0.662549E+02
  1105   0.123806E+04   0.181620E+02   0.898754E-01  -0.655628E+02
  1106   0.123938E+04   0.179574E+02   0.899026E-01  -0.648573E+02
  1107   0.124064E+04   0.177566E+02   0.899291E-01  -0.641387E+02
  1108   0.124182E+04   0.175596E+02   0.899552E-01  -0.634076E+02
  1109   0.124294E+04   0.173665E+02   0.899806E-01  -0.626641E+02
  1110   0.124398E+04   0.171774E+02   0.900054E-01  -0.619088E+02
  1111   0.124495E+04   0.169923E+02   0.900296E-01  -0.611421E+02
  1112   0.124585E+04   0.168112E+02   0.900532E-01  -0.603642E+02
  1113   0.124668E+04   0.166342E+02   0.900761E-01  -0.595757E+02
  1114   0.124743E+04   0.164615E+02   0.900983E-01  -0.587768E+02
  1115   0.124810E+04   0.162929E+02   0.901198E-01  -0.579681E+02
  1116   0.124870E+04   0.161287E+02   0.901407E-01  -0.571500E+02
  1117   0.124923E+04   0.159687E+02   0.901608E-01  -0.563227E+02
  1118   0.124968E+04   0.158131E+02   0.901801E-01  -0.554867E+02
  1119   0.125005E+04   0.156620E+02   0.901987E-01  -0.546424E+02
  1120   0.125034E+04   0.155151E+02   0.902166E-01  -0.537902E+02
  1121   0.125055E+04   0.153729E+02   0.902336E-01  -0.529306E+02
  1122   0.125069E+04   0.152351E+02   0.902498E-01  -0.520638E+02
  1123   0.125074E+04   0.151018E+02   0.902653E-01  -0.511903E+02
  1124   0.125072E+04   0.149732E+02   0.902798E-01  -0.503104E+02
  1125   0.125061E+04   0.148492E+02   0.902936E-01  -0.494247E+02
  1126   0.125042E+04   0.147298E+02   0.903065E-01  -0.485336E+02
  1127   0.125015E+04   0.146150E+02   0.903185E-01  -0.476375E+02
  1128   0.124980E+04   0.145050E+02   0.903296E-01  -0.467370E+02
  1129   0.124937E+04   0.143998E+02   0.903398E-01  -0.458324E+02
  1130   0.124886E+04   0.142992E+02   0.903491E-01  -0.449243E+02
  1131   0.124827E+04   0.142035E+02   0.903575E-01  -0.440130E+02
  1132   0.124760E+04   0.141125E+02   0.903649E-01  -0.430991E+02
  1133   0.124685E+04   0.140264E+02   0.903714E-01  -0.421828E+02
  1134   0.124602E+04   0.139452E+02   0.903769E-01  -0.412647E+02
  1135   0.124511E+04   0.138687E+02   0.903815E-01  -0.403451E+02
  1136   0.124412E+04   0.137970E+02   0.903850E-01  -0.394244E+02
  1137   0.124304E+04   0.137302E+02   0.903876E-01  -0.385030E+02
  1138   0.124189E+04   0.136683E+02   0.903892E-01  -0.375814E+02
  1139   0.124066E+04   0.136112E+02   0.903897E-01  -0.366598E+02
  1140   0.123934E+04   0.135589E+02   0.903892E-01  -0.357389E+02
  1141   0.123795E+04   0.135115E+02   0.903877E-01  -0.348190E+02
  1142   0.123648E+04   0.134689E+02   0.903852E-01  -0.339005E+02
  1143   0.123493E+04   0.134312E+02   0.903816E-01  -0.329839E+02
  1144   0.123329E+04   0.133984E+02   0.903769E-01  -0.320696E+02
  1145   0.123158E+04   0.133703E+02   0.903712E-01  -0.311580E+02
  1146   0.122979E+04   0.133471E+02   0.903644E-01  -0.302495E+02
  1147   0.122793E+04   0.133287E+02   0.903566E-01  -0.293446E+02
  1148   0.122598E+04   0.133152E+02   0.903476E-01  -0.284436E+02
  1149   0.122396E+04   0.133063E+02   0.903376E-01  -0.275469E+02
  1150   0.122186E+04   0.133022E+02   0.903265E-01  -0.266550E+02
  1151   0.121969E+04   0.133028E+02   0.903142E-01  -0.257681E+02
  1152   0.121744E+04   0.133082E+02   0.903009E-01  -0.248868E+02
  1153   0.121512E+04   0.133182E+02   0.902865E-01  -0.240112E+02
  1154   0.121272E+04   0.133329E+02   0.902709E-01  -0.231419E+02
  1155   0.121026E+04   0.133522E+02   0.902543E-01  -0.222790E+02
  1156   0.120771E+04   0.133761E+02   0.902365E-01  -0.214232E+02
  1157   0.120510E+04   0.134046E+02   0.902176E-01  -0.205746E+02
  1158   0.120242E+04   0.134377E+02   0.901977E-01  -0.197336E+02
  1159   0.119968E+04   0.134751E+02   0.901765E-01  -0.189007E+02
  1160   0.119686E+04   0.135171E+02   0.901543E-01  -0.180760E+02
  1161   0.119398E+04   0.135635E+02   0.901310E-01  -0.172600E+02
  1162   0.119104E+04   0.136143E+02   0.901065E-01  -0.164529E+02
  1163   0.118803E+04   0.136694E+02   0.900810E-01  -0.156550E+02
  1164   0.118496E+04   0.137289E+02   0.900543E-01  -0.148667E+02
  1165   0.118183E+04   0.137925E+02   0.900265E-01  -0.140883E+02
  1166   0.117863E+04   0.138604E+02   0.899976E-01  -0.133200E+02
  1167   0.117537E+04   0.139324E+02   0.899676E-01  -0.125621E+02
  1168   0.117205E+04   0.140085E+02   0.899365E-01  -0.118150E+02
  1169   0.116868E+04   0.140887E+02   0.899043E-01  -0.110789E+02
  1170   0.116524E+04   0.141728E+02   0.898710E-01  -0.103542E+02
  1171   0.116176E+04   0.142609E+02   0.898366E-01  -0.964103E+01
  1172   0.115822E+04   0.143529E+02   0.898012E-01  -0.893972E+01
  1173   0.115462E+04   0.144486E+02   0.897646E-01  -0.825061E+01
  1174   0.115098E+04   0.145482E+02   0.897270E-01  -0.757394E+01
  1175   0.114728E+04   0.146515E+02   0.896884E-01  -0.690991E+01
  1176   0.114353E+04   0.147584E+02   0.896486E-01  -0.625878E+01
  1177   0.113974E+04   0.148688E+02   0.896079E-01  -0.562077E+01
  1178   0.113589E+04   0.149828E+02   0.895661E-01  -0.499614E+01
  1179   0.113201E+04   0.151003E+02   0.895232E-01  -0.438511E+01
  1180   0.112808E+04   0.152211E+02   0.894793E-01  -0.378794E+01
  1181   0.112410E+04   0.153452E+02   0.894345E-01  -0.320483E+01
  1182   0.112008E+04   0.154725E+02   0.893886E-01  -0.263597E+01
  1183   0.111602E+04   0.156030E+02   0.893417E-01  -0.208161E+01
  1184   0.111193E+04   0.157366E+02   0.892938E-01  -0.154192E+01
  1185   0.110779E+04   0.158732E+02   0.892450E-01  -0.101714E+01
  1186   0.110362E+04   0.160127E+02   0.891951E-01  -0.507465E+00
  1187   0.109941E+04   0.161551E+02   0.891444E-01  -0.130989E-01
  1188   0.109517E+04   0.163002E+02   0.890927E-01   0.465811E+00
  1189   0.109090E+04   0.164481E+02   0.890400E-01   0.929109E+00
  1190   0.108659E+04   0.165985E+02   0.889864E-01   0.137666E+01
  1191   0.108226E+04   0.167515E+02   0.889320E-01   0.180832E+01
  1192   0.107789E+04   0.169069E+02   0.888766E-01   0.222394E+01
  1193   0.107351E+04   0.170648E+02   0.888203E-01   0.262339E+01
  1194   0.106910E+04   0.172249E+02   0.887632E-01   0.300651E+01
  1195   0.106467E+04   0.173872E+02   0.887052E-01   0.337321E+01
  1196   0.106021E+04   0.175516E+02   0.886463E-01   0.372338E+01
  1197   0.105573E+04   0.177180E+02   0.885867E-01   0.405692E+01
  1198   0.105124E+04   0.178864E+02   0.885262E-01   0.437375E+01
  1199   0.104673E+04   0.180566E+02   0.884649E-01   0.467367E+01
  1200   0.104221E+04   0.182286E+02   0.884028E-01   0.495673E+01
  1201   0.103767E+04   0.184022E+02   0.883399E-01   0.522270E+01
  1202   0.103312E+04   0.185775E+02   0.882762E-01   0.547168E+01
  1203   0.102856E+04   0.187542E+02   0.882119E-01   0.570352E+01
  1204   0.102399E+04   0.189324E+02   0.881467E-01   0.591826E+01
  1205   0.101941E+04   0.191118E+02   0.880809E-01   0.611582E+01
  1206   0.101482E+04   0.192926E+02   0.880143E-01   0.629624E+01
  1207   0.101023E+04   0.194745E+02   0.879471E-01   0.645949E+01
  1208   0.100564E+04   0.196575E+02   0.878792E-01   0.660548E+01
  1209   0.100105E+04   0.198415E+02   0.878106E-01   0.673432E+01
  1210   0.996454E+03   0.200265E+02   0.877414E-01   0.684591E+01
  1211   0.991858E+03   0.202122E+02   0.876715E-01   0.694045E+01
  1212   0.987269E+03   0.203987E+02   0.876011E-01   0.701791E+01
  1213   0.982680E+03   0.205859E+02   0.875300E-01   0.707825E+01
  1214   0.978098E+03   0.207737E+02   0.874584E-01   0.712151E+01
  1215   0.973530E+03   0.209619E+02   0.873862E-01   0.714780E+01
  1216   0.968961E+03   0.211505E+02   0.873135E-01   0.715710E+01
  1217   0.964406E+03   0.213395E+02   0.872402E-01   0.714950E+01
  1218   0.959864E+03   0.215287E+02   0.871664E-01   0.712505E+01
  1219   0.955335E+03   0.217180E+02   0.870922E-01   0.708370E+01
  1220   0.950811E+03   0.219073E+02   0.870174E-01   0.702572E+01
  1221   0.946314E+03   0.220966E+02   0.869422E-01   0.695090E+01
  1222   0.941823E+03   0.222858E+02   0.868666E-01   0.685950E+01
  1223   0.937358E+03   0.224747E+02   0.867905E-01   0.675163E+01
  1224   0.932904E+03   0.226633E+02   0.867140E-01   0.662732E+01
  1225   0.928477E+03   0.228515E+02   0.866372E-01   0.648687E+01
  1226   0.924068E+03   0.230393E+02   0.865599E-01   0.633033E+01
  1227   0.919685E+03   0.232265E+02   0.864823E-01   0.615779E+01
  1228   0.915327E+03   0.234131E+02   0.864044E-01   0.596957E+01
  1229   0.911002E+03   0.235991E+02   0.863262E-01   0.576569E+01
  1230   0.906701E+03   0.237842E+02   0.862477E-01   0.554631E+01
  1231   0.902425E+03   0.239684E+02   0.861689E-01   0.531154E+01
  1232   0.898181E+03   0.241518E+02   0.860898E-01   0.506168E+01
  1233   0.893975E+03   0.243340E+02   0.860105E-01   0.479668E+01
  1234   0.889793E+03   0.245151E+02   0.859309E-01   0.451685E+01
  1235   0.885650E+03   0.246949E+02   0.858512E-01   0.422220E+01
  1236   0.881537E+03   0.248736E+02   0.857713E-01   0.391298E+01
  1237   0.877462E+03   0.250507E+02   0.856912E-01   0.358933E+01
  1238   0.873425E+03   0.252264E+02   0.856110E-01   0.325150E+01
  1239   0.869424E+03   0.254006E+02   0.855306E-01   0.289963E+01
  1240   0.865461E+03   0.255730E+02   0.854501E-01   0.253397E+01
  1241   0.861542E+03   0.257439E+02   0.853696E-01   0.215474E+01
  1242   0.857667E+03   0.259129E+02   0.852890E-01   0.176216E+01
  1243   0.853828E+03   0.260800E+02   0.852083E-01   0.135640E+01
  1244   0.850032E+03   0.262453E+02   0.851275E-01   0.937600E+00
  1245   0.846280E+03   0.264084E+02   0.850468E-01   0.506125E+00
  1246   0.842578E+03   0.265695E+02   0.849661E-01   0.621436E-01
  1247   0.838919E+03   0.267284E+02   0.848854E-01  -0.394112E+00
  1248   0.835309E+03   0.268851E+02   0.848047E-01  -0.862421E+00
  1249   0.831742E+03   0.270393E+02   0.847241E-01  -0.134256E+01
  1250   0.828232E+03   0.271911E+02   0.846435E-01  -0.183429E+01
  1251   0.824764E+03   0.273406E+02   0.845631E-01  -0.233732E+01
  1252   0.821344E+03   0.274874E+02   0.844827E-01  -0.285137E+01
  1253   0.817980E+03   0.276317E+02   0.844025E-01  -0.337615E+01
  1254   0.814665E+03   0.277734E+02   0.843225E-01  -0.391140E+01
  1255   0.811405E+03   0.279124E+02   0.842426E-01  -0.445681E+01
  1256   0.808201E+03   0.280486E+02   0.841628E-01  -0.501213E+01
  1257   0.805051E+03   0.281821E+02   0.840833E-01  -0.557707E+01
  1258   0.801956E+03   0.283128E+02   0.840040E-01  -0.615135E+01
  1259   0.798907E+03   0.284406E+02   0.839249E-01  -0.673470E+01
  1260   0.795928E+03   0.285656E+02   0.838461E-01  -0.732683E+01
  1261   0.792994E+03   0.286875E+02   0.837675E-01  -0.792750E+01
  1262   0.790122E+03   0.288064E+02   0.836892E-01  -0.853641E+01
  1263   0.787310E+03   0.289222E+02   0.836112E-01  -0.915330E+01
  1264   0.784552E+03   0.290349E+02   0.835335E-01  -0.977788E+01
  1265   0.781853E+03   0.291444E+02   0.834561E-01  -0.104099E+02
  1266   0.779207E+03   0.292507E+02   0.833790E-01  -0.110489E+02
  1267   0.776628E+03   0.293538E+02   0.833023E-01  -0.116947E+02
  1268   0.774108E+03   0.294536E+02   0.832260E-01  -0.123470E+02
  1269   0.771647E+03   0.295501E+02   0.831500E-01  -0.130055E+02
  1270   0.769246E+03   0.296433E+02   0.830745E-01  -0.136698E+02
  1271   0.766903E+03   0.297330E+02   0.829993E-01  -0.143396E+02
  1272   0.764626E+03   0.298193E+02   0.829246E-01  -0.150147E+02
  1273   0.762407E+03   0.299021E+02   0.828502E-01  -0.156946E+02
  1274   0.760245E+03   0.299815E+02   0.827764E-01  -0.163791E+02
  1275   0.758149E+03   0.300574E+02   0.827030E-01  -0.170680E+02
  1276   0.756114E+03   0.301297E+02   0.826300E-01  -0.177608E+02
  1277   0.754141E+03   0.301985E+02   0.825575E-01  -0.184572E+02
  1278   0.752230E+03   0.302637E+02   0.824855E-01  -0.191570E+02
  1279   0.750381E+03   0.303252E+02   0.824140E-01  -0.198598E+02
  1280   0.748594E+03   0.303831E+02   0.823431E-01  -0.205653E+02
  1281   0.746869E+03   0.304373E+02   0.822726E-01  -0.212732E+02
  1282   0.745205E+03   0.304878E+02   0.822026E-01  -0.219832E+02
  1283   0.743603E+03   0.305346E+02   0.821332E-01  -0.226950E+02
  1284   0.742063E+03   0.305776E+02   0.820644E-01  -0.234082E+02
  1285   0.740585E+03   0.306167E+02   0.819961E-01  -0.241225E+02
  1286   0.739168E+03   0.306521E+02   0.819284E-01  -0.248376E+02
  1287   0.737813E+03   0.306837E+02   0.818612E-01  -0.255532E+02
  1288   0.736519E+03   0.307115E+02   0.817946E-01  -0.262689E+02
  1289   0.735286E+03   0.307355E+02   0.817286E-01  -0.269844E+02
  1290   0.734114E+03   0.307557E+02   0.816632E-01  -0.276994E+02
  1291   0.733004E+03   0.307720E+02   0.815984E-01  -0.284136E+02
  1292   0.731953E+03   0.307847E+02   0.815342E-01  -0.291266E+02
  1293   0.730964E+03   0.307935E+02   0.814707E-01  -0.298380E+02
  1294   0.730035E+03   0.307985E+02   0.814077E-01  -0.305477E+02
  1295   0.729164E+03   0.307997E+02   0.813454E-01  -0.312553E+02
  1296   0.728354E+03   0.307971E+02   0.812837E-01  -0.319605E+02
  1297   0.727602E+03   0.307906E+02   0.812227E-01  -0.326629E+02
  1298   0.726909E+03   0.307804E+02   0.811623E-01  -0.333623E+02
  1299   0.726274E+03   0.307663E+02   0.811025E-01  -0.340584E+02
  1300   0.725696E+03   0.307484E+02   0.810434E-01  -0.347508E+02
  1301   0.725176E+03   0.307266E+02   0.809850E-01  -0.354393E+02
  1302   0.724712E+03   0.307012E+02   0.809272E-01  -0.361236E+02
  1303   0.724304E+03   0.306719E+02   0.808701E-01  -0.368034E+02
  1304   0.723951E+03   0.306389E+02   0.808137E-01  -0.374784E+02
  1305   0.723655E+03   0.306022E+02   0.807579E-01  -0.381484E+02
  1306   0.723412E+03   0.305618E+02   0.807028E-01  -0.388131E+02
  1307   0.723223E+03   0.305176E+02   0.806484E-01  -0.394723E+02
  1308   0.723088E+03   0.304699E+02   0.805946E-01  -0.401256E+02
  1309   0.723005E+03   0.304185E+02   0.805416E-01  -0.407729E+02
  1310   0.722974E+03   0.303634E+02   0.804892E-01  -0.414137E+02
  1311   0.722995E+03   0.303048E+02   0.804375E-01  -0.420481E+02
  1312   0.723066E+03   0.302425E+02   0.803865E-01  -0.426755E+02
  1313   0.723187E+03   0.301766E+02   0.803362E-01  -0.432957E+02
  1314   0.723357E+03   0.301072E+02   0.802866E-01  -0.439087E+02
  1315   0.723576E+03   0.300344E+02   0.802377E-01  -0.445140E+02
  1316   0.723842E+03   0.299580E+02   0.801894E-01  -0.451115E+02
  1317   0.724155E+03   0.298784E+02   0.801418E-01  -0.457010E+02
  1318   0.724514E+03   0.297953E+02   0.800950E-01  -0.462822E+02
  1319   0.724919E+03   0.297090E+02   0.800488E-01  -0.468549E+02
  1320   0.725368E+03   0.296194E+02   0.800033E-01  -0.474189E+02
  1321   0.725861E+03   0.295266E+02   0.799584E-01  -0.479739E+02
  1322   0.726397E+03   0.294307E+02   0.799143E-01  -0.485198E+02
  1323   0.726975E+03   0.293317E+02   0.798708E-01  -0.490563E+02
  1324   0.727594E+03   0.292296E+02   0.798280E-01  -0.495833E+02
  1325   0.728253E+03   0.291243E+02   0.797859E-01  -0.501004E+02
  1326   0.728951E+03   0.290161E+02   0.797444E-01  -0.506075E+02
  1327   0.729687E+03   0.289049E+02   0.797036E-01  -0.511045E+02
  1328   0.730461E+03   0.287907E+02   0.796635E-01  -0.515911E+02
  1329   0.731270E+03   0.286737E+02   0.796240E-01  -0.520671E+02
  1330   0.732116E+03   0.285538E+02   0.795852E-01  -0.525324E+02
  1331   0.732995E+03   0.284312E+02   0.795470E-01  -0.529868E+02
  1332   0.733907E+03   0.283059E+02   0.795094E-01  -0.534301E+02
  1333   0.734852E+03   0.281778E+02   0.794725E-01  -0.538621E+02
  1334   0.735828E+03   0.280472E+02   0.794362E-01  -0.542827E+02
  1335   0.736834E+03   0.279139E+02   0.794005E-01  -0.546917E+02
  1336   0.737869E+03   0.277782E+02   0.793655E-01  -0.550890E+02
  1337   0.738932E+03   0.276401E+02   0.793310E-01  -0.554745E+02
  1338   0.740022E+03   0.274995E+02   0.792972E-01  -0.558479E+02
  1339   0.741138E+03   0.273566E+02   0.792639E-01  -0.562091E+02
  1340   0.742279E+03   0.272115E+02   0.792312E-01  -0.565581E+02
  1341   0.743443E+03   0.270641E+02   0.791991E-01  -0.568947E+02
  1342   0.744630E+03   0.269146E+02   0.791676E-01  -0.572186E+02
  1343   0.745839E+03   0.267629E+02   0.791366E-01  -0.575299E+02
  1344   0.747067E+03   0.266092E+02   0.791061E-01  -0.578284E+02
  1345   0.748314E+03   0.264535E+02   0.790762E-01  -0.581139E+02
  1346   0.749579E+03   0.262958E+02   0.790469E-01  -0.583864E+02
  1347   0.750861E+03   0.261363E+02   0.790180E-01  -0.586457E+02
  1348   0.752158E+03   0.259748E+02   0.789897E-01  -0.588917E+02
  1349   0.753470E+03   0.258117E+02   0.789618E-01  -0.591243E+02
  1350   0.754795E+03   0.256470E+02   0.789345E-01  -0.593435E+02
  1351   0.756132E+03   0.254805E+02   0.789076E-01  -0.595494E+02
  1352   0.757480E+03   0.253126E+02   0.788812E-01  -0.597417E+02
  1353   0.758840E+03   0.251432E+02   0.788552E-01  -0.599206E+02
  1354   0.760203E+03   0.249725E+02   0.788297E-01  -0.600860E+02
  1355   0.761581E+03   0.248004E+02   0.788046E-01  -0.602379E+02
  1356   0.762965E+03   0.246272E+02   0.787799E-01  -0.603762E+02
  1357   0.764357E+03   0.244528E+02   0.787556E-01  -0.605009E+02
  1358   0.765756E+03   0.242772E+02   0.787318E-01  -0.606119E+02
  1359   0.767155E+03   0.241006E+02   0.787083E-01  -0.607094E+02
  1360   0.768554E+03   0.239231E+02   0.786852E-01  -0.607932E+02
  1361   0.769955E+03   0.237446E+02   0.786624E-01  -0.608633E+02
  1362   0.771363E+03   0.235652E+02   0.786400E-01  -0.609198E+02
  1363   0.772766E+03   0.233850E+02   0.786179E-01  -0.609625E+02
  1364   0.774170E+03   0.232041E+02   0.785962E-01  -0.609915E+02
  1365   0.775576E+03   0.230226E+02   0.785747E-01  -0.610070E+02
  1366   0.776969E+03   0.228404E+02   0.785536E-01  -0.610088E+02
  1367   0.778364E+03   0.226578E+02   0.785327E-01  -0.609970E+02
  1368   0.779755E+03   0.224746E+02   0.785121E-01  -0.609716E+02
  1369   0.781133E+03   0.222911E+02   0.784917E-01  -0.609327E+02
  1370   0.782514E+03   0.221073E+02   0.784716E-01  -0.608803E+02
  1371   0.783877E+03   0.219232E+02   0.784517E-01  -0.608145E+02
  1372   0.785235E+03   0.217390E+02   0.784321E-01  -0.607354E+02
  1373   0.786583E+03   0.215546E+02   0.784126E-01  -0.606429E+02
  1374   0.787919E+03   0.213703E+02   0.783933E-01  -0.605373E+02
  1375   0.789238E+03   0.211859E+02   0.783742E-01  -0.604185E+02
  1376   0.790547E+03   0.210017E+02   0.783553E-01  -0.602866E+02
  1377   0.791845E+03   0.208177E+02   0.783365E-01  -0.601417E+02
  1378   0.793126E+03   0.206339E+02   0.783179E-01  -0.599839E+02
  1379   0.794390E+03   0.204503E+02   0.782993E-01  -0.598133E+02
  1380   0.795630E+03   0.202672E+02   0.782809E-01  -0.596297E+02
  1381   0.796861E+03   0.200844E+02   0.782626E-01  -0.594335E+02
  1382   0.798069E+03   0.199022E+02   0.782444E-01  -0.592246E+02
  1383   0.799253E+03   0.197204E+02   0.782262E-01  -0.590030E+02
  1384   0.800413E+03   0.195392E+02   0.782081E-01  -0.587690E+02
  1385   0.801559E+03   0.193587E+02   0.781900E-01  -0.585227E+02
  1386   0.802681E+03   0.191790E+02   0.781720E-01  -0.582643E+02
  1387   0.803773E+03   0.190002E+02   0.781540E-01  -0.579939E+02
  1388   0.804844E+03   0.188222E+02   0.781360E-01  -0.577116E+02
  1389   0.805885E+03   0.186451E+02   0.781179E-01  -0.574178E+02
  1390   0.806903E+03   0.184692E+02   0.780999E-01  -0.571124E+02
  1391   0.807893E+03   0.182943E+02   0.780818E-01  -0.567957E+02
  1392   0.808855E+03   0.181206E+02   0.780637E-01  -0.564678E+02
  1393   0.809795E+03   0.179481E+02   0.780455E-01  -0.561288E+02
  1394   0.810699E+03   0.177768E+02   0.780272E-01  -0.557788E+02
  1395   0.811568E+03   0.176069E+02   0.780088E-01  -0.554181E+02
  1396   0.812408E+03   0.174383E+02   0.779904E-01  -0.550466E+02
  1397   0.813221E+03   0.172713E+02   0.779718E-01  -0.546646E+02
  1398   0.813992E+03   0.171057E+02   0.779531E-01  -0.542723E+02
  1399   0.814735E+03   0.169416E+02   0.779342E-01  -0.538698E+02
  1400   0.815437E+03   0.167792E+02   0.779152E-01  -0.534574E+02
  1401   0.816111E+03   0.166184E+02   0.778960E-01  -0.530353E+02
  1402   0.816744E+03   0.164594E+02   0.778767E-01  -0.526035E+02
  1403   0.817343E+03   0.163021E+02   0.778571E-01  -0.521623E+02
  1404   0.817909E+03   0.161466E+02   0.778374E-01  -0.517120E+02
  1405   0.818434E+03   0.159930E+02   0.778174E-01  -0.512526E+02
  1406   0.818919E+03   0.158413E+02   0.777972E-01  -0.507844E+02
  1407   0.819363E+03   0.156916E+02   0.777768E-01  -0.503075E+02
  1408   0.819775E+03   0.155438E+02   0.777561E-01  -0.498220E+02
  1409   0.820140E+03   0.153981E+02   0.777351E-01  -0.493283E+02
  1410   0.820473E+03   0.152544E+02   0.777139E-01  -0.488265E+02
  1411   0.820759E+03   0.151128E+02   0.776923E-01  -0.483167E+02
  1412   0.821006E+03   0.149734E+02   0.776705E-01  -0.477993E+02
  1413   0.821208E+03   0.148363E+02   0.776483E-01  -0.472742E+02
  1414   0.821370E+03   0.147013E+02   0.776258E-01  -0.467421E+02
  1415   0.821487E+03   0.145687E+02   0.776030E-01  -0.462029E+02
  1416   0.821566E+03   0.144383E+02   0.775798E-01  -0.456569E+02
  1417   0.821600E+03   0.143104E+02   0.775563E-01  -0.451045E+02
  1418   0.821597E+03   0.141848E+02   0.775324E-01  -0.445458E+02
  1419   0.821548E+03   0.140617E+02   0.775081E-01  -0.439809E+02
  1420   0.821455E+03   0.139410E+02   0.774834E-01  -0.434103E+02
  1421   0.821318E+03   0.138229E+02   0.774583E-01  -0.428341E+02
  1422   0.821136E+03   0.137073E+02   0.774328E-01  -0.422525E+02
  1423   0.820918E+03   0.135942E+02   0.774069E-01  -0.416657E+02
  1424   0.820648E+03   0.134838E+02   0.773805E-01  -0.410739E+02
  1425   0.820336E+03   0.133759E+02   0.773537E-01  -0.404774E+02
  1426   0.819979E+03   0.132708E+02   0.773264E-01  -0.398765E+02
  1427   0.819572E+03   0.131682E+02   0.772986E-01  -0.392712E+02
  1428   0.819122E+03   0.130684E+02   0.772704E-01  -0.386619E+02
  1429   0.818630E+03   0.129713E+02   0.772417E-01  -0.380489E+02
  1430   0.818094E+03   0.128769E+02   0.772125E-01  -0.374323E+02
  1431   0.817508E+03   0.127853E+02   0.771828E-01  -0.368125E+02
  1432   0.816881E+03   0.126965E+02   0.771526E-01  -0.361896E+02
  1433   0.816203E+03   0.126105E+02   0.771219E-01  -0.355638E+02
  1434   0.815483E+03   0.125272E+02   0.770906E-01  -0.349354E+02
  1435   0.814714E+03   0.124469E+02   0.770588E-01  -0.343048E+02
  1436   0.813904E+03   0.123694E+02   0.770265E-01  -0.336721E+02
  1437   0.813044E+03   0.122947E+02   0.769936E-01  -0.330375E+02
  1438   0.812135E+03   0.122229E+02   0.769602E-01  -0.324013E+02
  1439   0.811185E+03   0.121541E+02   0.769262E-01  -0.317638E+02
  1440   0.810193E+03   0.120881E+02   0.768917E-01  -0.311252E+02
  1441   0.809153E+03   0.120251E+02   0.768565E-01  -0.304857E+02
  1442   0.808064E+03   0.119649E+02   0.768208E-01  -0.298455E+02
  1443   0.806927E+03   0.119077E+02   0.767845E-01  -0.292049E+02
  1444   0.805749E+03   0.118534E+02   0.767476E-01  -0.285643E+02
  1445   0.804523E+03   0.118020E+02   0.767102E-01  -0.279236E+02
  1446   0.803249E+03   0.117536E+02   0.766721E-01  -0.272832E+02
  1447   0.801934E+03   0.117081E+02   0.766334E-01  -0.266435E+02
  1448   0.800571E+03   0.116655E+02   0.765941E-01  -0.260045E+02
  1449   0.799161E+03   0.116259E+02   0.765542E-01  -0.253666E+02
  1450   0.797710E+03   0.115893E+02   0.765137E-01  -0.247301E+02
  1451   0.796218E+03   0.115556E+02   0.764726E-01  -0.240951E+02
  1452   0.794680E+03   0.115247E+02   0.764308E-01  -0.234619E+02
  1453   0.793093E+03   0.114969E+02   0.763885E-01  -0.228308E+02
  1454   0.791466E+03   0.114720E+02   0.763455E-01  -0.222020E+02
  1455   0.789799E+03   0.114499E+02   0.763019E-01  -0.215756E+02
  1456   0.788092E+03   0.114308E+02   0.762576E-01  -0.209517E+02
  1457   0.786345E+03   0.114147E+02   0.762128E-01  -0.203308E+02
  1458   0.784550E+03   0.114013E+02   0.761672E-01  -0.197129E+02
  1459   0.782715E+03   0.113908E+02   0.761211E-01  -0.190982E+02
  1460   0.780840E+03   0.113832E+02   0.760743E-01  -0.184870E+02
  1461   0.778924E+03   0.113784E+02   0.760269E-01  -0.178794E+02
  1462   0.776969E+03   0.113765E+02   0.759789E-01  -0.172756E+02
  1463   0.774974E+03   0.113773E+02   0.759302E-01  -0.166759E+02
  1464   0.772938E+03   0.113809E+02   0.758809E-01  -0.160804E+02
  1465   0.770862E+03   0.113873E+02   0.758310E-01  -0.154892E+02
  1466   0.768754E+03   0.113965E+02   0.757804E-01  -0.149027E+02
  1467   0.766605E+03   0.114083E+02   0.757292E-01  -0.143210E+02
  1468   0.764424E+03   0.114229E+02   0.756774E-01  -0.137443E+02
  1469   0.762202E+03   0.114402E+02   0.756250E-01  -0.131728E+02
  1470   0.759940E+03   0.114601E+02   0.755719E-01  -0.126065E+02
  1471   0.757653E+03   0.114826E+02   0.755182E-01  -0.120459E+02
  1472   0.755325E+03   0.115078E+02   0.754639E-01  -0.114909E+02
  1473   0.752957E+03   0.115354E+02   0.754089E-01  -0.109418E+02
  1474   0.750563E+03   0.115657E+02   0.753533E-01  -0.103988E+02
  1475   0.748129E+03   0.115985E+02   0.752971E-01  -0.986203E+01
  1476   0.745669E+03   0.116338E+02   0.752403E-01  -0.933160E+01
  1477   0.743176E+03   0.116715E+02   0.751829E-01  -0.880780E+01
  1478   0.740650E+03   0.117116E+02   0.751249E-01  -0.829070E+01
  1479   0.738097E+03   0.117542E+02   0.750663E-01  -0.778045E+01
  1480   0.735512E+03   0.117990E+02   0.750071E-01  -0.727726E+01
  1481   0.732900E+03   0.118463E+02   0.749473E-01  -0.678126E+01
  1482   0.730255E+03   0.118958E+02   0.748868E-01  -0.629261E+01
  1483   0.727584E+03   0.119475E+02   0.748258E-01  -0.581143E+01
  1484   0.724894E+03   0.120015E+02   0.747643E-01  -0.533787E+01
  1485   0.722170E+03   0.120576E+02   0.747021E-01  -0.487207E+01
  1486   0.719428E+03   0.121158E+02   0.746394E-01  -0.441415E+01
  1487   0.716651E+03   0.121762E+02   0.745760E-01  -0.396427E+01
  1488   0.713855E+03   0.122386E+02   0.745122E-01  -0.352256E+01
  1489   0.711041E+03   0.123030E+02   0.744477E-01  -0.308914E+01
  1490   0.708195E+03   0.123694E+02   0.743827E-01  -0.266412E+01
  1491   0.705331E+03   0.124377E+02   0.743172E-01  -0.224764E+01
  1492   0.702445E+03   0.125079E+02   0.742511E-01  -0.183979E+01
  1493   0.699539E+03   0.125799E+02   0.741845E-01  -0.144072E+01
  1494   0.696613E+03   0.126536E+02   0.741173E-01  -0.105054E+01
  1495   0.693667E+03   0.127292E+02   0.740496E-01  -0.669354E+00
  1496   0.690703E+03   0.128064E+02   0.739814E-01  -0.297275E+00
  1497   0.687723E+03   0.128853E+02   0.739127E-01   0.656322E-01
  1498   0.684725E+03   0.129657E+02   0.738435E-01   0.419272E+00
  1499   0.681711E+03   0.130477E+02   0.737737E-01   0.763560E+00
  1500   0.678682E+03   0.131312E+02   0.737035E-01   0.109841E+01
  1501   0.675639E+03   0.132162E+02   0.736328E-01   0.142372E+01
  1502   0.672583E+03   0.133025E+02   0.735617E-01   0.173943E+01
  1503   0.669514E+03   0.133903E+02   0.734900E-01   0.204548E+01
  1504   0.666433E+03   0.134792E+02   0.734179E-01   0.234181E+01
  1505   0.663340E+03   0.135696E+02   0.733454E-01   0.262837E+01
  1506   0.660237E+03   0.136610E+02   0.732723E-01   0.290510E+01
  1507   0.657123E+03   0.137537E+02   0.731989E-01   0.317194E+01
  1508   0.654001E+03   0.138475E+02   0.731250E-01   0.342882E+01
  1509   0.650869E+03   0.139423E+02   0.730508E-01   0.367578E+01
  1510   0.647729E+03   0.140382E+02   0.729761E-01   0.391264E+01
  1511   0.644581E+03   0.141350E+02   0.729010E-01   0.413953E+01
  1512   0.641429E+03   0.142328E+02   0.728255E-01   0.435639E+01
  1513   0.638271E+03   0.143314E+02   0.727496E-01   0.456328E+01
  1514   0.635109E+03   0.144309E+02   0.726734E-01   0.476009E+01
  1515   0.631944E+03   0.145311E+02   0.725968E-01   0.494691E+01
  1516   0.628777E+03   0.146321E+02   0.725198E-01   0.512364E+01
  1517   0.625608E+03   0.147338E+02   0.724425E-01   0.529032E+01
  1518   0.622438E+03   0.148361E+02   0.723649E-01   0.544697E+01
  1519   0.619269E+03   0.149390E+02   0.722870E-01   0.559363E+01
  1520   0.616100E+03   0.150423E+02   0.722087E-01   0.573018E+01
  1521   0.612932E+03   0.151462E+02   0.721301E-01   0.585673E+01
  1522   0.609766E+03   0.152506E+02   0.720513E-01   0.597330E+01
  1523   0.606603E+03   0.153553E+02   0.719722E-01   0.607977E+01
  1524   0.603443E+03   0.154602E+02   0.718928E-01   0.617625E+01
  1525   0.600288E+03   0.155655E+02   0.718131E-01   0.626276E+01
  1526   0.597138E+03   0.156710E+02   0.717332E-01   0.633932E+01
  1527   0.593993E+03   0.157767E+02   0.716531E-01   0.640603E+01
  1528   0.590854E+03   0.158824E+02   0.715727E-01   0.646284E+01
  1529   0.587724E+03   0.159883E+02   0.714921E-01   0.650992E+01
  1530   0.584600E+03   0.160941E+02   0.714113E-01   0.654714E+01
  1531   0.581486E+03   0.161999E+02   0.713303E-01   0.657460E+01
  1532   0.578380E+03   0.163057E+02   0.712492E-01   0.659238E+01
  1533   0.575285E+03   0.164112E+02   0.711679E-01   0.660051E+01
  1534   0.572200E+03   0.165166E+02   0.710864E-01   0.659908E+01
  1535   0.569126E+03   0.166218E+02   0.710047E-01   0.658809E+01
  1536   0.566065E+03   0.167266E+02   0.709230E-01   0.656756E+01
  1537   0.563014E+03   0.168311E+02   0.708411E-01   0.653759E+01
  1538   0.559978E+03   0.169352E+02   0.707591E-01   0.649825E+01
  1539   0.556956E+03   0.170387E+02   0.706769E-01   0.644964E+01
  1540   0.553947E+03   0.171419E+02   0.705947E-01   0.639190E+01
  1541   0.550954E+03   0.172444E+02   0.705124E-01   0.632498E+01
  1542   0.547978E+03   0.173464E+02   0.704301E-01   0.624910E+01
  1543   0.545018E+03   0.174476E+02   0.703477E-01   0.616428E+01
  1544   0.542075E+03   0.175483E+02   0.702652E-01   0.607066E+01
  1545   0.539150E+03   0.176481E+02   0.701827E-01   0.596833E+01
  1546   0.536244E+03   0.177472E+02   0.701002E-01   0.585736E+01
  1547   0.533358E+03   0.178454E+02   0.700176E-01   0.573784E+01
  1548   0.530490E+03   0.179427E+02   0.699351E-01   0.560990E+01
  1549   0.527643E+03   0.180391E+02   0.698525E-01   0.547363E+01
  1550   0.524817E+03   0.181345E+02   0.697700E-01   0.532910E+01
  1551   0.522012E+03   0.182288E+02   0.696875E-01   0.517646E+01
  1552   0.519229E+03   0.183220E+02   0.696050E-01   0.501577E+01
  1553   0.516469E+03   0.184142E+02   0.695226E-01   0.484724E+01
  1554   0.513731E+03   0.185052E+02   0.694402E-01   0.467084E+01
  1555   0.511016E+03   0.185949E+02   0.693579E-01   0.448679E+01
  1556   0.508324E+03   0.186834E+02   0.692756E-01   0.429515E+01
  1557   0.505658E+03   0.187707E+02   0.691935E-01   0.409611E+01
  1558   0.503015E+03   0.188567E+02   0.691114E-01   0.388973E+01
  1559   0.500399E+03   0.189413E+02   0.690295E-01   0.367622E+01
  1560   0.497807E+03   0.190245E+02   0.689476E-01   0.345555E+01
  1561   0.495241E+03   0.191064E+02   0.688659E-01   0.322807E+01
  1562   0.492702E+03   0.191868E+02   0.687843E-01   0.299376E+01
  1563   0.490189E+03   0.192657E+02   0.687029E-01   0.275282E+01
  1564   0.487703E+03   0.193432E+02   0.686216E-01   0.250537E+01
  1565   0.485245E+03   0.194191E+02   0.685404E-01   0.225161E+01
  1566   0.482816E+03   0.194934E+02   0.684595E-01   0.199160E+01
  1567   0.480413E+03   0.195661E+02   0.683787E-01   0.172552E+01
  1568   0.478040E+03   0.196373E+02   0.682980E-01   0.145343E+01
  1569   0.475695E+03   0.197067E+02   0.682176E-01   0.117558E+01
  1570   0.473379E+03   0.197744E+02   0.681374E-01   0.892117E+00
  1571   0.471094E+03   0.198404E+02   0.680574E-01   0.603099E+00
  1572   0.468837E+03   0.199046E+02   0.679776E-01   0.308702E+00
  1573   0.466610E+03   0.199671E+02   0.678980E-01   0.909518E-02
  1574   0.464414E+03   0.200277E+02   0.678187E-01  -0.295536E+00
  1575   0.462248E+03   0.200865E+02   0.677396E-01  -0.605028E+00
  1576   0.460113E+03   0.201435E+02   0.676608E-01  -0.919192E+00
  1577   0.458009E+03   0.201986E+02   0.675822E-01  -0.123787E+01
  1578   0.455936E+03   0.202519E+02   0.675038E-01  -0.156087E+01
  1579   0.453896E+03   0.203032E+02   0.674258E-01  -0.188804E+01
  1580   0.451887E+03   0.203526E+02   0.673480E-01  -0.221921E+01
  1581   0.449910E+03   0.204001E+02   0.672705E-01  -0.255421E+01
  1582   0.447966E+03   0.204457E+02   0.671933E-01  -0.289290E+01
  1583   0.446053E+03   0.204892E+02   0.671164E-01  -0.323512E+01
  1584   0.444173E+03   0.205308E+02   0.670398E-01  -0.358071E+01
  1585   0.442325E+03   0.205703E+02   0.669635E-01  -0.392950E+01
  1586   0.440510E+03   0.206078E+02   0.668876E-01  -0.428136E+01
  1587   0.438728E+03   0.206432E+02   0.668120E-01  -0.463609E+01
  1588   0.436978E+03   0.206765E+02   0.667367E-01  -0.499354E+01
  1589   0.435260E+03   0.207077E+02   0.666617E-01  -0.535353E+01
  1590   0.433576E+03   0.207368E+02   0.665871E-01  -0.571589E+01
  1591   0.431924E+03   0.207638E+02   0.665128E-01  -0.608045E+01
  1592   0.430306E+03   0.207886E+02   0.664389E-01  -0.644704E+01
  1593   0.428720E+03   0.208113E+02   0.663653E-01  -0.681549E+01
  1594   0.427167E+03   0.208319E+02   0.662922E-01  -0.718562E+01
  1595   0.425647E+03   0.208502E+02   0.662193E-01  -0.755726E+01
  1596   0.424160E+03   0.208664E+02   0.661469E-01  -0.793024E+01
  1597   0.422706E+03   0.208804E+02   0.660749E-01  -0.830438E+01
  1598   0.421285E+03   0.208922E+02   0.660032E-01  -0.867950E+01
  1599   0.419895E+03   0.209018E+02   0.659319E-01  -0.905544E+01
  1600   0.418540E+03   0.209092E+02   0.658610E-01  -0.943201E+01
  1601   0.417216E+03   0.209144E+02   0.657906E-01  -0.980906E+01
  1602   0.415925E+03   0.209174E+02   0.657205E-01  -0.101864E+02
  1603   0.414667E+03   0.209181E+02   0.656508E-01  -0.105640E+02
  1604   0.413441E+03   0.209166E+02   0.655816E-01  -0.109416E+02
  1605   0.412247E+03   0.209129E+02   0.655127E-01  -0.113192E+02
  1606   0.411084E+03   0.209070E+02   0.654443E-01  -0.116965E+02
  1607   0.409954E+03   0.208988E+02   0.653763E-01  -0.120733E+02
  1608   0.408855E+03   0.208883E+02   0.653087E-01  -0.124497E+02
  1609   0.407788E+03   0.208756E+02   0.652416E-01  -0.128253E+02
  1610   0.406752E+03   0.208607E+02   0.651749E-01  -0.132001E+02
  1611   0.405747E+03   0.208437E+02   0.651086E-01  -0.135739E+02
  1612   0.404773E+03   0.208244E+02   0.650427E-01  -0.139465E+02
  1613   0.403831E+03   0.208030E+02   0.649773E-01  -0.143177E+02
  1614   0.402918E+03   0.207796E+02   0.649123E-01  -0.146875E+02
  1615   0.402036E+03   0.207540E+02   0.648478E-01  -0.150556E+02
  1616   0.401185E+03   0.207263E+02   0.647837E-01  -0.154220E+02
  1617   0.400364E+03   0.206965E+02   0.647200E-01  -0.157864E+02
  1618   0.399572E+03   0.206646E+02   0.646568E-01  -0.161489E+02
  1619   0.398809E+03   0.206305E+02   0.645940E-01  -0.165092E+02
  1620   0.398075E+03   0.205945E+02   0.645317E-01  -0.168671E+02
  1621   0.397371E+03   0.205563E+02   0.644698E-01  -0.172227E+02
  1622   0.396694E+03   0.205161E+02   0.644083E-01  -0.175756E+02
  1623   0.396046E+03   0.204738E+02   0.643473E-01  -0.179259E+02
  1624   0.395426E+03   0.204295E+02   0.642867E-01  -0.182733E+02
  1625   0.394833E+03   0.203832E+02   0.642266E-01  -0.186178E+02
  1626   0.394268E+03   0.203350E+02   0.641669E-01  -0.189592E+02
  1627   0.393729E+03   0.202848E+02   0.641076E-01  -0.192973E+02
  1628   0.393217E+03   0.202327E+02   0.640488E-01  -0.196320E+02
  1629   0.392732E+03   0.201786E+02   0.639904E-01  -0.199633E+02
  1630   0.392271E+03   0.201227E+02   0.639324E-01  -0.202909E+02
  1631   0.391837E+03   0.200648E+02   0.638749E-01  -0.206149E+02
  1632   0.391427E+03   0.200052E+02   0.638178E-01  -0.209349E+02
  1633   0.391042E+03   0.199436E+02   0.637611E-01  -0.212511E+02
  1634   0.390682E+03   0.198803E+02   0.637048E-01  -0.215631E+02
  1635   0.390345E+03   0.198151E+02   0.636490E-01  -0.218710E+02
  1636   0.390031E+03   0.197481E+02   0.635936E-01  -0.221746E+02
  1637   0.389740E+03   0.196794E+02   0.635386E-01  -0.224738E+02
  1638   0.389472E+03   0.196090E+02   0.634840E-01  -0.227684E+02
  1639   0.389227E+03   0.195368E+02   0.634298E-01  -0.230584E+02
  1640   0.389002E+03   0.194631E+02   0.633760E-01  -0.233438E+02
  1641   0.388799E+03   0.193877E+02   0.633226E-01  -0.236243E+02
  1642   0.388617E+03   0.193108E+02   0.632697E-01  -0.238999E+02
  1643   0.388455E+03   0.192323E+02   0.632171E-01  -0.241705E+02
  1644   0.388314E+03   0.191523E+02   0.631649E-01  -0.244360E+02
  1645   0.388192E+03   0.190708E+02   0.631131E-01  -0.246963E+02
  1646   0.388088E+03   0.189877E+02   0.630616E-01  -0.249513E+02
  1647   0.388004E+03   0.189034E+02   0.630106E-01  -0.252010E+02
  1648   0.387936E+03   0.188175E+02   0.629599E-01  -0.254452E+02
  1649   0.387887E+03   0.187303E+02   0.629096E-01  -0.256838E+02
  1650   0.387854E+03   0.186416E+02   0.628596E-01  -0.259169E+02
  1651   0.387838E+03   0.185517E+02   0.628100E-01  -0.261442E+02
  1652   0.387838E+03   0.184605E+02   0.627608E-01  -0.263658E+02
  1653   0.387853E+03   0.183680E+02   0.627119E-01  -0.265816E+02
  1654   0.387884E+03   0.182742E+02   0.626633E-01  -0.267916E+02
  1655   0.387930E+03   0.181793E+02   0.626151E-01  -0.269956E+02
  1656   0.387989E+03   0.180832E+02   0.625673E-01  -0.271937E+02
  1657   0.388062E+03   0.179861E+02   0.625197E-01  -0.273858E+02
  1658   0.388148E+03   0.178877E+02   0.624725E-01  -0.275717E+02
  1659   0.388248E+03   0.177883E+02   0.624256E-01  -0.277517E+02
  1660   0.388360E+03   0.176880E+02   0.623790E-01  -0.279254E+02
  1661   0.388483E+03   0.175865E+02   0.623327E-01  -0.280931E+02
  1662   0.388618E+03   0.174842E+02   0.622867E-01  -0.282545E+02
  1663   0.388764E+03   0.173810E+02   0.622411E-01  -0.284097E+02
  1664   0.388920E+03   0.172768E+02   0.621957E-01  -0.285586E+02
  1665   0.389087E+03   0.171719E+02   0.621506E-01  -0.287012E+02
  1666   0.389262E+03   0.170660E+02   0.621057E-01  -0.288375E+02
  1667   0.389447E+03   0.169594E+02   0.620612E-01  -0.289674E+02
  1668   0.389640E+03   0.168521E+02   0.620169E-01  -0.290909E+02
  1669   0.389841E+03   0.167439E+02   0.619729E-01  -0.292081E+02
  1670   0.390050E+03   0.166352E+02   0.619291E-01  -0.293187E+02
  1671   0.390265E+03   0.165257E+02   0.618856E-01  -0.294230E+02
  1672   0.390487E+03   0.164156E+02   0.618423E-01  -0.295208E+02
  1673   0.390715E+03   0.163050E+02   0.617992E-01  -0.296122E+02
  1674   0.390949E+03   0.161938E+02   0.617564E-01  -0.296971E+02
  1675   0.391187E+03   0.160822E+02   0.617138E-01  -0.297756E+02
  1676   0.391431E+03   0.159702E+02   0.616714E-01  -0.298478E+02
  1677   0.391678E+03   0.158579E+02   0.616293E-01  -0.299135E+02
  1678   0.391930E+03   0.157451E+02   0.615873E-01  -0.299728E+02
  1679   0.392185E+03   0.156321E+02   0.615455E-01  -0.300258E+02
  1680   0.392441E+03   0.155188E+02   0.615040E-01  -0.300723E+02
  1681   0.392702E+03   0.154053E+02   0.614626E-01  -0.301125E+02
  1682   0.392962E+03   0.152916E+02   0.614213E-01  -0.301464E+02
  1683   0.393225E+03   0.151777E+02   0.613803E-01  -0.301738E+02
  1684   0.393488E+03   0.150636E+02   0.613394E-01  -0.301950E+02
  1685   0.393751E+03   0.149495E+02   0.612987E-01  -0.302098E+02
  1686   0.394015E+03   0.148353E+02   0.612581E-01  -0.302182E+02
  1687   0.394277E+03   0.147210E+02   0.612177E-01  -0.302206E+02
  1688   0.394539E+03   0.146068E+02   0.611774E-01  -0.302166E+02
  1689   0.394799E+03   0.144926E+02   0.611372E-01  -0.302065E+02
  1690   0.395057E+03   0.143786E+02   0.610971E-01  -0.301902E+02
  1691   0.395313E+03   0.142647E+02   0.610572E-01  -0.301679E+02
  1692   0.395566E+03   0.141509E+02   0.610173E-01  -0.301394E+02
  1693   0.395815E+03   0.140373E+02   0.609776E-01  -0.301049E+02
  1694   0.396061E+03   0.139240E+02   0.609379E-01  -0.300644E+02
  1695   0.396301E+03   0.138110E+02   0.608983E-01  -0.300179E+02
  1696   0.396538E+03   0.136982E+02   0.608588E-01  -0.299655E+02
  1697   0.396769E+03   0.135858E+02   0.608194E-01  -0.299073E+02
  1698   0.396993E+03   0.134737E+02   0.607800E-01  -0.298431E+02
  1699   0.397212E+03   0.133620E+02   0.607406E-01  -0.297732E+02
  1700   0.397425E+03   0.132509E+02   0.607013E-01  -0.296976E+02
  1701   0.397631E+03   0.131401E+02   0.606621E-01  -0.296164E+02
  1702   0.397829E+03   0.130299E+02   0.606229E-01  -0.295295E+02
  1703   0.398020E+03   0.129203E+02   0.605836E-01  -0.294372E+02
  1704   0.398203E+03   0.128112E+02   0.605444E-01  -0.293395E+02
  1705   0.398379E+03   0.127028E+02   0.605053E-01  -0.292365E+02
  1706   0.398545E+03   0.125950E+02   0.604661E-01  -0.291282E+02
  1707   0.398703E+03   0.124879E+02   0.604268E-01  -0.290146E+02
  1708   0.398851E+03   0.123815E+02   0.603876E-01  -0.288960E+02
  1709   0.398992E+03   0.122758E+02   0.603484E-01  -0.287722E+02
  1710   0.399121E+03   0.121710E+02   0.603091E-01  -0.286435E+02
  1711   0.399241E+03   0.120669E+02   0.602698E-01  -0.285098E+02
  1712   0.399351E+03   0.119636E+02   0.602304E-01  -0.283712E+02
  1713   0.399449E+03   0.118611E+02   0.601910E-01  -0.282279E+02
  1714   0.399537E+03   0.117595E+02   0.601515E-01  -0.280798E+02
  1715   0.399614E+03   0.116588E+02   0.601120E-01  -0.279271E+02
  1716   0.399680E+03   0.115591E+02   0.600723E-01  -0.277699E+02
  1717   0.399734E+03   0.114603E+02   0.600326E-01  -0.276082E+02
  1718   0.399776E+03   0.113624E+02   0.599928E-01  -0.274423E+02
  1719   0.399807E+03   0.112656E+02   0.599529E-01  -0.272720E+02
  1720   0.399824E+03   0.111697E+02   0.599129E-01  -0.270975E+02
  1721   0.399829E+03   0.110749E+02   0.598728E-01  -0.269190E+02
  1722   0.399822E+03   0.109812E+02   0.598326E-01  -0.267365E+02
  1723   0.399801E+03   0.108886E+02   0.597923E-01  -0.265502E+02
  1724   0.399769E+03   0.107971E+02   0.597518E-01  -0.263600E+02
  1725   0.399722E+03   0.107068E+02   0.597112E-01  -0.261662E+02
  1726   0.399661E+03   0.106176E+02   0.596705E-01  -0.259687E+02
  1727   0.399587E+03   0.105296E+02   0.596296E-01  -0.257678E+02
  1728   0.399499E+03   0.104427E+02   0.595886E-01  -0.255635E+02
  1729   0.399397E+03   0.103572E+02   0.595475E-01  -0.253559E+02
  1730   0.399280E+03   0.102729E+02   0.595061E-01  -0.251451E+02
  1731   0.399149E+03   0.101898E+02   0.594646E-01  -0.249312E+02
  1732   0.399003E+03   0.101080E+02   0.594230E-01  -0.247142E+02
  1733   0.398842E+03   0.100275E+02   0.593811E-01  -0.244943E+02
  1734   0.398666E+03   0.994832E+01   0.593391E-01  -0.242716E+02
  1735   0.398474E+03   0.987043E+01   0.592969E-01  -0.240462E+02
  1736   0.398267E+03   0.979393E+01   0.592545E-01  -0.238183E+02
  1737   0.398045E+03   0.971880E+01   0.592119E-01  -0.235878E+02
  1738   0.397808E+03   0.964504E+01   0.591691E-01  -0.233552E+02
  1739   0.397555E+03   0.957271E+01   0.591262E-01  -0.231202E+02
  1740   0.397287E+03   0.950180E+01   0.590830E-01  -0.228833E+02
  1741   0.397004E+03   0.943230E+01   0.590396E-01  -0.226443E+02
  1742   0.396705E+03   0.936428E+01   0.589960E-01  -0.224035E+02
  1743   0.396390E+03   0.929765E+01   0.589522E-01  -0.221609E+02
  1744   0.396059E+03   0.923255E+01   0.589081E-01  -0.219167E+02
  1745   0.395713E+03   0.916889E+01   0.588639E-01  -0.216709E+02
  1746   0.395350E+03   0.910676E+01   0.588194E-01  -0.214237E+02
  1747   0.394970E+03   0.904605E+01   0.587747E-01  -0.211751E+02
  1748   0.394575E+03   0.898692E+01   0.587298E-01  -0.209253E+02
  1749   0.394163E+03   0.892928E+01   0.586846E-01  -0.206744E+02
  1750   0.393735E+03   0.887313E+01   0.586392E-01  -0.204225E+02
  1751   0.393291E+03   0.881852E+01   0.585935E-01  -0.201697E+02
  1752   0.392831E+03   0.876546E+01   0.585476E-01  -0.199161E+02
  1753   0.392354E+03   0.871393E+01   0.585015E-01  -0.196619E+02
  1754   0.391862E+03   0.866393E+01   0.584551E-01  -0.194071E+02
  1755   0.391352E+03   0.861552E+01   0.584084E-01  -0.191519E+02
  1756   0.390828E+03   0.856862E+01   0.583615E-01  -0.188963E+02
  1757   0.390286E+03   0.852330E+01   0.583144E-01  -0.186404E+02
  1758   0.389729E+03   0.847948E+01   0.582670E-01  -0.183843E+02
  1759   0.389155E+03   0.843728E+01   0.582193E-01  -0.181282E+02
  1760   0.388565E+03   0.839661E+01   0.581714E-01  -0.178720E+02
  1761   0.387959E+03   0.835749E+01   0.581232E-01  -0.176159E+02
  1762   0.387337E+03   0.831992E+01   0.580747E-01  -0.173600E+02
  1763   0.386699E+03   0.828390E+01   0.580260E-01  -0.171045E+02
  1764   0.386046E+03   0.824943E+01   0.579770E-01  -0.168494E+02
  1765   0.385377E+03   0.821651E+01   0.579277E-01  -0.165947E+02
  1766   0.384693E+03   0.818515E+01   0.578782E-01  -0.163408E+02
  1767   0.383994E+03   0.815532E+01   0.578284E-01  -0.160875E+02
  1768   0.383280E+03   0.812704E+01   0.577783E-01  -0.158350E+02
  1769   0.382551E+03   0.810030E+01   0.577280E-01  -0.155835E+02
  1770   0.381808E+03   0.807508E+01   0.576773E-01  -0.153330E+02
  1771   0.381050E+03   0.805140E+01   0.576264E-01  -0.150836E+02
  1772   0.380278E+03   0.802923E+01   0.575752E-01  -0.148354E+02
  1773   0.379492E+03   0.800857E+01   0.575237E-01  -0.145885E+02
  1774   0.378691E+03   0.798941E+01   0.574720E-01  -0.143429E+02
  1775   0.377877E+03   0.797175E+01   0.574200E-01  -0.140988E+02
  1776   0.377048E+03   0.795558E+01   0.573676E-01  -0.138564E+02
  1777   0.376206E+03   0.794088E+01   0.573150E-01  -0.136154E+02
  1778   0.375351E+03   0.792765E+01   0.572622E-01  -0.133763E+02
  1779   0.374482E+03   0.791588E+01   0.572090E-01  -0.131389E+02
  1780   0.373601E+03   0.790555E+01   0.571556E-01  -0.129035E+02
  1781   0.372707E+03   0.789665E+01   0.571019E-01  -0.126700E+02
  1782   0.371800E+03   0.788919E+01   0.570479E-01  -0.124386E+02
  1783   0.370880E+03   0.788313E+01   0.569936E-01  -0.122094E+02
  1784   0.369949E+03   0.787847E+01   0.569390E-01  -0.119824E+02
  1785   0.369005E+03   0.787520E+01   0.568842E-01  -0.117577E+02
  1786   0.368050E+03   0.787329E+01   0.568290E-01  -0.115354E+02
  1787   0.367084E+03   0.787274E+01   0.567737E-01  -0.113157E+02
  1788   0.366106E+03   0.787354E+01   0.567180E-01  -0.110984E+02
  1789   0.365117E+03   0.787565E+01   0.566620E-01  -0.108838E+02
  1790   0.364119E+03   0.787908E+01   0.566058E-01  -0.106719E+02
  1791   0.363108E+03   0.788380E+01   0.565493E-01  -0.104627E+02
  1792   0.362088E+03   0.788980E+01   0.564926E-01  -0.102564E+02
  1793   0.361058E+03   0.789705E+01   0.564355E-01  -0.100531E+02
  1794   0.360018E+03   0.790553E+01   0.563782E-01  -0.985269E+01
  1795   0.358968E+03   0.791525E+01   0.563207E-01  -0.965537E+01
  1796   0.357908E+03   0.792616E+01   0.562629E-01  -0.946111E+01
  1797   0.356840E+03   0.793825E+01   0.562048E-01  -0.927012E+01
  1798   0.355762E+03   0.795150E+01   0.561465E-01  -0.908244E+01
  1799   0.354676E+03   0.796591E+01   0.560879E-01  -0.889795E+01
  1800   0.353582E+03   0.798142E+01   0.560290E-01  -0.871693E+01
  1801   0.352480E+03   0.799805E+01   0.559700E-01  -0.853934E+01
  1802   0.351371E+03   0.801575E+01   0.559106E-01  -0.836524E+01
  1803   0.350254E+03   0.803452E+01   0.558511E-01  -0.819470E+01
  1804   0.349130E+03   0.805434E+01   0.557913E-01  -0.802775E+01
  1805   0.348000E+03   0.807518E+01   0.557313E-01  -0.786444E+01
  1806   0.346864E+03   0.809703E+01   0.556710E-01  -0.770479E+01
  1807   0.345721E+03   0.811986E+01   0.556105E-01  -0.754886E+01
  1808   0.344572E+03   0.814365E+01   0.555498E-01  -0.739666E+01
  1809   0.343417E+03   0.816839E+01   0.554889E-01  -0.724827E+01
  1810   0.342257E+03   0.819405E+01   0.554277E-01  -0.710369E+01
  1811   0.341091E+03   0.822061E+01   0.553664E-01  -0.696298E+01
  1812   0.339921E+03   0.824803E+01   0.553048E-01  -0.682613E+01
  1813   0.338745E+03   0.827632E+01   0.552431E-01  -0.669320E+01
  1814   0.337566E+03   0.830544E+01   0.551812E-01  -0.656421E+01
  1815   0.336382E+03   0.833537E+01   0.551190E-01  -0.643918E+01
  1816   0.335195E+03   0.836609E+01   0.550567E-01  -0.631813E+01
  1817   0.334004E+03   0.839757E+01   0.549942E-01  -0.620111E+01
  1818   0.332810E+03   0.842979E+01   0.549315E-01  -0.608812E+01
  1819   0.331613E+03   0.846273E+01   0.548687E-01  -0.597919E+01
  1820   0.330413E+03   0.849636E+01   0.548056E-01  -0.587432E+01
  1821   0.329212E+03   0.853062E+01   0.547424E-01  -0.577354E+01
  1822   0.328008E+03   0.856559E+01   0.546791E-01  -0.567687E+01
  1823   0.326802E+03   0.860116E+01   0.546156E-01  -0.558432E+01
  1824   0.325594E+03   0.863729E+01   0.545520E-01  -0.549593E+01
  1825   0.324386E+03   0.867396E+01   0.544882E-01  -0.541166E+01
  1826   0.323176E+03   0.871128E+01   0.544242E-01  -0.533155E+01
  1827   0.321966E+03   0.874902E+01   0.543602E-01  -0.525558E+01
  1828   0.320755E+03   0.878726E+01   0.542960E-01  -0.518375E+01
  1829   0.319545E+03   0.882602E+01   0.542317E-01  -0.511608E+01
  1830   0.318334E+03   0.886522E+01   0.541672E-01  -0.505255E+01
  1831   0.317125E+03   0.890481E+01   0.541027E-01  -0.499318E+01
  1832   0.315917E+03   0.894480E+01   0.540380E-01  -0.493794E+01
  1833   0.314711E+03   0.898511E+01   0.539732E-01  -0.488685E+01
  1834   0.313506E+03   0.902582E+01   0.539084E-01  -0.483988E+01
  1835   0.312303E+03   0.906681E+01   0.538434E-01  -0.479704E+01
  1836   0.311102E+03   0.910808E+01   0.537783E-01  -0.475830E+01
  1837   0.309904E+03   0.914964E+01   0.537132E-01  -0.472368E+01
  1838   0.308708E+03   0.919141E+01   0.536479E-01  -0.469316E+01
  1839   0.307515E+03   0.923342E+01   0.535826E-01  -0.466673E+01
  1840   0.306325E+03   0.927560E+01   0.535173E-01  -0.464436E+01
  1841   0.305139E+03   0.931795E+01   0.534518E-01  -0.462603E+01
  1842   0.303956E+03   0.936033E+01   0.533863E-01  -0.461173E+01
  1843   0.302778E+03   0.940291E+01   0.533207E-01  -0.460142E+01
  1844   0.301604E+03   0.944555E+01   0.532551E-01  -0.459510E+01
  1845   0.300435E+03   0.948817E+01   0.531894E-01  -0.459274E+01
  1846   0.299271E+03   0.953086E+01   0.531237E-01  -0.459432E+01
  1847   0.298112E+03   0.957356E+01   0.530580E-01  -0.459981E+01
  1848   0.296958E+03   0.961620E+01   0.529922E-01  -0.460918E+01
  1849   0.295810E+03   0.965878E+01   0.529263E-01  -0.462241E+01
  1850   0.294668E+03   0.970126E+01   0.528605E-01  -0.463947E+01
  1851   0.293532E+03   0.974362E+01   0.527946E-01  -0.466034E+01
  1852   0.292403E+03   0.978582E+01   0.527287E-01  -0.468499E+01
  1853   0.291279E+03   0.982794E+01   0.526628E-01  -0.471339E+01
  1854   0.290163E+03   0.986976E+01   0.525969E-01  -0.474549E+01
  1855   0.289054E+03   0.991146E+01   0.525310E-01  -0.478124E+01
  1856   0.287952E+03   0.995289E+01   0.524651E-01  -0.482061E+01
  1857   0.286857E+03   0.999413E+01   0.523992E-01  -0.486357E+01
  1858   0.285771E+03   0.100351E+02   0.523333E-01  -0.491006E+01
  1859   0.284692E+03   0.100757E+02   0.522674E-01  -0.496005E+01
  1860   0.283622E+03   0.101160E+02   0.522015E-01  -0.501350E+01
  1861   0.282559E+03   0.101561E+02   0.521357E-01  -0.507034E+01
  1862   0.281505E+03   0.101957E+02   0.520699E-01  -0.513054E+01
  1863   0.280460E+03   0.102350E+02   0.520041E-01  -0.519405E+01
  1864   0.279424E+03   0.102740E+02   0.519384E-01  -0.526083E+01
  1865   0.278397E+03   0.103125E+02   0.518727E-01  -0.533083E+01
  1866   0.277378E+03   0.103506E+02   0.518071E-01  -0.540400E+01
  1867   0.276370E+03   0.103882E+02   0.517415E-01  -0.548029E+01
  1868   0.275371E+03   0.104254E+02   0.516760E-01  -0.555964E+01
  1869   0.274381E+03   0.104621E+02   0.516105E-01  -0.564200E+01
  1870   0.273402E+03   0.104983E+02   0.515452E-01  -0.572730E+01
  1871   0.272432E+03   0.105340E+02   0.514799E-01  -0.581549E+01
  1872   0.271472E+03   0.105691E+02   0.514146E-01  -0.590652E+01
  1873   0.270523E+03   0.106038E+02   0.513495E-01  -0.600031E+01
  1874   0.269584E+03   0.106377E+02   0.512844E-01  -0.609683E+01
  1875   0.268656E+03   0.106712E+02   0.512195E-01  -0.619599E+01
  1876   0.267738E+03   0.107040E+02   0.511546E-01  -0.629773E+01
  1877   0.266832E+03   0.107362E+02   0.510899E-01  -0.640200E+01
  1878   0.265936E+03   0.107678E+02   0.510252E-01  -0.650872E+01
  1879   0.265052E+03   0.107987E+02   0.509607E-01  -0.661783E+01
  1880   0.264177E+03   0.108290E+02   0.508963E-01  -0.672927E+01
  1881   0.263316E+03   0.108585E+02   0.508320E-01  -0.684297E+01
  1882   0.262465E+03   0.108874E+02   0.507678E-01  -0.695887E+01
  1883   0.261625E+03   0.109155E+02   0.507038E-01  -0.707689E+01
  1884   0.260797E+03   0.109430E+02   0.506399E-01  -0.719698E+01
  1885   0.259980E+03   0.109696E+02   0.505762E-01  -0.731908E+01
  1886   0.259176E+03   0.109955E+02   0.505126E-01  -0.744310E+01
  1887   0.258383E+03   0.110206E+02   0.504491E-01  -0.756900E+01
  1888   0.257602E+03   0.110449E+02   0.503858E-01  -0.769668E+01
  1889   0.256832E+03   0.110684E+02   0.503227E-01  -0.782608E+01
  1890   0.256074E+03   0.110911E+02   0.502597E-01  -0.795711E+01
  1891   0.255329E+03   0.111130E+02   0.501969E-01  -0.808970E+01
  1892   0.254596E+03   0.111340E+02   0.501342E-01  -0.822376E+01
  1893   0.253875E+03   0.111541E+02   0.500718E-01  -0.835922E+01
  1894   0.253165E+03   0.111734E+02   0.500095E-01  -0.849601E+01
  1895   0.252468E+03   0.111919E+02   0.499474E-01  -0.863404E+01
  1896   0.251784E+03   0.112095E+02   0.498854E-01  -0.877325E+01
  1897   0.251112E+03   0.112263E+02   0.498237E-01  -0.891356E+01
  1898   0.250452E+03   0.112420E+02   0.497621E-01  -0.905490E+01
  1899   0.249804E+03   0.112569E+02   0.497008E-01  -0.919720E+01
  1900   0.249169E+03   0.112708E+02   0.496396E-01  -0.934038E+01
  1901   0.248546E+03   0.112838E+02   0.495786E-01  -0.948437E+01
  1902   0.247936E+03   0.112959E+02   0.495179E-01  -0.962911E+01
  1903   0.247337E+03   0.113070E+02   0.494573E-01  -0.977450E+01
  1904   0.246751E+03   0.113171E+02   0.493969E-01  -0.992057E+01
  1905   0.246177E+03   0.113263E+02   0.493368E-01  -0.100671E+02
  1906   0.245616E+03   0.113345E+02   0.492768E-01  -0.102142E+02
  1907   0.245067E+03   0.113418E+02   0.492171E-01  -0.103617E+02
  1908   0.244530E+03   0.113481E+02   0.491576E-01  -0.105094E+02
  1909   0.244005E+03   0.113534E+02   0.490983E-01  -0.106575E+02
  1910   0.243493E+03   0.113577E+02   0.490392E-01  -0.108059E+02
  1911   0.242992E+03   0.113610E+02   0.489803E-01  -0.109543E+02
  1912   0.242504E+03   0.113634E+02   0.489216E-01  -0.111028E+02
  1913   0.242028E+03   0.113648E+02   0.488632E-01  -0.112514E+02
  1914   0.241563E+03   0.113651E+02   0.488050E-01  -0.113999E+02
  1915   0.241110E+03   0.113645E+02   0.487470E-01  -0.115483E+02
  1916   0.240670E+03   0.113628E+02   0.486892E-01  -0.116965E+02
  1917   0.240241E+03   0.113602E+02   0.486316E-01  -0.118444E+02
  1918   0.239823E+03   0.113566E+02   0.485743E-01  -0.119921E+02
  1919   0.239418E+03   0.113520E+02   0.485172E-01  -0.121393E+02
  1920   0.239024E+03   0.113464E+02   0.484603E-01  -0.122861E+02
  1921   0.238641E+03   0.113398E+02   0.484036E-01  -0.124324E+02
  1922   0.238270E+03   0.113322E+02   0.483472E-01  -0.125781E+02
  1923   0.237910E+03   0.113237E+02   0.482910E-01  -0.127231E+02
  1924   0.237562E+03   0.113143E+02   0.482350E-01  -0.128674E+02
  1925   0.237225E+03   0.113038E+02   0.481792E-01  -0.130110E+02
  1926   0.236898E+03   0.112924E+02   0.481237E-01  -0.131538E+02
  1927   0.236583E+03   0.112800E+02   0.480683E-01  -0.132956E+02
  1928   0.236278E+03   0.112667E+02   0.480133E-01  -0.134365E+02
  1929   0.235984E+03   0.112523E+02   0.479584E-01  -0.135763E+02
  1930   0.235701E+03   0.112371E+02   0.479038E-01  -0.137150E+02
  1931   0.235428E+03   0.112209E+02   0.478494E-01  -0.138526E+02
  1932   0.235165E+03   0.112038E+02   0.477952E-01  -0.139890E+02
  1933   0.234912E+03   0.111857E+02   0.477412E-01  -0.141241E+02
  1934   0.234669E+03   0.111667E+02   0.476875E-01  -0.142580E+02
  1935   0.234437E+03   0.111468E+02   0.476340E-01  -0.143904E+02
  1936   0.234214E+03   0.111259E+02   0.475807E-01  -0.145214E+02
  1937   0.234000E+03   0.111042E+02   0.475277E-01  -0.146508E+02
  1938   0.233796E+03   0.110815E+02   0.474748E-01  -0.147787E+02
  1939   0.233601E+03   0.110580E+02   0.474222E-01  -0.149050E+02
  1940   0.233415E+03   0.110336E+02   0.473699E-01  -0.150297E+02
  1941   0.233238E+03   0.110083E+02   0.473177E-01  -0.151526E+02
  1942   0.233069E+03   0.109822E+02   0.472658E-01  -0.152737E+02
  1943   0.232910E+03   0.109552E+02   0.472141E-01  -0.153931E+02
  1944   0.232758E+03   0.109274E+02   0.471626E-01  -0.155105E+02
  1945   0.232615E+03   0.108987E+02   0.471114E-01  -0.156261E+02
  1946   0.232480E+03   0.108691E+02   0.470603E-01  -0.157396E+02
  1947   0.232352E+03   0.108388E+02   0.470095E-01  -0.158511E+02
  1948   0.232233E+03   0.108077E+02   0.469589E-01  -0.159604E+02
  1949   0.232120E+03   0.107757E+02   0.469086E-01  -0.160677E+02
  1950   0.232014E+03   0.107429E+02   0.468584E-01  -0.161727E+02
  1951   0.231916E+03   0.107093E+02   0.468085E-01  -0.162755E+02
  1952   0.231825E+03   0.106750E+02   0.467588E-01  -0.163760E+02
  1953   0.231740E+03   0.106399E+02   0.467093E-01  -0.164743E+02
  1954   0.231661E+03   0.106041E+02   0.466600E-01  -0.165702E+02
  1955   0.231589E+03   0.105675E+02   0.466110E-01  -0.166637E+02
  1956   0.231523E+03   0.105302E+02   0.465621E-01  -0.167548E+02
  1957   0.231463E+03   0.104922E+02   0.465135E-01  -0.168436E+02
  1958   0.231409E+03   0.104535E+02   0.464651E-01  -0.169298E+02
  1959   0.231361E+03   0.104142E+02   0.464169E-01  -0.170136E+02
  1960   0.231318E+03   0.103742E+02   0.463689E-01  -0.170948E+02
  1961   0.231281E+03   0.103335E+02   0.463211E-01  -0.171736E+02
  1962   0.231248E+03   0.102923E+02   0.462735E-01  -0.172497E+02
  1963   0.231221E+03   0.102503E+02   0.462261E-01  -0.173233E+02
  1964   0.231198E+03   0.102078E+02   0.461789E-01  -0.173942E+02
  1965   0.231179E+03   0.101646E+02   0.461319E-01  -0.174625E+02
  1966   0.231165E+03   0.101209E+02   0.460852E-01  -0.175281E+02
  1967   0.231156E+03   0.100766E+02   0.460386E-01  -0.175910E+02
  1968   0.231149E+03   0.100317E+02   0.459922E-01  -0.176513E+02
  1969   0.231147E+03   0.998623E+01   0.459460E-01  -0.177088E+02
  1970   0.231148E+03   0.994033E+01   0.458999E-01  -0.177636E+02
  1971   0.231153E+03   0.989392E+01   0.458541E-01  -0.178156E+02
  1972   0.231161E+03   0.984700E+01   0.458084E-01  -0.178649E+02
  1973   0.231172E+03   0.979957E+01   0.457630E-01  -0.179114E+02
  1974   0.231185E+03   0.975169E+01   0.457177E-01  -0.179550E+02
  1975   0.231202E+03   0.970335E+01   0.456725E-01  -0.179959E+02
  1976   0.231220E+03   0.965463E+01   0.456276E-01  -0.180338E+02
  1977   0.231241E+03   0.960544E+01   0.455828E-01  -0.180690E+02
  1978   0.231263E+03   0.955578E+01   0.455381E-01  -0.181013E+02
  1979   0.231287E+03   0.950587E+01   0.454937E-01  -0.181307E+02
  1980   0.231313E+03   0.945547E+01   0.454493E-01  -0.181572E+02
  1981   0.231339E+03   0.940480E+01   0.454052E-01  -0.181808E+02
  1982   0.231367E+03   0.935378E+01   0.453612E-01  -0.182016E+02
  1983   0.231397E+03   0.930241E+01   0.453173E-01  -0.182196E+02
  1984   0.231426E+03   0.925082E+01   0.452736E-01  -0.182347E+02
  1985   0.231457E+03   0.919893E+01   0.452300E-01  -0.182469E+02
  1986   0.231487E+03   0.914674E+01   0.451865E-01  -0.182562E+02
  1987   0.231518E+03   0.909440E+01   0.451432E-01  -0.182626E+02
  1988   0.231550E+03   0.904181E+01   0.451000E-01  -0.182663E+02
  1989   0.231580E+03   0.898905E+01   0.450569E-01  -0.182670E+02
  1990   0.231610E+03   0.893603E+01   0.450139E-01  -0.182649E+02
  1991   0.231641E+03   0.888290E+01   0.449711E-01  -0.182599E+02
  1992   0.231669E+03   0.882958E+01   0.449283E-01  -0.182521E+02
  1993   0.231697E+03   0.877613E+01   0.448857E-01  -0.182414E+02
  1994   0.231724E+03   0.872262E+01   0.448431E-01  -0.182278E+02
  1995   0.231748E+03   0.866897E+01   0.448007E-01  -0.182115E+02
  1996   0.231772E+03   0.861517E+01   0.447584E-01  -0.181923E+02
  1997   0.231794E+03   0.856137E+01   0.447161E-01  -0.181703E+02
  1998   0.231813E+03   0.850755E+01   0.446740E-01  -0.181455E+02
  1999   0.231830E+03   0.845364E+01   0.446319E-01  -0.181179E+02
  2000   0.231845E+03   0.839970E+01   0.445899E-01  -0.180876E+02
  2001   0.231857E+03   0.834581E+01   0.445480E-01  -0.180545E+02
  2002   0.231866E+03   0.829194E+01   0.445062E-01  -0.180187E+02
  2003   0.231873E+03   0.823810E+01   0.444644E-01  -0.179801E+02
  2004   0.231876E+03   0.818427E+01   0.444227E-01  -0.179389E+02
  2005   0.231876E+03   0.813059E+01   0.443811E-01  -0.178949E+02
  2006   0.231873E+03   0.807690E+01   0.443395E-01  -0.178484E+02
  2007   0.231866E+03   0.802334E+01   0.442980E-01  -0.177992E+02
  2008   0.231856E+03   0.796990E+01   0.442565E-01  -0.177473E+02
  2009   0.231842E+03   0.791657E+01   0.442151E-01  -0.176929E+02
  2010   0.231824E+03   0.786342E+01   0.441737E-01  -0.176359E+02
  2011   0.231801E+03   0.781036E+01   0.441324E-01  -0.175763E+02
  2012   0.231775E+03   0.775746E+01   0.440912E-01  -0.175141E+02
  2013   0.231743E+03   0.770470E+01   0.440499E-01  -0.174495E+02
  2014   0.231707E+03   0.765216E+01   0.440087E-01  -0.173823E+02
  2015   0.231667E+03   0.759982E+01   0.439676E-01  -0.173127E+02
  2016   0.231621E+03   0.754775E+01   0.439265E-01  -0.172407E+02
  2017   0.231571E+03   0.749586E+01   0.438854E-01  -0.171664E+02
  2018   0.231516E+03   0.744422E+01   0.438443E-01  -0.170897E+02
  2019   0.231456E+03   0.739289E+01   0.438033E-01  -0.170107E+02
  2020   0.231390E+03   0.734180E+01   0.437623E-01  -0.169296E+02
  2021   0.231320E+03   0.729108E+01   0.437213E-01  -0.168461E+02
  2022   0.231244E+03   0.724059E+01   0.436803E-01  -0.167605E+02
  2023   0.231163E+03   0.719047E+01   0.436393E-01  -0.166729E+02
  2024   0.231076E+03   0.714068E+01   0.435984E-01  -0.165830E+02
  2025   0.230984E+03   0.709124E+01   0.435574E-01  -0.164911E+02
  2026   0.230885E+03   0.704216E+01   0.435165E-01  -0.163972E+02
  2027   0.230780E+03   0.699345E+01   0.434756E-01  -0.163012E+02
  2028   0.230669E+03   0.694512E+01   0.434346E-01  -0.162033E+02
  2029   0.230552E+03   0.689718E+01   0.433937E-01  -0.161034E+02
  2030   0.230429E+03   0.684966E+01   0.433528E-01  -0.160017E+02
  2031   0.230300E+03   0.680255E+01   0.433119E-01  -0.158981E+02
  2032   0.230164E+03   0.675588E+01   0.432709E-01  -0.157927E+02
  2033   0.230021E+03   0.670965E+01   0.432300E-01  -0.156856E+02
  2034   0.229872E+03   0.666389E+01   0.431890E-01  -0.155768E+02
  2035   0.229716E+03   0.661860E+01   0.431480E-01  -0.154663E+02
  2036   0.229554E+03   0.657379E+01   0.431071E-01  -0.153543E+02
  2037   0.229384E+03   0.652946E+01   0.430660E-01  -0.152406E+02
  2038   0.229208E+03   0.648563E+01   0.430250E-01  -0.151254E+02
  2039   0.229025E+03   0.644231E+01   0.429840E-01  -0.150087E+02
  2040   0.228834E+03   0.639951E+01   0.429429E-01  -0.148905E+02
  2041   0.228636E+03   0.635723E+01   0.429018E-01  -0.147710E+02
  2042   0.228431E+03   0.631548E+01   0.428606E-01  -0.146501E+02
  2043   0.228218E+03   0.627428E+01   0.428194E-01  -0.145278E+02
  2044   0.227998E+03   0.623365E+01   0.427782E-01  -0.144044E+02
  2045   0.227771E+03   0.619358E+01   0.427369E-01  -0.142797E+02
  2046   0.227537E+03   0.615408E+01   0.426956E-01  -0.141538E+02
  2047   0.227295E+03   0.611517E+01   0.426543E-01  -0.140269E+02
  2048   0.227045E+03   0.607687E+01   0.426128E-01  -0.138990E+02
  2049   0.226789E+03   0.603916E+01   0.425714E-01  -0.137702E+02
  2050   0.226525E+03   0.600208E+01   0.425299E-01  -0.136403E+02
  2051   0.226253E+03   0.596561E+01   0.424883E-01  -0.135096E+02
  2052   0.225974E+03   0.592975E+01   0.424467E-01  -0.133780E+02
  2053   0.225686E+03   0.589454E+01   0.424050E-01  -0.132456E+02
  2054   0.225391E+03   0.585995E+01   0.423632E-01  -0.131125E+02
  2055   0.225089E+03   0.582600E+01   0.423214E-01  -0.129786E+02
  2056   0.224779E+03   0.579269E+01   0.422795E-01  -0.128440E+02
  2057   0.224460E+03   0.576003E+01   0.422375E-01  -0.127088E+02
  2058   0.224135E+03   0.572802E+01   0.421954E-01  -0.125730E+02
  2059   0.223801E+03   0.569666E+01   0.421533E-01  -0.124366E+02
  2060   0.223461E+03   0.566597E+01   0.421111E-01  -0.122997E+02
  2061   0.223112E+03   0.563594E+01   0.420688E-01  -0.121624E+02
  2062   0.222756E+03   0.560659E+01   0.420264E-01  -0.120247E+02
  2063   0.222392E+03   0.557789E+01   0.419839E-01  -0.118866E+02
  2064   0.222020E+03   0.554988E+01   0.419414E-01  -0.117482E+02
  2065   0.221642E+03   0.552255E+01   0.418987E-01  -0.116095E+02
  2066   0.221255E+03   0.549589E+01   0.418560E-01  -0.114707E+02
  2067   0.220861E+03   0.546991E+01   0.418132E-01  -0.113316E+02
  2068   0.220461E+03   0.544462E+01   0.417702E-01  -0.111924E+02
  2069   0.220052E+03   0.542001E+01   0.417272E-01  -0.110531E+02
  2070   0.219636E+03   0.539609E+01   0.416841E-01  -0.109137E+02
  2071   0.219214E+03   0.537285E+01   0.416409E-01  -0.107744E+02
  2072   0.218783E+03   0.535030E+01   0.415976E-01  -0.106351E+02
  2073   0.218345E+03   0.532843E+01   0.415542E-01  -0.104960E+02
  2074   0.217900E+03   0.530725E+01   0.415107E-01  -0.103569E+02
  2075   0.217449E+03   0.528677E+01   0.414671E-01  -0.102180E+02
  2076   0.216989E+03   0.526696E+01   0.414233E-01  -0.100793E+02
  2077   0.216523E+03   0.524784E+01   0.413795E-01  -0.994090E+01
  2078   0.216050E+03   0.522941E+01   0.413356E-01  -0.980285E+01
  2079   0.215570E+03   0.521167E+01   0.412916E-01  -0.966513E+01
  2080   0.215083E+03   0.519460E+01   0.412475E-01  -0.952784E+01
  2081   0.214590E+03   0.517822E+01   0.412033E-01  -0.939098E+01
  2082   0.214090E+03   0.516253E+01   0.411589E-01  -0.925466E+01
  2083   0.213584E+03   0.514751E+01   0.411145E-01  -0.911893E+01
  2084   0.213071E+03   0.513318E+01   0.410700E-01  -0.898376E+01
  2085   0.212553E+03   0.511952E+01   0.410254E-01  -0.884928E+01
  2086   0.212027E+03   0.510653E+01   0.409806E-01  -0.871547E+01
  2087   0.211496E+03   0.509421E+01   0.409358E-01  -0.858237E+01
  2088   0.210960E+03   0.508256E+01   0.408909E-01  -0.845003E+01
  2089   0.210416E+03   0.507157E+01   0.408459E-01  -0.831850E+01
  2090   0.209867E+03   0.506123E+01   0.408008E-01  -0.818784E+01
  2091   0.209312E+03   0.505155E+01   0.407556E-01  -0.805801E+01
  2092   0.208751E+03   0.504252E+01   0.407103E-01  -0.792915E+01
  2093   0.208185E+03   0.503413E+01   0.406649E-01  -0.780131E+01
  2094   0.207613E+03   0.502638E+01   0.406194E-01  -0.767438E+01
  2095   0.207035E+03   0.501927E+01   0.405738E-01  -0.754856E+01
  2096   0.206453E+03   0.501278E+01   0.405281E-01  -0.742384E+01
  2097   0.205866E+03   0.500692E+01   0.404824E-01  -0.730022E+01
  2098   0.205272E+03   0.500167E+01   0.404365E-01  -0.717779E+01
  2099   0.204675E+03   0.499703E+01   0.403906E-01  -0.705656E+01
  2100   0.204072E+03   0.499300E+01   0.403446E-01  -0.693656E+01
  2101   0.203464E+03   0.498957E+01   0.402985E-01  -0.681784E+01
  2102   0.202851E+03   0.498671E+01   0.402523E-01  -0.670042E+01
  2103   0.202233E+03   0.498445E+01   0.402060E-01  -0.658433E+01
  2104   0.201611E+03   0.498277E+01   0.401596E-01  -0.646962E+01
  2105   0.200984E+03   0.498166E+01   0.401132E-01  -0.635629E+01
  2106   0.200353E+03   0.498112E+01   0.400667E-01  -0.624437E+01
  2107   0.199717E+03   0.498113E+01   0.400201E-01  -0.613390E+01
  2108   0.199077E+03   0.498170E+01   0.399734E-01  -0.602489E+01
  2109   0.198434E+03   0.498281E+01   0.399266E-01  -0.591739E+01
  2110   0.197786E+03   0.498446E+01   0.398798E-01  -0.581140E+01
  2111   0.197135E+03   0.498664E+01   0.398329E-01  -0.570696E+01
  2112   0.196480E+03   0.498934E+01   0.397859E-01  -0.560409E+01
  2113   0.195822E+03   0.499256E+01   0.397389E-01  -0.550280E+01
  2114   0.195160E+03   0.499629E+01   0.396917E-01  -0.540314E+01
  2115   0.194495E+03   0.500051E+01   0.396445E-01  -0.530509E+01
  2116   0.193827E+03   0.500521E+01   0.395972E-01  -0.520869E+01
  2117   0.193156E+03   0.501040E+01   0.395499E-01  -0.511395E+01
  2118   0.192482E+03   0.501606E+01   0.395025E-01  -0.502091E+01
  2119   0.191805E+03   0.502218E+01   0.394550E-01  -0.492957E+01
  2120   0.191125E+03   0.502875E+01   0.394074E-01  -0.483994E+01
  2121   0.190443E+03   0.503577E+01   0.393598E-01  -0.475205E+01
  2122   0.189759E+03   0.504322E+01   0.393121E-01  -0.466591E+01
  2123   0.189072E+03   0.505110E+01   0.392644E-01  -0.458154E+01
  2124   0.188384E+03   0.505939E+01   0.392165E-01  -0.449894E+01
  2125   0.187692E+03   0.506808E+01   0.391686E-01  -0.441814E+01
  2126   0.187000E+03   0.507717E+01   0.391207E-01  -0.433915E+01
  2127   0.186306E+03   0.508664E+01   0.390727E-01  -0.426199E+01
  2128   0.185610E+03   0.509649E+01   0.390246E-01  -0.418665E+01
  2129   0.184914E+03   0.510669E+01   0.389764E-01  -0.411316E+01
  2130   0.184215E+03   0.511725E+01   0.389282E-01  -0.404153E+01
  2131   0.183515E+03   0.512815E+01   0.388800E-01  -0.397178E+01
  2132   0.182814E+03   0.513938E+01   0.388317E-01  -0.390392E+01
  2133   0.182113E+03   0.515093E+01   0.387833E-01  -0.383794E+01
  2134   0.181410E+03   0.516280E+01   0.387349E-01  -0.377385E+01
  2135   0.180707E+03   0.517495E+01   0.386864E-01  -0.371168E+01
  2136   0.180004E+03   0.518740E+01   0.386379E-01  -0.365141E+01
  2137   0.179299E+03   0.520012E+01   0.385893E-01  -0.359305E+01
  2138   0.178595E+03   0.521311E+01   0.385407E-01  -0.353660E+01
  2139   0.177892E+03   0.522634E+01   0.384920E-01  -0.348208E+01
  2140   0.177188E+03   0.523983E+01   0.384433E-01  -0.342949E+01
  2141   0.176485E+03   0.525355E+01   0.383945E-01  -0.337883E+01
  2142   0.175782E+03   0.526748E+01   0.383457E-01  -0.333010E+01
  2143   0.175079E+03   0.528162E+01   0.382969E-01  -0.328330E+01
  2144   0.174378E+03   0.529596E+01   0.382480E-01  -0.323844E+01
  2145   0.173677E+03   0.531048E+01   0.381991E-01  -0.319552E+01
  2146   0.172977E+03   0.532516E+01   0.381502E-01  -0.315454E+01
  2147   0.172278E+03   0.534002E+01   0.381012E-01  -0.311550E+01
  2148   0.171580E+03   0.535501E+01   0.380522E-01  -0.307840E+01
  2149   0.170884E+03   0.537014E+01   0.380032E-01  -0.304323E+01
  2150   0.170189E+03   0.538539E+01   0.379542E-01  -0.301000E+01
  2151   0.169496E+03   0.540075E+01   0.379052E-01  -0.297869E+01
  2152   0.168804E+03   0.541621E+01   0.378561E-01  -0.294932E+01
  2153   0.168114E+03   0.543176E+01   0.378070E-01  -0.292187E+01
  2154   0.167426E+03   0.544738E+01   0.377580E-01  -0.289635E+01
  2155   0.166741E+03   0.546309E+01   0.377089E-01  -0.287274E+01
  2156   0.166056E+03   0.547884E+01   0.376598E-01  -0.285104E+01
  2157   0.165375E+03   0.549464E+01   0.376107E-01  -0.283123E+01
  2158   0.164696E+03   0.551049E+01   0.375616E-01  -0.281331E+01
  2159   0.164018E+03   0.552637E+01   0.375126E-01  -0.279727E+01
  2160   0.163344E+03   0.554227E+01   0.374635E-01  -0.278310E+01
  2161   0.162672E+03   0.555817E+01   0.374145E-01  -0.277080E+01
  2162   0.162003E+03   0.557408E+01   0.373654E-01  -0.276034E+01
  2163   0.161336E+03   0.558998E+01   0.373164E-01  -0.275173E+01
  2164   0.160673E+03   0.560585E+01   0.372674E-01  -0.274494E+01
  2165   0.160012E+03   0.562169E+01   0.372185E-01  -0.273997E+01
  2166   0.159354E+03   0.563749E+01   0.371695E-01  -0.273680E+01
  2167   0.158700E+03   0.565323E+01   0.371206E-01  -0.273543E+01
  2168   0.158048E+03   0.566892E+01   0.370718E-01  -0.273582E+01
  2169   0.157400E+03   0.568453E+01   0.370229E-01  -0.273796E+01
  2170   0.156756E+03   0.570006E+01   0.369741E-01  -0.274183E+01
  2171   0.156114E+03   0.571550E+01   0.369254E-01  -0.274740E+01
  2172   0.155477E+03   0.573086E+01   0.368766E-01  -0.275465E+01
  2173   0.154843E+03   0.574610E+01   0.368280E-01  -0.276356E+01
  2174   0.154214E+03   0.576123E+01   0.367794E-01  -0.277411E+01
  2175   0.153588E+03   0.577624E+01   0.367308E-01  -0.278627E+01
  2176   0.152967E+03   0.579111E+01   0.366823E-01  -0.280002E+01
  2177   0.152349E+03   0.580584E+01   0.366338E-01  -0.281534E+01
  2178   0.151736E+03   0.582042E+01   0.365854E-01  -0.283222E+01
  2179   0.151127E+03   0.583484E+01   0.365370E-01  -0.285063E+01
  2180   0.150522E+03   0.584908E+01   0.364887E-01  -0.287056E+01
  2181   0.149921E+03   0.586314E+01   0.364405E-01  -0.289197E+01
  2182   0.149326E+03   0.587700E+01   0.363923E-01  -0.291486E+01
  2183   0.148734E+03   0.589068E+01   0.363442E-01  -0.293917E+01
  2184   0.148148E+03   0.590414E+01   0.362962E-01  -0.296490E+01
  2185   0.147565E+03   0.591739E+01   0.362482E-01  -0.299201E+01
  2186   0.146988E+03   0.593042E+01   0.362003E-01  -0.302047E+01
  2187   0.146416E+03   0.594321E+01   0.361525E-01  -0.305026E+01
  2188   0.145848E+03   0.595577E+01   0.361047E-01  -0.308135E+01
  2189   0.145285E+03   0.596807E+01   0.360570E-01  -0.311371E+01
  2190   0.144728E+03   0.598013E+01   0.360094E-01  -0.314732E+01
  2191   0.144175E+03   0.599190E+01   0.359618E-01  -0.318215E+01
  2192   0.143628E+03   0.600341E+01   0.359144E-01  -0.321817E+01
  2193   0.143086E+03   0.601464E+01   0.358670E-01  -0.325535E+01
  2194   0.142548E+03   0.602557E+01   0.358197E-01  -0.329368E+01
  2195   0.142016E+03   0.603620E+01   0.357724E-01  -0.333312E+01
  2196   0.141490E+03   0.604651E+01   0.357253E-01  -0.337364E+01
  2197   0.140968E+03   0.605652E+01   0.356782E-01  -0.341521E+01
  2198   0.140452E+03   0.606620E+01   0.356312E-01  -0.345778E+01
  2199   0.139942E+03   0.607556E+01   0.355842E-01  -0.350134E+01
  2200   0.139437E+03   0.608459E+01   0.355374E-01  -0.354584E+01
  2201   0.138938E+03   0.609328E+01   0.354906E-01  -0.359126E+01
  2202   0.138444E+03   0.610162E+01   0.354440E-01  -0.363755E+01
  2203   0.137956E+03   0.610962E+01   0.353974E-01  -0.368472E+01
  2204   0.137474E+03   0.611726E+01   0.353509E-01  -0.373271E+01
  2205   0.136997E+03   0.612454E+01   0.353045E-01  -0.378152E+01
  2206   0.136526E+03   0.613147E+01   0.352581E-01  -0.383112E+01
  2207   0.136061E+03   0.613802E+01   0.352119E-01  -0.388149E+01
  2208   0.135601E+03   0.614419E+01   0.351658E-01  -0.393260E+01
  2209   0.135147E+03   0.614998E+01   0.351197E-01  -0.398443E+01
  2210   0.134699E+03   0.615538E+01   0.350737E-01  -0.403695E+01
  2211   0.134257E+03   0.616041E+01   0.350279E-01  -0.409012E+01
  2212   0.133820E+03   0.616504E+01   0.349821E-01  -0.414393E+01
  2213   0.133389E+03   0.616928E+01   0.349364E-01  -0.419834E+01
  2214   0.132964E+03   0.617312E+01   0.348908E-01  -0.425333E+01
  2215   0.132544E+03   0.617657E+01   0.348454E-01  -0.430886E+01
  2216   0.132131E+03   0.617961E+01   0.348000E-01  -0.436490E+01
  2217   0.131724E+03   0.618225E+01   0.347547E-01  -0.442143E+01
  2218   0.131322E+03   0.618449E+01   0.347096E-01  -0.447842E+01
  2219   0.130925E+03   0.618632E+01   0.346645E-01  -0.453584E+01
  2220   0.130535E+03   0.618774E+01   0.346195E-01  -0.459366E+01
  2221   0.130150E+03   0.618876E+01   0.345747E-01  -0.465185E+01
  2222   0.129772E+03   0.618936E+01   0.345300E-01  -0.471038E+01
  2223   0.129399E+03   0.618956E+01   0.344853E-01  -0.476922E+01
  2224   0.129032E+03   0.618934E+01   0.344408E-01  -0.482835E+01
  2225   0.128670E+03   0.618870E+01   0.343964E-01  -0.488773E+01
  2226   0.128314E+03   0.618765E+01   0.343522E-01  -0.494734E+01
  2227   0.127964E+03   0.618617E+01   0.343080E-01  -0.500714E+01
  2228   0.127620E+03   0.618427E+01   0.342640E-01  -0.506712E+01
  2229   0.127281E+03   0.618194E+01   0.342201E-01  -0.512724E+01
  2230   0.126947E+03   0.617919E+01   0.341763E-01  -0.518746E+01
  2231   0.126620E+03   0.617601E+01   0.341326E-01  -0.524776E+01
  2232   0.126298E+03   0.617241E+01   0.340891E-01  -0.530811E+01
  2233   0.125981E+03   0.616838E+01   0.340457E-01  -0.536847E+01
  2234   0.125670E+03   0.616394E+01   0.340024E-01  -0.542883E+01
  2235   0.125364E+03   0.615907E+01   0.339592E-01  -0.548914E+01
  2236   0.125064E+03   0.615380E+01   0.339162E-01  -0.554936E+01
  2237   0.124769E+03   0.614811E+01   0.338733E-01  -0.560949E+01
  2238   0.124480E+03   0.614201E+01   0.338305E-01  -0.566947E+01
  2239   0.124195E+03   0.613549E+01   0.337879E-01  -0.572929E+01
  2240   0.123916E+03   0.612857E+01   0.337454E-01  -0.578893E+01
  2241   0.123642E+03   0.612123E+01   0.337030E-01  -0.584833E+01
  2242   0.123373E+03   0.611348E+01   0.336608E-01  -0.590749E+01
  2243   0.123110E+03   0.610532E+01   0.336187E-01  -0.596636E+01
  2244   0.122852E+03   0.609674E+01   0.335768E-01  -0.602493E+01
  2245   0.122598E+03   0.608775E+01   0.335349E-01  -0.608316E+01
  2246   0.122349E+03   0.607835E+01   0.334932E-01  -0.614102E+01
  2247   0.122105E+03   0.606856E+01   0.334517E-01  -0.619849E+01
  2248   0.121866E+03   0.605835E+01   0.334102E-01  -0.625553E+01
  2249   0.121632E+03   0.604775E+01   0.333689E-01  -0.631213E+01
  2250   0.121403E+03   0.603675E+01   0.333278E-01  -0.636824E+01
  2251   0.121178E+03   0.602536E+01   0.332867E-01  -0.642384E+01
  2252   0.120958E+03   0.601356E+01   0.332458E-01  -0.647892E+01
  2253   0.120742E+03   0.600138E+01   0.332051E-01  -0.653344E+01
  2254   0.120530E+03   0.598881E+01   0.331644E-01  -0.658739E+01
  2255   0.120323E+03   0.597583E+01   0.331239E-01  -0.664075E+01
  2256   0.120120E+03   0.596247E+01   0.330835E-01  -0.669350E+01
  2257   0.119922E+03   0.594872E+01   0.330433E-01  -0.674562E+01
  2258   0.119727E+03   0.593458E+01   0.330031E-01  -0.679708E+01
  2259   0.119537E+03   0.592006E+01   0.329631E-01  -0.684787E+01
  2260   0.119351E+03   0.590516E+01   0.329232E-01  -0.689797E+01
  2261   0.119170E+03   0.588988E+01   0.328834E-01  -0.694736E+01
  2262   0.118992E+03   0.587424E+01   0.328438E-01  -0.699603E+01
  2263   0.118817E+03   0.585825E+01   0.328042E-01  -0.704395E+01
  2264   0.118647E+03   0.584190E+01   0.327648E-01  -0.709110E+01
  2265   0.118480E+03   0.582521E+01   0.327255E-01  -0.713746E+01
  2266   0.118318E+03   0.580817E+01   0.326863E-01  -0.718307E+01
  2267   0.118159E+03   0.579081E+01   0.326472E-01  -0.722781E+01
  2268   0.118003E+03   0.577310E+01   0.326083E-01  -0.727173E+01
  2269   0.117851E+03   0.575507E+01   0.325694E-01  -0.731478E+01
  2270   0.117702E+03   0.573672E+01   0.325307E-01  -0.735706E+01
  2271   0.117557E+03   0.571804E+01   0.324920E-01  -0.739842E+01
  2272   0.117415E+03   0.569905E+01   0.324535E-01  -0.743888E+01
  2273   0.117277E+03   0.567975E+01   0.324150E-01  -0.747847E+01
  2274   0.117142E+03   0.566014E+01   0.323767E-01  -0.751712E+01
  2275   0.117009E+03   0.564024E+01   0.323384E-01  -0.755485E+01
  2276   0.116880E+03   0.562006E+01   0.323003E-01  -0.759167E+01
  2277   0.116753E+03   0.559959E+01   0.322622E-01  -0.762753E+01
  2278   0.116629E+03   0.557885E+01   0.322243E-01  -0.766244E+01
  2279   0.116508E+03   0.555784E+01   0.321864E-01  -0.769642E+01
  2280   0.116390E+03   0.553657E+01   0.321487E-01  -0.772940E+01
  2281   0.116275E+03   0.551503E+01   0.321110E-01  -0.776133E+01
  2282   0.116161E+03   0.549326E+01   0.320735E-01  -0.779229E+01
  2283   0.116050E+03   0.547123E+01   0.320360E-01  -0.782230E+01
  2284   0.115942E+03   0.544897E+01   0.319986E-01  -0.785122E+01
  2285   0.115836E+03   0.542646E+01   0.319613E-01  -0.787915E+01
  2286   0.115732E+03   0.540373E+01   0.319241E-01  -0.790601E+01
  2287   0.115630E+03   0.538079E+01   0.318870E-01  -0.793189E+01
  2288   0.115531E+03   0.535762E+01   0.318500E-01  -0.795666E+01
  2289   0.115433E+03   0.533426E+01   0.318130E-01  -0.798041E+01
  2290   0.115337E+03   0.531071E+01   0.317762E-01  -0.800306E+01
  2291   0.115243E+03   0.528697E+01   0.317394E-01  -0.802471E+01
  2292   0.115151E+03   0.526305E+01   0.317028E-01  -0.804530E+01
  2293   0.115060E+03   0.523897E+01   0.316662E-01  -0.806474E+01
  2294   0.114971E+03   0.521474E+01   0.316297E-01  -0.808322E+01
  2295   0.114884E+03   0.519034E+01   0.315933E-01  -0.810050E+01
  2296   0.114797E+03   0.516580E+01   0.315570E-01  -0.811675E+01
  2297   0.114712E+03   0.514112E+01   0.315207E-01  -0.813191E+01
  2298   0.114628E+03   0.511631E+01   0.314846E-01  -0.814605E+01
  2299   0.114546E+03   0.509138E+01   0.314485E-01  -0.815903E+01
  2300   0.114464E+03   0.506632E+01   0.314125E-01  -0.817086E+01
  2301   0.114384E+03   0.504114E+01   0.313766E-01  -0.818169E+01
  2302   0.114304E+03   0.501587E+01   0.313408E-01  -0.819131E+01
  2303   0.114225E+03   0.499049E+01   0.313051E-01  -0.819995E+01
  2304   0.114147E+03   0.496501E+01   0.312695E-01  -0.820739E+01
  2305   0.114069E+03   0.493946E+01   0.312339E-01  -0.821377E+01
  2306   0.113992E+03   0.491381E+01   0.311984E-01  -0.821904E+01
  2307   0.113916E+03   0.488809E+01   0.311630E-01  -0.822319E+01
  2308   0.113839E+03   0.486230E+01   0.311277E-01  -0.822623E+01
  2309   0.113763E+03   0.483645E+01   0.310924E-01  -0.822815E+01
  2310   0.113688E+03   0.481054E+01   0.310573E-01  -0.822905E+01
  2311   0.113613E+03   0.478457E+01   0.310222E-01  -0.822884E+01
  2312   0.113537E+03   0.475857E+01   0.309871E-01  -0.822745E+01
  2313   0.113462E+03   0.473251E+01   0.309522E-01  -0.822503E+01
  2314   0.113388E+03   0.470644E+01   0.309173E-01  -0.822158E+01
  2315   0.113313E+03   0.468032E+01   0.308825E-01  -0.821696E+01
  2316   0.113238E+03   0.465419E+01   0.308478E-01  -0.821131E+01
  2317   0.113162E+03   0.462805E+01   0.308131E-01  -0.820456E+01
  2318   0.113087E+03   0.460190E+01   0.307785E-01  -0.819671E+01
  2319   0.113011E+03   0.457574E+01   0.307440E-01  -0.818783E+01
  2320   0.112935E+03   0.454958E+01   0.307095E-01  -0.817792E+01
  2321   0.112858E+03   0.452343E+01   0.306751E-01  -0.816690E+01
  2322   0.112780E+03   0.449730E+01   0.306407E-01  -0.815486E+01
  2323   0.112703E+03   0.447119E+01   0.306064E-01  -0.814177E+01
  2324   0.112624E+03   0.444511E+01   0.305721E-01  -0.812765E+01
  2325   0.112545E+03   0.441906E+01   0.305379E-01  -0.811257E+01
  2326   0.112465E+03   0.439307E+01   0.305037E-01  -0.809644E+01
  2327   0.112384E+03   0.436713E+01   0.304696E-01  -0.807927E+01
  2328   0.112303E+03   0.434126E+01   0.304356E-01  -0.806121E+01
  2329   0.112221E+03   0.431545E+01   0.304015E-01  -0.804216E+01
  2330   0.112137E+03   0.428972E+01   0.303675E-01  -0.802214E+01
  2331   0.112053E+03   0.426406E+01   0.303336E-01  -0.800121E+01
  2332   0.111967E+03   0.423849E+01   0.302997E-01  -0.797929E+01
  2333   0.111881E+03   0.421301E+01   0.302658E-01  -0.795645E+01
  2334   0.111793E+03   0.418763E+01   0.302319E-01  -0.793270E+01
  2335   0.111704E+03   0.416235E+01   0.301981E-01  -0.790802E+01
  2336   0.111614E+03   0.413717E+01   0.301643E-01  -0.788249E+01
  2337   0.111523E+03   0.411211E+01   0.301305E-01  -0.785610E+01
  2338   0.111429E+03   0.408717E+01   0.300967E-01  -0.782877E+01
  2339   0.111335E+03   0.406236E+01   0.300630E-01  -0.780065E+01
  2340   0.111239E+03   0.403768E+01   0.300293E-01  -0.777174E+01
  2341   0.111141E+03   0.401315E+01   0.299955E-01  -0.774195E+01
  2342   0.111043E+03   0.398876E+01   0.299618E-01  -0.771135E+01
  2343   0.110942E+03   0.396453E+01   0.299282E-01  -0.768001E+01
  2344   0.110840E+03   0.394045E+01   0.298945E-01  -0.764794E+01
  2345   0.110735E+03   0.391654E+01   0.298608E-01  -0.761504E+01
  2346   0.110630E+03   0.389279E+01   0.298271E-01  -0.758146E+01
  2347   0.110523E+03   0.386923E+01   0.297935E-01  -0.754713E+01
  2348   0.110414E+03   0.384583E+01   0.297598E-01  -0.751211E+01
  2349   0.110302E+03   0.382262E+01   0.297262E-01  -0.747639E+01
  2350   0.110189E+03   0.379961E+01   0.296925E-01  -0.744004E+01
  2351   0.110074E+03   0.377679E+01   0.296589E-01  -0.740299E+01
  2352   0.109958E+03   0.375417E+01   0.296252E-01  -0.736537E+01
  2353   0.109839E+03   0.373176E+01   0.295916E-01  -0.732710E+01
  2354   0.109718E+03   0.370955E+01   0.295579E-01  -0.728831E+01
  2355   0.109595E+03   0.368756E+01   0.295243E-01  -0.724885E+01
  2356   0.109470E+03   0.366580E+01   0.294906E-01  -0.720885E+01
  2357   0.109344E+03   0.364426E+01   0.294570E-01  -0.716838E+01
  2358   0.109215E+03   0.362295E+01   0.294233E-01  -0.712735E+01
  2359   0.109084E+03   0.360186E+01   0.293897E-01  -0.708582E+01
  2360   0.108951E+03   0.358101E+01   0.293560E-01  -0.704371E+01
  2361   0.108817E+03   0.356039E+01   0.293224E-01  -0.700123E+01
  2362   0.108679E+03   0.354002E+01   0.292887E-01  -0.695822E+01
  2363   0.108540E+03   0.351989E+01   0.292550E-01  -0.691481E+01
  2364   0.108398E+03   0.349999E+01   0.292214E-01  -0.687092E+01
  2365   0.108255E+03   0.348035E+01   0.291877E-01  -0.682668E+01
  2366   0.108109E+03   0.346096E+01   0.291540E-01  -0.678200E+01
  2367   0.107961E+03   0.344181E+01   0.291203E-01  -0.673696E+01
  2368   0.107811E+03   0.342292E+01   0.290867E-01  -0.669152E+01
  2369   0.107659E+03   0.340430E+01   0.290530E-01  -0.664584E+01
  2370   0.107504E+03   0.338593E+01   0.290193E-01  -0.659974E+01
  2371   0.107348E+03   0.336783E+01   0.289856E-01  -0.655336E+01
  2372   0.107189E+03   0.334999E+01   0.289519E-01  -0.650669E+01
  2373   0.107028E+03   0.333242E+01   0.289183E-01  -0.645979E+01
  2374   0.106865E+03   0.331512E+01   0.288846E-01  -0.641264E+01
  2375   0.106700E+03   0.329808E+01   0.288509E-01  -0.636523E+01
  2376   0.106533E+03   0.328133E+01   0.288172E-01  -0.631762E+01
  2377   0.106362E+03   0.326484E+01   0.287835E-01  -0.626979E+01
  2378   0.106190E+03   0.324863E+01   0.287498E-01  -0.622178E+01
  2379   0.106016E+03   0.323269E+01   0.287161E-01  -0.617360E+01
  2380   0.105841E+03   0.321703E+01   0.286824E-01  -0.612529E+01
  2381   0.105662E+03   0.320165E+01   0.286488E-01  -0.607684E+01
  2382   0.105481E+03   0.318654E+01   0.286151E-01  -0.602827E+01
  2383   0.105298E+03   0.317172E+01   0.285814E-01  -0.597960E+01
  2384   0.105113E+03   0.315718E+01   0.285477E-01  -0.593083E+01
  2385   0.104926E+03   0.314291E+01   0.285139E-01  -0.588200E+01
  2386   0.104736E+03   0.312892E+01   0.284802E-01  -0.583312E+01
  2387   0.104544E+03   0.311521E+01   0.284465E-01  -0.578420E+01
  2388   0.104351E+03   0.310179E+01   0.284128E-01  -0.573528E+01
  2389   0.104155E+03   0.308866E+01   0.283790E-01  -0.568636E+01
  2390   0.103956E+03   0.307580E+01   0.283453E-01  -0.563746E+01
  2391   0.103756E+03   0.306322E+01   0.283116E-01  -0.558861E+01
  2392   0.103554E+03   0.305093E+01   0.282778E-01  -0.553982E+01
  2393   0.103349E+03   0.303893E+01   0.282440E-01  -0.549110E+01
  2394   0.103143E+03   0.302720E+01   0.282102E-01  -0.544247E+01
  2395   0.102935E+03   0.301576E+01   0.281764E-01  -0.539395E+01
  2396   0.102724E+03   0.300460E+01   0.281426E-01  -0.534556E+01
  2397   0.102512E+03   0.299372E+01   0.281088E-01  -0.529730E+01
  2398   0.102298E+03   0.298313E+01   0.280749E-01  -0.524921E+01
  2399   0.102082E+03   0.297281E+01   0.280410E-01  -0.520128E+01
  2400   0.101863E+03   0.296277E+01   0.280071E-01  -0.515354E+01
  2401   0.101642E+03   0.295301E+01   0.279732E-01  -0.510601E+01
  2402   0.101421E+03   0.294352E+01   0.279393E-01  -0.505869E+01
  2403   0.101196E+03   0.293431E+01   0.279053E-01  -0.501163E+01
  2404   0.100971E+03   0.292537E+01   0.278714E-01  -0.496480E+01
  2405   0.100743E+03   0.291672E+01   0.278373E-01  -0.491824E+01
  2406   0.100514E+03   0.290834E+01   0.278033E-01  -0.487195E+01
  2407   0.100283E+03   0.290024E+01   0.277693E-01  -0.482596E+01
  2408   0.100049E+03   0.289240E+01   0.277352E-01  -0.478026E+01
  2409   0.998148E+02   0.288483E+01   0.277010E-01  -0.473488E+01
  2410   0.995780E+02   0.287754E+01   0.276669E-01  -0.468982E+01
  2411   0.993402E+02   0.287051E+01   0.276327E-01  -0.464511E+01
  2412   0.990999E+02   0.286375E+01   0.275985E-01  -0.460075E+01
  2413   0.988586E+02   0.285725E+01   0.275643E-01  -0.455675E+01
  2414   0.986156E+02   0.285102E+01   0.275300E-01  -0.451314E+01
  2415   0.983708E+02   0.284505E+01   0.274957E-01  -0.446992E+01
  2416   0.981249E+02   0.283934E+01   0.274614E-01  -0.442710E+01
  2417   0.978772E+02   0.283389E+01   0.274270E-01  -0.438471E+01
  2418   0.976284E+02   0.282869E+01   0.273926E-01  -0.434277E+01
  2419   0.973778E+02   0.282376E+01   0.273582E-01  -0.430127E+01
  2420   0.971267E+02   0.281907E+01   0.273238E-01  -0.426023E+01
  2421   0.968738E+02   0.281464E+01   0.272893E-01  -0.421966E+01
  2422   0.966197E+02   0.281045E+01   0.272548E-01  -0.417959E+01
  2423   0.963652E+02   0.280650E+01   0.272203E-01  -0.414001E+01
  2424   0.961087E+02   0.280280E+01   0.271857E-01  -0.410094E+01
  2425   0.958517E+02   0.279934E+01   0.271512E-01  -0.406239E+01
  2426   0.955934E+02   0.279611E+01   0.271166E-01  -0.402437E+01
  2427   0.953339E+02   0.279312E+01   0.270820E-01  -0.398689E+01
  2428   0.950738E+02   0.279036E+01   0.270473E-01  -0.394997E+01
  2429   0.948132E+02   0.278783E+01   0.270127E-01  -0.391361E+01
  2430   0.945511E+02   0.278552E+01   0.269780E-01  -0.387781E+01
  2431   0.942885E+02   0.278343E+01   0.269433E-01  -0.384260E+01
  2432   0.940251E+02   0.278157E+01   0.269086E-01  -0.380799E+01
  2433   0.937611E+02   0.277991E+01   0.268739E-01  -0.377397E+01
  2434   0.934971E+02   0.277847E+01   0.268392E-01  -0.374056E+01
  2435   0.932317E+02   0.277723E+01   0.268045E-01  -0.370776E+01
  2436   0.929661E+02   0.277620E+01   0.267697E-01  -0.367559E+01
  2437   0.926998E+02   0.277536E+01   0.267350E-01  -0.364405E+01
  2438   0.924334E+02   0.277472E+01   0.267002E-01  -0.361314E+01
  2439   0.921661E+02   0.277427E+01   0.266655E-01  -0.358287E+01
  2440   0.918986E+02   0.277400E+01   0.266307E-01  -0.355325E+01
  2441   0.916309E+02   0.277392E+01   0.265960E-01  -0.352428E+01
  2442   0.913630E+02   0.277402E+01   0.265612E-01  -0.349597E+01
  2443   0.910941E+02   0.277428E+01   0.265265E-01  -0.346831E+01
  2444   0.908257E+02   0.277471E+01   0.264918E-01  -0.344132E+01
  2445   0.905576E+02   0.277531E+01   0.264570E-01  -0.341501E+01
  2446   0.902884E+02   0.277607E+01   0.264223E-01  -0.338935E+01
  2447   0.900203E+02   0.277698E+01   0.263876E-01  -0.336438E+01
  2448   0.897517E+02   0.277804E+01   0.263529E-01  -0.334007E+01
  2449   0.894826E+02   0.277924E+01   0.263182E-01  -0.331645E+01
  2450   0.892145E+02   0.278059E+01   0.262836E-01  -0.329350E+01
  2451   0.889458E+02   0.278206E+01   0.262489E-01  -0.327123E+01
  2452   0.886780E+02   0.278366E+01   0.262143E-01  -0.324963E+01
  2453   0.884095E+02   0.278539E+01   0.261796E-01  -0.322872E+01
  2454   0.881417E+02   0.278724E+01   0.261450E-01  -0.320850E+01
  2455   0.878739E+02   0.278921E+01   0.261104E-01  -0.318894E+01
  2456   0.876068E+02   0.279129E+01   0.260758E-01  -0.317007E+01
  2457   0.873403E+02   0.279348E+01   0.260413E-01  -0.315187E+01
  2458   0.870735E+02   0.279577E+01   0.260067E-01  -0.313435E+01
  2459   0.868066E+02   0.279816E+01   0.259722E-01  -0.311750E+01
  2460   0.865408E+02   0.280065E+01   0.259377E-01  -0.310132E+01
  2461   0.862754E+02   0.280323E+01   0.259032E-01  -0.308581E+01
  2462   0.860097E+02   0.280590E+01   0.258687E-01  -0.307097E+01
  2463   0.857457E+02   0.280865E+01   0.258342E-01  -0.305679E+01
  2464   0.854813E+02   0.281148E+01   0.257998E-01  -0.304327E+01
  2465   0.852178E+02   0.281439E+01   0.257653E-01  -0.303041E+01
  2466   0.849544E+02   0.281736E+01   0.257309E-01  -0.301821E+01
  2467   0.846919E+02   0.282041E+01   0.256965E-01  -0.300666E+01
  2468   0.844303E+02   0.282352E+01   0.256621E-01  -0.299575E+01
  2469   0.841694E+02   0.282668E+01   0.256278E-01  -0.298549E+01
  2470   0.839085E+02   0.282991E+01   0.255934E-01  -0.297588E+01
  2471   0.836490E+02   0.283318E+01   0.255591E-01  -0.296690E+01
  2472   0.833902E+02   0.283649E+01   0.255247E-01  -0.295856E+01
  2473   0.831320E+02   0.283985E+01   0.254904E-01  -0.295085E+01
  2474   0.828743E+02   0.284325E+01   0.254561E-01  -0.294377E+01
  2475   0.826179E+02   0.284668E+01   0.254218E-01  -0.293732E+01
  2476   0.823621E+02   0.285015E+01   0.253875E-01  -0.293149E+01
  2477   0.821074E+02   0.285364E+01   0.253533E-01  -0.292628E+01
  2478   0.818540E+02   0.285715E+01   0.253190E-01  -0.292168E+01
  2479   0.816016E+02   0.286069E+01   0.252848E-01  -0.291768E+01
  2480   0.813497E+02   0.286424E+01   0.252505E-01  -0.291430E+01
  2481   0.810995E+02   0.286780E+01   0.252163E-01  -0.291151E+01
  2482   0.808504E+02   0.287138E+01   0.251821E-01  -0.290932E+01
  2483   0.806024E+02   0.287496E+01   0.251480E-01  -0.290773E+01
  2484   0.803553E+02   0.287855E+01   0.251138E-01  -0.290671E+01
  2485   0.801100E+02   0.288213E+01   0.250796E-01  -0.290629E+01
  2486   0.798663E+02   0.288571E+01   0.250455E-01  -0.290644E+01
  2487   0.796236E+02   0.288928E+01   0.250114E-01  -0.290716E+01
  2488   0.793825E+02   0.289284E+01   0.249773E-01  -0.290847E+01
  2489   0.791423E+02   0.289638E+01   0.249432E-01  -0.291033E+01
  2490   0.789037E+02   0.289989E+01   0.249091E-01  -0.291276E+01
  2491   0.786674E+02   0.290339E+01   0.248751E-01  -0.291574E+01
  2492   0.784319E+02   0.290686E+01   0.248411E-01  -0.291928E+01
  2493   0.781980E+02   0.291030E+01   0.248071E-01  -0.292336E+01
  2494   0.779659E+02   0.291371E+01   0.247731E-01  -0.292797E+01
  2495   0.777354E+02   0.291708E+01   0.247392E-01  -0.293311E+01
  2496   0.775067E+02   0.292040E+01   0.247053E-01  -0.293878E+01
  2497   0.772796E+02   0.292369E+01   0.246714E-01  -0.294496E+01
  2498   0.770543E+02   0.292693E+01   0.246376E-01  -0.295164E+01
  2499   0.768308E+02   0.293010E+01   0.246038E-01  -0.295883E+01
  2500   0.766091E+02   0.293323E+01   0.245701E-01  -0.296651E+01
  2501   0.763892E+02   0.293629E+01   0.245363E-01  -0.297467E+01
  2502   0.761711E+02   0.293928E+01   0.245027E-01  -0.298331E+01
  2503   0.759549E+02   0.294220E+01   0.244690E-01  -0.299243E+01
  2504   0.757406E+02   0.294506E+01   0.244354E-01  -0.300200E+01
  2505   0.755282E+02   0.294784E+01   0.244019E-01  -0.301202E+01
  2506   0.753176E+02   0.295054E+01   0.243684E-01  -0.302250E+01
  2507   0.751091E+02   0.295316E+01   0.243350E-01  -0.303341E+01
  2508   0.749025E+02   0.295571E+01   0.243016E-01  -0.304474E+01
  2509   0.746978E+02   0.295817E+01   0.242683E-01  -0.305650E+01
  2510   0.744951E+02   0.296053E+01   0.242350E-01  -0.306865E+01
  2511   0.742944E+02   0.296282E+01   0.242018E-01  -0.308121E+01
  2512   0.740958E+02   0.296500E+01   0.241686E-01  -0.309415E+01
  2513   0.738990E+02   0.296709E+01   0.241355E-01  -0.310747E+01
  2514   0.737042E+02   0.296908E+01   0.241025E-01  -0.312115E+01
  2515   0.735115E+02   0.297097E+01   0.240695E-01  -0.313517E+01
  2516   0.733208E+02   0.297275E+01   0.240366E-01  -0.314953E+01
  2517   0.731320E+02   0.297442E+01   0.240038E-01  -0.316423E+01
  2518   0.729451E+02   0.297599E+01   0.239710E-01  -0.317923E+01
  2519   0.727602E+02   0.297744E+01   0.239383E-01  -0.319453E+01
  2520   0.725773E+02   0.297876E+01   0.239057E-01  -0.321011E+01
  2521   0.723964E+02   0.297998E+01   0.238732E-01  -0.322597E+01
  2522   0.722174E+02   0.298107E+01   0.238407E-01  -0.324209E+01
  2523   0.720403E+02   0.298204E+01   0.238083E-01  -0.325844E+01
  2524   0.718652E+02   0.298288E+01   0.237759E-01  -0.327502E+01
  2525   0.716920E+02   0.298360E+01   0.237436E-01  -0.329182E+01
  2526   0.715207E+02   0.298418E+01   0.237114E-01  -0.330880E+01
  2527   0.713513E+02   0.298463E+01   0.236793E-01  -0.332598E+01
  2528   0.711839E+02   0.298495E+01   0.236472E-01  -0.334333E+01
  2529   0.710183E+02   0.298513E+01   0.236152E-01  -0.336082E+01
  2530   0.708546E+02   0.298518E+01   0.235833E-01  -0.337846E+01
  2531   0.706927E+02   0.298509E+01   0.235514E-01  -0.339623E+01
  2532   0.705327E+02   0.298486E+01   0.235196E-01  -0.341410E+01
  2533   0.703745E+02   0.298449E+01   0.234878E-01  -0.343208E+01
  2534   0.702182E+02   0.298397E+01   0.234562E-01  -0.345014E+01
  2535   0.700636E+02   0.298330E+01   0.234246E-01  -0.346827E+01
  2536   0.699108E+02   0.298249E+01   0.233930E-01  -0.348645E+01
  2537   0.697598E+02   0.298153E+01   0.233615E-01  -0.350469E+01
  2538   0.696105E+02   0.298042E+01   0.233301E-01  -0.352296E+01
  2539   0.694630E+02   0.297916E+01   0.232987E-01  -0.354125E+01
  2540   0.693173E+02   0.297774E+01   0.232674E-01  -0.355955E+01
  2541   0.691733E+02   0.297618E+01   0.232362E-01  -0.357785E+01
  2542   0.690310E+02   0.297446E+01   0.232050E-01  -0.359614E+01
  2543   0.688905E+02   0.297261E+01   0.231738E-01  -0.361440E+01
  2544   0.687517E+02   0.297059E+01   0.231428E-01  -0.363263E+01
  2545   0.686145E+02   0.296844E+01   0.231117E-01  -0.365082E+01
  2546   0.684791E+02   0.296613E+01   0.230807E-01  -0.366894E+01
  2547   0.683454E+02   0.296368E+01   0.230498E-01  -0.368701E+01
  2548   0.682133E+02   0.296107E+01   0.230189E-01  -0.370500E+01
  2549   0.680830E+02   0.295832E+01   0.229881E-01  -0.372291E+01
  2550   0.679543E+02   0.295543E+01   0.229574E-01  -0.374073E+01
  2551   0.678272E+02   0.295238E+01   0.229266E-01  -0.375846E+01
  2552   0.677018E+02   0.294918E+01   0.228960E-01  -0.377607E+01
  2553   0.675780E+02   0.294583E+01   0.228653E-01  -0.379358E+01
  2554   0.674559E+02   0.294234E+01   0.228348E-01  -0.381097E+01
  2555   0.673354E+02   0.293869E+01   0.228042E-01  -0.382825E+01
  2556   0.672164E+02   0.293491E+01   0.227738E-01  -0.384541E+01
  2557   0.670992E+02   0.293097E+01   0.227433E-01  -0.386244E+01
  2558   0.669836E+02   0.292690E+01   0.227130E-01  -0.387933E+01
  2559   0.668696E+02   0.292268E+01   0.226827E-01  -0.389610E+01
  2560   0.667573E+02   0.291832E+01   0.226524E-01  -0.391272E+01
  2561   0.666465E+02   0.291381E+01   0.226222E-01  -0.392920E+01
  2562   0.665373E+02   0.290917E+01   0.225920E-01  -0.394555E+01
  2563   0.664298E+02   0.290438E+01   0.225619E-01  -0.396173E+01
  2564   0.663238E+02   0.289946E+01   0.225319E-01  -0.397776E+01
  2565   0.662193E+02   0.289439E+01   0.225019E-01  -0.399363E+01
  2566   0.661164E+02   0.288918E+01   0.224719E-01  -0.400934E+01
  2567   0.660151E+02   0.288383E+01   0.224420E-01  -0.402487E+01
  2568   0.659153E+02   0.287836E+01   0.224122E-01  -0.404022E+01
  2569   0.658170E+02   0.287274E+01   0.223825E-01  -0.405541E+01
  2570   0.657202E+02   0.286700E+01   0.223528E-01  -0.407040E+01
  2571   0.656250E+02   0.286112E+01   0.223231E-01  -0.408521E+01
  2572   0.655312E+02   0.285511E+01   0.222936E-01  -0.409982E+01
  2573   0.654388E+02   0.284898E+01   0.222641E-01  -0.411423E+01
  2574   0.653480E+02   0.284273E+01   0.222346E-01  -0.412843E+01
  2575   0.652585E+02   0.283635E+01   0.222053E-01  -0.414241E+01
  2576   0.651704E+02   0.282985E+01   0.221760E-01  -0.415618E+01
  2577   0.650836E+02   0.282322E+01   0.221468E-01  -0.416971E+01
  2578   0.649982E+02   0.281648E+01   0.221176E-01  -0.418299E+01
  2579   0.649141E+02   0.280961E+01   0.220885E-01  -0.419603E+01
  2580   0.648313E+02   0.280262E+01   0.220595E-01  -0.420882E+01
  2581   0.647496E+02   0.279551E+01   0.220306E-01  -0.422133E+01
  2582   0.646691E+02   0.278828E+01   0.220017E-01  -0.423356E+01
  2583   0.645898E+02   0.278094E+01   0.219730E-01  -0.424550E+01
  2584   0.645116E+02   0.277348E+01   0.219442E-01  -0.425715E+01
  2585   0.644345E+02   0.276590E+01   0.219156E-01  -0.426850E+01
  2586   0.643584E+02   0.275821E+01   0.218871E-01  -0.427953E+01
  2587   0.642832E+02   0.275042E+01   0.218586E-01  -0.429022E+01
  2588   0.642091E+02   0.274250E+01   0.218302E-01  -0.430057E+01
  2589   0.641359E+02   0.273447E+01   0.218019E-01  -0.431058E+01
  2590   0.640634E+02   0.272634E+01   0.217736E-01  -0.432022E+01
  2591   0.639919E+02   0.271810E+01   0.217454E-01  -0.432949E+01
  2592   0.639210E+02   0.270975E+01   0.217173E-01  -0.433838E+01
  2593   0.638509E+02   0.270128E+01   0.216893E-01  -0.434686E+01
  2594   0.637814E+02   0.269272E+01   0.216613E-01  -0.435494E+01
  2595   0.637126E+02   0.268404E+01   0.216334E-01  -0.436260E+01
  2596   0.636443E+02   0.267527E+01   0.216056E-01  -0.436983E+01
  2597   0.635766E+02   0.266640E+01   0.215779E-01  -0.437663E+01
  2598   0.635093E+02   0.265742E+01   0.215502E-01  -0.438298E+01
  2599   0.634424E+02   0.264836E+01   0.215226E-01  -0.438889E+01
  2600   0.633760E+02   0.263919E+01   0.214950E-01  -0.439433E+01
