#    L    TT             EE             TE             PP             TP          
     2   0.923988E+03   0.321802E-01   0.266591E+01   0.108742E+07   0.241143E+05
     3   0.897208E+03   0.405748E-01   0.298675E+01   0.166965E+07   0.286710E+05
     4   0.862619E+03   0.343972E-01   0.277995E+01   0.218328E+07   0.307269E+05
     5   0.835437E+03   0.224096E-01   0.234318E+01   0.263496E+07   0.314716E+05
     6   0.817130E+03   0.122923E-01   0.186629E+01   0.303231E+07   0.315214E+05
     7   0.806358E+03   0.664289E-02   0.145188E+01   0.338364E+07   0.312154E+05
     8   0.800961E+03   0.436856E-02   0.114167E+01   0.369553E+07   0.306815E+05
     9   0.799996E+03   0.352157E-02   0.938308E+00   0.397372E+07   0.299755E+05
    10   0.802256E+03   0.296340E-02   0.829834E+00   0.422219E+07   0.291749E+05
    11   0.806483E+03   0.247538E-02   0.795138E+00   0.444574E+07   0.283789E+05
    12   0.813593E+03   0.218410E-02   0.813137E+00   0.464539E+07   0.276042E+05
    13   0.821771E+03   0.212562E-02   0.859156E+00   0.482601E+07   0.269074E+05
    14   0.830895E+03   0.221697E-02   0.912988E+00   0.498777E+07   0.261917E+05
    15   0.839955E+03   0.238857E-02   0.968669E+00   0.513424E+07   0.254714E+05
    16   0.850761E+03   0.264522E-02   0.102819E+01   0.526600E+07   0.247166E+05
    17   0.863198E+03   0.303116E-02   0.109004E+01   0.538458E+07   0.239613E+05
    18   0.876154E+03   0.358461E-02   0.115400E+01   0.549173E+07   0.232514E+05
    19   0.890393E+03   0.430158E-02   0.122346E+01   0.558816E+07   0.225870E+05
    20   0.904307E+03   0.515369E-02   0.129324E+01   0.567442E+07   0.219572E+05
    21   0.918609E+03   0.613758E-02   0.136723E+01   0.575165E+07   0.213543E+05
    22   0.933347E+03   0.726782E-02   0.144490E+01   0.582095E+07   0.207720E+05
    23   0.948138E+03   0.853333E-02   0.152272E+01   0.588286E+07   0.202100E+05
    24   0.963303E+03   0.992803E-02   0.159672E+01   0.593780E+07   0.196689E+05
    25   0.978981E+03   0.114606E-01   0.165981E+01   0.598638E+07   0.191490E+05
    26   0.994684E+03   0.131484E-01   0.171652E+01   0.602922E+07   0.186499E+05
    27   0.101083E+04   0.150038E-01   0.176789E+01   0.606681E+07   0.181675E+05
    28   0.102725E+04   0.170211E-01   0.180928E+01   0.609953E+07   0.176989E+05
    29   0.104387E+04   0.192253E-01   0.184593E+01   0.612746E+07   0.172488E+05
    30   0.106089E+04   0.216432E-01   0.187131E+01   0.615071E+07   0.168216E+05
    31   0.107769E+04   0.242708E-01   0.189613E+01   0.616985E+07   0.164147E+05
    32   0.109509E+04   0.271236E-01   0.191510E+01   0.618543E+07   0.160243E+05
    33   0.111255E+04   0.301611E-01   0.192628E+01   0.619770E+07   0.156478E+05
    34   0.113007E+04   0.334081E-01   0.193029E+01   0.620679E+07   0.152830E+05
    35   0.114823E+04   0.368704E-01   0.191785E+01   0.621294E+07   0.149272E+05
    36   0.116611E+04   0.405763E-01   0.189916E+01   0.621635E+07   0.145796E+05
    37   0.118425E+04   0.445551E-01   0.186861E+01   0.621724E+07   0.142468E+05
    38   0.120277E+04   0.487984E-01   0.182845E+01   0.621578E+07   0.139347E+05
    39   0.122155E+04   0.532948E-01   0.177886E+01   0.621209E+07   0.136399E+05
    40   0.124052E+04   0.580348E-01   0.171848E+01   0.620630E+07   0.133566E+05
    41   0.125959E+04   0.630133E-01   0.164638E+01   0.619851E+07   0.130797E+05
    42   0.127876E+04   0.682429E-01   0.156332E+01   0.618885E+07   0.128088E+05
    43   0.129804E+04   0.737407E-01   0.147007E+01   0.617746E+07   0.125442E+05
    44   0.131750E+04   0.795213E-01   0.136582E+01   0.616446E+07   0.122864E+05
    45   0.133719E+04   0.855967E-01   0.124944E+01   0.614997E+07   0.120358E+05
    46   0.135709E+04   0.919743E-01   0.112032E+01   0.613413E+07   0.117926E+05
    47   0.137718E+04   0.986545E-01   0.978044E+00   0.611702E+07   0.115568E+05
    48   0.139743E+04   0.105629E+00   0.822255E+00   0.609873E+07   0.113279E+05
    49   0.141783E+04   0.112889E+00   0.652653E+00   0.607935E+07   0.111058E+05
    50   0.143843E+04   0.120438E+00   0.469081E+00   0.605896E+07   0.108901E+05
    51   0.145929E+04   0.128277E+00   0.271635E+00   0.603765E+07   0.106805E+05
    52   0.148035E+04   0.136412E+00   0.612280E-01   0.601547E+07   0.104775E+05
    53   0.150155E+04   0.144845E+00  -0.161236E+00   0.599248E+07   0.102813E+05
    54   0.152287E+04   0.153576E+00  -0.395709E+00   0.596874E+07   0.100922E+05
    55   0.154430E+04   0.162609E+00  -0.642517E+00   0.594429E+07   0.991073E+04
    56   0.156595E+04   0.171941E+00  -0.902607E+00   0.591919E+07   0.973689E+04
    57   0.158792E+04   0.181568E+00  -0.117687E+01   0.589348E+07   0.956994E+04
    58   0.161017E+04   0.191490E+00  -0.146549E+01   0.586719E+07   0.940888E+04
    59   0.163262E+04   0.201706E+00  -0.176837E+01   0.584035E+07   0.925271E+04
    60   0.165524E+04   0.212207E+00  -0.208501E+01   0.581299E+07   0.910042E+04
    61   0.167804E+04   0.222988E+00  -0.241491E+01   0.578514E+07   0.895115E+04
    62   0.170103E+04   0.234043E+00  -0.275803E+01   0.575686E+07   0.880461E+04
    63   0.172423E+04   0.245371E+00  -0.311445E+01   0.572820E+07   0.866065E+04
    64   0.174764E+04   0.256969E+00  -0.348426E+01   0.569920E+07   0.851912E+04
    65   0.177129E+04   0.268836E+00  -0.386758E+01   0.566992E+07   0.837986E+04
    66   0.179522E+04   0.280965E+00  -0.426459E+01   0.564040E+07   0.824285E+04
    67   0.181941E+04   0.293348E+00  -0.467479E+01   0.561067E+07   0.810863E+04
    68   0.184381E+04   0.305976E+00  -0.509749E+01   0.558076E+07   0.797785E+04
    69   0.186839E+04   0.318841E+00  -0.553204E+01   0.555069E+07   0.785118E+04
    70   0.189311E+04   0.331936E+00  -0.597799E+01   0.552048E+07   0.772928E+04
    71   0.191796E+04   0.345257E+00  -0.643518E+01   0.549015E+07   0.761260E+04
    72   0.194303E+04   0.358798E+00  -0.690451E+01   0.545972E+07   0.750075E+04
    73   0.196846E+04   0.372555E+00  -0.738690E+01   0.542918E+07   0.739313E+04
    74   0.199424E+04   0.386517E+00  -0.788224E+01   0.539854E+07   0.728912E+04
    75   0.202038E+04   0.400670E+00  -0.839005E+01   0.536780E+07   0.718814E+04
    76   0.204683E+04   0.415001E+00  -0.890977E+01   0.533697E+07   0.708962E+04
    77   0.207348E+04   0.429499E+00  -0.943994E+01   0.530607E+07   0.699320E+04
    78   0.210030E+04   0.444152E+00  -0.998008E+01   0.527512E+07   0.689859E+04
    79   0.212734E+04   0.458948E+00  -0.105300E+02   0.524414E+07   0.680548E+04
    80   0.215462E+04   0.473875E+00  -0.110897E+02   0.521315E+07   0.671357E+04
    81   0.218216E+04   0.488922E+00  -0.116589E+02   0.518216E+07   0.662263E+04
    82   0.220997E+04   0.504078E+00  -0.122372E+02   0.515120E+07   0.653281E+04
    83   0.223804E+04   0.519332E+00  -0.128243E+02   0.512028E+07   0.644434E+04
    84   0.226636E+04   0.534672E+00  -0.134196E+02   0.508941E+07   0.635745E+04
    85   0.229491E+04   0.550086E+00  -0.140228E+02   0.505861E+07   0.627237E+04
    86   0.232371E+04   0.565564E+00  -0.146334E+02   0.502788E+07   0.618929E+04
    87   0.235271E+04   0.581093E+00  -0.152510E+02   0.499725E+07   0.610823E+04
    88   0.238190E+04   0.596659E+00  -0.158748E+02   0.496670E+07   0.602915E+04
    89   0.241129E+04   0.612250E+00  -0.165047E+02   0.493626E+07   0.595202E+04
    90   0.244087E+04   0.627847E+00  -0.171401E+02   0.490593E+07   0.587683E+04
    91   0.247066E+04   0.643438E+00  -0.177808E+02   0.487572E+07   0.580353E+04
    92   0.250067E+04   0.659008E+00  -0.184263E+02   0.484563E+07   0.573207E+04
    93   0.253089E+04   0.674541E+00  -0.190762E+02   0.481566E+07   0.566238E+04
    94   0.256134E+04   0.690024E+00  -0.197303E+02   0.478582E+07   0.559439E+04
    95   0.259201E+04   0.705443E+00  -0.203880E+02   0.475611E+07   0.552803E+04
    96   0.262291E+04   0.720783E+00  -0.210488E+02   0.472653E+07   0.546325E+04
    97   0.265404E+04   0.736030E+00  -0.217124E+02   0.469709E+07   0.539997E+04
    98   0.268539E+04   0.751167E+00  -0.223783E+02   0.466779E+07   0.533812E+04
    99   0.271696E+04   0.766180E+00  -0.230459E+02   0.463863E+07   0.527764E+04
   100   0.274875E+04   0.781059E+00  -0.237147E+02   0.460962E+07   0.521847E+04
   101   0.278076E+04   0.795787E+00  -0.243842E+02   0.458077E+07   0.516053E+04
   102   0.281298E+04   0.810344E+00  -0.250541E+02   0.455206E+07   0.510376E+04
   103   0.284541E+04   0.824727E+00  -0.257235E+02   0.452351E+07   0.504810E+04
   104   0.287805E+04   0.838909E+00  -0.263921E+02   0.449513E+07   0.499347E+04
   105   0.291087E+04   0.852881E+00  -0.270593E+02   0.446690E+07   0.493982E+04
   106   0.294389E+04   0.866630E+00  -0.277244E+02   0.443885E+07   0.488707E+04
   107   0.297709E+04   0.880146E+00  -0.283870E+02   0.441096E+07   0.483515E+04
   108   0.301045E+04   0.893408E+00  -0.290464E+02   0.438325E+07   0.478401E+04
   109   0.304399E+04   0.906409E+00  -0.297020E+02   0.435571E+07   0.473357E+04
   110   0.307769E+04   0.919127E+00  -0.303532E+02   0.432836E+07   0.468377E+04
   111   0.311154E+04   0.931553E+00  -0.309997E+02   0.430118E+07   0.463455E+04
   112   0.314554E+04   0.943681E+00  -0.316406E+02   0.427419E+07   0.458591E+04
   113   0.317968E+04   0.955488E+00  -0.322756E+02   0.424739E+07   0.453786E+04
   114   0.321395E+04   0.966959E+00  -0.329038E+02   0.422077E+07   0.449040E+04
   115   0.324836E+04   0.978094E+00  -0.335249E+02   0.419433E+07   0.444354E+04
   116   0.328288E+04   0.988878E+00  -0.341383E+02   0.416808E+07   0.439729E+04
   117   0.331753E+04   0.999289E+00  -0.347433E+02   0.414201E+07   0.435165E+04
   118   0.335227E+04   0.100933E+01  -0.353394E+02   0.411612E+07   0.430664E+04
   119   0.338711E+04   0.101898E+01  -0.359260E+02   0.409043E+07   0.426225E+04
   120   0.342205E+04   0.102823E+01  -0.365026E+02   0.406491E+07   0.421850E+04
   121   0.345707E+04   0.103707E+01  -0.370686E+02   0.403958E+07   0.417540E+04
   122   0.349216E+04   0.104550E+01  -0.376234E+02   0.401444E+07   0.413295E+04
   123   0.352731E+04   0.105350E+01  -0.381665E+02   0.398948E+07   0.409116E+04
   124   0.356252E+04   0.106106E+01  -0.386972E+02   0.396471E+07   0.405003E+04
   125   0.359778E+04   0.106818E+01  -0.392152E+02   0.394012E+07   0.400957E+04
   126   0.363307E+04   0.107484E+01  -0.397197E+02   0.391572E+07   0.396980E+04
   127   0.366839E+04   0.108104E+01  -0.402103E+02   0.389151E+07   0.393072E+04
   128   0.370373E+04   0.108678E+01  -0.406865E+02   0.386748E+07   0.389233E+04
   129   0.373909E+04   0.109205E+01  -0.411477E+02   0.384364E+07   0.385464E+04
   130   0.377444E+04   0.109683E+01  -0.415934E+02   0.381999E+07   0.381766E+04
   131   0.380979E+04   0.110112E+01  -0.420229E+02   0.379652E+07   0.378140E+04
   132   0.384512E+04   0.110493E+01  -0.424359E+02   0.377324E+07   0.374582E+04
   133   0.388043E+04   0.110824E+01  -0.428320E+02   0.375014E+07   0.371092E+04
   134   0.391571E+04   0.111107E+01  -0.432104E+02   0.372723E+07   0.367666E+04
   135   0.395094E+04   0.111339E+01  -0.435709E+02   0.370450E+07   0.364303E+04
   136   0.398613E+04   0.111521E+01  -0.439129E+02   0.368195E+07   0.360999E+04
   137   0.402127E+04   0.111654E+01  -0.442359E+02   0.365958E+07   0.357753E+04
   138   0.405634E+04   0.111736E+01  -0.445396E+02   0.363739E+07   0.354562E+04
   139   0.409133E+04   0.111769E+01  -0.448235E+02   0.361537E+07   0.351423E+04
   140   0.412626E+04   0.111751E+01  -0.450872E+02   0.359353E+07   0.348335E+04
   141   0.416109E+04   0.111685E+01  -0.453303E+02   0.357187E+07   0.345294E+04
   142   0.419582E+04   0.111568E+01  -0.455523E+02   0.355038E+07   0.342299E+04
   143   0.423045E+04   0.111403E+01  -0.457529E+02   0.352907E+07   0.339348E+04
   144   0.426496E+04   0.111189E+01  -0.459316E+02   0.350792E+07   0.336437E+04
   145   0.429935E+04   0.110926E+01  -0.460881E+02   0.348695E+07   0.333564E+04
   146   0.433359E+04   0.110616E+01  -0.462220E+02   0.346614E+07   0.330727E+04
   147   0.436768E+04   0.110259E+01  -0.463327E+02   0.344551E+07   0.327924E+04
   148   0.440159E+04   0.109856E+01  -0.464200E+02   0.342504E+07   0.325152E+04
   149   0.443532E+04   0.109407E+01  -0.464835E+02   0.340473E+07   0.322409E+04
   150   0.446885E+04   0.108912E+01  -0.465226E+02   0.338459E+07   0.319692E+04
   151   0.450216E+04   0.108374E+01  -0.465372E+02   0.336462E+07   0.317000E+04
   152   0.453525E+04   0.107793E+01  -0.465268E+02   0.334480E+07   0.314332E+04
   153   0.456812E+04   0.107169E+01  -0.464913E+02   0.332515E+07   0.311688E+04
   154   0.460075E+04   0.106506E+01  -0.464304E+02   0.330566E+07   0.309068E+04
   155   0.463314E+04   0.105803E+01  -0.463439E+02   0.328632E+07   0.306472E+04
   156   0.466530E+04   0.105061E+01  -0.462315E+02   0.326715E+07   0.303900E+04
   157   0.469720E+04   0.104283E+01  -0.460929E+02   0.324813E+07   0.301352E+04
   158   0.472886E+04   0.103469E+01  -0.459280E+02   0.322927E+07   0.298829E+04
   159   0.476026E+04   0.102621E+01  -0.457365E+02   0.321056E+07   0.296329E+04
   160   0.479138E+04   0.101741E+01  -0.455183E+02   0.319201E+07   0.293853E+04
   161   0.482221E+04   0.100831E+01  -0.452731E+02   0.317361E+07   0.291402E+04
   162   0.485273E+04   0.998909E+00  -0.450008E+02   0.315536E+07   0.288974E+04
   163   0.488295E+04   0.989252E+00  -0.447010E+02   0.313727E+07   0.286570E+04
   164   0.491283E+04   0.979336E+00  -0.443738E+02   0.311932E+07   0.284191E+04
   165   0.494237E+04   0.969184E+00  -0.440189E+02   0.310152E+07   0.281835E+04
   166   0.497157E+04   0.958819E+00  -0.436361E+02   0.308387E+07   0.279504E+04
   167   0.500041E+04   0.948266E+00  -0.432253E+02   0.306637E+07   0.277196E+04
   168   0.502889E+04   0.937545E+00  -0.427867E+02   0.304901E+07   0.274913E+04
   169   0.505699E+04   0.926682E+00  -0.423201E+02   0.303180E+07   0.272654E+04
   170   0.508471E+04   0.915691E+00  -0.418253E+02   0.301473E+07   0.270418E+04
   171   0.511203E+04   0.904604E+00  -0.413024E+02   0.299780E+07   0.268207E+04
   172   0.513897E+04   0.893442E+00  -0.407512E+02   0.298102E+07   0.266019E+04
   173   0.516548E+04   0.882230E+00  -0.401719E+02   0.296437E+07   0.263856E+04
   174   0.519158E+04   0.870991E+00  -0.395643E+02   0.294787E+07   0.261717E+04
   175   0.521726E+04   0.859762E+00  -0.389286E+02   0.293150E+07   0.259601E+04
   176   0.524250E+04   0.848560E+00  -0.382648E+02   0.291528E+07   0.257510E+04
   177   0.526730E+04   0.837423E+00  -0.375728E+02   0.289918E+07   0.255442E+04
   178   0.529163E+04   0.826374E+00  -0.368528E+02   0.288323E+07   0.253396E+04
   179   0.531551E+04   0.815437E+00  -0.361048E+02   0.286740E+07   0.251374E+04
   180   0.533892E+04   0.804651E+00  -0.353289E+02   0.285171E+07   0.249373E+04
   181   0.536186E+04   0.794045E+00  -0.345254E+02   0.283615E+07   0.247393E+04
   182   0.538431E+04   0.783653E+00  -0.336942E+02   0.282072E+07   0.245434E+04
   183   0.540627E+04   0.773496E+00  -0.328357E+02   0.280542E+07   0.243496E+04
   184   0.542774E+04   0.763614E+00  -0.319499E+02   0.279024E+07   0.241577E+04
   185   0.544870E+04   0.754045E+00  -0.310370E+02   0.277519E+07   0.239677E+04
   186   0.546915E+04   0.744812E+00  -0.300972E+02   0.276027E+07   0.237796E+04
   187   0.548908E+04   0.735947E+00  -0.291307E+02   0.274547E+07   0.235932E+04
   188   0.550849E+04   0.727492E+00  -0.281377E+02   0.273079E+07   0.234087E+04
   189   0.552736E+04   0.719480E+00  -0.271185E+02   0.271623E+07   0.232258E+04
   190   0.554569E+04   0.711945E+00  -0.260734E+02   0.270179E+07   0.230446E+04
   191   0.556348E+04   0.704920E+00  -0.250026E+02   0.268747E+07   0.228649E+04
   192   0.558071E+04   0.698443E+00  -0.239064E+02   0.267327E+07   0.226868E+04
   193   0.559737E+04   0.692548E+00  -0.227849E+02   0.265918E+07   0.225102E+04
   194   0.561348E+04   0.687271E+00  -0.216387E+02   0.264521E+07   0.223350E+04
   195   0.562901E+04   0.682650E+00  -0.204680E+02   0.263134E+07   0.221612E+04
   196   0.564397E+04   0.678722E+00  -0.192733E+02   0.261759E+07   0.219887E+04
   197   0.565836E+04   0.675525E+00  -0.180549E+02   0.260395E+07   0.218174E+04
   198   0.567217E+04   0.673096E+00  -0.168132E+02   0.259042E+07   0.216474E+04
   199   0.568540E+04   0.671472E+00  -0.155485E+02   0.257700E+07   0.214785E+04
   200   0.569804E+04   0.670689E+00  -0.142613E+02   0.256369E+07   0.213107E+04
   201   0.571009E+04   0.670788E+00  -0.129519E+02   0.255047E+07   0.211440E+04
   202   0.572154E+04   0.671804E+00  -0.116209E+02   0.253737E+07   0.209783E+04
   203   0.573236E+04   0.673774E+00  -0.102686E+02   0.252437E+07   0.208137E+04
   204   0.574257E+04   0.676735E+00  -0.889548E+01   0.251146E+07   0.206501E+04
   205   0.575214E+04   0.680724E+00  -0.750201E+01   0.249867E+07   0.204875E+04
   206   0.576107E+04   0.685777E+00  -0.608859E+01   0.248597E+07   0.203260E+04
   207   0.576934E+04   0.691931E+00  -0.465562E+01   0.247337E+07   0.201655E+04
   208   0.577696E+04   0.699225E+00  -0.320374E+01   0.246087E+07   0.200060E+04
   209   0.578395E+04   0.707692E+00  -0.173349E+01   0.244847E+07   0.198475E+04
   210   0.579029E+04   0.717372E+00  -0.245445E+00   0.243617E+07   0.196900E+04
   211   0.579600E+04   0.728301E+00   0.125981E+01   0.242396E+07   0.195336E+04
   212   0.580109E+04   0.740515E+00   0.278171E+01   0.241185E+07   0.193781E+04
   213   0.580555E+04   0.754052E+00   0.431966E+01   0.239984E+07   0.192237E+04
   214   0.580940E+04   0.768949E+00   0.587309E+01   0.238792E+07   0.190702E+04
   215   0.581264E+04   0.785236E+00   0.744140E+01   0.237609E+07   0.189177E+04
   216   0.581525E+04   0.802958E+00   0.902396E+01   0.236435E+07   0.187663E+04
   217   0.581723E+04   0.822145E+00   0.106201E+02   0.235271E+07   0.186158E+04
   218   0.581859E+04   0.842827E+00   0.122294E+02   0.234115E+07   0.184662E+04
   219   0.581931E+04   0.865049E+00   0.138511E+02   0.232969E+07   0.183177E+04
   220   0.581938E+04   0.888841E+00   0.154846E+02   0.231832E+07   0.181701E+04
   221   0.581882E+04   0.914232E+00   0.171291E+02   0.230703E+07   0.180235E+04
   222   0.581762E+04   0.941267E+00   0.187843E+02   0.229583E+07   0.178779E+04
   223   0.581577E+04   0.969969E+00   0.204493E+02   0.228472E+07   0.177332E+04
   224   0.581328E+04   0.100038E+01   0.221235E+02   0.227369E+07   0.175895E+04
   225   0.581017E+04   0.103251E+01   0.238061E+02   0.226275E+07   0.174467E+04
   226   0.580641E+04   0.106641E+01   0.254965E+02   0.225189E+07   0.173049E+04
   227   0.580201E+04   0.110212E+01   0.271941E+02   0.224111E+07   0.171640E+04
   228   0.579699E+04   0.113964E+01   0.288980E+02   0.223042E+07   0.170240E+04
   229   0.579133E+04   0.117903E+01   0.306076E+02   0.221981E+07   0.168850E+04
   230   0.578505E+04   0.122031E+01   0.323223E+02   0.220927E+07   0.167469E+04
   231   0.577814E+04   0.126350E+01   0.340412E+02   0.219882E+07   0.166098E+04
   232   0.577061E+04   0.130862E+01   0.357637E+02   0.218845E+07   0.164736E+04
   233   0.576245E+04   0.135572E+01   0.374889E+02   0.217815E+07   0.163382E+04
   234   0.575367E+04   0.140482E+01   0.392162E+02   0.216793E+07   0.162038E+04
   235   0.574428E+04   0.145594E+01   0.409449E+02   0.215779E+07   0.160704E+04
   236   0.573426E+04   0.150911E+01   0.426742E+02   0.214772E+07   0.159378E+04
   237   0.572365E+04   0.156435E+01   0.444034E+02   0.213773E+07   0.158061E+04
   238   0.571242E+04   0.162168E+01   0.461316E+02   0.212781E+07   0.156753E+04
   239   0.570059E+04   0.168112E+01   0.478582E+02   0.211797E+07   0.155454E+04
   240   0.568816E+04   0.174270E+01   0.495822E+02   0.210819E+07   0.154164E+04
   241   0.567512E+04   0.180644E+01   0.513032E+02   0.209849E+07   0.152883E+04
   242   0.566150E+04   0.187236E+01   0.530201E+02   0.208885E+07   0.151611E+04
   243   0.564730E+04   0.194047E+01   0.547323E+02   0.207929E+07   0.150348E+04
   244   0.563250E+04   0.201080E+01   0.564390E+02   0.206980E+07   0.149093E+04
   245   0.561714E+04   0.208336E+01   0.581396E+02   0.206037E+07   0.147847E+04
   246   0.560121E+04   0.215815E+01   0.598332E+02   0.205101E+07   0.146609E+04
   247   0.558471E+04   0.223521E+01   0.615192E+02   0.204171E+07   0.145381E+04
   248   0.556766E+04   0.231455E+01   0.631966E+02   0.203248E+07   0.144161E+04
   249   0.555006E+04   0.239617E+01   0.648649E+02   0.202332E+07   0.142949E+04
   250   0.553191E+04   0.248010E+01   0.665232E+02   0.201421E+07   0.141746E+04
   251   0.551322E+04   0.256632E+01   0.681706E+02   0.200517E+07   0.140551E+04
   252   0.549399E+04   0.265486E+01   0.698065E+02   0.199620E+07   0.139365E+04
   253   0.547421E+04   0.274571E+01   0.714300E+02   0.198728E+07   0.138187E+04
   254   0.545392E+04   0.283888E+01   0.730403E+02   0.197842E+07   0.137017E+04
   255   0.543308E+04   0.293437E+01   0.746366E+02   0.196963E+07   0.135856E+04
   256   0.541172E+04   0.303219E+01   0.762181E+02   0.196090E+07   0.134702E+04
   257   0.538984E+04   0.313234E+01   0.777843E+02   0.195222E+07   0.133557E+04
   258   0.536746E+04   0.323480E+01   0.793341E+02   0.194361E+07   0.132420E+04
   259   0.534459E+04   0.333959E+01   0.808679E+02   0.193505E+07   0.131290E+04
   260   0.532125E+04   0.344670E+01   0.823836E+02   0.192655E+07   0.130169E+04
   261   0.529743E+04   0.355613E+01   0.838819E+02   0.191811E+07   0.129055E+04
   262   0.527317E+04   0.366787E+01   0.853612E+02   0.190973E+07   0.127949E+04
   263   0.524847E+04   0.378193E+01   0.868216E+02   0.190140E+07   0.126850E+04
   264   0.522334E+04   0.389829E+01   0.882616E+02   0.189313E+07   0.125760E+04
   265   0.519778E+04   0.401693E+01   0.896820E+02   0.188491E+07   0.124676E+04
   266   0.517179E+04   0.413785E+01   0.910804E+02   0.187675E+07   0.123601E+04
   267   0.514539E+04   0.426104E+01   0.924562E+02   0.186865E+07   0.122532E+04
   268   0.511859E+04   0.438647E+01   0.938101E+02   0.186060E+07   0.121471E+04
   269   0.509138E+04   0.451414E+01   0.951399E+02   0.185260E+07   0.120417E+04
   270   0.506376E+04   0.464402E+01   0.964463E+02   0.184466E+07   0.119371E+04
   271   0.503577E+04   0.477612E+01   0.977271E+02   0.183677E+07   0.118331E+04
   272   0.500740E+04   0.491040E+01   0.989830E+02   0.182893E+07   0.117299E+04
   273   0.497867E+04   0.504683E+01   0.100213E+03   0.182115E+07   0.116273E+04
   274   0.494958E+04   0.518541E+01   0.101417E+03   0.181341E+07   0.115255E+04
   275   0.492015E+04   0.532610E+01   0.102593E+03   0.180573E+07   0.114243E+04
   276   0.489039E+04   0.546890E+01   0.103742E+03   0.179809E+07   0.113238E+04
   277   0.486030E+04   0.561376E+01   0.104862E+03   0.179051E+07   0.112240E+04
   278   0.482990E+04   0.576068E+01   0.105953E+03   0.178298E+07   0.111248E+04
   279   0.479921E+04   0.590961E+01   0.107016E+03   0.177549E+07   0.110263E+04
   280   0.476822E+04   0.606051E+01   0.108048E+03   0.176806E+07   0.109285E+04
   281   0.473695E+04   0.621337E+01   0.109050E+03   0.176067E+07   0.108313E+04
   282   0.470542E+04   0.636815E+01   0.110022E+03   0.175333E+07   0.107347E+04
   283   0.467362E+04   0.652482E+01   0.110962E+03   0.174604E+07   0.106388E+04
   284   0.464158E+04   0.668335E+01   0.111869E+03   0.173879E+07   0.105435E+04
   285   0.460929E+04   0.684370E+01   0.112745E+03   0.173159E+07   0.104488E+04
   286   0.457678E+04   0.700583E+01   0.113588E+03   0.172444E+07   0.103547E+04
   287   0.454406E+04   0.716969E+01   0.114398E+03   0.171733E+07   0.102613E+04
   288   0.451113E+04   0.733527E+01   0.115173E+03   0.171026E+07   0.101684E+04
   289   0.447800E+04   0.750250E+01   0.115916E+03   0.170324E+07   0.100761E+04
   290   0.444469E+04   0.767135E+01   0.116623E+03   0.169627E+07   0.998445E+03
   291   0.441121E+04   0.784181E+01   0.117295E+03   0.168934E+07   0.989334E+03
   292   0.437756E+04   0.801372E+01   0.117933E+03   0.168244E+07   0.980280E+03
   293   0.434376E+04   0.818717E+01   0.118534E+03   0.167560E+07   0.971283E+03
   294   0.430982E+04   0.836207E+01   0.119100E+03   0.166879E+07   0.962342E+03
   295   0.427574E+04   0.853828E+01   0.119629E+03   0.166203E+07   0.953455E+03
   296   0.424154E+04   0.871587E+01   0.120121E+03   0.165530E+07   0.944624E+03
   297   0.420722E+04   0.889469E+01   0.120575E+03   0.164862E+07   0.935846E+03
   298   0.417280E+04   0.907473E+01   0.120992E+03   0.164198E+07   0.927121E+03
   299   0.413828E+04   0.925592E+01   0.121371E+03   0.163537E+07   0.918449E+03
   300   0.410368E+04   0.943818E+01   0.121712E+03   0.162881E+07   0.909829E+03
   301   0.406901E+04   0.962158E+01   0.122015E+03   0.162228E+07   0.901260E+03
   302   0.403428E+04   0.980591E+01   0.122279E+03   0.161579E+07   0.892742E+03
   303   0.399951E+04   0.999123E+01   0.122505E+03   0.160934E+07   0.884276E+03
   304   0.396471E+04   0.101775E+02   0.122693E+03   0.160293E+07   0.875863E+03
   305   0.392989E+04   0.103645E+02   0.122842E+03   0.159655E+07   0.867501E+03
   306   0.389505E+04   0.105524E+02   0.122952E+03   0.159022E+07   0.859192E+03
   307   0.386022E+04   0.107410E+02   0.123023E+03   0.158391E+07   0.850935E+03
   308   0.382540E+04   0.109303E+02   0.123056E+03   0.157765E+07   0.842732E+03
   309   0.379060E+04   0.111202E+02   0.123049E+03   0.157142E+07   0.834581E+03
   310   0.375582E+04   0.113106E+02   0.123004E+03   0.156523E+07   0.826485E+03
   311   0.372109E+04   0.115014E+02   0.122919E+03   0.155907E+07   0.818441E+03
   312   0.368641E+04   0.116927E+02   0.122795E+03   0.155295E+07   0.810452E+03
   313   0.365179E+04   0.118843E+02   0.122631E+03   0.154687E+07   0.802517E+03
   314   0.361724E+04   0.120762E+02   0.122428E+03   0.154081E+07   0.794637E+03
   315   0.358276E+04   0.122682E+02   0.122186E+03   0.153480E+07   0.786811E+03
   316   0.354838E+04   0.124604E+02   0.121904E+03   0.152882E+07   0.779041E+03
   317   0.351410E+04   0.126527E+02   0.121584E+03   0.152287E+07   0.771326E+03
   318   0.347994E+04   0.128449E+02   0.121224E+03   0.151696E+07   0.763666E+03
   319   0.344590E+04   0.130370E+02   0.120825E+03   0.151108E+07   0.756062E+03
   320   0.341198E+04   0.132291E+02   0.120388E+03   0.150523E+07   0.748514E+03
   321   0.337821E+04   0.134209E+02   0.119912E+03   0.149942E+07   0.741022E+03
   322   0.334459E+04   0.136125E+02   0.119397E+03   0.149363E+07   0.733587E+03
   323   0.331113E+04   0.138036E+02   0.118843E+03   0.148789E+07   0.726208E+03
   324   0.327784E+04   0.139943E+02   0.118252E+03   0.148217E+07   0.718887E+03
   325   0.324473E+04   0.141845E+02   0.117622E+03   0.147649E+07   0.711623E+03
   326   0.321181E+04   0.143742E+02   0.116955E+03   0.147083E+07   0.704416E+03
   327   0.317908E+04   0.145632E+02   0.116249E+03   0.146521E+07   0.697267E+03
   328   0.314657E+04   0.147514E+02   0.115506E+03   0.145962E+07   0.690177E+03
   329   0.311426E+04   0.149388E+02   0.114727E+03   0.145406E+07   0.683144E+03
   330   0.308219E+04   0.151254E+02   0.113910E+03   0.144854E+07   0.676170E+03
   331   0.305035E+04   0.153110E+02   0.113056E+03   0.144304E+07   0.669255E+03
   332   0.301875E+04   0.154956E+02   0.112166E+03   0.143757E+07   0.662400E+03
   333   0.298739E+04   0.156791E+02   0.111240E+03   0.143213E+07   0.655603E+03
   334   0.295630E+04   0.158614E+02   0.110279E+03   0.142673E+07   0.648866E+03
   335   0.292547E+04   0.160424E+02   0.109282E+03   0.142135E+07   0.642189E+03
   336   0.289493E+04   0.162221E+02   0.108250E+03   0.141600E+07   0.635572E+03
   337   0.286466E+04   0.164004E+02   0.107185E+03   0.141068E+07   0.629015E+03
   338   0.283469E+04   0.165773E+02   0.106085E+03   0.140538E+07   0.622519E+03
   339   0.280501E+04   0.167527E+02   0.104953E+03   0.140012E+07   0.616084E+03
   340   0.277565E+04   0.169265E+02   0.103787E+03   0.139488E+07   0.609710E+03
   341   0.274660E+04   0.170985E+02   0.102589E+03   0.138967E+07   0.603397E+03
   342   0.271787E+04   0.172688E+02   0.101358E+03   0.138449E+07   0.597146E+03
   343   0.268947E+04   0.174373E+02   0.100096E+03   0.137934E+07   0.590957E+03
   344   0.266139E+04   0.176038E+02   0.988013E+02   0.137421E+07   0.584830E+03
   345   0.263365E+04   0.177683E+02   0.974758E+02   0.136911E+07   0.578765E+03
   346   0.260625E+04   0.179306E+02   0.961192E+02   0.136404E+07   0.572763E+03
   347   0.257919E+04   0.180908E+02   0.947322E+02   0.135899E+07   0.566824E+03
   348   0.255248E+04   0.182486E+02   0.933148E+02   0.135396E+07   0.560948E+03
   349   0.252614E+04   0.184043E+02   0.918692E+02   0.134897E+07   0.555136E+03
   350   0.250015E+04   0.185575E+02   0.903948E+02   0.134400E+07   0.549387E+03
   351   0.247455E+04   0.187084E+02   0.888931E+02   0.133905E+07   0.543702E+03
   352   0.244934E+04   0.188568E+02   0.873648E+02   0.133413E+07   0.538079E+03
   353   0.242450E+04   0.190027E+02   0.858099E+02   0.132923E+07   0.532516E+03
   354   0.240007E+04   0.191461E+02   0.842308E+02   0.132436E+07   0.527012E+03
   355   0.237604E+04   0.192869E+02   0.826267E+02   0.131951E+07   0.521566E+03
   356   0.235241E+04   0.194249E+02   0.809983E+02   0.131468E+07   0.516175E+03
   357   0.232919E+04   0.195603E+02   0.793465E+02   0.130988E+07   0.510837E+03
   358   0.230638E+04   0.196928E+02   0.776720E+02   0.130511E+07   0.505552E+03
   359   0.228399E+04   0.198223E+02   0.759749E+02   0.130035E+07   0.500317E+03
   360   0.226201E+04   0.199489E+02   0.742566E+02   0.129563E+07   0.495130E+03
   361   0.224046E+04   0.200725E+02   0.725161E+02   0.129092E+07   0.489991E+03
   362   0.221932E+04   0.201930E+02   0.707554E+02   0.128624E+07   0.484897E+03
   363   0.219862E+04   0.203102E+02   0.689750E+02   0.128158E+07   0.479846E+03
   364   0.217834E+04   0.204243E+02   0.671757E+02   0.127694E+07   0.474837E+03
   365   0.215851E+04   0.205352E+02   0.653582E+02   0.127233E+07   0.469868E+03
   366   0.213911E+04   0.206427E+02   0.635235E+02   0.126774E+07   0.464938E+03
   367   0.212015E+04   0.207469E+02   0.616722E+02   0.126317E+07   0.460044E+03
   368   0.210163E+04   0.208477E+02   0.598053E+02   0.125863E+07   0.455186E+03
   369   0.208356E+04   0.209451E+02   0.579235E+02   0.125411E+07   0.450361E+03
   370   0.206594E+04   0.210389E+02   0.560275E+02   0.124961E+07   0.445567E+03
   371   0.204877E+04   0.211293E+02   0.541182E+02   0.124513E+07   0.440804E+03
   372   0.203205E+04   0.212160E+02   0.521964E+02   0.124067E+07   0.436068E+03
   373   0.201578E+04   0.212991E+02   0.502629E+02   0.123624E+07   0.431359E+03
   374   0.199996E+04   0.213787E+02   0.483184E+02   0.123182E+07   0.426676E+03
   375   0.198460E+04   0.214546E+02   0.463637E+02   0.122743E+07   0.422015E+03
   376   0.196969E+04   0.215267E+02   0.443997E+02   0.122306E+07   0.417375E+03
   377   0.195524E+04   0.215950E+02   0.424270E+02   0.121871E+07   0.412756E+03
   378   0.194124E+04   0.216595E+02   0.404465E+02   0.121439E+07   0.408154E+03
   379   0.192770E+04   0.217201E+02   0.384589E+02   0.121008E+07   0.403569E+03
   380   0.191462E+04   0.217768E+02   0.364651E+02   0.120579E+07   0.398998E+03
   381   0.190200E+04   0.218296E+02   0.344657E+02   0.120153E+07   0.394441E+03
   382   0.188984E+04   0.218783E+02   0.324616E+02   0.119728E+07   0.389895E+03
   383   0.187814E+04   0.219231E+02   0.304536E+02   0.119306E+07   0.385358E+03
   384   0.186689E+04   0.219638E+02   0.284427E+02   0.118885E+07   0.380829E+03
   385   0.185610E+04   0.220004E+02   0.264296E+02   0.118467E+07   0.376306E+03
   386   0.184576E+04   0.220331E+02   0.244153E+02   0.118050E+07   0.371788E+03
   387   0.183589E+04   0.220618E+02   0.224005E+02   0.117635E+07   0.367272E+03
   388   0.182647E+04   0.220864E+02   0.203863E+02   0.117223E+07   0.362758E+03
   389   0.181749E+04   0.221071E+02   0.183735E+02   0.116812E+07   0.358243E+03
   390   0.180897E+04   0.221236E+02   0.163628E+02   0.116404E+07   0.353725E+03
   391   0.180090E+04   0.221362E+02   0.143551E+02   0.115997E+07   0.349204E+03
   392   0.179327E+04   0.221446E+02   0.123514E+02   0.115592E+07   0.344677E+03
   393   0.178609E+04   0.221489E+02   0.103523E+02   0.115189E+07   0.340142E+03
   394   0.177934E+04   0.221492E+02   0.835857E+01   0.114788E+07   0.335598E+03
   395   0.177303E+04   0.221452E+02   0.637121E+01   0.114388E+07   0.331044E+03
   396   0.176716E+04   0.221373E+02   0.439096E+01   0.113991E+07   0.326477E+03
   397   0.176172E+04   0.221251E+02   0.241864E+01   0.113595E+07   0.321895E+03
   398   0.175671E+04   0.221088E+02   0.455037E+00   0.113201E+07   0.317298E+03
   399   0.175213E+04   0.220883E+02  -0.149904E+01   0.112809E+07   0.312683E+03
   400   0.174798E+04   0.220638E+02  -0.344280E+01   0.112419E+07   0.308049E+03
   401   0.174426E+04   0.220352E+02  -0.537546E+01   0.112030E+07   0.303394E+03
   402   0.174095E+04   0.220024E+02  -0.729623E+01   0.111644E+07   0.298721E+03
   403   0.173807E+04   0.219655E+02  -0.920436E+01   0.111259E+07   0.294030E+03
   404   0.173560E+04   0.219246E+02  -0.110991E+02   0.110875E+07   0.289325E+03
   405   0.173354E+04   0.218796E+02  -0.129796E+02   0.110494E+07   0.284606E+03
   406   0.173189E+04   0.218307E+02  -0.148453E+02   0.110114E+07   0.279877E+03
   407   0.173063E+04   0.217777E+02  -0.166952E+02   0.109736E+07   0.275139E+03
   408   0.172978E+04   0.217207E+02  -0.185286E+02   0.109360E+07   0.270393E+03
   409   0.172930E+04   0.216598E+02  -0.203449E+02   0.108985E+07   0.265643E+03
   410   0.172922E+04   0.215949E+02  -0.221431E+02   0.108612E+07   0.260890E+03
   411   0.172951E+04   0.215262E+02  -0.239228E+02   0.108241E+07   0.256137E+03
   412   0.173017E+04   0.214536E+02  -0.256831E+02   0.107871E+07   0.251384E+03
   413   0.173121E+04   0.213772E+02  -0.274236E+02   0.107503E+07   0.246635E+03
   414   0.173261E+04   0.212970E+02  -0.291435E+02   0.107137E+07   0.241890E+03
   415   0.173436E+04   0.212132E+02  -0.308422E+02   0.106772E+07   0.237153E+03
   416   0.173647E+04   0.211256E+02  -0.325192E+02   0.106409E+07   0.232426E+03
   417   0.173893E+04   0.210344E+02  -0.341735E+02   0.106048E+07   0.227709E+03
   418   0.174174E+04   0.209396E+02  -0.358048E+02   0.105688E+07   0.223006E+03
   419   0.174487E+04   0.208412E+02  -0.374123E+02   0.105330E+07   0.218318E+03
   420   0.174835E+04   0.207393E+02  -0.389954E+02   0.104974E+07   0.213648E+03
   421   0.175216E+04   0.206339E+02  -0.405534E+02   0.104619E+07   0.208997E+03
   422   0.175628E+04   0.205250E+02  -0.420856E+02   0.104266E+07   0.204367E+03
   423   0.176073E+04   0.204126E+02  -0.435914E+02   0.103914E+07   0.199761E+03
   424   0.176549E+04   0.202968E+02  -0.450702E+02   0.103564E+07   0.195180E+03
   425   0.177054E+04   0.201778E+02  -0.465215E+02   0.103215E+07   0.190626E+03
   426   0.177591E+04   0.200554E+02  -0.479450E+02   0.102868E+07   0.186102E+03
   427   0.178155E+04   0.199300E+02  -0.493400E+02   0.102523E+07   0.181610E+03
   428   0.178748E+04   0.198015E+02  -0.507063E+02   0.102179E+07   0.177150E+03
   429   0.179368E+04   0.196700E+02  -0.520434E+02   0.101837E+07   0.172727E+03
   430   0.180014E+04   0.195356E+02  -0.533508E+02   0.101496E+07   0.168341E+03
   431   0.180686E+04   0.193984E+02  -0.546281E+02   0.101157E+07   0.163994E+03
   432   0.181383E+04   0.192584E+02  -0.558750E+02   0.100819E+07   0.159689E+03
   433   0.182106E+04   0.191158E+02  -0.570908E+02   0.100483E+07   0.155428E+03
   434   0.182852E+04   0.189705E+02  -0.582752E+02   0.100149E+07   0.151212E+03
   435   0.183622E+04   0.188227E+02  -0.594277E+02   0.998155E+06   0.147043E+03
   436   0.184415E+04   0.186724E+02  -0.605479E+02   0.994839E+06   0.142925E+03
   437   0.185231E+04   0.185195E+02  -0.616354E+02   0.991537E+06   0.138858E+03
   438   0.186068E+04   0.183644E+02  -0.626897E+02   0.988250E+06   0.134844E+03
   439   0.186927E+04   0.182070E+02  -0.637103E+02   0.984978E+06   0.130887E+03
   440   0.187806E+04   0.180473E+02  -0.646972E+02   0.981721E+06   0.126987E+03
   441   0.188705E+04   0.178856E+02  -0.656498E+02   0.978478E+06   0.123146E+03
   442   0.189621E+04   0.177217E+02  -0.665680E+02   0.975249E+06   0.119368E+03
   443   0.190555E+04   0.175560E+02  -0.674513E+02   0.972035E+06   0.115653E+03
   444   0.191506E+04   0.173883E+02  -0.682994E+02   0.968835E+06   0.112004E+03
   445   0.192472E+04   0.172189E+02  -0.691121E+02   0.965649E+06   0.108423E+03
   446   0.193452E+04   0.170478E+02  -0.698890E+02   0.962478E+06   0.104912E+03
   447   0.194447E+04   0.168751E+02  -0.706303E+02   0.959320E+06   0.101472E+03
   448   0.195456E+04   0.167010E+02  -0.713357E+02   0.956177E+06   0.981064E+02
   449   0.196479E+04   0.165255E+02  -0.720050E+02   0.953047E+06   0.948166E+02
   450   0.197514E+04   0.163486E+02  -0.726382E+02   0.949931E+06   0.916047E+02
   451   0.198561E+04   0.161705E+02  -0.732351E+02   0.946829E+06   0.884721E+02
   452   0.199621E+04   0.159913E+02  -0.737955E+02   0.943741E+06   0.854184E+02
   453   0.200691E+04   0.158111E+02  -0.743194E+02   0.940666E+06   0.824425E+02
   454   0.201771E+04   0.156300E+02  -0.748065E+02   0.937605E+06   0.795433E+02
   455   0.202859E+04   0.154481E+02  -0.752567E+02   0.934558E+06   0.767198E+02
   456   0.203956E+04   0.152653E+02  -0.756699E+02   0.931523E+06   0.739709E+02
   457   0.205060E+04   0.150819E+02  -0.760459E+02   0.928503E+06   0.712956E+02
   458   0.206169E+04   0.148980E+02  -0.763844E+02   0.925495E+06   0.686927E+02
   459   0.207283E+04   0.147136E+02  -0.766856E+02   0.922501E+06   0.661614E+02
   460   0.208402E+04   0.145288E+02  -0.769495E+02   0.919520E+06   0.637004E+02
   461   0.209524E+04   0.143436E+02  -0.771755E+02   0.916552E+06   0.613087E+02
   462   0.210651E+04   0.141584E+02  -0.773658E+02   0.913597E+06   0.589854E+02
   463   0.211780E+04   0.139732E+02  -0.775189E+02   0.910655E+06   0.567292E+02
   464   0.212913E+04   0.137881E+02  -0.776357E+02   0.907726E+06   0.545392E+02
   465   0.214047E+04   0.136032E+02  -0.777162E+02   0.904809E+06   0.524144E+02
   466   0.215184E+04   0.134185E+02  -0.777611E+02   0.901906E+06   0.503535E+02
   467   0.216322E+04   0.132344E+02  -0.777697E+02   0.899015E+06   0.483557E+02
   468   0.217460E+04   0.130507E+02  -0.777428E+02   0.896137E+06   0.464198E+02
   469   0.218597E+04   0.128676E+02  -0.776805E+02   0.893272E+06   0.445448E+02
   470   0.219733E+04   0.126853E+02  -0.775827E+02   0.890419E+06   0.427296E+02
   471   0.220866E+04   0.125037E+02  -0.774488E+02   0.887578E+06   0.409732E+02
   472   0.221995E+04   0.123231E+02  -0.772803E+02   0.884750E+06   0.392744E+02
   473   0.223119E+04   0.121435E+02  -0.770757E+02   0.881934E+06   0.376324E+02
   474   0.224239E+04   0.119650E+02  -0.768373E+02   0.879131E+06   0.360459E+02
   475   0.225353E+04   0.117877E+02  -0.765636E+02   0.876339E+06   0.345140E+02
   476   0.226461E+04   0.116118E+02  -0.762554E+02   0.873560E+06   0.330355E+02
   477   0.227563E+04   0.114372E+02  -0.759135E+02   0.870793E+06   0.316095E+02
   478   0.228658E+04   0.112643E+02  -0.755379E+02   0.868038E+06   0.302348E+02
   479   0.229747E+04   0.110930E+02  -0.751297E+02   0.865295E+06   0.289105E+02
   480   0.230827E+04   0.109235E+02  -0.746883E+02   0.862563E+06   0.276354E+02
   481   0.231901E+04   0.107557E+02  -0.742145E+02   0.859844E+06   0.264085E+02
   482   0.232964E+04   0.105900E+02  -0.737087E+02   0.857136E+06   0.252287E+02
   483   0.234018E+04   0.104263E+02  -0.731711E+02   0.854440E+06   0.240951E+02
   484   0.235062E+04   0.102648E+02  -0.726024E+02   0.851755E+06   0.230064E+02
   485   0.236093E+04   0.101056E+02  -0.720026E+02   0.849082E+06   0.219617E+02
   486   0.237113E+04   0.994875E+01  -0.713724E+02   0.846421E+06   0.209600E+02
   487   0.238119E+04   0.979430E+01  -0.707121E+02   0.843771E+06   0.200001E+02
   488   0.239112E+04   0.964250E+01  -0.700223E+02   0.841132E+06   0.190810E+02
   489   0.240092E+04   0.949327E+01  -0.693034E+02   0.838505E+06   0.182016E+02
   490   0.241058E+04   0.934684E+01  -0.685559E+02   0.835889E+06   0.173609E+02
   491   0.242009E+04   0.920329E+01  -0.677805E+02   0.833284E+06   0.165579E+02
   492   0.242945E+04   0.906261E+01  -0.669776E+02   0.830690E+06   0.157914E+02
   493   0.243867E+04   0.892496E+01  -0.661479E+02   0.828107E+06   0.150604E+02
   494   0.244774E+04   0.879049E+01  -0.652918E+02   0.825535E+06   0.143639E+02
   495   0.245664E+04   0.865928E+01  -0.644099E+02   0.822974E+06   0.137008E+02
   496   0.246539E+04   0.853133E+01  -0.635027E+02   0.820424E+06   0.130700E+02
   497   0.247396E+04   0.840678E+01  -0.625708E+02   0.817884E+06   0.124705E+02
   498   0.248236E+04   0.828572E+01  -0.616149E+02   0.815356E+06   0.119013E+02
   499   0.249058E+04   0.816822E+01  -0.606354E+02   0.812838E+06   0.113612E+02
   500   0.249860E+04   0.805444E+01  -0.596330E+02   0.810330E+06   0.108493E+02
   501   0.250643E+04   0.794437E+01  -0.586082E+02   0.807833E+06   0.103645E+02
   502   0.251406E+04   0.783816E+01  -0.575618E+02   0.805347E+06   0.990655E+01
   503   0.252149E+04   0.773580E+01  -0.564943E+02   0.802871E+06   0.947517E+01
   504   0.252871E+04   0.763753E+01  -0.554066E+02   0.800405E+06   0.907010E+01
   505   0.253574E+04   0.754325E+01  -0.542994E+02   0.797950E+06   0.869110E+01
   506   0.254255E+04   0.745311E+01  -0.531733E+02   0.795505E+06   0.833793E+01
   507   0.254916E+04   0.736721E+01  -0.520291E+02   0.793070E+06   0.801034E+01
   508   0.255556E+04   0.728560E+01  -0.508674E+02   0.790645E+06   0.770807E+01
   509   0.256175E+04   0.720836E+01  -0.496890E+02   0.788231E+06   0.743089E+01
   510   0.256773E+04   0.713553E+01  -0.484947E+02   0.785827E+06   0.717854E+01
   511   0.257348E+04   0.706719E+01  -0.472850E+02   0.783432E+06   0.695078E+01
   512   0.257903E+04   0.700337E+01  -0.460608E+02   0.781048E+06   0.674736E+01
   513   0.258435E+04   0.694416E+01  -0.448228E+02   0.778674E+06   0.656803E+01
   514   0.258945E+04   0.688961E+01  -0.435716E+02   0.776310E+06   0.641255E+01
   515   0.259432E+04   0.683977E+01  -0.423080E+02   0.773956E+06   0.628068E+01
   516   0.259897E+04   0.679470E+01  -0.410328E+02   0.771612E+06   0.617215E+01
   517   0.260339E+04   0.675444E+01  -0.397466E+02   0.769277E+06   0.608673E+01
   518   0.260757E+04   0.671907E+01  -0.384504E+02   0.766952E+06   0.602417E+01
   519   0.261152E+04   0.668861E+01  -0.371447E+02   0.764637E+06   0.598421E+01
   520   0.261522E+04   0.666312E+01  -0.358305E+02   0.762332E+06   0.596663E+01
   521   0.261869E+04   0.664265E+01  -0.345083E+02   0.760037E+06   0.597116E+01
   522   0.262191E+04   0.662725E+01  -0.331791E+02   0.757751E+06   0.599756E+01
   523   0.262488E+04   0.661695E+01  -0.318435E+02   0.755475E+06   0.604558E+01
   524   0.262761E+04   0.661179E+01  -0.305024E+02   0.753208E+06   0.611497E+01
   525   0.263010E+04   0.661179E+01  -0.291564E+02   0.750951E+06   0.620550E+01
   526   0.263234E+04   0.661699E+01  -0.278064E+02   0.748703E+06   0.631691E+01
   527   0.263434E+04   0.662741E+01  -0.264531E+02   0.746464E+06   0.644895E+01
   528   0.263610E+04   0.664310E+01  -0.250973E+02   0.744235E+06   0.660137E+01
   529   0.263761E+04   0.666406E+01  -0.237397E+02   0.742016E+06   0.677394E+01
   530   0.263889E+04   0.669032E+01  -0.223813E+02   0.739805E+06   0.696640E+01
   531   0.263992E+04   0.672192E+01  -0.210226E+02   0.737604E+06   0.717851E+01
   532   0.264071E+04   0.675885E+01  -0.196648E+02   0.735413E+06   0.741001E+01
   533   0.264126E+04   0.680114E+01  -0.183085E+02   0.733230E+06   0.766067E+01
   534   0.264157E+04   0.684880E+01  -0.169545E+02   0.731056E+06   0.793022E+01
   535   0.264163E+04   0.690187E+01  -0.156037E+02   0.728892E+06   0.821844E+01
   536   0.264145E+04   0.696034E+01  -0.142571E+02   0.726737E+06   0.852507E+01
   537   0.264103E+04   0.702422E+01  -0.129151E+02   0.724590E+06   0.884985E+01
   538   0.264037E+04   0.709352E+01  -0.115787E+02   0.722453E+06   0.919256E+01
   539   0.263948E+04   0.716823E+01  -0.102488E+02   0.720324E+06   0.955293E+01
   540   0.263834E+04   0.724835E+01  -0.892589E+01   0.718205E+06   0.993072E+01
   541   0.263697E+04   0.733390E+01  -0.761089E+01   0.716094E+06   0.103257E+02
   542   0.263537E+04   0.742487E+01  -0.630460E+01   0.713992E+06   0.107376E+02
   543   0.263353E+04   0.752125E+01  -0.500774E+01   0.711899E+06   0.111662E+02
   544   0.263147E+04   0.762304E+01  -0.372105E+01   0.709814E+06   0.116112E+02
   545   0.262918E+04   0.773021E+01  -0.244526E+01   0.707738E+06   0.120724E+02
   546   0.262666E+04   0.784275E+01  -0.118107E+01   0.705671E+06   0.125495E+02
   547   0.262391E+04   0.796064E+01   0.707969E-01   0.703613E+06   0.130423E+02
   548   0.262094E+04   0.808380E+01   0.130963E+01   0.701562E+06   0.135506E+02
   549   0.261774E+04   0.821238E+01   0.253469E+01   0.699521E+06   0.140740E+02
   550   0.261432E+04   0.834615E+01   0.374528E+01   0.697488E+06   0.146125E+02
   551   0.261069E+04   0.848525E+01   0.494066E+01   0.695463E+06   0.151656E+02
   552   0.260684E+04   0.862952E+01   0.612011E+01   0.693447E+06   0.157332E+02
   553   0.260278E+04   0.877898E+01   0.728295E+01   0.691439E+06   0.163151E+02
   554   0.259852E+04   0.893360E+01   0.842846E+01   0.689439E+06   0.169112E+02
   555   0.259405E+04   0.909331E+01   0.955596E+01   0.687448E+06   0.175211E+02
   556   0.258937E+04   0.925811E+01   0.106647E+02   0.685465E+06   0.181448E+02
   557   0.258451E+04   0.942791E+01   0.117541E+02   0.683490E+06   0.187820E+02
   558   0.257944E+04   0.960271E+01   0.128234E+02   0.681523E+06   0.194325E+02
   559   0.257419E+04   0.978242E+01   0.138722E+02   0.679565E+06   0.200961E+02
   560   0.256874E+04   0.996706E+01   0.148996E+02   0.677614E+06   0.207727E+02
   561   0.256311E+04   0.101564E+02   0.159052E+02   0.675672E+06   0.214619E+02
   562   0.255730E+04   0.103507E+02   0.168884E+02   0.673738E+06   0.221637E+02
   563   0.255130E+04   0.105496E+02   0.178486E+02   0.671811E+06   0.228778E+02
   564   0.254514E+04   0.107531E+02   0.187850E+02   0.669893E+06   0.236041E+02
   565   0.253879E+04   0.109613E+02   0.196974E+02   0.667983E+06   0.243422E+02
   566   0.253228E+04   0.111740E+02   0.205851E+02   0.666080E+06   0.250921E+02
   567   0.252560E+04   0.113911E+02   0.214475E+02   0.664185E+06   0.258536E+02
   568   0.251876E+04   0.116126E+02   0.222842E+02   0.662298E+06   0.266264E+02
   569   0.251175E+04   0.118384E+02   0.230947E+02   0.660419E+06   0.274103E+02
   570   0.250458E+04   0.120685E+02   0.238784E+02   0.658548E+06   0.282052E+02
   571   0.249726E+04   0.123027E+02   0.246348E+02   0.656684E+06   0.290108E+02
   572   0.248980E+04   0.125410E+02   0.253637E+02   0.654828E+06   0.298269E+02
   573   0.248219E+04   0.127833E+02   0.260644E+02   0.652980E+06   0.306534E+02
   574   0.247444E+04   0.130295E+02   0.267366E+02   0.651139E+06   0.314901E+02
   575   0.246656E+04   0.132795E+02   0.273801E+02   0.649306E+06   0.323367E+02
   576   0.245854E+04   0.135333E+02   0.279943E+02   0.647480E+06   0.331930E+02
   577   0.245042E+04   0.137907E+02   0.285789E+02   0.645662E+06   0.340589E+02
   578   0.244217E+04   0.140517E+02   0.291333E+02   0.643851E+06   0.349342E+02
   579   0.243380E+04   0.143163E+02   0.296575E+02   0.642048E+06   0.358186E+02
   580   0.242533E+04   0.145841E+02   0.301510E+02   0.640252E+06   0.367120E+02
   581   0.241676E+04   0.148553E+02   0.306133E+02   0.638464E+06   0.376142E+02
   582   0.240809E+04   0.151296E+02   0.310441E+02   0.636683E+06   0.385249E+02
   583   0.239933E+04   0.154070E+02   0.314431E+02   0.634909E+06   0.394440E+02
   584   0.239048E+04   0.156875E+02   0.318099E+02   0.633142E+06   0.403712E+02
   585   0.238154E+04   0.159707E+02   0.321442E+02   0.631383E+06   0.413065E+02
   586   0.237252E+04   0.162568E+02   0.324457E+02   0.629630E+06   0.422495E+02
   587   0.236343E+04   0.165456E+02   0.327142E+02   0.627885E+06   0.432000E+02
   588   0.235428E+04   0.168369E+02   0.329494E+02   0.626147E+06   0.441580E+02
   589   0.234505E+04   0.171306E+02   0.331511E+02   0.624416E+06   0.451231E+02
   590   0.233577E+04   0.174267E+02   0.333191E+02   0.622692E+06   0.460952E+02
   591   0.232644E+04   0.177251E+02   0.334532E+02   0.620975E+06   0.470741E+02
   592   0.231706E+04   0.180255E+02   0.335531E+02   0.619265E+06   0.480596E+02
   593   0.230763E+04   0.183280E+02   0.336187E+02   0.617562E+06   0.490515E+02
   594   0.229816E+04   0.186324E+02   0.336498E+02   0.615866E+06   0.500496E+02
   595   0.228865E+04   0.189385E+02   0.336464E+02   0.614177E+06   0.510536E+02
   596   0.227912E+04   0.192463E+02   0.336083E+02   0.612494E+06   0.520635E+02
   597   0.226956E+04   0.195556E+02   0.335353E+02   0.610819E+06   0.530789E+02
   598   0.225998E+04   0.198662E+02   0.334274E+02   0.609150E+06   0.540998E+02
   599   0.225039E+04   0.201782E+02   0.332845E+02   0.607488E+06   0.551258E+02
   600   0.224078E+04   0.204914E+02   0.331065E+02   0.605832E+06   0.561569E+02
   601   0.223117E+04   0.208056E+02   0.328934E+02   0.604183E+06   0.571928E+02
   602   0.222155E+04   0.211207E+02   0.326453E+02   0.602541E+06   0.582332E+02
   603   0.221195E+04   0.214366E+02   0.323623E+02   0.600905E+06   0.592782E+02
   604   0.220235E+04   0.217532E+02   0.320442E+02   0.599276E+06   0.603274E+02
   605   0.219276E+04   0.220703E+02   0.316913E+02   0.597653E+06   0.613807E+02
   606   0.218319E+04   0.223878E+02   0.313036E+02   0.596037E+06   0.624379E+02
   607   0.217363E+04   0.227058E+02   0.308810E+02   0.594428E+06   0.634989E+02
   608   0.216411E+04   0.230238E+02   0.304237E+02   0.592824E+06   0.645634E+02
   609   0.215463E+04   0.233420E+02   0.299320E+02   0.591228E+06   0.656313E+02
   610   0.214517E+04   0.236601E+02   0.294059E+02   0.589637E+06   0.667025E+02
   611   0.213577E+04   0.239778E+02   0.288454E+02   0.588053E+06   0.677766E+02
   612   0.212640E+04   0.242953E+02   0.282507E+02   0.586475E+06   0.688536E+02
   613   0.211708E+04   0.246123E+02   0.276220E+02   0.584904E+06   0.699333E+02
   614   0.210783E+04   0.249287E+02   0.269595E+02   0.583339E+06   0.710155E+02
   615   0.209863E+04   0.252444E+02   0.262635E+02   0.581780E+06   0.721001E+02
   616   0.208950E+04   0.255592E+02   0.255344E+02   0.580227E+06   0.731867E+02
   617   0.208044E+04   0.258732E+02   0.247724E+02   0.578681E+06   0.742754E+02
   618   0.207145E+04   0.261861E+02   0.239778E+02   0.577140E+06   0.753658E+02
   619   0.206254E+04   0.264978E+02   0.231510E+02   0.575606E+06   0.764578E+02
   620   0.205371E+04   0.268083E+02   0.222922E+02   0.574078E+06   0.775513E+02
   621   0.204498E+04   0.271174E+02   0.214018E+02   0.572556E+06   0.786461E+02
   622   0.203634E+04   0.274249E+02   0.204801E+02   0.571040E+06   0.797419E+02
   623   0.202780E+04   0.277307E+02   0.195275E+02   0.569530E+06   0.808386E+02
   624   0.201935E+04   0.280348E+02   0.185442E+02   0.568026E+06   0.819361E+02
   625   0.201101E+04   0.283370E+02   0.175306E+02   0.566527E+06   0.830341E+02
   626   0.200279E+04   0.286371E+02   0.164871E+02   0.565035E+06   0.841325E+02
   627   0.199467E+04   0.289351E+02   0.154139E+02   0.563549E+06   0.852311E+02
   628   0.198668E+04   0.292307E+02   0.143114E+02   0.562069E+06   0.863297E+02
   629   0.197880E+04   0.295239E+02   0.131802E+02   0.560594E+06   0.874282E+02
   630   0.197105E+04   0.298146E+02   0.120207E+02   0.559125E+06   0.885263E+02
   631   0.196342E+04   0.301025E+02   0.108333E+02   0.557662E+06   0.896239E+02
   632   0.195592E+04   0.303877E+02   0.961858E+01   0.556205E+06   0.907209E+02
   633   0.194857E+04   0.306701E+02   0.837684E+01   0.554753E+06   0.918169E+02
   634   0.194135E+04   0.309493E+02   0.710865E+01   0.553308E+06   0.929120E+02
   635   0.193427E+04   0.312254E+02   0.581453E+01   0.551867E+06   0.940058E+02
   636   0.192734E+04   0.314983E+02   0.449499E+01   0.550433E+06   0.950982E+02
   637   0.192056E+04   0.317678E+02   0.315057E+01   0.549004E+06   0.961890E+02
   638   0.191393E+04   0.320338E+02   0.178183E+01   0.547581E+06   0.972781E+02
   639   0.190746E+04   0.322963E+02   0.389289E+00   0.546163E+06   0.983652E+02
   640   0.190115E+04   0.325550E+02  -0.102651E+01   0.544750E+06   0.994503E+02
   641   0.189499E+04   0.328100E+02  -0.246501E+01   0.543344E+06   0.100533E+03
   642   0.188900E+04   0.330610E+02  -0.392559E+01   0.541942E+06   0.101613E+03
   643   0.188319E+04   0.333080E+02  -0.540763E+01   0.540546E+06   0.102691E+03
   644   0.187753E+04   0.335509E+02  -0.691050E+01   0.539156E+06   0.103766E+03
   645   0.187205E+04   0.337894E+02  -0.843357E+01   0.537771E+06   0.104838E+03
   646   0.186675E+04   0.340235E+02  -0.997621E+01   0.536391E+06   0.105906E+03
   647   0.186162E+04   0.342532E+02  -0.115377E+02   0.535017E+06   0.106972E+03
   648   0.185667E+04   0.344782E+02  -0.131176E+02   0.533648E+06   0.108034E+03
   649   0.185190E+04   0.346986E+02  -0.147150E+02   0.532284E+06   0.109092E+03
   650   0.184733E+04   0.349141E+02  -0.163294E+02   0.530925E+06   0.110146E+03
   651   0.184293E+04   0.351248E+02  -0.179600E+02   0.529572E+06   0.111196E+03
   652   0.183872E+04   0.353307E+02  -0.196061E+02   0.528223E+06   0.112242E+03
   653   0.183470E+04   0.355316E+02  -0.212671E+02   0.526880E+06   0.113284E+03
   654   0.183088E+04   0.357275E+02  -0.229423E+02   0.525542E+06   0.114321E+03
   655   0.182726E+04   0.359182E+02  -0.246310E+02   0.524209E+06   0.115354E+03
   656   0.182382E+04   0.361039E+02  -0.263324E+02   0.522882E+06   0.116382E+03
   657   0.182058E+04   0.362843E+02  -0.280460E+02   0.521559E+06   0.117406E+03
   658   0.181754E+04   0.364595E+02  -0.297708E+02   0.520241E+06   0.118424E+03
   659   0.181471E+04   0.366292E+02  -0.315063E+02   0.518929E+06   0.119438E+03
   660   0.181207E+04   0.367934E+02  -0.332516E+02   0.517621E+06   0.120446E+03
   661   0.180963E+04   0.369521E+02  -0.350060E+02   0.516318E+06   0.121449E+03
   662   0.180740E+04   0.371052E+02  -0.367689E+02   0.515021E+06   0.122447E+03
   663   0.180536E+04   0.372526E+02  -0.385394E+02   0.513728E+06   0.123439E+03
   664   0.180354E+04   0.373943E+02  -0.403167E+02   0.512440E+06   0.124426E+03
   665   0.180191E+04   0.375301E+02  -0.421002E+02   0.511157E+06   0.125407E+03
   666   0.180049E+04   0.376601E+02  -0.438890E+02   0.509879E+06   0.126382E+03
   667   0.179927E+04   0.377843E+02  -0.456824E+02   0.508606E+06   0.127351E+03
   668   0.179827E+04   0.379025E+02  -0.474797E+02   0.507337E+06   0.128314E+03
   669   0.179746E+04   0.380146E+02  -0.492800E+02   0.506073E+06   0.129270E+03
   670   0.179686E+04   0.381208E+02  -0.510826E+02   0.504814E+06   0.130221E+03
   671   0.179647E+04   0.382209E+02  -0.528868E+02   0.503560E+06   0.131165E+03
   672   0.179629E+04   0.383148E+02  -0.546917E+02   0.502311E+06   0.132102E+03
   673   0.179630E+04   0.384026E+02  -0.564967E+02   0.501066E+06   0.133033E+03
   674   0.179653E+04   0.384843E+02  -0.583009E+02   0.499826E+06   0.133957E+03
   675   0.179696E+04   0.385597E+02  -0.601035E+02   0.498590E+06   0.134874E+03
   676   0.179760E+04   0.386288E+02  -0.619038E+02   0.497359E+06   0.135784E+03
   677   0.179844E+04   0.386918E+02  -0.637011E+02   0.496133E+06   0.136686E+03
   678   0.179947E+04   0.387483E+02  -0.654943E+02   0.494911E+06   0.137582E+03
   679   0.180072E+04   0.387985E+02  -0.672828E+02   0.493694E+06   0.138470E+03
   680   0.180217E+04   0.388423E+02  -0.690657E+02   0.492482E+06   0.139351E+03
   681   0.180381E+04   0.388796E+02  -0.708421E+02   0.491274E+06   0.140223E+03
   682   0.180565E+04   0.389104E+02  -0.726113E+02   0.490070E+06   0.141089E+03
   683   0.180769E+04   0.389347E+02  -0.743725E+02   0.488871E+06   0.141946E+03
   684   0.180993E+04   0.389525E+02  -0.761248E+02   0.487676E+06   0.142795E+03
   685   0.181236E+04   0.389638E+02  -0.778677E+02   0.486486E+06   0.143636E+03
   686   0.181499E+04   0.389687E+02  -0.796000E+02   0.485300E+06   0.144469E+03
   687   0.181781E+04   0.389672E+02  -0.813218E+02   0.484118E+06   0.145293E+03
   688   0.182082E+04   0.389593E+02  -0.830324E+02   0.482941E+06   0.146109E+03
   689   0.182402E+04   0.389450E+02  -0.847303E+02   0.481768E+06   0.146917E+03
   690   0.182741E+04   0.389245E+02  -0.864146E+02   0.480600E+06   0.147715E+03
   691   0.183099E+04   0.388976E+02  -0.880854E+02   0.479435E+06   0.148505E+03
   692   0.183475E+04   0.388644E+02  -0.897419E+02   0.478275E+06   0.149286E+03
   693   0.183870E+04   0.388249E+02  -0.913834E+02   0.477119E+06   0.150058E+03
   694   0.184282E+04   0.387792E+02  -0.930084E+02   0.475968E+06   0.150820E+03
   695   0.184713E+04   0.387272E+02  -0.946168E+02   0.474820E+06   0.151574E+03
   696   0.185161E+04   0.386688E+02  -0.962072E+02   0.473677E+06   0.152317E+03
   697   0.185626E+04   0.386043E+02  -0.977795E+02   0.472538E+06   0.153052E+03
   698   0.186108E+04   0.385335E+02  -0.993322E+02   0.471403E+06   0.153776E+03
   699   0.186607E+04   0.384565E+02  -0.100865E+03   0.470272E+06   0.154491E+03
   700   0.187123E+04   0.383734E+02  -0.102378E+03   0.469145E+06   0.155196E+03
   701   0.187655E+04   0.382841E+02  -0.103870E+03   0.468022E+06   0.155890E+03
   702   0.188202E+04   0.381888E+02  -0.105340E+03   0.466903E+06   0.156575E+03
   703   0.188765E+04   0.380875E+02  -0.106788E+03   0.465789E+06   0.157249E+03
   704   0.189344E+04   0.379802E+02  -0.108212E+03   0.464678E+06   0.157914E+03
   705   0.189938E+04   0.378670E+02  -0.109612E+03   0.463571E+06   0.158568E+03
   706   0.190547E+04   0.377480E+02  -0.110988E+03   0.462468E+06   0.159212E+03
   707   0.191170E+04   0.376232E+02  -0.112340E+03   0.461369E+06   0.159845E+03
   708   0.191807E+04   0.374927E+02  -0.113667E+03   0.460274E+06   0.160468E+03
   709   0.192458E+04   0.373565E+02  -0.114966E+03   0.459183E+06   0.161081E+03
   710   0.193122E+04   0.372148E+02  -0.116240E+03   0.458096E+06   0.161684E+03
   711   0.193800E+04   0.370675E+02  -0.117487E+03   0.457012E+06   0.162275E+03
   712   0.194491E+04   0.369148E+02  -0.118706E+03   0.455933E+06   0.162857E+03
   713   0.195193E+04   0.367567E+02  -0.119896E+03   0.454857E+06   0.163427E+03
   714   0.195908E+04   0.365932E+02  -0.121058E+03   0.453785E+06   0.163988E+03
   715   0.196635E+04   0.364245E+02  -0.122190E+03   0.452717E+06   0.164537E+03
   716   0.197373E+04   0.362505E+02  -0.123293E+03   0.451653E+06   0.165076E+03
   717   0.198121E+04   0.360713E+02  -0.124365E+03   0.450592E+06   0.165604E+03
   718   0.198880E+04   0.358870E+02  -0.125405E+03   0.449535E+06   0.166121E+03
   719   0.199649E+04   0.356977E+02  -0.126414E+03   0.448482E+06   0.166627E+03
   720   0.200428E+04   0.355035E+02  -0.127392E+03   0.447432E+06   0.167123E+03
   721   0.201216E+04   0.353046E+02  -0.128337E+03   0.446387E+06   0.167607E+03
   722   0.202013E+04   0.351009E+02  -0.129250E+03   0.445344E+06   0.168081E+03
   723   0.202820E+04   0.348928E+02  -0.130130E+03   0.444306E+06   0.168543E+03
   724   0.203634E+04   0.346802E+02  -0.130977E+03   0.443271E+06   0.168994E+03
   725   0.204457E+04   0.344634E+02  -0.131791E+03   0.442240E+06   0.169435E+03
   726   0.205288E+04   0.342422E+02  -0.132571E+03   0.441212E+06   0.169864E+03
   727   0.206126E+04   0.340170E+02  -0.133316E+03   0.440188E+06   0.170282E+03
   728   0.206971E+04   0.337877E+02  -0.134028E+03   0.439168E+06   0.170689E+03
   729   0.207822E+04   0.335546E+02  -0.134703E+03   0.438151E+06   0.171084E+03
   730   0.208680E+04   0.333175E+02  -0.135344E+03   0.437137E+06   0.171468E+03
   731   0.209544E+04   0.330768E+02  -0.135950E+03   0.436127E+06   0.171841E+03
   732   0.210412E+04   0.328323E+02  -0.136519E+03   0.435121E+06   0.172202E+03
   733   0.211286E+04   0.325845E+02  -0.137052E+03   0.434118E+06   0.172552E+03
   734   0.212164E+04   0.323330E+02  -0.137548E+03   0.433118E+06   0.172890E+03
   735   0.213045E+04   0.320784E+02  -0.138008E+03   0.432122E+06   0.173217E+03
   736   0.213930E+04   0.318206E+02  -0.138431E+03   0.431129E+06   0.173532E+03
   737   0.214818E+04   0.315597E+02  -0.138816E+03   0.430140E+06   0.173835E+03
   738   0.215709E+04   0.312959E+02  -0.139164E+03   0.429154E+06   0.174127E+03
   739   0.216602E+04   0.310292E+02  -0.139474E+03   0.428171E+06   0.174407E+03
   740   0.217496E+04   0.307599E+02  -0.139745E+03   0.427192E+06   0.174675E+03
   741   0.218391E+04   0.304881E+02  -0.139979E+03   0.426216E+06   0.174932E+03
   742   0.219287E+04   0.302139E+02  -0.140174E+03   0.425243E+06   0.175176E+03
   743   0.220183E+04   0.299373E+02  -0.140332E+03   0.424274E+06   0.175409E+03
   744   0.221078E+04   0.296587E+02  -0.140450E+03   0.423308E+06   0.175629E+03
   745   0.221973E+04   0.293780E+02  -0.140530E+03   0.422345E+06   0.175838E+03
   746   0.222866E+04   0.290955E+02  -0.140573E+03   0.421385E+06   0.176035E+03
   747   0.223757E+04   0.288113E+02  -0.140575E+03   0.420429E+06   0.176219E+03
   748   0.224646E+04   0.285254E+02  -0.140540E+03   0.419475E+06   0.176392E+03
   749   0.225532E+04   0.282380E+02  -0.140465E+03   0.418525E+06   0.176552E+03
   750   0.226416E+04   0.279493E+02  -0.140353E+03   0.417578E+06   0.176700E+03
   751   0.227295E+04   0.276593E+02  -0.140201E+03   0.416635E+06   0.176835E+03
   752   0.228170E+04   0.273682E+02  -0.140009E+03   0.415694E+06   0.176959E+03
   753   0.229041E+04   0.270761E+02  -0.139781E+03   0.414756E+06   0.177070E+03
   754   0.229907E+04   0.267830E+02  -0.139513E+03   0.413822E+06   0.177170E+03
   755   0.230767E+04   0.264894E+02  -0.139206E+03   0.412890E+06   0.177257E+03
   756   0.231622E+04   0.261951E+02  -0.138862E+03   0.411962E+06   0.177333E+03
   757   0.232472E+04   0.259004E+02  -0.138479E+03   0.411037E+06   0.177396E+03
   758   0.233316E+04   0.256054E+02  -0.138060E+03   0.410115E+06   0.177448E+03
   759   0.234153E+04   0.253103E+02  -0.137602E+03   0.409196E+06   0.177489E+03
   760   0.234984E+04   0.250153E+02  -0.137107E+03   0.408279E+06   0.177517E+03
   761   0.235808E+04   0.247204E+02  -0.136575E+03   0.407366E+06   0.177534E+03
   762   0.236625E+04   0.244257E+02  -0.136005E+03   0.406456E+06   0.177540E+03
   763   0.237434E+04   0.241314E+02  -0.135399E+03   0.405549E+06   0.177534E+03
   764   0.238233E+04   0.238375E+02  -0.134754E+03   0.404645E+06   0.177518E+03
   765   0.239024E+04   0.235444E+02  -0.134074E+03   0.403743E+06   0.177489E+03
   766   0.239806E+04   0.232519E+02  -0.133356E+03   0.402845E+06   0.177450E+03
   767   0.240577E+04   0.229603E+02  -0.132601E+03   0.401950E+06   0.177400E+03
   768   0.241338E+04   0.226696E+02  -0.131809E+03   0.401057E+06   0.177338E+03
   769   0.242087E+04   0.223802E+02  -0.130981E+03   0.400168E+06   0.177266E+03
   770   0.242826E+04   0.220921E+02  -0.130118E+03   0.399281E+06   0.177183E+03
   771   0.243553E+04   0.218054E+02  -0.129220E+03   0.398397E+06   0.177089E+03
   772   0.244267E+04   0.215203E+02  -0.128286E+03   0.397516E+06   0.176985E+03
   773   0.244969E+04   0.212369E+02  -0.127318E+03   0.396638E+06   0.176870E+03
   774   0.245658E+04   0.209555E+02  -0.126316E+03   0.395762E+06   0.176744E+03
   775   0.246333E+04   0.206760E+02  -0.125280E+03   0.394890E+06   0.176608E+03
   776   0.246995E+04   0.203987E+02  -0.124212E+03   0.394020E+06   0.176462E+03
   777   0.247644E+04   0.201236E+02  -0.123112E+03   0.393153E+06   0.176305E+03
   778   0.248280E+04   0.198510E+02  -0.121979E+03   0.392289E+06   0.176138E+03
   779   0.248902E+04   0.195808E+02  -0.120814E+03   0.391428E+06   0.175961E+03
   780   0.249510E+04   0.193133E+02  -0.119620E+03   0.390569E+06   0.175774E+03
   781   0.250104E+04   0.190485E+02  -0.118395E+03   0.389713E+06   0.175576E+03
   782   0.250683E+04   0.187865E+02  -0.117140E+03   0.388860E+06   0.175369E+03
   783   0.251249E+04   0.185275E+02  -0.115854E+03   0.388009E+06   0.175152E+03
   784   0.251799E+04   0.182716E+02  -0.114539E+03   0.387162E+06   0.174925E+03
   785   0.252333E+04   0.180188E+02  -0.113195E+03   0.386317E+06   0.174689E+03
   786   0.252850E+04   0.177693E+02  -0.111821E+03   0.385474E+06   0.174443E+03
   787   0.253350E+04   0.175232E+02  -0.110419E+03   0.384634E+06   0.174187E+03
   788   0.253834E+04   0.172805E+02  -0.108987E+03   0.383797E+06   0.173922E+03
   789   0.254298E+04   0.170416E+02  -0.107528E+03   0.382963E+06   0.173648E+03
   790   0.254746E+04   0.168063E+02  -0.106040E+03   0.382131E+06   0.173364E+03
   791   0.255175E+04   0.165751E+02  -0.104528E+03   0.381301E+06   0.173071E+03
   792   0.255587E+04   0.163479E+02  -0.102990E+03   0.380475E+06   0.172769E+03
   793   0.255979E+04   0.161250E+02  -0.101428E+03   0.379651E+06   0.172457E+03
   794   0.256354E+04   0.159064E+02  -0.998420E+02   0.378829E+06   0.172137E+03
   795   0.256708E+04   0.156924E+02  -0.982344E+02   0.378010E+06   0.171808E+03
   796   0.257045E+04   0.154829E+02  -0.966041E+02   0.377193E+06   0.171470E+03
   797   0.257363E+04   0.152781E+02  -0.949527E+02   0.376379E+06   0.171123E+03
   798   0.257661E+04   0.150779E+02  -0.932803E+02   0.375568E+06   0.170767E+03
   799   0.257941E+04   0.148826E+02  -0.915876E+02   0.374759E+06   0.170403E+03
   800   0.258202E+04   0.146920E+02  -0.898739E+02   0.373952E+06   0.170030E+03
   801   0.258443E+04   0.145064E+02  -0.881415E+02   0.373148E+06   0.169649E+03
   802   0.258666E+04   0.143256E+02  -0.863896E+02   0.372347E+06   0.169259E+03
   803   0.258869E+04   0.141499E+02  -0.846191E+02   0.371547E+06   0.168861E+03
   804   0.259052E+04   0.139793E+02  -0.828313E+02   0.370751E+06   0.168455E+03
   805   0.259215E+04   0.138140E+02  -0.810257E+02   0.369956E+06   0.168040E+03
   806   0.259357E+04   0.136541E+02  -0.792043E+02   0.369164E+06   0.167618E+03
   807   0.259477E+04   0.134996E+02  -0.773658E+02   0.368375E+06   0.167188E+03
   808   0.259576E+04   0.133508E+02  -0.755132E+02   0.367588E+06   0.166749E+03
   809   0.259653E+04   0.132077E+02  -0.736456E+02   0.366803E+06   0.166303E+03
   810   0.259708E+04   0.130703E+02  -0.717639E+02   0.366021E+06   0.165849E+03
   811   0.259740E+04   0.129388E+02  -0.698697E+02   0.365241E+06   0.165388E+03
   812   0.259753E+04   0.128130E+02  -0.679637E+02   0.364463E+06   0.164919E+03
   813   0.259744E+04   0.126930E+02  -0.660468E+02   0.363688E+06   0.164443E+03
   814   0.259714E+04   0.125790E+02  -0.641201E+02   0.362915E+06   0.163959E+03
   815   0.259665E+04   0.124708E+02  -0.621843E+02   0.362145E+06   0.163468E+03
   816   0.259596E+04   0.123687E+02  -0.602404E+02   0.361376E+06   0.162969E+03
   817   0.259507E+04   0.122726E+02  -0.582889E+02   0.360610E+06   0.162464E+03
   818   0.259397E+04   0.121825E+02  -0.563300E+02   0.359847E+06   0.161951E+03
   819   0.259266E+04   0.120985E+02  -0.543643E+02   0.359085E+06   0.161432E+03
   820   0.259113E+04   0.120208E+02  -0.523921E+02   0.358326E+06   0.160906E+03
   821   0.258938E+04   0.119493E+02  -0.504138E+02   0.357569E+06   0.160373E+03
   822   0.258740E+04   0.118841E+02  -0.484299E+02   0.356815E+06   0.159833E+03
   823   0.258519E+04   0.118253E+02  -0.464407E+02   0.356062E+06   0.159287E+03
   824   0.258276E+04   0.117729E+02  -0.444474E+02   0.355312E+06   0.158734E+03
   825   0.258011E+04   0.117269E+02  -0.424511E+02   0.354564E+06   0.158175E+03
   826   0.257724E+04   0.116874E+02  -0.404530E+02   0.353819E+06   0.157609E+03
   827   0.257416E+04   0.116542E+02  -0.384545E+02   0.353075E+06   0.157037E+03
   828   0.257087E+04   0.116275E+02  -0.364564E+02   0.352334E+06   0.156459E+03
   829   0.256739E+04   0.116072E+02  -0.344601E+02   0.351595E+06   0.155875E+03
   830   0.256371E+04   0.115935E+02  -0.324666E+02   0.350858E+06   0.155285E+03
   831   0.255984E+04   0.115862E+02  -0.304764E+02   0.350124E+06   0.154689E+03
   832   0.255577E+04   0.115854E+02  -0.284899E+02   0.349391E+06   0.154087E+03
   833   0.255150E+04   0.115912E+02  -0.265074E+02   0.348661E+06   0.153479E+03
   834   0.254702E+04   0.116035E+02  -0.245293E+02   0.347932E+06   0.152866E+03
   835   0.254232E+04   0.116224E+02  -0.225560E+02   0.347206E+06   0.152247E+03
   836   0.253741E+04   0.116479E+02  -0.205878E+02   0.346482E+06   0.151623E+03
   837   0.253228E+04   0.116800E+02  -0.186252E+02   0.345760E+06   0.150993E+03
   838   0.252694E+04   0.117188E+02  -0.166691E+02   0.345041E+06   0.150358E+03
   839   0.252138E+04   0.117640E+02  -0.147205E+02   0.344323E+06   0.149717E+03
   840   0.251563E+04   0.118158E+02  -0.127804E+02   0.343607E+06   0.149072E+03
   841   0.250968E+04   0.118741E+02  -0.108499E+02   0.342894E+06   0.148421E+03
   842   0.250354E+04   0.119387E+02  -0.892984E+01   0.342182E+06   0.147766E+03
   843   0.249720E+04   0.120097E+02  -0.702136E+01   0.341473E+06   0.147105E+03
   844   0.249070E+04   0.120870E+02  -0.512541E+01   0.340766E+06   0.146440E+03
   845   0.248401E+04   0.121707E+02  -0.324251E+01   0.340060E+06   0.145770E+03
   846   0.247714E+04   0.122606E+02  -0.137341E+01   0.339357E+06   0.145095E+03
   847   0.247009E+04   0.123570E+02   0.481421E+00   0.338656E+06   0.144416E+03
   848   0.246285E+04   0.124597E+02   0.232136E+01   0.337957E+06   0.143733E+03
   849   0.245542E+04   0.125688E+02   0.414582E+01   0.337259E+06   0.143045E+03
   850   0.244779E+04   0.126842E+02   0.595424E+01   0.336564E+06   0.142352E+03
   851   0.243998E+04   0.128061E+02   0.774603E+01   0.335871E+06   0.141656E+03
   852   0.243198E+04   0.129342E+02   0.952072E+01   0.335179E+06   0.140955E+03
   853   0.242380E+04   0.130686E+02   0.112778E+02   0.334490E+06   0.140250E+03
   854   0.241544E+04   0.132089E+02   0.130168E+02   0.333802E+06   0.139542E+03
   855   0.240692E+04   0.133553E+02   0.147372E+02   0.333117E+06   0.138829E+03
   856   0.239823E+04   0.135076E+02   0.164386E+02   0.332433E+06   0.138112E+03
   857   0.238939E+04   0.136655E+02   0.181205E+02   0.331752E+06   0.137392E+03
   858   0.238039E+04   0.138291E+02   0.197823E+02   0.331072E+06   0.136667E+03
   859   0.237124E+04   0.139983E+02   0.214233E+02   0.330394E+06   0.135939E+03
   860   0.236194E+04   0.141732E+02   0.230426E+02   0.329718E+06   0.135208E+03
   861   0.235250E+04   0.143536E+02   0.246393E+02   0.329044E+06   0.134472E+03
   862   0.234291E+04   0.145395E+02   0.262127E+02   0.328372E+06   0.133733E+03
   863   0.233318E+04   0.147311E+02   0.277619E+02   0.327702E+06   0.132991E+03
   864   0.232331E+04   0.149281E+02   0.292859E+02   0.327034E+06   0.132245E+03
   865   0.231329E+04   0.151305E+02   0.307843E+02   0.326367E+06   0.131496E+03
   866   0.230315E+04   0.153383E+02   0.322565E+02   0.325703E+06   0.130743E+03
   867   0.229287E+04   0.155514E+02   0.337026E+02   0.325040E+06   0.129987E+03
   868   0.228245E+04   0.157697E+02   0.351223E+02   0.324379E+06   0.129228E+03
   869   0.227190E+04   0.159930E+02   0.365156E+02   0.323720E+06   0.128466E+03
   870   0.226121E+04   0.162214E+02   0.378822E+02   0.323063E+06   0.127701E+03
   871   0.225040E+04   0.164546E+02   0.392221E+02   0.322408E+06   0.126933E+03
   872   0.223947E+04   0.166925E+02   0.405352E+02   0.321754E+06   0.126161E+03
   873   0.222842E+04   0.169350E+02   0.418207E+02   0.321103E+06   0.125387E+03
   874   0.221725E+04   0.171821E+02   0.430783E+02   0.320453E+06   0.124610E+03
   875   0.220597E+04   0.174337E+02   0.443074E+02   0.319805E+06   0.123830E+03
   876   0.219458E+04   0.176894E+02   0.455076E+02   0.319159E+06   0.123048E+03
   877   0.218309E+04   0.179493E+02   0.466781E+02   0.318514E+06   0.122262E+03
   878   0.217152E+04   0.182133E+02   0.478185E+02   0.317872E+06   0.121475E+03
   879   0.215985E+04   0.184811E+02   0.489283E+02   0.317231E+06   0.120684E+03
   880   0.214810E+04   0.187528E+02   0.500070E+02   0.316592E+06   0.119891E+03
   881   0.213626E+04   0.190282E+02   0.510542E+02   0.315954E+06   0.119096E+03
   882   0.212435E+04   0.193073E+02   0.520693E+02   0.315319E+06   0.118298E+03
   883   0.211236E+04   0.195898E+02   0.530519E+02   0.314685E+06   0.117498E+03
   884   0.210028E+04   0.198759E+02   0.540016E+02   0.314053E+06   0.116696E+03
   885   0.208813E+04   0.201654E+02   0.549179E+02   0.313422E+06   0.115891E+03
   886   0.207591E+04   0.204581E+02   0.558003E+02   0.312794E+06   0.115085E+03
   887   0.206362E+04   0.207541E+02   0.566488E+02   0.312167E+06   0.114276E+03
   888   0.205126E+04   0.210531E+02   0.574633E+02   0.311542E+06   0.113465E+03
   889   0.203884E+04   0.213549E+02   0.582439E+02   0.310918E+06   0.112652E+03
   890   0.202636E+04   0.216596E+02   0.589904E+02   0.310297E+06   0.111837E+03
   891   0.201383E+04   0.219669E+02   0.597030E+02   0.309676E+06   0.111021E+03
   892   0.200124E+04   0.222768E+02   0.603814E+02   0.309058E+06   0.110203E+03
   893   0.198860E+04   0.225891E+02   0.610258E+02   0.308441E+06   0.109383E+03
   894   0.197593E+04   0.229036E+02   0.616360E+02   0.307826E+06   0.108561E+03
   895   0.196321E+04   0.232202E+02   0.622118E+02   0.307213E+06   0.107738E+03
   896   0.195046E+04   0.235387E+02   0.627533E+02   0.306601E+06   0.106913E+03
   897   0.193768E+04   0.238591E+02   0.632601E+02   0.305991E+06   0.106086E+03
   898   0.192487E+04   0.241811E+02   0.637324E+02   0.305383E+06   0.105258E+03
   899   0.191204E+04   0.245046E+02   0.641698E+02   0.304776E+06   0.104429E+03
   900   0.189919E+04   0.248294E+02   0.645724E+02   0.304171E+06   0.103599E+03
   901   0.188632E+04   0.251554E+02   0.649400E+02   0.303568E+06   0.102767E+03
   902   0.187345E+04   0.254825E+02   0.652725E+02   0.302966E+06   0.101934E+03
   903   0.186057E+04   0.258106E+02   0.655699E+02   0.302365E+06   0.101100E+03
   904   0.184768E+04   0.261395E+02   0.658322E+02   0.301767E+06   0.100265E+03
   905   0.183480E+04   0.264691E+02   0.660592E+02   0.301170E+06   0.994287E+02
   906   0.182192E+04   0.267994E+02   0.662508E+02   0.300574E+06   0.985919E+02
   907   0.180906E+04   0.271300E+02   0.664070E+02   0.299980E+06   0.977543E+02
   908   0.179621E+04   0.274609E+02   0.665280E+02   0.299388E+06   0.969160E+02
   909   0.178338E+04   0.277922E+02   0.666137E+02   0.298797E+06   0.960772E+02
   910   0.177056E+04   0.281235E+02   0.666642E+02   0.298208E+06   0.952378E+02
   911   0.175777E+04   0.284547E+02   0.666798E+02   0.297621E+06   0.943980E+02
   912   0.174501E+04   0.287858E+02   0.666604E+02   0.297035E+06   0.935579E+02
   913   0.173228E+04   0.291167E+02   0.666063E+02   0.296450E+06   0.927176E+02
   914   0.171958E+04   0.294472E+02   0.665174E+02   0.295868E+06   0.918771E+02
   915   0.170692E+04   0.297771E+02   0.663940E+02   0.295286E+06   0.910365E+02
   916   0.169430E+04   0.301065E+02   0.662362E+02   0.294707E+06   0.901959E+02
   917   0.168172E+04   0.304349E+02   0.660441E+02   0.294128E+06   0.893554E+02
   918   0.166918E+04   0.307625E+02   0.658180E+02   0.293552E+06   0.885151E+02
   919   0.165669E+04   0.310890E+02   0.655579E+02   0.292977E+06   0.876750E+02
   920   0.164426E+04   0.314143E+02   0.652641E+02   0.292403E+06   0.868353E+02
   921   0.163187E+04   0.317381E+02   0.649367E+02   0.291831E+06   0.859960E+02
   922   0.161954E+04   0.320606E+02   0.645761E+02   0.291261E+06   0.851573E+02
   923   0.160729E+04   0.323814E+02   0.641827E+02   0.290692E+06   0.843191E+02
   924   0.159508E+04   0.327006E+02   0.637567E+02   0.290124E+06   0.834816E+02
   925   0.158295E+04   0.330178E+02   0.632986E+02   0.289558E+06   0.826449E+02
   926   0.157089E+04   0.333331E+02   0.628089E+02   0.288994E+06   0.818090E+02
   927   0.155891E+04   0.336463E+02   0.622877E+02   0.288431E+06   0.809740E+02
   928   0.154701E+04   0.339573E+02   0.617356E+02   0.287869E+06   0.801401E+02
   929   0.153519E+04   0.342659E+02   0.611528E+02   0.287309E+06   0.793073E+02
   930   0.152346E+04   0.345720E+02   0.605396E+02   0.286750E+06   0.784757E+02
   931   0.151180E+04   0.348756E+02   0.598964E+02   0.286193E+06   0.776453E+02
   932   0.150025E+04   0.351764E+02   0.592234E+02   0.285638E+06   0.768163E+02
   933   0.148879E+04   0.354743E+02   0.585210E+02   0.285084E+06   0.759887E+02
   934   0.147742E+04   0.357692E+02   0.577894E+02   0.284531E+06   0.751627E+02
   935   0.146615E+04   0.360610E+02   0.570291E+02   0.283980E+06   0.743383E+02
   936   0.145498E+04   0.363494E+02   0.562403E+02   0.283430E+06   0.735155E+02
   937   0.144391E+04   0.366345E+02   0.554236E+02   0.282881E+06   0.726946E+02
   938   0.143295E+04   0.369161E+02   0.545792E+02   0.282335E+06   0.718755E+02
   939   0.142210E+04   0.371940E+02   0.537077E+02   0.281789E+06   0.710584E+02
   940   0.141135E+04   0.374682E+02   0.528095E+02   0.281245E+06   0.702433E+02
   941   0.140073E+04   0.377385E+02   0.518850E+02   0.280702E+06   0.694303E+02
   942   0.139021E+04   0.380048E+02   0.509345E+02   0.280161E+06   0.686195E+02
   943   0.137982E+04   0.382670E+02   0.499586E+02   0.279621E+06   0.678110E+02
   944   0.136954E+04   0.385251E+02   0.489579E+02   0.279083E+06   0.670049E+02
   945   0.135939E+04   0.387788E+02   0.479327E+02   0.278546E+06   0.662012E+02
   946   0.134936E+04   0.390282E+02   0.468837E+02   0.278010E+06   0.654001E+02
   947   0.133947E+04   0.392729E+02   0.458114E+02   0.277476E+06   0.646016E+02
   948   0.132970E+04   0.395132E+02   0.447162E+02   0.276943E+06   0.638058E+02
   949   0.132006E+04   0.397488E+02   0.435986E+02   0.276412E+06   0.630128E+02
   950   0.131056E+04   0.399795E+02   0.424593E+02   0.275882E+06   0.622227E+02
   951   0.130119E+04   0.402053E+02   0.412986E+02   0.275353E+06   0.614355E+02
   952   0.129196E+04   0.404261E+02   0.401172E+02   0.274826E+06   0.606514E+02
   953   0.128286E+04   0.406419E+02   0.389154E+02   0.274300E+06   0.598702E+02
   954   0.127390E+04   0.408524E+02   0.376938E+02   0.273775E+06   0.590922E+02
   955   0.126509E+04   0.410577E+02   0.364529E+02   0.273252E+06   0.583172E+02
   956   0.125642E+04   0.412576E+02   0.351932E+02   0.272730E+06   0.575454E+02
   957   0.124790E+04   0.414520E+02   0.339153E+02   0.272210E+06   0.567768E+02
   958   0.123951E+04   0.416410E+02   0.326198E+02   0.271690E+06   0.560114E+02
   959   0.123128E+04   0.418245E+02   0.313076E+02   0.271173E+06   0.552493E+02
   960   0.122319E+04   0.420024E+02   0.299791E+02   0.270656E+06   0.544904E+02
   961   0.121526E+04   0.421746E+02   0.286351E+02   0.270141E+06   0.537349E+02
   962   0.120747E+04   0.423413E+02   0.272761E+02   0.269627E+06   0.529828E+02
   963   0.119985E+04   0.425022E+02   0.259031E+02   0.269115E+06   0.522340E+02
   964   0.119237E+04   0.426573E+02   0.245163E+02   0.268603E+06   0.514887E+02
   965   0.118505E+04   0.428066E+02   0.231164E+02   0.268093E+06   0.507469E+02
   966   0.117788E+04   0.429500E+02   0.217040E+02   0.267585E+06   0.500085E+02
   967   0.117087E+04   0.430874E+02   0.202797E+02   0.267078E+06   0.492738E+02
   968   0.116402E+04   0.432188E+02   0.188441E+02   0.266572E+06   0.485426E+02
   969   0.115732E+04   0.433441E+02   0.173977E+02   0.266067E+06   0.478150E+02
   970   0.115079E+04   0.434632E+02   0.159411E+02   0.265564E+06   0.470911E+02
   971   0.114440E+04   0.435762E+02   0.144750E+02   0.265062E+06   0.463709E+02
   972   0.113818E+04   0.436829E+02   0.130000E+02   0.264561E+06   0.456545E+02
   973   0.113212E+04   0.437833E+02   0.115167E+02   0.264061E+06   0.449418E+02
   974   0.112622E+04   0.438775E+02   0.100258E+02   0.263563E+06   0.442329E+02
   975   0.112047E+04   0.439654E+02   0.852792E+01   0.263066E+06   0.435278E+02
   976   0.111488E+04   0.440469E+02   0.702365E+01   0.262571E+06   0.428267E+02
   977   0.110946E+04   0.441220E+02   0.551378E+01   0.262076E+06   0.421294E+02
   978   0.110420E+04   0.441907E+02   0.399877E+01   0.261583E+06   0.414361E+02
   979   0.109909E+04   0.442531E+02   0.247933E+01   0.261091E+06   0.407468E+02
   980   0.109415E+04   0.443090E+02   0.956030E+00   0.260601E+06   0.400615E+02
   981   0.108937E+04   0.443585E+02  -0.570515E+00   0.260111E+06   0.393803E+02
   982   0.108474E+04   0.444016E+02  -0.209969E+01   0.259623E+06   0.387032E+02
   983   0.108027E+04   0.444383E+02  -0.363089E+01   0.259136E+06   0.380302E+02
   984   0.107597E+04   0.444685E+02  -0.516352E+01   0.258651E+06   0.373614E+02
   985   0.107182E+04   0.444922E+02  -0.669702E+01   0.258167E+06   0.366969E+02
   986   0.106783E+04   0.445094E+02  -0.823082E+01   0.257683E+06   0.360365E+02
   987   0.106401E+04   0.445202E+02  -0.976440E+01   0.257202E+06   0.353805E+02
   988   0.106034E+04   0.445243E+02  -0.112972E+02   0.256721E+06   0.347287E+02
   989   0.105682E+04   0.445220E+02  -0.128287E+02   0.256241E+06   0.340813E+02
   990   0.105347E+04   0.445130E+02  -0.143582E+02   0.255763E+06   0.334384E+02
   991   0.105026E+04   0.444975E+02  -0.158854E+02   0.255286E+06   0.327998E+02
   992   0.104722E+04   0.444754E+02  -0.174095E+02   0.254811E+06   0.321657E+02
   993   0.104433E+04   0.444467E+02  -0.189298E+02   0.254336E+06   0.315361E+02
   994   0.104160E+04   0.444114E+02  -0.204456E+02   0.253863E+06   0.309111E+02
   995   0.103902E+04   0.443698E+02  -0.219564E+02   0.253390E+06   0.302906E+02
   996   0.103660E+04   0.443216E+02  -0.234615E+02   0.252920E+06   0.296748E+02
   997   0.103432E+04   0.442669E+02  -0.249601E+02   0.252450E+06   0.290636E+02
   998   0.103221E+04   0.442057E+02  -0.264517E+02   0.251981E+06   0.284571E+02
   999   0.103024E+04   0.441381E+02  -0.279354E+02   0.251514E+06   0.278553E+02
  1000   0.102842E+04   0.440642E+02  -0.294106E+02   0.251048E+06   0.272583E+02
  1001   0.102674E+04   0.439837E+02  -0.308765E+02   0.250583E+06   0.266660E+02
  1002   0.102522E+04   0.438969E+02  -0.323325E+02   0.250119E+06   0.260786E+02
  1003   0.102383E+04   0.438036E+02  -0.337778E+02   0.249656E+06   0.254960E+02
  1004   0.102259E+04   0.437039E+02  -0.352117E+02   0.249195E+06   0.249183E+02
  1005   0.102148E+04   0.435978E+02  -0.366337E+02   0.248734E+06   0.243454E+02
  1006   0.102052E+04   0.434854E+02  -0.380433E+02   0.248275E+06   0.237774E+02
  1007   0.101969E+04   0.433669E+02  -0.394402E+02   0.247817E+06   0.232143E+02
  1008   0.101899E+04   0.432425E+02  -0.408242E+02   0.247360E+06   0.226561E+02
  1009   0.101844E+04   0.431124E+02  -0.421949E+02   0.246905E+06   0.221028E+02
  1010   0.101800E+04   0.429766E+02  -0.435521E+02   0.246450E+06   0.215544E+02
  1011   0.101771E+04   0.428353E+02  -0.448954E+02   0.245997E+06   0.210110E+02
  1012   0.101753E+04   0.426887E+02  -0.462246E+02   0.245544E+06   0.204726E+02
  1013   0.101748E+04   0.425367E+02  -0.475392E+02   0.245093E+06   0.199392E+02
  1014   0.101757E+04   0.423794E+02  -0.488387E+02   0.244643E+06   0.194107E+02
  1015   0.101777E+04   0.422165E+02  -0.501228E+02   0.244194E+06   0.188873E+02
  1016   0.101810E+04   0.420481E+02  -0.513911E+02   0.243747E+06   0.183689E+02
  1017   0.101857E+04   0.418741E+02  -0.526430E+02   0.243300E+06   0.178556E+02
  1018   0.101914E+04   0.416945E+02  -0.538782E+02   0.242855E+06   0.173473E+02
  1019   0.101984E+04   0.415093E+02  -0.550961E+02   0.242410E+06   0.168441E+02
  1020   0.102066E+04   0.413185E+02  -0.562962E+02   0.241967E+06   0.163459E+02
  1021   0.102159E+04   0.411224E+02  -0.574777E+02   0.241525E+06   0.158529E+02
  1022   0.102264E+04   0.409211E+02  -0.586399E+02   0.241084E+06   0.153650E+02
  1023   0.102378E+04   0.407147E+02  -0.597822E+02   0.240644E+06   0.148823E+02
  1024   0.102504E+04   0.405035E+02  -0.609039E+02   0.240205E+06   0.144047E+02
  1025   0.102639E+04   0.402876E+02  -0.620043E+02   0.239768E+06   0.139323E+02
  1026   0.102785E+04   0.400672E+02  -0.630827E+02   0.239331E+06   0.134650E+02
  1027   0.102940E+04   0.398424E+02  -0.641393E+02   0.238896E+06   0.130030E+02
  1028   0.103104E+04   0.396131E+02  -0.651740E+02   0.238461E+06   0.125462E+02
  1029   0.103278E+04   0.393796E+02  -0.661869E+02   0.238028E+06   0.120946E+02
  1030   0.103461E+04   0.391417E+02  -0.671782E+02   0.237596E+06   0.116482E+02
  1031   0.103654E+04   0.388997E+02  -0.681479E+02   0.237165E+06   0.112071E+02
  1032   0.103855E+04   0.386536E+02  -0.690961E+02   0.236735E+06   0.107713E+02
  1033   0.104066E+04   0.384034E+02  -0.700228E+02   0.236306E+06   0.103408E+02
  1034   0.104285E+04   0.381492E+02  -0.709275E+02   0.235878E+06   0.991564E+01
  1035   0.104513E+04   0.378913E+02  -0.718095E+02   0.235451E+06   0.949577E+01
  1036   0.104748E+04   0.376297E+02  -0.726683E+02   0.235025E+06   0.908124E+01
  1037   0.104991E+04   0.373647E+02  -0.735032E+02   0.234601E+06   0.867207E+01
  1038   0.105241E+04   0.370962E+02  -0.743137E+02   0.234177E+06   0.826826E+01
  1039   0.105498E+04   0.368246E+02  -0.750991E+02   0.233755E+06   0.786985E+01
  1040   0.105762E+04   0.365498E+02  -0.758588E+02   0.233333E+06   0.747683E+01
  1041   0.106032E+04   0.362720E+02  -0.765929E+02   0.232913E+06   0.708924E+01
  1042   0.106307E+04   0.359911E+02  -0.773011E+02   0.232493E+06   0.670707E+01
  1043   0.106589E+04   0.357073E+02  -0.779834E+02   0.232075E+06   0.633036E+01
  1044   0.106876E+04   0.354206E+02  -0.786402E+02   0.231658E+06   0.595911E+01
  1045   0.107169E+04   0.351308E+02  -0.792709E+02   0.231241E+06   0.559334E+01
  1046   0.107467E+04   0.348383E+02  -0.798762E+02   0.230826E+06   0.523307E+01
  1047   0.107771E+04   0.345429E+02  -0.804554E+02   0.230412E+06   0.487831E+01
  1048   0.108079E+04   0.342447E+02  -0.810085E+02   0.229999E+06   0.452907E+01
  1049   0.108392E+04   0.339442E+02  -0.815349E+02   0.229587E+06   0.418538E+01
  1050   0.108709E+04   0.336415E+02  -0.820360E+02   0.229176E+06   0.384724E+01
  1051   0.109030E+04   0.333368E+02  -0.825112E+02   0.228766E+06   0.351467E+01
  1052   0.109354E+04   0.330301E+02  -0.829596E+02   0.228357E+06   0.318766E+01
  1053   0.109682E+04   0.327219E+02  -0.833814E+02   0.227949E+06   0.286619E+01
  1054   0.110014E+04   0.324123E+02  -0.837765E+02   0.227542E+06   0.255024E+01
  1055   0.110347E+04   0.321014E+02  -0.841458E+02   0.227136E+06   0.223979E+01
  1056   0.110684E+04   0.317892E+02  -0.844886E+02   0.226731E+06   0.193483E+01
  1057   0.111023E+04   0.314759E+02  -0.848041E+02   0.226327E+06   0.163534E+01
  1058   0.111364E+04   0.311616E+02  -0.850939E+02   0.225924E+06   0.134130E+01
  1059   0.111706E+04   0.308463E+02  -0.853565E+02   0.225522E+06   0.105270E+01
  1060   0.112051E+04   0.305302E+02  -0.855920E+02   0.225121E+06   0.769517E+00
  1061   0.112397E+04   0.302134E+02  -0.858019E+02   0.224721E+06   0.491736E+00
  1062   0.112744E+04   0.298960E+02  -0.859839E+02   0.224322E+06   0.219339E+00
  1063   0.113092E+04   0.295780E+02  -0.861404E+02   0.223924E+06  -0.476902E-01
  1064   0.113441E+04   0.292597E+02  -0.862700E+02   0.223527E+06  -0.309370E+00
  1065   0.113790E+04   0.289410E+02  -0.863725E+02   0.223131E+06  -0.565716E+00
  1066   0.114139E+04   0.286222E+02  -0.864497E+02   0.222736E+06  -0.816747E+00
  1067   0.114488E+04   0.283032E+02  -0.864999E+02   0.222342E+06  -0.106248E+01
  1068   0.114837E+04   0.279844E+02  -0.865241E+02   0.221949E+06  -0.130293E+01
  1069   0.115185E+04   0.276657E+02  -0.865222E+02   0.221557E+06  -0.153812E+01
  1070   0.115533E+04   0.273473E+02  -0.864943E+02   0.221166E+06  -0.176806E+01
  1071   0.115879E+04   0.270293E+02  -0.864404E+02   0.220775E+06  -0.199277E+01
  1072   0.116225E+04   0.267119E+02  -0.863613E+02   0.220386E+06  -0.221226E+01
  1073   0.116568E+04   0.263952E+02  -0.862563E+02   0.219998E+06  -0.242656E+01
  1074   0.116910E+04   0.260793E+02  -0.861261E+02   0.219611E+06  -0.263568E+01
  1075   0.117249E+04   0.257644E+02  -0.859709E+02   0.219224E+06  -0.283965E+01
  1076   0.117588E+04   0.254505E+02  -0.857898E+02   0.218839E+06  -0.303846E+01
  1077   0.117923E+04   0.251377E+02  -0.855845E+02   0.218455E+06  -0.323215E+01
  1078   0.118256E+04   0.248263E+02  -0.853550E+02   0.218071E+06  -0.342073E+01
  1079   0.118585E+04   0.245163E+02  -0.851005E+02   0.217689E+06  -0.360422E+01
  1080   0.118912E+04   0.242078E+02  -0.848225E+02   0.217307E+06  -0.378263E+01
  1081   0.119235E+04   0.239010E+02  -0.845197E+02   0.216927E+06  -0.395598E+01
  1082   0.119555E+04   0.235959E+02  -0.841936E+02   0.216547E+06  -0.412430E+01
  1083   0.119871E+04   0.232927E+02  -0.838441E+02   0.216168E+06  -0.428758E+01
  1084   0.120183E+04   0.229915E+02  -0.834714E+02   0.215790E+06  -0.444586E+01
  1085   0.120491E+04   0.226923E+02  -0.830762E+02   0.215414E+06  -0.459915E+01
  1086   0.120794E+04   0.223954E+02  -0.826570E+02   0.215038E+06  -0.474747E+01
  1087   0.121093E+04   0.221006E+02  -0.822162E+02   0.214663E+06  -0.489084E+01
  1088   0.121387E+04   0.218084E+02  -0.817529E+02   0.214289E+06  -0.502926E+01
  1089   0.121675E+04   0.215186E+02  -0.812674E+02   0.213915E+06  -0.516276E+01
  1090   0.121959E+04   0.212314E+02  -0.807602E+02   0.213543E+06  -0.529136E+01
  1091   0.122237E+04   0.209469E+02  -0.802323E+02   0.213172E+06  -0.541507E+01
  1092   0.122510E+04   0.206653E+02  -0.796829E+02   0.212801E+06  -0.553392E+01
  1093   0.122776E+04   0.203866E+02  -0.791136E+02   0.212432E+06  -0.564791E+01
  1094   0.123037E+04   0.201110E+02  -0.785235E+02   0.212063E+06  -0.575706E+01
  1095   0.123292E+04   0.198386E+02  -0.779143E+02   0.211696E+06  -0.586140E+01
  1096   0.123540E+04   0.195694E+02  -0.772853E+02   0.211329E+06  -0.596093E+01
  1097   0.123783E+04   0.193037E+02  -0.766371E+02   0.210963E+06  -0.605568E+01
  1098   0.124019E+04   0.190414E+02  -0.759707E+02   0.210598E+06  -0.614567E+01
  1099   0.124247E+04   0.187827E+02  -0.752861E+02   0.210234E+06  -0.623090E+01
  1100   0.124470E+04   0.185277E+02  -0.745839E+02   0.209871E+06  -0.631140E+01
  1101   0.124684E+04   0.182763E+02  -0.738636E+02   0.209508E+06  -0.638719E+01
  1102   0.124892E+04   0.180288E+02  -0.731265E+02   0.209147E+06  -0.645830E+01
  1103   0.125092E+04   0.177852E+02  -0.723721E+02   0.208786E+06  -0.652475E+01
  1104   0.125286E+04   0.175456E+02  -0.716016E+02   0.208427E+06  -0.658659E+01
  1105   0.125471E+04   0.173099E+02  -0.708152E+02   0.208068E+06  -0.664383E+01
  1106   0.125648E+04   0.170784E+02  -0.700132E+02   0.207710E+06  -0.669652E+01
  1107   0.125818E+04   0.168511E+02  -0.691960E+02   0.207353E+06  -0.674469E+01
  1108   0.125980E+04   0.166281E+02  -0.683642E+02   0.206997E+06  -0.678836E+01
  1109   0.126134E+04   0.164094E+02  -0.675181E+02   0.206642E+06  -0.682758E+01
  1110   0.126280E+04   0.161952E+02  -0.666581E+02   0.206287E+06  -0.686236E+01
  1111   0.126417E+04   0.159854E+02  -0.657848E+02   0.205934E+06  -0.689275E+01
  1112   0.126546E+04   0.157802E+02  -0.648984E+02   0.205581E+06  -0.691877E+01
  1113   0.126667E+04   0.155796E+02  -0.639996E+02   0.205229E+06  -0.694046E+01
  1114   0.126780E+04   0.153837E+02  -0.630887E+02   0.204878E+06  -0.695785E+01
  1115   0.126884E+04   0.151925E+02  -0.621661E+02   0.204528E+06  -0.697097E+01
  1116   0.126979E+04   0.150061E+02  -0.612325E+02   0.204179E+06  -0.697985E+01
  1117   0.127066E+04   0.148246E+02  -0.602880E+02   0.203830E+06  -0.698452E+01
  1118   0.127144E+04   0.146479E+02  -0.593333E+02   0.203483E+06  -0.698503E+01
  1119   0.127213E+04   0.144763E+02  -0.583688E+02   0.203136E+06  -0.698139E+01
  1120   0.127272E+04   0.143095E+02  -0.573949E+02   0.202790E+06  -0.697364E+01
  1121   0.127323E+04   0.141479E+02  -0.564121E+02   0.202445E+06  -0.696181E+01
  1122   0.127365E+04   0.139914E+02  -0.554208E+02   0.202101E+06  -0.694593E+01
  1123   0.127398E+04   0.138399E+02  -0.544215E+02   0.201758E+06  -0.692604E+01
  1124   0.127422E+04   0.136937E+02  -0.534146E+02   0.201415E+06  -0.690217E+01
  1125   0.127436E+04   0.135527E+02  -0.524006E+02   0.201073E+06  -0.687435E+01
  1126   0.127441E+04   0.134169E+02  -0.513801E+02   0.200732E+06  -0.684260E+01
  1127   0.127436E+04   0.132864E+02  -0.503535E+02   0.200392E+06  -0.680697E+01
  1128   0.127423E+04   0.131613E+02  -0.493216E+02   0.200053E+06  -0.676749E+01
  1129   0.127400E+04   0.130416E+02  -0.482845E+02   0.199715E+06  -0.672418E+01
  1130   0.127369E+04   0.129272E+02  -0.472430E+02   0.199377E+06  -0.667708E+01
  1131   0.127327E+04   0.128183E+02  -0.461976E+02   0.199041E+06  -0.662622E+01
  1132   0.127277E+04   0.127148E+02  -0.451487E+02   0.198705E+06  -0.657163E+01
  1133   0.127217E+04   0.126168E+02  -0.440967E+02   0.198370E+06  -0.651335E+01
  1134   0.127148E+04   0.125243E+02  -0.430422E+02   0.198035E+06  -0.645140E+01
  1135   0.127070E+04   0.124373E+02  -0.419857E+02   0.197702E+06  -0.638582E+01
  1136   0.126982E+04   0.123558E+02  -0.409274E+02   0.197369E+06  -0.631664E+01
  1137   0.126885E+04   0.122798E+02  -0.398680E+02   0.197037E+06  -0.624389E+01
  1138   0.126779E+04   0.122094E+02  -0.388079E+02   0.196706E+06  -0.616760E+01
  1139   0.126664E+04   0.121444E+02  -0.377476E+02   0.196376E+06  -0.608781E+01
  1140   0.126539E+04   0.120851E+02  -0.366876E+02   0.196046E+06  -0.600454E+01
  1141   0.126405E+04   0.120312E+02  -0.356283E+02   0.195718E+06  -0.591784E+01
  1142   0.126262E+04   0.119829E+02  -0.345704E+02   0.195390E+06  -0.582772E+01
  1143   0.126109E+04   0.119402E+02  -0.335142E+02   0.195063E+06  -0.573423E+01
  1144   0.125947E+04   0.119030E+02  -0.324602E+02   0.194736E+06  -0.563739E+01
  1145   0.125777E+04   0.118714E+02  -0.314090E+02   0.194411E+06  -0.553724E+01
  1146   0.125597E+04   0.118453E+02  -0.303610E+02   0.194086E+06  -0.543380E+01
  1147   0.125408E+04   0.118247E+02  -0.293166E+02   0.193762E+06  -0.532712E+01
  1148   0.125210E+04   0.118097E+02  -0.282764E+02   0.193439E+06  -0.521722E+01
  1149   0.125003E+04   0.118001E+02  -0.272408E+02   0.193116E+06  -0.510413E+01
  1150   0.124787E+04   0.117959E+02  -0.262101E+02   0.192795E+06  -0.498788E+01
  1151   0.124563E+04   0.117972E+02  -0.251850E+02   0.192474E+06  -0.486852E+01
  1152   0.124330E+04   0.118040E+02  -0.241658E+02   0.192154E+06  -0.474607E+01
  1153   0.124088E+04   0.118161E+02  -0.231530E+02   0.191834E+06  -0.462057E+01
  1154   0.123837E+04   0.118337E+02  -0.221468E+02   0.191516E+06  -0.449205E+01
  1155   0.123578E+04   0.118565E+02  -0.211479E+02   0.191198E+06  -0.436057E+01
  1156   0.123311E+04   0.118846E+02  -0.201566E+02   0.190881E+06  -0.422614E+01
  1157   0.123035E+04   0.119181E+02  -0.191732E+02   0.190564E+06  -0.408882E+01
  1158   0.122752E+04   0.119568E+02  -0.181984E+02   0.190249E+06  -0.394863E+01
  1159   0.122460E+04   0.120006E+02  -0.172324E+02   0.189934E+06  -0.380561E+01
  1160   0.122160E+04   0.120497E+02  -0.162756E+02   0.189620E+06  -0.365981E+01
  1161   0.121853E+04   0.121039E+02  -0.153285E+02   0.189307E+06  -0.351125E+01
  1162   0.121538E+04   0.121632E+02  -0.143913E+02   0.188994E+06  -0.335997E+01
  1163   0.121216E+04   0.122275E+02  -0.134644E+02   0.188682E+06  -0.320602E+01
  1164   0.120886E+04   0.122968E+02  -0.125482E+02   0.188371E+06  -0.304943E+01
  1165   0.120549E+04   0.123710E+02  -0.116431E+02   0.188061E+06  -0.289023E+01
  1166   0.120204E+04   0.124501E+02  -0.107495E+02   0.187751E+06  -0.272846E+01
  1167   0.119852E+04   0.125341E+02  -0.986754E+01   0.187442E+06  -0.256416E+01
  1168   0.119493E+04   0.126228E+02  -0.899777E+01   0.187134E+06  -0.239737E+01
  1169   0.119128E+04   0.127163E+02  -0.814042E+01   0.186827E+06  -0.222812E+01
  1170   0.118755E+04   0.128143E+02  -0.729586E+01   0.186520E+06  -0.205645E+01
  1171   0.118376E+04   0.129171E+02  -0.646449E+01   0.186214E+06  -0.188240E+01
  1172   0.117991E+04   0.130243E+02  -0.564653E+01   0.185909E+06  -0.170600E+01
  1173   0.117600E+04   0.131360E+02  -0.484239E+01   0.185604E+06  -0.152730E+01
  1174   0.117202E+04   0.132521E+02  -0.405240E+01   0.185301E+06  -0.134632E+01
  1175   0.116797E+04   0.133726E+02  -0.327677E+01   0.184998E+06  -0.116311E+01
  1176   0.116388E+04   0.134973E+02  -0.251584E+01   0.184695E+06  -0.977700E+00
  1177   0.115972E+04   0.136262E+02  -0.176987E+01   0.184394E+06  -0.790129E+00
  1178   0.115551E+04   0.137593E+02  -0.103915E+01   0.184093E+06  -0.600435E+00
  1179   0.115124E+04   0.138965E+02  -0.323972E+00   0.183793E+06  -0.408653E+00
  1180   0.114692E+04   0.140375E+02   0.375380E+00   0.183493E+06  -0.214822E+00
  1181   0.114255E+04   0.141825E+02   0.105865E+01   0.183194E+06  -0.189786E-01
  1182   0.113813E+04   0.143313E+02   0.172559E+01   0.182896E+06   0.178841E+00
  1183   0.113366E+04   0.144838E+02   0.237594E+01   0.182599E+06   0.378599E+00
  1184   0.112914E+04   0.146400E+02   0.300945E+01   0.182302E+06   0.580260E+00
  1185   0.112458E+04   0.147997E+02   0.362587E+01   0.182006E+06   0.783785E+00
  1186   0.111997E+04   0.149629E+02   0.422495E+01   0.181711E+06   0.989137E+00
  1187   0.111532E+04   0.151295E+02   0.480644E+01   0.181416E+06   0.119628E+01
  1188   0.111063E+04   0.152994E+02   0.537017E+01   0.181122E+06   0.140518E+01
  1189   0.110590E+04   0.154725E+02   0.591594E+01   0.180829E+06   0.161579E+01
  1190   0.110112E+04   0.156488E+02   0.644357E+01   0.180537E+06   0.182809E+01
  1191   0.109632E+04   0.158280E+02   0.695290E+01   0.180245E+06   0.204202E+01
  1192   0.109148E+04   0.160102E+02   0.744373E+01   0.179953E+06   0.225757E+01
  1193   0.108661E+04   0.161953E+02   0.791590E+01   0.179663E+06   0.247468E+01
  1194   0.108171E+04   0.163831E+02   0.836922E+01   0.179373E+06   0.269332E+01
  1195   0.107679E+04   0.165735E+02   0.880356E+01   0.179084E+06   0.291346E+01
  1196   0.107183E+04   0.167665E+02   0.921880E+01   0.178796E+06   0.313505E+01
  1197   0.106685E+04   0.169620E+02   0.961479E+01   0.178508E+06   0.335807E+01
  1198   0.106185E+04   0.171597E+02   0.999144E+01   0.178221E+06   0.358247E+01
  1199   0.105683E+04   0.173598E+02   0.103485E+02   0.177934E+06   0.380822E+01
  1200   0.105179E+04   0.175619E+02   0.106860E+02   0.177648E+06   0.403528E+01
  1201   0.104672E+04   0.177662E+02   0.110037E+02   0.177363E+06   0.426361E+01
  1202   0.104165E+04   0.179724E+02   0.113017E+02   0.177079E+06   0.449317E+01
  1203   0.103656E+04   0.181804E+02   0.115798E+02   0.176795E+06   0.472394E+01
  1204   0.103146E+04   0.183903E+02   0.118381E+02   0.176512E+06   0.495588E+01
  1205   0.102634E+04   0.186017E+02   0.120763E+02   0.176229E+06   0.518894E+01
  1206   0.102121E+04   0.188148E+02   0.122946E+02   0.175947E+06   0.542311E+01
  1207   0.101608E+04   0.190292E+02   0.124928E+02   0.175666E+06   0.565833E+01
  1208   0.101095E+04   0.192451E+02   0.126710E+02   0.175386E+06   0.589458E+01
  1209   0.100581E+04   0.194623E+02   0.128291E+02   0.175106E+06   0.613181E+01
  1210   0.100066E+04   0.196806E+02   0.129672E+02   0.174826E+06   0.637000E+01
  1211   0.995518E+03   0.199000E+02   0.130852E+02   0.174548E+06   0.660911E+01
  1212   0.990378E+03   0.201203E+02   0.131833E+02   0.174270E+06   0.684910E+01
  1213   0.985236E+03   0.203416E+02   0.132614E+02   0.173993E+06   0.708993E+01
  1214   0.980101E+03   0.205637E+02   0.133195E+02   0.173716E+06   0.733158E+01
  1215   0.974979E+03   0.207863E+02   0.133577E+02   0.173440E+06   0.757401E+01
  1216   0.969855E+03   0.210096E+02   0.133759E+02   0.173164E+06   0.781717E+01
  1217   0.964745E+03   0.212334E+02   0.133743E+02   0.172890E+06   0.806105E+01
  1218   0.959648E+03   0.214575E+02   0.133530E+02   0.172615E+06   0.830559E+01
  1219   0.954565E+03   0.216819E+02   0.133118E+02   0.172342E+06   0.855076E+01
  1220   0.949487E+03   0.219064E+02   0.132510E+02   0.172069E+06   0.879654E+01
  1221   0.944438E+03   0.221310E+02   0.131705E+02   0.171797E+06   0.904287E+01
  1222   0.939394E+03   0.223555E+02   0.130704E+02   0.171525E+06   0.928974E+01
  1223   0.934379E+03   0.225798E+02   0.129509E+02   0.171254E+06   0.953710E+01
  1224   0.929377E+03   0.228040E+02   0.128121E+02   0.170983E+06   0.978491E+01
  1225   0.924402E+03   0.230277E+02   0.126542E+02   0.170714E+06   0.100331E+02
  1226   0.919448E+03   0.232511E+02   0.124773E+02   0.170444E+06   0.102818E+02
  1227   0.914522E+03   0.234738E+02   0.122815E+02   0.170176E+06   0.105307E+02
  1228   0.909624E+03   0.236960E+02   0.120671E+02   0.169908E+06   0.107800E+02
  1229   0.904762E+03   0.239174E+02   0.118342E+02   0.169641E+06   0.110296E+02
  1230   0.899927E+03   0.241380E+02   0.115829E+02   0.169374E+06   0.112794E+02
  1231   0.895120E+03   0.243577E+02   0.113133E+02   0.169108E+06   0.115294E+02
  1232   0.890348E+03   0.245764E+02   0.110259E+02   0.168842E+06   0.117796E+02
  1233   0.885619E+03   0.247939E+02   0.107204E+02   0.168577E+06   0.120300E+02
  1234   0.880918E+03   0.250102E+02   0.103973E+02   0.168313E+06   0.122804E+02
  1235   0.876259E+03   0.252252E+02   0.100566E+02   0.168049E+06   0.125309E+02
  1236   0.871635E+03   0.254387E+02   0.969859E+01   0.167786E+06   0.127814E+02
  1237   0.867054E+03   0.256507E+02   0.932337E+01   0.167523E+06   0.130320E+02
  1238   0.862515E+03   0.258611E+02   0.893123E+01   0.167261E+06   0.132824E+02
  1239   0.858019E+03   0.260697E+02   0.852236E+01   0.167000E+06   0.135329E+02
  1240   0.853565E+03   0.262765E+02   0.809700E+01   0.166739E+06   0.137832E+02
  1241   0.849161E+03   0.264814E+02   0.765542E+01   0.166479E+06   0.140333E+02
  1242   0.844807E+03   0.266843E+02   0.719787E+01   0.166219E+06   0.142833E+02
  1243   0.840495E+03   0.268851E+02   0.672453E+01   0.165960E+06   0.145331E+02
  1244   0.836232E+03   0.270838E+02   0.623558E+01   0.165702E+06   0.147826E+02
  1245   0.832020E+03   0.272800E+02   0.573141E+01   0.165444E+06   0.150318E+02
  1246   0.827864E+03   0.274740E+02   0.521223E+01   0.165187E+06   0.152807E+02
  1247   0.823758E+03   0.276655E+02   0.467828E+01   0.164930E+06   0.155292E+02
  1248   0.819710E+03   0.278545E+02   0.412985E+01   0.164674E+06   0.157773E+02
  1249   0.815710E+03   0.280407E+02   0.356716E+01   0.164418E+06   0.160251E+02
  1250   0.811776E+03   0.282242E+02   0.299052E+01   0.164163E+06   0.162723E+02
  1251   0.807890E+03   0.284049E+02   0.240023E+01   0.163909E+06   0.165191E+02
  1252   0.804062E+03   0.285827E+02   0.179662E+01   0.163655E+06   0.167653E+02
  1253   0.800297E+03   0.287576E+02   0.118001E+01   0.163402E+06   0.170109E+02
  1254   0.796589E+03   0.289295E+02   0.550712E+00   0.163149E+06   0.172560E+02
  1255   0.792946E+03   0.290983E+02  -0.909374E-01   0.162897E+06   0.175005E+02
  1256   0.789365E+03   0.292640E+02  -0.744630E+00   0.162645E+06   0.177443E+02
  1257   0.785849E+03   0.294265E+02  -0.141005E+01   0.162394E+06   0.179875E+02
  1258   0.782396E+03   0.295858E+02  -0.208687E+01   0.162144E+06   0.182299E+02
  1259   0.778999E+03   0.297417E+02  -0.277477E+01   0.161894E+06   0.184717E+02
  1260   0.775680E+03   0.298944E+02  -0.347343E+01   0.161644E+06   0.187126E+02
  1261   0.772417E+03   0.300435E+02  -0.418254E+01   0.161395E+06   0.189528E+02
  1262   0.769224E+03   0.301891E+02  -0.490178E+01   0.161147E+06   0.191922E+02
  1263   0.766102E+03   0.303311E+02  -0.563082E+01   0.160899E+06   0.194308E+02
  1264   0.763042E+03   0.304696E+02  -0.636934E+01   0.160652E+06   0.196685E+02
  1265   0.760053E+03   0.306044E+02  -0.711699E+01   0.160406E+06   0.199053E+02
  1266   0.757126E+03   0.307354E+02  -0.787340E+01   0.160159E+06   0.201412E+02
  1267   0.754277E+03   0.308626E+02  -0.863823E+01   0.159914E+06   0.203761E+02
  1268   0.751497E+03   0.309861E+02  -0.941110E+01   0.159669E+06   0.206101E+02
  1269   0.748787E+03   0.311056E+02  -0.101916E+02   0.159424E+06   0.208431E+02
  1270   0.746146E+03   0.312213E+02  -0.109795E+02   0.159180E+06   0.210750E+02
  1271   0.743575E+03   0.313330E+02  -0.117744E+02   0.158937E+06   0.213059E+02
  1272   0.741080E+03   0.314407E+02  -0.125758E+02   0.158694E+06   0.215356E+02
  1273   0.738655E+03   0.315443E+02  -0.133835E+02   0.158452E+06   0.217643E+02
  1274   0.736298E+03   0.316438E+02  -0.141970E+02   0.158210E+06   0.219918E+02
  1275   0.734016E+03   0.317393E+02  -0.150160E+02   0.157969E+06   0.222182E+02
  1276   0.731808E+03   0.318305E+02  -0.158402E+02   0.157728E+06   0.224434E+02
  1277   0.729673E+03   0.319177E+02  -0.166691E+02   0.157488E+06   0.226673E+02
  1278   0.727610E+03   0.320005E+02  -0.175023E+02   0.157248E+06   0.228900E+02
  1279   0.725621E+03   0.320791E+02  -0.183396E+02   0.157009E+06   0.231114E+02
  1280   0.723705E+03   0.321535E+02  -0.191805E+02   0.156770E+06   0.233314E+02
  1281   0.721863E+03   0.322234E+02  -0.200248E+02   0.156532E+06   0.235502E+02
  1282   0.720094E+03   0.322889E+02  -0.208718E+02   0.156294E+06   0.237676E+02
  1283   0.718398E+03   0.323502E+02  -0.217214E+02   0.156057E+06   0.239836E+02
  1284   0.716775E+03   0.324069E+02  -0.225731E+02   0.155820E+06   0.241981E+02
  1285   0.715226E+03   0.324591E+02  -0.234266E+02   0.155584E+06   0.244112E+02
  1286   0.713749E+03   0.325069E+02  -0.242815E+02   0.155349E+06   0.246229E+02
  1287   0.712346E+03   0.325502E+02  -0.251374E+02   0.155114E+06   0.248330E+02
  1288   0.711015E+03   0.325889E+02  -0.259938E+02   0.154879E+06   0.250416E+02
  1289   0.709757E+03   0.326232E+02  -0.268504E+02   0.154645E+06   0.252486E+02
  1290   0.708573E+03   0.326530E+02  -0.277069E+02   0.154411E+06   0.254541E+02
  1291   0.707460E+03   0.326782E+02  -0.285628E+02   0.154178E+06   0.256579E+02
  1292   0.706420E+03   0.326990E+02  -0.294178E+02   0.153946E+06   0.258601E+02
  1293   0.705452E+03   0.327153E+02  -0.302713E+02   0.153714E+06   0.260606E+02
  1294   0.704556E+03   0.327270E+02  -0.311233E+02   0.153482E+06   0.262594E+02
  1295   0.703731E+03   0.327342E+02  -0.319731E+02   0.153251E+06   0.264565E+02
  1296   0.702977E+03   0.327369E+02  -0.328205E+02   0.153020E+06   0.266518E+02
  1297   0.702293E+03   0.327350E+02  -0.336651E+02   0.152790E+06   0.268454E+02
  1298   0.701680E+03   0.327286E+02  -0.345065E+02   0.152561E+06   0.270371E+02
  1299   0.701136E+03   0.327175E+02  -0.353444E+02   0.152331E+06   0.272270E+02
  1300   0.700660E+03   0.327020E+02  -0.361783E+02   0.152103E+06   0.274150E+02
  1301   0.700253E+03   0.326818E+02  -0.370080E+02   0.151875E+06   0.276011E+02
  1302   0.699915E+03   0.326573E+02  -0.378331E+02   0.151647E+06   0.277854E+02
  1303   0.699643E+03   0.326282E+02  -0.386533E+02   0.151420E+06   0.279677E+02
  1304   0.699437E+03   0.325945E+02  -0.394681E+02   0.151193E+06   0.281481E+02
  1305   0.699300E+03   0.325565E+02  -0.402775E+02   0.150967E+06   0.283266E+02
  1306   0.699226E+03   0.325140E+02  -0.410808E+02   0.150741E+06   0.285031E+02
  1307   0.699219E+03   0.324671E+02  -0.418780E+02   0.150516E+06   0.286778E+02
  1308   0.699275E+03   0.324159E+02  -0.426686E+02   0.150291E+06   0.288505E+02
  1309   0.699395E+03   0.323602E+02  -0.434523E+02   0.150067E+06   0.290213E+02
  1310   0.699577E+03   0.323002E+02  -0.442288E+02   0.149843E+06   0.291901E+02
  1311   0.699822E+03   0.322358E+02  -0.449978E+02   0.149620E+06   0.293570E+02
  1312   0.700128E+03   0.321671E+02  -0.457589E+02   0.149397E+06   0.295219E+02
  1313   0.700495E+03   0.320941E+02  -0.465119E+02   0.149174E+06   0.296849E+02
  1314   0.700920E+03   0.320168E+02  -0.472565E+02   0.148952E+06   0.298459E+02
  1315   0.701405E+03   0.319354E+02  -0.479923E+02   0.148731E+06   0.300050E+02
  1316   0.701947E+03   0.318497E+02  -0.487191E+02   0.148510E+06   0.301621E+02
  1317   0.702546E+03   0.317601E+02  -0.494366E+02   0.148289E+06   0.303172E+02
  1318   0.703201E+03   0.316663E+02  -0.501445E+02   0.148069E+06   0.304703E+02
  1319   0.703912E+03   0.315686E+02  -0.508426E+02   0.147850E+06   0.306215E+02
  1320   0.704677E+03   0.314669E+02  -0.515306E+02   0.147630E+06   0.307706E+02
  1321   0.705495E+03   0.313613E+02  -0.522081E+02   0.147412E+06   0.309178E+02
  1322   0.706366E+03   0.312519E+02  -0.528750E+02   0.147193E+06   0.310629E+02
  1323   0.707287E+03   0.311387E+02  -0.535309E+02   0.146976E+06   0.312061E+02
  1324   0.708259E+03   0.310217E+02  -0.541757E+02   0.146758E+06   0.313472E+02
  1325   0.709280E+03   0.309010E+02  -0.548090E+02   0.146541E+06   0.314863E+02
  1326   0.710349E+03   0.307766E+02  -0.554306E+02   0.146325E+06   0.316234E+02
  1327   0.711465E+03   0.306486E+02  -0.560403E+02   0.146109E+06   0.317585E+02
  1328   0.712627E+03   0.305169E+02  -0.566377E+02   0.145893E+06   0.318915E+02
  1329   0.713833E+03   0.303818E+02  -0.572228E+02   0.145678E+06   0.320226E+02
  1330   0.715083E+03   0.302432E+02  -0.577952E+02   0.145464E+06   0.321515E+02
  1331   0.716375E+03   0.301013E+02  -0.583548E+02   0.145249E+06   0.322784E+02
  1332   0.717708E+03   0.299559E+02  -0.589013E+02   0.145036E+06   0.324033E+02
  1333   0.719081E+03   0.298073E+02  -0.594346E+02   0.144822E+06   0.325261E+02
  1334   0.720492E+03   0.296555E+02  -0.599543E+02   0.144609E+06   0.326469E+02
  1335   0.721941E+03   0.295005E+02  -0.604602E+02   0.144397E+06   0.327656E+02
  1336   0.723426E+03   0.293424E+02  -0.609524E+02   0.144185E+06   0.328822E+02
  1337   0.724946E+03   0.291814E+02  -0.614305E+02   0.143973E+06   0.329968E+02
  1338   0.726501E+03   0.290174E+02  -0.618944E+02   0.143762E+06   0.331092E+02
  1339   0.728087E+03   0.288504E+02  -0.623437E+02   0.143551E+06   0.332196E+02
  1340   0.729704E+03   0.286808E+02  -0.627786E+02   0.143341E+06   0.333279E+02
  1341   0.731351E+03   0.285082E+02  -0.631986E+02   0.143131E+06   0.334341E+02
  1342   0.733027E+03   0.283331E+02  -0.636037E+02   0.142922E+06   0.335382E+02
  1343   0.734729E+03   0.281553E+02  -0.639937E+02   0.142713E+06   0.336402E+02
  1344   0.736457E+03   0.279750E+02  -0.643685E+02   0.142504E+06   0.337401E+02
  1345   0.738210E+03   0.277922E+02  -0.647278E+02   0.142296E+06   0.338378E+02
  1346   0.739985E+03   0.276069E+02  -0.650716E+02   0.142088E+06   0.339335E+02
  1347   0.741782E+03   0.274193E+02  -0.653997E+02   0.141881E+06   0.340270E+02
  1348   0.743598E+03   0.272294E+02  -0.657119E+02   0.141674E+06   0.341184E+02
  1349   0.745434E+03   0.270373E+02  -0.660081E+02   0.141468E+06   0.342076E+02
  1350   0.747287E+03   0.268432E+02  -0.662884E+02   0.141262E+06   0.342948E+02
  1351   0.749156E+03   0.266470E+02  -0.665526E+02   0.141056E+06   0.343797E+02
  1352   0.751040E+03   0.264489E+02  -0.668006E+02   0.140851E+06   0.344625E+02
  1353   0.752939E+03   0.262489E+02  -0.670325E+02   0.140646E+06   0.345432E+02
  1354   0.754845E+03   0.260472E+02  -0.672482E+02   0.140442E+06   0.346216E+02
  1355   0.756768E+03   0.258438E+02  -0.674476E+02   0.140238E+06   0.346979E+02
  1356   0.758701E+03   0.256389E+02  -0.676307E+02   0.140034E+06   0.347719E+02
  1357   0.760643E+03   0.254325E+02  -0.677975E+02   0.139831E+06   0.348437E+02
  1358   0.762595E+03   0.252246E+02  -0.679478E+02   0.139629E+06   0.349132E+02
  1359   0.764550E+03   0.250153E+02  -0.680818E+02   0.139426E+06   0.349805E+02
  1360   0.766506E+03   0.248049E+02  -0.681993E+02   0.139224E+06   0.350455E+02
  1361   0.768465E+03   0.245931E+02  -0.683002E+02   0.139023E+06   0.351083E+02
  1362   0.770434E+03   0.243803E+02  -0.683846E+02   0.138822E+06   0.351687E+02
  1363   0.772398E+03   0.241663E+02  -0.684525E+02   0.138621E+06   0.352268E+02
  1364   0.774364E+03   0.239514E+02  -0.685038E+02   0.138421E+06   0.352825E+02
  1365   0.776333E+03   0.237356E+02  -0.685386E+02   0.138221E+06   0.353359E+02
  1366   0.778289E+03   0.235191E+02  -0.685569E+02   0.138021E+06   0.353870E+02
  1367   0.780248E+03   0.233018E+02  -0.685588E+02   0.137822E+06   0.354357E+02
  1368   0.782201E+03   0.230838E+02  -0.685441E+02   0.137624E+06   0.354820E+02
  1369   0.784143E+03   0.228653E+02  -0.685130E+02   0.137425E+06   0.355258E+02
  1370   0.786087E+03   0.226463E+02  -0.684656E+02   0.137227E+06   0.355673E+02
  1371   0.788011E+03   0.224269E+02  -0.684019E+02   0.137030E+06   0.356063E+02
  1372   0.789930E+03   0.222073E+02  -0.683219E+02   0.136833E+06   0.356429E+02
  1373   0.791838E+03   0.219874E+02  -0.682257E+02   0.136636E+06   0.356770E+02
  1374   0.793733E+03   0.217674E+02  -0.681134E+02   0.136440E+06   0.357086E+02
  1375   0.795608E+03   0.215474E+02  -0.679851E+02   0.136244E+06   0.357377E+02
  1376   0.797471E+03   0.213274E+02  -0.678408E+02   0.136048E+06   0.357644E+02
  1377   0.799322E+03   0.211075E+02  -0.676806E+02   0.135853E+06   0.357885E+02
  1378   0.801154E+03   0.208878E+02  -0.675046E+02   0.135658E+06   0.358100E+02
  1379   0.802966E+03   0.206684E+02  -0.673129E+02   0.135464E+06   0.358290E+02
  1380   0.804751E+03   0.204494E+02  -0.671054E+02   0.135270E+06   0.358455E+02
  1381   0.806524E+03   0.202307E+02  -0.668825E+02   0.135076E+06   0.358594E+02
  1382   0.808270E+03   0.200126E+02  -0.666439E+02   0.134883E+06   0.358706E+02
  1383   0.809989E+03   0.197950E+02  -0.663899E+02   0.134690E+06   0.358793E+02
  1384   0.811682E+03   0.195781E+02  -0.661207E+02   0.134498E+06   0.358853E+02
  1385   0.813355E+03   0.193619E+02  -0.658363E+02   0.134306E+06   0.358887E+02
  1386   0.815001E+03   0.191466E+02  -0.655371E+02   0.134114E+06   0.358894E+02
  1387   0.816613E+03   0.189322E+02  -0.652231E+02   0.133922E+06   0.358875E+02
  1388   0.818199E+03   0.187187E+02  -0.648946E+02   0.133731E+06   0.358829E+02
  1389   0.819750E+03   0.185064E+02  -0.645516E+02   0.133541E+06   0.358756E+02
  1390   0.821274E+03   0.182953E+02  -0.641945E+02   0.133351E+06   0.358656E+02
  1391   0.822765E+03   0.180854E+02  -0.638234E+02   0.133161E+06   0.358528E+02
  1392   0.824221E+03   0.178769E+02  -0.634384E+02   0.132971E+06   0.358374E+02
  1393   0.825651E+03   0.176697E+02  -0.630396E+02   0.132782E+06   0.358191E+02
  1394   0.827039E+03   0.174640E+02  -0.626273E+02   0.132594E+06   0.357981E+02
  1395   0.828386E+03   0.172599E+02  -0.622017E+02   0.132405E+06   0.357743E+02
  1396   0.829698E+03   0.170573E+02  -0.617627E+02   0.132217E+06   0.357477E+02
  1397   0.830977E+03   0.168565E+02  -0.613108E+02   0.132030E+06   0.357183E+02
  1398   0.832207E+03   0.166574E+02  -0.608459E+02   0.131842E+06   0.356861E+02
  1399   0.833404E+03   0.164601E+02  -0.603685E+02   0.131655E+06   0.356510E+02
  1400   0.834551E+03   0.162647E+02  -0.598787E+02   0.131469E+06   0.356130E+02
  1401   0.835665E+03   0.160713E+02  -0.593768E+02   0.131283E+06   0.355723E+02
  1402   0.836729E+03   0.158799E+02  -0.588628E+02   0.131097E+06   0.355287E+02
  1403   0.837753E+03   0.156906E+02  -0.583371E+02   0.130911E+06   0.354824E+02
  1404   0.838736E+03   0.155034E+02  -0.578000E+02   0.130726E+06   0.354335E+02
  1405   0.839671E+03   0.153185E+02  -0.572515E+02   0.130541E+06   0.353820E+02
  1406   0.840557E+03   0.151359E+02  -0.566920E+02   0.130357E+06   0.353281E+02
  1407   0.841395E+03   0.149555E+02  -0.561216E+02   0.130173E+06   0.352719E+02
  1408   0.842192E+03   0.147775E+02  -0.555405E+02   0.129989E+06   0.352133E+02
  1409   0.842935E+03   0.146019E+02  -0.549490E+02   0.129806E+06   0.351525E+02
  1410   0.843636E+03   0.144289E+02  -0.543474E+02   0.129623E+06   0.350897E+02
  1411   0.844283E+03   0.142583E+02  -0.537357E+02   0.129440E+06   0.350247E+02
  1412   0.844882E+03   0.140904E+02  -0.531144E+02   0.129258E+06   0.349578E+02
  1413   0.845426E+03   0.139251E+02  -0.524836E+02   0.129076E+06   0.348891E+02
  1414   0.845922E+03   0.137626E+02  -0.518437E+02   0.128895E+06   0.348186E+02
  1415   0.846364E+03   0.136027E+02  -0.511950E+02   0.128714E+06   0.347463E+02
  1416   0.846758E+03   0.134457E+02  -0.505376E+02   0.128533E+06   0.346724E+02
  1417   0.847098E+03   0.132915E+02  -0.498720E+02   0.128352E+06   0.345970E+02
  1418   0.847391E+03   0.131403E+02  -0.491985E+02   0.128172E+06   0.345202E+02
  1419   0.847629E+03   0.129920E+02  -0.485171E+02   0.127992E+06   0.344419E+02
  1420   0.847813E+03   0.128467E+02  -0.478283E+02   0.127813E+06   0.343624E+02
  1421   0.847943E+03   0.127044E+02  -0.471324E+02   0.127633E+06   0.342817E+02
  1422   0.848019E+03   0.125653E+02  -0.464294E+02   0.127455E+06   0.341998E+02
  1423   0.848048E+03   0.124292E+02  -0.457199E+02   0.127276E+06   0.341170E+02
  1424   0.848016E+03   0.122963E+02  -0.450039E+02   0.127098E+06   0.340331E+02
  1425   0.847930E+03   0.121666E+02  -0.442819E+02   0.126920E+06   0.339484E+02
  1426   0.847791E+03   0.120401E+02  -0.435541E+02   0.126743E+06   0.338629E+02
  1427   0.847590E+03   0.119168E+02  -0.428206E+02   0.126566E+06   0.337767E+02
  1428   0.847336E+03   0.117969E+02  -0.420819E+02   0.126389E+06   0.336899E+02
  1429   0.847028E+03   0.116802E+02  -0.413384E+02   0.126213E+06   0.336025E+02
  1430   0.846668E+03   0.115669E+02  -0.405901E+02   0.126036E+06   0.335147E+02
  1431   0.846246E+03   0.114571E+02  -0.398375E+02   0.125861E+06   0.334265E+02
  1432   0.845771E+03   0.113506E+02  -0.390808E+02   0.125685E+06   0.333380E+02
  1433   0.845236E+03   0.112476E+02  -0.383203E+02   0.125510E+06   0.332493E+02
  1434   0.844648E+03   0.111480E+02  -0.375564E+02   0.125335E+06   0.331605E+02
  1435   0.844000E+03   0.110519E+02  -0.367892E+02   0.125161E+06   0.330717E+02
  1436   0.843299E+03   0.109593E+02  -0.360192E+02   0.124987E+06   0.329829E+02
  1437   0.842538E+03   0.108702E+02  -0.352467E+02   0.124813E+06   0.328942E+02
  1438   0.841717E+03   0.107847E+02  -0.344718E+02   0.124640E+06   0.328057E+02
  1439   0.840843E+03   0.107028E+02  -0.336950E+02   0.124467E+06   0.327176E+02
  1440   0.839917E+03   0.106244E+02  -0.329164E+02   0.124294E+06   0.326298E+02
  1441   0.838932E+03   0.105496E+02  -0.321365E+02   0.124121E+06   0.325424E+02
  1442   0.837887E+03   0.104784E+02  -0.313555E+02   0.123949E+06   0.324557E+02
  1443   0.836782E+03   0.104108E+02  -0.305736E+02   0.123777E+06   0.323695E+02
  1444   0.835626E+03   0.103468E+02  -0.297913E+02   0.123606E+06   0.322841E+02
  1445   0.834410E+03   0.102865E+02  -0.290088E+02   0.123435E+06   0.321994E+02
  1446   0.833135E+03   0.102298E+02  -0.282262E+02   0.123264E+06   0.321156E+02
  1447   0.831808E+03   0.101768E+02  -0.274442E+02   0.123093E+06   0.320328E+02
  1448   0.830423E+03   0.101274E+02  -0.266627E+02   0.122923E+06   0.319511E+02
  1449   0.828978E+03   0.100817E+02  -0.258823E+02   0.122753E+06   0.318704E+02
  1450   0.827483E+03   0.100395E+02  -0.251032E+02   0.122584E+06   0.317910E+02
  1451   0.825935E+03   0.100011E+02  -0.243258E+02   0.122414E+06   0.317129E+02
  1452   0.824330E+03   0.996630E+01  -0.235502E+02   0.122245E+06   0.316359E+02
  1453   0.822665E+03   0.993515E+01  -0.227769E+02   0.122077E+06   0.315600E+02
  1454   0.820950E+03   0.990767E+01  -0.220060E+02   0.121909E+06   0.314852E+02
  1455   0.819184E+03   0.988377E+01  -0.212379E+02   0.121741E+06   0.314113E+02
  1456   0.817367E+03   0.986353E+01  -0.204727E+02   0.121573E+06   0.313382E+02
  1457   0.815499E+03   0.984693E+01  -0.197108E+02   0.121405E+06   0.312658E+02
  1458   0.813572E+03   0.983383E+01  -0.189523E+02   0.121238E+06   0.311940E+02
  1459   0.811596E+03   0.982436E+01  -0.181975E+02   0.121072E+06   0.311228E+02
  1460   0.809568E+03   0.981853E+01  -0.174468E+02   0.120905E+06   0.310520E+02
  1461   0.807490E+03   0.981616E+01  -0.167002E+02   0.120739E+06   0.309816E+02
  1462   0.805362E+03   0.981734E+01  -0.159582E+02   0.120573E+06   0.309114E+02
  1463   0.803183E+03   0.982206E+01  -0.152209E+02   0.120408E+06   0.308414E+02
  1464   0.800954E+03   0.983023E+01  -0.144885E+02   0.120243E+06   0.307714E+02
  1465   0.798675E+03   0.984193E+01  -0.137614E+02   0.120078E+06   0.307014E+02
  1466   0.796353E+03   0.985707E+01  -0.130398E+02   0.119913E+06   0.306312E+02
  1467   0.793980E+03   0.987557E+01  -0.123239E+02   0.119749E+06   0.305609E+02
  1468   0.791566E+03   0.989758E+01  -0.116139E+02   0.119585E+06   0.304902E+02
  1469   0.789101E+03   0.992287E+01  -0.109102E+02   0.119421E+06   0.304191E+02
  1470   0.786587E+03   0.995158E+01  -0.102129E+02   0.119258E+06   0.303474E+02
  1471   0.784037E+03   0.998355E+01  -0.952226E+01   0.119095E+06   0.302752E+02
  1472   0.781438E+03   0.100189E+02  -0.883847E+01   0.118932E+06   0.302023E+02
  1473   0.778789E+03   0.100573E+02  -0.816180E+01   0.118769E+06   0.301286E+02
  1474   0.776106E+03   0.100991E+02  -0.749247E+01   0.118607E+06   0.300540E+02
  1475   0.773373E+03   0.101440E+02  -0.683076E+01   0.118445E+06   0.299784E+02
  1476   0.770605E+03   0.101922E+02  -0.617673E+01   0.118284E+06   0.299017E+02
  1477   0.767796E+03   0.102434E+02  -0.553073E+01   0.118122E+06   0.298238E+02
  1478   0.764945E+03   0.102976E+02  -0.489291E+01   0.117961E+06   0.297447E+02
  1479   0.762059E+03   0.103549E+02  -0.426345E+01   0.117801E+06   0.296642E+02
  1480   0.759132E+03   0.104152E+02  -0.364260E+01   0.117640E+06   0.295822E+02
  1481   0.756170E+03   0.104785E+02  -0.303054E+01   0.117480E+06   0.294987E+02
  1482   0.753167E+03   0.105447E+02  -0.242748E+01   0.117320E+06   0.294135E+02
  1483   0.750130E+03   0.106137E+02  -0.183357E+01   0.117161E+06   0.293266E+02
  1484   0.747067E+03   0.106855E+02  -0.124900E+01   0.117002E+06   0.292378E+02
  1485   0.743962E+03   0.107602E+02  -0.673966E+00   0.116843E+06   0.291471E+02
  1486   0.740831E+03   0.108375E+02  -0.108621E+00   0.116684E+06   0.290544E+02
  1487   0.737658E+03   0.109176E+02   0.446832E+00   0.116526E+06   0.289595E+02
  1488   0.734459E+03   0.110002E+02   0.992236E+00   0.116368E+06   0.288624E+02
  1489   0.731235E+03   0.110855E+02   0.152742E+01   0.116210E+06   0.287630E+02
  1490   0.727973E+03   0.111733E+02   0.205223E+01   0.116053E+06   0.286612E+02
  1491   0.724684E+03   0.112634E+02   0.256652E+01   0.115895E+06   0.285569E+02
  1492   0.721369E+03   0.113561E+02   0.307013E+01   0.115738E+06   0.284500E+02
  1493   0.718027E+03   0.114511E+02   0.356290E+01   0.115582E+06   0.283403E+02
  1494   0.714658E+03   0.115484E+02   0.404467E+01   0.115426E+06   0.282279E+02
  1495   0.711264E+03   0.116480E+02   0.451531E+01   0.115270E+06   0.281126E+02
  1496   0.707847E+03   0.117498E+02   0.497468E+01   0.115114E+06   0.279943E+02
  1497   0.704406E+03   0.118537E+02   0.542268E+01   0.114958E+06   0.278729E+02
  1498   0.700943E+03   0.119597E+02   0.585918E+01   0.114803E+06   0.277484E+02
  1499   0.697459E+03   0.120676E+02   0.628407E+01   0.114648E+06   0.276206E+02
  1500   0.693955E+03   0.121776E+02   0.669724E+01   0.114494E+06   0.274894E+02
  1501   0.690432E+03   0.122894E+02   0.709856E+01   0.114339E+06   0.273548E+02
  1502   0.686891E+03   0.124031E+02   0.748795E+01   0.114185E+06   0.272168E+02
  1503   0.683333E+03   0.125186E+02   0.786529E+01   0.114031E+06   0.270755E+02
  1504   0.679758E+03   0.126357E+02   0.823055E+01   0.113878E+06   0.269310E+02
  1505   0.676169E+03   0.127546E+02   0.858362E+01   0.113725E+06   0.267833E+02
  1506   0.672564E+03   0.128750E+02   0.892442E+01   0.113572E+06   0.266325E+02
  1507   0.668945E+03   0.129970E+02   0.925289E+01   0.113419E+06   0.264788E+02
  1508   0.665314E+03   0.131205E+02   0.956891E+01   0.113267E+06   0.263221E+02
  1509   0.661670E+03   0.132454E+02   0.987253E+01   0.113114E+06   0.261626E+02
  1510   0.658015E+03   0.133716E+02   0.101635E+02   0.112963E+06   0.260003E+02
  1511   0.654350E+03   0.134991E+02   0.104420E+02   0.112811E+06   0.258353E+02
  1512   0.650677E+03   0.136280E+02   0.107080E+02   0.112660E+06   0.256676E+02
  1513   0.646996E+03   0.137579E+02   0.109614E+02   0.112509E+06   0.254975E+02
  1514   0.643308E+03   0.138889E+02   0.112022E+02   0.112358E+06   0.253249E+02
  1515   0.639616E+03   0.140211E+02   0.114304E+02   0.112207E+06   0.251499E+02
  1516   0.635919E+03   0.141543E+02   0.116459E+02   0.112057E+06   0.249725E+02
  1517   0.632220E+03   0.142883E+02   0.118487E+02   0.111907E+06   0.247930E+02
  1518   0.628518E+03   0.144232E+02   0.120389E+02   0.111758E+06   0.246113E+02
  1519   0.624815E+03   0.145590E+02   0.122165E+02   0.111608E+06   0.244275E+02
  1520   0.621111E+03   0.146954E+02   0.123814E+02   0.111459E+06   0.242417E+02
  1521   0.617408E+03   0.148325E+02   0.125336E+02   0.111310E+06   0.240539E+02
  1522   0.613706E+03   0.149703E+02   0.126732E+02   0.111162E+06   0.238643E+02
  1523   0.610006E+03   0.151086E+02   0.128000E+02   0.111013E+06   0.236730E+02
  1524   0.606310E+03   0.152473E+02   0.129142E+02   0.110865E+06   0.234799E+02
  1525   0.602618E+03   0.153864E+02   0.130158E+02   0.110717E+06   0.232852E+02
  1526   0.598931E+03   0.155259E+02   0.131048E+02   0.110570E+06   0.230890E+02
  1527   0.595250E+03   0.156658E+02   0.131813E+02   0.110423E+06   0.228913E+02
  1528   0.591576E+03   0.158057E+02   0.132453E+02   0.110276E+06   0.226922E+02
  1529   0.587911E+03   0.159459E+02   0.132968E+02   0.110129E+06   0.224917E+02
  1530   0.584254E+03   0.160861E+02   0.133359E+02   0.109983E+06   0.222901E+02
  1531   0.580607E+03   0.162263E+02   0.133626E+02   0.109836E+06   0.220873E+02
  1532   0.576970E+03   0.163666E+02   0.133769E+02   0.109690E+06   0.218833E+02
  1533   0.573345E+03   0.165066E+02   0.133790E+02   0.109545E+06   0.216784E+02
  1534   0.569733E+03   0.166465E+02   0.133689E+02   0.109399E+06   0.214725E+02
  1535   0.566134E+03   0.167862E+02   0.133467E+02   0.109254E+06   0.212658E+02
  1536   0.562549E+03   0.169255E+02   0.133123E+02   0.109109E+06   0.210583E+02
  1537   0.558977E+03   0.170644E+02   0.132658E+02   0.108965E+06   0.208501E+02
  1538   0.555423E+03   0.172029E+02   0.132075E+02   0.108820E+06   0.206412E+02
  1539   0.551885E+03   0.173408E+02   0.131373E+02   0.108676E+06   0.204319E+02
  1540   0.548364E+03   0.174782E+02   0.130554E+02   0.108532E+06   0.202220E+02
  1541   0.544861E+03   0.176149E+02   0.129618E+02   0.108389E+06   0.200117E+02
  1542   0.541379E+03   0.177510E+02   0.128567E+02   0.108245E+06   0.198011E+02
  1543   0.537916E+03   0.178862E+02   0.127402E+02   0.108102E+06   0.195903E+02
  1544   0.534475E+03   0.180207E+02   0.126124E+02   0.107959E+06   0.193792E+02
  1545   0.531055E+03   0.181543E+02   0.124735E+02   0.107817E+06   0.191681E+02
  1546   0.527658E+03   0.182868E+02   0.123234E+02   0.107674E+06   0.189570E+02
  1547   0.524286E+03   0.184185E+02   0.121624E+02   0.107532E+06   0.187459E+02
  1548   0.520936E+03   0.185490E+02   0.119906E+02   0.107390E+06   0.185350E+02
  1549   0.517612E+03   0.186784E+02   0.118080E+02   0.107249E+06   0.183242E+02
  1550   0.514313E+03   0.188066E+02   0.116149E+02   0.107108E+06   0.181138E+02
  1551   0.511040E+03   0.189335E+02   0.114113E+02   0.106966E+06   0.179037E+02
  1552   0.507794E+03   0.190590E+02   0.111973E+02   0.106826E+06   0.176940E+02
  1553   0.504576E+03   0.191833E+02   0.109732E+02   0.106685E+06   0.174848E+02
  1554   0.501386E+03   0.193061E+02   0.107390E+02   0.106545E+06   0.172760E+02
  1555   0.498225E+03   0.194274E+02   0.104950E+02   0.106405E+06   0.170678E+02
  1556   0.495093E+03   0.195472E+02   0.102411E+02   0.106265E+06   0.168600E+02
  1557   0.491991E+03   0.196655E+02   0.997773E+01   0.106125E+06   0.166529E+02
  1558   0.488920E+03   0.197821E+02   0.970485E+01   0.105986E+06   0.164464E+02
  1559   0.485880E+03   0.198971E+02   0.942274E+01   0.105847E+06   0.162405E+02
  1560   0.482872E+03   0.200103E+02   0.913140E+01   0.105708E+06   0.160353E+02
  1561   0.479896E+03   0.201219E+02   0.883121E+01   0.105569E+06   0.158309E+02
  1562   0.476953E+03   0.202316E+02   0.852219E+01   0.105431E+06   0.156272E+02
  1563   0.474043E+03   0.203394E+02   0.820458E+01   0.105293E+06   0.154243E+02
  1564   0.471168E+03   0.204455E+02   0.787852E+01   0.105155E+06   0.152222E+02
  1565   0.468326E+03   0.205495E+02   0.754426E+01   0.105017E+06   0.150211E+02
  1566   0.465521E+03   0.206516E+02   0.720188E+01   0.104880E+06   0.148208E+02
  1567   0.462749E+03   0.207517E+02   0.685162E+01   0.104743E+06   0.146214E+02
  1568   0.460014E+03   0.208498E+02   0.649355E+01   0.104606E+06   0.144231E+02
  1569   0.457315E+03   0.209456E+02   0.612799E+01   0.104469E+06   0.142258E+02
  1570   0.454653E+03   0.210395E+02   0.575510E+01   0.104333E+06   0.140295E+02
  1571   0.452028E+03   0.211310E+02   0.537500E+01   0.104197E+06   0.138343E+02
  1572   0.449440E+03   0.212204E+02   0.498788E+01   0.104061E+06   0.136402E+02
  1573   0.446889E+03   0.213075E+02   0.459397E+01   0.103925E+06   0.134473E+02
  1574   0.444377E+03   0.213923E+02   0.419350E+01   0.103790E+06   0.132556E+02
  1575   0.441904E+03   0.214748E+02   0.378666E+01   0.103655E+06   0.130651E+02
  1576   0.439469E+03   0.215549E+02   0.337369E+01   0.103520E+06   0.128759E+02
  1577   0.437073E+03   0.216327E+02   0.295479E+01   0.103385E+06   0.126880E+02
  1578   0.434717E+03   0.217081E+02   0.253019E+01   0.103250E+06   0.125014E+02
  1579   0.432402E+03   0.217811E+02   0.210011E+01   0.103116E+06   0.123163E+02
  1580   0.430126E+03   0.218515E+02   0.166474E+01   0.102982E+06   0.121325E+02
  1581   0.427892E+03   0.219195E+02   0.122429E+01   0.102848E+06   0.119502E+02
  1582   0.425698E+03   0.219851E+02   0.778962E+00   0.102715E+06   0.117693E+02
  1583   0.423544E+03   0.220480E+02   0.328960E+00   0.102581E+06   0.115900E+02
  1584   0.421432E+03   0.221085E+02  -0.125508E+00   0.102448E+06   0.114123E+02
  1585   0.419360E+03   0.221662E+02  -0.584239E+00   0.102315E+06   0.112361E+02
  1586   0.417331E+03   0.222214E+02  -0.104704E+01   0.102183E+06   0.110616E+02
  1587   0.415342E+03   0.222739E+02  -0.151368E+01   0.102051E+06   0.108888E+02
  1588   0.413395E+03   0.223237E+02  -0.198395E+01   0.101918E+06   0.107176E+02
  1589   0.411490E+03   0.223708E+02  -0.245762E+01   0.101786E+06   0.105482E+02
  1590   0.409626E+03   0.224152E+02  -0.293449E+01   0.101655E+06   0.103806E+02
  1591   0.407804E+03   0.224569E+02  -0.341432E+01   0.101523E+06   0.102148E+02
  1592   0.406024E+03   0.224958E+02  -0.389690E+01   0.101392E+06   0.100508E+02
  1593   0.404286E+03   0.225320E+02  -0.438202E+01   0.101261E+06   0.988872E+01
  1594   0.402590E+03   0.225653E+02  -0.486944E+01   0.101130E+06   0.972856E+01
  1595   0.400937E+03   0.225958E+02  -0.535895E+01   0.101000E+06   0.957036E+01
  1596   0.399324E+03   0.226236E+02  -0.585032E+01   0.100870E+06   0.941415E+01
  1597   0.397755E+03   0.226485E+02  -0.634333E+01   0.100739E+06   0.925998E+01
  1598   0.396227E+03   0.226706E+02  -0.683775E+01   0.100610E+06   0.910787E+01
  1599   0.394740E+03   0.226898E+02  -0.733336E+01   0.100480E+06   0.895786E+01
  1600   0.393297E+03   0.227062E+02  -0.782994E+01   0.100351E+06   0.881000E+01
  1601   0.391894E+03   0.227198E+02  -0.832728E+01   0.100221E+06   0.866430E+01
  1602   0.390533E+03   0.227304E+02  -0.882518E+01   0.100092E+06   0.852079E+01
  1603   0.389214E+03   0.227381E+02  -0.932346E+01   0.999638E+05   0.837948E+01
  1604   0.387936E+03   0.227430E+02  -0.982191E+01   0.998353E+05   0.824036E+01
  1605   0.386699E+03   0.227450E+02  -0.103204E+02   0.997070E+05   0.810347E+01
  1606   0.385504E+03   0.227441E+02  -0.108186E+02   0.995790E+05   0.796879E+01
  1607   0.384349E+03   0.227403E+02  -0.113164E+02   0.994511E+05   0.783635E+01
  1608   0.383235E+03   0.227335E+02  -0.118137E+02   0.993235E+05   0.770615E+01
  1609   0.382161E+03   0.227238E+02  -0.123101E+02   0.991962E+05   0.757821E+01
  1610   0.381128E+03   0.227113E+02  -0.128055E+02   0.990690E+05   0.745252E+01
  1611   0.380135E+03   0.226960E+02  -0.132996E+02   0.989421E+05   0.732911E+01
  1612   0.379183E+03   0.226778E+02  -0.137924E+02   0.988154E+05   0.720798E+01
  1613   0.378269E+03   0.226568E+02  -0.142835E+02   0.986889E+05   0.708914E+01
  1614   0.377395E+03   0.226331E+02  -0.147727E+02   0.985626E+05   0.697260E+01
  1615   0.376561E+03   0.226066E+02  -0.152599E+02   0.984366E+05   0.685837E+01
  1616   0.375765E+03   0.225772E+02  -0.157450E+02   0.983107E+05   0.674646E+01
  1617   0.375008E+03   0.225451E+02  -0.162276E+02   0.981851E+05   0.663688E+01
  1618   0.374290E+03   0.225103E+02  -0.167076E+02   0.980597E+05   0.652964E+01
  1619   0.373609E+03   0.224727E+02  -0.171850E+02   0.979346E+05   0.642474E+01
  1620   0.372965E+03   0.224324E+02  -0.176593E+02   0.978096E+05   0.632221E+01
  1621   0.372359E+03   0.223892E+02  -0.181306E+02   0.976849E+05   0.622204E+01
  1622   0.371790E+03   0.223435E+02  -0.185986E+02   0.975604E+05   0.612425E+01
  1623   0.371257E+03   0.222950E+02  -0.190631E+02   0.974361E+05   0.602884E+01
  1624   0.370760E+03   0.222439E+02  -0.195239E+02   0.973120E+05   0.593583E+01
  1625   0.370298E+03   0.221901E+02  -0.199810E+02   0.971881E+05   0.584523E+01
  1626   0.369873E+03   0.221338E+02  -0.204341E+02   0.970645E+05   0.575704E+01
  1627   0.369481E+03   0.220748E+02  -0.208829E+02   0.969410E+05   0.567128E+01
  1628   0.369124E+03   0.220133E+02  -0.213274E+02   0.968178E+05   0.558795E+01
  1629   0.368801E+03   0.219493E+02  -0.217674E+02   0.966948E+05   0.550707E+01
  1630   0.368511E+03   0.218827E+02  -0.222027E+02   0.965720E+05   0.542864E+01
  1631   0.368254E+03   0.218136E+02  -0.226333E+02   0.964494E+05   0.535268E+01
  1632   0.368030E+03   0.217421E+02  -0.230588E+02   0.963270E+05   0.527919E+01
  1633   0.367837E+03   0.216681E+02  -0.234791E+02   0.962048E+05   0.520818E+01
  1634   0.367676E+03   0.215917E+02  -0.238942E+02   0.960829E+05   0.513966E+01
  1635   0.367546E+03   0.215129E+02  -0.243039E+02   0.959612E+05   0.507365E+01
  1636   0.367445E+03   0.214317E+02  -0.247079E+02   0.958396E+05   0.501015E+01
  1637   0.367375E+03   0.213482E+02  -0.251062E+02   0.957183E+05   0.494916E+01
  1638   0.367334E+03   0.212624E+02  -0.254986E+02   0.955972E+05   0.489071E+01
  1639   0.367322E+03   0.211743E+02  -0.258849E+02   0.954763E+05   0.483480E+01
  1640   0.367338E+03   0.210840E+02  -0.262652E+02   0.953556E+05   0.478144E+01
  1641   0.367381E+03   0.209916E+02  -0.266391E+02   0.952351E+05   0.473064E+01
  1642   0.367451E+03   0.208971E+02  -0.270066E+02   0.951149E+05   0.468241E+01
  1643   0.367548E+03   0.208005E+02  -0.273676E+02   0.949948E+05   0.463676E+01
  1644   0.367671E+03   0.207018E+02  -0.277219E+02   0.948749E+05   0.459370E+01
  1645   0.367819E+03   0.206012E+02  -0.280693E+02   0.947553E+05   0.455323E+01
  1646   0.367992E+03   0.204984E+02  -0.284099E+02   0.946358E+05   0.451537E+01
  1647   0.368188E+03   0.203939E+02  -0.287434E+02   0.945166E+05   0.448013E+01
  1648   0.368407E+03   0.202873E+02  -0.290697E+02   0.943976E+05   0.444752E+01
  1649   0.368650E+03   0.201789E+02  -0.293888E+02   0.942787E+05   0.441754E+01
  1650   0.368914E+03   0.200686E+02  -0.297005E+02   0.941601E+05   0.439021E+01
  1651   0.369199E+03   0.199565E+02  -0.300047E+02   0.940417E+05   0.436552E+01
  1652   0.369506E+03   0.198428E+02  -0.303014E+02   0.939235E+05   0.434343E+01
  1653   0.369832E+03   0.197273E+02  -0.305905E+02   0.938055E+05   0.432388E+01
  1654   0.370179E+03   0.196100E+02  -0.308718E+02   0.936876E+05   0.430681E+01
  1655   0.370544E+03   0.194912E+02  -0.311453E+02   0.935700E+05   0.429217E+01
  1656   0.370927E+03   0.193708E+02  -0.314110E+02   0.934526E+05   0.427989E+01
  1657   0.371328E+03   0.192490E+02  -0.316687E+02   0.933354E+05   0.426991E+01
  1658   0.371747E+03   0.191255E+02  -0.319184E+02   0.932184E+05   0.426219E+01
  1659   0.372182E+03   0.190006E+02  -0.321600E+02   0.931016E+05   0.425665E+01
  1660   0.372633E+03   0.188744E+02  -0.323936E+02   0.929850E+05   0.425325E+01
  1661   0.373099E+03   0.187467E+02  -0.326190E+02   0.928686E+05   0.425192E+01
  1662   0.373579E+03   0.186178E+02  -0.328360E+02   0.927524E+05   0.425261E+01
  1663   0.374074E+03   0.184876E+02  -0.330449E+02   0.926364E+05   0.425526E+01
  1664   0.374582E+03   0.183562E+02  -0.332455E+02   0.925206E+05   0.425980E+01
  1665   0.375103E+03   0.182236E+02  -0.334376E+02   0.924050E+05   0.426619E+01
  1666   0.375635E+03   0.180899E+02  -0.336213E+02   0.922896E+05   0.427436E+01
  1667   0.376180E+03   0.179551E+02  -0.337966E+02   0.921744E+05   0.428426E+01
  1668   0.376735E+03   0.178193E+02  -0.339634E+02   0.920594E+05   0.429582E+01
  1669   0.377300E+03   0.176824E+02  -0.341216E+02   0.919446E+05   0.430899E+01
  1670   0.377874E+03   0.175446E+02  -0.342712E+02   0.918299E+05   0.432372E+01
  1671   0.378457E+03   0.174058E+02  -0.344123E+02   0.917155E+05   0.433993E+01
  1672   0.379049E+03   0.172663E+02  -0.345447E+02   0.916013E+05   0.435758E+01
  1673   0.379647E+03   0.171259E+02  -0.346686E+02   0.914873E+05   0.437661E+01
  1674   0.380253E+03   0.169848E+02  -0.347839E+02   0.913734E+05   0.439696E+01
  1675   0.380865E+03   0.168430E+02  -0.348906E+02   0.912598E+05   0.441857E+01
  1676   0.381482E+03   0.167006E+02  -0.349887E+02   0.911463E+05   0.444137E+01
  1677   0.382105E+03   0.165578E+02  -0.350782E+02   0.910331E+05   0.446533E+01
  1678   0.382733E+03   0.164143E+02  -0.351592E+02   0.909200E+05   0.449037E+01
  1679   0.383363E+03   0.162704E+02  -0.352316E+02   0.908072E+05   0.451643E+01
  1680   0.383997E+03   0.161262E+02  -0.352953E+02   0.906945E+05   0.454347E+01
  1681   0.384634E+03   0.159815E+02  -0.353506E+02   0.905820E+05   0.457141E+01
  1682   0.385272E+03   0.158365E+02  -0.353973E+02   0.904697E+05   0.460022E+01
  1683   0.385911E+03   0.156913E+02  -0.354354E+02   0.903576E+05   0.462981E+01
  1684   0.386550E+03   0.155458E+02  -0.354650E+02   0.902457E+05   0.466014E+01
  1685   0.387190E+03   0.154002E+02  -0.354861E+02   0.901340E+05   0.469115E+01
  1686   0.387829E+03   0.152544E+02  -0.354986E+02   0.900225E+05   0.472279E+01
  1687   0.388466E+03   0.151085E+02  -0.355029E+02   0.899111E+05   0.475498E+01
  1688   0.389102E+03   0.149626E+02  -0.354987E+02   0.898000E+05   0.478768E+01
  1689   0.389735E+03   0.148167E+02  -0.354862E+02   0.896890E+05   0.482083E+01
  1690   0.390364E+03   0.146710E+02  -0.354654E+02   0.895782E+05   0.485436E+01
  1691   0.390990E+03   0.145254E+02  -0.354363E+02   0.894677E+05   0.488822E+01
  1692   0.391612E+03   0.143799E+02  -0.353989E+02   0.893573E+05   0.492236E+01
  1693   0.392228E+03   0.142346E+02  -0.353535E+02   0.892471E+05   0.495671E+01
  1694   0.392839E+03   0.140897E+02  -0.352999E+02   0.891370E+05   0.499121E+01
  1695   0.393443E+03   0.139451E+02  -0.352383E+02   0.890272E+05   0.502581E+01
  1696   0.394041E+03   0.138007E+02  -0.351686E+02   0.889175E+05   0.506045E+01
  1697   0.394631E+03   0.136568E+02  -0.350910E+02   0.888081E+05   0.509508E+01
  1698   0.395212E+03   0.135133E+02  -0.350054E+02   0.886988E+05   0.512962E+01
  1699   0.395785E+03   0.133704E+02  -0.349120E+02   0.885897E+05   0.516403E+01
  1700   0.396349E+03   0.132280E+02  -0.348109E+02   0.884808E+05   0.519825E+01
  1701   0.396903E+03   0.130861E+02  -0.347021E+02   0.883721E+05   0.523223E+01
  1702   0.397447E+03   0.129450E+02  -0.345858E+02   0.882635E+05   0.526597E+01
  1703   0.397980E+03   0.128046E+02  -0.344620E+02   0.881552E+05   0.529949E+01
  1704   0.398502E+03   0.126648E+02  -0.343308E+02   0.880470E+05   0.533280E+01
  1705   0.399013E+03   0.125260E+02  -0.341924E+02   0.879390E+05   0.536592E+01
  1706   0.399512E+03   0.123879E+02  -0.340468E+02   0.878312E+05   0.539886E+01
  1707   0.399999E+03   0.122507E+02  -0.338941E+02   0.877236E+05   0.543165E+01
  1708   0.400472E+03   0.121144E+02  -0.337343E+02   0.876161E+05   0.546428E+01
  1709   0.400933E+03   0.119791E+02  -0.335676E+02   0.875089E+05   0.549678E+01
  1710   0.401379E+03   0.118448E+02  -0.333941E+02   0.874018E+05   0.552917E+01
  1711   0.401812E+03   0.117115E+02  -0.332138E+02   0.872949E+05   0.556145E+01
  1712   0.402230E+03   0.115792E+02  -0.330269E+02   0.871881E+05   0.559364E+01
  1713   0.402633E+03   0.114480E+02  -0.328335E+02   0.870816E+05   0.562577E+01
  1714   0.403020E+03   0.113180E+02  -0.326335E+02   0.869752E+05   0.565783E+01
  1715   0.403392E+03   0.111891E+02  -0.324273E+02   0.868690E+05   0.568985E+01
  1716   0.403749E+03   0.110614E+02  -0.322149E+02   0.867630E+05   0.572184E+01
  1717   0.404088E+03   0.109351E+02  -0.319964E+02   0.866572E+05   0.575382E+01
  1718   0.404410E+03   0.108099E+02  -0.317720E+02   0.865515E+05   0.578581E+01
  1719   0.404716E+03   0.106861E+02  -0.315416E+02   0.864461E+05   0.581780E+01
  1720   0.405004E+03   0.105636E+02  -0.313055E+02   0.863408E+05   0.584983E+01
  1721   0.405274E+03   0.104426E+02  -0.310639E+02   0.862357E+05   0.588191E+01
  1722   0.405527E+03   0.103229E+02  -0.308167E+02   0.861307E+05   0.591405E+01
  1723   0.405760E+03   0.102047E+02  -0.305643E+02   0.860259E+05   0.594626E+01
  1724   0.405976E+03   0.100880E+02  -0.303065E+02   0.859213E+05   0.597856E+01
  1725   0.406172E+03   0.997285E+01  -0.300438E+02   0.858169E+05   0.601098E+01
  1726   0.406349E+03   0.985918E+01  -0.297761E+02   0.857127E+05   0.604351E+01
  1727   0.406507E+03   0.974717E+01  -0.295035E+02   0.856086E+05   0.607617E+01
  1728   0.406645E+03   0.963666E+01  -0.292262E+02   0.855047E+05   0.610899E+01
  1729   0.406762E+03   0.952788E+01  -0.289444E+02   0.854010E+05   0.614198E+01
  1730   0.406860E+03   0.942075E+01  -0.286582E+02   0.852975E+05   0.617514E+01
  1731   0.406936E+03   0.931527E+01  -0.283676E+02   0.851941E+05   0.620850E+01
  1732   0.406992E+03   0.921150E+01  -0.280728E+02   0.850909E+05   0.624207E+01
  1733   0.407027E+03   0.910951E+01  -0.277740E+02   0.849879E+05   0.627586E+01
  1734   0.407040E+03   0.900924E+01  -0.274713E+02   0.848850E+05   0.630990E+01
  1735   0.407031E+03   0.891074E+01  -0.271648E+02   0.847823E+05   0.634419E+01
  1736   0.407001E+03   0.881409E+01  -0.268548E+02   0.846798E+05   0.637874E+01
  1737   0.406950E+03   0.871929E+01  -0.265413E+02   0.845775E+05   0.641359E+01
  1738   0.406876E+03   0.862634E+01  -0.262247E+02   0.844753E+05   0.644873E+01
  1739   0.406781E+03   0.853530E+01  -0.259049E+02   0.843733E+05   0.648419E+01
  1740   0.406664E+03   0.844617E+01  -0.255821E+02   0.842715E+05   0.651998E+01
  1741   0.406525E+03   0.835894E+01  -0.252566E+02   0.841698E+05   0.655611E+01
  1742   0.406364E+03   0.827369E+01  -0.249284E+02   0.840683E+05   0.659260E+01
  1743   0.406180E+03   0.819035E+01  -0.245978E+02   0.839670E+05   0.662946E+01
  1744   0.405973E+03   0.810904E+01  -0.242647E+02   0.838658E+05   0.666672E+01
  1745   0.405745E+03   0.802971E+01  -0.239294E+02   0.837648E+05   0.670437E+01
  1746   0.405493E+03   0.795241E+01  -0.235921E+02   0.836640E+05   0.674245E+01
  1747   0.405218E+03   0.787708E+01  -0.232528E+02   0.835634E+05   0.678096E+01
  1748   0.404921E+03   0.780385E+01  -0.229118E+02   0.834629E+05   0.681992E+01
  1749   0.404599E+03   0.773264E+01  -0.225691E+02   0.833626E+05   0.685934E+01
  1750   0.404256E+03   0.766346E+01  -0.222250E+02   0.832624E+05   0.689924E+01
  1751   0.403889E+03   0.759638E+01  -0.218795E+02   0.831624E+05   0.693961E+01
  1752   0.403499E+03   0.753138E+01  -0.215330E+02   0.830626E+05   0.698037E+01
  1753   0.403087E+03   0.746847E+01  -0.211854E+02   0.829629E+05   0.702142E+01
  1754   0.402651E+03   0.740765E+01  -0.208369E+02   0.828635E+05   0.706266E+01
  1755   0.402192E+03   0.734897E+01  -0.204877E+02   0.827641E+05   0.710398E+01
  1756   0.401711E+03   0.729237E+01  -0.201379E+02   0.826650E+05   0.714527E+01
  1757   0.401206E+03   0.723790E+01  -0.197876E+02   0.825660E+05   0.718645E+01
  1758   0.400679E+03   0.718550E+01  -0.194370E+02   0.824671E+05   0.722740E+01
  1759   0.400128E+03   0.713528E+01  -0.190863E+02   0.823685E+05   0.726801E+01
  1760   0.399555E+03   0.708717E+01  -0.187354E+02   0.822700E+05   0.730820E+01
  1761   0.398959E+03   0.704117E+01  -0.183847E+02   0.821716E+05   0.734785E+01
  1762   0.398340E+03   0.699730E+01  -0.180341E+02   0.820734E+05   0.738686E+01
  1763   0.397699E+03   0.695555E+01  -0.176839E+02   0.819754E+05   0.742514E+01
  1764   0.397035E+03   0.691592E+01  -0.173343E+02   0.818775E+05   0.746257E+01
  1765   0.396350E+03   0.687841E+01  -0.169852E+02   0.817798E+05   0.749905E+01
  1766   0.395643E+03   0.684303E+01  -0.166370E+02   0.816823E+05   0.753449E+01
  1767   0.394914E+03   0.680977E+01  -0.162897E+02   0.815849E+05   0.756877E+01
  1768   0.394163E+03   0.677862E+01  -0.159435E+02   0.814877E+05   0.760180E+01
  1769   0.393392E+03   0.674959E+01  -0.155985E+02   0.813906E+05   0.763348E+01
  1770   0.392600E+03   0.672266E+01  -0.152548E+02   0.812937E+05   0.766369E+01
  1771   0.391786E+03   0.669783E+01  -0.149127E+02   0.811970E+05   0.769234E+01
  1772   0.390952E+03   0.667508E+01  -0.145721E+02   0.811004E+05   0.771932E+01
  1773   0.390098E+03   0.665441E+01  -0.142333E+02   0.810040E+05   0.774454E+01
  1774   0.389222E+03   0.663581E+01  -0.138963E+02   0.809077E+05   0.776789E+01
  1775   0.388328E+03   0.661928E+01  -0.135613E+02   0.808116E+05   0.778926E+01
  1776   0.387413E+03   0.660480E+01  -0.132285E+02   0.807157E+05   0.780856E+01
  1777   0.386478E+03   0.659236E+01  -0.128978E+02   0.806199E+05   0.782567E+01
  1778   0.385524E+03   0.658194E+01  -0.125695E+02   0.805242E+05   0.784051E+01
  1779   0.384551E+03   0.657353E+01  -0.122437E+02   0.804288E+05   0.785295E+01
  1780   0.383559E+03   0.656713E+01  -0.119205E+02   0.803334E+05   0.786292E+01
  1781   0.382548E+03   0.656271E+01  -0.116000E+02   0.802383E+05   0.787029E+01
  1782   0.381519E+03   0.656026E+01  -0.112824E+02   0.801433E+05   0.787496E+01
  1783   0.380471E+03   0.655978E+01  -0.109677E+02   0.800484E+05   0.787685E+01
  1784   0.379407E+03   0.656122E+01  -0.106561E+02   0.799537E+05   0.787583E+01
  1785   0.378324E+03   0.656459E+01  -0.103478E+02   0.798591E+05   0.787181E+01
  1786   0.377225E+03   0.656986E+01  -0.100426E+02   0.797648E+05   0.786469E+01
  1787   0.376109E+03   0.657701E+01  -0.974099E+01   0.796705E+05   0.785436E+01
  1788   0.374976E+03   0.658603E+01  -0.944280E+01   0.795764E+05   0.784072E+01
  1789   0.373827E+03   0.659689E+01  -0.914833E+01   0.794825E+05   0.782366E+01
  1790   0.372663E+03   0.660958E+01  -0.885751E+01   0.793887E+05   0.780309E+01
  1791   0.371483E+03   0.662407E+01  -0.857056E+01   0.792951E+05   0.777891E+01
  1792   0.370287E+03   0.664033E+01  -0.828754E+01   0.792016E+05   0.775100E+01
  1793   0.369077E+03   0.665835E+01  -0.800860E+01   0.791083E+05   0.771926E+01
  1794   0.367852E+03   0.667810E+01  -0.773380E+01   0.790151E+05   0.768361E+01
  1795   0.366613E+03   0.669956E+01  -0.746321E+01   0.789221E+05   0.764392E+01
  1796   0.365359E+03   0.672269E+01  -0.719691E+01   0.788292E+05   0.760010E+01
  1797   0.364092E+03   0.674749E+01  -0.693510E+01   0.787365E+05   0.755204E+01
  1798   0.362811E+03   0.677390E+01  -0.667786E+01   0.786439E+05   0.749964E+01
  1799   0.361519E+03   0.680193E+01  -0.642511E+01   0.785515E+05   0.744281E+01
  1800   0.360213E+03   0.683152E+01  -0.617713E+01   0.784592E+05   0.738143E+01
  1801   0.358896E+03   0.686267E+01  -0.593392E+01   0.783671E+05   0.731548E+01
  1802   0.357568E+03   0.689534E+01  -0.569557E+01   0.782751E+05   0.724521E+01
  1803   0.356228E+03   0.692951E+01  -0.546215E+01   0.781833E+05   0.717096E+01
  1804   0.354878E+03   0.696515E+01  -0.523375E+01   0.780916E+05   0.709306E+01
  1805   0.353518E+03   0.700223E+01  -0.501039E+01   0.780001E+05   0.701185E+01
  1806   0.352148E+03   0.704072E+01  -0.479217E+01   0.779087E+05   0.692764E+01
  1807   0.350768E+03   0.708060E+01  -0.457912E+01   0.778175E+05   0.684078E+01
  1808   0.349379E+03   0.712183E+01  -0.437130E+01   0.777264E+05   0.675160E+01
  1809   0.347981E+03   0.716439E+01  -0.416879E+01   0.776354E+05   0.666042E+01
  1810   0.346575E+03   0.720825E+01  -0.397164E+01   0.775446E+05   0.656759E+01
  1811   0.345161E+03   0.725338E+01  -0.377989E+01   0.774540E+05   0.647342E+01
  1812   0.343738E+03   0.729974E+01  -0.359358E+01   0.773635E+05   0.637827E+01
  1813   0.342309E+03   0.734731E+01  -0.341276E+01   0.772731E+05   0.628245E+01
  1814   0.340872E+03   0.739605E+01  -0.323748E+01   0.771829E+05   0.618629E+01
  1815   0.339429E+03   0.744593E+01  -0.306777E+01   0.770928E+05   0.609014E+01
  1816   0.337981E+03   0.749693E+01  -0.290367E+01   0.770029E+05   0.599432E+01
  1817   0.336527E+03   0.754901E+01  -0.274525E+01   0.769131E+05   0.589916E+01
  1818   0.335067E+03   0.760213E+01  -0.259250E+01   0.768235E+05   0.580500E+01
  1819   0.333603E+03   0.765627E+01  -0.244548E+01   0.767340E+05   0.571217E+01
  1820   0.332135E+03   0.771138E+01  -0.230421E+01   0.766446E+05   0.562099E+01
  1821   0.330662E+03   0.776741E+01  -0.216871E+01   0.765554E+05   0.553181E+01
  1822   0.329187E+03   0.782440E+01  -0.203902E+01   0.764664E+05   0.544495E+01
  1823   0.327707E+03   0.788227E+01  -0.191517E+01   0.763774E+05   0.536074E+01
  1824   0.326225E+03   0.794092E+01  -0.179718E+01   0.762887E+05   0.527953E+01
  1825   0.324741E+03   0.800038E+01  -0.168505E+01   0.762000E+05   0.520163E+01
  1826   0.323255E+03   0.806069E+01  -0.157881E+01   0.761115E+05   0.512738E+01
  1827   0.321767E+03   0.812165E+01  -0.147845E+01   0.760232E+05   0.505711E+01
  1828   0.320278E+03   0.818333E+01  -0.138397E+01   0.759349E+05   0.499116E+01
  1829   0.318789E+03   0.824571E+01  -0.129540E+01   0.758469E+05   0.492985E+01
  1830   0.317299E+03   0.830874E+01  -0.121274E+01   0.757589E+05   0.487353E+01
  1831   0.315811E+03   0.837232E+01  -0.113598E+01   0.756711E+05   0.482251E+01
  1832   0.314324E+03   0.843647E+01  -0.106512E+01   0.755835E+05   0.477713E+01
  1833   0.312837E+03   0.850109E+01  -0.100017E+01   0.754959E+05   0.473773E+01
  1834   0.311353E+03   0.856628E+01  -0.941112E+00   0.754086E+05   0.470464E+01
  1835   0.309870E+03   0.863187E+01  -0.887943E+00   0.753213E+05   0.467818E+01
  1836   0.308390E+03   0.869787E+01  -0.840652E+00   0.752342E+05   0.465869E+01
  1837   0.306913E+03   0.876427E+01  -0.799237E+00   0.751473E+05   0.464650E+01
  1838   0.305439E+03   0.883100E+01  -0.763685E+00   0.750604E+05   0.464195E+01
  1839   0.303968E+03   0.889805E+01  -0.733982E+00   0.749737E+05   0.464536E+01
  1840   0.302502E+03   0.896536E+01  -0.710099E+00   0.748872E+05   0.465707E+01
  1841   0.301039E+03   0.903291E+01  -0.692014E+00   0.748008E+05   0.467741E+01
  1842   0.299582E+03   0.910057E+01  -0.679697E+00   0.747145E+05   0.470670E+01
  1843   0.298130E+03   0.916847E+01  -0.673128E+00   0.746283E+05   0.474529E+01
  1844   0.296683E+03   0.923646E+01  -0.672283E+00   0.745423E+05   0.479351E+01
  1845   0.295243E+03   0.930448E+01  -0.677128E+00   0.744565E+05   0.485168E+01
  1846   0.293809E+03   0.937259E+01  -0.687639E+00   0.743707E+05   0.492014E+01
  1847   0.292382E+03   0.944071E+01  -0.703781E+00   0.742851E+05   0.499922E+01
  1848   0.290961E+03   0.950878E+01  -0.725509E+00   0.741997E+05   0.508925E+01
  1849   0.289549E+03   0.957679E+01  -0.752795E+00   0.741143E+05   0.519057E+01
  1850   0.288144E+03   0.964466E+01  -0.785594E+00   0.740291E+05   0.530350E+01
  1851   0.286747E+03   0.971240E+01  -0.823885E+00   0.739441E+05   0.542824E+01
  1852   0.285359E+03   0.977992E+01  -0.867622E+00   0.738591E+05   0.556442E+01
  1853   0.283979E+03   0.984732E+01  -0.916759E+00   0.737743E+05   0.571152E+01
  1854   0.282609E+03   0.991436E+01  -0.971242E+00   0.736897E+05   0.586905E+01
  1855   0.281248E+03   0.998119E+01  -0.103100E+01   0.736051E+05   0.603649E+01
  1856   0.279897E+03   0.100477E+02  -0.109600E+01   0.735207E+05   0.621334E+01
  1857   0.278556E+03   0.101139E+02  -0.116618E+01   0.734364E+05   0.639908E+01
  1858   0.277225E+03   0.101797E+02  -0.124148E+01   0.733523E+05   0.659321E+01
  1859   0.275905E+03   0.102451E+02  -0.132184E+01   0.732683E+05   0.679521E+01
  1860   0.274597E+03   0.103101E+02  -0.140720E+01   0.731844E+05   0.700458E+01
  1861   0.273299E+03   0.103746E+02  -0.149750E+01   0.731007E+05   0.722082E+01
  1862   0.272014E+03   0.104386E+02  -0.159267E+01   0.730171E+05   0.744340E+01
  1863   0.270740E+03   0.105021E+02  -0.169265E+01   0.729336E+05   0.767183E+01
  1864   0.269479E+03   0.105652E+02  -0.179738E+01   0.728502E+05   0.790559E+01
  1865   0.268230E+03   0.106275E+02  -0.190678E+01   0.727670E+05   0.814417E+01
  1866   0.266992E+03   0.106893E+02  -0.202079E+01   0.726839E+05   0.838707E+01
  1867   0.265769E+03   0.107505E+02  -0.213934E+01   0.726009E+05   0.863378E+01
  1868   0.264559E+03   0.108110E+02  -0.226234E+01   0.725181E+05   0.888379E+01
  1869   0.263361E+03   0.108708E+02  -0.238973E+01   0.724354E+05   0.913659E+01
  1870   0.262178E+03   0.109299E+02  -0.252141E+01   0.723528E+05   0.939166E+01
  1871   0.261009E+03   0.109882E+02  -0.265731E+01   0.722704E+05   0.964852E+01
  1872   0.259853E+03   0.110458E+02  -0.279735E+01   0.721880E+05   0.990663E+01
  1873   0.258712E+03   0.111027E+02  -0.294144E+01   0.721058E+05   0.101655E+02
  1874   0.257585E+03   0.111586E+02  -0.308951E+01   0.720238E+05   0.104246E+02
  1875   0.256474E+03   0.112137E+02  -0.324145E+01   0.719418E+05   0.106835E+02
  1876   0.255377E+03   0.112679E+02  -0.339719E+01   0.718600E+05   0.109415E+02
  1877   0.254296E+03   0.113213E+02  -0.355662E+01   0.717783E+05   0.111983E+02
  1878   0.253230E+03   0.113738E+02  -0.371967E+01   0.716968E+05   0.114534E+02
  1879   0.252179E+03   0.114252E+02  -0.388624E+01   0.716153E+05   0.117061E+02
  1880   0.251144E+03   0.114758E+02  -0.405624E+01   0.715340E+05   0.119560E+02
  1881   0.250125E+03   0.115253E+02  -0.422958E+01   0.714528E+05   0.122026E+02
  1882   0.249122E+03   0.115738E+02  -0.440616E+01   0.713718E+05   0.124453E+02
  1883   0.248136E+03   0.116213E+02  -0.458589E+01   0.712908E+05   0.126838E+02
  1884   0.247165E+03   0.116678E+02  -0.476867E+01   0.712100E+05   0.129174E+02
  1885   0.246210E+03   0.117131E+02  -0.495443E+01   0.711293E+05   0.131456E+02
  1886   0.245273E+03   0.117573E+02  -0.514304E+01   0.710488E+05   0.133680E+02
  1887   0.244352E+03   0.118004E+02  -0.533443E+01   0.709683E+05   0.135840E+02
  1888   0.243448E+03   0.118423E+02  -0.552849E+01   0.708880E+05   0.137931E+02
  1889   0.242561E+03   0.118831E+02  -0.572510E+01   0.708078E+05   0.139949E+02
  1890   0.241690E+03   0.119227E+02  -0.592416E+01   0.707278E+05   0.141887E+02
  1891   0.240837E+03   0.119611E+02  -0.612557E+01   0.706478E+05   0.143742E+02
  1892   0.240001E+03   0.119983E+02  -0.632920E+01   0.705680E+05   0.145507E+02
  1893   0.239183E+03   0.120342E+02  -0.653496E+01   0.704883E+05   0.147178E+02
  1894   0.238382E+03   0.120689E+02  -0.674274E+01   0.704087E+05   0.148750E+02
  1895   0.237598E+03   0.121024E+02  -0.695242E+01   0.703293E+05   0.150218E+02
  1896   0.236832E+03   0.121346E+02  -0.716390E+01   0.702499E+05   0.151576E+02
  1897   0.236084E+03   0.121655E+02  -0.737709E+01   0.701707E+05   0.152820E+02
  1898   0.235353E+03   0.121950E+02  -0.759188E+01   0.700916E+05   0.153943E+02
  1899   0.234640E+03   0.122232E+02  -0.780816E+01   0.700126E+05   0.154942E+02
  1900   0.233945E+03   0.122501E+02  -0.802583E+01   0.699338E+05   0.155812E+02
  1901   0.233266E+03   0.122757E+02  -0.824478E+01   0.698550E+05   0.156548E+02
  1902   0.232606E+03   0.122998E+02  -0.846491E+01   0.697764E+05   0.157153E+02
  1903   0.231964E+03   0.123226E+02  -0.868611E+01   0.696979E+05   0.157633E+02
  1904   0.231339E+03   0.123439E+02  -0.890836E+01   0.696196E+05   0.157990E+02
  1905   0.230732E+03   0.123639E+02  -0.913143E+01   0.695413E+05   0.158230E+02
  1906   0.230143E+03   0.123825E+02  -0.935530E+01   0.694632E+05   0.158357E+02
  1907   0.229572E+03   0.123996E+02  -0.957991E+01   0.693851E+05   0.158376E+02
  1908   0.229017E+03   0.124154E+02  -0.980505E+01   0.693072E+05   0.158290E+02
  1909   0.228481E+03   0.124297E+02  -0.100307E+02   0.692295E+05   0.158105E+02
  1910   0.227963E+03   0.124426E+02  -0.102568E+02   0.691518E+05   0.157824E+02
  1911   0.227461E+03   0.124540E+02  -0.104831E+02   0.690742E+05   0.157452E+02
  1912   0.226977E+03   0.124641E+02  -0.107097E+02   0.689968E+05   0.156994E+02
  1913   0.226511E+03   0.124726E+02  -0.109363E+02   0.689195E+05   0.156453E+02
  1914   0.226061E+03   0.124797E+02  -0.111629E+02   0.688423E+05   0.155834E+02
  1915   0.225629E+03   0.124854E+02  -0.113895E+02   0.687652E+05   0.155142E+02
  1916   0.225214E+03   0.124895E+02  -0.116159E+02   0.686883E+05   0.154380E+02
  1917   0.224816E+03   0.124922E+02  -0.118419E+02   0.686114E+05   0.153554E+02
  1918   0.224435E+03   0.124934E+02  -0.120676E+02   0.685347E+05   0.152667E+02
  1919   0.224071E+03   0.124933E+02  -0.122927E+02   0.684581E+05   0.151725E+02
  1920   0.223723E+03   0.124916E+02  -0.125173E+02   0.683816E+05   0.150730E+02
  1921   0.223392E+03   0.124886E+02  -0.127412E+02   0.683052E+05   0.149689E+02
  1922   0.223078E+03   0.124840E+02  -0.129643E+02   0.682289E+05   0.148605E+02
  1923   0.222780E+03   0.124780E+02  -0.131864E+02   0.681528E+05   0.147482E+02
  1924   0.222499E+03   0.124706E+02  -0.134077E+02   0.680767E+05   0.146325E+02
  1925   0.222233E+03   0.124618E+02  -0.136278E+02   0.680008E+05   0.145139E+02
  1926   0.221983E+03   0.124515E+02  -0.138468E+02   0.679250E+05   0.143927E+02
  1927   0.221750E+03   0.124398E+02  -0.140645E+02   0.678493E+05   0.142695E+02
  1928   0.221532E+03   0.124267E+02  -0.142809E+02   0.677737E+05   0.141446E+02
  1929   0.221329E+03   0.124121E+02  -0.144958E+02   0.676982E+05   0.140184E+02
  1930   0.221142E+03   0.123962E+02  -0.147092E+02   0.676229E+05   0.138915E+02
  1931   0.220970E+03   0.123788E+02  -0.149209E+02   0.675476E+05   0.137643E+02
  1932   0.220812E+03   0.123601E+02  -0.151309E+02   0.674725E+05   0.136372E+02
  1933   0.220669E+03   0.123399E+02  -0.153391E+02   0.673975E+05   0.135106E+02
  1934   0.220541E+03   0.123184E+02  -0.155455E+02   0.673225E+05   0.133850E+02
  1935   0.220427E+03   0.122955E+02  -0.157498E+02   0.672477E+05   0.132608E+02
  1936   0.220327E+03   0.122712E+02  -0.159521E+02   0.671731E+05   0.131384E+02
  1937   0.220241E+03   0.122455E+02  -0.161521E+02   0.670985E+05   0.130184E+02
  1938   0.220169E+03   0.122186E+02  -0.163500E+02   0.670240E+05   0.129011E+02
  1939   0.220111E+03   0.121903E+02  -0.165455E+02   0.669497E+05   0.127869E+02
  1940   0.220065E+03   0.121606E+02  -0.167387E+02   0.668754E+05   0.126764E+02
  1941   0.220032E+03   0.121297E+02  -0.169294E+02   0.668013E+05   0.125699E+02
  1942   0.220012E+03   0.120975E+02  -0.171175E+02   0.667273E+05   0.124679E+02
  1943   0.220006E+03   0.120640E+02  -0.173030E+02   0.666534E+05   0.123708E+02
  1944   0.220010E+03   0.120292E+02  -0.174857E+02   0.665796E+05   0.122791E+02
  1945   0.220027E+03   0.119932E+02  -0.176656E+02   0.665059E+05   0.121932E+02
  1946   0.220056E+03   0.119559E+02  -0.178427E+02   0.664323E+05   0.121135E+02
  1947   0.220096E+03   0.119174E+02  -0.180168E+02   0.663588E+05   0.120406E+02
  1948   0.220147E+03   0.118776E+02  -0.181878E+02   0.662854E+05   0.119747E+02
  1949   0.220209E+03   0.118366E+02  -0.183558E+02   0.662122E+05   0.119164E+02
  1950   0.220282E+03   0.117944E+02  -0.185206E+02   0.661390E+05   0.118660E+02
  1951   0.220366E+03   0.117510E+02  -0.186821E+02   0.660660E+05   0.118240E+02
  1952   0.220459E+03   0.117065E+02  -0.188403E+02   0.659931E+05   0.117901E+02
  1953   0.220562E+03   0.116608E+02  -0.189952E+02   0.659202E+05   0.117638E+02
  1954   0.220674E+03   0.116141E+02  -0.191466E+02   0.658475E+05   0.117449E+02
  1955   0.220797E+03   0.115661E+02  -0.192946E+02   0.657749E+05   0.117329E+02
  1956   0.220928E+03   0.115171E+02  -0.194391E+02   0.657024E+05   0.117276E+02
  1957   0.221068E+03   0.114671E+02  -0.195801E+02   0.656300E+05   0.117285E+02
  1958   0.221217E+03   0.114160E+02  -0.197174E+02   0.655577E+05   0.117352E+02
  1959   0.221374E+03   0.113639E+02  -0.198511E+02   0.654855E+05   0.117474E+02
  1960   0.221540E+03   0.113108E+02  -0.199811E+02   0.654134E+05   0.117648E+02
  1961   0.221713E+03   0.112567E+02  -0.201073E+02   0.653415E+05   0.117870E+02
  1962   0.221893E+03   0.112016E+02  -0.202298E+02   0.652696E+05   0.118135E+02
  1963   0.222082E+03   0.111456E+02  -0.203484E+02   0.651978E+05   0.118441E+02
  1964   0.222276E+03   0.110886E+02  -0.204632E+02   0.651262E+05   0.118783E+02
  1965   0.222477E+03   0.110307E+02  -0.205740E+02   0.650546E+05   0.119159E+02
  1966   0.222685E+03   0.109719E+02  -0.206809E+02   0.649832E+05   0.119564E+02
  1967   0.222899E+03   0.109122E+02  -0.207838E+02   0.649119E+05   0.119994E+02
  1968   0.223119E+03   0.108517E+02  -0.208827E+02   0.648406E+05   0.120446E+02
  1969   0.223344E+03   0.107903E+02  -0.209776E+02   0.647695E+05   0.120917E+02
  1970   0.223575E+03   0.107282E+02  -0.210684E+02   0.646985E+05   0.121403E+02
  1971   0.223810E+03   0.106653E+02  -0.211550E+02   0.646275E+05   0.121899E+02
  1972   0.224050E+03   0.106016E+02  -0.212377E+02   0.645567E+05   0.122403E+02
  1973   0.224294E+03   0.105372E+02  -0.213161E+02   0.644860E+05   0.122910E+02
  1974   0.224543E+03   0.104721E+02  -0.213903E+02   0.644154E+05   0.123418E+02
  1975   0.224795E+03   0.104063E+02  -0.214604E+02   0.643449E+05   0.123922E+02
  1976   0.225051E+03   0.103398E+02  -0.215262E+02   0.642745E+05   0.124418E+02
  1977   0.225310E+03   0.102727E+02  -0.215877E+02   0.642041E+05   0.124904E+02
  1978   0.225571E+03   0.102049E+02  -0.216450E+02   0.641339E+05   0.125374E+02
  1979   0.225834E+03   0.101366E+02  -0.216980E+02   0.640638E+05   0.125827E+02
  1980   0.226100E+03   0.100676E+02  -0.217466E+02   0.639938E+05   0.126257E+02
  1981   0.226368E+03   0.999817E+01  -0.217910E+02   0.639239E+05   0.126662E+02
  1982   0.226638E+03   0.992820E+01  -0.218311E+02   0.638541E+05   0.127038E+02
  1983   0.226909E+03   0.985769E+01  -0.218670E+02   0.637845E+05   0.127380E+02
  1984   0.227180E+03   0.978681E+01  -0.218985E+02   0.637149E+05   0.127686E+02
  1985   0.227453E+03   0.971546E+01  -0.219257E+02   0.636454E+05   0.127952E+02
  1986   0.227726E+03   0.964366E+01  -0.219486E+02   0.635760E+05   0.128173E+02
  1987   0.227999E+03   0.957156E+01  -0.219671E+02   0.635067E+05   0.128347E+02
  1988   0.228272E+03   0.949908E+01  -0.219814E+02   0.634375E+05   0.128470E+02
  1989   0.228545E+03   0.942630E+01  -0.219913E+02   0.633684E+05   0.128537E+02
  1990   0.228817E+03   0.935315E+01  -0.219970E+02   0.632994E+05   0.128546E+02
  1991   0.229088E+03   0.927977E+01  -0.219983E+02   0.632305E+05   0.128493E+02
  1992   0.229357E+03   0.920610E+01  -0.219953E+02   0.631617E+05   0.128374E+02
  1993   0.229624E+03   0.913220E+01  -0.219881E+02   0.630930E+05   0.128185E+02
  1994   0.229890E+03   0.905816E+01  -0.219765E+02   0.630244E+05   0.127922E+02
  1995   0.230153E+03   0.898390E+01  -0.219607E+02   0.629559E+05   0.127583E+02
  1996   0.230414E+03   0.890943E+01  -0.219406E+02   0.628875E+05   0.127163E+02
  1997   0.230672E+03   0.883489E+01  -0.219162E+02   0.628192E+05   0.126659E+02
  1998   0.230926E+03   0.876028E+01  -0.218877E+02   0.627510E+05   0.126066E+02
  1999   0.231177E+03   0.868554E+01  -0.218549E+02   0.626829E+05   0.125383E+02
  2000   0.231424E+03   0.861074E+01  -0.218179E+02   0.626149E+05   0.124603E+02
  2001   0.231668E+03   0.853595E+01  -0.217768E+02   0.625470E+05   0.123726E+02
  2002   0.231907E+03   0.846117E+01  -0.217315E+02   0.624792E+05   0.122755E+02
  2003   0.232141E+03   0.838640E+01  -0.216821E+02   0.624115E+05   0.121695E+02
  2004   0.232370E+03   0.831165E+01  -0.216286E+02   0.623439E+05   0.120549E+02
  2005   0.232595E+03   0.823705E+01  -0.215710E+02   0.622763E+05   0.119323E+02
  2006   0.232815E+03   0.816246E+01  -0.215094E+02   0.622089E+05   0.118022E+02
  2007   0.233029E+03   0.808802E+01  -0.214439E+02   0.621416E+05   0.116650E+02
  2008   0.233237E+03   0.801374E+01  -0.213743E+02   0.620744E+05   0.115213E+02
  2009   0.233439E+03   0.793960E+01  -0.213008E+02   0.620072E+05   0.113713E+02
  2010   0.233636E+03   0.786569E+01  -0.212233E+02   0.619402E+05   0.112158E+02
  2011   0.233826E+03   0.779193E+01  -0.211419E+02   0.618732E+05   0.110550E+02
  2012   0.234009E+03   0.771839E+01  -0.210567E+02   0.618064E+05   0.108895E+02
  2013   0.234184E+03   0.764507E+01  -0.209676E+02   0.617396E+05   0.107198E+02
  2014   0.234353E+03   0.757204E+01  -0.208748E+02   0.616730E+05   0.105463E+02
  2015   0.234515E+03   0.749931E+01  -0.207782E+02   0.616064E+05   0.103695E+02
  2016   0.234669E+03   0.742693E+01  -0.206780E+02   0.615399E+05   0.101898E+02
  2017   0.234816E+03   0.735485E+01  -0.205742E+02   0.614736E+05   0.100078E+02
  2018   0.234955E+03   0.728312E+01  -0.204668E+02   0.614073E+05   0.982392E+01
  2019   0.235086E+03   0.721183E+01  -0.203559E+02   0.613411E+05   0.963860E+01
  2020   0.235209E+03   0.714090E+01  -0.202415E+02   0.612750E+05   0.945233E+01
  2021   0.235323E+03   0.707047E+01  -0.201238E+02   0.612090E+05   0.926558E+01
  2022   0.235430E+03   0.700043E+01  -0.200026E+02   0.611431E+05   0.907883E+01
  2023   0.235528E+03   0.693089E+01  -0.198783E+02   0.610773E+05   0.889253E+01
  2024   0.235616E+03   0.686185E+01  -0.197506E+02   0.610116E+05   0.870717E+01
  2025   0.235697E+03   0.679332E+01  -0.196197E+02   0.609460E+05   0.852322E+01
  2026   0.235767E+03   0.672532E+01  -0.194858E+02   0.608804E+05   0.834114E+01
  2027   0.235828E+03   0.665786E+01  -0.193487E+02   0.608150E+05   0.816140E+01
  2028   0.235880E+03   0.659098E+01  -0.192085E+02   0.607497E+05   0.798449E+01
  2029   0.235922E+03   0.652468E+01  -0.190654E+02   0.606844E+05   0.781086E+01
  2030   0.235954E+03   0.645899E+01  -0.189194E+02   0.606193E+05   0.764100E+01
  2031   0.235977E+03   0.639393E+01  -0.187705E+02   0.605542E+05   0.747536E+01
  2032   0.235989E+03   0.632951E+01  -0.186189E+02   0.604892E+05   0.731443E+01
  2033   0.235991E+03   0.626576E+01  -0.184645E+02   0.604243E+05   0.715867E+01
  2034   0.235983E+03   0.620270E+01  -0.183075E+02   0.603595E+05   0.700855E+01
  2035   0.235964E+03   0.614035E+01  -0.181479E+02   0.602948E+05   0.686455E+01
  2036   0.235935E+03   0.607871E+01  -0.179858E+02   0.602302E+05   0.672713E+01
  2037   0.235895E+03   0.601779E+01  -0.178212E+02   0.601657E+05   0.659677E+01
  2038   0.235844E+03   0.595763E+01  -0.176542E+02   0.601013E+05   0.647393E+01
  2039   0.235782E+03   0.589823E+01  -0.174849E+02   0.600370E+05   0.635910E+01
  2040   0.235709E+03   0.583961E+01  -0.173134E+02   0.599727E+05   0.625273E+01
  2041   0.235624E+03   0.578178E+01  -0.171396E+02   0.599086E+05   0.615531E+01
  2042   0.235528E+03   0.572476E+01  -0.169637E+02   0.598445E+05   0.606729E+01
  2043   0.235421E+03   0.566857E+01  -0.167858E+02   0.597805E+05   0.598916E+01
  2044   0.235302E+03   0.561322E+01  -0.166059E+02   0.597166E+05   0.592138E+01
  2045   0.235173E+03   0.555873E+01  -0.164241E+02   0.596529E+05   0.586443E+01
  2046   0.235031E+03   0.550510E+01  -0.162404E+02   0.595892E+05   0.581877E+01
  2047   0.234877E+03   0.545236E+01  -0.160551E+02   0.595255E+05   0.578488E+01
  2048   0.234712E+03   0.540053E+01  -0.158681E+02   0.594620E+05   0.576322E+01
  2049   0.234536E+03   0.534960E+01  -0.156796E+02   0.593986E+05   0.575428E+01
  2050   0.234347E+03   0.529961E+01  -0.154895E+02   0.593352E+05   0.575851E+01
  2051   0.234147E+03   0.525055E+01  -0.152981E+02   0.592720E+05   0.577623E+01
  2052   0.233935E+03   0.520243E+01  -0.151052E+02   0.592088E+05   0.580709E+01
  2053   0.233710E+03   0.515527E+01  -0.149110E+02   0.591457E+05   0.585060E+01
  2054   0.233474E+03   0.510906E+01  -0.147156E+02   0.590827E+05   0.590624E+01
  2055   0.233225E+03   0.506383E+01  -0.145190E+02   0.590198E+05   0.597352E+01
  2056   0.232965E+03   0.501957E+01  -0.143214E+02   0.589570E+05   0.605192E+01
  2057   0.232691E+03   0.497630E+01  -0.141226E+02   0.588943E+05   0.614095E+01
  2058   0.232407E+03   0.493403E+01  -0.139230E+02   0.588316E+05   0.624009E+01
  2059   0.232109E+03   0.489275E+01  -0.137224E+02   0.587691E+05   0.634886E+01
  2060   0.231801E+03   0.485249E+01  -0.135210E+02   0.587066E+05   0.646673E+01
  2061   0.231479E+03   0.481324E+01  -0.133189E+02   0.586442E+05   0.659320E+01
  2062   0.231146E+03   0.477501E+01  -0.131161E+02   0.585820E+05   0.672778E+01
  2063   0.230801E+03   0.473781E+01  -0.129127E+02   0.585198E+05   0.686995E+01
  2064   0.230443E+03   0.470165E+01  -0.127089E+02   0.584576E+05   0.701922E+01
  2065   0.230075E+03   0.466652E+01  -0.125045E+02   0.583956E+05   0.717507E+01
  2066   0.229693E+03   0.463243E+01  -0.122998E+02   0.583337E+05   0.733701E+01
  2067   0.229300E+03   0.459939E+01  -0.120947E+02   0.582718E+05   0.750453E+01
  2068   0.228896E+03   0.456740E+01  -0.118895E+02   0.582100E+05   0.767712E+01
  2069   0.228479E+03   0.453645E+01  -0.116840E+02   0.581483E+05   0.785428E+01
  2070   0.228051E+03   0.450657E+01  -0.114784E+02   0.580867E+05   0.803551E+01
  2071   0.227612E+03   0.447774E+01  -0.112729E+02   0.580252E+05   0.822030E+01
  2072   0.227160E+03   0.444997E+01  -0.110674E+02   0.579638E+05   0.840814E+01
  2073   0.226697E+03   0.442325E+01  -0.108620E+02   0.579025E+05   0.859854E+01
  2074   0.226222E+03   0.439760E+01  -0.106567E+02   0.578412E+05   0.879099E+01
  2075   0.225736E+03   0.437301E+01  -0.104518E+02   0.577800E+05   0.898498E+01
  2076   0.225239E+03   0.434948E+01  -0.102471E+02   0.577189E+05   0.918000E+01
  2077   0.224730E+03   0.432701E+01  -0.100428E+02   0.576579E+05   0.937557E+01
  2078   0.224210E+03   0.430559E+01  -0.983904E+01   0.575970E+05   0.957116E+01
  2079   0.223679E+03   0.428524E+01  -0.963577E+01   0.575362E+05   0.976628E+01
  2080   0.223137E+03   0.426595E+01  -0.943313E+01   0.574754E+05   0.996042E+01
  2081   0.222585E+03   0.424771E+01  -0.923114E+01   0.574148E+05   0.101531E+02
  2082   0.222021E+03   0.423053E+01  -0.902993E+01   0.573542E+05   0.103437E+02
  2083   0.221448E+03   0.421440E+01  -0.882959E+01   0.572937E+05   0.105319E+02
  2084   0.220863E+03   0.419934E+01  -0.863010E+01   0.572333E+05   0.107171E+02
  2085   0.220270E+03   0.418530E+01  -0.843162E+01   0.571729E+05   0.108988E+02
  2086   0.219665E+03   0.417232E+01  -0.823415E+01   0.571127E+05   0.110764E+02
  2087   0.219051E+03   0.416037E+01  -0.803775E+01   0.570525E+05   0.112496E+02
  2088   0.218427E+03   0.414945E+01  -0.784250E+01   0.569925E+05   0.114178E+02
  2089   0.217793E+03   0.413957E+01  -0.764847E+01   0.569325E+05   0.115804E+02
  2090   0.217149E+03   0.413070E+01  -0.745575E+01   0.568725E+05   0.117370E+02
  2091   0.216496E+03   0.412286E+01  -0.726431E+01   0.568127E+05   0.118871E+02
  2092   0.215833E+03   0.411602E+01  -0.707432E+01   0.567530E+05   0.120301E+02
  2093   0.215161E+03   0.411018E+01  -0.688584E+01   0.566933E+05   0.121656E+02
  2094   0.214480E+03   0.410534E+01  -0.669880E+01   0.566337E+05   0.122931E+02
  2095   0.213790E+03   0.410149E+01  -0.651342E+01   0.565742E+05   0.124120E+02
  2096   0.213092E+03   0.409862E+01  -0.632970E+01   0.565148E+05   0.125219E+02
  2097   0.212385E+03   0.409672E+01  -0.614766E+01   0.564554E+05   0.126222E+02
  2098   0.211669E+03   0.409580E+01  -0.596742E+01   0.563962E+05   0.127125E+02
  2099   0.210946E+03   0.409581E+01  -0.578900E+01   0.563370E+05   0.127922E+02
  2100   0.210213E+03   0.409678E+01  -0.561247E+01   0.562779E+05   0.128608E+02
  2101   0.209473E+03   0.409869E+01  -0.543788E+01   0.562189E+05   0.129180E+02
  2102   0.208725E+03   0.410151E+01  -0.526528E+01   0.561600E+05   0.129640E+02
  2103   0.207969E+03   0.410526E+01  -0.509472E+01   0.561011E+05   0.129991E+02
  2104   0.207205E+03   0.410991E+01  -0.492626E+01   0.560423E+05   0.130236E+02
  2105   0.206434E+03   0.411547E+01  -0.475992E+01   0.559836E+05   0.130379E+02
  2106   0.205656E+03   0.412190E+01  -0.459576E+01   0.559250E+05   0.130424E+02
  2107   0.204870E+03   0.412923E+01  -0.443383E+01   0.558665E+05   0.130374E+02
  2108   0.204078E+03   0.413741E+01  -0.427416E+01   0.558080E+05   0.130232E+02
  2109   0.203279E+03   0.414645E+01  -0.411680E+01   0.557497E+05   0.130001E+02
  2110   0.202473E+03   0.415633E+01  -0.396180E+01   0.556914E+05   0.129686E+02
  2111   0.201662E+03   0.416705E+01  -0.380919E+01   0.556332E+05   0.129289E+02
  2112   0.200845E+03   0.417859E+01  -0.365903E+01   0.555750E+05   0.128815E+02
  2113   0.200022E+03   0.419094E+01  -0.351132E+01   0.555170E+05   0.128265E+02
  2114   0.199192E+03   0.420408E+01  -0.336613E+01   0.554590E+05   0.127645E+02
  2115   0.198358E+03   0.421800E+01  -0.322347E+01   0.554011E+05   0.126957E+02
  2116   0.197518E+03   0.423269E+01  -0.308339E+01   0.553433E+05   0.126204E+02
  2117   0.196674E+03   0.424814E+01  -0.294591E+01   0.552856E+05   0.125391E+02
  2118   0.195824E+03   0.426433E+01  -0.281108E+01   0.552279E+05   0.124520E+02
  2119   0.194969E+03   0.428124E+01  -0.267891E+01   0.551703E+05   0.123595E+02
  2120   0.194110E+03   0.429887E+01  -0.254945E+01   0.551128E+05   0.122619E+02
  2121   0.193247E+03   0.431720E+01  -0.242271E+01   0.550554E+05   0.121597E+02
  2122   0.192379E+03   0.433620E+01  -0.229872E+01   0.549981E+05   0.120530E+02
  2123   0.191507E+03   0.435588E+01  -0.217752E+01   0.549408E+05   0.119423E+02
  2124   0.190633E+03   0.437621E+01  -0.205912E+01   0.548836E+05   0.118280E+02
  2125   0.189754E+03   0.439718E+01  -0.194356E+01   0.548265E+05   0.117103E+02
  2126   0.188873E+03   0.441877E+01  -0.183085E+01   0.547695E+05   0.115895E+02
  2127   0.187988E+03   0.444097E+01  -0.172103E+01   0.547125E+05   0.114662E+02
  2128   0.187101E+03   0.446376E+01  -0.161410E+01   0.546556E+05   0.113405E+02
  2129   0.186211E+03   0.448711E+01  -0.151009E+01   0.545988E+05   0.112128E+02
  2130   0.185318E+03   0.451103E+01  -0.140902E+01   0.545421E+05   0.110835E+02
  2131   0.184424E+03   0.453548E+01  -0.131092E+01   0.544855E+05   0.109529E+02
  2132   0.183526E+03   0.456046E+01  -0.121581E+01   0.544289E+05   0.108213E+02
  2133   0.182628E+03   0.458594E+01  -0.112368E+01   0.543724E+05   0.106892E+02
  2134   0.181727E+03   0.461192E+01  -0.103456E+01   0.543160E+05   0.105568E+02
  2135   0.180826E+03   0.463836E+01  -0.948468E+00   0.542596E+05   0.104245E+02
  2136   0.179923E+03   0.466525E+01  -0.865394E+00   0.542034E+05   0.102925E+02
  2137   0.179019E+03   0.469259E+01  -0.785357E+00   0.541472E+05   0.101614E+02
  2138   0.178115E+03   0.472034E+01  -0.708363E+00   0.540911E+05   0.100314E+02
  2139   0.177210E+03   0.474850E+01  -0.634428E+00   0.540351E+05   0.990279E+01
  2140   0.176305E+03   0.477704E+01  -0.563559E+00   0.539791E+05   0.977600E+01
  2141   0.175400E+03   0.480594E+01  -0.495755E+00   0.539232E+05   0.965135E+01
  2142   0.174496E+03   0.483520E+01  -0.431015E+00   0.538674E+05   0.952918E+01
  2143   0.173592E+03   0.486478E+01  -0.369356E+00   0.538117E+05   0.940984E+01
  2144   0.172689E+03   0.489467E+01  -0.310770E+00   0.537560E+05   0.929365E+01
  2145   0.171786E+03   0.492485E+01  -0.255269E+00   0.537004E+05   0.918098E+01
  2146   0.170884E+03   0.495530E+01  -0.202854E+00   0.536449E+05   0.907215E+01
  2147   0.169983E+03   0.498601E+01  -0.153522E+00   0.535895E+05   0.896752E+01
  2148   0.169084E+03   0.501695E+01  -0.107269E+00   0.535342E+05   0.886742E+01
  2149   0.168187E+03   0.504811E+01  -0.640906E-01   0.534789E+05   0.877221E+01
  2150   0.167291E+03   0.507946E+01  -0.239837E-01   0.534237E+05   0.868221E+01
  2151   0.166398E+03   0.511100E+01   0.130554E-01   0.533685E+05   0.859770E+01
  2152   0.165506E+03   0.514269E+01   0.470305E-01   0.533135E+05   0.851860E+01
  2153   0.164617E+03   0.517452E+01   0.779457E-01   0.532585E+05   0.844476E+01
  2154   0.163731E+03   0.520647E+01   0.105811E+00   0.532036E+05   0.837603E+01
  2155   0.162848E+03   0.523855E+01   0.130639E+00   0.531487E+05   0.831226E+01
  2156   0.161967E+03   0.527071E+01   0.152444E+00   0.530940E+05   0.825329E+01
  2157   0.161089E+03   0.530295E+01   0.171236E+00   0.530393E+05   0.819898E+01
  2158   0.160215E+03   0.533525E+01   0.187030E+00   0.529847E+05   0.814918E+01
  2159   0.159344E+03   0.536760E+01   0.199837E+00   0.529301E+05   0.810373E+01
  2160   0.158477E+03   0.539997E+01   0.209671E+00   0.528757E+05   0.806248E+01
  2161   0.157613E+03   0.543236E+01   0.216549E+00   0.528213E+05   0.802528E+01
  2162   0.156754E+03   0.546474E+01   0.220491E+00   0.527670E+05   0.799199E+01
  2163   0.155898E+03   0.549710E+01   0.221514E+00   0.527127E+05   0.796243E+01
  2164   0.155047E+03   0.552941E+01   0.219638E+00   0.526585E+05   0.793648E+01
  2165   0.154200E+03   0.556166E+01   0.214881E+00   0.526044E+05   0.791397E+01
  2166   0.153358E+03   0.559385E+01   0.207261E+00   0.525504E+05   0.789475E+01
  2167   0.152520E+03   0.562593E+01   0.196800E+00   0.524965E+05   0.787868E+01
  2168   0.151688E+03   0.565792E+01   0.183527E+00   0.524426E+05   0.786559E+01
  2169   0.150860E+03   0.568978E+01   0.167475E+00   0.523888E+05   0.785535E+01
  2170   0.150038E+03   0.572151E+01   0.148676E+00   0.523350E+05   0.784779E+01
  2171   0.149220E+03   0.575308E+01   0.127160E+00   0.522813E+05   0.784277E+01
  2172   0.148409E+03   0.578449E+01   0.102963E+00   0.522278E+05   0.784013E+01
  2173   0.147603E+03   0.581572E+01   0.761138E-01   0.521742E+05   0.783973E+01
  2174   0.146803E+03   0.584676E+01   0.466466E-01   0.521208E+05   0.784141E+01
  2175   0.146010E+03   0.587758E+01   0.145923E-01   0.520674E+05   0.784503E+01
  2176   0.145223E+03   0.590818E+01  -0.200160E-01   0.520141E+05   0.785042E+01
  2177   0.144442E+03   0.593854E+01  -0.571466E-01   0.519608E+05   0.785744E+01
  2178   0.143667E+03   0.596864E+01  -0.967673E-01   0.519077E+05   0.786594E+01
  2179   0.142899E+03   0.599847E+01  -0.138846E+00   0.518546E+05   0.787576E+01
  2180   0.142137E+03   0.602800E+01  -0.183351E+00   0.518016E+05   0.788676E+01
  2181   0.141382E+03   0.605723E+01  -0.230248E+00   0.517486E+05   0.789877E+01
  2182   0.140634E+03   0.608615E+01  -0.279497E+00   0.516957E+05   0.791167E+01
  2183   0.139894E+03   0.611473E+01  -0.331056E+00   0.516429E+05   0.792528E+01
  2184   0.139160E+03   0.614297E+01  -0.384885E+00   0.515902E+05   0.793946E+01
  2185   0.138434E+03   0.617085E+01  -0.440942E+00   0.515375E+05   0.795405E+01
  2186   0.137715E+03   0.619836E+01  -0.499185E+00   0.514849E+05   0.796892E+01
  2187   0.137004E+03   0.622548E+01  -0.559573E+00   0.514324E+05   0.798389E+01
  2188   0.136300E+03   0.625220E+01  -0.622065E+00   0.513799E+05   0.799884E+01
  2189   0.135604E+03   0.627851E+01  -0.686618E+00   0.513275E+05   0.801359E+01
  2190   0.134916E+03   0.630440E+01  -0.753188E+00   0.512752E+05   0.802800E+01
  2191   0.134235E+03   0.632983E+01  -0.821735E+00   0.512229E+05   0.804192E+01
  2192   0.133563E+03   0.635482E+01  -0.892215E+00   0.511708E+05   0.805520E+01
  2193   0.132899E+03   0.637934E+01  -0.964585E+00   0.511187E+05   0.806769E+01
  2194   0.132242E+03   0.640338E+01  -0.103880E+01   0.510666E+05   0.807923E+01
  2195   0.131594E+03   0.642692E+01  -0.111483E+01   0.510146E+05   0.808967E+01
  2196   0.130955E+03   0.644996E+01  -0.119260E+01   0.509627E+05   0.809887E+01
  2197   0.130324E+03   0.647248E+01  -0.127209E+01   0.509109E+05   0.810667E+01
  2198   0.129700E+03   0.649447E+01  -0.135321E+01   0.508591E+05   0.811291E+01
  2199   0.129086E+03   0.651592E+01  -0.143595E+01   0.508074E+05   0.811746E+01
  2200   0.128480E+03   0.653683E+01  -0.152023E+01   0.507558E+05   0.812015E+01
  2201   0.127883E+03   0.655718E+01  -0.160601E+01   0.507042E+05   0.812085E+01
  2202   0.127295E+03   0.657696E+01  -0.169324E+01   0.506528E+05   0.811952E+01
  2203   0.126716E+03   0.659616E+01  -0.178188E+01   0.506013E+05   0.811609E+01
  2204   0.126146E+03   0.661478E+01  -0.187188E+01   0.505500E+05   0.811055E+01
  2205   0.125584E+03   0.663281E+01  -0.196321E+01   0.504987E+05   0.810285E+01
  2206   0.125031E+03   0.665024E+01  -0.205582E+01   0.504475E+05   0.809295E+01
  2207   0.124488E+03   0.666705E+01  -0.214967E+01   0.503963E+05   0.808081E+01
  2208   0.123953E+03   0.668323E+01  -0.224471E+01   0.503452E+05   0.806639E+01
  2209   0.123427E+03   0.669879E+01  -0.234089E+01   0.502942E+05   0.804965E+01
  2210   0.122910E+03   0.671371E+01  -0.243818E+01   0.502433E+05   0.803056E+01
  2211   0.122402E+03   0.672800E+01  -0.253652E+01   0.501924E+05   0.800908E+01
  2212   0.121904E+03   0.674163E+01  -0.263587E+01   0.501416E+05   0.798516E+01
  2213   0.121414E+03   0.675461E+01  -0.273617E+01   0.500908E+05   0.795877E+01
  2214   0.120934E+03   0.676693E+01  -0.283737E+01   0.500402E+05   0.792987E+01
  2215   0.120462E+03   0.677858E+01  -0.293943E+01   0.499895E+05   0.789842E+01
  2216   0.120000E+03   0.678956E+01  -0.304229E+01   0.499390E+05   0.786438E+01
  2217   0.119546E+03   0.679987E+01  -0.314592E+01   0.498885E+05   0.782772E+01
  2218   0.119103E+03   0.680950E+01  -0.325024E+01   0.498381E+05   0.778838E+01
  2219   0.118667E+03   0.681845E+01  -0.335523E+01   0.497878E+05   0.774635E+01
  2220   0.118241E+03   0.682671E+01  -0.346082E+01   0.497375E+05   0.770156E+01
  2221   0.117824E+03   0.683429E+01  -0.356698E+01   0.496873E+05   0.765400E+01
  2222   0.117416E+03   0.684117E+01  -0.367364E+01   0.496371E+05   0.760361E+01
  2223   0.117018E+03   0.684736E+01  -0.378076E+01   0.495870E+05   0.755036E+01
  2224   0.116628E+03   0.685285E+01  -0.388829E+01   0.495370E+05   0.749421E+01
  2225   0.116248E+03   0.685763E+01  -0.399619E+01   0.494871E+05   0.743512E+01
  2226   0.115876E+03   0.686171E+01  -0.410440E+01   0.494372E+05   0.737305E+01
  2227   0.115513E+03   0.686507E+01  -0.421287E+01   0.493874E+05   0.730796E+01
  2228   0.115160E+03   0.686772E+01  -0.432156E+01   0.493376E+05   0.723982E+01
  2229   0.114814E+03   0.686966E+01  -0.443041E+01   0.492880E+05   0.716858E+01
  2230   0.114478E+03   0.687088E+01  -0.453938E+01   0.492383E+05   0.709421E+01
  2231   0.114151E+03   0.687138E+01  -0.464842E+01   0.491888E+05   0.701667E+01
  2232   0.113833E+03   0.687116E+01  -0.475747E+01   0.491393E+05   0.693591E+01
  2233   0.113522E+03   0.687023E+01  -0.486649E+01   0.490899E+05   0.685191E+01
  2234   0.113221E+03   0.686858E+01  -0.497543E+01   0.490405E+05   0.676461E+01
  2235   0.112928E+03   0.686622E+01  -0.508423E+01   0.489912E+05   0.667399E+01
  2236   0.112645E+03   0.686316E+01  -0.519284E+01   0.489420E+05   0.658000E+01
  2237   0.112369E+03   0.685939E+01  -0.530122E+01   0.488928E+05   0.648260E+01
  2238   0.112102E+03   0.685492E+01  -0.540933E+01   0.488437E+05   0.638176E+01
  2239   0.111843E+03   0.684974E+01  -0.551710E+01   0.487947E+05   0.627743E+01
  2240   0.111593E+03   0.684386E+01  -0.562451E+01   0.487457E+05   0.616958E+01
  2241   0.111350E+03   0.683727E+01  -0.573149E+01   0.486968E+05   0.605816E+01
  2242   0.111116E+03   0.682997E+01  -0.583801E+01   0.486480E+05   0.594315E+01
  2243   0.110890E+03   0.682198E+01  -0.594401E+01   0.485992E+05   0.582449E+01
  2244   0.110672E+03   0.681329E+01  -0.604945E+01   0.485505E+05   0.570216E+01
  2245   0.110461E+03   0.680389E+01  -0.615429E+01   0.485018E+05   0.557611E+01
  2246   0.110259E+03   0.679380E+01  -0.625848E+01   0.484532E+05   0.544630E+01
  2247   0.110064E+03   0.678303E+01  -0.636198E+01   0.484047E+05   0.531269E+01
  2248   0.109877E+03   0.677156E+01  -0.646473E+01   0.483562E+05   0.517525E+01
  2249   0.109697E+03   0.675942E+01  -0.656671E+01   0.483078E+05   0.503394E+01
  2250   0.109525E+03   0.674659E+01  -0.666785E+01   0.482595E+05   0.488872E+01
  2251   0.109361E+03   0.673310E+01  -0.676812E+01   0.482112E+05   0.473960E+01
  2252   0.109203E+03   0.671893E+01  -0.686748E+01   0.481630E+05   0.458684E+01
  2253   0.109052E+03   0.670409E+01  -0.696590E+01   0.481149E+05   0.443074E+01
  2254   0.108909E+03   0.668859E+01  -0.706334E+01   0.480668E+05   0.427163E+01
  2255   0.108772E+03   0.667242E+01  -0.715976E+01   0.480188E+05   0.410981E+01
  2256   0.108643E+03   0.665560E+01  -0.725513E+01   0.479708E+05   0.394558E+01
  2257   0.108520E+03   0.663812E+01  -0.734942E+01   0.479229E+05   0.377927E+01
  2258   0.108404E+03   0.661998E+01  -0.744258E+01   0.478751E+05   0.361117E+01
  2259   0.108294E+03   0.660120E+01  -0.753459E+01   0.478273E+05   0.344160E+01
  2260   0.108191E+03   0.658179E+01  -0.762542E+01   0.477796E+05   0.327088E+01
  2261   0.108095E+03   0.656174E+01  -0.771502E+01   0.477320E+05   0.309930E+01
  2262   0.108004E+03   0.654108E+01  -0.780338E+01   0.476844E+05   0.292719E+01
  2263   0.107919E+03   0.651982E+01  -0.789045E+01   0.476369E+05   0.275484E+01
  2264   0.107841E+03   0.649795E+01  -0.797621E+01   0.475894E+05   0.258258E+01
  2265   0.107768E+03   0.647549E+01  -0.806063E+01   0.475420E+05   0.241070E+01
  2266   0.107702E+03   0.645245E+01  -0.814370E+01   0.474947E+05   0.223953E+01
  2267   0.107641E+03   0.642884E+01  -0.822533E+01   0.474474E+05   0.206937E+01
  2268   0.107585E+03   0.640465E+01  -0.830553E+01   0.474002E+05   0.190053E+01
  2269   0.107535E+03   0.637991E+01  -0.838426E+01   0.473530E+05   0.173332E+01
  2270   0.107490E+03   0.635461E+01  -0.846158E+01   0.473059E+05   0.156805E+01
  2271   0.107451E+03   0.632877E+01  -0.853736E+01   0.472589E+05   0.140503E+01
  2272   0.107416E+03   0.630238E+01  -0.861159E+01   0.472120E+05   0.124458E+01
  2273   0.107387E+03   0.627547E+01  -0.868429E+01   0.471650E+05   0.108700E+01
  2274   0.107362E+03   0.624804E+01  -0.875538E+01   0.471182E+05   0.932597E+00
  2275   0.107342E+03   0.622011E+01  -0.882487E+01   0.470714E+05   0.781690E+00
  2276   0.107327E+03   0.619168E+01  -0.889277E+01   0.470247E+05   0.634586E+00
  2277   0.107315E+03   0.616275E+01  -0.895901E+01   0.469780E+05   0.491594E+00
  2278   0.107308E+03   0.613337E+01  -0.902358E+01   0.469314E+05   0.353025E+00
  2279   0.107305E+03   0.610351E+01  -0.908650E+01   0.468849E+05   0.219190E+00
  2280   0.107307E+03   0.607320E+01  -0.914770E+01   0.468384E+05   0.903973E-01
  2281   0.107312E+03   0.604244E+01  -0.920711E+01   0.467920E+05  -0.330414E-01
  2282   0.107321E+03   0.601125E+01  -0.926480E+01   0.467456E+05  -0.150817E+00
  2283   0.107333E+03   0.597963E+01  -0.932079E+01   0.466993E+05  -0.262618E+00
  2284   0.107349E+03   0.594759E+01  -0.937493E+01   0.466531E+05  -0.368135E+00
  2285   0.107368E+03   0.591515E+01  -0.942730E+01   0.466069E+05  -0.467058E+00
  2286   0.107391E+03   0.588231E+01  -0.947782E+01   0.465608E+05  -0.559077E+00
  2287   0.107416E+03   0.584909E+01  -0.952659E+01   0.465147E+05  -0.643881E+00
  2288   0.107444E+03   0.581549E+01  -0.957345E+01   0.464687E+05  -0.721161E+00
  2289   0.107475E+03   0.578154E+01  -0.961849E+01   0.464227E+05  -0.790606E+00
  2290   0.107509E+03   0.574724E+01  -0.966163E+01   0.463769E+05  -0.851906E+00
  2291   0.107545E+03   0.571262E+01  -0.970296E+01   0.463310E+05  -0.904750E+00
  2292   0.107584E+03   0.567768E+01  -0.974241E+01   0.462853E+05  -0.948830E+00
  2293   0.107625E+03   0.564244E+01  -0.977990E+01   0.462396E+05  -0.983833E+00
  2294   0.107667E+03   0.560690E+01  -0.981560E+01   0.461939E+05  -0.100945E+01
  2295   0.107712E+03   0.557108E+01  -0.984928E+01   0.461483E+05  -0.102537E+01
  2296   0.107758E+03   0.553501E+01  -0.988110E+01   0.461028E+05  -0.103129E+01
  2297   0.107807E+03   0.549867E+01  -0.991098E+01   0.460573E+05  -0.102689E+01
  2298   0.107856E+03   0.546208E+01  -0.993902E+01   0.460119E+05  -0.101186E+01
  2299   0.107907E+03   0.542526E+01  -0.996506E+01   0.459666E+05  -0.985901E+00
  2300   0.107959E+03   0.538822E+01  -0.998911E+01   0.459213E+05  -0.948691E+00
  2301   0.108012E+03   0.535097E+01  -0.100113E+02   0.458760E+05  -0.900034E+00
  2302   0.108067E+03   0.531352E+01  -0.100315E+02   0.458308E+05  -0.840171E+00
  2303   0.108121E+03   0.527588E+01  -0.100498E+02   0.457857E+05  -0.769450E+00
  2304   0.108177E+03   0.523806E+01  -0.100661E+02   0.457407E+05  -0.688222E+00
  2305   0.108233E+03   0.520009E+01  -0.100805E+02   0.456956E+05  -0.596837E+00
  2306   0.108289E+03   0.516195E+01  -0.100929E+02   0.456507E+05  -0.495643E+00
  2307   0.108346E+03   0.512368E+01  -0.101034E+02   0.456058E+05  -0.384992E+00
  2308   0.108403E+03   0.508528E+01  -0.101119E+02   0.455610E+05  -0.265234E+00
  2309   0.108460E+03   0.504675E+01  -0.101185E+02   0.455162E+05  -0.136717E+00
  2310   0.108517E+03   0.500812E+01  -0.101233E+02   0.454715E+05   0.208697E-03
  2311   0.108574E+03   0.496938E+01  -0.101260E+02   0.454268E+05   0.145192E+00
  2312   0.108630E+03   0.493057E+01  -0.101268E+02   0.453822E+05   0.297885E+00
  2313   0.108687E+03   0.489167E+01  -0.101258E+02   0.453377E+05   0.457935E+00
  2314   0.108743E+03   0.485273E+01  -0.101228E+02   0.452932E+05   0.624995E+00
  2315   0.108798E+03   0.481372E+01  -0.101179E+02   0.452487E+05   0.798714E+00
  2316   0.108852E+03   0.477468E+01  -0.101112E+02   0.452044E+05   0.978742E+00
  2317   0.108905E+03   0.473561E+01  -0.101026E+02   0.451601E+05   0.116473E+01
  2318   0.108958E+03   0.469653E+01  -0.100920E+02   0.451158E+05   0.135633E+01
  2319   0.109009E+03   0.465743E+01  -0.100797E+02   0.450716E+05   0.155318E+01
  2320   0.109059E+03   0.461834E+01  -0.100655E+02   0.450274E+05   0.175495E+01
  2321   0.109108E+03   0.457926E+01  -0.100494E+02   0.449833E+05   0.196127E+01
  2322   0.109155E+03   0.454022E+01  -0.100316E+02   0.449393E+05   0.217181E+01
  2323   0.109201E+03   0.450121E+01  -0.100119E+02   0.448953E+05   0.238621E+01
  2324   0.109246E+03   0.446226E+01  -0.999043E+01   0.448514E+05   0.260411E+01
  2325   0.109288E+03   0.442337E+01  -0.996725E+01   0.448075E+05   0.282518E+01
  2326   0.109329E+03   0.438456E+01  -0.994228E+01   0.447637E+05   0.304906E+01
  2327   0.109367E+03   0.434585E+01  -0.991554E+01   0.447200E+05   0.327540E+01
  2328   0.109404E+03   0.430724E+01  -0.988717E+01   0.446763E+05   0.350385E+01
  2329   0.109439E+03   0.426875E+01  -0.985710E+01   0.446326E+05   0.373406E+01
  2330   0.109472E+03   0.423039E+01  -0.982534E+01   0.445890E+05   0.396568E+01
  2331   0.109502E+03   0.419216E+01  -0.979198E+01   0.445455E+05   0.419836E+01
  2332   0.109530E+03   0.415407E+01  -0.975693E+01   0.445020E+05   0.443176E+01
  2333   0.109555E+03   0.411614E+01  -0.972027E+01   0.444586E+05   0.466552E+01
  2334   0.109578E+03   0.407838E+01  -0.968203E+01   0.444152E+05   0.489929E+01
  2335   0.109598E+03   0.404080E+01  -0.964219E+01   0.443719E+05   0.513272E+01
  2336   0.109615E+03   0.400340E+01  -0.960083E+01   0.443287E+05   0.536546E+01
  2337   0.109630E+03   0.396621E+01  -0.955798E+01   0.442855E+05   0.559717E+01
  2338   0.109642E+03   0.392921E+01  -0.951354E+01   0.442423E+05   0.582748E+01
  2339   0.109650E+03   0.389244E+01  -0.946768E+01   0.441992E+05   0.605607E+01
  2340   0.109656E+03   0.385591E+01  -0.942040E+01   0.441562E+05   0.628256E+01
  2341   0.109658E+03   0.381961E+01  -0.937164E+01   0.441132E+05   0.650662E+01
  2342   0.109657E+03   0.378356E+01  -0.932147E+01   0.440703E+05   0.672789E+01
  2343   0.109653E+03   0.374778E+01  -0.926997E+01   0.440274E+05   0.694602E+01
  2344   0.109645E+03   0.371226E+01  -0.921715E+01   0.439846E+05   0.716067E+01
  2345   0.109634E+03   0.367703E+01  -0.916293E+01   0.439418E+05   0.737148E+01
  2346   0.109619E+03   0.364208E+01  -0.910748E+01   0.438991E+05   0.757810E+01
  2347   0.109601E+03   0.360743E+01  -0.905071E+01   0.438565E+05   0.778019E+01
  2348   0.109579E+03   0.357309E+01  -0.899272E+01   0.438139E+05   0.797739E+01
  2349   0.109553E+03   0.353905E+01  -0.893350E+01   0.437713E+05   0.816935E+01
  2350   0.109523E+03   0.350535E+01  -0.887314E+01   0.437288E+05   0.835574E+01
  2351   0.109490E+03   0.347198E+01  -0.881156E+01   0.436864E+05   0.853624E+01
  2352   0.109453E+03   0.343894E+01  -0.874892E+01   0.436440E+05   0.871080E+01
  2353   0.109411E+03   0.340626E+01  -0.868514E+01   0.436017E+05   0.887941E+01
  2354   0.109365E+03   0.337393E+01  -0.862037E+01   0.435594E+05   0.904206E+01
  2355   0.109316E+03   0.334196E+01  -0.855446E+01   0.435172E+05   0.919876E+01
  2356   0.109262E+03   0.331038E+01  -0.848757E+01   0.434750E+05   0.934948E+01
  2357   0.109205E+03   0.327917E+01  -0.841976E+01   0.434329E+05   0.949423E+01
  2358   0.109143E+03   0.324835E+01  -0.835097E+01   0.433908E+05   0.963299E+01
  2359   0.109077E+03   0.321792E+01  -0.828126E+01   0.433488E+05   0.976577E+01
  2360   0.109007E+03   0.318788E+01  -0.821057E+01   0.433068E+05   0.989255E+01
  2361   0.108932E+03   0.315825E+01  -0.813912E+01   0.432649E+05   0.100133E+02
  2362   0.108853E+03   0.312903E+01  -0.806676E+01   0.432230E+05   0.101281E+02
  2363   0.108770E+03   0.310022E+01  -0.799364E+01   0.431812E+05   0.102368E+02
  2364   0.108682E+03   0.307182E+01  -0.791968E+01   0.431395E+05   0.103396E+02
  2365   0.108589E+03   0.304385E+01  -0.784504E+01   0.430978E+05   0.104363E+02
  2366   0.108493E+03   0.301632E+01  -0.776964E+01   0.430561E+05   0.105269E+02
  2367   0.108392E+03   0.298922E+01  -0.769356E+01   0.430146E+05   0.106116E+02
  2368   0.108287E+03   0.296256E+01  -0.761680E+01   0.429730E+05   0.106901E+02
  2369   0.108177E+03   0.293634E+01  -0.753950E+01   0.429315E+05   0.107626E+02
  2370   0.108062E+03   0.291058E+01  -0.746152E+01   0.428901E+05   0.108291E+02
  2371   0.107944E+03   0.288527E+01  -0.738301E+01   0.428487E+05   0.108895E+02
  2372   0.107820E+03   0.286042E+01  -0.730397E+01   0.428074E+05   0.109438E+02
  2373   0.107693E+03   0.283603E+01  -0.722447E+01   0.427661E+05   0.109920E+02
  2374   0.107561E+03   0.281211E+01  -0.714452E+01   0.427249E+05   0.110341E+02
  2375   0.107424E+03   0.278866E+01  -0.706411E+01   0.426837E+05   0.110702E+02
  2376   0.107283E+03   0.276568E+01  -0.698333E+01   0.426426E+05   0.111001E+02
  2377   0.107137E+03   0.274318E+01  -0.690216E+01   0.426015E+05   0.111239E+02
  2378   0.106987E+03   0.272116E+01  -0.682066E+01   0.425605E+05   0.111416E+02
  2379   0.106833E+03   0.269962E+01  -0.673887E+01   0.425195E+05   0.111532E+02
  2380   0.106674E+03   0.267858E+01  -0.665682E+01   0.424786E+05   0.111586E+02
  2381   0.106511E+03   0.265801E+01  -0.657454E+01   0.424377E+05   0.111579E+02
  2382   0.106343E+03   0.263793E+01  -0.649205E+01   0.423969E+05   0.111511E+02
  2383   0.106170E+03   0.261835E+01  -0.640940E+01   0.423561E+05   0.111381E+02
  2384   0.105993E+03   0.259926E+01  -0.632660E+01   0.423154E+05   0.111190E+02
  2385   0.105813E+03   0.258066E+01  -0.624369E+01   0.422747E+05   0.110937E+02
  2386   0.105627E+03   0.256256E+01  -0.616071E+01   0.422341E+05   0.110622E+02
  2387   0.105437E+03   0.254496E+01  -0.607770E+01   0.421936E+05   0.110245E+02
  2388   0.105243E+03   0.252786E+01  -0.599469E+01   0.421530E+05   0.109807E+02
  2389   0.105045E+03   0.251127E+01  -0.591171E+01   0.421126E+05   0.109307E+02
  2390   0.104842E+03   0.249517E+01  -0.582879E+01   0.420722E+05   0.108745E+02
  2391   0.104635E+03   0.247957E+01  -0.574597E+01   0.420318E+05   0.108120E+02
  2392   0.104425E+03   0.246449E+01  -0.566329E+01   0.419915E+05   0.107434E+02
  2393   0.104209E+03   0.244990E+01  -0.558077E+01   0.419512E+05   0.106685E+02
  2394   0.103990E+03   0.243582E+01  -0.549844E+01   0.419110E+05   0.105874E+02
  2395   0.103767E+03   0.242225E+01  -0.541634E+01   0.418709E+05   0.105001E+02
  2396   0.103540E+03   0.240917E+01  -0.533450E+01   0.418307E+05   0.104066E+02
  2397   0.103310E+03   0.239660E+01  -0.525293E+01   0.417907E+05   0.103068E+02
  2398   0.103074E+03   0.238453E+01  -0.517169E+01   0.417507E+05   0.102007E+02
  2399   0.102836E+03   0.237296E+01  -0.509078E+01   0.417107E+05   0.100884E+02
  2400   0.102593E+03   0.236188E+01  -0.501026E+01   0.416708E+05   0.996983E+01
  2401   0.102346E+03   0.235130E+01  -0.493015E+01   0.416309E+05   0.984504E+01
  2402   0.102096E+03   0.234122E+01  -0.485046E+01   0.415911E+05   0.971432E+01
  2403   0.101842E+03   0.233163E+01  -0.477124E+01   0.415514E+05   0.957801E+01
  2404   0.101585E+03   0.232254E+01  -0.469251E+01   0.415116E+05   0.943646E+01
  2405   0.101323E+03   0.231394E+01  -0.461429E+01   0.414720E+05   0.928999E+01
  2406   0.101058E+03   0.230583E+01  -0.453661E+01   0.414324E+05   0.913896E+01
  2407   0.100790E+03   0.229821E+01  -0.445949E+01   0.413928E+05   0.898370E+01
  2408   0.100518E+03   0.229106E+01  -0.438295E+01   0.413533E+05   0.882456E+01
  2409   0.100243E+03   0.228440E+01  -0.430702E+01   0.413138E+05   0.866188E+01
  2410   0.999643E+02   0.227822E+01  -0.423173E+01   0.412744E+05   0.849599E+01
  2411   0.996827E+02   0.227252E+01  -0.415709E+01   0.412350E+05   0.832724E+01
  2412   0.993970E+02   0.226728E+01  -0.408313E+01   0.411957E+05   0.815597E+01
  2413   0.991087E+02   0.226252E+01  -0.400988E+01   0.411564E+05   0.798252E+01
  2414   0.988171E+02   0.225821E+01  -0.393734E+01   0.411172E+05   0.780723E+01
  2415   0.985222E+02   0.225438E+01  -0.386556E+01   0.410780E+05   0.763044E+01
  2416   0.982247E+02   0.225100E+01  -0.379454E+01   0.410389E+05   0.745250E+01
  2417   0.979238E+02   0.224807E+01  -0.372432E+01   0.409998E+05   0.727374E+01
  2418   0.976205E+02   0.224559E+01  -0.365493E+01   0.409608E+05   0.709451E+01
  2419   0.973138E+02   0.224357E+01  -0.358636E+01   0.409218E+05   0.691514E+01
  2420   0.970053E+02   0.224198E+01  -0.351865E+01   0.408828E+05   0.673598E+01
  2421   0.966935E+02   0.224083E+01  -0.345182E+01   0.408439E+05   0.655737E+01
  2422   0.963792E+02   0.224011E+01  -0.338589E+01   0.408051E+05   0.637965E+01
  2423   0.960631E+02   0.223982E+01  -0.332086E+01   0.407663E+05   0.620316E+01
  2424   0.957438E+02   0.223994E+01  -0.325678E+01   0.407276E+05   0.602824E+01
  2425   0.954227E+02   0.224050E+01  -0.319364E+01   0.406889E+05   0.585524E+01
  2426   0.950990E+02   0.224145E+01  -0.313148E+01   0.406502E+05   0.568448E+01
  2427   0.947729E+02   0.224281E+01  -0.307029E+01   0.406116E+05   0.551632E+01
  2428   0.944451E+02   0.224457E+01  -0.301011E+01   0.405731E+05   0.535110E+01
  2429   0.941155E+02   0.224672E+01  -0.295096E+01   0.405345E+05   0.518915E+01
  2430   0.937834E+02   0.224926E+01  -0.289283E+01   0.404961E+05   0.503082E+01
  2431   0.934496E+02   0.225218E+01  -0.283576E+01   0.404577E+05   0.487645E+01
  2432   0.931140E+02   0.225548E+01  -0.277975E+01   0.404193E+05   0.472638E+01
  2433   0.927768E+02   0.225915E+01  -0.272483E+01   0.403810E+05   0.458095E+01
  2434   0.924386E+02   0.226318E+01  -0.267100E+01   0.403427E+05   0.444050E+01
  2435   0.920980E+02   0.226757E+01  -0.261828E+01   0.403045E+05   0.430537E+01
  2436   0.917564E+02   0.227230E+01  -0.256669E+01   0.402663E+05   0.417591E+01
  2437   0.914131E+02   0.227737E+01  -0.251623E+01   0.402282E+05   0.405245E+01
  2438   0.910689E+02   0.228279E+01  -0.246692E+01   0.401901E+05   0.393534E+01
  2439   0.907230E+02   0.228852E+01  -0.241876E+01   0.401520E+05   0.382491E+01
  2440   0.903763E+02   0.229459E+01  -0.237178E+01   0.401141E+05   0.372151E+01
  2441   0.900286E+02   0.230096E+01  -0.232598E+01   0.400761E+05   0.362548E+01
  2442   0.896800E+02   0.230764E+01  -0.228136E+01   0.400382E+05   0.353716E+01
  2443   0.893297E+02   0.231462E+01  -0.223795E+01   0.400004E+05   0.345689E+01
  2444   0.889793E+02   0.232189E+01  -0.219574E+01   0.399625E+05   0.338501E+01
  2445   0.886288E+02   0.232944E+01  -0.215476E+01   0.399248E+05   0.332187E+01
  2446   0.882767E+02   0.233727E+01  -0.211500E+01   0.398871E+05   0.326779E+01
  2447   0.879251E+02   0.234537E+01  -0.207648E+01   0.398494E+05   0.322314E+01
  2448   0.875727E+02   0.235373E+01  -0.203920E+01   0.398118E+05   0.318823E+01
  2449   0.872195E+02   0.236234E+01  -0.200317E+01   0.397742E+05   0.316343E+01
  2450   0.868669E+02   0.237120E+01  -0.196838E+01   0.397367E+05   0.314906E+01
  2451   0.865135E+02   0.238029E+01  -0.193486E+01   0.396992E+05   0.314535E+01
  2452   0.861607E+02   0.238960E+01  -0.190260E+01   0.396617E+05   0.315206E+01
  2453   0.858070E+02   0.239915E+01  -0.187162E+01   0.396243E+05   0.316883E+01
  2454   0.854540E+02   0.240890E+01  -0.184191E+01   0.395870E+05   0.319530E+01
  2455   0.851008E+02   0.241887E+01  -0.181347E+01   0.395497E+05   0.323111E+01
  2456   0.847483E+02   0.242902E+01  -0.178632E+01   0.395124E+05   0.327590E+01
  2457   0.843964E+02   0.243938E+01  -0.176043E+01   0.394752E+05   0.332930E+01
  2458   0.840444E+02   0.244991E+01  -0.173584E+01   0.394380E+05   0.339097E+01
  2459   0.836922E+02   0.246062E+01  -0.171253E+01   0.394009E+05   0.346053E+01
  2460   0.833414E+02   0.247151E+01  -0.169050E+01   0.393638E+05   0.353763E+01
  2461   0.829911E+02   0.248255E+01  -0.166975E+01   0.393268E+05   0.362190E+01
  2462   0.826407E+02   0.249375E+01  -0.165029E+01   0.392898E+05   0.371300E+01
  2463   0.822924E+02   0.250509E+01  -0.163211E+01   0.392528E+05   0.381056E+01
  2464   0.819439E+02   0.251658E+01  -0.161520E+01   0.392159E+05   0.391421E+01
  2465   0.815967E+02   0.252819E+01  -0.159957E+01   0.391791E+05   0.402360E+01
  2466   0.812501E+02   0.253993E+01  -0.158521E+01   0.391423E+05   0.413837E+01
  2467   0.809048E+02   0.255178E+01  -0.157212E+01   0.391055E+05   0.425816E+01
  2468   0.805608E+02   0.256375E+01  -0.156030E+01   0.390688E+05   0.438260E+01
  2469   0.802181E+02   0.257581E+01  -0.154973E+01   0.390321E+05   0.451135E+01
  2470   0.798759E+02   0.258797E+01  -0.154043E+01   0.389955E+05   0.464403E+01
  2471   0.795358E+02   0.260020E+01  -0.153236E+01   0.389589E+05   0.478029E+01
  2472   0.791969E+02   0.261252E+01  -0.152554E+01   0.389223E+05   0.491976E+01
  2473   0.788593E+02   0.262490E+01  -0.151996E+01   0.388858E+05   0.506210E+01
  2474   0.785230E+02   0.263734E+01  -0.151561E+01   0.388494E+05   0.520693E+01
  2475   0.781887E+02   0.264983E+01  -0.151249E+01   0.388130E+05   0.535391E+01
  2476   0.778556E+02   0.266238E+01  -0.151057E+01   0.387766E+05   0.550265E+01
  2477   0.775246E+02   0.267495E+01  -0.150986E+01   0.387403E+05   0.565282E+01
  2478   0.771955E+02   0.268755E+01  -0.151035E+01   0.387040E+05   0.580405E+01
  2479   0.768684E+02   0.270018E+01  -0.151202E+01   0.386677E+05   0.595597E+01
  2480   0.765425E+02   0.271282E+01  -0.151486E+01   0.386315E+05   0.610823E+01
  2481   0.762194E+02   0.272547E+01  -0.151886E+01   0.385954E+05   0.626047E+01
  2482   0.758982E+02   0.273811E+01  -0.152402E+01   0.385593E+05   0.641233E+01
  2483   0.755790E+02   0.275075E+01  -0.153031E+01   0.385232E+05   0.656344E+01
  2484   0.752617E+02   0.276338E+01  -0.153773E+01   0.384872E+05   0.671345E+01
  2485   0.749472E+02   0.277598E+01  -0.154627E+01   0.384512E+05   0.686200E+01
  2486   0.746353E+02   0.278855E+01  -0.155591E+01   0.384152E+05   0.700873E+01
  2487   0.743254E+02   0.280107E+01  -0.156664E+01   0.383794E+05   0.715327E+01
  2488   0.740181E+02   0.281355E+01  -0.157845E+01   0.383435E+05   0.729527E+01
  2489   0.737128E+02   0.282598E+01  -0.159133E+01   0.383077E+05   0.743437E+01
  2490   0.734101E+02   0.283834E+01  -0.160525E+01   0.382719E+05   0.757021E+01
  2491   0.731109E+02   0.285063E+01  -0.162020E+01   0.382362E+05   0.770242E+01
  2492   0.728136E+02   0.286285E+01  -0.163618E+01   0.382005E+05   0.783065E+01
  2493   0.725189E+02   0.287498E+01  -0.165316E+01   0.381649E+05   0.795454E+01
  2494   0.722272E+02   0.288703E+01  -0.167113E+01   0.381293E+05   0.807373E+01
  2495   0.719383E+02   0.289897E+01  -0.169006E+01   0.380937E+05   0.818785E+01
  2496   0.716523E+02   0.291081E+01  -0.170996E+01   0.380582E+05   0.829655E+01
  2497   0.713691E+02   0.292254E+01  -0.173078E+01   0.380227E+05   0.839947E+01
  2498   0.710890E+02   0.293415E+01  -0.175253E+01   0.379873E+05   0.849625E+01
  2499   0.708117E+02   0.294563E+01  -0.177518E+01   0.379519E+05   0.858652E+01
  2500   0.705375E+02   0.295697E+01  -0.179872E+01   0.379166E+05   0.866993E+01
  2501   0.702664E+02   0.296818E+01  -0.182312E+01   0.378813E+05   0.874621E+01
  2502   0.699984E+02   0.297923E+01  -0.184837E+01   0.378460E+05   0.881549E+01
  2503   0.697335E+02   0.299012E+01  -0.187446E+01   0.378108E+05   0.887799E+01
  2504   0.694718E+02   0.300086E+01  -0.190137E+01   0.377756E+05   0.893393E+01
  2505   0.692133E+02   0.301144E+01  -0.192908E+01   0.377405E+05   0.898352E+01
  2506   0.689579E+02   0.302184E+01  -0.195758E+01   0.377054E+05   0.902699E+01
  2507   0.687060E+02   0.303206E+01  -0.198683E+01   0.376703E+05   0.906457E+01
  2508   0.684573E+02   0.304211E+01  -0.201685E+01   0.376353E+05   0.909646E+01
  2509   0.682118E+02   0.305198E+01  -0.204759E+01   0.376003E+05   0.912288E+01
  2510   0.679698E+02   0.306164E+01  -0.207904E+01   0.375654E+05   0.914407E+01
  2511   0.677311E+02   0.307112E+01  -0.211120E+01   0.375305E+05   0.916024E+01
  2512   0.674959E+02   0.308040E+01  -0.214402E+01   0.374957E+05   0.917161E+01
  2513   0.672640E+02   0.308946E+01  -0.217751E+01   0.374609E+05   0.917840E+01
  2514   0.670356E+02   0.309832E+01  -0.221163E+01   0.374261E+05   0.918083E+01
  2515   0.668107E+02   0.310697E+01  -0.224638E+01   0.373914E+05   0.917912E+01
  2516   0.665893E+02   0.311539E+01  -0.228172E+01   0.373567E+05   0.917349E+01
  2517   0.663713E+02   0.312358E+01  -0.231764E+01   0.373221E+05   0.916416E+01
  2518   0.661567E+02   0.313155E+01  -0.235413E+01   0.372875E+05   0.915135E+01
  2519   0.659457E+02   0.313929E+01  -0.239115E+01   0.372529E+05   0.913528E+01
  2520   0.657382E+02   0.314678E+01  -0.242870E+01   0.372184E+05   0.911618E+01
  2521   0.655342E+02   0.315404E+01  -0.246674E+01   0.371839E+05   0.909426E+01
  2522   0.653337E+02   0.316106E+01  -0.250527E+01   0.371495E+05   0.906974E+01
  2523   0.651368E+02   0.316783E+01  -0.254425E+01   0.371151E+05   0.904284E+01
  2524   0.649434E+02   0.317434E+01  -0.258366E+01   0.370807E+05   0.901379E+01
  2525   0.647536E+02   0.318060E+01  -0.262349E+01   0.370464E+05   0.898279E+01
  2526   0.645673E+02   0.318660E+01  -0.266371E+01   0.370121E+05   0.895009E+01
  2527   0.643845E+02   0.319235E+01  -0.270431E+01   0.369779E+05   0.891588E+01
  2528   0.642054E+02   0.319783E+01  -0.274526E+01   0.369437E+05   0.888040E+01
  2529   0.640298E+02   0.320304E+01  -0.278652E+01   0.369096E+05   0.884386E+01
  2530   0.638577E+02   0.320798E+01  -0.282810E+01   0.368755E+05   0.880649E+01
  2531   0.636892E+02   0.321266E+01  -0.286997E+01   0.368414E+05   0.876850E+01
  2532   0.635242E+02   0.321706E+01  -0.291209E+01   0.368074E+05   0.873012E+01
  2533   0.633627E+02   0.322117E+01  -0.295445E+01   0.367734E+05   0.869156E+01
  2534   0.632049E+02   0.322502E+01  -0.299703E+01   0.367394E+05   0.865305E+01
  2535   0.630504E+02   0.322857E+01  -0.303981E+01   0.367055E+05   0.861480E+01
  2536   0.628994E+02   0.323184E+01  -0.308275E+01   0.366716E+05   0.857704E+01
  2537   0.627520E+02   0.323482E+01  -0.312586E+01   0.366378E+05   0.853999E+01
  2538   0.626079E+02   0.323751E+01  -0.316909E+01   0.366040E+05   0.850386E+01
  2539   0.624674E+02   0.323991E+01  -0.321243E+01   0.365703E+05   0.846887E+01
  2540   0.623302E+02   0.324200E+01  -0.325586E+01   0.365366E+05   0.843526E+01
  2541   0.621965E+02   0.324382E+01  -0.329935E+01   0.365029E+05   0.840323E+01
  2542   0.620662E+02   0.324533E+01  -0.334288E+01   0.364693E+05   0.837301E+01
  2543   0.619393E+02   0.324655E+01  -0.338643E+01   0.364357E+05   0.834481E+01
  2544   0.618157E+02   0.324747E+01  -0.342997E+01   0.364021E+05   0.831886E+01
  2545   0.616955E+02   0.324811E+01  -0.347349E+01   0.363686E+05   0.829539E+01
  2546   0.615787E+02   0.324844E+01  -0.351696E+01   0.363351E+05   0.827459E+01
  2547   0.614651E+02   0.324847E+01  -0.356036E+01   0.363017E+05   0.825671E+01
  2548   0.613547E+02   0.324821E+01  -0.360367E+01   0.362683E+05   0.824196E+01
  2549   0.612476E+02   0.324764E+01  -0.364686E+01   0.362350E+05   0.823055E+01
  2550   0.611437E+02   0.324678E+01  -0.368992E+01   0.362017E+05   0.822272E+01
  2551   0.610430E+02   0.324561E+01  -0.373282E+01   0.361684E+05   0.821859E+01
  2552   0.609455E+02   0.324414E+01  -0.377554E+01   0.361351E+05   0.821794E+01
  2553   0.608510E+02   0.324236E+01  -0.381807E+01   0.361019E+05   0.822047E+01
  2554   0.607596E+02   0.324028E+01  -0.386038E+01   0.360688E+05   0.822587E+01
  2555   0.606713E+02   0.323790E+01  -0.390246E+01   0.360357E+05   0.823384E+01
  2556   0.605859E+02   0.323522E+01  -0.394429E+01   0.360026E+05   0.824407E+01
  2557   0.605036E+02   0.323223E+01  -0.398585E+01   0.359696E+05   0.825626E+01
  2558   0.604242E+02   0.322894E+01  -0.402712E+01   0.359366E+05   0.827010E+01
  2559   0.603478E+02   0.322535E+01  -0.406810E+01   0.359036E+05   0.828528E+01
  2560   0.602743E+02   0.322146E+01  -0.410875E+01   0.358707E+05   0.830151E+01
  2561   0.602036E+02   0.321727E+01  -0.414905E+01   0.358378E+05   0.831847E+01
  2562   0.601358E+02   0.321278E+01  -0.418901E+01   0.358049E+05   0.833586E+01
  2563   0.600706E+02   0.320800E+01  -0.422859E+01   0.357721E+05   0.835337E+01
  2564   0.600083E+02   0.320291E+01  -0.426778E+01   0.357394E+05   0.837070E+01
  2565   0.599485E+02   0.319752E+01  -0.430656E+01   0.357066E+05   0.838754E+01
  2566   0.598914E+02   0.319184E+01  -0.434492E+01   0.356739E+05   0.840359E+01
  2567   0.598370E+02   0.318586E+01  -0.438283E+01   0.356413E+05   0.841855E+01
  2568   0.597851E+02   0.317960E+01  -0.442029E+01   0.356086E+05   0.843210E+01
  2569   0.597357E+02   0.317304E+01  -0.445728E+01   0.355761E+05   0.844394E+01
  2570   0.596887E+02   0.316619E+01  -0.449378E+01   0.355435E+05   0.845376E+01
  2571   0.596443E+02   0.315907E+01  -0.452978E+01   0.355110E+05   0.846127E+01
  2572   0.596022E+02   0.315166E+01  -0.456527E+01   0.354785E+05   0.846615E+01
  2573   0.595624E+02   0.314398E+01  -0.460022E+01   0.354461E+05   0.846810E+01
  2574   0.595250E+02   0.313603E+01  -0.463463E+01   0.354137E+05   0.846681E+01
  2575   0.594898E+02   0.312779E+01  -0.466848E+01   0.353813E+05   0.846198E+01
  2576   0.594568E+02   0.311930E+01  -0.470176E+01   0.353490E+05   0.845330E+01
  2577   0.594259E+02   0.311054E+01  -0.473445E+01   0.353167E+05   0.844047E+01
  2578   0.593971E+02   0.310151E+01  -0.476653E+01   0.352845E+05   0.842318E+01
  2579   0.593704E+02   0.309222E+01  -0.479800E+01   0.352522E+05   0.840113E+01
  2580   0.593456E+02   0.308268E+01  -0.482885E+01   0.352201E+05   0.837401E+01
  2581   0.593227E+02   0.307287E+01  -0.485905E+01   0.351879E+05   0.834151E+01
  2582   0.593017E+02   0.306282E+01  -0.488860E+01   0.351558E+05   0.830333E+01
  2583   0.592825E+02   0.305252E+01  -0.491747E+01   0.351237E+05   0.825917E+01
  2584   0.592651E+02   0.304198E+01  -0.494568E+01   0.350917E+05   0.820872E+01
  2585   0.592494E+02   0.303119E+01  -0.497319E+01   0.350597E+05   0.815167E+01
  2586   0.592353E+02   0.302018E+01  -0.500001E+01   0.350277E+05   0.808771E+01
  2587   0.592227E+02   0.300893E+01  -0.502611E+01   0.349958E+05   0.801655E+01
  2588   0.592118E+02   0.299744E+01  -0.505149E+01   0.349639E+05   0.793788E+01
  2589   0.592023E+02   0.298574E+01  -0.507613E+01   0.349321E+05   0.785138E+01
  2590   0.591942E+02   0.297381E+01  -0.510004E+01   0.349002E+05   0.775677E+01
  2591   0.591875E+02   0.296167E+01  -0.512318E+01   0.348684E+05   0.765372E+01
  2592   0.591820E+02   0.294932E+01  -0.514556E+01   0.348367E+05   0.754194E+01
  2593   0.591777E+02   0.293674E+01  -0.516716E+01   0.348050E+05   0.742112E+01
  2594   0.591747E+02   0.292397E+01  -0.518798E+01   0.347733E+05   0.729095E+01
  2595   0.591727E+02   0.291100E+01  -0.520801E+01   0.347416E+05   0.715113E+01
  2596   0.591717E+02   0.289783E+01  -0.522723E+01   0.347100E+05   0.700135E+01
  2597   0.591717E+02   0.288447E+01  -0.524565E+01   0.346784E+05   0.684131E+01
  2598   0.591726E+02   0.287092E+01  -0.526326E+01   0.346469E+05   0.667071E+01
  2599   0.591744E+02   0.285719E+01  -0.528004E+01   0.346154E+05   0.648922E+01
  2600   0.591770E+02   0.284329E+01  -0.529599E+01   0.345839E+05   0.629656E+01
  2601   0.591804E+02   0.282922E+01  -0.531111E+01   0.345524E+05   0.609257E+01
  2602   0.591844E+02   0.281498E+01  -0.532538E+01   0.345210E+05   0.587770E+01
  2603   0.591891E+02   0.280059E+01  -0.533882E+01   0.344896E+05   0.565256E+01
  2604   0.591943E+02   0.278603E+01  -0.535141E+01   0.344583E+05   0.541774E+01
  2605   0.592001E+02   0.277132E+01  -0.536314E+01   0.344270E+05   0.517387E+01
  2606   0.592063E+02   0.275646E+01  -0.537403E+01   0.343957E+05   0.492153E+01
  2607   0.592129E+02   0.274146E+01  -0.538405E+01   0.343645E+05   0.466135E+01
  2608   0.592199E+02   0.272632E+01  -0.539320E+01   0.343332E+05   0.439392E+01
  2609   0.592272E+02   0.271104E+01  -0.540149E+01   0.343021E+05   0.411984E+01
  2610   0.592348E+02   0.269562E+01  -0.540892E+01   0.342709E+05   0.383973E+01
  2611   0.592425E+02   0.268009E+01  -0.541548E+01   0.342398E+05   0.355419E+01
  2612   0.592504E+02   0.266443E+01  -0.542117E+01   0.342088E+05   0.326383E+01
  2613   0.592584E+02   0.264864E+01  -0.542600E+01   0.341777E+05   0.296924E+01
  2614   0.592664E+02   0.263276E+01  -0.542995E+01   0.341467E+05   0.267104E+01
  2615   0.592744E+02   0.261676E+01  -0.543304E+01   0.341158E+05   0.236983E+01
  2616   0.592824E+02   0.260066E+01  -0.543526E+01   0.340849E+05   0.206622E+01
  2617   0.592902E+02   0.258446E+01  -0.543662E+01   0.340540E+05   0.176081E+01
  2618   0.592979E+02   0.256818E+01  -0.543711E+01   0.340231E+05   0.145421E+01
  2619   0.593053E+02   0.255179E+01  -0.543674E+01   0.339923E+05   0.114702E+01
  2620   0.593126E+02   0.253534E+01  -0.543551E+01   0.339615E+05   0.839843E+00
  2621   0.593194E+02   0.251881E+01  -0.543342E+01   0.339308E+05   0.533294E+00
  2622   0.593260E+02   0.250220E+01  -0.543048E+01   0.339001E+05   0.227972E+00
  2623   0.593320E+02   0.248553E+01  -0.542669E+01   0.338694E+05  -0.755147E-01
  2624   0.593377E+02   0.246880E+01  -0.542205E+01   0.338388E+05  -0.376562E+00
  2625   0.593428E+02   0.245201E+01  -0.541658E+01   0.338082E+05  -0.674565E+00
  2626   0.593474E+02   0.243517E+01  -0.541024E+01   0.337777E+05  -0.968918E+00
  2627   0.593514E+02   0.241828E+01  -0.540308E+01   0.337471E+05  -0.125902E+01
  2628   0.593546E+02   0.240136E+01  -0.539508E+01   0.337167E+05  -0.154425E+01
  2629   0.593572E+02   0.238440E+01  -0.538626E+01   0.336862E+05  -0.182402E+01
  2630   0.593588E+02   0.236741E+01  -0.537660E+01   0.336558E+05  -0.209772E+01
  2631   0.593598E+02   0.235038E+01  -0.536614E+01   0.336255E+05  -0.236474E+01
  2632   0.593599E+02   0.233335E+01  -0.535486E+01   0.335951E+05  -0.262448E+01
  2633   0.593591E+02   0.231630E+01  -0.534280E+01   0.335649E+05  -0.287633E+01
  2634   0.593572E+02   0.229924E+01  -0.532993E+01   0.335346E+05  -0.311969E+01
  2635   0.593545E+02   0.228219E+01  -0.531628E+01   0.335044E+05  -0.335395E+01
  2636   0.593508E+02   0.226514E+01  -0.530186E+01   0.334742E+05  -0.357850E+01
  2637   0.593460E+02   0.224811E+01  -0.528668E+01   0.334441E+05  -0.379275E+01
  2638   0.593401E+02   0.223108E+01  -0.527073E+01   0.334140E+05  -0.399608E+01
  2639   0.593330E+02   0.221408E+01  -0.525404E+01   0.333840E+05  -0.418789E+01
  2640   0.593247E+02   0.219711E+01  -0.523660E+01   0.333540E+05  -0.436758E+01
  2641   0.593153E+02   0.218016E+01  -0.521842E+01   0.333240E+05  -0.453453E+01
  2642   0.593045E+02   0.216325E+01  -0.519952E+01   0.332941E+05  -0.468815E+01
  2643   0.592924E+02   0.214638E+01  -0.517989E+01   0.332642E+05  -0.482782E+01
  2644   0.592789E+02   0.212955E+01  -0.515956E+01   0.332343E+05  -0.495295E+01
  2645   0.592639E+02   0.211278E+01  -0.513853E+01   0.332045E+05  -0.506293E+01
  2646   0.592476E+02   0.209605E+01  -0.511681E+01   0.331747E+05  -0.515715E+01
  2647   0.592298E+02   0.207940E+01  -0.509441E+01   0.331450E+05  -0.523501E+01
  2648   0.592103E+02   0.206280E+01  -0.507134E+01   0.331153E+05  -0.529589E+01
  2649   0.591894E+02   0.204628E+01  -0.504762E+01   0.330857E+05  -0.533921E+01
  2650   0.591669E+02   0.202984E+01  -0.502326E+01   0.330561E+05  -0.536434E+01
  2651   0.591428E+02   0.201347E+01  -0.499826E+01   0.330265E+05  -0.537085E+01
  2652   0.591169E+02   0.199719E+01  -0.497263E+01   0.329970E+05  -0.535896E+01
  2653   0.590894E+02   0.198100E+01  -0.494638E+01   0.329675E+05  -0.532903E+01
  2654   0.590600E+02   0.196490E+01  -0.491951E+01   0.329381E+05  -0.528144E+01
  2655   0.590290E+02   0.194889E+01  -0.489203E+01   0.329087E+05  -0.521657E+01
  2656   0.589961E+02   0.193298E+01  -0.486394E+01   0.328793E+05  -0.513480E+01
  2657   0.589613E+02   0.191718E+01  -0.483526E+01   0.328500E+05  -0.503649E+01
  2658   0.589246E+02   0.190148E+01  -0.480598E+01   0.328207E+05  -0.492203E+01
  2659   0.588861E+02   0.188589E+01  -0.477613E+01   0.327914E+05  -0.479179E+01
  2660   0.588456E+02   0.187041E+01  -0.474569E+01   0.327622E+05  -0.464614E+01
  2661   0.588032E+02   0.185505E+01  -0.471470E+01   0.327330E+05  -0.448547E+01
  2662   0.587589E+02   0.183981E+01  -0.468315E+01   0.327039E+05  -0.431015E+01
  2663   0.587126E+02   0.182470E+01  -0.465106E+01   0.326747E+05  -0.412055E+01
  2664   0.586644E+02   0.180971E+01  -0.461843E+01   0.326456E+05  -0.391705E+01
  2665   0.586141E+02   0.179485E+01  -0.458529E+01   0.326166E+05  -0.370002E+01
  2666   0.585617E+02   0.178013E+01  -0.455161E+01   0.325875E+05  -0.346985E+01
  2667   0.585074E+02   0.176554E+01  -0.451744E+01   0.325585E+05  -0.322690E+01
  2668   0.584510E+02   0.175110E+01  -0.448276E+01   0.325295E+05  -0.297155E+01
  2669   0.583925E+02   0.173680E+01  -0.444761E+01   0.325006E+05  -0.270419E+01
  2670   0.583319E+02   0.172264E+01  -0.441196E+01   0.324716E+05  -0.242517E+01
  2671   0.582692E+02   0.170863E+01  -0.437584E+01   0.324427E+05  -0.213488E+01
  2672   0.582044E+02   0.169477E+01  -0.433927E+01   0.324139E+05  -0.183370E+01
  2673   0.581375E+02   0.168107E+01  -0.430224E+01   0.323850E+05  -0.152200E+01
  2674   0.580683E+02   0.166752E+01  -0.426478E+01   0.323562E+05  -0.120016E+01
  2675   0.579970E+02   0.165413E+01  -0.422689E+01   0.323274E+05  -0.868546E+00
  2676   0.579236E+02   0.164089E+01  -0.418858E+01   0.322986E+05  -0.527541E+00
  2677   0.578479E+02   0.162783E+01  -0.414987E+01   0.322698E+05  -0.177520E+00
  2678   0.577701E+02   0.161493E+01  -0.411076E+01   0.322410E+05   0.181143E+00
  2679   0.576902E+02   0.160220E+01  -0.407128E+01   0.322123E+05   0.548070E+00
  2680   0.576079E+02   0.158964E+01  -0.403142E+01   0.321836E+05   0.922888E+00
  2681   0.575236E+02   0.157725E+01  -0.399120E+01   0.321549E+05   0.130522E+01
  2682   0.574370E+02   0.156505E+01  -0.395063E+01   0.321262E+05   0.169469E+01
  2683   0.573481E+02   0.155301E+01  -0.390973E+01   0.320975E+05   0.209092E+01
  2684   0.572571E+02   0.154115E+01  -0.386850E+01   0.320689E+05   0.249354E+01
  2685   0.571638E+02   0.152948E+01  -0.382695E+01   0.320402E+05   0.290217E+01
  2686   0.570683E+02   0.151799E+01  -0.378510E+01   0.320116E+05   0.331643E+01
  2687   0.569706E+02   0.150668E+01  -0.374297E+01   0.319830E+05   0.373596E+01
  2688   0.568706E+02   0.149555E+01  -0.370055E+01   0.319544E+05   0.416037E+01
  2689   0.567685E+02   0.148462E+01  -0.365787E+01   0.319258E+05   0.458929E+01
  2690   0.566641E+02   0.147388E+01  -0.361494E+01   0.318972E+05   0.502234E+01
  2691   0.565576E+02   0.146333E+01  -0.357177E+01   0.318686E+05   0.545914E+01
  2692   0.564489E+02   0.145297E+01  -0.352837E+01   0.318400E+05   0.589933E+01
  2693   0.563380E+02   0.144280E+01  -0.348476E+01   0.318115E+05   0.634252E+01
  2694   0.562250E+02   0.143283E+01  -0.344096E+01   0.317829E+05   0.678835E+01
  2695   0.561097E+02   0.142305E+01  -0.339696E+01   0.317544E+05   0.723643E+01
  2696   0.559923E+02   0.141348E+01  -0.335278E+01   0.317258E+05   0.768638E+01
  2697   0.558728E+02   0.140410E+01  -0.330843E+01   0.316973E+05   0.813784E+01
  2698   0.557512E+02   0.139492E+01  -0.326393E+01   0.316687E+05   0.859043E+01
  2699   0.556274E+02   0.138594E+01  -0.321929E+01   0.316402E+05   0.904376E+01
  2700   0.555014E+02   0.137715E+01  -0.317451E+01   0.316116E+05   0.949748E+01
