#    L    TT             EE             BB             TE             PP             TP             EP          
     2   0.923982E+03   0.321802E-01   0.000000E+00   0.266591E+01   0.524216E-07   0.258648E-02  -0.126419E-04
     3   0.897205E+03   0.405748E-01   0.000000E+00   0.298675E+01   0.635963E-07   0.257743E-02  -0.133797E-04
     4   0.862619E+03   0.343972E-01   0.000000E+00   0.277995E+01   0.730902E-07   0.250747E-02  -0.111162E-04
     5   0.835436E+03   0.224096E-01   0.000000E+00   0.234318E+01   0.812951E-07   0.241574E-02  -0.735500E-05
     6   0.817130E+03   0.122923E-01   0.000000E+00   0.186629E+01   0.884291E-07   0.231947E-02  -0.334321E-05
     7   0.806357E+03   0.664289E-02   0.000000E+00   0.145188E+01   0.946883E-07   0.222701E-02  -0.768267E-08
     8   0.800961E+03   0.436856E-02   0.000000E+00   0.114167E+01   0.100210E-06   0.213783E-02   0.209382E-05
     9   0.799996E+03   0.352157E-02   0.000000E+00   0.938308E+00   0.105109E-06   0.205008E-02   0.281236E-05
    10   0.802256E+03   0.296340E-02   0.000000E+00   0.829834E+00   0.109459E-06   0.196549E-02   0.240490E-05
    11   0.806483E+03   0.247538E-02   0.000000E+00   0.795138E+00   0.113357E-06   0.188821E-02   0.137673E-05
    12   0.813593E+03   0.218410E-02   0.000000E+00   0.813137E+00   0.116808E-06   0.181756E-02   0.217156E-06
    13   0.821771E+03   0.212562E-02   0.000000E+00   0.859156E+00   0.119918E-06   0.175599E-02  -0.756375E-06
    14   0.830895E+03   0.221697E-02   0.000000E+00   0.912988E+00   0.122676E-06   0.169622E-02  -0.137630E-05
    15   0.839955E+03   0.238857E-02   0.000000E+00   0.968669E+00   0.125159E-06   0.163859E-02  -0.154808E-05
    16   0.850761E+03   0.264522E-02   0.000000E+00   0.102819E+01   0.127370E-06   0.158072E-02  -0.125136E-05
    17   0.863198E+03   0.303116E-02   0.000000E+00   0.109004E+01   0.129338E-06   0.152448E-02  -0.699481E-06
    18   0.876154E+03   0.358461E-02   0.000000E+00   0.115400E+01   0.131099E-06   0.147247E-02  -0.151213E-06
    19   0.890393E+03   0.430158E-02   0.000000E+00   0.122346E+01   0.132663E-06   0.142445E-02   0.169046E-06
    20   0.904307E+03   0.515369E-02   0.000000E+00   0.129324E+01   0.134038E-06   0.137955E-02   0.120701E-06
    21   0.918609E+03   0.613758E-02   0.000000E+00   0.136723E+01   0.135247E-06   0.133711E-02  -0.143438E-06
    22   0.933347E+03   0.726782E-02   0.000000E+00   0.144490E+01   0.136311E-06   0.129662E-02  -0.427552E-06
    23   0.948138E+03   0.853333E-02   0.000000E+00   0.152272E+01   0.137241E-06   0.125796E-02  -0.646783E-06
    24   0.963303E+03   0.992803E-02   0.000000E+00   0.159672E+01   0.138042E-06   0.122109E-02  -0.763027E-06
    25   0.978981E+03   0.114606E-01   0.000000E+00   0.165981E+01   0.138726E-06   0.118596E-02  -0.813613E-06
    26   0.994684E+03   0.131484E-01   0.000000E+00   0.171652E+01   0.139306E-06   0.115249E-02  -0.835329E-06
    27   0.101083E+04   0.150038E-01   0.000000E+00   0.176789E+01   0.139790E-06   0.112037E-02  -0.789415E-06
    28   0.102725E+04   0.170211E-01   0.000000E+00   0.180928E+01   0.140186E-06   0.108939E-02  -0.639453E-06
    29   0.104387E+04   0.192253E-01   0.000000E+00   0.184593E+01   0.140493E-06   0.105978E-02  -0.432401E-06
    30   0.106089E+04   0.216432E-01   0.000000E+00   0.187131E+01   0.140713E-06   0.103181E-02  -0.241095E-06
    31   0.107769E+04   0.242708E-01   0.000000E+00   0.189613E+01   0.140857E-06   0.100529E-02  -0.159853E-06
    32   0.109509E+04   0.271236E-01   0.000000E+00   0.191510E+01   0.140937E-06   0.979938E-03  -0.256109E-06
    33   0.111255E+04   0.301611E-01   0.000000E+00   0.192628E+01   0.140957E-06   0.955594E-03  -0.469832E-06
    34   0.113007E+04   0.334081E-01   0.000000E+00   0.193029E+01   0.140920E-06   0.932106E-03  -0.705480E-06
    35   0.114823E+04   0.368704E-01   0.000000E+00   0.191785E+01   0.140829E-06   0.909294E-03  -0.851384E-06
    36   0.116611E+04   0.405763E-01   0.000000E+00   0.189916E+01   0.140690E-06   0.887092E-03  -0.823636E-06
    37   0.118425E+04   0.445551E-01   0.000000E+00   0.186861E+01   0.140504E-06   0.865889E-03  -0.664090E-06
    38   0.120277E+04   0.487984E-01   0.000000E+00   0.182845E+01   0.140277E-06   0.846043E-03  -0.444609E-06
    39   0.122155E+04   0.532948E-01   0.000000E+00   0.177886E+01   0.140009E-06   0.827330E-03  -0.232401E-06
    40   0.124052E+04   0.580348E-01   0.000000E+00   0.171848E+01   0.139704E-06   0.809382E-03  -0.933266E-07
    41   0.125959E+04   0.630133E-01   0.000000E+00   0.164638E+01   0.139362E-06   0.791900E-03  -0.745282E-07
    42   0.127876E+04   0.682429E-01   0.000000E+00   0.156332E+01   0.138988E-06   0.774839E-03  -0.149110E-06
    43   0.129804E+04   0.737407E-01   0.000000E+00   0.147007E+01   0.138582E-06   0.758218E-03  -0.271834E-06
    44   0.131750E+04   0.795213E-01   0.000000E+00   0.136582E+01   0.138147E-06   0.742059E-03  -0.397624E-06
    45   0.133719E+04   0.855967E-01   0.000000E+00   0.124944E+01   0.137687E-06   0.726383E-03  -0.481543E-06
    46   0.135709E+04   0.919743E-01   0.000000E+00   0.112032E+01   0.137202E-06   0.711204E-03  -0.492209E-06
    47   0.137718E+04   0.986545E-01   0.000000E+00   0.978044E+00   0.136696E-06   0.696507E-03  -0.451977E-06
    48   0.139743E+04   0.105629E+00   0.000000E+00   0.822255E+00   0.136169E-06   0.682270E-03  -0.396541E-06
    49   0.141783E+04   0.112889E+00   0.000000E+00   0.652653E+00   0.135623E-06   0.668473E-03  -0.361495E-06
    50   0.143843E+04   0.120438E+00   0.000000E+00   0.469081E+00   0.135060E-06   0.655095E-03  -0.382346E-06
    51   0.145929E+04   0.128277E+00   0.000000E+00   0.271635E+00   0.134481E-06   0.642121E-03  -0.482079E-06
    52   0.148035E+04   0.136412E+00   0.000000E+00   0.612280E-01   0.133888E-06   0.629565E-03  -0.633879E-06
    53   0.150155E+04   0.144845E+00   0.000000E+00  -0.161236E+00   0.133282E-06   0.617445E-03  -0.798568E-06
    54   0.152287E+04   0.153576E+00   0.000000E+00  -0.395709E+00   0.132662E-06   0.605780E-03  -0.937054E-06
    55   0.154430E+04   0.162609E+00   0.000000E+00  -0.642517E+00   0.132032E-06   0.594590E-03  -0.101032E-05
    56   0.156595E+04   0.171941E+00   0.000000E+00  -0.902607E+00   0.131390E-06   0.583881E-03  -0.991099E-06
    57   0.158792E+04   0.181568E+00   0.000000E+00  -0.117687E+01   0.130739E-06   0.573605E-03  -0.898794E-06
    58   0.161017E+04   0.191490E+00   0.000000E+00  -0.146549E+01   0.130079E-06   0.563700E-03  -0.764431E-06
    59   0.163262E+04   0.201706E+00   0.000000E+00  -0.176837E+01   0.129409E-06   0.554105E-03  -0.618977E-06
    60   0.165524E+04   0.212207E+00   0.000000E+00  -0.208501E+01   0.128731E-06   0.544757E-03  -0.493340E-06
    61   0.167804E+04   0.222988E+00   0.000000E+00  -0.241491E+01   0.128046E-06   0.535606E-03  -0.412753E-06
    62   0.170103E+04   0.234043E+00   0.000000E+00  -0.275803E+01   0.127354E-06   0.526632E-03  -0.379911E-06
    63   0.172423E+04   0.245371E+00   0.000000E+00  -0.311445E+01   0.126656E-06   0.517826E-03  -0.391885E-06
    64   0.174764E+04   0.256969E+00   0.000000E+00  -0.348426E+01   0.125953E-06   0.509177E-03  -0.445754E-06
    65   0.177129E+04   0.268836E+00   0.000000E+00  -0.386758E+01   0.125247E-06   0.500676E-03  -0.538605E-06
    66   0.179522E+04   0.280965E+00   0.000000E+00  -0.426459E+01   0.124537E-06   0.492320E-03  -0.664790E-06
    67   0.181941E+04   0.293348E+00   0.000000E+00  -0.467479E+01   0.123826E-06   0.484142E-03  -0.807704E-06
    68   0.184381E+04   0.305976E+00   0.000000E+00  -0.509749E+01   0.123112E-06   0.476179E-03  -0.948027E-06
    69   0.186839E+04   0.318841E+00   0.000000E+00  -0.553204E+01   0.122397E-06   0.468470E-03  -0.106646E-05
    70   0.189311E+04   0.331936E+00   0.000000E+00  -0.597799E+01   0.121682E-06   0.461056E-03  -0.114374E-05
    71   0.191796E+04   0.345257E+00   0.000000E+00  -0.643518E+01   0.120965E-06   0.453961E-03  -0.116604E-05
    72   0.194303E+04   0.358798E+00   0.000000E+00  -0.690451E+01   0.120248E-06   0.447161E-03  -0.114128E-05
    73   0.196846E+04   0.372555E+00   0.000000E+00  -0.738690E+01   0.119531E-06   0.440621E-03  -0.108279E-05
    74   0.199424E+04   0.386517E+00   0.000000E+00  -0.788224E+01   0.118813E-06   0.434304E-03  -0.100389E-05
    75   0.202038E+04   0.400670E+00   0.000000E+00  -0.839005E+01   0.118094E-06   0.428173E-03  -0.917881E-06
    76   0.204683E+04   0.415001E+00   0.000000E+00  -0.890977E+01   0.117375E-06   0.422194E-03  -0.836607E-06
    77   0.207348E+04   0.429499E+00   0.000000E+00  -0.943994E+01   0.116656E-06   0.416347E-03  -0.766152E-06
    78   0.210030E+04   0.444152E+00   0.000000E+00  -0.998008E+01   0.115938E-06   0.410614E-03  -0.711154E-06
    79   0.212734E+04   0.458948E+00   0.000000E+00  -0.105300E+02   0.115220E-06   0.404974E-03  -0.676247E-06
    80   0.215462E+04   0.473875E+00   0.000000E+00  -0.110897E+02   0.114503E-06   0.399411E-03  -0.666061E-06
    81   0.218216E+04   0.488922E+00   0.000000E+00  -0.116589E+02   0.113788E-06   0.393910E-03  -0.683274E-06
    82   0.220997E+04   0.504078E+00   0.000000E+00  -0.122372E+02   0.113075E-06   0.388481E-03  -0.722764E-06
    83   0.223804E+04   0.519332E+00   0.000000E+00  -0.128243E+02   0.112363E-06   0.383137E-03  -0.777465E-06
    84   0.226636E+04   0.534672E+00   0.000000E+00  -0.134196E+02   0.111654E-06   0.377891E-03  -0.840318E-06
    85   0.229491E+04   0.550086E+00   0.000000E+00  -0.140228E+02   0.110948E-06   0.372756E-03  -0.904271E-06
    86   0.232371E+04   0.565564E+00   0.000000E+00  -0.146334E+02   0.110244E-06   0.367745E-03  -0.963390E-06
    87   0.235271E+04   0.581093E+00   0.000000E+00  -0.152510E+02   0.109543E-06   0.362856E-03  -0.101619E-05
    88   0.238190E+04   0.596659E+00   0.000000E+00  -0.158748E+02   0.108846E-06   0.358089E-03  -0.106231E-05
    89   0.241129E+04   0.612250E+00   0.000000E+00  -0.165047E+02   0.108151E-06   0.353441E-03  -0.110137E-05
    90   0.244087E+04   0.627847E+00   0.000000E+00  -0.171401E+02   0.107460E-06   0.348912E-03  -0.113302E-05
    91   0.247066E+04   0.643438E+00   0.000000E+00  -0.177808E+02   0.106773E-06   0.344498E-03  -0.115703E-05
    92   0.250067E+04   0.659008E+00   0.000000E+00  -0.184263E+02   0.106088E-06   0.340195E-03  -0.117386E-05
    93   0.253089E+04   0.674541E+00   0.000000E+00  -0.190762E+02   0.105408E-06   0.336001E-03  -0.118411E-05
    94   0.256134E+04   0.690024E+00   0.000000E+00  -0.197303E+02   0.104731E-06   0.331910E-03  -0.118839E-05
    95   0.259201E+04   0.705443E+00   0.000000E+00  -0.203880E+02   0.104058E-06   0.327919E-03  -0.118731E-05
    96   0.262291E+04   0.720783E+00   0.000000E+00  -0.210488E+02   0.103388E-06   0.324023E-03  -0.118145E-05
    97   0.265404E+04   0.736030E+00   0.000000E+00  -0.217124E+02   0.102722E-06   0.320218E-03  -0.117144E-05
    98   0.268539E+04   0.751167E+00   0.000000E+00  -0.223783E+02   0.102060E-06   0.316502E-03  -0.115788E-05
    99   0.271696E+04   0.766180E+00   0.000000E+00  -0.230459E+02   0.101402E-06   0.312868E-03  -0.114136E-05
   100   0.274875E+04   0.781059E+00   0.000000E+00  -0.237147E+02   0.100748E-06   0.309314E-03  -0.112249E-05
   101   0.278076E+04   0.795787E+00   0.000000E+00  -0.243842E+02   0.100098E-06   0.305835E-03  -0.110187E-05
   102   0.281298E+04   0.810344E+00   0.000000E+00  -0.250541E+02   0.994512E-07   0.302427E-03  -0.108011E-05
   103   0.284541E+04   0.824727E+00   0.000000E+00  -0.257235E+02   0.988089E-07   0.299086E-03  -0.105780E-05
   104   0.287805E+04   0.838909E+00   0.000000E+00  -0.263921E+02   0.981706E-07   0.295809E-03  -0.103555E-05
   105   0.291087E+04   0.852881E+00   0.000000E+00  -0.270593E+02   0.975366E-07   0.292590E-03  -0.101396E-05
   106   0.294389E+04   0.866630E+00   0.000000E+00  -0.277244E+02   0.969067E-07   0.289427E-03  -0.993622E-06
   107   0.297709E+04   0.880146E+00   0.000000E+00  -0.283870E+02   0.962811E-07   0.286315E-03  -0.975144E-06
   108   0.301045E+04   0.893408E+00   0.000000E+00  -0.290464E+02   0.956597E-07   0.283250E-03  -0.959122E-06
   109   0.304399E+04   0.906409E+00   0.000000E+00  -0.297020E+02   0.950428E-07   0.280228E-03  -0.946159E-06
   110   0.307769E+04   0.919127E+00   0.000000E+00  -0.303532E+02   0.944303E-07   0.277246E-03  -0.936852E-06
   111   0.311154E+04   0.931553E+00   0.000000E+00  -0.309997E+02   0.938222E-07   0.274299E-03  -0.931645E-06
   112   0.314554E+04   0.943681E+00   0.000000E+00  -0.316406E+02   0.932186E-07   0.271388E-03  -0.930365E-06
   113   0.317968E+04   0.955488E+00   0.000000E+00  -0.322756E+02   0.926195E-07   0.268513E-03  -0.932681E-06
   114   0.321395E+04   0.966959E+00   0.000000E+00  -0.329038E+02   0.920248E-07   0.265674E-03  -0.938263E-06
   115   0.324836E+04   0.978094E+00   0.000000E+00  -0.335249E+02   0.914346E-07   0.262871E-03  -0.946782E-06
   116   0.328288E+04   0.988878E+00   0.000000E+00  -0.341383E+02   0.908488E-07   0.260106E-03  -0.957908E-06
   117   0.331753E+04   0.999289E+00   0.000000E+00  -0.347433E+02   0.902674E-07   0.257378E-03  -0.971313E-06
   118   0.335227E+04   0.100933E+01   0.000000E+00  -0.353394E+02   0.896904E-07   0.254689E-03  -0.986668E-06
   119   0.338711E+04   0.101898E+01   0.000000E+00  -0.359260E+02   0.891179E-07   0.252037E-03  -0.100364E-05
   120   0.342205E+04   0.102823E+01   0.000000E+00  -0.365026E+02   0.885497E-07   0.249424E-03  -0.102191E-05
   121   0.345707E+04   0.103707E+01   0.000000E+00  -0.370686E+02   0.879859E-07   0.246850E-03  -0.104114E-05
   122   0.349216E+04   0.104550E+01   0.000000E+00  -0.376234E+02   0.874265E-07   0.244316E-03  -0.106101E-05
   123   0.352731E+04   0.105350E+01   0.000000E+00  -0.381665E+02   0.868715E-07   0.241821E-03  -0.108119E-05
   124   0.356252E+04   0.106106E+01   0.000000E+00  -0.386972E+02   0.863209E-07   0.239367E-03  -0.110134E-05
   125   0.359778E+04   0.106818E+01   0.000000E+00  -0.392152E+02   0.857746E-07   0.236953E-03  -0.112115E-05
   126   0.363307E+04   0.107484E+01   0.000000E+00  -0.397197E+02   0.852327E-07   0.234581E-03  -0.114028E-05
   127   0.366839E+04   0.108104E+01   0.000000E+00  -0.402103E+02   0.846951E-07   0.232250E-03  -0.115841E-05
   128   0.370373E+04   0.108678E+01   0.000000E+00  -0.406865E+02   0.841619E-07   0.229960E-03  -0.117520E-05
   129   0.373909E+04   0.109205E+01   0.000000E+00  -0.411477E+02   0.836331E-07   0.227713E-03  -0.119034E-05
   130   0.377444E+04   0.109683E+01   0.000000E+00  -0.415934E+02   0.831086E-07   0.225509E-03  -0.120349E-05
   131   0.380979E+04   0.110112E+01   0.000000E+00  -0.420229E+02   0.825884E-07   0.223347E-03  -0.121440E-05
   132   0.384512E+04   0.110493E+01   0.000000E+00  -0.424359E+02   0.820725E-07   0.221227E-03  -0.122310E-05
   133   0.388043E+04   0.110824E+01   0.000000E+00  -0.428320E+02   0.815609E-07   0.219147E-03  -0.122969E-05
   134   0.391571E+04   0.111107E+01   0.000000E+00  -0.432104E+02   0.810535E-07   0.217106E-03  -0.123428E-05
   135   0.395094E+04   0.111339E+01   0.000000E+00  -0.435709E+02   0.805504E-07   0.215102E-03  -0.123696E-05
   136   0.398613E+04   0.111521E+01   0.000000E+00  -0.439129E+02   0.800514E-07   0.213134E-03  -0.123785E-05
   137   0.402127E+04   0.111654E+01   0.000000E+00  -0.442359E+02   0.795565E-07   0.211200E-03  -0.123704E-05
   138   0.405634E+04   0.111736E+01   0.000000E+00  -0.445396E+02   0.790658E-07   0.209300E-03  -0.123464E-05
   139   0.409133E+04   0.111769E+01   0.000000E+00  -0.448235E+02   0.785791E-07   0.207431E-03  -0.123075E-05
   140   0.412626E+04   0.111751E+01   0.000000E+00  -0.450872E+02   0.780965E-07   0.205593E-03  -0.122547E-05
   141   0.416109E+04   0.111685E+01   0.000000E+00  -0.453303E+02   0.776179E-07   0.203783E-03  -0.121890E-05
   142   0.419582E+04   0.111568E+01   0.000000E+00  -0.455523E+02   0.771433E-07   0.202000E-03  -0.121115E-05
   143   0.423045E+04   0.111403E+01   0.000000E+00  -0.457529E+02   0.766727E-07   0.200243E-03  -0.120233E-05
   144   0.426496E+04   0.111189E+01   0.000000E+00  -0.459316E+02   0.762059E-07   0.198511E-03  -0.119252E-05
   145   0.429935E+04   0.110926E+01   0.000000E+00  -0.460881E+02   0.757431E-07   0.196802E-03  -0.118184E-05
   146   0.433359E+04   0.110616E+01   0.000000E+00  -0.462220E+02   0.752841E-07   0.195115E-03  -0.117038E-05
   147   0.436768E+04   0.110259E+01   0.000000E+00  -0.463327E+02   0.748289E-07   0.193448E-03  -0.115826E-05
   148   0.440159E+04   0.109856E+01   0.000000E+00  -0.464200E+02   0.743776E-07   0.191799E-03  -0.114557E-05
   149   0.443532E+04   0.109407E+01   0.000000E+00  -0.464835E+02   0.739300E-07   0.190168E-03  -0.113241E-05
   150   0.446885E+04   0.108912E+01   0.000000E+00  -0.465226E+02   0.734862E-07   0.188554E-03  -0.111889E-05
   151   0.450216E+04   0.108374E+01   0.000000E+00  -0.465372E+02   0.730460E-07   0.186953E-03  -0.110509E-05
   152   0.453525E+04   0.107793E+01   0.000000E+00  -0.465268E+02   0.726096E-07   0.185368E-03  -0.109105E-05
   153   0.456812E+04   0.107169E+01   0.000000E+00  -0.464913E+02   0.721768E-07   0.183797E-03  -0.107677E-05
   154   0.460075E+04   0.106506E+01   0.000000E+00  -0.464304E+02   0.717476E-07   0.182240E-03  -0.106228E-05
   155   0.463314E+04   0.105803E+01   0.000000E+00  -0.463439E+02   0.713221E-07   0.180698E-03  -0.104759E-05
   156   0.466530E+04   0.105061E+01   0.000000E+00  -0.462315E+02   0.709001E-07   0.179171E-03  -0.103272E-05
   157   0.469720E+04   0.104283E+01   0.000000E+00  -0.460929E+02   0.704817E-07   0.177658E-03  -0.101767E-05
   158   0.472886E+04   0.103469E+01   0.000000E+00  -0.459280E+02   0.700668E-07   0.176160E-03  -0.100247E-05
   159   0.476026E+04   0.102621E+01   0.000000E+00  -0.457365E+02   0.696554E-07   0.174676E-03  -0.987126E-06
   160   0.479138E+04   0.101741E+01   0.000000E+00  -0.455183E+02   0.692475E-07   0.173206E-03  -0.971659E-06
   161   0.482221E+04   0.100831E+01   0.000000E+00  -0.452731E+02   0.688430E-07   0.171751E-03  -0.956081E-06
   162   0.485273E+04   0.998909E+00   0.000000E+00  -0.450008E+02   0.684419E-07   0.170311E-03  -0.940409E-06
   163   0.488295E+04   0.989252E+00   0.000000E+00  -0.447010E+02   0.680443E-07   0.168884E-03  -0.924657E-06
   164   0.491283E+04   0.979336E+00   0.000000E+00  -0.443738E+02   0.676500E-07   0.167473E-03  -0.908839E-06
   165   0.494237E+04   0.969184E+00   0.000000E+00  -0.440189E+02   0.672591E-07   0.166076E-03  -0.892973E-06
   166   0.497157E+04   0.958819E+00   0.000000E+00  -0.436361E+02   0.668715E-07   0.164693E-03  -0.877071E-06
   167   0.500041E+04   0.948266E+00   0.000000E+00  -0.432253E+02   0.664871E-07   0.163324E-03  -0.861150E-06
   168   0.502889E+04   0.937545E+00   0.000000E+00  -0.427867E+02   0.661061E-07   0.161970E-03  -0.845225E-06
   169   0.505699E+04   0.926682E+00   0.000000E+00  -0.423201E+02   0.657283E-07   0.160631E-03  -0.829310E-06
   170   0.508471E+04   0.915691E+00   0.000000E+00  -0.418253E+02   0.653537E-07   0.159305E-03  -0.813421E-06
   171   0.511203E+04   0.904604E+00   0.000000E+00  -0.413024E+02   0.649824E-07   0.157995E-03  -0.797572E-06
   172   0.513897E+04   0.893442E+00   0.000000E+00  -0.407512E+02   0.646142E-07   0.156698E-03  -0.781780E-06
   173   0.516548E+04   0.882230E+00   0.000000E+00  -0.401719E+02   0.642491E-07   0.155416E-03  -0.766058E-06
   174   0.519158E+04   0.870991E+00   0.000000E+00  -0.395643E+02   0.638872E-07   0.154148E-03  -0.750422E-06
   175   0.521726E+04   0.859762E+00   0.000000E+00  -0.389286E+02   0.635283E-07   0.152895E-03  -0.734887E-06
   176   0.524250E+04   0.848560E+00   0.000000E+00  -0.382648E+02   0.631726E-07   0.151656E-03  -0.719465E-06
   177   0.526730E+04   0.837423E+00   0.000000E+00  -0.375728E+02   0.628198E-07   0.150430E-03  -0.704153E-06
   178   0.529163E+04   0.826374E+00   0.000000E+00  -0.368528E+02   0.624701E-07   0.149219E-03  -0.688946E-06
   179   0.531551E+04   0.815437E+00   0.000000E+00  -0.361048E+02   0.621234E-07   0.148021E-03  -0.673839E-06
   180   0.533892E+04   0.804651E+00   0.000000E+00  -0.353289E+02   0.617796E-07   0.146836E-03  -0.658826E-06
   181   0.536186E+04   0.794045E+00   0.000000E+00  -0.345254E+02   0.614388E-07   0.145664E-03  -0.643901E-06
   182   0.538431E+04   0.783653E+00   0.000000E+00  -0.336942E+02   0.611008E-07   0.144504E-03  -0.629059E-06
   183   0.540627E+04   0.773496E+00   0.000000E+00  -0.328357E+02   0.607657E-07   0.143356E-03  -0.614295E-06
   184   0.542774E+04   0.763614E+00   0.000000E+00  -0.319499E+02   0.604335E-07   0.142220E-03  -0.599602E-06
   185   0.544870E+04   0.754045E+00   0.000000E+00  -0.310370E+02   0.601040E-07   0.141095E-03  -0.584977E-06
   186   0.546915E+04   0.744812E+00   0.000000E+00  -0.300972E+02   0.597774E-07   0.139982E-03  -0.570412E-06
   187   0.548908E+04   0.735947E+00   0.000000E+00  -0.291307E+02   0.594534E-07   0.138879E-03  -0.555902E-06
   188   0.550849E+04   0.727492E+00   0.000000E+00  -0.281377E+02   0.591322E-07   0.137786E-03  -0.541442E-06
   189   0.552736E+04   0.719480E+00   0.000000E+00  -0.271185E+02   0.588137E-07   0.136704E-03  -0.527027E-06
   190   0.554569E+04   0.711945E+00   0.000000E+00  -0.260734E+02   0.584978E-07   0.135632E-03  -0.512651E-06
   191   0.556348E+04   0.704920E+00   0.000000E+00  -0.250026E+02   0.581845E-07   0.134569E-03  -0.498309E-06
   192   0.558071E+04   0.698443E+00   0.000000E+00  -0.239064E+02   0.578739E-07   0.133515E-03  -0.483994E-06
   193   0.559737E+04   0.692548E+00   0.000000E+00  -0.227849E+02   0.575658E-07   0.132471E-03  -0.469702E-06
   194   0.561348E+04   0.687271E+00   0.000000E+00  -0.216387E+02   0.572602E-07   0.131434E-03  -0.455427E-06
   195   0.562901E+04   0.682650E+00   0.000000E+00  -0.204680E+02   0.569572E-07   0.130406E-03  -0.441163E-06
   196   0.564397E+04   0.678722E+00   0.000000E+00  -0.192733E+02   0.566566E-07   0.129386E-03  -0.426906E-06
   197   0.565836E+04   0.675525E+00   0.000000E+00  -0.180549E+02   0.563585E-07   0.128374E-03  -0.412649E-06
   198   0.567217E+04   0.673096E+00   0.000000E+00  -0.168132E+02   0.560628E-07   0.127368E-03  -0.398387E-06
   199   0.568540E+04   0.671472E+00   0.000000E+00  -0.155485E+02   0.557695E-07   0.126370E-03  -0.384114E-06
   200   0.569804E+04   0.670689E+00   0.000000E+00  -0.142613E+02   0.554785E-07   0.125378E-03  -0.369826E-06
   201   0.571009E+04   0.670788E+00   0.000000E+00  -0.129519E+02   0.551899E-07   0.124392E-03  -0.355518E-06
   202   0.572154E+04   0.671804E+00   0.000000E+00  -0.116209E+02   0.549036E-07   0.123413E-03  -0.341190E-06
   203   0.573236E+04   0.673774E+00   0.000000E+00  -0.102686E+02   0.546196E-07   0.122440E-03  -0.326844E-06
   204   0.574257E+04   0.676735E+00   0.000000E+00  -0.889548E+01   0.543378E-07   0.121474E-03  -0.312481E-06
   205   0.575214E+04   0.680724E+00   0.000000E+00  -0.750201E+01   0.540583E-07   0.120513E-03  -0.298103E-06
   206   0.576107E+04   0.685777E+00   0.000000E+00  -0.608859E+01   0.537811E-07   0.119558E-03  -0.283712E-06
   207   0.576934E+04   0.691931E+00   0.000000E+00  -0.465562E+01   0.535061E-07   0.118610E-03  -0.269309E-06
   208   0.577696E+04   0.699225E+00   0.000000E+00  -0.320374E+01   0.532332E-07   0.117668E-03  -0.254896E-06
   209   0.578395E+04   0.707692E+00   0.000000E+00  -0.173349E+01   0.529625E-07   0.116732E-03  -0.240475E-06
   210   0.579029E+04   0.717372E+00   0.000000E+00  -0.245445E+00   0.526940E-07   0.115802E-03  -0.226046E-06
   211   0.579600E+04   0.728301E+00   0.000000E+00   0.125981E+01   0.524277E-07   0.114878E-03  -0.211613E-06
   212   0.580109E+04   0.740515E+00   0.000000E+00   0.278171E+01   0.521634E-07   0.113960E-03  -0.197175E-06
   213   0.580555E+04   0.754052E+00   0.000000E+00   0.431966E+01   0.519013E-07   0.113048E-03  -0.182736E-06
   214   0.580940E+04   0.768949E+00   0.000000E+00   0.587309E+01   0.516412E-07   0.112142E-03  -0.168296E-06
   215   0.581264E+04   0.785236E+00   0.000000E+00   0.744140E+01   0.513832E-07   0.111241E-03  -0.153857E-06
   216   0.581525E+04   0.802958E+00   0.000000E+00   0.902396E+01   0.511272E-07   0.110347E-03  -0.139421E-06
   217   0.581723E+04   0.822145E+00   0.000000E+00   0.106201E+02   0.508732E-07   0.109459E-03  -0.124989E-06
   218   0.581859E+04   0.842827E+00   0.000000E+00   0.122294E+02   0.506213E-07   0.108576E-03  -0.110564E-06
   219   0.581931E+04   0.865049E+00   0.000000E+00   0.138511E+02   0.503713E-07   0.107699E-03  -0.961454E-07
   220   0.581938E+04   0.888841E+00   0.000000E+00   0.154846E+02   0.501233E-07   0.106828E-03  -0.817362E-07
   221   0.581882E+04   0.914232E+00   0.000000E+00   0.171291E+02   0.498772E-07   0.105963E-03  -0.673379E-07
   222   0.581762E+04   0.941267E+00   0.000000E+00   0.187843E+02   0.496331E-07   0.105104E-03  -0.529519E-07
   223   0.581577E+04   0.969969E+00   0.000000E+00   0.204493E+02   0.493909E-07   0.104250E-03  -0.385799E-07
   224   0.581328E+04   0.100038E+01   0.000000E+00   0.221235E+02   0.491505E-07   0.103402E-03  -0.242234E-07
   225   0.581017E+04   0.103251E+01   0.000000E+00   0.238061E+02   0.489120E-07   0.102560E-03  -0.988413E-08
   226   0.580641E+04   0.106641E+01   0.000000E+00   0.254965E+02   0.486754E-07   0.101723E-03   0.443635E-08
   227   0.580201E+04   0.110212E+01   0.000000E+00   0.271941E+02   0.484406E-07   0.100892E-03   0.187364E-07
   228   0.579699E+04   0.113964E+01   0.000000E+00   0.288980E+02   0.482076E-07   0.100066E-03   0.330145E-07
   229   0.579133E+04   0.117903E+01   0.000000E+00   0.306076E+02   0.479764E-07   0.992463E-04   0.472690E-07
   230   0.578505E+04   0.122031E+01   0.000000E+00   0.323223E+02   0.477470E-07   0.984319E-04   0.614982E-07
   231   0.577814E+04   0.126350E+01   0.000000E+00   0.340412E+02   0.475193E-07   0.976230E-04   0.757007E-07
   232   0.577061E+04   0.130862E+01   0.000000E+00   0.357637E+02   0.472933E-07   0.968196E-04   0.898747E-07
   233   0.576245E+04   0.135572E+01   0.000000E+00   0.374889E+02   0.470691E-07   0.960217E-04   0.104019E-06
   234   0.575367E+04   0.140482E+01   0.000000E+00   0.392162E+02   0.468466E-07   0.952292E-04   0.118131E-06
   235   0.574428E+04   0.145594E+01   0.000000E+00   0.409449E+02   0.466257E-07   0.944421E-04   0.132210E-06
   236   0.573426E+04   0.150911E+01   0.000000E+00   0.426742E+02   0.464065E-07   0.936605E-04   0.146254E-06
   237   0.572365E+04   0.156435E+01   0.000000E+00   0.444034E+02   0.461890E-07   0.928841E-04   0.160262E-06
   238   0.571242E+04   0.162168E+01   0.000000E+00   0.461316E+02   0.459730E-07   0.921132E-04   0.174232E-06
   239   0.570059E+04   0.168112E+01   0.000000E+00   0.478582E+02   0.457587E-07   0.913476E-04   0.188162E-06
   240   0.568816E+04   0.174270E+01   0.000000E+00   0.495822E+02   0.455459E-07   0.905872E-04   0.202050E-06
   241   0.567512E+04   0.180644E+01   0.000000E+00   0.513032E+02   0.453347E-07   0.898321E-04   0.215896E-06
   242   0.566150E+04   0.187236E+01   0.000000E+00   0.530201E+02   0.451251E-07   0.890823E-04   0.229698E-06
   243   0.564730E+04   0.194047E+01   0.000000E+00   0.547323E+02   0.449169E-07   0.883376E-04   0.243453E-06
   244   0.563250E+04   0.201080E+01   0.000000E+00   0.564390E+02   0.447103E-07   0.875982E-04   0.257160E-06
   245   0.561714E+04   0.208336E+01   0.000000E+00   0.581396E+02   0.445052E-07   0.868639E-04   0.270819E-06
   246   0.560121E+04   0.215815E+01   0.000000E+00   0.598332E+02   0.443015E-07   0.861348E-04   0.284426E-06
   247   0.558471E+04   0.223521E+01   0.000000E+00   0.615192E+02   0.440993E-07   0.854108E-04   0.297981E-06
   248   0.556766E+04   0.231455E+01   0.000000E+00   0.631966E+02   0.438985E-07   0.846919E-04   0.311481E-06
   249   0.555006E+04   0.239617E+01   0.000000E+00   0.648649E+02   0.436991E-07   0.839780E-04   0.324926E-06
   250   0.553191E+04   0.248010E+01   0.000000E+00   0.665232E+02   0.435011E-07   0.832692E-04   0.338313E-06
   251   0.551322E+04   0.256632E+01   0.000000E+00   0.681706E+02   0.433045E-07   0.825655E-04   0.351642E-06
   252   0.549399E+04   0.265486E+01   0.000000E+00   0.698065E+02   0.431093E-07   0.818667E-04   0.364912E-06
   253   0.547421E+04   0.274571E+01   0.000000E+00   0.714300E+02   0.429154E-07   0.811728E-04   0.378122E-06
   254   0.545392E+04   0.283888E+01   0.000000E+00   0.730403E+02   0.427229E-07   0.804838E-04   0.391272E-06
   255   0.543308E+04   0.293437E+01   0.000000E+00   0.746366E+02   0.425316E-07   0.797997E-04   0.404363E-06
   256   0.541172E+04   0.303219E+01   0.000000E+00   0.762181E+02   0.423417E-07   0.791204E-04   0.417393E-06
   257   0.538984E+04   0.313234E+01   0.000000E+00   0.777843E+02   0.421531E-07   0.784459E-04   0.430364E-06
   258   0.536746E+04   0.323480E+01   0.000000E+00   0.793341E+02   0.419659E-07   0.777761E-04   0.443273E-06
   259   0.534459E+04   0.333959E+01   0.000000E+00   0.808679E+02   0.417798E-07   0.771110E-04   0.456122E-06
   260   0.532125E+04   0.344670E+01   0.000000E+00   0.823836E+02   0.415951E-07   0.764506E-04   0.468910E-06
   261   0.529743E+04   0.355613E+01   0.000000E+00   0.838819E+02   0.414117E-07   0.757948E-04   0.481636E-06
   262   0.527317E+04   0.366787E+01   0.000000E+00   0.853612E+02   0.412295E-07   0.751436E-04   0.494301E-06
   263   0.524847E+04   0.378193E+01   0.000000E+00   0.868216E+02   0.410485E-07   0.744969E-04   0.506905E-06
   264   0.522334E+04   0.389829E+01   0.000000E+00   0.882616E+02   0.408688E-07   0.738547E-04   0.519446E-06
   265   0.519778E+04   0.401693E+01   0.000000E+00   0.896820E+02   0.406903E-07   0.732170E-04   0.531925E-06
   266   0.517179E+04   0.413785E+01   0.000000E+00   0.910804E+02   0.405130E-07   0.725837E-04   0.544342E-06
   267   0.514539E+04   0.426104E+01   0.000000E+00   0.924562E+02   0.403369E-07   0.719547E-04   0.556696E-06
   268   0.511859E+04   0.438647E+01   0.000000E+00   0.938101E+02   0.401620E-07   0.713301E-04   0.568987E-06
   269   0.509138E+04   0.451414E+01   0.000000E+00   0.951399E+02   0.399883E-07   0.707098E-04   0.581215E-06
   270   0.506376E+04   0.464402E+01   0.000000E+00   0.964463E+02   0.398158E-07   0.700938E-04   0.593380E-06
   271   0.503577E+04   0.477612E+01   0.000000E+00   0.977271E+02   0.396444E-07   0.694820E-04   0.605481E-06
   272   0.500740E+04   0.491040E+01   0.000000E+00   0.989830E+02   0.394741E-07   0.688743E-04   0.617519E-06
   273   0.497867E+04   0.504683E+01   0.000000E+00   0.100213E+03   0.393050E-07   0.682708E-04   0.629492E-06
   274   0.494958E+04   0.518541E+01   0.000000E+00   0.101417E+03   0.391371E-07   0.676714E-04   0.641401E-06
   275   0.492015E+04   0.532610E+01   0.000000E+00   0.102593E+03   0.389702E-07   0.670761E-04   0.653246E-06
   276   0.489039E+04   0.546890E+01   0.000000E+00   0.103742E+03   0.388045E-07   0.664847E-04   0.665026E-06
   277   0.486030E+04   0.561376E+01   0.000000E+00   0.104862E+03   0.386398E-07   0.658974E-04   0.676741E-06
   278   0.482990E+04   0.576068E+01   0.000000E+00   0.105953E+03   0.384762E-07   0.653140E-04   0.688390E-06
   279   0.479921E+04   0.590961E+01   0.000000E+00   0.107016E+03   0.383138E-07   0.647344E-04   0.699975E-06
   280   0.476822E+04   0.606051E+01   0.000000E+00   0.108048E+03   0.381523E-07   0.641588E-04   0.711493E-06
   281   0.473695E+04   0.621337E+01   0.000000E+00   0.109050E+03   0.379919E-07   0.635870E-04   0.722946E-06
   282   0.470542E+04   0.636815E+01   0.000000E+00   0.110022E+03   0.378326E-07   0.630189E-04   0.734333E-06
   283   0.467362E+04   0.652482E+01   0.000000E+00   0.110962E+03   0.376743E-07   0.624546E-04   0.745653E-06
   284   0.464158E+04   0.668335E+01   0.000000E+00   0.111869E+03   0.375170E-07   0.618940E-04   0.756907E-06
   285   0.460929E+04   0.684370E+01   0.000000E+00   0.112745E+03   0.373608E-07   0.613370E-04   0.768094E-06
   286   0.457678E+04   0.700583E+01   0.000000E+00   0.113588E+03   0.372055E-07   0.607837E-04   0.779213E-06
   287   0.454406E+04   0.716969E+01   0.000000E+00   0.114398E+03   0.370512E-07   0.602340E-04   0.790266E-06
   288   0.451113E+04   0.733527E+01   0.000000E+00   0.115173E+03   0.368979E-07   0.596877E-04   0.801251E-06
   289   0.447800E+04   0.750250E+01   0.000000E+00   0.115916E+03   0.367456E-07   0.591450E-04   0.812168E-06
   290   0.444469E+04   0.767135E+01   0.000000E+00   0.116623E+03   0.365942E-07   0.586058E-04   0.823018E-06
   291   0.441121E+04   0.784181E+01   0.000000E+00   0.117295E+03   0.364438E-07   0.580700E-04   0.833799E-06
   292   0.437756E+04   0.801372E+01   0.000000E+00   0.117933E+03   0.362943E-07   0.575376E-04   0.844511E-06
   293   0.434376E+04   0.818717E+01   0.000000E+00   0.118534E+03   0.361457E-07   0.570085E-04   0.855155E-06
   294   0.430982E+04   0.836207E+01   0.000000E+00   0.119100E+03   0.359981E-07   0.564827E-04   0.865730E-06
   295   0.427574E+04   0.853828E+01   0.000000E+00   0.119629E+03   0.358513E-07   0.559601E-04   0.876236E-06
   296   0.424154E+04   0.871587E+01   0.000000E+00   0.120121E+03   0.357055E-07   0.554409E-04   0.886673E-06
   297   0.420722E+04   0.889469E+01   0.000000E+00   0.120575E+03   0.355605E-07   0.549247E-04   0.897040E-06
   298   0.417280E+04   0.907473E+01   0.000000E+00   0.120992E+03   0.354164E-07   0.544118E-04   0.907337E-06
   299   0.413828E+04   0.925592E+01   0.000000E+00   0.121371E+03   0.352732E-07   0.539019E-04   0.917564E-06
   300   0.410368E+04   0.943818E+01   0.000000E+00   0.121712E+03   0.351308E-07   0.533951E-04   0.927720E-06
   301   0.406901E+04   0.962158E+01   0.000000E+00   0.122015E+03   0.349892E-07   0.528913E-04   0.937806E-06
   302   0.403428E+04   0.980591E+01   0.000000E+00   0.122279E+03   0.348485E-07   0.523906E-04   0.947817E-06
   303   0.399951E+04   0.999123E+01   0.000000E+00   0.122505E+03   0.347087E-07   0.518930E-04   0.957748E-06
   304   0.396471E+04   0.101775E+02   0.000000E+00   0.122693E+03   0.345696E-07   0.513984E-04   0.967597E-06
   305   0.392989E+04   0.103645E+02   0.000000E+00   0.122842E+03   0.344314E-07   0.509069E-04   0.977359E-06
   306   0.389505E+04   0.105524E+02   0.000000E+00   0.122952E+03   0.342940E-07   0.504184E-04   0.987029E-06
   307   0.386022E+04   0.107410E+02   0.000000E+00   0.123023E+03   0.341573E-07   0.499331E-04   0.996603E-06
   308   0.382540E+04   0.109303E+02   0.000000E+00   0.123056E+03   0.340215E-07   0.494510E-04   0.100608E-05
   309   0.379060E+04   0.111202E+02   0.000000E+00   0.123049E+03   0.338865E-07   0.489720E-04   0.101545E-05
   310   0.375582E+04   0.113106E+02   0.000000E+00   0.123004E+03   0.337523E-07   0.484961E-04   0.102471E-05
   311   0.372109E+04   0.115014E+02   0.000000E+00   0.122919E+03   0.336188E-07   0.480234E-04   0.103386E-05
   312   0.368641E+04   0.116927E+02   0.000000E+00   0.122795E+03   0.334861E-07   0.475539E-04   0.104290E-05
   313   0.365179E+04   0.118843E+02   0.000000E+00   0.122631E+03   0.333542E-07   0.470876E-04   0.105181E-05
   314   0.361724E+04   0.120762E+02   0.000000E+00   0.122428E+03   0.332231E-07   0.466245E-04   0.106060E-05
   315   0.358276E+04   0.122682E+02   0.000000E+00   0.122186E+03   0.330927E-07   0.461646E-04   0.106926E-05
   316   0.354838E+04   0.124604E+02   0.000000E+00   0.121904E+03   0.329631E-07   0.457080E-04   0.107779E-05
   317   0.351410E+04   0.126527E+02   0.000000E+00   0.121584E+03   0.328342E-07   0.452547E-04   0.108618E-05
   318   0.347994E+04   0.128449E+02   0.000000E+00   0.121224E+03   0.327060E-07   0.448046E-04   0.109443E-05
   319   0.344590E+04   0.130370E+02   0.000000E+00   0.120825E+03   0.325786E-07   0.443578E-04   0.110253E-05
   320   0.341198E+04   0.132291E+02   0.000000E+00   0.120388E+03   0.324519E-07   0.439143E-04   0.111048E-05
   321   0.337821E+04   0.134209E+02   0.000000E+00   0.119912E+03   0.323260E-07   0.434742E-04   0.111828E-05
   322   0.334459E+04   0.136125E+02   0.000000E+00   0.119397E+03   0.322007E-07   0.430373E-04   0.112592E-05
   323   0.331113E+04   0.138036E+02   0.000000E+00   0.118843E+03   0.320762E-07   0.426038E-04   0.113340E-05
   324   0.327784E+04   0.139943E+02   0.000000E+00   0.118252E+03   0.319523E-07   0.421737E-04   0.114071E-05
   325   0.324473E+04   0.141845E+02   0.000000E+00   0.117622E+03   0.318292E-07   0.417470E-04   0.114786E-05
   326   0.321181E+04   0.143742E+02   0.000000E+00   0.116955E+03   0.317068E-07   0.413236E-04   0.115482E-05
   327   0.317908E+04   0.145632E+02   0.000000E+00   0.116249E+03   0.315850E-07   0.409037E-04   0.116161E-05
   328   0.314657E+04   0.147514E+02   0.000000E+00   0.115506E+03   0.314639E-07   0.404872E-04   0.116822E-05
   329   0.311426E+04   0.149388E+02   0.000000E+00   0.114727E+03   0.313435E-07   0.400741E-04   0.117464E-05
   330   0.308219E+04   0.151254E+02   0.000000E+00   0.113910E+03   0.312238E-07   0.396644E-04   0.118086E-05
   331   0.305035E+04   0.153110E+02   0.000000E+00   0.113056E+03   0.311047E-07   0.392583E-04   0.118689E-05
   332   0.301875E+04   0.154956E+02   0.000000E+00   0.112166E+03   0.309863E-07   0.388556E-04   0.119273E-05
   333   0.298739E+04   0.156791E+02   0.000000E+00   0.111240E+03   0.308685E-07   0.384564E-04   0.119835E-05
   334   0.295630E+04   0.158614E+02   0.000000E+00   0.110279E+03   0.307514E-07   0.380607E-04   0.120377E-05
   335   0.292547E+04   0.160424E+02   0.000000E+00   0.109282E+03   0.306349E-07   0.376685E-04   0.120898E-05
   336   0.289493E+04   0.162221E+02   0.000000E+00   0.108250E+03   0.305191E-07   0.372799E-04   0.121397E-05
   337   0.286466E+04   0.164004E+02   0.000000E+00   0.107185E+03   0.304039E-07   0.368948E-04   0.121874E-05
   338   0.283469E+04   0.165773E+02   0.000000E+00   0.106085E+03   0.302892E-07   0.365133E-04   0.122329E-05
   339   0.280501E+04   0.167527E+02   0.000000E+00   0.104953E+03   0.301753E-07   0.361354E-04   0.122761E-05
   340   0.277565E+04   0.169265E+02   0.000000E+00   0.103787E+03   0.300619E-07   0.357611E-04   0.123169E-05
   341   0.274660E+04   0.170985E+02   0.000000E+00   0.102589E+03   0.299491E-07   0.353904E-04   0.123554E-05
   342   0.271787E+04   0.172688E+02   0.000000E+00   0.101358E+03   0.298369E-07   0.350233E-04   0.123914E-05
   343   0.268947E+04   0.174373E+02   0.000000E+00   0.100096E+03   0.297254E-07   0.346598E-04   0.124250E-05
   344   0.266139E+04   0.176038E+02   0.000000E+00   0.988013E+02   0.296144E-07   0.343000E-04   0.124562E-05
   345   0.263365E+04   0.177683E+02   0.000000E+00   0.974758E+02   0.295039E-07   0.339439E-04   0.124847E-05
   346   0.260625E+04   0.179306E+02   0.000000E+00   0.961192E+02   0.293941E-07   0.335915E-04   0.125107E-05
   347   0.257919E+04   0.180908E+02   0.000000E+00   0.947322E+02   0.292848E-07   0.332428E-04   0.125341E-05
   348   0.255248E+04   0.182486E+02   0.000000E+00   0.933148E+02   0.291761E-07   0.328977E-04   0.125548E-05
   349   0.252614E+04   0.184043E+02   0.000000E+00   0.918692E+02   0.290679E-07   0.325565E-04   0.125728E-05
   350   0.250015E+04   0.185575E+02   0.000000E+00   0.903948E+02   0.289603E-07   0.322189E-04   0.125880E-05
   351   0.247455E+04   0.187084E+02   0.000000E+00   0.888931E+02   0.288533E-07   0.318851E-04   0.126005E-05
   352   0.244934E+04   0.188568E+02   0.000000E+00   0.873648E+02   0.287468E-07   0.315550E-04   0.126104E-05
   353   0.242450E+04   0.190027E+02   0.000000E+00   0.858099E+02   0.286408E-07   0.312284E-04   0.126178E-05
   354   0.240007E+04   0.191461E+02   0.000000E+00   0.842308E+02   0.285353E-07   0.309053E-04   0.126228E-05
   355   0.237604E+04   0.192869E+02   0.000000E+00   0.826267E+02   0.284304E-07   0.305855E-04   0.126256E-05
   356   0.235241E+04   0.194249E+02   0.000000E+00   0.809983E+02   0.283260E-07   0.302690E-04   0.126263E-05
   357   0.232919E+04   0.195603E+02   0.000000E+00   0.793465E+02   0.282221E-07   0.299557E-04   0.126252E-05
   358   0.230638E+04   0.196928E+02   0.000000E+00   0.776720E+02   0.281188E-07   0.296454E-04   0.126223E-05
   359   0.228399E+04   0.198223E+02   0.000000E+00   0.759749E+02   0.280160E-07   0.293380E-04   0.126177E-05
   360   0.226201E+04   0.199489E+02   0.000000E+00   0.742566E+02   0.279137E-07   0.290336E-04   0.126117E-05
   361   0.224046E+04   0.200725E+02   0.000000E+00   0.725161E+02   0.278119E-07   0.287319E-04   0.126044E-05
   362   0.221932E+04   0.201930E+02   0.000000E+00   0.707554E+02   0.277106E-07   0.284328E-04   0.125959E-05
   363   0.219862E+04   0.203102E+02   0.000000E+00   0.689750E+02   0.276098E-07   0.281364E-04   0.125863E-05
   364   0.217834E+04   0.204243E+02   0.000000E+00   0.671757E+02   0.275095E-07   0.278423E-04   0.125759E-05
   365   0.215851E+04   0.205352E+02   0.000000E+00   0.653582E+02   0.274097E-07   0.275507E-04   0.125647E-05
   366   0.213911E+04   0.206427E+02   0.000000E+00   0.635235E+02   0.273104E-07   0.272613E-04   0.125529E-05
   367   0.212015E+04   0.207469E+02   0.000000E+00   0.616722E+02   0.272116E-07   0.269741E-04   0.125407E-05
   368   0.210163E+04   0.208477E+02   0.000000E+00   0.598053E+02   0.271133E-07   0.266889E-04   0.125282E-05
   369   0.208356E+04   0.209451E+02   0.000000E+00   0.579235E+02   0.270155E-07   0.264057E-04   0.125155E-05
   370   0.206594E+04   0.210389E+02   0.000000E+00   0.560275E+02   0.269182E-07   0.261243E-04   0.125029E-05
   371   0.204877E+04   0.211293E+02   0.000000E+00   0.541182E+02   0.268213E-07   0.258448E-04   0.124903E-05
   372   0.203205E+04   0.212160E+02   0.000000E+00   0.521964E+02   0.267249E-07   0.255669E-04   0.124780E-05
   373   0.201578E+04   0.212991E+02   0.000000E+00   0.502629E+02   0.266290E-07   0.252905E-04   0.124662E-05
   374   0.199996E+04   0.213787E+02   0.000000E+00   0.483184E+02   0.265336E-07   0.250156E-04   0.124550E-05
   375   0.198460E+04   0.214546E+02   0.000000E+00   0.463637E+02   0.264386E-07   0.247421E-04   0.124444E-05
   376   0.196969E+04   0.215267E+02   0.000000E+00   0.443997E+02   0.263441E-07   0.244698E-04   0.124347E-05
   377   0.195524E+04   0.215950E+02   0.000000E+00   0.424270E+02   0.262501E-07   0.241987E-04   0.124261E-05
   378   0.194124E+04   0.216595E+02   0.000000E+00   0.404465E+02   0.261565E-07   0.239287E-04   0.124186E-05
   379   0.192770E+04   0.217201E+02   0.000000E+00   0.384589E+02   0.260633E-07   0.236597E-04   0.124124E-05
   380   0.191462E+04   0.217768E+02   0.000000E+00   0.364651E+02   0.259707E-07   0.233915E-04   0.124077E-05
   381   0.190200E+04   0.218296E+02   0.000000E+00   0.344657E+02   0.258784E-07   0.231240E-04   0.124045E-05
   382   0.188984E+04   0.218783E+02   0.000000E+00   0.324616E+02   0.257866E-07   0.228573E-04   0.124031E-05
   383   0.187814E+04   0.219231E+02   0.000000E+00   0.304536E+02   0.256953E-07   0.225911E-04   0.124036E-05
   384   0.186689E+04   0.219638E+02   0.000000E+00   0.284427E+02   0.256044E-07   0.223253E-04   0.124062E-05
   385   0.185610E+04   0.220004E+02   0.000000E+00   0.264296E+02   0.255139E-07   0.220600E-04   0.124109E-05
   386   0.184576E+04   0.220331E+02   0.000000E+00   0.244153E+02   0.254238E-07   0.217949E-04   0.124179E-05
   387   0.183589E+04   0.220618E+02   0.000000E+00   0.224005E+02   0.253342E-07   0.215300E-04   0.124274E-05
   388   0.182647E+04   0.220864E+02   0.000000E+00   0.203863E+02   0.252450E-07   0.212651E-04   0.124396E-05
   389   0.181749E+04   0.221071E+02   0.000000E+00   0.183735E+02   0.251563E-07   0.210002E-04   0.124545E-05
   390   0.180897E+04   0.221236E+02   0.000000E+00   0.163628E+02   0.250679E-07   0.207352E-04   0.124723E-05
   391   0.180090E+04   0.221362E+02   0.000000E+00   0.143551E+02   0.249800E-07   0.204700E-04   0.124932E-05
   392   0.179327E+04   0.221446E+02   0.000000E+00   0.123514E+02   0.248925E-07   0.202044E-04   0.125172E-05
   393   0.178609E+04   0.221489E+02   0.000000E+00   0.103523E+02   0.248053E-07   0.199384E-04   0.125447E-05
   394   0.177934E+04   0.221492E+02   0.000000E+00   0.835857E+01   0.247186E-07   0.196718E-04   0.125756E-05
   395   0.177303E+04   0.221452E+02   0.000000E+00   0.637121E+01   0.246323E-07   0.194047E-04   0.126102E-05
   396   0.176716E+04   0.221373E+02   0.000000E+00   0.439096E+01   0.245464E-07   0.191368E-04   0.126485E-05
   397   0.176172E+04   0.221251E+02   0.000000E+00   0.241864E+01   0.244609E-07   0.188681E-04   0.126908E-05
   398   0.175671E+04   0.221088E+02   0.000000E+00   0.455037E+00   0.243758E-07   0.185984E-04   0.127372E-05
   399   0.175213E+04   0.220883E+02   0.000000E+00  -0.149904E+01   0.242911E-07   0.183278E-04   0.127878E-05
   400   0.174798E+04   0.220638E+02   0.000000E+00  -0.344280E+01   0.242067E-07   0.180560E-04   0.128428E-05
   401   0.174426E+04   0.220352E+02   0.000000E+00  -0.537546E+01   0.241228E-07   0.177830E-04   0.129022E-05
   402   0.174095E+04   0.220024E+02   0.000000E+00  -0.729623E+01   0.240392E-07   0.175089E-04   0.129659E-05
   403   0.173807E+04   0.219655E+02   0.000000E+00  -0.920436E+01   0.239560E-07   0.172338E-04   0.130336E-05
   404   0.173560E+04   0.219246E+02   0.000000E+00  -0.110991E+02   0.238732E-07   0.169578E-04   0.131051E-05
   405   0.173354E+04   0.218796E+02   0.000000E+00  -0.129796E+02   0.237907E-07   0.166811E-04   0.131800E-05
   406   0.173189E+04   0.218307E+02   0.000000E+00  -0.148453E+02   0.237087E-07   0.164038E-04   0.132583E-05
   407   0.173063E+04   0.217777E+02   0.000000E+00  -0.166952E+02   0.236270E-07   0.161259E-04   0.133395E-05
   408   0.172978E+04   0.217207E+02   0.000000E+00  -0.185286E+02   0.235457E-07   0.158476E-04   0.134234E-05
   409   0.172930E+04   0.216598E+02   0.000000E+00  -0.203449E+02   0.234647E-07   0.155691E-04   0.135099E-05
   410   0.172922E+04   0.215949E+02   0.000000E+00  -0.221431E+02   0.233841E-07   0.152904E-04   0.135986E-05
   411   0.172951E+04   0.215262E+02   0.000000E+00  -0.239228E+02   0.233039E-07   0.150117E-04   0.136893E-05
   412   0.173017E+04   0.214536E+02   0.000000E+00  -0.256831E+02   0.232241E-07   0.147330E-04   0.137817E-05
   413   0.173121E+04   0.213772E+02   0.000000E+00  -0.274236E+02   0.231446E-07   0.144545E-04   0.138756E-05
   414   0.173261E+04   0.212970E+02   0.000000E+00  -0.291435E+02   0.230655E-07   0.141763E-04   0.139707E-05
   415   0.173436E+04   0.212132E+02   0.000000E+00  -0.308422E+02   0.229867E-07   0.138986E-04   0.140668E-05
   416   0.173647E+04   0.211256E+02   0.000000E+00  -0.325192E+02   0.229083E-07   0.136214E-04   0.141636E-05
   417   0.173893E+04   0.210344E+02   0.000000E+00  -0.341735E+02   0.228302E-07   0.133449E-04   0.142608E-05
   418   0.174174E+04   0.209396E+02   0.000000E+00  -0.358048E+02   0.227525E-07   0.130692E-04   0.143583E-05
   419   0.174487E+04   0.208412E+02   0.000000E+00  -0.374123E+02   0.226752E-07   0.127943E-04   0.144557E-05
   420   0.174835E+04   0.207393E+02   0.000000E+00  -0.389954E+02   0.225982E-07   0.125205E-04   0.145529E-05
   421   0.175216E+04   0.206339E+02   0.000000E+00  -0.405534E+02   0.225216E-07   0.122478E-04   0.146495E-05
   422   0.175628E+04   0.205250E+02   0.000000E+00  -0.420856E+02   0.224453E-07   0.119764E-04   0.147453E-05
   423   0.176073E+04   0.204126E+02   0.000000E+00  -0.435914E+02   0.223693E-07   0.117064E-04   0.148400E-05
   424   0.176549E+04   0.202968E+02   0.000000E+00  -0.450702E+02   0.222937E-07   0.114378E-04   0.149334E-05
   425   0.177054E+04   0.201778E+02   0.000000E+00  -0.465215E+02   0.222184E-07   0.111709E-04   0.150253E-05
   426   0.177591E+04   0.200554E+02   0.000000E+00  -0.479450E+02   0.221435E-07   0.109057E-04   0.151153E-05
   427   0.178155E+04   0.199300E+02   0.000000E+00  -0.493400E+02   0.220689E-07   0.106423E-04   0.152033E-05
   428   0.178748E+04   0.198015E+02   0.000000E+00  -0.507063E+02   0.219947E-07   0.103809E-04   0.152890E-05
   429   0.179368E+04   0.196700E+02   0.000000E+00  -0.520434E+02   0.219208E-07   0.101216E-04   0.153721E-05
   430   0.180014E+04   0.195356E+02   0.000000E+00  -0.533508E+02   0.218472E-07   0.986452E-05   0.154523E-05
   431   0.180686E+04   0.193984E+02   0.000000E+00  -0.546281E+02   0.217739E-07   0.960974E-05   0.155295E-05
   432   0.181383E+04   0.192584E+02   0.000000E+00  -0.558750E+02   0.217010E-07   0.935740E-05   0.156033E-05
   433   0.182106E+04   0.191158E+02   0.000000E+00  -0.570908E+02   0.216284E-07   0.910761E-05   0.156736E-05
   434   0.182852E+04   0.189705E+02   0.000000E+00  -0.582752E+02   0.215562E-07   0.886050E-05   0.157400E-05
   435   0.183622E+04   0.188227E+02   0.000000E+00  -0.594277E+02   0.214843E-07   0.861619E-05   0.158023E-05
   436   0.184415E+04   0.186724E+02   0.000000E+00  -0.605479E+02   0.214126E-07   0.837479E-05   0.158603E-05
   437   0.185231E+04   0.185195E+02   0.000000E+00  -0.616354E+02   0.213414E-07   0.813641E-05   0.159136E-05
   438   0.186068E+04   0.183644E+02   0.000000E+00  -0.626897E+02   0.212704E-07   0.790119E-05   0.159622E-05
   439   0.186927E+04   0.182070E+02   0.000000E+00  -0.637103E+02   0.211997E-07   0.766923E-05   0.160056E-05
   440   0.187806E+04   0.180473E+02   0.000000E+00  -0.646972E+02   0.211294E-07   0.744065E-05   0.160436E-05
   441   0.188705E+04   0.178856E+02   0.000000E+00  -0.656498E+02   0.210594E-07   0.721558E-05   0.160761E-05
   442   0.189621E+04   0.177217E+02   0.000000E+00  -0.665680E+02   0.209897E-07   0.699413E-05   0.161026E-05
   443   0.190555E+04   0.175560E+02   0.000000E+00  -0.674513E+02   0.209203E-07   0.677642E-05   0.161231E-05
   444   0.191506E+04   0.173883E+02   0.000000E+00  -0.682994E+02   0.208512E-07   0.656257E-05   0.161372E-05
   445   0.192472E+04   0.172189E+02   0.000000E+00  -0.691121E+02   0.207825E-07   0.635269E-05   0.161446E-05
   446   0.193452E+04   0.170478E+02   0.000000E+00  -0.698890E+02   0.207140E-07   0.614691E-05   0.161452E-05
   447   0.194447E+04   0.168751E+02   0.000000E+00  -0.706303E+02   0.206458E-07   0.594534E-05   0.161386E-05
   448   0.195456E+04   0.167010E+02   0.000000E+00  -0.713357E+02   0.205780E-07   0.574809E-05   0.161247E-05
   449   0.196479E+04   0.165255E+02   0.000000E+00  -0.720050E+02   0.205104E-07   0.555530E-05   0.161031E-05
   450   0.197514E+04   0.163486E+02   0.000000E+00  -0.726382E+02   0.204432E-07   0.536707E-05   0.160736E-05
   451   0.198561E+04   0.161705E+02   0.000000E+00  -0.732351E+02   0.203762E-07   0.518350E-05   0.160361E-05
   452   0.199621E+04   0.159913E+02   0.000000E+00  -0.737955E+02   0.203095E-07   0.500455E-05   0.159906E-05
   453   0.200691E+04   0.158111E+02   0.000000E+00  -0.743194E+02   0.202432E-07   0.483016E-05   0.159374E-05
   454   0.201771E+04   0.156300E+02   0.000000E+00  -0.748065E+02   0.201771E-07   0.466027E-05   0.158766E-05
   455   0.202859E+04   0.154481E+02   0.000000E+00  -0.752567E+02   0.201113E-07   0.449481E-05   0.158084E-05
   456   0.203956E+04   0.152653E+02   0.000000E+00  -0.756699E+02   0.200458E-07   0.433373E-05   0.157330E-05
   457   0.205060E+04   0.150819E+02   0.000000E+00  -0.760459E+02   0.199806E-07   0.417696E-05   0.156507E-05
   458   0.206169E+04   0.148980E+02   0.000000E+00  -0.763844E+02   0.199157E-07   0.402444E-05   0.155616E-05
   459   0.207283E+04   0.147136E+02   0.000000E+00  -0.766856E+02   0.198511E-07   0.387611E-05   0.154660E-05
   460   0.208402E+04   0.145288E+02   0.000000E+00  -0.769495E+02   0.197868E-07   0.373191E-05   0.153639E-05
   461   0.209524E+04   0.143436E+02   0.000000E+00  -0.771755E+02   0.197227E-07   0.359177E-05   0.152556E-05
   462   0.210651E+04   0.141584E+02   0.000000E+00  -0.773658E+02   0.196589E-07   0.345563E-05   0.151414E-05
   463   0.211780E+04   0.139732E+02   0.000000E+00  -0.775189E+02   0.195955E-07   0.332343E-05   0.150213E-05
   464   0.212913E+04   0.137881E+02   0.000000E+00  -0.776357E+02   0.195323E-07   0.319511E-05   0.148956E-05
   465   0.214047E+04   0.136032E+02   0.000000E+00  -0.777162E+02   0.194693E-07   0.307060E-05   0.147646E-05
   466   0.215184E+04   0.134185E+02   0.000000E+00  -0.777611E+02   0.194067E-07   0.294985E-05   0.146282E-05
   467   0.216322E+04   0.132344E+02   0.000000E+00  -0.777697E+02   0.193443E-07   0.283279E-05   0.144869E-05
   468   0.217460E+04   0.130507E+02   0.000000E+00  -0.777428E+02   0.192822E-07   0.271937E-05   0.143407E-05
   469   0.218597E+04   0.128676E+02   0.000000E+00  -0.776805E+02   0.192203E-07   0.260951E-05   0.141900E-05
   470   0.219733E+04   0.126853E+02   0.000000E+00  -0.775827E+02   0.191588E-07   0.250315E-05   0.140347E-05
   471   0.220866E+04   0.125037E+02   0.000000E+00  -0.774488E+02   0.190975E-07   0.240024E-05   0.138752E-05
   472   0.221995E+04   0.123231E+02   0.000000E+00  -0.772803E+02   0.190365E-07   0.230071E-05   0.137117E-05
   473   0.223119E+04   0.121435E+02   0.000000E+00  -0.770757E+02   0.189757E-07   0.220451E-05   0.135443E-05
   474   0.224239E+04   0.119650E+02   0.000000E+00  -0.768373E+02   0.189152E-07   0.211156E-05   0.133732E-05
   475   0.225353E+04   0.117877E+02   0.000000E+00  -0.765636E+02   0.188550E-07   0.202180E-05   0.131987E-05
   476   0.226461E+04   0.116118E+02   0.000000E+00  -0.762554E+02   0.187950E-07   0.193518E-05   0.130209E-05
   477   0.227563E+04   0.114372E+02   0.000000E+00  -0.759135E+02   0.187353E-07   0.185164E-05   0.128401E-05
   478   0.228658E+04   0.112643E+02   0.000000E+00  -0.755379E+02   0.186759E-07   0.177110E-05   0.126563E-05
   479   0.229747E+04   0.110930E+02   0.000000E+00  -0.751297E+02   0.186167E-07   0.169351E-05   0.124699E-05
   480   0.230827E+04   0.109235E+02   0.000000E+00  -0.746883E+02   0.185578E-07   0.161881E-05   0.122810E-05
   481   0.231901E+04   0.107557E+02   0.000000E+00  -0.742145E+02   0.184991E-07   0.154693E-05   0.120897E-05
   482   0.232964E+04   0.105900E+02   0.000000E+00  -0.737087E+02   0.184407E-07   0.147781E-05   0.118964E-05
   483   0.234018E+04   0.104263E+02   0.000000E+00  -0.731711E+02   0.183826E-07   0.141140E-05   0.117012E-05
   484   0.235062E+04   0.102648E+02   0.000000E+00  -0.726024E+02   0.183246E-07   0.134762E-05   0.115042E-05
   485   0.236093E+04   0.101056E+02   0.000000E+00  -0.720026E+02   0.182670E-07   0.128642E-05   0.113058E-05
   486   0.237113E+04   0.994875E+01   0.000000E+00  -0.713724E+02   0.182096E-07   0.122773E-05   0.111060E-05
   487   0.238119E+04   0.979430E+01   0.000000E+00  -0.707121E+02   0.181524E-07   0.117150E-05   0.109051E-05
   488   0.239112E+04   0.964250E+01   0.000000E+00  -0.700223E+02   0.180955E-07   0.111766E-05   0.107032E-05
   489   0.240092E+04   0.949327E+01   0.000000E+00  -0.693034E+02   0.180388E-07   0.106614E-05   0.105006E-05
   490   0.241058E+04   0.934684E+01   0.000000E+00  -0.685559E+02   0.179824E-07   0.101689E-05   0.102975E-05
   491   0.242009E+04   0.920329E+01   0.000000E+00  -0.677805E+02   0.179262E-07   0.969848E-06   0.100940E-05
   492   0.242945E+04   0.906261E+01   0.000000E+00  -0.669776E+02   0.178702E-07   0.924947E-06   0.989037E-06
   493   0.243867E+04   0.892496E+01   0.000000E+00  -0.661479E+02   0.178145E-07   0.882126E-06   0.968677E-06
   494   0.244774E+04   0.879049E+01   0.000000E+00  -0.652918E+02   0.177591E-07   0.841325E-06   0.948341E-06
   495   0.245664E+04   0.865928E+01   0.000000E+00  -0.644099E+02   0.177038E-07   0.802480E-06   0.928048E-06
   496   0.246539E+04   0.853133E+01   0.000000E+00  -0.635027E+02   0.176488E-07   0.765531E-06   0.907817E-06
   497   0.247396E+04   0.840678E+01   0.000000E+00  -0.625708E+02   0.175940E-07   0.730414E-06   0.887668E-06
   498   0.248236E+04   0.828572E+01   0.000000E+00  -0.616149E+02   0.175395E-07   0.697068E-06   0.867621E-06
   499   0.249058E+04   0.816822E+01   0.000000E+00  -0.606354E+02   0.174852E-07   0.665432E-06   0.847694E-06
   500   0.249860E+04   0.805444E+01   0.000000E+00  -0.596330E+02   0.174311E-07   0.635442E-06   0.827908E-06
   501   0.250643E+04   0.794437E+01   0.000000E+00  -0.586082E+02   0.173773E-07   0.607046E-06   0.808278E-06
   502   0.251406E+04   0.783816E+01   0.000000E+00  -0.575618E+02   0.173236E-07   0.580220E-06   0.788805E-06
   503   0.252149E+04   0.773580E+01   0.000000E+00  -0.564943E+02   0.172702E-07   0.554951E-06   0.769486E-06
   504   0.252871E+04   0.763753E+01   0.000000E+00  -0.554066E+02   0.172171E-07   0.531224E-06   0.750319E-06
   505   0.253574E+04   0.754325E+01   0.000000E+00  -0.542994E+02   0.171641E-07   0.509023E-06   0.731300E-06
   506   0.254255E+04   0.745311E+01   0.000000E+00  -0.531733E+02   0.171114E-07   0.488336E-06   0.712428E-06
   507   0.254916E+04   0.736721E+01   0.000000E+00  -0.520291E+02   0.170589E-07   0.469146E-06   0.693698E-06
   508   0.255556E+04   0.728560E+01   0.000000E+00  -0.508674E+02   0.170066E-07   0.451441E-06   0.675110E-06
   509   0.256175E+04   0.720836E+01   0.000000E+00  -0.496890E+02   0.169545E-07   0.435204E-06   0.656659E-06
   510   0.256773E+04   0.713553E+01   0.000000E+00  -0.484947E+02   0.169027E-07   0.420423E-06   0.638342E-06
   511   0.257348E+04   0.706719E+01   0.000000E+00  -0.472850E+02   0.168511E-07   0.407081E-06   0.620158E-06
   512   0.257903E+04   0.700337E+01   0.000000E+00  -0.460608E+02   0.167997E-07   0.395165E-06   0.602104E-06
   513   0.258435E+04   0.694416E+01   0.000000E+00  -0.448228E+02   0.167485E-07   0.384661E-06   0.584176E-06
   514   0.258945E+04   0.688961E+01   0.000000E+00  -0.435716E+02   0.166975E-07   0.375553E-06   0.566372E-06
   515   0.259432E+04   0.683977E+01   0.000000E+00  -0.423080E+02   0.166467E-07   0.367827E-06   0.548689E-06
   516   0.259897E+04   0.679470E+01   0.000000E+00  -0.410328E+02   0.165962E-07   0.361470E-06   0.531124E-06
   517   0.260339E+04   0.675444E+01   0.000000E+00  -0.397466E+02   0.165458E-07   0.356465E-06   0.513675E-06
   518   0.260757E+04   0.671907E+01   0.000000E+00  -0.384504E+02   0.164957E-07   0.352799E-06   0.496339E-06
   519   0.261152E+04   0.668861E+01   0.000000E+00  -0.371447E+02   0.164458E-07   0.350457E-06   0.479113E-06
   520   0.261522E+04   0.666312E+01   0.000000E+00  -0.358305E+02   0.163961E-07   0.349425E-06   0.461994E-06
   521   0.261869E+04   0.664265E+01   0.000000E+00  -0.345083E+02   0.163466E-07   0.349689E-06   0.444980E-06
   522   0.262191E+04   0.662725E+01   0.000000E+00  -0.331791E+02   0.162973E-07   0.351233E-06   0.428068E-06
   523   0.262488E+04   0.661695E+01   0.000000E+00  -0.318435E+02   0.162483E-07   0.354043E-06   0.411254E-06
   524   0.262761E+04   0.661179E+01   0.000000E+00  -0.305024E+02   0.161994E-07   0.358105E-06   0.394537E-06
   525   0.263010E+04   0.661179E+01   0.000000E+00  -0.291564E+02   0.161507E-07   0.363405E-06   0.377914E-06
   526   0.263234E+04   0.661699E+01   0.000000E+00  -0.278064E+02   0.161023E-07   0.369927E-06   0.361381E-06
   527   0.263434E+04   0.662741E+01   0.000000E+00  -0.264531E+02   0.160540E-07   0.377657E-06   0.344936E-06
   528   0.263610E+04   0.664310E+01   0.000000E+00  -0.250973E+02   0.160060E-07   0.386581E-06   0.328576E-06
   529   0.263761E+04   0.666406E+01   0.000000E+00  -0.237397E+02   0.159581E-07   0.396685E-06   0.312299E-06
   530   0.263889E+04   0.669032E+01   0.000000E+00  -0.223813E+02   0.159105E-07   0.407953E-06   0.296102E-06
   531   0.263992E+04   0.672192E+01   0.000000E+00  -0.210226E+02   0.158630E-07   0.420372E-06   0.279981E-06
   532   0.264071E+04   0.675885E+01   0.000000E+00  -0.196648E+02   0.158158E-07   0.433926E-06   0.263935E-06
   533   0.264126E+04   0.680114E+01   0.000000E+00  -0.183085E+02   0.157687E-07   0.448602E-06   0.247960E-06
   534   0.264157E+04   0.684880E+01   0.000000E+00  -0.169545E+02   0.157219E-07   0.464385E-06   0.232054E-06
   535   0.264163E+04   0.690187E+01   0.000000E+00  -0.156037E+02   0.156752E-07   0.481260E-06   0.216214E-06
   536   0.264145E+04   0.696034E+01   0.000000E+00  -0.142571E+02   0.156287E-07   0.499213E-06   0.200436E-06
   537   0.264103E+04   0.702422E+01   0.000000E+00  -0.129151E+02   0.155825E-07   0.518229E-06   0.184720E-06
   538   0.264037E+04   0.709352E+01   0.000000E+00  -0.115787E+02   0.155364E-07   0.538295E-06   0.169060E-06
   539   0.263948E+04   0.716823E+01   0.000000E+00  -0.102488E+02   0.154905E-07   0.559394E-06   0.153456E-06
   540   0.263834E+04   0.724835E+01   0.000000E+00  -0.892589E+01   0.154448E-07   0.581514E-06   0.137904E-06
   541   0.263697E+04   0.733390E+01   0.000000E+00  -0.761089E+01   0.153993E-07   0.604639E-06   0.122401E-06
   542   0.263537E+04   0.742487E+01   0.000000E+00  -0.630460E+01   0.153540E-07   0.628755E-06   0.106944E-06
   543   0.263353E+04   0.752125E+01   0.000000E+00  -0.500774E+01   0.153089E-07   0.653847E-06   0.915320E-07
   544   0.263147E+04   0.762304E+01   0.000000E+00  -0.372105E+01   0.152640E-07   0.679902E-06   0.761605E-07
   545   0.262918E+04   0.773021E+01   0.000000E+00  -0.244526E+01   0.152192E-07   0.706904E-06   0.608273E-07
   546   0.262666E+04   0.784275E+01   0.000000E+00  -0.118107E+01   0.151747E-07   0.734839E-06   0.455297E-07
   547   0.262391E+04   0.796064E+01   0.000000E+00   0.707969E-01   0.151303E-07   0.763692E-06   0.302648E-07
   548   0.262094E+04   0.808380E+01   0.000000E+00   0.130963E+01   0.150861E-07   0.793450E-06   0.150299E-07
   549   0.261774E+04   0.821238E+01   0.000000E+00   0.253469E+01   0.150421E-07   0.824097E-06  -0.177655E-09
   550   0.261432E+04   0.834615E+01   0.000000E+00   0.374528E+01   0.149983E-07   0.855619E-06  -0.153608E-07
   551   0.261069E+04   0.848525E+01   0.000000E+00   0.494066E+01   0.149547E-07   0.888002E-06  -0.305213E-07
   552   0.260684E+04   0.862952E+01   0.000000E+00   0.612011E+01   0.149112E-07   0.921235E-06  -0.456582E-07
   553   0.260278E+04   0.877898E+01   0.000000E+00   0.728295E+01   0.148679E-07   0.955304E-06  -0.607694E-07
   554   0.259852E+04   0.893360E+01   0.000000E+00   0.842846E+01   0.148248E-07   0.990200E-06  -0.758530E-07
   555   0.259405E+04   0.909331E+01   0.000000E+00   0.955596E+01   0.147819E-07   0.102591E-05  -0.909070E-07
   556   0.258937E+04   0.925811E+01   0.000000E+00   0.106647E+02   0.147392E-07   0.106242E-05  -0.105929E-06
   557   0.258451E+04   0.942791E+01   0.000000E+00   0.117541E+02   0.146966E-07   0.109972E-05  -0.120918E-06
   558   0.257944E+04   0.960271E+01   0.000000E+00   0.128234E+02   0.146543E-07   0.113781E-05  -0.135872E-06
   559   0.257419E+04   0.978242E+01   0.000000E+00   0.138722E+02   0.146120E-07   0.117666E-05  -0.150788E-06
   560   0.256874E+04   0.996706E+01   0.000000E+00   0.148996E+02   0.145700E-07   0.121626E-05  -0.165664E-06
   561   0.256311E+04   0.101564E+02   0.000000E+00   0.159052E+02   0.145282E-07   0.125662E-05  -0.180499E-06
   562   0.255730E+04   0.103507E+02   0.000000E+00   0.168884E+02   0.144865E-07   0.129770E-05  -0.195291E-06
   563   0.255130E+04   0.105496E+02   0.000000E+00   0.178486E+02   0.144450E-07   0.133951E-05  -0.210038E-06
   564   0.254514E+04   0.107531E+02   0.000000E+00   0.187850E+02   0.144036E-07   0.138202E-05  -0.224737E-06
   565   0.253879E+04   0.109613E+02   0.000000E+00   0.196974E+02   0.143625E-07   0.142523E-05  -0.239387E-06
   566   0.253228E+04   0.111740E+02   0.000000E+00   0.205851E+02   0.143215E-07   0.146914E-05  -0.253986E-06
   567   0.252560E+04   0.113911E+02   0.000000E+00   0.214475E+02   0.142806E-07   0.151371E-05  -0.268531E-06
   568   0.251876E+04   0.116126E+02   0.000000E+00   0.222842E+02   0.142400E-07   0.155895E-05  -0.283022E-06
   569   0.251175E+04   0.118384E+02   0.000000E+00   0.230947E+02   0.141995E-07   0.160484E-05  -0.297455E-06
   570   0.250458E+04   0.120685E+02   0.000000E+00   0.238784E+02   0.141592E-07   0.165137E-05  -0.311830E-06
   571   0.249726E+04   0.123027E+02   0.000000E+00   0.246348E+02   0.141190E-07   0.169853E-05  -0.326143E-06
   572   0.248980E+04   0.125410E+02   0.000000E+00   0.253637E+02   0.140790E-07   0.174631E-05  -0.340393E-06
   573   0.248219E+04   0.127833E+02   0.000000E+00   0.260644E+02   0.140392E-07   0.179469E-05  -0.354579E-06
   574   0.247444E+04   0.130295E+02   0.000000E+00   0.267366E+02   0.139995E-07   0.184366E-05  -0.368697E-06
   575   0.246656E+04   0.132795E+02   0.000000E+00   0.273801E+02   0.139600E-07   0.189322E-05  -0.382747E-06
   576   0.245854E+04   0.135333E+02   0.000000E+00   0.279943E+02   0.139207E-07   0.194335E-05  -0.396726E-06
   577   0.245042E+04   0.137907E+02   0.000000E+00   0.285789E+02   0.138815E-07   0.199404E-05  -0.410631E-06
   578   0.244217E+04   0.140517E+02   0.000000E+00   0.291333E+02   0.138425E-07   0.204527E-05  -0.424463E-06
   579   0.243380E+04   0.143163E+02   0.000000E+00   0.296575E+02   0.138037E-07   0.209704E-05  -0.438217E-06
   580   0.242533E+04   0.145841E+02   0.000000E+00   0.301510E+02   0.137650E-07   0.214934E-05  -0.451893E-06
   581   0.241676E+04   0.148553E+02   0.000000E+00   0.306133E+02   0.137264E-07   0.220214E-05  -0.465488E-06
   582   0.240809E+04   0.151296E+02   0.000000E+00   0.310441E+02   0.136881E-07   0.225545E-05  -0.479000E-06
   583   0.239933E+04   0.154070E+02   0.000000E+00   0.314431E+02   0.136498E-07   0.230925E-05  -0.492428E-06
   584   0.239048E+04   0.156875E+02   0.000000E+00   0.318099E+02   0.136118E-07   0.236353E-05  -0.505769E-06
   585   0.238154E+04   0.159707E+02   0.000000E+00   0.321442E+02   0.135739E-07   0.241827E-05  -0.519022E-06
   586   0.237252E+04   0.162568E+02   0.000000E+00   0.324457E+02   0.135361E-07   0.247347E-05  -0.532185E-06
   587   0.236343E+04   0.165456E+02   0.000000E+00   0.327142E+02   0.134985E-07   0.252911E-05  -0.545255E-06
   588   0.235428E+04   0.168369E+02   0.000000E+00   0.329494E+02   0.134611E-07   0.258518E-05  -0.558230E-06
   589   0.234505E+04   0.171306E+02   0.000000E+00   0.331511E+02   0.134238E-07   0.264167E-05  -0.571109E-06
   590   0.233577E+04   0.174267E+02   0.000000E+00   0.333191E+02   0.133867E-07   0.269857E-05  -0.583890E-06
   591   0.232644E+04   0.177251E+02   0.000000E+00   0.334532E+02   0.133497E-07   0.275586E-05  -0.596570E-06
   592   0.231706E+04   0.180255E+02   0.000000E+00   0.335531E+02   0.133128E-07   0.281355E-05  -0.609148E-06
   593   0.230763E+04   0.183280E+02   0.000000E+00   0.336187E+02   0.132761E-07   0.287160E-05  -0.621622E-06
   594   0.229816E+04   0.186324E+02   0.000000E+00   0.336498E+02   0.132396E-07   0.293002E-05  -0.633990E-06
   595   0.228865E+04   0.189385E+02   0.000000E+00   0.336464E+02   0.132032E-07   0.298878E-05  -0.646250E-06
   596   0.227912E+04   0.192463E+02   0.000000E+00   0.336083E+02   0.131670E-07   0.304789E-05  -0.658399E-06
   597   0.226956E+04   0.195556E+02   0.000000E+00   0.335353E+02   0.131309E-07   0.310732E-05  -0.670437E-06
   598   0.225998E+04   0.198662E+02   0.000000E+00   0.334274E+02   0.130949E-07   0.316707E-05  -0.682360E-06
   599   0.225039E+04   0.201782E+02   0.000000E+00   0.332845E+02   0.130591E-07   0.322713E-05  -0.694167E-06
   600   0.224078E+04   0.204914E+02   0.000000E+00   0.331065E+02   0.130235E-07   0.328747E-05  -0.705857E-06
   601   0.223117E+04   0.208056E+02   0.000000E+00   0.328934E+02   0.129879E-07   0.334810E-05  -0.717426E-06
   602   0.222155E+04   0.211207E+02   0.000000E+00   0.326453E+02   0.129526E-07   0.340899E-05  -0.728876E-06
   603   0.221195E+04   0.214366E+02   0.000000E+00   0.323623E+02   0.129173E-07   0.347015E-05  -0.740204E-06
   604   0.220235E+04   0.217532E+02   0.000000E+00   0.320442E+02   0.128822E-07   0.353156E-05  -0.751410E-06
   605   0.219276E+04   0.220703E+02   0.000000E+00   0.316913E+02   0.128473E-07   0.359320E-05  -0.762494E-06
   606   0.218319E+04   0.223878E+02   0.000000E+00   0.313036E+02   0.128125E-07   0.365508E-05  -0.773456E-06
   607   0.217363E+04   0.227058E+02   0.000000E+00   0.308810E+02   0.127778E-07   0.371717E-05  -0.784294E-06
   608   0.216411E+04   0.230238E+02   0.000000E+00   0.304237E+02   0.127433E-07   0.377947E-05  -0.795009E-06
   609   0.215463E+04   0.233420E+02   0.000000E+00   0.299320E+02   0.127089E-07   0.384197E-05  -0.805599E-06
   610   0.214517E+04   0.236601E+02   0.000000E+00   0.294059E+02   0.126746E-07   0.390466E-05  -0.816063E-06
   611   0.213577E+04   0.239778E+02   0.000000E+00   0.288454E+02   0.126405E-07   0.396752E-05  -0.826403E-06
   612   0.212640E+04   0.242953E+02   0.000000E+00   0.282507E+02   0.126065E-07   0.403055E-05  -0.836616E-06
   613   0.211708E+04   0.246123E+02   0.000000E+00   0.276220E+02   0.125727E-07   0.409374E-05  -0.846703E-06
   614   0.210783E+04   0.249287E+02   0.000000E+00   0.269595E+02   0.125390E-07   0.415707E-05  -0.856662E-06
   615   0.209863E+04   0.252444E+02   0.000000E+00   0.262635E+02   0.125054E-07   0.422054E-05  -0.866493E-06
   616   0.208950E+04   0.255592E+02   0.000000E+00   0.255344E+02   0.124720E-07   0.428413E-05  -0.876196E-06
   617   0.208044E+04   0.258732E+02   0.000000E+00   0.247724E+02   0.124387E-07   0.434784E-05  -0.885770E-06
   618   0.207145E+04   0.261861E+02   0.000000E+00   0.239778E+02   0.124055E-07   0.441165E-05  -0.895215E-06
   619   0.206254E+04   0.264978E+02   0.000000E+00   0.231510E+02   0.123724E-07   0.447556E-05  -0.904529E-06
   620   0.205371E+04   0.268083E+02   0.000000E+00   0.222922E+02   0.123395E-07   0.453955E-05  -0.913713E-06
   621   0.204498E+04   0.271174E+02   0.000000E+00   0.214018E+02   0.123067E-07   0.460362E-05  -0.922765E-06
   622   0.203634E+04   0.274249E+02   0.000000E+00   0.204801E+02   0.122741E-07   0.466775E-05  -0.931686E-06
   623   0.202780E+04   0.277307E+02   0.000000E+00   0.195275E+02   0.122416E-07   0.473192E-05  -0.940475E-06
   624   0.201935E+04   0.280348E+02   0.000000E+00   0.185442E+02   0.122092E-07   0.479615E-05  -0.949130E-06
   625   0.201101E+04   0.283370E+02   0.000000E+00   0.175306E+02   0.121769E-07   0.486040E-05  -0.957652E-06
   626   0.200279E+04   0.286371E+02   0.000000E+00   0.164871E+02   0.121448E-07   0.492468E-05  -0.966040E-06
   627   0.199467E+04   0.289351E+02   0.000000E+00   0.154139E+02   0.121128E-07   0.498896E-05  -0.974294E-06
   628   0.198668E+04   0.292307E+02   0.000000E+00   0.143114E+02   0.120809E-07   0.505325E-05  -0.982412E-06
   629   0.197880E+04   0.295239E+02   0.000000E+00   0.131802E+02   0.120491E-07   0.511753E-05  -0.990394E-06
   630   0.197105E+04   0.298146E+02   0.000000E+00   0.120207E+02   0.120175E-07   0.518179E-05  -0.998241E-06
   631   0.196342E+04   0.301025E+02   0.000000E+00   0.108333E+02   0.119860E-07   0.524602E-05  -0.100595E-05
   632   0.195592E+04   0.303877E+02   0.000000E+00   0.961858E+01   0.119546E-07   0.531020E-05  -0.101352E-05
   633   0.194857E+04   0.306701E+02   0.000000E+00   0.837684E+01   0.119234E-07   0.537434E-05  -0.102096E-05
   634   0.194135E+04   0.309493E+02   0.000000E+00   0.710865E+01   0.118922E-07   0.543841E-05  -0.102825E-05
   635   0.193427E+04   0.312254E+02   0.000000E+00   0.581453E+01   0.118612E-07   0.550242E-05  -0.103541E-05
   636   0.192734E+04   0.314983E+02   0.000000E+00   0.449499E+01   0.118303E-07   0.556634E-05  -0.104242E-05
   637   0.192056E+04   0.317678E+02   0.000000E+00   0.315057E+01   0.117996E-07   0.563017E-05  -0.104930E-05
   638   0.191393E+04   0.320338E+02   0.000000E+00   0.178183E+01   0.117689E-07   0.569389E-05  -0.105604E-05
   639   0.190746E+04   0.322963E+02   0.000000E+00   0.389289E+00   0.117384E-07   0.575751E-05  -0.106263E-05
   640   0.190115E+04   0.325550E+02   0.000000E+00  -0.102651E+01   0.117080E-07   0.582099E-05  -0.106908E-05
   641   0.189499E+04   0.328100E+02   0.000000E+00  -0.246501E+01   0.116777E-07   0.588435E-05  -0.107539E-05
   642   0.188900E+04   0.330610E+02   0.000000E+00  -0.392559E+01   0.116475E-07   0.594756E-05  -0.108156E-05
   643   0.188319E+04   0.333080E+02   0.000000E+00  -0.540763E+01   0.116174E-07   0.601061E-05  -0.108758E-05
   644   0.187753E+04   0.335509E+02   0.000000E+00  -0.691050E+01   0.115875E-07   0.607351E-05  -0.109346E-05
   645   0.187205E+04   0.337894E+02   0.000000E+00  -0.843357E+01   0.115577E-07   0.613622E-05  -0.109920E-05
   646   0.186675E+04   0.340235E+02   0.000000E+00  -0.997621E+01   0.115280E-07   0.619875E-05  -0.110478E-05
   647   0.186162E+04   0.342532E+02   0.000000E+00  -0.115377E+02   0.114984E-07   0.626108E-05  -0.111023E-05
   648   0.185667E+04   0.344782E+02   0.000000E+00  -0.131176E+02   0.114689E-07   0.632321E-05  -0.111552E-05
   649   0.185190E+04   0.346986E+02   0.000000E+00  -0.147150E+02   0.114395E-07   0.638512E-05  -0.112067E-05
   650   0.184733E+04   0.349141E+02   0.000000E+00  -0.163294E+02   0.114103E-07   0.644680E-05  -0.112568E-05
   651   0.184293E+04   0.351248E+02   0.000000E+00  -0.179600E+02   0.113811E-07   0.650825E-05  -0.113053E-05
   652   0.183872E+04   0.353307E+02   0.000000E+00  -0.196061E+02   0.113521E-07   0.656945E-05  -0.113524E-05
   653   0.183470E+04   0.355316E+02   0.000000E+00  -0.212671E+02   0.113232E-07   0.663040E-05  -0.113979E-05
   654   0.183088E+04   0.357275E+02   0.000000E+00  -0.229423E+02   0.112944E-07   0.669109E-05  -0.114421E-05
   655   0.182726E+04   0.359182E+02   0.000000E+00  -0.246310E+02   0.112657E-07   0.675151E-05  -0.114847E-05
   656   0.182382E+04   0.361039E+02   0.000000E+00  -0.263324E+02   0.112371E-07   0.681167E-05  -0.115259E-05
   657   0.182058E+04   0.362843E+02   0.000000E+00  -0.280460E+02   0.112086E-07   0.687154E-05  -0.115657E-05
   658   0.181754E+04   0.364595E+02   0.000000E+00  -0.297708E+02   0.111803E-07   0.693113E-05  -0.116039E-05
   659   0.181471E+04   0.366292E+02   0.000000E+00  -0.315063E+02   0.111520E-07   0.699042E-05  -0.116408E-05
   660   0.181207E+04   0.367934E+02   0.000000E+00  -0.332516E+02   0.111238E-07   0.704941E-05  -0.116762E-05
   661   0.180963E+04   0.369521E+02   0.000000E+00  -0.350060E+02   0.110958E-07   0.710809E-05  -0.117101E-05
   662   0.180740E+04   0.371052E+02   0.000000E+00  -0.367689E+02   0.110679E-07   0.716646E-05  -0.117426E-05
   663   0.180536E+04   0.372526E+02   0.000000E+00  -0.385394E+02   0.110400E-07   0.722451E-05  -0.117737E-05
   664   0.180354E+04   0.373943E+02   0.000000E+00  -0.403167E+02   0.110123E-07   0.728223E-05  -0.118034E-05
   665   0.180191E+04   0.375301E+02   0.000000E+00  -0.421002E+02   0.109847E-07   0.733961E-05  -0.118316E-05
   666   0.180049E+04   0.376601E+02   0.000000E+00  -0.438890E+02   0.109572E-07   0.739665E-05  -0.118584E-05
   667   0.179927E+04   0.377843E+02   0.000000E+00  -0.456824E+02   0.109297E-07   0.745334E-05  -0.118838E-05
   668   0.179827E+04   0.379025E+02   0.000000E+00  -0.474797E+02   0.109024E-07   0.750968E-05  -0.119078E-05
   669   0.179746E+04   0.380146E+02   0.000000E+00  -0.492800E+02   0.108752E-07   0.756565E-05  -0.119304E-05
   670   0.179686E+04   0.381208E+02   0.000000E+00  -0.510826E+02   0.108481E-07   0.762125E-05  -0.119515E-05
   671   0.179647E+04   0.382209E+02   0.000000E+00  -0.528868E+02   0.108211E-07   0.767647E-05  -0.119713E-05
   672   0.179629E+04   0.383148E+02   0.000000E+00  -0.546917E+02   0.107942E-07   0.773130E-05  -0.119897E-05
   673   0.179630E+04   0.384026E+02   0.000000E+00  -0.564967E+02   0.107674E-07   0.778575E-05  -0.120066E-05
   674   0.179653E+04   0.384843E+02   0.000000E+00  -0.583009E+02   0.107407E-07   0.783979E-05  -0.120222E-05
   675   0.179696E+04   0.385597E+02   0.000000E+00  -0.601035E+02   0.107141E-07   0.789343E-05  -0.120365E-05
   676   0.179760E+04   0.386288E+02   0.000000E+00  -0.619038E+02   0.106876E-07   0.794666E-05  -0.120493E-05
   677   0.179844E+04   0.386918E+02   0.000000E+00  -0.637011E+02   0.106612E-07   0.799947E-05  -0.120607E-05
   678   0.179947E+04   0.387483E+02   0.000000E+00  -0.654943E+02   0.106349E-07   0.805185E-05  -0.120708E-05
   679   0.180072E+04   0.387985E+02   0.000000E+00  -0.672828E+02   0.106087E-07   0.810379E-05  -0.120795E-05
   680   0.180217E+04   0.388423E+02   0.000000E+00  -0.690657E+02   0.105826E-07   0.815530E-05  -0.120869E-05
   681   0.180381E+04   0.388796E+02   0.000000E+00  -0.708421E+02   0.105566E-07   0.820636E-05  -0.120929E-05
   682   0.180565E+04   0.389104E+02   0.000000E+00  -0.726113E+02   0.105307E-07   0.825696E-05  -0.120975E-05
   683   0.180769E+04   0.389347E+02   0.000000E+00  -0.743725E+02   0.105049E-07   0.830710E-05  -0.121008E-05
   684   0.180993E+04   0.389525E+02   0.000000E+00  -0.761248E+02   0.104792E-07   0.835677E-05  -0.121028E-05
   685   0.181236E+04   0.389638E+02   0.000000E+00  -0.778677E+02   0.104536E-07   0.840597E-05  -0.121034E-05
   686   0.181499E+04   0.389687E+02   0.000000E+00  -0.796000E+02   0.104281E-07   0.845468E-05  -0.121026E-05
   687   0.181781E+04   0.389672E+02   0.000000E+00  -0.813218E+02   0.104026E-07   0.850291E-05  -0.121006E-05
   688   0.182082E+04   0.389593E+02   0.000000E+00  -0.830324E+02   0.103773E-07   0.855063E-05  -0.120972E-05
   689   0.182402E+04   0.389450E+02   0.000000E+00  -0.847303E+02   0.103520E-07   0.859785E-05  -0.120924E-05
   690   0.182741E+04   0.389245E+02   0.000000E+00  -0.864146E+02   0.103269E-07   0.864456E-05  -0.120864E-05
   691   0.183099E+04   0.388976E+02   0.000000E+00  -0.880854E+02   0.103018E-07   0.869076E-05  -0.120790E-05
   692   0.183475E+04   0.388644E+02   0.000000E+00  -0.897419E+02   0.102768E-07   0.873643E-05  -0.120703E-05
   693   0.183870E+04   0.388249E+02   0.000000E+00  -0.913834E+02   0.102520E-07   0.878156E-05  -0.120603E-05
   694   0.184282E+04   0.387792E+02   0.000000E+00  -0.930084E+02   0.102272E-07   0.882616E-05  -0.120490E-05
   695   0.184713E+04   0.387272E+02   0.000000E+00  -0.946168E+02   0.102025E-07   0.887021E-05  -0.120364E-05
   696   0.185161E+04   0.386688E+02   0.000000E+00  -0.962072E+02   0.101779E-07   0.891371E-05  -0.120225E-05
   697   0.185626E+04   0.386043E+02   0.000000E+00  -0.977795E+02   0.101534E-07   0.895665E-05  -0.120074E-05
   698   0.186108E+04   0.385335E+02   0.000000E+00  -0.993322E+02   0.101289E-07   0.899902E-05  -0.119909E-05
   699   0.186607E+04   0.384565E+02   0.000000E+00  -0.100865E+03   0.101046E-07   0.904082E-05  -0.119731E-05
   700   0.187123E+04   0.383734E+02   0.000000E+00  -0.102378E+03   0.100803E-07   0.908203E-05  -0.119541E-05
   701   0.187655E+04   0.382841E+02   0.000000E+00  -0.103870E+03   0.100562E-07   0.912266E-05  -0.119337E-05
   702   0.188202E+04   0.381888E+02   0.000000E+00  -0.105340E+03   0.100321E-07   0.916270E-05  -0.119121E-05
   703   0.188765E+04   0.380875E+02   0.000000E+00  -0.106788E+03   0.100081E-07   0.920215E-05  -0.118893E-05
   704   0.189344E+04   0.379802E+02   0.000000E+00  -0.108212E+03   0.998419E-08   0.924099E-05  -0.118652E-05
   705   0.189938E+04   0.378670E+02   0.000000E+00  -0.109612E+03   0.996036E-08   0.927925E-05  -0.118398E-05
   706   0.190547E+04   0.377480E+02   0.000000E+00  -0.110988E+03   0.993663E-08   0.931689E-05  -0.118132E-05
   707   0.191170E+04   0.376232E+02   0.000000E+00  -0.112340E+03   0.991297E-08   0.935394E-05  -0.117854E-05
   708   0.191807E+04   0.374927E+02   0.000000E+00  -0.113667E+03   0.988941E-08   0.939038E-05  -0.117563E-05
   709   0.192458E+04   0.373565E+02   0.000000E+00  -0.114966E+03   0.986592E-08   0.942621E-05  -0.117260E-05
   710   0.193122E+04   0.372148E+02   0.000000E+00  -0.116240E+03   0.984252E-08   0.946143E-05  -0.116945E-05
   711   0.193800E+04   0.370675E+02   0.000000E+00  -0.117487E+03   0.981921E-08   0.949603E-05  -0.116618E-05
   712   0.194491E+04   0.369148E+02   0.000000E+00  -0.118706E+03   0.979597E-08   0.953002E-05  -0.116279E-05
   713   0.195193E+04   0.367567E+02   0.000000E+00  -0.119896E+03   0.977282E-08   0.956339E-05  -0.115929E-05
   714   0.195908E+04   0.365932E+02   0.000000E+00  -0.121058E+03   0.974975E-08   0.959614E-05  -0.115566E-05
   715   0.196635E+04   0.364245E+02   0.000000E+00  -0.122190E+03   0.972676E-08   0.962826E-05  -0.115192E-05
   716   0.197373E+04   0.362505E+02   0.000000E+00  -0.123293E+03   0.970386E-08   0.965976E-05  -0.114806E-05
   717   0.198121E+04   0.360713E+02   0.000000E+00  -0.124365E+03   0.968103E-08   0.969063E-05  -0.114408E-05
   718   0.198880E+04   0.358870E+02   0.000000E+00  -0.125405E+03   0.965829E-08   0.972086E-05  -0.113999E-05
   719   0.199649E+04   0.356977E+02   0.000000E+00  -0.126414E+03   0.963562E-08   0.975046E-05  -0.113579E-05
   720   0.200428E+04   0.355035E+02   0.000000E+00  -0.127392E+03   0.961304E-08   0.977942E-05  -0.113147E-05
   721   0.201216E+04   0.353046E+02   0.000000E+00  -0.128337E+03   0.959053E-08   0.980775E-05  -0.112703E-05
   722   0.202013E+04   0.351009E+02   0.000000E+00  -0.129250E+03   0.956811E-08   0.983543E-05  -0.112249E-05
   723   0.202820E+04   0.348928E+02   0.000000E+00  -0.130130E+03   0.954576E-08   0.986246E-05  -0.111783E-05
   724   0.203634E+04   0.346802E+02   0.000000E+00  -0.130977E+03   0.952349E-08   0.988884E-05  -0.111307E-05
   725   0.204457E+04   0.344634E+02   0.000000E+00  -0.131791E+03   0.950130E-08   0.991458E-05  -0.110819E-05
   726   0.205288E+04   0.342422E+02   0.000000E+00  -0.132571E+03   0.947918E-08   0.993966E-05  -0.110321E-05
   727   0.206126E+04   0.340170E+02   0.000000E+00  -0.133316E+03   0.945714E-08   0.996409E-05  -0.109811E-05
   728   0.206971E+04   0.337877E+02   0.000000E+00  -0.134028E+03   0.943518E-08   0.998786E-05  -0.109291E-05
   729   0.207822E+04   0.335546E+02   0.000000E+00  -0.134703E+03   0.941330E-08   0.100110E-04  -0.108760E-05
   730   0.208680E+04   0.333175E+02   0.000000E+00  -0.135344E+03   0.939149E-08   0.100334E-04  -0.108218E-05
   731   0.209544E+04   0.330768E+02   0.000000E+00  -0.135950E+03   0.936976E-08   0.100552E-04  -0.107666E-05
   732   0.210412E+04   0.328323E+02   0.000000E+00  -0.136519E+03   0.934810E-08   0.100763E-04  -0.107104E-05
   733   0.211286E+04   0.325845E+02   0.000000E+00  -0.137052E+03   0.932651E-08   0.100967E-04  -0.106531E-05
   734   0.212164E+04   0.323330E+02   0.000000E+00  -0.137548E+03   0.930500E-08   0.101165E-04  -0.105948E-05
   735   0.213045E+04   0.320784E+02   0.000000E+00  -0.138008E+03   0.928357E-08   0.101356E-04  -0.105354E-05
   736   0.213930E+04   0.318206E+02   0.000000E+00  -0.138431E+03   0.926221E-08   0.101540E-04  -0.104750E-05
   737   0.214818E+04   0.315597E+02   0.000000E+00  -0.138816E+03   0.924092E-08   0.101717E-04  -0.104136E-05
   738   0.215709E+04   0.312959E+02   0.000000E+00  -0.139164E+03   0.921970E-08   0.101888E-04  -0.103512E-05
   739   0.216602E+04   0.310292E+02   0.000000E+00  -0.139474E+03   0.919855E-08   0.102051E-04  -0.102879E-05
   740   0.217496E+04   0.307599E+02   0.000000E+00  -0.139745E+03   0.917748E-08   0.102208E-04  -0.102235E-05
   741   0.218391E+04   0.304881E+02   0.000000E+00  -0.139979E+03   0.915648E-08   0.102358E-04  -0.101581E-05
   742   0.219287E+04   0.302139E+02   0.000000E+00  -0.140174E+03   0.913555E-08   0.102501E-04  -0.100918E-05
   743   0.220183E+04   0.299373E+02   0.000000E+00  -0.140332E+03   0.911469E-08   0.102636E-04  -0.100245E-05
   744   0.221078E+04   0.296587E+02   0.000000E+00  -0.140450E+03   0.909391E-08   0.102765E-04  -0.995624E-06
   745   0.221973E+04   0.293780E+02   0.000000E+00  -0.140530E+03   0.907319E-08   0.102887E-04  -0.988703E-06
   746   0.222866E+04   0.290955E+02   0.000000E+00  -0.140573E+03   0.905254E-08   0.103002E-04  -0.981687E-06
   747   0.223757E+04   0.288113E+02   0.000000E+00  -0.140575E+03   0.903196E-08   0.103110E-04  -0.974578E-06
   748   0.224646E+04   0.285254E+02   0.000000E+00  -0.140540E+03   0.901145E-08   0.103210E-04  -0.967376E-06
   749   0.225532E+04   0.282380E+02   0.000000E+00  -0.140465E+03   0.899101E-08   0.103304E-04  -0.960082E-06
   750   0.226416E+04   0.279493E+02   0.000000E+00  -0.140353E+03   0.897063E-08   0.103390E-04  -0.952696E-06
   751   0.227295E+04   0.276593E+02   0.000000E+00  -0.140201E+03   0.895033E-08   0.103469E-04  -0.945219E-06
   752   0.228170E+04   0.273682E+02   0.000000E+00  -0.140009E+03   0.893009E-08   0.103541E-04  -0.937653E-06
   753   0.229041E+04   0.270761E+02   0.000000E+00  -0.139781E+03   0.890991E-08   0.103606E-04  -0.930001E-06
   754   0.229907E+04   0.267830E+02   0.000000E+00  -0.139513E+03   0.888981E-08   0.103664E-04  -0.922262E-06
   755   0.230767E+04   0.264894E+02   0.000000E+00  -0.139206E+03   0.886977E-08   0.103715E-04  -0.914439E-06
   756   0.231622E+04   0.261951E+02   0.000000E+00  -0.138862E+03   0.884980E-08   0.103759E-04  -0.906534E-06
   757   0.232472E+04   0.259004E+02   0.000000E+00  -0.138479E+03   0.882989E-08   0.103795E-04  -0.898549E-06
   758   0.233316E+04   0.256054E+02   0.000000E+00  -0.138060E+03   0.881005E-08   0.103826E-04  -0.890484E-06
   759   0.234153E+04   0.253103E+02   0.000000E+00  -0.137602E+03   0.879027E-08   0.103849E-04  -0.882342E-06
   760   0.234984E+04   0.250153E+02   0.000000E+00  -0.137107E+03   0.877056E-08   0.103865E-04  -0.874125E-06
   761   0.235808E+04   0.247204E+02   0.000000E+00  -0.136575E+03   0.875091E-08   0.103875E-04  -0.865834E-06
   762   0.236625E+04   0.244257E+02   0.000000E+00  -0.136005E+03   0.873133E-08   0.103878E-04  -0.857470E-06
   763   0.237434E+04   0.241314E+02   0.000000E+00  -0.135399E+03   0.871181E-08   0.103875E-04  -0.849036E-06
   764   0.238233E+04   0.238375E+02   0.000000E+00  -0.134754E+03   0.869236E-08   0.103865E-04  -0.840534E-06
   765   0.239024E+04   0.235444E+02   0.000000E+00  -0.134074E+03   0.867297E-08   0.103848E-04  -0.831964E-06
   766   0.239806E+04   0.232519E+02   0.000000E+00  -0.133356E+03   0.865364E-08   0.103825E-04  -0.823328E-06
   767   0.240577E+04   0.229603E+02   0.000000E+00  -0.132601E+03   0.863438E-08   0.103795E-04  -0.814629E-06
   768   0.241338E+04   0.226696E+02   0.000000E+00  -0.131809E+03   0.861518E-08   0.103759E-04  -0.805868E-06
   769   0.242087E+04   0.223802E+02   0.000000E+00  -0.130981E+03   0.859604E-08   0.103716E-04  -0.797047E-06
   770   0.242826E+04   0.220921E+02   0.000000E+00  -0.130118E+03   0.857696E-08   0.103667E-04  -0.788167E-06
   771   0.243553E+04   0.218054E+02   0.000000E+00  -0.129220E+03   0.855795E-08   0.103612E-04  -0.779230E-06
   772   0.244267E+04   0.215203E+02   0.000000E+00  -0.128286E+03   0.853899E-08   0.103551E-04  -0.770237E-06
   773   0.244969E+04   0.212369E+02   0.000000E+00  -0.127318E+03   0.852010E-08   0.103483E-04  -0.761192E-06
   774   0.245658E+04   0.209555E+02   0.000000E+00  -0.126316E+03   0.850127E-08   0.103409E-04  -0.752094E-06
   775   0.246333E+04   0.206760E+02   0.000000E+00  -0.125280E+03   0.848250E-08   0.103330E-04  -0.742946E-06
   776   0.246995E+04   0.203987E+02   0.000000E+00  -0.124212E+03   0.846379E-08   0.103244E-04  -0.733749E-06
   777   0.247644E+04   0.201236E+02   0.000000E+00  -0.123112E+03   0.844514E-08   0.103152E-04  -0.724505E-06
   778   0.248280E+04   0.198510E+02   0.000000E+00  -0.121979E+03   0.842655E-08   0.103054E-04  -0.715217E-06
   779   0.248902E+04   0.195808E+02   0.000000E+00  -0.120814E+03   0.840802E-08   0.102950E-04  -0.705885E-06
   780   0.249510E+04   0.193133E+02   0.000000E+00  -0.119620E+03   0.838955E-08   0.102840E-04  -0.696511E-06
   781   0.250104E+04   0.190485E+02   0.000000E+00  -0.118395E+03   0.837113E-08   0.102724E-04  -0.687097E-06
   782   0.250683E+04   0.187865E+02   0.000000E+00  -0.117140E+03   0.835278E-08   0.102603E-04  -0.677644E-06
   783   0.251249E+04   0.185275E+02   0.000000E+00  -0.115854E+03   0.833448E-08   0.102476E-04  -0.668155E-06
   784   0.251799E+04   0.182716E+02   0.000000E+00  -0.114539E+03   0.831625E-08   0.102343E-04  -0.658631E-06
   785   0.252333E+04   0.180188E+02   0.000000E+00  -0.113195E+03   0.829807E-08   0.102204E-04  -0.649074E-06
   786   0.252850E+04   0.177693E+02   0.000000E+00  -0.111821E+03   0.827994E-08   0.102060E-04  -0.639485E-06
   787   0.253350E+04   0.175232E+02   0.000000E+00  -0.110419E+03   0.826188E-08   0.101910E-04  -0.629865E-06
   788   0.253834E+04   0.172805E+02   0.000000E+00  -0.108987E+03   0.824387E-08   0.101755E-04  -0.620218E-06
   789   0.254298E+04   0.170416E+02   0.000000E+00  -0.107528E+03   0.822592E-08   0.101594E-04  -0.610544E-06
   790   0.254746E+04   0.168063E+02   0.000000E+00  -0.106040E+03   0.820802E-08   0.101428E-04  -0.600845E-06
   791   0.255175E+04   0.165751E+02   0.000000E+00  -0.104528E+03   0.819018E-08   0.101256E-04  -0.591123E-06
   792   0.255587E+04   0.163479E+02   0.000000E+00  -0.102990E+03   0.817240E-08   0.101079E-04  -0.581380E-06
   793   0.255979E+04   0.161250E+02   0.000000E+00  -0.101428E+03   0.815467E-08   0.100897E-04  -0.571616E-06
   794   0.256354E+04   0.159064E+02   0.000000E+00  -0.998420E+02   0.813700E-08   0.100709E-04  -0.561835E-06
   795   0.256708E+04   0.156924E+02   0.000000E+00  -0.982344E+02   0.811938E-08   0.100516E-04  -0.552037E-06
   796   0.257045E+04   0.154829E+02   0.000000E+00  -0.966041E+02   0.810181E-08   0.100318E-04  -0.542224E-06
   797   0.257363E+04   0.152781E+02   0.000000E+00  -0.949527E+02   0.808430E-08   0.100115E-04  -0.532398E-06
   798   0.257661E+04   0.150779E+02   0.000000E+00  -0.932803E+02   0.806685E-08   0.999066E-05  -0.522561E-06
   799   0.257941E+04   0.148826E+02   0.000000E+00  -0.915876E+02   0.804945E-08   0.996932E-05  -0.512714E-06
   800   0.258202E+04   0.146920E+02   0.000000E+00  -0.898739E+02   0.803210E-08   0.994749E-05  -0.502859E-06
   801   0.258443E+04   0.145064E+02   0.000000E+00  -0.881415E+02   0.801480E-08   0.992516E-05  -0.492998E-06
   802   0.258666E+04   0.143256E+02   0.000000E+00  -0.863896E+02   0.799756E-08   0.990234E-05  -0.483131E-06
   803   0.258869E+04   0.141499E+02   0.000000E+00  -0.846191E+02   0.798037E-08   0.987903E-05  -0.473258E-06
   804   0.259052E+04   0.139793E+02   0.000000E+00  -0.828313E+02   0.796323E-08   0.985524E-05  -0.463381E-06
   805   0.259215E+04   0.138140E+02   0.000000E+00  -0.810257E+02   0.794615E-08   0.983097E-05  -0.453500E-06
   806   0.259357E+04   0.136541E+02   0.000000E+00  -0.792043E+02   0.792911E-08   0.980624E-05  -0.443615E-06
   807   0.259477E+04   0.134996E+02   0.000000E+00  -0.773658E+02   0.791213E-08   0.978103E-05  -0.433728E-06
   808   0.259576E+04   0.133508E+02   0.000000E+00  -0.755132E+02   0.789520E-08   0.975537E-05  -0.423838E-06
   809   0.259653E+04   0.132077E+02   0.000000E+00  -0.736456E+02   0.787832E-08   0.972925E-05  -0.413946E-06
   810   0.259708E+04   0.130703E+02   0.000000E+00  -0.717639E+02   0.786150E-08   0.970268E-05  -0.404052E-06
   811   0.259740E+04   0.129388E+02   0.000000E+00  -0.698697E+02   0.784472E-08   0.967566E-05  -0.394158E-06
   812   0.259753E+04   0.128130E+02   0.000000E+00  -0.679637E+02   0.782800E-08   0.964820E-05  -0.384264E-06
   813   0.259744E+04   0.126930E+02   0.000000E+00  -0.660468E+02   0.781132E-08   0.962031E-05  -0.374371E-06
   814   0.259714E+04   0.125790E+02   0.000000E+00  -0.641201E+02   0.779470E-08   0.959198E-05  -0.364478E-06
   815   0.259665E+04   0.124708E+02   0.000000E+00  -0.621843E+02   0.777812E-08   0.956323E-05  -0.354586E-06
   816   0.259596E+04   0.123687E+02   0.000000E+00  -0.602404E+02   0.776160E-08   0.953405E-05  -0.344697E-06
   817   0.259507E+04   0.122726E+02   0.000000E+00  -0.582889E+02   0.774513E-08   0.950447E-05  -0.334810E-06
   818   0.259397E+04   0.121825E+02   0.000000E+00  -0.563300E+02   0.772870E-08   0.947446E-05  -0.324927E-06
   819   0.259266E+04   0.120985E+02   0.000000E+00  -0.543643E+02   0.771232E-08   0.944406E-05  -0.315047E-06
   820   0.259113E+04   0.120208E+02   0.000000E+00  -0.523921E+02   0.769600E-08   0.941325E-05  -0.305171E-06
   821   0.258938E+04   0.119493E+02   0.000000E+00  -0.504138E+02   0.767972E-08   0.938205E-05  -0.295301E-06
   822   0.258740E+04   0.118841E+02   0.000000E+00  -0.484299E+02   0.766349E-08   0.935045E-05  -0.285435E-06
   823   0.258519E+04   0.118253E+02   0.000000E+00  -0.464407E+02   0.764731E-08   0.931847E-05  -0.275576E-06
   824   0.258276E+04   0.117729E+02   0.000000E+00  -0.444474E+02   0.763118E-08   0.928611E-05  -0.265723E-06
   825   0.258011E+04   0.117269E+02   0.000000E+00  -0.424511E+02   0.761509E-08   0.925337E-05  -0.255877E-06
   826   0.257724E+04   0.116874E+02   0.000000E+00  -0.404530E+02   0.759906E-08   0.922026E-05  -0.246039E-06
   827   0.257416E+04   0.116542E+02   0.000000E+00  -0.384545E+02   0.758307E-08   0.918678E-05  -0.236209E-06
   828   0.257087E+04   0.116275E+02   0.000000E+00  -0.364564E+02   0.756712E-08   0.915295E-05  -0.226387E-06
   829   0.256739E+04   0.116072E+02   0.000000E+00  -0.344601E+02   0.755123E-08   0.911875E-05  -0.216575E-06
   830   0.256371E+04   0.115935E+02   0.000000E+00  -0.324666E+02   0.753538E-08   0.908421E-05  -0.206773E-06
   831   0.255984E+04   0.115862E+02   0.000000E+00  -0.304764E+02   0.751958E-08   0.904932E-05  -0.196981E-06
   832   0.255577E+04   0.115854E+02   0.000000E+00  -0.284899E+02   0.750383E-08   0.901409E-05  -0.187201E-06
   833   0.255150E+04   0.115912E+02   0.000000E+00  -0.265074E+02   0.748812E-08   0.897852E-05  -0.177431E-06
   834   0.254702E+04   0.116035E+02   0.000000E+00  -0.245293E+02   0.747246E-08   0.894262E-05  -0.167674E-06
   835   0.254232E+04   0.116224E+02   0.000000E+00  -0.225560E+02   0.745684E-08   0.890640E-05  -0.157930E-06
   836   0.253741E+04   0.116479E+02   0.000000E+00  -0.205878E+02   0.744127E-08   0.886985E-05  -0.148198E-06
   837   0.253228E+04   0.116800E+02   0.000000E+00  -0.186252E+02   0.742575E-08   0.883299E-05  -0.138481E-06
   838   0.252694E+04   0.117188E+02   0.000000E+00  -0.166691E+02   0.741027E-08   0.879582E-05  -0.128777E-06
   839   0.252138E+04   0.117640E+02   0.000000E+00  -0.147205E+02   0.739483E-08   0.875834E-05  -0.119089E-06
   840   0.251563E+04   0.118158E+02   0.000000E+00  -0.127804E+02   0.737945E-08   0.872056E-05  -0.109416E-06
   841   0.250968E+04   0.118741E+02   0.000000E+00  -0.108499E+02   0.736410E-08   0.868249E-05  -0.997588E-07
   842   0.250354E+04   0.119387E+02   0.000000E+00  -0.892984E+01   0.734880E-08   0.864412E-05  -0.901183E-07
   843   0.249720E+04   0.120097E+02   0.000000E+00  -0.702136E+01   0.733355E-08   0.860547E-05  -0.804949E-07
   844   0.249070E+04   0.120870E+02   0.000000E+00  -0.512541E+01   0.731833E-08   0.856653E-05  -0.708892E-07
   845   0.248401E+04   0.121707E+02   0.000000E+00  -0.324251E+01   0.730316E-08   0.852732E-05  -0.613016E-07
   846   0.247714E+04   0.122606E+02   0.000000E+00  -0.137341E+01   0.728804E-08   0.848784E-05  -0.517329E-07
   847   0.247009E+04   0.123570E+02   0.000000E+00   0.481421E+00   0.727296E-08   0.844809E-05  -0.421834E-07
   848   0.246285E+04   0.124597E+02   0.000000E+00   0.232136E+01   0.725792E-08   0.840809E-05  -0.326539E-07
   849   0.245542E+04   0.125688E+02   0.000000E+00   0.414582E+01   0.724293E-08   0.836782E-05  -0.231448E-07
   850   0.244779E+04   0.126842E+02   0.000000E+00   0.595424E+01   0.722797E-08   0.832731E-05  -0.136566E-07
   851   0.243998E+04   0.128061E+02   0.000000E+00   0.774603E+01   0.721306E-08   0.828655E-05  -0.419021E-08
   852   0.243198E+04   0.129342E+02   0.000000E+00   0.952072E+01   0.719820E-08   0.824554E-05   0.525337E-08
   853   0.242380E+04   0.130686E+02   0.000000E+00   0.112778E+02   0.718337E-08   0.820430E-05   0.146728E-07
   854   0.241544E+04   0.132089E+02   0.000000E+00   0.130168E+02   0.716859E-08   0.816282E-05   0.240668E-07
   855   0.240692E+04   0.133553E+02   0.000000E+00   0.147372E+02   0.715385E-08   0.812111E-05   0.334341E-07
   856   0.239823E+04   0.135076E+02   0.000000E+00   0.164386E+02   0.713915E-08   0.807917E-05   0.427733E-07
   857   0.238939E+04   0.136655E+02   0.000000E+00   0.181205E+02   0.712449E-08   0.803701E-05   0.520832E-07
   858   0.238039E+04   0.138291E+02   0.000000E+00   0.197823E+02   0.710987E-08   0.799462E-05   0.613625E-07
   859   0.237124E+04   0.139983E+02   0.000000E+00   0.214233E+02   0.709530E-08   0.795201E-05   0.706099E-07
   860   0.236194E+04   0.141732E+02   0.000000E+00   0.230426E+02   0.708077E-08   0.790919E-05   0.798240E-07
   861   0.235250E+04   0.143536E+02   0.000000E+00   0.246393E+02   0.706627E-08   0.786616E-05   0.890037E-07
   862   0.234291E+04   0.145395E+02   0.000000E+00   0.262127E+02   0.705182E-08   0.782292E-05   0.981475E-07
   863   0.233318E+04   0.147311E+02   0.000000E+00   0.277619E+02   0.703741E-08   0.777948E-05   0.107254E-06
   864   0.232331E+04   0.149281E+02   0.000000E+00   0.292859E+02   0.702304E-08   0.773583E-05   0.116323E-06
   865   0.231329E+04   0.151305E+02   0.000000E+00   0.307843E+02   0.700871E-08   0.769199E-05   0.125351E-06
   866   0.230315E+04   0.153383E+02   0.000000E+00   0.322565E+02   0.699442E-08   0.764795E-05   0.134339E-06
   867   0.229287E+04   0.155514E+02   0.000000E+00   0.337026E+02   0.698017E-08   0.760372E-05   0.143284E-06
   868   0.228245E+04   0.157697E+02   0.000000E+00   0.351223E+02   0.696596E-08   0.755931E-05   0.152186E-06
   869   0.227190E+04   0.159930E+02   0.000000E+00   0.365156E+02   0.695179E-08   0.751471E-05   0.161043E-06
   870   0.226121E+04   0.162214E+02   0.000000E+00   0.378822E+02   0.693766E-08   0.746993E-05   0.169854E-06
   871   0.225040E+04   0.164546E+02   0.000000E+00   0.392221E+02   0.692357E-08   0.742497E-05   0.178618E-06
   872   0.223947E+04   0.166925E+02   0.000000E+00   0.405352E+02   0.690952E-08   0.737984E-05   0.187332E-06
   873   0.222842E+04   0.169350E+02   0.000000E+00   0.418207E+02   0.689551E-08   0.733454E-05   0.195997E-06
   874   0.221725E+04   0.171821E+02   0.000000E+00   0.430783E+02   0.688153E-08   0.728907E-05   0.204610E-06
   875   0.220597E+04   0.174337E+02   0.000000E+00   0.443074E+02   0.686760E-08   0.724344E-05   0.213171E-06
   876   0.219458E+04   0.176894E+02   0.000000E+00   0.455076E+02   0.685370E-08   0.719765E-05   0.221677E-06
   877   0.218309E+04   0.179493E+02   0.000000E+00   0.466781E+02   0.683985E-08   0.715170E-05   0.230129E-06
   878   0.217152E+04   0.182133E+02   0.000000E+00   0.478185E+02   0.682603E-08   0.710560E-05   0.238524E-06
   879   0.215985E+04   0.184811E+02   0.000000E+00   0.489283E+02   0.681225E-08   0.705935E-05   0.246861E-06
   880   0.214810E+04   0.187528E+02   0.000000E+00   0.500070E+02   0.679851E-08   0.701296E-05   0.255139E-06
   881   0.213626E+04   0.190282E+02   0.000000E+00   0.510542E+02   0.678481E-08   0.696642E-05   0.263357E-06
   882   0.212435E+04   0.193073E+02   0.000000E+00   0.520693E+02   0.677114E-08   0.691974E-05   0.271513E-06
   883   0.211236E+04   0.195898E+02   0.000000E+00   0.530519E+02   0.675751E-08   0.687293E-05   0.279606E-06
   884   0.210028E+04   0.198759E+02   0.000000E+00   0.540016E+02   0.674392E-08   0.682599E-05   0.287634E-06
   885   0.208813E+04   0.201654E+02   0.000000E+00   0.549179E+02   0.673037E-08   0.677891E-05   0.295597E-06
   886   0.207591E+04   0.204581E+02   0.000000E+00   0.558003E+02   0.671685E-08   0.673171E-05   0.303494E-06
   887   0.206362E+04   0.207541E+02   0.000000E+00   0.566488E+02   0.670337E-08   0.668439E-05   0.311322E-06
   888   0.205126E+04   0.210531E+02   0.000000E+00   0.574633E+02   0.668993E-08   0.663695E-05   0.319080E-06
   889   0.203884E+04   0.213549E+02   0.000000E+00   0.582439E+02   0.667653E-08   0.658940E-05   0.326768E-06
   890   0.202636E+04   0.216596E+02   0.000000E+00   0.589904E+02   0.666316E-08   0.654173E-05   0.334384E-06
   891   0.201383E+04   0.219669E+02   0.000000E+00   0.597030E+02   0.664983E-08   0.649396E-05   0.341926E-06
   892   0.200124E+04   0.222768E+02   0.000000E+00   0.603814E+02   0.663653E-08   0.644608E-05   0.349394E-06
   893   0.198860E+04   0.225891E+02   0.000000E+00   0.610258E+02   0.662327E-08   0.639810E-05   0.356786E-06
   894   0.197593E+04   0.229036E+02   0.000000E+00   0.616360E+02   0.661005E-08   0.635002E-05   0.364101E-06
   895   0.196321E+04   0.232202E+02   0.000000E+00   0.622118E+02   0.659686E-08   0.630185E-05   0.371337E-06
   896   0.195046E+04   0.235387E+02   0.000000E+00   0.627533E+02   0.658371E-08   0.625359E-05   0.378493E-06
   897   0.193768E+04   0.238591E+02   0.000000E+00   0.632601E+02   0.657059E-08   0.620524E-05   0.385568E-06
   898   0.192487E+04   0.241811E+02   0.000000E+00   0.637324E+02   0.655751E-08   0.615681E-05   0.392561E-06
   899   0.191204E+04   0.245046E+02   0.000000E+00   0.641698E+02   0.654447E-08   0.610829E-05   0.399470E-06
   900   0.189919E+04   0.248294E+02   0.000000E+00   0.645724E+02   0.653146E-08   0.605970E-05   0.406294E-06
   901   0.188632E+04   0.251554E+02   0.000000E+00   0.649400E+02   0.651848E-08   0.601104E-05   0.413032E-06
   902   0.187345E+04   0.254825E+02   0.000000E+00   0.652725E+02   0.650554E-08   0.596230E-05   0.419684E-06
   903   0.186057E+04   0.258106E+02   0.000000E+00   0.655699E+02   0.649264E-08   0.591351E-05   0.426250E-06
   904   0.184768E+04   0.261395E+02   0.000000E+00   0.658322E+02   0.647977E-08   0.586465E-05   0.432730E-06
   905   0.183480E+04   0.264691E+02   0.000000E+00   0.660592E+02   0.646693E-08   0.581574E-05   0.439123E-06
   906   0.182192E+04   0.267994E+02   0.000000E+00   0.662508E+02   0.645413E-08   0.576678E-05   0.445432E-06
   907   0.180906E+04   0.271300E+02   0.000000E+00   0.664070E+02   0.644136E-08   0.571778E-05   0.451654E-06
   908   0.179621E+04   0.274609E+02   0.000000E+00   0.665280E+02   0.642863E-08   0.566874E-05   0.457790E-06
   909   0.178338E+04   0.277922E+02   0.000000E+00   0.666137E+02   0.641593E-08   0.561966E-05   0.463842E-06
   910   0.177056E+04   0.281235E+02   0.000000E+00   0.666642E+02   0.640327E-08   0.557056E-05   0.469807E-06
   911   0.175777E+04   0.284547E+02   0.000000E+00   0.666798E+02   0.639063E-08   0.552143E-05   0.475688E-06
   912   0.174501E+04   0.287858E+02   0.000000E+00   0.666604E+02   0.637804E-08   0.547228E-05   0.481483E-06
   913   0.173228E+04   0.291167E+02   0.000000E+00   0.666063E+02   0.636547E-08   0.542312E-05   0.487193E-06
   914   0.171958E+04   0.294472E+02   0.000000E+00   0.665174E+02   0.635294E-08   0.537395E-05   0.492818E-06
   915   0.170692E+04   0.297771E+02   0.000000E+00   0.663940E+02   0.634045E-08   0.532477E-05   0.498358E-06
   916   0.169430E+04   0.301065E+02   0.000000E+00   0.662362E+02   0.632799E-08   0.527560E-05   0.503813E-06
   917   0.168172E+04   0.304349E+02   0.000000E+00   0.660441E+02   0.631556E-08   0.522643E-05   0.509183E-06
   918   0.166918E+04   0.307625E+02   0.000000E+00   0.658180E+02   0.630316E-08   0.517727E-05   0.514469E-06
   919   0.165669E+04   0.310890E+02   0.000000E+00   0.655579E+02   0.629080E-08   0.512812E-05   0.519670E-06
   920   0.164426E+04   0.314143E+02   0.000000E+00   0.652641E+02   0.627846E-08   0.507900E-05   0.524786E-06
   921   0.163187E+04   0.317381E+02   0.000000E+00   0.649367E+02   0.626617E-08   0.502990E-05   0.529819E-06
   922   0.161954E+04   0.320606E+02   0.000000E+00   0.645761E+02   0.625390E-08   0.498083E-05   0.534767E-06
   923   0.160729E+04   0.323814E+02   0.000000E+00   0.641827E+02   0.624167E-08   0.493180E-05   0.539630E-06
   924   0.159508E+04   0.327006E+02   0.000000E+00   0.637567E+02   0.622947E-08   0.488280E-05   0.544410E-06
   925   0.158295E+04   0.330178E+02   0.000000E+00   0.632986E+02   0.621730E-08   0.483386E-05   0.549106E-06
   926   0.157089E+04   0.333331E+02   0.000000E+00   0.628089E+02   0.620517E-08   0.478496E-05   0.553717E-06
   927   0.155891E+04   0.336463E+02   0.000000E+00   0.622877E+02   0.619306E-08   0.473611E-05   0.558245E-06
   928   0.154701E+04   0.339573E+02   0.000000E+00   0.617356E+02   0.618099E-08   0.468733E-05   0.562689E-06
   929   0.153519E+04   0.342659E+02   0.000000E+00   0.611528E+02   0.616895E-08   0.463861E-05   0.567050E-06
   930   0.152346E+04   0.345720E+02   0.000000E+00   0.605396E+02   0.615695E-08   0.458996E-05   0.571327E-06
   931   0.151180E+04   0.348756E+02   0.000000E+00   0.598964E+02   0.614497E-08   0.454139E-05   0.575521E-06
   932   0.150025E+04   0.351764E+02   0.000000E+00   0.592234E+02   0.613303E-08   0.449289E-05   0.579631E-06
   933   0.148879E+04   0.354743E+02   0.000000E+00   0.585210E+02   0.612111E-08   0.444448E-05   0.583658E-06
   934   0.147742E+04   0.357692E+02   0.000000E+00   0.577894E+02   0.610923E-08   0.439616E-05   0.587602E-06
   935   0.146615E+04   0.360610E+02   0.000000E+00   0.570291E+02   0.609738E-08   0.434793E-05   0.591463E-06
   936   0.145498E+04   0.363494E+02   0.000000E+00   0.562403E+02   0.608556E-08   0.429981E-05   0.595240E-06
   937   0.144391E+04   0.366345E+02   0.000000E+00   0.554236E+02   0.607378E-08   0.425178E-05   0.598936E-06
   938   0.143295E+04   0.369161E+02   0.000000E+00   0.545792E+02   0.606202E-08   0.420387E-05   0.602548E-06
   939   0.142210E+04   0.371940E+02   0.000000E+00   0.537077E+02   0.605029E-08   0.415607E-05   0.606077E-06
   940   0.141135E+04   0.374682E+02   0.000000E+00   0.528095E+02   0.603860E-08   0.410839E-05   0.609524E-06
   941   0.140073E+04   0.377385E+02   0.000000E+00   0.518850E+02   0.602693E-08   0.406083E-05   0.612889E-06
   942   0.139021E+04   0.380048E+02   0.000000E+00   0.509345E+02   0.601530E-08   0.401340E-05   0.616171E-06
   943   0.137982E+04   0.382670E+02   0.000000E+00   0.499586E+02   0.600370E-08   0.396611E-05   0.619371E-06
   944   0.136954E+04   0.385251E+02   0.000000E+00   0.489579E+02   0.599212E-08   0.391895E-05   0.622488E-06
   945   0.135939E+04   0.387788E+02   0.000000E+00   0.479327E+02   0.598058E-08   0.387194E-05   0.625524E-06
   946   0.134936E+04   0.390282E+02   0.000000E+00   0.468837E+02   0.596907E-08   0.382508E-05   0.628477E-06
   947   0.133947E+04   0.392729E+02   0.000000E+00   0.458114E+02   0.595758E-08   0.377837E-05   0.631349E-06
   948   0.132970E+04   0.395132E+02   0.000000E+00   0.447162E+02   0.594613E-08   0.373182E-05   0.634139E-06
   949   0.132006E+04   0.397488E+02   0.000000E+00   0.435986E+02   0.593471E-08   0.368544E-05   0.636847E-06
   950   0.131056E+04   0.399795E+02   0.000000E+00   0.424593E+02   0.592331E-08   0.363922E-05   0.639474E-06
   951   0.130119E+04   0.402053E+02   0.000000E+00   0.412986E+02   0.591195E-08   0.359317E-05   0.642019E-06
   952   0.129196E+04   0.404261E+02   0.000000E+00   0.401172E+02   0.590061E-08   0.354730E-05   0.644482E-06
   953   0.128286E+04   0.406419E+02   0.000000E+00   0.389154E+02   0.588931E-08   0.350161E-05   0.646866E-06
   954   0.127390E+04   0.408524E+02   0.000000E+00   0.376938E+02   0.587803E-08   0.345610E-05   0.649169E-06
   955   0.126509E+04   0.410577E+02   0.000000E+00   0.364529E+02   0.586679E-08   0.341077E-05   0.651392E-06
   956   0.125642E+04   0.412576E+02   0.000000E+00   0.351932E+02   0.585557E-08   0.336563E-05   0.653535E-06
   957   0.124790E+04   0.414520E+02   0.000000E+00   0.339153E+02   0.584438E-08   0.332067E-05   0.655600E-06
   958   0.123951E+04   0.416410E+02   0.000000E+00   0.326198E+02   0.583322E-08   0.327590E-05   0.657586E-06
   959   0.123128E+04   0.418245E+02   0.000000E+00   0.313076E+02   0.582209E-08   0.323132E-05   0.659493E-06
   960   0.122319E+04   0.420024E+02   0.000000E+00   0.299791E+02   0.581099E-08   0.318693E-05   0.661323E-06
   961   0.121526E+04   0.421746E+02   0.000000E+00   0.286351E+02   0.579991E-08   0.314274E-05   0.663076E-06
   962   0.120747E+04   0.423413E+02   0.000000E+00   0.272761E+02   0.578887E-08   0.309874E-05   0.664752E-06
   963   0.119985E+04   0.425022E+02   0.000000E+00   0.259031E+02   0.577785E-08   0.305495E-05   0.666351E-06
   964   0.119237E+04   0.426573E+02   0.000000E+00   0.245163E+02   0.576686E-08   0.301135E-05   0.667874E-06
   965   0.118505E+04   0.428066E+02   0.000000E+00   0.231164E+02   0.575590E-08   0.296796E-05   0.669321E-06
   966   0.117788E+04   0.429500E+02   0.000000E+00   0.217040E+02   0.574497E-08   0.292477E-05   0.670693E-06
   967   0.117087E+04   0.430874E+02   0.000000E+00   0.202797E+02   0.573407E-08   0.288180E-05   0.671990E-06
   968   0.116402E+04   0.432188E+02   0.000000E+00   0.188441E+02   0.572320E-08   0.283903E-05   0.673213E-06
   969   0.115732E+04   0.433441E+02   0.000000E+00   0.173977E+02   0.571235E-08   0.279647E-05   0.674361E-06
   970   0.115079E+04   0.434632E+02   0.000000E+00   0.159411E+02   0.570153E-08   0.275413E-05   0.675436E-06
   971   0.114440E+04   0.435762E+02   0.000000E+00   0.144750E+02   0.569074E-08   0.271200E-05   0.676438E-06
   972   0.113818E+04   0.436829E+02   0.000000E+00   0.130000E+02   0.567997E-08   0.267010E-05   0.677367E-06
   973   0.113212E+04   0.437833E+02   0.000000E+00   0.115167E+02   0.566924E-08   0.262841E-05   0.678224E-06
   974   0.112622E+04   0.438775E+02   0.000000E+00   0.100258E+02   0.565853E-08   0.258695E-05   0.679009E-06
   975   0.112047E+04   0.439654E+02   0.000000E+00   0.852792E+01   0.564785E-08   0.254571E-05   0.679722E-06
   976   0.111488E+04   0.440469E+02   0.000000E+00   0.702365E+01   0.563720E-08   0.250470E-05   0.680364E-06
   977   0.110946E+04   0.441220E+02   0.000000E+00   0.551378E+01   0.562657E-08   0.246392E-05   0.680935E-06
   978   0.110420E+04   0.441907E+02   0.000000E+00   0.399877E+01   0.561597E-08   0.242337E-05   0.681436E-06
   979   0.109909E+04   0.442531E+02   0.000000E+00   0.247933E+01   0.560540E-08   0.238305E-05   0.681867E-06
   980   0.109415E+04   0.443090E+02   0.000000E+00   0.956030E+00   0.559486E-08   0.234297E-05   0.682228E-06
   981   0.108937E+04   0.443585E+02   0.000000E+00  -0.570515E+00   0.558434E-08   0.230312E-05   0.682521E-06
   982   0.108474E+04   0.444016E+02   0.000000E+00  -0.209969E+01   0.557385E-08   0.226352E-05   0.682745E-06
   983   0.108027E+04   0.444383E+02   0.000000E+00  -0.363089E+01   0.556339E-08   0.222416E-05   0.682901E-06
   984   0.107597E+04   0.444685E+02   0.000000E+00  -0.516352E+01   0.555295E-08   0.218504E-05   0.682988E-06
   985   0.107182E+04   0.444922E+02   0.000000E+00  -0.669702E+01   0.554254E-08   0.214617E-05   0.683009E-06
   986   0.106783E+04   0.445094E+02   0.000000E+00  -0.823082E+01   0.553216E-08   0.210755E-05   0.682962E-06
   987   0.106401E+04   0.445202E+02   0.000000E+00  -0.976440E+01   0.552180E-08   0.206917E-05   0.682849E-06
   988   0.106034E+04   0.445243E+02   0.000000E+00  -0.112972E+02   0.551147E-08   0.203106E-05   0.682670E-06
   989   0.105682E+04   0.445220E+02   0.000000E+00  -0.128287E+02   0.550117E-08   0.199319E-05   0.682425E-06
   990   0.105347E+04   0.445130E+02   0.000000E+00  -0.143582E+02   0.549089E-08   0.195558E-05   0.682115E-06
   991   0.105026E+04   0.444975E+02   0.000000E+00  -0.158854E+02   0.548064E-08   0.191824E-05   0.681740E-06
   992   0.104722E+04   0.444754E+02   0.000000E+00  -0.174095E+02   0.547042E-08   0.188115E-05   0.681300E-06
   993   0.104433E+04   0.444467E+02   0.000000E+00  -0.189298E+02   0.546022E-08   0.184433E-05   0.680797E-06
   994   0.104160E+04   0.444114E+02   0.000000E+00  -0.204456E+02   0.545004E-08   0.180777E-05   0.680230E-06
   995   0.103902E+04   0.443698E+02   0.000000E+00  -0.219564E+02   0.543990E-08   0.177148E-05   0.679599E-06
   996   0.103660E+04   0.443216E+02   0.000000E+00  -0.234615E+02   0.542977E-08   0.173546E-05   0.678906E-06
   997   0.103432E+04   0.442669E+02   0.000000E+00  -0.249601E+02   0.541968E-08   0.169972E-05   0.678150E-06
   998   0.103221E+04   0.442057E+02   0.000000E+00  -0.264517E+02   0.540961E-08   0.166424E-05   0.677332E-06
   999   0.103024E+04   0.441381E+02   0.000000E+00  -0.279354E+02   0.539956E-08   0.162905E-05   0.676453E-06
  1000   0.102842E+04   0.440642E+02   0.000000E+00  -0.294106E+02   0.538954E-08   0.159413E-05   0.675513E-06
  1001   0.102674E+04   0.439837E+02   0.000000E+00  -0.308765E+02   0.537955E-08   0.155949E-05   0.674511E-06
  1002   0.102522E+04   0.438969E+02   0.000000E+00  -0.323325E+02   0.536958E-08   0.152514E-05   0.673450E-06
  1003   0.102383E+04   0.438036E+02   0.000000E+00  -0.337778E+02   0.535964E-08   0.149106E-05   0.672328E-06
  1004   0.102259E+04   0.437039E+02   0.000000E+00  -0.352117E+02   0.534972E-08   0.145727E-05   0.671146E-06
  1005   0.102148E+04   0.435978E+02   0.000000E+00  -0.366337E+02   0.533983E-08   0.142377E-05   0.669905E-06
  1006   0.102052E+04   0.434854E+02   0.000000E+00  -0.380433E+02   0.532996E-08   0.139055E-05   0.668604E-06
  1007   0.101969E+04   0.433669E+02   0.000000E+00  -0.394402E+02   0.532012E-08   0.135761E-05   0.667245E-06
  1008   0.101899E+04   0.432425E+02   0.000000E+00  -0.408242E+02   0.531030E-08   0.132497E-05   0.665826E-06
  1009   0.101844E+04   0.431124E+02   0.000000E+00  -0.421949E+02   0.530050E-08   0.129261E-05   0.664350E-06
  1010   0.101800E+04   0.429766E+02   0.000000E+00  -0.435521E+02   0.529074E-08   0.126054E-05   0.662815E-06
  1011   0.101771E+04   0.428353E+02   0.000000E+00  -0.448954E+02   0.528099E-08   0.122876E-05   0.661222E-06
  1012   0.101753E+04   0.426887E+02   0.000000E+00  -0.462246E+02   0.527127E-08   0.119727E-05   0.659571E-06
  1013   0.101748E+04   0.425367E+02   0.000000E+00  -0.475392E+02   0.526158E-08   0.116607E-05   0.657864E-06
  1014   0.101757E+04   0.423794E+02   0.000000E+00  -0.488387E+02   0.525191E-08   0.113516E-05   0.656099E-06
  1015   0.101777E+04   0.422165E+02   0.000000E+00  -0.501228E+02   0.524226E-08   0.110455E-05   0.654277E-06
  1016   0.101810E+04   0.420481E+02   0.000000E+00  -0.513911E+02   0.523264E-08   0.107423E-05   0.652399E-06
  1017   0.101857E+04   0.418741E+02   0.000000E+00  -0.526430E+02   0.522304E-08   0.104421E-05   0.650465E-06
  1018   0.101914E+04   0.416945E+02   0.000000E+00  -0.538782E+02   0.521347E-08   0.101448E-05   0.648475E-06
  1019   0.101984E+04   0.415093E+02   0.000000E+00  -0.550961E+02   0.520392E-08   0.985053E-06   0.646429E-06
  1020   0.102066E+04   0.413185E+02   0.000000E+00  -0.562962E+02   0.519440E-08   0.955921E-06   0.644328E-06
  1021   0.102159E+04   0.411224E+02   0.000000E+00  -0.574777E+02   0.518490E-08   0.927088E-06   0.642172E-06
  1022   0.102264E+04   0.409211E+02   0.000000E+00  -0.586399E+02   0.517542E-08   0.898555E-06   0.639962E-06
  1023   0.102378E+04   0.407147E+02   0.000000E+00  -0.597822E+02   0.516597E-08   0.870322E-06   0.637696E-06
  1024   0.102504E+04   0.405035E+02   0.000000E+00  -0.609039E+02   0.515654E-08   0.842391E-06   0.635377E-06
  1025   0.102639E+04   0.402876E+02   0.000000E+00  -0.620043E+02   0.514713E-08   0.814762E-06   0.633004E-06
  1026   0.102785E+04   0.400672E+02   0.000000E+00  -0.630827E+02   0.513775E-08   0.787437E-06   0.630577E-06
  1027   0.102940E+04   0.398424E+02   0.000000E+00  -0.641393E+02   0.512839E-08   0.760415E-06   0.628097E-06
  1028   0.103104E+04   0.396131E+02   0.000000E+00  -0.651740E+02   0.511906E-08   0.733699E-06   0.625563E-06
  1029   0.103278E+04   0.393796E+02   0.000000E+00  -0.661869E+02   0.510975E-08   0.707289E-06   0.622977E-06
  1030   0.103461E+04   0.391417E+02   0.000000E+00  -0.671782E+02   0.510046E-08   0.681186E-06   0.620339E-06
  1031   0.103654E+04   0.388997E+02   0.000000E+00  -0.681479E+02   0.509120E-08   0.655391E-06   0.617648E-06
  1032   0.103855E+04   0.386536E+02   0.000000E+00  -0.690961E+02   0.508196E-08   0.629905E-06   0.614906E-06
  1033   0.104066E+04   0.384034E+02   0.000000E+00  -0.700228E+02   0.507274E-08   0.604728E-06   0.612112E-06
  1034   0.104285E+04   0.381492E+02   0.000000E+00  -0.709275E+02   0.506354E-08   0.579862E-06   0.609266E-06
  1035   0.104513E+04   0.378913E+02   0.000000E+00  -0.718095E+02   0.505437E-08   0.555307E-06   0.606370E-06
  1036   0.104748E+04   0.376297E+02   0.000000E+00  -0.726683E+02   0.504522E-08   0.531065E-06   0.603423E-06
  1037   0.104991E+04   0.373647E+02   0.000000E+00  -0.735032E+02   0.503610E-08   0.507136E-06   0.600425E-06
  1038   0.105241E+04   0.370962E+02   0.000000E+00  -0.743137E+02   0.502700E-08   0.483521E-06   0.597377E-06
  1039   0.105498E+04   0.368246E+02   0.000000E+00  -0.750991E+02   0.501792E-08   0.460221E-06   0.594279E-06
  1040   0.105762E+04   0.365498E+02   0.000000E+00  -0.758588E+02   0.500886E-08   0.437238E-06   0.591132E-06
  1041   0.106032E+04   0.362720E+02   0.000000E+00  -0.765929E+02   0.499983E-08   0.414571E-06   0.587935E-06
  1042   0.106307E+04   0.359911E+02   0.000000E+00  -0.773011E+02   0.499081E-08   0.392222E-06   0.584689E-06
  1043   0.106589E+04   0.357073E+02   0.000000E+00  -0.779834E+02   0.498183E-08   0.370192E-06   0.581395E-06
  1044   0.106876E+04   0.354206E+02   0.000000E+00  -0.786402E+02   0.497286E-08   0.348481E-06   0.578052E-06
  1045   0.107169E+04   0.351308E+02   0.000000E+00  -0.792709E+02   0.496391E-08   0.327091E-06   0.574661E-06
  1046   0.107467E+04   0.348383E+02   0.000000E+00  -0.798762E+02   0.495499E-08   0.306022E-06   0.571222E-06
  1047   0.107771E+04   0.345429E+02   0.000000E+00  -0.804554E+02   0.494609E-08   0.285276E-06   0.567735E-06
  1048   0.108079E+04   0.342447E+02   0.000000E+00  -0.810085E+02   0.493721E-08   0.264853E-06   0.564201E-06
  1049   0.108392E+04   0.339442E+02   0.000000E+00  -0.815349E+02   0.492836E-08   0.244754E-06   0.560620E-06
  1050   0.108709E+04   0.336415E+02   0.000000E+00  -0.820360E+02   0.491953E-08   0.224980E-06   0.556992E-06
  1051   0.109030E+04   0.333368E+02   0.000000E+00  -0.825112E+02   0.491072E-08   0.205532E-06   0.553318E-06
  1052   0.109354E+04   0.330301E+02   0.000000E+00  -0.829596E+02   0.490193E-08   0.186408E-06   0.549598E-06
  1053   0.109682E+04   0.327219E+02   0.000000E+00  -0.833814E+02   0.489316E-08   0.167609E-06   0.545833E-06
  1054   0.110014E+04   0.324123E+02   0.000000E+00  -0.837765E+02   0.488441E-08   0.149132E-06   0.542024E-06
  1055   0.110347E+04   0.321014E+02   0.000000E+00  -0.841458E+02   0.487569E-08   0.130978E-06   0.538171E-06
  1056   0.110684E+04   0.317892E+02   0.000000E+00  -0.844886E+02   0.486699E-08   0.113144E-06   0.534275E-06
  1057   0.111023E+04   0.314759E+02   0.000000E+00  -0.848041E+02   0.485831E-08   0.956307E-07   0.530337E-06
  1058   0.111364E+04   0.311616E+02   0.000000E+00  -0.850939E+02   0.484965E-08   0.784360E-07   0.526358E-06
  1059   0.111706E+04   0.308463E+02   0.000000E+00  -0.853565E+02   0.484101E-08   0.615593E-07   0.522338E-06
  1060   0.112051E+04   0.305302E+02   0.000000E+00  -0.855920E+02   0.483240E-08   0.449994E-07   0.518279E-06
  1061   0.112397E+04   0.302134E+02   0.000000E+00  -0.858019E+02   0.482380E-08   0.287554E-07   0.514179E-06
  1062   0.112744E+04   0.298960E+02   0.000000E+00  -0.859839E+02   0.481523E-08   0.128264E-07   0.510042E-06
  1063   0.113092E+04   0.295780E+02   0.000000E+00  -0.861404E+02   0.480668E-08  -0.278878E-08   0.505867E-06
  1064   0.113441E+04   0.292597E+02   0.000000E+00  -0.862700E+02   0.479815E-08  -0.180910E-07   0.501654E-06
  1065   0.113790E+04   0.289410E+02   0.000000E+00  -0.863725E+02   0.478964E-08  -0.330814E-07   0.497406E-06
  1066   0.114139E+04   0.286222E+02   0.000000E+00  -0.864497E+02   0.478115E-08  -0.477609E-07   0.493122E-06
  1067   0.114488E+04   0.283032E+02   0.000000E+00  -0.864999E+02   0.477268E-08  -0.621305E-07   0.488803E-06
  1068   0.114837E+04   0.279844E+02   0.000000E+00  -0.865241E+02   0.476424E-08  -0.761912E-07   0.484449E-06
  1069   0.115185E+04   0.276657E+02   0.000000E+00  -0.865222E+02   0.475581E-08  -0.899440E-07   0.480063E-06
  1070   0.115533E+04   0.273473E+02   0.000000E+00  -0.864943E+02   0.474741E-08  -0.103390E-06   0.475644E-06
  1071   0.115879E+04   0.270293E+02   0.000000E+00  -0.864404E+02   0.473903E-08  -0.116530E-06   0.471192E-06
  1072   0.116225E+04   0.267119E+02   0.000000E+00  -0.863613E+02   0.473066E-08  -0.129365E-06   0.466710E-06
  1073   0.116568E+04   0.263952E+02   0.000000E+00  -0.862563E+02   0.472232E-08  -0.141897E-06   0.462197E-06
  1074   0.116910E+04   0.260793E+02   0.000000E+00  -0.861261E+02   0.471400E-08  -0.154125E-06   0.457654E-06
  1075   0.117249E+04   0.257644E+02   0.000000E+00  -0.859709E+02   0.470570E-08  -0.166052E-06   0.453082E-06
  1076   0.117588E+04   0.254505E+02   0.000000E+00  -0.857898E+02   0.469742E-08  -0.177678E-06   0.448482E-06
  1077   0.117923E+04   0.251377E+02   0.000000E+00  -0.855845E+02   0.468916E-08  -0.189004E-06   0.443855E-06
  1078   0.118256E+04   0.248263E+02   0.000000E+00  -0.853550E+02   0.468092E-08  -0.200031E-06   0.439200E-06
  1079   0.118585E+04   0.245163E+02   0.000000E+00  -0.851005E+02   0.467270E-08  -0.210760E-06   0.434519E-06
  1080   0.118912E+04   0.242078E+02   0.000000E+00  -0.848225E+02   0.466451E-08  -0.221193E-06   0.429813E-06
  1081   0.119235E+04   0.239010E+02   0.000000E+00  -0.845197E+02   0.465633E-08  -0.231329E-06   0.425082E-06
  1082   0.119555E+04   0.235959E+02   0.000000E+00  -0.841936E+02   0.464817E-08  -0.241171E-06   0.420327E-06
  1083   0.119871E+04   0.232927E+02   0.000000E+00  -0.838441E+02   0.464003E-08  -0.250719E-06   0.415549E-06
  1084   0.120183E+04   0.229915E+02   0.000000E+00  -0.834714E+02   0.463192E-08  -0.259975E-06   0.410749E-06
  1085   0.120491E+04   0.226923E+02   0.000000E+00  -0.830762E+02   0.462382E-08  -0.268938E-06   0.405927E-06
  1086   0.120794E+04   0.223954E+02   0.000000E+00  -0.826570E+02   0.461574E-08  -0.277611E-06   0.401083E-06
  1087   0.121093E+04   0.221006E+02   0.000000E+00  -0.822162E+02   0.460769E-08  -0.285993E-06   0.396219E-06
  1088   0.121387E+04   0.218084E+02   0.000000E+00  -0.817529E+02   0.459965E-08  -0.294087E-06   0.391336E-06
  1089   0.121675E+04   0.215186E+02   0.000000E+00  -0.812674E+02   0.459163E-08  -0.301894E-06   0.386434E-06
  1090   0.121959E+04   0.212314E+02   0.000000E+00  -0.807602E+02   0.458363E-08  -0.309413E-06   0.381513E-06
  1091   0.122237E+04   0.209469E+02   0.000000E+00  -0.802323E+02   0.457565E-08  -0.316647E-06   0.376576E-06
  1092   0.122510E+04   0.206653E+02   0.000000E+00  -0.796829E+02   0.456770E-08  -0.323596E-06   0.371621E-06
  1093   0.122776E+04   0.203866E+02   0.000000E+00  -0.791136E+02   0.455976E-08  -0.330261E-06   0.366650E-06
  1094   0.123037E+04   0.201110E+02   0.000000E+00  -0.785235E+02   0.455184E-08  -0.336643E-06   0.361665E-06
  1095   0.123292E+04   0.198386E+02   0.000000E+00  -0.779143E+02   0.454394E-08  -0.342744E-06   0.356664E-06
  1096   0.123540E+04   0.195694E+02   0.000000E+00  -0.772853E+02   0.453606E-08  -0.348564E-06   0.351650E-06
  1097   0.123783E+04   0.193037E+02   0.000000E+00  -0.766371E+02   0.452820E-08  -0.354104E-06   0.346623E-06
  1098   0.124019E+04   0.190414E+02   0.000000E+00  -0.759707E+02   0.452036E-08  -0.359365E-06   0.341583E-06
  1099   0.124247E+04   0.187827E+02   0.000000E+00  -0.752861E+02   0.451253E-08  -0.364349E-06   0.336532E-06
  1100   0.124470E+04   0.185277E+02   0.000000E+00  -0.745839E+02   0.450473E-08  -0.369056E-06   0.331470E-06
  1101   0.124684E+04   0.182763E+02   0.000000E+00  -0.738636E+02   0.449694E-08  -0.373487E-06   0.326398E-06
  1102   0.124892E+04   0.180288E+02   0.000000E+00  -0.731265E+02   0.448918E-08  -0.377644E-06   0.321316E-06
  1103   0.125092E+04   0.177852E+02   0.000000E+00  -0.723721E+02   0.448143E-08  -0.381530E-06   0.316224E-06
  1104   0.125286E+04   0.175456E+02   0.000000E+00  -0.716016E+02   0.447371E-08  -0.385145E-06   0.311124E-06
  1105   0.125471E+04   0.173099E+02   0.000000E+00  -0.708152E+02   0.446600E-08  -0.388492E-06   0.306016E-06
  1106   0.125648E+04   0.170784E+02   0.000000E+00  -0.700132E+02   0.445831E-08  -0.391572E-06   0.300900E-06
  1107   0.125818E+04   0.168511E+02   0.000000E+00  -0.691960E+02   0.445064E-08  -0.394388E-06   0.295776E-06
  1108   0.125980E+04   0.166281E+02   0.000000E+00  -0.683642E+02   0.444299E-08  -0.396942E-06   0.290645E-06
  1109   0.126134E+04   0.164094E+02   0.000000E+00  -0.675181E+02   0.443535E-08  -0.399234E-06   0.285508E-06
  1110   0.126280E+04   0.161952E+02   0.000000E+00  -0.666581E+02   0.442774E-08  -0.401268E-06   0.280365E-06
  1111   0.126417E+04   0.159854E+02   0.000000E+00  -0.657848E+02   0.442014E-08  -0.403044E-06   0.275216E-06
  1112   0.126546E+04   0.157802E+02   0.000000E+00  -0.648984E+02   0.441257E-08  -0.404565E-06   0.270062E-06
  1113   0.126667E+04   0.155796E+02   0.000000E+00  -0.639996E+02   0.440501E-08  -0.405833E-06   0.264904E-06
  1114   0.126780E+04   0.153837E+02   0.000000E+00  -0.630887E+02   0.439747E-08  -0.406849E-06   0.259741E-06
  1115   0.126884E+04   0.151925E+02   0.000000E+00  -0.621661E+02   0.438994E-08  -0.407616E-06   0.254574E-06
  1116   0.126979E+04   0.150061E+02   0.000000E+00  -0.612325E+02   0.438244E-08  -0.408135E-06   0.249405E-06
  1117   0.127066E+04   0.148246E+02   0.000000E+00  -0.602880E+02   0.437496E-08  -0.408408E-06   0.244232E-06
  1118   0.127144E+04   0.146479E+02   0.000000E+00  -0.593333E+02   0.436749E-08  -0.408436E-06   0.239057E-06
  1119   0.127213E+04   0.144763E+02   0.000000E+00  -0.583688E+02   0.436004E-08  -0.408223E-06   0.233880E-06
  1120   0.127272E+04   0.143095E+02   0.000000E+00  -0.573949E+02   0.435261E-08  -0.407769E-06   0.228702E-06
  1121   0.127323E+04   0.141479E+02   0.000000E+00  -0.564121E+02   0.434520E-08  -0.407077E-06   0.223523E-06
  1122   0.127365E+04   0.139914E+02   0.000000E+00  -0.554208E+02   0.433780E-08  -0.406148E-06   0.218343E-06
  1123   0.127398E+04   0.138399E+02   0.000000E+00  -0.544215E+02   0.433043E-08  -0.404985E-06   0.213163E-06
  1124   0.127422E+04   0.136937E+02   0.000000E+00  -0.534146E+02   0.432307E-08  -0.403589E-06   0.207984E-06
  1125   0.127436E+04   0.135527E+02   0.000000E+00  -0.524006E+02   0.431573E-08  -0.401961E-06   0.202805E-06
  1126   0.127441E+04   0.134169E+02   0.000000E+00  -0.513801E+02   0.430840E-08  -0.400105E-06   0.197628E-06
  1127   0.127436E+04   0.132864E+02   0.000000E+00  -0.503535E+02   0.430110E-08  -0.398021E-06   0.192452E-06
  1128   0.127423E+04   0.131613E+02   0.000000E+00  -0.493216E+02   0.429381E-08  -0.395712E-06   0.187279E-06
  1129   0.127400E+04   0.130416E+02   0.000000E+00  -0.482845E+02   0.428654E-08  -0.393179E-06   0.182108E-06
  1130   0.127369E+04   0.129272E+02   0.000000E+00  -0.472430E+02   0.427929E-08  -0.390424E-06   0.176941E-06
  1131   0.127327E+04   0.128183E+02   0.000000E+00  -0.461976E+02   0.427206E-08  -0.387450E-06   0.171777E-06
  1132   0.127277E+04   0.127148E+02   0.000000E+00  -0.451487E+02   0.426484E-08  -0.384257E-06   0.166618E-06
  1133   0.127217E+04   0.126168E+02   0.000000E+00  -0.440967E+02   0.425764E-08  -0.380849E-06   0.161462E-06
  1134   0.127148E+04   0.125243E+02   0.000000E+00  -0.430422E+02   0.425046E-08  -0.377226E-06   0.156312E-06
  1135   0.127070E+04   0.124373E+02   0.000000E+00  -0.419857E+02   0.424329E-08  -0.373391E-06   0.151168E-06
  1136   0.126982E+04   0.123558E+02   0.000000E+00  -0.409274E+02   0.423615E-08  -0.369346E-06   0.146029E-06
  1137   0.126885E+04   0.122798E+02   0.000000E+00  -0.398680E+02   0.422902E-08  -0.365091E-06   0.140896E-06
  1138   0.126779E+04   0.122094E+02   0.000000E+00  -0.388079E+02   0.422190E-08  -0.360630E-06   0.135771E-06
  1139   0.126664E+04   0.121444E+02   0.000000E+00  -0.377476E+02   0.421481E-08  -0.355964E-06   0.130653E-06
  1140   0.126539E+04   0.120851E+02   0.000000E+00  -0.366876E+02   0.420773E-08  -0.351095E-06   0.125542E-06
  1141   0.126405E+04   0.120312E+02   0.000000E+00  -0.356283E+02   0.420067E-08  -0.346025E-06   0.120440E-06
  1142   0.126262E+04   0.119829E+02   0.000000E+00  -0.345704E+02   0.419362E-08  -0.340756E-06   0.115346E-06
  1143   0.126109E+04   0.119402E+02   0.000000E+00  -0.335142E+02   0.418660E-08  -0.335289E-06   0.110262E-06
  1144   0.125947E+04   0.119030E+02   0.000000E+00  -0.324602E+02   0.417959E-08  -0.329626E-06   0.105187E-06
  1145   0.125777E+04   0.118714E+02   0.000000E+00  -0.314090E+02   0.417259E-08  -0.323769E-06   0.100122E-06
  1146   0.125597E+04   0.118453E+02   0.000000E+00  -0.303610E+02   0.416562E-08  -0.317721E-06   0.950677E-07
  1147   0.125408E+04   0.118247E+02   0.000000E+00  -0.293166E+02   0.415866E-08  -0.311483E-06   0.900244E-07
  1148   0.125210E+04   0.118097E+02   0.000000E+00  -0.282764E+02   0.415171E-08  -0.305056E-06   0.849925E-07
  1149   0.125003E+04   0.118001E+02   0.000000E+00  -0.272408E+02   0.414479E-08  -0.298444E-06   0.799725E-07
  1150   0.124787E+04   0.117959E+02   0.000000E+00  -0.262101E+02   0.413788E-08  -0.291646E-06   0.749648E-07
  1151   0.124563E+04   0.117972E+02   0.000000E+00  -0.251850E+02   0.413098E-08  -0.284666E-06   0.699700E-07
  1152   0.124330E+04   0.118040E+02   0.000000E+00  -0.241658E+02   0.412411E-08  -0.277506E-06   0.649884E-07
  1153   0.124088E+04   0.118161E+02   0.000000E+00  -0.231530E+02   0.411725E-08  -0.270168E-06   0.600204E-07
  1154   0.123837E+04   0.118337E+02   0.000000E+00  -0.221468E+02   0.411040E-08  -0.262653E-06   0.550664E-07
  1155   0.123578E+04   0.118565E+02   0.000000E+00  -0.211479E+02   0.410357E-08  -0.254965E-06   0.501268E-07
  1156   0.123311E+04   0.118846E+02   0.000000E+00  -0.201566E+02   0.409676E-08  -0.247105E-06   0.452021E-07
  1157   0.123035E+04   0.119181E+02   0.000000E+00  -0.191732E+02   0.408997E-08  -0.239075E-06   0.402926E-07
  1158   0.122752E+04   0.119568E+02   0.000000E+00  -0.181984E+02   0.408319E-08  -0.230878E-06   0.353987E-07
  1159   0.122460E+04   0.120006E+02   0.000000E+00  -0.172324E+02   0.407643E-08  -0.222515E-06   0.305208E-07
  1160   0.122160E+04   0.120497E+02   0.000000E+00  -0.162756E+02   0.406968E-08  -0.213990E-06   0.256594E-07
  1161   0.121853E+04   0.121039E+02   0.000000E+00  -0.153285E+02   0.406295E-08  -0.205303E-06   0.208149E-07
  1162   0.121538E+04   0.121632E+02   0.000000E+00  -0.143913E+02   0.405623E-08  -0.196458E-06   0.159875E-07
  1163   0.121216E+04   0.122275E+02   0.000000E+00  -0.134644E+02   0.404954E-08  -0.187456E-06   0.111778E-07
  1164   0.120886E+04   0.122968E+02   0.000000E+00  -0.125482E+02   0.404285E-08  -0.178300E-06   0.638618E-08
  1165   0.120549E+04   0.123710E+02   0.000000E+00  -0.116431E+02   0.403619E-08  -0.168991E-06   0.161298E-08
  1166   0.120204E+04   0.124501E+02   0.000000E+00  -0.107495E+02   0.402954E-08  -0.159533E-06  -0.314137E-08
  1167   0.119852E+04   0.125341E+02   0.000000E+00  -0.986754E+01   0.402290E-08  -0.149926E-06  -0.787647E-08
  1168   0.119493E+04   0.126228E+02   0.000000E+00  -0.899777E+01   0.401628E-08  -0.140174E-06  -0.125919E-07
  1169   0.119128E+04   0.127163E+02   0.000000E+00  -0.814042E+01   0.400968E-08  -0.130278E-06  -0.172873E-07
  1170   0.118755E+04   0.128143E+02   0.000000E+00  -0.729586E+01   0.400309E-08  -0.120240E-06  -0.219622E-07
  1171   0.118376E+04   0.129171E+02   0.000000E+00  -0.646449E+01   0.399652E-08  -0.110063E-06  -0.266163E-07
  1172   0.117991E+04   0.130243E+02   0.000000E+00  -0.564653E+01   0.398996E-08  -0.997493E-07  -0.312491E-07
  1173   0.117600E+04   0.131360E+02   0.000000E+00  -0.484239E+01   0.398342E-08  -0.893003E-07  -0.358603E-07
  1174   0.117202E+04   0.132521E+02   0.000000E+00  -0.405240E+01   0.397690E-08  -0.787186E-07  -0.404493E-07
  1175   0.116797E+04   0.133726E+02   0.000000E+00  -0.327677E+01   0.397039E-08  -0.680062E-07  -0.450159E-07
  1176   0.116388E+04   0.134973E+02   0.000000E+00  -0.251584E+01   0.396389E-08  -0.571654E-07  -0.495597E-07
  1177   0.115972E+04   0.136262E+02   0.000000E+00  -0.176987E+01   0.395741E-08  -0.461982E-07  -0.540801E-07
  1178   0.115551E+04   0.137593E+02   0.000000E+00  -0.103915E+01   0.395095E-08  -0.351069E-07  -0.585769E-07
  1179   0.115124E+04   0.138965E+02   0.000000E+00  -0.323972E+00   0.394450E-08  -0.238936E-07  -0.630496E-07
  1180   0.114692E+04   0.140375E+02   0.000000E+00   0.375380E+00   0.393807E-08  -0.125604E-07  -0.674979E-07
  1181   0.114255E+04   0.141825E+02   0.000000E+00   0.105865E+01   0.393165E-08  -0.110965E-08  -0.719212E-07
  1182   0.113813E+04   0.143313E+02   0.000000E+00   0.172559E+01   0.392525E-08   0.104566E-07  -0.763193E-07
  1183   0.113366E+04   0.144838E+02   0.000000E+00   0.237594E+01   0.391886E-08   0.221363E-07  -0.806916E-07
  1184   0.112914E+04   0.146400E+02   0.000000E+00   0.300945E+01   0.391249E-08   0.339271E-07  -0.850379E-07
  1185   0.112458E+04   0.147997E+02   0.000000E+00   0.362587E+01   0.390613E-08   0.458269E-07  -0.893577E-07
  1186   0.111997E+04   0.149629E+02   0.000000E+00   0.422495E+01   0.389978E-08   0.578335E-07  -0.936506E-07
  1187   0.111532E+04   0.151295E+02   0.000000E+00   0.480644E+01   0.389346E-08   0.699448E-07  -0.979162E-07
  1188   0.111063E+04   0.152994E+02   0.000000E+00   0.537017E+01   0.388714E-08   0.821587E-07  -0.102154E-06
  1189   0.110590E+04   0.154725E+02   0.000000E+00   0.591594E+01   0.388084E-08   0.944729E-07  -0.106364E-06
  1190   0.110112E+04   0.156488E+02   0.000000E+00   0.644357E+01   0.387456E-08   0.106885E-06  -0.110545E-06
  1191   0.109632E+04   0.158280E+02   0.000000E+00   0.695290E+01   0.386829E-08   0.119394E-06  -0.114698E-06
  1192   0.109148E+04   0.160102E+02   0.000000E+00   0.744373E+01   0.386204E-08   0.131996E-06  -0.118821E-06
  1193   0.108661E+04   0.161953E+02   0.000000E+00   0.791590E+01   0.385580E-08   0.144690E-06  -0.122914E-06
  1194   0.108171E+04   0.163831E+02   0.000000E+00   0.836922E+01   0.384957E-08   0.157473E-06  -0.126977E-06
  1195   0.107679E+04   0.165735E+02   0.000000E+00   0.880356E+01   0.384336E-08   0.170344E-06  -0.131010E-06
  1196   0.107183E+04   0.167665E+02   0.000000E+00   0.921880E+01   0.383716E-08   0.183300E-06  -0.135012E-06
  1197   0.106685E+04   0.169620E+02   0.000000E+00   0.961479E+01   0.383098E-08   0.196340E-06  -0.138982E-06
  1198   0.106185E+04   0.171597E+02   0.000000E+00   0.999144E+01   0.382481E-08   0.209460E-06  -0.142921E-06
  1199   0.105683E+04   0.173598E+02   0.000000E+00   0.103485E+02   0.381866E-08   0.222658E-06  -0.146828E-06
  1200   0.105179E+04   0.175619E+02   0.000000E+00   0.106860E+02   0.381252E-08   0.235934E-06  -0.150702E-06
  1201   0.104672E+04   0.177662E+02   0.000000E+00   0.110037E+02   0.380640E-08   0.249283E-06  -0.154543E-06
  1202   0.104165E+04   0.179724E+02   0.000000E+00   0.113017E+02   0.380029E-08   0.262705E-06  -0.158351E-06
  1203   0.103656E+04   0.181804E+02   0.000000E+00   0.115798E+02   0.379419E-08   0.276198E-06  -0.162126E-06
  1204   0.103146E+04   0.183903E+02   0.000000E+00   0.118381E+02   0.378811E-08   0.289758E-06  -0.165867E-06
  1205   0.102634E+04   0.186017E+02   0.000000E+00   0.120763E+02   0.378204E-08   0.303385E-06  -0.169575E-06
  1206   0.102121E+04   0.188148E+02   0.000000E+00   0.122946E+02   0.377599E-08   0.317075E-06  -0.173249E-06
  1207   0.101608E+04   0.190292E+02   0.000000E+00   0.124928E+02   0.376995E-08   0.330828E-06  -0.176888E-06
  1208   0.101095E+04   0.192451E+02   0.000000E+00   0.126710E+02   0.376392E-08   0.344640E-06  -0.180494E-06
  1209   0.100581E+04   0.194623E+02   0.000000E+00   0.128291E+02   0.375791E-08   0.358510E-06  -0.184064E-06
  1210   0.100066E+04   0.196806E+02   0.000000E+00   0.129672E+02   0.375191E-08   0.372436E-06  -0.187601E-06
  1211   0.995518E+03   0.199000E+02   0.000000E+00   0.130852E+02   0.374593E-08   0.386415E-06  -0.191102E-06
  1212   0.990378E+03   0.201203E+02   0.000000E+00   0.131833E+02   0.373996E-08   0.400447E-06  -0.194568E-06
  1213   0.985236E+03   0.203416E+02   0.000000E+00   0.132614E+02   0.373400E-08   0.414527E-06  -0.197999E-06
  1214   0.980101E+03   0.205637E+02   0.000000E+00   0.133195E+02   0.372806E-08   0.428655E-06  -0.201395E-06
  1215   0.974979E+03   0.207863E+02   0.000000E+00   0.133577E+02   0.372213E-08   0.442829E-06  -0.204755E-06
  1216   0.969855E+03   0.210096E+02   0.000000E+00   0.133759E+02   0.371621E-08   0.457045E-06  -0.208079E-06
  1217   0.964745E+03   0.212334E+02   0.000000E+00   0.133743E+02   0.371031E-08   0.471303E-06  -0.211368E-06
  1218   0.959648E+03   0.214575E+02   0.000000E+00   0.133530E+02   0.370442E-08   0.485600E-06  -0.214620E-06
  1219   0.954565E+03   0.216819E+02   0.000000E+00   0.133118E+02   0.369854E-08   0.499934E-06  -0.217835E-06
  1220   0.949487E+03   0.219064E+02   0.000000E+00   0.132510E+02   0.369268E-08   0.514303E-06  -0.221014E-06
  1221   0.944438E+03   0.221310E+02   0.000000E+00   0.131705E+02   0.368683E-08   0.528705E-06  -0.224156E-06
  1222   0.939394E+03   0.223555E+02   0.000000E+00   0.130704E+02   0.368100E-08   0.543138E-06  -0.227262E-06
  1223   0.934379E+03   0.225798E+02   0.000000E+00   0.129509E+02   0.367518E-08   0.557600E-06  -0.230330E-06
  1224   0.929377E+03   0.228040E+02   0.000000E+00   0.128121E+02   0.366937E-08   0.572088E-06  -0.233361E-06
  1225   0.924402E+03   0.230277E+02   0.000000E+00   0.126542E+02   0.366357E-08   0.586601E-06  -0.236354E-06
  1226   0.919448E+03   0.232511E+02   0.000000E+00   0.124773E+02   0.365779E-08   0.601136E-06  -0.239309E-06
  1227   0.914522E+03   0.234738E+02   0.000000E+00   0.122815E+02   0.365202E-08   0.615692E-06  -0.242227E-06
  1228   0.909624E+03   0.236960E+02   0.000000E+00   0.120671E+02   0.364627E-08   0.630267E-06  -0.245106E-06
  1229   0.904762E+03   0.239174E+02   0.000000E+00   0.118342E+02   0.364052E-08   0.644857E-06  -0.247948E-06
  1230   0.899927E+03   0.241380E+02   0.000000E+00   0.115829E+02   0.363479E-08   0.659462E-06  -0.250750E-06
  1231   0.895120E+03   0.243577E+02   0.000000E+00   0.113133E+02   0.362908E-08   0.674079E-06  -0.253514E-06
  1232   0.890348E+03   0.245764E+02   0.000000E+00   0.110259E+02   0.362338E-08   0.688706E-06  -0.256239E-06
  1233   0.885619E+03   0.247939E+02   0.000000E+00   0.107204E+02   0.361768E-08   0.703341E-06  -0.258925E-06
  1234   0.880918E+03   0.250102E+02   0.000000E+00   0.103973E+02   0.361201E-08   0.717983E-06  -0.261572E-06
  1235   0.876259E+03   0.252252E+02   0.000000E+00   0.100566E+02   0.360634E-08   0.732628E-06  -0.264179E-06
  1236   0.871635E+03   0.254387E+02   0.000000E+00   0.969859E+01   0.360069E-08   0.747274E-06  -0.266746E-06
  1237   0.867054E+03   0.256507E+02   0.000000E+00   0.932337E+01   0.359505E-08   0.761921E-06  -0.269274E-06
  1238   0.862515E+03   0.258611E+02   0.000000E+00   0.893123E+01   0.358942E-08   0.776565E-06  -0.271762E-06
  1239   0.858019E+03   0.260697E+02   0.000000E+00   0.852236E+01   0.358381E-08   0.791205E-06  -0.274209E-06
  1240   0.853565E+03   0.262765E+02   0.000000E+00   0.809700E+01   0.357821E-08   0.805838E-06  -0.276616E-06
  1241   0.849161E+03   0.264814E+02   0.000000E+00   0.765542E+01   0.357262E-08   0.820463E-06  -0.278982E-06
  1242   0.844807E+03   0.266843E+02   0.000000E+00   0.719787E+01   0.356705E-08   0.835077E-06  -0.281308E-06
  1243   0.840495E+03   0.268851E+02   0.000000E+00   0.672453E+01   0.356148E-08   0.849679E-06  -0.283592E-06
  1244   0.836232E+03   0.270838E+02   0.000000E+00   0.623558E+01   0.355593E-08   0.864265E-06  -0.285836E-06
  1245   0.832020E+03   0.272800E+02   0.000000E+00   0.573141E+01   0.355039E-08   0.878835E-06  -0.288038E-06
  1246   0.827864E+03   0.274740E+02   0.000000E+00   0.521223E+01   0.354487E-08   0.893386E-06  -0.290198E-06
  1247   0.823758E+03   0.276655E+02   0.000000E+00   0.467828E+01   0.353935E-08   0.907915E-06  -0.292316E-06
  1248   0.819710E+03   0.278545E+02   0.000000E+00   0.412985E+01   0.353385E-08   0.922422E-06  -0.294393E-06
  1249   0.815710E+03   0.280407E+02   0.000000E+00   0.356716E+01   0.352836E-08   0.936904E-06  -0.296427E-06
  1250   0.811776E+03   0.282242E+02   0.000000E+00   0.299052E+01   0.352289E-08   0.951358E-06  -0.298419E-06
  1251   0.807890E+03   0.284049E+02   0.000000E+00   0.240023E+01   0.351742E-08   0.965783E-06  -0.300369E-06
  1252   0.804062E+03   0.285827E+02   0.000000E+00   0.179662E+01   0.351197E-08   0.980177E-06  -0.302276E-06
  1253   0.800297E+03   0.287576E+02   0.000000E+00   0.118001E+01   0.350653E-08   0.994539E-06  -0.304141E-06
  1254   0.796589E+03   0.289295E+02   0.000000E+00   0.550712E+00   0.350110E-08   0.100887E-05  -0.305963E-06
  1255   0.792946E+03   0.290983E+02   0.000000E+00  -0.909374E-01   0.349568E-08   0.102316E-05  -0.307743E-06
  1256   0.789365E+03   0.292640E+02   0.000000E+00  -0.744630E+00   0.349028E-08   0.103741E-05  -0.309480E-06
  1257   0.785849E+03   0.294265E+02   0.000000E+00  -0.141005E+01   0.348489E-08   0.105163E-05  -0.311175E-06
  1258   0.782396E+03   0.295858E+02   0.000000E+00  -0.208687E+01   0.347951E-08   0.106580E-05  -0.312828E-06
  1259   0.778999E+03   0.297417E+02   0.000000E+00  -0.277477E+01   0.347414E-08   0.107993E-05  -0.314439E-06
  1260   0.775680E+03   0.298944E+02   0.000000E+00  -0.347343E+01   0.346878E-08   0.109402E-05  -0.316008E-06
  1261   0.772417E+03   0.300435E+02   0.000000E+00  -0.418254E+01   0.346344E-08   0.110806E-05  -0.317534E-06
  1262   0.769224E+03   0.301891E+02   0.000000E+00  -0.490178E+01   0.345811E-08   0.112206E-05  -0.319019E-06
  1263   0.766102E+03   0.303311E+02   0.000000E+00  -0.563082E+01   0.345279E-08   0.113601E-05  -0.320461E-06
  1264   0.763042E+03   0.304696E+02   0.000000E+00  -0.636934E+01   0.344748E-08   0.114990E-05  -0.321862E-06
  1265   0.760053E+03   0.306044E+02   0.000000E+00  -0.711699E+01   0.344218E-08   0.116374E-05  -0.323221E-06
  1266   0.757126E+03   0.307354E+02   0.000000E+00  -0.787340E+01   0.343689E-08   0.117753E-05  -0.324537E-06
  1267   0.754277E+03   0.308626E+02   0.000000E+00  -0.863823E+01   0.343162E-08   0.119127E-05  -0.325812E-06
  1268   0.751497E+03   0.309861E+02   0.000000E+00  -0.941110E+01   0.342636E-08   0.120495E-05  -0.327046E-06
  1269   0.748787E+03   0.311056E+02   0.000000E+00  -0.101916E+02   0.342111E-08   0.121856E-05  -0.328237E-06
  1270   0.746146E+03   0.312213E+02   0.000000E+00  -0.109795E+02   0.341587E-08   0.123212E-05  -0.329387E-06
  1271   0.743575E+03   0.313330E+02   0.000000E+00  -0.117744E+02   0.341064E-08   0.124562E-05  -0.330495E-06
  1272   0.741080E+03   0.314407E+02   0.000000E+00  -0.125758E+02   0.340542E-08   0.125905E-05  -0.331562E-06
  1273   0.738655E+03   0.315443E+02   0.000000E+00  -0.133835E+02   0.340022E-08   0.127242E-05  -0.332587E-06
  1274   0.736298E+03   0.316438E+02   0.000000E+00  -0.141970E+02   0.339502E-08   0.128572E-05  -0.333570E-06
  1275   0.734016E+03   0.317393E+02   0.000000E+00  -0.150160E+02   0.338984E-08   0.129895E-05  -0.334512E-06
  1276   0.731808E+03   0.318305E+02   0.000000E+00  -0.158402E+02   0.338467E-08   0.131212E-05  -0.335413E-06
  1277   0.729673E+03   0.319177E+02   0.000000E+00  -0.166691E+02   0.337951E-08   0.132521E-05  -0.336272E-06
  1278   0.727610E+03   0.320005E+02   0.000000E+00  -0.175023E+02   0.337436E-08   0.133822E-05  -0.337090E-06
  1279   0.725621E+03   0.320791E+02   0.000000E+00  -0.183396E+02   0.336923E-08   0.135117E-05  -0.337867E-06
  1280   0.723705E+03   0.321535E+02   0.000000E+00  -0.191805E+02   0.336410E-08   0.136403E-05  -0.338602E-06
  1281   0.721863E+03   0.322234E+02   0.000000E+00  -0.200248E+02   0.335898E-08   0.137682E-05  -0.339297E-06
  1282   0.720094E+03   0.322889E+02   0.000000E+00  -0.208718E+02   0.335388E-08   0.138953E-05  -0.339950E-06
  1283   0.718398E+03   0.323502E+02   0.000000E+00  -0.217214E+02   0.334879E-08   0.140215E-05  -0.340562E-06
  1284   0.716775E+03   0.324069E+02   0.000000E+00  -0.225731E+02   0.334371E-08   0.141469E-05  -0.341133E-06
  1285   0.715226E+03   0.324591E+02   0.000000E+00  -0.234266E+02   0.333864E-08   0.142715E-05  -0.341663E-06
  1286   0.713749E+03   0.325069E+02   0.000000E+00  -0.242815E+02   0.333358E-08   0.143952E-05  -0.342152E-06
  1287   0.712346E+03   0.325502E+02   0.000000E+00  -0.251374E+02   0.332853E-08   0.145181E-05  -0.342600E-06
  1288   0.711015E+03   0.325889E+02   0.000000E+00  -0.259938E+02   0.332349E-08   0.146400E-05  -0.343008E-06
  1289   0.709757E+03   0.326232E+02   0.000000E+00  -0.268504E+02   0.331846E-08   0.147610E-05  -0.343374E-06
  1290   0.708573E+03   0.326530E+02   0.000000E+00  -0.277069E+02   0.331345E-08   0.148811E-05  -0.343700E-06
  1291   0.707460E+03   0.326782E+02   0.000000E+00  -0.285628E+02   0.330844E-08   0.150003E-05  -0.343985E-06
  1292   0.706420E+03   0.326990E+02   0.000000E+00  -0.294178E+02   0.330345E-08   0.151185E-05  -0.344229E-06
  1293   0.705452E+03   0.327153E+02   0.000000E+00  -0.302713E+02   0.329846E-08   0.152357E-05  -0.344433E-06
  1294   0.704556E+03   0.327270E+02   0.000000E+00  -0.311233E+02   0.329349E-08   0.153519E-05  -0.344596E-06
  1295   0.703731E+03   0.327342E+02   0.000000E+00  -0.319731E+02   0.328853E-08   0.154671E-05  -0.344719E-06
  1296   0.702977E+03   0.327369E+02   0.000000E+00  -0.328205E+02   0.328357E-08   0.155813E-05  -0.344801E-06
  1297   0.702293E+03   0.327350E+02   0.000000E+00  -0.336651E+02   0.327863E-08   0.156944E-05  -0.344842E-06
  1298   0.701680E+03   0.327286E+02   0.000000E+00  -0.345065E+02   0.327370E-08   0.158065E-05  -0.344844E-06
  1299   0.701136E+03   0.327175E+02   0.000000E+00  -0.353444E+02   0.326878E-08   0.159175E-05  -0.344804E-06
  1300   0.700660E+03   0.327020E+02   0.000000E+00  -0.361783E+02   0.326387E-08   0.160274E-05  -0.344725E-06
  1301   0.700253E+03   0.326818E+02   0.000000E+00  -0.370080E+02   0.325897E-08   0.161362E-05  -0.344605E-06
  1302   0.699915E+03   0.326573E+02   0.000000E+00  -0.378331E+02   0.325408E-08   0.162439E-05  -0.344446E-06
  1303   0.699643E+03   0.326282E+02   0.000000E+00  -0.386533E+02   0.324920E-08   0.163505E-05  -0.344246E-06
  1304   0.699437E+03   0.325945E+02   0.000000E+00  -0.394681E+02   0.324434E-08   0.164559E-05  -0.344008E-06
  1305   0.699300E+03   0.325565E+02   0.000000E+00  -0.402775E+02   0.323948E-08   0.165603E-05  -0.343730E-06
  1306   0.699226E+03   0.325140E+02   0.000000E+00  -0.410808E+02   0.323463E-08   0.166635E-05  -0.343414E-06
  1307   0.699219E+03   0.324671E+02   0.000000E+00  -0.418780E+02   0.322979E-08   0.167655E-05  -0.343059E-06
  1308   0.699275E+03   0.324159E+02   0.000000E+00  -0.426686E+02   0.322497E-08   0.168665E-05  -0.342666E-06
  1309   0.699395E+03   0.323602E+02   0.000000E+00  -0.434523E+02   0.322015E-08   0.169663E-05  -0.342235E-06
  1310   0.699577E+03   0.323002E+02   0.000000E+00  -0.442288E+02   0.321534E-08   0.170650E-05  -0.341767E-06
  1311   0.699822E+03   0.322358E+02   0.000000E+00  -0.449978E+02   0.321055E-08   0.171626E-05  -0.341261E-06
  1312   0.700128E+03   0.321671E+02   0.000000E+00  -0.457589E+02   0.320576E-08   0.172590E-05  -0.340719E-06
  1313   0.700495E+03   0.320941E+02   0.000000E+00  -0.465119E+02   0.320098E-08   0.173542E-05  -0.340140E-06
  1314   0.700920E+03   0.320168E+02   0.000000E+00  -0.472565E+02   0.319622E-08   0.174484E-05  -0.339525E-06
  1315   0.701405E+03   0.319354E+02   0.000000E+00  -0.479923E+02   0.319146E-08   0.175413E-05  -0.338874E-06
  1316   0.701947E+03   0.318497E+02   0.000000E+00  -0.487191E+02   0.318671E-08   0.176332E-05  -0.338187E-06
  1317   0.702546E+03   0.317601E+02   0.000000E+00  -0.494366E+02   0.318198E-08   0.177238E-05  -0.337465E-06
  1318   0.703201E+03   0.316663E+02   0.000000E+00  -0.501445E+02   0.317725E-08   0.178133E-05  -0.336708E-06
  1319   0.703912E+03   0.315686E+02   0.000000E+00  -0.508426E+02   0.317253E-08   0.179017E-05  -0.335916E-06
  1320   0.704677E+03   0.314669E+02   0.000000E+00  -0.515306E+02   0.316783E-08   0.179888E-05  -0.335090E-06
  1321   0.705495E+03   0.313613E+02   0.000000E+00  -0.522081E+02   0.316313E-08   0.180749E-05  -0.334229E-06
  1322   0.706366E+03   0.312519E+02   0.000000E+00  -0.528750E+02   0.315844E-08   0.181597E-05  -0.333335E-06
  1323   0.707287E+03   0.311387E+02   0.000000E+00  -0.535309E+02   0.315376E-08   0.182434E-05  -0.332408E-06
  1324   0.708259E+03   0.310217E+02   0.000000E+00  -0.541757E+02   0.314910E-08   0.183259E-05  -0.331447E-06
  1325   0.709280E+03   0.309010E+02   0.000000E+00  -0.548090E+02   0.314444E-08   0.184072E-05  -0.330453E-06
  1326   0.710349E+03   0.307766E+02   0.000000E+00  -0.554306E+02   0.313979E-08   0.184873E-05  -0.329427E-06
  1327   0.711465E+03   0.306486E+02   0.000000E+00  -0.560403E+02   0.313515E-08   0.185663E-05  -0.328368E-06
  1328   0.712627E+03   0.305169E+02   0.000000E+00  -0.566377E+02   0.313052E-08   0.186440E-05  -0.327278E-06
  1329   0.713833E+03   0.303818E+02   0.000000E+00  -0.572228E+02   0.312590E-08   0.187206E-05  -0.326155E-06
  1330   0.715083E+03   0.302432E+02   0.000000E+00  -0.577952E+02   0.312129E-08   0.187960E-05  -0.325002E-06
  1331   0.716375E+03   0.301013E+02   0.000000E+00  -0.583548E+02   0.311669E-08   0.188702E-05  -0.323817E-06
  1332   0.717708E+03   0.299559E+02   0.000000E+00  -0.589013E+02   0.311210E-08   0.189432E-05  -0.322602E-06
  1333   0.719081E+03   0.298073E+02   0.000000E+00  -0.594346E+02   0.310752E-08   0.190149E-05  -0.321356E-06
  1334   0.720492E+03   0.296555E+02   0.000000E+00  -0.599543E+02   0.310295E-08   0.190855E-05  -0.320081E-06
  1335   0.721941E+03   0.295005E+02   0.000000E+00  -0.604602E+02   0.309839E-08   0.191549E-05  -0.318775E-06
  1336   0.723426E+03   0.293424E+02   0.000000E+00  -0.609524E+02   0.309384E-08   0.192231E-05  -0.317440E-06
  1337   0.724946E+03   0.291814E+02   0.000000E+00  -0.614305E+02   0.308929E-08   0.192900E-05  -0.316076E-06
  1338   0.726501E+03   0.290174E+02   0.000000E+00  -0.618944E+02   0.308476E-08   0.193557E-05  -0.314683E-06
  1339   0.728087E+03   0.288504E+02   0.000000E+00  -0.623437E+02   0.308023E-08   0.194202E-05  -0.313261E-06
  1340   0.729704E+03   0.286808E+02   0.000000E+00  -0.627786E+02   0.307572E-08   0.194835E-05  -0.311811E-06
  1341   0.731351E+03   0.285082E+02   0.000000E+00  -0.631986E+02   0.307121E-08   0.195456E-05  -0.310333E-06
  1342   0.733027E+03   0.283331E+02   0.000000E+00  -0.636037E+02   0.306672E-08   0.196064E-05  -0.308827E-06
  1343   0.734729E+03   0.281553E+02   0.000000E+00  -0.639937E+02   0.306223E-08   0.196660E-05  -0.307294E-06
  1344   0.736457E+03   0.279750E+02   0.000000E+00  -0.643685E+02   0.305775E-08   0.197244E-05  -0.305735E-06
  1345   0.738210E+03   0.277922E+02   0.000000E+00  -0.647278E+02   0.305328E-08   0.197816E-05  -0.304148E-06
  1346   0.739985E+03   0.276069E+02   0.000000E+00  -0.650716E+02   0.304882E-08   0.198375E-05  -0.302535E-06
  1347   0.741782E+03   0.274193E+02   0.000000E+00  -0.653997E+02   0.304437E-08   0.198921E-05  -0.300896E-06
  1348   0.743598E+03   0.272294E+02   0.000000E+00  -0.657119E+02   0.303993E-08   0.199455E-05  -0.299231E-06
  1349   0.745434E+03   0.270373E+02   0.000000E+00  -0.660081E+02   0.303549E-08   0.199977E-05  -0.297540E-06
  1350   0.747287E+03   0.268432E+02   0.000000E+00  -0.662884E+02   0.303107E-08   0.200486E-05  -0.295825E-06
  1351   0.749156E+03   0.266470E+02   0.000000E+00  -0.665526E+02   0.302665E-08   0.200983E-05  -0.294084E-06
  1352   0.751040E+03   0.264489E+02   0.000000E+00  -0.668006E+02   0.302225E-08   0.201466E-05  -0.292319E-06
  1353   0.752939E+03   0.262489E+02   0.000000E+00  -0.670325E+02   0.301785E-08   0.201938E-05  -0.290530E-06
  1354   0.754845E+03   0.260472E+02   0.000000E+00  -0.672482E+02   0.301346E-08   0.202396E-05  -0.288716E-06
  1355   0.756768E+03   0.258438E+02   0.000000E+00  -0.674476E+02   0.300908E-08   0.202842E-05  -0.286879E-06
  1356   0.758701E+03   0.256389E+02   0.000000E+00  -0.676307E+02   0.300471E-08   0.203274E-05  -0.285019E-06
  1357   0.760643E+03   0.254325E+02   0.000000E+00  -0.677975E+02   0.300035E-08   0.203694E-05  -0.283135E-06
  1358   0.762595E+03   0.252246E+02   0.000000E+00  -0.679478E+02   0.299600E-08   0.204100E-05  -0.281228E-06
  1359   0.764550E+03   0.250153E+02   0.000000E+00  -0.680818E+02   0.299165E-08   0.204493E-05  -0.279299E-06
  1360   0.766506E+03   0.248049E+02   0.000000E+00  -0.681993E+02   0.298732E-08   0.204873E-05  -0.277348E-06
  1361   0.768465E+03   0.245931E+02   0.000000E+00  -0.683002E+02   0.298299E-08   0.205240E-05  -0.275375E-06
  1362   0.770434E+03   0.243803E+02   0.000000E+00  -0.683846E+02   0.297867E-08   0.205593E-05  -0.273380E-06
  1363   0.772398E+03   0.241663E+02   0.000000E+00  -0.684525E+02   0.297436E-08   0.205932E-05  -0.271364E-06
  1364   0.774364E+03   0.239514E+02   0.000000E+00  -0.685038E+02   0.297006E-08   0.206258E-05  -0.269326E-06
  1365   0.776333E+03   0.237356E+02   0.000000E+00  -0.685386E+02   0.296577E-08   0.206570E-05  -0.267268E-06
  1366   0.778289E+03   0.235191E+02   0.000000E+00  -0.685569E+02   0.296148E-08   0.206869E-05  -0.265189E-06
  1367   0.780248E+03   0.233018E+02   0.000000E+00  -0.685588E+02   0.295721E-08   0.207153E-05  -0.263090E-06
  1368   0.782201E+03   0.230838E+02   0.000000E+00  -0.685441E+02   0.295294E-08   0.207423E-05  -0.260971E-06
  1369   0.784143E+03   0.228653E+02   0.000000E+00  -0.685130E+02   0.294869E-08   0.207680E-05  -0.258832E-06
  1370   0.786087E+03   0.226463E+02   0.000000E+00  -0.684656E+02   0.294444E-08   0.207922E-05  -0.256674E-06
  1371   0.788011E+03   0.224269E+02   0.000000E+00  -0.684019E+02   0.294020E-08   0.208150E-05  -0.254497E-06
  1372   0.789930E+03   0.222073E+02   0.000000E+00  -0.683219E+02   0.293596E-08   0.208363E-05  -0.252301E-06
  1373   0.791838E+03   0.219874E+02   0.000000E+00  -0.682257E+02   0.293174E-08   0.208563E-05  -0.250087E-06
  1374   0.793733E+03   0.217674E+02   0.000000E+00  -0.681134E+02   0.292752E-08   0.208747E-05  -0.247854E-06
  1375   0.795608E+03   0.215474E+02   0.000000E+00  -0.679851E+02   0.292332E-08   0.208917E-05  -0.245604E-06
  1376   0.797471E+03   0.213274E+02   0.000000E+00  -0.678408E+02   0.291912E-08   0.209073E-05  -0.243336E-06
  1377   0.799322E+03   0.211075E+02   0.000000E+00  -0.676806E+02   0.291493E-08   0.209214E-05  -0.241050E-06
  1378   0.801154E+03   0.208878E+02   0.000000E+00  -0.675046E+02   0.291074E-08   0.209340E-05  -0.238748E-06
  1379   0.802966E+03   0.206684E+02   0.000000E+00  -0.673129E+02   0.290657E-08   0.209450E-05  -0.236428E-06
  1380   0.804751E+03   0.204494E+02   0.000000E+00  -0.671054E+02   0.290240E-08   0.209546E-05  -0.234093E-06
  1381   0.806524E+03   0.202307E+02   0.000000E+00  -0.668825E+02   0.289825E-08   0.209627E-05  -0.231741E-06
  1382   0.808270E+03   0.200126E+02   0.000000E+00  -0.666439E+02   0.289410E-08   0.209693E-05  -0.229373E-06
  1383   0.809989E+03   0.197950E+02   0.000000E+00  -0.663899E+02   0.288996E-08   0.209744E-05  -0.226990E-06
  1384   0.811682E+03   0.195781E+02   0.000000E+00  -0.661207E+02   0.288582E-08   0.209779E-05  -0.224591E-06
  1385   0.813355E+03   0.193619E+02   0.000000E+00  -0.658363E+02   0.288170E-08   0.209798E-05  -0.222177E-06
  1386   0.815001E+03   0.191466E+02   0.000000E+00  -0.655371E+02   0.287758E-08   0.209802E-05  -0.219749E-06
  1387   0.816613E+03   0.189322E+02   0.000000E+00  -0.652231E+02   0.287347E-08   0.209791E-05  -0.217306E-06
  1388   0.818199E+03   0.187187E+02   0.000000E+00  -0.648946E+02   0.286937E-08   0.209764E-05  -0.214849E-06
  1389   0.819750E+03   0.185064E+02   0.000000E+00  -0.645516E+02   0.286528E-08   0.209721E-05  -0.212378E-06
  1390   0.821274E+03   0.182953E+02   0.000000E+00  -0.641945E+02   0.286120E-08   0.209662E-05  -0.209893E-06
  1391   0.822765E+03   0.180854E+02   0.000000E+00  -0.638234E+02   0.285712E-08   0.209588E-05  -0.207396E-06
  1392   0.824221E+03   0.178769E+02   0.000000E+00  -0.634384E+02   0.285305E-08   0.209497E-05  -0.204885E-06
  1393   0.825651E+03   0.176697E+02   0.000000E+00  -0.630396E+02   0.284899E-08   0.209390E-05  -0.202361E-06
  1394   0.827039E+03   0.174640E+02   0.000000E+00  -0.626273E+02   0.284494E-08   0.209267E-05  -0.199825E-06
  1395   0.828386E+03   0.172599E+02   0.000000E+00  -0.622017E+02   0.284089E-08   0.209128E-05  -0.197277E-06
  1396   0.829698E+03   0.170573E+02   0.000000E+00  -0.617627E+02   0.283686E-08   0.208972E-05  -0.194718E-06
  1397   0.830977E+03   0.168565E+02   0.000000E+00  -0.613108E+02   0.283283E-08   0.208800E-05  -0.192146E-06
  1398   0.832207E+03   0.166574E+02   0.000000E+00  -0.608459E+02   0.282881E-08   0.208612E-05  -0.189564E-06
  1399   0.833404E+03   0.164601E+02   0.000000E+00  -0.603685E+02   0.282479E-08   0.208406E-05  -0.186970E-06
  1400   0.834551E+03   0.162647E+02   0.000000E+00  -0.598787E+02   0.282079E-08   0.208184E-05  -0.184366E-06
  1401   0.835665E+03   0.160713E+02   0.000000E+00  -0.593768E+02   0.281679E-08   0.207946E-05  -0.181751E-06
  1402   0.836729E+03   0.158799E+02   0.000000E+00  -0.588628E+02   0.281280E-08   0.207691E-05  -0.179127E-06
  1403   0.837753E+03   0.156906E+02   0.000000E+00  -0.583371E+02   0.280882E-08   0.207420E-05  -0.176492E-06
  1404   0.838736E+03   0.155034E+02   0.000000E+00  -0.578000E+02   0.280485E-08   0.207134E-05  -0.173849E-06
  1405   0.839671E+03   0.153185E+02   0.000000E+00  -0.572515E+02   0.280088E-08   0.206833E-05  -0.171196E-06
  1406   0.840557E+03   0.151359E+02   0.000000E+00  -0.566920E+02   0.279692E-08   0.206518E-05  -0.168535E-06
  1407   0.841395E+03   0.149555E+02   0.000000E+00  -0.561216E+02   0.279297E-08   0.206189E-05  -0.165866E-06
  1408   0.842192E+03   0.147775E+02   0.000000E+00  -0.555405E+02   0.278902E-08   0.205846E-05  -0.163189E-06
  1409   0.842935E+03   0.146019E+02   0.000000E+00  -0.549490E+02   0.278509E-08   0.205491E-05  -0.160504E-06
  1410   0.843636E+03   0.144289E+02   0.000000E+00  -0.543474E+02   0.278116E-08   0.205123E-05  -0.157813E-06
  1411   0.844283E+03   0.142583E+02   0.000000E+00  -0.537357E+02   0.277724E-08   0.204744E-05  -0.155115E-06
  1412   0.844882E+03   0.140904E+02   0.000000E+00  -0.531144E+02   0.277333E-08   0.204352E-05  -0.152410E-06
  1413   0.845426E+03   0.139251E+02   0.000000E+00  -0.524836E+02   0.276942E-08   0.203950E-05  -0.149699E-06
  1414   0.845922E+03   0.137626E+02   0.000000E+00  -0.518437E+02   0.276552E-08   0.203538E-05  -0.146983E-06
  1415   0.846364E+03   0.136027E+02   0.000000E+00  -0.511950E+02   0.276163E-08   0.203115E-05  -0.144261E-06
  1416   0.846758E+03   0.134457E+02   0.000000E+00  -0.505376E+02   0.275775E-08   0.202683E-05  -0.141535E-06
  1417   0.847098E+03   0.132915E+02   0.000000E+00  -0.498720E+02   0.275387E-08   0.202242E-05  -0.138804E-06
  1418   0.847391E+03   0.131403E+02   0.000000E+00  -0.491985E+02   0.275000E-08   0.201793E-05  -0.136069E-06
  1419   0.847629E+03   0.129920E+02   0.000000E+00  -0.485171E+02   0.274614E-08   0.201336E-05  -0.133330E-06
  1420   0.847813E+03   0.128467E+02   0.000000E+00  -0.478283E+02   0.274229E-08   0.200871E-05  -0.130587E-06
  1421   0.847943E+03   0.127044E+02   0.000000E+00  -0.471324E+02   0.273844E-08   0.200398E-05  -0.127842E-06
  1422   0.848019E+03   0.125653E+02   0.000000E+00  -0.464294E+02   0.273460E-08   0.199920E-05  -0.125094E-06
  1423   0.848048E+03   0.124292E+02   0.000000E+00  -0.457199E+02   0.273077E-08   0.199435E-05  -0.122343E-06
  1424   0.848016E+03   0.122963E+02   0.000000E+00  -0.450039E+02   0.272695E-08   0.198945E-05  -0.119591E-06
  1425   0.847930E+03   0.121666E+02   0.000000E+00  -0.442819E+02   0.272313E-08   0.198450E-05  -0.116837E-06
  1426   0.847791E+03   0.120401E+02   0.000000E+00  -0.435541E+02   0.271932E-08   0.197950E-05  -0.114081E-06
  1427   0.847590E+03   0.119168E+02   0.000000E+00  -0.428206E+02   0.271552E-08   0.197446E-05  -0.111325E-06
  1428   0.847336E+03   0.117969E+02   0.000000E+00  -0.420819E+02   0.271172E-08   0.196938E-05  -0.108568E-06
  1429   0.847028E+03   0.116802E+02   0.000000E+00  -0.413384E+02   0.270793E-08   0.196427E-05  -0.105811E-06
  1430   0.846668E+03   0.115669E+02   0.000000E+00  -0.405901E+02   0.270415E-08   0.195914E-05  -0.103055E-06
  1431   0.846246E+03   0.114571E+02   0.000000E+00  -0.398375E+02   0.270038E-08   0.195398E-05  -0.100299E-06
  1432   0.845771E+03   0.113506E+02   0.000000E+00  -0.390808E+02   0.269661E-08   0.194880E-05  -0.975437E-07
  1433   0.845236E+03   0.112476E+02   0.000000E+00  -0.383203E+02   0.269285E-08   0.194362E-05  -0.947899E-07
  1434   0.844648E+03   0.111480E+02   0.000000E+00  -0.375564E+02   0.268910E-08   0.193843E-05  -0.920379E-07
  1435   0.844000E+03   0.110519E+02   0.000000E+00  -0.367892E+02   0.268536E-08   0.193323E-05  -0.892878E-07
  1436   0.843299E+03   0.109593E+02   0.000000E+00  -0.360192E+02   0.268162E-08   0.192804E-05  -0.865402E-07
  1437   0.842538E+03   0.108702E+02   0.000000E+00  -0.352467E+02   0.267789E-08   0.192285E-05  -0.837954E-07
  1438   0.841717E+03   0.107847E+02   0.000000E+00  -0.344718E+02   0.267416E-08   0.191768E-05  -0.810537E-07
  1439   0.840843E+03   0.107028E+02   0.000000E+00  -0.336950E+02   0.267045E-08   0.191253E-05  -0.783155E-07
  1440   0.839917E+03   0.106244E+02   0.000000E+00  -0.329164E+02   0.266674E-08   0.190739E-05  -0.755812E-07
  1441   0.838932E+03   0.105496E+02   0.000000E+00  -0.321365E+02   0.266303E-08   0.190229E-05  -0.728512E-07
  1442   0.837887E+03   0.104784E+02   0.000000E+00  -0.313555E+02   0.265934E-08   0.189721E-05  -0.701257E-07
  1443   0.836782E+03   0.104108E+02   0.000000E+00  -0.305736E+02   0.265565E-08   0.189217E-05  -0.674053E-07
  1444   0.835626E+03   0.103468E+02   0.000000E+00  -0.297913E+02   0.265197E-08   0.188718E-05  -0.646901E-07
  1445   0.834410E+03   0.102865E+02   0.000000E+00  -0.290088E+02   0.264829E-08   0.188223E-05  -0.619807E-07
  1446   0.833135E+03   0.102298E+02   0.000000E+00  -0.282262E+02   0.264462E-08   0.187733E-05  -0.592774E-07
  1447   0.831808E+03   0.101768E+02   0.000000E+00  -0.274442E+02   0.264096E-08   0.187249E-05  -0.565805E-07
  1448   0.830423E+03   0.101274E+02   0.000000E+00  -0.266627E+02   0.263731E-08   0.186771E-05  -0.538904E-07
  1449   0.828978E+03   0.100817E+02   0.000000E+00  -0.258823E+02   0.263366E-08   0.186299E-05  -0.512075E-07
  1450   0.827483E+03   0.100395E+02   0.000000E+00  -0.251032E+02   0.263002E-08   0.185835E-05  -0.485321E-07
  1451   0.825935E+03   0.100011E+02   0.000000E+00  -0.243258E+02   0.262639E-08   0.185378E-05  -0.458646E-07
  1452   0.824330E+03   0.996630E+01   0.000000E+00  -0.235502E+02   0.262276E-08   0.184928E-05  -0.432051E-07
  1453   0.822665E+03   0.993515E+01   0.000000E+00  -0.227769E+02   0.261914E-08   0.184484E-05  -0.405540E-07
  1454   0.820950E+03   0.990767E+01   0.000000E+00  -0.220060E+02   0.261553E-08   0.184047E-05  -0.379113E-07
  1455   0.819184E+03   0.988377E+01   0.000000E+00  -0.212379E+02   0.261192E-08   0.183615E-05  -0.352772E-07
  1456   0.817367E+03   0.986353E+01   0.000000E+00  -0.204727E+02   0.260832E-08   0.183187E-05  -0.326520E-07
  1457   0.815499E+03   0.984693E+01   0.000000E+00  -0.197108E+02   0.260473E-08   0.182764E-05  -0.300358E-07
  1458   0.813572E+03   0.983383E+01   0.000000E+00  -0.189523E+02   0.260114E-08   0.182344E-05  -0.274288E-07
  1459   0.811596E+03   0.982436E+01   0.000000E+00  -0.181975E+02   0.259756E-08   0.181928E-05  -0.248311E-07
  1460   0.809568E+03   0.981853E+01   0.000000E+00  -0.174468E+02   0.259399E-08   0.181514E-05  -0.222431E-07
  1461   0.807490E+03   0.981616E+01   0.000000E+00  -0.167002E+02   0.259042E-08   0.181102E-05  -0.196648E-07
  1462   0.805362E+03   0.981734E+01   0.000000E+00  -0.159582E+02   0.258686E-08   0.180692E-05  -0.170965E-07
  1463   0.803183E+03   0.982206E+01   0.000000E+00  -0.152209E+02   0.258330E-08   0.180282E-05  -0.145382E-07
  1464   0.800954E+03   0.983023E+01   0.000000E+00  -0.144885E+02   0.257976E-08   0.179873E-05  -0.119904E-07
  1465   0.798675E+03   0.984193E+01   0.000000E+00  -0.137614E+02   0.257622E-08   0.179464E-05  -0.945296E-08
  1466   0.796353E+03   0.985707E+01   0.000000E+00  -0.130398E+02   0.257268E-08   0.179053E-05  -0.692625E-08
  1467   0.793980E+03   0.987557E+01   0.000000E+00  -0.123239E+02   0.256916E-08   0.178642E-05  -0.441042E-08
  1468   0.791566E+03   0.989758E+01   0.000000E+00  -0.116139E+02   0.256564E-08   0.178229E-05  -0.190564E-08
  1469   0.789101E+03   0.992287E+01   0.000000E+00  -0.109102E+02   0.256212E-08   0.177813E-05   0.587883E-09
  1470   0.786587E+03   0.995158E+01   0.000000E+00  -0.102129E+02   0.255861E-08   0.177394E-05   0.306998E-08
  1471   0.784037E+03   0.998355E+01   0.000000E+00  -0.952226E+01   0.255511E-08   0.176972E-05   0.554046E-08
  1472   0.781438E+03   0.100189E+02   0.000000E+00  -0.883847E+01   0.255162E-08   0.176545E-05   0.799914E-08
  1473   0.778789E+03   0.100573E+02   0.000000E+00  -0.816180E+01   0.254813E-08   0.176114E-05   0.104458E-07
  1474   0.776106E+03   0.100991E+02   0.000000E+00  -0.749247E+01   0.254465E-08   0.175678E-05   0.128803E-07
  1475   0.773373E+03   0.101440E+02   0.000000E+00  -0.683076E+01   0.254117E-08   0.175236E-05   0.153025E-07
  1476   0.770605E+03   0.101922E+02   0.000000E+00  -0.617673E+01   0.253770E-08   0.174788E-05   0.177121E-07
  1477   0.767796E+03   0.102434E+02   0.000000E+00  -0.553073E+01   0.253424E-08   0.174332E-05   0.201090E-07
  1478   0.764945E+03   0.102976E+02   0.000000E+00  -0.489291E+01   0.253079E-08   0.173870E-05   0.224930E-07
  1479   0.762059E+03   0.103549E+02   0.000000E+00  -0.426345E+01   0.252734E-08   0.173399E-05   0.248638E-07
  1480   0.759132E+03   0.104152E+02   0.000000E+00  -0.364260E+01   0.252389E-08   0.172920E-05   0.272214E-07
  1481   0.756170E+03   0.104785E+02   0.000000E+00  -0.303054E+01   0.252046E-08   0.172431E-05   0.295655E-07
  1482   0.753167E+03   0.105447E+02   0.000000E+00  -0.242748E+01   0.251702E-08   0.171933E-05   0.318959E-07
  1483   0.750130E+03   0.106137E+02   0.000000E+00  -0.183357E+01   0.251360E-08   0.171425E-05   0.342125E-07
  1484   0.747067E+03   0.106855E+02   0.000000E+00  -0.124900E+01   0.251018E-08   0.170906E-05   0.365151E-07
  1485   0.743962E+03   0.107602E+02   0.000000E+00  -0.673966E+00   0.250677E-08   0.170376E-05   0.388034E-07
  1486   0.740831E+03   0.108375E+02   0.000000E+00  -0.108621E+00   0.250336E-08   0.169834E-05   0.410773E-07
  1487   0.737658E+03   0.109176E+02   0.000000E+00   0.446832E+00   0.249997E-08   0.169279E-05   0.433367E-07
  1488   0.734459E+03   0.110002E+02   0.000000E+00   0.992236E+00   0.249657E-08   0.168711E-05   0.455813E-07
  1489   0.731235E+03   0.110855E+02   0.000000E+00   0.152742E+01   0.249319E-08   0.168130E-05   0.478109E-07
  1490   0.727973E+03   0.111733E+02   0.000000E+00   0.205223E+01   0.248980E-08   0.167535E-05   0.500253E-07
  1491   0.724684E+03   0.112634E+02   0.000000E+00   0.256652E+01   0.248643E-08   0.166925E-05   0.522245E-07
  1492   0.721369E+03   0.113561E+02   0.000000E+00   0.307013E+01   0.248306E-08   0.166300E-05   0.544081E-07
  1493   0.718027E+03   0.114511E+02   0.000000E+00   0.356290E+01   0.247970E-08   0.165659E-05   0.565760E-07
  1494   0.714658E+03   0.115484E+02   0.000000E+00   0.404467E+01   0.247634E-08   0.165002E-05   0.587280E-07
  1495   0.711264E+03   0.116480E+02   0.000000E+00   0.451531E+01   0.247299E-08   0.164328E-05   0.608640E-07
  1496   0.707847E+03   0.117498E+02   0.000000E+00   0.497468E+01   0.246965E-08   0.163636E-05   0.629837E-07
  1497   0.704406E+03   0.118537E+02   0.000000E+00   0.542268E+01   0.246631E-08   0.162926E-05   0.650869E-07
  1498   0.700943E+03   0.119597E+02   0.000000E+00   0.585918E+01   0.246298E-08   0.162198E-05   0.671735E-07
  1499   0.697459E+03   0.120676E+02   0.000000E+00   0.628407E+01   0.245965E-08   0.161451E-05   0.692433E-07
  1500   0.693955E+03   0.121776E+02   0.000000E+00   0.669724E+01   0.245634E-08   0.160684E-05   0.712961E-07
  1501   0.690432E+03   0.122894E+02   0.000000E+00   0.709856E+01   0.245302E-08   0.159897E-05   0.733317E-07
  1502   0.686891E+03   0.124031E+02   0.000000E+00   0.748795E+01   0.244971E-08   0.159091E-05   0.753501E-07
  1503   0.683333E+03   0.125186E+02   0.000000E+00   0.786529E+01   0.244641E-08   0.158265E-05   0.773511E-07
  1504   0.679758E+03   0.126357E+02   0.000000E+00   0.823055E+01   0.244312E-08   0.157420E-05   0.793347E-07
  1505   0.676169E+03   0.127546E+02   0.000000E+00   0.858362E+01   0.243983E-08   0.156556E-05   0.813008E-07
  1506   0.672564E+03   0.128750E+02   0.000000E+00   0.892442E+01   0.243654E-08   0.155675E-05   0.832494E-07
  1507   0.668945E+03   0.129970E+02   0.000000E+00   0.925289E+01   0.243327E-08   0.154776E-05   0.851803E-07
  1508   0.665314E+03   0.131205E+02   0.000000E+00   0.956891E+01   0.242999E-08   0.153860E-05   0.870935E-07
  1509   0.661670E+03   0.132454E+02   0.000000E+00   0.987253E+01   0.242673E-08   0.152928E-05   0.889889E-07
  1510   0.658015E+03   0.133716E+02   0.000000E+00   0.101635E+02   0.242347E-08   0.151979E-05   0.908665E-07
  1511   0.654350E+03   0.134991E+02   0.000000E+00   0.104420E+02   0.242022E-08   0.151014E-05   0.927261E-07
  1512   0.650677E+03   0.136280E+02   0.000000E+00   0.107080E+02   0.241697E-08   0.150034E-05   0.945677E-07
  1513   0.646996E+03   0.137579E+02   0.000000E+00   0.109614E+02   0.241372E-08   0.149040E-05   0.963912E-07
  1514   0.643308E+03   0.138889E+02   0.000000E+00   0.112022E+02   0.241049E-08   0.148031E-05   0.981966E-07
  1515   0.639616E+03   0.140211E+02   0.000000E+00   0.114304E+02   0.240726E-08   0.147007E-05   0.999837E-07
  1516   0.635919E+03   0.141543E+02   0.000000E+00   0.116459E+02   0.240403E-08   0.145971E-05   0.101752E-06
  1517   0.632220E+03   0.142883E+02   0.000000E+00   0.118487E+02   0.240081E-08   0.144921E-05   0.103503E-06
  1518   0.628518E+03   0.144232E+02   0.000000E+00   0.120389E+02   0.239760E-08   0.143859E-05   0.105235E-06
  1519   0.624815E+03   0.145590E+02   0.000000E+00   0.122165E+02   0.239439E-08   0.142785E-05   0.106948E-06
  1520   0.621111E+03   0.146954E+02   0.000000E+00   0.123814E+02   0.239119E-08   0.141698E-05   0.108643E-06
  1521   0.617408E+03   0.148325E+02   0.000000E+00   0.125336E+02   0.238800E-08   0.140601E-05   0.110319E-06
  1522   0.613706E+03   0.149703E+02   0.000000E+00   0.126732E+02   0.238481E-08   0.139493E-05   0.111977E-06
  1523   0.610006E+03   0.151086E+02   0.000000E+00   0.128000E+02   0.238162E-08   0.138374E-05   0.113615E-06
  1524   0.606310E+03   0.152473E+02   0.000000E+00   0.129142E+02   0.237844E-08   0.137245E-05   0.115235E-06
  1525   0.602618E+03   0.153864E+02   0.000000E+00   0.130158E+02   0.237527E-08   0.136107E-05   0.116835E-06
  1526   0.598931E+03   0.155259E+02   0.000000E+00   0.131048E+02   0.237211E-08   0.134960E-05   0.118417E-06
  1527   0.595250E+03   0.156658E+02   0.000000E+00   0.131813E+02   0.236894E-08   0.133804E-05   0.119980E-06
  1528   0.591576E+03   0.158057E+02   0.000000E+00   0.132453E+02   0.236579E-08   0.132640E-05   0.121523E-06
  1529   0.587911E+03   0.159459E+02   0.000000E+00   0.132968E+02   0.236264E-08   0.131469E-05   0.123047E-06
  1530   0.584254E+03   0.160861E+02   0.000000E+00   0.133359E+02   0.235949E-08   0.130290E-05   0.124551E-06
  1531   0.580607E+03   0.162263E+02   0.000000E+00   0.133626E+02   0.235636E-08   0.129104E-05   0.126037E-06
  1532   0.576970E+03   0.163666E+02   0.000000E+00   0.133769E+02   0.235322E-08   0.127912E-05   0.127502E-06
  1533   0.573345E+03   0.165066E+02   0.000000E+00   0.133790E+02   0.235010E-08   0.126714E-05   0.128948E-06
  1534   0.569733E+03   0.166465E+02   0.000000E+00   0.133689E+02   0.234697E-08   0.125511E-05   0.130375E-06
  1535   0.566134E+03   0.167862E+02   0.000000E+00   0.133467E+02   0.234386E-08   0.124303E-05   0.131781E-06
  1536   0.562549E+03   0.169255E+02   0.000000E+00   0.133123E+02   0.234075E-08   0.123090E-05   0.133168E-06
  1537   0.558977E+03   0.170644E+02   0.000000E+00   0.132658E+02   0.233764E-08   0.121872E-05   0.134535E-06
  1538   0.555423E+03   0.172029E+02   0.000000E+00   0.132075E+02   0.233454E-08   0.120652E-05   0.135882E-06
  1539   0.551885E+03   0.173408E+02   0.000000E+00   0.131373E+02   0.233145E-08   0.119428E-05   0.137210E-06
  1540   0.548364E+03   0.174782E+02   0.000000E+00   0.130554E+02   0.232836E-08   0.118201E-05   0.138516E-06
  1541   0.544861E+03   0.176149E+02   0.000000E+00   0.129618E+02   0.232528E-08   0.116972E-05   0.139803E-06
  1542   0.541379E+03   0.177510E+02   0.000000E+00   0.128567E+02   0.232220E-08   0.115741E-05   0.141070E-06
  1543   0.537916E+03   0.178862E+02   0.000000E+00   0.127402E+02   0.231913E-08   0.114508E-05   0.142316E-06
  1544   0.534475E+03   0.180207E+02   0.000000E+00   0.126124E+02   0.231606E-08   0.113275E-05   0.143542E-06
  1545   0.531055E+03   0.181543E+02   0.000000E+00   0.124735E+02   0.231300E-08   0.112040E-05   0.144747E-06
  1546   0.527658E+03   0.182868E+02   0.000000E+00   0.123234E+02   0.230994E-08   0.110806E-05   0.145932E-06
  1547   0.524286E+03   0.184185E+02   0.000000E+00   0.121624E+02   0.230690E-08   0.109573E-05   0.147096E-06
  1548   0.520936E+03   0.185490E+02   0.000000E+00   0.119906E+02   0.230385E-08   0.108339E-05   0.148239E-06
  1549   0.517612E+03   0.186784E+02   0.000000E+00   0.118080E+02   0.230081E-08   0.107108E-05   0.149362E-06
  1550   0.514313E+03   0.188066E+02   0.000000E+00   0.116149E+02   0.229778E-08   0.105878E-05   0.150464E-06
  1551   0.511040E+03   0.189335E+02   0.000000E+00   0.114113E+02   0.229475E-08   0.104650E-05   0.151545E-06
  1552   0.507794E+03   0.190590E+02   0.000000E+00   0.111973E+02   0.229173E-08   0.103424E-05   0.152605E-06
  1553   0.504576E+03   0.191833E+02   0.000000E+00   0.109732E+02   0.228871E-08   0.102201E-05   0.153644E-06
  1554   0.501386E+03   0.193061E+02   0.000000E+00   0.107390E+02   0.228570E-08   0.100980E-05   0.154662E-06
  1555   0.498225E+03   0.194274E+02   0.000000E+00   0.104950E+02   0.228269E-08   0.997629E-06   0.155659E-06
  1556   0.495093E+03   0.195472E+02   0.000000E+00   0.102411E+02   0.227969E-08   0.985487E-06   0.156636E-06
  1557   0.491991E+03   0.196655E+02   0.000000E+00   0.997773E+01   0.227669E-08   0.973379E-06   0.157592E-06
  1558   0.488920E+03   0.197821E+02   0.000000E+00   0.970485E+01   0.227370E-08   0.961307E-06   0.158527E-06
  1559   0.485880E+03   0.198971E+02   0.000000E+00   0.942274E+01   0.227071E-08   0.949273E-06   0.159442E-06
  1560   0.482872E+03   0.200103E+02   0.000000E+00   0.913140E+01   0.226773E-08   0.937280E-06   0.160336E-06
  1561   0.479896E+03   0.201219E+02   0.000000E+00   0.883121E+01   0.226476E-08   0.925329E-06   0.161209E-06
  1562   0.476953E+03   0.202316E+02   0.000000E+00   0.852219E+01   0.226179E-08   0.913422E-06   0.162062E-06
  1563   0.474043E+03   0.203394E+02   0.000000E+00   0.820458E+01   0.225882E-08   0.901563E-06   0.162894E-06
  1564   0.471168E+03   0.204455E+02   0.000000E+00   0.787852E+01   0.225586E-08   0.889752E-06   0.163706E-06
  1565   0.468326E+03   0.205495E+02   0.000000E+00   0.754426E+01   0.225291E-08   0.877992E-06   0.164497E-06
  1566   0.465521E+03   0.206516E+02   0.000000E+00   0.720188E+01   0.224996E-08   0.866285E-06   0.165268E-06
  1567   0.462749E+03   0.207517E+02   0.000000E+00   0.685162E+01   0.224702E-08   0.854634E-06   0.166018E-06
  1568   0.460014E+03   0.208498E+02   0.000000E+00   0.649355E+01   0.224408E-08   0.843039E-06   0.166748E-06
  1569   0.457315E+03   0.209456E+02   0.000000E+00   0.612799E+01   0.224115E-08   0.831504E-06   0.167457E-06
  1570   0.454653E+03   0.210395E+02   0.000000E+00   0.575510E+01   0.223822E-08   0.820031E-06   0.168146E-06
  1571   0.452028E+03   0.211310E+02   0.000000E+00   0.537500E+01   0.223529E-08   0.808621E-06   0.168815E-06
  1572   0.449440E+03   0.212204E+02   0.000000E+00   0.498788E+01   0.223238E-08   0.797277E-06   0.169464E-06
  1573   0.446889E+03   0.213075E+02   0.000000E+00   0.459397E+01   0.222946E-08   0.786001E-06   0.170092E-06
  1574   0.444377E+03   0.213923E+02   0.000000E+00   0.419350E+01   0.222656E-08   0.774795E-06   0.170700E-06
  1575   0.441904E+03   0.214748E+02   0.000000E+00   0.378666E+01   0.222365E-08   0.763661E-06   0.171288E-06
  1576   0.439469E+03   0.215549E+02   0.000000E+00   0.337369E+01   0.222076E-08   0.752601E-06   0.171856E-06
  1577   0.437073E+03   0.216327E+02   0.000000E+00   0.295479E+01   0.221787E-08   0.741617E-06   0.172404E-06
  1578   0.434717E+03   0.217081E+02   0.000000E+00   0.253019E+01   0.221498E-08   0.730712E-06   0.172931E-06
  1579   0.432402E+03   0.217811E+02   0.000000E+00   0.210011E+01   0.221210E-08   0.719888E-06   0.173439E-06
  1580   0.430126E+03   0.218515E+02   0.000000E+00   0.166474E+01   0.220922E-08   0.709146E-06   0.173926E-06
  1581   0.427892E+03   0.219195E+02   0.000000E+00   0.122429E+01   0.220635E-08   0.698489E-06   0.174394E-06
  1582   0.425698E+03   0.219851E+02   0.000000E+00   0.778962E+00   0.220348E-08   0.687920E-06   0.174842E-06
  1583   0.423544E+03   0.220480E+02   0.000000E+00   0.328960E+00   0.220062E-08   0.677439E-06   0.175269E-06
  1584   0.421432E+03   0.221085E+02   0.000000E+00  -0.125508E+00   0.219776E-08   0.667049E-06   0.175677E-06
  1585   0.419360E+03   0.221662E+02   0.000000E+00  -0.584239E+00   0.219491E-08   0.656752E-06   0.176065E-06
  1586   0.417331E+03   0.222214E+02   0.000000E+00  -0.104704E+01   0.219206E-08   0.646551E-06   0.176433E-06
  1587   0.415342E+03   0.222739E+02   0.000000E+00  -0.151368E+01   0.218922E-08   0.636448E-06   0.176781E-06
  1588   0.413395E+03   0.223237E+02   0.000000E+00  -0.198395E+01   0.218639E-08   0.626444E-06   0.177109E-06
  1589   0.411490E+03   0.223708E+02   0.000000E+00  -0.245762E+01   0.218355E-08   0.616542E-06   0.177418E-06
  1590   0.409626E+03   0.224152E+02   0.000000E+00  -0.293449E+01   0.218073E-08   0.606744E-06   0.177707E-06
  1591   0.407804E+03   0.224569E+02   0.000000E+00  -0.341432E+01   0.217791E-08   0.597051E-06   0.177976E-06
  1592   0.406024E+03   0.224958E+02   0.000000E+00  -0.389690E+01   0.217509E-08   0.587467E-06   0.178226E-06
  1593   0.404286E+03   0.225320E+02   0.000000E+00  -0.438202E+01   0.217228E-08   0.577993E-06   0.178456E-06
  1594   0.402590E+03   0.225653E+02   0.000000E+00  -0.486944E+01   0.216947E-08   0.568632E-06   0.178666E-06
  1595   0.400937E+03   0.225958E+02   0.000000E+00  -0.535895E+01   0.216667E-08   0.559385E-06   0.178857E-06
  1596   0.399324E+03   0.226236E+02   0.000000E+00  -0.585032E+01   0.216387E-08   0.550254E-06   0.179028E-06
  1597   0.397755E+03   0.226485E+02   0.000000E+00  -0.634333E+01   0.216108E-08   0.541242E-06   0.179180E-06
  1598   0.396227E+03   0.226706E+02   0.000000E+00  -0.683775E+01   0.215829E-08   0.532351E-06   0.179313E-06
  1599   0.394740E+03   0.226898E+02   0.000000E+00  -0.733336E+01   0.215551E-08   0.523583E-06   0.179425E-06
  1600   0.393297E+03   0.227062E+02   0.000000E+00  -0.782994E+01   0.215273E-08   0.514940E-06   0.179519E-06
  1601   0.391894E+03   0.227198E+02   0.000000E+00  -0.832728E+01   0.214996E-08   0.506424E-06   0.179593E-06
  1602   0.390533E+03   0.227304E+02   0.000000E+00  -0.882518E+01   0.214719E-08   0.498036E-06   0.179648E-06
  1603   0.389214E+03   0.227381E+02   0.000000E+00  -0.932346E+01   0.214443E-08   0.489775E-06   0.179683E-06
  1604   0.387936E+03   0.227430E+02   0.000000E+00  -0.982191E+01   0.214167E-08   0.481644E-06   0.179700E-06
  1605   0.386699E+03   0.227450E+02   0.000000E+00  -0.103204E+02   0.213892E-08   0.473642E-06   0.179697E-06
  1606   0.385504E+03   0.227441E+02   0.000000E+00  -0.108186E+02   0.213617E-08   0.465770E-06   0.179675E-06
  1607   0.384349E+03   0.227403E+02   0.000000E+00  -0.113164E+02   0.213343E-08   0.458029E-06   0.179635E-06
  1608   0.383235E+03   0.227335E+02   0.000000E+00  -0.118137E+02   0.213069E-08   0.450419E-06   0.179575E-06
  1609   0.382161E+03   0.227238E+02   0.000000E+00  -0.123101E+02   0.212795E-08   0.442940E-06   0.179497E-06
  1610   0.381128E+03   0.227113E+02   0.000000E+00  -0.128055E+02   0.212522E-08   0.435594E-06   0.179399E-06
  1611   0.380135E+03   0.226960E+02   0.000000E+00  -0.132996E+02   0.212250E-08   0.428380E-06   0.179284E-06
  1612   0.379183E+03   0.226778E+02   0.000000E+00  -0.137924E+02   0.211978E-08   0.421300E-06   0.179149E-06
  1613   0.378269E+03   0.226568E+02   0.000000E+00  -0.142835E+02   0.211707E-08   0.414354E-06   0.178996E-06
  1614   0.377395E+03   0.226331E+02   0.000000E+00  -0.147727E+02   0.211436E-08   0.407542E-06   0.178824E-06
  1615   0.376561E+03   0.226066E+02   0.000000E+00  -0.152599E+02   0.211165E-08   0.400865E-06   0.178634E-06
  1616   0.375765E+03   0.225772E+02   0.000000E+00  -0.157450E+02   0.210895E-08   0.394324E-06   0.178426E-06
  1617   0.375008E+03   0.225451E+02   0.000000E+00  -0.162276E+02   0.210625E-08   0.387919E-06   0.178199E-06
  1618   0.374290E+03   0.225103E+02   0.000000E+00  -0.167076E+02   0.210356E-08   0.381650E-06   0.177954E-06
  1619   0.373609E+03   0.224727E+02   0.000000E+00  -0.171850E+02   0.210087E-08   0.375519E-06   0.177691E-06
  1620   0.372965E+03   0.224324E+02   0.000000E+00  -0.176593E+02   0.209819E-08   0.369526E-06   0.177410E-06
  1621   0.372359E+03   0.223892E+02   0.000000E+00  -0.181306E+02   0.209552E-08   0.363671E-06   0.177111E-06
  1622   0.371790E+03   0.223435E+02   0.000000E+00  -0.185986E+02   0.209284E-08   0.357955E-06   0.176794E-06
  1623   0.371257E+03   0.222950E+02   0.000000E+00  -0.190631E+02   0.209017E-08   0.352378E-06   0.176459E-06
  1624   0.370760E+03   0.222439E+02   0.000000E+00  -0.195239E+02   0.208751E-08   0.346942E-06   0.176106E-06
  1625   0.370298E+03   0.221901E+02   0.000000E+00  -0.199810E+02   0.208485E-08   0.341646E-06   0.175736E-06
  1626   0.369873E+03   0.221338E+02   0.000000E+00  -0.204341E+02   0.208220E-08   0.336491E-06   0.175347E-06
  1627   0.369481E+03   0.220748E+02   0.000000E+00  -0.208829E+02   0.207955E-08   0.331479E-06   0.174942E-06
  1628   0.369124E+03   0.220133E+02   0.000000E+00  -0.213274E+02   0.207690E-08   0.326608E-06   0.174518E-06
  1629   0.368801E+03   0.219493E+02   0.000000E+00  -0.217674E+02   0.207426E-08   0.321880E-06   0.174077E-06
  1630   0.368511E+03   0.218827E+02   0.000000E+00  -0.222027E+02   0.207163E-08   0.317296E-06   0.173619E-06
  1631   0.368254E+03   0.218136E+02   0.000000E+00  -0.226333E+02   0.206900E-08   0.312856E-06   0.173143E-06
  1632   0.368030E+03   0.217421E+02   0.000000E+00  -0.230588E+02   0.206637E-08   0.308560E-06   0.172650E-06
  1633   0.367837E+03   0.216681E+02   0.000000E+00  -0.234791E+02   0.206375E-08   0.304410E-06   0.172140E-06
  1634   0.367676E+03   0.215917E+02   0.000000E+00  -0.238942E+02   0.206113E-08   0.300405E-06   0.171613E-06
  1635   0.367546E+03   0.215129E+02   0.000000E+00  -0.243039E+02   0.205852E-08   0.296546E-06   0.171069E-06
  1636   0.367445E+03   0.214317E+02   0.000000E+00  -0.247079E+02   0.205591E-08   0.292835E-06   0.170508E-06
  1637   0.367375E+03   0.213482E+02   0.000000E+00  -0.251062E+02   0.205330E-08   0.289270E-06   0.169929E-06
  1638   0.367334E+03   0.212624E+02   0.000000E+00  -0.254986E+02   0.205070E-08   0.285854E-06   0.169334E-06
  1639   0.367322E+03   0.211743E+02   0.000000E+00  -0.258849E+02   0.204811E-08   0.282586E-06   0.168722E-06
  1640   0.367338E+03   0.210840E+02   0.000000E+00  -0.262652E+02   0.204552E-08   0.279467E-06   0.168094E-06
  1641   0.367381E+03   0.209916E+02   0.000000E+00  -0.266391E+02   0.204293E-08   0.276497E-06   0.167448E-06
  1642   0.367451E+03   0.208971E+02   0.000000E+00  -0.270066E+02   0.204035E-08   0.273678E-06   0.166786E-06
  1643   0.367548E+03   0.208005E+02   0.000000E+00  -0.273676E+02   0.203777E-08   0.271010E-06   0.166108E-06
  1644   0.367671E+03   0.207018E+02   0.000000E+00  -0.277219E+02   0.203520E-08   0.268493E-06   0.165413E-06
  1645   0.367819E+03   0.206012E+02   0.000000E+00  -0.280693E+02   0.203263E-08   0.266127E-06   0.164702E-06
  1646   0.367992E+03   0.204984E+02   0.000000E+00  -0.284099E+02   0.203007E-08   0.263914E-06   0.163974E-06
  1647   0.368188E+03   0.203939E+02   0.000000E+00  -0.287434E+02   0.202751E-08   0.261854E-06   0.163230E-06
  1648   0.368407E+03   0.202873E+02   0.000000E+00  -0.290697E+02   0.202496E-08   0.259948E-06   0.162470E-06
  1649   0.368650E+03   0.201789E+02   0.000000E+00  -0.293888E+02   0.202240E-08   0.258196E-06   0.161694E-06
  1650   0.368914E+03   0.200686E+02   0.000000E+00  -0.297005E+02   0.201986E-08   0.256598E-06   0.160902E-06
  1651   0.369199E+03   0.199565E+02   0.000000E+00  -0.300047E+02   0.201732E-08   0.255155E-06   0.160093E-06
  1652   0.369506E+03   0.198428E+02   0.000000E+00  -0.303014E+02   0.201478E-08   0.253864E-06   0.159269E-06
  1653   0.369832E+03   0.197273E+02   0.000000E+00  -0.305905E+02   0.201225E-08   0.252721E-06   0.158430E-06
  1654   0.370179E+03   0.196100E+02   0.000000E+00  -0.308718E+02   0.200972E-08   0.251723E-06   0.157575E-06
  1655   0.370544E+03   0.194912E+02   0.000000E+00  -0.311453E+02   0.200719E-08   0.250867E-06   0.156705E-06
  1656   0.370927E+03   0.193708E+02   0.000000E+00  -0.314110E+02   0.200467E-08   0.250149E-06   0.155820E-06
  1657   0.371328E+03   0.192490E+02   0.000000E+00  -0.316687E+02   0.200216E-08   0.249566E-06   0.154921E-06
  1658   0.371747E+03   0.191255E+02   0.000000E+00  -0.319184E+02   0.199965E-08   0.249115E-06   0.154006E-06
  1659   0.372182E+03   0.190006E+02   0.000000E+00  -0.321600E+02   0.199714E-08   0.248791E-06   0.153078E-06
  1660   0.372633E+03   0.188744E+02   0.000000E+00  -0.323936E+02   0.199464E-08   0.248592E-06   0.152136E-06
  1661   0.373099E+03   0.187467E+02   0.000000E+00  -0.326190E+02   0.199214E-08   0.248514E-06   0.151180E-06
  1662   0.373579E+03   0.186178E+02   0.000000E+00  -0.328360E+02   0.198964E-08   0.248554E-06   0.150210E-06
  1663   0.374074E+03   0.184876E+02   0.000000E+00  -0.330449E+02   0.198715E-08   0.248709E-06   0.149227E-06
  1664   0.374582E+03   0.183562E+02   0.000000E+00  -0.332455E+02   0.198467E-08   0.248974E-06   0.148231E-06
  1665   0.375103E+03   0.182236E+02   0.000000E+00  -0.334376E+02   0.198219E-08   0.249348E-06   0.147222E-06
  1666   0.375635E+03   0.180899E+02   0.000000E+00  -0.336213E+02   0.197971E-08   0.249825E-06   0.146200E-06
  1667   0.376180E+03   0.179551E+02   0.000000E+00  -0.337966E+02   0.197724E-08   0.250403E-06   0.145165E-06
  1668   0.376735E+03   0.178193E+02   0.000000E+00  -0.339634E+02   0.197477E-08   0.251079E-06   0.144118E-06
  1669   0.377300E+03   0.176824E+02   0.000000E+00  -0.341216E+02   0.197231E-08   0.251849E-06   0.143060E-06
  1670   0.377874E+03   0.175446E+02   0.000000E+00  -0.342712E+02   0.196984E-08   0.252709E-06   0.141989E-06
  1671   0.378457E+03   0.174058E+02   0.000000E+00  -0.344123E+02   0.196739E-08   0.253657E-06   0.140907E-06
  1672   0.379049E+03   0.172663E+02   0.000000E+00  -0.345447E+02   0.196494E-08   0.254688E-06   0.139813E-06
  1673   0.379647E+03   0.171259E+02   0.000000E+00  -0.346686E+02   0.196249E-08   0.255800E-06   0.138708E-06
  1674   0.380253E+03   0.169848E+02   0.000000E+00  -0.347839E+02   0.196005E-08   0.256990E-06   0.137592E-06
  1675   0.380865E+03   0.168430E+02   0.000000E+00  -0.348906E+02   0.195761E-08   0.258252E-06   0.136466E-06
  1676   0.381482E+03   0.167006E+02   0.000000E+00  -0.349887E+02   0.195517E-08   0.259585E-06   0.135329E-06
  1677   0.382105E+03   0.165578E+02   0.000000E+00  -0.350782E+02   0.195274E-08   0.260985E-06   0.134181E-06
  1678   0.382733E+03   0.164143E+02   0.000000E+00  -0.351592E+02   0.195032E-08   0.262448E-06   0.133023E-06
  1679   0.383363E+03   0.162704E+02   0.000000E+00  -0.352316E+02   0.194789E-08   0.263972E-06   0.131856E-06
  1680   0.383997E+03   0.161262E+02   0.000000E+00  -0.352953E+02   0.194547E-08   0.265552E-06   0.130679E-06
  1681   0.384634E+03   0.159815E+02   0.000000E+00  -0.353506E+02   0.194306E-08   0.267185E-06   0.129492E-06
  1682   0.385272E+03   0.158365E+02   0.000000E+00  -0.353973E+02   0.194065E-08   0.268868E-06   0.128296E-06
  1683   0.385911E+03   0.156913E+02   0.000000E+00  -0.354354E+02   0.193824E-08   0.270598E-06   0.127091E-06
  1684   0.386550E+03   0.155458E+02   0.000000E+00  -0.354650E+02   0.193584E-08   0.272370E-06   0.125877E-06
  1685   0.387190E+03   0.154002E+02   0.000000E+00  -0.354861E+02   0.193344E-08   0.274183E-06   0.124655E-06
  1686   0.387829E+03   0.152544E+02   0.000000E+00  -0.354986E+02   0.193105E-08   0.276031E-06   0.123424E-06
  1687   0.388466E+03   0.151085E+02   0.000000E+00  -0.355029E+02   0.192866E-08   0.277913E-06   0.122186E-06
  1688   0.389102E+03   0.149626E+02   0.000000E+00  -0.354987E+02   0.192628E-08   0.279824E-06   0.120939E-06
  1689   0.389735E+03   0.148167E+02   0.000000E+00  -0.354862E+02   0.192389E-08   0.281761E-06   0.119684E-06
  1690   0.390364E+03   0.146710E+02   0.000000E+00  -0.354654E+02   0.192152E-08   0.283721E-06   0.118422E-06
  1691   0.390990E+03   0.145254E+02   0.000000E+00  -0.354363E+02   0.191914E-08   0.285700E-06   0.117153E-06
  1692   0.391612E+03   0.143799E+02   0.000000E+00  -0.353989E+02   0.191677E-08   0.287695E-06   0.115877E-06
  1693   0.392228E+03   0.142346E+02   0.000000E+00  -0.353535E+02   0.191441E-08   0.289702E-06   0.114593E-06
  1694   0.392839E+03   0.140897E+02   0.000000E+00  -0.352999E+02   0.191205E-08   0.291719E-06   0.113304E-06
  1695   0.393443E+03   0.139451E+02   0.000000E+00  -0.352383E+02   0.190969E-08   0.293741E-06   0.112007E-06
  1696   0.394041E+03   0.138007E+02   0.000000E+00  -0.351686E+02   0.190734E-08   0.295765E-06   0.110705E-06
  1697   0.394631E+03   0.136568E+02   0.000000E+00  -0.350910E+02   0.190499E-08   0.297789E-06   0.109396E-06
  1698   0.395212E+03   0.135133E+02   0.000000E+00  -0.350054E+02   0.190264E-08   0.299808E-06   0.108082E-06
  1699   0.395785E+03   0.133704E+02   0.000000E+00  -0.349120E+02   0.190030E-08   0.301819E-06   0.106763E-06
  1700   0.396349E+03   0.132280E+02   0.000000E+00  -0.348109E+02   0.189796E-08   0.303818E-06   0.105438E-06
  1701   0.396903E+03   0.130861E+02   0.000000E+00  -0.347021E+02   0.189563E-08   0.305804E-06   0.104107E-06
  1702   0.397447E+03   0.129450E+02   0.000000E+00  -0.345858E+02   0.189330E-08   0.307776E-06   0.102772E-06
  1703   0.397980E+03   0.128046E+02   0.000000E+00  -0.344620E+02   0.189097E-08   0.309735E-06   0.101433E-06
  1704   0.398502E+03   0.126648E+02   0.000000E+00  -0.343308E+02   0.188865E-08   0.311682E-06   0.100088E-06
  1705   0.399013E+03   0.125260E+02   0.000000E+00  -0.341924E+02   0.188633E-08   0.313617E-06   0.987398E-07
  1706   0.399512E+03   0.123879E+02   0.000000E+00  -0.340468E+02   0.188402E-08   0.315543E-06   0.973872E-07
  1707   0.399999E+03   0.122507E+02   0.000000E+00  -0.338941E+02   0.188171E-08   0.317458E-06   0.960307E-07
  1708   0.400472E+03   0.121144E+02   0.000000E+00  -0.337343E+02   0.187940E-08   0.319366E-06   0.946706E-07
  1709   0.400933E+03   0.119791E+02   0.000000E+00  -0.335676E+02   0.187710E-08   0.321265E-06   0.933070E-07
  1710   0.401379E+03   0.118448E+02   0.000000E+00  -0.333941E+02   0.187480E-08   0.323158E-06   0.919402E-07
  1711   0.401812E+03   0.117115E+02   0.000000E+00  -0.332138E+02   0.187251E-08   0.325044E-06   0.905704E-07
  1712   0.402230E+03   0.115792E+02   0.000000E+00  -0.330269E+02   0.187022E-08   0.326926E-06   0.891977E-07
  1713   0.402633E+03   0.114480E+02   0.000000E+00  -0.328335E+02   0.186793E-08   0.328803E-06   0.878224E-07
  1714   0.403020E+03   0.113180E+02   0.000000E+00  -0.326335E+02   0.186565E-08   0.330677E-06   0.864447E-07
  1715   0.403392E+03   0.111891E+02   0.000000E+00  -0.324273E+02   0.186337E-08   0.332548E-06   0.850648E-07
  1716   0.403749E+03   0.110614E+02   0.000000E+00  -0.322149E+02   0.186109E-08   0.334418E-06   0.836829E-07
  1717   0.404088E+03   0.109351E+02   0.000000E+00  -0.319964E+02   0.185882E-08   0.336287E-06   0.822992E-07
  1718   0.404410E+03   0.108099E+02   0.000000E+00  -0.317720E+02   0.185656E-08   0.338156E-06   0.809139E-07
  1719   0.404716E+03   0.106861E+02   0.000000E+00  -0.315416E+02   0.185429E-08   0.340026E-06   0.795273E-07
  1720   0.405004E+03   0.105636E+02   0.000000E+00  -0.313055E+02   0.185203E-08   0.341898E-06   0.781394E-07
  1721   0.405274E+03   0.104426E+02   0.000000E+00  -0.310639E+02   0.184978E-08   0.343772E-06   0.767506E-07
  1722   0.405527E+03   0.103229E+02   0.000000E+00  -0.308167E+02   0.184752E-08   0.345650E-06   0.753611E-07
  1723   0.405760E+03   0.102047E+02   0.000000E+00  -0.305643E+02   0.184528E-08   0.347533E-06   0.739710E-07
  1724   0.405976E+03   0.100880E+02   0.000000E+00  -0.303065E+02   0.184303E-08   0.349421E-06   0.725805E-07
  1725   0.406172E+03   0.997285E+01   0.000000E+00  -0.300438E+02   0.184079E-08   0.351315E-06   0.711900E-07
  1726   0.406349E+03   0.985918E+01   0.000000E+00  -0.297761E+02   0.183855E-08   0.353216E-06   0.697995E-07
  1727   0.406507E+03   0.974717E+01   0.000000E+00  -0.295035E+02   0.183632E-08   0.355125E-06   0.684092E-07
  1728   0.406645E+03   0.963666E+01   0.000000E+00  -0.292262E+02   0.183409E-08   0.357043E-06   0.670195E-07
  1729   0.406762E+03   0.952788E+01   0.000000E+00  -0.289444E+02   0.183186E-08   0.358970E-06   0.656305E-07
  1730   0.406860E+03   0.942075E+01   0.000000E+00  -0.286582E+02   0.182964E-08   0.360909E-06   0.642424E-07
  1731   0.406936E+03   0.931527E+01   0.000000E+00  -0.283676E+02   0.182742E-08   0.362858E-06   0.628553E-07
  1732   0.406992E+03   0.921150E+01   0.000000E+00  -0.280728E+02   0.182521E-08   0.364820E-06   0.614696E-07
  1733   0.407027E+03   0.910951E+01   0.000000E+00  -0.277740E+02   0.182300E-08   0.366795E-06   0.600855E-07
  1734   0.407040E+03   0.900924E+01   0.000000E+00  -0.274713E+02   0.182079E-08   0.368784E-06   0.587030E-07
  1735   0.407031E+03   0.891074E+01   0.000000E+00  -0.271648E+02   0.181858E-08   0.370788E-06   0.573225E-07
  1736   0.407001E+03   0.881409E+01   0.000000E+00  -0.268548E+02   0.181638E-08   0.372807E-06   0.559441E-07
  1737   0.406950E+03   0.871929E+01   0.000000E+00  -0.265413E+02   0.181419E-08   0.374843E-06   0.545681E-07
  1738   0.406876E+03   0.862634E+01   0.000000E+00  -0.262247E+02   0.181200E-08   0.376897E-06   0.531947E-07
  1739   0.406781E+03   0.853530E+01   0.000000E+00  -0.259049E+02   0.180981E-08   0.378969E-06   0.518240E-07
  1740   0.406664E+03   0.844617E+01   0.000000E+00  -0.255821E+02   0.180762E-08   0.381061E-06   0.504563E-07
  1741   0.406525E+03   0.835894E+01   0.000000E+00  -0.252566E+02   0.180544E-08   0.383172E-06   0.490918E-07
  1742   0.406364E+03   0.827369E+01   0.000000E+00  -0.249284E+02   0.180326E-08   0.385305E-06   0.477307E-07
  1743   0.406180E+03   0.819035E+01   0.000000E+00  -0.245978E+02   0.180109E-08   0.387459E-06   0.463731E-07
  1744   0.405973E+03   0.810904E+01   0.000000E+00  -0.242647E+02   0.179892E-08   0.389636E-06   0.450194E-07
  1745   0.405745E+03   0.802971E+01   0.000000E+00  -0.239294E+02   0.179675E-08   0.391837E-06   0.436697E-07
  1746   0.405493E+03   0.795241E+01   0.000000E+00  -0.235921E+02   0.179458E-08   0.394062E-06   0.423242E-07
  1747   0.405218E+03   0.787708E+01   0.000000E+00  -0.232528E+02   0.179242E-08   0.396313E-06   0.409831E-07
  1748   0.404921E+03   0.780385E+01   0.000000E+00  -0.229118E+02   0.179027E-08   0.398589E-06   0.396467E-07
  1749   0.404599E+03   0.773264E+01   0.000000E+00  -0.225691E+02   0.178811E-08   0.400893E-06   0.383151E-07
  1750   0.404256E+03   0.766346E+01   0.000000E+00  -0.222250E+02   0.178596E-08   0.403225E-06   0.369885E-07
  1751   0.403889E+03   0.759638E+01   0.000000E+00  -0.218795E+02   0.178382E-08   0.405584E-06   0.356672E-07
  1752   0.403499E+03   0.753138E+01   0.000000E+00  -0.215330E+02   0.178168E-08   0.407966E-06   0.343513E-07
  1753   0.403087E+03   0.746847E+01   0.000000E+00  -0.211854E+02   0.177954E-08   0.410365E-06   0.330408E-07
  1754   0.402651E+03   0.740765E+01   0.000000E+00  -0.208369E+02   0.177740E-08   0.412775E-06   0.317358E-07
  1755   0.402192E+03   0.734897E+01   0.000000E+00  -0.204877E+02   0.177527E-08   0.415190E-06   0.304364E-07
  1756   0.401711E+03   0.729237E+01   0.000000E+00  -0.201379E+02   0.177314E-08   0.417603E-06   0.291428E-07
  1757   0.401206E+03   0.723790E+01   0.000000E+00  -0.197876E+02   0.177102E-08   0.420009E-06   0.278549E-07
  1758   0.400679E+03   0.718550E+01   0.000000E+00  -0.194370E+02   0.176890E-08   0.422402E-06   0.265730E-07
  1759   0.400128E+03   0.713528E+01   0.000000E+00  -0.190863E+02   0.176678E-08   0.424776E-06   0.252971E-07
  1760   0.399555E+03   0.708717E+01   0.000000E+00  -0.187354E+02   0.176467E-08   0.427124E-06   0.240273E-07
  1761   0.398959E+03   0.704117E+01   0.000000E+00  -0.183847E+02   0.176256E-08   0.429442E-06   0.227636E-07
  1762   0.398340E+03   0.699730E+01   0.000000E+00  -0.180341E+02   0.176045E-08   0.431722E-06   0.215063E-07
  1763   0.397699E+03   0.695555E+01   0.000000E+00  -0.176839E+02   0.175834E-08   0.433958E-06   0.202553E-07
  1764   0.397035E+03   0.691592E+01   0.000000E+00  -0.173343E+02   0.175624E-08   0.436146E-06   0.190107E-07
  1765   0.396350E+03   0.687841E+01   0.000000E+00  -0.169852E+02   0.175415E-08   0.438278E-06   0.177728E-07
  1766   0.395643E+03   0.684303E+01   0.000000E+00  -0.166370E+02   0.175205E-08   0.440348E-06   0.165414E-07
  1767   0.394914E+03   0.680977E+01   0.000000E+00  -0.162897E+02   0.174996E-08   0.442352E-06   0.153168E-07
  1768   0.394163E+03   0.677862E+01   0.000000E+00  -0.159435E+02   0.174788E-08   0.444282E-06   0.140991E-07
  1769   0.393392E+03   0.674959E+01   0.000000E+00  -0.155985E+02   0.174579E-08   0.446133E-06   0.128883E-07
  1770   0.392600E+03   0.672266E+01   0.000000E+00  -0.152548E+02   0.174371E-08   0.447899E-06   0.116845E-07
  1771   0.391786E+03   0.669783E+01   0.000000E+00  -0.149127E+02   0.174164E-08   0.449573E-06   0.104878E-07
  1772   0.390952E+03   0.667508E+01   0.000000E+00  -0.145721E+02   0.173957E-08   0.451150E-06   0.929830E-08
  1773   0.390098E+03   0.665441E+01   0.000000E+00  -0.142333E+02   0.173750E-08   0.452623E-06   0.811612E-08
  1774   0.389222E+03   0.663581E+01   0.000000E+00  -0.138963E+02   0.173543E-08   0.453988E-06   0.694133E-08
  1775   0.388328E+03   0.661928E+01   0.000000E+00  -0.135613E+02   0.173337E-08   0.455236E-06   0.577402E-08
  1776   0.387413E+03   0.660480E+01   0.000000E+00  -0.132285E+02   0.173131E-08   0.456364E-06   0.461429E-08
  1777   0.386478E+03   0.659236E+01   0.000000E+00  -0.128978E+02   0.172925E-08   0.457364E-06   0.346224E-08
  1778   0.385524E+03   0.658194E+01   0.000000E+00  -0.125695E+02   0.172720E-08   0.458231E-06   0.231795E-08
  1779   0.384551E+03   0.657353E+01   0.000000E+00  -0.122437E+02   0.172515E-08   0.458958E-06   0.118151E-08
  1780   0.383559E+03   0.656713E+01   0.000000E+00  -0.119205E+02   0.172311E-08   0.459540E-06   0.530264E-10
  1781   0.382548E+03   0.656271E+01   0.000000E+00  -0.116000E+02   0.172106E-08   0.459971E-06  -0.106742E-08
  1782   0.381519E+03   0.656026E+01   0.000000E+00  -0.112824E+02   0.171902E-08   0.460244E-06  -0.217972E-08
  1783   0.380471E+03   0.655978E+01   0.000000E+00  -0.109677E+02   0.171699E-08   0.460354E-06  -0.328380E-08
  1784   0.379407E+03   0.656122E+01   0.000000E+00  -0.106561E+02   0.171496E-08   0.460294E-06  -0.437956E-08
  1785   0.378324E+03   0.656459E+01   0.000000E+00  -0.103478E+02   0.171293E-08   0.460059E-06  -0.546690E-08
  1786   0.377225E+03   0.656986E+01   0.000000E+00  -0.100426E+02   0.171090E-08   0.459642E-06  -0.654574E-08
  1787   0.376109E+03   0.657701E+01   0.000000E+00  -0.974099E+01   0.170888E-08   0.459038E-06  -0.761597E-08
  1788   0.374976E+03   0.658603E+01   0.000000E+00  -0.944280E+01   0.170686E-08   0.458241E-06  -0.867752E-08
  1789   0.373827E+03   0.659689E+01   0.000000E+00  -0.914833E+01   0.170484E-08   0.457244E-06  -0.973027E-08
  1790   0.372663E+03   0.660958E+01   0.000000E+00  -0.885751E+01   0.170283E-08   0.456042E-06  -0.107742E-07
  1791   0.371483E+03   0.662407E+01   0.000000E+00  -0.857056E+01   0.170082E-08   0.454628E-06  -0.118091E-07
  1792   0.370287E+03   0.664033E+01   0.000000E+00  -0.828754E+01   0.169882E-08   0.452997E-06  -0.128349E-07
  1793   0.369077E+03   0.665835E+01   0.000000E+00  -0.800860E+01   0.169681E-08   0.451142E-06  -0.138516E-07
  1794   0.367852E+03   0.667810E+01   0.000000E+00  -0.773380E+01   0.169481E-08   0.449058E-06  -0.148590E-07
  1795   0.366613E+03   0.669956E+01   0.000000E+00  -0.746321E+01   0.169282E-08   0.446738E-06  -0.158571E-07
  1796   0.365359E+03   0.672269E+01   0.000000E+00  -0.719691E+01   0.169082E-08   0.444177E-06  -0.168458E-07
  1797   0.364092E+03   0.674749E+01   0.000000E+00  -0.693510E+01   0.168883E-08   0.441368E-06  -0.178249E-07
  1798   0.362811E+03   0.677390E+01   0.000000E+00  -0.667786E+01   0.168685E-08   0.438305E-06  -0.187944E-07
  1799   0.361519E+03   0.680193E+01   0.000000E+00  -0.642511E+01   0.168486E-08   0.434984E-06  -0.197542E-07
  1800   0.360213E+03   0.683152E+01   0.000000E+00  -0.617713E+01   0.168288E-08   0.431396E-06  -0.207042E-07
  1801   0.358896E+03   0.686267E+01   0.000000E+00  -0.593392E+01   0.168091E-08   0.427542E-06  -0.216443E-07
  1802   0.357568E+03   0.689534E+01   0.000000E+00  -0.569557E+01   0.167893E-08   0.423435E-06  -0.225749E-07
  1803   0.356228E+03   0.692951E+01   0.000000E+00  -0.546215E+01   0.167696E-08   0.419095E-06  -0.234962E-07
  1804   0.354878E+03   0.696515E+01   0.000000E+00  -0.523375E+01   0.167499E-08   0.414542E-06  -0.244087E-07
  1805   0.353518E+03   0.700223E+01   0.000000E+00  -0.501039E+01   0.167303E-08   0.409795E-06  -0.253125E-07
  1806   0.352148E+03   0.704072E+01   0.000000E+00  -0.479217E+01   0.167107E-08   0.404874E-06  -0.262081E-07
  1807   0.350768E+03   0.708060E+01   0.000000E+00  -0.457912E+01   0.166911E-08   0.399797E-06  -0.270958E-07
  1808   0.349379E+03   0.712183E+01   0.000000E+00  -0.437130E+01   0.166716E-08   0.394585E-06  -0.279759E-07
  1809   0.347981E+03   0.716439E+01   0.000000E+00  -0.416879E+01   0.166521E-08   0.389256E-06  -0.288487E-07
  1810   0.346575E+03   0.720825E+01   0.000000E+00  -0.397164E+01   0.166326E-08   0.383831E-06  -0.297146E-07
  1811   0.345161E+03   0.725338E+01   0.000000E+00  -0.377989E+01   0.166131E-08   0.378327E-06  -0.305740E-07
  1812   0.343738E+03   0.729974E+01   0.000000E+00  -0.359358E+01   0.165937E-08   0.372766E-06  -0.314270E-07
  1813   0.342309E+03   0.734731E+01   0.000000E+00  -0.341276E+01   0.165743E-08   0.367166E-06  -0.322741E-07
  1814   0.340872E+03   0.739605E+01   0.000000E+00  -0.323748E+01   0.165549E-08   0.361546E-06  -0.331156E-07
  1815   0.339429E+03   0.744593E+01   0.000000E+00  -0.306777E+01   0.165356E-08   0.355926E-06  -0.339519E-07
  1816   0.337981E+03   0.749693E+01   0.000000E+00  -0.290367E+01   0.165163E-08   0.350326E-06  -0.347831E-07
  1817   0.336527E+03   0.754901E+01   0.000000E+00  -0.274525E+01   0.164970E-08   0.344765E-06  -0.356098E-07
  1818   0.335067E+03   0.760213E+01   0.000000E+00  -0.259250E+01   0.164778E-08   0.339261E-06  -0.364322E-07
  1819   0.333603E+03   0.765627E+01   0.000000E+00  -0.244548E+01   0.164586E-08   0.333836E-06  -0.372506E-07
  1820   0.332135E+03   0.771138E+01   0.000000E+00  -0.230421E+01   0.164394E-08   0.328507E-06  -0.380654E-07
  1821   0.330662E+03   0.776741E+01   0.000000E+00  -0.216871E+01   0.164203E-08   0.323295E-06  -0.388770E-07
  1822   0.329187E+03   0.782440E+01   0.000000E+00  -0.203902E+01   0.164012E-08   0.318218E-06  -0.396855E-07
  1823   0.327707E+03   0.788227E+01   0.000000E+00  -0.191517E+01   0.163821E-08   0.313297E-06  -0.404915E-07
  1824   0.326225E+03   0.794092E+01   0.000000E+00  -0.179718E+01   0.163630E-08   0.308550E-06  -0.412951E-07
  1825   0.324741E+03   0.800038E+01   0.000000E+00  -0.168505E+01   0.163440E-08   0.303997E-06  -0.420967E-07
  1826   0.323255E+03   0.806069E+01   0.000000E+00  -0.157881E+01   0.163250E-08   0.299658E-06  -0.428967E-07
  1827   0.321767E+03   0.812165E+01   0.000000E+00  -0.147845E+01   0.163061E-08   0.295551E-06  -0.436954E-07
  1828   0.320278E+03   0.818333E+01   0.000000E+00  -0.138397E+01   0.162871E-08   0.291697E-06  -0.444931E-07
  1829   0.318789E+03   0.824571E+01   0.000000E+00  -0.129540E+01   0.162682E-08   0.288114E-06  -0.452902E-07
  1830   0.317299E+03   0.830874E+01   0.000000E+00  -0.121274E+01   0.162494E-08   0.284822E-06  -0.460870E-07
  1831   0.315811E+03   0.837232E+01   0.000000E+00  -0.113598E+01   0.162305E-08   0.281840E-06  -0.468837E-07
  1832   0.314324E+03   0.843647E+01   0.000000E+00  -0.106512E+01   0.162117E-08   0.279188E-06  -0.476808E-07
  1833   0.312837E+03   0.850109E+01   0.000000E+00  -0.100017E+01   0.161929E-08   0.276885E-06  -0.484786E-07
  1834   0.311353E+03   0.856628E+01   0.000000E+00  -0.941112E+00   0.161742E-08   0.274951E-06  -0.492774E-07
  1835   0.309870E+03   0.863187E+01   0.000000E+00  -0.887943E+00   0.161554E-08   0.273405E-06  -0.500775E-07
  1836   0.308390E+03   0.869787E+01   0.000000E+00  -0.840652E+00   0.161368E-08   0.272265E-06  -0.508793E-07
  1837   0.306913E+03   0.876427E+01   0.000000E+00  -0.799237E+00   0.161181E-08   0.271553E-06  -0.516830E-07
  1838   0.305439E+03   0.883100E+01   0.000000E+00  -0.763685E+00   0.160995E-08   0.271287E-06  -0.524891E-07
  1839   0.303968E+03   0.889805E+01   0.000000E+00  -0.733982E+00   0.160809E-08   0.271486E-06  -0.532979E-07
  1840   0.302502E+03   0.896536E+01   0.000000E+00  -0.710099E+00   0.160623E-08   0.272170E-06  -0.541096E-07
  1841   0.301039E+03   0.903291E+01   0.000000E+00  -0.692014E+00   0.160437E-08   0.273359E-06  -0.549246E-07
  1842   0.299582E+03   0.910057E+01   0.000000E+00  -0.679697E+00   0.160252E-08   0.275071E-06  -0.557433E-07
  1843   0.298130E+03   0.916847E+01   0.000000E+00  -0.673128E+00   0.160067E-08   0.277326E-06  -0.565660E-07
  1844   0.296683E+03   0.923646E+01   0.000000E+00  -0.672283E+00   0.159883E-08   0.280144E-06  -0.573929E-07
  1845   0.295243E+03   0.930448E+01   0.000000E+00  -0.677128E+00   0.159698E-08   0.283543E-06  -0.582245E-07
  1846   0.293809E+03   0.937259E+01   0.000000E+00  -0.687639E+00   0.159514E-08   0.287544E-06  -0.590611E-07
  1847   0.292382E+03   0.944071E+01   0.000000E+00  -0.703781E+00   0.159331E-08   0.292165E-06  -0.599030E-07
  1848   0.290961E+03   0.950878E+01   0.000000E+00  -0.725509E+00   0.159147E-08   0.297427E-06  -0.607504E-07
  1849   0.289549E+03   0.957679E+01   0.000000E+00  -0.752795E+00   0.158964E-08   0.303348E-06  -0.616039E-07
  1850   0.288144E+03   0.964466E+01   0.000000E+00  -0.785594E+00   0.158781E-08   0.309948E-06  -0.624636E-07
  1851   0.286747E+03   0.971240E+01   0.000000E+00  -0.823885E+00   0.158599E-08   0.317238E-06  -0.633298E-07
  1852   0.285359E+03   0.977992E+01   0.000000E+00  -0.867622E+00   0.158417E-08   0.325196E-06  -0.642017E-07
  1853   0.283979E+03   0.984732E+01   0.000000E+00  -0.916759E+00   0.158235E-08   0.333793E-06  -0.650784E-07
  1854   0.282609E+03   0.991436E+01   0.000000E+00  -0.971242E+00   0.158053E-08   0.342999E-06  -0.659590E-07
  1855   0.281248E+03   0.998119E+01   0.000000E+00  -0.103100E+01   0.157872E-08   0.352785E-06  -0.668426E-07
  1856   0.279897E+03   0.100477E+02   0.000000E+00  -0.109600E+01   0.157690E-08   0.363120E-06  -0.677284E-07
  1857   0.278556E+03   0.101139E+02   0.000000E+00  -0.116618E+01   0.157510E-08   0.373975E-06  -0.686154E-07
  1858   0.277225E+03   0.101797E+02   0.000000E+00  -0.124148E+01   0.157329E-08   0.385320E-06  -0.695028E-07
  1859   0.275905E+03   0.102451E+02   0.000000E+00  -0.132184E+01   0.157149E-08   0.397125E-06  -0.703895E-07
  1860   0.274597E+03   0.103101E+02   0.000000E+00  -0.140720E+01   0.156969E-08   0.409361E-06  -0.712749E-07
  1861   0.273299E+03   0.103746E+02   0.000000E+00  -0.149750E+01   0.156789E-08   0.421998E-06  -0.721578E-07
  1862   0.272014E+03   0.104386E+02   0.000000E+00  -0.159267E+01   0.156610E-08   0.435006E-06  -0.730375E-07
  1863   0.270740E+03   0.105021E+02   0.000000E+00  -0.169265E+01   0.156430E-08   0.448355E-06  -0.739131E-07
  1864   0.269479E+03   0.105652E+02   0.000000E+00  -0.179738E+01   0.156252E-08   0.462017E-06  -0.747835E-07
  1865   0.268230E+03   0.106275E+02   0.000000E+00  -0.190678E+01   0.156073E-08   0.475960E-06  -0.756481E-07
  1866   0.266992E+03   0.106893E+02   0.000000E+00  -0.202079E+01   0.155895E-08   0.490155E-06  -0.765058E-07
  1867   0.265769E+03   0.107505E+02   0.000000E+00  -0.213934E+01   0.155717E-08   0.504573E-06  -0.773557E-07
  1868   0.264559E+03   0.108110E+02   0.000000E+00  -0.226234E+01   0.155539E-08   0.519184E-06  -0.781970E-07
  1869   0.263361E+03   0.108708E+02   0.000000E+00  -0.238973E+01   0.155361E-08   0.533957E-06  -0.790288E-07
  1870   0.262178E+03   0.109299E+02   0.000000E+00  -0.252141E+01   0.155184E-08   0.548864E-06  -0.798501E-07
  1871   0.261009E+03   0.109882E+02   0.000000E+00  -0.265731E+01   0.155007E-08   0.563874E-06  -0.806601E-07
  1872   0.259853E+03   0.110458E+02   0.000000E+00  -0.279735E+01   0.154831E-08   0.578959E-06  -0.814578E-07
  1873   0.258712E+03   0.111027E+02   0.000000E+00  -0.294144E+01   0.154654E-08   0.594087E-06  -0.822425E-07
  1874   0.257585E+03   0.111586E+02   0.000000E+00  -0.308951E+01   0.154478E-08   0.609230E-06  -0.830130E-07
  1875   0.256474E+03   0.112137E+02   0.000000E+00  -0.324145E+01   0.154302E-08   0.624358E-06  -0.837687E-07
  1876   0.255377E+03   0.112679E+02   0.000000E+00  -0.339719E+01   0.154127E-08   0.639440E-06  -0.845085E-07
  1877   0.254296E+03   0.113213E+02   0.000000E+00  -0.355662E+01   0.153951E-08   0.654447E-06  -0.852316E-07
  1878   0.253230E+03   0.113738E+02   0.000000E+00  -0.371967E+01   0.153776E-08   0.669350E-06  -0.859371E-07
  1879   0.252179E+03   0.114252E+02   0.000000E+00  -0.388624E+01   0.153602E-08   0.684119E-06  -0.866241E-07
  1880   0.251144E+03   0.114758E+02   0.000000E+00  -0.405624E+01   0.153427E-08   0.698723E-06  -0.872916E-07
  1881   0.250125E+03   0.115253E+02   0.000000E+00  -0.422958E+01   0.153253E-08   0.713134E-06  -0.879389E-07
  1882   0.249122E+03   0.115738E+02   0.000000E+00  -0.440616E+01   0.153079E-08   0.727321E-06  -0.885649E-07
  1883   0.248136E+03   0.116213E+02   0.000000E+00  -0.458589E+01   0.152905E-08   0.741255E-06  -0.891688E-07
  1884   0.247165E+03   0.116678E+02   0.000000E+00  -0.476867E+01   0.152732E-08   0.754906E-06  -0.897497E-07
  1885   0.246210E+03   0.117131E+02   0.000000E+00  -0.495443E+01   0.152559E-08   0.768245E-06  -0.903067E-07
  1886   0.245273E+03   0.117573E+02   0.000000E+00  -0.514304E+01   0.152386E-08   0.781241E-06  -0.908389E-07
  1887   0.244352E+03   0.118004E+02   0.000000E+00  -0.533443E+01   0.152213E-08   0.793864E-06  -0.913454E-07
  1888   0.243448E+03   0.118423E+02   0.000000E+00  -0.552849E+01   0.152041E-08   0.806086E-06  -0.918253E-07
  1889   0.242561E+03   0.118831E+02   0.000000E+00  -0.572510E+01   0.151869E-08   0.817877E-06  -0.922777E-07
  1890   0.241690E+03   0.119227E+02   0.000000E+00  -0.592416E+01   0.151697E-08   0.829205E-06  -0.927017E-07
  1891   0.240837E+03   0.119611E+02   0.000000E+00  -0.612557E+01   0.151525E-08   0.840043E-06  -0.930964E-07
  1892   0.240001E+03   0.119983E+02   0.000000E+00  -0.632920E+01   0.151354E-08   0.850360E-06  -0.934609E-07
  1893   0.239183E+03   0.120342E+02   0.000000E+00  -0.653496E+01   0.151183E-08   0.860126E-06  -0.937943E-07
  1894   0.238382E+03   0.120689E+02   0.000000E+00  -0.674274E+01   0.151012E-08   0.869313E-06  -0.940958E-07
  1895   0.237598E+03   0.121024E+02   0.000000E+00  -0.695242E+01   0.150842E-08   0.877889E-06  -0.943643E-07
  1896   0.236832E+03   0.121346E+02   0.000000E+00  -0.716390E+01   0.150672E-08   0.885825E-06  -0.945991E-07
  1897   0.236084E+03   0.121655E+02   0.000000E+00  -0.737709E+01   0.150502E-08   0.893092E-06  -0.947992E-07
  1898   0.235353E+03   0.121950E+02   0.000000E+00  -0.759188E+01   0.150332E-08   0.899659E-06  -0.949637E-07
  1899   0.234640E+03   0.122232E+02   0.000000E+00  -0.780816E+01   0.150162E-08   0.905498E-06  -0.950918E-07
  1900   0.233945E+03   0.122501E+02   0.000000E+00  -0.802583E+01   0.149993E-08   0.910578E-06  -0.951825E-07
  1901   0.233266E+03   0.122757E+02   0.000000E+00  -0.824478E+01   0.149824E-08   0.914879E-06  -0.952352E-07
  1902   0.232606E+03   0.122998E+02   0.000000E+00  -0.846491E+01   0.149656E-08   0.918416E-06  -0.952509E-07
  1903   0.231964E+03   0.123226E+02   0.000000E+00  -0.868611E+01   0.149487E-08   0.921217E-06  -0.952306E-07
  1904   0.231339E+03   0.123439E+02   0.000000E+00  -0.890836E+01   0.149319E-08   0.923307E-06  -0.951756E-07
  1905   0.230732E+03   0.123639E+02   0.000000E+00  -0.913143E+01   0.149151E-08   0.924710E-06  -0.950870E-07
  1906   0.230143E+03   0.123825E+02   0.000000E+00  -0.935530E+01   0.148983E-08   0.925453E-06  -0.949659E-07
  1907   0.229572E+03   0.123996E+02   0.000000E+00  -0.957991E+01   0.148816E-08   0.925561E-06  -0.948137E-07
  1908   0.229017E+03   0.124154E+02   0.000000E+00  -0.980505E+01   0.148649E-08   0.925061E-06  -0.946314E-07
  1909   0.228481E+03   0.124297E+02   0.000000E+00  -0.100307E+02   0.148482E-08   0.923976E-06  -0.944201E-07
  1910   0.227963E+03   0.124426E+02   0.000000E+00  -0.102568E+02   0.148315E-08   0.922335E-06  -0.941812E-07
  1911   0.227461E+03   0.124540E+02   0.000000E+00  -0.104831E+02   0.148149E-08   0.920161E-06  -0.939157E-07
  1912   0.226977E+03   0.124641E+02   0.000000E+00  -0.107097E+02   0.147983E-08   0.917480E-06  -0.936248E-07
  1913   0.226511E+03   0.124726E+02   0.000000E+00  -0.109363E+02   0.147817E-08   0.914318E-06  -0.933097E-07
  1914   0.226061E+03   0.124797E+02   0.000000E+00  -0.111629E+02   0.147651E-08   0.910702E-06  -0.929716E-07
  1915   0.225629E+03   0.124854E+02   0.000000E+00  -0.113895E+02   0.147486E-08   0.906655E-06  -0.926116E-07
  1916   0.225214E+03   0.124895E+02   0.000000E+00  -0.116159E+02   0.147321E-08   0.902205E-06  -0.922309E-07
  1917   0.224816E+03   0.124922E+02   0.000000E+00  -0.118419E+02   0.147156E-08   0.897376E-06  -0.918307E-07
  1918   0.224435E+03   0.124934E+02   0.000000E+00  -0.120676E+02   0.146991E-08   0.892194E-06  -0.914122E-07
  1919   0.224071E+03   0.124933E+02   0.000000E+00  -0.122927E+02   0.146827E-08   0.886685E-06  -0.909765E-07
  1920   0.223723E+03   0.124916E+02   0.000000E+00  -0.125173E+02   0.146662E-08   0.880875E-06  -0.905247E-07
  1921   0.223392E+03   0.124886E+02   0.000000E+00  -0.127412E+02   0.146499E-08   0.874789E-06  -0.900581E-07
  1922   0.223078E+03   0.124840E+02   0.000000E+00  -0.129643E+02   0.146335E-08   0.868452E-06  -0.895779E-07
  1923   0.222780E+03   0.124780E+02   0.000000E+00  -0.131864E+02   0.146172E-08   0.861891E-06  -0.890852E-07
  1924   0.222499E+03   0.124706E+02   0.000000E+00  -0.134077E+02   0.146008E-08   0.855131E-06  -0.885811E-07
  1925   0.222233E+03   0.124618E+02   0.000000E+00  -0.136278E+02   0.145845E-08   0.848197E-06  -0.880669E-07
  1926   0.221983E+03   0.124515E+02   0.000000E+00  -0.138468E+02   0.145683E-08   0.841115E-06  -0.875438E-07
  1927   0.221750E+03   0.124398E+02   0.000000E+00  -0.140645E+02   0.145520E-08   0.833912E-06  -0.870128E-07
  1928   0.221532E+03   0.124267E+02   0.000000E+00  -0.142809E+02   0.145358E-08   0.826612E-06  -0.864752E-07
  1929   0.221329E+03   0.124121E+02   0.000000E+00  -0.144958E+02   0.145196E-08   0.819240E-06  -0.859321E-07
  1930   0.221142E+03   0.123962E+02   0.000000E+00  -0.147092E+02   0.145034E-08   0.811824E-06  -0.853847E-07
  1931   0.220970E+03   0.123788E+02   0.000000E+00  -0.149209E+02   0.144873E-08   0.804388E-06  -0.848343E-07
  1932   0.220812E+03   0.123601E+02   0.000000E+00  -0.151309E+02   0.144712E-08   0.796958E-06  -0.842819E-07
  1933   0.220669E+03   0.123399E+02   0.000000E+00  -0.153391E+02   0.144551E-08   0.789560E-06  -0.837287E-07
  1934   0.220541E+03   0.123184E+02   0.000000E+00  -0.155455E+02   0.144390E-08   0.782218E-06  -0.831758E-07
  1935   0.220427E+03   0.122955E+02   0.000000E+00  -0.157498E+02   0.144230E-08   0.774960E-06  -0.826246E-07
  1936   0.220327E+03   0.122712E+02   0.000000E+00  -0.159521E+02   0.144069E-08   0.767810E-06  -0.820761E-07
  1937   0.220241E+03   0.122455E+02   0.000000E+00  -0.161521E+02   0.143909E-08   0.760794E-06  -0.815315E-07
  1938   0.220169E+03   0.122186E+02   0.000000E+00  -0.163500E+02   0.143749E-08   0.753938E-06  -0.809920E-07
  1939   0.220111E+03   0.121903E+02   0.000000E+00  -0.165455E+02   0.143590E-08   0.747267E-06  -0.804588E-07
  1940   0.220065E+03   0.121606E+02   0.000000E+00  -0.167387E+02   0.143431E-08   0.740807E-06  -0.799330E-07
  1941   0.220032E+03   0.121297E+02   0.000000E+00  -0.169294E+02   0.143272E-08   0.734584E-06  -0.794158E-07
  1942   0.220012E+03   0.120975E+02   0.000000E+00  -0.171175E+02   0.143113E-08   0.728623E-06  -0.789083E-07
  1943   0.220006E+03   0.120640E+02   0.000000E+00  -0.173030E+02   0.142954E-08   0.722949E-06  -0.784118E-07
  1944   0.220010E+03   0.120292E+02   0.000000E+00  -0.174857E+02   0.142796E-08   0.717590E-06  -0.779275E-07
  1945   0.220027E+03   0.119932E+02   0.000000E+00  -0.176656E+02   0.142638E-08   0.712569E-06  -0.774564E-07
  1946   0.220056E+03   0.119559E+02   0.000000E+00  -0.178427E+02   0.142480E-08   0.707913E-06  -0.769997E-07
  1947   0.220096E+03   0.119174E+02   0.000000E+00  -0.180168E+02   0.142322E-08   0.703647E-06  -0.765587E-07
  1948   0.220147E+03   0.118776E+02   0.000000E+00  -0.181878E+02   0.142165E-08   0.699797E-06  -0.761345E-07
  1949   0.220209E+03   0.118366E+02   0.000000E+00  -0.183558E+02   0.142007E-08   0.696389E-06  -0.757282E-07
  1950   0.220282E+03   0.117944E+02   0.000000E+00  -0.185206E+02   0.141851E-08   0.693448E-06  -0.753412E-07
  1951   0.220366E+03   0.117510E+02   0.000000E+00  -0.186821E+02   0.141694E-08   0.690992E-06  -0.749740E-07
  1952   0.220459E+03   0.117065E+02   0.000000E+00  -0.188403E+02   0.141537E-08   0.689008E-06  -0.746263E-07
  1953   0.220562E+03   0.116608E+02   0.000000E+00  -0.189952E+02   0.141381E-08   0.687473E-06  -0.742970E-07
  1954   0.220674E+03   0.116141E+02   0.000000E+00  -0.191466E+02   0.141225E-08   0.686367E-06  -0.739853E-07
  1955   0.220797E+03   0.115661E+02   0.000000E+00  -0.192946E+02   0.141069E-08   0.685668E-06  -0.736902E-07
  1956   0.220928E+03   0.115171E+02   0.000000E+00  -0.194391E+02   0.140914E-08   0.685355E-06  -0.734108E-07
  1957   0.221068E+03   0.114671E+02   0.000000E+00  -0.195801E+02   0.140758E-08   0.685406E-06  -0.731462E-07
  1958   0.221217E+03   0.114160E+02   0.000000E+00  -0.197174E+02   0.140603E-08   0.685799E-06  -0.728954E-07
  1959   0.221374E+03   0.113639E+02   0.000000E+00  -0.198511E+02   0.140448E-08   0.686515E-06  -0.726576E-07
  1960   0.221540E+03   0.113108E+02   0.000000E+00  -0.199811E+02   0.140294E-08   0.687530E-06  -0.724318E-07
  1961   0.221713E+03   0.112567E+02   0.000000E+00  -0.201073E+02   0.140139E-08   0.688824E-06  -0.722171E-07
  1962   0.221893E+03   0.112016E+02   0.000000E+00  -0.202298E+02   0.139985E-08   0.690375E-06  -0.720125E-07
  1963   0.222082E+03   0.111456E+02   0.000000E+00  -0.203484E+02   0.139831E-08   0.692161E-06  -0.718172E-07
  1964   0.222276E+03   0.110886E+02   0.000000E+00  -0.204632E+02   0.139677E-08   0.694162E-06  -0.716302E-07
  1965   0.222477E+03   0.110307E+02   0.000000E+00  -0.205740E+02   0.139524E-08   0.696356E-06  -0.714506E-07
  1966   0.222685E+03   0.109719E+02   0.000000E+00  -0.206809E+02   0.139370E-08   0.698721E-06  -0.712775E-07
  1967   0.222899E+03   0.109122E+02   0.000000E+00  -0.207838E+02   0.139217E-08   0.701236E-06  -0.711099E-07
  1968   0.223119E+03   0.108517E+02   0.000000E+00  -0.208827E+02   0.139064E-08   0.703880E-06  -0.709470E-07
  1969   0.223344E+03   0.107903E+02   0.000000E+00  -0.209776E+02   0.138912E-08   0.706631E-06  -0.707877E-07
  1970   0.223575E+03   0.107282E+02   0.000000E+00  -0.210684E+02   0.138759E-08   0.709468E-06  -0.706313E-07
  1971   0.223810E+03   0.106653E+02   0.000000E+00  -0.211550E+02   0.138607E-08   0.712369E-06  -0.704767E-07
  1972   0.224050E+03   0.106016E+02   0.000000E+00  -0.212377E+02   0.138455E-08   0.715313E-06  -0.703230E-07
  1973   0.224294E+03   0.105372E+02   0.000000E+00  -0.213161E+02   0.138304E-08   0.718278E-06  -0.701694E-07
  1974   0.224543E+03   0.104721E+02   0.000000E+00  -0.213903E+02   0.138152E-08   0.721243E-06  -0.700148E-07
  1975   0.224795E+03   0.104063E+02   0.000000E+00  -0.214604E+02   0.138001E-08   0.724187E-06  -0.698584E-07
  1976   0.225051E+03   0.103398E+02   0.000000E+00  -0.215262E+02   0.137850E-08   0.727088E-06  -0.696993E-07
  1977   0.225310E+03   0.102727E+02   0.000000E+00  -0.215877E+02   0.137699E-08   0.729925E-06  -0.695365E-07
  1978   0.225571E+03   0.102049E+02   0.000000E+00  -0.216450E+02   0.137548E-08   0.732677E-06  -0.693691E-07
  1979   0.225834E+03   0.101366E+02   0.000000E+00  -0.216980E+02   0.137398E-08   0.735321E-06  -0.691962E-07
  1980   0.226100E+03   0.100676E+02   0.000000E+00  -0.217466E+02   0.137248E-08   0.737836E-06  -0.690168E-07
  1981   0.226368E+03   0.999817E+01   0.000000E+00  -0.217910E+02   0.137098E-08   0.740202E-06  -0.688301E-07
  1982   0.226638E+03   0.992820E+01   0.000000E+00  -0.218311E+02   0.136948E-08   0.742396E-06  -0.686350E-07
  1983   0.226909E+03   0.985769E+01   0.000000E+00  -0.218670E+02   0.136798E-08   0.744398E-06  -0.684308E-07
  1984   0.227180E+03   0.978681E+01   0.000000E+00  -0.218985E+02   0.136649E-08   0.746185E-06  -0.682164E-07
  1985   0.227453E+03   0.971546E+01   0.000000E+00  -0.219257E+02   0.136500E-08   0.747736E-06  -0.679910E-07
  1986   0.227726E+03   0.964366E+01   0.000000E+00  -0.219486E+02   0.136351E-08   0.749031E-06  -0.677536E-07
  1987   0.227999E+03   0.957156E+01   0.000000E+00  -0.219671E+02   0.136202E-08   0.750047E-06  -0.675032E-07
  1988   0.228272E+03   0.949908E+01   0.000000E+00  -0.219814E+02   0.136054E-08   0.750763E-06  -0.672391E-07
  1989   0.228545E+03   0.942630E+01   0.000000E+00  -0.219913E+02   0.135906E-08   0.751158E-06  -0.669602E-07
  1990   0.228817E+03   0.935315E+01   0.000000E+00  -0.219970E+02   0.135757E-08   0.751210E-06  -0.666656E-07
  1991   0.229088E+03   0.927977E+01   0.000000E+00  -0.219983E+02   0.135610E-08   0.750898E-06  -0.663545E-07
  1992   0.229357E+03   0.920610E+01   0.000000E+00  -0.219953E+02   0.135462E-08   0.750200E-06  -0.660258E-07
  1993   0.229624E+03   0.913220E+01   0.000000E+00  -0.219881E+02   0.135315E-08   0.749095E-06  -0.656787E-07
  1994   0.229890E+03   0.905816E+01   0.000000E+00  -0.219765E+02   0.135167E-08   0.747562E-06  -0.653122E-07
  1995   0.230153E+03   0.898390E+01   0.000000E+00  -0.219607E+02   0.135020E-08   0.745578E-06  -0.649254E-07
  1996   0.230414E+03   0.890943E+01   0.000000E+00  -0.219406E+02   0.134874E-08   0.743124E-06  -0.645174E-07
  1997   0.230672E+03   0.883489E+01   0.000000E+00  -0.219162E+02   0.134727E-08   0.740176E-06  -0.640873E-07
  1998   0.230926E+03   0.876028E+01   0.000000E+00  -0.218877E+02   0.134581E-08   0.736715E-06  -0.636342E-07
  1999   0.231177E+03   0.868554E+01   0.000000E+00  -0.218549E+02   0.134435E-08   0.732718E-06  -0.631570E-07
  2000   0.231424E+03   0.861074E+01   0.000000E+00  -0.218179E+02   0.134289E-08   0.728164E-06  -0.626550E-07
  2001   0.231668E+03   0.853595E+01   0.000000E+00  -0.217768E+02   0.134143E-08   0.723039E-06  -0.621274E-07
  2002   0.231907E+03   0.846117E+01   0.000000E+00  -0.217315E+02   0.133998E-08   0.717364E-06  -0.615748E-07
  2003   0.232141E+03   0.838640E+01   0.000000E+00  -0.216821E+02   0.133852E-08   0.711165E-06  -0.609980E-07
  2004   0.232370E+03   0.831165E+01   0.000000E+00  -0.216286E+02   0.133707E-08   0.704471E-06  -0.603976E-07
  2005   0.232595E+03   0.823705E+01   0.000000E+00  -0.215710E+02   0.133562E-08   0.697308E-06  -0.597746E-07
  2006   0.232815E+03   0.816246E+01   0.000000E+00  -0.215094E+02   0.133418E-08   0.689704E-06  -0.591297E-07
  2007   0.233029E+03   0.808802E+01   0.000000E+00  -0.214439E+02   0.133273E-08   0.681687E-06  -0.584636E-07
  2008   0.233237E+03   0.801374E+01   0.000000E+00  -0.213743E+02   0.133129E-08   0.673284E-06  -0.577772E-07
  2009   0.233439E+03   0.793960E+01   0.000000E+00  -0.213008E+02   0.132985E-08   0.664523E-06  -0.570712E-07
  2010   0.233636E+03   0.786569E+01   0.000000E+00  -0.212233E+02   0.132841E-08   0.655431E-06  -0.563464E-07
  2011   0.233826E+03   0.779193E+01   0.000000E+00  -0.211419E+02   0.132697E-08   0.646036E-06  -0.556037E-07
  2012   0.234009E+03   0.771839E+01   0.000000E+00  -0.210567E+02   0.132554E-08   0.636365E-06  -0.548437E-07
  2013   0.234184E+03   0.764507E+01   0.000000E+00  -0.209676E+02   0.132411E-08   0.626446E-06  -0.540673E-07
  2014   0.234353E+03   0.757204E+01   0.000000E+00  -0.208748E+02   0.132268E-08   0.616306E-06  -0.532753E-07
  2015   0.234515E+03   0.749931E+01   0.000000E+00  -0.207782E+02   0.132125E-08   0.605974E-06  -0.524684E-07
  2016   0.234669E+03   0.742693E+01   0.000000E+00  -0.206780E+02   0.131982E-08   0.595475E-06  -0.516474E-07
  2017   0.234816E+03   0.735485E+01   0.000000E+00  -0.205742E+02   0.131840E-08   0.584839E-06  -0.508131E-07
  2018   0.234955E+03   0.728312E+01   0.000000E+00  -0.204668E+02   0.131698E-08   0.574092E-06  -0.499662E-07
  2019   0.235086E+03   0.721183E+01   0.000000E+00  -0.203559E+02   0.131556E-08   0.563262E-06  -0.491077E-07
  2020   0.235209E+03   0.714090E+01   0.000000E+00  -0.202415E+02   0.131414E-08   0.552377E-06  -0.482381E-07
  2021   0.235323E+03   0.707047E+01   0.000000E+00  -0.201238E+02   0.131272E-08   0.541463E-06  -0.473585E-07
  2022   0.235430E+03   0.700043E+01   0.000000E+00  -0.200026E+02   0.131131E-08   0.530549E-06  -0.464694E-07
  2023   0.235528E+03   0.693089E+01   0.000000E+00  -0.198783E+02   0.130990E-08   0.519662E-06  -0.455717E-07
  2024   0.235616E+03   0.686185E+01   0.000000E+00  -0.197506E+02   0.130849E-08   0.508830E-06  -0.446662E-07
  2025   0.235697E+03   0.679332E+01   0.000000E+00  -0.196197E+02   0.130708E-08   0.498080E-06  -0.437536E-07
  2026   0.235767E+03   0.672532E+01   0.000000E+00  -0.194858E+02   0.130567E-08   0.487439E-06  -0.428348E-07
  2027   0.235828E+03   0.665786E+01   0.000000E+00  -0.193487E+02   0.130427E-08   0.476936E-06  -0.419105E-07
  2028   0.235880E+03   0.659098E+01   0.000000E+00  -0.192085E+02   0.130287E-08   0.466597E-06  -0.409815E-07
  2029   0.235922E+03   0.652468E+01   0.000000E+00  -0.190654E+02   0.130147E-08   0.456451E-06  -0.400486E-07
  2030   0.235954E+03   0.645899E+01   0.000000E+00  -0.189194E+02   0.130007E-08   0.446524E-06  -0.391125E-07
  2031   0.235977E+03   0.639393E+01   0.000000E+00  -0.187705E+02   0.129867E-08   0.436844E-06  -0.381741E-07
  2032   0.235989E+03   0.632951E+01   0.000000E+00  -0.186189E+02   0.129728E-08   0.427440E-06  -0.372342E-07
  2033   0.235991E+03   0.626576E+01   0.000000E+00  -0.184645E+02   0.129589E-08   0.418337E-06  -0.362934E-07
  2034   0.235983E+03   0.620270E+01   0.000000E+00  -0.183075E+02   0.129450E-08   0.409564E-06  -0.353527E-07
  2035   0.235964E+03   0.614035E+01   0.000000E+00  -0.181479E+02   0.129311E-08   0.401149E-06  -0.344127E-07
  2036   0.235935E+03   0.607871E+01   0.000000E+00  -0.179858E+02   0.129172E-08   0.393119E-06  -0.334743E-07
  2037   0.235895E+03   0.601779E+01   0.000000E+00  -0.178212E+02   0.129034E-08   0.385500E-06  -0.325382E-07
  2038   0.235844E+03   0.595763E+01   0.000000E+00  -0.176542E+02   0.128895E-08   0.378322E-06  -0.316053E-07
  2039   0.235782E+03   0.589823E+01   0.000000E+00  -0.174849E+02   0.128757E-08   0.371611E-06  -0.306763E-07
  2040   0.235709E+03   0.583961E+01   0.000000E+00  -0.173134E+02   0.128620E-08   0.365395E-06  -0.297519E-07
  2041   0.235624E+03   0.578178E+01   0.000000E+00  -0.171396E+02   0.128482E-08   0.359702E-06  -0.288331E-07
  2042   0.235528E+03   0.572476E+01   0.000000E+00  -0.169637E+02   0.128345E-08   0.354558E-06  -0.279205E-07
  2043   0.235421E+03   0.566857E+01   0.000000E+00  -0.167858E+02   0.128207E-08   0.349993E-06  -0.270149E-07
  2044   0.235302E+03   0.561322E+01   0.000000E+00  -0.166059E+02   0.128070E-08   0.346032E-06  -0.261172E-07
  2045   0.235173E+03   0.555873E+01   0.000000E+00  -0.164241E+02   0.127933E-08   0.342703E-06  -0.252280E-07
  2046   0.235031E+03   0.550510E+01   0.000000E+00  -0.162404E+02   0.127797E-08   0.340035E-06  -0.243483E-07
  2047   0.234877E+03   0.545236E+01   0.000000E+00  -0.160551E+02   0.127660E-08   0.338054E-06  -0.234787E-07
  2048   0.234712E+03   0.540053E+01   0.000000E+00  -0.158681E+02   0.127524E-08   0.336789E-06  -0.226201E-07
  2049   0.234536E+03   0.534960E+01   0.000000E+00  -0.156796E+02   0.127388E-08   0.336266E-06  -0.217732E-07
  2050   0.234347E+03   0.529961E+01   0.000000E+00  -0.154895E+02   0.127252E-08   0.336513E-06  -0.209388E-07
  2051   0.234147E+03   0.525055E+01   0.000000E+00  -0.152981E+02   0.127116E-08   0.337548E-06  -0.201176E-07
  2052   0.233935E+03   0.520243E+01   0.000000E+00  -0.151052E+02   0.126981E-08   0.339352E-06  -0.193094E-07
  2053   0.233710E+03   0.515527E+01   0.000000E+00  -0.149110E+02   0.126845E-08   0.341894E-06  -0.185142E-07
  2054   0.233474E+03   0.510906E+01   0.000000E+00  -0.147156E+02   0.126710E-08   0.345146E-06  -0.177318E-07
  2055   0.233225E+03   0.506383E+01   0.000000E+00  -0.145190E+02   0.126575E-08   0.349077E-06  -0.169619E-07
  2056   0.232965E+03   0.501957E+01   0.000000E+00  -0.143214E+02   0.126440E-08   0.353658E-06  -0.162044E-07
  2057   0.232691E+03   0.497630E+01   0.000000E+00  -0.141226E+02   0.126306E-08   0.358861E-06  -0.154590E-07
  2058   0.232407E+03   0.493403E+01   0.000000E+00  -0.139230E+02   0.126171E-08   0.364655E-06  -0.147257E-07
  2059   0.232109E+03   0.489275E+01   0.000000E+00  -0.137224E+02   0.126037E-08   0.371010E-06  -0.140042E-07
  2060   0.231801E+03   0.485249E+01   0.000000E+00  -0.135210E+02   0.125903E-08   0.377898E-06  -0.132943E-07
  2061   0.231479E+03   0.481324E+01   0.000000E+00  -0.133189E+02   0.125769E-08   0.385289E-06  -0.125959E-07
  2062   0.231146E+03   0.477501E+01   0.000000E+00  -0.131161E+02   0.125636E-08   0.393153E-06  -0.119088E-07
  2063   0.230801E+03   0.473781E+01   0.000000E+00  -0.129127E+02   0.125502E-08   0.401461E-06  -0.112327E-07
  2064   0.230443E+03   0.470165E+01   0.000000E+00  -0.127089E+02   0.125369E-08   0.410184E-06  -0.105676E-07
  2065   0.230075E+03   0.466652E+01   0.000000E+00  -0.125045E+02   0.125236E-08   0.419291E-06  -0.991315E-08
  2066   0.229693E+03   0.463243E+01   0.000000E+00  -0.122998E+02   0.125103E-08   0.428754E-06  -0.926924E-08
  2067   0.229300E+03   0.459939E+01   0.000000E+00  -0.120947E+02   0.124970E-08   0.438543E-06  -0.863568E-08
  2068   0.228896E+03   0.456740E+01   0.000000E+00  -0.118895E+02   0.124838E-08   0.448629E-06  -0.801228E-08
  2069   0.228479E+03   0.453645E+01   0.000000E+00  -0.116840E+02   0.124705E-08   0.458982E-06  -0.739886E-08
  2070   0.228051E+03   0.450657E+01   0.000000E+00  -0.114784E+02   0.124573E-08   0.469572E-06  -0.679523E-08
  2071   0.227612E+03   0.447774E+01   0.000000E+00  -0.112729E+02   0.124441E-08   0.480370E-06  -0.620121E-08
  2072   0.227160E+03   0.444997E+01   0.000000E+00  -0.110674E+02   0.124309E-08   0.491347E-06  -0.561662E-08
  2073   0.226697E+03   0.442325E+01   0.000000E+00  -0.108620E+02   0.124178E-08   0.502473E-06  -0.504126E-08
  2074   0.226222E+03   0.439760E+01   0.000000E+00  -0.106567E+02   0.124046E-08   0.513719E-06  -0.447496E-08
  2075   0.225736E+03   0.437301E+01   0.000000E+00  -0.104518E+02   0.123915E-08   0.525055E-06  -0.391753E-08
  2076   0.225239E+03   0.434948E+01   0.000000E+00  -0.102471E+02   0.123784E-08   0.536452E-06  -0.336879E-08
  2077   0.224730E+03   0.432701E+01   0.000000E+00  -0.100428E+02   0.123653E-08   0.547879E-06  -0.282855E-08
  2078   0.224210E+03   0.430559E+01   0.000000E+00  -0.983904E+01   0.123522E-08   0.559309E-06  -0.229663E-08
  2079   0.223679E+03   0.428524E+01   0.000000E+00  -0.963577E+01   0.123392E-08   0.570711E-06  -0.177284E-08
  2080   0.223137E+03   0.426595E+01   0.000000E+00  -0.943313E+01   0.123262E-08   0.582056E-06  -0.125700E-08
  2081   0.222585E+03   0.424771E+01   0.000000E+00  -0.923114E+01   0.123131E-08   0.593314E-06  -0.748926E-09
  2082   0.222021E+03   0.423053E+01   0.000000E+00  -0.902993E+01   0.123001E-08   0.604456E-06  -0.248430E-09
  2083   0.221448E+03   0.421440E+01   0.000000E+00  -0.882959E+01   0.122872E-08   0.615452E-06   0.244670E-09
  2084   0.220863E+03   0.419934E+01   0.000000E+00  -0.863010E+01   0.122742E-08   0.626273E-06   0.730560E-09
  2085   0.220270E+03   0.418530E+01   0.000000E+00  -0.843162E+01   0.122613E-08   0.636889E-06   0.120942E-08
  2086   0.219665E+03   0.417232E+01   0.000000E+00  -0.823415E+01   0.122483E-08   0.647272E-06   0.168144E-08
  2087   0.219051E+03   0.416037E+01   0.000000E+00  -0.803775E+01   0.122354E-08   0.657391E-06   0.214681E-08
  2088   0.218427E+03   0.414945E+01   0.000000E+00  -0.784250E+01   0.122225E-08   0.667217E-06   0.260570E-08
  2089   0.217793E+03   0.413957E+01   0.000000E+00  -0.764847E+01   0.122097E-08   0.676720E-06   0.305830E-08
  2090   0.217149E+03   0.413070E+01   0.000000E+00  -0.745575E+01   0.121968E-08   0.685871E-06   0.350480E-08
  2091   0.216496E+03   0.412286E+01   0.000000E+00  -0.726431E+01   0.121840E-08   0.694641E-06   0.394537E-08
  2092   0.215833E+03   0.411602E+01   0.000000E+00  -0.707432E+01   0.121711E-08   0.703000E-06   0.438022E-08
  2093   0.215161E+03   0.411018E+01   0.000000E+00  -0.688584E+01   0.121583E-08   0.710919E-06   0.480951E-08
  2094   0.214480E+03   0.410534E+01   0.000000E+00  -0.669880E+01   0.121456E-08   0.718367E-06   0.523343E-08
  2095   0.213790E+03   0.410149E+01   0.000000E+00  -0.651342E+01   0.121328E-08   0.725317E-06   0.565217E-08
  2096   0.213092E+03   0.409862E+01   0.000000E+00  -0.632970E+01   0.121200E-08   0.731737E-06   0.606592E-08
  2097   0.212385E+03   0.409672E+01   0.000000E+00  -0.614766E+01   0.121073E-08   0.737599E-06   0.647485E-08
  2098   0.211669E+03   0.409580E+01   0.000000E+00  -0.596742E+01   0.120946E-08   0.742874E-06   0.687916E-08
  2099   0.210946E+03   0.409581E+01   0.000000E+00  -0.578900E+01   0.120819E-08   0.747531E-06   0.727902E-08
  2100   0.210213E+03   0.409678E+01   0.000000E+00  -0.561247E+01   0.120692E-08   0.751541E-06   0.767462E-08
  2101   0.209473E+03   0.409869E+01   0.000000E+00  -0.543788E+01   0.120566E-08   0.754883E-06   0.806612E-08
  2102   0.208725E+03   0.410151E+01   0.000000E+00  -0.526528E+01   0.120439E-08   0.757569E-06   0.845362E-08
  2103   0.207969E+03   0.410526E+01   0.000000E+00  -0.509472E+01   0.120313E-08   0.759619E-06   0.883719E-08
  2104   0.207205E+03   0.410991E+01   0.000000E+00  -0.492626E+01   0.120187E-08   0.761053E-06   0.921689E-08
  2105   0.206434E+03   0.411547E+01   0.000000E+00  -0.475992E+01   0.120061E-08   0.761891E-06   0.959279E-08
  2106   0.205656E+03   0.412190E+01   0.000000E+00  -0.459576E+01   0.119935E-08   0.762152E-06   0.996497E-08
  2107   0.204870E+03   0.412923E+01   0.000000E+00  -0.443383E+01   0.119809E-08   0.761857E-06   0.103335E-07
  2108   0.204078E+03   0.413741E+01   0.000000E+00  -0.427416E+01   0.119684E-08   0.761027E-06   0.106984E-07
  2109   0.203279E+03   0.414645E+01   0.000000E+00  -0.411680E+01   0.119559E-08   0.759680E-06   0.110599E-07
  2110   0.202473E+03   0.415633E+01   0.000000E+00  -0.396180E+01   0.119434E-08   0.757838E-06   0.114178E-07
  2111   0.201662E+03   0.416705E+01   0.000000E+00  -0.380919E+01   0.119309E-08   0.755519E-06   0.117724E-07
  2112   0.200845E+03   0.417859E+01   0.000000E+00  -0.365903E+01   0.119184E-08   0.752745E-06   0.121237E-07
  2113   0.200022E+03   0.419094E+01   0.000000E+00  -0.351132E+01   0.119060E-08   0.749535E-06   0.124718E-07
  2114   0.199192E+03   0.420408E+01   0.000000E+00  -0.336613E+01   0.118935E-08   0.745908E-06   0.128167E-07
  2115   0.198358E+03   0.421800E+01   0.000000E+00  -0.322347E+01   0.118811E-08   0.741886E-06   0.131585E-07
  2116   0.197518E+03   0.423269E+01   0.000000E+00  -0.308339E+01   0.118687E-08   0.737488E-06   0.134972E-07
  2117   0.196674E+03   0.424814E+01   0.000000E+00  -0.294591E+01   0.118563E-08   0.732735E-06   0.138331E-07
  2118   0.195824E+03   0.426433E+01   0.000000E+00  -0.281108E+01   0.118439E-08   0.727645E-06   0.141660E-07
  2119   0.194969E+03   0.428124E+01   0.000000E+00  -0.267891E+01   0.118316E-08   0.722240E-06   0.144961E-07
  2120   0.194110E+03   0.429887E+01   0.000000E+00  -0.254945E+01   0.118193E-08   0.716539E-06   0.148235E-07
  2121   0.193247E+03   0.431720E+01   0.000000E+00  -0.242271E+01   0.118069E-08   0.710563E-06   0.151482E-07
  2122   0.192379E+03   0.433620E+01   0.000000E+00  -0.229872E+01   0.117946E-08   0.704331E-06   0.154702E-07
  2123   0.191507E+03   0.435588E+01   0.000000E+00  -0.217752E+01   0.117823E-08   0.697863E-06   0.157898E-07
  2124   0.190633E+03   0.437621E+01   0.000000E+00  -0.205912E+01   0.117701E-08   0.691179E-06   0.161069E-07
  2125   0.189754E+03   0.439718E+01   0.000000E+00  -0.194356E+01   0.117578E-08   0.684301E-06   0.164216E-07
  2126   0.188873E+03   0.441877E+01   0.000000E+00  -0.183085E+01   0.117456E-08   0.677246E-06   0.167339E-07
  2127   0.187988E+03   0.444097E+01   0.000000E+00  -0.172103E+01   0.117334E-08   0.670036E-06   0.170440E-07
  2128   0.187101E+03   0.446376E+01   0.000000E+00  -0.161410E+01   0.117212E-08   0.662691E-06   0.173519E-07
  2129   0.186211E+03   0.448711E+01   0.000000E+00  -0.151009E+01   0.117090E-08   0.655230E-06   0.176577E-07
  2130   0.185318E+03   0.451103E+01   0.000000E+00  -0.140902E+01   0.116968E-08   0.647673E-06   0.179615E-07
  2131   0.184424E+03   0.453548E+01   0.000000E+00  -0.131092E+01   0.116847E-08   0.640042E-06   0.182633E-07
  2132   0.183526E+03   0.456046E+01   0.000000E+00  -0.121581E+01   0.116725E-08   0.632355E-06   0.185631E-07
  2133   0.182628E+03   0.458594E+01   0.000000E+00  -0.112368E+01   0.116604E-08   0.624632E-06   0.188612E-07
  2134   0.181727E+03   0.461192E+01   0.000000E+00  -0.103456E+01   0.116483E-08   0.616894E-06   0.191574E-07
  2135   0.180826E+03   0.463836E+01   0.000000E+00  -0.948468E+00   0.116362E-08   0.609161E-06   0.194520E-07
  2136   0.179923E+03   0.466525E+01   0.000000E+00  -0.865394E+00   0.116241E-08   0.601453E-06   0.197449E-07
  2137   0.179019E+03   0.469259E+01   0.000000E+00  -0.785357E+00   0.116121E-08   0.593789E-06   0.200363E-07
  2138   0.178115E+03   0.472034E+01   0.000000E+00  -0.708363E+00   0.116000E-08   0.586191E-06   0.203262E-07
  2139   0.177210E+03   0.474850E+01   0.000000E+00  -0.634428E+00   0.115880E-08   0.578677E-06   0.206147E-07
  2140   0.176305E+03   0.477704E+01   0.000000E+00  -0.563559E+00   0.115760E-08   0.571268E-06   0.209018E-07
  2141   0.175400E+03   0.480594E+01   0.000000E+00  -0.495755E+00   0.115640E-08   0.563984E-06   0.211877E-07
  2142   0.174496E+03   0.483520E+01   0.000000E+00  -0.431015E+00   0.115521E-08   0.556844E-06   0.214723E-07
  2143   0.173592E+03   0.486478E+01   0.000000E+00  -0.369356E+00   0.115401E-08   0.549870E-06   0.217559E-07
  2144   0.172689E+03   0.489467E+01   0.000000E+00  -0.310770E+00   0.115282E-08   0.543080E-06   0.220383E-07
  2145   0.171786E+03   0.492485E+01   0.000000E+00  -0.255269E+00   0.115162E-08   0.536496E-06   0.223198E-07
  2146   0.170884E+03   0.495530E+01   0.000000E+00  -0.202854E+00   0.115043E-08   0.530137E-06   0.226003E-07
  2147   0.169983E+03   0.498601E+01   0.000000E+00  -0.153522E+00   0.114924E-08   0.524022E-06   0.228799E-07
  2148   0.169084E+03   0.501695E+01   0.000000E+00  -0.107269E+00   0.114806E-08   0.518173E-06   0.231588E-07
  2149   0.168187E+03   0.504811E+01   0.000000E+00  -0.640906E-01   0.114687E-08   0.512609E-06   0.234370E-07
  2150   0.167291E+03   0.507946E+01   0.000000E+00  -0.239837E-01   0.114569E-08   0.507350E-06   0.237145E-07
  2151   0.166398E+03   0.511100E+01   0.000000E+00   0.130554E-01   0.114450E-08   0.502411E-06   0.239914E-07
  2152   0.165506E+03   0.514269E+01   0.000000E+00   0.470305E-01   0.114332E-08   0.497788E-06   0.242674E-07
  2153   0.164617E+03   0.517452E+01   0.000000E+00   0.779457E-01   0.114214E-08   0.493473E-06   0.245425E-07
  2154   0.163731E+03   0.520647E+01   0.000000E+00   0.105811E+00   0.114096E-08   0.489457E-06   0.248163E-07
  2155   0.162848E+03   0.523855E+01   0.000000E+00   0.130639E+00   0.113979E-08   0.485730E-06   0.250885E-07
  2156   0.161967E+03   0.527071E+01   0.000000E+00   0.152444E+00   0.113861E-08   0.482284E-06   0.253591E-07
  2157   0.161089E+03   0.530295E+01   0.000000E+00   0.171236E+00   0.113744E-08   0.479111E-06   0.256277E-07
  2158   0.160215E+03   0.533525E+01   0.000000E+00   0.187030E+00   0.113627E-08   0.476200E-06   0.258942E-07
  2159   0.159344E+03   0.536760E+01   0.000000E+00   0.199837E+00   0.113510E-08   0.473544E-06   0.261582E-07
  2160   0.158477E+03   0.539997E+01   0.000000E+00   0.209671E+00   0.113393E-08   0.471134E-06   0.264196E-07
  2161   0.157613E+03   0.543236E+01   0.000000E+00   0.216549E+00   0.113276E-08   0.468960E-06   0.266782E-07
  2162   0.156754E+03   0.546474E+01   0.000000E+00   0.220491E+00   0.113160E-08   0.467014E-06   0.269337E-07
  2163   0.155898E+03   0.549710E+01   0.000000E+00   0.221514E+00   0.113043E-08   0.465287E-06   0.271858E-07
  2164   0.155047E+03   0.552941E+01   0.000000E+00   0.219638E+00   0.112927E-08   0.463770E-06   0.274344E-07
  2165   0.154200E+03   0.556166E+01   0.000000E+00   0.214881E+00   0.112811E-08   0.462455E-06   0.276792E-07
  2166   0.153358E+03   0.559385E+01   0.000000E+00   0.207261E+00   0.112695E-08   0.461331E-06   0.279201E-07
  2167   0.152520E+03   0.562593E+01   0.000000E+00   0.196800E+00   0.112579E-08   0.460392E-06   0.281566E-07
  2168   0.151688E+03   0.565792E+01   0.000000E+00   0.183527E+00   0.112464E-08   0.459627E-06   0.283888E-07
  2169   0.150860E+03   0.568978E+01   0.000000E+00   0.167475E+00   0.112348E-08   0.459028E-06   0.286162E-07
  2170   0.150038E+03   0.572151E+01   0.000000E+00   0.148676E+00   0.112233E-08   0.458587E-06   0.288388E-07
  2171   0.149220E+03   0.575308E+01   0.000000E+00   0.127160E+00   0.112118E-08   0.458293E-06   0.290562E-07
  2172   0.148409E+03   0.578449E+01   0.000000E+00   0.102963E+00   0.112003E-08   0.458139E-06   0.292682E-07
  2173   0.147603E+03   0.581572E+01   0.000000E+00   0.761138E-01   0.111888E-08   0.458115E-06   0.294746E-07
  2174   0.146803E+03   0.584676E+01   0.000000E+00   0.466466E-01   0.111773E-08   0.458214E-06   0.296752E-07
  2175   0.146010E+03   0.587758E+01   0.000000E+00   0.145923E-01   0.111659E-08   0.458424E-06   0.298697E-07
  2176   0.145223E+03   0.590818E+01   0.000000E+00  -0.200160E-01   0.111544E-08   0.458739E-06   0.300580E-07
  2177   0.144442E+03   0.593854E+01   0.000000E+00  -0.571466E-01   0.111430E-08   0.459149E-06   0.302397E-07
  2178   0.143667E+03   0.596864E+01   0.000000E+00  -0.967673E-01   0.111316E-08   0.459646E-06   0.304147E-07
  2179   0.142899E+03   0.599847E+01   0.000000E+00  -0.138846E+00   0.111202E-08   0.460220E-06   0.305828E-07
  2180   0.142137E+03   0.602800E+01   0.000000E+00  -0.183351E+00   0.111088E-08   0.460862E-06   0.307436E-07
  2181   0.141382E+03   0.605723E+01   0.000000E+00  -0.230248E+00   0.110975E-08   0.461564E-06   0.308970E-07
  2182   0.140634E+03   0.608615E+01   0.000000E+00  -0.279497E+00   0.110861E-08   0.462318E-06   0.310428E-07
  2183   0.139894E+03   0.611473E+01   0.000000E+00  -0.331056E+00   0.110748E-08   0.463113E-06   0.311806E-07
  2184   0.139160E+03   0.614297E+01   0.000000E+00  -0.384885E+00   0.110635E-08   0.463941E-06   0.313104E-07
  2185   0.138434E+03   0.617085E+01   0.000000E+00  -0.440942E+00   0.110522E-08   0.464794E-06   0.314318E-07
  2186   0.137715E+03   0.619836E+01   0.000000E+00  -0.499185E+00   0.110409E-08   0.465662E-06   0.315447E-07
  2187   0.137004E+03   0.622548E+01   0.000000E+00  -0.559573E+00   0.110296E-08   0.466538E-06   0.316488E-07
  2188   0.136300E+03   0.625220E+01   0.000000E+00  -0.622065E+00   0.110184E-08   0.467410E-06   0.317438E-07
  2189   0.135604E+03   0.627851E+01   0.000000E+00  -0.686618E+00   0.110071E-08   0.468272E-06   0.318296E-07
  2190   0.134916E+03   0.630440E+01   0.000000E+00  -0.753188E+00   0.109959E-08   0.469114E-06   0.319059E-07
  2191   0.134235E+03   0.632983E+01   0.000000E+00  -0.821735E+00   0.109847E-08   0.469928E-06   0.319725E-07
  2192   0.133563E+03   0.635482E+01   0.000000E+00  -0.892215E+00   0.109735E-08   0.470704E-06   0.320292E-07
  2193   0.132899E+03   0.637934E+01   0.000000E+00  -0.964585E+00   0.109623E-08   0.471433E-06   0.320757E-07
  2194   0.132242E+03   0.640338E+01   0.000000E+00  -0.103880E+01   0.109512E-08   0.472107E-06   0.321118E-07
  2195   0.131594E+03   0.642692E+01   0.000000E+00  -0.111483E+01   0.109400E-08   0.472718E-06   0.321372E-07
  2196   0.130955E+03   0.644996E+01   0.000000E+00  -0.119260E+01   0.109289E-08   0.473255E-06   0.321519E-07
  2197   0.130324E+03   0.647248E+01   0.000000E+00  -0.127209E+01   0.109178E-08   0.473710E-06   0.321554E-07
  2198   0.129700E+03   0.649447E+01   0.000000E+00  -0.135321E+01   0.109067E-08   0.474075E-06   0.321477E-07
  2199   0.129086E+03   0.651592E+01   0.000000E+00  -0.143595E+01   0.108956E-08   0.474340E-06   0.321284E-07
  2200   0.128480E+03   0.653683E+01   0.000000E+00  -0.152023E+01   0.108845E-08   0.474498E-06   0.320974E-07
  2201   0.127883E+03   0.655718E+01   0.000000E+00  -0.160601E+01   0.108734E-08   0.474539E-06   0.320545E-07
  2202   0.127295E+03   0.657696E+01   0.000000E+00  -0.169324E+01   0.108624E-08   0.474460E-06   0.320001E-07
  2203   0.126716E+03   0.659616E+01   0.000000E+00  -0.178188E+01   0.108514E-08   0.474260E-06   0.319348E-07
  2204   0.126146E+03   0.661478E+01   0.000000E+00  -0.187188E+01   0.108403E-08   0.473936E-06   0.318591E-07
  2205   0.125584E+03   0.663281E+01   0.000000E+00  -0.196321E+01   0.108293E-08   0.473486E-06   0.317736E-07
  2206   0.125031E+03   0.665024E+01   0.000000E+00  -0.205582E+01   0.108183E-08   0.472907E-06   0.316787E-07
  2207   0.124488E+03   0.666705E+01   0.000000E+00  -0.214967E+01   0.108074E-08   0.472198E-06   0.315750E-07
  2208   0.123953E+03   0.668323E+01   0.000000E+00  -0.224471E+01   0.107964E-08   0.471355E-06   0.314631E-07
  2209   0.123427E+03   0.669879E+01   0.000000E+00  -0.234089E+01   0.107855E-08   0.470377E-06   0.313434E-07
  2210   0.122910E+03   0.671371E+01   0.000000E+00  -0.243818E+01   0.107745E-08   0.469261E-06   0.312165E-07
  2211   0.122402E+03   0.672800E+01   0.000000E+00  -0.253652E+01   0.107636E-08   0.468006E-06   0.310829E-07
  2212   0.121904E+03   0.674163E+01   0.000000E+00  -0.263587E+01   0.107527E-08   0.466608E-06   0.309433E-07
  2213   0.121414E+03   0.675461E+01   0.000000E+00  -0.273617E+01   0.107418E-08   0.465066E-06   0.307980E-07
  2214   0.120934E+03   0.676693E+01   0.000000E+00  -0.283737E+01   0.107310E-08   0.463377E-06   0.306476E-07
  2215   0.120462E+03   0.677858E+01   0.000000E+00  -0.293943E+01   0.107201E-08   0.461539E-06   0.304927E-07
  2216   0.120000E+03   0.678956E+01   0.000000E+00  -0.304229E+01   0.107093E-08   0.459550E-06   0.303338E-07
  2217   0.119546E+03   0.679987E+01   0.000000E+00  -0.314592E+01   0.106984E-08   0.457407E-06   0.301714E-07
  2218   0.119103E+03   0.680950E+01   0.000000E+00  -0.325024E+01   0.106876E-08   0.455109E-06   0.300060E-07
  2219   0.118667E+03   0.681845E+01   0.000000E+00  -0.335523E+01   0.106768E-08   0.452652E-06   0.298383E-07
  2220   0.118241E+03   0.682671E+01   0.000000E+00  -0.346082E+01   0.106660E-08   0.450035E-06   0.296686E-07
  2221   0.117824E+03   0.683429E+01   0.000000E+00  -0.356698E+01   0.106553E-08   0.447255E-06   0.294977E-07
  2222   0.117416E+03   0.684117E+01   0.000000E+00  -0.367364E+01   0.106445E-08   0.444311E-06   0.293259E-07
  2223   0.117018E+03   0.684736E+01   0.000000E+00  -0.378076E+01   0.106338E-08   0.441199E-06   0.291538E-07
  2224   0.116628E+03   0.685285E+01   0.000000E+00  -0.388829E+01   0.106230E-08   0.437918E-06   0.289819E-07
  2225   0.116248E+03   0.685763E+01   0.000000E+00  -0.399619E+01   0.106123E-08   0.434465E-06   0.288109E-07
  2226   0.115876E+03   0.686171E+01   0.000000E+00  -0.410440E+01   0.106016E-08   0.430838E-06   0.286411E-07
  2227   0.115513E+03   0.686507E+01   0.000000E+00  -0.421287E+01   0.105909E-08   0.427034E-06   0.284732E-07
  2228   0.115160E+03   0.686772E+01   0.000000E+00  -0.432156E+01   0.105802E-08   0.423052E-06   0.283077E-07
  2229   0.114814E+03   0.686966E+01   0.000000E+00  -0.443041E+01   0.105696E-08   0.418889E-06   0.281451E-07
  2230   0.114478E+03   0.687088E+01   0.000000E+00  -0.453938E+01   0.105589E-08   0.414544E-06   0.279859E-07
  2231   0.114151E+03   0.687138E+01   0.000000E+00  -0.464842E+01   0.105483E-08   0.410012E-06   0.278307E-07
  2232   0.113833E+03   0.687116E+01   0.000000E+00  -0.475747E+01   0.105377E-08   0.405293E-06   0.276800E-07
  2233   0.113522E+03   0.687023E+01   0.000000E+00  -0.486649E+01   0.105271E-08   0.400384E-06   0.275343E-07
  2234   0.113221E+03   0.686858E+01   0.000000E+00  -0.497543E+01   0.105165E-08   0.395283E-06   0.273942E-07
  2235   0.112928E+03   0.686622E+01   0.000000E+00  -0.508423E+01   0.105059E-08   0.389988E-06   0.272602E-07
  2236   0.112645E+03   0.686316E+01   0.000000E+00  -0.519284E+01   0.104954E-08   0.384495E-06   0.271329E-07
  2237   0.112369E+03   0.685939E+01   0.000000E+00  -0.530122E+01   0.104848E-08   0.378804E-06   0.270127E-07
  2238   0.112102E+03   0.685492E+01   0.000000E+00  -0.540933E+01   0.104743E-08   0.372911E-06   0.269001E-07
  2239   0.111843E+03   0.684974E+01   0.000000E+00  -0.551710E+01   0.104638E-08   0.366815E-06   0.267959E-07
  2240   0.111593E+03   0.684386E+01   0.000000E+00  -0.562451E+01   0.104533E-08   0.360512E-06   0.267003E-07
  2241   0.111350E+03   0.683727E+01   0.000000E+00  -0.573149E+01   0.104428E-08   0.354002E-06   0.266141E-07
  2242   0.111116E+03   0.682997E+01   0.000000E+00  -0.583801E+01   0.104323E-08   0.347281E-06   0.265377E-07
  2243   0.110890E+03   0.682198E+01   0.000000E+00  -0.594401E+01   0.104218E-08   0.340347E-06   0.264717E-07
  2244   0.110672E+03   0.681329E+01   0.000000E+00  -0.604945E+01   0.104114E-08   0.333199E-06   0.264165E-07
  2245   0.110461E+03   0.680389E+01   0.000000E+00  -0.615429E+01   0.104009E-08   0.325833E-06   0.263728E-07
  2246   0.110259E+03   0.679380E+01   0.000000E+00  -0.625848E+01   0.103905E-08   0.318248E-06   0.263410E-07
  2247   0.110064E+03   0.678303E+01   0.000000E+00  -0.636198E+01   0.103801E-08   0.310441E-06   0.263217E-07
  2248   0.109877E+03   0.677156E+01   0.000000E+00  -0.646473E+01   0.103697E-08   0.302410E-06   0.263154E-07
  2249   0.109697E+03   0.675942E+01   0.000000E+00  -0.656671E+01   0.103593E-08   0.294152E-06   0.263227E-07
  2250   0.109525E+03   0.674659E+01   0.000000E+00  -0.666785E+01   0.103490E-08   0.285666E-06   0.263440E-07
  2251   0.109361E+03   0.673310E+01   0.000000E+00  -0.676812E+01   0.103386E-08   0.276952E-06   0.263798E-07
  2252   0.109203E+03   0.671893E+01   0.000000E+00  -0.686748E+01   0.103283E-08   0.268026E-06   0.264293E-07
  2253   0.109052E+03   0.670409E+01   0.000000E+00  -0.696590E+01   0.103179E-08   0.258904E-06   0.264920E-07
  2254   0.108909E+03   0.668859E+01   0.000000E+00  -0.706334E+01   0.103076E-08   0.249607E-06   0.265668E-07
  2255   0.108772E+03   0.667242E+01   0.000000E+00  -0.715976E+01   0.102973E-08   0.240151E-06   0.266532E-07
  2256   0.108643E+03   0.665560E+01   0.000000E+00  -0.725513E+01   0.102870E-08   0.230555E-06   0.267502E-07
  2257   0.108520E+03   0.663812E+01   0.000000E+00  -0.734942E+01   0.102768E-08   0.220836E-06   0.268571E-07
  2258   0.108404E+03   0.661998E+01   0.000000E+00  -0.744258E+01   0.102665E-08   0.211014E-06   0.269732E-07
  2259   0.108294E+03   0.660120E+01   0.000000E+00  -0.753459E+01   0.102562E-08   0.201105E-06   0.270975E-07
  2260   0.108191E+03   0.658179E+01   0.000000E+00  -0.762542E+01   0.102460E-08   0.191129E-06   0.272294E-07
  2261   0.108095E+03   0.656174E+01   0.000000E+00  -0.771502E+01   0.102358E-08   0.181103E-06   0.273681E-07
  2262   0.108004E+03   0.654108E+01   0.000000E+00  -0.780338E+01   0.102256E-08   0.171046E-06   0.275128E-07
  2263   0.107919E+03   0.651982E+01   0.000000E+00  -0.789045E+01   0.102154E-08   0.160975E-06   0.276626E-07
  2264   0.107841E+03   0.649795E+01   0.000000E+00  -0.797621E+01   0.102052E-08   0.150909E-06   0.278168E-07
  2265   0.107768E+03   0.647549E+01   0.000000E+00  -0.806063E+01   0.101950E-08   0.140866E-06   0.279747E-07
  2266   0.107702E+03   0.645245E+01   0.000000E+00  -0.814370E+01   0.101849E-08   0.130863E-06   0.281354E-07
  2267   0.107641E+03   0.642884E+01   0.000000E+00  -0.822533E+01   0.101747E-08   0.120920E-06   0.282981E-07
  2268   0.107585E+03   0.640465E+01   0.000000E+00  -0.830553E+01   0.101646E-08   0.111054E-06   0.284621E-07
  2269   0.107535E+03   0.637991E+01   0.000000E+00  -0.838426E+01   0.101545E-08   0.101284E-06   0.286265E-07
  2270   0.107490E+03   0.635461E+01   0.000000E+00  -0.846158E+01   0.101444E-08   0.916263E-07   0.287907E-07
  2271   0.107451E+03   0.632877E+01   0.000000E+00  -0.853736E+01   0.101343E-08   0.821008E-07   0.289537E-07
  2272   0.107416E+03   0.630238E+01   0.000000E+00  -0.861159E+01   0.101242E-08   0.727249E-07   0.291149E-07
  2273   0.107387E+03   0.627547E+01   0.000000E+00  -0.868429E+01   0.101142E-08   0.635168E-07   0.292734E-07
  2274   0.107362E+03   0.624804E+01   0.000000E+00  -0.875538E+01   0.101041E-08   0.544947E-07   0.294285E-07
  2275   0.107342E+03   0.622011E+01   0.000000E+00  -0.882487E+01   0.100941E-08   0.456767E-07   0.295793E-07
  2276   0.107327E+03   0.619168E+01   0.000000E+00  -0.889277E+01   0.100841E-08   0.370809E-07   0.297251E-07
  2277   0.107315E+03   0.616275E+01   0.000000E+00  -0.895901E+01   0.100740E-08   0.287254E-07   0.298651E-07
  2278   0.107308E+03   0.613337E+01   0.000000E+00  -0.902358E+01   0.100640E-08   0.206284E-07   0.299985E-07
  2279   0.107305E+03   0.610351E+01   0.000000E+00  -0.908650E+01   0.100541E-08   0.128080E-07   0.301245E-07
  2280   0.107307E+03   0.607320E+01   0.000000E+00  -0.914770E+01   0.100441E-08   0.528221E-08   0.302423E-07
  2281   0.107312E+03   0.604244E+01   0.000000E+00  -0.920711E+01   0.100341E-08  -0.193071E-08   0.303512E-07
  2282   0.107321E+03   0.601125E+01   0.000000E+00  -0.926480E+01   0.100242E-08  -0.881268E-08   0.304504E-07
  2283   0.107333E+03   0.597963E+01   0.000000E+00  -0.932079E+01   0.100143E-08  -0.153456E-07   0.305390E-07
  2284   0.107349E+03   0.594759E+01   0.000000E+00  -0.937493E+01   0.100043E-08  -0.215113E-07   0.306163E-07
  2285   0.107368E+03   0.591515E+01   0.000000E+00  -0.942730E+01   0.999443E-09  -0.272917E-07   0.306815E-07
  2286   0.107391E+03   0.588231E+01   0.000000E+00  -0.947782E+01   0.998453E-09  -0.326686E-07   0.307339E-07
  2287   0.107416E+03   0.584909E+01   0.000000E+00  -0.952659E+01   0.997465E-09  -0.376240E-07   0.307726E-07
  2288   0.107444E+03   0.581549E+01   0.000000E+00  -0.957345E+01   0.996478E-09  -0.421396E-07   0.307968E-07
  2289   0.107475E+03   0.578154E+01   0.000000E+00  -0.961849E+01   0.995493E-09  -0.461975E-07   0.308058E-07
  2290   0.107509E+03   0.574724E+01   0.000000E+00  -0.966163E+01   0.994508E-09  -0.497794E-07   0.307988E-07
  2291   0.107545E+03   0.571262E+01   0.000000E+00  -0.970296E+01   0.993525E-09  -0.528673E-07   0.307750E-07
  2292   0.107584E+03   0.567768E+01   0.000000E+00  -0.974241E+01   0.992543E-09  -0.554429E-07   0.307336E-07
  2293   0.107625E+03   0.564244E+01   0.000000E+00  -0.977990E+01   0.991563E-09  -0.574883E-07   0.306738E-07
  2294   0.107667E+03   0.560690E+01   0.000000E+00  -0.981560E+01   0.990584E-09  -0.589852E-07   0.305949E-07
  2295   0.107712E+03   0.557108E+01   0.000000E+00  -0.984928E+01   0.989606E-09  -0.599156E-07   0.304960E-07
  2296   0.107758E+03   0.553501E+01   0.000000E+00  -0.988110E+01   0.988629E-09  -0.602613E-07   0.303764E-07
  2297   0.107807E+03   0.549867E+01   0.000000E+00  -0.991098E+01   0.987653E-09  -0.600042E-07   0.302352E-07
  2298   0.107856E+03   0.546208E+01   0.000000E+00  -0.993902E+01   0.986679E-09  -0.591261E-07   0.300718E-07
  2299   0.107907E+03   0.542526E+01   0.000000E+00  -0.996506E+01   0.985706E-09  -0.576090E-07   0.298852E-07
  2300   0.107959E+03   0.538822E+01   0.000000E+00  -0.998911E+01   0.984734E-09  -0.554347E-07   0.296748E-07
  2301   0.108012E+03   0.535097E+01   0.000000E+00  -0.100113E+02   0.983764E-09  -0.525916E-07   0.294400E-07
  2302   0.108067E+03   0.531352E+01   0.000000E+00  -0.100315E+02   0.982795E-09  -0.490936E-07   0.291813E-07
  2303   0.108121E+03   0.527588E+01   0.000000E+00  -0.100498E+02   0.981827E-09  -0.449611E-07   0.288996E-07
  2304   0.108177E+03   0.523806E+01   0.000000E+00  -0.100661E+02   0.980860E-09  -0.402147E-07   0.285955E-07
  2305   0.108233E+03   0.520009E+01   0.000000E+00  -0.100805E+02   0.979894E-09  -0.348748E-07   0.282699E-07
  2306   0.108289E+03   0.516195E+01   0.000000E+00  -0.100929E+02   0.978930E-09  -0.289618E-07   0.279237E-07
  2307   0.108346E+03   0.512368E+01   0.000000E+00  -0.101034E+02   0.977967E-09  -0.224962E-07   0.275575E-07
  2308   0.108403E+03   0.508528E+01   0.000000E+00  -0.101119E+02   0.977006E-09  -0.154983E-07   0.271721E-07
  2309   0.108460E+03   0.504675E+01   0.000000E+00  -0.101185E+02   0.976045E-09  -0.798871E-08   0.267684E-07
  2310   0.108517E+03   0.500812E+01   0.000000E+00  -0.101233E+02   0.975086E-09   0.122030E-10   0.263472E-07
  2311   0.108574E+03   0.496938E+01   0.000000E+00  -0.101260E+02   0.974128E-09   0.848399E-08   0.259092E-07
  2312   0.108630E+03   0.493057E+01   0.000000E+00  -0.101268E+02   0.973171E-09   0.174062E-07   0.254551E-07
  2313   0.108687E+03   0.489167E+01   0.000000E+00  -0.101258E+02   0.972215E-09   0.267584E-07   0.249859E-07
  2314   0.108743E+03   0.485273E+01   0.000000E+00  -0.101228E+02   0.971261E-09   0.365201E-07   0.245023E-07
  2315   0.108798E+03   0.481372E+01   0.000000E+00  -0.101179E+02   0.970308E-09   0.466710E-07   0.240051E-07
  2316   0.108852E+03   0.477468E+01   0.000000E+00  -0.101112E+02   0.969356E-09   0.571904E-07   0.234951E-07
  2317   0.108905E+03   0.473561E+01   0.000000E+00  -0.101026E+02   0.968405E-09   0.680581E-07   0.229730E-07
  2318   0.108958E+03   0.469653E+01   0.000000E+00  -0.100920E+02   0.967456E-09   0.792536E-07   0.224396E-07
  2319   0.109009E+03   0.465743E+01   0.000000E+00  -0.100797E+02   0.966507E-09   0.907564E-07   0.218958E-07
  2320   0.109059E+03   0.461834E+01   0.000000E+00  -0.100655E+02   0.965560E-09   0.102546E-06   0.213423E-07
  2321   0.109108E+03   0.457926E+01   0.000000E+00  -0.100494E+02   0.964614E-09   0.114602E-06   0.207800E-07
  2322   0.109155E+03   0.454022E+01   0.000000E+00  -0.100316E+02   0.963670E-09   0.126904E-06   0.202095E-07
  2323   0.109201E+03   0.450121E+01   0.000000E+00  -0.100119E+02   0.962726E-09   0.139432E-06   0.196317E-07
  2324   0.109246E+03   0.446226E+01   0.000000E+00  -0.999043E+01   0.961784E-09   0.152165E-06   0.190474E-07
  2325   0.109288E+03   0.442337E+01   0.000000E+00  -0.996725E+01   0.960843E-09   0.165082E-06   0.184574E-07
  2326   0.109329E+03   0.438456E+01   0.000000E+00  -0.994228E+01   0.959903E-09   0.178164E-06   0.178625E-07
  2327   0.109367E+03   0.434585E+01   0.000000E+00  -0.991554E+01   0.958965E-09   0.191389E-06   0.172633E-07
  2328   0.109404E+03   0.430724E+01   0.000000E+00  -0.988717E+01   0.958027E-09   0.204738E-06   0.166609E-07
  2329   0.109439E+03   0.426875E+01   0.000000E+00  -0.985710E+01   0.957091E-09   0.218190E-06   0.160558E-07
  2330   0.109472E+03   0.423039E+01   0.000000E+00  -0.982534E+01   0.956156E-09   0.231724E-06   0.154490E-07
  2331   0.109502E+03   0.419216E+01   0.000000E+00  -0.979198E+01   0.955222E-09   0.245320E-06   0.148411E-07
  2332   0.109530E+03   0.415407E+01   0.000000E+00  -0.975693E+01   0.954289E-09   0.258958E-06   0.142331E-07
  2333   0.109555E+03   0.411614E+01   0.000000E+00  -0.972027E+01   0.953358E-09   0.272617E-06   0.136256E-07
  2334   0.109578E+03   0.407838E+01   0.000000E+00  -0.968203E+01   0.952427E-09   0.286277E-06   0.130195E-07
  2335   0.109598E+03   0.404080E+01   0.000000E+00  -0.964219E+01   0.951498E-09   0.299916E-06   0.124156E-07
  2336   0.109615E+03   0.400340E+01   0.000000E+00  -0.960083E+01   0.950570E-09   0.313516E-06   0.118146E-07
  2337   0.109630E+03   0.396621E+01   0.000000E+00  -0.955798E+01   0.949644E-09   0.327055E-06   0.112173E-07
  2338   0.109642E+03   0.392921E+01   0.000000E+00  -0.951354E+01   0.948718E-09   0.340513E-06   0.106246E-07
  2339   0.109650E+03   0.389244E+01   0.000000E+00  -0.946768E+01   0.947794E-09   0.353869E-06   0.100372E-07
  2340   0.109656E+03   0.385591E+01   0.000000E+00  -0.942040E+01   0.946871E-09   0.367104E-06   0.945588E-08
  2341   0.109658E+03   0.381961E+01   0.000000E+00  -0.937164E+01   0.945948E-09   0.380196E-06   0.888145E-08
  2342   0.109657E+03   0.378356E+01   0.000000E+00  -0.932147E+01   0.945028E-09   0.393125E-06   0.831470E-08
  2343   0.109653E+03   0.374778E+01   0.000000E+00  -0.926997E+01   0.944108E-09   0.405871E-06   0.775641E-08
  2344   0.109645E+03   0.371226E+01   0.000000E+00  -0.921715E+01   0.943189E-09   0.418413E-06   0.720738E-08
  2345   0.109634E+03   0.367703E+01   0.000000E+00  -0.916293E+01   0.942272E-09   0.430731E-06   0.666840E-08
  2346   0.109619E+03   0.364208E+01   0.000000E+00  -0.910748E+01   0.941356E-09   0.442804E-06   0.614025E-08
  2347   0.109601E+03   0.360743E+01   0.000000E+00  -0.905071E+01   0.940441E-09   0.454613E-06   0.562372E-08
  2348   0.109579E+03   0.357309E+01   0.000000E+00  -0.899272E+01   0.939527E-09   0.466135E-06   0.511960E-08
  2349   0.109553E+03   0.353905E+01   0.000000E+00  -0.893350E+01   0.938614E-09   0.477352E-06   0.462868E-08
  2350   0.109523E+03   0.350535E+01   0.000000E+00  -0.887314E+01   0.937703E-09   0.488243E-06   0.415175E-08
  2351   0.109490E+03   0.347198E+01   0.000000E+00  -0.881156E+01   0.936792E-09   0.498790E-06   0.368945E-08
  2352   0.109453E+03   0.343894E+01   0.000000E+00  -0.874892E+01   0.935883E-09   0.508989E-06   0.324185E-08
  2353   0.109411E+03   0.340626E+01   0.000000E+00  -0.868514E+01   0.934975E-09   0.518842E-06   0.280886E-08
  2354   0.109365E+03   0.337393E+01   0.000000E+00  -0.862037E+01   0.934068E-09   0.528346E-06   0.239041E-08
  2355   0.109316E+03   0.334196E+01   0.000000E+00  -0.855446E+01   0.933162E-09   0.537501E-06   0.198640E-08
  2356   0.109262E+03   0.331038E+01   0.000000E+00  -0.848757E+01   0.932257E-09   0.546308E-06   0.159677E-08
  2357   0.109205E+03   0.327917E+01   0.000000E+00  -0.841976E+01   0.931354E-09   0.554766E-06   0.122143E-08
  2358   0.109143E+03   0.324835E+01   0.000000E+00  -0.835097E+01   0.930451E-09   0.562874E-06   0.860295E-09
  2359   0.109077E+03   0.321792E+01   0.000000E+00  -0.828126E+01   0.929550E-09   0.570633E-06   0.513287E-09
  2360   0.109007E+03   0.318788E+01   0.000000E+00  -0.821057E+01   0.928650E-09   0.578040E-06   0.180325E-09
  2361   0.108932E+03   0.315825E+01   0.000000E+00  -0.813912E+01   0.927751E-09   0.585097E-06  -0.138672E-09
  2362   0.108853E+03   0.312903E+01   0.000000E+00  -0.806676E+01   0.926853E-09   0.591803E-06  -0.443786E-09
  2363   0.108770E+03   0.310022E+01   0.000000E+00  -0.799364E+01   0.925956E-09   0.598158E-06  -0.735099E-09
  2364   0.108682E+03   0.307182E+01   0.000000E+00  -0.791968E+01   0.925060E-09   0.604160E-06  -0.101269E-08
  2365   0.108589E+03   0.304385E+01   0.000000E+00  -0.784504E+01   0.924166E-09   0.609810E-06  -0.127664E-08
  2366   0.108493E+03   0.301632E+01   0.000000E+00  -0.776964E+01   0.923273E-09   0.615108E-06  -0.152703E-08
  2367   0.108392E+03   0.298922E+01   0.000000E+00  -0.769356E+01   0.922380E-09   0.620052E-06  -0.176395E-08
  2368   0.108287E+03   0.296256E+01   0.000000E+00  -0.761680E+01   0.921489E-09   0.624643E-06  -0.198747E-08
  2369   0.108177E+03   0.293634E+01   0.000000E+00  -0.753950E+01   0.920599E-09   0.628880E-06  -0.219768E-08
  2370   0.108062E+03   0.291058E+01   0.000000E+00  -0.746152E+01   0.919710E-09   0.632762E-06  -0.239465E-08
  2371   0.107944E+03   0.288527E+01   0.000000E+00  -0.738301E+01   0.918823E-09   0.636290E-06  -0.257847E-08
  2372   0.107820E+03   0.286042E+01   0.000000E+00  -0.730397E+01   0.917936E-09   0.639463E-06  -0.274922E-08
  2373   0.107693E+03   0.283603E+01   0.000000E+00  -0.722447E+01   0.917050E-09   0.642281E-06  -0.290698E-08
  2374   0.107561E+03   0.281211E+01   0.000000E+00  -0.714452E+01   0.916166E-09   0.644742E-06  -0.305183E-08
  2375   0.107424E+03   0.278866E+01   0.000000E+00  -0.706411E+01   0.915283E-09   0.646848E-06  -0.318385E-08
  2376   0.107283E+03   0.276568E+01   0.000000E+00  -0.698333E+01   0.914401E-09   0.648596E-06  -0.330313E-08
  2377   0.107137E+03   0.274318E+01   0.000000E+00  -0.690216E+01   0.913519E-09   0.649988E-06  -0.340975E-08
  2378   0.106987E+03   0.272116E+01   0.000000E+00  -0.682066E+01   0.912640E-09   0.651022E-06  -0.350378E-08
  2379   0.106833E+03   0.269962E+01   0.000000E+00  -0.673887E+01   0.911761E-09   0.651698E-06  -0.358530E-08
  2380   0.106674E+03   0.267858E+01   0.000000E+00  -0.665682E+01   0.910883E-09   0.652016E-06  -0.365441E-08
  2381   0.106511E+03   0.265801E+01   0.000000E+00  -0.657454E+01   0.910006E-09   0.651976E-06  -0.371118E-08
  2382   0.106343E+03   0.263793E+01   0.000000E+00  -0.649205E+01   0.909131E-09   0.651577E-06  -0.375569E-08
  2383   0.106170E+03   0.261835E+01   0.000000E+00  -0.640940E+01   0.908256E-09   0.650818E-06  -0.378802E-08
  2384   0.105993E+03   0.259926E+01   0.000000E+00  -0.632660E+01   0.907383E-09   0.649699E-06  -0.380825E-08
  2385   0.105813E+03   0.258066E+01   0.000000E+00  -0.624369E+01   0.906510E-09   0.648220E-06  -0.381647E-08
  2386   0.105627E+03   0.256256E+01   0.000000E+00  -0.616071E+01   0.905639E-09   0.646381E-06  -0.381276E-08
  2387   0.105437E+03   0.254496E+01   0.000000E+00  -0.607770E+01   0.904769E-09   0.644180E-06  -0.379719E-08
  2388   0.105243E+03   0.252786E+01   0.000000E+00  -0.599469E+01   0.903900E-09   0.641619E-06  -0.376985E-08
  2389   0.105045E+03   0.251127E+01   0.000000E+00  -0.591171E+01   0.903032E-09   0.638695E-06  -0.373083E-08
  2390   0.104842E+03   0.249517E+01   0.000000E+00  -0.582879E+01   0.902165E-09   0.635410E-06  -0.368019E-08
  2391   0.104635E+03   0.247957E+01   0.000000E+00  -0.574597E+01   0.901299E-09   0.631762E-06  -0.361803E-08
  2392   0.104425E+03   0.246449E+01   0.000000E+00  -0.566329E+01   0.900434E-09   0.627751E-06  -0.354442E-08
  2393   0.104209E+03   0.244990E+01   0.000000E+00  -0.558077E+01   0.899571E-09   0.623376E-06  -0.345945E-08
  2394   0.103990E+03   0.243582E+01   0.000000E+00  -0.549844E+01   0.898708E-09   0.618638E-06  -0.336319E-08
  2395   0.103767E+03   0.242225E+01   0.000000E+00  -0.541634E+01   0.897847E-09   0.613536E-06  -0.325573E-08
  2396   0.103540E+03   0.240917E+01   0.000000E+00  -0.533450E+01   0.896986E-09   0.608069E-06  -0.313715E-08
  2397   0.103310E+03   0.239660E+01   0.000000E+00  -0.525293E+01   0.896127E-09   0.602238E-06  -0.300753E-08
  2398   0.103074E+03   0.238453E+01   0.000000E+00  -0.517169E+01   0.895269E-09   0.596041E-06  -0.286694E-08
  2399   0.102836E+03   0.237296E+01   0.000000E+00  -0.509078E+01   0.894411E-09   0.589478E-06  -0.271549E-08
  2400   0.102593E+03   0.236188E+01   0.000000E+00  -0.501026E+01   0.893555E-09   0.582550E-06  -0.255323E-08
  2401   0.102346E+03   0.235130E+01   0.000000E+00  -0.493015E+01   0.892700E-09   0.575258E-06  -0.238043E-08
  2402   0.102096E+03   0.234122E+01   0.000000E+00  -0.485046E+01   0.891846E-09   0.567620E-06  -0.219800E-08
  2403   0.101842E+03   0.233163E+01   0.000000E+00  -0.477124E+01   0.890993E-09   0.559655E-06  -0.200702E-08
  2404   0.101585E+03   0.232254E+01   0.000000E+00  -0.469251E+01   0.890141E-09   0.551383E-06  -0.180858E-08
  2405   0.101323E+03   0.231394E+01   0.000000E+00  -0.461429E+01   0.889290E-09   0.542825E-06  -0.160376E-08
  2406   0.101058E+03   0.230583E+01   0.000000E+00  -0.453661E+01   0.888441E-09   0.534000E-06  -0.139366E-08
  2407   0.100790E+03   0.229821E+01   0.000000E+00  -0.445949E+01   0.887592E-09   0.524928E-06  -0.117934E-08
  2408   0.100518E+03   0.229106E+01   0.000000E+00  -0.438295E+01   0.886744E-09   0.515629E-06  -0.961900E-09
  2409   0.100243E+03   0.228440E+01   0.000000E+00  -0.430702E+01   0.885897E-09   0.506123E-06  -0.742421E-09
  2410   0.999643E+02   0.227822E+01   0.000000E+00  -0.423173E+01   0.885052E-09   0.496430E-06  -0.521989E-09
  2411   0.996827E+02   0.227252E+01   0.000000E+00  -0.415709E+01   0.884207E-09   0.486570E-06  -0.301688E-09
  2412   0.993970E+02   0.226728E+01   0.000000E+00  -0.408313E+01   0.883364E-09   0.476562E-06  -0.826018E-10
  2413   0.991087E+02   0.226252E+01   0.000000E+00  -0.400988E+01   0.882521E-09   0.466427E-06   0.134185E-09
  2414   0.988171E+02   0.225821E+01   0.000000E+00  -0.393734E+01   0.881680E-09   0.456185E-06   0.347587E-09
  2415   0.985222E+02   0.225438E+01   0.000000E+00  -0.386556E+01   0.880839E-09   0.445855E-06   0.556521E-09
  2416   0.982247E+02   0.225100E+01   0.000000E+00  -0.379454E+01   0.880000E-09   0.435457E-06   0.759901E-09
  2417   0.979238E+02   0.224807E+01   0.000000E+00  -0.372432E+01   0.879162E-09   0.425012E-06   0.956643E-09
  2418   0.976205E+02   0.224559E+01   0.000000E+00  -0.365493E+01   0.878324E-09   0.414539E-06   0.114566E-08
  2419   0.973138E+02   0.224357E+01   0.000000E+00  -0.358636E+01   0.877488E-09   0.404059E-06   0.132588E-08
  2420   0.970053E+02   0.224198E+01   0.000000E+00  -0.351865E+01   0.876653E-09   0.393590E-06   0.149620E-08
  2421   0.966935E+02   0.224083E+01   0.000000E+00  -0.345182E+01   0.875819E-09   0.383154E-06   0.165554E-08
  2422   0.963792E+02   0.224011E+01   0.000000E+00  -0.338589E+01   0.874985E-09   0.372769E-06   0.180283E-08
  2423   0.960631E+02   0.223982E+01   0.000000E+00  -0.332086E+01   0.874153E-09   0.362456E-06   0.193696E-08
  2424   0.957438E+02   0.223994E+01   0.000000E+00  -0.325678E+01   0.873322E-09   0.352236E-06   0.205687E-08
  2425   0.954227E+02   0.224050E+01   0.000000E+00  -0.319364E+01   0.872492E-09   0.342127E-06   0.216147E-08
  2426   0.950990E+02   0.224145E+01   0.000000E+00  -0.313148E+01   0.871663E-09   0.332149E-06   0.224966E-08
  2427   0.947729E+02   0.224281E+01   0.000000E+00  -0.307029E+01   0.870835E-09   0.322324E-06   0.232038E-08
  2428   0.944451E+02   0.224457E+01   0.000000E+00  -0.301011E+01   0.870008E-09   0.312669E-06   0.237252E-08
  2429   0.941155E+02   0.224672E+01   0.000000E+00  -0.295096E+01   0.869182E-09   0.303207E-06   0.240501E-08
  2430   0.937834E+02   0.224926E+01   0.000000E+00  -0.289283E+01   0.868357E-09   0.293955E-06   0.241677E-08
  2431   0.934496E+02   0.225218E+01   0.000000E+00  -0.283576E+01   0.867533E-09   0.284935E-06   0.240670E-08
  2432   0.931140E+02   0.225548E+01   0.000000E+00  -0.277975E+01   0.866710E-09   0.276166E-06   0.237373E-08
  2433   0.927768E+02   0.225915E+01   0.000000E+00  -0.272483E+01   0.865888E-09   0.267669E-06   0.231677E-08
  2434   0.924386E+02   0.226318E+01   0.000000E+00  -0.267100E+01   0.865067E-09   0.259462E-06   0.223473E-08
  2435   0.920980E+02   0.226757E+01   0.000000E+00  -0.261828E+01   0.864247E-09   0.251566E-06   0.212653E-08
  2436   0.917564E+02   0.227230E+01   0.000000E+00  -0.256669E+01   0.863428E-09   0.244002E-06   0.199109E-08
  2437   0.914131E+02   0.227737E+01   0.000000E+00  -0.251623E+01   0.862610E-09   0.236788E-06   0.182732E-08
  2438   0.910689E+02   0.228279E+01   0.000000E+00  -0.246692E+01   0.861793E-09   0.229945E-06   0.163413E-08
  2439   0.907230E+02   0.228852E+01   0.000000E+00  -0.241876E+01   0.860977E-09   0.223492E-06   0.141045E-08
  2440   0.903763E+02   0.229459E+01   0.000000E+00  -0.237178E+01   0.860162E-09   0.217451E-06   0.115519E-08
  2441   0.900286E+02   0.230096E+01   0.000000E+00  -0.232598E+01   0.859348E-09   0.211839E-06   0.867255E-09
  2442   0.896800E+02   0.230764E+01   0.000000E+00  -0.228136E+01   0.858535E-09   0.206679E-06   0.545572E-09
  2443   0.893297E+02   0.231462E+01   0.000000E+00  -0.223795E+01   0.857723E-09   0.201988E-06   0.189053E-09
  2444   0.889793E+02   0.232189E+01   0.000000E+00  -0.219574E+01   0.856912E-09   0.197788E-06  -0.203387E-09
  2445   0.886288E+02   0.232944E+01   0.000000E+00  -0.215476E+01   0.856102E-09   0.194099E-06  -0.632831E-09
  2446   0.882767E+02   0.233727E+01   0.000000E+00  -0.211500E+01   0.855293E-09   0.190939E-06  -0.110036E-08
  2447   0.879251E+02   0.234537E+01   0.000000E+00  -0.207648E+01   0.854485E-09   0.188330E-06  -0.160707E-08
  2448   0.875727E+02   0.235373E+01   0.000000E+00  -0.203920E+01   0.853678E-09   0.186290E-06  -0.215404E-08
  2449   0.872195E+02   0.236234E+01   0.000000E+00  -0.200317E+01   0.852872E-09   0.184841E-06  -0.274235E-08
  2450   0.868669E+02   0.237120E+01   0.000000E+00  -0.196838E+01   0.852067E-09   0.184001E-06  -0.337309E-08
  2451   0.865135E+02   0.238029E+01   0.000000E+00  -0.193486E+01   0.851263E-09   0.183785E-06  -0.404678E-08
  2452   0.861607E+02   0.238960E+01   0.000000E+00  -0.190260E+01   0.850459E-09   0.184177E-06  -0.476171E-08
  2453   0.858070E+02   0.239915E+01   0.000000E+00  -0.187162E+01   0.849657E-09   0.185157E-06  -0.551563E-08
  2454   0.854540E+02   0.240890E+01   0.000000E+00  -0.184191E+01   0.848856E-09   0.186703E-06  -0.630625E-08
  2455   0.851008E+02   0.241887E+01   0.000000E+00  -0.181347E+01   0.848056E-09   0.188795E-06  -0.713132E-08
  2456   0.847483E+02   0.242902E+01   0.000000E+00  -0.178632E+01   0.847257E-09   0.191412E-06  -0.798856E-08
  2457   0.843964E+02   0.243938E+01   0.000000E+00  -0.176043E+01   0.846458E-09   0.194533E-06  -0.887571E-08
  2458   0.840444E+02   0.244991E+01   0.000000E+00  -0.173584E+01   0.845661E-09   0.198136E-06  -0.979050E-08
  2459   0.836922E+02   0.246062E+01   0.000000E+00  -0.171253E+01   0.844864E-09   0.202200E-06  -0.107307E-07
  2460   0.833414E+02   0.247151E+01   0.000000E+00  -0.169050E+01   0.844069E-09   0.206705E-06  -0.116939E-07
  2461   0.829911E+02   0.248255E+01   0.000000E+00  -0.166975E+01   0.843275E-09   0.211629E-06  -0.126781E-07
  2462   0.826407E+02   0.249375E+01   0.000000E+00  -0.165029E+01   0.842481E-09   0.216952E-06  -0.136807E-07
  2463   0.822924E+02   0.250509E+01   0.000000E+00  -0.163211E+01   0.841689E-09   0.222652E-06  -0.146997E-07
  2464   0.819439E+02   0.251658E+01   0.000000E+00  -0.161520E+01   0.840897E-09   0.228708E-06  -0.157328E-07
  2465   0.815967E+02   0.252819E+01   0.000000E+00  -0.159957E+01   0.840107E-09   0.235100E-06  -0.167776E-07
  2466   0.812501E+02   0.253993E+01   0.000000E+00  -0.158521E+01   0.839317E-09   0.241806E-06  -0.178319E-07
  2467   0.809048E+02   0.255178E+01   0.000000E+00  -0.157212E+01   0.838528E-09   0.248805E-06  -0.188934E-07
  2468   0.805608E+02   0.256375E+01   0.000000E+00  -0.156030E+01   0.837740E-09   0.256077E-06  -0.199599E-07
  2469   0.802181E+02   0.257581E+01   0.000000E+00  -0.154973E+01   0.836954E-09   0.263599E-06  -0.210291E-07
  2470   0.798759E+02   0.258797E+01   0.000000E+00  -0.154043E+01   0.836168E-09   0.271352E-06  -0.220988E-07
  2471   0.795358E+02   0.260020E+01   0.000000E+00  -0.153236E+01   0.835383E-09   0.279313E-06  -0.231666E-07
  2472   0.791969E+02   0.261252E+01   0.000000E+00  -0.152554E+01   0.834599E-09   0.287463E-06  -0.242303E-07
  2473   0.788593E+02   0.262490E+01   0.000000E+00  -0.151996E+01   0.833816E-09   0.295780E-06  -0.252876E-07
  2474   0.785230E+02   0.263734E+01   0.000000E+00  -0.151561E+01   0.833034E-09   0.304242E-06  -0.263364E-07
  2475   0.781887E+02   0.264983E+01   0.000000E+00  -0.151249E+01   0.832253E-09   0.312830E-06  -0.273742E-07
  2476   0.778556E+02   0.266238E+01   0.000000E+00  -0.151057E+01   0.831473E-09   0.321521E-06  -0.283988E-07
  2477   0.775246E+02   0.267495E+01   0.000000E+00  -0.150986E+01   0.830693E-09   0.330295E-06  -0.294080E-07
  2478   0.771955E+02   0.268755E+01   0.000000E+00  -0.151035E+01   0.829915E-09   0.339131E-06  -0.303995E-07
  2479   0.768684E+02   0.270018E+01   0.000000E+00  -0.151202E+01   0.829138E-09   0.348008E-06  -0.313711E-07
  2480   0.765425E+02   0.271282E+01   0.000000E+00  -0.151486E+01   0.828361E-09   0.356905E-06  -0.323204E-07
  2481   0.762194E+02   0.272547E+01   0.000000E+00  -0.151886E+01   0.827586E-09   0.365800E-06  -0.332451E-07
  2482   0.758982E+02   0.273811E+01   0.000000E+00  -0.152402E+01   0.826811E-09   0.374673E-06  -0.341432E-07
  2483   0.755790E+02   0.275075E+01   0.000000E+00  -0.153031E+01   0.826037E-09   0.383502E-06  -0.350121E-07
  2484   0.752617E+02   0.276338E+01   0.000000E+00  -0.153773E+01   0.825265E-09   0.392267E-06  -0.358498E-07
  2485   0.749472E+02   0.277598E+01   0.000000E+00  -0.154627E+01   0.824493E-09   0.400947E-06  -0.366539E-07
  2486   0.746353E+02   0.278855E+01   0.000000E+00  -0.155591E+01   0.823722E-09   0.409520E-06  -0.374222E-07
  2487   0.743254E+02   0.280107E+01   0.000000E+00  -0.156664E+01   0.822952E-09   0.417966E-06  -0.381523E-07
  2488   0.740181E+02   0.281355E+01   0.000000E+00  -0.157845E+01   0.822183E-09   0.426263E-06  -0.388421E-07
  2489   0.737128E+02   0.282598E+01   0.000000E+00  -0.159133E+01   0.821415E-09   0.434390E-06  -0.394893E-07
  2490   0.734101E+02   0.283834E+01   0.000000E+00  -0.160525E+01   0.820648E-09   0.442327E-06  -0.400915E-07
  2491   0.731109E+02   0.285063E+01   0.000000E+00  -0.162020E+01   0.819881E-09   0.450052E-06  -0.406465E-07
  2492   0.728136E+02   0.286285E+01   0.000000E+00  -0.163618E+01   0.819116E-09   0.457544E-06  -0.411521E-07
  2493   0.725189E+02   0.287498E+01   0.000000E+00  -0.165316E+01   0.818352E-09   0.464783E-06  -0.416060E-07
  2494   0.722272E+02   0.288703E+01   0.000000E+00  -0.167113E+01   0.817588E-09   0.471747E-06  -0.420060E-07
  2495   0.719383E+02   0.289897E+01   0.000000E+00  -0.169006E+01   0.816825E-09   0.478415E-06  -0.423496E-07
  2496   0.716523E+02   0.291081E+01   0.000000E+00  -0.170996E+01   0.816064E-09   0.484766E-06  -0.426348E-07
  2497   0.713691E+02   0.292254E+01   0.000000E+00  -0.173078E+01   0.815303E-09   0.490780E-06  -0.428592E-07
  2498   0.710890E+02   0.293415E+01   0.000000E+00  -0.175253E+01   0.814543E-09   0.496434E-06  -0.430205E-07
  2499   0.708117E+02   0.294563E+01   0.000000E+00  -0.177518E+01   0.813784E-09   0.501709E-06  -0.431166E-07
  2500   0.705375E+02   0.295697E+01   0.000000E+00  -0.179872E+01   0.813025E-09   0.506582E-06  -0.431450E-07
  2501   0.702664E+02   0.296818E+01   0.000000E+00  -0.182312E+01   0.812268E-09   0.511039E-06  -0.431044E-07
  2502   0.699984E+02   0.297923E+01   0.000000E+00  -0.184837E+01   0.811512E-09   0.515087E-06  -0.429967E-07
  2503   0.697335E+02   0.299012E+01   0.000000E+00  -0.187446E+01   0.810756E-09   0.518739E-06  -0.428245E-07
  2504   0.694718E+02   0.300086E+01   0.000000E+00  -0.190137E+01   0.810002E-09   0.522007E-06  -0.425906E-07
  2505   0.692133E+02   0.301144E+01   0.000000E+00  -0.192908E+01   0.809248E-09   0.524905E-06  -0.422976E-07
  2506   0.689579E+02   0.302184E+01   0.000000E+00  -0.195758E+01   0.808495E-09   0.527445E-06  -0.419483E-07
  2507   0.687060E+02   0.303206E+01   0.000000E+00  -0.198683E+01   0.807744E-09   0.529640E-06  -0.415453E-07
  2508   0.684573E+02   0.304211E+01   0.000000E+00  -0.201685E+01   0.806993E-09   0.531503E-06  -0.410913E-07
  2509   0.682118E+02   0.305198E+01   0.000000E+00  -0.204759E+01   0.806242E-09   0.533047E-06  -0.405891E-07
  2510   0.679698E+02   0.306164E+01   0.000000E+00  -0.207904E+01   0.805493E-09   0.534285E-06  -0.400413E-07
  2511   0.677311E+02   0.307112E+01   0.000000E+00  -0.211120E+01   0.804745E-09   0.535230E-06  -0.394507E-07
  2512   0.674959E+02   0.308040E+01   0.000000E+00  -0.214402E+01   0.803997E-09   0.535894E-06  -0.388199E-07
  2513   0.672640E+02   0.308946E+01   0.000000E+00  -0.217751E+01   0.803251E-09   0.536290E-06  -0.381516E-07
  2514   0.670356E+02   0.309832E+01   0.000000E+00  -0.221163E+01   0.802505E-09   0.536432E-06  -0.374486E-07
  2515   0.668107E+02   0.310697E+01   0.000000E+00  -0.224638E+01   0.801760E-09   0.536332E-06  -0.367135E-07
  2516   0.665893E+02   0.311539E+01   0.000000E+00  -0.228172E+01   0.801017E-09   0.536003E-06  -0.359490E-07
  2517   0.663713E+02   0.312358E+01   0.000000E+00  -0.231764E+01   0.800274E-09   0.535458E-06  -0.351579E-07
  2518   0.661567E+02   0.313155E+01   0.000000E+00  -0.235413E+01   0.799531E-09   0.534709E-06  -0.343427E-07
  2519   0.659457E+02   0.313929E+01   0.000000E+00  -0.239115E+01   0.798790E-09   0.533770E-06  -0.335063E-07
  2520   0.657382E+02   0.314678E+01   0.000000E+00  -0.242870E+01   0.798050E-09   0.532654E-06  -0.326514E-07
  2521   0.655342E+02   0.315404E+01   0.000000E+00  -0.246674E+01   0.797310E-09   0.531373E-06  -0.317805E-07
  2522   0.653337E+02   0.316106E+01   0.000000E+00  -0.250527E+01   0.796572E-09   0.529940E-06  -0.308965E-07
  2523   0.651368E+02   0.316783E+01   0.000000E+00  -0.254425E+01   0.795834E-09   0.528369E-06  -0.300020E-07
  2524   0.649434E+02   0.317434E+01   0.000000E+00  -0.258366E+01   0.795097E-09   0.526671E-06  -0.290997E-07
  2525   0.647536E+02   0.318060E+01   0.000000E+00  -0.262349E+01   0.794361E-09   0.524860E-06  -0.281923E-07
  2526   0.645673E+02   0.318660E+01   0.000000E+00  -0.266371E+01   0.793626E-09   0.522949E-06  -0.272825E-07
  2527   0.643845E+02   0.319235E+01   0.000000E+00  -0.270431E+01   0.792892E-09   0.520950E-06  -0.263731E-07
  2528   0.642054E+02   0.319783E+01   0.000000E+00  -0.274526E+01   0.792158E-09   0.518877E-06  -0.254666E-07
  2529   0.640298E+02   0.320304E+01   0.000000E+00  -0.278652E+01   0.791426E-09   0.516742E-06  -0.245659E-07
  2530   0.638577E+02   0.320798E+01   0.000000E+00  -0.282810E+01   0.790694E-09   0.514558E-06  -0.236735E-07
  2531   0.636892E+02   0.321266E+01   0.000000E+00  -0.286997E+01   0.789963E-09   0.512338E-06  -0.227923E-07
  2532   0.635242E+02   0.321706E+01   0.000000E+00  -0.291209E+01   0.789233E-09   0.510095E-06  -0.219249E-07
  2533   0.633627E+02   0.322117E+01   0.000000E+00  -0.295445E+01   0.788504E-09   0.507842E-06  -0.210740E-07
  2534   0.632049E+02   0.322502E+01   0.000000E+00  -0.299703E+01   0.787776E-09   0.505592E-06  -0.202423E-07
  2535   0.630504E+02   0.322857E+01   0.000000E+00  -0.303981E+01   0.787049E-09   0.503357E-06  -0.194324E-07
  2536   0.628994E+02   0.323184E+01   0.000000E+00  -0.308275E+01   0.786322E-09   0.501151E-06  -0.186472E-07
  2537   0.627520E+02   0.323482E+01   0.000000E+00  -0.312586E+01   0.785597E-09   0.498985E-06  -0.178893E-07
  2538   0.626079E+02   0.323751E+01   0.000000E+00  -0.316909E+01   0.784872E-09   0.496874E-06  -0.171614E-07
  2539   0.624674E+02   0.323991E+01   0.000000E+00  -0.321243E+01   0.784148E-09   0.494830E-06  -0.164661E-07
  2540   0.623302E+02   0.324200E+01   0.000000E+00  -0.325586E+01   0.783425E-09   0.492866E-06  -0.158063E-07
  2541   0.621965E+02   0.324382E+01   0.000000E+00  -0.329935E+01   0.782703E-09   0.490994E-06  -0.151845E-07
  2542   0.620662E+02   0.324533E+01   0.000000E+00  -0.334288E+01   0.781981E-09   0.489228E-06  -0.146036E-07
  2543   0.619393E+02   0.324655E+01   0.000000E+00  -0.338643E+01   0.781261E-09   0.487581E-06  -0.140661E-07
  2544   0.618157E+02   0.324747E+01   0.000000E+00  -0.342997E+01   0.780541E-09   0.486065E-06  -0.135748E-07
  2545   0.616955E+02   0.324811E+01   0.000000E+00  -0.347349E+01   0.779822E-09   0.484693E-06  -0.131324E-07
  2546   0.615787E+02   0.324844E+01   0.000000E+00  -0.351696E+01   0.779104E-09   0.483478E-06  -0.127415E-07
  2547   0.614651E+02   0.324847E+01   0.000000E+00  -0.356036E+01   0.778387E-09   0.482433E-06  -0.124050E-07
  2548   0.613547E+02   0.324821E+01   0.000000E+00  -0.360367E+01   0.777671E-09   0.481571E-06  -0.121254E-07
  2549   0.612476E+02   0.324764E+01   0.000000E+00  -0.364686E+01   0.776956E-09   0.480904E-06  -0.119055E-07
  2550   0.611437E+02   0.324678E+01   0.000000E+00  -0.368992E+01   0.776241E-09   0.480446E-06  -0.117480E-07
  2551   0.610430E+02   0.324561E+01   0.000000E+00  -0.373282E+01   0.775527E-09   0.480205E-06  -0.116546E-07
  2552   0.609455E+02   0.324414E+01   0.000000E+00  -0.377554E+01   0.774815E-09   0.480167E-06  -0.116234E-07
  2553   0.608510E+02   0.324236E+01   0.000000E+00  -0.381807E+01   0.774103E-09   0.480314E-06  -0.116515E-07
  2554   0.607596E+02   0.324028E+01   0.000000E+00  -0.386038E+01   0.773391E-09   0.480630E-06  -0.117360E-07
  2555   0.606713E+02   0.323790E+01   0.000000E+00  -0.390246E+01   0.772681E-09   0.481095E-06  -0.118740E-07
  2556   0.605859E+02   0.323522E+01   0.000000E+00  -0.394429E+01   0.771972E-09   0.481693E-06  -0.120627E-07
  2557   0.605036E+02   0.323223E+01   0.000000E+00  -0.398585E+01   0.771263E-09   0.482405E-06  -0.122990E-07
  2558   0.604242E+02   0.322894E+01   0.000000E+00  -0.402712E+01   0.770555E-09   0.483214E-06  -0.125802E-07
  2559   0.603478E+02   0.322535E+01   0.000000E+00  -0.406810E+01   0.769848E-09   0.484101E-06  -0.129034E-07
  2560   0.602743E+02   0.322146E+01   0.000000E+00  -0.410875E+01   0.769142E-09   0.485049E-06  -0.132657E-07
  2561   0.602036E+02   0.321727E+01   0.000000E+00  -0.414905E+01   0.768437E-09   0.486039E-06  -0.136641E-07
  2562   0.601358E+02   0.321278E+01   0.000000E+00  -0.418901E+01   0.767732E-09   0.487055E-06  -0.140957E-07
  2563   0.600706E+02   0.320800E+01   0.000000E+00  -0.422859E+01   0.767028E-09   0.488079E-06  -0.145578E-07
  2564   0.600083E+02   0.320291E+01   0.000000E+00  -0.426778E+01   0.766325E-09   0.489091E-06  -0.150474E-07
  2565   0.599485E+02   0.319752E+01   0.000000E+00  -0.430656E+01   0.765623E-09   0.490075E-06  -0.155616E-07
  2566   0.598914E+02   0.319184E+01   0.000000E+00  -0.434492E+01   0.764922E-09   0.491013E-06  -0.160976E-07
  2567   0.598370E+02   0.318586E+01   0.000000E+00  -0.438283E+01   0.764221E-09   0.491886E-06  -0.166523E-07
  2568   0.597851E+02   0.317960E+01   0.000000E+00  -0.442029E+01   0.763522E-09   0.492678E-06  -0.172230E-07
  2569   0.597357E+02   0.317304E+01   0.000000E+00  -0.445728E+01   0.762823E-09   0.493370E-06  -0.178068E-07
  2570   0.596887E+02   0.316619E+01   0.000000E+00  -0.449378E+01   0.762125E-09   0.493944E-06  -0.184007E-07
  2571   0.596443E+02   0.315907E+01   0.000000E+00  -0.452978E+01   0.761427E-09   0.494382E-06  -0.190019E-07
  2572   0.596022E+02   0.315166E+01   0.000000E+00  -0.456527E+01   0.760731E-09   0.494667E-06  -0.196075E-07
  2573   0.595624E+02   0.314398E+01   0.000000E+00  -0.460022E+01   0.760035E-09   0.494781E-06  -0.202146E-07
  2574   0.595250E+02   0.313603E+01   0.000000E+00  -0.463463E+01   0.759340E-09   0.494705E-06  -0.208203E-07
  2575   0.594898E+02   0.312779E+01   0.000000E+00  -0.466848E+01   0.758646E-09   0.494423E-06  -0.214217E-07
  2576   0.594568E+02   0.311930E+01   0.000000E+00  -0.470176E+01   0.757953E-09   0.493916E-06  -0.220159E-07
  2577   0.594259E+02   0.311054E+01   0.000000E+00  -0.473445E+01   0.757260E-09   0.493166E-06  -0.226001E-07
  2578   0.593971E+02   0.310151E+01   0.000000E+00  -0.476653E+01   0.756568E-09   0.492156E-06  -0.231713E-07
  2579   0.593704E+02   0.309222E+01   0.000000E+00  -0.479800E+01   0.755877E-09   0.490867E-06  -0.237266E-07
  2580   0.593456E+02   0.308268E+01   0.000000E+00  -0.482885E+01   0.755187E-09   0.489283E-06  -0.242633E-07
  2581   0.593227E+02   0.307287E+01   0.000000E+00  -0.485905E+01   0.754498E-09   0.487384E-06  -0.247783E-07
  2582   0.593017E+02   0.306282E+01   0.000000E+00  -0.488860E+01   0.753809E-09   0.485153E-06  -0.252688E-07
  2583   0.592825E+02   0.305252E+01   0.000000E+00  -0.491747E+01   0.753121E-09   0.482572E-06  -0.257319E-07
  2584   0.592651E+02   0.304198E+01   0.000000E+00  -0.494568E+01   0.752434E-09   0.479624E-06  -0.261646E-07
  2585   0.592494E+02   0.303119E+01   0.000000E+00  -0.497319E+01   0.751747E-09   0.476291E-06  -0.265643E-07
  2586   0.592353E+02   0.302018E+01   0.000000E+00  -0.500001E+01   0.751062E-09   0.472554E-06  -0.269278E-07
  2587   0.592227E+02   0.300893E+01   0.000000E+00  -0.502611E+01   0.750377E-09   0.468396E-06  -0.272524E-07
  2588   0.592118E+02   0.299744E+01   0.000000E+00  -0.505149E+01   0.749693E-09   0.463799E-06  -0.275351E-07
  2589   0.592023E+02   0.298574E+01   0.000000E+00  -0.507613E+01   0.749009E-09   0.458745E-06  -0.277731E-07
  2590   0.591942E+02   0.297381E+01   0.000000E+00  -0.510004E+01   0.748327E-09   0.453217E-06  -0.279634E-07
  2591   0.591875E+02   0.296167E+01   0.000000E+00  -0.512318E+01   0.747645E-09   0.447196E-06  -0.281032E-07
  2592   0.591820E+02   0.294932E+01   0.000000E+00  -0.514556E+01   0.746964E-09   0.440665E-06  -0.281896E-07
  2593   0.591777E+02   0.293674E+01   0.000000E+00  -0.516716E+01   0.746283E-09   0.433605E-06  -0.282198E-07
  2594   0.591747E+02   0.292397E+01   0.000000E+00  -0.518798E+01   0.745604E-09   0.425999E-06  -0.281907E-07
  2595   0.591727E+02   0.291100E+01   0.000000E+00  -0.520801E+01   0.744925E-09   0.417830E-06  -0.280995E-07
  2596   0.591717E+02   0.289783E+01   0.000000E+00  -0.522723E+01   0.744247E-09   0.409079E-06  -0.279434E-07
  2597   0.591717E+02   0.288447E+01   0.000000E+00  -0.524565E+01   0.743569E-09   0.399728E-06  -0.277194E-07
  2598   0.591726E+02   0.287092E+01   0.000000E+00  -0.526326E+01   0.742893E-09   0.389759E-06  -0.274246E-07
  2599   0.591744E+02   0.285719E+01   0.000000E+00  -0.528004E+01   0.742217E-09   0.379156E-06  -0.270562E-07
  2600   0.591770E+02   0.284329E+01   0.000000E+00  -0.529599E+01   0.741541E-09   0.367899E-06  -0.266113E-07
  2601   0.591804E+02   0.282922E+01   0.000000E+00  -0.531111E+01   0.740867E-09   0.355980E-06  -0.260880E-07
  2602   0.591844E+02   0.281498E+01   0.000000E+00  -0.532538E+01   0.740193E-09   0.343425E-06  -0.254884E-07
  2603   0.591891E+02   0.280059E+01   0.000000E+00  -0.533882E+01   0.739520E-09   0.330270E-06  -0.248158E-07
  2604   0.591943E+02   0.278603E+01   0.000000E+00  -0.535141E+01   0.738848E-09   0.316550E-06  -0.240732E-07
  2605   0.592001E+02   0.277132E+01   0.000000E+00  -0.536314E+01   0.738176E-09   0.302301E-06  -0.232640E-07
  2606   0.592063E+02   0.275646E+01   0.000000E+00  -0.537403E+01   0.737505E-09   0.287557E-06  -0.223913E-07
  2607   0.592129E+02   0.274146E+01   0.000000E+00  -0.538405E+01   0.736835E-09   0.272355E-06  -0.214582E-07
  2608   0.592199E+02   0.272632E+01   0.000000E+00  -0.539320E+01   0.736166E-09   0.256729E-06  -0.204680E-07
  2609   0.592272E+02   0.271104E+01   0.000000E+00  -0.540149E+01   0.735497E-09   0.240716E-06  -0.194238E-07
  2610   0.592348E+02   0.269562E+01   0.000000E+00  -0.540892E+01   0.734829E-09   0.224349E-06  -0.183288E-07
  2611   0.592425E+02   0.268009E+01   0.000000E+00  -0.541548E+01   0.734162E-09   0.207666E-06  -0.171861E-07
  2612   0.592504E+02   0.266443E+01   0.000000E+00  -0.542117E+01   0.733496E-09   0.190700E-06  -0.159991E-07
  2613   0.592584E+02   0.264864E+01   0.000000E+00  -0.542600E+01   0.732830E-09   0.173488E-06  -0.147707E-07
  2614   0.592664E+02   0.263276E+01   0.000000E+00  -0.542995E+01   0.732166E-09   0.156064E-06  -0.135043E-07
  2615   0.592744E+02   0.261676E+01   0.000000E+00  -0.543304E+01   0.731502E-09   0.138465E-06  -0.122030E-07
  2616   0.592824E+02   0.260066E+01   0.000000E+00  -0.543526E+01   0.730838E-09   0.120726E-06  -0.108700E-07
  2617   0.592902E+02   0.258446E+01   0.000000E+00  -0.543662E+01   0.730176E-09   0.102881E-06  -0.950841E-08
  2618   0.592979E+02   0.256818E+01   0.000000E+00  -0.543711E+01   0.729514E-09   0.849668E-07  -0.812148E-08
  2619   0.593053E+02   0.255179E+01   0.000000E+00  -0.543674E+01   0.728853E-09   0.670181E-07  -0.671238E-08
  2620   0.593126E+02   0.253534E+01   0.000000E+00  -0.543551E+01   0.728193E-09   0.490705E-07  -0.528428E-08
  2621   0.593194E+02   0.251881E+01   0.000000E+00  -0.543342E+01   0.727534E-09   0.311594E-07  -0.384037E-08
  2622   0.593260E+02   0.250220E+01   0.000000E+00  -0.543048E+01   0.726875E-09   0.133200E-07  -0.238381E-08
  2623   0.593320E+02   0.248553E+01   0.000000E+00  -0.542669E+01   0.726217E-09  -0.441218E-08  -0.917795E-09
  2624   0.593377E+02   0.246880E+01   0.000000E+00  -0.542205E+01   0.725561E-09  -0.220018E-07   0.554496E-09
  2625   0.593428E+02   0.245201E+01   0.000000E+00  -0.541658E+01   0.724904E-09  -0.394136E-07   0.202988E-08
  2626   0.593474E+02   0.243517E+01   0.000000E+00  -0.541024E+01   0.724249E-09  -0.566121E-07   0.350519E-08
  2627   0.593514E+02   0.241828E+01   0.000000E+00  -0.540308E+01   0.723595E-09  -0.735619E-07   0.497723E-08
  2628   0.593546E+02   0.240136E+01   0.000000E+00  -0.539508E+01   0.722941E-09  -0.902277E-07   0.644283E-08
  2629   0.593572E+02   0.238440E+01   0.000000E+00  -0.538626E+01   0.722288E-09  -0.106574E-06   0.789881E-08
  2630   0.593588E+02   0.236741E+01   0.000000E+00  -0.537660E+01   0.721636E-09  -0.122566E-06   0.934198E-08
  2631   0.593598E+02   0.235038E+01   0.000000E+00  -0.536614E+01   0.720985E-09  -0.138167E-06   0.107692E-07
  2632   0.593599E+02   0.233335E+01   0.000000E+00  -0.535486E+01   0.720334E-09  -0.153343E-06   0.121772E-07
  2633   0.593591E+02   0.231630E+01   0.000000E+00  -0.534280E+01   0.719685E-09  -0.168058E-06   0.135629E-07
  2634   0.593572E+02   0.229924E+01   0.000000E+00  -0.532993E+01   0.719036E-09  -0.182277E-06   0.149230E-07
  2635   0.593545E+02   0.228219E+01   0.000000E+00  -0.531628E+01   0.718388E-09  -0.195965E-06   0.162545E-07
  2636   0.593508E+02   0.226514E+01   0.000000E+00  -0.530186E+01   0.717741E-09  -0.209085E-06   0.175541E-07
  2637   0.593460E+02   0.224811E+01   0.000000E+00  -0.528668E+01   0.717095E-09  -0.221603E-06   0.188186E-07
  2638   0.593401E+02   0.223108E+01   0.000000E+00  -0.527073E+01   0.716449E-09  -0.233483E-06   0.200448E-07
  2639   0.593330E+02   0.221408E+01   0.000000E+00  -0.525404E+01   0.715805E-09  -0.244690E-06   0.212297E-07
  2640   0.593247E+02   0.219711E+01   0.000000E+00  -0.523660E+01   0.715161E-09  -0.255189E-06   0.223699E-07
  2641   0.593153E+02   0.218016E+01   0.000000E+00  -0.521842E+01   0.714518E-09  -0.264943E-06   0.234624E-07
  2642   0.593045E+02   0.216325E+01   0.000000E+00  -0.519952E+01   0.713877E-09  -0.273919E-06   0.245039E-07
  2643   0.592924E+02   0.214638E+01   0.000000E+00  -0.517989E+01   0.713235E-09  -0.282080E-06   0.254912E-07
  2644   0.592789E+02   0.212955E+01   0.000000E+00  -0.515956E+01   0.712595E-09  -0.289391E-06   0.264212E-07
  2645   0.592639E+02   0.211278E+01   0.000000E+00  -0.513853E+01   0.711956E-09  -0.295816E-06   0.272907E-07
  2646   0.592476E+02   0.209605E+01   0.000000E+00  -0.511681E+01   0.711317E-09  -0.301321E-06   0.280966E-07
  2647   0.592298E+02   0.207940E+01   0.000000E+00  -0.509441E+01   0.710680E-09  -0.305870E-06   0.288355E-07
  2648   0.592103E+02   0.206280E+01   0.000000E+00  -0.507134E+01   0.710043E-09  -0.309428E-06   0.295045E-07
  2649   0.591894E+02   0.204628E+01   0.000000E+00  -0.504762E+01   0.709407E-09  -0.311958E-06   0.301002E-07
  2650   0.591669E+02   0.202984E+01   0.000000E+00  -0.502326E+01   0.708773E-09  -0.313427E-06   0.306194E-07
  2651   0.591428E+02   0.201347E+01   0.000000E+00  -0.499826E+01   0.708138E-09  -0.313807E-06   0.310599E-07
  2652   0.591169E+02   0.199719E+01   0.000000E+00  -0.497263E+01   0.707505E-09  -0.313112E-06   0.314225E-07
  2653   0.590894E+02   0.198100E+01   0.000000E+00  -0.494638E+01   0.706873E-09  -0.311363E-06   0.317086E-07
  2654   0.590600E+02   0.196490E+01   0.000000E+00  -0.491951E+01   0.706241E-09  -0.308583E-06   0.319199E-07
  2655   0.590290E+02   0.194889E+01   0.000000E+00  -0.489203E+01   0.705611E-09  -0.304793E-06   0.320579E-07
  2656   0.589961E+02   0.193298E+01   0.000000E+00  -0.486394E+01   0.704981E-09  -0.300015E-06   0.321244E-07
  2657   0.589613E+02   0.191718E+01   0.000000E+00  -0.483526E+01   0.704352E-09  -0.294271E-06   0.321208E-07
  2658   0.589246E+02   0.190148E+01   0.000000E+00  -0.480598E+01   0.703724E-09  -0.287583E-06   0.320488E-07
  2659   0.588861E+02   0.188589E+01   0.000000E+00  -0.477613E+01   0.703096E-09  -0.279973E-06   0.319099E-07
  2660   0.588456E+02   0.187041E+01   0.000000E+00  -0.474569E+01   0.702469E-09  -0.271464E-06   0.317058E-07
  2661   0.588032E+02   0.185505E+01   0.000000E+00  -0.471470E+01   0.701843E-09  -0.262076E-06   0.314380E-07
  2662   0.587589E+02   0.183981E+01   0.000000E+00  -0.468315E+01   0.701218E-09  -0.251832E-06   0.311081E-07
  2663   0.587126E+02   0.182470E+01   0.000000E+00  -0.465106E+01   0.700593E-09  -0.240754E-06   0.307177E-07
  2664   0.586644E+02   0.180971E+01   0.000000E+00  -0.461843E+01   0.699969E-09  -0.228864E-06   0.302685E-07
  2665   0.586141E+02   0.179485E+01   0.000000E+00  -0.458529E+01   0.699346E-09  -0.216184E-06   0.297619E-07
  2666   0.585617E+02   0.178013E+01   0.000000E+00  -0.455161E+01   0.698723E-09  -0.202735E-06   0.291997E-07
  2667   0.585074E+02   0.176554E+01   0.000000E+00  -0.451744E+01   0.698100E-09  -0.188540E-06   0.285833E-07
  2668   0.584510E+02   0.175110E+01   0.000000E+00  -0.448276E+01   0.697479E-09  -0.173621E-06   0.279144E-07
  2669   0.583925E+02   0.173680E+01   0.000000E+00  -0.444761E+01   0.696858E-09  -0.157999E-06   0.271946E-07
  2670   0.583319E+02   0.172264E+01   0.000000E+00  -0.441196E+01   0.696237E-09  -0.141697E-06   0.264254E-07
  2671   0.582692E+02   0.170863E+01   0.000000E+00  -0.437584E+01   0.695617E-09  -0.124736E-06   0.256085E-07
  2672   0.582044E+02   0.169477E+01   0.000000E+00  -0.433927E+01   0.694998E-09  -0.107139E-06   0.247454E-07
  2673   0.581375E+02   0.168107E+01   0.000000E+00  -0.430224E+01   0.694379E-09  -0.889269E-07   0.238377E-07
  2674   0.580683E+02   0.166752E+01   0.000000E+00  -0.426478E+01   0.693761E-09  -0.701223E-07   0.228871E-07
  2675   0.579970E+02   0.165413E+01   0.000000E+00  -0.422689E+01   0.693143E-09  -0.507470E-07   0.218951E-07
  2676   0.579236E+02   0.164089E+01   0.000000E+00  -0.418858E+01   0.692525E-09  -0.308229E-07   0.208633E-07
  2677   0.578479E+02   0.162783E+01   0.000000E+00  -0.414987E+01   0.691908E-09  -0.103720E-07   0.197933E-07
  2678   0.577701E+02   0.161493E+01   0.000000E+00  -0.411076E+01   0.691291E-09   0.105837E-07   0.186866E-07
  2679   0.576902E+02   0.160220E+01   0.000000E+00  -0.407128E+01   0.690675E-09   0.320224E-07   0.175450E-07
  2680   0.576079E+02   0.158964E+01   0.000000E+00  -0.403142E+01   0.690059E-09   0.539220E-07   0.163700E-07
  2681   0.575236E+02   0.157725E+01   0.000000E+00  -0.399120E+01   0.689443E-09   0.762606E-07   0.151631E-07
  2682   0.574370E+02   0.156505E+01   0.000000E+00  -0.395063E+01   0.688828E-09   0.990163E-07   0.139259E-07
  2683   0.573481E+02   0.155301E+01   0.000000E+00  -0.390973E+01   0.688213E-09   0.122167E-06   0.126602E-07
  2684   0.572571E+02   0.154115E+01   0.000000E+00  -0.386850E+01   0.687599E-09   0.145691E-06   0.113673E-07
  2685   0.571638E+02   0.152948E+01   0.000000E+00  -0.382695E+01   0.686984E-09   0.169566E-06   0.100490E-07
  2686   0.570683E+02   0.151799E+01   0.000000E+00  -0.378510E+01   0.686370E-09   0.193771E-06   0.870685E-08
  2687   0.569706E+02   0.150668E+01   0.000000E+00  -0.374297E+01   0.685756E-09   0.218282E-06   0.734239E-08
  2688   0.568706E+02   0.149555E+01   0.000000E+00  -0.370055E+01   0.685143E-09   0.243079E-06   0.595724E-08
  2689   0.567685E+02   0.148462E+01   0.000000E+00  -0.365787E+01   0.684530E-09   0.268140E-06   0.455299E-08
  2690   0.566641E+02   0.147388E+01   0.000000E+00  -0.361494E+01   0.683916E-09   0.293442E-06   0.313123E-08
  2691   0.565576E+02   0.146333E+01   0.000000E+00  -0.357177E+01   0.683303E-09   0.318963E-06   0.169355E-08
  2692   0.564489E+02   0.145297E+01   0.000000E+00  -0.352837E+01   0.682690E-09   0.344682E-06   0.241551E-09
  2693   0.563380E+02   0.144280E+01   0.000000E+00  -0.348476E+01   0.682078E-09   0.370577E-06  -0.122318E-08
  2694   0.562250E+02   0.143283E+01   0.000000E+00  -0.344096E+01   0.681465E-09   0.396625E-06  -0.269906E-08
  2695   0.561097E+02   0.142305E+01   0.000000E+00  -0.339696E+01   0.680853E-09   0.422805E-06  -0.418448E-08
  2696   0.559923E+02   0.141348E+01   0.000000E+00  -0.335278E+01   0.680241E-09   0.449094E-06  -0.567786E-08
  2697   0.558728E+02   0.140410E+01   0.000000E+00  -0.330843E+01   0.679628E-09   0.475472E-06  -0.717761E-08
  2698   0.557512E+02   0.139492E+01   0.000000E+00  -0.326393E+01   0.679016E-09   0.501915E-06  -0.868213E-08
  2699   0.556274E+02   0.138594E+01   0.000000E+00  -0.321929E+01   0.678404E-09   0.528402E-06  -0.101898E-07
  2700   0.555014E+02   0.137715E+01   0.000000E+00  -0.317451E+01   0.677792E-09   0.554911E-06  -0.116991E-07
