***************************************************************
     ______________________   __  ______  
    / __/ __/_  __/ ___/ _ | /  |/  / _ ) 
   / _// _/  / / / /__/ __ |/ /|_/ / _  | 
  /___/_/   /_/  \___/_/ |_/_/  /_/____/   V3.1 Jan26
  
***************************************************************

 EFTCAMB settings:
  EFTCAMB_feedback_level      =           1
  EFTCAMB_back_turn_on        =   1.0000000000000000E-008
  EFTCAMB_pert_turn_on        =   1.0000000000000000E-004
  EFTCAMB_GR_threshold        =   1.0000000000000000E-008
  EFTCAMB_stability_time      =   1.0000000000000000E-004
  EFTCAMB_stability_threshold =   0.0000000000000000     
  EFTCAMB_effective_w0wa      = F

 EFTCAMB stability flags:
  Math ghost stability   =  T
  Math mass stability    =  F
  Ghost stability        =  T
  Gradient stability     =  T
  Mass stability         =  F
  Mass stability rate    =  0.10000E+02
  Additional priors      =  T
  Positivity bounds      =  F
  Minkowski limit      =  F

 EFTCAMB model flags:
   EFTflag             =  2
   AltParEFTmodel      =  1

   Model               =  RPH
   Number of params    =***

   RPHwDE             =  9
   RPHkineticitymodel =  9
   RPHbraidingmodel   =  9

spline parametrization: RPHw
 number of pixels (RPHw_Spline_Pixels): 601
 null value:    -1.000000
   RPHwx1              =    0.000000
   RPHwx2              =    0.000000
   RPHwx3              =    0.000000
   RPHwx4              =    0.000000
   RPHwx5              =    0.000000
   RPHwx6              =    0.000001
   RPHwx7              =    0.000001
   RPHwx8              =    0.000002
   RPHwx9              =    0.000003
   RPHwx10             =    0.000004
   RPHwx11             =    0.000005
   RPHwx12             =    0.000007
   RPHwx13             =    0.000009
   RPHwx14             =    0.000011
   RPHwx15             =    0.000014
   RPHwx16             =    0.000017
   RPHwx17             =    0.000020
   RPHwx18             =    0.000024
   RPHwx19             =    0.000029
   RPHwx20             =    0.000033
   RPHwx21             =    0.000039
   RPHwx22             =    0.000045
   RPHwx23             =    0.000052
   RPHwx24             =    0.000059
   RPHwx25             =    0.000067
   RPHwx26             =    0.000075
   RPHwx27             =    0.000085
   RPHwx28             =    0.000095
   RPHwx29             =    0.000106
   RPHwx30             =    0.000117
   RPHwx31             =    0.000130
   RPHwx32             =    0.000143
   RPHwx33             =    0.000157
   RPHwx34             =    0.000172
   RPHwx35             =    0.000188
   RPHwx36             =    0.000205
   RPHwx37             =    0.000223
   RPHwx38             =    0.000242
   RPHwx39             =    0.000262
   RPHwx40             =    0.000283
   RPHwx41             =    0.000305
   RPHwx42             =    0.000328
   RPHwx43             =    0.000353
   RPHwx44             =    0.000378
   RPHwx45             =    0.000405
   RPHwx46             =    0.000433
   RPHwx47             =    0.000463
   RPHwx48             =    0.000493
   RPHwx49             =    0.000525
   RPHwx50             =    0.000559
   RPHwx51             =    0.000593
   RPHwx52             =    0.000630
   RPHwx53             =    0.000667
   RPHwx54             =    0.000706
   RPHwx55             =    0.000747
   RPHwx56             =    0.000789
   RPHwx57             =    0.000832
   RPHwx58             =    0.000877
   RPHwx59             =    0.000924
   RPHwx60             =    0.000973
   RPHwx61             =    0.001023
   RPHwx62             =    0.001074
   RPHwx63             =    0.001128
   RPHwx64             =    0.001183
   RPHwx65             =    0.001240
   RPHwx66             =    0.001299
   RPHwx67             =    0.001359
   RPHwx68             =    0.001422
   RPHwx69             =    0.001486
   RPHwx70             =    0.001553
   RPHwx71             =    0.001621
   RPHwx72             =    0.001691
   RPHwx73             =    0.001763
   RPHwx74             =    0.001837
   RPHwx75             =    0.001914
   RPHwx76             =    0.001992
   RPHwx77             =    0.002072
   RPHwx78             =    0.002155
   RPHwx79             =    0.002240
   RPHwx80             =    0.002327
   RPHwx81             =    0.002416
   RPHwx82             =    0.002507
   RPHwx83             =    0.002601
   RPHwx84             =    0.002697
   RPHwx85             =    0.002795
   RPHwx86             =    0.002896
   RPHwx87             =    0.002999
   RPHwx88             =    0.003104
   RPHwx89             =    0.003212
   RPHwx90             =    0.003323
   RPHwx91             =    0.003436
   RPHwx92             =    0.003551
   RPHwx93             =    0.003669
   RPHwx94             =    0.003790
   RPHwx95             =    0.003913
   RPHwx96             =    0.004039
   RPHwx97             =    0.004167
   RPHwx98             =    0.004298
   RPHwx99             =    0.004432
   RPHwx100            =    0.004569
   RPHwx101            =    0.004708
   RPHwx102            =    0.004851
   RPHwx103            =    0.004996
   RPHwx104            =    0.005144
   RPHwx105            =    0.005295
   RPHwx106            =    0.005448
   RPHwx107            =    0.005605
   RPHwx108            =    0.005765
   RPHwx109            =    0.005928
   RPHwx110            =    0.006093
   RPHwx111            =    0.006262
   RPHwx112            =    0.006434
   RPHwx113            =    0.006609
   RPHwx114            =    0.006787
   RPHwx115            =    0.006969
   RPHwx116            =    0.007153
   RPHwx117            =    0.007341
   RPHwx118            =    0.007532
   RPHwx119            =    0.007726
   RPHwx120            =    0.007924
   RPHwx121            =    0.008125
   RPHwx122            =    0.008329
   RPHwx123            =    0.008537
   RPHwx124            =    0.008748
   RPHwx125            =    0.008963
   RPHwx126            =    0.009181
   RPHwx127            =    0.009403
   RPHwx128            =    0.009628
   RPHwx129            =    0.009856
   RPHwx130            =    0.010089
   RPHwx131            =    0.010325
   RPHwx132            =    0.010564
   RPHwx133            =    0.010807
   RPHwx134            =    0.011054
   RPHwx135            =    0.011305
   RPHwx136            =    0.011560
   RPHwx137            =    0.011818
   RPHwx138            =    0.012080
   RPHwx139            =    0.012346
   RPHwx140            =    0.012616
   RPHwx141            =    0.012889
   RPHwx142            =    0.013167
   RPHwx143            =    0.013449
   RPHwx144            =    0.013734
   RPHwx145            =    0.014024
   RPHwx146            =    0.014317
   RPHwx147            =    0.014615
   RPHwx148            =    0.014917
   RPHwx149            =    0.015223
   RPHwx150            =    0.015533
   RPHwx151            =    0.015847
   RPHwx152            =    0.016166
   RPHwx153            =    0.016488
   RPHwx154            =    0.016815
   RPHwx155            =    0.017146
   RPHwx156            =    0.017482
   RPHwx157            =    0.017822
   RPHwx158            =    0.018166
   RPHwx159            =    0.018515
   RPHwx160            =    0.018868
   RPHwx161            =    0.019226
   RPHwx162            =    0.019588
   RPHwx163            =    0.019955
   RPHwx164            =    0.020326
   RPHwx165            =    0.020701
   RPHwx166            =    0.021082
   RPHwx167            =    0.021467
   RPHwx168            =    0.021856
   RPHwx169            =    0.022251
   RPHwx170            =    0.022650
   RPHwx171            =    0.023054
   RPHwx172            =    0.023462
   RPHwx173            =    0.023875
   RPHwx174            =    0.024294
   RPHwx175            =    0.024717
   RPHwx176            =    0.025145
   RPHwx177            =    0.025577
   RPHwx178            =    0.026015
   RPHwx179            =    0.026458
   RPHwx180            =    0.026906
   RPHwx181            =    0.027358
   RPHwx182            =    0.027816
   RPHwx183            =    0.028279
   RPHwx184            =    0.028747
   RPHwx185            =    0.029220
   RPHwx186            =    0.029698
   RPHwx187            =    0.030182
   RPHwx188            =    0.030671
   RPHwx189            =    0.031165
   RPHwx190            =    0.031664
   RPHwx191            =    0.032168
   RPHwx192            =    0.032678
   RPHwx193            =    0.033193
   RPHwx194            =    0.033714
   RPHwx195            =    0.034240
   RPHwx196            =    0.034771
   RPHwx197            =    0.035308
   RPHwx198            =    0.035851
   RPHwx199            =    0.036399
   RPHwx200            =    0.036952
   RPHwx201            =    0.037511
   RPHwx202            =    0.038076
   RPHwx203            =    0.038646
   RPHwx204            =    0.039222
   RPHwx205            =    0.039804
   RPHwx206            =    0.040392
   RPHwx207            =    0.040985
   RPHwx208            =    0.041584
   RPHwx209            =    0.042188
   RPHwx210            =    0.042799
   RPHwx211            =    0.043415
   RPHwx212            =    0.044038
   RPHwx213            =    0.044666
   RPHwx214            =    0.045300
   RPHwx215            =    0.045940
   RPHwx216            =    0.046587
   RPHwx217            =    0.047239
   RPHwx218            =    0.047897
   RPHwx219            =    0.048562
   RPHwx220            =    0.049232
   RPHwx221            =    0.049909
   RPHwx222            =    0.050592
   RPHwx223            =    0.051281
   RPHwx224            =    0.051976
   RPHwx225            =    0.052677
   RPHwx226            =    0.053385
   RPHwx227            =    0.054099
   RPHwx228            =    0.054820
   RPHwx229            =    0.055546
   RPHwx230            =    0.056279
   RPHwx231            =    0.057019
   RPHwx232            =    0.057765
   RPHwx233            =    0.058518
   RPHwx234            =    0.059277
   RPHwx235            =    0.060042
   RPHwx236            =    0.060814
   RPHwx237            =    0.061593
   RPHwx238            =    0.062379
   RPHwx239            =    0.063171
   RPHwx240            =    0.063969
   RPHwx241            =    0.064775
   RPHwx242            =    0.065587
   RPHwx243            =    0.066406
   RPHwx244            =    0.067231
   RPHwx245            =    0.068064
   RPHwx246            =    0.068903
   RPHwx247            =    0.069749
   RPHwx248            =    0.070602
   RPHwx249            =    0.071462
   RPHwx250            =    0.072329
   RPHwx251            =    0.073203
   RPHwx252            =    0.074084
   RPHwx253            =    0.074972
   RPHwx254            =    0.075867
   RPHwx255            =    0.076770
   RPHwx256            =    0.077679
   RPHwx257            =    0.078595
   RPHwx258            =    0.079519
   RPHwx259            =    0.080450
   RPHwx260            =    0.081388
   RPHwx261            =    0.082333
   RPHwx262            =    0.083286
   RPHwx263            =    0.084246
   RPHwx264            =    0.085213
   RPHwx265            =    0.086188
   RPHwx266            =    0.087170
   RPHwx267            =    0.088160
   RPHwx268            =    0.089156
   RPHwx269            =    0.090161
   RPHwx270            =    0.091173
   RPHwx271            =    0.092192
   RPHwx272            =    0.093220
   RPHwx273            =    0.094254
   RPHwx274            =    0.095297
   RPHwx275            =    0.096347
   RPHwx276            =    0.097404
   RPHwx277            =    0.098470
   RPHwx278            =    0.099543
   RPHwx279            =    0.100624
   RPHwx280            =    0.101712
   RPHwx281            =    0.102809
   RPHwx282            =    0.103913
   RPHwx283            =    0.105025
   RPHwx284            =    0.106146
   RPHwx285            =    0.107274
   RPHwx286            =    0.108410
   RPHwx287            =    0.109554
   RPHwx288            =    0.110706
   RPHwx289            =    0.111866
   RPHwx290            =    0.113034
   RPHwx291            =    0.114210
   RPHwx292            =    0.115395
   RPHwx293            =    0.116587
   RPHwx294            =    0.117788
   RPHwx295            =    0.118997
   RPHwx296            =    0.120214
   RPHwx297            =    0.121440
   RPHwx298            =    0.122674
   RPHwx299            =    0.123916
   RPHwx300            =    0.125166
   RPHwx301            =    0.126425
   RPHwx302            =    0.127693
   RPHwx303            =    0.128968
   RPHwx304            =    0.130253
   RPHwx305            =    0.131545
   RPHwx306            =    0.132846
   RPHwx307            =    0.134156
   RPHwx308            =    0.135475
   RPHwx309            =    0.136802
   RPHwx310            =    0.138137
   RPHwx311            =    0.139481
   RPHwx312            =    0.140834
   RPHwx313            =    0.142196
   RPHwx314            =    0.143567
   RPHwx315            =    0.144946
   RPHwx316            =    0.146334
   RPHwx317            =    0.147731
   RPHwx318            =    0.149136
   RPHwx319            =    0.150551
   RPHwx320            =    0.151974
   RPHwx321            =    0.153407
   RPHwx322            =    0.154848
   RPHwx323            =    0.156299
   RPHwx324            =    0.157758
   RPHwx325            =    0.159227
   RPHwx326            =    0.160704
   RPHwx327            =    0.162191
   RPHwx328            =    0.163687
   RPHwx329            =    0.165192
   RPHwx330            =    0.166706
   RPHwx331            =    0.168230
   RPHwx332            =    0.169762
   RPHwx333            =    0.171304
   RPHwx334            =    0.172856
   RPHwx335            =    0.174416
   RPHwx336            =    0.175986
   RPHwx337            =    0.177566
   RPHwx338            =    0.179154
   RPHwx339            =    0.180753
   RPHwx340            =    0.182360
   RPHwx341            =    0.183978
   RPHwx342            =    0.185604
   RPHwx343            =    0.187241
   RPHwx344            =    0.188887
   RPHwx345            =    0.190542
   RPHwx346            =    0.192208
   RPHwx347            =    0.193882
   RPHwx348            =    0.195567
   RPHwx349            =    0.197261
   RPHwx350            =    0.198965
   RPHwx351            =    0.200679
   RPHwx352            =    0.202403
   RPHwx353            =    0.204136
   RPHwx354            =    0.205880
   RPHwx355            =    0.207633
   RPHwx356            =    0.209396
   RPHwx357            =    0.211169
   RPHwx358            =    0.212952
   RPHwx359            =    0.214746
   RPHwx360            =    0.216549
   RPHwx361            =    0.218362
   RPHwx362            =    0.220185
   RPHwx363            =    0.222019
   RPHwx364            =    0.223862
   RPHwx365            =    0.225716
   RPHwx366            =    0.227580
   RPHwx367            =    0.229454
   RPHwx368            =    0.231339
   RPHwx369            =    0.233234
   RPHwx370            =    0.235139
   RPHwx371            =    0.237054
   RPHwx372            =    0.238980
   RPHwx373            =    0.240916
   RPHwx374            =    0.242863
   RPHwx375            =    0.244820
   RPHwx376            =    0.246787
   RPHwx377            =    0.248766
   RPHwx378            =    0.250754
   RPHwx379            =    0.252753
   RPHwx380            =    0.254763
   RPHwx381            =    0.256784
   RPHwx382            =    0.258815
   RPHwx383            =    0.260856
   RPHwx384            =    0.262909
   RPHwx385            =    0.264972
   RPHwx386            =    0.267046
   RPHwx387            =    0.269131
   RPHwx388            =    0.271227
   RPHwx389            =    0.273333
   RPHwx390            =    0.275450
   RPHwx391            =    0.277579
   RPHwx392            =    0.279718
   RPHwx393            =    0.281868
   RPHwx394            =    0.284029
   RPHwx395            =    0.286201
   RPHwx396            =    0.288384
   RPHwx397            =    0.290579
   RPHwx398            =    0.292784
   RPHwx399            =    0.295000
   RPHwx400            =    0.297228
   RPHwx401            =    0.299467
   RPHwx402            =    0.301717
   RPHwx403            =    0.303978
   RPHwx404            =    0.306251
   RPHwx405            =    0.308535
   RPHwx406            =    0.310830
   RPHwx407            =    0.313137
   RPHwx408            =    0.315454
   RPHwx409            =    0.317784
   RPHwx410            =    0.320125
   RPHwx411            =    0.322477
   RPHwx412            =    0.324841
   RPHwx413            =    0.327216
   RPHwx414            =    0.329603
   RPHwx415            =    0.332001
   RPHwx416            =    0.334411
   RPHwx417            =    0.336833
   RPHwx418            =    0.339266
   RPHwx419            =    0.341711
   RPHwx420            =    0.344168
   RPHwx421            =    0.346636
   RPHwx422            =    0.349116
   RPHwx423            =    0.351608
   RPHwx424            =    0.354112
   RPHwx425            =    0.356628
   RPHwx426            =    0.359156
   RPHwx427            =    0.361695
   RPHwx428            =    0.364247
   RPHwx429            =    0.366810
   RPHwx430            =    0.369385
   RPHwx431            =    0.371973
   RPHwx432            =    0.374572
   RPHwx433            =    0.377184
   RPHwx434            =    0.379808
   RPHwx435            =    0.382444
   RPHwx436            =    0.385092
   RPHwx437            =    0.387752
   RPHwx438            =    0.390424
   RPHwx439            =    0.393109
   RPHwx440            =    0.395806
   RPHwx441            =    0.398515
   RPHwx442            =    0.401237
   RPHwx443            =    0.403971
   RPHwx444            =    0.406717
   RPHwx445            =    0.409476
   RPHwx446            =    0.412247
   RPHwx447            =    0.415031
   RPHwx448            =    0.417827
   RPHwx449            =    0.420636
   RPHwx450            =    0.423457
   RPHwx451            =    0.426291
   RPHwx452            =    0.429137
   RPHwx453            =    0.431997
   RPHwx454            =    0.434868
   RPHwx455            =    0.437753
   RPHwx456            =    0.440650
   RPHwx457            =    0.443560
   RPHwx458            =    0.446483
   RPHwx459            =    0.449418
   RPHwx460            =    0.452367
   RPHwx461            =    0.455328
   RPHwx462            =    0.458302
   RPHwx463            =    0.461290
   RPHwx464            =    0.464290
   RPHwx465            =    0.467303
   RPHwx466            =    0.470329
   RPHwx467            =    0.473368
   RPHwx468            =    0.476420
   RPHwx469            =    0.479485
   RPHwx470            =    0.482564
   RPHwx471            =    0.485655
   RPHwx472            =    0.488760
   RPHwx473            =    0.491878
   RPHwx474            =    0.495009
   RPHwx475            =    0.498153
   RPHwx476            =    0.501311
   RPHwx477            =    0.504482
   RPHwx478            =    0.507666
   RPHwx479            =    0.510864
   RPHwx480            =    0.514075
   RPHwx481            =    0.517299
   RPHwx482            =    0.520537
   RPHwx483            =    0.523789
   RPHwx484            =    0.527054
   RPHwx485            =    0.530332
   RPHwx486            =    0.533624
   RPHwx487            =    0.536930
   RPHwx488            =    0.540249
   RPHwx489            =    0.543582
   RPHwx490            =    0.546929
   RPHwx491            =    0.550289
   RPHwx492            =    0.553664
   RPHwx493            =    0.557051
   RPHwx494            =    0.560453
   RPHwx495            =    0.563868
   RPHwx496            =    0.567298
   RPHwx497            =    0.570741
   RPHwx498            =    0.574198
   RPHwx499            =    0.577669
   RPHwx500            =    0.581154
   RPHwx501            =    0.584653
   RPHwx502            =    0.588166
   RPHwx503            =    0.591693
   RPHwx504            =    0.595234
   RPHwx505            =    0.598789
   RPHwx506            =    0.602359
   RPHwx507            =    0.605942
   RPHwx508            =    0.609540
   RPHwx509            =    0.613152
   RPHwx510            =    0.616778
   RPHwx511            =    0.620418
   RPHwx512            =    0.624073
   RPHwx513            =    0.627742
   RPHwx514            =    0.631425
   RPHwx515            =    0.635123
   RPHwx516            =    0.638835
   RPHwx517            =    0.642562
   RPHwx518            =    0.646303
   RPHwx519            =    0.650058
   RPHwx520            =    0.653828
   RPHwx521            =    0.657613
   RPHwx522            =    0.661412
   RPHwx523            =    0.665226
   RPHwx524            =    0.669054
   RPHwx525            =    0.672897
   RPHwx526            =    0.676755
   RPHwx527            =    0.680628
   RPHwx528            =    0.684515
   RPHwx529            =    0.688417
   RPHwx530            =    0.692334
   RPHwx531            =    0.696265
   RPHwx532            =    0.700212
   RPHwx533            =    0.704173
   RPHwx534            =    0.708150
   RPHwx535            =    0.712141
   RPHwx536            =    0.716147
   RPHwx537            =    0.720168
   RPHwx538            =    0.724204
   RPHwx539            =    0.728256
   RPHwx540            =    0.732322
   RPHwx541            =    0.736404
   RPHwx542            =    0.740500
   RPHwx543            =    0.744612
   RPHwx544            =    0.748739
   RPHwx545            =    0.752881
   RPHwx546            =    0.757038
   RPHwx547            =    0.761211
   RPHwx548            =    0.765399
   RPHwx549            =    0.769603
   RPHwx550            =    0.773821
   RPHwx551            =    0.778055
   RPHwx552            =    0.782305
   RPHwx553            =    0.786570
   RPHwx554            =    0.790850
   RPHwx555            =    0.795146
   RPHwx556            =    0.799458
   RPHwx557            =    0.803785
   RPHwx558            =    0.808127
   RPHwx559            =    0.812485
   RPHwx560            =    0.816859
   RPHwx561            =    0.821249
   RPHwx562            =    0.825654
   RPHwx563            =    0.830075
   RPHwx564            =    0.834512
   RPHwx565            =    0.838964
   RPHwx566            =    0.843432
   RPHwx567            =    0.847917
   RPHwx568            =    0.852417
   RPHwx569            =    0.856932
   RPHwx570            =    0.861464
   RPHwx571            =    0.866012
   RPHwx572            =    0.870576
   RPHwx573            =    0.875155
   RPHwx574            =    0.879751
   RPHwx575            =    0.884363
   RPHwx576            =    0.888991
   RPHwx577            =    0.893635
   RPHwx578            =    0.898295
   RPHwx579            =    0.902972
   RPHwx580            =    0.907664
   RPHwx581            =    0.912373
   RPHwx582            =    0.917098
   RPHwx583            =    0.921839
   RPHwx584            =    0.926597
   RPHwx585            =    0.931371
   RPHwx586            =    0.936161
   RPHwx587            =    0.940968
   RPHwx588            =    0.945791
   RPHwx589            =    0.950631
   RPHwx590            =    0.955487
   RPHwx591            =    0.960360
   RPHwx592            =    0.965249
   RPHwx593            =    0.970154
   RPHwx594            =    0.975077
   RPHwx595            =    0.980016
   RPHwx596            =    0.984971
   RPHwx597            =    0.989944
   RPHwx598            =    0.994933
   RPHwx599            =    0.999938
   RPHwx600            =    1.004961
   RPHwx601            =    1.010000
   RPHwv1              =   -1.000000
   RPHwv2              =   -1.000000
   RPHwv3              =   -1.000000
   RPHwv4              =   -1.000001
   RPHwv5              =   -1.000001
   RPHwv6              =   -1.000002
   RPHwv7              =   -1.000004
   RPHwv8              =   -1.000006
   RPHwv9              =   -1.000008
   RPHwv10             =   -1.000011
   RPHwv11             =   -1.000015
   RPHwv12             =   -1.000019
   RPHwv13             =   -1.000024
   RPHwv14             =   -1.000029
   RPHwv15             =   -1.000036
   RPHwv16             =   -1.000043
   RPHwv17             =   -1.000050
   RPHwv18             =   -1.000059
   RPHwv19             =   -1.000068
   RPHwv20             =   -1.000078
   RPHwv21             =   -1.000089
   RPHwv22             =   -1.000101
   RPHwv23             =   -1.000113
   RPHwv24             =   -1.000127
   RPHwv25             =   -1.000141
   RPHwv26             =   -1.000157
   RPHwv27             =   -1.000173
   RPHwv28             =   -1.000191
   RPHwv29             =   -1.000209
   RPHwv30             =   -1.000228
   RPHwv31             =   -1.000249
   RPHwv32             =   -1.000270
   RPHwv33             =   -1.000293
   RPHwv34             =   -1.000316
   RPHwv35             =   -1.000341
   RPHwv36             =   -1.000367
   RPHwv37             =   -1.000394
   RPHwv38             =   -1.000422
   RPHwv39             =   -1.000451
   RPHwv40             =   -1.000481
   RPHwv41             =   -1.000513
   RPHwv42             =   -1.000546
   RPHwv43             =   -1.000579
   RPHwv44             =   -1.000614
   RPHwv45             =   -1.000651
   RPHwv46             =   -1.000688
   RPHwv47             =   -1.000727
   RPHwv48             =   -1.000767
   RPHwv49             =   -1.000808
   RPHwv50             =   -1.000850
   RPHwv51             =   -1.000894
   RPHwv52             =   -1.000939
   RPHwv53             =   -1.000985
   RPHwv54             =   -1.001032
   RPHwv55             =   -1.001080
   RPHwv56             =   -1.001130
   RPHwv57             =   -1.001181
   RPHwv58             =   -1.001234
   RPHwv59             =   -1.001287
   RPHwv60             =   -1.001342
   RPHwv61             =   -1.001398
   RPHwv62             =   -1.001455
   RPHwv63             =   -1.001514
   RPHwv64             =   -1.001574
   RPHwv65             =   -1.001635
   RPHwv66             =   -1.001697
   RPHwv67             =   -1.001761
   RPHwv68             =   -1.001826
   RPHwv69             =   -1.001892
   RPHwv70             =   -1.001959
   RPHwv71             =   -1.002028
   RPHwv72             =   -1.002098
   RPHwv73             =   -1.002169
   RPHwv74             =   -1.002241
   RPHwv75             =   -1.002315
   RPHwv76             =   -1.002389
   RPHwv77             =   -1.002465
   RPHwv78             =   -1.002542
   RPHwv79             =   -1.002621
   RPHwv80             =   -1.002700
   RPHwv81             =   -1.002781
   RPHwv82             =   -1.002863
   RPHwv83             =   -1.002946
   RPHwv84             =   -1.003031
   RPHwv85             =   -1.003116
   RPHwv86             =   -1.003203
   RPHwv87             =   -1.003291
   RPHwv88             =   -1.003380
   RPHwv89             =   -1.003470
   RPHwv90             =   -1.003561
   RPHwv91             =   -1.003654
   RPHwv92             =   -1.003747
   RPHwv93             =   -1.003842
   RPHwv94             =   -1.003938
   RPHwv95             =   -1.004034
   RPHwv96             =   -1.004132
   RPHwv97             =   -1.004231
   RPHwv98             =   -1.004331
   RPHwv99             =   -1.004432
   RPHwv100            =   -1.004534
   RPHwv101            =   -1.004638
   RPHwv102            =   -1.004742
   RPHwv103            =   -1.004847
   RPHwv104            =   -1.004953
   RPHwv105            =   -1.005060
   RPHwv106            =   -1.005168
   RPHwv107            =   -1.005278
   RPHwv108            =   -1.005388
   RPHwv109            =   -1.005499
   RPHwv110            =   -1.005611
   RPHwv111            =   -1.005723
   RPHwv112            =   -1.005837
   RPHwv113            =   -1.005952
   RPHwv114            =   -1.006067
   RPHwv115            =   -1.006184
   RPHwv116            =   -1.006301
   RPHwv117            =   -1.006419
   RPHwv118            =   -1.006538
   RPHwv119            =   -1.006658
   RPHwv120            =   -1.006778
   RPHwv121            =   -1.006899
   RPHwv122            =   -1.007021
   RPHwv123            =   -1.007144
   RPHwv124            =   -1.007268
   RPHwv125            =   -1.007392
   RPHwv126            =   -1.007517
   RPHwv127            =   -1.007643
   RPHwv128            =   -1.007769
   RPHwv129            =   -1.007896
   RPHwv130            =   -1.008024
   RPHwv131            =   -1.008152
   RPHwv132            =   -1.008281
   RPHwv133            =   -1.008410
   RPHwv134            =   -1.008540
   RPHwv135            =   -1.008671
   RPHwv136            =   -1.008802
   RPHwv137            =   -1.008934
   RPHwv138            =   -1.009066
   RPHwv139            =   -1.009199
   RPHwv140            =   -1.009332
   RPHwv141            =   -1.009465
   RPHwv142            =   -1.009599
   RPHwv143            =   -1.009734
   RPHwv144            =   -1.009869
   RPHwv145            =   -1.010004
   RPHwv146            =   -1.010140
   RPHwv147            =   -1.010276
   RPHwv148            =   -1.010412
   RPHwv149            =   -1.010549
   RPHwv150            =   -1.010686
   RPHwv151            =   -1.010823
   RPHwv152            =   -1.010961
   RPHwv153            =   -1.011098
   RPHwv154            =   -1.011236
   RPHwv155            =   -1.011374
   RPHwv156            =   -1.011513
   RPHwv157            =   -1.011651
   RPHwv158            =   -1.011790
   RPHwv159            =   -1.011929
   RPHwv160            =   -1.012067
   RPHwv161            =   -1.012206
   RPHwv162            =   -1.012345
   RPHwv163            =   -1.012484
   RPHwv164            =   -1.012624
   RPHwv165            =   -1.012763
   RPHwv166            =   -1.012902
   RPHwv167            =   -1.013041
   RPHwv168            =   -1.013180
   RPHwv169            =   -1.013318
   RPHwv170            =   -1.013457
   RPHwv171            =   -1.013596
   RPHwv172            =   -1.013734
   RPHwv173            =   -1.013872
   RPHwv174            =   -1.014010
   RPHwv175            =   -1.014148
   RPHwv176            =   -1.014286
   RPHwv177            =   -1.014423
   RPHwv178            =   -1.014560
   RPHwv179            =   -1.014697
   RPHwv180            =   -1.014834
   RPHwv181            =   -1.014970
   RPHwv182            =   -1.015105
   RPHwv183            =   -1.015241
   RPHwv184            =   -1.015376
   RPHwv185            =   -1.015510
   RPHwv186            =   -1.015644
   RPHwv187            =   -1.015777
   RPHwv188            =   -1.015910
   RPHwv189            =   -1.016043
   RPHwv190            =   -1.016175
   RPHwv191            =   -1.016306
   RPHwv192            =   -1.016437
   RPHwv193            =   -1.016567
   RPHwv194            =   -1.016696
   RPHwv195            =   -1.016825
   RPHwv196            =   -1.016953
   RPHwv197            =   -1.017080
   RPHwv198            =   -1.017207
   RPHwv199            =   -1.017332
   RPHwv200            =   -1.017457
   RPHwv201            =   -1.017581
   RPHwv202            =   -1.017705
   RPHwv203            =   -1.017827
   RPHwv204            =   -1.017948
   RPHwv205            =   -1.018069
   RPHwv206            =   -1.018189
   RPHwv207            =   -1.018307
   RPHwv208            =   -1.018425
   RPHwv209            =   -1.018541
   RPHwv210            =   -1.018657
   RPHwv211            =   -1.018771
   RPHwv212            =   -1.018885
   RPHwv213            =   -1.018997
   RPHwv214            =   -1.019108
   RPHwv215            =   -1.019218
   RPHwv216            =   -1.019326
   RPHwv217            =   -1.019434
   RPHwv218            =   -1.019540
   RPHwv219            =   -1.019645
   RPHwv220            =   -1.019748
   RPHwv221            =   -1.019850
   RPHwv222            =   -1.019951
   RPHwv223            =   -1.020051
   RPHwv224            =   -1.020149
   RPHwv225            =   -1.020245
   RPHwv226            =   -1.020340
   RPHwv227            =   -1.020434
   RPHwv228            =   -1.020526
   RPHwv229            =   -1.020616
   RPHwv230            =   -1.020705
   RPHwv231            =   -1.020793
   RPHwv232            =   -1.020878
   RPHwv233            =   -1.020962
   RPHwv234            =   -1.021045
   RPHwv235            =   -1.021125
   RPHwv236            =   -1.021204
   RPHwv237            =   -1.021281
   RPHwv238            =   -1.021356
   RPHwv239            =   -1.021430
   RPHwv240            =   -1.021502
   RPHwv241            =   -1.021571
   RPHwv242            =   -1.021639
   RPHwv243            =   -1.021705
   RPHwv244            =   -1.021769
   RPHwv245            =   -1.021831
   RPHwv246            =   -1.021891
   RPHwv247            =   -1.021949
   RPHwv248            =   -1.022004
   RPHwv249            =   -1.022058
   RPHwv250            =   -1.022110
   RPHwv251            =   -1.022159
   RPHwv252            =   -1.022206
   RPHwv253            =   -1.022251
   RPHwv254            =   -1.022294
   RPHwv255            =   -1.022334
   RPHwv256            =   -1.022373
   RPHwv257            =   -1.022408
   RPHwv258            =   -1.022442
   RPHwv259            =   -1.022473
   RPHwv260            =   -1.022502
   RPHwv261            =   -1.022528
   RPHwv262            =   -1.022552
   RPHwv263            =   -1.022573
   RPHwv264            =   -1.022592
   RPHwv265            =   -1.022608
   RPHwv266            =   -1.022622
   RPHwv267            =   -1.022633
   RPHwv268            =   -1.022642
   RPHwv269            =   -1.022648
   RPHwv270            =   -1.022651
   RPHwv271            =   -1.022651
   RPHwv272            =   -1.022649
   RPHwv273            =   -1.022644
   RPHwv274            =   -1.022636
   RPHwv275            =   -1.022625
   RPHwv276            =   -1.022612
   RPHwv277            =   -1.022596
   RPHwv278            =   -1.022576
   RPHwv279            =   -1.022554
   RPHwv280            =   -1.022529
   RPHwv281            =   -1.022501
   RPHwv282            =   -1.022470
   RPHwv283            =   -1.022436
   RPHwv284            =   -1.022399
   RPHwv285            =   -1.022358
   RPHwv286            =   -1.022315
   RPHwv287            =   -1.022269
   RPHwv288            =   -1.022219
   RPHwv289            =   -1.022166
   RPHwv290            =   -1.022110
   RPHwv291            =   -1.022051
   RPHwv292            =   -1.021989
   RPHwv293            =   -1.021923
   RPHwv294            =   -1.021854
   RPHwv295            =   -1.021781
   RPHwv296            =   -1.021706
   RPHwv297            =   -1.021627
   RPHwv298            =   -1.021544
   RPHwv299            =   -1.021458
   RPHwv300            =   -1.021369
   RPHwv301            =   -1.021276
   RPHwv302            =   -1.021180
   RPHwv303            =   -1.021080
   RPHwv304            =   -1.020977
   RPHwv305            =   -1.020870
   RPHwv306            =   -1.020759
   RPHwv307            =   -1.020645
   RPHwv308            =   -1.020527
   RPHwv309            =   -1.020406
   RPHwv310            =   -1.020281
   RPHwv311            =   -1.020153
   RPHwv312            =   -1.020020
   RPHwv313            =   -1.019884
   RPHwv314            =   -1.019744
   RPHwv315            =   -1.019601
   RPHwv316            =   -1.019453
   RPHwv317            =   -1.019302
   RPHwv318            =   -1.019147
   RPHwv319            =   -1.018989
   RPHwv320            =   -1.018826
   RPHwv321            =   -1.018660
   RPHwv322            =   -1.018489
   RPHwv323            =   -1.018315
   RPHwv324            =   -1.018137
   RPHwv325            =   -1.017955
   RPHwv326            =   -1.017769
   RPHwv327            =   -1.017579
   RPHwv328            =   -1.017386
   RPHwv329            =   -1.017188
   RPHwv330            =   -1.016986
   RPHwv331            =   -1.016780
   RPHwv332            =   -1.016571
   RPHwv333            =   -1.016357
   RPHwv334            =   -1.016139
   RPHwv335            =   -1.015917
   RPHwv336            =   -1.015691
   RPHwv337            =   -1.015462
   RPHwv338            =   -1.015228
   RPHwv339            =   -1.014990
   RPHwv340            =   -1.014748
   RPHwv341            =   -1.014501
   RPHwv342            =   -1.014251
   RPHwv343            =   -1.013997
   RPHwv344            =   -1.013738
   RPHwv345            =   -1.013476
   RPHwv346            =   -1.013209
   RPHwv347            =   -1.012939
   RPHwv348            =   -1.012664
   RPHwv349            =   -1.012385
   RPHwv350            =   -1.012102
   RPHwv351            =   -1.011815
   RPHwv352            =   -1.011524
   RPHwv353            =   -1.011229
   RPHwv354            =   -1.010930
   RPHwv355            =   -1.010626
   RPHwv356            =   -1.010319
   RPHwv357            =   -1.010008
   RPHwv358            =   -1.009692
   RPHwv359            =   -1.009373
   RPHwv360            =   -1.009049
   RPHwv361            =   -1.008721
   RPHwv362            =   -1.008390
   RPHwv363            =   -1.008054
   RPHwv364            =   -1.007714
   RPHwv365            =   -1.007371
   RPHwv366            =   -1.007023
   RPHwv367            =   -1.006672
   RPHwv368            =   -1.006316
   RPHwv369            =   -1.005957
   RPHwv370            =   -1.005593
   RPHwv371            =   -1.005226
   RPHwv372            =   -1.004855
   RPHwv373            =   -1.004480
   RPHwv374            =   -1.004102
   RPHwv375            =   -1.003719
   RPHwv376            =   -1.003333
   RPHwv377            =   -1.002943
   RPHwv378            =   -1.002549
   RPHwv379            =   -1.002151
   RPHwv380            =   -1.001750
   RPHwv381            =   -1.001346
   RPHwv382            =   -1.000937
   RPHwv383            =   -1.000525
   RPHwv384            =   -1.000110
   RPHwv385            =   -0.999691
   RPHwv386            =   -0.999268
   RPHwv387            =   -0.998842
   RPHwv388            =   -0.998413
   RPHwv389            =   -0.997980
   RPHwv390            =   -0.997544
   RPHwv391            =   -0.997104
   RPHwv392            =   -0.996662
   RPHwv393            =   -0.996216
   RPHwv394            =   -0.995767
   RPHwv395            =   -0.995314
   RPHwv396            =   -0.994859
   RPHwv397            =   -0.994401
   RPHwv398            =   -0.993939
   RPHwv399            =   -0.993475
   RPHwv400            =   -0.993008
   RPHwv401            =   -0.992537
   RPHwv402            =   -0.992065
   RPHwv403            =   -0.991589
   RPHwv404            =   -0.991110
   RPHwv405            =   -0.990629
   RPHwv406            =   -0.990146
   RPHwv407            =   -0.989659
   RPHwv408            =   -0.989171
   RPHwv409            =   -0.988679
   RPHwv410            =   -0.988186
   RPHwv411            =   -0.987690
   RPHwv412            =   -0.987192
   RPHwv413            =   -0.986691
   RPHwv414            =   -0.986189
   RPHwv415            =   -0.985684
   RPHwv416            =   -0.985178
   RPHwv417            =   -0.984669
   RPHwv418            =   -0.984159
   RPHwv419            =   -0.983646
   RPHwv420            =   -0.983132
   RPHwv421            =   -0.982616
   RPHwv422            =   -0.982099
   RPHwv423            =   -0.981580
   RPHwv424            =   -0.981059
   RPHwv425            =   -0.980537
   RPHwv426            =   -0.980014
   RPHwv427            =   -0.979489
   RPHwv428            =   -0.978963
   RPHwv429            =   -0.978436
   RPHwv430            =   -0.977908
   RPHwv431            =   -0.977378
   RPHwv432            =   -0.976848
   RPHwv433            =   -0.976317
   RPHwv434            =   -0.975785
   RPHwv435            =   -0.975252
   RPHwv436            =   -0.974719
   RPHwv437            =   -0.974185
   RPHwv438            =   -0.973650
   RPHwv439            =   -0.973115
   RPHwv440            =   -0.972580
   RPHwv441            =   -0.972044
   RPHwv442            =   -0.971509
   RPHwv443            =   -0.970972
   RPHwv444            =   -0.970436
   RPHwv445            =   -0.969900
   RPHwv446            =   -0.969364
   RPHwv447            =   -0.968828
   RPHwv448            =   -0.968292
   RPHwv449            =   -0.967756
   RPHwv450            =   -0.967221
   RPHwv451            =   -0.966686
   RPHwv452            =   -0.966152
   RPHwv453            =   -0.965618
   RPHwv454            =   -0.965085
   RPHwv455            =   -0.964552
   RPHwv456            =   -0.964020
   RPHwv457            =   -0.963490
   RPHwv458            =   -0.962959
   RPHwv459            =   -0.962430
   RPHwv460            =   -0.961902
   RPHwv461            =   -0.961375
   RPHwv462            =   -0.960849
   RPHwv463            =   -0.960325
   RPHwv464            =   -0.959802
   RPHwv465            =   -0.959280
   RPHwv466            =   -0.958759
   RPHwv467            =   -0.958240
   RPHwv468            =   -0.957722
   RPHwv469            =   -0.957206
   RPHwv470            =   -0.956692
   RPHwv471            =   -0.956179
   RPHwv472            =   -0.955669
   RPHwv473            =   -0.955160
   RPHwv474            =   -0.954653
   RPHwv475            =   -0.954147
   RPHwv476            =   -0.953644
   RPHwv477            =   -0.953143
   RPHwv478            =   -0.952644
   RPHwv479            =   -0.952147
   RPHwv480            =   -0.951652
   RPHwv481            =   -0.951160
   RPHwv482            =   -0.950670
   RPHwv483            =   -0.950182
   RPHwv484            =   -0.949696
   RPHwv485            =   -0.949213
   RPHwv486            =   -0.948732
   RPHwv487            =   -0.948254
   RPHwv488            =   -0.947778
   RPHwv489            =   -0.947305
   RPHwv490            =   -0.946834
   RPHwv491            =   -0.946366
   RPHwv492            =   -0.945901
   RPHwv493            =   -0.945438
   RPHwv494            =   -0.944979
   RPHwv495            =   -0.944521
   RPHwv496            =   -0.944067
   RPHwv497            =   -0.943615
   RPHwv498            =   -0.943166
   RPHwv499            =   -0.942720
   RPHwv500            =   -0.942277
   RPHwv501            =   -0.941837
   RPHwv502            =   -0.941399
   RPHwv503            =   -0.940965
   RPHwv504            =   -0.940533
   RPHwv505            =   -0.940104
   RPHwv506            =   -0.939678
   RPHwv507            =   -0.939255
   RPHwv508            =   -0.938835
   RPHwv509            =   -0.938418
   RPHwv510            =   -0.938004
   RPHwv511            =   -0.937592
   RPHwv512            =   -0.937184
   RPHwv513            =   -0.936779
   RPHwv514            =   -0.936376
   RPHwv515            =   -0.935976
   RPHwv516            =   -0.935580
   RPHwv517            =   -0.935186
   RPHwv518            =   -0.934795
   RPHwv519            =   -0.934407
   RPHwv520            =   -0.934021
   RPHwv521            =   -0.933639
   RPHwv522            =   -0.933259
   RPHwv523            =   -0.932883
   RPHwv524            =   -0.932509
   RPHwv525            =   -0.932137
   RPHwv526            =   -0.931769
   RPHwv527            =   -0.931403
   RPHwv528            =   -0.931040
   RPHwv529            =   -0.930679
   RPHwv530            =   -0.930321
   RPHwv531            =   -0.929966
   RPHwv532            =   -0.929613
   RPHwv533            =   -0.929263
   RPHwv534            =   -0.928915
   RPHwv535            =   -0.928570
   RPHwv536            =   -0.928227
   RPHwv537            =   -0.927887
   RPHwv538            =   -0.927548
   RPHwv539            =   -0.927212
   RPHwv540            =   -0.926879
   RPHwv541            =   -0.926547
   RPHwv542            =   -0.926218
   RPHwv543            =   -0.925891
   RPHwv544            =   -0.925565
   RPHwv545            =   -0.925242
   RPHwv546            =   -0.924921
   RPHwv547            =   -0.924602
   RPHwv548            =   -0.924284
   RPHwv549            =   -0.923968
   RPHwv550            =   -0.923654
   RPHwv551            =   -0.923342
   RPHwv552            =   -0.923031
   RPHwv553            =   -0.922722
   RPHwv554            =   -0.922415
   RPHwv555            =   -0.922109
   RPHwv556            =   -0.921804
   RPHwv557            =   -0.921500
   RPHwv558            =   -0.921198
   RPHwv559            =   -0.920897
   RPHwv560            =   -0.920597
   RPHwv561            =   -0.920298
   RPHwv562            =   -0.920000
   RPHwv563            =   -0.919703
   RPHwv564            =   -0.919407
   RPHwv565            =   -0.919112
   RPHwv566            =   -0.918817
   RPHwv567            =   -0.918524
   RPHwv568            =   -0.918230
   RPHwv569            =   -0.917937
   RPHwv570            =   -0.917645
   RPHwv571            =   -0.917353
   RPHwv572            =   -0.917061
   RPHwv573            =   -0.916770
   RPHwv574            =   -0.916478
   RPHwv575            =   -0.916187
   RPHwv576            =   -0.915895
   RPHwv577            =   -0.915604
   RPHwv578            =   -0.915312
   RPHwv579            =   -0.915020
   RPHwv580            =   -0.914728
   RPHwv581            =   -0.914435
   RPHwv582            =   -0.914142
   RPHwv583            =   -0.913849
   RPHwv584            =   -0.913554
   RPHwv585            =   -0.913259
   RPHwv586            =   -0.912963
   RPHwv587            =   -0.912667
   RPHwv588            =   -0.912369
   RPHwv589            =   -0.912070
   RPHwv590            =   -0.911770
   RPHwv591            =   -0.911469
   RPHwv592            =   -0.911167
   RPHwv593            =   -0.910863
   RPHwv594            =   -0.910558
   RPHwv595            =   -0.910251
   RPHwv596            =   -0.909942
   RPHwv597            =   -0.909632
   RPHwv598            =   -0.909320
   RPHwv599            =   -0.909006
   RPHwv600            =   -0.908690
   RPHwv601            =   -0.908372
spline parametrization: RPHkineticity
 number of pixels (RPHkineticity_Spline_Pixels): 601
 null value:     0.000000
   RPHkineticityx1     =    0.000000
   RPHkineticityx2     =    0.000000
   RPHkineticityx3     =    0.000000
   RPHkineticityx4     =    0.000000
   RPHkineticityx5     =    0.000000
   RPHkineticityx6     =    0.000001
   RPHkineticityx7     =    0.000001
   RPHkineticityx8     =    0.000002
   RPHkineticityx9     =    0.000003
   RPHkineticityx10    =    0.000004
   RPHkineticityx11    =    0.000005
   RPHkineticityx12    =    0.000007
   RPHkineticityx13    =    0.000009
   RPHkineticityx14    =    0.000011
   RPHkineticityx15    =    0.000014
   RPHkineticityx16    =    0.000017
   RPHkineticityx17    =    0.000020
   RPHkineticityx18    =    0.000024
   RPHkineticityx19    =    0.000029
   RPHkineticityx20    =    0.000033
   RPHkineticityx21    =    0.000039
   RPHkineticityx22    =    0.000045
   RPHkineticityx23    =    0.000052
   RPHkineticityx24    =    0.000059
   RPHkineticityx25    =    0.000067
   RPHkineticityx26    =    0.000075
   RPHkineticityx27    =    0.000085
   RPHkineticityx28    =    0.000095
   RPHkineticityx29    =    0.000106
   RPHkineticityx30    =    0.000117
   RPHkineticityx31    =    0.000130
   RPHkineticityx32    =    0.000143
   RPHkineticityx33    =    0.000157
   RPHkineticityx34    =    0.000172
   RPHkineticityx35    =    0.000188
   RPHkineticityx36    =    0.000205
   RPHkineticityx37    =    0.000223
   RPHkineticityx38    =    0.000242
   RPHkineticityx39    =    0.000262
   RPHkineticityx40    =    0.000283
   RPHkineticityx41    =    0.000305
   RPHkineticityx42    =    0.000328
   RPHkineticityx43    =    0.000353
   RPHkineticityx44    =    0.000378
   RPHkineticityx45    =    0.000405
   RPHkineticityx46    =    0.000433
   RPHkineticityx47    =    0.000463
   RPHkineticityx48    =    0.000493
   RPHkineticityx49    =    0.000525
   RPHkineticityx50    =    0.000559
   RPHkineticityx51    =    0.000593
   RPHkineticityx52    =    0.000630
   RPHkineticityx53    =    0.000667
   RPHkineticityx54    =    0.000706
   RPHkineticityx55    =    0.000747
   RPHkineticityx56    =    0.000789
   RPHkineticityx57    =    0.000832
   RPHkineticityx58    =    0.000877
   RPHkineticityx59    =    0.000924
   RPHkineticityx60    =    0.000973
   RPHkineticityx61    =    0.001023
   RPHkineticityx62    =    0.001074
   RPHkineticityx63    =    0.001128
   RPHkineticityx64    =    0.001183
   RPHkineticityx65    =    0.001240
   RPHkineticityx66    =    0.001299
   RPHkineticityx67    =    0.001359
   RPHkineticityx68    =    0.001422
   RPHkineticityx69    =    0.001486
   RPHkineticityx70    =    0.001553
   RPHkineticityx71    =    0.001621
   RPHkineticityx72    =    0.001691
   RPHkineticityx73    =    0.001763
   RPHkineticityx74    =    0.001837
   RPHkineticityx75    =    0.001914
   RPHkineticityx76    =    0.001992
   RPHkineticityx77    =    0.002072
   RPHkineticityx78    =    0.002155
   RPHkineticityx79    =    0.002240
   RPHkineticityx80    =    0.002327
   RPHkineticityx81    =    0.002416
   RPHkineticityx82    =    0.002507
   RPHkineticityx83    =    0.002601
   RPHkineticityx84    =    0.002697
   RPHkineticityx85    =    0.002795
   RPHkineticityx86    =    0.002896
   RPHkineticityx87    =    0.002999
   RPHkineticityx88    =    0.003104
   RPHkineticityx89    =    0.003212
   RPHkineticityx90    =    0.003323
   RPHkineticityx91    =    0.003436
   RPHkineticityx92    =    0.003551
   RPHkineticityx93    =    0.003669
   RPHkineticityx94    =    0.003790
   RPHkineticityx95    =    0.003913
   RPHkineticityx96    =    0.004039
   RPHkineticityx97    =    0.004167
   RPHkineticityx98    =    0.004298
   RPHkineticityx99    =    0.004432
   RPHkineticityx100   =    0.004569
   RPHkineticityx101   =    0.004708
   RPHkineticityx102   =    0.004851
   RPHkineticityx103   =    0.004996
   RPHkineticityx104   =    0.005144
   RPHkineticityx105   =    0.005295
   RPHkineticityx106   =    0.005448
   RPHkineticityx107   =    0.005605
   RPHkineticityx108   =    0.005765
   RPHkineticityx109   =    0.005928
   RPHkineticityx110   =    0.006093
   RPHkineticityx111   =    0.006262
   RPHkineticityx112   =    0.006434
   RPHkineticityx113   =    0.006609
   RPHkineticityx114   =    0.006787
   RPHkineticityx115   =    0.006969
   RPHkineticityx116   =    0.007153
   RPHkineticityx117   =    0.007341
   RPHkineticityx118   =    0.007532
   RPHkineticityx119   =    0.007726
   RPHkineticityx120   =    0.007924
   RPHkineticityx121   =    0.008125
   RPHkineticityx122   =    0.008329
   RPHkineticityx123   =    0.008537
   RPHkineticityx124   =    0.008748
   RPHkineticityx125   =    0.008963
   RPHkineticityx126   =    0.009181
   RPHkineticityx127   =    0.009403
   RPHkineticityx128   =    0.009628
   RPHkineticityx129   =    0.009856
   RPHkineticityx130   =    0.010089
   RPHkineticityx131   =    0.010325
   RPHkineticityx132   =    0.010564
   RPHkineticityx133   =    0.010807
   RPHkineticityx134   =    0.011054
   RPHkineticityx135   =    0.011305
   RPHkineticityx136   =    0.011560
   RPHkineticityx137   =    0.011818
   RPHkineticityx138   =    0.012080
   RPHkineticityx139   =    0.012346
   RPHkineticityx140   =    0.012616
   RPHkineticityx141   =    0.012889
   RPHkineticityx142   =    0.013167
   RPHkineticityx143   =    0.013449
   RPHkineticityx144   =    0.013734
   RPHkineticityx145   =    0.014024
   RPHkineticityx146   =    0.014317
   RPHkineticityx147   =    0.014615
   RPHkineticityx148   =    0.014917
   RPHkineticityx149   =    0.015223
   RPHkineticityx150   =    0.015533
   RPHkineticityx151   =    0.015847
   RPHkineticityx152   =    0.016166
   RPHkineticityx153   =    0.016488
   RPHkineticityx154   =    0.016815
   RPHkineticityx155   =    0.017146
   RPHkineticityx156   =    0.017482
   RPHkineticityx157   =    0.017822
   RPHkineticityx158   =    0.018166
   RPHkineticityx159   =    0.018515
   RPHkineticityx160   =    0.018868
   RPHkineticityx161   =    0.019226
   RPHkineticityx162   =    0.019588
   RPHkineticityx163   =    0.019955
   RPHkineticityx164   =    0.020326
   RPHkineticityx165   =    0.020701
   RPHkineticityx166   =    0.021082
   RPHkineticityx167   =    0.021467
   RPHkineticityx168   =    0.021856
   RPHkineticityx169   =    0.022251
   RPHkineticityx170   =    0.022650
   RPHkineticityx171   =    0.023054
   RPHkineticityx172   =    0.023462
   RPHkineticityx173   =    0.023875
   RPHkineticityx174   =    0.024294
   RPHkineticityx175   =    0.024717
   RPHkineticityx176   =    0.025145
   RPHkineticityx177   =    0.025577
   RPHkineticityx178   =    0.026015
   RPHkineticityx179   =    0.026458
   RPHkineticityx180   =    0.026906
   RPHkineticityx181   =    0.027358
   RPHkineticityx182   =    0.027816
   RPHkineticityx183   =    0.028279
   RPHkineticityx184   =    0.028747
   RPHkineticityx185   =    0.029220
   RPHkineticityx186   =    0.029698
   RPHkineticityx187   =    0.030182
   RPHkineticityx188   =    0.030671
   RPHkineticityx189   =    0.031165
   RPHkineticityx190   =    0.031664
   RPHkineticityx191   =    0.032168
   RPHkineticityx192   =    0.032678
   RPHkineticityx193   =    0.033193
   RPHkineticityx194   =    0.033714
   RPHkineticityx195   =    0.034240
   RPHkineticityx196   =    0.034771
   RPHkineticityx197   =    0.035308
   RPHkineticityx198   =    0.035851
   RPHkineticityx199   =    0.036399
   RPHkineticityx200   =    0.036952
   RPHkineticityx201   =    0.037511
   RPHkineticityx202   =    0.038076
   RPHkineticityx203   =    0.038646
   RPHkineticityx204   =    0.039222
   RPHkineticityx205   =    0.039804
   RPHkineticityx206   =    0.040392
   RPHkineticityx207   =    0.040985
   RPHkineticityx208   =    0.041584
   RPHkineticityx209   =    0.042188
   RPHkineticityx210   =    0.042799
   RPHkineticityx211   =    0.043415
   RPHkineticityx212   =    0.044038
   RPHkineticityx213   =    0.044666
   RPHkineticityx214   =    0.045300
   RPHkineticityx215   =    0.045940
   RPHkineticityx216   =    0.046587
   RPHkineticityx217   =    0.047239
   RPHkineticityx218   =    0.047897
   RPHkineticityx219   =    0.048562
   RPHkineticityx220   =    0.049232
   RPHkineticityx221   =    0.049909
   RPHkineticityx222   =    0.050592
   RPHkineticityx223   =    0.051281
   RPHkineticityx224   =    0.051976
   RPHkineticityx225   =    0.052677
   RPHkineticityx226   =    0.053385
   RPHkineticityx227   =    0.054099
   RPHkineticityx228   =    0.054820
   RPHkineticityx229   =    0.055546
   RPHkineticityx230   =    0.056279
   RPHkineticityx231   =    0.057019
   RPHkineticityx232   =    0.057765
   RPHkineticityx233   =    0.058518
   RPHkineticityx234   =    0.059277
   RPHkineticityx235   =    0.060042
   RPHkineticityx236   =    0.060814
   RPHkineticityx237   =    0.061593
   RPHkineticityx238   =    0.062379
   RPHkineticityx239   =    0.063171
   RPHkineticityx240   =    0.063969
   RPHkineticityx241   =    0.064775
   RPHkineticityx242   =    0.065587
   RPHkineticityx243   =    0.066406
   RPHkineticityx244   =    0.067231
   RPHkineticityx245   =    0.068064
   RPHkineticityx246   =    0.068903
   RPHkineticityx247   =    0.069749
   RPHkineticityx248   =    0.070602
   RPHkineticityx249   =    0.071462
   RPHkineticityx250   =    0.072329
   RPHkineticityx251   =    0.073203
   RPHkineticityx252   =    0.074084
   RPHkineticityx253   =    0.074972
   RPHkineticityx254   =    0.075867
   RPHkineticityx255   =    0.076770
   RPHkineticityx256   =    0.077679
   RPHkineticityx257   =    0.078595
   RPHkineticityx258   =    0.079519
   RPHkineticityx259   =    0.080450
   RPHkineticityx260   =    0.081388
   RPHkineticityx261   =    0.082333
   RPHkineticityx262   =    0.083286
   RPHkineticityx263   =    0.084246
   RPHkineticityx264   =    0.085213
   RPHkineticityx265   =    0.086188
   RPHkineticityx266   =    0.087170
   RPHkineticityx267   =    0.088160
   RPHkineticityx268   =    0.089156
   RPHkineticityx269   =    0.090161
   RPHkineticityx270   =    0.091173
   RPHkineticityx271   =    0.092192
   RPHkineticityx272   =    0.093220
   RPHkineticityx273   =    0.094254
   RPHkineticityx274   =    0.095297
   RPHkineticityx275   =    0.096347
   RPHkineticityx276   =    0.097404
   RPHkineticityx277   =    0.098470
   RPHkineticityx278   =    0.099543
   RPHkineticityx279   =    0.100624
   RPHkineticityx280   =    0.101712
   RPHkineticityx281   =    0.102809
   RPHkineticityx282   =    0.103913
   RPHkineticityx283   =    0.105025
   RPHkineticityx284   =    0.106146
   RPHkineticityx285   =    0.107274
   RPHkineticityx286   =    0.108410
   RPHkineticityx287   =    0.109554
   RPHkineticityx288   =    0.110706
   RPHkineticityx289   =    0.111866
   RPHkineticityx290   =    0.113034
   RPHkineticityx291   =    0.114210
   RPHkineticityx292   =    0.115395
   RPHkineticityx293   =    0.116587
   RPHkineticityx294   =    0.117788
   RPHkineticityx295   =    0.118997
   RPHkineticityx296   =    0.120214
   RPHkineticityx297   =    0.121440
   RPHkineticityx298   =    0.122674
   RPHkineticityx299   =    0.123916
   RPHkineticityx300   =    0.125166
   RPHkineticityx301   =    0.126425
   RPHkineticityx302   =    0.127693
   RPHkineticityx303   =    0.128968
   RPHkineticityx304   =    0.130253
   RPHkineticityx305   =    0.131545
   RPHkineticityx306   =    0.132846
   RPHkineticityx307   =    0.134156
   RPHkineticityx308   =    0.135475
   RPHkineticityx309   =    0.136802
   RPHkineticityx310   =    0.138137
   RPHkineticityx311   =    0.139481
   RPHkineticityx312   =    0.140834
   RPHkineticityx313   =    0.142196
   RPHkineticityx314   =    0.143567
   RPHkineticityx315   =    0.144946
   RPHkineticityx316   =    0.146334
   RPHkineticityx317   =    0.147731
   RPHkineticityx318   =    0.149136
   RPHkineticityx319   =    0.150551
   RPHkineticityx320   =    0.151974
   RPHkineticityx321   =    0.153407
   RPHkineticityx322   =    0.154848
   RPHkineticityx323   =    0.156299
   RPHkineticityx324   =    0.157758
   RPHkineticityx325   =    0.159227
   RPHkineticityx326   =    0.160704
   RPHkineticityx327   =    0.162191
   RPHkineticityx328   =    0.163687
   RPHkineticityx329   =    0.165192
   RPHkineticityx330   =    0.166706
   RPHkineticityx331   =    0.168230
   RPHkineticityx332   =    0.169762
   RPHkineticityx333   =    0.171304
   RPHkineticityx334   =    0.172856
   RPHkineticityx335   =    0.174416
   RPHkineticityx336   =    0.175986
   RPHkineticityx337   =    0.177566
   RPHkineticityx338   =    0.179154
   RPHkineticityx339   =    0.180753
   RPHkineticityx340   =    0.182360
   RPHkineticityx341   =    0.183978
   RPHkineticityx342   =    0.185604
   RPHkineticityx343   =    0.187241
   RPHkineticityx344   =    0.188887
   RPHkineticityx345   =    0.190542
   RPHkineticityx346   =    0.192208
   RPHkineticityx347   =    0.193882
   RPHkineticityx348   =    0.195567
   RPHkineticityx349   =    0.197261
   RPHkineticityx350   =    0.198965
   RPHkineticityx351   =    0.200679
   RPHkineticityx352   =    0.202403
   RPHkineticityx353   =    0.204136
   RPHkineticityx354   =    0.205880
   RPHkineticityx355   =    0.207633
   RPHkineticityx356   =    0.209396
   RPHkineticityx357   =    0.211169
   RPHkineticityx358   =    0.212952
   RPHkineticityx359   =    0.214746
   RPHkineticityx360   =    0.216549
   RPHkineticityx361   =    0.218362
   RPHkineticityx362   =    0.220185
   RPHkineticityx363   =    0.222019
   RPHkineticityx364   =    0.223862
   RPHkineticityx365   =    0.225716
   RPHkineticityx366   =    0.227580
   RPHkineticityx367   =    0.229454
   RPHkineticityx368   =    0.231339
   RPHkineticityx369   =    0.233234
   RPHkineticityx370   =    0.235139
   RPHkineticityx371   =    0.237054
   RPHkineticityx372   =    0.238980
   RPHkineticityx373   =    0.240916
   RPHkineticityx374   =    0.242863
   RPHkineticityx375   =    0.244820
   RPHkineticityx376   =    0.246787
   RPHkineticityx377   =    0.248766
   RPHkineticityx378   =    0.250754
   RPHkineticityx379   =    0.252753
   RPHkineticityx380   =    0.254763
   RPHkineticityx381   =    0.256784
   RPHkineticityx382   =    0.258815
   RPHkineticityx383   =    0.260856
   RPHkineticityx384   =    0.262909
   RPHkineticityx385   =    0.264972
   RPHkineticityx386   =    0.267046
   RPHkineticityx387   =    0.269131
   RPHkineticityx388   =    0.271227
   RPHkineticityx389   =    0.273333
   RPHkineticityx390   =    0.275450
   RPHkineticityx391   =    0.277579
   RPHkineticityx392   =    0.279718
   RPHkineticityx393   =    0.281868
   RPHkineticityx394   =    0.284029
   RPHkineticityx395   =    0.286201
   RPHkineticityx396   =    0.288384
   RPHkineticityx397   =    0.290579
   RPHkineticityx398   =    0.292784
   RPHkineticityx399   =    0.295000
   RPHkineticityx400   =    0.297228
   RPHkineticityx401   =    0.299467
   RPHkineticityx402   =    0.301717
   RPHkineticityx403   =    0.303978
   RPHkineticityx404   =    0.306251
   RPHkineticityx405   =    0.308535
   RPHkineticityx406   =    0.310830
   RPHkineticityx407   =    0.313137
   RPHkineticityx408   =    0.315454
   RPHkineticityx409   =    0.317784
   RPHkineticityx410   =    0.320125
   RPHkineticityx411   =    0.322477
   RPHkineticityx412   =    0.324841
   RPHkineticityx413   =    0.327216
   RPHkineticityx414   =    0.329603
   RPHkineticityx415   =    0.332001
   RPHkineticityx416   =    0.334411
   RPHkineticityx417   =    0.336833
   RPHkineticityx418   =    0.339266
   RPHkineticityx419   =    0.341711
   RPHkineticityx420   =    0.344168
   RPHkineticityx421   =    0.346636
   RPHkineticityx422   =    0.349116
   RPHkineticityx423   =    0.351608
   RPHkineticityx424   =    0.354112
   RPHkineticityx425   =    0.356628
   RPHkineticityx426   =    0.359156
   RPHkineticityx427   =    0.361695
   RPHkineticityx428   =    0.364247
   RPHkineticityx429   =    0.366810
   RPHkineticityx430   =    0.369385
   RPHkineticityx431   =    0.371973
   RPHkineticityx432   =    0.374572
   RPHkineticityx433   =    0.377184
   RPHkineticityx434   =    0.379808
   RPHkineticityx435   =    0.382444
   RPHkineticityx436   =    0.385092
   RPHkineticityx437   =    0.387752
   RPHkineticityx438   =    0.390424
   RPHkineticityx439   =    0.393109
   RPHkineticityx440   =    0.395806
   RPHkineticityx441   =    0.398515
   RPHkineticityx442   =    0.401237
   RPHkineticityx443   =    0.403971
   RPHkineticityx444   =    0.406717
   RPHkineticityx445   =    0.409476
   RPHkineticityx446   =    0.412247
   RPHkineticityx447   =    0.415031
   RPHkineticityx448   =    0.417827
   RPHkineticityx449   =    0.420636
   RPHkineticityx450   =    0.423457
   RPHkineticityx451   =    0.426291
   RPHkineticityx452   =    0.429137
   RPHkineticityx453   =    0.431997
   RPHkineticityx454   =    0.434868
   RPHkineticityx455   =    0.437753
   RPHkineticityx456   =    0.440650
   RPHkineticityx457   =    0.443560
   RPHkineticityx458   =    0.446483
   RPHkineticityx459   =    0.449418
   RPHkineticityx460   =    0.452367
   RPHkineticityx461   =    0.455328
   RPHkineticityx462   =    0.458302
   RPHkineticityx463   =    0.461290
   RPHkineticityx464   =    0.464290
   RPHkineticityx465   =    0.467303
   RPHkineticityx466   =    0.470329
   RPHkineticityx467   =    0.473368
   RPHkineticityx468   =    0.476420
   RPHkineticityx469   =    0.479485
   RPHkineticityx470   =    0.482564
   RPHkineticityx471   =    0.485655
   RPHkineticityx472   =    0.488760
   RPHkineticityx473   =    0.491878
   RPHkineticityx474   =    0.495009
   RPHkineticityx475   =    0.498153
   RPHkineticityx476   =    0.501311
   RPHkineticityx477   =    0.504482
   RPHkineticityx478   =    0.507666
   RPHkineticityx479   =    0.510864
   RPHkineticityx480   =    0.514075
   RPHkineticityx481   =    0.517299
   RPHkineticityx482   =    0.520537
   RPHkineticityx483   =    0.523789
   RPHkineticityx484   =    0.527054
   RPHkineticityx485   =    0.530332
   RPHkineticityx486   =    0.533624
   RPHkineticityx487   =    0.536930
   RPHkineticityx488   =    0.540249
   RPHkineticityx489   =    0.543582
   RPHkineticityx490   =    0.546929
   RPHkineticityx491   =    0.550289
   RPHkineticityx492   =    0.553664
   RPHkineticityx493   =    0.557051
   RPHkineticityx494   =    0.560453
   RPHkineticityx495   =    0.563868
   RPHkineticityx496   =    0.567298
   RPHkineticityx497   =    0.570741
   RPHkineticityx498   =    0.574198
   RPHkineticityx499   =    0.577669
   RPHkineticityx500   =    0.581154
   RPHkineticityx501   =    0.584653
   RPHkineticityx502   =    0.588166
   RPHkineticityx503   =    0.591693
   RPHkineticityx504   =    0.595234
   RPHkineticityx505   =    0.598789
   RPHkineticityx506   =    0.602359
   RPHkineticityx507   =    0.605942
   RPHkineticityx508   =    0.609540
   RPHkineticityx509   =    0.613152
   RPHkineticityx510   =    0.616778
   RPHkineticityx511   =    0.620418
   RPHkineticityx512   =    0.624073
   RPHkineticityx513   =    0.627742
   RPHkineticityx514   =    0.631425
   RPHkineticityx515   =    0.635123
   RPHkineticityx516   =    0.638835
   RPHkineticityx517   =    0.642562
   RPHkineticityx518   =    0.646303
   RPHkineticityx519   =    0.650058
   RPHkineticityx520   =    0.653828
   RPHkineticityx521   =    0.657613
   RPHkineticityx522   =    0.661412
   RPHkineticityx523   =    0.665226
   RPHkineticityx524   =    0.669054
   RPHkineticityx525   =    0.672897
   RPHkineticityx526   =    0.676755
   RPHkineticityx527   =    0.680628
   RPHkineticityx528   =    0.684515
   RPHkineticityx529   =    0.688417
   RPHkineticityx530   =    0.692334
   RPHkineticityx531   =    0.696265
   RPHkineticityx532   =    0.700212
   RPHkineticityx533   =    0.704173
   RPHkineticityx534   =    0.708150
   RPHkineticityx535   =    0.712141
   RPHkineticityx536   =    0.716147
   RPHkineticityx537   =    0.720168
   RPHkineticityx538   =    0.724204
   RPHkineticityx539   =    0.728256
   RPHkineticityx540   =    0.732322
   RPHkineticityx541   =    0.736404
   RPHkineticityx542   =    0.740500
   RPHkineticityx543   =    0.744612
   RPHkineticityx544   =    0.748739
   RPHkineticityx545   =    0.752881
   RPHkineticityx546   =    0.757038
   RPHkineticityx547   =    0.761211
   RPHkineticityx548   =    0.765399
   RPHkineticityx549   =    0.769603
   RPHkineticityx550   =    0.773821
   RPHkineticityx551   =    0.778055
   RPHkineticityx552   =    0.782305
   RPHkineticityx553   =    0.786570
   RPHkineticityx554   =    0.790850
   RPHkineticityx555   =    0.795146
   RPHkineticityx556   =    0.799458
   RPHkineticityx557   =    0.803785
   RPHkineticityx558   =    0.808127
   RPHkineticityx559   =    0.812485
   RPHkineticityx560   =    0.816859
   RPHkineticityx561   =    0.821249
   RPHkineticityx562   =    0.825654
   RPHkineticityx563   =    0.830075
   RPHkineticityx564   =    0.834512
   RPHkineticityx565   =    0.838964
   RPHkineticityx566   =    0.843432
   RPHkineticityx567   =    0.847917
   RPHkineticityx568   =    0.852417
   RPHkineticityx569   =    0.856932
   RPHkineticityx570   =    0.861464
   RPHkineticityx571   =    0.866012
   RPHkineticityx572   =    0.870576
   RPHkineticityx573   =    0.875155
   RPHkineticityx574   =    0.879751
   RPHkineticityx575   =    0.884363
   RPHkineticityx576   =    0.888991
   RPHkineticityx577   =    0.893635
   RPHkineticityx578   =    0.898295
   RPHkineticityx579   =    0.902972
   RPHkineticityx580   =    0.907664
   RPHkineticityx581   =    0.912373
   RPHkineticityx582   =    0.917098
   RPHkineticityx583   =    0.921839
   RPHkineticityx584   =    0.926597
   RPHkineticityx585   =    0.931371
   RPHkineticityx586   =    0.936161
   RPHkineticityx587   =    0.940968
   RPHkineticityx588   =    0.945791
   RPHkineticityx589   =    0.950631
   RPHkineticityx590   =    0.955487
   RPHkineticityx591   =    0.960360
   RPHkineticityx592   =    0.965249
   RPHkineticityx593   =    0.970154
   RPHkineticityx594   =    0.975077
   RPHkineticityx595   =    0.980016
   RPHkineticityx596   =    0.984971
   RPHkineticityx597   =    0.989944
   RPHkineticityx598   =    0.994933
   RPHkineticityx599   =    0.999938
   RPHkineticityx600   =    1.004961
   RPHkineticityx601   =    1.010000
   RPHkineticityv1     =    0.000000
   RPHkineticityv2     =    0.000000
   RPHkineticityv3     =    0.000000
   RPHkineticityv4     =    0.000000
   RPHkineticityv5     =    0.000000
   RPHkineticityv6     =    0.000000
   RPHkineticityv7     =    0.000000
   RPHkineticityv8     =    0.000000
   RPHkineticityv9     =    0.000000
   RPHkineticityv10    =    0.000000
   RPHkineticityv11    =    0.000000
   RPHkineticityv12    =    0.000000
   RPHkineticityv13    =    0.000000
   RPHkineticityv14    =    0.000000
   RPHkineticityv15    =    0.000000
   RPHkineticityv16    =    0.000000
   RPHkineticityv17    =    0.000000
   RPHkineticityv18    =    0.000000
   RPHkineticityv19    =    0.000000
   RPHkineticityv20    =    0.000000
   RPHkineticityv21    =    0.000000
   RPHkineticityv22    =    0.000000
   RPHkineticityv23    =    0.000000
   RPHkineticityv24    =    0.000000
   RPHkineticityv25    =    0.000000
   RPHkineticityv26    =    0.000000
   RPHkineticityv27    =    0.000000
   RPHkineticityv28    =    0.000000
   RPHkineticityv29    =    0.000000
   RPHkineticityv30    =    0.000000
   RPHkineticityv31    =    0.000000
   RPHkineticityv32    =    0.000000
   RPHkineticityv33    =    0.000000
   RPHkineticityv34    =    0.000000
   RPHkineticityv35    =    0.000000
   RPHkineticityv36    =    0.000000
   RPHkineticityv37    =    0.000000
   RPHkineticityv38    =    0.000000
   RPHkineticityv39    =    0.000000
   RPHkineticityv40    =    0.000000
   RPHkineticityv41    =    0.000000
   RPHkineticityv42    =    0.000000
   RPHkineticityv43    =    0.000000
   RPHkineticityv44    =    0.000000
   RPHkineticityv45    =    0.000000
   RPHkineticityv46    =    0.000000
   RPHkineticityv47    =    0.000000
   RPHkineticityv48    =    0.000000
   RPHkineticityv49    =    0.000000
   RPHkineticityv50    =    0.000000
   RPHkineticityv51    =    0.000000
   RPHkineticityv52    =    0.000000
   RPHkineticityv53    =    0.000000
   RPHkineticityv54    =    0.000000
   RPHkineticityv55    =    0.000000
   RPHkineticityv56    =    0.000000
   RPHkineticityv57    =    0.000000
   RPHkineticityv58    =    0.000000
   RPHkineticityv59    =    0.000000
   RPHkineticityv60    =    0.000000
   RPHkineticityv61    =    0.000000
   RPHkineticityv62    =    0.000000
   RPHkineticityv63    =    0.000000
   RPHkineticityv64    =    0.000000
   RPHkineticityv65    =    0.000000
   RPHkineticityv66    =    0.000000
   RPHkineticityv67    =    0.000000
   RPHkineticityv68    =    0.000000
   RPHkineticityv69    =    0.000000
   RPHkineticityv70    =    0.000000
   RPHkineticityv71    =    0.000000
   RPHkineticityv72    =    0.000000
   RPHkineticityv73    =    0.000000
   RPHkineticityv74    =    0.000000
   RPHkineticityv75    =    0.000000
   RPHkineticityv76    =    0.000000
   RPHkineticityv77    =    0.000000
   RPHkineticityv78    =    0.000000
   RPHkineticityv79    =    0.000000
   RPHkineticityv80    =    0.000000
   RPHkineticityv81    =    0.000000
   RPHkineticityv82    =    0.000000
   RPHkineticityv83    =    0.000000
   RPHkineticityv84    =    0.000000
   RPHkineticityv85    =    0.000000
   RPHkineticityv86    =    0.000000
   RPHkineticityv87    =    0.000000
   RPHkineticityv88    =    0.000000
   RPHkineticityv89    =    0.000000
   RPHkineticityv90    =    0.000000
   RPHkineticityv91    =    0.000000
   RPHkineticityv92    =    0.000000
   RPHkineticityv93    =    0.000000
   RPHkineticityv94    =    0.000000
   RPHkineticityv95    =    0.000000
   RPHkineticityv96    =    0.000000
   RPHkineticityv97    =    0.000000
   RPHkineticityv98    =    0.000000
   RPHkineticityv99    =    0.000000
   RPHkineticityv100   =    0.000000
   RPHkineticityv101   =    0.000000
   RPHkineticityv102   =    0.000000
   RPHkineticityv103   =    0.000000
   RPHkineticityv104   =    0.000000
   RPHkineticityv105   =    0.000000
   RPHkineticityv106   =    0.000000
   RPHkineticityv107   =    0.000000
   RPHkineticityv108   =    0.000000
   RPHkineticityv109   =    0.000000
   RPHkineticityv110   =    0.000000
   RPHkineticityv111   =    0.000000
   RPHkineticityv112   =    0.000000
   RPHkineticityv113   =    0.000001
   RPHkineticityv114   =    0.000001
   RPHkineticityv115   =    0.000001
   RPHkineticityv116   =    0.000001
   RPHkineticityv117   =    0.000001
   RPHkineticityv118   =    0.000001
   RPHkineticityv119   =    0.000001
   RPHkineticityv120   =    0.000001
   RPHkineticityv121   =    0.000001
   RPHkineticityv122   =    0.000001
   RPHkineticityv123   =    0.000001
   RPHkineticityv124   =    0.000001
   RPHkineticityv125   =    0.000001
   RPHkineticityv126   =    0.000001
   RPHkineticityv127   =    0.000002
   RPHkineticityv128   =    0.000002
   RPHkineticityv129   =    0.000002
   RPHkineticityv130   =    0.000002
   RPHkineticityv131   =    0.000002
   RPHkineticityv132   =    0.000002
   RPHkineticityv133   =    0.000002
   RPHkineticityv134   =    0.000003
   RPHkineticityv135   =    0.000003
   RPHkineticityv136   =    0.000003
   RPHkineticityv137   =    0.000003
   RPHkineticityv138   =    0.000003
   RPHkineticityv139   =    0.000004
   RPHkineticityv140   =    0.000004
   RPHkineticityv141   =    0.000004
   RPHkineticityv142   =    0.000004
   RPHkineticityv143   =    0.000005
   RPHkineticityv144   =    0.000005
   RPHkineticityv145   =    0.000005
   RPHkineticityv146   =    0.000006
   RPHkineticityv147   =    0.000006
   RPHkineticityv148   =    0.000006
   RPHkineticityv149   =    0.000007
   RPHkineticityv150   =    0.000007
   RPHkineticityv151   =    0.000008
   RPHkineticityv152   =    0.000008
   RPHkineticityv153   =    0.000009
   RPHkineticityv154   =    0.000009
   RPHkineticityv155   =    0.000010
   RPHkineticityv156   =    0.000010
   RPHkineticityv157   =    0.000011
   RPHkineticityv158   =    0.000012
   RPHkineticityv159   =    0.000012
   RPHkineticityv160   =    0.000013
   RPHkineticityv161   =    0.000014
   RPHkineticityv162   =    0.000015
   RPHkineticityv163   =    0.000015
   RPHkineticityv164   =    0.000016
   RPHkineticityv165   =    0.000017
   RPHkineticityv166   =    0.000018
   RPHkineticityv167   =    0.000019
   RPHkineticityv168   =    0.000020
   RPHkineticityv169   =    0.000021
   RPHkineticityv170   =    0.000023
   RPHkineticityv171   =    0.000024
   RPHkineticityv172   =    0.000025
   RPHkineticityv173   =    0.000027
   RPHkineticityv174   =    0.000028
   RPHkineticityv175   =    0.000030
   RPHkineticityv176   =    0.000031
   RPHkineticityv177   =    0.000033
   RPHkineticityv178   =    0.000034
   RPHkineticityv179   =    0.000036
   RPHkineticityv180   =    0.000038
   RPHkineticityv181   =    0.000040
   RPHkineticityv182   =    0.000042
   RPHkineticityv183   =    0.000044
   RPHkineticityv184   =    0.000047
   RPHkineticityv185   =    0.000049
   RPHkineticityv186   =    0.000052
   RPHkineticityv187   =    0.000054
   RPHkineticityv188   =    0.000057
   RPHkineticityv189   =    0.000060
   RPHkineticityv190   =    0.000063
   RPHkineticityv191   =    0.000066
   RPHkineticityv192   =    0.000069
   RPHkineticityv193   =    0.000072
   RPHkineticityv194   =    0.000076
   RPHkineticityv195   =    0.000079
   RPHkineticityv196   =    0.000083
   RPHkineticityv197   =    0.000087
   RPHkineticityv198   =    0.000091
   RPHkineticityv199   =    0.000096
   RPHkineticityv200   =    0.000100
   RPHkineticityv201   =    0.000105
   RPHkineticityv202   =    0.000110
   RPHkineticityv203   =    0.000115
   RPHkineticityv204   =    0.000120
   RPHkineticityv205   =    0.000125
   RPHkineticityv206   =    0.000131
   RPHkineticityv207   =    0.000137
   RPHkineticityv208   =    0.000143
   RPHkineticityv209   =    0.000150
   RPHkineticityv210   =    0.000156
   RPHkineticityv211   =    0.000163
   RPHkineticityv212   =    0.000171
   RPHkineticityv213   =    0.000178
   RPHkineticityv214   =    0.000186
   RPHkineticityv215   =    0.000194
   RPHkineticityv216   =    0.000202
   RPHkineticityv217   =    0.000211
   RPHkineticityv218   =    0.000220
   RPHkineticityv219   =    0.000230
   RPHkineticityv220   =    0.000239
   RPHkineticityv221   =    0.000250
   RPHkineticityv222   =    0.000260
   RPHkineticityv223   =    0.000271
   RPHkineticityv224   =    0.000282
   RPHkineticityv225   =    0.000294
   RPHkineticityv226   =    0.000306
   RPHkineticityv227   =    0.000319
   RPHkineticityv228   =    0.000332
   RPHkineticityv229   =    0.000346
   RPHkineticityv230   =    0.000360
   RPHkineticityv231   =    0.000374
   RPHkineticityv232   =    0.000389
   RPHkineticityv233   =    0.000405
   RPHkineticityv234   =    0.000421
   RPHkineticityv235   =    0.000438
   RPHkineticityv236   =    0.000456
   RPHkineticityv237   =    0.000474
   RPHkineticityv238   =    0.000492
   RPHkineticityv239   =    0.000512
   RPHkineticityv240   =    0.000532
   RPHkineticityv241   =    0.000552
   RPHkineticityv242   =    0.000574
   RPHkineticityv243   =    0.000596
   RPHkineticityv244   =    0.000619
   RPHkineticityv245   =    0.000642
   RPHkineticityv246   =    0.000667
   RPHkineticityv247   =    0.000692
   RPHkineticityv248   =    0.000718
   RPHkineticityv249   =    0.000745
   RPHkineticityv250   =    0.000773
   RPHkineticityv251   =    0.000802
   RPHkineticityv252   =    0.000832
   RPHkineticityv253   =    0.000863
   RPHkineticityv254   =    0.000895
   RPHkineticityv255   =    0.000928
   RPHkineticityv256   =    0.000962
   RPHkineticityv257   =    0.000997
   RPHkineticityv258   =    0.001033
   RPHkineticityv259   =    0.001070
   RPHkineticityv260   =    0.001109
   RPHkineticityv261   =    0.001149
   RPHkineticityv262   =    0.001190
   RPHkineticityv263   =    0.001232
   RPHkineticityv264   =    0.001276
   RPHkineticityv265   =    0.001321
   RPHkineticityv266   =    0.001368
   RPHkineticityv267   =    0.001416
   RPHkineticityv268   =    0.001465
   RPHkineticityv269   =    0.001516
   RPHkineticityv270   =    0.001569
   RPHkineticityv271   =    0.001623
   RPHkineticityv272   =    0.001679
   RPHkineticityv273   =    0.001737
   RPHkineticityv274   =    0.001796
   RPHkineticityv275   =    0.001857
   RPHkineticityv276   =    0.001921
   RPHkineticityv277   =    0.001986
   RPHkineticityv278   =    0.002052
   RPHkineticityv279   =    0.002121
   RPHkineticityv280   =    0.002192
   RPHkineticityv281   =    0.002266
   RPHkineticityv282   =    0.002341
   RPHkineticityv283   =    0.002418
   RPHkineticityv284   =    0.002498
   RPHkineticityv285   =    0.002580
   RPHkineticityv286   =    0.002665
   RPHkineticityv287   =    0.002752
   RPHkineticityv288   =    0.002841
   RPHkineticityv289   =    0.002933
   RPHkineticityv290   =    0.003028
   RPHkineticityv291   =    0.003126
   RPHkineticityv292   =    0.003226
   RPHkineticityv293   =    0.003329
   RPHkineticityv294   =    0.003435
   RPHkineticityv295   =    0.003544
   RPHkineticityv296   =    0.003656
   RPHkineticityv297   =    0.003771
   RPHkineticityv298   =    0.003890
   RPHkineticityv299   =    0.004011
   RPHkineticityv300   =    0.004136
   RPHkineticityv301   =    0.004265
   RPHkineticityv302   =    0.004397
   RPHkineticityv303   =    0.004533
   RPHkineticityv304   =    0.004672
   RPHkineticityv305   =    0.004815
   RPHkineticityv306   =    0.004962
   RPHkineticityv307   =    0.005113
   RPHkineticityv308   =    0.005269
   RPHkineticityv309   =    0.005428
   RPHkineticityv310   =    0.005591
   RPHkineticityv311   =    0.005759
   RPHkineticityv312   =    0.005931
   RPHkineticityv313   =    0.006108
   RPHkineticityv314   =    0.006290
   RPHkineticityv315   =    0.006476
   RPHkineticityv316   =    0.006667
   RPHkineticityv317   =    0.006863
   RPHkineticityv318   =    0.007064
   RPHkineticityv319   =    0.007270
   RPHkineticityv320   =    0.007482
   RPHkineticityv321   =    0.007698
   RPHkineticityv322   =    0.007921
   RPHkineticityv323   =    0.008149
   RPHkineticityv324   =    0.008383
   RPHkineticityv325   =    0.008622
   RPHkineticityv326   =    0.008868
   RPHkineticityv327   =    0.009120
   RPHkineticityv328   =    0.009378
   RPHkineticityv329   =    0.009642
   RPHkineticityv330   =    0.009913
   RPHkineticityv331   =    0.010191
   RPHkineticityv332   =    0.010475
   RPHkineticityv333   =    0.010766
   RPHkineticityv334   =    0.011064
   RPHkineticityv335   =    0.011370
   RPHkineticityv336   =    0.011683
   RPHkineticityv337   =    0.012003
   RPHkineticityv338   =    0.012331
   RPHkineticityv339   =    0.012666
   RPHkineticityv340   =    0.013010
   RPHkineticityv341   =    0.013361
   RPHkineticityv342   =    0.013721
   RPHkineticityv343   =    0.014089
   RPHkineticityv344   =    0.014465
   RPHkineticityv345   =    0.014850
   RPHkineticityv346   =    0.015244
   RPHkineticityv347   =    0.015647
   RPHkineticityv348   =    0.016059
   RPHkineticityv349   =    0.016481
   RPHkineticityv350   =    0.016911
   RPHkineticityv351   =    0.017352
   RPHkineticityv352   =    0.017802
   RPHkineticityv353   =    0.018262
   RPHkineticityv354   =    0.018732
   RPHkineticityv355   =    0.019213
   RPHkineticityv356   =    0.019704
   RPHkineticityv357   =    0.020205
   RPHkineticityv358   =    0.020718
   RPHkineticityv359   =    0.021241
   RPHkineticityv360   =    0.021776
   RPHkineticityv361   =    0.022321
   RPHkineticityv362   =    0.022879
   RPHkineticityv363   =    0.023448
   RPHkineticityv364   =    0.024028
   RPHkineticityv365   =    0.024621
   RPHkineticityv366   =    0.025226
   RPHkineticityv367   =    0.025843
   RPHkineticityv368   =    0.026473
   RPHkineticityv369   =    0.027116
   RPHkineticityv370   =    0.027771
   RPHkineticityv371   =    0.028440
   RPHkineticityv372   =    0.029122
   RPHkineticityv373   =    0.029817
   RPHkineticityv374   =    0.030526
   RPHkineticityv375   =    0.031248
   RPHkineticityv376   =    0.031985
   RPHkineticityv377   =    0.032735
   RPHkineticityv378   =    0.033500
   RPHkineticityv379   =    0.034280
   RPHkineticityv380   =    0.035074
   RPHkineticityv381   =    0.035883
   RPHkineticityv382   =    0.036706
   RPHkineticityv383   =    0.037545
   RPHkineticityv384   =    0.038400
   RPHkineticityv385   =    0.039269
   RPHkineticityv386   =    0.040155
   RPHkineticityv387   =    0.041056
   RPHkineticityv388   =    0.041973
   RPHkineticityv389   =    0.042906
   RPHkineticityv390   =    0.043855
   RPHkineticityv391   =    0.044821
   RPHkineticityv392   =    0.045803
   RPHkineticityv393   =    0.046802
   RPHkineticityv394   =    0.047818
   RPHkineticityv395   =    0.048850
   RPHkineticityv396   =    0.049900
   RPHkineticityv397   =    0.050967
   RPHkineticityv398   =    0.052051
   RPHkineticityv399   =    0.053153
   RPHkineticityv400   =    0.054272
   RPHkineticityv401   =    0.055409
   RPHkineticityv402   =    0.056564
   RPHkineticityv403   =    0.057736
   RPHkineticityv404   =    0.058927
   RPHkineticityv405   =    0.060135
   RPHkineticityv406   =    0.061362
   RPHkineticityv407   =    0.062607
   RPHkineticityv408   =    0.063870
   RPHkineticityv409   =    0.065151
   RPHkineticityv410   =    0.066451
   RPHkineticityv411   =    0.067769
   RPHkineticityv412   =    0.069106
   RPHkineticityv413   =    0.070461
   RPHkineticityv414   =    0.071835
   RPHkineticityv415   =    0.073227
   RPHkineticityv416   =    0.074638
   RPHkineticityv417   =    0.076068
   RPHkineticityv418   =    0.077516
   RPHkineticityv419   =    0.078983
   RPHkineticityv420   =    0.080469
   RPHkineticityv421   =    0.081973
   RPHkineticityv422   =    0.083495
   RPHkineticityv423   =    0.085036
   RPHkineticityv424   =    0.086596
   RPHkineticityv425   =    0.088174
   RPHkineticityv426   =    0.089770
   RPHkineticityv427   =    0.091384
   RPHkineticityv428   =    0.093017
   RPHkineticityv429   =    0.094668
   RPHkineticityv430   =    0.096336
   RPHkineticityv431   =    0.098023
   RPHkineticityv432   =    0.099727
   RPHkineticityv433   =    0.101449
   RPHkineticityv434   =    0.103189
   RPHkineticityv435   =    0.104945
   RPHkineticityv436   =    0.106719
   RPHkineticityv437   =    0.108510
   RPHkineticityv438   =    0.110318
   RPHkineticityv439   =    0.112142
   RPHkineticityv440   =    0.113983
   RPHkineticityv441   =    0.115840
   RPHkineticityv442   =    0.117713
   RPHkineticityv443   =    0.119601
   RPHkineticityv444   =    0.121506
   RPHkineticityv445   =    0.123425
   RPHkineticityv446   =    0.125359
   RPHkineticityv447   =    0.127309
   RPHkineticityv448   =    0.129272
   RPHkineticityv449   =    0.131250
   RPHkineticityv450   =    0.133242
   RPHkineticityv451   =    0.135247
   RPHkineticityv452   =    0.137266
   RPHkineticityv453   =    0.139298
   RPHkineticityv454   =    0.141342
   RPHkineticityv455   =    0.143398
   RPHkineticityv456   =    0.145466
   RPHkineticityv457   =    0.147546
   RPHkineticityv458   =    0.149637
   RPHkineticityv459   =    0.151739
   RPHkineticityv460   =    0.153851
   RPHkineticityv461   =    0.155973
   RPHkineticityv462   =    0.158105
   RPHkineticityv463   =    0.160246
   RPHkineticityv464   =    0.162395
   RPHkineticityv465   =    0.164554
   RPHkineticityv466   =    0.166720
   RPHkineticityv467   =    0.168893
   RPHkineticityv468   =    0.171074
   RPHkineticityv469   =    0.173261
   RPHkineticityv470   =    0.175454
   RPHkineticityv471   =    0.177653
   RPHkineticityv472   =    0.179857
   RPHkineticityv473   =    0.182066
   RPHkineticityv474   =    0.184279
   RPHkineticityv475   =    0.186496
   RPHkineticityv476   =    0.188716
   RPHkineticityv477   =    0.190939
   RPHkineticityv478   =    0.193164
   RPHkineticityv479   =    0.195392
   RPHkineticityv480   =    0.197620
   RPHkineticityv481   =    0.199850
   RPHkineticityv482   =    0.202079
   RPHkineticityv483   =    0.204309
   RPHkineticityv484   =    0.206538
   RPHkineticityv485   =    0.208766
   RPHkineticityv486   =    0.210992
   RPHkineticityv487   =    0.213217
   RPHkineticityv488   =    0.215438
   RPHkineticityv489   =    0.217657
   RPHkineticityv490   =    0.219871
   RPHkineticityv491   =    0.222082
   RPHkineticityv492   =    0.224288
   RPHkineticityv493   =    0.226489
   RPHkineticityv494   =    0.228685
   RPHkineticityv495   =    0.230875
   RPHkineticityv496   =    0.233058
   RPHkineticityv497   =    0.235234
   RPHkineticityv498   =    0.237402
   RPHkineticityv499   =    0.239563
   RPHkineticityv500   =    0.241715
   RPHkineticityv501   =    0.243859
   RPHkineticityv502   =    0.245993
   RPHkineticityv503   =    0.248118
   RPHkineticityv504   =    0.250232
   RPHkineticityv505   =    0.252336
   RPHkineticityv506   =    0.254429
   RPHkineticityv507   =    0.256511
   RPHkineticityv508   =    0.258581
   RPHkineticityv509   =    0.260639
   RPHkineticityv510   =    0.262684
   RPHkineticityv511   =    0.264716
   RPHkineticityv512   =    0.266735
   RPHkineticityv513   =    0.268741
   RPHkineticityv514   =    0.270733
   RPHkineticityv515   =    0.272710
   RPHkineticityv516   =    0.274673
   RPHkineticityv517   =    0.276620
   RPHkineticityv518   =    0.278553
   RPHkineticityv519   =    0.280470
   RPHkineticityv520   =    0.282371
   RPHkineticityv521   =    0.284256
   RPHkineticityv522   =    0.286125
   RPHkineticityv523   =    0.287977
   RPHkineticityv524   =    0.289813
   RPHkineticityv525   =    0.291631
   RPHkineticityv526   =    0.293432
   RPHkineticityv527   =    0.295216
   RPHkineticityv528   =    0.296982
   RPHkineticityv529   =    0.298731
   RPHkineticityv530   =    0.300461
   RPHkineticityv531   =    0.302174
   RPHkineticityv532   =    0.303868
   RPHkineticityv533   =    0.305544
   RPHkineticityv534   =    0.307201
   RPHkineticityv535   =    0.308840
   RPHkineticityv536   =    0.310460
   RPHkineticityv537   =    0.312061
   RPHkineticityv538   =    0.313643
   RPHkineticityv539   =    0.315207
   RPHkineticityv540   =    0.316752
   RPHkineticityv541   =    0.318278
   RPHkineticityv542   =    0.319785
   RPHkineticityv543   =    0.321273
   RPHkineticityv544   =    0.322742
   RPHkineticityv545   =    0.324192
   RPHkineticityv546   =    0.325623
   RPHkineticityv547   =    0.327036
   RPHkineticityv548   =    0.328429
   RPHkineticityv549   =    0.329805
   RPHkineticityv550   =    0.331161
   RPHkineticityv551   =    0.332499
   RPHkineticityv552   =    0.333818
   RPHkineticityv553   =    0.335120
   RPHkineticityv554   =    0.336403
   RPHkineticityv555   =    0.337667
   RPHkineticityv556   =    0.338914
   RPHkineticityv557   =    0.340144
   RPHkineticityv558   =    0.341355
   RPHkineticityv559   =    0.342550
   RPHkineticityv560   =    0.343727
   RPHkineticityv561   =    0.344886
   RPHkineticityv562   =    0.346029
   RPHkineticityv563   =    0.347156
   RPHkineticityv564   =    0.348266
   RPHkineticityv565   =    0.349360
   RPHkineticityv566   =    0.350438
   RPHkineticityv567   =    0.351500
   RPHkineticityv568   =    0.352546
   RPHkineticityv569   =    0.353578
   RPHkineticityv570   =    0.354594
   RPHkineticityv571   =    0.355596
   RPHkineticityv572   =    0.356583
   RPHkineticityv573   =    0.357557
   RPHkineticityv574   =    0.358516
   RPHkineticityv575   =    0.359462
   RPHkineticityv576   =    0.360395
   RPHkineticityv577   =    0.361315
   RPHkineticityv578   =    0.362222
   RPHkineticityv579   =    0.363117
   RPHkineticityv580   =    0.364000
   RPHkineticityv581   =    0.364871
   RPHkineticityv582   =    0.365731
   RPHkineticityv583   =    0.366581
   RPHkineticityv584   =    0.367419
   RPHkineticityv585   =    0.368247
   RPHkineticityv586   =    0.369066
   RPHkineticityv587   =    0.369875
   RPHkineticityv588   =    0.370675
   RPHkineticityv589   =    0.371466
   RPHkineticityv590   =    0.372248
   RPHkineticityv591   =    0.373023
   RPHkineticityv592   =    0.373789
   RPHkineticityv593   =    0.374549
   RPHkineticityv594   =    0.375301
   RPHkineticityv595   =    0.376047
   RPHkineticityv596   =    0.376787
   RPHkineticityv597   =    0.377521
   RPHkineticityv598   =    0.378250
   RPHkineticityv599   =    0.378973
   RPHkineticityv600   =    0.379692
   RPHkineticityv601   =    0.380407
spline parametrization: RPHbraiding
 number of pixels (RPHbraiding_Spline_Pixels): 601
 null value:    -0.000000
   RPHbraidingx1       =    0.000000
   RPHbraidingx2       =    0.000000
   RPHbraidingx3       =    0.000000
   RPHbraidingx4       =    0.000000
   RPHbraidingx5       =    0.000000
   RPHbraidingx6       =    0.000001
   RPHbraidingx7       =    0.000001
   RPHbraidingx8       =    0.000002
   RPHbraidingx9       =    0.000003
   RPHbraidingx10      =    0.000004
   RPHbraidingx11      =    0.000005
   RPHbraidingx12      =    0.000007
   RPHbraidingx13      =    0.000009
   RPHbraidingx14      =    0.000011
   RPHbraidingx15      =    0.000014
   RPHbraidingx16      =    0.000017
   RPHbraidingx17      =    0.000020
   RPHbraidingx18      =    0.000024
   RPHbraidingx19      =    0.000029
   RPHbraidingx20      =    0.000033
   RPHbraidingx21      =    0.000039
   RPHbraidingx22      =    0.000045
   RPHbraidingx23      =    0.000052
   RPHbraidingx24      =    0.000059
   RPHbraidingx25      =    0.000067
   RPHbraidingx26      =    0.000075
   RPHbraidingx27      =    0.000085
   RPHbraidingx28      =    0.000095
   RPHbraidingx29      =    0.000106
   RPHbraidingx30      =    0.000117
   RPHbraidingx31      =    0.000130
   RPHbraidingx32      =    0.000143
   RPHbraidingx33      =    0.000157
   RPHbraidingx34      =    0.000172
   RPHbraidingx35      =    0.000188
   RPHbraidingx36      =    0.000205
   RPHbraidingx37      =    0.000223
   RPHbraidingx38      =    0.000242
   RPHbraidingx39      =    0.000262
   RPHbraidingx40      =    0.000283
   RPHbraidingx41      =    0.000305
   RPHbraidingx42      =    0.000328
   RPHbraidingx43      =    0.000353
   RPHbraidingx44      =    0.000378
   RPHbraidingx45      =    0.000405
   RPHbraidingx46      =    0.000433
   RPHbraidingx47      =    0.000463
   RPHbraidingx48      =    0.000493
   RPHbraidingx49      =    0.000525
   RPHbraidingx50      =    0.000559
   RPHbraidingx51      =    0.000593
   RPHbraidingx52      =    0.000630
   RPHbraidingx53      =    0.000667
   RPHbraidingx54      =    0.000706
   RPHbraidingx55      =    0.000747
   RPHbraidingx56      =    0.000789
   RPHbraidingx57      =    0.000832
   RPHbraidingx58      =    0.000877
   RPHbraidingx59      =    0.000924
   RPHbraidingx60      =    0.000973
   RPHbraidingx61      =    0.001023
   RPHbraidingx62      =    0.001074
   RPHbraidingx63      =    0.001128
   RPHbraidingx64      =    0.001183
   RPHbraidingx65      =    0.001240
   RPHbraidingx66      =    0.001299
   RPHbraidingx67      =    0.001359
   RPHbraidingx68      =    0.001422
   RPHbraidingx69      =    0.001486
   RPHbraidingx70      =    0.001553
   RPHbraidingx71      =    0.001621
   RPHbraidingx72      =    0.001691
   RPHbraidingx73      =    0.001763
   RPHbraidingx74      =    0.001837
   RPHbraidingx75      =    0.001914
   RPHbraidingx76      =    0.001992
   RPHbraidingx77      =    0.002072
   RPHbraidingx78      =    0.002155
   RPHbraidingx79      =    0.002240
   RPHbraidingx80      =    0.002327
   RPHbraidingx81      =    0.002416
   RPHbraidingx82      =    0.002507
   RPHbraidingx83      =    0.002601
   RPHbraidingx84      =    0.002697
   RPHbraidingx85      =    0.002795
   RPHbraidingx86      =    0.002896
   RPHbraidingx87      =    0.002999
   RPHbraidingx88      =    0.003104
   RPHbraidingx89      =    0.003212
   RPHbraidingx90      =    0.003323
   RPHbraidingx91      =    0.003436
   RPHbraidingx92      =    0.003551
   RPHbraidingx93      =    0.003669
   RPHbraidingx94      =    0.003790
   RPHbraidingx95      =    0.003913
   RPHbraidingx96      =    0.004039
   RPHbraidingx97      =    0.004167
   RPHbraidingx98      =    0.004298
   RPHbraidingx99      =    0.004432
   RPHbraidingx100     =    0.004569
   RPHbraidingx101     =    0.004708
   RPHbraidingx102     =    0.004851
   RPHbraidingx103     =    0.004996
   RPHbraidingx104     =    0.005144
   RPHbraidingx105     =    0.005295
   RPHbraidingx106     =    0.005448
   RPHbraidingx107     =    0.005605
   RPHbraidingx108     =    0.005765
   RPHbraidingx109     =    0.005928
   RPHbraidingx110     =    0.006093
   RPHbraidingx111     =    0.006262
   RPHbraidingx112     =    0.006434
   RPHbraidingx113     =    0.006609
   RPHbraidingx114     =    0.006787
   RPHbraidingx115     =    0.006969
   RPHbraidingx116     =    0.007153
   RPHbraidingx117     =    0.007341
   RPHbraidingx118     =    0.007532
   RPHbraidingx119     =    0.007726
   RPHbraidingx120     =    0.007924
   RPHbraidingx121     =    0.008125
   RPHbraidingx122     =    0.008329
   RPHbraidingx123     =    0.008537
   RPHbraidingx124     =    0.008748
   RPHbraidingx125     =    0.008963
   RPHbraidingx126     =    0.009181
   RPHbraidingx127     =    0.009403
   RPHbraidingx128     =    0.009628
   RPHbraidingx129     =    0.009856
   RPHbraidingx130     =    0.010089
   RPHbraidingx131     =    0.010325
   RPHbraidingx132     =    0.010564
   RPHbraidingx133     =    0.010807
   RPHbraidingx134     =    0.011054
   RPHbraidingx135     =    0.011305
   RPHbraidingx136     =    0.011560
   RPHbraidingx137     =    0.011818
   RPHbraidingx138     =    0.012080
   RPHbraidingx139     =    0.012346
   RPHbraidingx140     =    0.012616
   RPHbraidingx141     =    0.012889
   RPHbraidingx142     =    0.013167
   RPHbraidingx143     =    0.013449
   RPHbraidingx144     =    0.013734
   RPHbraidingx145     =    0.014024
   RPHbraidingx146     =    0.014317
   RPHbraidingx147     =    0.014615
   RPHbraidingx148     =    0.014917
   RPHbraidingx149     =    0.015223
   RPHbraidingx150     =    0.015533
   RPHbraidingx151     =    0.015847
   RPHbraidingx152     =    0.016166
   RPHbraidingx153     =    0.016488
   RPHbraidingx154     =    0.016815
   RPHbraidingx155     =    0.017146
   RPHbraidingx156     =    0.017482
   RPHbraidingx157     =    0.017822
   RPHbraidingx158     =    0.018166
   RPHbraidingx159     =    0.018515
   RPHbraidingx160     =    0.018868
   RPHbraidingx161     =    0.019226
   RPHbraidingx162     =    0.019588
   RPHbraidingx163     =    0.019955
   RPHbraidingx164     =    0.020326
   RPHbraidingx165     =    0.020701
   RPHbraidingx166     =    0.021082
   RPHbraidingx167     =    0.021467
   RPHbraidingx168     =    0.021856
   RPHbraidingx169     =    0.022251
   RPHbraidingx170     =    0.022650
   RPHbraidingx171     =    0.023054
   RPHbraidingx172     =    0.023462
   RPHbraidingx173     =    0.023875
   RPHbraidingx174     =    0.024294
   RPHbraidingx175     =    0.024717
   RPHbraidingx176     =    0.025145
   RPHbraidingx177     =    0.025577
   RPHbraidingx178     =    0.026015
   RPHbraidingx179     =    0.026458
   RPHbraidingx180     =    0.026906
   RPHbraidingx181     =    0.027358
   RPHbraidingx182     =    0.027816
   RPHbraidingx183     =    0.028279
   RPHbraidingx184     =    0.028747
   RPHbraidingx185     =    0.029220
   RPHbraidingx186     =    0.029698
   RPHbraidingx187     =    0.030182
   RPHbraidingx188     =    0.030671
   RPHbraidingx189     =    0.031165
   RPHbraidingx190     =    0.031664
   RPHbraidingx191     =    0.032168
   RPHbraidingx192     =    0.032678
   RPHbraidingx193     =    0.033193
   RPHbraidingx194     =    0.033714
   RPHbraidingx195     =    0.034240
   RPHbraidingx196     =    0.034771
   RPHbraidingx197     =    0.035308
   RPHbraidingx198     =    0.035851
   RPHbraidingx199     =    0.036399
   RPHbraidingx200     =    0.036952
   RPHbraidingx201     =    0.037511
   RPHbraidingx202     =    0.038076
   RPHbraidingx203     =    0.038646
   RPHbraidingx204     =    0.039222
   RPHbraidingx205     =    0.039804
   RPHbraidingx206     =    0.040392
   RPHbraidingx207     =    0.040985
   RPHbraidingx208     =    0.041584
   RPHbraidingx209     =    0.042188
   RPHbraidingx210     =    0.042799
   RPHbraidingx211     =    0.043415
   RPHbraidingx212     =    0.044038
   RPHbraidingx213     =    0.044666
   RPHbraidingx214     =    0.045300
   RPHbraidingx215     =    0.045940
   RPHbraidingx216     =    0.046587
   RPHbraidingx217     =    0.047239
   RPHbraidingx218     =    0.047897
   RPHbraidingx219     =    0.048562
   RPHbraidingx220     =    0.049232
   RPHbraidingx221     =    0.049909
   RPHbraidingx222     =    0.050592
   RPHbraidingx223     =    0.051281
   RPHbraidingx224     =    0.051976
   RPHbraidingx225     =    0.052677
   RPHbraidingx226     =    0.053385
   RPHbraidingx227     =    0.054099
   RPHbraidingx228     =    0.054820
   RPHbraidingx229     =    0.055546
   RPHbraidingx230     =    0.056279
   RPHbraidingx231     =    0.057019
   RPHbraidingx232     =    0.057765
   RPHbraidingx233     =    0.058518
   RPHbraidingx234     =    0.059277
   RPHbraidingx235     =    0.060042
   RPHbraidingx236     =    0.060814
   RPHbraidingx237     =    0.061593
   RPHbraidingx238     =    0.062379
   RPHbraidingx239     =    0.063171
   RPHbraidingx240     =    0.063969
   RPHbraidingx241     =    0.064775
   RPHbraidingx242     =    0.065587
   RPHbraidingx243     =    0.066406
   RPHbraidingx244     =    0.067231
   RPHbraidingx245     =    0.068064
   RPHbraidingx246     =    0.068903
   RPHbraidingx247     =    0.069749
   RPHbraidingx248     =    0.070602
   RPHbraidingx249     =    0.071462
   RPHbraidingx250     =    0.072329
   RPHbraidingx251     =    0.073203
   RPHbraidingx252     =    0.074084
   RPHbraidingx253     =    0.074972
   RPHbraidingx254     =    0.075867
   RPHbraidingx255     =    0.076770
   RPHbraidingx256     =    0.077679
   RPHbraidingx257     =    0.078595
   RPHbraidingx258     =    0.079519
   RPHbraidingx259     =    0.080450
   RPHbraidingx260     =    0.081388
   RPHbraidingx261     =    0.082333
   RPHbraidingx262     =    0.083286
   RPHbraidingx263     =    0.084246
   RPHbraidingx264     =    0.085213
   RPHbraidingx265     =    0.086188
   RPHbraidingx266     =    0.087170
   RPHbraidingx267     =    0.088160
   RPHbraidingx268     =    0.089156
   RPHbraidingx269     =    0.090161
   RPHbraidingx270     =    0.091173
   RPHbraidingx271     =    0.092192
   RPHbraidingx272     =    0.093220
   RPHbraidingx273     =    0.094254
   RPHbraidingx274     =    0.095297
   RPHbraidingx275     =    0.096347
   RPHbraidingx276     =    0.097404
   RPHbraidingx277     =    0.098470
   RPHbraidingx278     =    0.099543
   RPHbraidingx279     =    0.100624
   RPHbraidingx280     =    0.101712
   RPHbraidingx281     =    0.102809
   RPHbraidingx282     =    0.103913
   RPHbraidingx283     =    0.105025
   RPHbraidingx284     =    0.106146
   RPHbraidingx285     =    0.107274
   RPHbraidingx286     =    0.108410
   RPHbraidingx287     =    0.109554
   RPHbraidingx288     =    0.110706
   RPHbraidingx289     =    0.111866
   RPHbraidingx290     =    0.113034
   RPHbraidingx291     =    0.114210
   RPHbraidingx292     =    0.115395
   RPHbraidingx293     =    0.116587
   RPHbraidingx294     =    0.117788
   RPHbraidingx295     =    0.118997
   RPHbraidingx296     =    0.120214
   RPHbraidingx297     =    0.121440
   RPHbraidingx298     =    0.122674
   RPHbraidingx299     =    0.123916
   RPHbraidingx300     =    0.125166
   RPHbraidingx301     =    0.126425
   RPHbraidingx302     =    0.127693
   RPHbraidingx303     =    0.128968
   RPHbraidingx304     =    0.130253
   RPHbraidingx305     =    0.131545
   RPHbraidingx306     =    0.132846
   RPHbraidingx307     =    0.134156
   RPHbraidingx308     =    0.135475
   RPHbraidingx309     =    0.136802
   RPHbraidingx310     =    0.138137
   RPHbraidingx311     =    0.139481
   RPHbraidingx312     =    0.140834
   RPHbraidingx313     =    0.142196
   RPHbraidingx314     =    0.143567
   RPHbraidingx315     =    0.144946
   RPHbraidingx316     =    0.146334
   RPHbraidingx317     =    0.147731
   RPHbraidingx318     =    0.149136
   RPHbraidingx319     =    0.150551
   RPHbraidingx320     =    0.151974
   RPHbraidingx321     =    0.153407
   RPHbraidingx322     =    0.154848
   RPHbraidingx323     =    0.156299
   RPHbraidingx324     =    0.157758
   RPHbraidingx325     =    0.159227
   RPHbraidingx326     =    0.160704
   RPHbraidingx327     =    0.162191
   RPHbraidingx328     =    0.163687
   RPHbraidingx329     =    0.165192
   RPHbraidingx330     =    0.166706
   RPHbraidingx331     =    0.168230
   RPHbraidingx332     =    0.169762
   RPHbraidingx333     =    0.171304
   RPHbraidingx334     =    0.172856
   RPHbraidingx335     =    0.174416
   RPHbraidingx336     =    0.175986
   RPHbraidingx337     =    0.177566
   RPHbraidingx338     =    0.179154
   RPHbraidingx339     =    0.180753
   RPHbraidingx340     =    0.182360
   RPHbraidingx341     =    0.183978
   RPHbraidingx342     =    0.185604
   RPHbraidingx343     =    0.187241
   RPHbraidingx344     =    0.188887
   RPHbraidingx345     =    0.190542
   RPHbraidingx346     =    0.192208
   RPHbraidingx347     =    0.193882
   RPHbraidingx348     =    0.195567
   RPHbraidingx349     =    0.197261
   RPHbraidingx350     =    0.198965
   RPHbraidingx351     =    0.200679
   RPHbraidingx352     =    0.202403
   RPHbraidingx353     =    0.204136
   RPHbraidingx354     =    0.205880
   RPHbraidingx355     =    0.207633
   RPHbraidingx356     =    0.209396
   RPHbraidingx357     =    0.211169
   RPHbraidingx358     =    0.212952
   RPHbraidingx359     =    0.214746
   RPHbraidingx360     =    0.216549
   RPHbraidingx361     =    0.218362
   RPHbraidingx362     =    0.220185
   RPHbraidingx363     =    0.222019
   RPHbraidingx364     =    0.223862
   RPHbraidingx365     =    0.225716
   RPHbraidingx366     =    0.227580
   RPHbraidingx367     =    0.229454
   RPHbraidingx368     =    0.231339
   RPHbraidingx369     =    0.233234
   RPHbraidingx370     =    0.235139
   RPHbraidingx371     =    0.237054
   RPHbraidingx372     =    0.238980
   RPHbraidingx373     =    0.240916
   RPHbraidingx374     =    0.242863
   RPHbraidingx375     =    0.244820
   RPHbraidingx376     =    0.246787
   RPHbraidingx377     =    0.248766
   RPHbraidingx378     =    0.250754
   RPHbraidingx379     =    0.252753
   RPHbraidingx380     =    0.254763
   RPHbraidingx381     =    0.256784
   RPHbraidingx382     =    0.258815
   RPHbraidingx383     =    0.260856
   RPHbraidingx384     =    0.262909
   RPHbraidingx385     =    0.264972
   RPHbraidingx386     =    0.267046
   RPHbraidingx387     =    0.269131
   RPHbraidingx388     =    0.271227
   RPHbraidingx389     =    0.273333
   RPHbraidingx390     =    0.275450
   RPHbraidingx391     =    0.277579
   RPHbraidingx392     =    0.279718
   RPHbraidingx393     =    0.281868
   RPHbraidingx394     =    0.284029
   RPHbraidingx395     =    0.286201
   RPHbraidingx396     =    0.288384
   RPHbraidingx397     =    0.290579
   RPHbraidingx398     =    0.292784
   RPHbraidingx399     =    0.295000
   RPHbraidingx400     =    0.297228
   RPHbraidingx401     =    0.299467
   RPHbraidingx402     =    0.301717
   RPHbraidingx403     =    0.303978
   RPHbraidingx404     =    0.306251
   RPHbraidingx405     =    0.308535
   RPHbraidingx406     =    0.310830
   RPHbraidingx407     =    0.313137
   RPHbraidingx408     =    0.315454
   RPHbraidingx409     =    0.317784
   RPHbraidingx410     =    0.320125
   RPHbraidingx411     =    0.322477
   RPHbraidingx412     =    0.324841
   RPHbraidingx413     =    0.327216
   RPHbraidingx414     =    0.329603
   RPHbraidingx415     =    0.332001
   RPHbraidingx416     =    0.334411
   RPHbraidingx417     =    0.336833
   RPHbraidingx418     =    0.339266
   RPHbraidingx419     =    0.341711
   RPHbraidingx420     =    0.344168
   RPHbraidingx421     =    0.346636
   RPHbraidingx422     =    0.349116
   RPHbraidingx423     =    0.351608
   RPHbraidingx424     =    0.354112
   RPHbraidingx425     =    0.356628
   RPHbraidingx426     =    0.359156
   RPHbraidingx427     =    0.361695
   RPHbraidingx428     =    0.364247
   RPHbraidingx429     =    0.366810
   RPHbraidingx430     =    0.369385
   RPHbraidingx431     =    0.371973
   RPHbraidingx432     =    0.374572
   RPHbraidingx433     =    0.377184
   RPHbraidingx434     =    0.379808
   RPHbraidingx435     =    0.382444
   RPHbraidingx436     =    0.385092
   RPHbraidingx437     =    0.387752
   RPHbraidingx438     =    0.390424
   RPHbraidingx439     =    0.393109
   RPHbraidingx440     =    0.395806
   RPHbraidingx441     =    0.398515
   RPHbraidingx442     =    0.401237
   RPHbraidingx443     =    0.403971
   RPHbraidingx444     =    0.406717
   RPHbraidingx445     =    0.409476
   RPHbraidingx446     =    0.412247
   RPHbraidingx447     =    0.415031
   RPHbraidingx448     =    0.417827
   RPHbraidingx449     =    0.420636
   RPHbraidingx450     =    0.423457
   RPHbraidingx451     =    0.426291
   RPHbraidingx452     =    0.429137
   RPHbraidingx453     =    0.431997
   RPHbraidingx454     =    0.434868
   RPHbraidingx455     =    0.437753
   RPHbraidingx456     =    0.440650
   RPHbraidingx457     =    0.443560
   RPHbraidingx458     =    0.446483
   RPHbraidingx459     =    0.449418
   RPHbraidingx460     =    0.452367
   RPHbraidingx461     =    0.455328
   RPHbraidingx462     =    0.458302
   RPHbraidingx463     =    0.461290
   RPHbraidingx464     =    0.464290
   RPHbraidingx465     =    0.467303
   RPHbraidingx466     =    0.470329
   RPHbraidingx467     =    0.473368
   RPHbraidingx468     =    0.476420
   RPHbraidingx469     =    0.479485
   RPHbraidingx470     =    0.482564
   RPHbraidingx471     =    0.485655
   RPHbraidingx472     =    0.488760
   RPHbraidingx473     =    0.491878
   RPHbraidingx474     =    0.495009
   RPHbraidingx475     =    0.498153
   RPHbraidingx476     =    0.501311
   RPHbraidingx477     =    0.504482
   RPHbraidingx478     =    0.507666
   RPHbraidingx479     =    0.510864
   RPHbraidingx480     =    0.514075
   RPHbraidingx481     =    0.517299
   RPHbraidingx482     =    0.520537
   RPHbraidingx483     =    0.523789
   RPHbraidingx484     =    0.527054
   RPHbraidingx485     =    0.530332
   RPHbraidingx486     =    0.533624
   RPHbraidingx487     =    0.536930
   RPHbraidingx488     =    0.540249
   RPHbraidingx489     =    0.543582
   RPHbraidingx490     =    0.546929
   RPHbraidingx491     =    0.550289
   RPHbraidingx492     =    0.553664
   RPHbraidingx493     =    0.557051
   RPHbraidingx494     =    0.560453
   RPHbraidingx495     =    0.563868
   RPHbraidingx496     =    0.567298
   RPHbraidingx497     =    0.570741
   RPHbraidingx498     =    0.574198
   RPHbraidingx499     =    0.577669
   RPHbraidingx500     =    0.581154
   RPHbraidingx501     =    0.584653
   RPHbraidingx502     =    0.588166
   RPHbraidingx503     =    0.591693
   RPHbraidingx504     =    0.595234
   RPHbraidingx505     =    0.598789
   RPHbraidingx506     =    0.602359
   RPHbraidingx507     =    0.605942
   RPHbraidingx508     =    0.609540
   RPHbraidingx509     =    0.613152
   RPHbraidingx510     =    0.616778
   RPHbraidingx511     =    0.620418
   RPHbraidingx512     =    0.624073
   RPHbraidingx513     =    0.627742
   RPHbraidingx514     =    0.631425
   RPHbraidingx515     =    0.635123
   RPHbraidingx516     =    0.638835
   RPHbraidingx517     =    0.642562
   RPHbraidingx518     =    0.646303
   RPHbraidingx519     =    0.650058
   RPHbraidingx520     =    0.653828
   RPHbraidingx521     =    0.657613
   RPHbraidingx522     =    0.661412
   RPHbraidingx523     =    0.665226
   RPHbraidingx524     =    0.669054
   RPHbraidingx525     =    0.672897
   RPHbraidingx526     =    0.676755
   RPHbraidingx527     =    0.680628
   RPHbraidingx528     =    0.684515
   RPHbraidingx529     =    0.688417
   RPHbraidingx530     =    0.692334
   RPHbraidingx531     =    0.696265
   RPHbraidingx532     =    0.700212
   RPHbraidingx533     =    0.704173
   RPHbraidingx534     =    0.708150
   RPHbraidingx535     =    0.712141
   RPHbraidingx536     =    0.716147
   RPHbraidingx537     =    0.720168
   RPHbraidingx538     =    0.724204
   RPHbraidingx539     =    0.728256
   RPHbraidingx540     =    0.732322
   RPHbraidingx541     =    0.736404
   RPHbraidingx542     =    0.740500
   RPHbraidingx543     =    0.744612
   RPHbraidingx544     =    0.748739
   RPHbraidingx545     =    0.752881
   RPHbraidingx546     =    0.757038
   RPHbraidingx547     =    0.761211
   RPHbraidingx548     =    0.765399
   RPHbraidingx549     =    0.769603
   RPHbraidingx550     =    0.773821
   RPHbraidingx551     =    0.778055
   RPHbraidingx552     =    0.782305
   RPHbraidingx553     =    0.786570
   RPHbraidingx554     =    0.790850
   RPHbraidingx555     =    0.795146
   RPHbraidingx556     =    0.799458
   RPHbraidingx557     =    0.803785
   RPHbraidingx558     =    0.808127
   RPHbraidingx559     =    0.812485
   RPHbraidingx560     =    0.816859
   RPHbraidingx561     =    0.821249
   RPHbraidingx562     =    0.825654
   RPHbraidingx563     =    0.830075
   RPHbraidingx564     =    0.834512
   RPHbraidingx565     =    0.838964
   RPHbraidingx566     =    0.843432
   RPHbraidingx567     =    0.847917
   RPHbraidingx568     =    0.852417
   RPHbraidingx569     =    0.856932
   RPHbraidingx570     =    0.861464
   RPHbraidingx571     =    0.866012
   RPHbraidingx572     =    0.870576
   RPHbraidingx573     =    0.875155
   RPHbraidingx574     =    0.879751
   RPHbraidingx575     =    0.884363
   RPHbraidingx576     =    0.888991
   RPHbraidingx577     =    0.893635
   RPHbraidingx578     =    0.898295
   RPHbraidingx579     =    0.902972
   RPHbraidingx580     =    0.907664
   RPHbraidingx581     =    0.912373
   RPHbraidingx582     =    0.917098
   RPHbraidingx583     =    0.921839
   RPHbraidingx584     =    0.926597
   RPHbraidingx585     =    0.931371
   RPHbraidingx586     =    0.936161
   RPHbraidingx587     =    0.940968
   RPHbraidingx588     =    0.945791
   RPHbraidingx589     =    0.950631
   RPHbraidingx590     =    0.955487
   RPHbraidingx591     =    0.960360
   RPHbraidingx592     =    0.965249
   RPHbraidingx593     =    0.970154
   RPHbraidingx594     =    0.975077
   RPHbraidingx595     =    0.980016
   RPHbraidingx596     =    0.984971
   RPHbraidingx597     =    0.989944
   RPHbraidingx598     =    0.994933
   RPHbraidingx599     =    0.999938
   RPHbraidingx600     =    1.004961
   RPHbraidingx601     =    1.010000
   RPHbraidingv1       =   -0.000000
   RPHbraidingv2       =   -0.000000
   RPHbraidingv3       =   -0.000000
   RPHbraidingv4       =   -0.000000
   RPHbraidingv5       =   -0.000000
   RPHbraidingv6       =   -0.000000
   RPHbraidingv7       =   -0.000000
   RPHbraidingv8       =   -0.000000
   RPHbraidingv9       =   -0.000000
   RPHbraidingv10      =   -0.000000
   RPHbraidingv11      =   -0.000000
   RPHbraidingv12      =   -0.000000
   RPHbraidingv13      =   -0.000000
   RPHbraidingv14      =   -0.000000
   RPHbraidingv15      =   -0.000000
   RPHbraidingv16      =   -0.000000
   RPHbraidingv17      =   -0.000000
   RPHbraidingv18      =   -0.000000
   RPHbraidingv19      =   -0.000000
   RPHbraidingv20      =   -0.000000
   RPHbraidingv21      =   -0.000000
   RPHbraidingv22      =   -0.000000
   RPHbraidingv23      =   -0.000000
   RPHbraidingv24      =   -0.000000
   RPHbraidingv25      =   -0.000000
   RPHbraidingv26      =   -0.000000
   RPHbraidingv27      =   -0.000000
   RPHbraidingv28      =   -0.000000
   RPHbraidingv29      =   -0.000000
   RPHbraidingv30      =   -0.000000
   RPHbraidingv31      =   -0.000000
   RPHbraidingv32      =   -0.000000
   RPHbraidingv33      =   -0.000000
   RPHbraidingv34      =   -0.000000
   RPHbraidingv35      =   -0.000000
   RPHbraidingv36      =   -0.000000
   RPHbraidingv37      =   -0.000000
   RPHbraidingv38      =   -0.000000
   RPHbraidingv39      =   -0.000000
   RPHbraidingv40      =   -0.000000
   RPHbraidingv41      =   -0.000000
   RPHbraidingv42      =   -0.000000
   RPHbraidingv43      =   -0.000000
   RPHbraidingv44      =   -0.000000
   RPHbraidingv45      =   -0.000000
   RPHbraidingv46      =   -0.000000
   RPHbraidingv47      =   -0.000000
   RPHbraidingv48      =   -0.000000
   RPHbraidingv49      =   -0.000000
   RPHbraidingv50      =   -0.000000
   RPHbraidingv51      =   -0.000000
   RPHbraidingv52      =   -0.000000
   RPHbraidingv53      =   -0.000000
   RPHbraidingv54      =   -0.000000
   RPHbraidingv55      =   -0.000000
   RPHbraidingv56      =   -0.000000
   RPHbraidingv57      =   -0.000000
   RPHbraidingv58      =   -0.000000
   RPHbraidingv59      =   -0.000000
   RPHbraidingv60      =   -0.000000
   RPHbraidingv61      =   -0.000000
   RPHbraidingv62      =   -0.000000
   RPHbraidingv63      =   -0.000000
   RPHbraidingv64      =   -0.000000
   RPHbraidingv65      =   -0.000000
   RPHbraidingv66      =   -0.000000
   RPHbraidingv67      =   -0.000000
   RPHbraidingv68      =   -0.000000
   RPHbraidingv69      =   -0.000000
   RPHbraidingv70      =   -0.000000
   RPHbraidingv71      =   -0.000000
   RPHbraidingv72      =   -0.000000
   RPHbraidingv73      =   -0.000000
   RPHbraidingv74      =   -0.000000
   RPHbraidingv75      =   -0.000000
   RPHbraidingv76      =   -0.000000
   RPHbraidingv77      =   -0.000000
   RPHbraidingv78      =   -0.000000
   RPHbraidingv79      =   -0.000000
   RPHbraidingv80      =   -0.000000
   RPHbraidingv81      =   -0.000000
   RPHbraidingv82      =   -0.000000
   RPHbraidingv83      =   -0.000000
   RPHbraidingv84      =   -0.000000
   RPHbraidingv85      =   -0.000000
   RPHbraidingv86      =   -0.000000
   RPHbraidingv87      =   -0.000000
   RPHbraidingv88      =   -0.000000
   RPHbraidingv89      =   -0.000000
   RPHbraidingv90      =   -0.000000
   RPHbraidingv91      =   -0.000000
   RPHbraidingv92      =   -0.000000
   RPHbraidingv93      =   -0.000000
   RPHbraidingv94      =   -0.000000
   RPHbraidingv95      =   -0.000000
   RPHbraidingv96      =   -0.000000
   RPHbraidingv97      =   -0.000000
   RPHbraidingv98      =   -0.000000
   RPHbraidingv99      =   -0.000000
   RPHbraidingv100     =   -0.000000
   RPHbraidingv101     =   -0.000000
   RPHbraidingv102     =   -0.000000
   RPHbraidingv103     =   -0.000000
   RPHbraidingv104     =   -0.000000
   RPHbraidingv105     =   -0.000000
   RPHbraidingv106     =   -0.000000
   RPHbraidingv107     =   -0.000000
   RPHbraidingv108     =   -0.000000
   RPHbraidingv109     =   -0.000000
   RPHbraidingv110     =   -0.000000
   RPHbraidingv111     =   -0.000000
   RPHbraidingv112     =   -0.000000
   RPHbraidingv113     =   -0.000000
   RPHbraidingv114     =   -0.000000
   RPHbraidingv115     =   -0.000000
   RPHbraidingv116     =   -0.000000
   RPHbraidingv117     =   -0.000000
   RPHbraidingv118     =   -0.000000
   RPHbraidingv119     =   -0.000000
   RPHbraidingv120     =   -0.000000
   RPHbraidingv121     =   -0.000000
   RPHbraidingv122     =   -0.000000
   RPHbraidingv123     =   -0.000000
   RPHbraidingv124     =   -0.000000
   RPHbraidingv125     =   -0.000000
   RPHbraidingv126     =   -0.000000
   RPHbraidingv127     =   -0.000000
   RPHbraidingv128     =   -0.000000
   RPHbraidingv129     =   -0.000000
   RPHbraidingv130     =   -0.000000
   RPHbraidingv131     =   -0.000000
   RPHbraidingv132     =   -0.000000
   RPHbraidingv133     =   -0.000000
   RPHbraidingv134     =   -0.000001
   RPHbraidingv135     =   -0.000001
   RPHbraidingv136     =   -0.000001
   RPHbraidingv137     =   -0.000001
   RPHbraidingv138     =   -0.000001
   RPHbraidingv139     =   -0.000001
   RPHbraidingv140     =   -0.000001
   RPHbraidingv141     =   -0.000001
   RPHbraidingv142     =   -0.000001
   RPHbraidingv143     =   -0.000001
   RPHbraidingv144     =   -0.000001
   RPHbraidingv145     =   -0.000001
   RPHbraidingv146     =   -0.000001
   RPHbraidingv147     =   -0.000001
   RPHbraidingv148     =   -0.000001
   RPHbraidingv149     =   -0.000001
   RPHbraidingv150     =   -0.000001
   RPHbraidingv151     =   -0.000002
   RPHbraidingv152     =   -0.000002
   RPHbraidingv153     =   -0.000002
   RPHbraidingv154     =   -0.000002
   RPHbraidingv155     =   -0.000002
   RPHbraidingv156     =   -0.000002
   RPHbraidingv157     =   -0.000002
   RPHbraidingv158     =   -0.000002
   RPHbraidingv159     =   -0.000003
   RPHbraidingv160     =   -0.000003
   RPHbraidingv161     =   -0.000003
   RPHbraidingv162     =   -0.000003
   RPHbraidingv163     =   -0.000003
   RPHbraidingv164     =   -0.000003
   RPHbraidingv165     =   -0.000004
   RPHbraidingv166     =   -0.000004
   RPHbraidingv167     =   -0.000004
   RPHbraidingv168     =   -0.000004
   RPHbraidingv169     =   -0.000004
   RPHbraidingv170     =   -0.000005
   RPHbraidingv171     =   -0.000005
   RPHbraidingv172     =   -0.000005
   RPHbraidingv173     =   -0.000005
   RPHbraidingv174     =   -0.000006
   RPHbraidingv175     =   -0.000006
   RPHbraidingv176     =   -0.000006
   RPHbraidingv177     =   -0.000007
   RPHbraidingv178     =   -0.000007
   RPHbraidingv179     =   -0.000008
   RPHbraidingv180     =   -0.000008
   RPHbraidingv181     =   -0.000008
   RPHbraidingv182     =   -0.000009
   RPHbraidingv183     =   -0.000009
   RPHbraidingv184     =   -0.000010
   RPHbraidingv185     =   -0.000010
   RPHbraidingv186     =   -0.000011
   RPHbraidingv187     =   -0.000011
   RPHbraidingv188     =   -0.000012
   RPHbraidingv189     =   -0.000012
   RPHbraidingv190     =   -0.000013
   RPHbraidingv191     =   -0.000014
   RPHbraidingv192     =   -0.000014
   RPHbraidingv193     =   -0.000015
   RPHbraidingv194     =   -0.000016
   RPHbraidingv195     =   -0.000017
   RPHbraidingv196     =   -0.000017
   RPHbraidingv197     =   -0.000018
   RPHbraidingv198     =   -0.000019
   RPHbraidingv199     =   -0.000020
   RPHbraidingv200     =   -0.000021
   RPHbraidingv201     =   -0.000022
   RPHbraidingv202     =   -0.000023
   RPHbraidingv203     =   -0.000024
   RPHbraidingv204     =   -0.000025
   RPHbraidingv205     =   -0.000026
   RPHbraidingv206     =   -0.000027
   RPHbraidingv207     =   -0.000029
   RPHbraidingv208     =   -0.000030
   RPHbraidingv209     =   -0.000031
   RPHbraidingv210     =   -0.000033
   RPHbraidingv211     =   -0.000034
   RPHbraidingv212     =   -0.000036
   RPHbraidingv213     =   -0.000037
   RPHbraidingv214     =   -0.000039
   RPHbraidingv215     =   -0.000041
   RPHbraidingv216     =   -0.000042
   RPHbraidingv217     =   -0.000044
   RPHbraidingv218     =   -0.000046
   RPHbraidingv219     =   -0.000048
   RPHbraidingv220     =   -0.000050
   RPHbraidingv221     =   -0.000052
   RPHbraidingv222     =   -0.000055
   RPHbraidingv223     =   -0.000057
   RPHbraidingv224     =   -0.000059
   RPHbraidingv225     =   -0.000062
   RPHbraidingv226     =   -0.000064
   RPHbraidingv227     =   -0.000067
   RPHbraidingv228     =   -0.000070
   RPHbraidingv229     =   -0.000073
   RPHbraidingv230     =   -0.000076
   RPHbraidingv231     =   -0.000079
   RPHbraidingv232     =   -0.000082
   RPHbraidingv233     =   -0.000085
   RPHbraidingv234     =   -0.000089
   RPHbraidingv235     =   -0.000092
   RPHbraidingv236     =   -0.000096
   RPHbraidingv237     =   -0.000100
   RPHbraidingv238     =   -0.000104
   RPHbraidingv239     =   -0.000108
   RPHbraidingv240     =   -0.000112
   RPHbraidingv241     =   -0.000116
   RPHbraidingv242     =   -0.000121
   RPHbraidingv243     =   -0.000126
   RPHbraidingv244     =   -0.000131
   RPHbraidingv245     =   -0.000136
   RPHbraidingv246     =   -0.000141
   RPHbraidingv247     =   -0.000146
   RPHbraidingv248     =   -0.000152
   RPHbraidingv249     =   -0.000157
   RPHbraidingv250     =   -0.000163
   RPHbraidingv251     =   -0.000169
   RPHbraidingv252     =   -0.000176
   RPHbraidingv253     =   -0.000182
   RPHbraidingv254     =   -0.000189
   RPHbraidingv255     =   -0.000196
   RPHbraidingv256     =   -0.000203
   RPHbraidingv257     =   -0.000211
   RPHbraidingv258     =   -0.000218
   RPHbraidingv259     =   -0.000226
   RPHbraidingv260     =   -0.000235
   RPHbraidingv261     =   -0.000243
   RPHbraidingv262     =   -0.000252
   RPHbraidingv263     =   -0.000261
   RPHbraidingv264     =   -0.000270
   RPHbraidingv265     =   -0.000280
   RPHbraidingv266     =   -0.000289
   RPHbraidingv267     =   -0.000300
   RPHbraidingv268     =   -0.000310
   RPHbraidingv269     =   -0.000321
   RPHbraidingv270     =   -0.000332
   RPHbraidingv271     =   -0.000344
   RPHbraidingv272     =   -0.000356
   RPHbraidingv273     =   -0.000368
   RPHbraidingv274     =   -0.000380
   RPHbraidingv275     =   -0.000393
   RPHbraidingv276     =   -0.000407
   RPHbraidingv277     =   -0.000421
   RPHbraidingv278     =   -0.000435
   RPHbraidingv279     =   -0.000449
   RPHbraidingv280     =   -0.000464
   RPHbraidingv281     =   -0.000480
   RPHbraidingv282     =   -0.000496
   RPHbraidingv283     =   -0.000512
   RPHbraidingv284     =   -0.000529
   RPHbraidingv285     =   -0.000547
   RPHbraidingv286     =   -0.000565
   RPHbraidingv287     =   -0.000583
   RPHbraidingv288     =   -0.000602
   RPHbraidingv289     =   -0.000621
   RPHbraidingv290     =   -0.000642
   RPHbraidingv291     =   -0.000662
   RPHbraidingv292     =   -0.000683
   RPHbraidingv293     =   -0.000705
   RPHbraidingv294     =   -0.000728
   RPHbraidingv295     =   -0.000751
   RPHbraidingv296     =   -0.000774
   RPHbraidingv297     =   -0.000799
   RPHbraidingv298     =   -0.000824
   RPHbraidingv299     =   -0.000849
   RPHbraidingv300     =   -0.000876
   RPHbraidingv301     =   -0.000903
   RPHbraidingv302     =   -0.000931
   RPHbraidingv303     =   -0.000960
   RPHbraidingv304     =   -0.000989
   RPHbraidingv305     =   -0.001019
   RPHbraidingv306     =   -0.001050
   RPHbraidingv307     =   -0.001082
   RPHbraidingv308     =   -0.001115
   RPHbraidingv309     =   -0.001148
   RPHbraidingv310     =   -0.001183
   RPHbraidingv311     =   -0.001218
   RPHbraidingv312     =   -0.001254
   RPHbraidingv313     =   -0.001292
   RPHbraidingv314     =   -0.001330
   RPHbraidingv315     =   -0.001369
   RPHbraidingv316     =   -0.001409
   RPHbraidingv317     =   -0.001450
   RPHbraidingv318     =   -0.001492
   RPHbraidingv319     =   -0.001536
   RPHbraidingv320     =   -0.001580
   RPHbraidingv321     =   -0.001626
   RPHbraidingv322     =   -0.001672
   RPHbraidingv323     =   -0.001720
   RPHbraidingv324     =   -0.001769
   RPHbraidingv325     =   -0.001820
   RPHbraidingv326     =   -0.001871
   RPHbraidingv327     =   -0.001924
   RPHbraidingv328     =   -0.001978
   RPHbraidingv329     =   -0.002033
   RPHbraidingv330     =   -0.002090
   RPHbraidingv331     =   -0.002148
   RPHbraidingv332     =   -0.002208
   RPHbraidingv333     =   -0.002269
   RPHbraidingv334     =   -0.002331
   RPHbraidingv335     =   -0.002395
   RPHbraidingv336     =   -0.002460
   RPHbraidingv337     =   -0.002527
   RPHbraidingv338     =   -0.002596
   RPHbraidingv339     =   -0.002666
   RPHbraidingv340     =   -0.002737
   RPHbraidingv341     =   -0.002811
   RPHbraidingv342     =   -0.002886
   RPHbraidingv343     =   -0.002962
   RPHbraidingv344     =   -0.003041
   RPHbraidingv345     =   -0.003121
   RPHbraidingv346     =   -0.003203
   RPHbraidingv347     =   -0.003287
   RPHbraidingv348     =   -0.003373
   RPHbraidingv349     =   -0.003461
   RPHbraidingv350     =   -0.003550
   RPHbraidingv351     =   -0.003642
   RPHbraidingv352     =   -0.003736
   RPHbraidingv353     =   -0.003832
   RPHbraidingv354     =   -0.003929
   RPHbraidingv355     =   -0.004029
   RPHbraidingv356     =   -0.004131
   RPHbraidingv357     =   -0.004236
   RPHbraidingv358     =   -0.004342
   RPHbraidingv359     =   -0.004451
   RPHbraidingv360     =   -0.004562
   RPHbraidingv361     =   -0.004675
   RPHbraidingv362     =   -0.004791
   RPHbraidingv363     =   -0.004909
   RPHbraidingv364     =   -0.005030
   RPHbraidingv365     =   -0.005153
   RPHbraidingv366     =   -0.005278
   RPHbraidingv367     =   -0.005407
   RPHbraidingv368     =   -0.005537
   RPHbraidingv369     =   -0.005671
   RPHbraidingv370     =   -0.005807
   RPHbraidingv371     =   -0.005946
   RPHbraidingv372     =   -0.006087
   RPHbraidingv373     =   -0.006231
   RPHbraidingv374     =   -0.006379
   RPHbraidingv375     =   -0.006529
   RPHbraidingv376     =   -0.006682
   RPHbraidingv377     =   -0.006837
   RPHbraidingv378     =   -0.006996
   RPHbraidingv379     =   -0.007158
   RPHbraidingv380     =   -0.007323
   RPHbraidingv381     =   -0.007491
   RPHbraidingv382     =   -0.007662
   RPHbraidingv383     =   -0.007837
   RPHbraidingv384     =   -0.008014
   RPHbraidingv385     =   -0.008195
   RPHbraidingv386     =   -0.008379
   RPHbraidingv387     =   -0.008567
   RPHbraidingv388     =   -0.008758
   RPHbraidingv389     =   -0.008952
   RPHbraidingv390     =   -0.009150
   RPHbraidingv391     =   -0.009351
   RPHbraidingv392     =   -0.009556
   RPHbraidingv393     =   -0.009764
   RPHbraidingv394     =   -0.009976
   RPHbraidingv395     =   -0.010192
   RPHbraidingv396     =   -0.010411
   RPHbraidingv397     =   -0.010634
   RPHbraidingv398     =   -0.010861
   RPHbraidingv399     =   -0.011092
   RPHbraidingv400     =   -0.011326
   RPHbraidingv401     =   -0.011564
   RPHbraidingv402     =   -0.011807
   RPHbraidingv403     =   -0.012053
   RPHbraidingv404     =   -0.012303
   RPHbraidingv405     =   -0.012557
   RPHbraidingv406     =   -0.012815
   RPHbraidingv407     =   -0.013077
   RPHbraidingv408     =   -0.013344
   RPHbraidingv409     =   -0.013614
   RPHbraidingv410     =   -0.013889
   RPHbraidingv411     =   -0.014168
   RPHbraidingv412     =   -0.014451
   RPHbraidingv413     =   -0.014738
   RPHbraidingv414     =   -0.015030
   RPHbraidingv415     =   -0.015326
   RPHbraidingv416     =   -0.015626
   RPHbraidingv417     =   -0.015931
   RPHbraidingv418     =   -0.016240
   RPHbraidingv419     =   -0.016553
   RPHbraidingv420     =   -0.016871
   RPHbraidingv421     =   -0.017193
   RPHbraidingv422     =   -0.017520
   RPHbraidingv423     =   -0.017851
   RPHbraidingv424     =   -0.018187
   RPHbraidingv425     =   -0.018527
   RPHbraidingv426     =   -0.018872
   RPHbraidingv427     =   -0.019222
   RPHbraidingv428     =   -0.019576
   RPHbraidingv429     =   -0.019935
   RPHbraidingv430     =   -0.020298
   RPHbraidingv431     =   -0.020666
   RPHbraidingv432     =   -0.021038
   RPHbraidingv433     =   -0.021415
   RPHbraidingv434     =   -0.021797
   RPHbraidingv435     =   -0.022184
   RPHbraidingv436     =   -0.022575
   RPHbraidingv437     =   -0.022970
   RPHbraidingv438     =   -0.023371
   RPHbraidingv439     =   -0.023776
   RPHbraidingv440     =   -0.024186
   RPHbraidingv441     =   -0.024600
   RPHbraidingv442     =   -0.025019
   RPHbraidingv443     =   -0.025443
   RPHbraidingv444     =   -0.025872
   RPHbraidingv445     =   -0.026305
   RPHbraidingv446     =   -0.026742
   RPHbraidingv447     =   -0.027185
   RPHbraidingv448     =   -0.027631
   RPHbraidingv449     =   -0.028083
   RPHbraidingv450     =   -0.028539
   RPHbraidingv451     =   -0.029000
   RPHbraidingv452     =   -0.029465
   RPHbraidingv453     =   -0.029935
   RPHbraidingv454     =   -0.030409
   RPHbraidingv455     =   -0.030888
   RPHbraidingv456     =   -0.031371
   RPHbraidingv457     =   -0.031859
   RPHbraidingv458     =   -0.032351
   RPHbraidingv459     =   -0.032847
   RPHbraidingv460     =   -0.033348
   RPHbraidingv461     =   -0.033853
   RPHbraidingv462     =   -0.034362
   RPHbraidingv463     =   -0.034876
   RPHbraidingv464     =   -0.035394
   RPHbraidingv465     =   -0.035916
   RPHbraidingv466     =   -0.036442
   RPHbraidingv467     =   -0.036972
   RPHbraidingv468     =   -0.037506
   RPHbraidingv469     =   -0.038045
   RPHbraidingv470     =   -0.038587
   RPHbraidingv471     =   -0.039133
   RPHbraidingv472     =   -0.039683
   RPHbraidingv473     =   -0.040237
   RPHbraidingv474     =   -0.040794
   RPHbraidingv475     =   -0.041356
   RPHbraidingv476     =   -0.041920
   RPHbraidingv477     =   -0.042489
   RPHbraidingv478     =   -0.043061
   RPHbraidingv479     =   -0.043637
   RPHbraidingv480     =   -0.044216
   RPHbraidingv481     =   -0.044798
   RPHbraidingv482     =   -0.045383
   RPHbraidingv483     =   -0.045972
   RPHbraidingv484     =   -0.046564
   RPHbraidingv485     =   -0.047159
   RPHbraidingv486     =   -0.047758
   RPHbraidingv487     =   -0.048359
   RPHbraidingv488     =   -0.048963
   RPHbraidingv489     =   -0.049569
   RPHbraidingv490     =   -0.050179
   RPHbraidingv491     =   -0.050791
   RPHbraidingv492     =   -0.051406
   RPHbraidingv493     =   -0.052024
   RPHbraidingv494     =   -0.052644
   RPHbraidingv495     =   -0.053266
   RPHbraidingv496     =   -0.053890
   RPHbraidingv497     =   -0.054517
   RPHbraidingv498     =   -0.055146
   RPHbraidingv499     =   -0.055777
   RPHbraidingv500     =   -0.056410
   RPHbraidingv501     =   -0.057045
   RPHbraidingv502     =   -0.057682
   RPHbraidingv503     =   -0.058320
   RPHbraidingv504     =   -0.058960
   RPHbraidingv505     =   -0.059602
   RPHbraidingv506     =   -0.060245
   RPHbraidingv507     =   -0.060890
   RPHbraidingv508     =   -0.061536
   RPHbraidingv509     =   -0.062183
   RPHbraidingv510     =   -0.062832
   RPHbraidingv511     =   -0.063481
   RPHbraidingv512     =   -0.064132
   RPHbraidingv513     =   -0.064783
   RPHbraidingv514     =   -0.065436
   RPHbraidingv515     =   -0.066089
   RPHbraidingv516     =   -0.066742
   RPHbraidingv517     =   -0.067397
   RPHbraidingv518     =   -0.068051
   RPHbraidingv519     =   -0.068707
   RPHbraidingv520     =   -0.069362
   RPHbraidingv521     =   -0.070018
   RPHbraidingv522     =   -0.070674
   RPHbraidingv523     =   -0.071330
   RPHbraidingv524     =   -0.071986
   RPHbraidingv525     =   -0.072642
   RPHbraidingv526     =   -0.073297
   RPHbraidingv527     =   -0.073953
   RPHbraidingv528     =   -0.074608
   RPHbraidingv529     =   -0.075263
   RPHbraidingv530     =   -0.075917
   RPHbraidingv531     =   -0.076571
   RPHbraidingv532     =   -0.077224
   RPHbraidingv533     =   -0.077876
   RPHbraidingv534     =   -0.078528
   RPHbraidingv535     =   -0.079179
   RPHbraidingv536     =   -0.079828
   RPHbraidingv537     =   -0.080477
   RPHbraidingv538     =   -0.081125
   RPHbraidingv539     =   -0.081771
   RPHbraidingv540     =   -0.082416
   RPHbraidingv541     =   -0.083060
   RPHbraidingv542     =   -0.083703
   RPHbraidingv543     =   -0.084344
   RPHbraidingv544     =   -0.084983
   RPHbraidingv545     =   -0.085621
   RPHbraidingv546     =   -0.086257
   RPHbraidingv547     =   -0.086892
   RPHbraidingv548     =   -0.087525
   RPHbraidingv549     =   -0.088156
   RPHbraidingv550     =   -0.088785
   RPHbraidingv551     =   -0.089412
   RPHbraidingv552     =   -0.090036
   RPHbraidingv553     =   -0.090659
   RPHbraidingv554     =   -0.091280
   RPHbraidingv555     =   -0.091898
   RPHbraidingv556     =   -0.092515
   RPHbraidingv557     =   -0.093129
   RPHbraidingv558     =   -0.093740
   RPHbraidingv559     =   -0.094349
   RPHbraidingv560     =   -0.094956
   RPHbraidingv561     =   -0.095560
   RPHbraidingv562     =   -0.096161
   RPHbraidingv563     =   -0.096760
   RPHbraidingv564     =   -0.097356
   RPHbraidingv565     =   -0.097950
   RPHbraidingv566     =   -0.098541
   RPHbraidingv567     =   -0.099128
   RPHbraidingv568     =   -0.099714
   RPHbraidingv569     =   -0.100296
   RPHbraidingv570     =   -0.100875
   RPHbraidingv571     =   -0.101451
   RPHbraidingv572     =   -0.102024
   RPHbraidingv573     =   -0.102595
   RPHbraidingv574     =   -0.103162
   RPHbraidingv575     =   -0.103726
   RPHbraidingv576     =   -0.104287
   RPHbraidingv577     =   -0.104845
   RPHbraidingv578     =   -0.105399
   RPHbraidingv579     =   -0.105951
   RPHbraidingv580     =   -0.106499
   RPHbraidingv581     =   -0.107044
   RPHbraidingv582     =   -0.107585
   RPHbraidingv583     =   -0.108123
   RPHbraidingv584     =   -0.108658
   RPHbraidingv585     =   -0.109190
   RPHbraidingv586     =   -0.109718
   RPHbraidingv587     =   -0.110242
   RPHbraidingv588     =   -0.110764
   RPHbraidingv589     =   -0.111281
   RPHbraidingv590     =   -0.111796
   RPHbraidingv591     =   -0.112307
   RPHbraidingv592     =   -0.112814
   RPHbraidingv593     =   -0.113318
   RPHbraidingv594     =   -0.113818
   RPHbraidingv595     =   -0.114315
   RPHbraidingv596     =   -0.114808
   RPHbraidingv597     =   -0.115298
   RPHbraidingv598     =   -0.115784
   RPHbraidingv599     =   -0.116267
   RPHbraidingv600     =   -0.116746
   RPHbraidingv601     =   -0.117221

***************************************************************
 EFTCAMB designer RPH background solver

Reion redshift       =   7.622
H0                   = 67.862308
Om_b h^2             =  0.022370
Om_c h^2             =  0.116836
Om_nu h^2            =  0.000000
Om_darkenergy        =  0.697636
Om_K                 =  0.000000
Om_m (inc Om_u)      =  0.302273
100 theta (CosmoMC)  =  1.044086
Reion opt depth      =  0.0544
Age of universe/GYr  =  13.696
zstar                =  1089.42
r_s(zstar)/Mpc       =  145.28
100*theta            =  1.044404
DA(zstar)/Gpc        =  13.91049
zdrag                =  1059.52
r_s(zdrag)/Mpc       =  147.96
k_D(zstar) Mpc       =  0.1402
100*theta_D          =  0.161130
z_EQ (if v_nu=1)     =  3326.33
k_EQ Mpc (if v_nu=1) =  0.010152
100*theta_EQ         =  0.829575
100*theta_rs_EQ      =  0.457967
tau_recomb/Mpc       =  282.39  tau_now/Mpc =  14192.7
at z =  0.000 sigma8 (all matter) =  0.8020
at z =  0.000 sigma8^2_vd/sigma8  =  0.4196
