a,z,D_kgb_normalized,D_lcdm_normalized,D_ratio,f_kgb,f_lcdm,fD_kgb,fD_lcdm,mu_infinity,eta_infinity,Sigma_infinity
0.0010000000000000002,998.9999999999998,0.0014429717191400155,0.0014280205863118614,1.0104698300370922,1.0,1.0,0.0014429717191400155,0.0014280205863118614,1.0000000001140006,1.0,1.0000000001140006
0.0010023052380778996,996.7000638225534,0.001446297228671658,0.001431311639080374,1.0104698300370927,0.9994698543685254,0.9994698543682871,0.0014455304805140639,0.0014305528354672955,1.0000000001148626,1.0,1.0000000001148626
0.001004615790278395,994.4054173515271,0.0014496286391025971,0.0014346085316069082,1.0104698300370938,0.998943548995091,0.9989435489946132,0.0014480971774700722,0.0014330929379813557,1.000000000115731,1.0,1.000000000115731
0.0010069316688518046,992.1160484209333,0.001452965968721256,0.0014379112819903953,1.010469830037095,0.9984210609210379,0.9984210609203201,0.00145067182397284,0.001435640907674148,1.0000000001166058,1.0,1.0000000001166058
0.0010092528860766849,989.8319448927671,0.0014563092358482557,0.001441219908361629,1.010469830037097,0.9979023673343088,0.9979023673333505,0.0014532544340237926,0.001438196758402024,1.0000000001174874,1.0,1.0000000001174874
0.0010115794542598987,987.5530946569387,0.0014596584588364983,0.001444534428883351,1.0104698300370996,0.9973874455682896,0.9973874455670902,0.0014558450216610814,0.0014407605040576811,1.000000000118375,1.0,1.000000000118375
0.0010139113857366795,985.2794856312104,0.001463013656071252,0.0014478548617503336,1.0104698300371024,0.996876273100663,0.9968762730992219,0.0014584436009596848,0.0014433321585702616,1.0000000001192697,1.0,1.0000000001192697
0.0010162486928706955,983.0111057611339,0.0014663748459702375,0.0014511812251894645,1.010469830037106,0.9963688275522741,0.9963688275505908,0.001461050186031512,0.0014459117359054566,1.0000000001201708,1.0,1.0000000001201708
0.0010185913880541174,980.747943019984,0.0014697420469837114,0.001454513537459831,1.0104698300371102,0.9958650866860059,0.9958650866840796,0.0014636647910255015,0.0014484992500656017,1.0000000001210787,1.0,1.0000000001210787
0.0010209394837076803,978.4899854086985,0.0014731152775945516,0.0014578518168528033,1.010469830037115,0.9953650284056679,0.995365028403498,0.0014662874301277242,0.0014510947150897819,1.0000000001219933,1.0,1.0000000001219933
0.0010232929922807542,976.2372209558107,0.0014764945563183443,0.0014611960816921213,1.0104698300371207,0.9948686307548936,0.9948686307524798,0.0014689181175614853,0.0014536981450539294,1.0000000001229146,1.0,1.0000000001229146
0.0010256519262514076,973.9896377173869,0.0014798799017034688,0.0014645463503339781,1.0104698300371264,0.9943758719160515,0.9943758719133927,0.0014715568675874272,0.0014563095540709265,1.000000000123843,1.0,1.000000000123843
0.0010280162981264741,971.7472237769646,0.0014832713323311834,0.0014679026411671052,1.010469830037133,0.9938867302091637,0.9938867302062594,0.0014742036945036296,0.0014589289562907063,1.000000000124778,1.0,1.000000000124778
0.0010303861204416166,969.5099672454892,0.0014866688668157125,0.0014712649726128584,1.01046983003714,0.9934011840908381,0.9934011840876875,0.0014768586126457134,0.0014615563659003527,1.0000000001257199,1.0,1.0000000001257199
0.0010327614057613977,967.277856261249,0.001490072523804333,0.0014746333631253038,1.0104698300371475,0.9929192121532088,0.9929192121498115,0.0014795216363869418,0.0014641917971242036,1.000000000126669,1.0,1.000000000126669
0.001035142166679344,965.0508789898133,0.001493482321977461,0.0014780078311913028,1.0104698300371557,0.9924407931228888,0.9924407931192437,0.0014821927801383248,0.00146683526422395,1.000000000127625,1.0,1.000000000127625
0.0010375284158180124,962.8290236239707,0.0014968982800487379,0.0014813883953305987,1.0104698300371644,0.9919659058599312,0.9919659058560378,0.0014848720583487192,0.0014694867814987395,1.000000000128588,1.0,1.000000000128588
0.0010399201658290599,960.612278383664,0.001500320416765119,0.0014847750740959028,1.0104698300371737,0.9914945293568027,0.9914945293526601,0.0014875594855049338,0.0014721463632852783,1.0000000001295584,1.0,1.0000000001295584
0.0010423174293933046,958.4006315159327,0.001503748750906961,0.0014881678860729818,1.0104698300371837,0.9910266427373642,0.9910266427329719,0.0014902550761318304,0.001474814023957931,1.0000000001305358,1.0,1.0000000001305358
0.0010447202192208002,956.1940712948443,0.0015071833012881084,0.0014915668498807438,1.0104698300371941,0.9905622252558647,0.9905622252512217,0.0014929588447924291,0.0014774897779288247,1.0000000001315206,1.0,1.0000000001315206
0.0010471285480508996,953.9925860214358,0.0015106240867559827,0.0014949719841713255,1.0104698300372053,0.9901012562959417,0.9901012562910476,0.0014956708060880081,0.0014801736396479496,1.0000000001325127,1.0,1.0000000001325127
0.001049542428652322,951.7961640236521,0.0015140711261916705,0.0014983833076301796,1.0104698300372168,0.9896437153696345,0.9896437153644883,0.0014983909746582114,0.001482865623603262,1.000000000133512,1.0,1.000000000133512
0.0010519618738232235,949.6047936562809,0.0015175244385100112,0.0015018008389761626,1.0104698300372292,0.9891895821164041,0.9891895821110049,0.0015011193651811488,0.001485565744320787,1.0000000001345188,1.0,1.0000000001345188
0.0010543868963912592,947.4184633008969,0.0015209840426596863,0.001505224596961622,1.0104698300372421,0.9887388363021645,0.9887388362965119,0.0015038559923735,0.0014882740163647203,1.000000000135533,1.0,1.000000000135533
0.0010568175092136587,945.2371613657929,0.0015244499576233083,0.001508654600372485,1.0104698300372554,0.9882914578183232,0.988291457812416,0.0015066008709906204,0.001490990454337531,1.0000000001365548,1.0,1.0000000001365548
0.001059253725177289,943.0608762859233,0.0015279222024175102,0.001512090868028346,1.0104698300372696,0.9878474266808294,0.9878474266746669,0.0015093540158266428,0.0014937150728800649,1.000000000137584,1.0,1.000000000137584
0.0010616955571987245,940.8895965228414,0.0015314007960930338,0.001515533418782556,1.0104698300372843,0.9874067230292336,0.9874067230228151,0.001512115441714582,0.0014964478866716473,1.000000000138621,1.0,1.000000000138621
0.0010641430182243166,938.7233105646374,0.00153488575773482,0.0015189822715223104,1.0104698300372994,0.9869693271257551,0.9869693271190795,0.00151488516352644,0.0014991889104301855,1.0000000001396656,1.0,1.0000000001396656
0.0010665961212302582,936.5620069258799,0.0015383771064620994,0.0015224374451687382,1.0104698300373154,0.9865352193543574,0.9865352193474236,0.0015176631961733088,0.0015019381589122724,1.0000000001407179,1.0,1.0000000001407179
0.001069054879222658,934.4056741475517,0.0015418748614284817,0.0015258989586769923,1.0104698300373316,0.9861043802198342,0.9861043802126417,0.0015204495546054756,0.0015046956469132909,1.0000000001417781,1.0,1.0000000001417781
0.0010715193052376064,932.2543007969911,0.0015453790418220453,0.0015293668310363366,1.0104698300373485,0.9856767903469038,0.9856767903394515,0.0015232442538125272,0.0015074613892675146,1.0000000001428462,1.0,1.0000000001428462
0.0010739894123412454,930.1078754678298,0.0015488896668654298,0.001532841081270238,1.010469830037366,0.9852524304793112,0.9852524304715983,0.0015260473088234553,0.0015102354008482146,1.000000000143922,1.0,1.000000000143922
0.0010764652136298354,927.9663867799359,0.0015524067558159251,0.001536321728436455,1.0104698300373842,0.9848312814789394,0.984831281470965,0.0015288587347067604,0.001513017696567762,1.0000000001450058,1.0,1.0000000001450058
0.001078946722229829,925.829823379349,0.0015559303279655636,0.0015398087916271284,1.0104698300374033,0.9844133243249292,0.9844133243166923,0.001531678546570558,0.0015158082913777303,1.0000000001460978,1.0,1.0000000001460978
0.0010814339512979381,923.6981739382225,0.0015594604026412104,0.0015433022899688713,1.0104698300374226,0.983998540112807,0.9839985401043065,0.0015345067595626811,0.0015186072002690025,1.0000000001471976,1.0,1.0000000001471976
0.0010839269140212034,921.5714271547633,0.0015629969992046568,0.0015468022426228603,1.0104698300374426,0.9835869100536208,0.983586910044856,0.00153734338887079,0.0015214144382718728,1.0000000001483058,1.0,1.0000000001483058
0.0010864256236170662,919.4495717531707,0.0015665401370527098,0.0015503086687849255,1.0104698300374635,0.9831784154730852,0.9831784154640553,0.0015401884497224729,0.0015242300204561519,1.000000000149422,1.0,1.000000000149422
0.001088930093333434,917.3325964835805,0.0015700898356172859,0.0015538215876856425,1.0104698300374848,0.9827730378107334,0.9827730378014373,0.0015430419573853552,0.0015270539619312712,1.0000000001505467,1.0,1.0000000001505467
0.0010914403364487568,915.2204901219995,0.0015736461143655025,0.0015573410185904233,1.0104698300375066,0.9823707586190781,0.9823707586095146,0.0015459039271672032,0.0015298862778463883,1.0000000001516796,1.0,1.0000000001516796
0.001093956366272094,913.1132414702502,0.0015772089927997709,0.001560866980799608,1.010469830037529,0.9819715595627785,0.9819715595529466,0.00154877437441603,0.00153272698339049,1.0000000001528209,1.0,1.0000000001528209
0.001096478196143185,911.0108393559098,0.0015807784904578895,0.0015643994936485562,1.0104698300375523,0.9815754224178177,0.9815754224077164,0.0015516533145202031,0.0015355760937924992,1.0000000001539704,1.0,1.0000000001539704
0.0010990058394325217,908.913272632251,0.0015843546269131354,0.0015679385765077403,1.010469830037576,0.9811823290706863,0.9811823290603147,0.0015545407629085483,0.001538433624321379,1.0000000001551286,1.0,1.0000000001551286
0.0011015393095414154,906.8205301781854,0.0015879374217743587,0.0015714842487828359,1.0104698300376007,0.9807922615175733,0.9807922615069303,0.001557436735050458,0.001541299590286237,1.0000000001562954,1.0,1.0000000001562954
0.0011040786199020733,904.7326008982,0.0015915268946860759,0.0015750365299148162,1.0104698300376256,0.9804052018635654,0.98040520185265,0.0015603412464559956,0.0015441740070364328,1.0000000001574707,1.0,1.0000000001574707
0.0011066237839776664,902.6494737223014,0.0015951230653285645,0.0015785954393800438,1.0104698300376516,0.9800211323218528,0.9800211323106642,0.0015632543126760047,0.001547056889961681,1.0000000001586549,1.0,1.0000000001586549
0.0011091748152624009,900.571137605957,0.0015987259534179553,0.0015821609966903643,1.0104698300376778,0.9796400352129445,0.979640035201481,0.001566175949302214,0.001549948254492159,1.0000000001598477,1.0,1.0000000001598477
0.0011117317272815919,898.4975815300347,0.0016023355787063277,0.0015857332213931989,1.0104698300377049,0.979261892963887,0.979261892952148,0.0015691061719673438,0.0015528481160986115,1.0000000001610494,1.0,1.0000000001610494
0.0011142945335917303,896.4287945007482,0.0016059519609818045,0.0015893121330716382,1.0104698300377326,0.9788866881074948,0.978886688095479,0.0015720449963452154,0.001555756490292457,1.0000000001622598,1.0,1.0000000001622598
0.0011168632477805613,894.3647655495937,0.0016095751200686456,0.0015928977513445365,1.010469830037761,0.978514403281584,0.9785144032692904,0.0015749924381508547,0.0015586733926258936,1.0000000001634792,1.0,1.0000000001634792
0.0011194378834671515,892.3054837332953,0.0016132050758273437,0.0015964900958666058,1.0104698300377897,0.978145021228216,0.9781450212156433,0.001577948513140603,0.0015615988386920056,1.0000000001647078,1.0,1.0000000001647078
0.0011220184543019641,890.250938133745,0.0016168418481547204,0.001600089186328508,1.0104698300378194,0.9777785247929459,0.977778524780093,0.0015809132371122228,0.0015645328441248679,1.0000000001659453,1.0,1.0000000001659453
0.001124604973966927,888.201117857948,0.0016204854569840195,0.0016036950424569531,1.0104698300378496,0.9774148969240797,0.9774148969109454,0.0015838866259050056,0.0015674754245996571,1.000000000167192,1.0,1.000000000167192
0.0011271974561755107,886.1560120379606,0.0016241359222850052,0.0016073076840147906,1.0104698300378807,0.9770541206719361,0.9770541206585194,0.0015868686953998796,0.0015704265958327527,1.000000000168448,1.0,1.000000000168448
0.0011297959146727979,884.1156098308354,0.0016277932640640558,0.0016109271308011066,1.0104698300379122,0.9766961791881176,0.9766961791744172,0.0015898594615195178,0.0015733863735818473,1.000000000169713,1.0,1.000000000169713
0.0011324003632355569,882.0799004185629,0.0016314575023642622,0.0016145534026513176,1.0104698300379447,0.9763410557247864,0.9763410557108011,0.001592858940228447,0.0015763547736460535,1.0000000001709874,1.0,1.0000000001709874
0.0011350108156723158,880.0488730080135,0.0016351286572655218,0.0016181865194372677,1.010469830037977,0.9759887336339472,0.9759887336196756,0.0015958671475331532,0.0015793318118660095,1.0000000001722715,1.0,1.0000000001722715
0.0011376272858234313,878.022516830884,0.0016388067488846388,0.0016218265010673218,1.010469830038011,0.9756391963667369,0.9756391963521781,0.0015988840994821938,0.0015823175041239867,1.0000000001735647,1.0,1.0000000001735647
0.001140249787561169,876.0008211436345,0.001642491797375417,0.0016254733674864648,1.0104698300380452,0.9752924274727213,0.9752924274578737,0.0016019098121663035,0.0015853118663439985,1.0000000001748677,1.0,1.0000000001748677
0.0011428783347897718,873.983775227436,0.0016461838229287604,0.0016291271386763952,1.0104698300380799,0.9749484105991966,0.9749484105840588,0.0016049443017185042,0.001588314914491907,1.0000000001761804,1.0,1.0000000001761804
0.0011455129414455355,871.9713683881117,0.0016498828457727694,0.0016327878346556225,1.0104698300381154,0.9746071294904977,0.9746071294750687,0.0016079875843142122,0.0015913266645755293,1.0000000001775025,1.0,1.0000000001775025
0.0011481536214968833,869.9635899560802,0.001653588886172838,0.0016364554754795641,1.0104698300381516,0.9742685679873151,0.9742685679715937,0.0016110396761713501,0.0015943471326447483,1.0000000001788345,1.0,1.0000000001788345
0.0011508003889444361,867.9604292863015,0.0016573019644317527,0.0016401300812406425,1.0104698300381887,0.973932710026014,0.9739327100099987,0.0016141005935504536,0.0015973763347916182,1.0000000001801763,1.0,1.0000000001801763
0.0011534532578210924,865.9618757582165,0.0016610221008897903,0.0016438116720683819,1.0104698300382262,0.9735995396379625,0.973599539621652,0.0016171703527547811,0.0016004142871504747,1.0000000001815281,1.0,1.0000000001815281
0.0011561122421920988,863.9679187756933,0.0016647493159248168,0.0016475002681295057,1.0104698300382644,0.9732690409488645,0.9732690409322574,0.0016202489701304247,0.001603461005898041,1.0000000001828897,1.0,1.0000000001828897
0.0011587773561551257,861.9785477669706,0.001668483629952386,0.0016511958896280354,1.0104698300383033,0.9729411981780983,0.9729411981611936,0.0016233364620664172,0.0016065165072535388,1.0000000001842615,1.0,1.0000000001842615
0.0011614486138403434,859.9937521846002,0.0016722250634258376,0.0016548985568053862,1.0104698300383428,0.9726159956380638,0.9726159956208599,0.0016264328449948453,0.0016095808074787948,1.0000000001856435,1.0,1.0000000001856435
0.0011641260294104918,858.0135215053954,0.0016759736368363986,0.0016586082899404681,1.0104698300383834,0.9722934177335304,0.972293417716026,0.0016295381353909567,0.0016126539228783511,1.0000000001870355,1.0,1.0000000001870355
0.0011668096170609626,856.0378452303695,0.0016797293707132798,0.0016623251093497824,1.0104698300384243,0.9719734489609966,0.9719734489431903,0.001632652349773271,0.0016157358697995738,1.0000000001884377,1.0,1.0000000001884377
0.0011694993910198708,854.0667128846834,0.0016834922856237785,0.0016660490353875208,1.010469830038466,0.9716560739080505,0.971656073889941,0.001635775504703691,0.0016188266646327619,1.0000000001898504,1.0,1.0000000001898504
0.0011721953655481313,852.1001140175888,0.0016872624021733766,0.0016697800884456647,1.0104698300385084,0.971341277252739,0.9713412772343245,0.001638907616787612,0.0016219263238112553,1.0000000001912734,1.0,1.0000000001912734
0.0011748975549395301,850.138038202376,0.0016910397410058418,0.0016735182889540845,1.0104698300385517,0.9710290437629403,0.9710290437442198,0.0016420487026740328,0.0016250348638115477,1.000000000192707,1.0,1.000000000192707
0.0011776059735208078,848.1804750363135,0.0016948243228033278,0.0016772636573806393,1.0104698300385957,0.9707193582957444,0.9707193582767164,0.001645198779055666,0.0016281523011533925,1.0000000001941511,1.0,1.0000000001941511
0.0011803206356517297,846.2274141405964,0.0016986161682864753,0.0016810162142312753,1.0104698300386403,0.9704122057968372,0.9704122057775001,0.00164835786266905,0.0016312786523999146,1.000000000195606,1.0,1.000000000195606
0.0011830415557251646,844.27884516029,0.0017024152982145124,0.0016847759800501273,1.0104698300386858,0.9701075712998903,0.9701075712802428,0.0016515259702946591,0.0016344139341577199,1.0000000001970712,1.0,1.0000000001970712
0.0011857687481671608,842.3347577642749,0.0017062217333853563,0.0016885429754196185,1.0104698300387318,0.9698054399259574,0.9698054399059978,0.001654703118757015,0.0016375581630770054,1.0000000001985476,1.0,1.0000000001985476
0.001188502227437019,840.3951416451947,0.001710035494635716,0.0016923172209605607,1.0104698300387787,0.9695057968828733,0.9695057968626002,0.0016578893249247983,0.0016407113558516693,1.0000000002000349,1.0,1.0000000002000349
0.0011912420080273751,838.4599865193973,0.0017138566028411914,0.001696098737332255,1.0104698300388262,0.9692086274646623,0.9692086274440741,0.0016610846057109599,0.001643873529219422,1.0000000002015328,1.0,1.0000000002015328
0.0011939881044642732,836.5292821268825,0.0017176850789163783,0.0016998875452325936,1.0104698300388744,0.9689139170509471,0.9689139170300424,0.0016642889780728333,0.0016470446999618956,1.000000000203042,1.0,1.000000000203042
0.0011967405313072434,834.603018231248,0.001721520943814969,0.00170368366539816,1.0104698300389234,0.9686216511063666,0.9686216510851436,0.0016675024590122457,0.0016502248849047552,1.0000000002045624,1.0,1.0000000002045624
0.0011994993031493794,832.6811846196339,0.001725364218529855,0.0017074871186043316,1.0104698300389732,0.9683318151799964,0.9683318151584539,0.0016707250655756307,0.0016534141009178108,1.0000000002060938,1.0,1.0000000002060938
0.0012022644346174134,830.7637711026706,0.0017292149240932305,0.0017112979256653801,1.0104698300390238,0.9680443949047762,0.9680443948829125,0.00167395681485414,0.0016566123649151263,1.0000000002076364,1.0,1.0000000002076364
0.0012050359403717977,828.8507675144224,0.001733073081576695,0.001715116107434575,1.010469830039075,0.9677593759969402,0.9677593759747536,0.0016771977239837565,0.0016598196938551327,1.0000000002091904,1.0,1.0000000002091904
0.0012078138351067802,826.9421637123341,0.0017369387120913565,0.001718941684804285,1.010469830039127,0.9674767442554536,0.9674767442329426,0.0016804478101454063,0.0016630361047407388,1.000000000210756,1.0,1.000000000210756
0.001210598133550482,825.0379495771789,0.001740811836787936,0.0017227746787060805,1.01046983003918,0.9671964855614541,0.9671964855386173,0.0016837070905650713,0.0016662616146194415,1.000000000212333,1.0,1.000000000212333
0.0012133888504649779,823.1381150130018,0.0017446924768568697,0.001726615110110837,1.0104698300392334,0.9669185858776979,0.9669185858545335,0.0016869755825139026,0.0016694962405834402,1.0000000002139218,1.0,1.0000000002139218
0.0012161860006463683,821.242649947071,0.0017485806535284159,0.0017304630000288378,1.0104698300392878,0.9666430312480099,0.9666430312245162,0.001690253303308334,0.0016727399997697459,1.000000000215522,1.0,1.000000000215522
0.0012189895989248667,819.3515443298181,0.0017524763880727558,0.0017343183695098774,1.0104698300393427,0.9663698077967398,0.9663698077729148,0.0016935402703101936,0.0016759929093602952,1.0000000002171343,1.0,1.0000000002171343
0.0012217996601648717,817.4647881347898,0.0017563797018001017,0.0017381812396433647,1.0104698300393984,0.9660989017282212,0.9660989017040637,0.0016968365009268189,0.0016792549865820626,1.0000000002187581,1.0,1.0000000002187581
0.0012246161992650495,815.5823713585919,0.0017602906160607995,0.001742051631558427,1.0104698300394552,0.9658302993262379,0.9658302993017459,0.0017001420126111697,0.0016825262487071703,1.0000000002203941,1.0,1.0000000002203941
0.0012274392311584078,813.7042840208392,0.0017642091522454344,0.0017459295664240151,1.0104698300395125,0.965563986953492,0.9655639869286637,0.0017034568228619419,0.0016858067130530053,1.0000000002220422,1.0,1.0000000002220422
0.0012302687708123819,811.830516164099,0.0017681353317849369,0.0017498150654490056,1.0104698300395707,0.9652999510510777,0.9652999510259116,0.0017067809492236805,0.0016890963969823274,1.0000000002237022,1.0,1.0000000002237022
0.001233104833228909,809.9610578538408,0.0017720691761506887,0.0017537081498823076,1.0104698300396295,0.9650381781379602,0.9650381781124545,0.0017101144092868967,0.0016923953179033854,1.0000000002253746,1.0,1.0000000002253746
0.0012359474334445104,808.0958991783824,0.001776010706854627,0.0017576088410129662,1.0104698300396893,0.9647786548104582,0.9647786547846111,0.001713457220688178,0.001695703493270029,1.000000000227059,1.0,1.000000000227059
0.0012387965865303698,806.2350302488378,0.0017799599454493532,0.0017615171601702679,1.0104698300397497,0.9645213677417307,0.9645213677155405,0.0017168094011103066,0.0016990209405818217,1.0000000002287561,1.0,1.0000000002287561
0.0012416523075924116,804.3784411990663,0.0017839169135282374,0.0017654331287238467,1.0104698300398112,0.9642663036812688,0.9642663036547335,0.001720170968282371,0.0017023476773841552,1.0000000002304656,1.0,1.0000000002304656
0.0012445146117713855,802.526122185617,0.001787881632725526,0.0017693567680837892,1.0104698300398733,0.9640134494543906,0.9640134494275088,0.001723541939979882,0.0017056837212683622,1.0000000002321876,1.0,1.0000000002321876
0.001247383514242943,800.6780633876791,0.0017918541247164482,0.0017732880997007399,1.0104698300399362,0.9637627919617425,0.9637627919345122,0.0017269223340248886,0.0017090290898718306,1.0000000002339222,1.0,1.0000000002339222
0.00125025903021772,798.8342550070286,0.0017958344112173244,0.0017772271450660088,1.01046983004,0.9635143181788026,0.9635143181512219,0.0017303121682860918,0.0017123838008781182,1.0000000002356697,1.0,1.0000000002356697
0.0012531411749414165,796.9946872679762,0.0017998225139856723,0.0017811739257116764,1.0104698300400645,0.9632680151553885,0.9632680151274554,0.00173371146067896,0.0017157478720170643,1.00000000023743,1.0,1.00000000023743
0.0012560299636948753,795.1593504173185,0.0018038184548203162,0.0017851284632107015,1.01046983004013,0.9630238700151705,0.9630238699868833,0.001737120229165846,0.0017191213210649074,1.0000000002392033,1.0,1.0000000002392033
0.0012589254117941675,793.3282347242813,0.0018078222555614938,0.001789090779177028,1.0104698300401962,0.9627818699551878,0.9627818699265445,0.0017405384917561003,0.0017225041658443974,1.0000000002409895,1.0,1.0000000002409895
0.0012618275345906706,791.5013304804718,0.001811833938090965,0.0017930608952656908,1.0104698300402635,0.962542002245369,0.9625420022163678,0.0017439662665061895,0.0017258964242249108,1.000000000242789,1.0,1.000000000242789
0.001264736347471151,789.6786279998253,0.0018158535243321208,0.0017970388331729251,1.0104698300403312,0.9623042542280569,0.9623042541986956,0.0017474035715198102,0.0017292981141225658,1.0000000002446015,1.0,1.0000000002446015
0.0012676518658578462,787.860117618554,0.001819881036250092,0.0018010246146362738,1.0104698300403998,0.9620686133175362,0.962068613287813,0.001750850424948007,0.0017327092535003377,1.0000000002464273,1.0,1.0000000002464273
0.001270574105208542,786.0457896950984,0.0018239164958518588,0.0018050182614346942,1.0104698300404693,0.9618350669995667,0.9618350669694796,0.0017543068449892875,0.0017361298603681729,1.0000000002482667,1.0,1.0000000002482667
0.0012735030810166617,784.2356346100718,0.0018279599251863593,0.0018090197953886677,1.01046983004054,0.9616036028309188,0.9616036028004662,0.0017577728498897399,0.0017395599527831051,1.0000000002501195,1.0,1.0000000002501195
0.0012764388088113438,782.4296427662118,0.001832011346344599,0.0018130292383603081,1.010469830040611,0.9613742084389146,0.9613742084080943,0.001761248457943149,0.0017429995488493714,1.000000000251986,1.0,1.000000000251986
0.0012793813041575256,780.6278045883291,0.0018360707814597628,0.0018170466122534698,1.0104698300406831,0.9611468715209706,0.9611468714897803,0.0017647336874911147,0.0017464486667185264,1.000000000253866,1.0,1.000000000253866
0.001282330582656022,778.8301105232583,0.0018401382527073226,0.0018210719390138572,1.0104698300407562,0.9609215798441455,0.9609215798125834,0.001768228556923166,0.0017499073245895603,1.00000000025576,1.0,1.00000000025576
0.0012852866599436159,777.0365510398037,0.0018442137823051498,0.0018251052406291347,1.01046983004083,0.9606983212446922,0.9606983212127562,0.0017717330846768818,0.001753375540709013,1.0000000002576679,1.0,1.0000000002576679
0.001288249551693134,775.2471166286916,0.0018482973925136256,0.0018291465391290353,1.010469830040905,0.960477083627612,0.9604770835953002,0.0017752472892380068,0.0017568533333710923,1.0000000002595897,1.0,1.0000000002595897
0.001291219273613534,773.4617978025187,0.0018523891056357509,0.001833195856585471,1.0104698300409807,0.9602578549662137,0.9602578549335239,0.0017787711891405693,0.0017603407209177884,1.0000000002615257,1.0,1.0000000002615257
0.0012941958414499869,771.6805850957018,0.0018564889440172586,0.0018372532151126437,1.010469830041057,0.9600406233016756,0.9600406232686056,0.0017823048029669984,0.001763837721738992,1.000000000263476,1.0,1.000000000263476
0.0012971792709839565,769.9034690644297,0.0018605969300467258,0.0018413186368671534,1.0104698300411343,0.959825376742611,0.9598253767091589,0.001785848149348244,0.0017673443542726105,1.0000000002654403,1.0,1.0000000002654403
0.0013001695780332906,768.1304402866094,0.0018647130861556844,0.0018453921440481117,1.0104698300412127,0.9596121034646384,0.9596121034308017,0.001789401246963894,0.0017708606370046855,1.0000000002674192,1.0,1.0000000002674192
0.0013031667784522995,766.3614893618188,0.0018688374348187335,0.00184947375889725,1.0104698300412918,0.959400791709953,0.9594007916757298,0.0017929641145422906,0.0017743865884695094,1.0000000002694127,1.0,1.0000000002694127
0.0013061708881318412,764.5966069112565,0.0018729699985536527,0.001853563503699034,1.010469830041372,0.9591914297869041,0.959191429752292,0.0017965367708606538,0.0017779222272497441,1.0000000002714207,1.0,1.0000000002714207
0.0013091819229994078,762.8357835776902,0.0018771107999215133,0.0018576614007807717,1.0104698300414527,0.9589840060695738,0.9589840060345707,0.001800119234745195,0.0017814675719765366,1.0000000002734435,1.0,1.0000000002734435
0.0013121998990192037,761.0790100254118,0.0018812598615267934,0.0018617674725127276,1.0104698300415347,0.9587785089973611,0.9587785089619648,0.001803711525071241,0.0017850226413296387,1.0000000002754812,1.0,1.0000000002754812
0.0013152248321922386,759.3262769401817,0.0018854172060174884,0.001865881741308234,1.0104698300416175,0.958574927074567,0.9585749270387754,0.0018073136607633477,0.0017885874540375236,1.0000000002775338,1.0,1.0000000002775338
0.001318256738556407,757.5775750291838,0.0018895828560852267,0.001870004229623803,1.0104698300417012,0.9583732488699859,0.9583732488337965,0.0018109256607954257,0.001792162028877505,1.0000000002796012,1.0,1.0000000002796012
0.0013212956341865749,755.8328950209745,0.001893756834465382,0.0018741349599592394,1.0104698300417858,0.9581734630164968,0.9581734629799077,0.0018145475441908535,0.0017957463846758552,1.000000000281684,1.0,1.000000000281684
0.0013243415351946652,754.0922276654336,0.0018979391639371889,0.0018782739548577545,1.0104698300418715,0.9579755582106609,0.9579755581736696,0.0018181793300226037,0.0017993405403079234,1.000000000283782,1.0,1.000000000283782
0.00132739445772974,752.3555637337172,0.001902129867323856,0.001882421236906077,1.010469830041958,0.9577795232123205,0.9577795231749249,0.0018218210374133573,0.0018029445146982548,1.0000000002858955,1.0,1.0000000002858955
0.0013304544179780912,750.6228940182054,0.0019063289674926803,0.0018865768287345682,1.0104698300420454,0.9575853468442019,0.9575853468063993,0.0018254726855356275,0.0018065583268207085,1.0000000002880245,1.0,1.0000000002880245
0.0013335214321633238,748.894209332456,0.0019105364873551634,0.0018907407530173357,1.010469830042134,0.9573930179915208,0.9573930179533089,0.0018291342936118788,0.0018101819956985788,1.000000000290169,1.0,1.000000000290169
0.0013365955165464418,747.1695005111545,0.0019147524498671254,0.0018949130324723462,1.0104698300422232,0.9572025256015917,0.9572025255629684,0.0018328058809146475,0.0018138155404047128,1.0000000002923293,1.0,1.0000000002923293
0.0013396766874259358,745.4487584100661,0.001918976878028821,0.0018990936898615406,1.0104698300423136,0.95701385868344,0.9570138586444028,0.001836487466766663,0.0018174589800616298,1.0000000002945053,1.0,1.0000000002945053
0.0013427649611378642,743.7319739059889,0.0019232097948850555,0.0019032827479909488,1.010469830042405,0.9568270063074168,0.9568270062679632,0.0018401790705409688,0.0018211123338416418,1.0000000002966973,1.0,1.0000000002966973
0.0013458603540559483,742.0191378967014,0.0019274512235252991,0.0019074802297108036,1.0104698300424972,0.9566419576048172,0.956641957564945,0.0018438807116610422,0.001824775620966974,1.0000000002989053,1.0,1.0000000002989053
0.0013489628825916534,740.3102413009176,0.0019317011870838058,0.0019116861579156561,1.0104698300425905,0.9564587017675015,0.956458701727208,0.0018475924096009184,0.0018284488607098828,1.0000000003011296,1.0,1.0000000003011296
0.001352072563194278,738.6052750582373,0.0019359597087397272,0.0019159005555444912,1.0104698300426846,0.9562772280475192,0.9562772280068021,0.001851314183885309,0.0018321320723927782,1.0000000003033702,1.0,1.0000000003033702
0.0013551894123510367,736.9042301291006,0.001940226811717232,0.0019201234455808436,1.01046983004278,0.9560975257567363,0.9560975257155931,0.0018550460540897268,0.001835825275388344,1.000000000305627,1.0,1.000000000305627
0.0013583134465871545,735.2070974947359,0.0019445025192856209,0.0019243548510529127,1.010469830042876,0.955919584266465,0.9559195842248932,0.0018587880398406044,0.0018395284891196567,1.0000000003079006,1.0,1.0000000003079006
0.00136144468246595,733.513868157115,0.001948786854759445,0.0019285947950336791,1.0104698300429735,0.9557433930070967,0.9557433929650938,0.00186254016081542,0.0018432417330603082,1.0000000003101908,1.0,1.0000000003101908
0.0013645831365889244,731.8245331389041,0.0019530798414986235,0.0019328433006410221,1.010469830043072,0.9555689414677379,0.9555689414253015,0.0018663024367428168,0.0018469650267345272,1.0000000003124978,1.0,1.0000000003124978
0.0013677288255958498,730.139083483417,0.001957381502908562,0.0019371003910378356,1.010469830043171,0.9553962191958484,0.9553962191529759,0.0018700748874027275,0.0018506983897172992,1.0000000003148215,1.0,1.0000000003148215
0.001370881766164854,728.4575102545685,0.0019616918624402687,0.0019413660894321437,1.0104698300432715,0.9552252157968835,0.9552252157535722,0.001873857532626496,0.0018544418416344883,1.0000000003171623,1.0,1.0000000003171623
0.0013740419750125155,726.7798045368239,0.001966010943590476,0.001945640419077221,1.0104698300433728,0.9550559209339368,0.9550559208901842,0.001877650392297,0.0018581954021629594,1.0000000003195204,1.0,1.0000000003195204
0.0013772094688939466,725.1059574351547,0.0019703387699017577,0.0019499234032717082,1.0104698300434751,0.9548883243273882,0.9548883242831919,0.0018814534863487767,0.0018619590910307002,1.0000000003218956,1.0,1.0000000003218956
0.0013803842646028846,723.4359600749901,0.001974675364962647,0.00195421506535973,1.0104698300435786,0.9547224157545537,0.9547224157099108,0.0018852668347681433,0.0018657329280169425,1.0000000003242882,1.0,1.0000000003242882
0.0013835663789717816,721.7698036021699,0.001979020752407758,0.0019585154287310134,1.0104698300436827,0.9545581850493365,0.9545581850042442,0.0018890904575933217,0.0018695169329522854,1.0000000003266982,1.0,1.0000000003266982
0.0013867558288718888,720.1074791828994,0.001983374955917904,0.001962824516821007,1.0104698300437882,0.9543956221018829,0.9543956220563384,0.0018929243749145623,0.001873311125718817,1.000000000329126,1.0,1.000000000329126
0.0013899526312133534,718.4489780036994,0.0019877379992202177,0.0019671423531109986,1.0104698300438946,0.9542347168582397,0.9542347168122406,0.0018967686068742684,0.0018771155262502384,1.0000000003315717,1.0,1.0000000003315717
0.0013931568029453031,716.7942912713618,0.0019921099060882727,0.001971468961128235,1.010469830044002,0.9540754593200148,0.9540754592735583,0.0019006231736671203,0.0018809301545319856,1.000000000334035,1.0,1.000000000334035
0.0013963683610559384,715.1434102129016,0.0019964907003422014,0.001975804364446039,1.0104698300441106,0.9539178395440395,0.9539178394971229,0.0019044880955401992,0.0018847550306013519,1.0000000003365164,1.0,1.0000000003365164
0.0013995873225726187,713.496326075513,0.0020008804058488177,0.0019801485866839334,1.0104698300442205,0.9537618476420345,0.953761847594655,0.0019083633927931122,0.001888590174547613,1.0000000003390161,1.0,1.0000000003390161
0.0014028137045619586,711.8530301265192,0.0020052790465217383,0.0019845016515077575,1.010469830044331,0.953607473780277,0.9536074737324318,0.0019122490857781174,0.0018924356065121515,1.000000000341534,1.0,1.000000000341534
0.001406047524129914,710.213513653329,0.0020096866463215025,0.0019888635826297864,1.010469830044443,0.9534547081792721,0.9534547081309586,0.0019161451949002482,0.0018962913466885757,1.0000000003440703,1.0,1.0000000003440703
0.0014092887984218745,708.5777679633889,0.0020141032292556958,0.001993234403808855,1.0104698300445563,0.9533035411134255,0.9533035410646407,0.0019200517406174403,0.0019001574153228492,1.0000000003466252,1.0,1.0000000003466252
0.001412537544622755,706.9457843841375,0.0020185288193790697,0.001997614138850475,1.0104698300446702,0.9531539629107186,0.9531539628614597,0.0019239687434406544,0.0019040338327134124,1.0000000003491987,1.0,1.0000000003491987
0.001415793779957082,705.3175542629617,0.0020229634407936663,0.0020020028116069593,1.0104698300447852,0.9530059639523868,0.9530059639026508,0.0019278962239340051,0.0019079206192113072,1.000000000351791,1.0,1.000000000351791
0.0014190575216890924,703.6930689671468,0.002027407117648939,0.002006400445977539,1.0104698300449018,0.9528595346725998,0.9528595346223839,0.0019318342027148847,0.0019118177952203014,1.0000000003544023,1.0,1.0000000003544023
0.0014223287871228199,702.0723198838334,0.0020318598741418756,0.00201080706590849,1.0104698300450192,0.9527146655581438,0.9527146655074452,0.001935782700454089,0.0019157253811970143,1.0000000003570326,1.0,1.0000000003570326
0.001425607593602188,700.4552984199713,0.0020363217345171227,0.002015222695393251,1.0104698300451378,0.9525713471481075,0.9525713470969233,0.0019397417378759466,0.0019196433976510416,1.0000000003596823,1.0,1.0000000003596823
0.0014288939585111037,698.841996002273,0.002040792723067108,0.002019647358472547,1.0104698300452575,0.952429570033569,0.9524295699818961,0.001943711335758442,0.0019235718651450804,1.0000000003623513,1.0,1.0000000003623513
0.001432187899273544,697.232404077171,0.002045272864132163,0.002024081079234512,1.0104698300453783,0.9522893248572855,0.9522893248051207,0.0019476915149333439,0.0019275108042950534,1.0000000003650398,1.0,1.0000000003650398
0.0014354894333536562,695.6265141107685,0.0020497621821006493,0.0020285238818148095,1.0104698300455004,0.9521506023133854,0.9521506022607262,0.0019516822962863324,0.0019314602357702372,1.0000000003677478,1.0,1.0000000003677478
0.0014387985782558454,694.0243175887969,0.0020542607014090815,0.0020329757903967604,1.0104698300456234,0.9520133931470638,0.9520133930939069,0.001955683700757127,0.0019354201802933872,1.0000000003704759,1.0,1.0000000003704759
0.0014421153515248683,692.4258060165693,0.0020587684465422523,0.0020374368292114613,1.0104698300457475,0.9518776881542772,0.9518776881006195,0.0019596957493396116,0.0019393906586408624,1.0000000003732237,1.0,1.0000000003732237
0.0014454397707459282,690.8309709189361,0.0020632854420333563,0.0020419070225379094,1.0104698300458732,0.951743478181444,0.9517434781272827,0.001963718463081965,0.0019433716916427536,1.0000000003759917,1.0,1.0000000003759917
0.001448771853544762,689.2398038402418,0.002067811712464117,0.002046386394703129,1.0104698300459998,0.9516107541251452,0.951610754070477,0.0019677518630867863,0.0019473633001830094,1.00000000037878,1.0,1.00000000037878
0.0014521116175877425,687.652296344276,0.00207234728246491,0.0020508749700822917,1.0104698300461274,0.9514795069318275,0.9514795068766492,0.0019717959705112253,0.0019513655051995615,1.0000000003815883,1.0,1.0000000003815883
0.0014554590805819659,686.0684400142322,0.0020768921767148913,0.0020553727730988434,1.0104698300462565,0.951349727597509,0.9513497275418173,0.0019758508065671095,0.001955378327684454,1.0000000003844174,1.0,1.0000000003844174
0.001458814260275348,684.4882264526617,0.0020814464199421204,0.0020598798282246283,1.0104698300463866,0.9512214071674868,0.9512214071112788,0.0019799163925210716,0.00195940178868397,1.000000000387267,1.0,1.000000000387267
0.0014621771744567189,682.911647281429,0.0020860100369236904,0.002064396159980015,1.010469830046518,0.9510945367360473,0.9510945366793196,0.001983992749694682,0.001963435909298759,1.0000000003901377,1.0,1.0000000003901377
0.0014655478409559119,681.3386941416694,0.0020905830524858503,0.0020689217929340193,1.0104698300466508,0.9509691074461771,0.9509691073889268,0.0019880798994645734,0.0019674807106839624,1.0000000003930292,1.0,1.0000000003930292
0.0014689262776438668,679.7693586937414,0.0020951654915041355,0.0020734567517044326,1.0104698300467843,0.9508451104892788,0.9508451104315024,0.0019921778632625738,0.0019715362140493454,1.0000000003959417,1.0,1.0000000003959417
0.0014723125024327186,678.2036326171847,0.0020997573789034935,0.002078001060957945,1.0104698300469197,0.9507225371048851,0.9507225370465795,0.0019962866625758326,0.0019756024406594216,1.0000000003988756,1.0,1.0000000003988756
0.0014757065332758953,676.6415076106747,0.002104358739658411,0.0020825547454102755,1.010469830047056,0.9506013785803786,0.9506013785215406,0.0020004063189469536,0.001979679411833584,1.000000000401831,1.0,1.000000000401831
0.001479108388168208,675.0829753919816,0.002108969598793043,0.0020871178298262944,1.0104698300471935,0.9504816262507115,0.9504816261913376,0.0020045368539741222,0.0019837671489462316,1.0000000004048077,1.0,1.0000000004048077
0.0014825180851459538,673.5280276979219,0.00211358998138134,0.002091690339020152,1.0104698300473323,0.9503632714981277,0.9503632714382145,0.002008678289311237,0.0019878656734269,1.0000000004078065,1.0,1.0000000004078065
0.0014859356422870069,671.9766562843178,0.002118219912547176,0.002096272297855406,1.0104698300474722,0.9502463057518873,0.9502463056914316,0.0020128306466680396,0.001991975006760388,1.0000000004108267,1.0,1.0000000004108267
0.001489361077710915,670.4288529259525,0.0021228594174644796,0.002100863731245148,1.0104698300476134,0.950130720487993,0.9501307204269914,0.002016993947810247,0.0019960951704868896,1.0000000004138694,1.0,1.0000000004138694
0.001492794409578997,668.884609416526,0.0021275085213573602,0.0021054646641521313,1.0104698300477561,0.9500165072289181,0.9500165071673673,0.0020211682145596793,0.0020002261862021218,1.000000000416934,1.0,1.000000000416934
0.0014962356560944338,667.3439175686144,0.002132167249500239,0.002110075121588901,1.0104698300479,0.9499036575433369,0.9499036574812335,0.0020253534687943936,0.0020043680755574556,1.0000000004200211,1.0,1.0000000004200211
0.0014996848355023737,665.806769213622,0.0021368356272179773,0.0021146951286179186,1.0104698300480452,0.9497921630458571,0.9497921629831976,0.0020295497324488137,0.002008520860260044,1.0000000004231306,1.0,1.0000000004231306
0.0015031419660900222,664.2731562017414,0.0021415136798860084,0.0021193247103516934,1.0104698300481916,0.9496820153967529,0.9496820153335338,0.002033757027513861,0.002012684562072954,1.000000000426263,1.0,1.000000000426263
0.0015066070661867417,662.743070401909,0.002146201432930466,0.0021239638919529095,1.0104698300483395,0.9495732063017023,0.94957320623792,0.0020379753760370904,0.002016859202815295,1.000000000429418,1.0,1.000000000429418
0.0015100801541641491,661.2165037017616,0.0021508989118283165,0.002128612698634558,1.0104698300484887,0.9494657275115239,0.9494657274471748,0.0020422048001228175,0.0020210448043623546,1.0000000004325962,1.0,1.0000000004325962
0.0015135612484362085,659.6934480075959,0.002155606142107487,0.002133271155660063,1.0104698300486388,0.949359570821917,0.9493595707569977,0.002046445321932252,0.0020252413886457216,1.0000000004357976,1.0,1.0000000004357976
0.0015170503674593369,658.1738952443212,0.002160323149347,0.0021379392883434122,1.0104698300487907,0.9492547280732035,0.9492547280077104,0.002050696963683633,0.0020294489776534236,1.0000000004390224,1.0,1.0000000004390224
0.0015205475297324954,656.6578373554206,0.0021650499591771024,0.00214261712204929,1.0104698300489436,0.9491511911500704,0.9491511910839999,0.002054959747652358,0.0020336675934300554,1.0000000004422704,1.0,1.0000000004422704
0.0015240527537972923,655.1452663029049,0.0021697865972793986,0.0021473046821932035,1.010469830049098,0.9490489519813161,0.9490489519146647,0.002059233696171119,0.0020378972580769117,1.0000000004455423,1.0,1.0000000004455423
0.0015275660582380734,653.6361740672746,0.002174533089386981,0.0021520019942416163,1.0104698300492536,0.9489480025395965,0.9489480024723603,0.002063518831630034,0.0020421379937521178,1.000000000448838,1.0,1.000000000448838
0.0015310874616820305,652.1305526474722,0.0021792894612845644,0.0021567090837120786,1.0104698300494108,0.9488483348411745,0.94884833477335,0.002067815176476779,0.002046389822670763,1.0000000004521579,1.0,1.0000000004521579
0.0015346169827992944,650.6283940608427,0.0021840557388086174,0.002161425976173358,1.0104698300495691,0.9487499409456698,0.9487499408772531,0.002072122753216727,0.0020506527671050323,1.0000000004555019,1.0,1.0000000004555019
0.0015381546403030345,649.1296903430908,0.002188831947847496,0.0021661526972455722,1.0104698300497292,0.9486528129558119,0.9486528128867994,0.002076441584413076,0.0020549268493843397,1.00000000045887,1.0,1.00000000045887
0.0015417004529495603,647.634433548238,0.002193618114341575,0.002170889272600319,1.0104698300498904,0.948556943017194,0.9485569429475817,0.002080771692686986,0.002059212091895458,1.000000000462263,1.0,1.000000000462263
0.0015452544395384144,646.1426157485829,0.002198414264283385,0.002175635727960812,1.0104698300500532,0.9484623233180283,0.9484623232478128,0.0020851131007177132,0.002063508517082658,1.0000000004656806,1.0,1.0000000004656806
0.0015488166189124815,644.6542290346555,0.0022032204237177446,0.002180392089102008,1.0104698300502175,0.9483689460889039,0.9483689460180814,0.0020894658312427456,0.002067816147447834,1.000000000469123,1.0,1.000000000469123
0.0015523870099580822,643.1692655151772,0.002208036618741893,0.002185158381850746,1.010469830050383,0.9482768036025461,0.9482768035311127,0.002093829907057936,0.002072135005550644,1.0000000004725906,1.0,1.0000000004725906
0.001555965631605074,641.6877173170197,0.0022128628755056267,0.0021899346320858742,1.01046983005055,0.9481858881735769,0.9481858881015286,0.002098205351017638,0.002076465114008639,1.0000000004760834,1.0,1.0000000004760834
0.0015595525028269544,640.2095765851612,0.002217699220211435,0.0021947208657383892,1.0104698300507182,0.9480961921582771,0.94809619208561,0.002102592186034842,0.0020808064954974,1.0000000004796017,1.0,1.0000000004796017
0.0015631476426409545,638.7348354826479,0.0022225456791146324,0.0021995171087915645,1.0104698300508879,0.9480077079543517,0.9480077078810618,0.002106990435081311,0.002085159172750671,1.0000000004831457,1.0,1.0000000004831457
0.0015667510701081494,637.2634861905485,0.0022274022785234967,0.002204323387281089,1.010469830051059,0.9479204280006942,0.9479204279267777,0.0021114001211877146,0.002089523168560494,1.0000000004867156,1.0,1.0000000004867156
0.0015703628043335525,635.7955209079158,0.002232269044799403,0.0022091397272951977,1.0104698300512318,0.9478343447771549,0.9478343447026076,0.0021158212674437676,0.0020938985057773413,1.0000000004903111,1.0,1.0000000004903111
0.0015739828644662191,634.3309318517438,0.002237146004356961,0.00221396615497481,1.0104698300514061,0.9477494508043093,0.9477494507291274,0.002120253896998365,0.002098285207310254,1.0000000004939331,1.0,1.0000000004939331
0.0015776112696993495,632.8697112569266,0.0022420331836641508,0.0022188026965136616,1.0104698300515818,0.9476657386432292,0.9476657385674088,0.002124698033059718,0.0021026832961269773,1.0000000004975815,1.0,1.0000000004975815
0.0015812480392703838,631.4118513762193,0.0022469306092424597,0.0022236493781584415,1.010469830051759,0.9475832008952552,0.9475832008187919,0.0021291536988954957,0.0021070927952540923,1.0000000005012564,1.0,1.0000000005012564
0.0015848931924611136,629.9573444801932,0.0022518383076670194,0.0022285062262089273,1.0104698300519375,0.9475018302017684,0.9475018301246584,0.0021336209178329534,0.0021115137277771547,1.0000000005049579,1.0,1.0000000005049579
0.0015885467485977787,628.5061828571976,0.0022567563055667433,0.002233373267018121,1.0104698300521175,0.9474216192439682,0.9474216191662072,0.0021380997132590795,0.00211594611684083,1.0000000005086864,1.0,1.0000000005086864
0.0015922087270511696,627.0583588133181,0.0022616846296244645,0.002238250526992385,1.0104698300522994,0.9473425607426473,0.9473425606642312,0.002142590108620726,0.0021203899856490306,1.0000000005124423,1.0,1.0000000005124423
0.0015958791472367334,625.6138646723351,0.002266623306577073,0.0022431380325915796,1.0104698300524824,0.9472646474579707,0.9472646473788954,0.0021470921274247506,0.0021248453574650517,1.0000000005162253,1.0,1.0000000005162253
0.0015995580286146693,624.1726927756856,0.002271572363215656,0.002248035810329199,1.0104698300526673,0.9471878721892552,0.9471878721095164,0.002151605793238155,0.0021293122556117062,1.0000000005200358,1.0,1.0000000005200358
0.0016032453906900416,622.7348354824192,0.0022765318263856327,0.0022529438867725095,1.0104698300528534,0.947112227774751,0.9471122276943444,0.0021561311296882193,0.0021337907034714664,1.0000000005238743,1.0,1.0000000005238743
0.0016069412530128771,621.3002851691596,0.0022815017229868974,0.002257862288542685,1.010469830053041,0.9470377070914242,0.9470377070103457,0.002160668160462645,0.0021382807244865964,1.0000000005277405,1.0,1.0000000005277405
0.0016106456351782713,619.8690342300632,0.002286482079973957,0.0022627910423149472,1.0104698300532304,0.9469643030547411,0.9469643029729864,0.002165216909309693,0.0021427823421592915,1.0000000005316347,1.0,1.0000000005316347
0.0016143585568264868,618.4410750767812,0.00229147292435607,0.0022677301748187024,1.0104698300534216,0.9468920086184537,0.9468920085360184,0.0021697774000383214,0.0021472955800518174,1.0000000005355576,1.0,1.0000000005355576
0.0016180800376430662,617.0164001384157,0.0022964742831973876,0.00227267971283768,1.0104698300536143,0.946820816774387,0.9468208166912668,0.0021743496565183253,0.002151820461786646,1.0000000005395089,1.0,1.0000000005395089
0.00162181009735893,615.5950018614822,0.0023014861836170926,0.002277639683210073,1.0104698300538084,0.9467507205522276,0.9467507204684182,0.002178933702680479,0.002156357011046596,1.0000000005434888,1.0,1.0000000005434888
0.0016255487557504836,614.1768727098682,0.0023065086527895417,0.002282610112828674,1.0104698300540043,0.9466817130193137,0.9466817129348106,0.0021835295625166726,0.0021609052515749703,1.0000000005474978,1.0,1.0000000005474978
0.0016292960326397233,612.7620051647939,0.0023115417179444047,0.002287591028641017,1.0104698300542017,0.9466137872804259,0.9466137871952247,0.002188137260080055,0.002165465207175693,1.000000000551536,1.0,1.000000000551536
0.0016330519478943348,611.3503917247733,0.002316585406366807,0.0022925824576495164,1.0104698300544006,0.9465469364775807,0.946546936391677,0.0021927568194851726,0.0021700369017134515,1.0000000005556033,1.0,1.0000000005556033
0.0016368165214278088,609.9420249055719,0.0023216397453974707,0.0022975844269116077,1.0104698300546013,0.9464811537898242,0.9464811537032132,0.0021973882649081117,0.0021746203591138345,1.0000000005597005,1.0,1.0000000005597005
0.0016405897731995391,608.5368972401692,0.0023267047624328558,0.0023025969635398864,1.0104698300548036,0.9464164324330273,0.9464164323457047,0.0022020316205866378,0.002179215603363472,1.0000000005638274,1.0,1.0000000005638274
0.0016443717232149312,607.135001278718,0.002331780484925304,0.002307620094702251,1.0104698300550077,0.9463527656596833,0.9463527655716445,0.002206686910820339,0.0021838226585101754,1.000000000567984,1.0,1.000000000567984
0.001648162391525509,605.7363295885051,0.002336866940383179,0.002312653847622041,1.0104698300552133,0.9462901467587056,0.9462901466699458,0.002211354159970766,0.0021884415486630756,1.0000000005721712,1.0,1.0000000005721712
0.0016519617982290154,604.3408747539135,0.002341964156371011,0.002317698249578182,1.0104698300554205,0.9462285690552271,0.946228568965742,0.0022160333924615737,0.0021930722979927684,1.000000000576389,1.0,1.000000000576389
0.0016557699634695282,602.9486293763798,0.0023470721605096394,0.0023227533279053226,1.0104698300556296,0.9461680259104017,0.9461680258201864,0.002220724632778667,0.002197714930731447,1.000000000580637,1.0,1.000000000580637
0.0016595869074375604,601.5595860743579,0.0023521909804763565,0.002327819109993982,1.0104698300558403,0.9461085107212055,0.9461085106302555,0.002225427905470338,0.002202369471173053,1.0000000005849161,1.0,1.0000000005849161
0.0016634126503701704,600.1737374832777,0.002357320644005051,0.002332895623290688,1.0104698300560528,0.9460500169202409,0.9460500168285516,0.002230143235147412,0.00220703594367341,1.0000000005892262,1.0,1.0000000005892262
0.0016672472125510635,598.7910762555091,0.0023624611788863516,0.002337982895298121,1.0104698300562671,0.9459925379755416,0.9459925378831079,0.0022348706464833897,0.002211714372650366,1.0000000005935679,1.0,1.0000000005935679
0.001671090614310708,597.4115950603195,0.002367612612967773,0.002343080953575258,1.0104698300564832,0.9459360673903774,0.9459360672971948,0.002239610164214591,0.0022164047825839403,1.0000000005979408,1.0,1.0000000005979408
0.0016749428760264374,596.0352865838369,0.00237277497415386,0.002348189825737514,1.0104698300567008,0.945880598703063,0.9458805986091264,0.0022443618131402976,0.00222110719801646,1.0000000006023457,1.0,1.0000000006023457
0.00167880401812256,594.6621435290106,0.0023779482904063304,0.0023533095394568876,1.0104698300569201,0.9458261254867653,0.94582612539207,0.002249125618122897,0.002225821643552705,1.0000000006067826,1.0,1.0000000006067826
0.0016826740610704684,593.2921586155722,0.002383132589744226,0.0023584401224621037,1.0104698300571415,0.9457726413493137,0.9457726412538547,0.002253901604088027,0.0022305481438600486,1.0000000006112515,1.0,1.0000000006112515
0.0016865530253887418,591.9253245799996,0.002388327900244052,0.002363581602538758,1.0104698300573645,0.9457201399330112,0.9457201398367839,0.0022586897960247196,0.002235286723668604,1.0000000006157532,1.0,1.0000000006157532
0.0016904409316432646,590.5616341754738,0.0023935342500399277,0.002368734007529462,1.0104698300575894,0.9456686149144466,0.9456686148174458,0.002263490218985547,0.0022400374077713634,1.0000000006202874,1.0,1.0000000006202874
0.0016943378004473284,589.2010801718443,0.0023987516673237303,0.002373897365333987,1.0104698300578159,0.9456180600043077,0.9456180599065285,0.0022683028980867645,0.002244800221024344,1.0000000006248546,1.0,1.0000000006248546
0.001698243652461744,587.8436553555891,0.002403980180345244,0.0023790717039094108,1.0104698300580441,0.9455684689471962,0.9455684688486334,0.002273127858508457,0.0022495751883467308,1.000000000629455,1.0,1.000000000629455
0.0017021585083949514,586.4893525297764,0.002409219817412305,0.0023842570512702626,1.0104698300582746,0.945519835521443,0.9455198354220917,0.002277965125494684,0.0022543623347210206,1.0000000006340888,1.0,1.0000000006340888
0.001706082389003124,585.1381645140285,0.00241447060689095,0.0023894534354886687,1.0104698300585067,0.9454721535389262,0.9454721534387813,0.0022828147243536246,0.0022591616851931656,1.0000000006387562,1.0,1.0000000006387562
0.001710015315090288,583.7900841444806,0.002419732577205564,0.0023946608846944994,1.0104698300587405,0.9454254168448883,0.9454254167439449,0.0022876766804577264,0.002263973264872721,1.0000000006434573,1.0,1.0000000006434573
0.0017139573075084253,582.4451042737447,0.002425005756839029,0.0023998794270755144,1.0104698300589765,0.9453796193177564,0.9453796192160091,0.002292551019243849,0.002268797098932984,1.0000000006481928,1.0,1.0000000006481928
0.0017179083871575877,581.1032177708715,0.0024302901743328705,0.002405109090877512,1.010469830059214,0.9453347548689619,0.9453347547664057,0.0022974377662134107,0.002273633212611146,1.0000000006529626,1.0,1.0000000006529626
0.001721868574986008,579.7644175213118,0.0024355858582874087,0.002410349904404473,1.0104698300594537,0.9452908174427629,0.9452908173393924,0.002302336946932538,0.0022784816312084307,1.0000000006577672,1.0,1.0000000006577672
0.0017258378919902042,578.4286964268808,0.002440892837361906,0.0024156018960187126,1.0104698300596953,0.9452478010160662,0.9452478009118763,0.002307248587032208,0.002283342380090247,1.0000000006626064,1.0,1.0000000006626064
0.0017298163592151016,577.0960474057181,0.002446211140274718,0.0024208650941410243,1.0104698300599384,0.9452056995982523,0.9452056994932376,0.0023121727122084033,0.0022882154846863294,1.000000000667481,1.0,1.000000000667481
0.001733803997754138,575.7664633922508,0.002451540795803441,0.00242613952725083,1.0104698300601838,0.9451645072309992,0.9451645071251543,0.002317109348222251,0.0022931009704908857,1.0000000006723908,1.0,1.0000000006723908
0.001737800828749375,574.4399373371571,0.002456881832785065,0.0024314252238863297,1.0104698300604311,0.9451242179881093,0.9451242178814291,0.0023220585209001773,0.002297998863062746,1.0000000006773362,1.0,1.0000000006773362
0.001741806873391615,573.1164622073273,0.0024622342801161228,0.0024367222126446485,1.0104698300606803,0.9450848259753366,0.9450848258678155,0.002327020256134054,0.002302909188025506,1.0000000006823175,1.0,1.0000000006823175
0.0017458221529205043,571.796030985829,0.00246759816675284,0.0024420305221819873,1.0104698300609312,0.9450463253302147,0.9450463252218473,0.0023319945798813456,0.002307831971067676,1.000000000687335,1.0,1.000000000687335
0.001749846688624657,570.478636671867,0.002472973521711288,0.00244735018121377,1.0104698300611847,0.9450087102218864,0.9450087101126675,0.0023369815181652604,0.002312767237942828,1.000000000692389,1.0,1.000000000692389
0.001753880501841761,569.1642722807476,0.0024783603740675337,0.002452681218514799,1.0104698300614396,0.9449719748509342,0.944971974740858,0.002341981097074897,0.0023177150144697437,1.0000000006974794,1.0,1.0000000006974794
0.001757923613958692,567.8529308438416,0.0024837587529577933,0.002458023662919398,1.0104698300616968,0.944936113449212,0.944936113338273,0.002346993342765399,0.002322675326532561,1.000000000702607,1.0,1.000000000702607
0.00176197604641163,566.5446054085469,0.0024891686875785834,0.0024633775433215684,1.010469830061956,0.944901120279677,0.9449011201678696,0.002352018281458097,0.002327648200080925,1.0000000007077716,1.0,1.0000000007077716
0.0017660378206861647,565.2392890382532,0.0024945902071868736,0.002468742888675138,1.010469830062217,0.9448669896362241,0.9448669895235428,0.0023570559394406657,0.0023326336611301326,1.000000000712974,1.0,1.000000000712974
0.0017701089583174211,563.9369748123025,0.00250002334110024,0.0024741197279939137,1.0104698300624804,0.9448337158435203,0.9448337157299593,0.0023621063430672726,0.002337631735761286,1.0000000007182137,1.0,1.0000000007182137
0.0017741894808901654,562.6376558259545,0.0025054681186970173,0.002479508090351831,1.0104698300627455,0.9448012932568401,0.944801293142394,0.002367169518758724,0.002342642450121438,1.0000000007234917,1.0,1.0000000007234917
0.0017782794100389236,561.3413251903488,0.0025109245694164544,0.002484908004883108,1.0104698300630128,0.944769716261903,0.9447697161465659,0.0023722454930026247,0.0023476658304237433,1.000000000728808,1.0,1.000000000728808
0.0017823787674480901,560.0479760324703,0.002516392722758866,0.0024903195007823964,1.0104698300632822,0.9447389792747102,0.9447389791584764,0.00237733429235352,0.0023527019029476078,1.0000000007341625,1.0,1.0000000007341625
0.001786487574852051,558.7576014951101,0.002521872608285789,0.0024957426073049355,1.010469830063554,0.944709076741384,0.9447090766242479,0.002382435943433054,0.0023577506940388386,1.0000000007395562,1.0,1.0000000007395562
0.001790605854035294,557.4701947368309,0.002527364255620136,0.002501177353766705,1.0104698300638275,0.9446800031380077,0.9446800030199631,0.0023875504729301187,0.0023628122301097942,1.0000000007449887,1.0,1.0000000007449887
0.0017947336268325277,556.1857489319295,0.0025328676944463505,0.002506623769544577,1.0104698300641033,0.9446517529704657,0.9446517528515069,0.0023926779076010067,0.0023678865376395362,1.0000000007504608,1.0,1.0000000007504608
0.0017988709151287887,554.9042572704034,0.0025383829545105622,0.002512081884076471,1.010469830064381,0.9446243207742855,0.9446243206544066,0.002397818274269564,0.0023729736431739785,1.0000000007559726,1.0,1.0000000007559726
0.0018030177408595695,553.6257129579105,0.002543910065620744,0.0025175517268615096,1.0104698300646613,0.9445977011144803,0.9445977009936753,0.0024029715998273413,0.002378073573326039,1.0000000007615242,1.0,1.0000000007615242
0.0018071741260109273,552.3501092157367,0.0025494490576468652,0.002523033327460169,1.0104698300649433,0.9445718885853929,0.9445718884636558,0.0024081379112337498,0.002383186354775793,1.0000000007671161,1.0,1.0000000007671161
0.0018113400926196024,551.0774392807574,0.0025549999605210517,0.0025285267154944364,1.0104698300652277,0.9445468778105399,0.9445468776878648,0.002413317235516212,0.002388312014270622,1.0000000007727485,1.0,1.0000000007727485
0.0018155156627731367,549.807696405403,0.0025605628042377386,0.002534031920647966,1.0104698300655142,0.9445226634424576,0.9445226633188384,0.0024185095997703173,0.002393450578625368,1.0000000007784218,1.0,1.0000000007784218
0.0018197008586099842,548.5408738576243,0.002566137618853832,0.002539548972666232,1.010469830065803,0.9444992401625482,0.9444992400379788,0.0024237150311599747,0.0023986020747224857,1.000000000784136,1.0,1.000000000784136
0.0018238957023196383,547.2769649208536,0.0025717244344888616,0.002545077901356686,1.010469830066094,0.9444766026809271,0.9444766025554013,0.002428933556917569,0.0024037665295121935,1.000000000789892,1.0,1.000000000789892
0.0018281002161427428,546.0159628939715,0.0025773232813251423,0.0025506187365889133,1.0104698300663872,0.944454745736272,0.9444547456097836,0.0024341652043441114,0.00240894397001263,1.0000000007956893,1.0,1.0000000007956893
0.0018323144223712114,544.757861091271,0.0025829341896079316,0.002556171508294789,1.0104698300666828,0.944433664095671,0.9444336639682139,0.0024394100008094015,0.0024141344233100034,1.0000000008015288,1.0,1.0000000008015288
0.0018365383433483476,543.5026528424208,0.002588557189645586,0.0025617362464686352,1.0104698300669805,0.9444133525544737,0.9444133524260415,0.0024446679737521746,0.002419337916558748,1.0000000008074106,1.0,1.0000000008074106
0.0018407720014689565,542.250331492433,0.002594192311809723,0.0025673129811673774,1.0104698300672805,0.9443938059361418,0.9443938058067283,0.0024499391506802625,0.002424554476981677,1.000000000813335,1.0,1.000000000813335
0.0018450154191794739,541.0008904016238,0.0025998395865353776,0.002572901742510704,1.0104698300675825,0.9443750190921013,0.9443750189617001,0.002455223559170748,0.002429784131870137,1.0000000008193024,1.0,1.0000000008193024
0.0018492686189780783,539.7543229455808,0.002605499044321165,0.002578502560681221,1.0104698300678872,0.9443569869015954,0.9443569867702001,0.002460521226870122,0.0024350269085841626,1.000000000825313,1.0,1.000000000825313
0.001853531623414811,538.5106225151278,0.0026111707157294374,0.0025841154659246145,1.010469830068194,0.9443397042715378,0.9443397041391421,0.0024658321814944365,0.002440282834552632,1.000000000831367,1.0,1.000000000831367
0.0018578044550916994,537.269782516288,0.002616854631386446,0.002589740488549807,1.010469830068503,0.9443231661363681,0.9443231660029654,0.002471156450829467,0.00244555193727342,1.0000000008374648,1.0,1.0000000008374648
0.001862087136662868,536.0317963702526,0.002622550821982502,0.002595377658929116,1.0104698300688146,0.9443073674579064,0.9443073673234903,0.0024764940627308653,0.002450834244313557,1.0000000008436067,1.0,1.0000000008436067
0.0018663796908346701,534.7966575133415,0.002628259318272137,0.0026010270074984148,1.0104698300691284,0.9442923032252106,0.9442923030897743,0.0024818450451243182,0.002456129783309382,1.0000000008497933,1.0,1.0000000008497933
0.0018706821403658004,533.5643593969717,0.002633980151074265,0.002606688564757291,1.0104698300694448,0.9442779684544325,0.9442779683179696,0.0024872094260057057,0.002461438581966699,1.0000000008560246,1.0,1.0000000008560246
0.0018749945080674183,532.3348954876211,0.0026397133512723425,0.0026123623612692077,1.0104698300697634,0.9442643581886769,0.9442643580511808,0.00249258723344126,0.0024667606680609353,1.0000000008623011,1.0,1.0000000008623011
0.0018793168168032694,531.108259266794,0.0026454589498145346,0.0026180484276616643,1.0104698300700847,0.9442514674978603,0.9442514673593243,0.0024979784955677224,0.0024720960694372984,1.000000000868623,1.0,1.000000000868623
0.001883649089489801,529.8844442309883,0.0026512169777138717,0.0026237467946263558,1.0104698300704082,0.9442392914785698,0.9442392913389872,0.0025033832405925013,0.0024774448140109295,1.0000000008749905,1.0,1.0000000008749905
0.0018879913490962936,528.6634438916577,0.002656987466048419,0.0026294574929193347,1.0104698300707342,0.9442278252539249,0.9442278251132888,0.0025088014967938354,0.0024828069297670643,1.0000000008814043,1.0,1.0000000008814043
0.0018923436186449752,527.4452517751805,0.0026627704459614336,0.0026351805533611733,1.0104698300710626,0.9442170639734381,0.9442170638317418,0.0025142332925209474,0.0024881824447611917,1.0000000008878644,1.0,1.0000000008878644
0.0018967059212111458,526.2298614228229,0.002668565948661533,0.002640916006837125,1.0104698300713935,0.944207002812877,0.9442070026701137,0.0025196786561942075,0.0024935713871192073,1.0000000008943712,1.0,1.0000000008943712
0.0019010782799233007,525.017266390706,0.002674374005422856,0.002646663884297287,1.0104698300717267,0.9441976369741283,0.9441976368302912,0.002525137616305295,0.0024989737850375777,1.0000000009009253,1.0,1.0000000009009253
0.0019054607179632475,523.8074602497725,0.0026801946475852284,0.0026524242167567606,1.010469830072063,0.9441889616850607,0.9441889615401428,0.002530610201417354,0.0025043896667834922,1.0000000009075267,1.0,1.0000000009075267
0.0019098532585662383,522.6004365857502,0.002686027906554328,0.0026581970352958194,1.0104698300724013,0.9441809721993896,0.9441809720533839,0.0025360964401651563,0.00250981906069503,1.0000000009141758,1.0,1.0000000009141758
0.0019142559250210855,521.3961889991199,0.002691873813801848,0.0026639823710600677,1.0104698300727424,0.9441736637965432,0.9441736636494427,0.0025415963612552646,0.002515261995181313,1.0000000009208732,1.0,1.0000000009208732
0.0019186687406702889,520.1947111050806,0.002697732400865665,0.0026697802552606066,1.0104698300730859,0.944167031781528,0.9441670316333257,0.00254710999346619,0.0025207184987226694,1.0000000009276189,1.0,1.0000000009276189
0.001923091728910159,518.9959965335158,0.002703603699350003,0.0026755907191741975,1.010469830073432,0.9441610714847963,0.9441610713354851,0.002552637365648558,0.0025261885998707915,1.0000000009344132,1.0,1.0000000009344132
0.0019275249131909364,517.800038928961,0.0027094877409256,0.002681413794143427,1.0104698300737807,0.9441557782621134,0.9441557781116862,0.0025581785067252654,0.002531672327248896,1.000000000941257,1.0,1.000000000941257
0.001931968317016924,516.6068319505677,0.0027153845573298758,0.0026872495115768716,1.010469830074132,0.944151147494427,0.9441511473428763,0.002563733445691649,0.0025371697095518874,1.0000000009481502,1.0,1.0000000009481502
0.0019364219639466068,515.416369272071,0.0027212941803670962,0.0026930979029492633,1.0104698300744859,0.9441471745877352,0.9441471744350541,0.0025693022116156407,0.0025426807755465166,1.0000000009550931,1.0,1.0000000009550931
0.001940885877592779,514.2286445817563,0.0027272166419085443,0.0026989589998016542,1.0104698300748425,0.9441438549729585,0.9441438548191394,0.0025748848336379394,0.002548205554071543,1.0000000009620864,1.0,1.0000000009620864
0.0019453600816226634,513.0436515824259,0.002733151973892684,0.002704832833741583,1.0104698300752017,0.9441411841058085,0.9441411839508442,0.0025804813409721667,0.0025537440740378953,1.00000000096913,1.0,1.00000000096913
0.0019498445997580456,511.86138399136473,0.002739100208325331,0.002710719436443243,1.0104698300755635,0.944139157466661,0.9441391573105442,0.0025860917629050334,0.002559296364428837,1.0000000009762249,1.0,1.0000000009762249
0.0019543394557753947,510.6818355403077,0.002745061377279821,0.0027166188396476453,1.010469830075928,0.9441377705604276,0.9441377704031506,0.0025917161287965073,0.002564862454300122,1.000000000983371,1.0,1.000000000983371
0.001958844673505991,509.50499997540595,0.002751035512897178,0.0027225310751627903,1.0104698300762953,0.9441370189164288,0.9441370187579843,0.0025973544680799703,0.0025704423727801666,1.0000000009905687,1.0,1.0000000009905687
0.0019633602768360475,508.3308710571952,0.0027570226473862826,0.00272845617486383,1.0104698300766652,0.9441368980882678,0.9441368979286485,0.002603006810262389,0.0025760361490702027,1.0000000009978185,1.0,1.0000000009978185
0.001967886289706845,507.1594425605604,0.002763022813024043,0.0027343941706932415,1.010469830077038,0.9441374036537058,0.944137403492904,0.0026086731849244787,0.0025816438124444496,1.0000000010051207,1.0,1.0000000010051207
0.001972422736114854,505.9907082747043,0.002769036042155565,0.0027403450946609904,1.0104698300774138,0.9441385312145357,0.9441385310525438,0.0026143536217208664,0.0025872653922502714,1.0000000010124754,1.0,1.0000000010124754
0.0019769696401118605,504.8246620031141,0.002775062367194321,0.0027463089788447026,1.010469830077792,0.9441402763964591,0.9441402762332695,0.0026200481503802584,0.0025929009179083457,1.0000000010198835,1.0,1.0000000010198835
0.0019815270258050992,503.6612975635281,0.0027811018206223225,0.002752285855389832,1.010469830078173,0.9441426348489629,0.9441426346845675,0.002625756800705607,0.0025985504189128244,1.0000000010273453,1.0,1.0000000010273453
0.0019860949173573722,502.5006087879046,0.0027871544349902908,0.00275827575650983,1.0104698300785568,0.9441456022451958,0.9441456020795872,0.0026314796025742764,0.0026042139248315024,1.0000000010348609,1.0,1.0000000010348609
0.001990673338987187,501.342589522387,0.0027932202429178273,0.002764278714486315,1.0104698300789436,0.9441491742818477,0.9441491741150182,0.002637216585938209,0.0026098914653059782,1.0000000010424306,1.0,1.0000000010424306
0.00199526231496888,500.18723362727224,0.002799299277093587,0.0027702947616692433,1.010469830079333,0.9441533466790273,0.9441533465109688,0.002642967780824092,0.0026155830700518227,1.0000000010500552,1.0,1.0000000010500552
0.0019998618696327438,499.0345349769786,0.0028053915702754497,0.002776323930477079,1.0104698300797255,0.9441581151801419,0.9441581150108469,0.0026487332173335274,0.0026212887688587443,1.000000001057735,1.0,1.000000001057735
0.0020044720273651624,497.8844874600119,0.002811497155290693,0.0027823662533969645,1.0104698300801207,0.944163475551778,0.9441634753812382,0.002654512925643198,0.002627008591590753,1.0000000010654702,1.0,1.0000000010654702
0.0020090928126087287,496.73708497893585,0.0028176160650361668,0.0027884217629848933,1.010469830080519,0.9441694235835811,0.9441694234117887,0.0026603069360050355,0.00263274256818633,1.000000001073261,1.0,1.000000001073261
0.0020137242498623887,495.592321450336,0.0028237483324784632,0.0027944904918658802,1.0104698300809203,0.944175955088138,0.9441759549150848,0.0026661152787463903,0.0026384907286585925,1.0000000010811085,1.0,1.0000000010811085
0.002018366363681561,494.45019080479017,0.002829893990654094,0.0028005724727341334,1.0104698300813242,0.9441830659008587,0.9441830657265365,0.0026719379842701984,0.002644253103095461,1.0000000010890124,1.0,1.0000000010890124
0.0020230191786782714,493.3106869868355,0.0028360530726696635,0.002806667738353228,1.0104698300817314,0.9441907518798587,0.9441907517042597,0.002677775083055153,0.002650029721659829,1.0000000010969736,1.0,1.0000000010969736
0.002027682719521283,492.17380395493564,0.0028422256117020435,0.002812776321556278,1.0104698300821415,0.9441990089058434,0.9441990087289592,0.002683626605655874,0.002655820614589726,1.000000001104992,1.0,1.000000001104992
0.0020323570109362222,491.0395356814508,0.0028484116409985463,0.00281889825524611,1.0104698300825545,0.9442078328819916,0.944207832703814,0.002689492582703075,0.0026616258121984924,1.0000000011130687,1.0,1.0000000011130687
0.0020370420777057184,489.9078761526031,0.002854611193877104,0.0028250335723954364,1.0104698300829706,0.9442172197338402,0.9442172195543609,0.0026953730449037375,0.002667445344874942,1.0000000011212036,1.0,1.0000000011212036
0.0020417379446695293,488.7788193684462,0.0028608243037264404,0.0028311823060470287,1.0104698300833896,0.9442271654091698,0.9442271652283806,0.0027012680230412787,0.0026732792430835353,1.000000001129397,1.0,1.000000001129397
0.0020464446367246735,487.65235934283373,0.00286705100400625,0.0028373444893138935,1.010469830083812,0.944237665877891,0.9442376656957833,0.0027071775479757254,0.002679127537364545,1.0000000011376498,1.0,1.0000000011376498
0.0020511621788255664,486.5284901033861,0.002873291328247373,0.0028435201553794467,1.010469830084237,0.9442487171319304,0.9442487169484957,0.002713101650643882,0.0026849902583342294,1.0000000011459622,1.0,1.0000000011459622
0.002055890595984142,485.4072056914615,0.0028795453100519722,0.002849709337497687,1.0104698300846653,0.9442603151851185,0.9442603150003486,0.002719040362059505,0.0026908674366850007,1.0000000011543344,1.0,1.0000000011543344
0.0020606299132700004,484.288500162121,0.002885812983093713,0.0028559120689933743,1.0104698300850972,0.9442724560730779,0.9442724558869638,0.0027249937133134758,0.0026967591031855937,1.0000000011627672,1.0,1.0000000011627672
0.0020653801558105293,483.17236758409933,0.0028920943811179367,0.002862128383262204,1.0104698300855317,0.9442851358531105,0.9442851356656441,0.002730961735573968,0.0027026652886812407,1.0000000011712609,1.0,1.0000000011712609
0.0020701413487910414,482.05880203977284,0.002898389537941842,0.002868358313770982,1.0104698300859694,0.9442983506040885,0.9442983504152611,0.0027369444600866275,0.0027085860240938383,1.0000000011798158,1.0,1.0000000011798158
0.002074913517454911,480.9477976251271,0.0029046984874546637,0.002874601894057805,1.0104698300864103,0.9443120964263431,0.9443120962361458,0.002742941918174741,0.0027145213404221207,1.0000000011884327,1.0,1.0000000011884327
0.0020796966871036962,479.8393484497284,0.0029110212636178495,0.0028808591577322343,1.0104698300868544,0.9443263694415548,0.9443263692499787,0.002748954141239411,0.0027204712687418325,1.0000000011971115,1.0,1.0000000011971115
0.002084490883097289,478.7334486366891,0.002917357900465241,0.002887130138475475,1.0104698300873018,0.9443411657926449,0.9443411655996816,0.002754981160759729,0.0027264358402059002,1.000000001205853,1.0,1.000000001205853
0.002089296130854039,477.63009232263846,0.0029237084321032535,0.002893414870040553,1.0104698300877524,0.9443564816436675,0.9443564814493076,0.002761023008292952,0.002732415086044602,1.0000000012146577,1.0,1.0000000012146577
0.002094112455850892,476.52927365769096,0.0029300728927110545,0.002899713386252494,1.0104698300882062,0.9443723131797,0.9443723129839351,0.002767079715474674,0.0027384090375657463,1.000000001223526,1.0,1.000000001223526
0.002098939883623525,475.43098680541556,0.002936451316540747,0.0029060257210085025,1.0104698300886634,0.9443886566067384,0.9443886564095593,0.002773151314019004,0.0027444177261548405,1.000000001232458,1.0,1.000000001232458
0.0021037784397664756,474.33522594280527,0.002942843737917547,0.0029123519082781403,1.0104698300891235,0.9444055081515885,0.9444055079529861,0.002779237835718741,0.0027504411832752654,1.0000000012414545,1.0,1.0000000012414545
0.0021086281499332893,473.2419852602447,0.0029492501912399697,0.002918691982103505,1.0104698300895874,0.944422864061761,0.9444228638617261,0.0027853393124455486,0.00275647944046845,1.0000000012505161,1.0,1.0000000012505161
0.002113489039836646,472.1512589614806,0.0029556707109800063,0.002925045976599413,1.0104698300900545,0.9444407206053658,0.9444407204038895,0.002791455776150131,0.0027625325293540483,1.000000001259643,1.0,1.000000001259643
0.002118361135248503,471.06304126359026,0.0029621053316833085,0.0029314139259535763,1.0104698300905248,0.9444590740710072,0.9444590738680801,0.002797587258862411,0.0027686004816301077,1.0000000012688357,1.0,1.0000000012688357
0.00212324446200022,469.9773263969528,0.0029685540879693722,0.0029377958644267853,1.0104698300909987,0.9444779207676792,0.9444779205632926,0.002803733792691707,0.002774683329073251,1.0000000012780947,1.0,1.0000000012780947
0.0021281390459827122,468.89410860521537,0.0029750170145317186,0.0029441918263530898,1.0104698300914758,0.9444972570246628,0.944497256818807,0.0028098954098269096,0.0027807811035388467,1.0000000012874206,1.0,1.0000000012874206
0.0021330449131465763,467.8133821452652,0.002981494146138078,0.002950601846139979,1.0104698300919566,0.9445170791914216,0.9445170789840874,0.002816072142536659,0.0027868938369611886,1.0000000012968135,1.0,1.0000000012968135
0.0021379620895022335,466.7351412871979,0.0029879855176305745,0.002957025958268566,1.0104698300924408,0.9445373836375001,0.944537383428678,0.002822264023169524,0.0027930215613536703,1.0000000013062744,1.0,1.0000000013062744
0.0021428906011200597,465.6593803142884,0.0029944911639259095,0.002963464197293767,1.0104698300929285,0.944558166752421,0.9445581665421016,0.0028284710841541805,0.0027991643088089613,1.0000000013158035,1.0,1.0000000013158035
0.0021478304741305346,464.5860935229588,0.0030010111200155466,0.0029699165978444883,1.0104698300934194,0.9445794249455843,0.9445794247337579,0.002834693357999589,0.002805322111499186,1.0000000013254011,1.0,1.0000000013254011
0.0021527817347243732,463.5152752227493,0.003007545420965897,0.002976383194623804,1.0104698300939143,0.9446011546461661,0.9446011544328231,0.002840930877295176,0.002811495001676099,1.000000001335068,1.0,1.000000001335068
0.0021577444091526662,462.44691973628807,0.0030140941019185037,0.0029828640224091444,1.0104698300944124,0.9446233523030181,0.944623352088149,0.0028471836747110115,0.0028176830116712656,1.0000000013448047,1.0,1.0000000013448047
0.0021627185237270215,461.38102139926,0.0030206571980902295,0.002989359116052477,1.0104698300949142,0.9446460143845677,0.944646014168163,0.002853451782997991,0.0028238861738962354,1.0000000013546115,1.0,1.0000000013546115
0.002167704104819696,460.31757456037917,0.0030272347447734414,0.0029958685104804934,1.0104698300954194,0.9446691373787195,0.944669137160769,0.002859735234988015,0.0028301045208427257,1.0000000013644892,1.0,1.0000000013644892
0.002172701178863745,459.25657358135595,0.0030338267773361988,0.003002392240694791,1.0104698300959283,0.9446927177927549,0.9446927175732492,0.0028660340635941685,0.002836338085082799,1.000000001374438,1.0,1.000000001374438
0.0021777097723531588,458.1980128368686,0.003040433331222439,0.0030089303417720594,1.010469830096441,0.9447167521532356,0.9447167519321651,0.0028723483018109055,0.0028425868992690393,1.0000000013844583,1.0,1.0000000013844583
0.0021827299118430013,457.1418867145335,0.003047054441952166,0.0030154828488642683,1.0104698300969572,0.944741237005905,0.9447412367832595,0.0028786779827142265,0.0028488509961347355,1.0000000013945511,1.0,1.0000000013945511
0.002187761623949554,456.08818961487475,0.003053690145121638,0.0030220497971988505,1.0104698300974773,0.9447661689155907,0.9447661686913603,0.0028850231394618644,0.0028551304084940606,1.0000000014047166,1.0,1.0000000014047166
0.0021928049353504495,455.036915951296,0.0030603404764035567,0.0030286312220788904,1.0104698300980008,0.9447915444661088,0.9447915442402831,0.0028913838052934634,0.0028614251692422508,1.0000000014149553,1.0,1.0000000014149553
0.0021978598727848252,453.9880601500485,0.003067005471547255,0.003035227158883309,1.010469830098528,0.9448173602601667,0.9448173600327356,0.0028977600135307656,0.0028677353113557885,1.0000000014252677,1.0,1.0000000014252677
0.0022029264630534563,452.9416166502032,0.003073685166378887,0.0030418376430670527,1.010469830099059,0.9448436129192681,0.9448436126902215,0.002904151797577789,0.002874060867892583,1.0000000014356545,1.0,1.0000000014356545
0.0022080047330188994,451.89757990362085,0.0030803795968016153,0.0030484627101612797,1.0104698300995938,0.9448702990836177,0.9448702988529455,0.002910559190921016,0.0028804018719921485,1.0000000014461161,1.0,1.0000000014461161
0.0022130947096056387,450.85594437492216,0.0030870887987958064,0.00305510239577355,1.0104698301001325,0.9448974154120267,0.9448974151797187,0.0029169822271295754,0.0028867583568757934,1.000000001456653,1.0,1.000000001456653
0.0022181964198002197,449.81670454146,0.003093812808419215,0.0030617567355880116,1.010469830100675,0.9449249585818182,0.944924958347864,0.002923420939855425,0.002893130355846794,1.000000001467266,1.0,1.000000001467266
0.0022233098906514035,448.7798548932879,0.00310055166180718,0.0030684257653655926,1.0104698301012212,0.9449529252887345,0.9449529250531238,0.0029298753628335416,0.0028995179022905868,1.0000000014779555,1.0,1.0000000014779555
0.0022284351492703035,447.7453899331322,0.003107305395172811,0.0030751095209441866,1.0104698301017712,0.9449813122468432,0.9449813120095653,0.0029363455298820986,0.002905921029674943,1.0000000014887218,1.0,1.0000000014887218
0.002233572222830531,446.71330417636267,0.0031140740448071863,0.003081808038238846,1.0104698301023252,0.9450101161884444,0.9450101159494886,0.0029428314749026584,0.0029123397715501574,1.0000000014995658,1.0,1.0000000014995658
0.0022387211385683408,445.6835921509629,0.003120857647079539,0.0030885213532419694,1.010469830102883,0.9450393338639792,0.9450393336233351,0.002949333231880353,0.002918774161549232,1.0000000015104877,1.0,1.0000000015104877
0.002243881923782767,444.65624839750313,0.0031276562384374537,0.003095249502023495,1.0104698301034452,0.9450689620419377,0.9450689617995949,0.0029558508348840754,0.0029252242333880573,1.0000000015214885,1.0,1.0000000015214885
0.002249054605835781,443.63126746910865,0.0031344698554070572,0.00310199252073109,1.010469830104011,0.9450989975087681,0.9450989972647157,0.002962384318066663,0.0029316900208656007,1.0000000015325685,1.0,1.0000000015325685
0.002254239212152429,442.60864393143254,0.003141298534593213,0.0031087504455903415,1.010469830104581,0.9451294370687858,0.9451294368230131,0.002968933715665085,0.0029381715578640903,1.0000000015437283,1.0,1.0000000015437283
0.002259435770220977,441.58837236262667,0.0031481423126797146,0.0031155233129049513,1.0104698301051547,0.9451602775440832,0.945160277296579,0.0029754990620006307,0.0029446688783492003,1.0000000015549684,1.0,1.0000000015549684
0.0022646443075930605,440.5704473533123,0.0031550012264294825,0.0031223111590569235,1.0104698301057327,0.9451915157744395,0.9451915155251932,0.002982080391479098,0.002951182016370236,1.0000000015662893,1.0,1.0000000015662893
0.0022698648518838225,439.5548635065532,0.0031618753126847554,0.0031291140205067626,1.0104698301063146,0.9452231486172326,0.9452231483662333,0.0029886777385909813,0.0029577110060603246,1.000000001577692,1.0,1.000000001577692
0.0022750974307720706,438.5416154378245,0.003168764608367287,0.003135931933793663,1.0104698301069006,0.9452551729473492,0.9452551726945856,0.002995291137911659,0.0029642558816365943,1.0000000015891766,1.0,1.0000000015891766
0.0022803420720004177,437.53069777498575,0.003175669150478542,0.0031427649355357037,1.0104698301074908,0.9452875856570968,0.945287585402558,0.0030019206241015846,0.0029708166774003713,1.000000001600744,1.0,1.000000001600744
0.0022855988033754293,436.5221051582522,0.003182588976099892,0.003149613062430044,1.010469830108085,0.945320383656116,0.9453203833997907,0.003008566231906475,0.002977393427737358,1.0000000016123944,1.0,1.0000000016123944
0.0022908676527677737,435.5158322401658,0.003189524122392812,0.003156476351253115,1.0104698301086834,0.9453535638712931,0.9453535636131704,0.0030152279961575034,0.0029839861671178297,1.000000001624129,1.0,1.000000001624129
0.0022961486481123624,434.5118736855685,0.0031964746265990772,0.003163354838860816,1.0104698301092863,0.945387123246673,0.9453871229867415,0.0030219059517714846,0.0029905949300968143,1.000000001635948,1.0,1.000000001635948
0.0023014418174085085,433.5102241715715,0.0032034405260409596,0.003170248562188711,1.010469830109893,0.9454210587433728,0.945421058481621,0.003028600133751071,0.002997219751314288,1.000000001647852,1.0,1.000000001647852
0.0023067471887200687,432.510878387529,0.003210421858121428,0.0031771575582522226,1.0104698301105042,0.9454553673394952,0.9454553670759118,0.0030353105771849394,0.003003860665495363,1.0000000016598416,1.0,1.0000000016598416
0.002312064790175596,431.5138310350085,0.003217418660324345,0.0031840818641468297,1.01046983011112,0.9454900460300442,0.9454900457646177,0.003042037317247988,0.0030105177074504753,1.0000000016719177,1.0,1.0000000016719177
0.002317394649968479,430.5190768277651,0.0032244309702146646,0.0031910215170482636,1.0104698301117396,0.9455250918268382,0.9455250915595571,0.0030487803892015218,0.0030171909120755764,1.0000000016840807,1.0,1.0000000016840807
0.002322736796357107,429.5266104917106,0.0032314588254386337,0.0031979765542127048,1.0104698301123636,0.9455605017584271,0.9455605014892796,0.003055539828393452,0.0030238803143523233,1.000000001696331,1.0,1.000000001696331
0.002328091257665008,428.5364267648873,0.003238502263723991,0.003204947012976981,1.010469830112992,0.9455962728700065,0.9455962725989809,0.0030623156702584845,0.003030585949348271,1.0000000017086697,1.0,1.0000000017086697
0.002333458062281004,427.54852039743923,0.0032455613228801663,0.003211932930758765,1.0104698301136248,0.9456324022233344,0.9456324019504194,0.0030691079503183147,0.003037307852217061,1.0000000017210968,1.0,1.0000000017210968
0.002338837238659356,426.562886151586,0.0032526360407984806,0.0032189343450567736,1.0104698301142618,0.9456688868966487,0.945668886621832,0.003075916704181822,0.003044046058198615,1.0000000017336137,1.0,1.0000000017336137
0.0023442288153199225,425.5795188015926,0.0032597264554523496,0.003225951293450965,1.0104698301149035,0.9457057239845829,0.9457057237078526,0.003082741967545262,0.003050800602619328,1.0000000017462205,1.0,1.0000000017462205
0.0023496328208483072,424.59841313374307,0.003266832604897482,0.00323298381360274,1.0104698301155495,0.9457429105980836,0.9457429103194277,0.0030895837761924635,0.0030575715208922575,1.000000001758918,1.0,1.000000001758918
0.0023550492838960092,423.61956394631295,0.003273954527272084,0.0032400319432551406,1.0104698301162003,0.9457804438643292,0.945780443583736,0.003096442165995022,0.003064358848517321,1.0000000017717068,1.0,1.0000000017717068
0.002360478233180578,422.6429660495409,0.003281092260797059,0.0032470957202330513,1.0104698301168553,0.9458183209266484,0.9458183206441056,0.003103317172912495,0.003071162621081487,1.0000000017845876,1.0,1.0000000017845876
0.002365919697485759,421.6686142656028,0.0032882458437762134,0.003254175182443398,1.010469830117515,0.9458565389444378,0.9458565386599335,0.0031102088329926017,0.00307798287425897,1.0000000017975612,1.0,1.0000000017975612
0.002371373705661656,420.69650342858216,0.003295415314596457,0.0032612703678753497,1.0104698301181794,0.9458950950930816,0.9458950948066035,0.0031171171823714127,0.0030848196438114203,1.0000000018106279,1.0,1.0000000018106279
0.0023768402866248765,419.7266283844441,0.003302600711728008,0.003268381314600523,1.0104698301188482,0.9459339865638713,0.945933986275407,0.003124042257273553,0.003091672965588128,1.0000000018237887,1.0,1.0000000018237887
0.00238231946935869,418.7589839910076,0.0033098020737245978,0.0032755080607731798,1.0104698301195214,0.9459732105639255,0.9459732102734627,0.0031309840940123962,0.0030985428755262094,1.000000001837044,1.0,1.000000001837044
0.0023878112829131787,417.79356511791815,0.003317019439223675,0.0032826506446304304,1.0104698301201995,0.9460127643161105,0.9460127640236367,0.0031379427289902635,0.003105429409650806,1.000000001850395,1.0,1.000000001850395
0.0023933157564053884,416.8303666466216,0.0033242528469466085,0.00328980910449244,1.0104698301208825,0.9460526450589604,0.9460526447644633,0.0031449181986986183,0.0031123326040752835,1.0000000018638415,1.0,1.0000000018638415
0.0023988329190194908,415.8693834703353,0.0033315023356988963,0.0032969834787626284,1.01046983012157,0.9460928500465995,0.9460928497500665,0.0031519105397182718,0.003119252495001423,1.0000000018773851,1.0,1.0000000018773851
0.0024043628000069333,414.91061049402214,0.003338767944370369,0.003304173805927875,1.0104698301222625,0.9461333765486627,0.946133376250081,0.003158919788719575,0.00312618911871962,1.0000000018910258,1.0,1.0000000018910258
0.0024099054286865944,413.954042634363,0.0033460497119353985,0.003311380124558724,1.0104698301229595,0.9461742218502179,0.9461742215495749,0.0031659459824626215,0.003133142511609085,1.0000000019047648,1.0,1.0000000019047648
0.0024154608344449414,412.9996748197302,0.003353347677453101,0.003318602473309587,1.0104698301236614,0.9462153832516891,0.9462153829489718,0.0031729891577974476,0.003140112710138036,1.0000000019186024,1.0,1.0000000019186024
0.002421029046736179,412.0475019901612,0.0033606618800675497,0.0033258408909189506,1.0104698301243682,0.9462568580687775,0.9462568577639733,0.00318004935166423,0.0031470997508638997,1.0000000019325395,1.0,1.0000000019325395
0.002426610095082416,411.0975190973301,0.0033679923590079768,0.00333309541620958,1.0104698301250798,0.9462986436323867,0.9462986433254825,0.0031871266010934907,0.00315410367043351,1.000000001946577,1.0,1.000000001946577
0.002432204009073815,410.1497211045223,0.0033753391535889872,0.0033403660880887273,1.0104698301257964,0.946340737288545,0.9463407369795278,0.0031942209432062954,0.0031611245055833087,1.0000000019607151,1.0,1.0000000019607151
0.002437810818368752,409.2041029866069,0.0033827023032107634,0.0033476529455483345,1.010469830126518,0.9463831363983294,0.9463831360871862,0.0032013324152144547,0.003168162293139539,1.0000000019749549,1.0,1.0000000019749549
0.002443430552693973,408.2606597300107,0.003390081847359275,0.003354956027665245,1.0104698301272443,0.9464258383377906,0.9464258380245081,0.0032084610544207276,0.0031752170700184543,1.0000000019892972,1.0,1.0000000019892972
0.002449063241844746,407.31938633269203,0.0033974778256064906,0.0033622753736014077,1.0104698301279758,0.946468840497877,0.9464688401824419,0.0032156068982190237,0.0031822888732265108,1.0000000020037423,1.0,1.0000000020037423
0.0024547089156850307,406.38027780411267,0.003404890277610587,0.003369611022604086,1.0104698301287123,0.9465121402843605,0.9465121399667599,0.0032227699840946073,0.0031893777398605753,1.0000000020182913,1.0,1.0000000020182913
0.002460367604147627,405.4433291652128,0.003412319243116158,0.003376963014006067,1.0104698301294535,0.9465557351177613,0.9465557347979815,0.0032299503496242975,0.003196483707108119,1.000000002032945,1.0,1.000000002032945
0.0024660393372343383,404.50853544838395,0.0034197647619544276,0.003384331387225868,1.0104698301302002,0.9465996224332742,0.946599622111302,0.003237148032476677,0.003203606812247425,1.000000002047704,1.0,1.000000002047704
0.0024717241450161313,403.5758916974425,0.0034272268740434607,0.00339171618176795,1.0104698301309518,0.9466437996806949,0.9466437993565164,0.003244363070412292,0.003210747092647789,1.0000000020625688,1.0,1.0000000020625688
0.002477422057633286,402.6453929676049,0.0034347056193883754,0.0033991174372229225,1.0104698301317088,0.9466882643243462,0.946688263997948,0.0032515955012838594,0.0032179045857697224,1.0000000020775406,1.0,1.0000000020775406
0.0024831331052955702,401.7170343254591,0.0034422010380815546,0.003406535193267758,1.0104698301324706,0.9467330138430051,0.9467330135143737,0.003258845363036471,0.003225079329165154,1.0000000020926199,1.0,1.0000000020926199
0.0024888573182823906,400.79081084894,0.00344971317030286,0.003413969489666,1.010469830133238,0.9467780457298308,0.9467780453989524,0.0032661126937078007,0.0032322713604776344,1.0000000021078075,1.0,1.0000000021078075
0.002494594726942954,399.86671762730293,0.0034572420563198443,0.0034214203662679753,1.0104698301340103,0.9468233574922915,0.9468233571591521,0.003273397531428309,0.00323948071744254,1.0000000021231044,1.0,1.0000000021231044
0.002500345361696432,398.94474976109734,0.0034647877364879674,0.0034288878630110054,1.010469830134788,0.9468689466520929,0.9468689463166786,0.0032806999144214507,0.0032467074378872787,1.000000002138511,1.0,1.000000002138511
0.002506109253032114,398.02490236214203,0.003472350251250808,0.0034363720199196194,1.0104698301355712,0.9469148107451062,0.9469148104074034,0.0032880198810038806,0.003253951559731492,1.0000000021540283,1.0,1.0000000021540283
0.00251188643150958,397.10717055349727,0.00347992964114028,0.0034438728771057662,1.0104698301363597,0.946960947321298,0.9469609469812924,0.003295357469585664,0.0032612131209872643,1.000000002169657,1.0,1.000000002169657
0.002517676927758855,396.1915494694404,0.0034875259467768466,0.003451390474769026,1.0104698301371533,0.9470073539446584,0.9470073536023359,0.003302712718670481,0.003268492159759325,1.000000002185398,1.0,1.000000002185398
0.002523480772480576,395.27803425543925,0.0034951392088697388,0.0034589248531968256,1.0104698301379524,0.9470540281931311,0.9470540278484774,0.0033100856668558396,0.003275788714245257,1.000000002201252,1.0,1.000000002201252
0.0025292979964461454,394.36662006812776,0.0035027694682171684,0.0034664760527646533,1.0104698301387571,0.9471009676585423,0.9471009673115431,0.003317476352833278,0.003283102822735703,1.00000000221722,1.0,1.00000000221722
0.002535128630497908,393.45730207527833,0.003510416765706548,0.0034740441139362714,1.0104698301395674,0.9471481699465322,0.9471481695971733,0.003324884815388581,0.003290434523614573,1.0000000022333024,1.0,1.0000000022333024
0.002540972705549305,392.55007545577746,0.003518081142314703,0.0034816290772639313,1.010469830140383,0.947195632676485,0.9471956323247519,0.0033323110934019864,0.003297783855359252,1.0000000022495006,1.0,1.0000000022495006
0.0025468302525850427,391.6449353995996,0.0035257626391080963,0.0034892309833885913,1.010469830141204,0.9472433534814595,0.9472433531273375,0.003339755225848394,0.003305150856540807,1.0000000022658149,1.0,1.0000000022658149
0.002552701302661248,390.7418771077829,0.0035334612972430413,0.003496849873040129,1.0104698301420307,0.9472913300081207,0.9472913296515956,0.00334721725179758,0.003312535565824197,1.0000000022822464,1.0,1.0000000022822464
0.0025585858869056465,389.8408957924019,0.003541177157965923,0.0035044857870375618,1.0104698301428632,0.9473395599166716,0.9473395595577284,0.0033546972104144075,0.003319938021968483,1.0000000022987958,1.0,1.0000000022987958
0.0025644840365177174,388.9419866765434,0.003548910262613416,0.003512138766289259,1.0104698301437012,0.9473880408807842,0.9473880405194083,0.0033621951409590336,0.0033273582638270334,1.000000002315464,1.0,1.000000002315464
0.0025703957827688637,388.04514499428063,0.0035566606526127053,0.0035198088517931652,1.010469830144545,0.9474367705875332,0.9474367702237096,0.0033697110827871296,0.00333479633034774,1.000000002332252,1.0,1.000000002332252
0.0025763211570025766,387.1503659906481,0.003564428369481705,0.003527496084637012,1.0104698301453943,0.9474857467373274,0.9474857463710413,0.003377245075350088,0.0033422522605732253,1.0000000023491604,1.0,1.0000000023491604
0.0025822601906345974,386.25764492161704,0.00357221345482928,0.0035352005059985404,1.0104698301462494,0.947534967043843,0.9475349666750794,0.0033847971581952344,0.003349726093641051,1.0000000023661901,1.0,1.0000000023661901
0.002588212915153092,385.3669770540691,0.0035800159503554673,0.003542922157145718,1.0104698301471102,0.9475844292339572,0.947584428862701,0.0033923673709660485,0.0033572178687839337,1.0000000023833422,1.0,1.0000000023833422
0.0025941793621188144,384.4783576657718,0.0035878358978516977,0.00355066107943696,1.0104698301479769,0.9476341310476812,0.9476341306739173,0.003399955753402371,0.0033647276253299567,1.0000000024006175,1.0,1.0000000024006175
0.0026001595631652717,383.5917820453536,0.003595673339201017,0.0035584173143213466,1.0104698301488497,0.947684070238095,0.947684069861808,0.003407562345340622,0.003372255402702778,1.0000000024180165,1.0,1.0000000024180165
0.002606153549998897,382.70724549227856,0.003603528316378308,0.0035661909033388446,1.0104698301497281,0.9477342445712807,0.9477342441924556,0.003415187186714015,0.0033798012404218504,1.0000000024355404,1.0,1.0000000024355404
0.002612161354399207,381.82474331682255,0.0036114008714505166,0.0035739818881205293,1.0104698301506125,0.9477846518262578,0.9477846514448788,0.003422830317552772,0.003387365178102626,1.0000000024531903,1.0,1.0000000024531903
0.002618183008218986,380.9442708400465,0.003619291046576873,0.0035817903103888037,1.010469830151503,0.9478352897949177,0.9478352894109693,0.003430491777984342,0.0033949472554567774,1.0000000024709665,1.0,1.0000000024709665
0.0026242185433844414,380.0658233937731,0.0036271988840091162,0.0035896162119576215,1.010469830152399,0.947886156281959,0.9478861558954258,0.0034381716082336126,0.00340254751229241,1.0000000024888704,1.0,1.0000000024888704
0.0026302679918953813,379.1893963205613,0.0036351244260917183,0.0035974596347327094,1.0104698301533013,0.9479372491048236,0.9479372487156897,0.003445869848623134,0.003410165988514275,1.000000002506903,1.0,1.000000002506903
0.002636331385825381,378.3149849736817,0.0036430677152621115,0.0036053206207117897,1.0104698301542097,0.9479885660936314,0.9479885657018813,0.0034535865395733307,0.0034178027241239858,1.0000000025250646,1.0,1.0000000025250646
0.0026424087573219475,377.44258471709315,0.0036510287940509116,0.003613199211984802,1.0104698301551243,0.9480401050911175,0.9480401046967354,0.0034613217216027223,0.003425457759220234,1.0000000025433569,1.0,1.0000000025433569
0.002648500138606701,376.57219092541595,0.0036590077050821447,0.0036210954507341314,1.0104698301560449,0.9480918639525685,0.9480918635555386,0.0034690754353281406,0.0034331311339990058,1.0000000025617801,1.0,1.0000000025617801
0.002654605561975539,375.70379898390894,0.0036670044910734737,0.0036290093792348274,1.010469830156972,0.9481438405457594,0.9481438401460656,0.003476847721464951,0.003440822888753799,1.0000000025803355,1.0,1.0000000025803355
0.0026607250597988088,374.8374042884443,0.0036750191948364264,0.003636941039854833,1.0104698301579047,0.9481960327508898,0.9481960323485159,0.003484638620827269,0.0034485330638758384,1.000000002599024,1.0,1.000000002599024
0.002666858664521481,373.9730022454833,0.003683051859276623,0.003644890475055206,1.0104698301588442,0.9482484384605228,0.9482484380554527,0.003492448174328183,0.003456261699854296,1.0000000026178468,1.0,1.0000000026178468
0.002673006408663312,373.11058827205323,0.003691102527394002,0.0036528577273903496,1.0104698301597896,0.948301055579521,0.9483010551717387,0.00350027642297997,0.003464008837276508,1.0000000026368043,1.0,1.0000000026368043
0.002679168324819032,372.25015779572055,0.003699171242283053,0.003660842839508234,1.0104698301607418,0.9483538820249869,0.9483538816144759,0.0035081234078943265,0.0034717745168281935,1.000000002655898,1.0,1.000000002655898
0.002685344445658507,371.39170625456853,0.0037072580471330403,0.003668845854150626,1.0104698301617,0.9484069157261988,0.9484069153129425,0.0035159891702825777,0.003479558779293673,1.0000000026751286,1.0,1.0000000026751286
0.002691534803926915,370.53522909717265,0.0037153629852282382,0.003676866814153315,1.0104698301626647,0.948460154624551,0.948460154208533,0.003523873751455908,0.0034873616655560907,1.0000000026944968,1.0,1.0000000026944968
0.0026977394324449212,369.68072178257586,0.003723486099948159,0.003684905762446342,1.010469830163636,0.9485135966734921,0.9485135962546958,0.003531777192825582,0.0034951832165976316,1.0000000027140041,1.0,1.0000000027140041
0.0027039583641088444,368.8281797802661,0.003731627434767781,0.0036929627420542277,1.0104698301646136,0.9485672398384642,0.9485672394168732,0.003539699535903163,0.003503023473499745,1.0000000027336515,1.0,1.0000000027336515
0.002710191631890843,367.9775985701503,0.003739787033257784,0.003701037796096198,1.0104698301655979,0.9486210820968435,0.9486210816724406,0.003547640822300743,0.003510882477443361,1.0000000027534395,1.0,1.0000000027534395
0.0027164392688390823,367.1289736425315,0.0037479649390847786,0.00370913096778642,1.0104698301665886,0.9486751214378784,0.9486751210106468,0.003555601093731163,0.0035187602697091197,1.0000000027733695,1.0,1.0000000027733695
0.0027227013080779114,366.2823004980848,0.003756161196011538,0.0037172423004342256,1.0104698301675858,0.948729355862631,0.9487293554325538,0.003563580392008236,0.0035266568916775863,1.0000000027934424,1.0,1.0000000027934424
0.0027289777828080415,365.4375746478332,0.003764375847897234,0.0037253718374443447,1.0104698301685897,0.9487837833839167,0.948783782950977,0.003571578759046977,0.0035345723848294775,1.000000002813659,1.0,1.000000002813659
0.0027352687263067126,364.59479161312487,0.0037726089386976662,0.0037335196223171347,1.0104698301696005,0.9488384020262461,0.9488384015904266,0.003579596236863826,0.0035425067907458837,1.0000000028340208,1.0,1.0000000028340208
0.0027415741719278826,363.7539469256078,0.003780860512465498,0.003741685698648815,1.010469830170618,0.9488932098257643,0.9488932093870481,0.0035876328675768705,0.0035504601511084934,1.0000000028545284,1.0,1.0000000028545284
0.0027478941531023987,362.9150361272069,0.0037891306133504906,0.0037498701101316948,1.0104698301716422,0.9489482048301937,0.9489482043885633,0.0035956886934060787,0.003558432507699816,1.0000000028751832,1.0,1.0000000028751832
0.002754228703338165,362.0780547701015,0.003797419285599738,0.0037580729005544083,1.0104698301726731,0.9490033850987746,0.9490033846542125,0.003603763756673522,0.003566423902403407,1.000000002895986,1.0,1.000000002895986
0.0027605778562203465,361.2429984166985,0.003805726573557902,0.0037662941138021464,1.010469830173711,0.9490587487022075,0.9490587482546965,0.003611858099803602,0.0035744343772040965,1.0000000029169378,1.0,1.0000000029169378
0.0027669416454115118,360.40986263961327,0.003814052521667447,0.00377453379385689,1.0104698301747554,0.9491142937225957,0.9491142932721182,0.0036199717653232844,0.003582463974188209,1.0000000029380398,1.0,1.0000000029380398
0.0027733201046518403,359.57864302164245,0.003822397174468881,0.0037827919847976447,1.0104698301758073,0.9491700182533866,0.9491700177999249,0.0036281047958623214,0.003590512735543794,1.000000002959293,1.0,1.000000002959293
0.0027797132677592905,358.7493351557421,0.003830760576600985,0.0037910687308006764,1.0104698301768658,0.9492259203993154,0.9492259199428515,0.0036362572341534826,0.0035985807035608507,1.0000000029806986,1.0,1.0000000029806986
0.0027861211686297715,357.9219346450051,0.003839142772801058,0.0037993640761397425,1.0104698301779313,0.9492819982763473,0.9492819978168636,0.003644429123032785,0.003606667920631557,1.0000000030022576,1.0,1.0000000030022576
0.0027925438412373387,357.09643710263595,0.0038475438079051496,0.0038076780651863313,1.0104698301790038,0.9493382500116216,0.9493382495491001,0.0036526205054397257,0.0036147744292504957,1.0000000030239709,1.0,1.0000000030239709
0.0027989813196343627,356.2728381519289,0.003855963726848302,0.0038160107424098956,1.0104698301800836,0.9493946737433949,0.9493946732778176,0.0036608314244175088,0.003622900272014885,1.00000000304584,1.0,1.00000000304584
0.002805433637951713,355.45113342624427,0.003864402574664787,0.0038243621523780923,1.0104698301811705,0.9494512676209842,0.9494512671523331,0.003669061923113277,0.0036310454916248036,1.0000000030678657,1.0,1.0000000030678657
0.002811900830398942,354.63131856898514,0.003872860396488345,0.003832732339757016,1.0104698301822643,0.9495080298047124,0.9495080293329692,0.0036773120447783454,0.0036392101308834243,1.000000003090049,1.0,1.000000003090049
0.002818382931264455,353.8133892335753,0.0038813372375524286,0.0038411213493114377,1.0104698301833657,0.9495649584658514,0.9495649579909977,0.0036855818327684343,0.00364739423269724,1.0000000031123917,1.0,1.0000000031123917
0.002824879974915708,352.9973410834346,0.0038898331431904405,0.003849529225905045,1.010469830184474,0.9496220517865673,0.9496220513085847,0.0036938713305438983,0.003655597840076297,1.0000000031348941,1.0,1.0000000031348941
0.002831391995799379,352.18316979195697,0.0038983481588359746,0.0038579560145006776,1.01046983018559,0.9496793079598653,0.9496793074787353,0.0037021805816699633,0.0036638209961344253,1.000000003157558,1.0,1.000000003157558
0.0028379190284415555,351.37087104248724,0.003906882330023058,0.0038664017601605693,1.0104698301867128,0.9497367251895347,0.9497367247052387,0.003710509629816958,0.003672063744089469,1.000000003180384,1.0,1.000000003180384
0.0028444611074479173,350.56044052829793,0.003915435702386396,0.003874866508046586,1.0104698301878434,0.949794301690094,0.9497943012026135,0.0037188585187605495,0.0036803261272635186,1.0000000032033736,1.0,1.0000000032033736
0.0028510182675039104,349.75187395256785,0.0039240083216616085,0.003883350303420467,1.0104698301889814,0.9498520356867377,0.9498520351960539,0.003727227292381978,0.003688608189083144,1.000000003226528,1.0,1.000000003226528
0.002857590543374947,348.9451670283572,0.003932600233685481,0.0038918531916440654,1.0104698301901267,0.9499099254152811,0.949909924921375,0.0037356159946682925,0.003696909973079628,1.000000003249848,1.0,1.000000003249848
0.0028641779699065807,348.14031547858616,0.003941211484396205,0.0039003752181795896,1.0104698301912796,0.9499679691221068,0.9499679686249597,0.0037440246697125865,0.0037052315228891988,1.0000000032733352,1.0,1.0000000032733352
0.00287078058202469,347.3373150360119,0.00394984211983362,0.003908916428589844,1.0104698301924402,0.9500261650641115,0.9500261645637044,0.0037524533617142347,0.003713572882253263,1.0000000032969905,1.0,1.0000000032969905
0.0028773984147356705,346.53616144320563,0.0039584921861394624,0.003917476868538476,1.0104698301936084,0.9500845115086526,0.9500845110049662,0.0037609021149791295,0.003721934095018644,1.0000000033208154,1.0,1.0000000033208154
0.002884031503126607,345.73685045253154,0.00396716172955761,0.003926056583790212,1.010469830194784,0.950143006733495,0.9501430062265099,0.00376937097391992,0.003730315205137814,1.0000000033448107,1.0,1.0000000033448107
0.002890679882365476,344.93937782612187,0.003975850796434326,0.003934655620211107,1.0104698301959674,0.9502016490267586,0.9502016485164554,0.003777859983056248,0.00373871625666913,1.000000003368978,1.0,1.000000003368978
0.0028973435877013226,344.1437393358563,0.003984559433218508,0.003943274023768783,1.0104698301971586,0.9502604366868653,0.9502604361732248,0.0037863691870149885,0.0037471372937770706,1.000000003393318,1.0,1.000000003393318
0.0029040226544644497,343.3499307633386,0.003993287686461937,0.003951911840532681,1.0104698301983577,0.9503193680224874,0.95031936750549,0.0037948986305304886,0.0037555783607324737,1.0000000034178327,1.0,1.0000000034178327
0.0029107171180666066,342.5579478998745,0.0040020356028195175,0.003960569116674298,1.0104698301995645,0.9503784413524952,0.9503784408321212,0.0038034483584448065,0.003764039501912771,1.0000000034425227,1.0,1.0000000034425227
0.0029174270140011676,341.7677865464503,0.004010803229049536,0.0039692458984674425,1.010469830200779,0.9504376550059053,0.9504376544821352,0.0038120184157079537,0.0037725207618022317,1.0000000034673897,1.0,1.0000000034673897
0.002924152377843336,340.9794425137088,0.0040195906120139,0.003977942232288468,1.0104698302020017,0.9504970073218295,0.9504970067946433,0.0038206088473781326,0.0037810221849921906,1.0000000034924346,1.0,1.0000000034924346
0.0029308932452503204,340.19291162192854,0.004028397798678397,0.003986658164616532,1.0104698302032324,0.9505564966494228,0.9505564961188007,0.003829219698621984,0.0037895438161812994,1.0000000035176586,1.0,1.0000000035176586
0.00293764965196153,339.408189701001,0.0040372248361129365,0.003995393742033836,1.010469830204471,0.9506161213478326,0.9506161208137545,0.003837851014714819,0.0037980857001757556,1.0000000035430634,1.0,1.0000000035430634
0.002944421633798762,338.6252725904083,0.004046071771491803,0.004004149011225876,1.0104698302057176,0.950675879786149,0.9506758792485946,0.003846502841040872,0.0038066478818895508,1.00000000356865,1.0,1.00000000356865
0.0029512092266663864,337.8441561392025,0.004054938652093911,0.004012924018981691,1.0104698302069723,0.9507357703433523,0.9507357698023016,0.0038551752230935395,0.003815230406344704,1.0000000035944199,1.0,1.0000000035944199
0.002958012466551546,337.0648362059816,0.00406382552530305,0.004021718812194112,1.0104698302082353,0.9507957914082646,0.9507957908636973,0.0038638682064756204,0.0038238333186715098,1.000000003620374,1.0,1.000000003620374
0.002964831389524342,336.28730865886894,0.004072732438608142,0.004030533437860009,1.0104698302095065,0.9508559413794988,0.9508559408313944,0.0038725818368995665,0.003832456664108773,1.000000003646514,1.0,1.000000003646514
0.002971666031738025,335.51156937549086,0.00408165943960349,0.004039367943080546,1.0104698302107857,0.9509162186654089,0.9509162181137468,0.003881316160187723,0.003841100488004058,1.000000003672841,1.0,1.000000003672841
0.0029785164294291906,334.7376142429546,0.004090606575989038,0.004048222375061428,1.0104698302120734,0.9509766216840404,0.9509766211288002,0.003890071222272575,0.003849764835813923,1.0000000036993564,1.0,1.0000000036993564
0.0029853826189179603,333.9654391578276,0.004099573895570616,0.004057096781113153,1.0104698302133697,0.9510371488630814,0.9510371483042424,0.003898847069196995,0.003858449753104174,1.0000000037260617,1.0,1.0000000037260617
0.002992264636608189,333.19504002611427,0.004108561446260201,0.004065991208651265,1.010469830214674,0.9510977986398133,0.9510977980773544,0.003907643747114485,0.0038671552855500993,1.000000003752958,1.0,1.000000003752958
0.002999162518987653,332.42641276323474,0.0041175692760761695,0.004074905705196604,1.010469830215987,0.9511585694610616,0.951158568894962,0.003916461302289428,0.0038758814789367183,1.000000003780047,1.0,1.000000003780047
0.0030060763026282297,331.65955329400464,0.004126597433143554,0.004083840318375563,1.0104698302173085,0.9512194597831474,0.9512194592133862,0.0039252997810973345,0.003884628379159026,1.0000000038073296,1.0,1.0000000038073296
0.0030130060241861222,330.8944575526103,0.004135645965694297,0.0040927950959203365,1.0104698302186381,0.9512804680718397,0.9512804674983959,0.003934159230025087,0.00389339603222224,1.0000000038348074,1.0,1.0000000038348074
0.0030199517204020166,330.131121482591,0.004144714922067513,0.004101770085669178,1.0104698302199766,0.9513415928023066,0.9513415922251587,0.003943039695671196,0.003902184484242041,1.000000003862482,1.0,1.000000003862482
0.0030269134281013053,329.36954103681484,0.00415380435070974,0.004110765335566653,1.0104698302213242,0.9514028324590671,0.9514028318781939,0.0039519412247460434,0.003910993781444828,1.0000000038903543,1.0,1.0000000038903543
0.003033891184194272,328.6097121774576,0.004162914300175199,0.004119780893663898,1.0104698302226798,0.9514641855359441,0.9514641849513241,0.003960863864072131,0.003919823970167958,1.000000003918426,1.0,1.000000003918426
0.0030408850256762807,327.8516308759829,0.004172044819126055,0.004128816808118869,1.0104698302240445,0.951525650536017,0.9515256499476288,0.003969807660584339,0.003928675096860001,1.0000000039466987,1.0,1.0000000039466987
0.003047894989627984,327.09529311311894,0.0041811959563326714,0.004137873127196604,1.0104698302254178,0.9515872259715735,0.9515872253793953,0.003978772661330167,0.003937547208080978,1.0000000039751737,1.0,1.0000000039751737
0.0030549211132155133,326.3406948788382,0.004190367760673876,0.004146949899269479,1.0104698302268,0.9516489103640636,0.9516489097680738,0.003987758913469995,0.003946440350502623,1.0000000040038524,1.0,1.0000000040038524
0.0030619634336906767,325.5878321723359,0.004199560281137215,0.004156047172817462,1.0104698302281911,0.9517107022440524,0.951710701644229,0.003996766464277329,0.003955354570908621,1.0000000040327361,1.0,1.0000000040327361
0.003069021988391159,324.83670100200857,0.004208773566819216,0.004165164996428375,1.0104698302295911,0.9517726001511732,0.9517725995474945,0.004005795361139053,0.003964289916194866,1.0000000040618267,1.0,1.0000000040618267
0.0030760968147407093,324.0872973854342,0.004218007666925653,0.004174303418798152,1.0104698302310002,0.9518346026340818,0.9518346020265258,0.004014845651555689,0.003973246433369705,1.000000004091125,1.0,1.000000004091125
0.0030831879502493547,323.3396173493492,0.004227262630771802,0.004183462488731096,1.0104698302324184,0.9518967082504104,0.9518967076389547,0.004023917383141648,0.003982224169554198,1.000000004120633,1.0,1.000000004120633
0.0030902954325135903,322.5936569296283,0.004236538507782706,0.0041926422551401415,1.0104698302338455,0.9519589155667207,0.9519589149513433,0.004033010603625479,0.003991223171982363,1.000000004150352,1.0,1.000000004150352
0.0030974192992165796,321.8494121712636,0.004245835347493442,0.0042018427670471115,1.010469830235282,0.9520212231584596,0.9520212225391379,0.00404212536085013,0.004000243488001425,1.0000000041802837,1.0,1.0000000041802837
0.0031045595881283574,321.1068791283433,0.004255153199549379,0.004211064073582983,1.0104698302367274,0.9520836296099122,0.9520836289866241,0.004051261702773204,0.004009285165072083,1.0000000042104293,1.0,1.0000000042104293
0.0031117163371060185,320.36605386403164,0.004264492113706445,0.004220306223988145,1.0104698302381823,0.9521461335141583,0.9521461328868813,0.0040604196774672125,0.004018348250768748,1.0000000042407906,1.0,1.0000000042407906
0.0031188895840939374,319.6269324505465,0.004273852139831393,0.004229569267612662,1.0104698302396466,0.952208733473026,0.9522087328417373,0.004069599333119833,0.004027432792779808,1.0000000042713688,1.0,1.0000000042713688
0.003126079367123955,318.8895109691398,0.004283233327902062,0.004238853253916536,1.0104698302411201,0.9522714280970473,0.9522714274617241,0.004078800718034166,0.004036538838907874,1.0000000043021657,1.0,1.0000000043021657
0.003133285724315585,318.1537855100762,0.004292635728007649,0.004248158232469972,1.010469830242603,0.9523342160054138,0.9523342153660331,0.004088023880628993,0.004045666437070045,1.000000004333183,1.0,1.000000004333183
0.003140508693876219,317.41975217261233,0.004302059390348972,0.004257484252953639,1.0104698302440953,0.9523970958259317,0.9523970951824707,0.004097268869439039,0.004054815635298157,1.000000004364422,1.0,1.000000004364422
0.0031477483141013167,316.687407064977,0.0043115043652387375,0.004266831365158934,1.0104698302455972,0.9524600661949784,0.9524600655474137,0.004106535733115226,0.004063986481739039,1.000000004395884,1.0,1.000000004395884
0.003155004623374627,315.95674630434905,0.00432097070310181,0.004276199618988253,1.0104698302471085,0.9525231257574575,0.9525231251057662,0.004115824520424935,0.004073179024654777,1.0000000044275714,1.0,1.0000000044275714
0.003162277660168379,315.22776601683796,0.004330458454475479,0.004285589064455249,1.0104698302486297,0.952586273166756,0.9525862725109149,0.004125135280252266,0.004082393312422964,1.000000004459485,1.0,1.000000004459485
0.00316956746304349,314.50046233746275,0.004339967670009727,0.004294999751685103,1.0104698302501602,0.9526495070847008,0.9526495064246863,0.004134468061598303,0.004091629393536964,1.0000000044916268,1.0,1.0000000044916268
0.003176874070649772,313.7748314101314,0.004349498400467501,0.004304431730914789,1.0104698302517008,0.9527128261815142,0.9527128255173029,0.004143822913581369,0.004100887316606163,1.0000000045239985,1.0,1.0000000045239985
0.0031841975217261256,313.0508693876217,0.0043590506967249865,0.004313885052493343,1.0104698302532513,0.9527762291357715,0.9527762284673401,0.00415319988543729,0.004110167130356241,1.0000000045566015,1.0,1.0000000045566015
0.003191537855100762,312.32857243155854,0.004368624609771868,0.00432335976688213,1.0104698302548116,0.9528397146343588,0.9528397139616833,0.0041625990265196635,0.004119468883629419,1.0000000045894377,1.0,1.0000000045894377
0.0031988951096913977,311.60793671239554,0.00437822019071161,0.004332855924655114,1.0104698302563815,0.9529032813724291,0.9529032806954856,0.004172020386300115,0.004128792625384729,1.0000000046225084,1.0,1.0000000046225084
0.0032062693245054645,310.8889584093938,0.004387837490761726,0.004342373576499122,1.0104698302579618,0.9529669280533598,0.9529669273721245,0.004181464014368565,0.004138138404698271,1.0000000046558155,1.0,1.0000000046558155
0.0032136605386403187,310.1716337106016,0.0043974765612540484,0.0043519127732141215,1.0104698302595518,0.9530306533887114,0.9530306527031602,0.004190929960433489,0.004147506270763475,1.000000004689361,1.0,1.000000004689361
0.003221068791283435,309.4559588128355,0.004407137453635008,0.004361473565713488,1.010469830261152,0.9530944560981843,0.9530944554082932,0.004200418274322195,0.004156896272891363,1.0000000047231457,1.0,1.0000000047231457
0.0032284941217126354,308.741929921658,0.004416820219465902,0.004371056005024272,1.010469830262762,0.9531583349095778,0.9531583342153224,0.004209929005981075,0.004166308460510817,1.000000004757172,1.0,1.000000004757172
0.003235936569296282,308.0295432513591,0.004426524910423171,0.004380660142287476,1.0104698302643824,0.9532222885587474,0.9532222878601033,0.00421946220547588,0.004175742883168834,1.0000000047914417,1.0,1.0000000047914417
0.0032433961734934912,307.3187950249355,0.004436251578298674,0.004390286028758326,1.0104698302660131,0.9532863157895638,0.9532863150865066,0.0042290179229919804,0.0041851995905307976,1.000000004825956,1.0,1.000000004825956
0.003250872973854345,306.60968147407067,0.004446000274999965,0.004399933715806542,1.0104698302676542,0.9533504153538721,0.9533504146463774,0.0042385962088346465,0.004194678632380743,1.000000004860717,1.0,1.000000004860717
0.0032583670100200884,305.90219883911567,0.004455771052550566,0.004409603254916613,1.0104698302693054,0.9534145860114497,0.9534145852994924,0.004248197113429299,0.004204180058621615,1.0000000048957265,1.0,1.0000000048957265
0.003265878321723358,305.19634336906773,0.00446556396309025,0.004419294697688071,1.0104698302709672,0.9534788265299654,0.9534788258135212,0.004257820687321794,0.004213703919275542,1.000000004930986,1.0,1.000000004930986
0.003273406948788384,304.4921113215511,0.004475379058875312,0.004429008095835766,1.0104698302726394,0.9535431356849398,0.9535431349639835,0.00426746698117868,0.004223250264484099,1.0000000049664974,1.0,1.0000000049664974
0.003280952931131189,303.78949896279846,0.004485216392278852,0.004438743501190141,1.010469830274322,0.9536075122597033,0.9536075115342101,0.004277136045787478,0.0042328191445085775,1.0000000050022626,1.0,1.0000000050022626
0.0032885163087598315,303.0885025676278,0.0044950760157910505,0.004448500965697507,1.0104698302760153,0.953671955045357,0.9536719543153016,0.004286827932056945,0.004242410609730248,1.0000000050382833,1.0,1.0000000050382833
0.003296097121774578,302.389118419427,0.004504957982019451,0.004458280541420322,1.0104698302777193,0.9537364628407314,0.9537364621060885,0.004296542691017351,0.004252024710650635,1.0000000050745614,1.0,1.0000000050745614
0.0033036954103681476,301.6913428101306,0.004514862343689239,0.004468082280537466,1.010469830279434,0.9538010344523472,0.9538010337130918,0.004306280373820745,0.004261661497891783,1.0000000051110984,1.0,1.0000000051110984
0.003311311214825913,300.99517204020145,0.004524789153643521,0.004477906235344518,1.0104698302811594,0.9538656686943753,0.9538656679504818,0.004316041031741233,0.0042713210221965265,1.0000000051478968,1.0,1.0000000051478968
0.0033189445755261054,300.30060241861196,0.004534738464843609,0.00448775245825404,1.010469830282896,0.9539303643885972,0.95393036364004,0.004325824716175252,0.00428100333442876,1.0000000051849578,1.0,1.0000000051849578
0.0033265955329400457,299.607630262823,0.0045447103303692974,0.004497621001795849,1.0104698302846429,0.9539951203643655,0.9539951196111189,0.004335631478641833,0.004290708485573712,1.0000000052222835,1.0,1.0000000052222835
0.0033342641276323495,298.9162518987651,0.004554704803419153,0.004507511918617301,1.0104698302864008,0.9540599354585647,0.954059934700603,0.0043454613707828915,0.004300436526738212,1.0000000052598759,1.0,1.0000000052598759
0.003341950400261142,298.226463660819,0.004564721937310792,0.004517425261483568,1.0104698302881698,0.9541248085155722,0.9541248077528697,0.004355314444363491,0.004310187509150966,1.0000000052977367,1.0,1.0000000052977367
0.0033496543915782786,297.5382618917958,0.004574761785481168,0.004527361083277923,1.0104698302899502,0.9541897383872198,0.9541897376197501,0.004365190751272126,0.004319961484162829,1.000000005335868,1.0,1.000000005335868
0.0033573761424295478,296.8516429429189,0.004584824401486852,0.004537319437002021,1.0104698302917414,0.954254723932754,0.9542547231604914,0.00437509034352099,0.004329758503247081,1.0000000053742715,1.0,1.0000000053742715
0.003365115693754908,296.16660317380257,0.004594909839004321,0.0045473003757761764,1.0104698302935438,0.954319764018799,0.9543197632417172,0.004385013273246262,0.004339578617999692,1.0000000054129494,1.0,1.0000000054129494
0.0033728730865886887,295.4831389524343,0.004605018151830244,0.004557303952839651,1.0104698302953574,0.9543848575193168,0.9543848567373895,0.004394959592708375,0.00434942188013961,1.0000000054519034,1.0,1.0000000054519034
0.0033806483620598153,294.80124665515467,0.004615149393881768,0.004567330221550936,1.0104698302971826,0.9544500033155707,0.9544500025287712,0.004404929354292307,0.004359288341509024,1.0000000054911355,1.0,1.0000000054911355
0.0033884415613920273,294.1209226666384,0.004625303619196802,0.004577379235388036,1.0104698302990192,0.9545152002960858,0.9545151995043877,0.0044149226105078465,0.004369178054073652,1.000000005530648,1.0,1.000000005530648
0.0033962527259040853,293.44216337987604,0.0046354808819343086,0.004587451047948753,1.0104698303008666,0.9545804473566123,0.9545804465599889,0.004424939413989876,0.004379091069923009,1.0000000055704426,1.0,1.0000000055704426
0.0034040818970100094,292.764965196153,0.004645681236374591,0.004597545712950971,1.0104698303027257,0.9546457434000875,0.9546457425985121,0.004434979817498659,0.004389027441270685,1.0000000056105212,1.0,1.0000000056105212
0.0034119291162192852,292.0893245250321,0.004655904736919584,0.004607663284232944,1.0104698303045967,0.9547110873365985,0.9547110865300446,0.004445043873920116,0.004398987220454628,1.000000005650886,1.0,1.000000005650886
0.0034197944251370877,291.4152377843336,0.004666151438093138,0.0046178038157535855,1.0104698303064792,0.9547764780833452,0.9547764772717854,0.0044551316362661025,0.004408970459937417,1.0000000056915388,1.0,1.0000000056915388
0.0034276778654645053,290.7427014001165,0.004676421394541313,0.004627967361592748,1.010469830308373,0.9548419145646028,0.9548419137480099,0.004465243157674697,0.0044189772123065475,1.000000005732482,1.0,1.000000005732482
0.003435579478998747,290.07171180666046,0.004686714661032675,0.0046381539759515165,1.010469830310279,0.9549073957116848,0.9549073948900317,0.004475378491410483,0.004429007530274706,1.0000000057737175,1.0,1.0000000057737175
0.003443499307633385,289.402265446445,0.0046970312924585755,0.004648363713152497,1.0104698303121966,0.9549729204629072,0.9549729196361668,0.004485537690864829,0.004439061466680053,1.0000000058152474,1.0,1.0000000058152474
0.003451437393358562,288.7343587701323,0.004707371343833455,0.004658596627640103,1.010469830314126,0.9550384877635512,0.955038486931696,0.004495720809556178,0.004449139074486506,1.000000005857074,1.0,1.000000005857074
0.0034593937782612183,288.06798823654765,0.004717734870295128,0.0046688527739808475,1.0104698303160675,0.9551040965658268,0.9551040957288294,0.0045059279011303265,0.004459240406784014,1.0000000058991987,1.0,1.0000000058991987
0.003467368504525318,287.40315031266044,0.004728121927105083,0.004679132206863633,1.010469830318021,0.9551697458288374,0.95516974498667,0.004516159019360715,0.004469365516788851,1.0000000059416243,1.0,1.0000000059416243
0.0034753616144320588,286.73984147356686,0.00473853256964877,0.004689434981100043,1.0104698303199866,0.9552354345185426,0.9552354336711776,0.0045264142181487095,0.00447951445784389,1.0000000059843528,1.0,1.0000000059843528
0.003483373150360118,286.07805820246904,0.004748966853435904,0.004699761151624635,1.0104698303219641,0.9553011616077238,0.955301160755133,0.0045366935515238965,0.004489687283418894,1.0000000060273864,1.0,1.0000000060273864
0.003491403154785861,285.41779699065813,0.004759424834100751,0.004710110773495229,1.0104698303239539,0.955366926075947,0.9553669252181026,0.0045469970736443585,0.004499884047110796,1.0000000060707268,1.0,1.0000000060707268
0.0034994516702835715,284.7590543374948,0.0047699065674024314,0.004720483901893203,1.010469830325956,0.9554327269095283,0.9554327260464024,0.004557324838796973,0.004510104802643981,1.0000000061143768,1.0,1.0000000061143768
0.0035075187395256814,284.10182675039084,0.004780412109225213,0.004730880592123788,1.0104698303279704,0.9554985631014985,0.955498562233063,0.004567676901397694,0.004520349603870581,1.000000006158338,1.0,1.000000006158338
0.003515604405282982,283.4461107447915,0.0047909415155788105,0.0047413008996163635,1.0104698303299973,0.9555644336515677,0.955564432777794,0.004578053315991849,0.004530618504770755,1.0000000062026133,1.0,1.0000000062026133
0.0035237087104248712,282.79190284415563,0.004801494842598683,0.004751744879924747,1.0104698303320365,0.9556303375660904,0.9556303366869503,0.004588454137254421,0.004540911559452979,1.0000000062472043,1.0,1.0000000062472043
0.003531831697919569,282.13919957993795,0.004812072146546333,0.0047622125887274965,1.0104698303340884,0.9556962738580305,0.9556962729734952,0.004598879419990345,0.004551228822154329,1.0000000062921137,1.0,1.0000000062921137
0.0035399734108343454,281.4879974915708,0.004822673483809606,0.004772704081828201,1.0104698303361526,0.9557622415469266,0.9557622406569677,0.004609329219134794,0.004561570347240777,1.0000000063373435,1.0,1.0000000063373435
0.003548133892335756,280.8382931264453,0.004833298910902989,0.004783219415155782,1.0104698303382296,0.955828239658858,0.9558282387634467,0.004619803589753479,0.004571936189207475,1.000000006382896,1.0,1.000000006382896
0.003556313185689854,280.190083039894,0.004843948484467917,0.0047937586447647906,1.0104698303403192,0.9558942672264098,0.9558942663255172,0.004630302587042938,0.004582326402679045,1.0000000064287735,1.0,1.0000000064287735
0.003564511334262442,279.5433637951714,0.004854622261273067,0.004804321826835703,1.010469830342422,0.9559603232886392,0.9559603223822365,0.004640826266330826,0.004592741042409873,1.0000000064749786,1.0,1.0000000064749786
0.0035727283815192913,278.8981319634361,0.004865320298214665,0.004814909017675222,1.0104698303445374,0.956026406891041,0.9560264059790988,0.004651374683076214,0.0046031801632843965,1.000000006521513,1.0,1.000000006521513
0.003580964371026359,278.2543841237339,0.004876042652316787,0.00482552027371658,1.0104698303466655,0.9560925170855138,0.9560925161680032,0.004661947892869882,0.004613643820317396,1.0000000065683796,1.0,1.0000000065683796
0.003589219346450053,277.61211686297696,0.004886789380731666,0.004836155651519829,1.0104698303488069,0.956158652930327,0.9561586520072185,0.004672545951434616,0.004624132068654292,1.0000000066155805,1.0,1.0000000066155805
0.003597493351557423,276.97132677592884,0.00489756054073999,0.004846815207772157,1.0104698303509612,0.9562248134900861,0.9562248125613504,0.004683168914625502,0.004634644963571434,1.0000000066631183,1.0,1.0000000066631183
0.003605786430216424,276.33201046518406,0.004908356189751214,0.004857498999288176,1.0104698303531283,0.9562909978357007,0.9562909969013083,0.004693816838430226,0.0046451825604763965,1.000000006710995,1.0,1.000000006710995
0.003614098626396135,275.694164541151,0.004919176385303861,0.004868207083010229,1.0104698303553092,0.9563572050443498,0.956357204104271,0.004704489778969368,0.004655744914908271,1.0000000067592134,1.0,1.0000000067592134
0.003622429984166988,275.05778562203443,0.004930021185065829,0.0048789395160087,1.010469830357503,0.9564234341994503,0.9564234332536554,0.004715187792496704,0.004666332082537968,1.0000000068077757,1.0,1.0000000068077757
0.003630780547701014,274.4228703338166,0.004940890646834699,0.004889696355482306,1.0104698303597104,0.9564896843906227,0.9564896834390819,0.004725910935399501,0.004676944119168503,1.0000000068566843,1.0,1.0000000068566843
0.003639150361272071,273.7894153102397,0.004951784828538045,0.004900477658758412,1.010469830361931,0.956555954713659,0.9565559537563424,0.004736659264198822,0.0046875810807353,1.0000000069059418,1.0,1.0000000069059418
0.0036475394692560776,273.1574171927883,0.004962703788233737,0.00491128348329333,1.010469830364165,0.9566222442704903,0.9566222433073679,0.004747432835549821,0.004698243023306489,1.0000000069555508,1.0,1.0000000069555508
0.003655947916131251,272.5268726306711,0.004973647584110252,0.004922113886672625,1.0104698303664128,0.9566885521691542,0.9566885512001957,0.004758231706242048,0.004708930003083198,1.0000000070055135,1.0,1.0000000070055135
0.003664375746478334,271.897778280804,0.004984616274486989,0.004932968926611427,1.010469830368674,0.9567548775237621,0.9567548765489373,0.0047690559331997505,0.004719642076399859,1.0000000070558326,1.0,1.0000000070558326
0.0036728230049808473,271.2701308077912,0.004995609917814571,0.004943848660954731,1.0104698303709492,0.9568212194544676,0.9568212184737461,0.004779905573482171,0.004730379299724504,1.0000000071065105,1.0,1.0000000071065105
0.0036812897364253143,270.64392688390825,0.0050066285726751624,0.004954753147677711,1.0104698303732378,0.9568875770874345,0.9568875761007859,0.004790780684283857,0.004741141729659065,1.0000000071575499,1.0,1.0000000071575499
0.0036897759857015024,270.01916318908434,0.00501767229778278,0.004965682444886025,1.0104698303755404,0.9569539495548047,0.9569539485621983,0.004801681322934964,0.004751929422939672,1.0000000072089532,1.0,1.0000000072089532
0.003698281797802664,269.3958364108842,0.005028741151983603,0.004976636610816126,1.0104698303778568,0.9570203359946665,0.9570203349960715,0.004812607546901554,0.004762742436436963,1.0000000072607234,1.0,1.0000000072607234
0.0037068072178257612,268.77394324449193,0.005039835194256289,0.004987615703835572,1.0104698303801873,0.9570867355510234,0.9570867345464092,0.00482355941378591,0.0047735808271563785,1.0000000073128623,1.0,1.0000000073128623
0.0037153522909717258,268.15348039269156,0.005050954483712285,0.004998619782443336,1.0104698303825317,0.9571531473737624,0.957153146363098,0.004834536981326831,0.0047844446522384634,1.0000000073653732,1.0,1.0000000073653732
0.003723917062545685,267.5344445658508,0.005062099079596146,0.005009648905270117,1.0104698303848902,0.9572195706186233,0.9572195696018776,0.004845540307399951,0.004795333968959178,1.0000000074182587,1.0,1.0000000074182587
0.0037325015779572047,266.91683248190327,0.005073269041285847,0.005020703131078653,1.0104698303872632,0.9572860044471666,0.9572860034243088,0.0048565694500180365,0.004806248834730197,1.000000007471521,1.0,1.000000007471521
0.003741105882720535,266.30064086633104,0.005084464428293102,0.0050317825187640355,1.0104698303896502,0.9573524480267439,0.9573524469977426,0.0048676244673313,0.004817189307099214,1.0000000075251632,1.0,1.0000000075251632
0.0037497300224548363,265.6858664521479,0.005095685300263678,0.005042887127354021,1.0104698303920516,0.9574189005304661,0.9574188994952898,0.004878705417627708,0.00482815544375025,1.000000007579188,1.0,1.000000007579188
0.0037583740428844417,265.072505979881,0.005106931716977713,0.005054017016009343,1.0104698303944672,0.9574853611371732,0.9574853600957905,0.004889812359333289,0.004839147302503959,1.0000000076335978,1.0,1.0000000076335978
0.0037670379898390883,264.46055619755396,0.005118203738350038,0.005065172244024033,1.0104698303968975,0.9575518290314036,0.9575518279837829,0.004900945351012446,0.004850164941317933,1.0000000076883955,1.0,1.0000000076883955
0.003775721909254159,263.8500138606702,0.0051295014244304915,0.005076352870825732,1.0104698303993422,0.9576183034033637,0.9576183023494735,0.004912104451368264,0.004861208418287014,1.0000000077435838,1.0,1.0000000077435838
0.0037844258471709346,263.2408757321945,0.005140824835404241,0.005087558955976005,1.0104698304018018,0.9576847834488986,0.9576847823887071,0.00492328971924283,0.004872277791643598,1.0000000077991658,1.0,1.0000000077991658
0.00379314984973682,262.6331385825379,0.005152174031592103,0.0050987905591706635,1.0104698304042758,0.9577512683694605,0.9577512673029358,0.004934501213617533,0.004883373119757947,1.0000000078551439,1.0,1.0000000078551439
0.0038018939632056123,262.02679918953817,0.005163549073450863,0.005110047740240079,1.0104698304067647,0.95781775737208,0.9578177562991903,0.004945738993613388,0.0048944944611385,1.000000007911521,1.0,1.000000007911521
0.0038106582339377296,261.42185433844423,0.005174950021573603,0.005121330559149504,1.0104698304092685,0.9578842496693359,0.9578842485900491,0.004957003118491345,0.004905641874432178,1.0000000079683,1.0,1.0000000079683
0.0038194427084004643,260.8183008218986,0.005186376936690016,0.00513263907599939,1.0104698304117872,0.9579507444793256,0.9579507433936094,0.004968293647652605,0.004916815418424704,1.0000000080254836,1.0,1.0000000080254836
0.0038282474331682277,260.21613543992055,0.005197829879666733,0.005143973351025708,1.010469830414321,0.9580172410256356,0.9580172399334578,0.004979610640638935,0.0049280151520409085,1.000000008083075,1.0,1.000000008083075
0.003837072454922788,259.6153549998895,0.005209308911507649,0.005155333444600268,1.0104698304168696,0.9580837385373121,0.9580837374386403,0.004990954157132984,0.004939241134345044,1.0000000081410767,1.0,1.0000000081410767
0.0038459178204535358,259.0159563165272,0.005220814093354245,0.005166719417231042,1.0104698304194335,0.9581502362488321,0.9581502351436336,0.005002324256958603,0.004950493424541101,1.000000008199492,1.0,1.000000008199492
0.0038547835766577173,258.41793621188145,0.005232345486485915,0.005178131329562486,1.0104698304220125,0.9582167334000736,0.9582167322883159,0.005013721000081153,0.004961772081973118,1.0000000082583236,1.0,1.0000000082583236
0.0038636697705406904,257.82129151530927,0.00524390315232029,0.0051895692423758605,1.0104698304246067,0.9582832292362875,0.958283228117938,0.005025144446607835,0.004973077166125502,1.0000000083175744,1.0,1.0000000083175744
0.0038725764492161733,257.22601906345955,0.005255487152413569,0.005201033216589556,1.0104698304272166,0.9583497230080684,0.9583497218830943,0.005036594656788006,0.004984408736623336,1.0000000083772476,1.0,1.0000000083772476
0.0038815036599064833,256.6321157002575,0.005267097548460842,0.005212523313259419,1.0104698304298416,0.9584162139713261,0.9584162128396945,0.005048071691013493,0.004995766853232709,1.000000008437346,1.0,1.000000008437346
0.0038904514499428057,256.0395782768864,0.005278734402296421,0.005224039593579074,1.0104698304324824,0.9584827013872569,0.9584827002489347,0.00505957560981892,0.005007151575861018,1.0000000084978726,1.0,1.0000000084978726
0.0038994198667654367,255.44840365177157,0.005290397775894171,0.00523558211888025,1.0104698304351387,0.9585491845223151,0.9585491833772692,0.005071106473882026,0.005018562964557297,1.0000000085588305,1.0,1.0000000085588305
0.003908408957924018,254.85858869056472,0.005302087731367834,0.005247150950633108,1.0104698304378108,0.958615662648185,0.9586156614963824,0.005082664344023988,0.005030001079512529,1.000000008620223,1.0,1.000000008620223
0.0039174187710778316,254.27013026612465,0.005313804330971368,0.0052587461504465674,1.0104698304404987,0.9586821350417531,0.9586821338831605,0.005094249281209745,0.005041465981059971,1.0000000086820529,1.0,1.0000000086820529
0.003926449353995999,253.6830252585041,0.005325547637099268,0.0052703677800686344,1.010469830443202,0.9587486009850794,0.9587485998196632,0.005105861346548318,0.00505295772967547,1.0000000087443233,1.0,1.0000000087443233
0.0039355007545577745,253.0972705549305,0.00533731771228691,0.005282015901386729,1.0104698304459216,0.95881505976537,0.9588150585930969,0.005117500601293142,0.005064476385977786,1.0000000088070373,1.0,1.0000000088070373
0.0039445730207527865,252.5128630497906,0.005349114619210874,0.005293690576428018,1.0104698304486572,0.9588815106749493,0.9588815094957858,0.005129167106842379,0.005076022010728915,1.0000000088701984,1.0,1.0000000088701984
0.00395366620068128,251.92979964461438,0.005360938420689281,0.005305391867359743,1.0104698304514086,0.9589479530112324,0.9589479518251446,0.005140860924739255,0.0050875946648344045,1.0000000089338092,1.0,1.0000000089338092
0.003962780342554395,251.34807724805742,0.005372789179682132,0.005317119836489548,1.0104698304541764,0.9590143860766975,0.9590143848836518,0.005152582116672384,0.005099194409343687,1.0000000089978733,1.0,1.0000000089978733
0.003971915494694403,250.76769277588556,0.005384666959291634,0.005328874546265819,1.0104698304569604,0.9590808091788592,0.9590808079788216,0.0051643307444760875,0.005110821305450397,1.000000009062394,1.0,1.000000009062394
0.003981071705534972,250.18864315095806,0.005396571822762544,0.0053406560592780105,1.0104698304597606,0.9591472216302401,0.9591472204231768,0.005176106870130735,0.005122475414492701,1.0000000091273742,1.0,1.0000000091273742
0.003990249023621423,249.61092530321125,0.005408503833482501,0.005352464438256977,1.0104698304625772,0.9592136227483453,0.9592136215342222,0.005187910555763064,0.005134156797953611,1.0000000091928174,1.0,1.0000000091928174
0.0039994474976109765,249.03453616964302,0.005420463054982367,0.005364299746075314,1.0104698304654105,0.959280011855634,0.959280010634417,0.005199741863646512,0.005145865517461328,1.0000000092587267,1.0,1.0000000092587267
0.004008667176273029,248.45947269429544,0.00543244955093656,0.005376162045747687,1.0104698304682602,0.9593463882794937,0.9593463870511487,0.0052116008562015466,0.005157601634789556,1.0000000093251056,1.0,1.0000000093251056
0.0040179081084893995,247.88573182823907,0.005444463385163398,0.005388051400431169,1.0104698304711264,0.9594127513522133,0.9594127501167057,0.0052234875959960006,0.005169365211857835,1.0000000093919574,1.0,1.0000000093919574
0.00402717034325459,247.3133105295571,0.005456504621625437,0.005399967873425574,1.0104698304740094,0.9594791004109559,0.9594790991682515,0.005235402145745398,0.005181156310731868,1.0000000094592854,1.0,1.0000000094592854
0.004036453929676052,246.7422057633284,0.00546857332442981,0.0054119115281738,1.0104698304769093,0.9595454347977335,0.9595454335477976,0.005247344568313289,0.005192974993623853,1.000000009527093,1.0,1.000000009527093
0.004045758916974428,246.17241450161296,0.005480669557828571,0.00542388242826216,1.0104698304798259,0.9596117538593797,0.959611752602178,0.005259314926711586,0.005204821322892808,1.0000000095953834,1.0,1.0000000095953834
0.004055085354483839,245.60393372343387,0.0054927933862190335,0.0054358806374207235,1.0104698304827595,0.9596780569475243,0.959678055683022,0.005271313284100894,0.005216695361044906,1.0000000096641604,1.0,1.0000000096641604
0.004064433291652127,245.03676041476277,0.005504944874144116,0.005447906219523657,1.0104698304857103,0.9597443434185666,0.959744342146729,0.005283339703790848,0.005228597170733805,1.000000009733427,1.0,1.000000009733427
0.004073802778041126,244.4708915685031,0.005517124086292685,0.005459959238589561,1.010469830488678,0.9598106126336501,0.9598106113544422,0.005295394249240449,0.0052405268147609815,1.0000000098031872,1.0,1.0000000098031872
0.004083193863326923,243.90632418447444,0.005529331087499899,0.005472039758781813,1.010469830491663,0.9598768639586361,0.9598768626720231,0.005307476984058398,0.005252484356076061,1.000000009873444,1.0,1.000000009873444
0.00409260659730011,243.3430552693971,0.005541565942747554,0.005484147844408909,1.010469830494665,0.9599430967640786,0.9599430954700252,0.0053195879720034376,0.005264469857777155,1.0000000099442012,1.0,1.0000000099442012
0.004102041029866069,242.78108183687522,0.005553828717164428,0.005496283559924804,1.0104698304976847,0.9600093104251982,0.9600093091236696,0.005331727276984686,0.005276483383111194,1.0000000100154625,1.0,1.0000000100154625
0.004111497211045222,242.22040090738156,0.005566119476026628,0.005508446969929254,1.0104698305007218,0.9600755043218572,0.960075503012818,0.005343894963061977,0.005288524995474261,1.0000000100872313,1.0,1.0000000100872313
0.004120975190973301,241.6610095082416,0.005578438284757941,0.005520638139168167,1.0104698305037763,0.960141677838534,0.9601416765219489,0.005356091094446203,0.005300594758411936,1.000000010159511,1.0,1.000000010159511
0.004130475019901615,241.10290467361773,0.005590785208930176,0.005532857132533939,1.0104698305068482,0.9602078303642979,0.9602078290401316,0.005368315735499653,0.005312692735619622,1.0000000102323054,1.0,1.0000000102323054
0.004139996748197305,240.54608344449397,0.005603160314263519,0.005545104015065802,1.0104698305099382,0.9602739612927841,0.9602739599610012,0.00538056895073635,0.005324818990942885,1.0000000103056181,1.0,1.0000000103056181
0.00414954042634363,239.99054286865947,0.005615563666626878,0.005557378851950175,1.0104698305130457,0.9603400700221688,0.9603400686827339,0.005392850804822403,0.005336973588377804,1.000000010379453,1.0,1.000000010379453
0.00415910610494022,239.43628000069342,0.0056279953320382365,0.005569681708521003,1.0104698305161712,0.9604061559551447,0.960406154608022,0.005405161362576341,0.005349156592071295,1.0000000104538136,1.0,1.0000000104538136
0.004168693834703353,238.88329190194912,0.005640455376665005,0.005582012650260111,1.0104698305193145,0.9604722184988952,0.9604722171440493,0.005417500688969458,0.00536136806632146,1.0000000105287037,1.0,1.0000000105287037
0.004178303666466219,238.33157564053866,0.005652943866824368,0.00559437174279755,1.0104698305224757,0.9605382570650713,0.9605382557024661,0.0054298688491261635,0.0053736080755779235,1.000000010604127,1.0,1.000000010604127
0.004187935651179184,237.78112829131774,0.005665460868983648,0.005606759051911946,1.0104698305256552,0.960604271069766,0.9606042696993657,0.00544226590832432,0.005385876684442184,1.0000000106800873,1.0,1.0000000106800873
0.004197589839910075,237.23194693586902,0.005678006449760646,0.005619174643530851,1.0104698305288526,0.9606702599334904,0.9606702585552592,0.005454691931995595,0.00539817395766794,1.0000000107565883,1.0,1.0000000107565883
0.00420726628384444,236.68402866248772,0.005690580675924005,0.005631618583731093,1.0104698305320685,0.9607362230811496,0.9607362216950515,0.005467146985725804,0.005410499960161447,1.000000010833634,1.0,1.000000010833634
0.004216965034285821,236.1373705661656,0.0057031836143935635,0.005644090938739127,1.0104698305353026,0.960802159942018,0.9608021585480171,0.0054796311352552605,0.005422854756981858,1.0000000109112284,1.0,1.0000000109112284
0.0042266861426560305,235.59196974857576,0.005715815332240711,0.005656591774931393,1.0104698305385553,0.9608680699497164,0.9608680685477764,0.005492144446479129,0.005435238413341566,1.000000010989375,1.0,1.000000010989375
0.004236429660495412,235.04782331805768,0.00572847589668874,0.005669121158834659,1.0104698305418263,0.9609339525421868,0.9609339511322716,0.005504686985447759,0.005447650994606552,1.0000000110680778,1.0,1.0000000110680778
0.004246195639463129,234.50492838960096,0.005741165375113216,0.005681679157126385,1.010469830545116,0.9609998071616694,0.9609998057437428,0.005517258818367054,0.005460092566296728,1.000000011147341,1.0,1.000000011147341
0.00425598413133743,233.96328208483078,0.005753883835042324,0.005694265836635072,1.0104698305484245,0.961065633254679,0.9610656318287045,0.0055298600115988115,0.005472563194086293,1.0000000112271685,1.0,1.0000000112271685
0.004265795188015925,233.4228815319923,0.0057666313441572335,0.00570688126434062,1.0104698305517519,0.9611314302719809,0.9611314288379225,0.005542490631661077,0.005485062943804069,1.0000000113075642,1.0,1.0000000113075642
0.004275628861515863,232.88372386593542,0.005779407970292458,0.005719525507374684,1.0104698305550979,0.9611971976685683,0.9611971962263893,0.005555150745228499,0.005497591881433864,1.0000000113885323,1.0,1.0000000113885323
0.004285485203974396,232.34580622810023,0.005792213781436214,0.005732198633021031,1.010469830558463,0.9612629349036382,0.9612629334533023,0.005567840419132676,0.005510150073114806,1.0000000114700767,1.0,1.0000000114700767
0.004295364267648872,231.80912576650084,0.005805048845730788,0.005744900708715897,1.010469830561847,0.9613286414405686,0.961328639982039,0.005580559720362519,0.005522737585141706,1.0000000115522014,1.0,1.0000000115522014
0.004305266104917109,231.27367963571055,0.00581791323147289,0.005757631802048349,1.01046983056525,0.9613943167468956,0.9613943152801355,0.0055933087160646025,0.005535354483965405,1.0000000116349106,1.0,1.0000000116349106
0.004315190768277654,230.73946499684774,0.00583080700711403,0.005770391980760642,1.0104698305686721,0.9614599602942894,0.9614599588192622,0.0056060874735435196,0.005548000836193127,1.0000000117182086,1.0,1.0000000117182086
0.004325138310350088,230.20647901755942,0.00584373024126087,0.005783181312748577,1.0104698305721138,0.9615255715585327,0.9615255700752018,0.0056188960602622405,0.00556067670858883,1.0000000118020993,1.0,1.0000000118020993
0.004335108783875288,229.67471887200693,0.005856683002675593,0.005795999866061871,1.0104698305755748,0.9615911500194977,0.9615911485278262,0.005631734543842469,0.005573382168073562,1.0000000118865873,1.0,1.0000000118865873
0.004345102241715714,229.1441817408509,0.005869665360276273,0.0058088477089045095,1.0104698305790552,0.9616566951611227,0.9616566936610738,0.005644602992065002,0.005586117281725814,1.0000000119716763,1.0,1.0000000119716763
0.004355118736855688,228.61486481123606,0.005882677383137237,0.005821724909635117,1.010469830582555,0.9617222064713901,0.9617222049629268,0.0056575014728700865,0.0055988821167818805,1.000000012057371,1.0,1.000000012057371
0.004365158322401661,228.08676527677724,0.005895719140489434,0.005834631536767311,1.0104698305860749,0.961787683442304,0.9617876819253895,0.0056704300543577845,0.0056116767406362055,1.0000000121436756,1.0,1.0000000121436756
0.0043752210515825216,227.55988033754295,0.005908790701720804,0.0058475676589700805,1.0104698305896143,0.9618531255698681,0.9618531240444653,0.00568338880478833,0.0056245012208417525,1.0000000122305943,1.0,1.0000000122305943
0.004385306977749857,227.0342072000418,0.005921892136376646,0.005860533345068139,1.0104698305931732,0.9619185323540625,0.9619185308201341,0.005696377792582487,0.005637355625110351,1.0000000123181316,1.0,1.0000000123181316
0.004395416154378244,226.50974307720713,0.00593502351415999,0.0058735286640423,1.010469830596752,0.9619839032988228,0.9619839017563316,0.005709397086321923,0.005650240021313066,1.0000000124062918,1.0,1.0000000124062918
0.004405548635065535,225.98648518838206,0.005948184904931965,0.005886553685029831,1.010469830600351,0.9620492379120174,0.9620492363609263,0.005722446754749562,0.005663154477480546,1.0000000124950794,1.0,1.0000000124950794
0.004415704473533126,225.4644307593059,0.005961376378712175,0.005899608477324839,1.0104698306039699,0.9621145357054255,0.9621145341456974,0.005735526866769956,0.005676099061803394,1.0000000125844988,1.0,1.0000000125844988
0.004425883723626266,224.94357702209774,0.005974598005679067,0.005912693110378626,1.010469830607609,0.9621797961947159,0.9621797946263134,0.0057486374914496405,0.005689073842632525,1.0000000126745543,1.0,1.0000000126745543
0.004436086439314325,224.42392121524296,0.0059878498561703065,0.005925807653800063,1.0104698306112683,0.9622450188994253,0.9622450173223109,0.0057617786980175174,0.005702078888479524,1.0000000127652506,1.0,1.0000000127652506
0.004446312674691086,223.90546058357816,0.006001132000683152,0.005938952177355959,1.0104698306149478,0.9623102033429356,0.9623102017570723,0.005774950555865202,0.005715114268017016,1.0000000128565922,1.0,1.0000000128565922
0.004456562483975034,223.38819237827656,0.006014444509874831,0.005952126750971436,1.010469830618648,0.9623753490524539,0.9623753474578042,0.005788153134547405,0.005728180050079027,1.0000000129485838,1.0,1.0000000129485838
0.004466835921509632,222.87211385683392,0.006027787454562913,0.005965331444730298,1.0104698306223685,0.9624404555589903,0.9624404539555168,0.005801386503782297,0.005741276303661347,1.0000000130412299,1.0,1.0000000130412299
0.004477133041763626,222.35722228305315,0.006041160905725689,0.005978566328875401,1.0104698306261097,0.9625055223973368,0.9625055207850021,0.005814650733451872,0.005754403097921896,1.000000013134535,1.0,1.000000013134535
0.004487453899331321,221.8435149270304,0.006054564934502548,0.005991831473809035,1.0104698306298714,0.9625705491060462,0.9625705474848125,0.005827945893602331,0.005767560502181094,1.000000013228504,1.0,1.000000013228504
0.004497798548932878,221.3309890651404,0.006067999612194357,0.006005126950093288,1.0104698306336541,0.9626355352274109,0.9626355335972409,0.005841272054444437,0.005780748585922224,1.0000000133231417,1.0,1.0000000133231417
0.004508167045414603,220.81964198002183,0.006081465010263834,0.006018452828450433,1.0104698306374573,0.9627004803074423,0.9627004786682981,0.005854629286353897,0.005793967418791805,1.0000000134184526,1.0,1.0000000134184526
0.004518559443749224,220.30947096056374,0.006094961200335941,0.006031809179763292,1.0104698306412816,0.9627653838958492,0.9627653822476936,0.005868017659871738,0.005807217070599953,1.0000000135144413,1.0,1.0000000135144413
0.004528975799036207,219.80047330189,0.006108488254198251,0.006045196075075625,1.0104698306451265,0.9628302455460181,0.9628302438888133,0.005881437245704669,0.0058204976113207605,1.000000013611113,1.0,1.000000013611113
0.004539416166502031,219.29264630534567,0.00612204624380134,0.006058613585592499,1.010469830648993,0.9628950648149918,0.9628950631486998,0.005894888114725468,0.00583380911109266,1.0000000137084724,1.0,1.0000000137084724
0.004549880601500484,218.78598727848257,0.006135635241259166,0.006072061782680671,1.0104698306528805,0.9629598412634482,0.9629598395880321,0.005908370337973345,0.005847151640218799,1.0000000138065244,1.0,1.0000000138065244
0.0045603691595129635,218.28049353504477,0.0061492553188494505,0.006085540737868969,1.0104698306567894,0.9630245744556822,0.9630245727711041,0.005921883986654333,0.005860525269167413,1.0000000139052738,1.0,1.0000000139052738
0.004570881896148751,217.7761623949552,0.006162906549014066,0.006099050522848666,1.0104698306607198,0.9630892639595827,0.9630892622658049,0.005935429132141649,0.005873930068572194,1.0000000140047256,1.0,1.0000000140047256
0.004581418867145334,217.27299118430017,0.006176589004359423,0.006112591209473873,1.0104698306646713,0.963153909346614,0.9631539076435988,0.005949005845976089,0.005887366109232672,1.0000000141048848,1.0,1.0000000141048848
0.004591980128368685,216.7709772353159,0.006190302757656851,0.006126162869761907,1.0104698306686446,0.9632185101917948,0.9632185084795045,0.005962614199866391,0.005900833462114585,1.0000000142057566,1.0,1.0000000142057566
0.004602565735813558,216.27011788637455,0.006204047881842992,0.0061397655758936845,1.0104698306726394,0.9632830660736786,0.9632830643520753,0.005976254265689629,0.005914332198350253,1.0000000143073455,1.0,1.0000000143073455
0.0046131757456037955,215.7704104819694,0.006217824450020182,0.006153399400214104,1.010469830676656,0.9633475765743336,0.9633475748433795,0.005989926115491581,0.005927862389238964,1.0000000144096572,1.0,1.0000000144096572
0.004623810213992603,215.27185237270203,0.006231632535456844,0.006167064415232427,1.010469830680694,0.9634120412793227,0.96341203953898,0.006003629821487119,0.00594142410624734,1.0000000145126966,1.0,1.0000000145126966
0.00463446919736288,214.77444091526664,0.006245472211587879,0.006180760693622666,1.0104698306847542,0.9634764597776837,0.9634764580279149,0.0060173654560605905,0.005955017421009724,1.0000000146164687,1.0,1.0000000146164687
0.004645152752227493,214.27817347243737,0.006259343552015053,0.006194488308223971,1.0104698306888364,0.9635408316619102,0.9635408299026778,0.006031133091766199,0.0059686424053285595,1.0000000147209789,1.0,1.0000000147209789
0.004655860935229588,213.78304741305348,0.006273246630507389,0.006208247332041019,1.0104698306929407,0.9636051565279318,0.9636051547591976,0.006044932801328393,0.005982299131174762,1.0000000148262325,1.0,1.0000000148262325
0.004666593803142887,213.2890601120058,0.006287181521001562,0.006222037838244399,1.010469830697067,0.9636694339750937,0.96366943219682,0.006058764657642245,0.00599598767068811,1.0000000149322343,1.0,1.0000000149322343
0.004677351412871982,212.79620895022322,0.006301148297602293,0.006235859900171003,1.0104698307012157,0.9637336636061388,0.9637336618182879,0.006072628733773842,0.006009708096177624,1.0000000150389903,1.0,1.0000000150389903
0.004688133821452651,212.3044913146577,0.006315147034582735,0.006249713591324414,1.0104698307053868,0.963797845027187,0.9637978432297212,0.006086525102960671,0.006023460480121945,1.0000000151465054,1.0,1.0000000151465054
0.004698941086052157,211.81390459827108,0.006329177806384882,0.006263598985375304,1.01046983070958,0.9638619778477174,0.9638619760405989,0.006100453838612009,0.006037244895169731,1.0000000152547848,1.0,1.0000000152547848
0.004709773263969531,211.32444620002187,0.0063432406876199506,0.006277516156161816,1.0104698307137963,0.9639260616805477,0.9639260598637387,0.006114415014309309,0.006051061414140021,1.0000000153638344,1.0,1.0000000153638344
0.004720630412635906,210.83611352485013,0.006357335753068787,0.006291465177689964,1.0104698307180346,0.9639900961418165,0.9639900943152794,0.006128408703806588,0.006064910110022644,1.0000000154736595,1.0,1.0000000154736595
0.004731512589614805,210.34890398366466,0.0063714630776822625,0.006305446124134023,1.010469830722296,0.9640540808509638,0.9640540790146608,0.0061424349810308265,0.006078791055978587,1.0000000155842654,1.0,1.0000000155842654
0.0047424198526024456,209.86281499332898,0.006385622736581667,0.006319459069836925,1.0104698307265798,0.9641180154307122,0.9641180135846055,0.0061564939200823504,0.006092704325340394,1.0000000156956579,1.0,1.0000000156956579
0.004753352259428055,209.37784397664745,0.006399814805059115,0.0063335040893106554,1.0104698307308864,0.964181899507048,0.9641818976511,0.006170585595235226,0.0061066499916125495,1.0000000158078424,1.0,1.0000000158078424
0.0047643098680541585,208.89398836235236,0.006414039358577945,0.0063475812572366475,1.010469830735216,0.9642457327092031,0.964245730843376,0.006184710080937658,0.006120628128471866,1.0000000159208244,1.0,1.0000000159208244
0.004775292736576909,208.41124558508923,0.0064282964727731175,0.00636169064846618,1.0104698307395688,0.9643095146696358,0.964309512793892,0.006198867451812377,0.006134638809767881,1.0000000160346099,1.0,1.0000000160346099
0.004786300923226384,207.92961308540393,0.006442586223451621,0.006375832338020775,1.0104698307439446,0.9643732450240124,0.9643732431383146,0.006213057782657037,0.006148682109523238,1.0000000161492044,1.0,1.0000000161492044
0.00479733448636689,207.44908830972895,0.006456908686592874,0.006390006401092601,1.0104698307483437,0.96443692341119,0.9644369215155008,0.006227281148444619,0.006162758101934092,1.0000000162646137,1.0,1.0000000162646137
0.004808393484497288,206.96966871036946,0.0064712639383491255,0.006404212913044867,1.010469830752766,0.9645005494731967,0.9645005475674783,0.006241537624323815,0.00617686686137049,1.0000000163808433,1.0,1.0000000163808433
0.004819477976251275,206.4913517454909,0.006485652055045867,0.006418451949412225,1.0104698307572118,0.9645641228552144,0.9645641209394292,0.0062558272856194355,0.006191008462376769,1.0000000164978995,1.0,1.0000000164978995
0.004830588020397727,206.0141348791042,0.006500073113182235,0.006432723585901177,1.0104698307616808,0.9646276432055599,0.9646276412796705,0.006270150207832806,0.0062051829796719565,1.0000000166157879,1.0,1.0000000166157879
0.004841723675840993,205.53801558105297,0.006514527189431415,0.006447027898390468,1.0104698307661735,0.9646911101756676,0.9646911082396367,0.006284506466642163,0.006219390488150157,1.0000000167345142,1.0,1.0000000167345142
0.004852885001621209,205.0629913270001,0.006529014360641055,0.006461364962931497,1.0104698307706899,0.9647545234200711,0.9647545214738615,0.0062988961379030605,0.006233631062880952,1.0000000168540846,1.0,1.0000000168540846
0.004864072056914618,204.5890595984141,0.0065435347038336695,0.006475734855748721,1.01046983077523,0.9648178825963859,0.9648178806399603,0.00631331929764877,0.0062479047791098,1.0000000169745051,1.0,1.0000000169745051
0.004875284901033864,204.1162178825565,0.006558088296207053,0.00649013765324006,1.010469830779794,0.9648811873652912,0.9648811853986125,0.00632777602209068,0.006262211712258438,1.0000000170957817,1.0,1.0000000170957817
0.004886523593428336,203.6444636724674,0.006572675215134686,0.006504573431977297,1.010469830784382,0.9649444373905123,0.9649444354135434,0.006342266387618704,0.006276551937925267,1.0000000172179202,1.0,1.0000000172179202
0.004897788193684461,203.17379446695298,0.006587295538166152,0.006519042268706496,1.0104698307889939,0.9650076323388033,0.965007630351507,0.006356790470801682,0.006290925531885768,1.0000000173409271,1.0,1.0000000173409271
0.00490907876152603,202.70420777057188,0.006601949343027545,0.006533544240348404,1.0104698307936295,0.9650707718799294,0.9650707698822685,0.006371348348387785,0.006305332570092895,1.0000000174648083,1.0,1.0000000174648083
0.004920395356814511,202.23570109362208,0.006616636707621885,0.006548079423998855,1.0104698307982896,0.9651338556866494,0.9651338536785872,0.006385940097304928,0.006319773128677478,1.0000000175895702,1.0,1.0000000175895702
0.00493173803954936,201.76827195212815,0.006631357710029536,0.006562647896929194,1.010469830802974,0.9651968834346989,0.9651968814161984,0.00640056579466117,0.0063342472839486305,1.0000000177152188,1.0,1.0000000177152188
0.0049431068698683545,201.30191786782714,0.006646112428508611,0.006577249736586674,1.0104698308076827,0.9652598548027722,0.9652598527737966,0.006415225517745122,0.006348755112394145,1.0000000178417605,1.0,1.0000000178417605
0.004954501908047902,200.83663636815612,0.0066609009414954025,0.006591885020594877,1.0104698308124156,0.9653227694725062,0.9653227674330185,0.006429919344026366,0.006363296690680907,1.0000000179692017,1.0,1.0000000179692017
0.004965923214503359,200.37242498623888,0.006675723327604787,0.006606553826754123,1.0104698308171731,0.9653856271284622,0.9653856250784258,0.006444647351155851,0.006377872095655295,1.0000000180975488,1.0,1.0000000180975488
0.004977370849789361,199.90928126087275,0.006690579665630648,0.006621256233041883,1.010469830821955,0.9654484274581102,0.9654484253974885,0.0064594096169663185,0.006392481404343593,1.000000018226808,1.0,1.000000018226808
0.0049888448746001225,199.4472027365161,0.006705470034546299,0.006635992317613196,1.0104698308267621,0.9655111701518109,0.9655111680805675,0.006474206219472701,0.006407124693952389,1.000000018356986,1.0,1.000000018356986
0.005000345349769785,198.9861869632744,0.006720394513504895,0.0066507621588010836,1.0104698308315936,0.9655738549027995,0.9655738528208978,0.0064890372368725455,0.006421802041868994,1.000000018488089,1.0,1.000000018488089
0.005011872336272722,198.526231496888,0.006735353181839862,0.006665565835116967,1.01046983083645,0.9656364814071687,0.9656364793145727,0.006503902747546423,0.006436513525661848,1.000000018620124,1.0,1.000000018620124
0.005023425895223869,198.06733389871874,0.006750346119065314,0.006680403425251085,1.0104698308413314,0.9656990493638524,0.9656990472605259,0.006518802830058344,0.006451259223080927,1.0000000187530973,1.0,1.0000000187530973
0.005035006087879049,197.6094917357371,0.006765373404876475,0.00669527500807291,1.0104698308462376,0.965761558474609,0.9657615563605157,0.006533737563156177,0.006466039212058158,1.0000000188870157,1.0,1.0000000188870157
0.005046612975635284,197.1527025805098,0.006780435119150107,0.006710180662631571,1.0104698308511688,0.9658240084440048,0.9658240063191085,0.00654870702577206,0.006480853570707833,1.0000000190218856,1.0,1.0000000190218856
0.00505824662003114,196.6969640111861,0.006795531341944931,0.006725120468156268,1.0104698308561253,0.9658863989793974,0.9658863968436626,0.006563711297022822,0.006495702377327024,1.0000000191577143,1.0,1.0000000191577143
0.005069907082747042,196.24227361148544,0.006810662153502057,0.006740094504056704,1.0104698308611073,0.9659487297909201,0.9659487276443107,0.006578750456210404,0.006510585710395984,1.000000019294508,1.0,1.000000019294508
0.005081594425605603,195.78862897068458,0.006825827634245403,0.006755102849923495,1.0104698308661146,0.9660110005914647,0.9660109984339454,0.006593824582822272,0.006525503648578586,1.0000000194322738,1.0,1.0000000194322738
0.005093308710571955,195.33602768360464,0.006841027864782133,0.006770145585528604,1.0104698308711473,0.9660732110966663,0.9660732089282017,0.006608933756531846,0.006540456270722718,1.0000000195710188,1.0,1.0000000195710188
0.005105049999754063,194.88446735059895,0.0068562629259030766,0.006785222790825756,1.0104698308762055,0.9661353610248871,0.9661353588454413,0.006624078057198918,0.006555443655860709,1.0000000197107495,1.0,1.0000000197107495
0.005116818355403076,194.4339455775395,0.006871532898583163,0.00680033454595087,1.010469830881289,0.9661974500971993,0.9661974479067373,0.006639257564870069,0.006570465883209752,1.0000000198514734,1.0,1.0000000198514734
0.005128613839913651,193.9844599758044,0.006886837863981854,0.006815480931222481,1.0104698308863984,0.9662594780373704,0.9662594758358573,0.006654472359779106,0.0065855230321723145,1.000000019993197,1.0,1.000000019993197
0.005140436515824263,193.5360081622662,0.006902177903443567,0.006830662027142169,1.0104698308915334,0.9663214445718477,0.966321442359248,0.006669722522347475,0.006600615182336566,1.0000000201359278,1.0,1.0000000201359278
0.005152286445817566,193.08858775927777,0.006917553098498118,0.006845877914394988,1.0104698308966944,0.9663833494297407,0.9663833472060198,0.0066850081331846925,0.0066157424134767944,1.0000000202796726,1.0,1.0000000202796726
0.00516416369272071,192.64219639466071,0.006932963530861149,0.006861128673849892,1.0104698309018811,0.9664451923428071,0.9664451901079302,0.00670032927308877,0.006630904805553829,1.000000020424439,1.0,1.000000020424439
0.005176068319505675,192.19683170169245,0.006948409282434562,0.006876414386560168,1.010469830907094,0.9665069730454366,0.9665069707993692,0.006715686023046643,0.006646102438715471,1.0000000205702337,1.0,1.0000000205702337
0.0051880003892896135,191.7524913190935,0.006963890435306957,0.006891735133763866,1.0104698309123328,0.9665686912746355,0.9665686890173433,0.006731078464234597,0.006661335393296905,1.0000000207170645,1.0,1.0000000207170645
0.005199959965335161,191.30917289101578,0.006979407071754069,0.006907090996884228,1.010469830917598,0.9666303467700113,0.9666303445014599,0.006746506678018705,0.006676603749821134,1.0000000208649387,1.0,1.0000000208649387
0.0052119471110508055,190.8668740670289,0.006994959274239203,0.006922482057530128,1.0104698309228892,0.966691939273757,0.9666919369939124,0.006761970745955246,0.0066919075889994035,1.0000000210138633,1.0,1.0000000210138633
0.005223961889991198,190.42559250210857,0.007010547125413674,0.006937908397496498,1.010469830928207,0.966753468530636,0.9667534662394648,0.006777470749791149,0.00670724699173163,1.000000021163846,1.0,1.000000021163846
0.005236004365857501,189.98532585662386,0.007026170708117245,0.0069533700987647684,1.0104698309335511,0.9668149342879675,0.9668149319854357,0.0067930067714644165,0.006722622039106822,1.0000000213148943,1.0,1.0000000213148943
0.005248074602497728,189.54607179632464,0.007041830105378571,0.006968867243503302,1.0104698309389217,0.9668763362956102,0.9668763339816845,0.006808578893104563,0.006738032812403519,1.000000021467016,1.0,1.000000021467016
0.0052601726639070635,189.10782799232993,0.007057525400415637,0.006984399914067831,1.010469830944319,0.9669376743059482,0.966937671980595,0.006824187197033052,0.0067534793930902155,1.000000021620218,1.0,1.000000021620218
0.005272298614228228,188.6705921211146,0.007073256676636199,0.0069999681930018945,1.0104698309497426,0.9669989480738757,0.9669989457370618,0.006839831765763723,0.006768961862825797,1.0000000217745086,1.0,1.0000000217745086
0.0052844525177518035,188.23436186449757,0.007089024017638235,0.007015572163037277,1.010469830955193,0.9670601573567815,0.9670601550084741,0.0068555126820032345,0.0067844803034599645,1.0000000219298952,1.0,1.0000000219298952
0.005296634438916576,187.7991349096294,0.007104827507210381,0.007031211907094451,1.0104698309606701,0.9671213019145353,0.9671212995547016,0.0068712300286515055,0.006800034797033677,1.0000000220863858,1.0,1.0000000220863858
0.005308844442309886,187.36490894897997,0.007120667229332381,0.007046887508283012,1.0104698309661744,0.9671823815094723,0.9671823791380799,0.006886983888802148,0.00681562542577958,1.0000000222439882,1.0,1.0000000222439882
0.005321082592667944,186.9316816803268,0.0071365432681755325,0.00706259904990213,1.0104698309717053,0.9672433959063784,0.967243393523395,0.006902774345742906,0.006831252272122441,1.0000000224027101,1.0,1.0000000224027101
0.00533334895487621,186.49945080674183,0.0071524557081031346,0.007078346615440983,1.0104698309772635,0.967304344872476,0.9673043424778692,0.006918601482956104,0.006846915418679591,1.0000000225625594,1.0,1.0000000225625594
0.005345643593969716,186.0682140365801,0.007168404633670935,0.0070941302885792045,1.0104698309828486,0.9673652281774088,0.9673652257711471,0.0069344653841190785,0.006862614948261355,1.0000000227235444,1.0,1.0000000227235444
0.0053579665751334144,185.63796908346706,0.007184390129627581,0.007109950153187329,1.0104698309884608,0.9674260455932283,0.9674260431752798,0.006950366133104632,0.0068783509438714915,1.0000000228856727,1.0,1.0000000228856727
0.0053703179637025296,185.20871366628666,0.00720041228091507,0.007125806293327238,1.0104698309941003,0.9674867968943783,0.9674867944647116,0.006966303813981466,0.006894123488707638,1.0000000230489527,1.0,1.0000000230489527
0.005382697825162884,184.78044550916982,0.007216471172669199,0.007141698793252605,1.0104698309997668,0.9675474818576815,0.9675474794162657,0.006982278511014633,0.006909932666161745,1.0000000232133928,1.0,1.0000000232133928
0.005395106225151276,184.35316234148112,0.00723256689022002,0.007157627737409345,1.010469831005461,0.9676081002623251,0.9676080978091292,0.006998290308665987,0.006925778559820518,1.0000000233790005,1.0,1.0000000233790005
0.0054075432294558076,183.92686189780784,0.007248699519092296,0.007173593210436064,1.0104698310111826,0.9676686518898459,0.967668649424839,0.007014339291594616,0.006941661253465861,1.0000000235457849,1.0,1.0000000235457849
0.0054200089040162365,183.50154191794743,0.007264869145005947,0.007189595297164508,1.0104698310169316,0.9677291365241167,0.9677291340472688,0.007030425544657303,0.006957580831075325,1.0000000237137538,1.0,1.0000000237137538
0.005432503314924334,183.0772001468955,0.007281075853876513,0.007205634082620014,1.0104698310227083,0.9677895539513328,0.9677895514626136,0.00704654915290897,0.006973537376822545,1.0000000238829156,1.0,1.0000000238829156
0.005445026528424213,182.6538343348346,0.00729731973181561,0.007221709652021961,1.0104698310285125,0.9678499039599971,0.9678499014593768,0.00706271020160313,0.006989530975077685,1.0000000240532791,1.0,1.0000000240532791
0.005457578610912709,182.23144223712117,0.007313600865131383,0.007237822090784226,1.0104698310343445,0.9679101863409068,0.9679101838283556,0.007078908776192334,0.0070055617104078935,1.0000000242248526,1.0,1.0000000242248526
0.005470159628939715,181.8100216142743,0.007329919340328973,0.007253971484515634,1.0104698310402045,0.9679704008871393,0.9679703983626281,0.007095144962328631,0.007021629667577743,1.0000000243976446,1.0,1.0000000243976446
0.005482769649208535,181.38957023196386,0.00734627524411097,0.007270157919020417,1.0104698310460922,0.9680305473940383,0.968030544857538,0.007111418845864015,0.00703773493154968,1.0000000245716638,1.0,1.0000000245716638
0.005495408738576247,180.9700858609983,0.007362668663377876,0.0072863814802986695,1.010469831052008,0.9680906256592006,0.968090623110683,0.007127730512850878,0.0070538775874844795,1.0000000247469192,1.0,1.0000000247469192
0.005508076964054034,180.55156627731355,0.007379099685228567,0.007302642254546802,1.0104698310579516,0.9681506354824625,0.9681506329218986,0.007144080049542476,0.007070057720741687,1.0000000249234189,1.0,1.0000000249234189
0.005520774392807573,180.13400926196027,0.007395568396960755,0.007318940328158005,1.0104698310639233,0.9682105766658853,0.9682105740932473,0.007160467542393369,0.007086275416880081,1.0000000251011725,1.0,1.0000000251011725
0.005533501092157366,179.71741260109275,0.007412074886071456,0.007335275787722701,1.0104698310699234,0.968270449013743,0.9682704464290028,0.007176893078059897,0.007102530761658115,1.0000000252801882,1.0,1.0000000252801882
0.005546257129579105,179.30177408595696,0.007428619240257451,0.007351648720029014,1.0104698310759512,0.9683302523325081,0.9683302497356385,0.007193356743400623,0.007118823841034383,1.0000000254604753,1.0,1.0000000254604753
0.005559042572704037,178.88709151287875,0.007445201547415754,0.0073680592120632235,1.0104698310820073,0.9683899864308388,0.9683899838218126,0.007209858625476802,0.007135154741168062,1.0000000256420427,1.0,1.0000000256420427
0.005571857489319299,178.47336268325265,0.007461821895644077,0.0073845073510102254,1.010469831088092,0.9684496511195652,0.9684496484983556,0.007226398811552838,0.007151523548419376,1.0000000258248996,1.0,1.0000000258248996
0.005584701947368307,178.06058540352944,0.0074784803732413025,0.007400993224254007,1.010469831094205,0.9685092462116763,0.968509243578257,0.00724297738909675,0.007167930349350053,1.000000026009055,1.0,1.000000026009055
0.0055975760149511045,177.64875748520498,0.007495177068707947,0.007417516919378097,1.0104698311003464,0.9685687715223076,0.968568768876652,0.007259594445780626,0.00718437523072378,1.000000026194518,1.0,1.000000026194518
0.005610479760324707,177.2378767448089,0.007511912070746639,0.0074340785241660415,1.0104698311065163,0.9686282268687263,0.9686282242108089,0.007276250069481099,0.0072008582795066636,1.0000000263812983,1.0,1.0000000263812983
0.005623413251903492,176.82794100389225,0.0075286854682625835,0.007450678126601865,1.0104698311127147,0.9686876120703201,0.9686876094001153,0.007292944348279802,0.00721737958286769,1.0000000265694047,1.0,1.0000000265694047
0.005636376558259545,176.41894808901657,0.007545497350364039,0.007467315814870542,1.0104698311189417,0.9687469269485829,0.9687469242660659,0.007309677370463837,0.007233939228179189,1.000000026758847,1.0,1.000000026758847
0.005649369748123024,176.01089583174215,0.007562347806362789,0.007483991677358462,1.0104698311251976,0.968806171327103,0.9688061686322493,0.00732644922452625,0.007250537303017292,1.0000000269496345,1.0,1.0000000269496345
0.0056623928903825355,175.60378206861637,0.007579236925774615,0.007500705802653902,1.010469831131482,0.9688653450315495,0.9688653423243347,0.007343259999166483,0.007267173895162397,1.0000000271417766,1.0,1.0000000271417766
0.005675446054085473,175.19760464116285,0.007596164798319777,0.007517458279547496,1.010469831137795,0.9689244478896599,0.9689244451700604,0.00736010978329086,0.007283849092599634,1.0000000273352831,1.0,1.0000000273352831
0.005688529308438415,174.79236139586925,0.007613131513923491,0.0075342491970327085,1.0104698311441371,0.9689834797312272,0.9689834769992196,0.00737699866601305,0.007300562983519332,1.0000000275301637,1.0,1.0000000275301637
0.005701642722807474,174.38805018417614,0.007630137162716399,0.007551078644306304,1.0104698311505083,0.969042440388088,0.969042437643649,0.007393926736654541,0.007317315656317481,1.0000000277264283,1.0,1.0000000277264283
0.005714786366718669,173.98466886246575,0.007647181835035053,0.0075679467107688265,1.0104698311569078,0.9691013296941086,0.9691013269372157,0.007410894084745103,0.007334107199596207,1.0000000279240862,1.0,1.0000000279240862
0.005727960309858295,173.5822152920503,0.007664265621422399,0.007584853486025068,1.010469831163337,0.9691601474851738,0.9691601447158048,0.007427900800023279,0.007350937702164231,1.0000000281231474,1.0,1.0000000281231474
0.005741164622073277,173.18068733916135,0.007681388612628252,0.007601799059884554,1.010469831169795,0.9692188935991736,0.9692188908173069,0.0074449469724368455,0.007367807253037355,1.0000000283236221,1.0,1.0000000283236221
0.00575439937337157,172.78008287493753,0.00769855089960978,0.00761878352236201,1.010469831176282,0.9692775678759916,0.969277565081606,0.007462032692143295,0.00738471594143891,1.0000000285255202,1.0,1.0000000285255202
0.005767664633922507,172.38039977541382,0.007715752573531991,0.007635806963677848,1.0104698311827984,0.9693361701574921,0.9693361673505665,0.007479158049510314,0.007401663856800252,1.0000000287288517,1.0,1.0000000287288517
0.005780960474057179,171.98163592151022,0.007732993725768212,0.007652869474258641,1.0104698311893439,0.9693947002875081,0.9693946974680221,0.007496323135116256,0.007418651088761216,1.000000028933627,1.0,1.000000028933627
0.005794286964268812,171.5837891990203,0.007750274447900578,0.0076699711447376084,1.0104698311959186,0.9694531581118289,0.9694531552797627,0.007513528039750627,0.007435677727170608,1.000000029139856,1.0,1.000000029139856
0.005807644175213122,171.18685749860066,0.007767594831720521,0.007687112065955096,1.0104698312025227,0.9695115434781885,0.9695115406335225,0.0075307728544145615,0.0074527438620866655,1.0000000293475495,1.0,1.0000000293475495
0.005821032177708714,170.7908387157588,0.007784954969229249,0.007704292328959053,1.0104698312091558,0.9695698562362527,0.9695698533789681,0.007548057670321304,0.007469849583777537,1.0000000295567173,1.0,1.0000000295567173
0.0058344510427374464,170.39573075084257,0.007802354952638246,0.007721512025005524,1.0104698312158187,0.9696280962376083,0.9696280933676864,0.007565382578896697,0.00748699498272177,1.0000000297673701,1.0,1.0000000297673701
0.005847900841444805,170.00153150902884,0.007819794874369757,0.007738771245559132,1.0104698312225109,0.9696862633357498,0.969686260453173,0.007582747671779659,0.0075041801496087785,1.0000000299795184,1.0,1.0000000299795184
0.00586138164514029,169.60823890031227,0.007837274827057275,0.007756070082293562,1.0104698312292324,0.9697443573860688,0.9697443544908194,0.007600153040822671,0.007521405175339327,1.0000000301931729,1.0,1.0000000301931729
0.005874893525297768,169.21585083949503,0.007854794903546044,0.00777340862709205,1.0104698312359837,0.9698023782458413,0.9698023753379024,0.0076175987780922666,0.007538670151026013,1.000000030408344,1.0,1.000000030408344
0.00588843655355589,168.82436524617444,0.007872355196893537,0.0077907869720478685,1.0104698312427645,0.9698603257742164,0.9698603228535715,0.007635084975869511,0.007555975167993744,1.000000030625043,1.0,1.000000030625043
0.005902010801718442,168.43378004473288,0.007889955800369967,0.007808205209464823,1.0104698312495743,0.9699181998322044,0.9699181968988378,0.007652611726650498,0.007573320317780233,1.00000003084328,1.0,1.00000003084328
0.005915616341754738,168.04409316432648,0.007907596807458775,0.00782566343185773,1.0104698312564147,0.9699760002826653,0.9699759973365617,0.007670179123146836,0.007590705692136462,1.0000000310630663,1.0,1.0000000310630663
0.0059292532458,167.65530253887405,0.007925278311857119,0.007843161731952927,1.0104698312632838,0.9700337269902973,0.9700337240314421,0.0076877872582861335,0.007608131383027192,1.000000031284413,1.0,1.000000031284413
0.005942921586155728,167.26740610704672,0.00794300040747639,0.007860700202688746,1.010469831270183,0.9700913798216252,0.970091376850004,0.007705436225212502,0.007625597482631431,1.000000031507331,1.0,1.000000031507331
0.005956621435290104,166.88040181225605,0.007960763188442696,0.007878278937216019,1.010469831277112,0.9701489586449886,0.9701489556605878,0.0077231261172870415,0.007643104083342927,1.0000000317318312,1.0,1.0000000317318312
0.005970352865838367,166.4942876026438,0.007978566749097365,0.007895898028898573,1.0104698312840705,0.9702064633305313,0.9702064603333378,0.007740857028088329,0.007660651277770663,1.0000000319579252,1.0,1.0000000319579252
0.005984115950603194,166.10906143107084,0.007996411183997455,0.007913557571313718,1.010469831291059,0.9702638937501892,0.9702638907401906,0.007758629051412931,0.007678239158739342,1.0000000321856242,1.0,1.0000000321856242
0.005997910762555096,165.72472125510623,0.008014296587916244,0.007931257658252755,1.010469831298077,0.9703212497776792,0.970321246754864,0.00777644228127588,0.007695867819289876,1.0000000324149394,1.0,1.0000000324149394
0.006011737374832781,165.34126503701694,0.008032223055843741,0.007948998383721463,1.0104698313051252,0.9703785312884887,0.9703785282528457,0.007794296811911186,0.007713537352679882,1.0000000326458824,1.0,1.0000000326458824
0.006025595860743577,164.95869074375608,0.008050190682987192,0.007966779841940613,1.0104698313122031,0.9704357381598634,0.9704357351113819,0.00781219273777233,0.007731247852384178,1.0000000328784648,1.0,1.0000000328784648
0.0060394862937637964,164.57699634695285,0.00806819956477158,0.007984602127346451,1.010469831319311,0.9704928702707971,0.9704928672094671,0.007830130153532767,0.007748999412095269,1.000000033112698,1.0,1.000000033112698
0.006053408747539133,164.19617982290157,0.008086249796840137,0.008002465334591216,1.0104698313264484,0.9705499275020196,0.9705499244278321,0.007848109154086416,0.00776679212572385,1.0000000333485939,1.0,1.0000000333485939
0.006067363295885055,163.8162391525508,0.008104341475054852,0.008020369558543631,1.0104698313336162,0.970606909735987,0.9706069066489331,0.00786612983454818,0.007784626087399303,1.000000033586164,1.0,1.000000033586164
0.006081350012787179,163.43717232149316,0.008122474695496977,0.008038314894289416,1.0104698313408136,0.9706638168568694,0.9706638137569414,0.007884192290254433,0.00780250139147019,1.0000000338254205,1.0,1.0000000338254205
0.006095368972401691,163.05897731995395,0.008140649554467541,0.00805630143713179,1.0104698313480411,0.9707206487505415,0.9707206456377322,0.00790229661676354,0.00782041813250476,1.000000034066375,1.0,1.000000034066375
0.006109420249055724,162.68165214278076,0.008158866148487858,0.008074329282591969,1.0104698313552989,0.9707774053045706,0.9707774021788735,0.007920442909856338,0.007838376405291439,1.00000003430904,1.0,1.00000003430904
0.0061235039172477315,162.30519478943353,0.008177124574300044,0.008092398526409693,1.0104698313625864,0.9708340864082065,0.9708340832696157,0.007938631265536678,0.007856376304839343,1.0000000345534272,1.0,1.0000000345534272
0.006137620051647943,161.9296032639722,0.00819542492886753,0.008110509264543713,1.0104698313699039,0.9708906919523702,0.9708906888008807,0.007956861780031901,0.00787441792637877,1.000000034799549,1.0,1.000000034799549
0.006151768727098681,161.5548755750484,0.008213767309375572,0.00812866159317232,1.010469831377251,0.970947221829644,0.9709472186652514,0.007975134549793362,0.007892501365361716,1.0000000350474179,1.0,1.0000000350474179
0.0061659500186148205,161.181009735893,0.00823215181323178,0.008146855608693838,1.0104698313846288,0.9710036759342604,0.9710036727569608,0.007993449671496946,0.007910626717462363,1.0000000352970457,1.0,1.0000000352970457
0.006180164001384162,160.8080037643065,0.00825057853806662,0.008165091407727152,1.0104698313920364,0.9710600541620915,0.9710600509718824,0.008011807242043562,0.007928794078577607,1.0000000355484453,1.0,1.0000000355484453
0.006194410750767816,160.4358556826486,0.008269047581733944,0.008183369087112211,1.010469831399474,0.971116356410639,0.9711163532075181,0.008030207358559673,0.007947003544827547,1.0000000358016292,1.0,1.0000000358016292
0.006208690342300636,160.06456351782703,0.008287559042311503,0.008201688743910548,1.0104698314069418,0.9711725825790232,0.9711725793629893,0.008048650118397798,0.007965255212556003,1.00000003605661,1.0,1.00000003605661
0.006223002851691594,159.69412530128776,0.008306113018101474,0.008220050475405792,1.0104698314144394,0.971228732567973,0.9712287293390257,0.008067135619137036,0.007983549178331021,1.0000000363134003,1.0,1.0000000363134003
0.006237348354824191,159.32453906900417,0.00832470960763098,0.008238454379104192,1.0104698314219671,0.9712848062798156,0.971284803037955,0.008085663958583577,0.008001885538945392,1.0000000365720132,1.0,1.0000000365720132
0.006251726927756861,158.95580286146682,0.00834334890965261,0.008256900552735123,1.0104698314295248,0.9713408036184659,0.9713408003636931,0.008104235234771218,0.008020264391417153,1.0000000368324613,1.0,1.0000000368324613
0.0062661386467233555,158.58791472367324,0.00836203102314495,0.008275389094251615,1.0104698314371128,0.9713967244894165,0.9713967212217336,0.008122849545961888,0.00803868583299011,1.000000037094758,1.0,1.000000037094758
0.0062805835881331795,158.22087270511702,0.008380756047313104,0.00829392010183087,1.010469831444731,0.9714525687997277,0.9714525655191373,0.008141506990646167,0.008057149961134344,1.000000037358916,1.0,1.000000037358916
0.006295061828571975,157.8546748597779,0.00839952408158922,0.008312493673874786,1.0104698314523788,0.9715083364580173,0.9715083331645228,0.008160207667543799,0.008075656873546734,1.0000000376249485,1.0,1.0000000376249485
0.00630957344480193,157.4893192461114,0.008418335225633027,0.00833110990901048,1.0104698314600566,0.9715640273744498,0.971564024068056,0.00817895167560422,0.008094206668151476,1.0000000378928693,1.0,1.0000000378928693
0.006324118513762197,157.12480392703827,0.008437189579332352,0.0083497689060908,1.0104698314677647,0.9716196414607279,0.97161963814144,0.00819773911400709,0.008112799443100591,1.0000000381626912,1.0,1.0000000381626912
0.006338697112569271,156.76112696993482,0.008456087242803662,0.008368470764194872,1.0104698314755025,0.9716751786300812,0.9716751752979056,0.008216570082162799,0.00813143529677445,1.0000000384344279,1.0,1.0000000384344279
0.006353309318517437,156.39828644662194,0.008475028316392588,0.008387215582628609,1.0104698314832703,0.9717306387972569,0.9717306354522007,0.00823544467971301,0.008150114327782298,1.000000038708093,1.0,1.000000038708093
0.0063679552090791566,156.03628043335527,0.008494012900674466,0.008406003460925243,1.0104698314910683,0.9717860218785098,0.9717860185205812,0.00825436300653118,0.008168836634962769,1.0000000389837,1.0,1.0000000389837
0.006382634861905484,155.67510701081497,0.008513041096454859,0.008424834498845856,1.010469831498896,0.971841327791593,0.971841324420801,0.008273325162723088,0.00818760231738441,1.000000039261263,1.0,1.000000039261263
0.006397348354826484,155.31476426409534,0.008532113004770105,0.008443708796379913,1.0104698315067537,0.9718965564557469,0.9718965530721018,0.008292331248627362,0.008206411474346222,1.0000000395407955,1.0,1.0000000395407955
0.006412095765851617,154.95525028269535,0.00855122872688785,0.008462626453745783,1.0104698315146414,0.971951707791691,0.9719517043952035,0.008311381364816014,0.008225264205378151,1.0000000398223117,1.0,1.0000000398223117
0.006426877173170196,154.59656316050746,0.008570388364307577,0.00848158757139128,1.0104698315225589,0.9720067817216136,0.9720067783122956,0.008330475612094972,0.008244160610241646,1.0000000401058255,1.0,1.0000000401058255
0.006441692655151771,154.23870099580827,0.008589592018761166,0.008500592249994198,1.0104698315305065,0.9720617781691615,0.9720617747470262,0.008349614091504616,0.008263100788930177,1.0000000403913512,1.0,1.0000000403913512
0.006456542290346552,153.8816618912482,0.00860883979221341,0.008519640590462837,1.0104698315384837,0.9721166970594318,0.9721166936244929,0.008368796904320306,0.008282084841669755,1.0000000406789027,1.0,1.0000000406789027
0.006471426157485833,153.52544395384135,0.00862813178686257,0.008538732693936546,1.0104698315464904,0.9721715383189615,0.9721715348712341,0.008388024152052916,0.00830111286891948,1.0000000409684948,1.0,1.0000000409684948
0.006486344335482385,153.1700452949559,0.008647468105140926,0.008557868661786257,1.010469831554527,0.9722263018757185,0.9722262984152185,0.008407295936449389,0.008320184971372052,1.000000041260142,1.0,1.000000041260142
0.006501296903430907,152.81546403030347,0.008666848849715296,0.00857704859561503,1.0104698315625933,0.9722809876590914,0.9722809841858359,0.008426612359493248,0.008339301249954323,1.0000000415538584,1.0,1.0000000415538584
0.006516283940608425,152.4616982799295,0.00868627412348761,0.00859627259725858,1.0104698315706895,0.9723355955998815,0.9723355921138888,0.008445973523405164,0.008358461805827817,1.0000000418496588,1.0,1.0000000418496588
0.006531305526474721,152.10874616820308,0.008705744029595433,0.00861554076878583,1.0104698315788152,0.9723901256302923,0.9723901221315816,0.00846537953064347,0.008377666740389273,1.0000000421475583,1.0,1.0000000421475583
0.006546361740672751,151.75660582380723,0.008725258671412531,0.008634853212499453,1.0104698315869702,0.972444577683921,0.9724445741725126,0.00848483048390473,0.008396916155271184,1.0000000424475715,1.0,1.0000000424475715
0.006561452663029054,151.40527537972912,0.008744818152549409,0.008654210030936405,1.0104698315951548,0.9724989516957491,0.9724989481716644,0.008504326486124257,0.008416210152342321,1.0000000427497133,1.0,1.0000000427497133
0.006576578373554204,151.05475297324958,0.008764422576853862,0.008673611326868476,1.010469831603369,0.9725532476021325,0.9725532440653942,0.008523867640476674,0.008435548833708286,1.000000043053999,1.0,1.000000043053999
0.006591738952443212,150.7050367459337,0.008784072048411537,0.008693057203302842,1.0104698316116125,0.972607465340794,0.9726074617914259,0.008543454050376462,0.008454932301712048,1.000000043360444,1.0,1.000000043360444
0.0066069344800759565,150.3561248436209,0.00880376667154647,0.0087125477634826,1.0104698316198852,0.9726616048508125,0.9726616012888395,0.008563085819478487,0.008474360658934482,1.0000000436690628,1.0,1.0000000436690628
0.006622165037017621,150.0080154164148,0.008823506550821656,0.008732083110887325,1.0104698316281875,0.9727156660726155,0.9727156624980638,0.008582763051678573,0.00849383400819492,1.0000000439798715,1.0,1.0000000439798715
0.006637430704019088,149.6607066186742,0.008843291791039588,0.008751663349233618,1.010469831636519,0.9727696489479689,0.972769645360866,0.008602485851114035,0.008513352452551675,1.0000000442928856,1.0,1.0000000442928856
0.006652731562017413,149.31419660900224,0.008863122497242831,0.008771288582475655,1.0104698316448797,0.9728235534199692,0.9728235498203435,0.008622254322164243,0.008532916095302615,1.0000000446081203,1.0,1.0000000446081203
0.006668067692136225,148.96848355023727,0.008882998774714566,0.008790958914805741,1.0104698316532694,0.9728773794330335,0.9728773758209147,0.008642068569451156,0.008552525039985685,1.0000000449255917,1.0,1.0000000449255917
0.006683439175686142,148.62356560944343,0.00890292072897916,0.008810674450654867,1.0104698316616882,0.9729311269328916,0.9729311233083109,0.008661928697839895,0.008572179390379474,1.0000000452453157,1.0,1.0000000452453157
0.0066988460941652655,148.2794409578996,0.008922888465802716,0.00883043529469325,1.010469831670136,0.9729847958665768,0.9729847922295666,0.008681834812439289,0.008591879250503743,1.000000045567308,1.0,1.000000045567308
0.006714288529259523,147.93610777109154,0.008942902091193644,0.00885024155183091,1.0104698316786127,0.9730383861824173,0.9730383825330112,0.008701787018602428,0.008611624724619996,1.0000000458915845,1.0,1.0000000458915845
0.0067297665628431765,147.59356422870073,0.008962961711403216,0.008870093327218212,1.0104698316871181,0.9730918978300277,0.9730918941682605,0.008721785421927229,0.008631415917232018,1.000000046218162,1.0,1.000000046218162
0.006745280276979223,147.2518085145953,0.008983067432926138,0.00888999072624643,1.0104698316956522,0.9731453307602996,0.9731453270862077,0.008741830128256982,0.008651252933086434,1.0000000465470564,1.0,1.0000000465470564
0.00676082975391982,146.9108388168207,0.009003219362501114,0.008909933854548307,1.010469831704215,0.9731986849253944,0.9731986812390153,0.008761921243680932,0.00867113587717327,1.0000000468782841,1.0,1.0000000468782841
0.006776415076106751,146.57065332758944,0.009023417607111407,0.008929922817998613,1.0104698317128062,0.973251960278733,0.9732519565801059,0.00878205887453481,0.008691064854726482,1.0000000472118618,1.0,1.0000000472118618
0.006792036326171845,146.2312502432719,0.009043662273985412,0.008949957722714712,1.0104698317214258,0.973305156774989,0.973305153064154,0.008802243127401424,0.00871103997122455,1.0000000475478061,1.0,1.0000000475478061
0.006807693586937413,145.8926277643867,0.009063953470597227,0.008970038675057123,1.010469831730074,0.973358274370079,0.9733582706470781,0.008822474109111206,0.008731061332391009,1.0000000478861337,1.0,1.0000000478861337
0.006823386941416699,145.5547840955911,0.009084291304667222,0.008990165781630083,1.0104698317387504,0.973411313021155,0.9734113092860314,0.00884275192674278,0.008751129044195017,1.0000000482268616,1.0,1.0000000482268616
0.006839116472814295,145.21771744567178,0.009104675884162609,0.009010339149282117,1.0104698317474552,0.9734642726865955,0.9734642689393939,0.00886307668762354,0.008771243212851916,1.0000000485700067,1.0,1.0000000485700067
0.006854882264526616,144.88142602753481,0.009125107317298016,0.009030558885106605,1.0104698317561875,0.9735171533259975,0.9735171495667639,0.008883448499330196,0.008791403944823795,1.000000048915586,1.0,1.000000048915586
0.0068706844001423205,144.54590805819663,0.00914558571253607,0.009050825096442346,1.0104698317649483,0.9735699549001684,0.9735699511289504,0.008903867469689365,0.008811611346820052,1.0000000492636172,1.0,1.0000000492636172
0.006886522963442759,144.21116175877427,0.009166111178587956,0.009071137890874137,1.0104698317737366,0.9736226773711167,0.9736226735879636,0.008924333706778129,0.008831865525797958,1.0000000496141173,1.0,1.0000000496141173
0.006902398038402422,143.8771853544761,0.009186683824414014,0.009091497376233331,1.0104698317825527,0.9736753207020458,0.9736753169070079,0.008944847318924611,0.00885216658896322,1.0000000499671038,1.0,1.0000000499671038
0.006918309709189366,143.54397707459273,0.009207303759224301,0.009111903660598428,1.0104698317913963,0.9737278848573435,0.9737278810504735,0.008965408414708546,0.00887251464377056,1.0000000503225945,1.0,1.0000000503225945
0.0069342580601656914,143.21153515248687,0.009227971092479187,0.009132356852295631,1.0104698318002676,0.973780369802576,0.9737803659839274,0.008986017102961864,0.008892909797924266,1.000000050680607,1.0,1.000000050680607
0.0069502431758879666,142.87985782558457,0.009248685933889918,0.009152857059899433,1.010469831809166,0.9738327755044786,0.9738327716741068,0.009006673492769249,0.00891335215937878,1.0000000510411593,1.0,1.0000000510411593
0.006966265141107685,142.54894333536564,0.009269448393419213,0.009173404392233188,1.0104698318180918,0.9738851019309478,0.9738850980889098,0.009027377693468732,0.008933841836339254,1.0000000514042693,1.0,1.0000000514042693
0.0069823240407717166,142.2187899273543,0.009290258581281845,0.009193998958369693,1.0104698318270444,0.9739373490510339,0.9739373451973883,0.009048129814652259,0.008954378937262131,1.0000000517699552,1.0,1.0000000517699552
0.006998419960022736,141.88939585111027,0.009311116607945221,0.009214640867631761,1.0104698318360241,0.9739895168349324,0.9739895129697395,0.00906892996616628,0.008974963570855716,1.0000000521382353,1.0,1.0000000521382353
0.0070145529841997125,141.5607593602188,0.009332022584129976,0.00923533022959281,1.0104698318450307,0.9740416052539767,0.9740416013772986,0.009089778258112325,0.008995595846080754,1.0000000525091277,1.0,1.0000000525091277
0.007030723198838333,141.232878712282,0.009352976620810553,0.009256067154077438,1.010469831854064,0.9740936142806301,0.9740936103925303,0.009110674800847585,0.009016275872151005,1.0000000528826511,1.0,1.0000000528826511
0.0070469306896714665,140.90575216890926,0.0093739788292158,0.00927685175116201,1.0104698318631236,0.9741455438884777,0.9741455399890215,0.009131619704985501,0.009037003758533816,1.0000000532588242,1.0,1.0000000532588242
0.0070631755426296215,140.57937799570811,0.009395029320829558,0.009297684131175241,1.0104698318722096,0.9741973940522188,0.9741973901414734,0.009152613081396343,0.009057779614950714,1.0000000536376659,1.0,1.0000000536376659
0.0070794578438413795,140.25375446227542,0.00941612820739125,0.009318564404698785,1.0104698318813217,0.9742491647476594,0.9742491608256936,0.0091736550412078,0.00907860355137797,1.000000054019195,1.0,1.000000054019195
0.0070957776796338875,139.92887984218748,0.009437275600896477,0.009339492682567811,1.01046983189046,0.9743008559517043,0.974300852018589,0.009194745695805572,0.009099475678047196,1.0000000544034302,1.0,1.0000000544034302
0.0071121351365332885,139.60475241299142,0.009458471613597615,0.00936046907587161,1.010469831899624,0.9743524676423496,0.9743524636981572,0.009215885156833952,0.009120396105445917,1.000000054790391,1.0,1.000000054790391
0.007128530301265192,139.28137045619587,0.009479716358004407,0.009381493695954172,1.0104698319088137,0.9744039997986749,0.9744039958434798,0.00923707353619642,0.009141364944318161,1.0000000551800967,1.0,1.0000000551800967
0.007144963260755135,138.95873225726177,0.009501009946884563,0.009402566654414779,1.0104698319180287,0.9744554524008359,0.9744554484347143,0.009258310946056239,0.009162382305665046,1.0000000555725668,1.0,1.0000000555725668
0.007161434102129021,138.63683610559374,0.009522352493264358,0.009423688063108598,1.0104698319272691,0.9745068254300571,0.9745068214530871,0.009279597498837038,0.009183448300745358,1.0000000559678208,1.0,1.0000000559678208
0.007177942912713616,138.31568029453032,0.009543744110429232,0.009444858034147276,1.010469831936535,0.9745581188686238,0.9745581148808856,0.00930093330722342,0.009204563041076157,1.0000000563658784,1.0,1.0000000563658784
0.0071944897800369926,137.99526312133537,0.009565184911924391,0.009466076679899543,1.0104698319458256,0.9746093326998753,0.9746093287014508,0.009322318484161546,0.009225726638433351,1.0000000567667597,1.0,1.0000000567667597
0.007211074791828993,137.6755828871889,0.009586675011555412,0.00948734411299179,1.0104698319551413,0.9746604669081969,0.9746604628991702,0.009343753142859741,0.009246939204852294,1.0000000571704843,1.0,1.0000000571704843
0.007227698036021704,137.35663789717808,0.009608214523388846,0.009508660446308687,1.0104698319644811,0.974711521479013,0.97471151745947,0.009365237396789091,0.009268200852628382,1.0000000575770729,1.0,1.0000000575770729
0.007244359600749901,137.0384264602885,0.009629803561752826,0.009530025792993767,1.0104698319738454,0.9747624963987797,0.9747624923688084,0.009386771359684045,0.009289511694317635,1.0000000579865451,1.0,1.0000000579865451
0.007261059574351546,136.7209468893947,0.009651442241237668,0.009551440266450039,1.0104698319832341,0.9748133916549772,0.9748133876146677,0.009408355145543005,0.009310871842737307,1.000000058398922,1.0,1.000000058398922
0.007277798045368244,136.40419750125145,0.009673130676696487,0.009572903980340582,1.0104698319926468,0.9748642072361031,0.9748642031855475,0.00942998886862895,0.009332281410966477,1.0000000588142237,1.0,1.0000000588142237
0.007294575102545683,136.08817661648544,0.0096948689832458,0.009594417048589151,1.0104698320020828,0.974914943131665,0.9749149390709574,0.009451672643470022,0.009353740512346647,1.0000000592324714,1.0,1.0000000592324714
0.007311390834834176,135.77288255958487,0.009716657276266144,0.009615979585380782,1.0104698320115428,0.9749655993321729,0.9749655952614099,0.00947340658486014,0.00937524926048234,1.0000000596536855,1.0,1.0000000596536855
0.007328245331389041,135.45831365889245,0.009738495671402683,0.009637591705162402,1.0104698320210257,0.9750161758291329,0.9750161717484127,0.009495190807859608,0.009396807769241702,1.0000000600778873,1.0,1.0000000600778873
0.007345138681571148,135.14446824659504,0.009760384284565824,0.009659253522643426,1.0104698320305316,0.9750666726150394,0.9750666685244629,0.00951702542779572,0.009418416152757108,1.0000000605050978,1.0,1.0000000605050978
0.007362070974947364,134.83134465871535,0.009782323231931837,0.00968096515279638,1.0104698320400607,0.9751170896833686,0.9751170855830387,0.009538910560263378,0.009440074525425762,1.0000000609353386,1.0,1.0000000609353386
0.007379042301291012,134.51894123510357,0.009804312629943465,0.009702726710857501,1.0104698320496122,0.975167427028571,0.9751674229185927,0.00956084632112569,0.009461783001910303,1.0000000613686308,1.0,1.0000000613686308
0.0073960527505823786,134.2072563194277,0.009826352595310544,0.009724538312327355,1.0104698320591863,0.9752176846460648,0.9752176805265457,0.0095828328265146,0.009483541697139412,1.0000000618049965,1.0,1.0000000618049965
0.007413102413009174,133.89628825916537,0.009848443245010621,0.009746400072971447,1.010469832068782,0.9752678625322292,0.9752678584032788,0.00960487019283148,0.009505350726308424,1.0000000622444571,1.0,1.0000000622444571
0.0074301913789670115,133.58603540559488,0.009870584696289588,0.009768312108820837,1.0104698320783996,0.9753179606843966,0.9753179565461271,0.009626958536747776,0.009527210204879928,1.0000000626870347,1.0,1.0000000626870347
0.007447319739059894,133.27649611378632,0.009892777066662285,0.009790274536172755,1.0104698320880388,0.9753679791008468,0.9753679749533725,0.009649097975205597,0.009549120248584389,1.0000000631327512,1.0,1.0000000631327512
0.007464487584100661,132.9676687425936,0.009915020473913138,0.00981228747159122,1.0104698320976992,0.9754179177807996,0.9754179136242374,0.00967128862541835,0.009571080973420751,1.000000063581629,1.0,1.000000063581629
0.007481695005111544,132.65955165464422,0.009937315036096775,0.009834351031907655,1.0104698321073808,0.9754677767244081,0.9754677725588773,0.009693530604871353,0.009593092495657056,1.0000000640336908,1.0,1.0000000640336908
0.007498942093324557,132.35214321633242,0.009959660871538663,0.009856465334221517,1.0104698321170829,0.9755175559327522,0.9755175517583744,0.009715824031322462,0.009615154931831061,1.0000000644889586,1.0,1.0000000644889586
0.007516228940182053,132.04544179780913,0.00998205809883573,0.009878630495900905,1.0104698321268055,0.9755672554078316,0.9755672512247309,0.00973816902280269,0.009637268398750846,1.0000000649474554,1.0,1.0000000649474554
0.007533555637337177,131.7394457729739,0.01000450683685699,0.009900846634583195,1.0104698321365484,0.9756168751525592,0.9756168709608624,0.009760565697616831,0.009659433013495441,1.000000065409204,1.0,1.000000065409204
0.007550922276654341,131.43415351946643,0.010027007204744188,0.009923113868175659,1.0104698321463108,0.9756664151707547,0.9756664109705908,0.00978301417434409,0.009681648893415442,1.0000000658742279,1.0,1.0000000658742279
0.007568328950209743,131.1295634186575,0.01004955932191242,0.00994543231485609,1.0104698321560934,0.9757158754671376,0.9757158712586387,0.00980551457183871,0.009703916156133629,1.0000000663425495,1.0,1.0000000663425495
0.007585775750291836,130.82567385564073,0.010072163308050767,0.009967802093073436,1.0104698321658947,0.9757652560473211,0.9757652518306216,0.00982806700923059,0.009726234919545598,1.0000000668141928,1.0,1.0000000668141928
0.007603262769401815,130.5224832192239,0.010094819283122945,0.009990223321548418,1.010469832175715,0.9758145569178055,0.9758145526930423,0.009850671605925936,0.009748605301820368,1.0000000672891811,1.0,1.0000000672891811
0.007620790100254123,130.21998990192026,0.010117527367367922,0.010012696119274172,1.010469832185554,0.9758637780859712,0.9758637738532842,0.00987332848160787,0.009771027421401027,1.0000000677675382,1.0,1.0000000677675382
0.007638357835776908,129.9181922999407,0.01014028768130057,0.010035220605516874,1.0104698321954113,0.975912919560073,0.9759129153196046,0.009896037756237082,0.00979350139700534,1.000000068249288,1.0,1.000000068249288
0.007655966069112563,129.61708881318415,0.010163100345712302,0.010057796899816372,1.0104698322052867,0.9759619813492332,0.9759619771011284,0.009918799550052456,0.009816027347626386,1.0000000687344544,1.0,1.0000000687344544
0.007673614893618188,129.31667784522998,0.01018596548167171,0.010080425121986826,1.0104698322151797,0.9760109634634352,0.9760109592078422,0.009941613983571698,0.009838605392533192,1.0000000692230617,1.0,1.0000000692230617
0.007691304402866093,129.0169578033291,0.010208883210525207,0.010103105392117341,1.0104698322250896,0.9760598659135177,0.976059861650587,0.009964481177591996,0.009861235651271352,1.0000000697151343,1.0,1.0000000697151343
0.007709034690644303,128.71792709839556,0.010231853653897683,0.010125837830572608,1.0104698322350163,0.9761086887111674,0.9761086844410527,0.009987401253190635,0.009883918243663671,1.0000000702106968,1.0,1.0000000702106968
0.007726805850957024,128.4195841449986,0.010254876933693136,0.01014862255799353,1.0104698322449597,0.9761574318689138,0.9761574275917717,0.010010374331725653,0.00990665328981079,1.0000000707097738,1.0,1.0000000707097738
0.0077446179780251865,128.12192736135344,0.010277953172095323,0.010171459695297883,1.0104698322549193,0.9762060954001224,0.9762060911161123,0.010033400534836479,0.00992944091009183,1.0000000712123902,1.0,1.0000000712123902
0.007762471166286922,127.82495516931331,0.010301082491568418,0.010194349363680941,1.0104698322648948,0.9762546793189886,0.976254675028273,0.010056479984444573,0.009952281225165019,1.0000000717185715,1.0,1.0000000717185715
0.007780365510398036,127.5286659943616,0.010324265014857646,0.010217291684616131,1.0104698322748855,0.9763031836405314,0.9763031793432756,0.010079612802754077,0.009975174355968341,1.0000000722283424,1.0,1.0000000722283424
0.007798301105232589,127.23305826560212,0.010347500864989949,0.010240286779855667,1.0104698322848915,0.9763516083805875,0.9763516040769599,0.010102799112252456,0.009998120423720168,1.0000000727417286,1.0,1.0000000727417286
0.007816278045883297,126.93813041575247,0.010370790165274632,0.010263334771431208,1.010469832294912,0.9763999535558051,0.9763999492459772,0.010126039035711151,0.010021119549919903,1.000000073258756,1.0,1.000000073258756
0.007834296427662117,126.6438808811344,0.01039413303930402,0.010286435781654493,1.0104698323049468,0.9764482191836377,0.9764482148677841,0.010149332696186222,0.010044171856348628,1.0000000737794499,1.0,1.0000000737794499
0.007852356346100722,126.3503081016661,0.010417529610954114,0.010309589933118004,1.0104698323149954,0.9764964052823382,0.9764964009606366,0.010172680217019007,0.010067277465069741,1.0000000743038366,1.0,1.0000000743038366
0.007870457896950983,126.05741052085422,0.010440980004385245,0.010332797348695607,1.0104698323250572,0.976544511870953,0.9765445075435842,0.01019608172183677,0.010090436498429604,1.0000000748319422,1.0,1.0000000748319422
0.007888601176185546,125.76518658578453,0.010464484344042738,0.010356058151543205,1.010469832335132,0.9765925389693159,0.976592534636464,0.010219537334553353,0.010113649079058193,1.000000075363793,1.0,1.000000075363793
0.007906786279998251,125.47363474711513,0.010488042754657574,0.010379372465099398,1.0104698323452193,0.9766404865980418,0.9766404822598943,0.01024304717936984,0.010136915329869744,1.0000000758994156,1.0,1.0000000758994156
0.007925013304804716,125.18275345906709,0.010511655361247043,0.010402740413086132,1.0104698323553187,0.9766883547785219,0.9766883504352694,0.010266611380775203,0.010160235374063407,1.0000000764388368,1.0,1.0000000764388368
0.007943282347242819,124.89254117941665,0.010535322289115417,0.01042616211950936,1.0104698323654298,0.9767361435329163,0.976736139184753,0.010290230063546967,0.010183609335123894,1.0000000769820834,1.0,1.0000000769820834
0.007961593504173184,124.60299636948754,0.010559043663854613,0.010449637708659695,1.0104698323755523,0.9767838528841496,0.9767838485312728,0.010313903352751876,0.010207037336822128,1.0000000775291826,1.0,1.0000000775291826
0.007979946872679767,124.31411749414158,0.010582819611344852,0.01047316730511308,1.0104698323856853,0.976831482855904,0.9768314784985147,0.010337631373746534,0.010230519503215914,1.000000078080162,1.0,1.000000078080162
0.007998342550070283,124.02590302177202,0.010606650257755342,0.010496751033731431,1.0104698323958288,0.9768790334726143,0.9768790291109167,0.010361414252178094,0.010254055958650572,1.0000000786350485,1.0,1.0000000786350485
0.008016780633876789,123.73835142429434,0.010630535729544933,0.010520389019663326,1.0104698324059818,0.9769265047594619,0.9769265003936638,0.010385252113984908,0.010277646827759621,1.0000000791938701,1.0,1.0000000791938701
0.008035261221856176,123.45146117713846,0.010654476153462798,0.010544081388344643,1.0104698324161443,0.9769738967423688,0.9769738923726815,0.010409145085397194,0.010301292235465413,1.0000000797566546,1.0,1.0000000797566546
0.008053784411990662,123.16523075924117,0.010678471656549102,0.010567828265499242,1.0104698324263157,0.9770212094479922,0.9770212050746307,0.010433093292937708,0.010324992306979815,1.0000000803234304,1.0,1.0000000803234304
0.008072350302488382,122.8796586530369,0.010702522366135675,0.01059162977713963,1.0104698324364951,0.977068442903719,0.9770684385269018,0.010457096863422409,0.010348747167804855,1.0000000808942255,1.0,1.0000000808942255
0.008090958991783822,122.59474334445106,0.010726628409846692,0.010615486049567623,1.0104698324466825,0.9771155971376598,0.9771155927576092,0.010481155923961136,0.010372556943733399,1.0000000814690686,1.0,1.0000000814690686
0.008109610578538406,122.31048332289093,0.010750789915599348,0.010639397209375024,1.0104698324568773,0.9771626721786436,0.9771626677955856,0.010505270601958274,0.010396421760849808,1.000000082047988,1.0,1.000000082047988
0.008128305161640996,122.0268770812381,0.010775007011604535,0.010663363383444294,1.0104698324670784,0.9772096680562123,0.9772096636703766,0.010529441025113427,0.010420341745530607,1.0000000826310131,1.0,1.0000000826310131
0.008147042840208391,121.7439231158408,0.010799279826367527,0.010687384698949219,1.010469832477286,0.977256584800615,0.9772565804122352,0.010553667321422107,0.01044431702444516,1.0000000832181726,1.0,1.0000000832181726
0.008165823713585924,121.46161992650488,0.01082360848868866,0.010711461283355594,1.010469832487499,0.9773034224428022,0.9773034180521157,0.010577949619176392,0.010468347724556324,1.0000000838094962,1.0,1.0000000838094962
0.008184647881347897,121.1799660164872,0.010847993127664013,0.010735593264421894,1.0104698324977173,0.9773501810144214,0.9773501766216695,0.010602288046965622,0.010492433973121143,1.000000084405013,1.0,1.000000084405013
0.00820351544329818,120.8989598924867,0.010872433872686098,0.01075978077019995,1.01046983250794,0.9773968605478105,0.9773968561532383,0.010626682733677065,0.010516575897691501,1.000000085004753,1.0,1.000000085004753
0.008222426499470714,120.61860006463675,0.010896930853444545,0.010784023929035639,1.010469832518167,0.9774434610759929,0.9774434566798498,0.010651133808496608,0.010540773626114809,1.000000085608746,1.0,1.000000085608746
0.008241381150130024,120.33888504649771,0.010921484199926789,0.010808322869569554,1.010469832528397,0.9774899826326722,0.9774899782352114,0.01067564140090944,0.01056502728653468,1.0000000862170224,1.0,1.0000000862170224
0.008260379495771786,120.05981335504825,0.01094609404241876,0.010832677720737692,1.0104698325386297,0.9775364252522267,0.9775364208537057,0.01070020564070073,0.010589337007391602,1.0000000868296124,1.0,1.0000000868296124
0.00827942163712334,119.78138351067804,0.010970760511505575,0.010857088611772137,1.0104698325488646,0.9775827889697043,0.9775827845703847,0.01072482665795632,0.010613702917423619,1.0000000874465462,1.0,1.0000000874465462
0.008298507675144222,119.5035940371798,0.010995483738072237,0.010881555672201748,1.010469832559101,0.9776290738208172,0.9776290694209647,0.010749504583063419,0.010638125145667015,1.0000000880678552,1.0,1.0000000880678552
0.008317637711026712,119.22644346174125,0.011020263853304317,0.010906079031852842,1.0104698325693386,0.9776752798419361,0.9776752754418209,0.010774239546711271,0.010662603821456994,1.0000000886935703,1.0,1.0000000886935703
0.008336811846196343,118.94993031493787,0.01104510098868866,0.010930658820849893,1.0104698325795765,0.9777214070700859,0.9777214026699822,0.010799031679891874,0.010687139074428371,1.0000000893237224,1.0,1.0000000893237224
0.00835603018231248,118.67405313072435,0.011069995276014084,0.010955295169616207,1.0104698325898138,0.97776745554294,0.9777674511431261,0.010823881113900657,0.010711731034516241,1.0000000899583434,1.0,1.0000000899583434
0.008375292821268823,118.39881044642735,0.01109494684737207,0.010979988208874627,1.0104698326000503,0.9778134252988147,0.9778134208995738,0.010848787980337168,0.010736379831956683,1.0000000905974646,1.0,1.0000000905974646
0.008394599865193971,118.12420080273753,0.011119955835157472,0.011004738069648225,1.010469832610285,0.9778593163766649,0.9778593119782845,0.01087375241110579,0.010761085597287447,1.000000091241118,1.0,1.000000091241118
0.008413951416451954,117.8502227437018,0.011145022372069218,0.011029544883260993,1.0104698326205173,0.9779051288160788,0.9779051244188507,0.01089877453841643,0.010785848461348639,1.000000091889336,1.0,1.000000091889336
0.008433347577642754,117.57687481671601,0.011170146591111011,0.01105440878133854,1.0104698326307466,0.9779508626572724,0.9779508582614932,0.010923854494785204,0.010810668555283414,1.0000000925421506,1.0,1.0000000925421506
0.008452788451602898,117.30415557251648,0.01119532862559204,0.011079329895808801,1.0104698326409722,0.9779965179410849,0.9779965135470555,0.010948992413035166,0.010835546010538669,1.0000000931995945,1.0,1.0000000931995945
0.00847227414140597,117.03206356517288,0.011220568609127677,0.011104308358902717,1.0104698326511934,0.9780420947089731,0.9780420903169994,0.010974188426296981,0.010860480958865742,1.0000000938617006,1.0,1.0000000938617006
0.008491804750363135,116.76059735208078,0.0112458666756402,0.011129344303154957,1.0104698326614094,0.9780875930030075,0.9780875886134,0.010999442668009658,0.010885473532321112,1.0000000945285021,1.0,1.0000000945285021
0.008511380382023767,116.48975549395291,0.011271222959359499,0.011154437861404612,1.0104698326716197,0.9781330128658661,0.97813300847894,0.01102475527192123,0.010910523863267086,1.0000000952000319,1.0,1.0000000952000319
0.008531001140175895,116.21953655481303,0.01129663759482378,0.011179589166795902,1.0104698326818233,0.9781783543408302,0.9781783499569057,0.01105012637208948,0.010935632084372513,1.0000000958763238,1.0,1.0000000958763238
0.008550667128846832,115.94993910198711,0.011322110716880291,0.011204798352778881,1.0104698326920194,0.9782236174717795,0.9782236130911813,0.011075556102882642,0.010960798328613474,1.0000000965574116,1.0,1.0000000965574116
0.008570378452303701,115.68096170609617,0.011347642460686029,0.01123006555311014,1.0104698327022077,0.9782688023031869,0.9782687979262451,0.011101044598980111,0.01098602272927399,1.000000097243329,1.0,1.000000097243329
0.008590135215053953,115.41260294104919,0.011373232961708462,0.011255390901853533,1.0104698327123869,0.9783139088801139,0.9783139045071633,0.01112659199537316,0.011011305419946733,1.0000000979341106,1.0,1.0000000979341106
0.008609937521846009,115.14486138403424,0.011398882355726248,0.011280774533380873,1.0104698327225567,0.9783589372482053,0.978358932879586,0.011152198427365652,0.01103664653453372,1.0000000986297908,1.0,1.0000000986297908
0.008629785477669703,114.8777356155126,0.011424590778829954,0.011306216582372654,1.0104698327327157,0.9784038874536855,0.9784038830897422,0.011177864030574755,0.01106204620724704,1.0000000993304041,1.0,1.0000000993304041
0.008649679187756932,114.6112242192099,0.011450358367422775,0.011331717183818759,1.0104698327428636,0.9784487595433523,0.9784487551844354,0.01120358894093166,0.011087504572609541,1.0000001000359857,1.0,1.0000001000359857
0.008669618757582171,114.34532578210916,0.011476185258221265,0.01135727647301918,1.0104698327529993,0.9784935535645735,0.9784935492110381,0.011229373294682298,0.011113021765455559,1.0000001007465706,1.0,1.0000001007465706
0.008689604292863013,114.08003889444363,0.011502071588256058,0.011382894585584738,1.010469832763122,0.978538269565281,0.9785382652174882,0.011255217228388065,0.01113859792093163,1.0000001014621946,1.0,1.0000001014621946
0.008709635899560808,113.81536214968826,0.011528017494872594,0.0114085716574378,1.0104698327732309,0.9785829075939672,0.9785829032522828,0.011281120878926545,0.01116423317449719,1.0000001021828935,1.0,1.0000001021828935
0.008729713683881115,113.55129414455358,0.011554023115731856,0.011434307824812997,1.0104698327833253,0.9786274676996793,0.9786274633644749,0.011307084383492226,0.01118992766192531,1.000000102908703,1.0,1.000000102908703
0.008749837752274359,113.28783347897719,0.011580088588811087,0.011460103224257957,1.0104698327934039,0.9786719499320158,0.9786719456036682,0.011333107879597232,0.011215681519303406,1.000000103639659,1.0,1.000000103639659
0.008770008211436352,113.02497875611681,0.011606214052404536,0.01148595799263402,1.0104698328034663,0.9787163543411208,0.9787163500200127,0.011359191505072053,0.01124149488303396,1.0000001043757987,1.0,1.0000001043757987
0.008790225168308838,112.76272858234316,0.011632399645124181,0.011511872267116969,1.0104698328135113,0.9787606809776801,0.9787606766641994,0.011385335398066267,0.011267367889835235,1.0000001051171585,1.0,1.0000001051171585
0.008810488730080142,112.5010815672315,0.011658645505900471,0.01153784618519775,1.0104698328235384,0.9788049298929167,0.9788049255874574,0.01141153969704928,0.011293300676742012,1.0000001058637755,1.0,1.0000001058637755
0.008830799004185626,112.24003632355573,0.01168495177398306,0.011563879884683222,1.010469832833546,0.9788491011385856,0.978849096841547,0.01143780454081104,0.011319293381106304,1.000000106615687,1.0,1.000000106615687
0.008851156098308352,111.97959146727982,0.011711318588941554,0.011589973503696862,1.0104698328435338,0.9788931947669701,0.9788931904787573,0.011464130068462803,0.011345346140598083,1.0000001073729303,1.0,1.0000001073729303
0.008871560120379613,111.71974561755098,0.011737746090666235,0.011616127180679519,1.0104698328535002,0.9789372108308765,0.9789372065519011,0.01149051641943783,0.011371459093206018,1.0000001081355436,1.0,1.0000001081355436
0.00889201117857948,111.4604973966927,0.011764234419368823,0.011642341054390132,1.0104698328634452,0.9789811493836307,0.9789811451143096,0.01151696373349216,0.01139763237723819,1.0000001089035646,1.0,1.0000001089035646
0.008912509381337455,111.20184543019634,0.011790783715583203,0.011668615263906482,1.010469832873367,0.9790250104790726,0.9790250062198289,0.011543472150705324,0.011423866131322834,1.000000109677032,1.0,1.000000109677032
0.00893305483733295,110.94378834671518,0.011817394120166181,0.011694949948625922,1.0104698328832646,0.9790687941715529,0.9790687899228155,0.011570041811481102,0.011450160494409075,1.0000001104559841,1.0,1.0000001104559841
0.008953647655495936,110.68632477805615,0.01184406577429823,0.011721345248266112,1.0104698328931376,0.9791125005159278,0.979112496278132,0.011596672856548258,0.011476515605767654,1.00000011124046,1.0,1.00000011124046
0.008974287945007488,110.42945335917295,0.011870798819484238,0.011747801302865771,1.0104698329029844,0.9791561295675547,0.979156125341142,0.011623365426961284,0.011502931604991669,1.0000001120304989,1.0,1.0000001120304989
0.008994975815300354,110.1731727281591,0.011897593397554255,0.01177431825278541,1.0104698329128043,0.9791996813822885,0.9791996771677067,0.011650119664101146,0.01152940863199731,1.00000011282614,1.0,1.00000011282614
0.009015711376059568,109.91748152624011,0.011924449650664252,0.011800896238708086,1.010469832922596,0.9792431560164768,0.9792431518141801,0.011676935709676036,0.01155594682702461,1.0000001136274232,1.0,1.0000001136274232
0.009036494737223013,109.66237839776666,0.011951367721296872,0.011827535401640141,1.0104698329323587,0.979286553526956,0.9792865493374046,0.011703813705722124,0.011582546330638167,1.0000001144343886,1.0,1.0000001144343886
0.009057326008981998,109.40786199020735,0.011978347752262189,0.011854235882911957,1.0104698329420914,0.9793298739710464,0.9793298697947076,0.011730753794604296,0.011609207283727918,1.0000001152470763,1.0,1.0000001152470763
0.00907820530178186,109.15393095414146,0.01200538988669846,0.011880997824178698,1.0104698329517925,0.9793731174065489,0.979373113243896,0.011757756119016924,0.011635929827509847,1.000000116065527,1.0,1.000000116065527
0.009099132726322517,108.90058394325209,0.01203249426807289,0.011907821367421072,1.0104698329614612,0.9794162838917395,0.9794162797432528,0.011784820821984605,0.01166271410352676,1.0000001168897816,1.0,1.0000001168897816
0.009120108393559097,108.64781961431851,0.01205966104018239,0.01193470665494607,1.0104698329710966,0.9794593734853667,0.9794593693515335,0.01181194804686293,0.011689560253649027,1.0000001177198812,1.0,1.0000001177198812
0.0091411324147025,108.39563662720941,0.012086890347154343,0.011961653829387735,1.0104698329806974,0.9795023862466465,0.9795023821279604,0.011839137937339237,0.011716468420075326,1.0000001185558671,1.0,1.0000001185558671
0.009162204901219993,108.1440336448757,0.012114182333447363,0.011988663033707912,1.0104698329902622,0.979545322235258,0.9795453181322195,0.011866390637433367,0.011743438745333396,1.0000001193977814,1.0,1.0000001193977814
0.009183325964835811,107.89300933334331,0.012141537143852072,0.012015734411197009,1.01046983299979,0.97958818151134,0.9795881774244564,0.01189370629149844,0.011770471372280801,1.0000001202456659,1.0,1.0000001202456659
0.009204495717531715,107.64256236170652,0.012168954923491855,0.012042868105474756,1.0104698330092796,0.9796309641354861,0.9796309600652717,0.011921085044221597,0.011797566444105675,1.000000121099563,1.0,1.000000121099563
0.009225714271547631,107.39269140212036,0.01219643581782364,0.012070064260490962,1.0104698330187298,0.9796736701687414,0.9796736661157182,0.011948527040624782,0.011824724104327486,1.0000001219595154,1.0,1.0000001219595154
0.00924698173938223,107.14339512979375,0.012223979972638669,0.012097323020526294,1.0104698330281392,0.9797162996725981,0.9797162956372949,0.011976032426065503,0.011851944496797792,1.0000001228255657,1.0,1.0000001228255657
0.009268298233793488,106.89467222298293,0.012251587534063265,0.012124644530193022,1.010469833037507,0.9797588527089915,0.9797588486919444,0.012003601346237607,0.011879227765700997,1.0000001236977578,1.0,1.0000001236977578
0.009289663867799365,106.64652136298346,0.012279258648559615,0.012152028934435804,1.0104698330468318,0.9798013293402963,0.9798013253420487,0.012031233947172041,0.011906574055555124,1.0000001245761347,1.0,1.0000001245761347
0.009311078754678303,106.39894123412448,0.01230699346292654,0.012179476378532443,1.0104698330561122,0.979843729629322,0.9798437256504248,0.012058930375237625,0.011933983511212573,1.0000001254607405,1.0,1.0000001254607405
0.00933254300796991,106.15193052376065,0.012334792124300277,0.01220698700809467,1.0104698330653468,0.9798860536393099,0.9798860496803213,0.01208669077714184,0.011961456277860891,1.0000001263516192,1.0,1.0000001263516192
0.009354056741475525,105.90548792226573,0.012362654780155264,0.0122345609690689,1.0104698330745343,0.9799283014339282,0.9799282974954142,0.01211451529993158,0.011988992501023532,1.0000001272488155,1.0,1.0000001272488155
0.009375620069258798,105.65961212302584,0.012390581578304916,0.012262198407737018,1.0104698330836739,0.9799704730772687,0.979970469159803,0.01214240409099396,0.012016592326560636,1.000000128152374,1.0,1.000000128152374
0.00939723310564638,105.41430182243158,0.01241857266690241,0.01228989947071716,1.0104698330927633,0.980012568633843,0.9800125647380069,0.012170357298057065,0.012044255900669798,1.0000001290623401,1.0,1.0000001290623401
0.009418895965228413,105.16955571987248,0.012446628194441478,0.012317664304964475,1.010469833101802,0.9800545881685782,0.980054584294961,0.012198375069190756,0.012071983369886838,1.0000001299787593,1.0,1.0000001299787593
0.009440608762859232,104.9253725177289,0.012474748309757186,0.012345493057771918,1.0104698331107884,0.9800965317468132,0.9800965278960119,0.012226457552807438,0.012099774881086576,1.0000001309016768,1.0,1.0000001309016768
0.009462371613657934,104.6817509213658,0.01250293316202673,0.012373385876771024,1.010469833119721,0.9801383994342954,0.9801383956069152,0.012254604897662853,0.012127630581483615,1.0000001318311393,1.0,1.0000001318311393
0.009484184633008966,104.43868963912595,0.012531182900770219,0.012401342909932698,1.0104698331285984,0.9801801912971759,0.9801801874938303,0.012282817252856853,0.012155550618633115,1.000000132767193,1.0,1.000000132767193
0.009506047936562815,104.19618738232228,0.012559497675851482,0.012429364305567993,1.0104698331374191,0.9802219074020072,0.9802219036233172,0.012311094767834216,0.012183535140431568,1.0000001337098845,1.0,1.0000001337098845
0.009527961640236518,103.95424286523223,0.012587877637478847,0.012457450212328901,1.0104698331461814,0.980263547815738,0.9802635440623334,0.012339437592385405,0.012211584295117596,1.000000134659261,1.0,1.000000134659261
0.009549925860214357,103.71285480508998,0.01261632293620595,0.01248560077920914,1.0104698331548843,0.9803051126057103,0.9803051088782294,0.01236784587664738,0.012239698231272722,1.0000001356153703,1.0,1.0000001356153703
0.00957194071294845,103.47202192207995,0.012644833722932536,0.012513816155544946,1.010469833163526,0.9803466018396554,0.9803465981387448,0.01239631977110439,0.012267877097822153,1.0000001365782594,1.0,1.0000001365782594
0.009594006315159326,103.23174293933047,0.012673410148905244,0.012542096491015859,1.0104698331721054,0.9803880155856906,0.9803880119120055,0.012424859426588762,0.01229612104403558,1.000000137547977,1.0,1.000000137547977
0.009616122783836648,102.9920165829059,0.01270205236571842,0.012570441935645535,1.0104698331806203,0.9804293539123151,0.9804293502665195,0.012453464994281703,0.01232443021952796,1.0000001385245711,1.0,1.0000001385245711
0.009638290236239704,102.75284158180128,0.012730760525314922,0.012598852639802515,1.01046983318907,0.9804706168884068,0.980470613271173,0.0124821366257141,0.012352804774260309,1.000000139508091,1.0,1.000000139508091
0.009660508789898131,102.5142166679344,0.012759534779986927,0.012627328754201049,1.0104698331974522,0.980511804583218,0.9805118009952278,0.012510874472767315,0.012381244858540497,1.0000001404985854,1.0,1.0000001404985854
0.009682778562612496,102.2761405761397,0.01278837528237673,0.012655870429901876,1.0104698332057658,0.9805529170663726,0.9805529135083164,0.012539678687674,0.012409750623024034,1.000000141496104,1.0,1.000000141496104
0.00970509967245489,102.03861204416168,0.01281728218547757,0.012684477818313038,1.0104698332140087,0.9805939544078621,0.9805939508804394,0.012568549423018896,0.01243832221871488,1.0000001425006964,1.0,1.0000001425006964
0.009727472237769652,101.80162981264733,0.012846255642634417,0.012713151071190674,1.0104698332221798,0.9806349166780424,0.9806349131819619,0.012597486831739634,0.012466959796966232,1.0000001435124128,1.0,1.0000001435124128
0.009749896377173868,101.56519262514078,0.012875295807544809,0.012741890340639836,1.0104698332302766,0.9806758039476299,0.9806758004836091,0.012626491067127554,0.012495663509481338,1.000000144531304,1.0,1.000000144531304
0.009772372209558103,101.32929922807546,0.012904402834259658,0.012770695779115281,1.0104698332382984,0.9807166162876979,0.9807166128564642,0.012655562282828511,0.012524433508314283,1.000000145557421,1.0,1.000000145557421
0.009794899854086993,101.09394837076795,0.012933576877184069,0.012799567539422293,1.010469833246243,0.9807573537696735,0.9807573503719637,0.012684700632843686,0.012553269945870802,1.0000001465908146,1.0,1.0000001465908146
0.009817479430199845,100.85913880541169,0.012962818091078153,0.012828505774717489,1.0104698332541089,0.980798016465334,0.9807980131018944,0.012713906271530401,0.012582172974909092,1.0000001476315366,1.0,1.0000001476315366
0.009840111057611338,100.62486928706956,0.012992126631057853,0.01285751063850963,1.010469833261894,0.9808386044468037,0.98083860111839,0.012743179353602939,0.012611142748540603,1.000000148679639,1.0,1.000000148679639
0.009862794856312102,100.39113857366797,0.013021502652595772,0.012886582284660438,1.0104698332695967,0.9808791177865498,0.9808791144939277,0.012772520034133358,0.012640179420230867,1.0000001497351743,1.0,1.0000001497351743
0.009885530946569385,100.15794542598988,0.013050946311521984,0.01291572086738541,1.010469833277215,0.9809195565573796,0.9809195533013247,0.012801928468552314,0.012669283143800295,1.0000001507981948,1.0,1.0000001507981948
0.009908319448927679,99.9252886076684,0.013080457764024877,0.012944926541254636,1.0104698332847477,0.9809599208324372,0.9809599176137349,0.01283140481264988,0.012698454073424998,1.0000001518687542,1.0,1.0000001518687542
0.009931160484209339,99.6931668851804,0.01311003716665197,0.01297419946119362,1.0104698332921924,0.9810002106851994,0.9810002075046456,0.012860949222576377,0.012727692363637601,1.0000001529469058,1.0,1.0000001529469058
0.009954054173515268,99.46157902783952,0.013139684676310746,0.013003539782484107,1.0104698332995472,0.9810404261894731,0.9810404230478735,0.012890561854843182,0.012756998169328062,1.000000154032703,1.0,1.000000154032703
0.009977000638225531,99.23052380779,0.013169400450269486,0.013032947660764889,1.0104698333068107,0.9810805674193921,0.9810805643175627,0.012920242866323586,0.012786371645744476,1.0000001551262008,1.0,1.0000001551262008
0.009999999999999995,99.00000000000006,0.013199184646158104,0.013062423252032659,1.0104698333139805,0.9811206344494128,0.9811206313881802,0.012949992414253587,0.012815812948493929,1.0000001562274532,1.0,1.0000001562274532
0.010023052380779,98.7700063822553,0.01322903742196898,0.01309196671264281,1.0104698333210549,0.9811606273543116,0.981160624334513,0.01297981065623275,0.012845322233543281,1.0000001573365156,1.0,1.0000001573365156
0.010046157902783952,98.54054173515269,0.0132589589360578,0.013121578199310284,1.010469833328032,0.9812005462091822,0.9812005432316651,0.01300969775022503,0.012874899657220024,1.000000158453443,1.0,1.000000158453443
0.010069316688518041,98.31160484209339,0.013288949347144398,0.013151257869110393,1.0104698333349096,0.9812403910894308,0.981240388155054,0.013039653854559605,0.01290454537621309,1.0000001595782917,1.0,1.0000001595782917
0.01009252886076685,98.08319448927669,0.013319008814313594,0.013181005879479657,1.0104698333416862,0.9812801620707746,0.9812801591804075,0.01306967912793172,0.012934259547573684,1.0000001607111175,1.0,1.0000001607111175
0.01011579454259898,97.85530946569394,0.013349137497016036,0.013210822388216636,1.010469833348359,0.9813198592292377,0.9813198563837605,0.013099773729403515,0.012964042328716117,1.0000001618519774,1.0,1.0000001618519774
0.010139113857366796,97.62794856312104,0.013379335555069056,0.013240707553482771,1.0104698333549267,0.9813594826411477,0.981359479841452,0.013129937818404882,0.012993893877418637,1.000000163000928,1.0,1.000000163000928
0.010162486928706957,97.40111057611337,0.013409603148657506,0.01327066153380322,1.0104698333613868,0.981399032383133,0.9813990296301217,0.01316017155473429,0.013023814351824262,1.000000164158027,1.0,1.000000164158027
0.010185913880541167,97.17479430199846,0.013439940438334613,0.0133006844880677,1.010469833367737,0.9814385085321196,0.9814385058267069,0.013190475098559643,0.01305380391044162,1.000000165323332,1.0,1.000000165323332
0.010209394837076806,96.94899854086982,0.013470347585022833,0.013330776575531326,1.0104698333739752,0.981477911165328,0.9814779085084393,0.01322084861041913,0.013083862712145782,1.0000001664969014,1.0,1.0000001664969014
0.010232929922807535,96.72372209558112,0.013500824750014701,0.013360937955815461,1.0104698333800999,0.9815172403602699,0.9815172377528424,0.01325129225122206,0.0131139909161791,1.0000001676787935,1.0,1.0000001676787935
0.010256519262514079,96.49896377173867,0.013531372094973688,0.013391168788908564,1.0104698333861082,0.9815564961947445,0.9815564936377276,0.013281806182249714,0.013144188682152065,1.0000001688690678,1.0,1.0000001688690678
0.010280162981264735,96.2747223776965,0.013561989781935057,0.01342146923516703,1.0104698333919981,0.9815956787468375,0.9815956762411916,0.013312390565156217,0.01317445617004413,1.0000001700677836,1.0,1.0000001700677836
0.010303861204416159,96.050996724549,0.013592677973306723,0.01345183945531605,1.0104698333977673,0.9816347880949154,0.9816347856416135,0.01334304556196937,0.013204793540204571,1.0000001712750008,1.0,1.0000001712750008
0.01032761405761398,95.82778562612486,0.013623436831870114,0.013482279610450459,1.0104698334034135,0.9816738243176246,0.9816738219176515,0.013373771335091518,0.013235200953353328,1.0000001724907797,1.0,1.0000001724907797
0.010351421666793433,95.6050878989814,0.01365426652078104,0.013512789862035588,1.0104698334089346,0.981712787493887,0.9817127851482397,0.013404568047300412,0.013265678570581854,1.000000173715181,1.0,1.000000173715181
0.010375284158180127,95.38290236239705,0.013685167203570547,0.013543370371908125,1.0104698334143278,0.9817516777028977,0.9817516754125857,0.013435435861750058,0.013296226553353975,1.0000001749482659,1.0,1.0000001749482659
0.01039920165829059,95.16122783836647,0.013716139044145797,0.013574021302276975,1.0104698334195912,0.9817904950241216,0.9817904927901671,0.013466374941971584,0.013326845063506737,1.0000001761900963,1.0,1.0000001761900963
0.010423174293933038,94.94006315159334,0.013747182206790928,0.013604742815724108,1.0104698334247224,0.9818292395372912,0.9818292373607287,0.013497385451874117,0.013357534263251253,1.0000001774407337,1.0,1.0000001774407337
0.010447202192208006,94.7194071294844,0.01377829685616793,0.01363553507520544,1.0104698334297189,0.9818679113224025,0.9818679092042795,0.01352846755574563,0.013388294315173582,1.000000178700241,1.0,1.000000178700241
0.010471285480508989,94.49925860214366,0.013809483157317516,0.013666398244051683,1.010469833434578,0.981906510459713,0.9819065084010901,0.013559621418253821,0.013419125382235577,1.0000001799686813,1.0,1.0000001799686813
0.010495424286523223,94.27961640236518,0.013840741275659998,0.013697332485969218,1.0104698334392979,0.9819450370297387,0.9819450350316891,0.01359084720444699,0.013450027627775736,1.0000001812461177,1.0,1.0000001812461177
0.010519618738232228,94.06047936562815,0.013872071376996167,0.01372833796504096,1.010469833443875,0.9819834911132507,0.9819834891768611,0.013622145079754894,0.013481001215510092,1.000000182532614,1.0,1.000000182532614
0.010543868963912585,93.84184633008975,0.013903473627508166,0.01375941484572723,1.0104698334483078,0.9820218727912728,0.9820218709176431,0.013653515209989642,0.01351204630953305,1.0000001838282344,1.0,1.0000001838282344
0.010568175092136589,93.62371613657926,0.013934948193760382,0.013790563292866627,1.0104698334525928,0.9820601821450782,0.9820601803353219,0.01368495776134655,0.01354316307431827,1.0000001851330442,1.0,1.0000001851330442
0.010592537251772881,93.4060876285924,0.013966495242700315,0.0138217834716769,1.0104698334567281,0.9820984192561873,0.9820984175114313,0.01371647290040504,0.01357435167471954,1.000000186447108,1.0,1.000000186447108
0.010616955571987247,93.18895965228414,0.01399811494165948,0.013853075547755828,1.0104698334607112,0.9821365842063644,0.9821365825277496,0.013748060794129513,0.013605612275971641,1.0000001877704918,1.0,1.0000001877704918
0.010641430182243158,92.9723310564638,0.014029807458354278,0.013884439687082098,1.0104698334645386,0.9821746770776147,0.9821746754662959,0.013779721609870224,0.013636945043691218,1.0000001891032617,1.0,1.0000001891032617
0.010665961212302575,92.75620069258805,0.014061572960886897,0.01391587605601618,1.0104698334682083,0.9822126979521822,0.982212696409328,0.013811455515364175,0.013668350143877657,1.0000001904454843,1.0,1.0000001904454843
0.010690548792226582,92.54056741475516,0.014093411617746202,0.013947384821301222,1.0104698334717173,0.9822506469125463,0.9822506454393396,0.013843262678736002,0.013699827742913973,1.0000001917972265,1.0,1.0000001917972265
0.010715193052376067,92.32543007969909,0.014125323597808622,0.013978966150063913,1.0104698334750628,0.9822885240414194,0.9822885226390576,0.013875143268498863,0.013731378007567676,1.0000001931585563,1.0,1.0000001931585563
0.010739894123412447,92.11078754678304,0.014157309070339052,0.014010620209815392,1.010469833478242,0.9823263294217441,0.982326328091439,0.013907097453555325,0.013763001104991662,1.0000001945295414,1.0,1.0000001945295414
0.010764652136298347,91.89663867799365,0.014189368204991748,0.014042347168452122,1.010469833481252,0.9823640631366902,0.9823640618796684,0.013939125403198258,0.013794697202725087,1.0000001959102502,1.0,1.0000001959102502
0.010789467222298283,91.68298233793497,0.014221501171811228,0.014074147194256781,1.0104698334840905,0.9824017252696526,0.9824017240871554,0.013971227287111736,0.013826466468694263,1.000000197300752,1.0,1.000000197300752
0.010814339512979384,91.46981739382223,0.014253708141233175,0.01410602045589917,1.0104698334867537,0.9824393159042478,0.9824393147975314,0.014003403275371928,0.013858309071213543,1.0000001987011162,1.0,1.0000001987011162
0.010839269140212037,91.2571427154763,0.014285989284085338,0.01413796712243708,1.0104698334892392,0.982476835124312,0.982476834094648,0.014035653538447998,0.013890225178986205,1.000000200111413,1.0,1.000000200111413
0.010864256236170653,91.04495717531714,0.014318344771588436,0.01416998736331722,1.010469833491544,0.9825142830138981,0.9825142820625731,0.014067978247203008,0.013922214961105352,1.0000002015317127,1.0,1.0000002015317127
0.010889300933334331,90.83325964835812,0.014350774775357072,0.014202081348376087,1.0104698334936653,0.982551659657273,0.982551658785589,0.014100377572894821,0.0139542785870548,1.000000202962086,1.0,1.000000202962086
0.01091440336448756,90.62204901220002,0.014383279467400638,0.014234249247840884,1.0104698334955993,0.9825889651389149,0.9825889643481899,0.014132851687176996,0.013986416226709975,1.000000204402605,1.0,1.000000204402605
0.010939563662720942,90.411324147025,0.014415859020124237,0.014266491232330425,1.0104698334973437,0.9826261995435109,0.9826261988350784,0.01416540076209972,0.014018628050338818,1.0000002058533415,1.0,1.0000002058533415
0.01096478196143185,90.20108393559097,0.01444851360632958,0.014298807472856024,1.0104698334988949,0.9826633629559547,0.982663362331164,0.014198024970110693,0.014050914228602674,1.0000002073143677,1.0,1.0000002073143677
0.010990058394325208,89.99132726322517,0.014481243399215915,0.014331198140822413,1.01046983350025,0.9827004554613433,0.9827004549215602,0.01423072448405605,0.014083274932557203,1.000000208785757,1.0,1.000000208785757
0.011015393095414156,89.78205301781853,0.014514048572380946,0.014363663408028653,1.0104698335014057,0.9827374771449747,0.9827374766915813,0.014263499477181273,0.014115710333653277,1.000000210267583,1.0,1.000000210267583
0.011040786199020726,89.57326008982005,0.014546929299821746,0.014396203446669038,1.0104698335023587,0.9827744280923463,0.9827744277267405,0.014296350123132111,0.014148220603737893,1.0000002117599194,1.0,1.0000002117599194
0.011066237839776666,89.36494737223012,0.014579885755935685,0.014428818429334012,1.010469833503106,0.9828113083891503,0.9828113081127474,0.014329276595955487,0.014180805915055078,1.000000213262841,1.0,1.000000213262841
0.011091748152624011,89.15711376059569,0.014612918115521354,0.014461508529011086,1.0104698335036435,0.9828481181212735,0.9828481179355051,0.01436227907010043,0.0142134664402468,1.000000214776423,1.0,1.000000214776423
0.01111731727281591,88.94975815300354,0.014646026553779494,0.014494273919085745,1.010469833503969,0.9828848573747931,0.9828848572811083,0.014395357720418991,0.014246202352353883,1.0000002163007413,1.0,1.0000002163007413
0.011142945335917306,88.7428794500748,0.014679211246313916,0.014527114773342384,1.0104698335040785,0.9829215262359754,0.9829215262358396,0.014428512722167169,0.01427901382481691,1.0000002178358716,1.0,1.0000002178358716
0.011168632477805605,88.53647655495942,0.014712472369132448,0.014560031265965218,1.0104698335039684,0.9829581247912722,0.982958124886169,0.014461744251005836,0.014311901031477163,1.000000219381891,1.0,1.000000219381891
0.011194378834671517,88.3305483733295,0.01474581009864785,0.014593023571539207,1.0104698335036355,0.9829946531273193,0.9829946533187494,0.014495052483001664,0.01434486414657752,1.0000002209388767,1.0,1.0000002209388767
0.011220184543019634,88.12509381337456,0.014779224611678765,0.014626091865050983,1.0104698335030764,0.9830311113309337,0.9830311116204156,0.014528437594628064,0.014377903344763385,1.0000002225069065,1.0,1.0000002225069065
0.011246049739669263,87.92011178579486,0.014812716085450647,0.01465923632188978,1.0104698335022873,0.9830674994891111,0.9830674998781811,0.014561899762766102,0.014411018801083609,1.000000224086059,1.0,1.000000224086059
0.01127197456175511,87.71560120379604,0.014846284697596702,0.01469245711784836,1.0104698335012645,0.9831038176890238,0.9831038181792363,0.014595439164705452,0.014444210690991421,1.000000225676413,1.0,1.000000225676413
0.011297959146727972,87.5115609830836,0.014879930626158841,0.014725754429123954,1.0104698335000049,0.9831400660180175,0.9831400666109454,0.014629055978145324,0.014477479190345349,1.000000227278048,1.0,1.000000227278048
0.011324003632355572,87.30799004185627,0.014913654049588604,0.014759128432319182,1.0104698334985043,0.9831762445636103,0.9831762452608447,0.014662750381195402,0.01451082447541015,1.000000228891044,1.0,1.000000228891044
0.01135010815672315,87.10488730080142,0.014947455146748122,0.014792579304442999,1.0104698334967592,0.983212353413489,0.9832123542166397,0.01469652255237679,0.014544246722857743,1.0000002305154818,1.0,1.0000002305154818
0.011376272858234306,86.90225168308845,0.014981334096911063,0.014826107222911637,1.0104698334947655,0.9832483926555076,0.983248393566203,0.014730372670622953,0.014577746109768145,1.0000002321514427,1.0,1.0000002321514427
0.011402497875611692,86.70008211436344,0.015015291079763574,0.01485971236554953,1.01046983349252,0.9832843623776844,0.9832843633975722,0.014764300915280658,0.014611322813630402,1.0000002337990084,1.0,1.0000002337990084
0.01142878334789771,86.49837752274365,0.015049326275405246,0.01489339491059028,1.0104698334900184,0.9833202626682002,0.9833202637989474,0.014798307466110933,0.014644977012343534,1.0000002354582613,1.0,1.0000002354582613
0.011455129414455357,86.29713683881116,0.015083439864350059,0.014927155036677577,1.0104698334872568,0.9833560936153957,0.9833560948586886,0.014832392503290008,0.014678708884217467,1.0000002371292844,1.0,1.0000002371292844
0.011481536214968826,86.09635899560807,0.015117632027527347,0.01496099292286617,1.0104698334842317,0.9833918553077691,0.9833918566653137,0.014866556207410269,0.014712518607973981,1.0000002388121614,1.0,1.0000002388121614
0.011508003889444354,85.89604292863021,0.015151902946282747,0.014994908748622802,1.0104698334809383,0.9834275478339742,0.9834275493074961,0.01490079875948121,0.014746406362747655,1.0000002405069761,1.0,1.0000002405069761
0.011534532578210927,85.69618757582163,0.015186252802379173,0.015028902693827157,1.0104698334773732,0.9834631712828181,0.983463172874063,0.014935120340930405,0.01478037232808681,1.0000002422138135,1.0,1.0000002422138135
0.01156112242192098,85.49679187756938,0.015220681777997772,0.015062974938772834,1.010469833473532,0.9834987257432584,0.9834987274539924,0.014969521133604441,0.014814416683954461,1.0000002439327589,1.0,1.0000002439327589
0.011587773561551261,85.29785477669702,0.015255190055738891,0.015097125664168277,1.010469833469411,0.9835342113044011,0.9835342131364112,0.015004001319769892,0.014848539610729267,1.0000002456638983,1.0,1.0000002456638983
0.011614486138403426,85.09937521846007,0.015289777818623044,0.015131355051137758,1.0104698334650057,0.9835696280554995,0.9835696300105926,0.015038561082114293,0.014882741289206476,1.0000002474073184,1.0,1.0000002474073184
0.01164126029410491,84.9013521505396,0.015324445250091889,0.015165663281222323,1.010469833460312,0.9836049760859505,0.9836049781659548,0.01507320060374709,0.014917021900598905,1.0000002491631061,1.0,1.0000002491631061
0.01166809617060963,84.70378452303693,0.015359192534009187,0.015200050536380752,1.0104698334553253,0.9836402554852933,0.983640257692058,0.015107920068200605,0.014951381626537866,1.0000002509313495,1.0,1.0000002509313495
0.011694993910198712,84.50667128846831,0.015394019854661796,0.015234516998990538,1.0104698334500415,0.9836754663432069,0.9836754686786022,0.015142719659431028,0.01498582064907415,1.000000252712137,1.0,1.000000252712137
0.011721953655481305,84.31001140175894,0.015428927396760633,0.015269062851848838,1.0104698334444564,0.9837106087495077,0.983710611215426,0.015177599561819358,0.015020339150678977,1.0000002545055575,1.0,1.0000002545055575
0.011748975549395293,84.11380382023766,0.015463915345441658,0.015303688278173456,1.0104698334385653,0.983745682794148,0.9837456853925031,0.015212559960172406,0.01505493731424496,1.0000002563117008,1.0,1.0000002563117008
0.011776059735208068,83.91804750363143,0.01549898388626685,0.015338393461603803,1.0104698334323636,0.9837806885672136,0.9837806912999412,0.01524760103972375,0.015089615323087087,1.0000002581306573,1.0,1.0000002581306573
0.0118032063565173,83.72274141405961,0.015534133205225209,0.015373178586201871,1.0104698334258473,0.9838156261589213,0.9838156290279795,0.01528272298613473,0.015124373360943659,1.0000002599625177,1.0,1.0000002599625177
0.01183041555725165,83.52788451602898,0.015569363488733718,0.015408043836453228,1.0104698334190114,0.9838504956596171,0.9838504986669864,0.015317925985495414,0.015159211611977294,1.0000002618073742,1.0,1.0000002618073742
0.0118576874816716,83.33347577642753,0.015604674923638349,0.015442989397267968,1.0104698334118514,0.9838852971597744,0.9838853003074578,0.015353210224325595,0.01519413026077588,1.0000002636653185,1.0,1.0000002636653185
0.011885022274370181,83.13951416451953,0.015640067697215043,0.01547801545398171,1.0104698334043622,0.9839200307499912,0.9839200340400147,0.01538857588957577,0.015229129492353556,1.000000265536444,1.0,1.000000265536444
0.011912420080273742,82.94599865193979,0.015675541997170712,0.015513122192356574,1.0104698333965398,0.9839546965209887,0.9839546999554016,0.01542402316862812,0.015264209492151695,1.000000267420844,1.0,1.000000267420844
0.011939881044642735,82.75292821268823,0.015711098011644227,0.015548309798582169,1.010469833388379,0.9839892945636088,0.9839892981444838,0.01545955224929752,0.015299370446039868,1.0000002693186127,1.0,1.0000002693186127
0.011967405313072436,82.56030182312479,0.015746735929207417,0.01558357845927658,1.0104698333798752,0.9840238249688126,0.9840238286982457,0.015495163319832512,0.015334612540316848,1.0000002712298453,1.0,1.0000002712298453
0.011994993031493787,82.36811846196343,0.01578245593886607,0.01561892836148735,1.0104698333710231,0.9840582878276775,0.9840582917077886,0.015530856568916304,0.015369935961711571,1.0000002731546374,1.0,1.0000002731546374
0.012022644346174135,82.17637711026705,0.015818258230060934,0.015654359692692486,1.0104698333618178,0.9840926832313958,0.9840926872643291,0.015566632185667773,0.015405340897384146,1.000000275093085,1.0,1.000000275093085
0.012050359403717969,81.98507675144229,0.015854142992668727,0.015689872640801437,1.0104698333522546,0.9841270112712727,0.9841270154591967,0.015602490359642465,0.015440827534926822,1.0000002770452854,1.0,1.0000002770452854
0.012078138351067804,81.7942163712334,0.015890110417003132,0.0157254673941561,1.0104698333423283,0.9841612720387243,0.9841612763838319,0.015638431280833587,0.015476396062364998,1.000000279011336,1.0,1.000000279011336
0.012105981335504824,81.60379495771787,0.015926160693815812,0.015761144141531815,1.0104698333320337,0.9841954656252753,0.9841954701297846,0.01567445513967301,0.015512046668158206,1.0000002809913355,1.0,1.0000002809913355
0.01213388850464977,81.41381150130023,0.015962294014297423,0.01579690307213837,1.0104698333213653,0.9842295921225572,0.9842295967887114,0.01571056212703229,0.015547779541201102,1.0000002829853827,1.0,1.0000002829853827
0.012161860006463687,81.22426499470707,0.015998510570078634,0.015832744375621,1.0104698333103186,0.9842636516223069,0.9842636564523739,0.01574675243422367,0.015583594870824481,1.0000002849935776,1.0,1.0000002849935776
0.012189895989248658,81.03515443298187,0.01603481055323112,0.01586866824206139,1.0104698332988873,0.9842976442163631,0.9842976492126374,0.01578302625300107,0.015619492846796262,1.0000002870160203,1.0,1.0000002870160203
0.012217996601648719,80.84647881347898,0.016071194156268613,0.01590467486197869,1.010469833287067,0.9843315699966666,0.984331575161468,0.01581938377556114,0.01565547365932249,1.0000002890528124,1.0,1.0000002890528124
0.012246161992650486,80.65823713585925,0.016107661572147887,0.015940764426330523,1.0104698332748514,0.9843654290552569,0.9843654343909313,0.01585582519454423,0.01569153749904835,1.0000002911040555,1.0,1.0000002911040555
0.01227439231158407,80.47042840208398,0.016144212994269814,0.015976937126513983,1.0104698332622362,0.9843992214842705,0.9843992269931906,0.01589235070303545,0.015727684557059172,1.0000002931698524,1.0,1.0000002931698524
0.012302687708123821,80.28305161640988,0.01618084861648036,0.016013193154366678,1.0104698332492146,0.9844329473759394,0.9844329530605044,0.015928960494565655,0.01576391502488144,1.0000002952503064,1.0,1.0000002952503064
0.012331048332289084,80.09610578538413,0.016217568633071642,0.016049532702167718,1.010469833235782,0.9844666068225891,0.9844666126852251,0.015965654763112493,0.0158002290944838,1.0000002973455218,1.0,1.0000002973455218
0.012359474334445106,79.90958991783822,0.016254373238782927,0.01608595596263876,1.0104698332219317,0.9845001999166363,0.9845002059597966,0.016002433703101414,0.015836626958278078,1.0000002994556032,1.0,1.0000002994556032
0.01238796586530369,79.72350302488383,0.01629126262880169,0.016122463128945004,1.010469833207659,0.9845337267505879,0.9845337329767533,0.016039297509406705,0.015873108809120292,1.0000003015806562,1.0,1.0000003015806562
0.012416523075924108,79.53784411990668,0.016328236998764626,0.016159054394696237,1.0104698331929571,0.9845671874170381,0.9845671938287173,0.016076246377352506,0.015909674840311677,1.0000003037207872,1.0,1.0000003037207872
0.012445146117713857,79.35261221856169,0.01636529654475872,0.01619572995394785,1.0104698331778208,0.9846005820086672,0.9846005886083968,0.016113280502713864,0.015946325245599698,1.0000003058761036,1.0,1.0000003058761036
0.012473835142429422,79.16780633876796,0.01640244146332225,0.016232490001201867,1.0104698331622444,0.9846339106182399,0.9846339174085853,0.016150400081717753,0.015983060219179085,1.0000003080467128,1.0,1.0000003080467128
0.012502590302177203,78.98342550070284,0.01643967195144584,0.016269334731407986,1.0104698331462207,0.9846671733386031,0.9846671803221578,0.016187605311044094,0.016019879955692852,1.0000003102327235,1.0,1.0000003102327235
0.012531411749414158,78.79946872679767,0.01647698820657353,0.016306264339964592,1.0104698331297448,0.9847003702626844,0.9847003774420711,0.01622489638782684,0.016056784650233316,1.0000003124342454,1.0,1.0000003124342454
0.012560299636948744,78.6159350417319,0.016514390426603787,0.016343279022719818,1.0104698331128104,0.9847335014834897,0.9847335088613605,0.016262273509654968,0.016093774498343153,1.0000003146513885,1.0,1.0000003146513885
0.012589254117941677,78.43282347242813,0.016551878809890563,0.016380378975972554,1.010469833095411,0.9847665670941026,0.9847665746731388,0.01629973687457355,0.01613084969601639,1.0000003168842637,1.0,1.0000003168842637
0.012618275345906697,78.25013304804723,0.016589453555244365,0.01641756439647352,1.0104698330775401,0.9847995671876814,0.9847995749705942,0.016337286681084792,0.01616801043969948,1.000000319132983,1.0,1.000000319132983
0.012647363474711513,78.0678627999825,0.016627114861933284,0.016454835481426282,1.010469833059192,0.9848325018574583,0.984832509846989,0.016374923128149085,0.016205256926292332,1.0000003213976585,1.0,1.0000003213976585
0.012676518658578453,77.88601176185546,0.016664862929684072,0.016492192428488314,1.0104698330403599,0.9848653711967368,0.9848653793956573,0.01641264641518604,0.01624258935314933,1.000000323678404,1.0,1.000000323678404
0.012705741052085412,77.7045789695099,0.016702697958683184,0.016529635435772034,1.010469833021037,0.9848981752988907,0.9848981837100035,0.016450456742075573,0.01628000791808039,1.0000003259753334,1.0,1.0000003259753334
0.012735030810166621,77.52356346100716,0.01674062014957785,0.01656716470184586,1.0104698330012174,0.984930914257362,0.9849309228835006,0.016488354309158928,0.016317512819352,1.000000328288562,1.0,1.000000328288562
0.01276438808811344,77.34296427662117,0.016778629703477137,0.016604780425735273,1.0104698329808939,0.9849635881656591,0.9849635970096886,0.01652633931723975,0.016355104255688282,1.000000330618205,1.0,1.000000330618205
0.012793813041575246,77.16278045883297,0.016816726821953013,0.016642482806923847,1.01046983296006,0.9849961971173554,0.9849962061821725,0.01656441196758515,0.016392782426272023,1.0000003329643796,1.0,1.0000003329643796
0.012823305826560213,76.98301105232589,0.01685491170704141,0.016680272045354324,1.0104698329387096,0.985028741206088,0.9850287504946212,0.016602572461926757,0.01643054753074573,1.0000003353272031,1.0,1.0000003353272031
0.01285286659943615,76.80365510398043,0.0168931845612433,0.016718148341429675,1.0104698329168347,0.9850612205255547,0.9850612300407648,0.01664082100246178,0.016468399769212688,1.0000003377067936,1.0,1.0000003377067936
0.012882495516931344,76.62471166286915,0.016931545587525777,0.01675611189601415,1.0104698328944295,0.9850936351695132,0.9850936449143943,0.0166791577918541,0.01650633934223802,1.0000003401032702,1.0,1.0000003401032702
0.012912192736135343,76.44617978025187,0.01696999498932311,0.016794162910434358,1.0104698328714858,0.9851259852317801,0.9851259952093585,0.0167175830332353,0.016544366450849744,1.0000003425167532,1.0,1.0000003425167532
0.01294195841449986,76.26805850957024,0.017008532970537855,0.016832301586480324,1.0104698328479975,0.985158270806228,0.9851582810195635,0.01675609693020579,0.016582481296539827,1.0000003449473631,1.0,1.0000003449473631
0.012971792709839556,76.09034690644302,0.017047159735541897,0.016870528126406558,1.010469832823957,0.9851904919867843,0.9851905024389707,0.01679469968683582,0.016620684081265262,1.0000003473952217,1.0,1.0000003473952217
0.013001695780332898,75.91304402866099,0.01708587548917756,0.016908842732933128,1.010469832799357,0.9852226488674303,0.9852226595615948,0.016833391507666617,0.01665897500744912,1.0000003498604517,1.0,1.0000003498604517
0.013031667784522997,75.73614893618188,0.017124680436758685,0.01694724560924674,1.0104698327741903,0.9852547415421982,0.985254752481503,0.016872172597711416,0.016697354277981635,1.0000003523431762,1.0,1.0000003523431762
0.013061708881318416,75.55966069112563,0.017163574784071718,0.01698573695900181,1.0104698327484496,0.9852867701051707,0.9852867812928121,0.016911043162456577,0.01673582209622125,1.0000003548435197,1.0,1.0000003548435197
0.013091819229994068,75.38357835776908,0.017202558737376805,0.017024316986321546,1.0104698327221273,0.9853187346504793,0.9853187460896887,0.01695000340786266,0.016774378665995734,1.0000003573616074,1.0,1.0000003573616074
0.013121998990192039,75.20790100254116,0.017241632503408866,0.01706298589579902,1.010469832695216,0.9853506352723015,0.9853506469663461,0.01698905354036549,0.016813024191603205,1.0000003598975655,1.0,1.0000003598975655
0.013152248321922376,75.03262769401823,0.017280796289378723,0.01710174389249827,1.010469832667708,0.9853824720648611,0.9853824840170434,0.017028193766877284,0.016851758877813247,1.0000003624515206,1.0,1.0000003624515206
0.013182567385564073,74.85775750291836,0.017320050302974167,0.017140591181955368,1.0104698326395956,0.985414245122425,0.9854142573360838,0.017067424294787716,0.016890582929867975,1.000000365023601,1.0,1.000000365023601
0.013212956341865752,74.68328950209744,0.01735939475236108,0.01717952797017953,1.0104698326108705,0.9854459545393027,0.985445967017813,0.017106745331965028,0.016929496553483133,1.0000003676139353,1.0,1.0000003676139353
0.013243415351946643,74.50922276654342,0.01739882984618453,0.01721855446365419,1.0104698325815258,0.9854776004098441,0.985477613156618,0.017146157086757107,0.01696849995484916,1.000000370222653,1.0,1.000000370222653
0.013273944577297402,74.3355563733717,0.017438355793569872,0.017257670869338097,1.0104698325515524,0.9855091828284384,0.9855091958469249,0.01718565976799261,0.017007593340632288,1.0000003728498852,1.0,1.0000003728498852
0.013304544179780903,74.16228940182059,0.017477972804123863,0.017296877394666423,1.010469832520943,0.9855407018895123,0.9855407151831982,0.017225253584982038,0.01704677691797564,1.000000375495763,1.0,1.000000375495763
0.013335214321633242,73.98942093324557,0.017517681087935777,0.01733617424755185,1.010469832489689,0.9855721576875286,0.9855721712599386,0.017264938747518877,0.01708605089450031,1.0000003781604192,1.0,1.0000003781604192
0.013365955165464422,73.81695005111543,0.017557480855578504,0.01737556163638567,1.0104698324577825,0.985603550316985,0.9856035641716819,0.01730471546588067,0.01712541547830646,1.000000380843987,1.0,1.000000380843987
0.013396766874259348,73.64487584100667,0.017597372318109678,0.017415039770038918,1.0104698324252148,0.9856348798724119,0.9856348940129974,0.01734458395083014,0.017164870877974445,1.0000003835466011,1.0,1.0000003835466011
0.013427649611378645,73.47319739059887,0.017637355687072795,0.01745460885786343,1.010469832391978,0.9856661464483718,0.9856661608784867,0.017384544413616317,0.017204417302565875,1.0000003862683966,1.0,1.0000003862683966
0.013458603540559475,73.30191378967018,0.017677431174498326,0.017494269109692994,1.0104698323580634,0.985697350139457,0.9856973648627813,0.017424597065975628,0.01724405496162474,1.00000038900951,1.0,1.00000038900951
0.013489628825916537,73.13102413009175,0.017717598992904843,0.01753402073584445,1.0104698323234618,0.9857284910402886,0.9857285060605422,0.017464742120133027,0.01728378406517852,1.0000003917700784,1.0,1.0000003917700784
0.013520725631942771,72.96052750582378,0.017757859355300158,0.01757386394711879,1.0104698322881651,0.9857595692455148,0.9857595845664582,0.01750497978880312,0.017323604823739278,1.0000003945502403,1.0,1.0000003945502403
0.013551894123510357,72.79042301291011,0.017798212475182432,0.0176137989548023,1.0104698322521646,0.98579058484981,0.9857906004752439,0.017545310285191275,0.017363517448304784,1.0000003973501346,1.0,1.0000003973501346
0.013583134465871546,72.62070974947358,0.017838658566541318,0.017653825970667655,1.010469832215451,0.9858215379478726,0.9858215538816391,0.017585733822994755,0.01740352215035962,1.0000004001699019,1.0,1.0000004001699019
0.01361444682465949,72.45138681571154,0.017879197843859097,0.01769394520697506,1.0104698321780157,0.985852428634424,0.9858524448804065,0.017626250616403848,0.017443619141876313,1.0000004030096832,1.0,1.0000004030096832
0.013645831365889247,72.2824533138904,0.0179198305221118,0.017734156876473367,1.0104698321398493,0.9858832570042072,0.9858832735663312,0.017666860880102983,0.017483808635316428,1.0000004058696208,1.0,1.0000004058696208
0.01367728825595849,72.11390834834175,0.017960556816770366,0.017774461192401197,1.010469832100943,0.9859140231519854,0.9859140400342185,0.017707564829271886,0.017524090843631695,1.000000408749858,1.0,1.000000408749858
0.013708817661648533,71.94575102545689,0.01800137694380177,0.01781485836848809,1.0104698320612868,0.9859447271725403,0.9859447443788929,0.017748362679586693,0.017564465980265172,1.000000411650539,1.0,1.000000411650539
0.013740419750125157,71.77798045368237,0.018042291119670175,0.017855348618955602,1.010469832020872,0.9859753691606713,0.9859753866951968,0.017789254647221104,0.0176049342591523,1.0000004145718093,1.0,1.0000004145718093
0.013772094688939456,71.61059574351552,0.018083299561338077,0.017895932158518483,1.0104698319796885,0.9860059492111932,0.9860059670779888,0.017830240948847505,0.017645495894722096,1.0000004175138149,1.0,1.0000004175138149
0.013803842646028849,71.44359600749901,0.018124402486267455,0.017936609202385777,1.0104698319377277,0.9860364674189361,0.9860364856221427,0.017871321801638144,0.017686151101898258,1.0000004204767035,1.0,1.0000004204767035
0.013835663789717807,71.27698036021704,0.018165600112420913,0.01797737996626199,1.010469831894979,0.9860669238787427,0.986066942422546,0.017912497423266234,0.01772690009610029,1.0000004234606235,1.0,1.0000004234606235
0.013867558288718879,71.11074791828999,0.018206892658262856,0.018018244666348212,1.010469831851433,0.9860973186854679,0.9860973375740981,0.017953768031907135,0.017767743093244664,1.000000426465724,1.0,1.000000426465724
0.013899526312133537,70.94489780036993,0.018248280342760628,0.018059203519343283,1.0104698318070797,0.9861276519339769,0.9861276711717097,0.017995133846239485,0.017808680309745938,1.000000429492156,1.0,1.000000429492156
0.013931568029453034,70.77942912713615,0.018289763385385682,0.018100256742444924,1.010469831761909,0.9861579237191441,0.9861579433103014,0.018036595085446368,0.017849711962517903,1.000000432540071,1.0,1.000000432540071
0.013963683610559375,70.6143410212902,0.01833134200611474,0.018141404553350896,1.0104698317159109,0.9861881341358524,0.9861881540848015,0.018078151969216468,0.017890838268974734,1.0000004356096217,1.0,1.0000004356096217
0.013995873225726178,70.44963260755135,0.01837301642543096,0.01818264717026015,1.0104698316690752,0.9862182832789903,0.986218303590146,0.018119804717745214,0.017932059447032134,1.0000004387009618,1.0,1.0000004387009618
0.014028137045619575,70.28530301265198,0.018414786864325104,0.018223984811873983,1.0104698316213916,0.9862483712434522,0.986248391921276,0.018161553551735952,0.017973375715108472,1.0000004418142463,1.0,1.0000004418142463
0.014060475241299143,70.12135136533288,0.018456653544296705,0.018265417697397205,1.0104698315728498,0.9862783981241362,0.9862784191731373,0.018203398692401115,0.01801478729212596,1.0000004449496311,1.0,1.0000004449496311
0.014092887984218748,69.95777679633888,0.018498616687355245,0.01830694604653929,1.010469831523439,0.9863083640159431,0.9863083854406787,0.018245340361463375,0.018056294397511784,1.0000004481072733,1.0,1.0000004481072733
0.014125375446227542,69.7945784384138,0.018540676516021332,0.01834857007951555,1.0104698314731486,0.9863382690137751,0.9863382908188512,0.01828737878115683,0.01809789725119928,1.0000004512873313,1.0,1.0000004512873313
0.014157937799570811,69.63175542629622,0.018582833253327876,0.018390290017048283,1.0104698314219678,0.9863681132125343,0.9863681354026058,0.018329514174228158,0.018139596073629072,1.0000004544899643,1.0,1.0000004544899643
0.014190575216890915,69.46930689671473,0.018625087122821272,0.018432106080367966,1.010469831369886,0.986397896707122,0.9863979192868934,0.018371746763937807,0.018181391085750256,1.0000004577153327,1.0,1.0000004577153327
0.014223287871228202,69.30723198838332,0.01866743834856258,0.01847401849121442,1.010469831316892,0.9864276195924367,0.9864276425666624,0.018414076774061153,0.018223282509021572,1.0000004609635984,1.0,1.0000004609635984
0.014256075936021883,69.14552984199712,0.018709887155128717,0.018516027471837972,1.0104698312629745,0.9864572819633735,0.9864573053368584,0.018456504428889707,0.01826527056541253,1.000000464234924,1.0,1.000000464234924
0.014288939585111026,68.98419960022736,0.018752433767613645,0.018558133245000646,1.0104698312081224,0.9864868839148224,0.9864869076924225,0.018499029953232278,0.01830735547740463,1.0000004675294734,1.0,1.0000004675294734
0.014321878992735442,68.8232404077171,0.018795078411629574,0.018600336033977337,1.0104698311523244,0.9865164255416673,0.9865164497282901,0.018541653572416165,0.018349537467992505,1.0000004708474117,1.0,1.0000004708474117
0.014354894333536553,68.66265141107691,0.018837821313308134,0.018642636062557002,1.0104698310955689,0.9865459069387847,0.9865459315393897,0.018584375512288344,0.018391816760685117,1.0000004741889055,1.0,1.0000004741889055
0.014387985782558456,68.50243175887967,0.018880662699301592,0.018685033555043834,1.0104698310378442,0.9865753282010429,0.986575353220642,0.018627195999216657,0.01843419357950692,1.0000004775541218,1.0,1.0000004775541218
0.014421153515248687,68.34258060165692,0.01892360279678405,0.018727528736258454,1.0104698309791391,0.9866046894232996,0.9866047148669581,0.018670115260091012,0.018476668148999037,1.0000004809432295,1.0,1.0000004809432295
0.014454397707459272,68.18309709189366,0.01896664183345264,0.01877012183153911,1.0104698309194413,0.9866339907004021,0.9866340165732387,0.01871313352232457,0.018519240694220465,1.0000004843563983,1.0,1.0000004843563983
0.014487718535447624,68.02398038402416,0.019009780037528734,0.018812813066742862,1.010469830858739,0.9866632321271854,0.9866632584343725,0.01875625101385495,0.018561911440749253,1.0000004877937998,1.0,1.0000004877937998
0.014521116175877414,67.86522963442765,0.019053017637759163,0.018855602668246783,1.01046983079702,0.9866924137984712,0.9866924405452363,0.018799467963145435,0.018604680614683688,1.0000004912556055,1.0,1.0000004912556055
0.014554590805819662,67.7068440014232,0.019096354863417417,0.018898490862949157,1.0104698307342719,0.9867215358090662,0.9867215630006918,0.018842784599186164,0.018647548442643484,1.0000004947419896,1.0,1.0000004947419896
0.014588142602753483,67.54882264526616,0.01913979194430486,0.018941477878270677,1.0104698306704825,0.986750598253762,0.9867506258955863,0.018886201151495356,0.018690515151770993,1.0000004982531265,1.0,1.0000004982531265
0.01462177174456718,67.39116472814294,0.019183329110751955,0.018984563942155655,1.0104698306056394,0.9867796012273328,0.9867796293247503,0.018929717850120497,0.018733580969732377,1.0000005017891922,1.0,1.0000005017891922
0.014655478409559122,67.23386941416693,0.019226966593619475,0.019027749283073228,1.01046983053973,0.986808544824535,0.9868085733829969,0.01897333492563958,0.018776746124718833,1.0000005053503642,1.0,1.0000005053503642
0.01468926277643866,67.07693586937418,0.019270704624299733,0.01907103413001857,1.0104698304727415,0.9868374291401057,0.9868374581651208,0.019017052609162297,0.01882001084544779,1.0000005089368207,1.0,1.0000005089368207
0.01472312502432719,66.92036326171845,0.019314543434717803,0.019114418712514097,1.0104698304046613,0.9868662542687618,0.9868662837658968,0.019060871132331264,0.018863375361164104,1.0000005125487417,1.0,1.0000005125487417
0.014757065332758943,66.76415076106751,0.019358483257332755,0.019157903260610704,1.0104698303354758,0.9868950203051988,0.9868950502800785,0.01910479072732326,0.01890683990164128,1.0000005161863084,1.0,1.0000005161863084
0.01479108388168207,66.6082975391982,0.01940252432513888,0.019201488004888953,1.010469830265172,0.9869237273440894,0.986923757802398,0.019148811626850424,0.018950404697182677,1.0000005198497026,1.0,1.0000005198497026
0.014825180851459542,66.45280276979217,0.019446666871666917,0.019245173176460312,1.0104698301937372,0.9869523754800829,0.9869524064275641,0.019192934064161494,0.018994069978622713,1.0000005235391087,1.0,1.0000005235391087
0.014859356422870059,66.29766562843182,0.019490911130985316,0.019288959006968392,1.0104698301211572,0.9869809648078032,0.9869809962502611,0.019237158273043037,0.01903783597732811,1.0000005272547112,1.0,1.0000005272547112
0.014893610777109153,66.14288529259524,0.019535257337701447,0.019332845728590144,1.0104698300474186,0.987009495421849,0.9870095273651484,0.019281484487820678,0.019081702925199086,1.0000005309966964,1.0,1.0000005309966964
0.01492794409578996,65.98846094165265,0.01957970572696286,0.01937683357403711,1.010469829972508,0.9870379674167916,0.9870379998668585,0.019325912943360335,0.019125671054670577,1.0000005347652523,1.0,1.0000005347652523
0.014962356560944329,65.83439175686148,0.019624256534458536,0.01942092277655665,1.0104698298964112,0.9870663808871742,0.9870664138499969,0.019370443875069466,0.019169740598713497,1.0000005385605673,1.0,1.0000005385605673
0.01499684835502374,65.68067692136219,0.01966890999642011,0.019465113569933173,1.0104698298191146,0.987094735927511,0.9870947694091403,0.01941507751889829,0.019213911790835914,1.000000542382832,1.0,1.000000542382832
0.015031419660900212,65.52731562017418,0.019713666349623155,0.019509406188489387,1.0104698297406038,0.9871230326322858,0.987123066638836,0.019459814111341053,0.019258184865084328,1.000000546232238,1.0,1.000000546232238
0.01506607066186742,65.37430704019089,0.019758525831388405,0.019553800867087537,1.0104698296608643,0.9871512710959512,0.9871513056336002,0.01950465388943725,0.019302560056044887,1.0000005501089786,1.0,1.0000005501089786
0.01510080154164148,65.2216503701762,0.019803488679583037,0.019598297841130628,1.0104698295798822,0.9871794514129275,0.9871794864879175,0.0195495970907729,0.019347037598844596,1.000000554013248,1.0,1.000000554013248
0.015135612484362076,65.06934480075962,0.019848555132621914,0.019642897346563708,1.010469829497642,0.9872075736776015,0.9872076092962399,0.01959464395348178,0.01939161772915261,1.0000005579452416,1.0,1.0000005579452416
0.01517050367459337,64.91738952443211,0.019893725429468857,0.019687599619875082,1.0104698294141297,0.9872356379843253,0.9872356741529853,0.019639794716246686,0.019436300683181435,1.000000561905157,1.0,1.000000561905157
0.015205475297324958,64.76578373554204,0.019938999809637915,0.019732404898097595,1.0104698293293302,0.9872636444274159,0.987263681152537,0.019685049618300678,0.019481086697688183,1.0000005658931927,1.0,1.0000005658931927
0.015240527537972911,64.61452663029054,0.019984378513194612,0.019777313418809863,1.0104698292432284,0.9872915931011534,0.9872916303892424,0.01973040889942837,0.01952597600997583,1.0000005699095489,1.0,1.0000005699095489
0.015275660582380723,64.46361740672751,0.02002986178075724,0.019822325420137545,1.0104698291558092,0.9873194840997808,0.9873195219574118,0.019775872799967155,0.01957096885789445,1.0000005739544267,1.0,1.0000005739544267
0.015310874616820295,64.31305526474726,0.020075449853498125,0.019867441140754605,1.010469829067057,0.987347317517502,0.9873473559513176,0.019821441560808502,0.01961606547984249,1.000000578028029,1.0,1.000000578028029
0.015346169827992947,64.16283940608426,0.02012114297314491,0.019912660819884572,1.0104698289769567,0.9873750934484816,0.9873751324651935,0.019867115423399216,0.019661266114767997,1.0000005821305604,1.0,1.0000005821305604
0.015381546403030348,64.01296903430907,0.020166941381981822,0.019957984697301805,1.010469828885492,0.9874028119868437,0.9874028515932328,0.019912894629742692,0.019706571002169906,1.0000005862622263,1.0,1.0000005862622263
0.015417004529495593,63.86344335482384,0.020212845322850972,0.02000341301333276,1.0104698287926475,0.9874304732266705,0.9874305134295885,0.01995877942240023,0.019751980382099278,1.000000590423234,1.0,1.000000590423234
0.015452544395384134,63.71426157485834,0.020258855039153624,0.020048946008857278,1.010469828698407,0.9874580772620021,0.9874581180683714,0.02000477004449226,0.019797494495160592,1.0000005946137924,1.0,1.0000005946137924
0.015488166189124805,63.56542290346559,0.020304970774851498,0.020094583925309842,1.0104698286027542,0.9874856241868343,0.9874856656036493,0.02005086673969966,0.01984311358251298,1.0000005988341116,1.0,1.0000005988341116
0.015523870099580827,63.416926551517705,0.020351192774468053,0.020140327004680866,1.0104698285056732,0.9875131140951191,0.9875131561294466,0.020097069752265034,0.019888837885871525,1.0000006030844033,1.0,1.0000006030844033
0.015559656316050744,63.26877173170196,0.02039752128308979,0.020186175489517982,1.010469828407147,0.9875405470807627,0.9875405897397422,0.02014337932699399,0.01993466764750852,1.0000006073648808,1.0,1.0000006073648808
0.015595525028269535,63.12095765851616,0.02044395654636754,0.020232129622927312,1.0104698283071587,0.9875679232376247,0.9875679665284701,0.020189795709256435,0.01998060311025475,1.0000006116757585,1.0,1.0000006116757585
0.01563147642640955,62.97348354826478,0.020490498810517777,0.020278189648574755,1.010469828205692,0.9875952426595174,0.9875952865895168,0.020236319144987858,0.020026644517500757,1.000000616017253,1.0,1.000000616017253
0.015667510701081484,62.8263486190549,0.020537148322323905,0.020324355810687294,1.0104698281027298,0.9876225054402048,0.9876225500167214,0.020282949880690633,0.020072792113198155,1.000000620389582,1.0,1.000000620389582
0.015703628043335527,62.679552090791574,0.020583905329137585,0.02037062835405427,1.0104698279982545,0.9876497116734012,0.9876497569038747,0.020329688163435323,0.020119046141860875,1.0000006247929647,1.0,1.0000006247929647
0.015739828644662196,62.533093185174366,0.020630770078880027,0.02041700752402869,1.0104698278922493,0.9876768614527711,0.9876769073447175,0.020376534240861964,0.020165406848566485,1.000000629227622,1.0,1.000000629227622
0.015776112696993482,62.38697112569271,0.020677742820043307,0.020463493566528525,1.0104698277846957,0.9877039548719277,0.9877040014329403,0.020423488361181383,0.020211874478957455,1.0000006336937768,1.0,1.0000006336937768
0.01581248039270384,62.24118513762192,0.0207248238016917,0.02051008672803801,1.0104698276755766,0.9877309920244317,0.9877310392621825,0.020470550773176496,0.020258449279242478,1.0000006381916526,1.0,1.0000006381916526
0.015848931924611127,62.09573444801936,0.020772013273462973,0.02055678725560894,1.0104698275648745,0.9877579730037909,0.9877580209260308,0.020517721726203624,0.02030513149619774,1.0000006427214754,1.0,1.0000006427214754
0.01588546748597779,61.95061828571975,0.02081931148556972,0.020603595396862007,1.01046982745257,0.9877848979034595,0.9877849465180188,0.020565001470193807,0.020351921377168236,1.0000006472834726,1.0,1.0000006472834726
0.0159220872705117,61.805835881331795,0.02086671868880069,0.020650511399988074,1.0104698273386459,0.9878117668168364,0.9878118161316262,0.020612390255654107,0.02039881917006907,1.0000006518778728,1.0,1.0000006518778728
0.015958791472367322,61.661386467233555,0.0209142351345221,0.020697535513749515,1.0104698272230832,0.987838579837265,0.9878386298602774,0.020659888333668944,0.020445825123386753,1.0000006565049067,1.0,1.0000006565049067
0.015995580286146695,61.51726927756855,0.02096186107467899,0.020744667987481525,1.0104698271058632,0.9878653370580315,0.987865387797341,0.020707495955901392,0.02049293948618052,1.0000006611648065,1.0,1.0000006611648065
0.016032453906900404,61.373483548241964,0.02100959676179654,0.020791909071093434,1.0104698269869674,0.9878920385723654,0.9878920900361289,0.02075521337459455,0.02054016250808364,1.0000006658578058,1.0,1.0000006658578058
0.016069412530128776,61.23002851691594,0.0210574424489814,0.020839259015070045,1.0104698268663763,0.9879186844734368,0.9879187366698955,0.02080304084257281,0.02058749443930473,1.0000006705841402,1.0,1.0000006705841402
0.016106456351782702,61.08690342300636,0.02110539838992305,0.02088671807047295,1.0104698267440706,0.9879452748543572,0.9879453277918362,0.020850978613243237,0.020634935530629065,1.0000006753440471,1.0,1.0000006753440471
0.016143585568264857,60.94410750767816,0.021153464838895127,0.020934286488941845,1.0104698266200312,0.9879718098081776,0.9879718634950874,0.02089902694059687,0.020682486033419906,1.0000006801377652,1.0,1.0000006801377652
0.016180800376430667,60.801640013841556,0.021201642050756787,0.0209819645226959,1.0104698264942382,0.9879982894278877,0.987998343872725,0.02094718607921008,0.02073014619961982,1.0000006849655352,1.0,1.0000006849655352
0.016218100973589288,60.65950018614826,0.021249930280954038,0.021029752424535062,1.0104698263666718,0.9880247138064157,0.988024769017764,0.0209954562842459,0.020777916281752018,1.000000689827599,1.0,1.000000689827599
0.01625548755750484,60.51768727098681,0.021298329785521094,0.0210776504478414,1.0104698262373117,0.9880510830366266,0.9880511390231574,0.02104383781145536,0.02082579653292166,1.000000694724201,1.0,1.000000694724201
0.01629296032639722,60.376200516479436,0.02134684082108175,0.021125658846580457,1.010469826106138,0.988077397211322,0.9880774539817955,0.021092330917178857,0.02087378720681721,1.0000006996555868,1.0,1.0000006996555868
0.016330519478943338,60.235039172477364,0.021395463644850714,0.021173777875302585,1.01046982597313,0.9881036564232389,0.9881037139865044,0.02114093585834747,0.020921888557711762,1.000000704622004,1.0,1.000000704622004
0.016368165214278092,60.09420249055718,0.02144419851463499,0.0212220077891443,1.0104698258382672,0.9881298607650492,0.9881299191300463,0.021189652892484347,0.02097010084046437,1.0000007096237018,1.0,1.0000007096237018
0.01640589773199538,59.95368972401696,0.02149304568883522,0.02127034884382962,1.0104698257015283,0.9881560103293582,0.9881560695051179,0.021238482277706024,0.021018424310521405,1.0000007146609313,1.0,1.0000007146609313
0.016443717232149317,59.813500127871784,0.021542005426447082,0.021318801295671437,1.0104698255628923,0.9881821052087044,0.9881821652043499,0.02128742427272381,0.0210668592239179,1.0000007197339453,1.0,1.0000007197339453
0.016481623915255077,59.673632958850554,0.02159107798706264,0.02136736540157286,1.0104698254223383,0.9882081454955587,0.9882082063203058,0.021336479136845152,0.02111540583727888,1.0000007248429985,1.0,1.0000007248429985
0.016519617982290142,59.53408747539139,0.021640263630871716,0.02141604141902858,1.0104698252798443,0.988234131282323,0.9882341929454816,0.02138564712997496,0.021164064407820714,1.0000007299883473,1.0,1.0000007299883473
0.016557699634695288,59.39486293763796,0.021689562618663283,0.02146482960612623,1.0104698251353885,0.9882600626613298,0.9882601251723044,0.021434928512617014,0.021212835193352493,1.00000073517025,1.0,1.00000073517025
0.016595869074375595,59.255958607435815,0.02173897521182683,0.021513730221547758,1.0104698249889492,0.9882859397248417,0.9882860030931326,0.02148432354587532,0.021261718452277367,1.0000007403889666,1.0,1.0000007403889666
0.016634126503701694,59.11737374832781,0.02178850167235376,0.021562743524570792,1.010469824840504,0.9883117625650497,0.9883118268002536,0.02153383249145548,0.0213107144435939,1.0000007456447593,1.0,1.0000007456447593
0.016672472125510623,58.97910762555096,0.021838142262838766,0.02161186977507001,1.0104698246900308,0.9883375312740734,0.9883375963858847,0.021583455611666073,0.021359823426897444,1.0000007509378919,1.0,1.0000007509378919
0.01671090614310707,58.84115950603199,0.021887897246481217,0.021661109233518525,1.0104698245375061,0.9883632459439595,0.9883633119421708,0.02163319316942003,0.021409045662381505,1.00000075626863,1.0,1.00000075626863
0.01674942876026438,58.70352865838367,0.021937766887086572,0.02171046216098925,1.0104698243829078,0.9883889066666812,0.9883889735611846,0.02168304542823602,0.0214583814108391,1.0000007616372415,1.0,1.0000007616372415
0.016788040181225605,58.56621435290104,0.02198775144906775,0.02175992881915629,1.0104698242262125,0.9884145135341376,0.9884145813349254,0.02173301265223983,0.02150783093366414,1.0000007670439957,1.0,1.0000007670439957
0.01682674061070467,58.429215861557275,0.022037851197446553,0.02180950947029633,1.0104698240673966,0.9884400666381528,0.9884401353553188,0.021783095106165766,0.021557394492852815,1.0000007724891642,1.0,1.0000007724891642
0.016865530253887408,58.292532458,0.022088066397855054,0.021859204377290012,1.010469823906437,0.9884655660704749,0.9884656357142152,0.02183329305535803,0.021607072351004928,1.0000007779730202,1.0,1.0000007779730202
0.016904409316432632,58.156163417547425,0.022138397316537006,0.021909013803623333,1.0104698237433096,0.9884910119227759,0.9884910825033897,0.02188360676577213,0.021656864771325335,1.0000007834958393,1.0,1.0000007834958393
0.01694337800447329,58.02010801718441,0.02218884422034925,0.021958938013389044,1.01046982357799,0.9885164042866501,0.9885164758145408,0.021934036503976257,0.021706772017625293,1.0000007890578988,1.0,1.0000007890578988
0.016982436524617443,57.8843655355589,0.022239407376763134,0.02200897727128804,1.0104698234104545,0.988541743253614,0.9885418157392902,0.02198458253715271,0.021756794354323847,1.0000007946594778,1.0,1.0000007946594778
0.017021585083949502,57.74893525297768,0.022290087053865926,0.022059131842630763,1.0104698232406784,0.9885670289151051,0.9885671023691815,0.022035245133099287,0.021806932046449238,1.0000008003008576,1.0,1.0000008003008576
0.017060823890031246,57.61381645140284,0.022340883520362224,0.022109401993338617,1.0104698230686362,0.9885922613624812,0.9885923357956802,0.02208602456023068,0.02185718535964029,1.0000008059823216,1.0,1.0000008059823216
0.017100153150902866,57.4790084144481,0.022391797045575392,0.02215978798994535,1.0104698228943034,0.9886174406870203,0.988617516110172,0.022136921087579926,0.021907554560147795,1.0000008117041552,1.0,1.0000008117041552
0.017139573075084256,57.344510427374466,0.022442827899448972,0.0222102900995985,1.0104698227176545,0.9886425669799187,0.9886426434039628,0.02218793498479977,0.021958039914835924,1.0000008174666455,1.0,1.0000008174666455
0.017179083871575882,57.21032177708714,0.022493976352548132,0.02226090859006077,1.0104698225386641,0.9886676403322915,0.9886677177682781,0.022239066522164126,0.02200864169118364,1.000000823270082,1.0,1.000000823270082
0.017218685749860067,57.07644175213122,0.02254524267606107,0.02231164372971148,1.0104698223573063,0.9886926608351707,0.9886927392942613,0.022290315970569463,0.022059360157286073,1.0000008291147564,1.0,1.0000008291147564
0.017258378919902045,56.94286964268807,0.022596627141800472,0.022362495787547967,1.0104698221735553,0.9887176285795058,0.9887177080729743,0.02234168360153626,0.02211019558185597,1.0000008350009617,1.0,1.0000008350009617
0.017298163592151004,56.80960474057185,0.022648130022204945,0.02241346503318702,1.010469821987384,0.9887425436561618,0.9887426241953955,0.0223931696872104,0.022161148234225072,1.0000008409289942,1.0,1.0000008409289942
0.01733803997754138,56.67664633922507,0.02269975159034045,0.022464551736866293,1.0104698217987664,0.9887674061559191,0.98876748775242,0.022444774500364625,0.022212218384345547,1.000000846899151,1.0,1.000000846899151
0.017378008287493755,56.543993733715695,0.022751492119901753,0.02251575616944575,1.0104698216076748,0.988792216169473,0.9887922988348585,0.022496498314399954,0.022263406302791413,1.0000008529117326,1.0,1.0000008529117326
0.017418068733916138,56.41164622073276,0.022803351885213884,0.022567078602409085,1.010469821414083,0.9888169737874324,0.9888170575334373,0.022548341403347133,0.022314712260759945,1.0000008589670404,1.0,1.0000008589670404
0.017458221529205047,56.279603098582896,0.022855331161233568,0.022618519307865168,1.0104698212179632,0.9888416791003195,0.9888417639387962,0.022600304041868056,0.022366136530073112,1.0000008650653789,1.0,1.0000008650653789
0.01749846688624656,56.14786366718674,0.022907430223550698,0.022670078558549495,1.0104698210192877,0.9888663321985691,0.9888664181414889,0.02265238650525723,0.022417679383179005,1.0000008712070545,1.0,1.0000008712070545
0.017538805018417612,56.01642722807475,0.022959649348389777,0.022721756627825596,1.0104698208180283,0.9888909331725277,0.9888910202319823,0.022704589069443185,0.02246934109315326,1.0000008773923754,1.0,1.0000008773923754
0.017579236139586923,55.88529308438415,0.0230119888126114,0.022773553789686523,1.0104698206141571,0.9889154821124532,0.9889155703006556,0.02275691201098998,0.022521121933700504,1.0000008836216525,1.0,1.0000008836216525
0.017619760464116285,55.75446054085474,0.02306444889371369,0.022825470318756282,1.010469820407645,0.9889399791085136,0.9889400684377989,0.022809355607098597,0.022573022179155786,1.0000008898951989,1.0,1.0000008898951989
0.01766037820686165,55.62392890382531,0.023117029869833806,0.02287750649029127,1.0104698201984637,0.9889644242507869,0.9889645147336142,0.022861920135608435,0.02262504210448602,1.0000008962133295,1.0,1.0000008962133295
0.0177010895831742,55.49369748123029,0.023169732019749378,0.022929662580181767,1.0104698199865838,0.9889888176292598,0.9889889092782129,0.022914605874998738,0.02267718198529142,1.0000009025763619,1.0,1.0000009025763619
0.01774189480890166,55.36376558259544,0.023222555622879993,0.02298193886495336,1.0104698197719761,0.989013159333828,0.9890132521616167,0.022967413104390096,0.022729442097806977,1.0000009089846156,1.0,1.0000009089846156
0.017782794100389226,55.234132519034915,0.023275500959288684,0.02303433562176844,1.0104698195546102,0.9890374494542948,0.989037543473756,0.023020342103545872,0.022781822718903888,1.0000009154384126,1.0,1.0000009154384126
0.01782378767448089,55.10479760324707,0.023328568309683405,0.023086853128427624,1.010469819334457,0.9890616880803702,0.9890617833044694,0.023073393152873697,0.02283432412609099,1.0000009219380772,1.0,1.0000009219380772
0.017864875748520512,54.975760149511004,0.02338175795541851,0.023139491663371287,1.0104698191114856,0.9890858753016711,0.989085971743503,0.023126566533426932,0.022886946597516274,1.0000009284839362,1.0,1.0000009284839362
0.01790605854035293,54.84701947368311,0.023435070178496258,0.023192251505680973,1.0104698188856656,0.9891100112077198,0.9891101088805104,0.023179862526906132,0.022939690411968288,1.000000935076318,1.0,1.000000935076318
0.017947336268325266,54.71857489319298,0.023488505261568284,0.023245132935080917,1.010469818656966,0.9891340958879439,0.9891341948050512,0.023233281415660556,0.02299255584887764,1.0000009417155544,1.0,1.0000009417155544
0.017988709151287873,54.590425727040376,0.0235420634879371,0.023298136231939492,1.0104698184253558,0.9891581294316756,0.9891582296065905,0.02328682348268961,0.02304554318831843,1.0000009484019785,1.0,1.0000009484019785
0.018030177408595683,54.46257129579109,0.02359574514155761,0.023351261677270724,1.010469818190803,0.9891821119281506,0.9891822133744992,0.023340489011644358,0.023098652711009776,1.0000009551359268,1.0,1.0000009551359268
0.018071741260109277,54.33501092157365,0.0236495505070386,0.02340450955273575,1.0104698179532758,0.9892060434665083,0.9892061461980519,0.02339427828682901,0.023151884698317225,1.0000009619177372,1.0,1.0000009619177372
0.01811340092619601,54.20774392807578,0.023703479869644228,0.02345788014064432,1.0104698177127425,0.9892299241357901,0.9892300281664276,0.023448191593202387,0.023205239432254263,1.000000968747751,1.0,1.000000968747751
0.018155156627731355,54.08076964054034,0.02375753351529557,0.023511373723956303,1.0104698174691702,0.9892537540249396,0.989253859368708,0.023502229216379466,0.023258717195483804,1.0000009756263109,1.0,1.0000009756263109
0.01819700858609983,53.95408738576247,0.023811711730572102,0.02356499058628317,1.0104698172225262,0.9892775332228015,0.9892776398938781,0.023556391442632815,0.023312318271319667,1.000000982553763,1.0,1.000000982553763
0.018238957023196372,53.827696492085394,0.023866014802713224,0.023618731011889476,1.0104698169727775,0.9893012618181216,0.9893013698308244,0.02361067855889416,0.023366042943728033,1.0000009895304554,1.0,1.0000009895304554
0.01828100216142743,53.701596289397145,0.02392044301961978,0.023672595285694417,1.0104698167198904,0.9893249398995454,0.9893250492683349,0.02366509085275584,0.023419891497328982,1.0000009965567385,1.0,1.0000009965567385
0.018323144223712118,53.57578610912709,0.02397499666985559,0.023726583693273285,1.0104698164638313,0.9893485675556177,0.9893486782950982,0.023719628612472333,0.023473864217397954,1.0000010036329656,1.0,1.0000010036329656
0.018365383433483463,53.45026528424212,0.024029676042648954,0.023780696520859002,1.0104698162045658,0.9893721448747825,0.9893722569997034,0.02377429212696177,0.023527961389867267,1.0000010107594925,1.0,1.0000010107594925
0.018407720014689554,53.32503314924333,0.024084481427894208,0.02383493405534364,1.010469815942059,0.989395671945382,0.9893957854706389,0.023829081685807465,0.0235821833013276,1.0000010179366772,1.0,1.0000010179366772
0.018450154191794736,53.20008904016239,0.02413941311615325,0.02388929658427992,1.0104698156762772,0.9894191488556555,0.9894192637962921,0.023883997579259394,0.023636530239029514,1.0000010251648803,1.0,1.0000010251648803
0.01849268618978078,53.07543229455809,0.024194471398657054,0.023943784395882746,1.010469815407184,0.9894425756937397,0.989442692064949,0.023939040098235755,0.023691002490884943,1.0000010324444657,1.0,1.0000010324444657
0.018535316234148114,52.95106225151277,0.024249656567307248,0.02399839777903072,1.010469815134745,0.9894659525476677,0.9894660703647933,0.023994209534324473,0.023745600345468708,1.0000010397757988,1.0,1.0000010397757988
0.01857804455091698,52.82697825162884,0.02430496891467763,0.024053137023267692,1.0104698148589237,0.9894892795053681,0.989489398783906,0.024049506179784737,0.02380032409202006,1.0000010471592482,1.0,1.0000010471592482
0.018620871366628676,52.70317963702527,0.024360408734015713,0.02410800241880426,1.010469814579684,0.9895125566546654,0.9895126774102646,0.02410493032754853,0.023855174020444136,1.0000010545951852,1.0,1.0000010545951852
0.018663796908346696,52.57966575133417,0.024415976319244307,0.02416299425651933,1.0104698142969892,0.9895357840832779,0.9895359063317428,0.02416048227122216,0.02391015042131355,1.0000010620839836,1.0,1.0000010620839836
0.018706821403658,52.45643593969718,0.024471671964963044,0.024218112827961658,1.0104698140108024,0.9895589618788182,0.9895590856361095,0.02421616230508781,0.023965253585869872,1.00000106962602,1.0,1.00000106962602
0.018749945080674187,52.333489548762095,0.02452749596644994,0.02427335842535135,1.0104698137210864,0.9895820901287927,0.9895822154110289,0.024271970724105064,0.02402048380602515,1.0000010772216732,1.0,1.0000010772216732
0.01879316816803268,52.21082592667943,0.02458344861966297,0.024328731341581464,1.0104698134278032,0.9896051689206005,0.9896052957440595,0.024327907823912476,0.024075841374363496,1.0000010848713254,1.0,1.0000010848713254
0.018836490894898007,52.08844442309883,0.024639530221241625,0.02438423187021952,1.010469813130915,0.9896281983415325,0.9896283267226534,0.02438397390082909,0.02413132658414254,1.000001092575361,1.0,1.000001092575361
0.01887991349096293,51.96634438916579,0.024695741068508473,0.02443986030550907,1.0104698128303837,0.9896511784787723,0.989651308434156,0.024440169251856027,0.024186939729295046,1.0000011003341678,1.0,1.0000011003341678
0.018923436186449746,51.844525177518065,0.02475208145947075,0.02449561694237126,1.0104698125261695,0.9896741094193935,0.9896742409658053,0.024496494174677995,0.024242681104430393,1.0000011081481353,1.0,1.0000011081481353
0.01896705921211146,51.722986142282274,0.024808551692821916,0.02455150207640635,1.0104698122182345,0.9896969912503613,0.9896971244047318,0.024552948967664908,0.024298551004836164,1.0000011160176565,1.0,1.0000011160176565
0.019010782799232996,51.60172663907063,0.024865152067943246,0.02460751600389534,1.010469811906538,0.9897198240585301,0.9897199588379573,0.024609533929873386,0.024354549726479668,1.0000011239431275,1.0,1.0000011239431275
0.019054607179632473,51.48074602497726,0.024921882884905412,0.024663659021801485,1.0104698115910404,0.9897426079306447,0.9897427443523946,0.024666249361048383,0.0244106775660095,1.0000011319249464,1.0,1.0000011319249464
0.019098532585662378,51.36004365857503,0.024978744444470066,0.02471993142777189,1.0104698112717014,0.9897653429533382,0.9897654810348472,0.024723095561624706,0.024466934820757083,1.000001139963515,1.0,1.000001139963515
0.01914255925021086,51.239618899911974,0.025035737048091432,0.024776333520139082,1.0104698109484802,0.9897880292131318,0.9897881689720083,0.02478007283272861,0.024523321788738256,1.000001148059237,1.0,1.000001148059237
0.01918668740670289,51.11947111050805,0.02509286099791791,0.024832865597922575,1.010469810621336,0.9898106667964353,0.9898108082504607,0.02483718147617939,0.024579838768654806,1.00000115621252,1.0,1.00000115621252
0.01923091728910158,50.99959965335161,0.025150116596793646,0.02488952796083047,1.0104698102902263,0.989833255789545,0.989833398956676,0.024894421794490924,0.02463648605989605,1.0000011644237736,1.0,1.0000011644237736
0.01927524913190936,50.88000389289611,0.02520750414826017,0.02494632090926102,1.01046980995511,0.9898557962786443,0.9898559411770145,0.0249517940908733,0.024693263962540405,1.000001172693411,1.0,1.000001172693411
0.019319683170169237,50.76068319505677,0.025265023956557966,0.025003244744304244,1.0104698096159441,0.9898782883498027,0.9898784349977235,0.02500929866923436,0.02475017277735694,1.0000011810218483,1.0,1.0000011810218483
0.019364219639466072,50.641636927207095,0.02532267632662811,0.02506029976774349,1.0104698092726863,0.9899007320889754,0.9899008805049383,0.025066935834181334,0.024807212805806982,1.000001189409504,1.0,1.000001189409504
0.019408858775927778,50.522864458175654,0.02538046156411386,0.025117486282057053,1.010469808925293,0.9899231275820025,0.9899232777846809,0.025124705891022395,0.024864384350045676,1.0000011978568002,1.0,1.0000011978568002
0.01945360081622663,50.404365158242605,0.02543837997536228,0.025174804590419757,1.010469808573721,0.989945474914609,0.9899456269228595,0.025182609145768295,0.024921687712923565,1.0000012063641615,1.0,1.0000012063641615
0.019498445997580452,50.28613839913649,0.02549643186742587,0.025232254996704583,1.0104698082179255,0.9899677741724034,0.9899679280052679,0.025240645905133925,0.024979123197988205,1.000001214932016,1.0,1.000001214932016
0.01954339455775394,50.16818355403079,0.025554617548064172,0.025289837805484244,1.0104698078578624,0.9899900254408783,0.9899901811175851,0.025298816476539965,0.025036691109485698,1.0000012235607947,1.0,1.0000012235607947
0.019588446735059897,50.050499997540626,0.025612937325745395,0.02534755332203282,1.0104698074934868,0.9900122288054088,0.9900123863453753,0.025357121168114446,0.025094391752362354,1.0000012322509317,1.0,1.0000012322509317
0.019633602768360462,49.93308710571956,0.025671391509648075,0.025405401852327363,1.010469807124753,0.9900343843512529,0.9900345437740864,0.025415560288694412,0.02515222543226625,1.0000012410028638,1.0,1.0000012410028638
0.01967886289706845,49.81594425605605,0.02572998040966268,0.025463383703049514,1.0104698067516156,0.99005649216355,0.9900566534890503,0.025474134147827492,0.02521019245554882,1.0000012498170316,1.0,1.0000012498170316
0.019724227361148535,49.69907082747044,0.025788704336393253,0.025521499181587123,1.0104698063740278,0.9900785523273213,0.9900787155754819,0.025532843055773545,0.02526829312926649,1.0000012586938782,1.0,1.0000012586938782
0.0197696964011186,49.58246620031142,0.02584756360115906,0.025579748596035883,1.0104698059919432,0.990100564927469,0.990100730118479,0.025591687323506272,0.025326527761182265,1.0000012676338503,1.0,1.0000012676338503
0.01981527025805098,49.46612975635284,0.025906558515996242,0.025638132255200945,1.0104698056053145,0.9901225300487753,0.9901226972030215,0.025650667262714845,0.025384896659767342,1.0000012766373978,1.0,1.0000012766373978
0.01986094917357371,49.350060878790494,0.025965689393659445,0.025696650468598557,1.0104698052140941,0.9901444477759025,0.9901446169139712,0.02570978318580554,0.025443400134202737,1.0000012857049736,1.0,1.0000012857049736
0.019906733389871867,49.234258952238704,0.026024956547623494,0.025755303546457716,1.010469804818234,0.9901663181933922,0.990166489336071,0.02576903540590337,0.025502038494380895,1.0000012948370338,1.0,1.0000012948370338
0.019952623149688792,49.11872336272724,0.026084360292085034,0.02581409179972178,1.010469804417685,0.990188141385665,0.9901883145539444,0.025828424236853723,0.025560812050907305,1.0000013040340379,1.0,1.0000013040340379
0.019998618696327443,49.00345349769785,0.026143900941964195,0.025873015540050125,1.0104698040123987,0.9902099174370201,0.9902100926520955,0.025887949993224,0.02561972111510214,1.0000013132964485,1.0,1.0000013132964485
0.02004472027365161,48.888448746001224,0.026203578812906265,0.025932075079819795,1.0104698036023254,0.9902316464316337,0.990231823714908,0.025947612990305246,0.025678765999001877,1.0000013226247317,1.0,1.0000013226247317
0.020090928126087274,48.773708497893615,0.02626339422128334,0.025991270732127158,1.0104698031874146,0.9902533284535604,0.990253507826645,0.026007413544113834,0.02573794701536093,1.000001332019357,1.0,1.000001332019357
0.02013724249862388,48.65923214503361,0.02632334748419602,0.026050602810789542,1.0104698027676164,0.9902749635867311,0.9902751450714484,0.026067351971393083,0.025797264477653296,1.0000013414807971,1.0,1.0000013414807971
0.020183663636815605,48.54501908047904,0.02638343891947507,0.026110071630346916,1.0104698023428793,0.990296551914953,0.9902967355333382,0.026127428589614938,0.025856718700074176,1.0000013510095278,1.0,1.0000013510095278
0.020230191786782717,48.43106869868354,0.02644366884568309,0.026169677506063534,1.010469801913152,0.9903180935219097,0.9903182792962124,0.026187643716981596,0.025916309997541635,1.000001360606029,1.0,1.000001360606029
0.02027682719521282,48.31738039549359,0.02650403758211622,0.026229420753929616,1.0104698014783824,0.9903395884911596,0.9903397764438465,0.026247997672427206,0.025976038685698245,1.0000013702707835,1.0,1.0000013702707835
0.02032357010936222,48.20395356814509,0.026564545448805824,0.026289301690663004,1.0104698010385182,0.9903610369061363,0.9903612270598932,0.02630849077561952,0.026035905080912736,1.0000013800042775,1.0,1.0000013800042775
0.02037042077705718,48.09078761526032,0.026625192766520152,0.02634932063371085,1.0104698005935058,0.990382438850148,0.990382631227881,0.026369123346961548,0.026095909500281646,1.0000013898070008,1.0,1.0000013898070008
0.020417379446695288,47.97788193684463,0.026685979856766084,0.026409477901251283,1.0104698001432926,0.9904037944063766,0.9904039890312148,0.026429895707593264,0.026156052261630987,1.000001399679447,1.0,1.000001399679447
0.02046444636724674,47.86523593428336,0.026746907041790776,0.026469773812195098,1.0104697996878236,0.9904251036578777,0.9904253005531753,0.026490808179393248,0.0262163336835179,1.0000014096221128,1.0,1.0000014096221128
0.02051162178825565,47.75284901033864,0.02680797464458341,0.026530208686187436,1.0104697992270444,0.9904463666875797,0.9904465658769178,0.026551861084980397,0.02627675408523232,1.0000014196354987,1.0,1.0000014196354987
0.020558905959841417,47.64072056914616,0.02686918298887687,0.02659078284360948,1.0104697987609002,0.9904675835782836,0.9904677850854725,0.0266130547477156,0.026337313786798665,1.0000014297201085,1.0,1.0000014297201085
0.0206062991327,47.52885001621212,0.026930532399149464,0.026651496605580142,1.0104697982893351,0.9904887544126623,0.9904889582617439,0.026674389491703396,0.026398013108977478,1.00000143987645,1.0,1.00000143987645
0.020653801558105287,47.41723675840995,0.026992023200626637,0.02671235029395775,1.0104697978122932,0.9905098792732604,0.9905100854885098,0.026735865641793734,0.026458852373267113,1.0000014501050343,1.0,1.0000014501050343
0.02070141348791042,47.305880203977274,0.02705365571928268,0.02677334423134178,1.0104697973297172,0.9905309582424936,0.9905311668484215,0.02679748352358359,0.026519831901905426,1.000001460406376,1.0,1.000001460406376
0.020749135174549092,47.194779762512745,0.02711543028184247,0.026834478741074523,1.0104697968415501,0.9905519914026485,0.9905522024240032,0.026859243463418735,0.026580952017871463,1.000001470780994,1.0,1.000001470780994
0.020796966871036958,47.08393484497285,0.027177347215783184,0.02689575414724283,1.010469796347734,0.9905729788358811,0.9905731922976515,0.026921145788395388,0.02664221304488713,1.0000014812294105,1.0,1.0000014812294105
0.020844908830972887,46.97334486366892,0.027239406849336036,0.026957170774679788,1.0104697958482107,0.9905939206242179,0.9905941365516346,0.02698319082636196,0.026703615307418885,1.0000014917521511,1.0,1.0000014917521511
0.020892961308540396,46.863009232263835,0.027301609511488,0.027018728948966463,1.0104697953429211,0.9906148168495543,0.9906150352680929,0.027045378905920733,0.026765159130679457,1.000001502349746,1.0,1.000001502349746
0.020941124558508925,46.75292736576909,0.02736395553198355,0.02708042899643362,1.0104697948318053,0.9906356675936546,0.9906358885290367,0.0271077103564296,0.02682684484062951,1.0000015130227282,1.0,1.0000015130227282
0.020989398836235233,46.64309868054159,0.027426445241326414,0.02714227124416342,1.0104697943148033,0.9906564729381513,0.990656696416348,0.02717018550800377,0.026888672763979375,1.0000015237716353,1.0,1.0000015237716353
0.021037784397664752,46.533522594280534,0.027489078970781317,0.027204256019991185,1.0104697937918548,0.9906772329645448,0.9906774590117785,0.027232804691517492,0.026950643228190747,1.0000015345970086,1.0,1.0000015345970086
0.02108628149933289,46.424198526024476,0.027551857052375707,0.0272663836525071,1.0104697932628979,0.9906979477542032,0.9906981763969501,0.027295568238605784,0.027012756561478394,1.000001545499393,1.0,1.000001545499393
0.021134890398366468,46.31512589614805,0.027614779818901546,0.027328654471057964,1.010469792727871,0.990718617388361,0.9907188486533531,0.027358476481666155,0.027075013092811857,1.000001556479337,1.0,1.000001556479337
0.021183611352485015,46.20630412635906,0.027677847603917043,0.02739106880574893,1.0104697921867116,0.9907392419481198,0.9907394758623476,0.027421529753860356,0.027137413151917193,1.0000015675373939,1.0,1.0000015675373939
0.021232444620002195,46.09773263969529,0.027741060741748425,0.02745362698744525,1.0104697916393568,0.9907598215144464,0.9907600581051613,0.027484728389116087,0.02719995706927868,1.0000015786741203,1.0,1.0000015786741203
0.021281390459827118,45.989410860521545,0.02780441956749169,0.027516329347774007,1.0104697910857425,0.9907803561681743,0.9907805954628909,0.02754807272212877,0.02726264517614055,1.0000015898900771,1.0,1.0000015898900771
0.021330449131465756,45.88133821452654,0.027867924417014387,0.02757917621912588,1.0104697905258049,0.9908008459900014,0.9908010880165,0.02761156308836327,0.027325477804508707,1.0000016011858288,1.0,1.0000016011858288
0.02137962089502232,45.773514128719825,0.027931575626957403,0.027642167934656917,1.0104697899594783,0.9908212910604909,0.9908215358468192,0.027675199824055675,0.027388455287152464,1.0000016125619444,1.0,1.0000016125619444
0.02142890601120058,45.66593803142888,0.027995373534736707,0.02770530482829025,1.0104697893866976,0.9908416914600695,0.9908419390345466,0.027738983266214982,0.027451577957606298,1.0000016240189966,1.0,1.0000016240189966
0.02147830474130534,45.55860935229589,0.028059318478545172,0.027768587234717902,1.0104697888073968,0.9908620472690285,0.9908622976602464,0.02780291375262495,0.02751484615017157,1.0000016355575623,1.0,1.0000016355575623
0.021527817347243725,45.45152752227495,0.028123410797354323,0.027832015489402534,1.0104697882215086,0.9908823585675219,0.9908826118043482,0.027866991621845763,0.02757826019991826,1.0000016471782227,1.0,1.0000016471782227
0.021577444091526655,45.34469197362882,0.028187650830916157,0.027895589928579215,1.0104697876289659,0.9909026254355674,0.9909028815471477,0.027931217213215873,0.027641820442686735,1.000001658881563,1.0,1.000001658881563
0.0216271852372702,45.238102139926035,0.028252038919764914,0.02795931088925722,1.0104697870297,0.9909228479530446,0.9909231069688051,0.027995590866853708,0.027705527215089513,1.0000016706681725,1.0,1.0000016706681725
0.02167704104819694,45.13175745603795,0.028316575405218893,0.028023178709221774,1.0104697864236425,0.9909430261996955,0.9909432881493458,0.02806011292365948,0.027769380854512967,1.0000016825386449,1.0,1.0000016825386449
0.021727011788637444,45.025657358135604,0.028381260629382243,0.028087193727035865,1.010469785810724,0.9909631602551237,0.9909634251686593,0.028124783725316946,0.027833381699119142,1.000001694493578,1.0,1.000001694493578
0.021777097723531584,44.919801283686866,0.028446094935146774,0.02815135628204202,1.0104697851908744,0.9909832501987936,0.990983518106499,0.02818960361429519,0.027897530087847493,1.0000017065335738,1.0,1.0000017065335738
0.021827299118430017,44.814188671453344,0.02851107866619376,0.02821566671436411,1.0104697845640223,0.9910032961100311,0.9910035670424814,0.028254572933850405,0.027961826360416643,1.0000017186592387,1.0,1.0000017186592387
0.021877616239495523,44.70881896148751,0.028576212166995775,0.028280125364909113,1.0104697839300973,0.9910232980680218,0.9910235720560864,0.028319692028027685,0.028026270857326164,1.0000017308711837,1.0,1.0000017308711837
0.02192804935350448,44.60369159512963,0.02864149578281848,0.028344732575368962,1.0104697832890264,0.9910432561518115,0.9910435332266565,0.028384961241662805,0.028090863919858364,1.0000017431700239,1.0,1.0000017431700239
0.02197859872784825,44.49880601500486,0.028706929859722466,0.028409488688222306,1.010469782640737,0.9910631704403056,0.9910634506333961,0.028450380920384023,0.02815560589008003,1.0000017555563785,1.0,1.0000017555563785
0.022029264630534555,44.394161665020334,0.028772514744565082,0.02847439404673635,1.0104697819851551,0.9910830410122683,0.9910833243553715,0.02851595141061389,0.02822049711084426,1.0000017680308715,1.0,1.0000017680308715
0.022080047330189,44.28975799036207,0.02883825078500226,0.02853944899496865,1.0104697813222072,0.9911028679463223,0.9911031544715108,0.02858167305957102,0.028285537925792217,1.0000017805941313,1.0,1.0000017805941313
0.022130947096056373,44.18559443749225,0.02890413832949034,0.028604653877768928,1.010469780651818,0.9911226513209492,0.9911229410606026,0.02864754621527194,0.02835072867935491,1.0000017932467908,1.0,1.0000017932467908
0.022181964198002193,44.08167045414601,0.02897017772728793,0.0286700090407809,1.0104697799739115,0.9911423912144876,0.9911426842012968,0.02871357122653285,0.02841606971675503,1.0000018059894875,1.0,1.0000018059894875
0.02223309890651403,43.977985489328795,0.02903636932845774,0.02873551483044411,1.0104697792884116,0.9911620877051338,0.9911623839721025,0.028779748442971487,0.028481561384008692,1.0000018188228634,1.0,1.0000018188228634
0.022284351492703032,43.87453899331322,0.029102713483868427,0.028801171593995735,1.0104697785952415,0.9911817408709409,0.9911820404513897,0.028846078215008914,0.028547204027927296,1.0000018317475645,1.0,1.0000018317475645
0.022335722228305314,43.77133041763626,0.029169210545196445,0.028866979679472445,1.0104697778943226,0.9912013507898189,0.9912016537173868,0.028912560893871345,0.028612997996119285,1.0000018447642425,1.0,1.0000018447642425
0.022387211385683392,43.66835921509632,0.029235860864927906,0.028932939435712225,1.0104697771855764,0.9912209175395331,0.9912212238481819,0.028979196831591968,0.028678943636991996,1.000001857873553,1.0,1.000001857873553
0.022438819237827663,43.56562483975033,0.02930266479636045,0.028999051212356203,1.0104697764689239,0.9912404411977053,0.9912407509217215,0.029045986381012797,0.028745041299753422,1.0000018710761565,1.0,1.0000018710761565
0.02249054605835781,43.46312674691087,0.029369622693605074,0.029065315359850536,1.0104697757442844,0.991259921841812,0.9912602350158104,0.029112929895786475,0.028811291334414086,1.000001884372718,1.0,1.000001884372718
0.022542392121524285,43.36086439314327,0.029436734911588058,0.029131732229448218,1.0104697750115774,0.991279359549185,0.9912796762081112,0.029180027730378144,0.028877694091788825,1.0000018977639078,1.0,1.0000018977639078
0.022594357702209775,43.25883723626266,0.029504001806052775,0.02919830217321096,1.010469774270721,0.99129875439701,0.991299074576144,0.029247280240067248,0.028944249923498637,1.0000019112504004,1.0,1.0000019112504004
0.02264644307593059,43.15704473533126,0.029571423733561628,0.02926502554401103,1.0104697735216328,0.9913181064623268,0.9913184301972857,0.029314687780949422,0.02901095918197248,1.0000019248328753,1.0,1.0000019248328753
0.022698648518838217,43.055486350655336,0.02963900105149787,0.029331902695533145,1.0104697727642296,0.991337415822029,0.9913377431487703,0.029382250709938298,0.029077822220449162,1.0000019385120171,1.0,1.0000019385120171
0.0227509743077207,42.95416154378246,0.029706734118067547,0.029398933982276297,1.0104697719984272,0.9913566825528632,0.991357013507688,0.0294499693847674,0.02914483939297911,1.000001952288515,1.0,1.000001952288515
0.022803420720004183,42.85306977749857,0.029774623292301353,0.029466119759555667,1.0104697712241408,0.9913759067314291,0.9913762413509843,0.02951784416399198,0.02921201105442627,1.0000019661630632,1.0,1.0000019661630632
0.0228559880337543,42.75221051582521,0.029842668934056533,0.02953346038350446,1.0104697704412848,0.991395088434178,0.9913954267554611,0.029585875406990873,0.029279337560469906,1.000001980136361,1.0,1.000001980136361
0.022908676527677724,42.65158322401661,0.02991087140401878,0.029600956211075804,1.0104697696497729,0.9914142277374139,0.9914145697977749,0.029654063473968376,0.02934681926760649,1.0000019942091125,1.0,1.0000019942091125
0.02296148648112362,42.55118736855685,0.02997923106370414,0.029668607600044646,1.0104697688495172,0.991433324717292,0.991433670554437,0.029722408725956113,0.02941445653315153,1.000002008382027,1.0,1.000002008382027
0.023014418174085078,42.45102241715716,0.03004774827546093,0.029736414909009624,1.0104697680404298,0.9914523794498182,0.9914527291018133,0.029790911524814914,0.02948224971524144,1.0000020226558184,1.0,1.0000020226558184
0.02306747188720069,42.35108783875289,0.030116423402471632,0.02980437849739495,1.0104697672224219,0.9914713920108499,0.9914717455161234,0.029859572233236684,0.029550199172835388,1.0000020370312064,1.0,1.0000020370312064
0.023120647901755942,42.25138310350088,0.030185256808754814,0.029872498725452334,1.0104697663954036,0.9914903624760939,0.9914907198734404,0.029928391214746292,0.029618305265717165,1.0000020515089156,1.0,1.0000020515089156
0.023173946499684787,42.15190768277652,0.03025424885916705,0.029940775954262863,1.0104697655592842,0.9915092909211075,0.9915096522496911,0.02999736883370345,0.029686568354497084,1.0000020660896753,1.0,1.0000020660896753
0.023227367963571065,42.05266104917107,0.030323399919404852,0.030009210545738914,1.0104697647139722,0.9915281774212972,0.9915285427206546,0.030066505455304603,0.029754988800613804,1.000002080774221,1.0,1.000002080774221
0.023280912576650072,41.95364267648874,0.030392710356006585,0.030077802862626065,1.0104697638593747,0.9915470220519186,0.9915473913619629,0.030135801445584837,0.029823566966336253,1.0000020955632922,1.0,1.0000020955632922
0.023334580622810026,41.85485203974395,0.030462180536354418,0.030146553268505,1.010469762995399,0.9915658248880759,0.9915661982490996,0.030205257171419756,0.02989230321476547,1.0000021104576349,1.0,1.0000021104576349
0.023388372386593543,41.75628861515863,0.03053181082867625,0.030215462127793444,1.0104697621219505,0.9915845860047214,0.9915849634574005,0.03027487300052741,0.029961197909836534,1.0000021254579994,1.0,1.0000021254579994
0.023442288153199223,41.65795188015926,0.03060160160204764,0.03028452980574807,1.0104697612389342,0.9916033054766556,0.9916036870620525,0.03034464930147016,0.03003025141632041,1.000002140565142,1.0,1.000002140565142
0.023496328208483068,41.559841313374314,0.03067155322639379,0.030353756668466427,1.0104697603462542,0.9916219833785259,0.9916223691380931,0.030414586443656636,0.03009946409982587,1.0000021557798244,1.0,1.0000021557798244
0.023550492838960088,41.4619563946313,0.03074166607249146,0.030423143082888883,1.010469759443814,0.9916406197848272,0.991641009760411,0.030484684797343627,0.030168836326801396,1.0000021711028135,1.0,1.0000021711028135
0.023604782331805768,41.36429660495411,0.03081194051197093,0.03049268941680055,1.010469758531515,0.9916592147699004,0.991659609003745,0.030554944733637974,0.030238368464537063,1.0000021865348816,1.0,1.0000021865348816
0.023659196974857577,41.266861426560304,0.03088237691731798,0.030562396038833223,1.010469757609259,0.9916777684079332,0.991678166942683,0.030625366624498565,0.030308060881166447,1.000002202076807,1.0,1.000002202076807
0.023713737056616554,41.169650342858226,0.03095297566187583,0.030632263318467343,1.0104697566769458,0.9916962807729588,0.991696683651663,0.03069595084273817,0.030377913945668546,1.0000022177293726,1.0,1.0000022177293726
0.02376840286624876,41.072662838444415,0.031023737119847117,0.03070229162603392,1.0104697557344753,0.9917147519388556,0.991715159204972,0.030766697762025452,0.030447928027869706,1.000002233493368,1.0,1.000002233493368
0.023823194693586902,40.97589839910075,0.031094661666295875,0.030772481332716494,1.0104697547817454,0.9917331819793475,0.9917335936767455,0.030837607756886848,0.030518103498445494,1.0000022493695881,1.0,1.0000022493695881
0.023878112829131774,40.87935651179184,0.031165749677149506,0.030842832810553108,1.010469753818654,0.9917515709680021,0.9917519871409675,0.030908681202708527,0.030588440728922674,1.000002265358833,1.0,1.000002265358833
0.023933157564053866,40.78303666466219,0.03123700152920076,0.03091334643243825,1.0104697528450977,0.9917699189782321,0.9917703396714698,0.03097991847573835,0.030658940091681103,1.000002281461909,1.0,1.000002281461909
0.023988329190194904,40.68693834703354,0.031308417600109724,0.030984022572124837,1.0104697518609715,0.9917882260832931,0.9917886513419317,0.031051319953087776,0.030729601959955662,1.0000022976796281,1.0,1.0000022976796281
0.024043628000069327,40.59106104940222,0.03137999826840581,0.031054861604226172,1.01046975086617,0.9918064923562846,0.9918069222258799,0.03112288601273385,0.03080042670783821,1.0000023140128078,1.0,1.0000023140128078
0.02409905428686595,40.49540426343629,0.03145174391348976,0.031125863904217926,1.010469749860587,0.9918247178701489,0.9918251523966878,0.031194617033521155,0.03087141471027951,1.0000023304622718,1.0,1.0000023304622718
0.0241546083444494,40.39996748197305,0.03152365491563563,0.03119702984844011,1.0104697488441148,0.9918429026976706,0.9918433419275754,0.03126651339516373,0.03094256634309116,1.0000023470288495,1.0,1.0000023470288495
0.024210290467361784,40.304750199016134,0.031595731655992804,0.03126835981409908,1.0104697478166447,0.9918610469114767,0.9918614908916085,0.03133857547824711,0.031013881982947574,1.0000023637133764,1.0,1.0000023637133764
0.02426610095082415,40.20975190973303,0.03166797451658801,0.031339854179269495,1.0104697467780677,0.991879150584036,0.9918795993616988,0.031410803664230214,0.031085362007387887,1.0000023805166938,1.0,1.0000023805166938
0.024322040090738146,40.114972110452236,0.031740383880327315,0.03141151332289635,1.0104697457282723,0.9918972137876579,0.9918976674106033,0.031483198335447354,0.031157006794817976,1.0000023974396488,1.0,1.0000023974396488
0.024378108183687523,40.020410298660686,0.03181296013099816,0.03148333762479693,1.0104697446671478,0.9919152365944935,0.9919156951109239,0.03155575987511023,0.031228816724512352,1.0000024144830952,1.0,1.0000024144830952
0.024434305526939714,39.926065973001094,0.03188570365327137,0.031555327465662836,1.010469743594581,0.9919332190765341,0.9919336825351074,0.03162848866730987,0.03130079217661615,1.0000024316478924,1.0,1.0000024316478924
0.024490632418447456,39.83193863326921,0.031958614832703194,0.031627483227062006,1.0104697425104587,0.9919511613056109,0.9919516297554444,0.031701385097018656,0.03137293353214714,1.0000024489349058,1.0,1.0000024489349058
0.0245470891568503,39.73802778041128,0.03203169405573732,0.0316998052914407,1.010469741414665,0.9919690633533951,0.9919695368440695,0.03177444955009226,0.031445241172997615,1.0000024663450076,1.0,1.0000024663450076
0.024603676041476265,39.64433291652129,0.03210494170970692,0.031772294042125525,1.010469740307085,0.991986925291397,0.9919874038729608,0.0318476824132717,0.03151771548193644,1.0000024838790753,1.0,1.0000024838790753
0.02466039337234339,39.55085354483838,0.032178358182836715,0.03184494986332545,1.0104697391876016,0.9920047471909655,0.9920052309139396,0.03192108407418527,0.03159035684261099,1.0000025015379939,1.0,1.0000025015379939
0.024717241450161295,39.45758916974428,0.032251943864244965,0.03191777314013385,1.0104697380560965,0.9920225291232881,0.9920230180386695,0.031994654921350604,0.031663165639549164,1.0000025193226536,1.0,1.0000025193226536
0.024774220576332853,39.3645392967605,0.032325699143945556,0.031990764258530535,1.01046973691245,0.9920402711593909,0.9920407653186573,0.03206839534417664,0.031736142258161376,1.0000025372339516,1.0,1.0000025372339516
0.024831331052955697,39.27170343254592,0.032399624412850075,0.03206392360538374,1.0104697357565426,0.9920579733701366,0.992058472825251,0.03214230573296565,0.0318092870847425,1.0000025552727914,1.0,1.0000025552727914
0.02488857318282391,39.179081084893994,0.032473720062769815,0.032137251568452214,1.0104697345882527,0.9920756358262259,0.9920761406296403,0.032216386478915233,0.03188260050647393,1.0000025734400826,1.0,1.0000025734400826
0.024945947269429544,39.08667176273028,0.03254798648641787,0.032210748536387265,1.0104697334074568,0.9920932585981961,0.9920937688028568,0.03229063797412036,0.03195608291142555,1.0000025917367417,1.0,1.0000025917367417
0.025003453616964304,38.994474976109764,0.03262242407741123,0.032284414898734765,1.0104697322140321,0.9921108417564207,0.9921113574157723,0.03236506061157538,0.03202973468855773,1.0000026101636916,1.0,1.0000026101636916
0.025061092530321134,38.90249023621421,0.03269703323027279,0.03235825104593723,1.0104697310078534,0.9921283853711095,0.9921289065390995,0.032439654785176054,0.03210355622772337,1.0000026287218622,1.0,1.0000026287218622
0.025118864315095794,38.810717055349734,0.03277181434043347,0.03243225736933588,1.0104697297887946,0.9921458895123075,0.9921464162433907,0.03251442088972156,0.03217754791966989,1.0000026474121892,1.0,1.0000026474121892
0.025176769277588554,38.71915494694403,0.03284676780423432,0.03250643426117271,1.0104697285567281,0.9921633542498951,0.9921638865990388,0.03258935932091658,0.032251710156041266,1.0000026662356156,1.0,1.0000026662356156
0.02523480772480574,38.62780342554395,0.03292189401892854,0.03258078211459251,1.010469727311526,0.9921807796535874,0.992181317676275,0.0326644704753733,0.032326043329380015,1.000002685193091,1.0,1.000002685193091
0.02529297996446145,38.53666200681279,0.032997193382683636,0.03265530132364501,1.010469726053058,0.9921981657929339,0.9921987095451705,0.032739754750613435,0.03240054783312928,1.0000027042855717,1.0,1.0000027042855717
0.025351286304979074,38.445730207527845,0.033072666294583476,0.03272999228328687,1.0104697247811936,0.9922155127373178,0.9922160622756346,0.03281521254507035,0.032475224061634805,1.0000027235140212,1.0,1.0000027235140212
0.02540972705549304,38.35500754557776,0.03314831315463042,0.03280485538938385,1.0104697234958004,0.992232820555956,0.9922333759374151,0.03289084425809104,0.03255007241014705,1.0000027428794092,1.0,1.0000027428794092
0.02546830252585041,38.264493539959986,0.03322413436374739,0.03287989103871282,1.0104697221967451,0.9922500893178984,0.9922506506000975,0.032966650289938206,0.03262509327482311,1.0000027623827128,1.0,1.0000027623827128
0.025527013026612463,38.17418771077832,0.03330013032378003,0.03295509962896388,1.0104697208838933,0.9922673190920275,0.9922678863331051,0.033042631041792336,0.03270028705272889,1.0000027820249162,1.0,1.0000027820249162
0.025585858869056458,38.0840895792402,0.03337630143749877,0.0330304815587425,1.0104697195571084,0.9922845099470581,0.992285083205698,0.033118786915753755,0.03277565414184107,1.0000028018070104,1.0,1.0000028018070104
0.02564484036517717,37.99419866765435,0.03345264810860099,0.03310603722757151,1.0104697182162539,0.992301661951537,0.992302241286973,0.0331951183148447,0.03285119494104917,1.0000028217299934,1.0,1.0000028217299934
0.02570395782768863,37.904514499428075,0.033529170741713125,0.03318176703589332,1.0104697168611911,0.9923187751738421,0.9923193606458638,0.03327162564301139,0.03292690985015766,1.0000028417948705,1.0,1.0000028417948705
0.02576321157002575,37.81503659906483,0.033605869742392776,0.03325767138507195,1.0104697154917803,0.9923358496821825,0.9923364413511397,0.033348309305126084,0.03300279926988793,1.000002862002654,1.0,1.000002862002654
0.025822601906345954,37.72576449216173,0.033682745517130894,0.033333750677395205,1.0104697141078802,0.9923528855445979,0.9923534834714058,0.03342516970698921,0.03307886360188046,1.0000028823543639,1.0,1.0000028823543639
0.025882129151530913,37.636697705406924,0.03375979847335387,0.03341000531607672,1.0104697127093492,0.9923698828289579,0.9923704870751023,0.033502207255331415,0.03315510324869681,1.0000029028510267,1.0,1.0000029028510267
0.025941793621188137,37.54783576657719,0.0338370290194257,0.03348643570525817,1.0104697112960421,0.9923868416029618,0.9923874522305043,0.033579422357815636,0.033231518613821745,1.000002923493677,1.0,1.000002923493677
0.026001595631652722,37.459178204535355,0.03391443756465016,0.03356304225001132,1.010469709867815,0.9924037619341386,0.9924043790057214,0.033656815423039284,0.033308110101665275,1.0000029442833565,1.0,1.0000029442833565
0.02606153549998895,37.37072454922789,0.0339920245192729,0.033639825356340185,1.0104697084245218,0.9924206438898459,0.9924212674686977,0.03373438686053624,0.03338487811756476,1.000002965221114,1.0,1.000002965221114
0.026121613543992055,37.28247433168228,0.03406979029448364,0.033716785431183206,1.0104697069660133,0.9924374875372697,0.9924381176872104,0.033812137080779,0.03346182306778702,1.0000029863080064,1.0,1.0000029863080064
0.026181830082189852,37.19442708400466,0.03414773530241837,0.033793922882415346,1.0104697054921412,0.9924542929434239,0.9924549297288704,0.033890066495180816,0.033538945359530385,1.0000030075450979,1.0,1.0000030075450979
0.02624218543384441,37.10658233937731,0.034225859956161425,0.03387123811885023,1.010469704002755,0.9924710601751505,0.9924717036611216,0.03396817551609776,0.033616245400926816,1.00000302893346,1.0,1.00000302893346
0.026302679918953818,37.018939632056124,0.034304164669747755,0.03394873155024235,1.0104697024977025,0.9924877892991183,0.9924884395512404,0.03404646455683087,0.033693723601043994,1.0000030504741724,1.0,1.0000030504741724
0.026363313858253794,36.931498497368196,0.03438264985816503,0.03402640358728917,1.0104697009768302,0.9925044803818227,0.9925051374663354,0.03412493403162824,0.03377138036988745,1.000003072168322,1.0,1.000003072168322
0.026424087573219467,36.84425847170933,0.03446131593735588,0.03410425464163332,1.0104696994399833,0.9925211334895855,0.992521797473347,0.034203584355687176,0.03384921611840264,1.000003094017004,1.0,1.000003094017004
0.026485001386067002,36.75721909254161,0.03454016332422004,0.03418228512586474,1.0104696978870058,0.9925377486885545,0.9925384196390471,0.03428241594515634,0.033927231258477096,1.0000031160213207,1.0,1.0000031160213207
0.026546055619755385,36.6703798983909,0.03461919243661656,0.03426049545352288,1.0104696963177395,0.9925543260447027,0.9925550040300386,0.03436142921713782,0.03400542620294252,1.0000031381823833,1.0,1.0000031381823833
0.026607250597988095,36.583740428844415,0.03469840369336602,0.034338886039098834,1.0104696947320257,0.9925708656238281,0.992571550712755,0.03444062458968934,0.034083801365576906,1.0000031605013098,1.0,1.0000031605013098
0.026668586645214792,36.49730022454836,0.03477779751425269,0.03441745729803757,1.0104696931297033,0.9925873674915537,0.9925880597534604,0.03452000248182638,0.03416235716110669,1.000003182979227,1.0,1.000003182979227
0.026730064086633115,36.41105882720533,0.034857374320026786,0.034496209646740085,1.0104696915106102,0.992603831713326,0.9926045312182485,0.03459956331352428,0.03424109400520887,1.0000032056172694,1.0,1.0000032056172694
0.026791683248190312,36.32501577957207,0.03493713453240665,0.03457514350256559,1.0104696898745829,0.9926202583544155,0.9926209651730423,0.03467930750572046,0.0343200123145131,1.0000032284165798,1.0,1.0000032284165798
0.026853444456585066,36.239170625456865,0.03501707857408098,0.03465425928383375,1.0104696882214559,0.9926366474799158,0.9926373616835943,0.03475923548031653,0.034399112506603935,1.000003251378309,1.0,1.000003251378309
0.026915348039269156,36.15352290971725,0.03509720686871103,0.034733557409826823,1.010469686551062,0.9926529991547434,0.9926537208154855,0.034839347660180466,0.03447839500002287,1.000003274503616,1.0,1.000003274503616
0.026977394324449195,36.06807217825761,0.03517751984093291,0.034813038300791924,1.010469684863234,0.992669313443637,0.9926700426341252,0.03491964446914879,0.03455786021427055,1.0000032977936684,1.0,1.0000032977936684
0.027039583641088438,35.982817978026624,0.03525801791635971,0.03489270237794319,1.0104696831578013,0.9926855904111573,0.9926863272047509,0.0350001263320287,0.0346375085698089,1.0000033212496415,1.0,1.0000033212496415
0.02710191631890842,35.89775985701504,0.03533870152158383,0.03497255006346403,1.0104696814345924,0.9927018301216864,0.9927025745924271,0.0350807936746003,0.03471734048806329,1.00000334487272,1.0,1.00000334487272
0.027164392688390826,35.812897364253146,0.035419571084179174,0.03505258178050933,1.0104696796934343,0.9927180326394275,0.9927187848620458,0.0351616469236187,0.03479735639142471,1.0000033686640957,1.0,1.0000033686640957
0.02722701308077912,35.728230049808474,0.03550062703270341,0.03513279795320767,1.0104696779341524,0.992734198028404,0.9927349580783259,0.0352426865068163,0.03487755670325191,1.0000033926249703,1.0,1.0000033926249703
0.0272897778280804,35.643757464783334,0.03558186979670023,0.03521319900666359,1.0104696761565706,0.9927503263524597,0.9927510943058121,0.035323912852904885,0.03495794184787361,1.0000034167565532,1.0,1.0000034167565532
0.02735268726306712,35.55947916131249,0.03566329980670158,0.03529378536695977,1.0104696743605104,0.992766417675258,0.9927671936088752,0.03540532639157785,0.03503851225059064,1.000003441060063,1.0,1.000003441060063
0.027415741719278817,35.47539469256079,0.03574491749423,0.035374557461159334,1.0104696725457927,0.992782472060281,0.992783256051712,0.035486927553512446,0.035119268337678144,1.0000034655367263,1.0,1.0000034655367263
0.027478941531023968,35.39150361272071,0.035826723291800755,0.03545551571730804,1.0104696707122358,0.9927984895708306,0.9927992816983439,0.035568716770371885,0.03520021053638776,1.000003490187779,1.0,1.000003490187779
0.02754228703338166,35.30780547701014,0.03590871763292425,0.03553666056443656,1.0104696688596573,0.9928144702700259,0.9928152706126171,0.03565069447480763,0.0352813392749498,1.000003515014466,1.0,1.000003515014466
0.02760577856220346,35.22429984166986,0.035990900952108225,0.035617992432562744,1.010469666987872,0.9928304142208043,0.9928312228582025,0.035732861100461547,0.03536265498257547,1.0000035400180405,1.0,1.0000035400180405
0.027669416454115112,35.14098626396133,0.03607327368486006,0.03569951175269387,1.0104696650966938,0.9928463214859201,0.9928471384985941,0.03581521708196815,0.035444158089459034,1.0000035651997652,1.0,1.0000035651997652
0.027733201046518396,35.057864302164255,0.03615583626768906,0.035781218956828884,1.0104696631859347,0.9928621921279452,0.9928630175971103,0.03589776285495683,0.03552584902678005,1.0000035905609113,1.0,1.0000035905609113
0.027797132677592887,34.97493351557423,0.03623858913810876,0.03586311447796072,1.0104696612554045,0.9928780262092671,0.992878860216892,0.03598049885605401,0.035607728226705555,1.0000036161027595,1.0,1.0000036161027595
0.027861211686297696,34.89219346450053,0.03632153273463922,0.035945198750078546,1.010469659304912,0.9928938237920898,0.992894666420903,0.036063425522885495,0.035689796122392294,1.0000036418265994,1.0,1.0000036418265994
0.027925438412373382,34.8096437102636,0.036404667496809304,0.03602747220817005,1.010469657334264,0.9929095849384323,0.9929104362719292,0.03614654329407856,0.035772053147988925,1.0000036677337303,1.0,1.0000036677337303
0.02798981319634362,34.7272838151929,0.03648799386515901,0.036109935288223725,1.0104696553432644,0.9929253097101289,0.9929261698325786,0.03622985260926429,0.03585449973863825,1.00000369382546,1.0,1.00000369382546
0.028054336379517125,34.645113342624434,0.0365715122812418,0.03619258842723117,1.0104696533317172,0.9929409981688283,0.9929418671652805,0.0363133539090798,0.035937136330479444,1.0000037201031065,1.0,1.0000037201031065
0.0281190083039894,34.563131856898536,0.03665522318762688,0.03627543206318938,1.010469651299423,0.9929566503759932,0.992957528332285,0.036397047635170425,0.03601996336065025,1.000003746567996,1.0,1.000003746567996
0.02818382931264453,34.481338923357555,0.036739127027901566,0.036358466635103046,1.0104696492461815,0.9929722663928998,0.992973153395663,0.03648093423019206,0.03610298126728927,1.000003773221466,1.0,1.000003773221466
0.02824879974915707,34.399734108343466,0.03682322424667358,0.03644169258298687,1.01046964717179,0.9929878462806373,0.9929887424173058,0.03656501413781334,0.036186190489538195,1.0000038000648617,1.0,1.0000038000648617
0.028313919957993785,34.31831697919571,0.036907515289573395,0.03652511034786786,1.0104696450760444,0.9930033901001077,0.9930042954589239,0.03664928780271794,0.03626959146754397,1.0000038270995388,1.0,1.0000038270995388
0.028379190284415563,34.237087104248715,0.036992000603256574,0.036608720371787674,1.010469642958738,0.993018897912025,0.9930198125820476,0.036733755670606806,0.036353184642461185,1.000003854326863,1.0,1.000003854326863
0.028444611074479154,34.15604405282982,0.03707668063540613,0.03669252309780492,1.0104696408196632,0.9930343697769146,0.9930352938480257,0.03681841818820046,0.03643697045645418,1.000003881748209,1.0,1.000003881748209
0.028510182675039082,34.07518739525681,0.03716155583473486,0.03677651896999749,1.0104696386586094,0.9930498057551131,0.9930507393180257,0.03690327580324125,0.03652094935269941,1.0000039093649622,1.0,1.0000039093649622
0.028575905433749466,33.99451670283573,0.0372466266509877,0.03686070843346491,1.0104696364753647,0.993065205906768,0.993066149053033,0.03698832896449561,0.036605121775387654,1.0000039371785165,1.0,1.0000039371785165
0.0286417796990658,33.91403154785862,0.03733189353494409,0.03694509193433064,1.0104696342697153,0.9930805702918363,0.9930815231138509,0.03707357812175639,0.03668948816972632,1.0000039651902775,1.0,1.0000039651902775
0.028707805820246908,33.83373150360118,0.03741735693842034,0.037029669919744455,1.0104696320414448,0.9930958989700851,0.9930968615610996,0.0371590237258451,0.03677404898194167,1.0000039934016596,1.0,1.0000039934016596
0.028773984147356685,33.75361614432059,0.03750301731427202,0.03711444283788477,1.0104696297903362,0.9931111920010903,0.9931121644552159,0.037244666228614214,0.03685880465928113,1.0000040218140875,1.0,1.0000040218140875
0.02884031503126606,33.673685045253166,0.03758887511639628,0.037199411137961026,1.0104696275161684,0.9931264494442369,0.993127431856453,0.037330506082949466,0.03694375565001557,1.0000040504289966,1.0,1.0000040504289966
0.028906798823654753,33.5939377826122,0.0376749307997343,0.037284575270215996,1.0104696252187197,0.9931416713587173,0.99314266382488,0.03741654374277214,0.03702890240344156,1.000004079247832,1.0,1.000004079247832
0.02897343587701322,33.51437393358564,0.03776118482027365,0.037369935685928196,1.0104696228977665,0.9931568578035319,0.9931578604203817,0.037502779663041406,0.03711424536988372,1.0000041082720497,1.0,1.0000041082720497
0.029040226544644505,33.434993076333846,0.037847637635050654,0.037455492837414235,1.0104696205530823,0.9931720088374881,0.9931730217026572,0.037589214299756576,0.03719978500069693,1.0000041375031152,1.0,1.0000041375031152
0.029107171180666046,33.35579478998747,0.03793428970215283,0.0375412471780312,1.0104696181844388,0.9931871245191998,0.9931881477312207,0.03767584810995946,0.03728552174826872,1.0000041669425053,1.0,1.0000041669425053
0.029174270140011668,33.276778654645035,0.03802114148072127,0.03762719916217901,1.010469615791606,0.993202204907087,0.9932032385654,0.03776268155173667,0.037371456066021505,1.0000041965917073,1.0,1.0000041965917073
0.02924152377843335,33.19794425137089,0.03810819343095306,0.03771334924530285,1.0104696133743516,0.9932172500593751,0.9932182942643369,0.03784971508422195,0.03745758840841491,1.0000042264522184,1.0,1.0000042264522184
0.029308932452503197,33.119291162192866,0.03819544601410369,0.03779969788389551,1.0104696109324405,0.9932322600340947,0.9932333148869863,0.03793694916759846,0.037543919230948145,1.0000042565255474,1.0,1.0000042565255474
0.029376496519615304,33.04081897010009,0.038282899692489464,0.03788624553549982,1.0104696084656364,0.9932472348890808,0.9932483004921153,0.0380243842631012,0.037630448990162185,1.0000042868132133,1.0,1.0000042868132133
0.029444216337987605,32.96252725904085,0.03837055492948993,0.03797299265871102,1.0104696059737002,0.9932621746819722,0.9932632511383039,0.03811202083301924,0.037717178143642255,1.000004317316746,1.0,1.000004317316746
0.029512092266663854,32.88441561392026,0.03845841218955032,0.03805993971317921,1.0104696034563903,0.9932770794702112,0.9932781668839434,0.03819985934069811,0.03780410715002005,1.0000043480376868,1.0,1.0000043480376868
0.02958012466551545,32.80648362059817,0.03854647193818397,0.0381470871596117,1.0104696009134642,0.9932919493110429,0.9932930477872369,0.03828790025054217,0.037891236468976075,1.0000043789775872,1.0,1.0000043789775872
0.029648313895243427,32.72873086588689,0.038634734641974776,0.038234435459775486,1.010469598344676,0.9933067842615148,0.993307893906198,0.03837614402801691,0.037978566561242044,1.0000044101380108,1.0,1.0000044101380108
0.029716660317380256,32.651156937549075,0.03872320076857963,0.03832198507649966,1.010469595749778,0.993321584378476,0.9933227052986506,0.03846459113965134,0.038066097888603156,1.0000044415205311,1.0,1.0000044415205311
0.029785164294291885,32.573761424295476,0.038811870786730866,0.0384097364736778,1.0104695931285197,0.9933363497185773,0.9933374820222288,0.038553242053040324,0.03815383091390047,1.0000044731267344,1.0,1.0000044731267344
0.029853826189179592,32.49654391578277,0.03890074516623873,0.038497690116270446,1.010469590480649,0.9933510803382697,0.9933522241343762,0.038642097236846966,0.03824176610103324,1.0000045049582167,1.0,1.0000045049582167
0.029922646366081884,32.41950400261143,0.03898982437799384,0.03858584647030753,1.0104695878059116,0.9933657762938045,0.9933669316923451,0.038731157160804955,0.03832990391496129,1.0000045370165866,1.0,1.0000045370165866
0.029991625189876508,32.3426412763235,0.03907910889396964,0.03867420600289082,1.01046958510405,0.993380437641233,0.9933816047531965,0.03882042229572096,0.03841824482170739,1.0000045693034636,1.0,1.0000045693034636
0.030060763026282303,32.265955329400455,0.039168599187224894,0.03876276918219637,1.010469582374804,0.9933950644364048,0.993396243373799,0.038909893113476986,0.03850678928835954,1.0000046018204791,1.0,1.0000046018204791
0.030130060241861215,32.18944575526103,0.039258295731906145,0.038851536477476946,1.010469579617913,0.9934096567349684,0.9934108476108292,0.03899957008703276,0.038595537783073425,1.0000046345692761,1.0,1.0000046345692761
0.030199517204020157,32.11311214825911,0.03934819900325023,0.03894050835906454,1.0104695768331124,0.9934242145923703,0.9934254175207707,0.03908945369042814,0.038684490775074756,1.0000046675515089,1.0,1.0000046675515089
0.030269134281013046,32.03695410368149,0.03943830947758672,0.0390296852983728,1.0104695740201357,0.9934387380638541,0.9934399531599135,0.03917954439878549,0.03877364873466164,1.0000047007688442,1.0,1.0000047007688442
0.030338911841942703,31.96097121774578,0.03952862763234046,0.03911906776789952,1.0104695711787135,0.9934532272044603,0.9934544545843538,0.03926984268831204,0.038863012133206996,1.0000047342229603,1.0,1.0000047342229603
0.030408850256762786,31.885163087598315,0.03961915394603407,0.0392086562412291,1.0104695683085745,0.9934676820690257,0.993468921849993,0.03936034903630236,0.038952581443160876,1.0000047679155475,1.0,1.0000047679155475
0.030478949896279833,31.8095293113119,0.03970988889829039,0.03929845119303505,1.0104695654094444,0.9934821027121825,0.993483355012538,0.03945106392114069,0.039042357138052944,1.0000048018483083,1.0,1.0000048018483083
0.030549211132155127,31.734069487883822,0.03980083296983508,0.039388453099082454,1.010469562481047,0.9934964891883582,0.9934977541275003,0.03954198782230341,0.0391323396924948,1.0000048360229572,1.0,1.0000048360229572
0.030619634336906763,31.65878321723359,0.039891986642499086,0.03947866243623049,1.0104695595231028,0.9935108415517744,0.9935121192501951,0.03963312122036141,0.03922252958218242,1.0000048704412212,1.0,1.0000048704412212
0.03069021988391157,31.583670100200884,0.03998335039922116,0.0395690796824349,1.0104695565353308,0.9935251598564468,0.9935264504357416,0.03972446459698253,0.03931292728389857,1.0000049051048392,1.0,1.0000049051048392
0.030760968147407072,31.508729738543444,0.0400749247240504,0.03965970531675053,1.0104695535174464,0.9935394441561846,0.9935407477390616,0.03981601843493397,0.039403533275515164,1.0000049400155628,1.0,1.0000049400155628
0.030831879502493543,31.433961734934925,0.040166710102148805,0.03975053981933383,1.0104695504691625,0.9935536945045892,0.9935550112148801,0.03990778321808475,0.03949434803599576,1.0000049751751565,1.0,1.0000049751751565
0.030902954325135897,31.359365692962832,0.040258707019793775,0.03984158367144534,1.0104695473901906,0.9935679109550545,0.9935692409177234,0.039999759431408086,0.03958537204539791,1.0000050105853966,1.0,1.0000050105853966
0.030974192992165802,31.284941217126352,0.04035091596438067,0.03993283735545224,1.0104695442802374,0.9935820935607659,0.9935834369019197,0.04009194756098387,0.039676605784875606,1.0000050462480725,1.0,1.0000050462480725
0.031045595881283552,31.210687912834352,0.040443337424425393,0.04002430135483089,1.0104695411390092,0.993596242374699,0.9935975992215984,0.04018434809400111,0.03976804973668174,1.0000050821649864,1.0,1.0000050821649864
0.031117163371060165,31.136605386403183,0.040535971889566896,0.04011597615416933,1.0104695379662079,0.9936103574496207,0.993611727930689,0.04027696151876034,0.039859704384170504,1.0000051183379537,1.0,1.0000051183379537
0.031188895840939368,31.06269324505466,0.04062881985056978,0.040207862239169834,1.0104695347615336,0.9936244388380869,0.9936258230829211,0.04036978832467612,0.03995157021179983,1.0000051547688018,1.0,1.0000051547688018
0.03126079367123954,30.988951096913993,0.04072188179932684,0.04029996009665147,1.0104695315246834,0.9936384865924426,0.993639884731824,0.04046282900227945,0.04004364770513387,1.0000051914593722,1.0,1.0000051914593722
0.031332857243155855,30.915378551007617,0.04081515822886166,0.040392270214552606,1.0104695282553517,0.9936525007648213,0.9936539129307252,0.04055608404322027,0.040135937350845384,1.000005228411519,1.0,1.000005228411519
0.031405086938762164,30.841975217261258,0.04090864963333118,0.040484793081933534,1.0104695249532296,0.9936664814071443,0.9936679077327515,0.04064955394026985,0.040228439636718266,1.0000052656271095,1.0,1.0000052656271095
0.03147748314101316,30.768740706497706,0.04100235650802826,0.04057752918897896,1.0104695216180064,0.99368042857112,0.9936818691908267,0.04074323918732338,0.04032115505164994,1.0000053031080247,1.0,1.0000053031080247
0.031550046233746264,30.69567463043491,0.04109627934938431,0.040670479027000606,1.0104695182493677,0.9936943423082437,0.9936957973576721,0.0408371402794023,0.04041408408565385,1.0000053408561587,1.0,1.0000053408561587
0.031622776601683784,30.622776601683803,0.041190418654971875,0.04076364308843979,1.0104695148469964,0.993708222669796,0.9937096922858062,0.04093125771265691,0.040507227229861935,1.0000053788734193,1.0,1.0000053788734193
0.031695674630434906,30.55004623374627,0.04128477492350721,0.04085702186686999,1.0104695114105728,0.9937220697068432,0.9937235540275432,0.04102559198436877,0.0406005849765271,1.0000054171617279,1.0,1.0000054171617279
0.0317687407064977,30.477483141013167,0.041379348654852925,0.04095061585699944,1.0104695079397739,0.993735883470236,0.9937373826349929,0.04112014359295319,0.04069415781902566,1.0000054557230194,1.0,1.0000054557230194
0.031841975217261245,30.405086938762174,0.041474140350020575,0.04104442555467368,1.0104695044342742,0.9937496640106089,0.9937511781600605,0.041214913037961785,0.040787946251859865,1.000005494559243,1.0,1.000005494559243
0.03191537855100761,30.33285724315586,0.041569150511173276,0.04113845145687821,1.010469500893745,0.9937634113783802,0.9937649406544455,0.04130990082008489,0.04088195077066036,1.0000055336723612,1.0,1.0000055336723612
0.03198895109691397,30.260793671239558,0.04166437964162836,0.04123269406174106,1.0104694973178543,0.9937771256237504,0.9937786701696415,0.04140510744115414,0.0409761718721887,1.0000055730643511,1.0,1.0000055730643511
0.03206269324505465,30.188895840939374,0.04175982824585998,0.04132715386853538,1.010469493706268,0.9937908067967021,0.9937923667569353,0.0415005334041449,0.04107061005433981,1.0000056127372037,1.0,1.0000056127372037
0.032136605386403165,30.117163371060183,0.04185549682950172,0.04142183137768211,1.0104694900586475,0.9938044549469992,0.9938060304674066,0.04159617921317881,0.04116526581614452,1.000005652692924,1.0,1.000005652692924
0.032210687912834345,30.045595881283557,0.04195138589934932,0.04151672709075253,1.0104694863746524,0.9938180701241863,0.9938196613519276,0.04169204537352634,0.041260139657772074,1.0000056929335317,1.0,1.0000056929335317
0.03228494121712635,29.974192992165808,0.042047495963363234,0.04161184151047092,1.0104694826539384,0.9938316523775881,0.9938332594611616,0.04178813239160925,0.04135523208053258,1.0000057334610604,1.0,1.0000057334610604
0.03235936569296283,29.902954325135905,0.04214382753067134,0.041707175140717194,1.010469478896159,0.9938452017563084,0.9938468248455636,0.041884440775003126,0.04145054358687961,1.0000057742775588,1.0,1.0000057742775588
0.032433961734934916,29.83187950249355,0.04224038111157159,0.04180272848652952,1.0104694751009637,0.9938587183092293,0.9938603575553788,0.041980971032439925,0.04154607468041265,1.00000581538509,1.0,1.00000581538509
0.03250872973854343,29.76096814740709,0.04233715721753465,0.04189850205410698,1.010469471267999,0.9938722020850116,0.9938738576406425,0.042077723673810505,0.04164182586587969,1.0000058567857317,1.0,1.0000058567857317
0.03258367010020088,29.690219883911574,0.0424341563612066,0.041994496350812184,1.0104694673969083,0.9938856531320924,0.993887325151179,0.04217469921016716,0.04173779764917967,1.0000058984815765,1.0,1.0000058984815765
0.032658783217233575,29.619634336906778,0.0425313790564116,0.042090711885173965,1.010469463487332,0.9938990714986861,0.9939007601366016,0.04227189815372615,0.04183399053736509,1.000005940474732,1.0,1.000005940474732
0.03273406948788382,29.54921113215513,0.042628825818154574,0.042187149166890016,1.0104694595389063,0.9939124572327822,0.9939141626463114,0.04236932101787028,0.04193040503864452,1.000005982767321,1.0,1.000005982767321
0.0328095293113119,29.478949896279836,0.0427264971626239,0.04228380870682954,1.0104694555512654,0.993925810382146,0.9939275327294976,0.042466968317151424,0.042027041662385134,1.000006025361481,1.0,1.000006025361481
0.032885163087598306,29.40885025676279,0.0428243936071941,0.042380691017035954,1.0104694515240393,0.9939391309943166,0.9939408704351361,0.04256484056729307,0.04212390091911527,1.0000060682593652,1.0,1.0000060682593652
0.03296097121774577,29.33891184194271,0.04292251567042854,0.04247779661072955,1.0104694474568547,0.9939524191166074,0.9939541758119887,0.042662938285192936,0.04222098332052698,1.0000061114631422,1.0,1.0000061114631422
0.033036954103681467,29.269134281013066,0.04302086387208216,0.04257512600231016,1.0104694433493355,0.9939656747961039,0.9939674489086036,0.04276126198892547,0.04231828937947858,1.0000061549749957,1.0,1.0000061549749957
0.033113112148259106,29.199517204020164,0.04311943873310416,0.042672679707359884,1.0104694392011013,0.9939788980796644,0.9939806897733132,0.04285981219774447,0.04241581960999724,1.0000061987971252,1.0,1.0000061987971252
0.03318944575526103,29.13006024186122,0.0432182407756407,0.04277045824264575,1.010469435011769,0.9939920890139188,0.9939938984542351,0.04295858943208563,0.04251357452728152,1.000006242931746,1.0,1.000006242931746
0.03326595532940045,29.06076302628231,0.043317270523037694,0.04286846212612241,1.0104694307809516,0.9940052476452672,0.9940070749992704,0.04305759421356912,0.04261155464770394,1.0000062873810889,1.0,1.0000062873810889
0.03334264127632349,28.991625189876512,0.04341652849984347,0.042966691876934894,1.010469426508259,0.9940183740198801,0.9940202194561035,0.04315682706500219,0.04270976048881361,1.000006332147401,1.0,1.000006332147401
0.033419504002611414,28.922646366081903,0.04351601523181153,0.04306514801542126,1.010469422193297,0.9940314681836971,0.9940333318722012,0.04325628851038175,0.04280819256933871,1.0000063772329453,1.0,1.0000063772329453
0.03349654391578276,28.853826189179603,0.04361573124590332,0.04316383106311537,1.0104694178356683,0.9940445301824266,0.9940464122948125,0.04335597907489695,0.04290685140918921,1.000006422640001,1.0,1.000006422640001
0.033573761424295454,28.78516429429191,0.043715677070290934,0.04326274154274956,1.0104694134349717,0.9940575600615441,0.9940594607709671,0.0434558992849318,0.04300573752945935,1.0000064683708634,1.0,1.0000064683708634
0.03365115693754907,28.716660317380267,0.04381585323435988,0.043361879978257405,1.0104694089908026,0.9940705578662925,0.994072477347476,0.043556049668067726,0.04310485145243025,1.0000065144278443,1.0,1.0000065144278443
0.03372873086588688,28.64831389524343,0.04391626026871188,0.043461246894776456,1.0104694045027527,0.9940835236416811,0.9940854620709295,0.04365643075308626,0.04320419370157261,1.0000065608132718,1.0,1.0000065608132718
0.03380648362059816,28.58012466551546,0.04401689870516757,0.043560842818650955,1.01046939997041,0.994096457432484,0.9940984149876979,0.04375704306997157,0.043303764801549155,1.0000066075294913,1.0,1.0000066075294913
0.03388441561392025,28.512092266663863,0.044117769076769335,0.04366066827743461,1.0104693953933586,0.9941093592832406,0.9941113361439295,0.04385788714991313,0.0434035652782174,1.000006654578864,1.0,1.000006654578864
0.03396252725904083,28.444216337987623,0.044218871917784036,0.04376072379989334,1.0104693907711786,0.9941222292382537,0.9941242255855512,0.04395896352530828,0.04350359565863217,1.0000067019637686,1.0,1.0000067019637686
0.034040818970100084,28.376496519615312,0.044320207763705835,0.043861009916008026,1.010469386103447,0.9941350673415894,0.9941370833582667,0.044060272729764934,0.04360385647104823,1.0000067496866007,1.0,1.0000067496866007
0.034119291162192845,28.308932452503214,0.04442177715125896,0.04396152715697729,1.0104693813897367,0.9941478736370759,0.9941499095075563,0.04416181529810414,0.043704348244922954,1.0000067977497729,1.0,1.0000067977497729
0.03419794425137088,28.241523778433358,0.044523580618400505,0.04406227605522026,1.0104693766296167,0.9941606481683029,0.9941627040786767,0.044263591766362735,0.043805071510918905,1.0000068461557146,1.0,1.0000068461557146
0.034276778654645026,28.174270140011675,0.044625618704323244,0.04416325714437935,1.0104693718226518,0.9941733909786209,0.9941754671166595,0.04436560267179601,0.043906026800906495,1.0000068949068734,1.0,1.0000068949068734
0.034355794789987446,28.107171180666068,0.044727891949458434,0.044264470959323045,1.0104693669684035,0.9941861021111402,0.9941881986663108,0.04446784855288033,0.04400721464796661,1.0000069440057138,1.0,1.0000069440057138
0.034434993076333846,28.040226544644508,0.04483040089547862,0.044365918036148685,1.0104693620664287,0.9941987816087298,0.994200898772211,0.04457032994931575,0.04410863558639327,1.0000069934547178,1.0,1.0000069934547178
0.03451437393358561,27.97343587701324,0.04493314608530047,0.04446759891218527,1.0104693571162806,0.9942114295140174,0.9942135674787131,0.04467304740202875,0.04421029015169626,1.0000070432563857,1.0,1.0000070432563857
0.03459393778261219,27.90679882365476,0.04503612806308759,0.04456951412599627,1.0104693521175085,0.9942240458693875,0.994226204829943,0.044776001453174806,0.0443121788806038,1.000007093413235,1.0,1.000007093413235
0.03467368504525316,27.840315031266066,0.04513934737425337,0.044671664217382404,1.0104693470696573,0.9942366307169817,0.9942388108697979,0.044879192646141104,0.04441430231106518,1.0000071439278013,1.0,1.0000071439278013
0.034753616144320584,27.77398414735669,0.045242804565463805,0.04477404972738448,1.0104693419722681,0.9942491840986967,0.9942513856419469,0.044982621525549174,0.04451666098225346,1.000007194802639,1.0,1.000007194802639
0.034833731503601174,27.70780582024691,0.045346500184640356,0.04487667119828622,1.0104693368248774,0.9942617060561845,0.9942639291898283,0.0450862886372576,0.04461925543456806,1.0000072460403195,1.0,1.0000072460403195
0.0349140315478586,27.64177969906582,0.04545043478096281,0.04497952917361706,1.0104693316270186,0.9942741966308507,0.994276441556651,0.045190194528364674,0.044722086209637545,1.0000072976434338,1.0,1.0000072976434338
0.03499451670283572,27.575905433749472,0.04555460890487211,0.045082624198155015,1.0104693263782194,0.9942866558638541,0.994288922785392,0.04529433974721104,0.0448251538503222,1.0000073496145903,1.0,1.0000073496145903
0.035075187395256786,27.510182675039104,0.04565902310807324,0.04518595681792949,1.0104693210780045,0.994299083796106,0.9943013729187967,0.04539872484338245,0.044928458900716756,1.0000074019564167,1.0,1.0000074019564167
0.035156044052829814,27.444611074479155,0.04576367794353808,0.04528952758022414,1.0104693157258937,0.9943114804682684,0.9943137919993782,0.045503350367712386,0.04503200190615309,1.0000074546715594,1.0,1.0000074546715594
0.03523708710424871,27.379190284415568,0.04586857396550828,0.04539333703357972,1.0104693103214024,0.994323845920755,0.994326180069416,0.04560821687228481,0.04513578341320288,1.0000075077626835,1.0,1.0000075077626835
0.0353183169791957,27.31391995799379,0.04597371172949817,0.04549738572779695,1.010469304864042,0.9943361801937277,0.994338537170955,0.04571332491043679,0.0452398039696803,1.000007561232473,1.0,1.000007561232473
0.03539973410834346,27.248799749157076,0.04607909179229764,0.045601674213939375,1.010469299353319,0.9943484833270978,0.9943508633458059,0.04581867503676128,0.04534406412464479,1.0000076150836315,1.0,1.0000076150836315
0.03548133892335753,27.18382931264455,0.04618471471197501,0.045706203044336216,1.0104692937887363,0.9943607553605242,0.9943631586355436,0.04592426780710978,0.04544856442840366,1.0000076693188813,1.0,1.0000076693188813
0.03556313185689853,27.119008303989407,0.04629058104787995,0.04581097277258528,1.0104692881697914,0.9943729963334128,0.9943754230815064,0.04603010377859507,0.04555330543251486,1.0000077239409646,1.0,1.0000077239409646
0.035645113342624414,27.054336379517142,0.04639669136064638,0.0459159839535558,1.0104692824959782,0.9943852062849151,0.9943876567247956,0.046136183509593885,0.04565828768978966,1.000007778952643,1.0,1.000007778952643
0.03572728381519289,26.989813196343626,0.046503046212195386,0.046021237143391375,1.010469276766785,0.9943973852539283,0.9943998596062744,0.046242507559749686,0.045763511754295445,1.0000078343566978,1.0,1.0000078343566978
0.03580964371026359,26.92543841237339,0.046609646165738164,0.04612673289951284,1.0104692709816963,0.9944095332790932,0.9944120317665677,0.04634907648997536,0.04586897818135835,1.00000789015593,1.0,1.00000789015593
0.03589219346450051,26.86121168629771,0.0467164917857789,0.04623247178062115,1.0104692651401916,0.9944216503987942,0.9944241732460603,0.04645589086245596,0.045974687527566,1.000007946353161,1.0,1.000007946353161
0.03597493351557422,26.79713267759289,0.04682358363811773,0.04633845434670031,1.0104692592417461,0.9944337366511572,0.994436284084897,0.0465629512406514,0.0460806403507703,1.0000080029512317,1.0,1.0000080029512317
0.036057864302164226,26.733201046518417,0.04693092228985368,0.0464446811590203,1.0104692532858297,0.99444579207405,0.9944483643229812,0.046670258189299235,0.04618683721009012,1.000008059953004,1.0,1.000008059953004
0.036140986263961325,26.66941645411512,0.047038508309387606,0.04655115278013996,1.010469247271908,0.9944578167050808,0.994460413999975,0.0467778122744174,0.04629327866591407,1.0000081173613595,1.0,1.0000081173613595
0.03622429984166985,26.605778562203465,0.04714634226642515,0.04665786977390995,1.0104692411994416,0.9944698105815967,0.994472433155297,0.04688561406330694,0.04639996527990321,1.000008175179201,1.0,1.000008175179201
0.03630780547701013,26.542287033381665,0.047254424731979675,0.04676483270547567,1.0104692350678863,0.9944817737406836,0.9944844218281222,0.046993664124554774,0.04650689761499383,1.0000082334094516,1.0,1.0000082334094516
0.036391503612720706,26.478941531023974,0.04736275627837526,0.046872042141280185,1.0104692288766932,0.9944937062191644,0.9944963800573823,0.04710196302803641,0.04661407623540022,1.000008292055055,1.0,1.000008292055055
0.03647539469256077,26.415741719278834,0.04747133747924966,0.04697949864906721,1.0104692226253082,0.994505608053599,0.9945083078817624,0.04721051134491879,0.046721501706617374,1.0000083511189768,1.0,1.0000083511189768
0.03655947916131248,26.35268726306713,0.047580168909557276,0.04708720279788402,1.0104692163131723,0.9945174792802823,0.9945202053397025,0.04731930964766296,0.04682917459542383,1.0000084106042029,1.0,1.0000084106042029
0.036643757464783315,26.289777828080418,0.04768925114557213,0.04719515515808441,1.0104692099397217,0.9945293199352438,0.9945320724693956,0.0474283585100269,0.04693709546988437,1.0000084705137409,1.0,1.0000084705137409
0.036728230049808464,26.227013080779127,0.047798584764890885,0.047303356301331714,1.010469203504387,0.9945411300542465,0.9945439093087867,0.04753765850706827,0.04704526489935287,1.0000085308506195,1.0,1.0000085308506195
0.03681289736425313,26.164392688390834,0.047908170346435824,0.047411806800601725,1.0104691970065947,0.9945529096727854,0.9945557158955717,0.04764721021514721,0.04715368345447498,1.0000085916178896,1.0,1.0000085916178896
0.03689775985701503,26.10191631890843,0.048018008470457826,0.04752050723018567,1.0104691904457648,0.9945646588260878,0.9945674922671981,0.04775701421192908,0.04726235170719102,1.0000086528186234,1.0,1.0000086528186234
0.03698281797802661,26.039583641088445,0.048128099718539416,0.04762945816569323,1.0104691838213131,0.9945763775491102,0.9945792384608625,0.04786707107638728,0.04737127023073868,1.000008714455915,1.0,1.000008714455915
0.03706807217825759,25.97739432444921,0.04823844467359777,0.047738660184055495,1.0104691771326504,0.9945880658765394,0.9945909545135103,0.04797738138880606,0.047480439599655866,1.000008776532881,1.0,1.000008776532881
0.03715352290971725,25.915348039269162,0.048349043919887716,0.04784811386352798,1.010469170379181,0.9945997238427902,0.9946026404618349,0.04808794573078325,0.04758986038978346,1.0000088390526594,1.0,1.0000088390526594
0.03723917062545684,25.85344445658508,0.04845989804300478,0.047957819783693637,1.0104691635603056,0.9946113514820043,0.9946142963422766,0.04819876468523312,0.04769953317826816,1.0000089020184113,1.0,1.0000089020184113
0.037325015779572056,25.79168324819032,0.04857100762988822,0.04806777852546585,1.0104691566754174,0.9946229488280504,0.9946259221910219,0.04830983883638915,0.04780945854356527,1.0000089654333204,1.0,1.0000089654333204
0.03741105882720532,25.73006408663312,0.04868237326882404,0.04817799067109145,1.0104691497239058,0.9946345159145211,0.9946375180440027,0.04842116876980682,0.047919637065441514,1.0000090293005925,1.0,1.0000090293005925
0.037497300224548336,25.66858664521481,0.04879399554944811,0.048288456804153744,1.0104691427051544,0.9946460527747343,0.9946490839368949,0.04853275507236652,0.04803006932497784,1.0000090936234567,1.0,1.0000090936234567
0.03758374042884441,25.607250597988102,0.04890587506274912,0.048399177509575536,1.010469135618541,0.9946575594417297,0.9946606199051181,0.04864459833227619,0.04814075590457225,1.0000091584051651,1.0,1.0000091584051651
0.03767037989839087,25.546055619755403,0.04901801240107172,0.04851015337362219,1.010469128463438,0.99466903594827,0.9946721259838344,0.04875669913907435,0.04825169738794266,1.000009223648993,1.0,1.000009223648993
0.0377572190925416,25.485001386067008,0.049130408158119525,0.04862138498390462,1.010469121239212,0.9946804823268378,0.9946836022079475,0.04886905808363274,0.04836289436012966,1.0000092893582386,1.0,1.0000092893582386
0.03784425847170932,25.42408757321947,0.04924306292895826,0.048732872929382415,1.0104691139452244,0.9946918986096358,0.9946950486121011,0.04898167575815927,0.04847434740749939,1.0000093555362242,1.0,1.0000093555362242
0.03793149849736819,25.3633138582538,0.049355977310018784,0.04884461780036681,1.0104691065808307,0.9947032848285849,0.9947064652306797,0.04909455275620079,0.048586057117746405,1.0000094221862956,1.0,1.0000094221862956
0.03801893963205611,25.302679918953825,0.04946915189910018,0.04895662018852381,1.0104690991453802,0.9947146410153237,0.9947178520978057,0.04920768967264595,0.04869802407989647,1.0000094893118223,1.0,1.0000094893118223
0.03810658233937729,25.242185433844426,0.049582587295372876,0.049068880686877224,1.010469091638217,0.994725967201207,0.9947292092473399,0.04932108710372806,0.048810248884309446,1.000009556916198,1.0,1.000009556916198
0.038194427084004653,25.181830082189855,0.04969628409938172,0.049181399889811774,1.010469084058679,0.9947372634173047,0.9947405367128791,0.049434745647027885,0.0489227321226821,1.0000096250028405,1.0,1.0000096250028405
0.038282474331682255,25.121613543992073,0.0498102429130491,0.04929417839307615,1.0104690764060982,0.9947485296944006,0.9947518345277566,0.04954866590147653,0.049035474388051004,1.0000096935751919,1.0,1.0000096935751919
0.03837072454922787,25.061535499988956,0.049924464339678044,0.04940721679378608,1.010469068679801,0.9947597660629915,0.9947631027250408,0.04966284846735829,0.049148476274795384,1.000009762636719,1.0,1.000009762636719
0.038459178204535344,25.001595631652727,0.050038948983955354,0.04952051569042748,1.0104690608791074,0.994770972553286,0.9947743413375335,0.04977729394631353,0.04926173837863999,1.0000098321909132,1.0,1.0000098321909132
0.03854783576657718,24.941793621188143,0.05015369745195472,0.04963407568285951,1.0104690530033311,0.9947821491952027,0.9947855503977696,0.049892002941341475,0.04937526129665795,1.000009902241291,1.0,1.000009902241291
0.03863669770540691,24.88212915153092,0.05026871035113986,0.0497478973723177,1.0104690450517808,0.99479329601837,0.9947967299380159,0.050006976056803175,0.04948904562727366,1.0000099727913936,1.0,1.0000099727913936
0.0387257644921617,24.822601906345973,0.05038398829036766,0.04986198136141706,1.0104690370237577,0.994804413052124,0.9948078799902701,0.050122213898424285,0.04960309197026567,1.0000100438447876,1.0,1.0000100438447876
0.03881503659906482,24.763211570025756,0.05049953187989129,0.04997632825415521,1.0104690289185576,0.9948155003255079,0.9948190005862599,0.050237717073297994,0.04971740092676955,1.0000101154050651,1.0,1.0000101154050651
0.03890451449942805,24.703957827688644,0.050615341731363415,0.05009093865591548,1.0104690207354698,0.9948265578672706,0.9948300917574422,0.050353486189887886,0.04983197309928081,1.0000101874758438,1.0,1.0000101874758438
0.03899419866765434,24.644840365177174,0.0507314184578393,0.0502058131734701,1.0104690124737774,0.9948375857058653,0.9948411535350011,0.05046952185803082,0.04994680909165775,1.0000102600607672,1.0,1.0000102600607672
0.03908408957924019,24.585858869056462,0.05084776267377999,0.05032095241498328,1.0104690041327566,0.994848583869449,0.994852185949848,0.050585824688939844,0.0500619095091244,1.0000103331635044,1.0,1.0000103331635044
0.0391741877107783,24.527013026612476,0.050964374995055496,0.05043635699001438,1.010468995711678,0.99485955238588,0.9948631890326198,0.050702395295207044,0.05017727495827337,1.000010406787751,1.0,1.000010406787751
0.03926449353995998,24.468302525850415,0.05108125603894798,0.0505520275095211,1.010468987209805,0.9948704912827177,0.9948741628136785,0.05081923429080647,0.05029290604706885,1.0000104809372292,1.0,1.0000104809372292
0.03935500754557773,24.409727055493057,0.05119840642415489,0.05066796458586259,1.0104689786263943,0.994881400587221,0.9948851073231091,0.05093634229109698,0.05040880338484939,1.000010555615687,1.0,1.000010555615687
0.03944573020752784,24.351286304979077,0.05131582677079221,0.05078416883280263,1.010468969960697,0.9948922803263468,0.9948960225907203,0.05105371991282526,0.05052496758233096,1.0000106308269,1.0,1.0000106308269
0.03953666200681278,24.292979964461452,0.05143351770039765,0.05090064086551284,1.010468961211957,0.9949031305267494,0.9949069086460417,0.0511713677741286,0.05064139925160976,1.0000107065746695,1.0,1.0000107065746695
0.039627803425543943,24.234807724805748,0.0515514798359338,0.05101738130057581,1.0104689523794113,0.9949139512147783,0.994917765518323,0.051289286494537865,0.05075809900616516,1.000010782862825,1.0,1.000010782862825
0.03971915494694402,24.176769277588562,0.05166971380179141,0.051134390755988336,1.0104689434622898,0.9949247424164774,0.994928593236534,0.05140747669498043,0.050875067460862705,1.0000108596952229,1.0,1.0000108596952229
0.039810717055349706,24.118864315095813,0.05178822022379257,0.051251669851164576,1.0104689344598166,0.994935504157584,0.9949393918293625,0.05152593899778305,0.050992305231956955,1.0000109370757468,1.0,1.0000109370757468
0.0399024902362142,24.061092530321144,0.051906999729193944,0.05136921920693928,1.0104689253712078,0.9949462364635272,0.9949501613252134,0.05164467402667484,0.05110981293709449,1.0000110150083086,1.0,1.0000110150083086
0.03999447497610974,24.003453616964322,0.05202605294669,0.05148703944557097,1.0104689161956737,0.9949569393594258,0.9949609017522077,0.051763682406790114,0.05122759119531678,1.0000110934968471,1.0,1.0000110934968471
0.04008667176273028,23.94594726942955,0.05214538050641625,0.051605131190745196,1.0104689069324164,0.9949676128700884,0.994971613138181,0.05188296476467141,0.05134564062706321,1.0000111725453302,1.0,1.0000111725453302
0.040179081084893986,23.88857318282391,0.05226498303995251,0.05172349506757772,1.0104688975806317,0.9949782570200111,0.9949822955106837,0.05200252172827238,0.05146396185417401,1.0000112521577535,1.0,1.0000112521577535
0.04027170343254591,23.831331052955704,0.05238486118032611,0.05184213170261776,1.010468888139508,0.9949888718333764,0.994992948896978,0.05212235392696071,0.05158255549989316,1.000011332338141,1.0,1.000011332338141
0.04036453929676049,23.77422057633286,0.05250501556201523,0.051961041723851235,1.0104688786082265,0.9949994573340519,0.9950035733240377,0.052242461991521105,0.051701422188871395,1.0000114130905458,1.0,1.0000114130905458
0.04045758916974425,23.717241450161314,0.05262544682095209,0.05208022576070399,1.0104688689859613,0.9950100135455885,0.9950141688185471,0.05236284655415819,0.051820562547169165,1.0000114944190492,1.0,1.0000114944190492
0.04055085354483838,23.660393372343393,0.052746155594526244,0.05219968444404505,1.010468859271879,0.9950205404912199,0.9950247354069,0.05248350824849948,0.051939977202259596,1.0000115763277622,1.0,1.0000115763277622
0.04064433291652127,23.60367604147628,0.05286714252158789,0.05231941840618988,1.0104688494651388,0.9950310381938601,0.9950352731151978,0.052604447709598365,0.05205966678303146,1.0000116588208248,1.0,1.0000116588208248
0.04073802778041127,23.547089156850305,0.05298840824245112,0.052439428280903665,1.0104688395648924,0.995041506676103,0.995045781969249,0.052725665573937,0.052179631919792135,1.0000117419024066,1.0,1.0000117419024066
0.0408319386332692,23.49063241844746,0.05310995339889725,0.052559714703404536,1.0104688295702844,0.9950519459602203,0.9950562619945678,0.052847162479429326,0.05229987324427064,1.0000118255767065,1.0,1.0000118255767065
0.040926065973001066,23.43430552693973,0.053231778634178065,0.0526802783103669,1.0104688194804512,0.9950623560681602,0.9950667132163727,0.05296893906542397,0.05242039138962056,1.0000119098479539,1.0,1.0000119098479539
0.04102041029866067,23.37810818368753,0.05335388459301919,0.05280111973992467,1.0104688092945224,0.9950727370215462,0.9950771356595856,0.053090995972707306,0.05254118699042304,1.0000119947204078,1.0,1.0000119947204078
0.04111497211045221,23.32204009073816,0.053476271921623346,0.052922239631674604,1.010468799011619,0.9950830888416758,0.9950875293488303,0.05321333384350634,0.05266226068268983,1.0000120801983579,1.0,1.0000120801983579
0.041209751909733014,23.26610095082416,0.05359894126767373,0.05304363862667956,1.010468788630855,0.9950934115495184,0.9950978943084318,0.053335953321491714,0.05278361310386623,1.000012166286124,1.0,1.000012166286124
0.041304750199016124,23.210290467361787,0.053721893280337274,0.05316531736747184,1.010468778151336,0.9951037051657141,0.995108230562414,0.053458855051780704,0.05290524489283408,1.0000122529880573,1.0,1.0000122529880573
0.04139996748197304,23.154608344449404,0.053845128610268043,0.05328727649805649,1.0104687675721595,0.9951139697105725,0.9951185381344997,0.053582039680940156,0.05302715668991486,1.0000123403085395,1.0,1.0000123403085395
0.041495404263436286,23.099054286865954,0.05396864790961054,0.05340951666391459,1.0104687568924158,0.9951242052040712,0.9951288170481086,0.05370550785698955,0.05314934913687257,1.0000124282519836,1.0,1.0000124282519836
0.04159106104940219,23.043628000069344,0.054092451832003056,0.0535320385120066,1.0104687461111865,0.9951344116658535,0.9951390673263564,0.05382926022940388,0.05327182287691684,1.000012516822834,1.0,1.000012516822834
0.041686938347033534,22.988329190194907,0.05421654103258105,0.05365484269077571,1.0104687352275457,0.9951445891152283,0.9951492889920528,0.05395329744911678,0.05339457855470589,1.0000126060255667,1.0,1.0000126060255667
0.04178303666466216,22.933157564053886,0.05434091616798048,0.053777929850151146,1.0104687242405586,0.9951547375711667,0.9951594820677016,0.05407762016852338,0.0535176168163496,1.0000126958646898,1.0,1.0000126958646898
0.04187935651179183,22.87811282913178,0.05446557789634118,0.05390130064155153,1.0104687131492827,0.9951648570523025,0.995169646575498,0.05420222904148342,0.0536409383094125,1.000012786344743,1.0,1.000012786344743
0.04197589839910074,22.823194693586906,0.05459052687731026,0.05402495571788825,1.0104687019527672,0.9951749475769293,0.9951797825373281,0.05432712472332418,0.053764543682916804,1.0000128774702988,1.0,1.0000128774702988
0.04207266283844441,22.768402866248767,0.05471576377204545,0.05414889573356879,1.0104686906500522,0.9951850091629991,0.9951898899747672,0.05445230787084355,0.05388843358734547,1.0000129692459623,1.0,1.0000129692459623
0.04216965034285822,22.71373705661656,0.05484128924321851,0.05427312134450012,1.0104686792401698,0.9951950418281212,0.9951999689090791,0.05457777914231294,0.054012608674645204,1.0000130616763707,1.0,1.0000130616763707
0.04226686142656028,22.65919697485759,0.05496710395501863,0.054397633208092044,1.0104686677221442,0.9952050455895604,0.9952100193612139,0.054703539197480416,0.0541370695982295,1.0000131547661948,1.0,1.0000131547661948
0.04236429660495411,22.604782331805772,0.05509320857315584,0.05452243198326063,1.0104686560949896,0.9952150204642348,0.9952200413518071,0.05482958869757364,0.05426181701298173,1.0000132485201385,1.0,1.0000132485201385
0.042461956394631274,22.550492838960103,0.05521960376486441,0.05464751833043152,1.0104686443577129,0.995224966468715,0.9952300349011781,0.05495592830530291,0.05438685157525813,1.0000133429429392,1.0,1.0000133429429392
0.04255984131337431,22.496328208483074,0.05534629019890624,0.05477289291154342,1.0104686325093115,0.995234883619223,0.9952400000293297,0.05508255868486419,0.05451217394289094,1.000013438039368,1.0,1.000013438039368
0.04265795188015926,22.442288153199225,0.05547326854557432,0.054898556390051416,1.0104686205487736,0.9952447719316285,0.9952499367559452,0.0552094805019421,0.054637784775191364,1.0000135338142297,1.0,1.0000135338142297
0.0427562886151586,22.38837238659356,0.05560053947669619,0.055024509430930436,1.0104686084750798,0.9952546314214491,0.9952598451003881,0.055336694423712994,0.05476368473295267,1.0000136302723637,1.0,1.0000136302723637
0.04285485203974394,22.334580622810034,0.05572810366563728,0.05515075270067865,1.0104685962872004,0.9952644621038483,0.9952697250817009,0.05546420111884799,0.05488987447845331,1.0000137274186434,1.0,1.0000137274186434
0.04295364267648871,22.28091257665009,0.055855961787304474,0.055277286867320884,1.0104685839840974,0.9952742639936332,0.9952795767186026,0.05559200125751596,0.0550163546754599,1.000013825257977,1.0,1.000013825257977
0.04305266104917106,22.22736796357107,0.055984114518149455,0.05540411260041208,1.0104685715647228,0.9952840371052533,0.995289400029488,0.05572009551138661,0.05514312598923033,1.000013923795308,1.0,1.000013923795308
0.04315190768277651,22.173946499684792,0.056112562536172236,0.05553123057104068,1.0104685590280205,0.9952937814527989,0.9952991950324267,0.05584848455363352,0.055270189086516874,1.0000140230356147,1.0,1.0000140230356147
0.04325138310350087,22.120647901755945,0.05624130652092462,0.05565864145183213,1.0104685463729246,0.9953034970499989,0.9953089617451608,0.05597716905893718,0.05539754463556921,1.0000141229839108,1.0,1.0000141229839108
0.043351087838752876,22.067471887200696,0.05637034715351362,0.0557863459169523,1.0104685335983594,0.9953131839102198,0.9953187001851036,0.05610614970348804,0.055525193306137526,1.0000142236452456,1.0,1.0000142236452456
0.043451022417157134,22.014418174085094,0.05649968511660502,0.055914344642110946,1.0104685207032407,0.995322842046463,0.9953284103693391,0.056235427164989554,0.055653135769475656,1.0000143250247047,1.0,1.0000143250247047
0.04355118736855685,21.96148648112362,0.05662932109442677,0.05604263830456517,1.0104685076864734,0.9953324714713642,0.9953380923146191,0.056365002122661254,0.055781372698344094,1.0000144271274096,1.0,1.0000144271274096
0.043651583224016584,21.908676527677738,0.05675925577277256,0.0561712275831229,1.0104684945469544,0.9953420721971903,0.9953477460373631,0.056494875257241776,0.05590990476701314,1.000014529958518,1.0,1.000014529958518
0.0437522105158252,21.855988033754304,0.0568894898390053,0.05630011315814639,1.0104684812835696,0.9953516442358391,0.9953573715536558,0.05662504725099198,0.05603873265126598,1.0000146335232247,1.0,1.0000146335232247
0.04385306977749856,21.803420720004187,0.05702002398206058,0.05642929571155566,1.0104684678951956,0.9953611875988363,0.9953669688792457,0.056755518787697946,0.056167857028401776,1.000014737826761,1.0,1.000014737826761
0.04395416154378245,21.750974307720707,0.05715085889245028,0.05655877592683202,1.0104684543806997,0.9953707022973343,0.9953765380295445,0.056886290552674086,0.0562972785772388,1.000014842874396,1.0,1.000014842874396
0.04405548635065532,21.698648518838223,0.05728199526226598,0.056688554489021596,1.0104684407389382,0.99538018834211,0.9953860790196245,0.05701736323276616,0.05642699797811754,1.0000149486714358,1.0,1.0000149486714358
0.04415704473533123,21.646443075930605,0.057413433785182585,0.05681863208473878,1.0104684269687578,0.9953896457435638,0.9953955918642176,0.05714873751635445,0.056557015912903776,1.0000150552232243,1.0,1.0000150552232243
0.04425883723626265,21.59435770220978,0.057545175156461806,0.05694900940216979,1.0104684130689954,0.9953990745117167,0.9954050765777135,0.05728041409335671,0.05668733306499175,1.0000151625351434,1.0,1.0000151625351434
0.04436086439314324,21.5423921215243,0.057677220072955726,0.057079687131076196,1.010468399038477,0.995408474656209,0.9954145331741587,0.057412393655231334,0.056817950119307244,1.0000152706126133,1.0,1.0000152706126133
0.044463126746910865,21.49054605835781,0.05780956923311035,0.05721066596279841,1.010468384876019,0.9954178461862987,0.9954239616672547,0.05754467689498042,0.056948867762310756,1.0000153794610929,1.0,1.0000153794610929
0.044565624839750316,21.43881923782767,0.05794222333696915,0.05734194659025925,1.0104683705804272,0.9954271891108587,0.9954333620703554,0.0576772645071528,0.057080086682000514,1.0000154890860793,1.0,1.0000154890860793
0.04466835921509629,21.387211385683404,0.05807518308617665,0.05747352970796749,1.0104683561504968,0.995436503438376,0.9954427343964674,0.0578101571878472,0.05721160756791576,1.0000155994931095,1.0,1.0000155994931095
0.04477133041763624,21.335722228305322,0.058208449183982,0.05760541601202141,1.0104683415850124,0.9954457891769486,0.9954520786582466,0.05794335563471527,0.05734343111113976,1.0000157106877592,1.0,1.0000157106877592
0.0448745389933132,21.284351492703045,0.0583420223352425,0.05773760620011233,1.0104683268827483,0.995455046334285,0.995461394867998,0.05807686054696472,0.05747555800430299,1.000015822675644,1.0,1.000015822675644
0.04497798548932879,21.233098906514034,0.05847590324642728,0.05787010097152822,1.0104683120424676,0.9954642749177012,0.9954706830376732,0.05821067262536238,0.05760798894158631,1.0000159354624194,1.0,1.0000159354624194
0.045081670454146,21.181964198002195,0.0586100926256208,0.05800290102715722,1.0104682970629226,0.9954734749341188,0.9954799431788688,0.058344792572237306,0.057740724618724024,1.0000160490537813,1.0,1.0000160490537813
0.04518559443749223,21.130947096056378,0.05874459118252653,0.05813600706949127,1.0104682819428552,0.9954826463900633,0.9954891753028254,0.05847922109148389,0.05787376573300709,1.0000161634554656,1.0,1.0000161634554656
0.04528975799036206,21.080047330189004,0.0588793996284705,0.05826941980262967,1.0104682666809959,0.9954917892916625,0.9954983794204255,0.058613958888564945,0.058007112983286285,1.0000162786732492,1.0,1.0000162786732492
0.0453941616650203,21.029264630534573,0.059014518676404934,0.05840313993228267,1.010468251276064,0.9955009036446435,0.9955075555421915,0.0587490066705148,0.05814076706997527,1.0000163947129501,1.0,1.0000163947129501
0.04549880601500485,20.978598727848254,0.0591499490409119,0.05853716816577511,1.010468235726768,0.9955099894543317,0.9955167036782847,0.05888436514594246,0.05827472869505386,1.0000165115804276,1.0,1.0000165115804276
0.0456036915951296,20.928049353504495,0.05928569143820689,0.05867150521204998,1.0104682200318045,0.9955190467256482,0.9955258238385029,0.059020035025034646,0.058408998562071074,1.0000166292815826,1.0,1.0000166292815826
0.0457088189614875,20.877616239495527,0.059421746586142486,0.05880615178167208,1.0104682041898594,0.9955280754631077,0.9955349160322795,0.05915601701955892,0.058543577376148404,1.0000167478223578,1.0,1.0000167478223578
0.045814188671453336,20.82729911843002,0.05955811520421201,0.05894110858683162,1.0104681881996065,0.9955370756708168,0.9955439802686812,0.05929231184286684,0.05867846584398289,1.0000168672087384,1.0,1.0000168672087384
0.04591980128368686,20.777097723531586,0.05969479801355315,0.059076376341347846,1.0104681720597082,0.995546047352472,0.9955530165564064,0.05942892020989703,0.058813664673850366,1.000016987446752,1.0,1.000016987446752
0.046025657358135595,20.727011788637448,0.05983179573695163,0.05921195576067271,1.0104681557688153,0.995554990511357,0.9955620249037832,0.059565842837178334,0.058949174575608554,1.0000171085424685,1.0,1.0000171085424685
0.04613175745603792,20.67704104819696,0.05996910909884489,0.05934784756189447,1.010468139325567,0.9955639051503409,0.9955710053187682,0.05970308044283286,0.05908499626070028,1.0000172305020019,1.0,1.0000172305020019
0.046238102139926025,20.627185237270204,0.06010673882532573,0.0594840524637414,1.0104681227285899,0.9955727912718764,0.9955799578089445,0.0598406337465792,0.059221130442156704,1.0000173533315089,1.0,1.0000173533315089
0.04634469197362879,20.57744409152667,0.060244685644146014,0.0596205711865854,1.0104681059764997,0.9955816488779972,0.9955888823815197,0.059978503469735496,0.05935757783460039,1.0000174770371901,1.0,1.0000174770371901
0.04645152752227494,20.52781734724373,0.06038295028472035,0.05975740445244568,1.0104680890678992,0.9955904779703162,0.9955977790433245,0.06011669033522257,0.059494339154248586,1.00001760162529,1.0,1.00001760162529
0.04655860935229588,20.478304741305344,0.06052153347812976,0.05989455298499245,1.010468072001379,0.9955992785500232,0.9956066478008101,0.06025519506756706,0.05963141511891634,1.0000177271020976,1.0,1.0000177271020976
0.04666593803142884,20.428906011200596,0.06066043595712543,0.06003201750955061,1.0104680547755178,0.9956080506178823,0.9956154886600472,0.06039401839290454,0.05976880644801974,1.0000178534739468,1.0,1.0000178534739468
0.046773514128719815,20.379620895022324,0.06079965845613238,0.060169798753103396,1.010468037388882,0.9956167941742304,0.9956243016267242,0.06053316103898266,0.05990651386257911,1.0000179807472158,1.0,1.0000179807472158
0.0468813382145265,20.330449131465773,0.06093920171125318,0.060307897444296106,1.0104680198400249,0.9956255092189747,0.9956330867061447,0.060672623735164265,0.06004453808522215,1.0000181089283289,1.0,1.0000181089283289
0.04698941086052154,20.281390459827122,0.06107906646027168,0.06044631431343982,1.0104680021274874,0.9956341957515904,0.995641843903226,0.06081240721243054,0.06018287984018718,1.000018238023755,1.0,1.000018238023755
0.04709773263969527,20.2324446200022,0.061219253442656774,0.06058505009251508,1.0104679842497983,0.9956428537711183,0.995650573222497,0.06095251220338415,0.060321539853326334,1.00001836804001,1.0,1.00001836804001
0.04720630412635905,20.18361135248502,0.06135976339956607,0.060724105515175646,1.010467966205473,0.9956514832761627,0.9956592746680967,0.06109293944225236,0.06046051885210875,1.0000184989836554,1.0,1.0000184989836554
0.04731512589614804,20.134890398366473,0.06150059707384969,0.06086348131675218,1.0104679479930134,0.9956600842648892,0.9956679482437722,0.06123368966489018,0.060599817565623805,1.0000186308612993,1.0,1.0000186308612993
0.04742419852602445,20.0862814993329,0.06164175521005399,0.061003178234256016,1.0104679296109098,0.9956686567350225,0.9956765939528766,0.06137476360878353,0.06073943672458428,1.0000187636795967,1.0,1.0000187636795967
0.04753352259428052,20.03778439766476,0.061783238554425336,0.06114319700638288,1.010467911057638,0.9956772006838435,0.9956852117983668,0.06151616201305233,0.0608793770613296,1.0000188974452502,1.0,1.0000188974452502
0.047643098680541555,19.98939883623525,0.06192504785491387,0.06128353837351664,1.0104678923316617,0.9956857161081877,0.9956938017828023,0.06165788561845371,0.06101963930982904,1.0000190321650093,1.0,1.0000190321650093
0.04775292736576908,19.94112455850893,0.06206718386117728,0.06142420307773311,1.01046787343143,0.9956942030044424,0.9957023639083425,0.061799935167385106,0.06116022420568495,1.0000191678456722,1.0,1.0000191678456722
0.047863009232263824,19.8929613085404,0.06220964732458456,0.06156519186280372,1.0104678543553798,0.9957026613685445,0.9957108981767452,0.061942311403887396,0.06130113248613594,1.0000193044940846,1.0,1.0000193044940846
0.047973344863668915,19.844908830972887,0.06235243899821983,0.06170650547419939,1.010467835101933,0.9957110911959777,0.9957194045893643,0.0620850150736481,0.061442364890060164,1.000019442117141,1.0,1.000019442117141
0.048083934844972843,19.79696687103696,0.062495559636886126,0.061848144659094224,1.0104678156694988,0.9957194924817709,0.9957278831471481,0.0622280469240045,0.061583922157978484,1.0000195807217855,1.0,1.0000195807217855
0.04819477976251271,19.749135174549107,0.06263900999710918,0.06199011016636935,1.0104677960564727,0.9957278652204948,0.995736333850637,0.06237140770394676,0.06172580503205772,1.00001972031501,1.0,1.00001972031501
0.04830588020397726,19.701413487910422,0.06278279083714125,0.0621324027466167,1.0104677762612353,0.9957362094062605,0.9957447566999617,0.06251509816412114,0.06186801425611388,1.0000198609038573,1.0,1.0000198609038573
0.04841723675840992,19.6538015581053,0.06292690291696493,0.06227502315214279,1.0104677562821542,0.9957445250327159,0.9957531516948409,0.06265911905683307,0.06201055057561537,1.0000200024954196,1.0,1.0000200024954196
0.0485288500162121,19.606299132700006,0.06307134699829696,0.06241797213697257,1.0104677361175816,0.9957528120930447,0.9957615188345793,0.0628034711360504,0.062153414737686256,1.0000201450968393,1.0,1.0000201450968393
0.048640720569146145,19.55890595984142,0.06321612384459209,0.06256125045685319,1.0104677157658564,0.995761070579962,0.9957698581180658,0.06294815515740648,0.06229660749110948,1.00002028871531,1.0,1.00002028871531
0.04875284901033861,19.511621788255663,0.06336123422104692,0.06270485886925788,1.0104676952253033,0.9957693004857134,0.995778169543771,0.06309317187820333,0.0624401295863301,1.0000204333580756,1.0,1.0000204333580756
0.04886523593428335,19.464446367246744,0.06350667889460367,0.0628487981333897,1.0104676744942311,0.995777501802072,0.9957864531097453,0.06323852205741481,0.06258398177545851,1.0000205790324317,1.0,1.0000205790324317
0.0489778819368446,19.4173794466953,0.06365245863395415,0.06299306901018549,1.0104676535709356,0.9957856745203353,0.9957947088136168,0.06338420645568978,0.06272816481227372,1.0000207257457256,1.0,1.0000207257457256
0.049090787615260305,19.370420777057184,0.06379857420954352,0.06313767226231962,1.0104676324536963,0.995793818631323,0.9958029366525889,0.06353022583535518,0.06287267945222658,1.0000208735053568,1.0,1.0000208735053568
0.049203953568145074,19.323570109362226,0.0639450263935742,0.06328260865420787,1.0104676111407789,0.9958019341253751,0.9958111366234386,0.06367658096041935,0.06301752645244299,1.0000210223187773,1.0,1.0000210223187773
0.04931738039549358,19.27682719521282,0.06409181596000978,0.06342787895201132,1.0104675896304334,0.995810020992348,0.9958193087225137,0.06382327259657504,0.06316270657172719,1.0000211721934915,1.0,1.0000211721934915
0.04943106869868353,19.230191786782722,0.06423894368457879,0.06357348392364019,1.0104675679208945,0.9958180792216131,0.9958274529457316,0.06397030151120263,0.06330822057056502,1.0000213231370574,1.0,1.0000213231370574
0.049545019080479,19.18366363681562,0.06438641034477877,0.06371942433875773,1.0104675460103827,0.9958261088020527,0.9958355692885758,0.06411766847337327,0.06345406921112713,1.0000214751570864,1.0,1.0000214751570864
0.0496592321450336,19.137242498623884,0.06453421671987997,0.06386570096878406,1.0104675238971017,0.9958341097220587,0.9958436577460945,0.06426537425385206,0.06360025325727221,1.000021628261244,1.0,1.000021628261244
0.04977370849789358,19.090928126087288,0.06468236359092938,0.06401231458690015,1.0104675015792406,0.9958420819695298,0.9958517183128983,0.06441341962510123,0.06374677347455032,1.0000217824572497,1.0,1.0000217824572497
0.049888448746001214,19.044720273651613,0.06483085174075463,0.06415926596805162,1.0104674790549728,0.9958500255318676,0.995859750983158,0.06456180536128323,0.06389363063020609,1.0000219377528778,1.0,1.0000219377528778
0.05000345349769784,18.998618696327448,0.06497968195396783,0.06430655588895272,1.010467456322455,0.9958579403959754,0.9958677557506019,0.06471053223826394,0.064040825493182,1.0000220941559583,1.0,1.0000220941559583
0.05011872336272723,18.952623149688797,0.06512885501696962,0.0644541851280902,1.0104674333798285,0.9958658265482543,0.9958757326085139,0.06485960103361586,0.0641883588341216,1.0000222516743755,1.0,1.0000222516743755
0.050234258952238695,18.90673338987187,0.06527837171795296,0.06460215446572723,1.0104674102252191,0.9958736839746009,0.995883681549731,0.06500901252662121,0.06433623142537283,1.0000224103160706,1.0,1.0000224103160706
0.05035006087879046,18.860949173573722,0.06542823284690721,0.06475046468390737,1.0104673868567355,0.9958815126604045,0.995891602566641,0.06515876749827512,0.0644844440409912,1.0000225700890406,1.0,1.0000225700890406
0.050466129756352826,18.815270258050987,0.06557843919562197,0.06489911656645844,1.0104673632724703,0.9958893125905441,0.9958994956511805,0.06530886673128876,0.06463299745674314,1.000022731001339,1.0,1.000022731001339
0.05058246620031139,18.769696401118612,0.0657289915576911,0.06504811089899656,1.0104673394705002,0.9958970837493861,0.9959073607948322,0.06545931101009259,0.06478189245010924,1.0000228930610768,1.0,1.0000228930610768
0.05069907082747043,18.72422736114854,0.06587989072851666,0.06519744846893,1.0104673154488841,0.9959048261207807,0.9959151979886222,0.06561010112083941,0.06493112980028741,1.0000230562764219,1.0,1.0000230562764219
0.05081594425605604,18.678862897068452,0.06603113750531286,0.06534713006546318,1.0104672912056651,0.9959125396880596,0.9959230072231182,0.06576123785140763,0.06508071028819633,1.0000232206556006,1.0,1.0000232206556006
0.05093308710571952,18.633602768360475,0.06618273268711009,0.06549715647960064,1.0104672667388694,0.9959202244340328,0.9959307884884271,0.06591272199140427,0.06523063469647855,1.0000233862068968,1.0,1.0000233862068968
0.05105049999754062,18.5884467350599,0.06633467707475883,0.06564752850415101,1.0104672420465055,0.9959278803409859,0.9959385417741922,0.06606455433216836,0.06538090380950387,1.0000235529386536,1.0,1.0000235529386536
0.05116818355403076,18.543394557753953,0.06648697147093371,0.065798246933731,1.0104672171265652,0.995935507390677,0.9959462670695907,0.06621673566677384,0.06553151841337253,1.000023720859273,1.0,1.000023720859273
0.05128613839913648,18.498445997580454,0.06663961668013749,0.06594931256476937,1.0104671919770227,0.9959431055643335,0.9959539643633318,0.0663692667900329,0.06568247929591854,1.0000238899772167,1.0,1.0000238899772167
0.05140436515824259,18.453600816226633,0.06679261350870501,0.06610072619551094,1.0104671665958347,0.9959506748426502,0.9959616336436539,0.06652214849849906,0.06583378724671295,1.0000240603010055,1.0,1.0000240603010055
0.051522864458175645,18.408858775927783,0.0669459627648073,0.06625248862602055,1.010467140980941,0.9959582152057845,0.9959692748983217,0.06667538159047039,0.065985443057067,1.0000242318392214,1.0,1.0000242318392214
0.05164163692720709,18.364219639466075,0.06709966525845555,0.06640460065818718,1.0104671151302629,0.9959657266333551,0.9959768881146244,0.06682896686599257,0.0661374475200356,1.0000244046005067,1.0,1.0000244046005067
0.05176068319505674,18.31968317016925,0.06725372180150509,0.06655706309572784,1.0104670890417033,0.9959732091044382,0.9959844732793725,0.06698290512686214,0.06628980143042046,1.000024578593565,1.0,1.000024578593565
0.051880003892896105,18.275249131909362,0.06740813320765951,0.06670987674419167,1.0104670627131482,0.995980662597564,0.995992030378896,0.06713719717662958,0.06644250558477335,1.0000247538271616,1.0,1.0000247538271616
0.05199959965335158,18.23091728910159,0.06756290029247468,0.06686304241096394,1.010467036142465,0.9959880870907144,0.9959995593990411,0.06729184382060252,0.06659556078139948,1.0000249303101234,1.0,1.0000249303101234
0.05211947111050804,18.186687406702895,0.06771802387336275,0.06701656090527015,1.0104670093275023,0.9959954825613199,0.9960070603251681,0.06744684586584891,0.0667489678203607,1.0000251080513403,1.0,1.0000251080513403
0.052239618899911966,18.142559250210862,0.06787350476959625,0.06717043303818,1.0104669822660906,0.9960028489862555,0.9960145331421484,0.06760220412120006,0.0669027275034788,1.0000252870597643,1.0,1.0000252870597643
0.05236004365857502,18.09853258566238,0.06802934380231215,0.06732465962261149,1.010466954956041,0.9960101863418386,0.9960219778343622,0.06775791939725392,0.06705684063433871,1.0000254673444118,1.0,1.0000254673444118
0.05248074602497725,18.054607179632473,0.06818554179451594,0.06747924147333498,1.0104669273951465,0.9960174946038254,0.9960293943856958,0.0679139925063782,0.06721130801829196,1.000025648914362,1.0,1.000025648914362
0.052601726639070596,18.01078279923301,0.06834209957108571,0.06763417940697723,1.010466899581182,0.9960247737474075,0.9960367827795389,0.06807042426271344,0.06736613046245975,1.000025831778759,1.0,1.000025831778759
0.05272298614228227,17.967059212111465,0.06849901795877616,0.06778947424202557,1.010466871511901,0.9960320237472088,0.9960441429987816,0.06822721548217622,0.06752130877573634,1.000026015946811,1.0,1.000026015946811
0.052844525177518024,17.92343618644976,0.06865629778622281,0.06794512679883186,1.010466843185039,0.9960392445772827,0.9960514750258123,0.06838436698246234,0.06767684376879232,1.0000262014277919,1.0,1.0000262014277919
0.05296634438916578,17.879913490962934,0.06881393988394605,0.06810113789961666,1.0104668145983122,0.9960464362111079,0.9960587788425144,0.06854187958304987,0.06783273625407785,1.0000263882310405,1.0,1.0000263882310405
0.05308844442309882,17.836490894898013,0.0689719450843552,0.06825750836847336,1.010466785749417,0.9960535986215862,0.9960660544302643,0.06869975410520242,0.06798898704582601,1.0000265763659624,1.0,1.0000265763659624
0.053210825926679396,17.793168168032693,0.06913031422175268,0.06841423903137218,1.0104667566360293,0.9960607317810382,0.9960733017699276,0.06885799137197209,0.06814559696005594,1.000026765842029,1.0,1.000026765842029
0.05333348954876209,17.749945080674188,0.06928904813233816,0.0685713307161644,1.0104667272558059,0.9960678356612004,0.9960805208418569,0.0690165922082028,0.06830256681457626,1.000026956668779,1.0,1.000026956668779
0.05345643593969714,17.706821403658015,0.0694481476542126,0.06872878425258643,1.0104666976063832,0.996074910233222,0.9960877116258896,0.06917555744053337,0.0684598974289883,1.0000271488558186,1.0,1.0000271488558186
0.05357966575133415,17.6637969083467,0.06960761362738245,0.06888660047226394,1.0104666676853769,0.9960819554676613,0.9960948741013437,0.06933488789740054,0.0686175896246893,1.0000273424128217,1.0,1.0000273424128217
0.053703179637025256,17.62087136662868,0.06976744689376381,0.069044780208716,1.010466637490383,0.996088971334482,0.9961020082470159,0.0694945844090423,0.06877564422487582,1.0000275373495302,1.0,1.0000275373495302
0.053826978251628826,17.578044550916985,0.0699276482971865,0.06920332429735924,1.0104666070189767,0.9960959578030503,0.9961091140411792,0.06965464780750083,0.06893406205454693,1.000027733675756,1.0,1.000027733675756
0.05395106225151275,17.53531623414812,0.0700882186833983,0.06936223357551204,1.0104665762687113,0.9961029148421308,0.996116191461578,0.06981507892662574,0.06909284394050745,1.000027931401379,1.0,1.000027931401379
0.054075432294558065,17.492686189780787,0.0702491589000691,0.06952150888239857,1.0104665452371209,0.9961098424198837,0.996123240485428,0.0699758786020772,0.06925199071137132,1.0000281305363496,1.0,1.0000281305363496
0.05420008904016238,17.450154191794738,0.070410469796795,0.06968115105915311,1.0104665139217168,0.9961167405038609,0.996130261089411,0.07013704767132897,0.06941150319756488,1.0000283310906886,1.0,1.0000283310906886
0.0543250331492433,17.407720014689566,0.07057215222510259,0.06984116094882412,1.0104664823199905,0.9961236090610022,0.996137253249673,0.07029858697367163,0.06957138223132997,1.000028533074487,1.0,1.000028533074487
0.054450265284242114,17.365383433483466,0.07073420703845307,0.07000153939637849,1.0104664504294099,0.9961304480576324,0.9961442169418205,0.07046049735021559,0.06973162864672745,1.0000287364979077,1.0,1.0000287364979077
0.05457578610912708,17.32314422371212,0.07089663509224649,0.07016228724870567,1.0104664182474234,0.9961372574594572,0.9961511521409191,0.07062277964389434,0.06989224327964028,1.0000289413711851,1.0,1.0000289413711851
0.05470159628939716,17.281002161427427,0.07105943724382591,0.07032340535462192,1.0104663857714566,0.9961440372315594,0.9961580588214883,0.07078543469946738,0.07005322696777683,1.000029147704626,1.0,1.000029147704626
0.05482769649208536,17.238957023196384,0.07122261435248163,0.0704848945648745,1.0104663529989129,0.9961507873383957,0.9961649369575003,0.07094846336352349,0.07021458055067427,1.0000293555086093,1.0,1.0000293555086093
0.054954087385762435,17.19700858609984,0.07138616727945542,0.07064675573214589,1.0104663199271737,0.9961575077437931,0.9961717865223758,0.07111186648448382,0.07037630486970167,1.0000295647935882,1.0,1.0000295647935882
0.05508076964054031,17.155156627731365,0.07155009688794468,0.07080898971105799,1.0104662865535978,0.9961641984109446,0.9961786074889815,0.07127564491260484,0.07053840076806336,1.000029775570089,1.0,1.000029775570089
0.05520774392807574,17.113400926196025,0.07171440404310676,0.07097159735817639,1.0104662528755215,0.9961708593024059,0.996185399829627,0.0714397994999816,0.07070086909080224,1.0000299878487129,1.0,1.0000299878487129
0.05533501092157367,17.07174126010927,0.07187908961206313,0.07113457953201455,1.0104662188902587,0.9961774903800917,0.9961921635160609,0.07160433110055077,0.07086371068480288,1.000030201640135,1.0,1.000030201640135
0.05546257129579106,17.030177408595694,0.07204415446390365,0.07129793709303808,1.0104661845951,0.9961840916052717,0.9961988985194691,0.07176924057009373,0.07102692639879493,1.0000304169551069,1.0,1.0000304169551069
0.055590425727040337,16.988709151287885,0.0722095994696908,0.07146167090366905,1.0104661499873122,0.9961906629385664,0.9962056048104704,0.07193452876623962,0.07119051708335641,1.000030633804455,1.0,1.000030633804455
0.05571857489319295,16.947336268325277,0.07237542550246398,0.0716257818282901,1.01046611506414,0.9961972043399447,0.9962122823591133,0.07210019654846855,0.07135448359091678,1.0000308521990826,1.0,1.0000308521990826
0.055847019473683084,16.90605854035294,0.07254163343724372,0.07179027073324887,1.0104660798228036,0.9962037157687182,0.9962189311348741,0.0722662447781145,0.07151882677576042,1.00003107214997,1.0,1.00003107214997
0.05597576014951101,16.86487574852051,0.07270822415103602,0.07195513848686215,1.0104660442604996,0.9962101971835383,0.996225551106652,0.0724326743183685,0.0716835474940297,1.0000312936681748,1.0,1.0000312936681748
0.056104797603247034,16.8237876744809,0.07287519852283657,0.07212038595942023,1.010466008374401,0.9962166485423923,0.9962321422427669,0.07259948603428175,0.07184864660372839,1.0000315167648328,1.0,1.0000315167648328
0.056234132519034884,16.782794100389236,0.07304255743363504,0.07228601402319121,1.0104659721616565,0.9962230698025994,0.996238704510956,0.07276668079276857,0.07201412496472481,1.000031741451158,1.0,1.000031741451158
0.056363765582595406,16.74189480890167,0.07321030176641943,0.0724520235524252,1.0104659356193904,0.9962294609208061,0.9962452378783699,0.07293425946260958,0.0721799834387551,1.0000319677384437,1.0,1.0000319677384437
0.05649369748123025,16.701089583174213,0.07337843240618032,0.0726184154233587,1.0104658987447026,0.996235821852983,0.9962517423115699,0.0731022229144546,0.07234622288942648,1.000032195638063,1.0,1.000032195638063
0.056623928903825324,16.660378206861647,0.07354695023991517,0.07278519051421893,1.010465861534668,0.9962421525544202,0.9962582177765245,0.07327057202082592,0.07251284418222055,1.0000324251614685,1.0,1.0000324251614685
0.056754460540854694,16.619760464116297,0.07371585615663269,0.0729523497052281,1.0104658239863367,0.9962484529797235,0.9962646642386057,0.07343930765612114,0.07267984818449642,1.0000326563201947,1.0,1.0000326563201947
0.056885293084384114,16.579236139586936,0.07388515104735707,0.07311989387860772,1.0104657860967334,0.9962547230828108,0.9962710816625865,0.07360843069661636,0.07284723576549405,1.0000328891258565,1.0,1.0000328891258565
0.05701642722807476,16.53880501841761,0.07405483580513245,0.073287823918583,1.0104657478628583,0.9962609628169068,0.996277470012636,0.0737779420204692,0.07301500779633742,1.000033123590151,1.0,1.000033123590151
0.0571478636671867,16.49846688624657,0.07422491132502708,0.07345614071138717,1.0104657092816847,0.9962671721345395,0.9962838292523172,0.07394784250772168,0.07318316515003784,1.0000333597248574,1.0,1.0000333597248574
0.05727960309858291,16.45822152920504,0.07439537850413784,0.07362484514526578,1.0104656703501618,0.9962733509875363,0.996290159344583,0.07411813304030354,0.07335170870149708,1.0000335975418384,1.0,1.0000335975418384
0.057411646220732734,16.418068733916147,0.07456623824159445,0.07379393811048114,1.010465631065211,0.996279499327019,0.9962964602517729,0.07428881450203494,0.07352063932751077,1.0000338370530402,1.0,1.0000338370530402
0.05754399373371566,16.378008287493763,0.07473749143856388,0.07396342049931659,1.0104655914237288,0.9962856171034005,0.9963027319356095,0.07445988777862973,0.07368995790677138,1.0000340782704926,1.0,1.0000340782704926
0.057676646339225084,16.338039977541378,0.07490913899825474,0.07413329320608096,1.0104655514225847,0.9962917042663797,0.9963089743571943,0.07463135375769835,0.07385966531987169,1.0000343212063112,1.0,1.0000343212063112
0.057809604740571806,16.298163592151017,0.07508118182592162,0.0743035571271129,1.0104655110586216,0.9962977607649377,0.9963151874770054,0.07480321332875084,0.07402976244930787,1.0000345658726961,1.0,1.0000345658726961
0.05794286964268809,16.25837891990204,0.07525362082886947,0.07447421316078529,1.0104654703286557,0.9963037865473331,0.9963213712548925,0.0749754673831999,0.07420025017948276,1.0000348122819336,1.0,1.0000348122819336
0.05807644175213118,16.218685749860075,0.07542645691645795,0.07464526220750957,1.0104654292294761,0.9963097815610981,0.9963275256500741,0.0751481168143638,0.074371129396709,1.0000350604463966,1.0,1.0000350604463966
0.058210321777087105,16.17908387157589,0.07559969100010593,0.07481670516974027,1.0104653877578444,0.9963157457530334,0.9963336506211339,0.07532116251746943,0.07454240098921239,1.0000353103785447,1.0,1.0000353103785447
0.05834451042737448,16.139573075084254,0.07577332399329574,0.07498854295197928,1.0104653459104949,0.9963216790692047,0.9963397461260166,0.07549460538965526,0.07471406584713493,1.0000355620909258,1.0,1.0000355620909258
0.058479008414448065,16.100153150902877,0.07594735681157773,0.07516077646078034,1.0104653036841342,0.996327581454937,0.9963458121220247,0.07566844632997438,0.07488612486253815,1.0000358155961762,1.0,1.0000358155961762
0.05861381645140286,16.06082389003124,0.07612179037257452,0.07533340660475348,1.0104652610754403,0.9963334528548115,0.9963518485658145,0.07584268623939731,0.07505857892940626,1.0000360709070204,1.0,1.0000360709070204
0.05874893525297764,16.021585083949514,0.07629662559598559,0.07550643429456935,1.0104652180810645,0.9963392932126596,0.9963578554133922,0.07601732602081519,0.07523142894364933,1.0000363280362732,1.0,1.0000363280362732
0.058884365535558855,15.982436524617455,0.07647186340359152,0.07567986044296383,1.0104651746976276,0.9963451024715595,0.9963638326201106,0.07619236657904249,0.07540467580310654,1.000036586996839,1.0,1.000036586996839
0.05902010801718443,15.943378004473285,0.07664750471925862,0.07585368596474232,1.0104651309217232,0.9963508805738316,0.9963697801406648,0.07636780882082024,0.07557832040754933,1.000036847801714,1.0,1.000036847801714
0.05915616341754738,15.904409316432645,0.0768235504689432,0.07602791177678424,1.0104650867499154,0.9963566274610328,0.9963756979290884,0.07654365365481869,0.07575236365868455,1.0000371104639847,1.0,1.0000371104639847
0.05929253245799996,15.865530253887417,0.07700000158069609,0.07620253879804749,1.0104650421787396,0.9963623430739528,0.9963815859387501,0.07671990199164042,0.0759268064601577,1.0000373749968303,1.0,1.0000373749968303
0.059429215861557236,15.826740610704682,0.07717685898466713,0.07637756794957296,1.0104649972047013,0.9963680273526091,0.9963874441223496,0.07689655474382327,0.07610164971755608,1.0000376414135224,1.0,1.0000376414135224
0.059566214352901055,15.7880401812256,0.07735412361310953,0.07655300015448896,1.0104649518242768,0.9963736802362423,0.9963932724319131,0.07707361282584316,0.076276894338412,1.0000379097274263,1.0,1.0000379097274263
0.05970352865838369,15.749428760264372,0.07753179640038446,0.07672883633801571,1.0104649060339121,0.9963793016633112,0.9963990708187902,0.0772510771541171,0.07645254123220588,1.0000381799520013,1.0,1.0000381799520013
0.05984115950603196,15.710906143107078,0.07770987828296538,0.07690507742746983,1.0104648598300232,0.9963848915714882,0.9964048392336493,0.07742894864700602,0.07662859131036942,1.0000384521008008,1.0,1.0000384521008008
0.05997910762555091,15.672472125510634,0.07788837019944266,0.07708172435226883,1.0104648132089962,0.9963904498976544,0.9964105776264742,0.07760722822481772,0.07680504548628884,1.000038726187474,1.0,1.000038726187474
0.06011737374832777,15.634126503701705,0.07806727309052795,0.07725877804393562,1.0104647661671864,0.9963959765778945,0.9964162859465594,0.07778591680980979,0.07698190467530792,1.000039002225766,1.0,1.000039002225766
0.06025595860743578,15.595869074375603,0.07824658789905875,0.07743623943610306,1.0104647187009173,0.9964014715474924,0.9964219641425062,0.07796501532619235,0.07715916979473121,1.0000392802295184,1.0,1.0000392802295184
0.060394862937637975,15.557699634695282,0.0784263155700029,0.07761410946451841,1.0104646708064826,0.9964069347409257,0.9964276121622191,0.07814452470013113,0.07733684176382717,1.0000395602126702,1.0,1.0000395602126702
0.06053408747539134,15.519617982290153,0.07860645705046304,0.0777923890670479,1.0104646224801441,0.9964123660918612,0.9964332299529011,0.07832444585975015,0.07751492150383128,1.0000398421892585,1.0,1.0000398421892585
0.06067363295885051,15.481623915255089,0.07878701328968117,0.07797107918368124,1.010464573718132,0.9964177655331495,0.9964388174610499,0.07850477973513467,0.07769340993794921,1.0000401261734184,1.0,1.0000401261734184
0.06081350012787175,15.443717232149329,0.07896798523904312,0.07815018075653615,1.0104645245166446,0.9964231329968206,0.9964443746324535,0.07868552725833404,0.07787230799135987,1.0000404121793853,1.0,1.0000404121793853
0.06095368972401692,15.405897731995392,0.07914937385208316,0.07832969472986301,1.0104644748718477,0.9964284684140775,0.996449901412186,0.07886668936336445,0.07805161659121862,1.0000407002214937,1.0,1.0000407002214937
0.06109420249055719,15.36816521427809,0.07933118008448843,0.07850962205004923,1.0104644247798755,0.9964337717152929,0.9964553977446039,0.07904826698621194,0.07823133666666034,1.0000409903141796,1.0,1.0000409903141796
0.06123503917247733,15.330519478943348,0.07951340489410355,0.07868996366562399,1.0104643742368289,0.9964390428300025,0.9964608635733408,0.07923026106483498,0.0784114691488025,1.0000412824719793,1.0,1.0000412824719793
0.061376200516479386,15.292960326397232,0.07969604924093514,0.07887072052726268,1.0104643232387762,0.9964442816869005,0.9964662988413041,0.07941267253916746,0.07859201497074832,1.0000415767095328,1.0,1.0000415767095328
0.06151768727098677,15.25548755750485,0.0798791140871564,0.07905189358779158,1.0104642717817522,0.9964494882138343,0.9964717034906698,0.07959550235112146,0.07877297506758983,1.000041873041581,1.0,1.000041873041581
0.061659500186148214,15.218100973589301,0.08006260039711156,0.07923348380219235,1.0104642198617584,0.9964546623377993,0.9964770774628791,0.07977875144458996,0.07895435037641099,1.00004217148297,1.0,1.00004217148297
0.06180164001384158,15.18080037643066,0.08024650913732065,0.07941549212760667,1.0104641674747628,0.9964598039849335,0.9964824206986331,0.07996242076544971,0.07913614183629074,1.000042472048649,1.0,1.000042472048649
0.06194410750767812,15.143585568264868,0.08043084127648384,0.07959791952334083,1.0104641146166988,0.9964649130805121,0.9964877331378892,0.08014651126156393,0.07931835038830604,1.0000427747536726,1.0,1.0000427747536726
0.062086903423006316,15.106456351782715,0.08061559778548619,0.07978076695087037,1.0104640612834659,0.9964699895489422,0.9964930147198555,0.08033102388278515,0.07950097697553503,1.0000430796132012,1.0,1.0000430796132012
0.062230028516915954,15.069412530128773,0.08080077963740213,0.0799640353738446,1.010464007470929,0.9964750333137574,0.9964982653829878,0.08051595958095786,0.07968402254306002,1.0000433866425011,1.0,1.0000433866425011
0.062373483548241924,15.032453906900415,0.08098638780750013,0.08014772575809129,1.010463953174918,0.9964800442976124,0.9965034850649838,0.08070131930992135,0.07986748803797053,1.000043695856946,1.0,1.000043695856946
0.06251726927756857,14.995580286146692,0.08117242327324721,0.0803318390716213,1.010463898391228,0.9964850224222772,0.9965086737027791,0.08088710402551232,0.08005137440936642,1.0000440072720178,1.0,1.0000440072720178
0.06266138646723352,14.958791472367333,0.08135888701431362,0.08051637628463315,1.010463843115618,0.9964899676086321,0.9965138312325428,0.08107331468556774,0.08023568260836084,1.0000443209033063,1.0,1.0000443209033063
0.06280583588133176,14.922087270511708,0.08154578001257741,0.08070133836951776,1.010463787343812,0.9964948797766616,0.9965189575896727,0.08125995224992742,0.0804204135880833,1.000044636766511,1.0,1.000044636766511
0.06295061828571977,14.885467485977786,0.08173310325212904,0.08088672630086297,1.0104637310714977,0.9964997588454492,0.9965240527087905,0.08144701768043679,0.08060556830368268,1.0000449548774417,1.0,1.0000449548774417
0.06309573444801932,14.848931924611136,0.08192085771927603,0.0810725410554583,1.0104636742943265,0.9965046047331715,0.9965291165237371,0.08163451194094953,0.08079114771233027,1.0000452752520186,1.0,1.0000452752520186
0.06324118513762193,14.812480392703835,0.08210904440254754,0.08125878361229955,1.0104636170079133,0.9965094173570926,0.9965341489675682,0.0818224359973303,0.0809771527732227,1.000045597906274,1.0,1.000045597906274
0.06338697112569266,14.776112696993494,0.08229766429269908,0.08144545495259352,1.0104635592078355,0.9965141966335582,0.9965391499725494,0.0820107908174573,0.08116358444758512,1.000045922856352,1.0,1.000045922856352
0.06353309318517433,14.739828644662204,0.08248671838271704,0.08163255605976259,1.0104635008896343,0.9965189424779902,0.9965441194701512,0.08219957737122498,0.08135044369867386,1.0000462501185106,1.0,1.0000462501185106
0.06367955209079158,14.703628043335524,0.08267620766782348,0.08182008791944954,1.0104634420488128,0.9965236548048805,0.9965490573910446,0.08238879663054674,0.08153773149177984,1.0000465797091211,1.0,1.0000465797091211
0.06382634861905485,14.667510701081495,0.08286613314548062,0.08200805151952209,1.0104633826808367,0.9965283335277854,0.996553963665096,0.08257844956935738,0.08172544879423113,1.0000469116446702,1.0,1.0000469116446702
0.06397348354826479,14.631476426409545,0.08305649581539562,0.0821964478500777,1.010463322781133,0.9965329785593197,0.9965588382213622,0.08276853716361586,0.08191359657539621,1.000047245941759,1.0,1.000047245941759
0.06412095765851612,14.595525028269545,0.0832472966795252,0.0823852779034482,1.0104632623450909,0.9965375898111505,0.9965636809880858,0.08295906039130783,0.08210217580668674,1.000047582617106,1.0,1.000047582617106
0.06426877173170192,14.559656316050754,0.0834385367420803,0.0825745426742046,1.0104632013680603,0.9965421671939917,0.99656849189269,0.0831500202324482,0.08229118746156065,1.0000479216875464,1.0,1.0000479216875464
0.06441692655151773,14.52387009958082,0.08363021700953076,0.08276424315916166,1.010463139845353,0.9965467106175973,0.996573270861774,0.0833414176690837,0.08248063251552494,1.0000482631700331,1.0,1.0000482631700331
0.06456542290346554,14.488166189124817,0.08382233849061003,0.08295438035738276,1.01046307777224,0.9965512199907559,0.9965780178211074,0.08353325368529553,0.08267051194613871,1.000048607081638,1.0,1.000048607081638
0.0647142615748583,14.452544395384145,0.08401490219631984,0.0831449552701845,1.0104630151439542,0.9965556952212846,0.9965827326956254,0.08372552926720175,0.08286082673301601,1.0000489534395522,1.0,1.0000489534395522
0.0648634433548238,14.417004529495603,0.08420790913993484,0.08333596890114155,1.0104629519556874,0.9965601362160226,0.9965874154094236,0.08391824540295992,0.08305157785782875,1.0000493022610877,1.0,1.0000493022610877
0.06501296903430907,14.381546403030345,0.08440136033700739,0.08352742225609126,1.0104628882025914,0.996564542880825,0.9965920658857538,0.08411140308276956,0.08324276630430968,1.000049653563677,1.0,1.000049653563677
0.06516283940608426,14.346169827992945,0.08459525680537222,0.08371931634313856,1.0104628238797777,0.9965689151205562,0.996596684047017,0.08430500329887465,0.08343439305825512,1.000050007364875,1.0,1.000050007364875
0.06531305526474722,14.310874616820305,0.08478959956515113,0.0839116521726606,1.0104627589823165,0.996573252839085,0.9966012698147602,0.08449904704556613,0.08362645910752803,1.0000503636823597,1.0,1.0000503636823597
0.06546361740672747,14.275660582380732,0.08498438963875772,0.08410443075731157,1.0104626935052368,0.9965775559392768,0.9966058231096693,0.08469353531918436,0.08381896544206068,1.000050722533932,1.0,1.000050722533932
0.0656145266302905,14.24052753797292,0.08517962805090211,0.0842976531120274,1.0104626274435258,0.9965818243229876,0.9966103438515657,0.08488846911812155,0.08401191305385763,1.0000510839375178,1.0,1.0000510839375178
0.06576578373554205,14.205475297324956,0.08537531582859567,0.08449132025403064,1.010462560792129,0.996586057891058,0.9966148319593993,0.08508384944282421,0.08420530293699853,1.0000514479111688,1.0,1.0000514479111688
0.06591738952443213,14.170503674593368,0.08557145400115578,0.08468543320283516,1.0104624935459496,0.9965902565433068,0.996619287351244,0.08527967729579561,0.08439913608764095,1.0000518144730621,1.0,1.0000518144730621
0.06606934480075959,14.135612484362085,0.08576804360021045,0.08487999298025098,1.0104624256998478,0.9965944201785236,0.9966237099442926,0.08547595368159806,0.08459341350402325,1.0000521836415022,1.0,1.0000521836415022
0.06622165037017616,14.100801541641491,0.08596508565970327,0.08507500061038901,1.0104623572486413,0.9965985486944633,0.9966280996548507,0.0856726796068555,0.08478813618646726,1.000052555434922,1.0,1.000052555434922
0.06637430704019084,14.066070661867428,0.08616258121589797,0.08527045711966594,1.010462288187104,0.9966026419878389,0.9966324563983313,0.08586985608025566,0.08498330513738124,1.0000529298718825,1.0,1.0000529298718825
0.06652731562017414,14.031419660900223,0.08636053130738325,0.08546636353680893,1.0104622185099663,0.996606699954315,0.9966367800892503,0.08606748411255252,0.08517892136126257,1.0000533069710753,1.0,1.0000533069710753
0.0666806769213622,13.996848355023737,0.08655893697507755,0.08566272089286055,1.010462148211915,0.9966107224885011,0.9966410706412193,0.08626556471656867,0.08537498586470048,1.000053686751322,1.0,1.000053686751322
0.06683439175686144,13.962356560944338,0.08675779926223383,0.0858595302211835,1.0104620772875916,0.9966147094839451,0.9966453279669413,0.0864640989071976,0.08557149965637895,1.0000540692315754,1.0,1.0000540692315754
0.0669884609416526,13.92794409578997,0.08695711921444427,0.0860567925574655,1.0104620057315936,0.9966186608331259,0.9966495519782048,0.08666308770140592,0.0857684637470793,1.0000544544309216,1.0,1.0000544544309216
0.06714288529259518,13.893610777109163,0.08715689787964513,0.08625450893972407,1.0104619335384735,0.9966225764274474,0.9966537425858779,0.08686253211823586,0.08596587914968305,1.0000548423685796,1.0,1.0000548423685796
0.06729766562843177,13.85935642287007,0.08735713630812146,0.08645268040831142,1.0104618607027376,0.9966264561572311,0.9966578996999027,0.08706243317880727,0.08616374687917458,1.0000552330639023,1.0,1.0000552330639023
0.06745280276979218,13.825180851459539,0.08755783555251194,0.08665130800591925,1.0104617872188468,0.996630299911709,0.9966620232292899,0.08726279190632008,0.08636206795264384,1.0000556265363783,1.0,1.0000556265363783
0.06760829753919816,13.791083881682079,0.08775899666781364,0.08685039277758365,1.010461713081216,0.9966341075790174,0.9966661130821123,0.08746360932605642,0.08656084338928906,1.0000560228056317,1.0,1.0000560228056317
0.06776415076106747,13.757065332758954,0.08796062071138686,0.08704993577068992,1.010461638284213,0.9966378790461888,0.9966701691654998,0.08766488646538287,0.08676007421041941,1.000056421891424,1.0,1.000056421891424
0.06792036326171846,13.723125024327187,0.08816270874295984,0.08724993803497744,1.0104615628221592,0.996641614199146,0.9966741913856328,0.08786662435375266,0.0869597614394577,1.0000568238136547,1.0,1.0000568238136547
0.06807693586937415,13.689262776438667,0.08836526182463368,0.08745040062254451,1.0104614866893282,0.9966453129226938,0.9966781796477374,0.0880688240227078,0.08715990610194303,1.0000572285923617,1.0,1.0000572285923617
0.06823386941416694,13.65547840955912,0.08856828102088711,0.08765132458785334,1.0104614098799465,0.9966489751005128,0.996682133856078,0.08827148650588133,0.08736050922553337,1.000057636247723,1.0,1.000057636247723
0.0683911647281429,13.621771744567189,0.08877176739858123,0.08785271098773478,1.0104613323881917,0.9966526006151517,0.996686053913952,0.08847461283899932,0.08756157184000828,1.0000580468000573,1.0,1.0000580468000573
0.06854882264526611,13.588142602753493,0.08897572202696447,0.08805456088139332,1.0104612542081939,0.9966561893480202,0.9966899397236847,0.08867820405988311,0.08776309497727143,1.000058460269825,1.0,1.000058460269825
0.06870684400142323,13.554590805819657,0.0891801459776773,0.08825687533041193,1.0104611753340333,0.9966597411793815,0.9966937911866215,0.08888226120845132,0.08796507967135328,1.0000588766776295,1.0,1.0000588766776295
0.06886522963442761,13.521116175877422,0.08938504032475715,0.08845965539875697,1.010461095759742,0.9966632559883448,0.9966976082031233,0.08908678532672196,0.08816752695841357,1.0000592960442174,1.0,1.0000592960442174
0.06902398038402417,13.487718535447621,0.08959040614464316,0.0886629021527831,1.0104610154793014,0.9966667336528587,0.9967013906725593,0.0892917774588145,0.08837043787674395,1.0000597183904802,1.0,1.0000597183904802
0.06918309709189362,13.454397707459282,0.08979624451618108,0.08886661666123818,1.0104609344866438,0.9966701740497026,0.9967051384933013,0.08949723865095185,0.08857381346677053,1.000060143737455,1.0,1.000060143737455
0.06934258060165686,13.421153515248697,0.09000255652062811,0.08907079999526826,1.0104608527756498,0.9966735770544799,0.9967088515627178,0.08970316995146242,0.08877765477105637,1.0000605721063252,1.0,1.0000605721063252
0.06950243175887968,13.387985782558452,0.09020934324165775,0.08927545322842236,1.0104607703401507,0.9966769425416101,0.996712529777167,0.0899095724107821,0.088981962834304,1.0000610035184223,1.0,1.0000610035184223
0.06966265141107686,13.354894333536562,0.0904166057653646,0.08948057743665755,1.010460687173925,0.9966802703843213,0.9967161730319904,0.09011644708145618,0.08918673870335798,1.0000614379952262,1.0,1.0000614379952262
0.06982324040771712,13.321878992735439,0.09062434518026935,0.08968617369834377,1.0104606032707013,0.9966835604546426,0.996719781221508,0.09032379501814139,0.08939198342720736,1.0000618755583661,1.0,1.0000618755583661
0.06998419960022731,13.288939585111036,0.09083256257732347,0.08989224309426883,1.0104605186241549,0.9966868126233962,0.9967233542390096,0.09053161727760771,0.08959769805698807,1.0000623162296227,1.0,1.0000623162296227
0.07014552984199708,13.25607593602189,0.09104125904991421,0.09009878670764335,1.0104604332279084,0.9966900267601896,0.99672689197675,0.09073991491874035,0.08980388364598547,1.0000627600309273,1.0,1.0000627600309273
0.07030723198838335,13.223287871228198,0.09125043569386942,0.09030580562410571,1.0104603470755325,0.996693202733408,0.9967303943259421,0.0909486890025416,0.09001054124963677,1.000063206984365,1.0,1.000063206984365
0.07046930689671468,13.190575216890924,0.09146009360746246,0.090513300931727,1.0104602601605437,0.996696340410206,0.99673386117675,0.09115794059213271,0.09021767192553339,1.0000636571121733,1.0,1.0000636571121733
0.07063175542629617,13.15793779957082,0.09167023389141704,0.090721273721016,1.0104601724764057,0.9966994396564998,0.9967372924182827,0.09136767075275563,0.09042527673342339,1.0000641104367458,1.0,1.0000641104367458
0.07079457843841375,13.125375446227553,0.09188085764891211,0.0909297250849241,1.010460084016527,0.9967025003369595,0.9967406879385874,0.09157788055177496,0.09063335673521387,1.000064566980631,1.0,1.000064566980631
0.07095777679633888,13.092887984218747,0.0920919659855868,0.09113865611885034,1.0104599947742623,0.9967055223150004,0.9967440476246429,0.09178857105867955,0.09084191299497332,1.0000650267665347,1.0,1.0000650267665347
0.0711213513653329,13.06047524129914,0.09230356000954525,0.09134806792064636,1.0104599047429106,0.9967085054527756,0.9967473713623528,0.09199974334508443,0.09105094657893392,1.000065489817321,1.0,1.000065489817321
0.07128530301265193,13.028137045619586,0.09251564083136152,0.09155796159062134,1.0104598139157162,0.9967114496111672,0.9967506590365389,0.09221139848473243,0.09126045855549393,1.000065956156012,1.0,1.000065956156012
0.0714496326075513,12.995873225726188,0.09272820956408453,0.0917683382315471,1.0104597222858662,0.9967143546497785,0.9967539105309341,0.09242353755349594,0.09147044999522,1.0000664258057907,1.0,1.0000664258057907
0.07161434102129016,12.963683610559384,0.09294126732324297,0.091979198948663,1.0104596298464932,0.9967172204269252,0.9967571257281753,0.09263616162937854,0.09168092197084933,1.0000668987900012,1.0,1.0000668987900012
0.07177942912713618,12.931568029453029,0.0931548152268501,0.09219054484968092,1.0104595365906714,0.996720046799628,0.9967603045097975,0.09284927179251673,0.0918918755572921,1.0000673751321494,1.0,1.0000673751321494
0.07194489780036994,12.899526312133533,0.0933688543954088,0.09240237704479043,1.0104594425114182,0.9967228336236028,0.9967634467562254,0.09306286912518144,0.09210331183163363,1.0000678548559054,1.0,1.0000678548559054
0.07211074791828995,12.867558288718888,0.09358338595191644,0.09261469664666358,1.0104593476016936,0.9967255807532535,0.9967665523467681,0.09327695471177977,0.09231523187313664,1.000068337985103,1.0,1.000068337985103
0.072276980360217,12.835663789717815,0.09379841102186977,0.09282750477046006,1.0104592518543993,0.9967282880416627,0.9967696211596105,0.09349152963885649,0.09252763676324341,1.0000688245437417,1.0,1.0000688245437417
0.07244359600749896,12.803842646028857,0.09401393073326983,0.09304080253383219,1.0104591552623783,0.9967309553405836,0.9967726530718067,0.0937065949950955,0.09274052758557799,1.0000693145559882,1.0,1.0000693145559882
0.07261059574351547,12.772094688939466,0.09422994621662699,0.09325459105692994,1.0104590578184147,0.9967335825004311,0.9967756479592733,0.09392215187132157,0.0929539054259484,1.0000698080461767,1.0,1.0000698080461767
0.07277798045368239,12.740419750125156,0.09444645860496571,0.09346887146240597,1.0104589595152322,0.9967361693702731,0.9967786056967816,0.09413820136050159,0.09316777137234872,1.0000703050388104,1.0,1.0000703050388104
0.07294575102545685,12.70881766164854,0.09466346903382966,0.09368364487542062,1.0104588603454958,0.9967387157978217,0.9967815261579505,0.09435474455774624,0.09338212651496122,1.0000708055585625,1.0,1.0000708055585625
0.07311390834834171,12.677288255958498,0.09488097864128649,0.09389891242364704,1.0104587603018087,0.9967412216294245,0.9967844092152395,0.09457178256031122,0.09359697194615851,1.0000713096302776,1.0,1.0000713096302776
0.07328245331389036,12.645831365889254,0.0950989885679329,0.09411467523727615,1.0104586593767142,0.9967436867100554,0.996787254739941,0.09478931646759886,0.0938123087605056,1.0000718172789727,1.0,1.0000718172789727
0.07345138681571149,12.6144468246595,0.0953174999568995,0.09433093444902173,1.0104585575626936,0.9967461108833063,0.9967900626021727,0.0950073473811593,0.09402813805476182,1.0000723285298383,1.0,1.0000723285298383
0.0736207097494736,12.583134465871543,0.09553651395385579,0.0945476911941255,1.010458454852166,0.9967484939913778,0.996792832670871,0.095225876404692,0.09424446092788312,1.00007284340824,1.0,1.00007284340824
0.07379042301291007,12.551894123510365,0.0957560317070151,0.0947649466103621,1.0104583512374885,0.9967508358750693,0.9967955648137823,0.09544490464404694,0.09446127848102381,1.0000733619397189,1.0,1.0000733619397189
0.07396052750582374,12.52072563194278,0.09597605436713957,0.09498270183804422,1.010458246710955,0.9967531363737714,0.9967982588974567,0.09566443320722597,0.09467859181753874,1.0000738841499932,1.0,1.0000738841499932
0.07413102413009176,12.489628825916535,0.0961965830875451,0.0952009580200277,1.0104581412647964,0.9967553953254555,0.9968009147872388,0.09588446320438404,0.09489640204298513,1.0000744100649601,1.0,1.0000744100649601
0.07430191378967013,12.458603540559483,0.09641761902410623,0.09541971630171653,1.0104580348911785,0.9967576125666652,0.9968035323472618,0.0961049957478304,0.09511471026512464,1.0000749397106956,1.0,1.0000749397106956
0.07447319739059889,12.42764961137864,0.09663916333526125,0.0956389778310679,1.0104579275822043,0.9967597879325062,0.9968061114404392,0.09632603195202984,0.09533351759392515,1.0000754731134565,1.0,1.0000754731134565
0.07464487584100662,12.396766874259356,0.09686121718201703,0.09585874375859739,1.010457819329911,0.996761921256638,0.9968086519284554,0.09654757293360376,0.0955528251415627,1.000076010299682,1.0,1.000076010299682
0.07481695005111538,12.365955165464431,0.09708378172795404,0.09607901523738402,1.0104577101262697,0.9967640123712636,0.9968111536717607,0.09676961981133143,0.09577263402242343,1.000076551295994,1.0,1.000076551295994
0.07498942093324559,12.335214321633238,0.09730685813923136,0.09629979342307529,1.010457599963187,0.9967660611071201,0.9968136165295608,0.09699217370615094,0.09599294535310529,1.000077096129199,1.0,1.000077096129199
0.07516228940182054,12.304544179780912,0.0975304475845916,0.09652107947389232,1.0104574888325022,0.9967680672934696,0.9968160403598108,0.09721523574116041,0.09621376025241996,1.0000776448262891,1.0,1.0000776448262891
0.07533555637337172,12.273944577297398,0.09775455123536585,0.09674287455063497,1.0104573767259868,0.9967700307580892,0.996818425019206,0.09743880704161882,0.09643507984139459,1.0000781974144435,1.0,1.0000781974144435
0.07550922276654336,12.243415351946652,0.09797917026547873,0.09696517981668687,1.0104572636353464,0.9967719513272614,0.9968207703631745,0.09766288873494722,0.09665690524327354,1.0000787539210292,1.0,1.0000787539210292
0.07568328950209739,12.212956341865759,0.09820430585145332,0.09718799643802056,1.0104571495522174,0.9967738288257637,0.9968230762458689,0.09788748195072948,0.0968792375835202,1.000079314373603,1.0,1.000079314373603
0.07585775750291839,12.18256738556407,0.09842995917241613,0.09741132558320266,1.0104570344681678,0.9967756630768599,0.9968253425201578,0.09811258782071335,0.0971020779898186,1.0000798787999121,1.0,1.0000798787999121
0.07603262769401817,12.152248321922386,0.09865613141010215,0.09763516842339891,1.0104569183746968,0.9967774539022893,0.996827569037618,0.0983382074788113,0.09732542759207514,1.000080447227896,1.0,1.000080447227896
0.07620790100254118,12.121998990192035,0.0988828237488598,0.0978595261323793,1.0104568012632336,0.9967792011222574,0.9968297556485263,0.09856434206110146,0.09754928752242023,1.0000810196856866,1.0,1.0000810196856866
0.07638357835776903,12.091819229994076,0.09911003737565585,0.09808439988652327,1.0104566831251367,0.9967809045554247,0.9968319022018508,0.09879099270582818,0.09777365891520999,1.0000815962016114,1.0,1.0000815962016114
0.07655966069112558,12.061708881318424,0.09933777348008051,0.09830979086482469,1.0104565639516951,0.996782564018898,0.996834008545243,0.09901816055340314,0.09799854290702771,1.0000821768041934,1.0,1.0000821768041934
0.0767361489361819,12.031667784522993,0.0995660332543524,0.09853570024889716,1.0104564437341255,0.9967841793282192,0.9968360745250284,0.09924584674640584,0.0982239406366855,1.0000827615221526,1.0,1.0000827615221526
0.07691304402866095,12.001695780332906,0.09979481789332346,0.09876212922297897,1.0104563224635725,0.9967857502973556,0.9968380999861994,0.0994740524295844,0.09844985324522586,1.0000833503844078,1.0,1.0000833503844078
0.07709034690644298,11.971792709839564,0.10002412859448408,0.09898907897393841,1.010456200131109,0.9967872767386893,0.9968400847724055,0.09970277874985624,0.0986762818759231,1.000083943420077,1.0,1.000083943420077
0.07726805850957019,11.941958414499867,0.10025396655796796,0.0992165506912788,1.0104560767277344,0.9967887584630067,0.9968420287259452,0.09993202685630868,0.09890322767428494,1.0000845406584804,1.0,1.0000845406584804
0.07744617978025188,11.91219273613534,0.10048433298655723,0.0994445455671436,1.010455952244375,0.9967901952794884,0.9968439316877579,0.10016179790019952,0.09913069178805382,1.0000851421291397,1.0,1.0000851421291397
0.07762471166286918,11.882495516931339,0.10071522908568734,0.09967306479632172,1.0104558266718822,0.9967915869956986,0.9968457934974138,0.10039209303495762,0.09935867536720847,1.000085747861781,1.0,1.000085747861781
0.07780365510398038,11.852866599436158,0.10094665606345213,0.09990210957625252,1.0104557000010328,0.9967929334175739,0.9968476139931063,0.10062291341618337,0.09958717956396518,1.000086357886336,1.0,1.000086357886336
0.07798301105232584,11.82330582656022,0.10117861513060879,0.100131681107031,1.0104555722225288,0.9967942343494135,0.9968493930116427,0.10085426020164917,0.09981620553277921,1.0000869722329417,1.0,1.0000869722329417
0.07816278045883292,11.793813041575254,0.10141110750058294,0.10036178059141299,1.0104554433269963,0.9967954895938677,0.9968511303884348,0.10108613455129992,0.1000457544303461,1.0000875909319447,1.0,1.0000875909319447
0.07834296427662119,11.764388088113437,0.10164413438947348,0.10059240923482028,1.0104553133049838,0.9967966989519272,0.996852825957491,0.10131853762725324,0.10027582741560302,1.0000882140139,1.0,1.0000882140139
0.07852356346100717,11.735030810166618,0.10187769701605774,0.10082356824534583,1.0104551821469636,0.9967978622229134,0.9968544795514062,0.10155147059380004,0.10050642564972989,1.0000888415095734,1.0,1.0000888415095734
0.07870457896950984,11.70574105208542,0.10211179660179644,0.10105525883375882,1.0104550498433305,0.9967989792044655,0.9968560910013536,0.10178493461740469,0.10073755029615084,1.0000894734499435,1.0,1.0000894734499435
0.0788860117618554,11.67651865857846,0.10234643437083868,0.10128748221350999,1.0104549163844005,0.9968000496925301,0.9968576601370747,0.10201893086670527,0.10096920252053514,1.0000901098662018,1.0,1.0000901098662018
0.07906786279998246,11.647363474711522,0.10258161155002693,0.10152023960073664,1.0104547817604106,0.9968010734813512,0.9968591867868706,0.10225346051251381,0.10120138349079857,1.0000907507897554,1.0,1.0000907507897554
0.07925013304804718,11.618275345906707,0.10281732936890206,0.10175353221426794,1.0104546459615182,0.9968020503634577,0.9968606707775928,0.10248852472781653,0.10143409437710454,1.0000913962522273,1.0,1.0000913962522273
0.07943282347242814,11.589254117941675,0.10305358905970838,0.10198736127563005,1.0104545089778012,0.9968029801296523,0.996862111934633,0.10272412468777384,0.10166733635186498,1.0000920462854592,1.0,1.0000920462854592
0.07961593504173185,11.560299636948752,0.10329039185739858,0.10222172800905123,1.0104543707992564,0.9968038625690009,0.996863510081915,0.10296026156972057,0.1019011105897416,1.0000927009215113,1.0,1.0000927009215113
0.07979946872679762,11.531411749414167,0.10352773899963877,0.10245663364146715,1.010454231415799,0.9968046974688203,0.996864865041884,0.1031969365531659,0.1021354182676469,1.0000933601926654,1.0,1.0000933601926654
0.07998342550070278,11.502590302177211,0.10376563172681347,0.10269207940252602,1.0104540908172617,0.9968054846146673,0.9968661766354978,0.1034341508197934,0.10237026056474507,1.0000940241314247,1.0,1.0000940241314247
0.08016780633876791,11.47383514242943,0.10400407128203065,0.10292806652459371,1.0104539489933957,0.9968062237903268,0.996867444682217,0.10367190555346095,0.10260563866245298,1.0000946927705174,1.0,1.0000946927705174
0.08035261221856171,11.445146117713852,0.10424305891112673,0.10316459624275907,1.0104538059338681,0.9968069147778001,0.9968686689999948,0.1039102019402007,0.10284155374444111,1.0000953661428957,1.0,1.0000953661428957
0.08053784411990662,11.416523075924117,0.10448259586267154,0.103401669794839,1.0104536616282622,0.9968075573572934,0.9968698494052685,0.10414904116821887,0.10307800699663446,1.0000960442817397,1.0,1.0000960442817397
0.08072350302488378,11.387965865303697,0.10472268338797339,0.1036392884213837,1.0104535160660766,0.9968081513072058,0.9968709857129481,0.10438842442789559,0.1033149996072133,1.0000967272204568,1.0,1.0000967272204568
0.08090958991783824,11.359474334445103,0.10496332274108401,0.10387745336568187,1.0104533692367248,0.9968086964041174,0.9968720777364076,0.1046283529117846,0.10355253276661407,1.0000974149926851,1.0,1.0000974149926851
0.08109610578538408,11.33104833228909,0.10520451517880361,0.10411616587376585,1.0104532211295345,0.9968091924227775,0.9968731252874747,0.10486882781461307,0.10379060766753008,1.000098107632293,1.0,1.000098107632293
0.0812830516164099,11.302687708123818,0.10544626196068588,0.10435542719441691,1.010453071733746,0.9968096391360922,0.9968741281764208,0.10510985033328114,0.10402922550491232,1.0000988051733828,1.0,1.0000988051733828
0.08147042840208392,11.274392311584078,0.10568856434904293,0.10459523857917034,1.0104529210385138,0.9968100363151129,0.9968750862119505,0.10535142166686164,0.10426838747596998,1.0000995076502908,1.0,1.0000995076502908
0.0816582371358592,11.246161992650494,0.10593142360895037,0.10483560128232075,1.010452769032903,0.9968103837290232,0.9968759992011925,0.10559354301659953,0.10450809478017131,1.0001002150975886,1.0,1.0001002150975886
0.08184647881347899,11.217996601648716,0.10617484100825228,0.10507651656092722,1.010452615705891,0.9968106811451272,0.9968768669496879,0.10583621558591154,0.10474834861924412,1.0001009275500867,1.0,1.0001009275500867
0.08203515443298182,11.189895989248667,0.1064188178175662,0.10531798567481848,1.0104524610463654,0.9968109283288368,0.9968776892613812,0.10607944058038551,0.10498915019717629,1.0001016450428335,1.0,1.0001016450428335
0.08222426499470709,11.161860006463684,0.10666335531028813,0.10556000988659821,1.0104523050431242,0.9968111250436598,0.9968784659386092,0.10632321920777993,0.10523050072021645,1.0001023676111187,1.0,1.0001023676111187
0.08241381150130019,11.133888504649779,0.10690845476259755,0.10580259046165012,1.0104521476848742,0.9968112710511864,0.996879196782091,0.10656755267802313,0.1054724013968743,1.000103095290474,1.0,1.000103095290474
0.08260379495771782,11.105981335504831,0.1071541174534624,0.10604572866814327,1.0104519889602315,0.9968113661110772,0.9968798815909172,0.10681244220321268,0.1057148534379212,1.0001038281166754,1.0,1.0001038281166754
0.08279421637123342,11.078138351067802,0.10740034466464408,0.10628942577703716,1.01045182885772,0.9968114099810506,0.9968805201625397,0.10705788899761468,0.10595785805639046,1.000104566125744,1.0,1.000104566125744
0.08298507675144223,11.050359403717977,0.10764713768070241,0.10653368306208712,1.01045166736577,0.9968114024168697,0.9968811122927603,0.10730389427766283,0.1062014164675778,1.000105309353948,1.0,1.000105309353948
0.08317637711026707,11.022644346174134,0.10789449778900069,0.1067785017998493,1.0104515044727194,0.996811343172329,0.9968816577757208,0.10755045926195766,0.10644552988904156,1.000106057837805,1.0,1.000106057837805
0.08336811846196339,10.994993031493795,0.10814242627971059,0.10702388326968601,1.0104513401668112,0.9968112319992424,0.9968821564038919,0.10779758517126556,0.10669019954060299,1.000106811614082,1.0,1.000106811614082
0.08356030182312474,10.967405313072444,0.1083909244458172,0.10726982875377095,1.0104511744361935,0.9968110686474296,0.9968826079680619,0.10804527322851785,0.10693542664434658,1.0001075707197993,1.0,1.0001075707197993
0.08375292821268826,10.939881044642732,0.10863999358312407,0.10751633953709434,1.0104510072689188,0.9968108528647025,0.9968830122573268,0.1082935246588097,0.10718121242462013,1.0001083351922297,1.0,1.0001083351922297
0.08394599865193973,10.91242008027375,0.10888963499025806,0.1077634169074682,1.0104508386529436,0.9968105843968526,0.996883369059078,0.1085423406893991,0.1074275581080349,1.0001091050689026,1.0,1.0001091050689026
0.08413951416451948,10.885022274370188,0.1091398499686744,0.10801106215553151,1.0104506685761268,0.9968102629876374,0.9968836781589926,0.10879172254970562,0.10767446492346582,1.0001098803876034,1.0,1.0001098803876034
0.08433347577642748,10.857687481671608,0.10939063982266167,0.10825927657475544,1.0104504970262294,0.9968098883787673,0.9968839393410207,0.10904167147130932,0.10792193410205128,1.0001106611863768,1.0,1.0001106611863768
0.084527884516029,10.830415557251646,0.10964200585934673,0.10850806146144859,1.010450323990914,0.9968094603098917,0.9968841523873754,0.1092921886879494,0.10816996687719341,1.0001114475035282,1.0,1.0001114475035282
0.08472274141405964,10.803206356517297,0.10989394938869974,0.10875741811476215,1.0104501494577438,0.9968089785185854,0.9968843170785212,0.10954327543552292,0.10841856448455786,1.0001122393776252,1.0,1.0001122393776252
0.08491804750363136,10.776059735208078,0.11014647172353907,0.10900734783669519,1.0104499734141814,0.9968084427403351,0.996884433193162,0.10979493295208334,0.10866772816207373,1.0001130368474989,1.0,1.0001130368474989
0.08511380382023762,10.7489755493953,0.11039957417953632,0.10925785193209978,1.0104497958475889,0.9968078527085253,0.9968845005082307,0.11004716247783916,0.10891745914993352,1.0001138399522465,1.0,1.0001138399522465
0.08531001140175888,10.721953655481313,0.11065325807522124,0.10950893170868624,1.0104496167452268,0.9968072081544253,0.9968845187988763,0.11029996525515239,0.10916775869059268,1.0001146487312325,1.0,1.0001146487312325
0.08550667128846834,10.69499391019871,0.1109075247319867,0.10976058847702838,1.010449436094253,0.9968065088071739,0.9968844878384537,0.11055334252853696,0.10941862802876973,1.0001154632240907,1.0,1.0001154632240907
0.08570378452303695,10.668096170609626,0.11116237547409366,0.1100128235505687,1.0104492538817218,0.9968057543937667,0.9968844073985108,0.11080729554465708,0.10967006841144561,1.0001162834707256,1.0,1.0001162834707256
0.08590135215053955,10.641260294104915,0.11141781162867609,0.11026563824562352,1.010449070094584,0.996804944639041,0.9968842772487775,0.11106182555232556,0.10992208108786355,1.000117109511315,1.0,1.000117109511315
0.08609937521846002,10.614486138403434,0.11167383452574596,0.11051903388138833,1.0104488847196855,0.9968040792656615,0.9968840971571532,0.11131693380250204,0.11017466730952863,1.0001179413863106,1.0,1.0001179413863106
0.08629785477669698,10.587773561551268,0.11193044549819811,0.11077301177994285,1.0104486977437661,0.9968031579941069,0.9968838668896959,0.11157262154829115,0.11042782833020726,1.000118779136441,1.0,1.000118779136441
0.08649679187756933,10.561122421920988,0.11218764588181523,0.11102757326625638,1.0104485091534592,0.9968021805426545,0.9968835862106086,0.11182889004494058,0.11068156540592676,1.0001196228027125,1.0,1.0001196228027125
0.08669618757582165,10.534532578210925,0.11244543701527285,0.11128271966819286,1.0104483189352922,0.9968011466273661,0.9968832548822291,0.11208574054983925,0.11093587979497475,1.0001204724264117,1.0,1.0001204724264117
0.08689604292863015,10.508003889444362,0.11270382024014411,0.11153845231651621,1.0104481270756824,0.9968000559620734,0.996882872665016,0.11234317432251512,0.11119077275789858,1.0001213280491072,1.0,1.0001213280491072
0.08709635899560801,10.481536214968834,0.11296279690090487,0.11179477254489541,1.01044793356094,0.9967989082583633,0.9968824393175374,0.1126011926246332,0.1114462455575046,1.0001221897126507,1.0,1.0001221897126507
0.0872971368388111,10.455129414455364,0.11322236834493848,0.1120516816899098,1.0104477383772645,0.9967977032255625,0.9968819545964588,0.11285979671999331,0.11170229945885751,1.0001230574591802,1.0,1.0001230574591802
0.0874983775227436,10.428783347897717,0.1134825359225408,0.11230918109105421,1.0104475415107452,0.9967964405707234,0.9968814182565297,0.11311898787452793,0.11195893572927955,1.00012393133112,1.0,1.00012393133112
0.08770008211436346,10.402497875611688,0.11374330098692505,0.11256727209074424,1.0104473429473602,0.9967951199986086,0.9968808300505716,0.11337876735629981,0.11221615563834966,1.0001248113711854,1.0,1.0001248113711854
0.08790225168308839,10.376272858234314,0.11400466489422668,0.11282595603432131,1.010447142672975,0.9967937412116762,0.9968801897294661,0.11363913643549965,0.11247396045790263,1.0001256976223811,1.0,1.0001256976223811
0.08810488730080136,10.350108156723156,0.11426662900350834,0.11308523427005805,1.010446940673342,0.9967923039100639,0.9968794970421407,0.11390009638444361,0.11273235146202813,1.000126590128006,1.0,1.000126590128006
0.08830799004185629,10.32400363235557,0.11452919467676474,0.11334510814916329,1.0104467369341001,0.9967908077915744,0.9968787517355576,0.1141616484775708,0.11299132992706969,1.0001274889316536,1.0,1.0001274889316536
0.08851156098308355,10.297959146727978,0.11479236327892754,0.1136055790257874,1.0104465314407733,0.9967892525516592,0.9968779535546995,0.11442379399144072,0.11325089713162365,1.0001283940772145,1.0,1.0001283940772145
0.08871560120379607,10.271974561755107,0.11505613617787024,0.1138666482570274,1.0104463241787696,0.9967876378834039,0.9968771022425573,0.11468653420473052,0.11351105435653802,1.0001293056088782,1.0,1.0001293056088782
0.0889201117857948,10.24604973966927,0.11532051474441299,0.11412831720293216,1.0104461151333808,0.996785963477512,0.9968761975401175,0.11494987039823233,0.11377180288491139,1.000130223571135,1.0,1.000130223571135
0.0891250938133745,10.220184543019641,0.11558550035232754,0.11439058722650759,1.010445904289781,0.9967842290222898,0.996875239186348,0.11521380385485042,0.11403314400209157,1.0001311480087776,1.0,1.0001311480087776
0.08933054837332953,10.194378834671515,0.11585109437834208,0.11465345969372184,1.0104456916330264,0.9967824342036294,0.996874226918186,0.11547833585959823,0.11429507899567436,1.0001320789669041,1.0,1.0001320789669041
0.08953647655495937,10.168632477805613,0.11611729820214606,0.1149169359735104,1.0104454771480538,0.9967805787049941,0.9968731604705235,0.11574346769959552,0.1145576091555021,1.0001330164909192,1.0,1.0001330164909192
0.08974287945007482,10.142945335917302,0.11638411320639502,0.11518101743778134,1.0104452608196797,0.996778662207402,0.9968720395761953,0.11600920066406525,0.11482073577366239,1.000133960626536,1.0,1.000133960626536
0.08994975815300348,10.117317272815917,0.11665154077671552,0.11544570546142041,1.0104450426326,0.9967766843894088,0.9968708639659645,0.11627553604433043,0.11508446014448642,1.0001349114197786,1.0,1.0001349114197786
0.09015711376059563,10.09174815262402,0.1169195823017099,0.11571100142229633,1.0104448225713885,0.9967746449270932,0.9968696333685092,0.11654247513381094,0.11534878356454759,1.0001358689169844,1.0,1.0001358689169844
0.09036494737223015,10.066237839776663,0.11718823917296109,0.11597690670126581,1.0104446006204963,0.9967725434940394,0.9968683475104089,0.11681001922802026,0.11561370733265972,1.0001368331648044,1.0,1.0001368331648044
0.09057326008982,10.040786199020733,0.11745751278503751,0.11624342268217878,1.0104443767642508,0.996770379761321,0.9968670061161309,0.11707816962456205,0.11587923274987551,1.000137804210208,1.0,1.000137804210208
0.09078205301781854,10.015393095414154,0.11772740453549776,0.11651055075188356,1.0104441509868543,0.9967681533974845,0.9968656089080159,0.11734692762312675,0.11614536111948469,1.0001387821004823,1.0,1.0001387821004823
0.0909913272632251,9.990058394325217,0.11799791582489555,0.11677829230023194,1.0104439232723836,0.9967658640685323,0.9968641556062648,0.11761629452548795,0.1164120937470123,1.000139766883236,1.0,1.000139766883236
0.09120108393559091,9.964781961431857,0.1182690480567844,0.11704664872008438,1.0104436936047898,0.9967635114379065,0.9968626459289242,0.11788627163549893,0.11667943194021664,1.0001407586064008,1.0,1.0001407586064008
0.09141132414702502,9.93956366272094,0.11854080263772246,0.11731562140731512,1.0104434619678957,0.9967610951664715,0.9968610795918723,0.1181568602590888,0.11694737700908751,1.0001417573182336,1.0,1.0001417573182336
0.09162204901219996,9.914403364487567,0.11881318097727725,0.11758521176081736,1.0104432283453955,0.9967586149124971,0.9968594563088048,0.11842806170425872,0.11721593026584408,1.0001427630673188,1.0,1.0001427630673188
0.09183325964835805,9.88930093333434,0.11908618448803052,0.11785542118250834,1.0104429927208545,0.9967560703316413,0.9968577757912207,0.11869987728107816,0.11748509302493279,1.0001437759025698,1.0,1.0001437759025698
0.09204495717531708,9.864256236170661,0.11935981458558288,0.11812625107733452,1.0104427550777073,0.9967534610769335,0.9968560377484075,0.11897230830168079,0.11775486660302524,1.0001447958732317,1.0,1.0001447958732317
0.09225714271547633,9.839269140212034,0.11963407268855863,0.11839770285327658,1.0104425153992576,0.9967507867987571,0.9968542418874272,0.11924535608026052,0.11802525231901591,1.0001458230288836,1.0,1.0001458230288836
0.09246981739382225,9.814339512979382,0.11990896021861051,0.11866977792135472,1.010442273668676,0.9967480471448313,0.9968523879131014,0.1195190219330673,0.11829625149401989,1.0001468574194403,1.0,1.0001468574194403
0.0926829823379349,9.78946722229829,0.12018447860042437,0.11894247769563367,1.0104420298690002,0.9967452417601944,0.9968504755279961,0.1197933071784029,0.11856786545137049,1.0001478990951544,1.0,1.0001478990951544
0.0928966386779936,9.764652136298354,0.12046062926172393,0.1192158035932277,1.0104417839831341,0.9967423702871855,0.9968485044324082,0.12006821313661661,0.11884009551661676,1.0001489481066193,1.0,1.0001489481066193
0.09311078754678298,9.739894123412453,0.12073741363327549,0.11948975703430594,1.0104415359938455,0.9967394323654272,0.9968464743243496,0.1203437411301008,0.11911294301752103,1.0001500045047704,1.0,1.0001500045047704
0.09332543007969911,9.715193052376064,0.12101483314889258,0.11976433944209725,1.0104412858837661,0.9967364276318074,0.996844384899532,0.12061989248328642,0.11938640928405618,1.0001510683408876,1.0,1.0001510683408876
0.09354056741475518,9.690548792226581,0.12129288924544075,0.12003955224289548,1.0104410336353904,0.9967333557204614,0.9968422358513528,0.12089666852263842,0.1196604956484032,1.0001521396665982,1.0,1.0001521396665982
0.093756200692588,9.665961212302582,0.12157158336284213,0.12031539686606443,1.0104407792310746,0.9967302162627538,0.9968400268708791,0.12117407057665104,0.11993520344494815,1.0001532185338784,1.0,1.0001532185338784
0.09397233105646374,9.641430182243164,0.12185091694408016,0.12059187474404305,1.0104405226530349,0.9967270088872601,0.9968377576468325,0.12145209997584298,0.12021053401027956,1.0001543049950554,1.0,1.0001543049950554
0.09418895965228408,9.616955571987253,0.1221308914352043,0.12086898731235034,1.0104402638833478,0.9967237332197482,0.996835427865574,0.12173075805275259,0.12048648868318539,1.0001553991028107,1.0,1.0001553991028107
0.09440608762859234,9.592537251772889,0.12241150828533451,0.12114673600959054,1.0104400029039482,0.9967203888831603,0.9968330372110882,0.12201004614193281,0.12076306880465004,1.0001565009101812,1.0,1.0001565009101812
0.09462371613657929,9.568175092136586,0.12269276894666609,0.12142512227745818,1.0104397396966283,0.9967169754975942,0.996830585364968,0.12228996557994616,0.12104027571785146,1.0001576104705618,1.0,1.0001576104705618
0.09484184633008969,9.543868963912592,0.1229746748744741,0.121704147560743,1.0104394742430365,0.9967134926802842,0.9968280720063989,0.12257051770535947,0.12131811076815772,1.0001587278377089,1.0,1.0001587278377089
0.0950604793656281,9.519618738232234,0.12325722752711815,0.12198381330733521,1.0104392065246772,0.9967099400455827,0.9968254968121423,0.12285170385873867,0.12159657530312404,1.0001598530657407,1.0,1.0001598530657407
0.09527961640236512,9.49542428652323,0.12354042836604688,0.12226412096823029,1.0104389365229087,0.9967063172049407,0.9968228594565208,0.12313352538264338,0.12187567067248929,1.000160986209141,1.0,1.000160986209141
0.09549925860214359,9.471285480508996,0.12382427885580256,0.12254507199753419,1.0104386642189425,0.9967026237668896,0.9968201596114016,0.1234159836216214,0.12215539822817273,1.000162127322761,1.0,1.000162127322761
0.09571940712948443,9.447202192208001,0.12410878046402572,0.1228266678524682,1.0104383895938422,0.9966988593370205,0.9968173969461802,0.12369907992220314,0.12243575932427042,1.000163276461822,1.0,1.000163276461822
0.09594006315159327,9.423174293933046,0.12439393466145962,0.12310890999337412,1.0104381126285227,0.9966950235179667,0.9968145711277644,0.12398281563289591,0.12271675531705177,1.0001644336819173,1.0,1.0001644336819173
0.0961612278383664,9.399201658290599,0.1246797429219549,0.12339179988371912,1.0104378333037487,0.9966911159093825,0.9968116818205582,0.12426719210417816,0.12299838756495582,1.0001655990390148,1.0,1.0001655990390148
0.09638290236239706,9.375284158180126,0.124966206722474,0.12367533899010082,1.0104375516001334,0.9966871361079251,0.9968087286864449,0.12455221068849355,0.1232806574285875,1.0001667725894599,1.0,1.0001667725894599
0.09660508789898133,9.35142166679344,0.12525332754309573,0.12395952878225218,1.0104372674981383,0.9966830837072341,0.9968057113847706,0.1248378727402449,0.12356356627071383,1.0001679543899764,1.0,1.0001679543899764
0.09682778562612489,9.327614057613978,0.12554110686701989,0.12424437073304659,1.0104369809780718,0.9966789582979111,0.9968026295723275,0.12512417961578812,0.12384711545625997,1.0001691444976712,1.0,1.0001691444976712
0.09705099672454892,9.303861204416165,0.12582954618057146,0.12452986631850275,1.010436692020086,0.996674759467501,0.9967994829033374,0.12541113267342585,0.12413130635230528,1.000170342970035,1.0,1.000170342970035
0.09727472237769645,9.280162981264741,0.12611864697320543,0.12481601701778969,1.0104364006041795,0.9966704868004709,0.9967962710294346,0.1256987332734014,0.12441614032807921,1.000171549864945,1.0,1.000171549864945
0.09749896377173871,9.256519262514075,0.12640841073751102,0.1251028243132316,1.010436106710193,0.9966661398781904,0.9967929935996489,0.12598698277789191,0.12470161875495707,1.0001727652406682,1.0,1.0001727652406682
0.09772372209558106,9.232929922807543,0.12669883896921616,0.12539028969031296,1.0104358103178088,0.9966617182789115,0.9967896502603887,0.12627588255100208,0.12498774300645588,1.0001739891558628,1.0,1.0001739891558628
0.09794899854086986,9.209394837076802,0.1269899331671921,0.12567841463768323,1.0104355114065515,0.996657221577747,0.9967862406554231,0.12656543395875747,0.12527451445822976,1.0001752216695816,1.0,1.0001752216695816
0.0981747943019984,9.185913880541174,0.1272816948334575,0.12596720064716196,1.0104352099557843,0.9966526493466511,0.9967827644258651,0.12685563836909736,0.12556193448806574,1.0001764628412744,1.0,1.0001764628412744
0.09840111057611331,9.162486928706963,0.12757412547318314,0.1262566492137436,1.010434905944709,0.996648001154398,0.9967792212101547,0.12714649715186835,0.12585000447587905,1.0001777127307894,1.0,1.0001777127307894
0.09862794856312104,9.139113857366794,0.12786722659469613,0.12654676183560246,1.0104345993523651,0.9966432765665614,0.9967756106440399,0.1274380116788169,0.12613872580370852,1.0001789713983773,1.0,1.0001789713983773
0.09885530946569386,9.115794542598987,0.12816099970948439,0.12683754001409747,1.0104342901576286,0.9966384751454928,0.99677193236056,0.12773018332358246,0.1264280998557118,1.0001802389046934,1.0,1.0001802389046934
0.09908319448927672,9.092528860766848,0.1284554463322008,0.12712898525377722,1.0104339783392093,0.9966335964503011,0.9967681859900275,0.12802301346168993,0.1267181280181605,1.0001815153107996,1.0,1.0001815153107996
0.09931160484209332,9.069316688518047,0.1287505679806678,0.12742109906238464,1.0104336638756528,0.9966286400368314,0.9967643711600104,0.12831650347054258,0.1270088116794352,1.0001828006781674,1.0,1.0001828006781674
0.09954054173515263,9.046157902783959,0.12904636617588153,0.12771388295086206,1.010433346745335,0.9966236054576426,0.9967604874953135,0.12861065472941421,0.12730015223002067,1.0001840950686802,1.0,1.0001840950686802
0.09977000638225533,9.023052380778996,0.1293428424420161,0.12800733843335588,1.0104330269264643,0.9966184922619868,0.9967565346179614,0.1289054686194418,0.12759215106250038,1.000185398544637,1.0,1.000185398544637
0.09999999999999998,9.000000000000002,0.12963999830642808,0.12830146702722145,1.0104327043970793,0.9966132999957876,0.996752512147179,0.1292009465236176,0.12788480957155143,1.0001867111687532,1.0,1.0001867111687532
0.10023052380778992,8.977000638225539,0.1299378352996605,0.1285962702530279,1.0104323791350474,0.9966080282016176,0.9967484196993736,0.12949708982678118,0.1281781291539391,1.000188033004165,1.0,1.000188033004165
0.10046157902783945,8.954054173515276,0.13023635495544728,0.12889174963456287,1.0104320511180636,0.9966026764186772,0.9967442568881165,0.1297938999156116,0.12847211120851154,1.0001893641144313,1.0,1.0001893641144313
0.10069316688518043,8.931160484209336,0.1305355588107174,0.1291879066988375,1.0104317203236488,0.9965972441827716,0.9967400233241244,0.13009137817861907,0.1287667571361941,1.0001907045635359,1.0,1.0001907045635359
0.10092528860766843,8.908319448927676,0.13083544840559913,0.12948474297609092,1.0104313867291501,0.9965917310262897,0.99673571861524,0.13038952600613685,0.12906206833998363,1.0001920544158909,1.0,1.0001920544158909
0.10115794542598983,8.885530946569391,0.13113602528342405,0.12978225999979523,1.0104310503117373,0.9965861364781808,0.9967313423664141,0.1306883447903126,0.12935804622494287,1.0001934137363397,1.0,1.0001934137363397
0.1013911385736679,8.862794856312108,0.13143729099073154,0.13008045930666018,1.0104307110484032,0.9965804600639327,0.9967268941796855,0.13098783592510024,0.12965469219819437,1.0001947825901585,1.0,1.0001947825901585
0.1016248692870695,8.840111057611344,0.13173924707727264,0.1303793424366379,1.0104303689159624,0.9965747013055486,0.9967223736541626,0.13128800080625083,0.12995200766891463,1.0001961610430605,1.0,1.0001961610430605
0.1018591388054117,8.817479430199844,0.13204189509601433,0.1306789109329276,1.010430023891049,0.9965688597215246,0.9967177803860039,0.13158884083130418,0.1302499940483279,1.0001975491611976,1.0,1.0001975491611976
0.10209394837076799,8.794899854086989,0.1323452366031436,0.13097916634198034,1.0104296759501163,0.9965629348268263,0.9967131139683983,0.1318903573995795,0.13054865274970007,1.0001989470111634,1.0,1.0001989470111634
0.10232929922807538,8.77237220955811,0.13264927315807148,0.13128011021350366,1.0104293250694345,0.9965569261328667,0.9967083739915467,0.1321925519121667,0.13084798518833227,1.000200354659996,1.0,1.000200354659996
0.10256519262514072,8.749896377173874,0.13295400632343718,0.13158174410046633,1.0104289712250896,0.9965508331474819,0.9967035600426406,0.1324954257719169,0.1311479927815545,1.0002017721751815,1.0,1.0002017721751815
0.10280162981264727,8.727472237769659,0.13325943766511217,0.13188406955910295,1.0104286143929828,0.9965446553749081,0.9966986717058437,0.13279898038343327,0.131448676948719,1.0002031996246559,1.0,1.0002031996246559
0.1030386120441616,8.705099672454898,0.13356556875220407,0.13218708814891858,1.0104282545488295,0.9965383923157585,0.9966937085622715,0.13310321715306137,0.13175003911119354,1.0002046370768078,1.0,1.0002046370768078
0.10327614057613972,8.682778562612494,0.13387240115706078,0.13249080143269348,1.010427891668156,0.9965320434669988,0.996688670189971,0.13340813748887959,0.13205208069235477,1.0002060846004825,1.0,1.0002060846004825
0.10351421666793434,8.660508789898138,0.13417993645527435,0.1327952109764876,1.0104275257262998,0.9965256083219244,0.9966835561639013,0.13371374280068943,0.13235480311758122,1.0002075422649837,1.0,1.0002075422649837
0.1037528415818012,8.63829023623971,0.13448817622568504,0.13310031834964534,1.0104271566984078,0.9965190863701356,0.9966783660559123,0.13402003450000546,0.13265820781424628,1.0002090101400765,1.0,1.0002090101400765
0.10399201658290584,8.616122783836653,0.13479712205038522,0.13340612512479993,1.0104267845594348,0.996512477097514,0.9966730994347253,0.1343270140000453,0.13296229621171113,1.0002104882959912,1.0,1.0002104882959912
0.10423174293933041,8.594006315159332,0.1351067755147232,0.13371263287787816,1.0104264092841424,0.9965057799861979,0.9966677558659113,0.13463468271571938,0.1332670697413173,1.000211976803425,1.0,1.000211976803425
0.10447202192207998,8.571940712948447,0.13541713820730722,0.13401984318810486,1.0104260308470976,0.9964989945145581,0.9966623349118711,0.1349430420636206,0.1335725298363794,1.000213475733546,1.0,1.000213475733546
0.1047128548050899,8.549925860214364,0.1357282117200093,0.1343277576380075,1.0104256492226706,0.9964921201571731,0.9966568361318144,0.13525209346201372,0.13387867793217773,1.0002149851579951,1.0,1.0002149851579951
0.10495424286523217,8.527961640236525,0.13603999764796895,0.1346363778134206,1.0104252643850349,0.9964851563848051,0.9966512590817388,0.13556183833082486,0.13418551546595034,1.0002165051488903,1.0,1.0002165051488903
0.1051961873823223,8.506047936562814,0.13635249758959722,0.13494570530349034,1.0104248763081642,0.9964781026643739,0.9966456033144078,0.13587227809163044,0.1344930438768854,1.0002180357788282,1.0,1.0002180357788282
0.10543868963912588,8.484184633008972,0.13666571314658027,0.13525574170067894,1.010424484965833,0.9964709584589331,0.9966398683793314,0.13618341416764645,0.1348012646061135,1.000219577120888,1.0,1.000219577120888
0.10568175092136582,8.462371613657933,0.1369796459238832,0.1355664886007692,1.010424090331613,0.9964637232276444,0.9966340538227427,0.1364952479837171,0.13511017909669926,1.000221129248634,1.0,1.000221129248634
0.10592537251772884,8.440608762859238,0.13729429752975386,0.13587794760286895,1.010423692378873,0.9964563964257521,0.9966281591875776,0.13680778096630358,0.1354197887936334,1.0002226922361195,1.0,1.0002226922361195
0.1061695557198724,8.418895965228419,0.13760966957572643,0.13619012030941535,1.010423291080777,0.996448977504558,0.9966221840134531,0.13712101454347267,0.13573009514382448,1.0002242661578884,1.0,1.0002242661578884
0.10641430182243161,8.397233105646377,0.1379257636766252,0.1365030083261795,1.010422886410283,0.9964414659113954,0.9966161278366449,0.1374349501448851,0.13604109959609031,1.0002258510889799,1.0,1.0002258510889799
0.10665961212302577,8.375620069258803,0.13824258145056825,0.13681661326227068,1.0104224783401419,0.9964338610896036,0.9966099901900656,0.13774958920178373,0.13635280360114957,1.00022744710493,1.0,1.00022744710493
0.10690548792226576,8.354056741475523,0.13856012451897093,0.13713093673014073,1.010422066842894,0.9964261624785018,0.9966037706032429,0.13806493314698157,0.136665208611613,1.0002290542817753,1.0,1.0002290542817753
0.10715193052376058,8.332543007969916,0.13887839450654965,0.13744598034558841,1.010421651890871,0.9964183695133632,0.9965974686022974,0.1383809834148498,0.13697831608197453,1.0002306726960575,1.0,1.0002306726960575
0.1073989412341244,8.31107875467831,0.13919739304132528,0.13776174572776378,1.0104212334561913,0.9964104816253884,0.9965910837099199,0.1386977414413054,0.13729212746860253,1.0002323024248234,1.0,1.0002323024248234
0.10764652136298349,8.289663867799364,0.13951712175462688,0.13807823449917242,1.0104208115107605,0.9964024982416788,0.9965846154453492,0.1390152086637987,0.13760664422973048,1.0002339435456309,1.0,1.0002339435456309
0.10789467222298287,8.268298233793493,0.13983758228109505,0.13839544828567976,1.0104203860262686,0.9963944187852111,0.996578063324349,0.13933338652130084,0.13792186782544782,1.0002355961365512,1.0,1.0002355961365512
0.10814339512979376,8.246981739382228,0.14015877625868547,0.1387133887165154,1.0104199569741892,0.9963862426748089,0.9965714268591851,0.13965227645429082,0.13823779971769054,1.0002372602761715,1.0,1.0002372602761715
0.1083926914021203,8.225714271547636,0.1404807053286724,0.1390320574242772,1.0104195243257779,0.9963779693251174,0.9965647055586034,0.1399718799047428,0.13855444137023165,1.000238936043599,1.0,1.000238936043599
0.10864256236170647,8.204495717531719,0.14080337113565206,0.13935145604493568,1.0104190880520703,0.996369598146575,0.9965578989278054,0.1402921983161127,0.13887179424867152,1.000240623518463,1.0,1.000240623518463
0.10889300933334334,8.18332596483581,0.14112677532754608,0.13967158621783798,1.010418648123882,0.9963611285453872,0.996551006468426,0.1406132331333251,0.13918985982042797,1.0002423227809198,1.0,1.0002423227809198
0.10914403364487563,8.162204901219999,0.14145091955560476,0.13999244958571236,1.0104182045118044,0.9963525599234978,0.9965440276785091,0.14093498580275957,0.13950863955472642,1.0002440339116545,1.0,1.0002440339116545
0.10939563662720933,8.141132414702506,0.14177580547441057,0.14031404779467202,1.0104177571862056,0.9963438916785631,0.9965369620524853,0.14125745777223717,0.1398281349225897,1.0002457569918848,1.0,1.0002457569918848
0.10964781961431844,8.120108393559104,0.14210143474188128,0.14063638249421945,1.010417306117228,0.9963351232039221,0.996529809081147,0.14158065049100638,0.14014834739682766,1.0002474921033646,1.0,1.0002474921033646
0.10990058394325211,8.099132726322514,0.1424278090192733,0.14095945533725043,1.010416851274785,0.9963262538885709,0.9965225682516254,0.14190456540972937,0.14046927845202709,1.0002492393283868,1.0,1.0002492393283868
0.11015393095414149,8.078205301781859,0.14275492997118497,0.14128326798005816,1.0104163926285632,0.9963172831171325,0.9965152390473658,0.1422292039804675,0.1407909295645407,1.000250998749787,1.0,1.000250998749787
0.11040786199020729,8.057326008982004,0.14308279926555975,0.1416078220823373,1.0104159301480171,0.9963082102698297,0.9965078209481035,0.14255456765666716,0.14111330221247667,1.000252770450946,1.0,1.000252770450946
0.11066237839776658,8.03649473722302,0.1434114185736893,0.1419331193071879,1.0104154638023695,0.9962990347224566,0.9965003134298405,0.14288065789314483,0.14143639787568768,1.000254554515795,1.0,1.000254554515795
0.11091748152624004,8.015711376059574,0.14374078957021671,0.1422591613211196,1.010414993560609,0.9962897558463497,0.9964927159648195,0.14320747614607274,0.14176021803575986,1.000256351028817,1.0,1.000256351028817
0.11117317272815913,7.994975815300352,0.14407091393313956,0.1425859497940555,1.0104145193914889,0.9962803730083591,0.9964850280214997,0.1435350238729635,0.14208476417600155,1.000258160075051,1.0,1.000258160075051
0.11142945335917298,7.974287945007486,0.14440179334381303,0.14291348639933601,1.0104140412635259,0.9962708855708202,0.9964772490645334,0.1438633025326552,0.14241003778143196,1.0002599817400961,1.0,1.0002599817400961
0.11168632477805607,7.953647655495942,0.1447334294869529,0.14324177281372302,1.0104135591449965,0.9962612928915238,0.9964693785547387,0.14419231358529588,0.14273604033876966,1.0002618161101136,1.0,1.0002618161101136
0.1119437883467151,7.933054837332957,0.1450658240506385,0.14357081071740355,1.0104130730039385,0.996251594323687,0.9964614159490759,0.14452205849232808,0.1430627733364207,1.0002636632718314,1.0,1.0002636632718314
0.11220184543019626,7.912509381337461,0.14539897872631588,0.1439006017939938,1.0104125828081465,0.9962417892159243,0.9964533607006224,0.14485253871647305,0.14339023826446715,1.000265523312547,1.0,1.000265523312547
0.11246049739669264,7.892011178579484,0.14573289520880048,0.14423114773054288,1.0104120885251722,0.9962318769122175,0.996445212258546,0.1451837557217148,0.1437184366146545,1.0002673963201318,1.0,1.0002673963201318
0.11271974561755102,7.871560120379611,0.1460675751962801,0.14456245021753672,1.0104115901223207,0.9962218567518853,0.9964369700680804,0.1455157109732838,0.14404736988038,1.0002692823830335,1.0,1.0002692823830335
0.11297959146727975,7.851156098308357,0.14640302039031786,0.1448945109489018,1.0104110875666508,0.9962117280695552,0.996428633570499,0.14584840593764087,0.14437703955667994,1.0002711815902798,1.0,1.0002711815902798
0.11324003632355564,7.830799004185632,0.14673923249585485,0.1452273316220089,1.0104105808249721,0.9962014901951309,0.996420202203089,0.14618184208246038,0.1447074471402172,1.0002730940314832,1.0,1.0002730940314832
0.11350108156723142,7.810488730080147,0.14707621322121303,0.14556091393767684,1.0104100698638439,0.9961911424537641,0.9964116753991253,0.1465160208766136,0.14503859412926848,1.000275019796843,1.0,1.000275019796843
0.11376272858234308,7.790225168308844,0.14741396427809797,0.1458952596001763,1.010409554649573,0.9961806841658222,0.9964030525878442,0.1468509437901517,0.14537048202371164,1.0002769589771499,1.0,1.0002769589771499
0.11402497875611683,7.77000821143635,0.14775248738160138,0.14623037031723327,1.0104090351482118,0.9961701146468589,0.9963943331944168,0.14718661229428842,0.1457031123250123,1.0002789116637887,1.0,1.0002789116637887
0.11428783347897713,7.749837752274363,0.148091784250204,0.14656624780003286,1.0104085113255576,0.996159433207583,0.9963855166399229,0.14752302786138288,0.1460364865362107,1.0002808779487429,1.0,1.0002808779487429
0.11455129414455349,7.729713683881121,0.14843185660577804,0.14690289376322282,1.0104079831471502,0.9961486391538269,0.9963766023413239,0.14786019196492176,0.14637060616190842,1.000282857924598,1.0,1.000282857924598
0.11481536214968828,7.709635899560807,0.14877270617358987,0.1472403099249172,1.0104074505782694,0.9961377317865157,0.9963675897114357,0.14819810607950157,0.14670547270825454,1.0002848516845446,1.0,1.0002848516845446
0.11508003889444357,7.689604292863018,0.14911433468230242,0.14757849800669992,1.010406913583934,0.9961267104016356,0.9963584781589016,0.14853677168081042,0.14704108768293203,1.0002868593223828,1.0,1.0002868593223828
0.1153453257821092,7.669618757582169,0.14945674386397786,0.14791745973362802,1.010406372128901,0.9961155742902026,0.9963492670881657,0.14887619024561002,0.14737745259514354,1.000288880932526,1.0,1.000288880932526
0.11561122421920983,7.649679187756936,0.14979993545407988,0.14825719683423558,1.0104058261776607,0.9961043227382301,0.9963399558994444,0.14921636325171683,0.1477145689555975,1.0002909166100038,1.0,1.0002909166100038
0.11587773561551253,7.629785477669708,0.1501439111914762,0.14859771104053673,1.0104052756944395,0.996092955026698,0.9963305439886992,0.14955729217798364,0.1480524382764935,1.0002929664504663,1.0,1.0002929664504663
0.11614486138403428,7.609937521846007,0.15048867281844083,0.14893900408802938,1.0104047206431939,0.996081470431519,0.9963210307476099,0.1498989785042803,0.1483910620715079,1.0002950305501876,1.0,1.0002950305501876
0.11641260294104912,7.590135215053959,0.15083422208065658,0.1492810777156985,1.0104041609876102,0.9960698682235074,0.9963114155635444,0.15024142371147486,0.14873044185577908,1.0002971090060702,1.0,1.0002971090060702
0.11668096170609621,7.570378452303698,0.1511805607272171,0.14962393366601945,1.0104035966911034,0.9960581476683462,0.9963016978195323,0.1505846292814138,0.14907057914589225,1.000299201915648,1.0,1.000299201915648
0.11694993910198703,7.550667128846838,0.15152769051062928,0.14996757368496125,1.0104030277168143,0.9960463080265544,0.9962918768942364,0.15092859669690264,0.14941147545986475,1.0003013093770905,1.0,1.0003013093770905
0.11721953655481296,7.531001140175901,0.15187561318681536,0.15031199952199004,1.010402454027608,0.996034348553454,0.9962819521619233,0.151273327441686,0.1497531323171303,1.0003034314892068,1.0,1.0003034314892068
0.11748975549395295,7.511380382023765,0.15222433051511514,0.15065721293007206,1.0104018755860726,0.9960222684991366,0.9962719229924356,0.1516188230004273,0.15009555123852372,1.0003055683514486,1.0,1.0003055683514486
0.11776059735208072,7.491804750363139,0.15257384425828796,0.1510032156656771,1.010401292354517,0.9960100671084307,0.9962617887511626,0.15196508485868865,0.15043873374626504,1.0003077200639154,1.0,1.0003077200639154
0.11803206356517291,7.472274141405968,0.15292415618251481,0.15135000948878152,1.0104007042949672,0.9959977436208678,0.9962515487990111,0.15231211450290993,0.15078268136394363,1.0003098867273579,1.0,1.0003098867273579
0.1183041555725164,7.452788451602904,0.15327526805740038,0.15169759616287146,1.0104001113691679,0.9959852972706487,0.9962412024923766,0.1526599134203883,0.15112739561650199,1.0003120684431808,1.0,1.0003120684431808
0.11857687481671592,7.43334757764276,0.15362718165597494,0.1520459774549459,1.010399513538578,0.9959727272866093,0.9962307491831133,0.15300848309925671,0.15147287803021953,1.0003142653134485,1.0,1.0003142653134485
0.11885022274370184,7.413951416451951,0.15397989875469617,0.15239515513551977,1.0103989107643687,0.9959600328921877,0.9962201882185051,0.15335782502846293,0.1518191301326958,1.0003164774408877,1.0,1.0003164774408877
0.11912420080273746,7.394599865193976,0.15433342113345125,0.15274513097862685,1.0103983030074237,0.9959472133053882,0.9962095189412353,0.15370794069774768,0.15216615345283385,1.0003187049288924,1.0,1.0003187049288924
0.11939881044642726,7.375292821268829,0.15468775057555836,0.15309590676182291,1.0103976902283347,0.9959342677387484,0.9961987406893567,0.15405883159762288,0.15251394952082314,1.000320947881527,1.0,1.000320947881527
0.11967405313072428,7.356030182312486,0.15504288886776862,0.15344748426618857,1.0103970723874005,0.9959211953993032,0.9961878527962617,0.15441049921934946,0.15286251986812252,1.0003232064035308,1.0,1.0003232064035308
0.11994993031493789,7.336811846196342,0.15539883780026784,0.15379986527633213,1.0103964494446263,0.9959079954885511,0.9961768545906516,0.15476294505491522,0.15321186602744252,1.000325480600322,1.0,1.000325480600322
0.12022644346174127,7.317637711026711,0.15575559916667792,0.1541530515803926,1.010395821359719,0.9958946672024183,0.9961657453965066,0.15511617059701197,0.15356198953272793,1.0003277705780018,1.0,1.0003277705780018
0.12050359403717971,7.2985076751442275,0.15611317476405873,0.15450704497004242,1.010395188092088,0.9958812097312233,0.9961545245330541,0.1554701773390127,0.15391289191913982,1.0003300764433583,1.0,1.0003300764433583
0.12078138351067796,7.279421637123345,0.15647156639290943,0.15486184724049018,1.0103945496008417,0.9958676222596424,0.9961431913147387,0.1558249667749485,0.15426457472303745,1.0003323983038706,1.0,1.0003323983038706
0.12105981335504816,7.260379495771792,0.1568307758571701,0.1552174601904835,1.0103939058447853,0.995853903966673,0.9961317450511904,0.15618054039948506,0.15461703948195998,1.000334736267713,1.0,1.000334736267713
0.12133888504649773,7.241381150130023,0.1571908049642231,0.15557388562231167,1.0103932567824194,0.9958400540255982,0.9961201850471935,0.1565368997078992,0.154970287734608,1.0003370904437596,1.0,1.0003370904437596
0.12161860006463679,7.222426499470712,0.1575516555248945,0.15593112534180825,1.010392602371938,0.9958260716039508,0.9961085106026554,0.15689404619605457,0.15532432102082458,1.0003394609415874,1.0,1.0003394609415874
0.12189895989248661,7.203515443298185,0.15791332935345534,0.1562891811583537,1.0103919425712267,0.9958119558634766,0.9960967210125744,0.1572519813603777,0.15567914088157633,1.0003418478714814,1.0,1.0003418478714814
0.12217996601648712,7.184647881347903,0.15827582826762296,0.15664805488487796,1.0103912773378594,0.9957977059600983,0.9960848155670082,0.15761070669783342,0.15603474885893423,1.0003442513444383,1.0,1.0003442513444383
0.12246161992650478,7.1658237135859295,0.15863915408856216,0.15700774833786302,1.010390606629098,0.9957833210438786,0.9960727935510413,0.15797022370590003,0.15639114649605407,1.0003466714721712,1.0,1.0003466714721712
0.12274392311584073,7.147042840208396,0.1590033086408864,0.15736826333734535,1.0103899304018884,0.9957688002589832,0.9960606542447529,0.15833053388254428,0.15674833533715676,1.0003491083671134,1.0,1.0003491083671134
0.12302687708123813,7.128305161640993,0.1593682937526589,0.1577296017069183,1.0103892486128603,0.9957541427436439,0.9960483969231848,0.1586916387261961,0.1571063169275084,1.0003515621424226,1.0,1.0003515621424226
0.12331048332289087,7.10961057853841,0.15973411125539358,0.15809176527373447,1.010388561218324,0.9957393476301215,0.9960360208563078,0.15905353973572287,0.1574650928133999,1.000354032911986,1.0,1.000354032911986
0.12359474334445097,7.090958991783827,0.16010076298405615,0.15845475586850816,1.0103878681742686,0.9957244140446674,0.9960235253089897,0.15941623841040348,0.15782466454212682,1.0003565207904235,1.0,1.0003565207904235
0.12387965865303682,7.072350302488388,0.160468250777065,0.15881857532551752,1.0103871694363602,0.9957093411074868,0.9960109095409616,0.15977973624990235,0.15818503366196843,1.0003590258930923,1.0,1.0003590258930923
0.1241652307592411,7.053784411990666,0.16083657647629204,0.15918322548260694,1.0103864649599386,0.9956941279327003,0.9959981728067849,0.16014403475424266,0.15854620172216696,1.0003615483360926,1.0,1.0003615483360926
0.12445146117713848,7.0352612218561745,0.16120574192706344,0.15954870818118908,1.0103857547000166,0.9956787736283057,0.9959853143558172,0.16050913542377968,0.15890817027290613,1.0003640882362697,1.0,1.0003640882362697
0.12473835142429425,7.016780633876795,0.16157574897816052,0.15991502526624715,1.0103850386112774,0.9956632772961397,0.9959723334321793,0.1608750397591737,0.1592709408652901,1.00036664571122,1.0,1.00036664571122
0.12502590302177194,6.998342550070289,0.16194659948182022,0.1602821785863369,1.010384316648072,0.9956476380318396,0.9959592292747207,0.16124174926136264,0.15963451505132123,1.0003692208792951,1.0,1.0003692208792951
0.12531411749414162,6.979946872679765,0.16231829529373587,0.16065016999358875,1.010383588764417,0.9956318549248042,0.9959460011169861,0.16160926543153437,0.15999889438387874,1.000371813859606,1.0,1.000371813859606
0.12560299636948746,6.961593504173189,0.1626908382730577,0.16101900134370972,1.0103828549139942,0.9956159270581544,0.9959326481871799,0.1619775897710986,0.1603640804166959,1.0003744247720279,1.0,1.0003744247720279
0.12589254117941667,6.9432823472428185,0.16306423028239322,0.1613886744959854,1.0103821150501455,0.9955998535086948,0.9959191697081327,0.16234672378165876,0.16073007470433787,1.0003770537372036,1.0,1.0003770537372036
0.12618275345906702,6.925013304804721,0.16343847318780774,0.16175919131328187,1.010381369125873,0.9955836333468742,0.995905564897266,0.1627166689649833,0.1610968788021789,1.00037970087655,1.0,1.00037970087655
0.12647363474711504,6.906786279998257,0.16381356885882473,0.16213055366204743,1.0103806170938356,0.9955672656367446,0.9958918329665573,0.1630874268229767,0.16146449426637918,1.0003823663122606,1.0,1.0003823663122606
0.12676518658578456,6.888601176185544,0.16418951916842595,0.1625027634123145,1.0103798589063477,0.9955507494359233,0.9958779731225049,0.16345899885765033,0.16183292265386173,1.0003850501673113,1.0,1.0003850501673113
0.12705741052085415,6.870457896950987,0.16456632599305185,0.16287582243770135,1.0103790945153759,0.9955340837955512,0.9958639845660926,0.16383138657109286,0.16220216552228867,1.0003877525654645,1.0,1.0003877525654645
0.12735030810166612,6.852356346100721,0.1649439912126016,0.1632497326154136,1.0103783238725381,0.9955172677602537,0.9958498664927534,0.16420459146544042,0.16257222443003733,1.0003904736312739,1.0,1.0003904736312739
0.12764388088113432,6.834296427662122,0.16532251671043313,0.16362449582624608,1.0103775469290992,0.995500300368099,0.9958356180923346,0.16457861504284624,0.1629431009361764,1.0003932134900884,1.0,1.0003932134900884
0.1279381304157524,6.816278045883301,0.16570190437336332,0.16400011395458422,1.0103767636359715,0.9954831806505582,0.9958212385490608,0.16495345880545037,0.16331479660044115,1.000395972268058,1.0,1.000395972268058
0.12823305826560216,6.798301105232587,0.16608215609166774,0.16437658888840567,1.0103759739437101,0.9954659076324639,0.9958067270414983,0.16532912425534857,0.16368731298320918,1.0003987500921376,1.0,1.0003987500921376
0.12852866599436152,6.780365510398042,0.16646327375908054,0.16475392251928161,1.0103751778025125,0.9954484803319696,0.9957920827425183,0.16570561289456137,0.16406065164547493,1.0004015470900915,1.0,1.0004015470900915
0.12882495516931336,6.76247116628692,0.16684525927279437,0.16513211674237838,1.0103743751622143,0.9954308977605074,0.9957773048192596,0.16608292622500231,0.16443481414882488,1.0004043633904987,1.0,1.0004043633904987
0.12912192736135333,6.744617978025192,0.16722811453345995,0.1655111734564585,1.0103735659722886,0.9954131589227471,0.9957623924330928,0.16646106574844632,0.1648098020554117,1.000407199122757,1.0,1.000407199122757
0.12941958414499852,6.726805850957028,0.16761184144518584,0.16589109456388218,1.0103727501818431,0.9953952628165539,0.9957473447395822,0.16684003296649733,0.1651856169279286,1.0004100544170886,1.0,1.0004100544170886
0.12971792709839558,6.709034690644302,0.16799644191553784,0.16627188197060846,1.0103719277396175,0.9953772084329465,0.9957321608884482,0.1672198293805557,0.16556226032958296,1.000412929404544,1.0,1.000412929404544
0.130016957803329,6.6913044028660975,0.16838191785553866,0.16665353758619636,1.0103710985939818,0.9953589947560549,0.9957168400235306,0.16760045649178557,0.16593973382407012,1.0004158242170074,1.0,1.0004158242170074
0.13031667784522988,6.673614893618193,0.16876827117966722,0.167036063323806,1.0103702626929327,0.9953406207630775,0.9957013812827499,0.16798191580108138,0.1663180389755465,1.0004187389872008,1.0,1.0004187389872008
0.13061708881318407,6.6559660691125675,0.16915550380585814,0.16741946110019956,1.0103694199840936,0.995322085424239,0.9956857837980694,0.16836420880903452,0.1666971773486026,1.0004216738486897,1.0,1.0004216738486897
0.13091819229994073,6.6383578357769055,0.16954361765550074,0.16780373283574235,1.010368570414709,0.9953033877027463,0.9956700466954571,0.16874733701589903,0.1670771505082356,1.0004246289358874,1.0,1.0004246289358874
0.1312199899019203,6.620790100254122,0.16993261465343854,0.16818888045440358,1.0103677139316454,0.9952845265547465,0.9956541690948467,0.16913130192155776,0.16745796001982172,1.0004276043840596,1.0,1.0004276043840596
0.1315224832192238,6.60326276940182,0.17032249672796806,0.1685749058837574,1.0103668504813863,0.9952655009292829,0.9956381501100992,0.16951610502548728,0.1678396074490883,1.0004306003293306,1.0,1.0004306003293306
0.13182567385564065,6.585775750291841,0.17071326581083807,0.16896181105498345,1.010365980010031,0.995246309768251,0.9956219888489634,0.16990174782672313,0.16822209436208538,1.0004336169086865,1.0,1.0004336169086865
0.13212956341865742,6.568328950209749,0.17110492383724846,0.16934959790286774,1.0103651024632931,0.9952269520063556,0.9956056844130372,0.1702882318238244,0.1686054223251573,1.000436654259981,1.0,1.000436654259981
0.13243415351946647,6.550922276654339,0.1714974727458491,0.1697382683658032,1.010364217786496,0.9952074265710653,0.9955892358977279,0.17067555851483787,0.16898959290491347,1.0004397125219409,1.0,1.0004397125219409
0.13273944577297392,6.533555637337176,0.17189091447873853,0.17012782438579033,1.0103633259245715,0.9951877323825694,0.9955726423922119,0.17106372939726197,0.16937460766819945,1.0004427918341698,1.0,1.0004427918341698
0.13304544179780906,6.5162289401820574,0.1722852509814629,0.1705182679084376,1.0103624268220583,0.9951678683537324,0.9955559029793954,0.17145274596801022,0.16976046818206705,1.0004458923371546,1.0,1.0004458923371546
0.13335214321633232,6.498942093324563,0.17268048420301427,0.17090960088296203,1.0103615204230973,0.9951478333900496,0.9955390167358741,0.17184260972337434,0.1701471760137447,1.000449014172269,1.0,1.000449014172269
0.13365955165464413,6.481695005111549,0.1730766160958294,0.17130182526218943,1.0103606066714323,0.9951276263896024,0.9955219827318921,0.17223332215898715,0.17053473273060693,1.00045215748178,1.0,1.00045215748178
0.1339676687425935,6.464487584100666,0.17347364861578793,0.1716949430025548,1.0103596855104036,0.9951072462430122,0.9955048000313022,0.17262488476978466,0.17092313990014416,1.0004553224088515,1.0,1.0004553224088515
0.13427649611378636,6.447319739059892,0.17387158372221106,0.17208895606410257,1.0103587568829488,0.9950866918333954,0.995487467691524,0.17301729904996824,0.1713123990899314,1.000458509097551,1.0,1.000458509097551
0.13458603540559477,6.430191378967017,0.17427042337785953,0.17248386641048657,1.0103578207315993,0.9950659620363175,0.9954699847635032,0.17341056649296616,0.1717025118675972,1.0004617176928534,1.0,1.0004617176928534
0.13489628825916528,6.41310241300918,0.17467016954893191,0.17287967600897042,1.0103568769984772,0.9950450557197472,0.9954523502916705,0.17380468859139464,0.17209347980079212,1.000464948340647,1.0,1.000464948340647
0.13520725631942762,6.396052750582383,0.17507082420506268,0.1732763868304273,1.010355925625293,0.99502397174401,0.9954345633138986,0.17419966683701882,0.17248530445715654,1.0004682011877375,1.0,1.0004682011877375
0.1355189412351036,6.379042301291009,0.1754723893193202,0.17367400084933993,1.0103549665533436,0.9950027089617421,0.995416622861462,0.17459550272071306,0.17287798740428864,1.0004714763818554,1.0,1.0004714763818554
0.13583134465871538,6.362070974947363,0.17587486686820464,0.17407252004380058,1.0103539997235091,0.994981266217843,0.9953985279589936,0.1749921977324208,0.1732715302097115,1.0004747740716589,1.0,1.0004747740716589
0.13614446824659493,6.345138681571153,0.17627825883164586,0.1744719463955107,1.0103530250762516,0.9949596423494292,0.9953802776244428,0.17538975336111448,0.17366593444084033,1.0004780944067402,1.0,1.0004780944067402
0.13645831365889236,6.328245331389046,0.1766825671930009,0.17487228188978068,1.0103520425516104,0.9949378361857875,0.9953618708690325,0.1757881710947543,0.17406120166494893,1.000481437537631,1.0,1.000481437537631
0.13677288255958492,6.311390834834174,0.17708779393905189,0.17527352851552958,1.010351052089201,0.9949158465483257,0.9953433066972163,0.17618745242024725,0.17445733344913603,1.0004848036158067,1.0,1.0004848036158067
0.13708817661648534,6.294575102545688,0.17749394106000332,0.17567568826528446,1.0103500536282126,0.994893672250527,0.9953245841066355,0.1765875988234053,0.1748543313602912,1.000488192793693,1.0,1.000488192793693
0.1374041975012515,6.277798045368242,0.17790101054947968,0.17607876313518014,1.0103490471074048,0.9948713120979014,0.9953057020880753,0.17698861178890343,0.1752521969650604,1.000491605224671,1.0,1.000491605224671
0.1377209468893946,6.261059574351551,0.17830900440452263,0.17648275512495837,1.010348032465105,0.9948487648879369,0.9952866596254218,0.17739049280023705,0.17565093182981112,1.0004950410630815,1.0,1.0004950410630815
0.13803842646028838,6.244359600749906,0.1787179246255884,0.1768876662379673,1.0103470096392069,0.9948260294100519,0.995267455695617,0.17779324333967902,0.1760505375205972,1.0004985004642315,1.0,1.0004985004642315
0.1383566378971781,6.227698036021703,0.17912777321654472,0.17729349848116063,1.0103459785671667,0.9948031044455466,0.9952480892686154,0.17819686488823652,0.1764510156031233,1.000501983584399,1.0,1.000501983584399
0.13867558288718881,6.211074791828998,0.17953855218466802,0.17770025386509677,1.0103449391860004,0.9947799887675539,0.9952285593073393,0.17860135892560694,0.17685236764270873,1.0005054905808386,1.0,1.0005054905808386
0.13899526312133528,6.194489780036997,0.1799502635406403,0.178107934403938,1.010343891432282,0.99475668114099,0.9952088647676339,0.17900672693013386,0.17725459520425133,1.0005090216117873,1.0,1.0005090216117873
0.13931568029453023,6.177942912713622,0.18036290929854598,0.17851654211544932,1.0103428352421402,0.9947331803225058,0.9951890045982227,0.1794129703787623,0.1776576998521907,1.0005125768364695,1.0,1.0005125768364695
0.13963683610559366,6.161434102129025,0.18077649147586866,0.17892607902099741,1.0103417705512572,0.9947094850604365,0.9951689777406617,0.1798200907469937,0.17806168315047086,1.0005161564151024,1.0,1.0005161564151024
0.1399587322572618,6.144963260755134,0.18119101209348762,0.17933654714554956,1.010340697294863,0.994685594094753,0.9951487831292947,0.1802280895088403,0.17846654666250303,1.000519760508902,1.0,1.000519760508902
0.1402813704561958,6.128530301265196,0.1816064731756744,0.1797479485176722,1.0103396154077358,0.9946615061570103,0.9951284196912066,0.180636968136779,0.1788722919511275,1.0005233892800882,1.0,1.0005233892800882
0.14060475241299134,6.112135136533293,0.18202287675008935,0.18016028516952967,1.0103385248241974,0.9946372199702984,0.9951078863461776,0.18104672810170513,0.17927892057857528,1.000527042891891,1.0,1.000527042891891
0.14092887984218738,6.095777679633892,0.18244022484777775,0.18057355913688275,1.0103374254781121,0.9946127342491909,0.9950871820066378,0.1814573708728854,0.17968643410642962,1.000530721508555,1.0,1.000530721508555
0.1412537544622753,6.079457843841385,0.18285851950316603,0.1809877724590871,1.010336317302882,0.9945880476996951,0.9950663055776194,0.18186889791791053,0.1800948340955866,1.000534425295346,1.0,1.000534425295346
0.14157937799570816,6.06317554262962,0.18327776275405802,0.1814029271790917,1.0103352002314459,0.9945631590192001,0.9950452559567102,0.18228131070264744,0.18050412210621578,1.0005381544185565,1.0,1.0005381544185565
0.1419057521689092,6.046930689671471,0.18369795664163066,0.181819025343437,1.010334074196276,0.9945380668964263,0.995024032034007,0.1826946106911909,0.18091429969772,1.000541909045511,1.0,1.000541909045511
0.1422328787122819,6.030723198838338,0.1841191032104301,0.18223606900225323,1.010332939129375,0.9945127700113731,0.9950026326920676,0.18310879934581473,0.18132536842869526,1.0005456893445712,1.0,1.0005456893445712
0.14256075936021873,6.014552984199717,0.18454120450836725,0.1826540602092584,1.0103317949622737,0.9944872670352677,0.9949810568058635,0.18352387812692256,0.18173732985688973,1.0005494954851433,1.0,1.0005494954851433
0.1428893958511103,5.998419960022734,0.18496426258671372,0.18307300102175647,1.0103306416260283,0.9944615566305128,0.9949593032427319,0.18393984849299824,0.18215018553916276,1.0005533276376821,1.0,1.0005533276376821
0.14321878992735432,5.982324040771715,0.18538827950009693,0.18349289350063497,1.0103294790512167,0.9944356374506348,0.9949373708623273,0.18435671190055533,0.18256393703144277,1.0005571859736977,1.0,1.0005571859736977
0.14354894333536555,5.966265141107689,0.18581325730649584,0.18391373971036315,1.0103283071679372,0.9944095081402304,0.994915258516573,0.1847744698040866,0.18297858588868568,1.000561070665761,1.0,1.000561070665761
0.14387985782558446,5.950243175887972,0.18623919806723616,0.18433554171898942,1.0103271259058049,0.9943831673349144,0.9948929650496131,0.18519312365601276,0.18339413366483204,1.0005649818875093,1.0,1.0005649818875093
0.14421153515248678,5.934258060165696,0.18666610384698534,0.18475830159813905,1.010325935193948,0.9943566136612672,0.9948704892977625,0.18561267490663078,0.18381058191276417,1.0005689198136523,1.0,1.0005689198136523
0.14454397707459277,5.918309709189364,0.18709397671374797,0.1851820214230117,1.0103247349610078,0.9943298457367805,0.9948478300894573,0.18603312500406183,0.1842279321842626,1.0005728846199782,1.0,1.0005728846199782
0.14487718535447613,5.902398038402421,0.18752281873886034,0.1856067032723789,1.0103235251351321,0.9943028621698045,0.9948249862452071,0.18645447539419827,0.18464618602996258,1.000576876483359,1.0,1.000576876483359
0.1452111617587742,5.886522963442763,0.18795263199698545,0.18603234922858122,1.0103223056439756,0.9942756615594941,0.9948019565775427,0.18687672752065085,0.18506534499930932,1.0005808955817568,1.0,1.0005808955817568
0.14554590805819653,5.870684400142324,0.18838341856610774,0.18645896137752552,1.0103210764146957,0.9942482424957544,0.9947787398909678,0.18729988282469467,0.18548541064051347,1.0005849420942297,1.0,1.0005849420942297
0.14588142602753473,5.854882264526621,0.18881518052752752,0.1868865418086822,1.010319837373949,0.9942206035591873,0.9947553349819076,0.1877239427452153,0.18590638450050592,1.0005890162009374,1.0,1.0005890162009374
0.14621771744567183,5.839116472814292,0.18924791996585535,0.18731509261508192,1.01031858844789,0.9941927433210362,0.9947317406386584,0.18814890871865364,0.18632826812489195,1.0005931180831478,1.0,1.0005931180831478
0.14655478409559114,5.823386941416697,0.1896816389690066,0.18774461589331282,1.0103173295621672,0.994164660343132,0.9947079556413367,0.18857478217895104,0.1867510630579052,1.0005972479232423,1.0,1.0005972479232423
0.1468926277643866,5.807693586937418,0.19011633962819544,0.188175113743517,1.0103160606419206,0.9941363531778374,0.9946839787618271,0.1890015645574934,0.18717477084236087,1.0006014059047224,1.0,1.0006014059047224
0.1472312502432718,5.792036326171849,0.1905520240379289,0.18860658826938745,1.010314781611779,0.994107820367992,0.9946598087637321,0.1894292572830547,0.18759939301960887,1.0006055922122148,1.0,1.0006055922122148
0.14757065332758934,5.776415076106756,0.19098869429600082,0.18903904157816448,1.010313492395856,0.9940790604468568,0.9946354444023185,0.18985786178174047,0.188024931129486,1.0006098070314788,1.0,1.0006098070314788
0.14791083881682074,5.760829753919817,0.19142635250348572,0.18947247578063223,1.0103121929177494,0.9940500719380589,0.9946108844244671,0.1902873794769302,0.18845138671026804,1.0006140505494112,1.0,1.0006140505494112
0.14825180851459532,5.745280276979221,0.19186500076473226,0.18990689299111496,1.0103108831005356,0.9940208533555348,0.9945861275686186,0.1907178117892195,0.18887876129862108,1.000618322954053,1.0,1.000618322954053
0.14859356422870063,5.729766562843181,0.19230464118735696,0.1903422953274734,1.0103095628667682,0.9939914032034746,0.9945611725647221,0.19114916013636163,0.18930705642955256,1.0006226244345955,1.0,1.0006226244345955
0.14893610777109142,5.714288529259528,0.19274527588223747,0.19077868491110075,1.0103082321384755,0.993961719976265,0.9945360181341814,0.19158142593320848,0.18973627363636178,1.0006269551813862,1.0,1.0006269551813862
0.14927944095789963,5.698846094165264,0.19318690696350588,0.19121606386691878,1.0103068908371566,0.9939318021584339,0.9945106629898013,0.1920146105916511,0.19016641445058957,1.0006313153859352,1.0,1.0006313153859352
0.14962356560944332,5.683439175686147,0.19362953654854181,0.19165443432337373,1.0103055388837785,0.9939016482245917,0.994485105835735,0.19244871552055953,0.19059748040196825,1.0006357052409212,1.0,1.0006357052409212
0.1499684835502373,5.668067692136223,0.19407316675796543,0.19209379841243193,1.010304176198774,0.9938712566393749,0.9944593453674293,0.19288374212572207,0.19102947301836998,1.0006401249401977,1.0,1.0006401249401977
0.15031419660900217,5.652731562017416,0.19451779971563013,0.1925341582695757,1.0103028027020382,0.9938406258573893,0.9944333802715708,0.19331969180978414,0.19146239382575578,1.0006445746787997,1.0,1.0006445746787997
0.1506607066186741,5.637430704019093,0.1949634375486155,0.1929755160337987,1.0103014183129253,0.993809754323151,0.9944072092260311,0.19375656597218657,0.19189624434812297,1.0006490546529494,1.0,1.0006490546529494
0.15100801541641484,5.622165037017619,0.19541008238721955,0.1934178738476014,1.0103000229502463,0.9937786404710294,0.9943808308998122,0.1941943660091029,0.19233102610745292,1.0006535650600623,1.0,1.0006535650600623
0.1513561248436208,5.606934480075961,0.19585773636495135,0.19386123385698648,1.0102986165322652,0.9937472827251885,0.9943542439529913,0.19463309331337675,0.19276674062365784,1.000658106098755,1.0,1.000658106098755
0.1517050367459336,5.591738952443216,0.19630640161852328,0.19430559821145377,1.0102971989766971,0.9937156794995284,0.9943274470366654,0.1950727492744582,0.1932033894145269,1.000662677968849,1.0,1.000662677968849
0.15205475297324947,5.5765783735542085,0.19675608028784294,0.19475096906399553,1.0102957702007045,0.9936838291976272,0.9943004387928954,0.19551333527833956,0.19364097399567234,1.0006672808713797,1.0,1.0006672808713797
0.152405275379729,5.561452663029059,0.1972067745160054,0.1951973485710913,1.0102943301208944,0.993651730212681,0.9942732178546506,0.19595485270749083,0.19407949588047485,1.000671915008601,1.0,1.000671915008601
0.15275660582380726,5.54636174067275,0.19765848644928474,0.19564473889270273,1.0102928786533145,0.9936193809274461,0.9942457828457509,0.1963973029407943,0.19451895658002777,1.0006765805839923,1.0,1.0006765805839923
0.15310874616820297,5.531305526474726,0.19811121823712594,0.19609314219226803,1.010291415713453,0.9935867797141781,0.9942181323808125,0.1968406873534787,0.19495935760308183,1.0006812778022651,1.0,1.0006812778022651
0.15346169827992936,5.51628394060843,0.19856497203213616,0.19654256063669684,1.010289941216232,0.9935539249345733,0.9941902650651888,0.19728500731705265,0.19540070045598856,1.000686006869369,1.0,1.000686006869369
0.15381546403030338,5.5012969034309105,0.19901974999007638,0.19699299639636444,1.0102884550760067,0.993520814939708,0.9941621794949145,0.19773026419923762,0.19584298664264352,1.0006907679924986,1.0,1.0006907679924986
0.15417004529495582,5.486344335482389,0.19947555426985236,0.19744445164510604,1.010286957206562,0.9934874480699789,0.9941338742566473,0.19817645936390021,0.19628621766442855,1.0006955613800994,1.0,1.0006955613800994
0.15452544395384138,5.471426157485832,0.19993238703350583,0.19789692856021104,1.0102854475211094,0.9934538226550419,0.9941053479276103,0.19862359417098369,0.19673039502015405,1.0007003872418756,1.0,1.0007003872418756
0.1548816618912481,5.456542290346556,0.20039025044620526,0.1983504293224169,1.0102839259322836,0.9934199370137524,0.9940765990755334,0.1990716699764393,0.19717552020600013,1.0007052457887946,1.0,1.0007052457887946
0.15523870099580817,5.441692655151775,0.20084914667623668,0.19880495611590307,1.0102823923521396,0.9933857894541039,0.9940476262585957,0.19952068813215648,0.19762159471545773,1.0007101372330958,1.0,1.0007101372330958
0.15559656316050735,5.4268771731702,0.20130907789499422,0.1992605111282848,1.0102808466921505,0.9933513782731664,0.9940184280253656,0.19997064998589273,0.1980686200392685,1.000715061788295,1.0,1.000715061788295
0.15595525028269538,5.412095765851615,0.20177004627697048,0.19971709655060663,1.0102792888632028,0.9933167017570259,0.9939890029147426,0.2004215568812028,0.19851659766536486,1.000720019669193,1.0,1.000720019669193
0.15631476426409538,5.397348354826482,0.20223205399974692,0.20017471457733588,1.010277718775596,0.993281758180722,0.9939593494558975,0.20087341015736732,0.19896552907880874,1.000725011091881,1.0,1.000725011091881
0.15667510701081486,5.382634861905489,0.20269510324398365,0.200633367406356,1.0102761363390362,0.9932465458081858,0.9939294661682126,0.20132621114932037,0.1994154157617303,1.0007300362737475,1.0,1.0007300362737475
0.15703628043335516,5.367955209079161,0.2031591961934096,0.2010930572389598,1.0102745414626355,0.9932110628921789,0.9938993515612214,0.20177996118757704,0.19986625919326573,1.000735095433485,1.0,1.000735095433485
0.15739828644662185,5.353309318517441,0.20362433503481217,0.20155378627984233,1.010272934054908,0.99317530767423,0.9938690041345487,0.20223466159816006,0.20031806084949455,1.000740188791097,1.0,1.000740188791097
0.15776112696993486,5.338697112569269,0.2040905219580268,0.2020155567370939,1.0102713140237674,0.9931392783845725,0.9938384223778496,0.20269031370252547,0.20077082220337636,1.0007453165679039,1.0,1.0007453165679039
0.1581248039270383,5.324118513762196,0.20455775915592625,0.2024783708221928,1.0102696812765224,0.9931029732420819,0.9938076047707484,0.20314691881748806,0.20122454472468682,1.000750478986551,1.0,1.000750478986551
0.1584893192461113,5.309573444801935,0.2050260488244101,0.20294223074999784,1.010268035719876,0.9930663904542124,0.9937765497827775,0.20360447825514608,0.20167922987995315,1.000755676271014,1.0,1.000755676271014
0.1588546748597778,5.295061828571979,0.2054953931623936,0.2034071387387408,1.0102663772599199,0.9930295282169336,0.9937452558733159,0.204062993322805,0.20213487913238903,1.0007609086466065,1.0,1.0007609086466065
0.1592208727051169,5.280583588133184,0.20596579437179652,0.2038730970100189,1.0102647058021332,0.9929923847146668,0.993713721491526,0.20452246532290091,0.2025914939418288,1.0007661763399867,1.0,1.0007661763399867
0.15958791472367326,5.266138646723355,0.206437254657532,0.20434010778878664,1.0102630212513788,0.9929549581202216,0.9936819450762936,0.2049828955529232,0.203049075764661,1.000771479579164,1.0,1.000771479579164
0.15995580286146685,5.2517269277568595,0.20690977622749493,0.204808173303348,1.0102613235119,0.9929172465947312,0.9936499250561628,0.20544428530533623,0.20350762605376133,1.0007768185935062,1.0,1.0007768185935062
0.1603245390690041,5.237348354824195,0.20738336129255044,0.20527729578534823,1.010259612487318,0.9928792482875891,0.9936176598492745,0.205906635867501,0.20396714625842505,1.0007821936137458,1.0,1.0007821936137458
0.16069412530128763,5.223002851691599,0.20785801206652188,0.20574747746976557,1.0102578880806277,0.9928409613363831,0.9935851478633031,0.2063699485215951,0.20442763782429865,1.0007876048719877,1.0,1.0007876048719877
0.16106456351782691,5.20869034230064,0.2083337307661789,0.20621872059490262,1.010256150194196,0.9928023838668318,0.9935523874953918,0.20683422454453312,0.2048891021933106,1.0007930526017155,1.0,1.0007930526017155
0.16143585568264862,5.1944107507678146,0.20881051961122518,0.2066910274023778,1.0102543987297583,0.9927635139927191,0.9935193771320903,0.2072994652078855,0.20535154080360218,1.0007985370377983,1.0,1.0007985370377983
0.16180800376430654,5.180164001384161,0.2092883808242862,0.20716440013711665,1.0102526335884146,0.9927243498158289,0.9934861151492889,0.20776567177779712,0.20581495508945682,1.0008040584164983,1.0,1.0008040584164983
0.16218100973589292,5.165950018614825,0.20976731663089632,0.20763884104734265,1.0102508546706268,0.9926848894258797,0.9934525999121552,0.2082328455149048,0.20627934648122928,1.0008096169754774,1.0,1.0008096169754774
0.1625548755750483,5.151768727098685,0.21024732925948642,0.20811435238456827,1.0102490618762163,0.9926451309004591,0.9934188297750683,0.20870098767425482,0.206744716405274,1.000815212953804,1.0,1.000815212953804
0.16292960326397224,5.137620051647942,0.21072842094137054,0.20859093640358561,1.0102472551043602,0.9926050723049573,0.9933848030815544,0.2091700995052186,0.20721106628387292,1.0008208465919601,1.0,1.0008208465919601
0.16330519478943342,5.123503917247735,0.211210593910733,0.20906859536245687,1.0102454342535885,0.9925647116925016,0.9933505181642203,0.20964018225140874,0.20767839753516223,1.0008265181318492,1.0,1.0008265181318492
0.1636816521427808,5.109420249055723,0.21169385040461483,0.20954733152250485,1.01024359922178,0.9925240471038894,0.993315973344688,0.21011123715059365,0.20814671157305892,1.0008322278168018,1.0,1.0008322278168018
0.16405897731995384,5.095368972401695,0.21217819266290044,0.21002714714830303,1.0102417499061611,0.9924830765675223,0.993281166933529,0.21058326543461192,0.20861600980718645,1.0008379758915837,1.0,1.0008379758915837
0.16443717232149305,5.081350012787183,0.21266362292830365,0.21050804450766572,1.010239886203301,0.9924417980993386,0.9932460972301964,0.21105626832928542,0.20908629364279946,1.0008437626024025,1.0,1.0008437626024025
0.16481623915255084,5.067363295885054,0.21315014344635386,0.21099002587163782,1.0102380080091096,0.9924002097027464,0.993210762522959,0.21153024705433204,0.20955756448070825,1.0008495881969153,1.0,1.0008495881969153
0.16519617982290147,5.0534087475391365,0.21363775646538183,0.21147309351448443,1.0102361152188335,0.9923583093685564,0.9931751610888342,0.2120052028232777,0.21002982371720216,1.000855452924235,1.0,1.000855452924235
0.16557699634695275,5.039486293763801,0.21412646423650544,0.21195724971368063,1.0102342077270539,0.992316095074914,0.9931392911935196,0.2124811368433673,0.21050307274397262,1.000861357034938,1.0,1.000861357034938
0.16595869074375597,5.025595860743581,0.21461626901361497,0.2124424967499005,1.0102322854276824,0.9922735647872326,0.9931031510913259,0.2129580503154754,0.21097731294803496,1.0008673007810716,1.0,1.0008673007810716
0.16634126503701682,5.0117373748327845,0.21510717305335836,0.2129288369070064,1.010230348213959,0.9922307164581243,0.993066739025108,0.2134359444340155,0.2114525457116499,1.0008732844161605,1.0,1.0008732844161605
0.16672472125510626,4.997910762555095,0.21559917861512637,0.21341627247203784,1.0102283959784488,0.9921875480273328,0.9930300532261974,0.2139148203868492,0.2119287724122444,1.0008793081952148,1.0,1.0008793081952148
0.1671090614310707,4.984115950603199,0.2160922879610372,0.21390480573520051,1.0102264286130374,0.9921440574216639,0.9929930919143319,0.21439467935519402,0.2124059944223313,1.0008853723747362,1.0,1.0008853723747362
0.16749428760264368,4.970352865838371,0.21658650335592117,0.21439443898985455,1.01022444600893,0.9921002425549182,0.9929558532975877,0.214875522513531,0.21288421310942865,1.0008914772127269,1.0,1.0008914772127269
0.16788040181225594,4.956621435290108,0.21708182706730508,0.2148851745325031,1.0102224480566466,0.9920561013278214,0.992918335572309,0.215357351029511,0.2133634298359781,1.0008976229686946,1.0,1.0008976229686946
0.1682674061070466,4.942921586155731,0.21757826136539649,0.21537701466278064,1.01022043464602,0.9920116316279554,0.9928805369230381,0.2158401660638607,0.2138436459592627,1.0009038099036622,1.0,1.0009038099036622
0.1686553025388741,4.929253245799999,0.21807580852306746,0.21586996168344075,1.010218405666192,0.9919668313296889,0.9928424555224461,0.2163239687702872,0.21432486283132365,1.0009100382801734,1.0,1.0009100382801734
0.16904409316432636,4.915616341754741,0.21857447081583845,0.2163640179003441,1.0102163610056107,0.9919216982941084,0.992804089531261,0.21680876029538249,0.2148070817988766,1.0009163083623007,1.0,1.0009163083623007
0.16943378004473275,4.902010801718446,0.2190742505218617,0.21685918562244616,1.0102143005520272,0.9918762303689482,0.9927654370981976,0.21729454177852675,0.21529030420322695,1.000922620415653,1.0,1.000922620415653
0.16982436524617434,4.888436553555893,0.21957514992190466,0.21735546716178455,1.0102122241924927,0.9918304253885207,0.9927264963598862,0.2177813143517909,0.21577453138018468,1.0009289747073817,1.0,1.0009289747073817
0.17021585083949506,4.874893525297767,0.22007717129933288,0.21785286483346616,1.0102101318133552,0.9917842811736461,0.9926872654408004,0.21826907913983826,0.21625976465997784,1.0009353715061904,1.0,1.0009353715061904
0.17060823890031232,4.8613816451402885,0.220580316940093,0.21835138095565454,1.0102080233002564,0.9917377955315821,0.9926477424531859,0.21875783725982553,0.21674600536716604,1.0009418110823396,1.0,1.0009418110823396
0.1710015315090287,4.84790084144481,0.2210845891326952,0.21885101784955635,1.010205898538129,0.9916909662559538,0.9926079254969877,0.21924758982130302,0.21723325482055236,1.0009482937076564,1.0,1.0009482937076564
0.17139573075084244,4.8344510427374505,0.2215899901681956,0.21935177783940835,1.0102037574111933,0.9916437911266824,0.9925678126597777,0.21973833792611377,0.21772151433309503,1.0009548196555407,1.0,1.0009548196555407
0.1717908387157587,4.821032177708718,0.2220965223401786,0.2198536632524635,1.0102015998029543,0.9915962679099151,0.9925274020166819,0.22023008266829217,0.21821078521181805,1.0009613892009723,1.0,1.0009613892009723
0.17218685749860071,4.80764417521312,0.2226041879447385,0.2203566764189776,1.0101994255961981,0.991548394357953,0.9924866916303065,0.22072282513396144,0.21870106875772105,1.0009680026205203,1.0,1.0009680026205203
0.17258378919902034,4.794286964268811,0.22311298928046122,0.22086081967219492,1.01019723467299,0.991500168209181,0.9924456795506651,0.2212165664012305,0.2191923662656884,1.0009746601923484,1.0,1.0009746601923484
0.17298163592151009,4.780960474057183,0.22362292864840594,0.22136609534833424,1.0101950269146702,0.9914515871879958,0.9924043638151037,0.22171130754009,0.21968467902439723,1.0009813621962234,1.0,1.0009813621962234
0.1733803997754137,4.767664633922511,0.22413400835208608,0.22187250578657444,1.0101928022018511,0.9914026490047336,0.9923627424482275,0.22220704961230722,0.22017800831622525,1.000988108913523,1.0,1.000988108913523
0.17378008287493743,4.754399373371573,0.22464623069745027,0.22238005332903973,1.0101905604144155,0.9913533513555991,0.9923208134618254,0.2227037936713204,0.22067235541715682,1.000994900627243,1.0,1.000994900627243
0.1741806873391614,4.741164622073276,0.22515959799286311,0.222888740320785,1.0101883014315118,0.9913036919225935,0.9922785748547952,0.22320154076213217,0.22116772159668907,1.0010017376220044,1.0,1.0010017376220044
0.17458221529205034,4.727960309858293,0.2256741125490856,0.2233985691097808,1.0101860251315513,0.9912536683734418,0.9922360246130684,0.22370029192120205,0.2216641081177367,1.001008620184062,1.0,1.001008620184062
0.17498466886246564,4.7147863667186725,0.2261897766792553,0.22390954204689772,1.0101837313922064,0.9912032783615203,0.9921931607095343,0.224200048176338,0.22216151623653582,1.001015548601311,1.0,1.001015548601311
0.17538805018417603,4.701642722807478,0.22670659269886634,0.22442166148589143,1.0101814200904067,0.9911525195257853,0.9921499811039641,0.2247008105465874,0.22265994720254742,1.0010225231632954,1.0,1.0010225231632954
0.17579236139586912,4.688529308438419,0.22722456292574914,0.22493492978338656,1.0101790911023356,0.9911013894906987,0.9921064837429349,0.22520258004212668,0.2231594022583596,1.0010295441612151,1.0,1.0010295441612151
0.1761976046411629,4.675446054085471,0.2277436896800497,0.22544934929886087,1.0101767443034284,0.9910498858661559,0.9920626665597516,0.2257053576641505,0.22365988263958878,1.001036611887934,1.0,1.001036611887934
0.1766037820686164,4.6623928903825345,0.22826397528420908,0.2259649223946293,1.010174379568368,0.9909980062474131,0.9920185274743716,0.22620914440475998,0.2241613895747808,1.0010437266379866,1.0,1.0010437266379866
0.17701089583174204,4.649369748123028,0.22878542206294203,0.2264816514358271,1.0101719967710836,0.9909457482150126,0.9919740643933262,0.22671394124684954,0.22466392428531,1.0010508887075873,1.0,1.0010508887075873
0.17741894808901645,4.636376558259548,0.2293080323432158,0.22699953879039372,1.010169595784746,0.9908931093347114,0.9919292752096439,0.22721974916399368,0.2251674879852787,1.0010580983946369,1.0,1.0010580983946369
0.1778279410038923,4.62341325190349,0.2298318084542286,0.22751858682905557,1.0101671764817661,0.9908400871574059,0.991884157802771,0.2277265691203321,0.2256720818814144,1.0010653559987306,1.0,1.0010653559987306
0.17823787674480893,4.610479760324705,0.23035675272738768,0.22803879792530915,1.010164738733791,0.990786679219059,0.9918387100384939,0.22823440207045437,0.2261777071729674,1.0010726618211656,1.0,1.0010726618211656
0.178648757485205,4.597576014951104,0.23088286749628711,0.22856017445540358,1.0101622824117014,0.9907328830406266,0.9917929297688604,0.2287432489592835,0.22668436505160655,1.0010800161649496,1.0,1.0010800161649496
0.17906058540352934,4.584701947368311,0.23141015509668558,0.2290827187983231,1.0101598073856086,0.990678696127982,0.9917468148321007,0.22925311072195856,0.22719205670131473,1.001087419334807,1.0,1.001087419334807
0.17947336268325254,4.571857489319302,0.23193861786648362,0.22960643333576922,1.0101573135248518,0.9906241159718433,0.9917003630525474,0.22976398828371652,0.22770078329828286,1.0010948716371884,1.0,1.0010948716371884
0.1798870915128788,4.559042572704035,0.23246825814570063,0.2301313204521426,1.0101548006979955,0.9905691400476981,0.9916535722405562,0.23027588255977297,0.22821054601080337,1.0011023733802769,1.0,1.0011023733802769
0.18030177408595685,4.546257129579109,0.23299907827645183,0.2306573825345249,1.0101522687728255,0.9905137658157296,0.9916064401924252,0.23078879445520226,0.2287213459991627,1.001109924873997,1.0,1.001109924873997
0.18071741260109264,4.533501092157369,0.23353108060292455,0.23118462197266001,1.0101497176163474,0.9904579907207416,0.9915589646903153,0.2313027248648162,0.2292331844155327,1.0011175264300216,1.0,1.0011175264300216
0.18113400926196016,4.520774392807576,0.2340642674713546,0.23171304115893546,1.0101471470947825,0.9904018121920838,0.9915111435021687,0.23181767467304218,0.2297460624038612,1.0011251783617805,1.0,1.0011251783617805
0.18155156627731342,4.508076964054038,0.23459864123000215,0.23224264248836307,1.0101445570735663,0.9903452276435766,0.9914629743816282,0.23233364475380022,0.23025998109976156,1.0011328809844675,1.0,1.0011328809844675
0.18197008586099833,4.495408738576246,0.23513420422912756,0.23277342835856002,1.0101419474173445,0.9902882344734365,0.9914144550679551,0.2328506359703792,0.23077494163040146,1.0011406346150489,1.0,1.0011406346150489
0.18238957023196375,4.482769649208539,0.23567095882096653,0.23330540116972887,1.0101393179899711,0.9902308300642007,0.9913655832859479,0.23336864917531175,0.23129094511439033,1.0011484395722705,1.0,1.0011484395722705
0.1828100216142742,4.470159628939718,0.23620890735970523,0.23383856332463807,1.0101366686545044,0.9901730117826519,0.9913163567458599,0.23388768521024875,0.23180799266166627,1.0011562961766665,1.0,1.0011562961766665
0.18323144223712104,4.457578610912713,0.23674805220145526,0.2343729172286016,1.0101339992732052,0.9901147769797428,0.9912667731433171,0.23440774490583238,0.23232608537338165,1.0011642047505667,1.0,1.0011642047505667
0.1836538343348345,4.445026528424216,0.23728839570422802,0.2349084652894587,1.0101313097075353,0.9900561229905204,0.9912168301592348,0.23492882908156845,0.23284522434178787,1.0011721656181047,1.0,1.0011721656181047
0.18407720014689558,4.4325033149243325,0.2378299402279089,0.23544520991755327,1.0101285998181517,0.9899970471340505,0.9911665254597346,0.23545093854569754,0.23336541065011912,1.001180179105225,1.0,1.001180179105225
0.18450154191794732,4.42000890401624,0.2383726881342313,0.23598315352571306,1.010125869464906,0.9899375467133419,0.9911158566960612,0.23597407409506546,0.23388664537247522,1.0011882455396925,1.0,1.0011882455396925
0.18492686189780774,4.40754322945581,0.23891664178675012,0.23652229852922826,1.0101231185068413,0.9898776190152704,0.9910648215044982,0.23649823651499247,0.23440892957370324,1.0011963652510987,1.0,1.0011963652510987
0.18535316234148103,4.395106225151279,0.23946180355081517,0.23706264734583027,1.0101203468021893,0.9898172613105028,0.9910134175062842,0.23702342657914152,0.23493226430927833,1.0012045385708703,1.0,1.0012045385708703
0.18578044550916986,4.382697825162882,0.24000817579354417,0.23760420239566987,1.0101175542083682,0.9897564708534214,0.9909616423075281,0.23754964504938583,0.23545665062518334,1.0012127658322778,1.0,1.0012127658322778
0.18620871366628672,4.3703179637025285,0.24055576088379532,0.23814696610129524,1.0101147405819795,0.9896952448820465,0.9909094934991243,0.23807689267567483,0.23598208955778757,1.0012210473704422,1.0,1.0012210473704422
0.18663796908346691,4.3579665751334185,0.24110456119213988,0.23869094088762982,1.010111905778805,0.9896335806179616,0.9908569686566675,0.23860517019589983,0.2365085821337247,1.0012293835223438,1.0,1.0012293835223438
0.18706821403657997,4.345643593969719,0.2416545790908341,0.23923612918194945,1.0101090496538059,0.9895714752662359,0.9908040653403674,0.239134478335758,0.2370361293697688,1.00123777462683,1.0,1.00123777462683
0.18749945080674174,4.333348954876213,0.24220581695379104,0.23978253341385988,1.0101061720611175,0.9895089260153482,0.9907507810949626,0.2396648178086158,0.23756473227271066,1.0012462210246231,1.0,1.0012462210246231
0.18793168168032684,4.321082592667943,0.24275827715655207,0.24033015601527336,1.01010327285405,0.989445930037111,0.9906971134496347,0.24019618931537143,0.23809439183923167,1.0012547230583284,1.0,1.0012547230583284
0.18836490894898003,4.308844442309884,0.2433119620762579,0.24087899942038538,1.0101003518850828,0.9893824844865924,0.9906430599179218,0.24072859354431558,0.23862510905577788,1.001263281072442,1.0,1.001263281072442
0.18879913490962927,4.2966344389165805,0.24386687409161947,0.24142906606565087,1.0100974090058639,0.989318586502041,0.9905886179976312,0.24126203117099218,0.2391568848984319,1.001271895413359,1.0,1.001271895413359
0.18923436186449744,4.284452517751807,0.24442301558288837,0.24198035838976026,1.0100944440672068,0.9892542332048079,0.9905337851707531,0.24179650285805704,0.23968972033278463,1.0012805664293816,1.0,1.0012805664293816
0.18967059212111448,4.272298614228232,0.2449803889318271,0.24253287883361505,1.010091456919089,0.9891894216992707,0.9904785589033724,0.24233200925513648,0.24022361631380526,1.0012892944707261,1.0,1.0012892944707261
0.19010782799233,4.260172663907062,0.24553899652167874,0.24308662984030338,1.010088447410647,0.9891241490727564,0.9904229366455816,0.24286855099868396,0.24075857378571072,1.001298079889533,1.0,1.001298079889533
0.19054607179632468,4.248074602497727,0.24609884073713667,0.2436416138550749,1.010085415390178,0.9890584123954639,0.990366915831392,0.2434061287118365,0.24129459368183348,1.0013069230398728,1.0,1.0013069230398728
0.19098532585662373,4.236004365857505,0.24665992396431355,0.24419783332531586,1.0100823607051326,0.988992208720388,0.9903104938786461,0.2439447430042694,0.24183167692448887,1.001315824277755,1.0,1.001315824277755
0.19142559250210847,4.223961889991201,0.24722224859071024,0.2447552907005232,1.0100792832021168,0.9889255350832412,0.9902536681889279,0.2444843944720502,0.2423698244248405,1.0013247839611361,1.0,1.0013247839611361
0.1918668740670288,4.211947111050809,0.2477858170051843,0.2453139884322791,1.0100761827268874,0.988858388502378,0.9901964361474745,0.24502508369749165,0.24290903708276557,1.001333802449928,1.0,1.001333802449928
0.19230917289101582,4.199959965335161,0.24835063159791812,0.24587392897422458,1.0100730591243499,0.9887907659787163,0.990138795123087,0.24556681124900345,0.2434493157867182,1.0013428801060054,1.0,1.0013428801060054
0.19275249131909356,4.188000389289613,0.2489166947603868,0.2464351147820331,1.0100699122385566,0.988722664495661,0.9900807424680398,0.2461095776809428,0.24399066141359194,1.0013520172932133,1.0,1.0013520172932133
0.1931968317016923,4.17606831950568,0.2494840088853256,0.2469975483133838,1.0100667419127054,0.9886540810190272,0.9900222755179916,0.2466533835334644,0.2445330748285813,1.001361214377377,1.0,1.001361214377377
0.1936421963946606,4.164163692720713,0.2500525763666968,0.24756123202793448,1.0100635479891342,0.9885850124969625,0.9899633915918947,0.24719822933236865,0.245076556885042,1.001370471726308,1.0,1.001370471726308
0.19408858775927781,4.152286445817565,0.2506223995996571,0.24812616838729404,1.0100603303093236,0.9885154558598696,0.9899040879919044,0.24774411558894943,0.24562110842435,1.0013797897098133,1.0,1.0013797897098133
0.19453600816226624,4.140436515824262,0.2511934809805233,0.24869235985499474,1.0100570887138909,0.9884454080203295,0.9898443620032882,0.24829104279984024,0.24616673027575944,1.0013891686997034,1.0,1.0013891686997034
0.19498445997580446,4.12861383991365,0.2517658229067389,0.2492598088964643,1.0100538230425888,0.9883748658730241,0.9897842108943347,0.24883901144685958,0.24671342325625956,1.001398609069799,1.0,1.001398609069799
0.19543394557753938,4.11681835540308,0.2523394277768395,0.24982851797899724,1.010050533134305,0.9883038262946592,0.9897236319162612,0.24938802199685528,0.2472611881704301,1.0014081111959414,1.0,1.0014081111959414
0.19588446735059883,4.105049999754066,0.2529142979904184,0.2503984895717264,1.0100472188270584,0.9882322861438865,0.9896626223031234,0.24993807490154735,0.24781002581029604,1.0014176754559982,1.0,1.0014176754559982
0.19633602768360467,4.093308710571955,0.25349043594809145,0.2509697261455935,1.010043879957998,0.9881602422612273,0.9896011792717222,0.2504891705973702,0.2483599369551805,1.001427302229873,1.0,1.001427302229873
0.19678862897068444,4.081594425605607,0.25406784405146154,0.2515422301733203,1.0100405163633996,0.9880876914689952,0.9895393000215116,0.25104130950531334,0.2489109223715573,1.0014369918995125,1.0,1.0014369918995125
0.1972422736114853,4.069907082747045,0.25464652470308313,0.2521160041293782,1.0100371278786664,0.9880146305712184,0.9894769817345058,0.25159449203076134,0.24946298281290133,1.0014467448489153,1.0,1.0014467448489153
0.19769696401118597,4.058246620031143,0.2552264803064258,0.2526910504899585,1.0100337143383242,0.987941056353563,0.9894142215751863,0.25214871856333215,0.2500161190195384,1.0014565614641386,1.0,1.0014565614641386
0.19815270258050968,4.046612975635287,0.2558077132658383,0.253267371732942,1.0100302755760222,0.9878669655832553,0.989351016690409,0.25270398947671513,0.2505703317184939,1.0014664421333082,1.0,1.0014664421333082
0.19860949173573714,4.035006087879048,0.25639022598651096,0.25384497033786796,1.0100268114245292,0.9877923550090055,0.9892873642093103,0.2532603051285068,0.25112562162333996,1.0014763872466248,1.0,1.0014763872466248
0.1990673338987186,4.023425895223872,0.25697402087443905,0.2544238487859031,1.0100233217157324,0.9877172213609305,0.9892232612432128,0.25381766586004667,0.2516819894340411,1.0014863971963732,1.0,1.0014863971963732
0.1995262314968879,4.011872336272725,0.2575591003363848,0.25500400955981,1.0100198062806363,0.9876415613504766,0.9891587048855321,0.2543760719962512,0.25223943583679953,1.0014964723769295,1.0,1.0014964723769295
0.1999861869632743,4.000345349769788,0.2581454667798396,0.2555854551439154,1.01001626494936,0.9875653716703428,0.9890936922116818,0.25493552384544643,0.25279796150389844,1.0015066131847696,1.0,1.0015066131847696
0.20044720273651595,3.988844874600126,0.2587331226129856,0.25616818802407776,1.0100126975511368,0.9874886489944035,0.9890282202789786,0.2554960216992005,0.2533575670935444,1.0015168200184776,1.0,1.0015168200184776
0.2009092812608728,3.9773708497893603,0.2593220702446567,0.25675221068765475,1.0100091039143115,0.9874113899776327,0.9889622861265484,0.2560575658321538,0.25391825324970824,1.0015270932787528,1.0,1.0015270932787528
0.20137242498623878,3.965923214503362,0.25991231208429955,0.25733752562347045,1.0100054838663384,0.9873335912560266,0.9888958867752291,0.2566201565018486,0.25448002060196506,1.0015374333684182,1.0,1.0015374333684182
0.201836636368156,3.954501908047905,0.26050385054193403,0.2579241353217816,1.010001837233782,0.987255249446527,0.9888290192274773,0.2571837939485579,0.25504286976533247,1.001547840692429,1.0,1.001547840692429
0.20230191786782703,3.943106869868357,0.26109668802811326,0.25851204227424435,1.0099981638423132,0.9871763611469452,0.9887616804672714,0.257748478395112,0.25560680134010816,1.00155831565788,1.0,1.00155831565788
0.2027682719521282,3.9317380395493586,0.26169082695388296,0.2591012489738799,1.0099944635167084,0.9870969229358848,0.9886938674600152,0.258314210046725,0.2561718159117056,1.001568858674014,1.0,1.001568858674014
0.20323570109362216,3.9203953568145096,0.2622862697307413,0.25969175791504023,1.0099907360808498,0.9870169313726664,0.9886255771524425,0.2588809890908198,0.256737914050489,1.0015794701522294,1.0,1.0015794701522294
0.20370420777057177,3.9090787615260325,0.26288301877059705,0.26028357159337295,1.0099869813577211,0.9869363829972507,0.98855680647252,0.2594488156968514,0.2573050963116063,1.0015901505060882,1.0,1.0015901505060882
0.20417379446695283,3.8977881936844643,0.26348107648572844,0.26087669250578643,1.0099831991694093,0.9868552743301627,0.9884875523293505,0.2600176900161301,0.25787336323482146,1.0016009001513249,1.0,1.0016009001513249
0.20464446367246727,3.886523593428339,0.264080445288741,0.26147112315041404,1.0099793893371005,0.9867736018724155,0.9884178116130761,0.2605876121816423,0.2584427153443454,1.001611719505853,1.0,1.001611719505853
0.20511621788255655,3.8752849010338632,0.26468112759252516,0.2620668660265779,1.0099755516810818,0.9866913621054347,0.988347581194781,0.26115858230787103,0.259013153148665,1.0016226089897735,1.0,1.0016226089897735
0.20558905959841414,3.8640720569146163,0.2652831258102136,0.26266392363475294,1.0099716860207373,0.9866085514909828,0.9882768579263933,0.26173060049061503,0.25958467714037176,1.0016335690253841,1.0,1.0016335690253841
0.20606299132699996,3.852885001621212,0.2658864423551379,0.26326229847652977,1.0099677921745491,0.9865251664710835,0.9882056386405879,0.26230366680680656,0.2601572877959882,1.001644600037185,1.0,1.001644600037185
0.2065380155810528,3.8417236758409965,0.2664910796407847,0.2638619930545776,1.0099638699600944,0.9864412034679462,0.988133920150688,0.262877781314328,0.2607309855757934,1.0016557024518888,1.0,1.0016557024518888
0.20701413487910406,3.8305880203977303,0.2670970400807521,0.2644630098726064,1.0099599191940472,0.9863566588838913,0.9880616992505675,0.26345294405182745,0.2613057709236471,1.0016668766984267,1.0,1.0016668766984267
0.20749135174549097,3.8194779762512736,0.2677043260887044,0.2650653514353294,1.009955939692174,0.9862715291012747,0.9879889727145518,0.2640291550385328,0.2618816442668127,1.001678123207958,1.0,1.001678123207958
0.2079696687103695,3.8083934844972864,0.2683129400783283,0.26566902024842415,1.009951931269336,0.9861858104824128,0.9879157372973195,0.2646064142740652,0.2624586060157785,1.0016894424138765,1.0,1.0016894424138765
0.2084490883097288,3.7973344863668936,0.26892288446328627,0.26627401881849394,1.0099478937394861,0.9860994993695086,0.9878419897338031,0.2651847217382508,0.2630366565640772,1.0017008347518197,1.0,1.0017008347518197
0.2089296130854038,3.7863009232263867,0.2695341616571717,0.26688034965302865,1.0099438269156695,0.9860125920845765,0.9877677267390906,0.2657640773909311,0.2636157962881058,1.0017123006596758,1.0,1.0017123006596758
0.2094112455850891,3.775292736576912,0.27014677407346216,0.2674880152603647,1.009939730610022,0.9859250849293681,0.9876929450083254,0.266344481171773,0.2641960255469415,1.001723840577592,1.0,1.001723840577592
0.2098939883623524,3.7643098680541573,0.27076072412547303,0.26809701814964537,1.0099356046337704,0.9858369741852989,0.9876176412166068,0.2669259330000768,0.2647773446821586,1.0017354549479818,1.0,1.0017354549479818
0.2103778439766475,3.7533522594280537,0.27137601422631014,0.26870736083078006,1.0099314487972313,0.9857482561133737,0.9875418120188909,0.2675084327745833,0.2653597540176425,1.0017471442155337,1.0,1.0017471442155337
0.21086281499332885,3.742419852602449,0.2719926467888223,0.26931904581440347,1.0099272629098102,0.985658926954113,0.9874654540498901,0.26809198037327964,0.26594325385940304,1.0017589088272179,1.0,1.0017589088272179
0.21134890398366454,3.731512589614808,0.27261062422555327,0.26993207561183397,1.0099230467800022,0.9855689829274802,0.9873885639239727,0.268676575653204,0.26652784449538597,1.0017707492322951,1.0,1.0017707492322951
0.21183611352485018,3.720630412635905,0.2732299489486934,0.2705464527350322,1.0099188002153898,0.985478420232808,0.987311138235063,0.26926221845024917,0.26711352619528334,1.0017826658823241,1.0,1.0017826658823241
0.21232444620002192,3.70977326396953,0.27385062337003063,0.27116217969655837,1.0099145230226454,0.985387235048726,0.9872331735565409,0.26984890857896454,0.26770029921034233,1.0017946592311682,1.0,1.0017946592311682
0.21281390459827113,3.698941086052156,0.2744726499009011,0.27177925900953004,1.0099102150075279,0.9852954235330873,0.987154666441141,0.2704366458323571,0.2682881637731731,1.001806729735005,1.0,1.001806729735005
0.21330449131465753,3.688133821452655,0.2750960309521393,0.27239769318757845,1.0099058759748847,0.9852029818228972,0.9870756134208513,0.27102542998169166,0.2688771200975538,1.0018188778523331,1.0,1.0018188778523331
0.21379620895022305,3.6773514128719853,0.27572076893402786,0.2730174847448055,1.00990150572865,0.9851099060342405,0.9869960110068123,0.2716152607762887,0.2694671683782363,1.0018311040439791,1.0,1.0018311040439791
0.21428906011200585,3.666593803142886,0.2763468662562467,0.27363863619573914,1.0098971040718472,0.9850161922622102,0.9869158556892167,0.2722061379433224,0.27005830879074816,1.0018434087731067,1.0,1.0018434087731067
0.21478304741305335,3.6558609352295903,0.27697432532782196,0.27426115005528945,1.0098926708065854,0.9849218365808354,0.9868351439372065,0.2727980611876162,0.27065054149119533,1.0018557925052232,1.0,1.0018557925052232
0.21527817347243722,3.645152752227496,0.27760314855707396,0.27488502883870314,1.0098882057340626,0.9848268350430109,0.986753872198773,0.27339103019143796,0.2712438666160617,1.0018682557081875,1.0,1.0018682557081875
0.2157744409152665,3.6344691973628827,0.2782333383515655,0.2755102750615186,1.0098837086545642,0.9847311836804262,0.9866720369006535,0.2739850446142936,0.2718382842820079,1.0018807988522185,1.0,1.0018807988522185
0.21627185237270186,3.6238102139926065,0.27886489711804874,0.27613689123951973,1.0098791793674635,0.9846348785034951,0.9865896344482311,0.27458010409271955,0.27243379458566874,1.0018934224099008,1.0,1.0018934224099008
0.21677041048196946,3.613175745603794,0.2794978272624124,0.2767648798886897,1.0098746176712228,0.9845379155012847,0.9865066612254314,0.27517620824007366,0.2730303976034488,1.001906126856194,1.0,1.001906126856194
0.2172701178863744,3.6025657358135614,0.2801321311896281,0.2773942435251641,1.0098700233633926,0.9844402906414471,0.9864231135946209,0.27577335664632546,0.2736280933913169,1.0019189126684396,1.0,1.0019189126684396
0.21777097723531577,3.5919801283686885,0.28076781130369605,0.27802498466518377,1.0098653962406126,0.984341999870149,0.9863389878965052,0.2763715488778448,0.2742268819845987,1.0019317803263683,1.0,1.0019317803263683
0.21827299118430002,3.581418867145337,0.2814048700075907,0.2786571058250468,1.0098607360986123,0.9842430391120031,0.9862542804500259,0.2769707844771892,0.2748267633977683,1.001944730312108,1.0,1.001944730312108
0.2187761623949551,3.5708818961487534,0.2820433097032056,0.2792906095210605,1.009856042732212,0.9841434042699987,0.9861689875522587,0.27757106296289036,0.27542773762423745,1.0019577631101906,1.0,1.0019577631101906
0.21928049353504483,3.5603691595129625,0.2826831327912978,0.2799254982694924,1.0098513159353226,0.9840430912254345,0.9860831054783101,0.2781723838292387,0.2760298046361444,1.0019708792075595,1.0,1.0019708792075595
0.21978598727848242,3.5498806015004867,0.2833243416714317,0.28056177458652143,1.0098465555009468,0.9839420958378502,0.985996630481216,0.2787747465460677,0.2766329643841406,1.0019840790935775,1.0,1.0019840790935775
0.2202926463053455,3.5394161665020345,0.2839669387419227,0.2811994409881877,1.0098417612211799,0.983840413944959,0.9859095587918373,0.27937815055853604,0.27723721679717545,1.001997363260034,1.0,1.001997363260034
0.22080047330188984,3.5289757990362105,0.28461092639978,0.2818384999903427,1.0098369328872112,0.9837380413625807,0.9858218866187584,0.27998259528690916,0.27784256178228056,1.002010732201152,1.0,1.002010732201152
0.22130947096056378,3.518559443749224,0.28525630704064897,0.2824789541085983,1.0098320702893246,0.9836349738845749,0.9857336101481836,0.280588080126339,0.2784489992243517,1.0020241864135953,1.0,1.0020241864135953
0.22181964198002185,3.508167045414602,0.28590308305875317,0.28312080585827565,1.0098271732168997,0.9835312072827752,0.9856447255438339,0.28119460444664307,0.2790565289859292,1.0020377263964764,1.0,1.0020377263964764
0.22233098906514023,3.497798548932881,0.2865512568468358,0.28376405775435354,1.0098222414584128,0.9834267373069234,0.9855552289468444,0.28180216759208193,0.27966515090697747,1.002051352651363,1.0,1.002051352651363
0.22284351492703025,3.4874538993313235,0.2872008307961004,0.28440871231141596,1.0098172748014387,0.9833215596846043,0.9854651164756612,0.2824107688811356,0.28027486480466235,1.0020650656822858,1.0,1.0020650656822858
0.22335722228305302,3.4771330417636284,0.2878518072961515,0.2850547720435994,1.0098122730326518,0.9832156701211809,0.9853743842259374,0.28302040760627867,0.28088567047312674,1.0020788659957456,1.0,1.0020788659957456
0.22387211385683395,3.466835921509632,0.2885041887349342,0.2857022394645398,1.0098072359378274,0.98310906429973,0.9852830282704305,0.2836310830337539,0.2814975676832655,1.0020927541007192,1.0,1.0020927541007192
0.2243881923782766,3.4565624839750333,0.2891579774986737,0.2863511170873185,1.0098021633018437,0.9830017378809787,0.985191044658899,0.2842427944033452,0.282110556182498,1.0021067305086686,1.0,1.0021067305086686
0.22490546058357802,3.4463126746910886,0.2898131759718141,0.28700140742440783,1.0097970549086832,0.9828936865032413,0.9850984294179992,0.28485554092814896,0.28272463569453943,1.0021207957335463,1.0,1.0021207957335463
0.2254239212152428,3.4360864393143276,0.29046978653695665,0.28765311298761675,1.0097919105414346,0.9827849057823564,0.9850051785511814,0.28546932179434414,0.28333980591917063,1.0021349502918029,1.0,1.0021349502918029
0.2259435770220976,3.425883723626269,0.29112781157479733,0.2883062362880349,1.0097867299822938,0.9826753913116248,0.9849112880385869,0.28608413616096096,0.28395606653200567,1.0021491947023944,1.0,1.0021491947023944
0.22646443075930595,3.4157044735331255,0.2917872534640644,0.2889607798359772,1.0097815130125674,0.982565138661748,0.984816753836944,0.28669998315964906,0.2845734171842589,1.0021635294867883,1.0,1.0021635294867883
0.22698648518838213,3.405548635065534,0.2924481145814549,0.28961674614092686,1.0097762594126733,0.9824541433807669,0.984721571879466,0.28731686189444366,0.28519185750250975,1.0021779551689716,1.0,1.0021779551689716
0.22750974307720695,3.395416154378247,0.2931103973015708,0.2902741377114788,1.0097709689621441,0.9823424009940014,0.984625738075746,0.28793477144153073,0.2858113870884656,1.0021924722754565,1.0,1.0021924722754565
0.22803420720004167,3.3853069777498597,0.2937741039968546,0.29093295705528205,1.0097656414396279,0.982229907003991,0.9845292483116552,0.28855371084901127,0.2864320055187239,1.0022070813352877,1.0,1.0022070813352877
0.22855988033754282,3.375221051582524,0.2944392370375244,0.29159320667898153,1.0097602766228917,0.982116656890435,0.9844320984492382,0.2891736791366638,0.2870537123445322,1.0022217828800493,1.0,1.0022217828800493
0.2290867652767773,3.36515832240166,0.29510579879150844,0.2922548890881594,1.0097548742888236,0.9820026461101341,0.9843342843266103,0.28979467529570613,0.28767650709154624,1.002236577443871,1.0,1.002236577443871
0.22961486481123614,3.3551187368556867,0.2957737916243791,0.29291800678727586,1.0097494342134357,0.9818878700969321,0.9842358017578545,0.29041669828855543,0.2883003892595871,1.002251465563436,1.0,1.002251465563436
0.23014418174085075,3.3451022417157175,0.29644321789928624,0.29358256227960966,1.0097439561718657,0.9817723242616588,0.984136646532918,0.29103974704858765,0.2889253583223966,1.0022664477779857,1.0,1.0022664477779857
0.23067471887200677,3.3351087838752917,0.29711407997688993,0.29424855806719724,1.0097384399383813,0.9816560039920736,0.9840368144175087,0.29166382047989514,0.2895514137273901,1.0022815246293275,1.0,1.0022815246293275
0.23120647901755947,3.325138310350087,0.29778638021529297,0.2949159966507724,1.0097328852863805,0.9815389046528087,0.9839363011529925,0.2922889174570435,0.2901785548954093,1.0022966966618414,1.0,1.0022966966618414
0.23173946499684783,3.3151907682776525,0.2984601209699725,0.2955848805297043,1.0097272919883982,0.981421021585314,0.9838351024562902,0.2929150368248268,0.29080678122047193,1.0023119644224858,1.0,1.0023119644224858
0.2322736796357106,3.3052661049171084,0.2991353045937112,0.2962552122019357,1.009721659816106,0.9813023501078028,0.9837332140197749,0.2935421773980222,0.2914360920695206,1.0023273284608043,1.0,1.0023273284608043
0.23280912576650067,3.295364267648875,0.2998119334365279,0.2969269941639205,1.0097159885403169,0.981182885515197,0.9836306315111679,0.2941703379611426,0.29206648678216995,1.0023427893289318,1.0,1.0023427893289318
0.2333458062281001,3.285485203974398,0.3004900098456076,0.29760022891056,1.0097102779309894,0.9810626230790748,0.9835273505734379,0.29479951726818876,0.29269796467045167,1.0023583475816014,1.0,1.0023583475816014
0.23388372386593548,3.2756288615158624,0.30116953616523084,0.2982749189351396,1.009704527757229,0.9809415580476177,0.9834233668246966,0.2954297140423999,0.2933305250185584,1.00237400377615,1.0,1.00237400377615
0.23442288153199217,3.265795188015927,0.3018505147367027,0.29895106672926414,1.0096987377872928,0.9808196856455589,0.9833186758580973,0.2960609269760029,0.2939641670825857,1.0023897584725243,1.0,1.0023897584725243
0.23496328208483064,3.2559841313374323,0.30253294789828106,0.29962867478279287,1.0096929077885939,0.9806970010741315,0.9832132732417321,0.2966931547299607,0.29459889009027224,1.0024056122332878,1.0,1.0024056122332878
0.23550492838960083,3.2461956394631315,0.30321683798510424,0.30030774558377404,1.009687037527704,0.9805734995110198,0.9831071545185297,0.29732639593371957,0.29523469324073864,1.0024215656236266,1.0,1.0024215656236266
0.23604782331805751,3.236429660495414,0.30390218732911833,0.30098828161837865,1.0096811267703578,0.9804491761103087,0.9830003152061536,0.29796064918495474,0.29587157570422473,1.0024376192113547,1.0,1.0024376192113547
0.2365919697485758,3.22668614265603,0.3045889982590036,0.3016702853708334,1.0096751752814577,0.9803240260024352,0.9828927507968999,0.2985959130493151,0.2965095366218242,1.0024537735669208,1.0,1.0024537735669208
0.23713737056616546,3.216965034285824,0.3052772731001004,0.30235375932335373,1.0096691828250763,0.980198044294141,0.9827844567575958,0.29923218606016677,0.2971485751052191,1.0024700292634134,1.0,1.0024700292634134
0.23768402866248756,3.207266283844443,0.3059670141743347,0.30303870595607535,1.0096631491644628,0.9800712260684252,0.9826754285294981,0.2998694667183354,0.2977886902364109,1.0024863868765679,1.0,1.0024863868765679
0.23823194693586888,3.197589839910078,0.30665822380014285,0.30372512774698585,1.0096570740620459,0.9799435663844988,0.9825656615281912,0.3005077534918478,0.29842988106745155,1.002502846984771,1.0,1.002502846984771
0.23878112829131756,3.1879356511791865,0.3073509042923955,0.30441302717185537,1.0096509572794385,0.9798150602777381,0.9824551511434874,0.3011470448156708,0.2990721466201717,1.0025194101690669,1.0,1.0025194101690669
0.23933157564053872,3.178303666466218,0.30804505796232146,0.30510240670416655,1.0096447985774435,0.9796857027596423,0.9823438927393245,0.3017873390914516,0.2997154858859076,1.002536077013163,1.0,1.002536077013163
0.239883291901949,3.1686938347033546,0.30874068711743063,0.3057932688150443,1.0096385977160571,0.9795554888177881,0.9822318816536664,0.30242863468725456,0.3003598978252264,1.0025528481034363,1.0,1.0025528481034363
0.24043628000069323,3.159106104940223,0.30943779406143623,0.30648561597318436,1.0096323544544752,0.9794244134157887,0.9821191131984018,0.3030709299372978,0.30100538136764976,1.0025697240289368,1.0,1.0025697240289368
0.2409905428686593,3.1495404263436324,0.3101363810941768,0.3071794506447816,1.0096260685510978,0.979292471493251,0.9820055826592443,0.30371422314168917,0.3016519354113753,1.002586705381395,1.0,1.002586705381395
0.24154608344449405,3.139996748197304,0.3108364505115371,0.3078747752934575,1.009619739763534,0.9791596579657359,0.9818912852956329,0.30435851256616003,0.30229955882299714,1.0026037927552263,1.0,1.0026037927552263
0.24210290467361778,3.1304750199016143,0.3115380046053687,0.30857159238018733,1.0096133678486077,0.979025967724718,0.9817762163406317,0.3050037964417987,0.302948250437224,1.0026209867475362,1.0,1.0026209867475362
0.24266100950824146,3.1209751909733034,0.31224104566341004,0.30926990436322593,1.0096069525623632,0.9788913956375466,0.9816603710008316,0.30565007296478236,0.30359800905659606,1.002638287958126,1.0,1.002638287958126
0.2432204009073814,3.111497211045225,0.3129455759692057,0.3099697136980337,1.0096004936600709,0.9787559365474092,0.9815437444562504,0.30629734029610833,0.3042488334511999,1.0026556969894975,1.0,1.0026556969894975
0.24378108183687508,3.102041029866071,0.313651597802025,0.31067102283720155,1.0095939908962328,0.9786195852732932,0.9814263318602344,0.3069455965613235,0.30490072235838184,1.0026732144468586,1.0,1.0026732144468586
0.24434305526939717,3.092606597300109,0.31435911343678,0.31137383423037485,1.0095874440245884,0.9784823366099517,0.9813081283393602,0.3075948398502534,0.30555367448245935,1.0026908409381277,1.0,1.0026908409381277
0.2449063241844745,3.0831938633269216,0.3150681251439432,0.3120781503241773,1.0095808527981214,0.9783441853278676,0.981189128993337,0.30824506821672976,0.3062076884944312,1.0027085770739388,1.0,1.0027085770739388
0.24547089156850294,3.073802778041129,0.31577863518946403,0.31278397356213394,1.0095742169690647,0.9782051261732208,0.9810693288949082,0.3088962796783171,0.30686276303168547,1.0027264234676463,1.0,1.0027264234676463
0.24603676041476258,3.06443329165213,0.3164906458346853,0.31349130638459316,1.0095675362889092,0.9780651538678552,0.9809487230897547,0.3095484722160383,0.3075188966977057,1.0027443807353302,1.0,1.0027443807353302
0.24660393372343373,3.0550853544838414,0.3172041593362585,0.3142001512286484,1.0095608105084075,0.9779242631092477,0.9808273065963982,0.310201643774099,0.3081760880617762,1.0027624494957998,1.0,1.0027624494957998
0.247172414501613,3.0457589169744272,0.3179191779460589,0.31491051052805935,1.0095540393775821,0.9777824485704778,0.9807050744061043,0.3108557922596109,0.30883433565868473,1.0027806303705997,1.0,1.0027806303705997
0.24774220576332848,3.0364539296760507,0.31863570391109974,0.3156223867131716,1.0095472226457325,0.9776397049001981,0.9805820214827868,0.31151091554231447,0.3094936379884237,1.002798923984013,1.0,1.002798923984013
0.2483133105295569,3.0271703432545927,0.3193537394734459,0.31633578221083675,1.0095403600614417,0.9774960267226065,0.9804581427629119,0.3121670114542998,0.31015399351588996,1.0028173309630657,1.0,1.0028173309630657
0.24888573182823892,3.0179081084894017,0.32007328687012676,0.3170506994443309,1.0095334513725827,0.9773514086374195,0.9803334331554028,0.31282407778972726,0.31081540067058266,1.0028358519375322,1.0,1.0028358519375322
0.24945947269429528,3.0086671762730317,0.3207943483330487,0.3177671408332728,1.009526496326328,0.9772058452198464,0.9802078875415459,0.3134821123045467,0.3114778578462992,1.0028544875399388,1.0,1.0028544875399388
0.2500345361696431,2.999447497610975,0.32151692608890664,0.3184851087935416,1.009519494669154,0.9770593310205644,0.9800815007748958,0.31414111271621536,0.3121413634008302,1.0028732384055676,1.0,1.0028732384055676
0.25061092530321133,2.9902490236214216,0.32224102235909524,0.3192046057371932,1.0095124461468514,0.9769118605656962,0.9799542676811813,0.31480107670341584,0.3128059156556514,1.002892105172461,1.0,1.002892105172461
0.2511886431509579,2.981071705534974,0.3229666393596193,0.31992563407237656,1.0095053505045324,0.976763428356787,0.9798261830582136,0.3154620019057717,0.3134715128956155,1.0029110884814256,1.0,1.0029110884814256
0.2517676927758854,2.9719154946944055,0.3236937793010031,0.32064819620324875,1.009498207486637,0.9766140288707846,0.9796972416757918,0.3161238859235633,0.31413815336864087,1.0029301889760356,1.0,1.0029301889760356
0.25234807724805725,2.962780342554398,0.3244224443882001,0.32137229452988986,1.0094910168369433,0.9764636565600194,0.979567438275612,0.3167867263174414,0.3148058352853997,1.0029494073026373,1.0,1.0029494073026373
0.25292979964461443,2.9536662006812797,0.32515263682050105,0.32209793144821663,1.0094837782985748,0.9763123058521861,0.9794367675711753,0.31745052060814183,0.31547455681900327,1.002968744110352,1.0,1.002968744110352
0.25351286304979065,2.944573020752786,0.32588435879144145,0.3228251093498958,1.0094764916140084,0.9761599711503268,0.9793052242476968,0.31811526627619624,0.31614431610468696,1.0029882000510806,1.0,1.0029882000510806
0.25409727055493037,2.935500754557777,0.32661761248870935,0.32355383062225623,1.0094691565250855,0.9760066468328161,0.979172802962015,0.31878096076164536,0.3168151112394917,1.003007775779506,1.0,1.003007775779506
0.2546830252585039,2.9264493539960017,0.32735240009405103,0.324284097648201,1.0094617727730166,0.9758523272533463,0.9790394983425024,0.31944760146374823,0.31748694028194574,1.0030274719530967,1.0,1.0030274719530967
0.25527013026612466,2.9174187710778314,0.3280887237831773,0.3250159128061179,1.0094543400983953,0.9756970067409143,0.9789053049889755,0.32011518574069275,0.31815980125174315,1.003047289232111,1.0,1.003047289232111
0.2558585886905645,2.9084089579240215,0.3288265857256684,0.32574927846979007,1.0094468582412033,0.9755406795998106,0.9787702174726071,0.32078371090930397,0.31883369212942125,1.0030672282795987,1.0,1.0030672282795987
0.25644840365177163,2.899419866765436,0.3295659880848784,0.3264841970083052,1.0094393269408222,0.975383340109609,0.9786342303358379,0.32145317424475234,0.3195086108560368,1.0030872897614056,1.0,1.0030872897614056
0.2570395782768862,2.8904514499428084,0.330306933017839,0.32722067078596434,1.0094317459360425,0.9752249825251582,0.9784973380922893,0.3221235729802606,0.32018455533283946,1.0031074743461754,1.0,1.0031074743461754
0.25763211570025735,2.8815036599064854,0.33104942267516246,0.32795870216218975,1.0094241149650733,0.9750656010765743,0.9783595352266768,0.3227949043068102,0.3208615234209441,1.0031277827053526,1.0,1.0031277827053526
0.2582260190634596,2.8725764492161723,0.33179345920094433,0.32869829349143237,1.0094164337655518,0.9749051899692349,0.9782208161947246,0.32346716537284625,0.3215395129410021,1.0031482155131861,1.0,1.0031482155131861
0.2588212915153091,2.863669770540693,0.3325390447326648,0.329439447123078,1.0094087020745541,0.9747437433837757,0.9780811754230793,0.32414035328398255,0.32221852167286946,1.003168773446731,1.0,1.003168773446731
0.2594179362118813,2.8547835766577196,0.33328618140109,0.33018216540135303,1.0094009196286053,0.9745812554760866,0.9779406073092273,0.32481446510270506,0.3228985473552749,1.003189457185851,1.0,1.003189457185851
0.260015956316527,2.845917820453538,0.3340348713301721,0.3309264506652296,1.0093930861636897,0.9744177203773114,0.9777991062214094,0.32548949784807485,0.32357958768548484,1.0032102674132222,1.0,1.0032102674132222
0.26061535499988936,2.8370724549227906,0.3347851166369493,0.33167230524832925,1.0093852014152627,0.9742531321938477,0.9776566664985394,0.3261654484954305,0.3242616403189676,1.0032312048143328,1.0,1.0032312048143328
0.2612161354399206,2.828247433168227,0.3355369194314446,0.332419731478827,1.0093772651182595,0.9740874850073484,0.9775132824501208,0.32684231397608915,0.3249447028690559,1.003252270077488,1.0,1.003252270077488
0.26181830082189844,2.819442708400467,0.336290281816564,0.3331687316793531,1.0093692770071085,0.9739207728747261,0.9773689483561668,0.32752009117704745,0.3256287729066073,1.00327346389381,1.0,1.00327346389381
0.26242185433844406,2.810658233937732,0.3370452058879943,0.3339193081668956,1.009361236815741,0.9737529898281573,0.9772236584671191,0.3281987769406813,0.32631384795966306,1.003294786957241,1.0,1.003294786957241
0.26302679918953803,2.801893963205614,0.3378016937341,0.3346714632527008,1.0093531442776036,0.9735841298750896,0.9770774070037688,0.32887836806444526,0.32699992551310597,1.003316239964545,1.0,1.003316239964545
0.2636331385825378,2.793149849736822,0.3385597474358194,0.3354251992421739,1.009344999125669,0.9734141869982496,0.9769301881571777,0.3295588613005708,0.32768700300831577,1.0033378236153085,1.0,1.0033378236153085
0.2642408757321946,2.7844258471709336,0.33931936906656013,0.33618051843477803,1.0093368010924495,0.9732431551556534,0.9767819960886002,0.3302402533557646,0.32837507784282294,1.0033595386119432,1.0,1.0033595386119432
0.26485001386067,2.7757219092541616,0.3400805606920942,0.3369374231239333,1.0093285499100073,0.9730710282806179,0.976632824929407,0.33092254089090517,0.32906414736996187,1.0033813856596863,1.0,1.0033813856596863
0.2654605561975538,2.7670379898390904,0.3408433243704518,0.33769591559691436,1.009320245309968,0.972897800281774,0.9764826687810091,0.3316057205207397,0.3297542088985213,1.0034033654666028,1.0,1.0034033654666028
0.26607250597988075,2.7583740428844448,0.341607662151815,0.33845599813474747,1.009311887023532,0.9727234650430825,0.9763315217147829,0.3322897888135801,0.3304452596923937,1.0034254787435863,1.0,1.0034254787435863
0.266685866452148,2.749730022454835,0.3423735760784101,0.3392176730121067,1.0093034747814886,0.9725480164238501,0.9761793777719961,0.33297474229099794,0.33113729697022276,1.0034477262043593,1.0,1.0034477262043593
0.2673006408663311,2.7411058827205337,0.3431410681844004,0.3399809424972095,1.0092950083142287,0.972371448258749,0.9760262309637351,0.33366057742751953,0.33183031790504974,1.003470108565475,1.0,1.003470108565475
0.26791683248190307,2.7325015779572075,0.34391014049577656,0.340745808851711,1.0092864873517569,0.9721937543578361,0.9758720752708328,0.3343472906503199,0.33252431962395773,1.0034926265463175,1.0,1.0034926265463175
0.26853444456585057,2.7239170625456874,0.3446807950302479,0.34151227433059816,1.009277911623705,0.9720149285065761,0.975716904643798,0.3350348783389162,0.3332192992077148,1.0035152808691032,1.0,1.0035152808691032
0.2691534803926914,2.7153522909717283,0.34545303379713227,0.3422803411820823,1.0092692808593475,0.9718349644658656,0.9755607130027457,0.3357233368248615,0.33391525369041525,1.00353807225888,1.0,1.00353807225888
0.269773943244492,2.7068072178257605,0.34622685879724474,0.34305001164749144,1.009260594787613,0.9716538559720586,0.9754034942373282,0.3364126623914363,0.3346121800591193,1.0035610014435281,1.0,1.0035610014435281
0.2703958364108843,2.6982817978026628,0.3470022720227868,0.3438212879611617,1.0092518531370995,0.9714715967369945,0.9752452422066673,0.33710285127334155,0.33531007525349144,1.003584069153761,1.0,1.003584069153761
0.27101916318908414,2.689775985701505,0.3477792754572334,0.3445941723503274,1.0092430556360887,0.9712881804480281,0.975085950739289,0.3377938996563898,0.3360089361654374,1.003607276123124,1.0,1.003607276123124
0.2716439268839081,2.6812897364253168,0.34855787107522085,0.345368667035011,1.00923420201256,0.971103600768061,0.9749256136330572,0.33848580367719655,0.33670875963873914,1.0036306230879959,1.0,1.0036306230879959
0.272270130807791,2.6728230049808497,0.34933806084243246,0.34614477422791173,1.0092252919942053,0.970917851335575,0.9747642246551097,0.3391785594228709,0.3374095424686884,1.0036541107875867,1.0,1.0036541107875867
0.272897778280804,2.6643757464783335,0.3501198467154846,0.3469224961342935,1.009216325308444,0.9707309257646679,0.974601777541796,0.33987216293070593,0.3381112814017193,1.0036777399639385,1.0,1.0036777399639385
0.27352687263067116,2.65594791613125,0.3509032306418114,0.34770183495187196,1.0092073016824388,0.9705428176450911,0.974438265998615,0.3405666101878689,0.33881397313503875,1.0037015113619252,1.0,1.0037015113619252
0.27415741719278813,2.6475394692560794,0.35168821455954924,0.3484827928707009,1.0091982208431096,0.9703535205422888,0.9742736837001549,0.34126189713109045,0.3395176143162558,1.00372542572925,1.0,1.00372542572925
0.2747894153102395,2.639150361272074,0.35247480039742013,0.34926537207305736,1.009189082517151,0.9701630279974403,0.9741080242900345,0.34195801964635447,0.3402222015430097,1.003749483816447,1.0,1.003749483816447
0.2754228703338164,2.6307805477010167,0.35326299007461426,0.3500495747333263,1.0091798864310462,0.9699713335275028,0.9739412813808451,0.34265497356858654,0.34092773136259574,1.0037736863768776,1.0,1.0037736863768776
0.27605778562203453,2.622429984166987,0.35405278550067254,0.3508354030178843,1.0091706323110847,0.9697784306252576,0.9737734485540936,0.3433527546813432,0.34163420027159047,1.003798034166731,1.0,1.003798034166731
0.2766941645411511,2.614098626396134,0.35484418857536765,0.35162285908498214,1.0091613198833782,0.9695843127593582,0.9736045193601486,0.34405135871649994,0.3423416047154753,1.0038225279450224,1.0,1.0038225279450224
0.2773320104651839,2.605786430216426,0.35563720118858466,0.35241194508462687,1.0091519488738763,0.9693889733743796,0.9734344873181853,0.3447507813539398,0.3430499410882582,1.003847168473591,1.0,1.003847168473591
0.2779713267759287,2.5974933515574254,0.3564318252202011,0.35320266315846277,1.0091425190083847,0.9691924058908707,0.9732633459161343,0.3454510182212411,0.3437592057320948,1.0038719565170988,1.0,1.0038719565170988
0.27861211686297704,2.589219346450052,0.3572280625399662,0.3539950154396517,1.0091330300125814,0.9689946037054088,0.9730910886106304,0.34615206489336553,0.3444693949369076,1.0038968928430285,1.0,1.0038968928430285
0.27925438412373377,2.5809643710263606,0.35802591500737924,0.3547890040527521,1.009123481612034,0.9687955601906557,0.972917708826963,0.34685391689234607,0.3451805049400037,1.0039219782216817,1.0,1.0039219782216817
0.27989813196343616,2.5727283815192905,0.3588253844715672,0.35558463111359756,1.0091138735322178,0.9685952686954168,0.9727431999590288,0.34755656968697385,0.34589253192569175,1.0039472134261758,1.0,1.0039472134261758
0.2805433637951712,2.5645113342624444,0.35962647277116216,0.3563818987291745,1.0091042054985329,0.9683937225447016,0.9725675553692842,0.34826001869248646,0.346605472024897,1.0039725992324429,1.0,1.0039725992324429
0.28119008303989385,2.5563131856898558,0.36042918173417743,0.3571808089974983,1.0090944772363228,0.9681909150397872,0.9723907683887019,0.348964259270255,0.34731932131477555,1.003998136419226,1.0,1.003998136419226
0.28183829312644537,2.5481338923357546,0.36123351317788305,0.35798136400748987,1.0090846884708924,0.9679868394582836,0.9722128323167267,0.3496692867274712,0.34803407581832685,1.0040238257680774,1.0,1.0040238257680774
0.28248799749157066,2.5399734108343477,0.3620394689086809,0.3587835658388494,1.0090748389275275,0.9677814890542017,0.9720337404212346,0.35037509631683555,0.34874973150400507,1.0040496680633546,1.0,1.0040496680633546
0.2831391995799378,2.5318316979195714,0.36284705072197865,0.35958741656193155,1.009064928331511,0.967574857058023,0.9718534859384913,0.3510816832362437,0.34946628428532955,1.004075664092218,1.0,1.004075664092218
0.28379190284415545,2.5237087104248737,0.36365626040206356,0.3603929182376175,1.0090549564081457,0.9673669366767725,0.9716720620731154,0.35178904262847494,0.35018373002049347,1.0041018146446268,1.0,1.0041018146446268
0.2844461107447913,2.5156044052829842,0.3644670997219746,0.36120007291718753,1.0090449228827707,0.9671577210940938,0.9714894619980411,0.3524971695808788,0.3509020645119717,1.0041281205133366,1.0,1.0041281205133366
0.2851018267503909,2.5075187395256804,0.3652795704433752,0.36200888264219244,1.0090348274807817,0.9669472034703253,0.9713056788544823,0.35320605912506337,0.3516212835061273,1.0041545824938947,1.0,1.0041545824938947
0.2857590543374946,2.4994516702835736,0.36609367431642403,0.3628193494443234,1.0090246699276524,0.9667353769425807,0.9711207057519008,0.3539157062365826,0.3523413826928169,1.0041812013846367,1.0,1.0041812013846367
0.28641779699065795,2.491403154785863,0.36690941307964553,0.363631475345282,1.0090144499489517,0.9665222346248316,0.9709345357679738,0.3546261058346244,0.35306235770499483,1.0042079779866826,1.0,1.0042079779866826
0.2870780582024689,2.48337315036012,0.36772678845980017,0.36444526235664815,1.009004167270367,0.9663077696079908,0.9707471619485646,0.355337252781699,0.35378420411831624,1.0042349131039316,1.0,1.0042349131039316
0.2877398414735667,2.475361614432061,0.3685458021717533,0.3652607124797481,1.0089938216177228,0.9660919749600005,0.9705585773076941,0.3560491418833268,0.35450691745073903,1.004262007543059,1.0,1.004262007543059
0.28840315031266056,2.4673685045253166,0.3693664559183436,0.3660778277055211,1.0089834127170028,0.9658748437259218,0.9703687748275159,0.35676176788772773,0.35523049316212496,1.0042892621135102,1.0,1.0042892621135102
0.28906798823654745,2.4593937782612207,0.37018875139025087,0.36689661001438484,1.0089729402943706,0.9656563689280256,0.9701777474582913,0.35747512548550925,0.35595492665383904,1.0043166776274965,1.0,1.0043166776274965
0.28973435877013215,2.4514373933585643,0.37101269026586287,0.3677170613761008,1.0089624040761909,0.9654365435658898,0.9699854881183668,0.3581892093093567,0.35668021326834853,1.0043442548999904,1.0,1.0043442548999904
0.2904022654464449,2.443499307633387,0.3718382742111418,0.3685391837496377,1.008951803789052,0.9652153606164938,0.9697919896941544,0.35890401393372195,0.3574063482888207,1.004371994748719,1.0,1.004371994748719
0.2910717118066605,2.435579478998746,0.3726655048794895,0.3693629790830348,1.0089411391597864,0.9649928130343209,0.9695972450401132,0.35961953387451406,0.3581333269387195,1.0043998979941604,1.0,1.0043998979941604
0.2917427014001166,2.4276778654645046,0.3734943839116129,0.37018844931326383,1.0089304099154954,0.9647688937514596,0.9694012469787331,0.3603357635887897,0.3588611443814015,1.004427965459536,1.0,1.004427965459536
0.2924152377843334,2.41979442513709,0.37432491293538733,0.3710155963660901,1.008919615783569,0.9645435956777084,0.9692039883005206,0.36105269747444363,0.35958979571971067,1.004456197970806,1.0,1.004456197970806
0.2930893245250319,2.4119291162192873,0.3751570935657208,0.3718444221559329,1.0089087564917103,0.9643169117006853,0.9690054617639858,0.36177032986990093,0.36031927599557223,1.0044845963566622,1.0,1.0044845963566622
0.29376496519615286,2.4040818970100113,0.37599092740441614,0.3726749285857243,1.0088978317679587,0.9640888346859372,0.9688056600956335,0.3624886550538084,0.3610495801895857,1.0045131614485228,1.0,1.0045131614485228
0.2944421633798761,2.3962527259040844,0.376826416040033,0.3735071175467682,1.008886841340712,0.9638593574770536,0.9686045759899549,0.3632076672447271,0.3617807032206176,1.004541894080525,1.0,1.004541894080525
0.2951209226666385,2.3884415613920265,0.37766356104774945,0.3743409909185968,1.0088757849387517,0.9636284728957832,0.9684022021094209,0.3639273606008262,0.36251263994539185,1.0045707950895182,1.0,1.0045707950895182
0.29580124665515445,2.3806483620598176,0.3785023639892225,0.375176550568828,1.0088646622912654,0.9633961737421521,0.9681985310844797,0.3646477292195763,0.3632453851580813,1.0045998653150574,1.0,1.0045998653150574
0.29648313895243406,2.372873086588691,0.3793428264124478,0.3760137983530201,1.0088534731278724,0.9631624527945857,0.9679935555135551,0.365368767137444,0.3639789335898969,1.0046291055993954,1.0,1.0046291055993954
0.2971666031738024,2.36511569375491,0.38018494985161894,0.3768527361145269,1.008842217178647,0.9629273028100336,0.9677872679630473,0.3660904683295873,0.3647132799086772,1.0046585167874762,1.0,1.0046585167874762
0.29785164294291894,2.357376142429547,0.38102873582698604,0.37769336568435097,1.0088308941741448,0.962690716524097,0.9675796609673358,0.36681282670955206,0.3654484187184763,1.0046880997269256,1.0,1.0046880997269256
0.2985382618917959,2.3496543915782775,0.38187418584471317,0.3785356888809964,1.0088195038454255,0.9624526866511586,0.9673707270287853,0.367535836128968,0.3661843445591516,1.0047178552680456,1.0,1.0047178552680456
0.2992264636608188,2.341950400261144,0.38272130139673594,0.3793797075103207,1.008808045924081,0.962213205884516,0.9671604586177541,0.36825949037724737,0.36692105190595115,1.004747784263804,1.0,1.004747784263804
0.29991625189876486,2.334264127632352,0.3835700839606175,0.38022542336538506,1.0087965201422586,0.9619722668965178,0.9669488481726035,0.3689837831812829,0.36765853516909963,1.004777887569827,1.0,1.004777887569827
0.30060763026282283,2.326595532940048,0.3844205349994043,0.3810728382263049,1.0087849262326887,0.9617298623387026,0.9667358880997111,0.3697087082051475,0.3683967886933844,1.004808166044391,1.0,1.004808166044391
0.30130060241861206,2.3189445755261047,0.38527265596148136,0.381921953860098,1.0087732639287104,0.9614859848419414,0.9665215707734861,0.3704342590497954,0.36913580675774077,1.0048386205484126,1.0,1.0048386205484126
0.3019951720402015,2.3113112148259125,0.38612644828042625,0.3827727720205328,1.0087615329642976,0.9612406270165816,0.9663058885363864,0.3711604292527626,0.36987558357483663,1.0048692519454396,1.0,1.0048692519454396
0.3026913428101304,2.30369541036815,0.38698191337486293,0.38362529444797516,1.0087497330740869,0.9609937814525965,0.9660888336989399,0.37188721228787064,0.37061611329065675,1.004900061101643,1.0,1.004900061101643
0.30338911841942684,2.29609712177458,0.38783905264831464,0.3844795228692344,1.008737863993404,0.960745440719735,0.9658703985397666,0.37261460156492954,0.3713573899840868,1.0049310488858048,1.0,1.0049310488858048
0.3040885025676279,2.2885163087598306,0.3886978674890562,0.38533545899740856,1.0087259254582908,0.9604955973676764,0.9656505753056042,0.37334259042944296,0.37209940766649663,1.0049622161693106,1.0,1.0049622161693106
0.3047894989627982,2.2809529311311914,0.38955835926996546,0.3861931045317278,1.0087139172055342,0.960244243926188,0.9654293562113366,0.3740711721623143,0.3728421602813234,1.0049935638261376,1.0,1.0049935638261376
0.3054921113215512,2.2734069487883835,0.39042052934837435,0.3870524611573982,1.0087018389726927,0.9599913729052845,0.9652067334400245,0.3748003399795538,0.3735856417036543,1.0050250927328455,1.0,1.0050250927328455
0.30619634336906754,2.2658783217233602,0.3912843790659192,0.3879135305454436,1.0086896904981268,0.9597369767953919,0.9649826991429385,0.3755300870319874,0.3743298457398089,1.0050568037685645,1.0,1.0050568037685645
0.3069021988391155,2.2583670100200903,0.39214990974839015,0.38877631435254667,1.0086774715210254,0.9594810480675146,0.9647572454395962,0.3762604064049666,0.3750747661269215,1.0050886978149858,1.0,1.0050886978149858
0.3076096814740708,2.2508729738543436,0.39301712270558,0.3896408142208894,1.0086651817814356,0.9592235791734041,0.9645303644178008,0.37699129111807933,0.3758203965325231,1.0051207757563485,1.0,1.0051207757563485
0.30831879502493537,2.243396173493493,0.3938860192311328,0.3905070317779921,1.0086528210202925,0.958964562545733,0.964302048133683,0.37772273412486346,0.37656673055412304,1.00515303847943,1.0,1.00515303847943
0.3090295432513589,2.2359365692962845,0.39475660060239104,0.39137496863655175,1.0086403889794486,0.958703990598271,0.9640722886117464,0.37845472831252014,0.37731376171879094,1.005185486873533,1.0,1.005185486873533
0.30974192992165783,2.2284941217126373,0.3956288680802428,0.3922446263942794,1.0086278854017023,0.9584418557260638,0.9638410778449142,0.37918726650163,0.378061483482738,1.0052181218304743,1.0,1.0052181218304743
0.31045595881283533,2.221068791283437,0.3965028229089678,0.3931160066337366,1.0086153100308295,0.9581781503056167,0.9636084077945805,0.3799203414458703,0.37880988923089864,1.005250944244571,1.0,1.005250944244571
0.31117163371060175,2.2136605386403176,0.39737846631608353,0.3939891109221704,1.0086026626116138,0.9579128666950795,0.963374270390664,0.3806539458317337,0.37955897227651236,1.0052839550126298,1.0,1.0052839550126298
0.3118889584093936,2.2062693245054663,0.3982557995121896,0.39486394081134846,1.0085899428898768,0.957645997234437,0.9631386575316647,0.3813880722782488,0.38030872586070485,1.0053171550339326,1.0,1.0053171550339326
0.31260793671239534,2.1988951096914,0.39913482369081243,0.3957404978373918,1.0085771506125092,0.9573775342457007,0.9629015610847236,0.3821227133367025,0.38105914315207023,1.0053505452102245,1.0,1.0053505452102245
0.31332857243155837,2.1915378551007634,0.40001554002824896,0.39661878352060786,1.0085642855275023,0.9571074700331057,0.9626629728856846,0.3828578614903639,0.38181021724625214,1.005384126445699,1.0,1.005384126445699
0.31405086938762145,2.184197521726128,0.40089794968340964,0.39749879936532156,1.0085513473839807,0.9568357968833091,0.9624228847391622,0.38359350915421003,0.3825619411655262,1.0054178996469856,1.0,1.0054178996469856
0.3147748314101315,2.176874070649771,0.4017820537976608,0.3983805468597065,1.0085383359322317,0.9565625070655939,0.9621812884186091,0.38432964867465375,0.38331430785838244,1.005451865723135,1.0,1.005451865723135
0.31550046233746254,2.1695674630434922,0.4026678534946666,0.39926402747561396,1.0085252509237401,0.9562875928320741,0.9619381756663895,0.385066272329273,0.3840673101991073,1.0054860255856046,1.0,1.0054860255856046
0.3162277660168378,2.162277660168381,0.4035553498802301,0.40014924266840196,1.0085120921112194,0.9560110464179052,0.9616935381938544,0.38580337232654266,0.38482094098736674,1.0055203801482444,1.0,1.0055203801482444
0.31695674630434884,2.155004623374629,0.404444544042134,0.4010361938767627,1.008498859248646,0.9557328600414969,0.9614473676814205,0.3865409408055679,0.3855751929477893,1.0055549303272817,1.0,1.0055549303272817
0.31768740706497706,2.147748314101316,0.4053354370499803,0.40192488252254965,1.0084855520912899,0.9554530259047297,0.9611996557786524,0.3872789698358198,0.38633005872955,1.0055896770413062,1.0,1.0055896770413062
0.31841975217261237,2.1405086938762183,0.40622802995503016,0.40281531001060283,1.0084721703957515,0.9551715361931751,0.9609503941043489,0.38801745141687327,0.38708553090595427,1.005624621211254,1.0,1.005624621211254
0.319153785510076,2.133285724315587,0.4071223237900421,0.4037074777285741,1.008458713919993,0.9548883830763193,0.9606995742466309,0.388756377478147,0.3878416019740224,1.0056597637603917,1.0,1.0056597637603917
0.3198895109691396,2.126079367123957,0.40801831956911055,0.40460138704675086,1.0084451824233733,0.9546035587077902,0.960447187763035,0.38949573987864533,0.3885982643540751,1.005695105614301,1.0,1.005695105614301
0.3206269324505463,2.1188895840939397,0.4089160182875032,0.4054970393178788,1.0084315756666824,0.9543170552255883,0.9601932261806088,0.39023553040670284,0.3893555103893192,1.0057306477008616,1.0,1.0057306477008616
0.3213660538640317,2.1117163371060177,0.4098154209214982,0.40639443587698415,1.0084178934121766,0.9540288647523208,0.9599376809960106,0.39097574077973146,0.3901133323454341,1.0057663909502341,1.0,1.0057663909502341
0.32210687912834335,2.1045595881283568,0.4107165284282204,0.40729357804119465,1.0084041354236122,0.9537389793954397,0.9596805436756133,0.39171636264396903,0.3908717224101595,1.0058023362948436,1.0,1.0058023362948436
0.3228494121712634,2.0974192992165817,0.41161934174547715,0.4081944671095592,1.008390301466283,0.9534473912474833,0.95942180565561,0.3924573875742315,0.39163067269288276,1.0058384846693615,1.0,1.0058384846693615
0.32359365692962805,2.0902954325135927,0.41252386179159367,0.40909710436286756,1.008376391307054,0.9531540923863211,0.9591614583421252,0.3931988070736666,0.39239017522422864,1.005874837010689,1.0,1.005874837010689
0.32433961734934896,2.083187950249357,0.41343008946524773,0.4100014910634682,1.0083624047143984,0.9528590748754034,0.9588994931113285,0.3939406125735112,0.3931502219556486,1.0059113942579372,1.0,1.0059113942579372
0.32508729738543435,2.0760968147407084,0.4143380256453038,0.41090762845508555,1.0083483414584338,0.9525623307640129,0.9586359013095533,0.39468279543284995,0.393910804759012,1.00594815735241,1.0,1.00594815735241
0.3258367010020087,2.0690219883911585,0.4152476711906466,0.4118155177626363,1.0083342013109582,0.9522638520875214,0.9583706742534173,0.3954253469383776,0.3946719154261979,1.0059851272375853,1.0,1.0059851272375853
0.32658783217233567,2.0619634336906785,0.41615902694001405,0.41272516019204475,1.008319984045488,0.95196363086765,0.9581038032299487,0.39616825830416397,0.3954335456686879,1.006022304859095,1.0,1.006022304859095
0.32734069487883793,2.0549211132155154,0.41707209371183,0.41363655693005724,1.0083056894372944,0.9516616591127323,0.9578352794967158,0.3969115206714211,0.3961956871171606,1.0060596911647066,1.0,1.0060596911647066
0.32809529311311875,2.0478949896279857,0.4179868723040361,0.41454970914405564,1.0082913172634407,0.9513579288179819,0.9575650942819598,0.39765512510827405,0.39695833132108665,1.0060972871043024,1.0,1.0060972871043024
0.32885163087598296,2.04088502567628,0.41890336349392304,0.41546461798186995,1.0082768673028208,0.951052431965764,0.957293238784732,0.39839906260953395,0.39772146974832573,1.0061350936298605,1.0,1.0061350936298605
0.32960971217745766,2.0338911841942715,0.41982156803796195,0.4163812845715897,1.0082623393361974,0.9507451605258698,0.9570197041750358,0.39914332409647446,0.39848509378472413,1.006173111695433,1.0,1.006173111695433
0.3303695410368146,2.0269134281013073,0.4207414866716344,0.4172997100213749,1.0082477331462398,0.9504361064557958,0.956744481593971,0.3998879004166113,0.39924919473371473,1.006211342257127,1.0,1.006211342257127
0.33113112148259083,2.0199517204020188,0.4216631201092625,0.41821989541926563,1.0082330485175628,0.9501252617010261,0.9564675621538837,0.4006327823434842,0.4000137638159172,1.0062497862730815,1.0,1.0062497862730815
0.3318944575526104,2.0130060241861214,0.4225864690438382,0.4191418418329911,1.0082182852367663,0.9498126181953191,0.9561889369385204,0.40137796057644315,0.4007787921687412,1.0062884447034468,1.0,1.0062884447034468
0.33265955329400443,2.0060763026282316,0.4235115341468523,0.4200655503097772,1.008203443092474,0.9494981678609975,0.9559085970031845,0.4021234257404365,0.40154427084598976,1.006327318510363,1.0,1.006327318510363
0.3334264127632348,1.999162518987652,0.42443831606812304,0.4209910218761542,1.0081885218753737,0.9491819026092427,0.9556265333748989,0.40286916838580417,0.4023101908174655,1.0063664086579367,1.0,1.0063664086579367
0.33419504002611405,1.992264636608191,0.42536681543562366,0.4219182575377622,1.008173521378256,0.9488638143403931,0.9553427370525724,0.40361517898807187,0.40307654296857787,1.0064057161122193,1.0,1.0064057161122193
0.3349654391578274,1.9853826189179622,0.4262970328553105,0.4228472582791566,1.0081584413960571,0.9485438949442455,0.9550571990071693,0.40436144794775125,0.4038433180999524,1.0064452418411838,1.0,1.0064452418411838
0.3357376142429546,1.97851642942919,0.4272289689109494,0.4237780250636128,1.0081432817258955,0.9482221363003611,0.9547699101818852,0.405107965590141,0.40461050692704226,1.006484986814701,1.0,1.006484986814701
0.33651156937549065,1.9716660317380268,0.42816262416394285,0.42471055883292896,1.008128042167117,0.9478985302783756,0.9544808614923251,0.4058547221651339,0.4053781000797409,1.0065249520045165,1.0,1.0065249520045165
0.33728730865886875,1.9648313895243437,0.42909799915315566,0.42564486050722916,1.0081127225213327,0.9475730687383129,0.9541900438266886,0.4066017078470257,0.40614608810199776,1.0065651383842258,1.0,1.0065651383842258
0.3380648362059814,1.9580124665515477,0.430035094394741,0.4265809309847646,1.008097322592462,0.9472457435309029,0.9538974480459561,0.40734891273432844,0.40691446145143506,1.0066055469292507,1.0,1.0066055469292507
0.33884415613920227,1.9512092266663883,0.4309739103819657,0.4275187711417147,1.0080818421867743,0.9469165464979024,0.9536030649840829,0.4080963268495874,0.40768321049896783,1.0066461786168137,1.0,1.0066461786168137
0.33962527259040837,1.9444216337987617,0.43191444758503483,0.4284583818319869,1.00806628111293,0.9465854694724215,0.9533068854481956,0.4088439401392018,0.40845232552842525,1.006687034425913,1.0,1.006687034425913
0.3404081897010008,1.9376496519615318,0.43285670645091645,0.4293997638870158,1.008050639182024,0.9462525042792536,0.9530089002187945,0.4095917424732494,0.4092217967361749,1.006728115337297,1.0,1.006728115337297
0.34119291162192833,1.9308932452503225,0.43380068740316563,0.430342918115561,1.0080349162076279,0.945917642735208,0.9527091000499589,0.41033972364531524,0.4099916142307493,1.0067694223334382,1.0,1.0067694223334382
0.3419794425137086,1.9241523778433378,0.434746390841748,0.4312878453035049,1.0080191120058328,0.9455808766494485,0.9524074756695602,0.41108787337232383,0.4107617680324749,1.0068109563985073,1.0,1.0068109563985073
0.34276778654645007,1.917427014001169,0.4356938171428632,0.4322345462136487,1.008003226395293,0.9452421978238341,0.9521040177794754,0.4118361812943757,0.4115322480731033,1.0068527185183445,1.0,1.0068527185183445
0.34355794789987454,1.9107171180666058,0.43664296665876756,0.4331830215855087,1.0079872591972672,0.9449015980532661,0.9517987170558092,0.41258463697458847,0.4123030441954461,1.0068947096804353,1.0,1.0068947096804353
0.34434993076333836,1.9040226544644514,0.437593839717597,0.4341332721351102,1.0079712102356666,0.9445590691260365,0.9514915641491196,0.41333322989894145,0.4130741461530114,1.00693693087388,1.0,1.00693693087388
0.34514373933585607,1.8973435877013247,0.4385464366231889,0.43508529855478223,1.0079550793370944,0.9442146028241835,0.9511825496846474,0.4140819494761252,0.4138455436096438,1.0069793830893679,1.0,1.0069793830893679
0.34593937782612166,1.890679882365478,0.43950075765490426,0.4360391015129502,1.007938866330893,0.9438681909238474,0.9508716642625517,0.4148307850373948,0.4146172261391667,1.0070220673191475,1.0,1.0070220673191475
0.3467368504525316,1.8840315031266064,0.44045680306744905,0.43699468165392846,1.0079225710491881,0.9435198251956345,0.9505588984581502,0.41557972583642755,0.41538918322502827,1.0070649845569977,1.0,1.0070649845569977
0.34753616144320576,1.8773984147356697,0.44141457309069543,0.43795203959771173,1.007906193326932,0.9431694974049821,0.9502442428221648,0.416328761049186,0.4161614042599503,1.0071081357982,1.0,1.0071081357982
0.3483373150360116,1.8707805820246923,0.4423740679295028,0.43891117593976575,1.007889733001951,0.9428171993125285,0.9499276878809707,0.4170778797737841,0.4169338785455796,1.0071515220395069,1.0,1.0071515220395069
0.3491403154785859,1.8641779699065824,0.4433352877635381,0.43987209125081717,1.0078731899149886,0.942462922674489,0.9496092241368531,0.4178270710303597,0.41770659529214355,1.007195144279113,1.0,1.007195144279113
0.349945167028357,1.857590543374949,0.4442982327470965,0.4408347860766428,1.0078565639097536,0.9421066592430317,0.9492888420682662,0.41857632376095005,0.4184795436181081,1.0072390035166248,1.0,1.0072390035166248
0.35075187395256796,1.8510182675039095,0.4452629030089212,0.44179926093785776,1.0078398548329637,0.9417484007666627,0.9489665321301,0.41932562682937313,0.41925271254984003,1.0072831007530285,1.0,1.0072831007530285
0.35156044052829805,1.8444611074479162,0.44622929865202315,0.442765516329703,1.0078230625343931,0.9413881389906109,0.9486422847539503,0.4200749690211136,0.420026091021272,1.0073274369906597,1.0,1.0073274369906597
0.352370871042487,1.8379190284415574,0.4471974197535007,0.44373355272183235,1.0078061868669188,0.9410258656572197,0.9483160903483953,0.42082433904321304,0.4207996678735716,1.0073720132331714,1.0,1.0073720132331714
0.35318316979195674,1.8313919957993807,0.4481672663643588,0.4447033705580983,1.0077892276865663,0.9406615725063413,0.9479879392992763,0.42157372552416605,0.42157343185481405,1.0074168304855016,1.0,1.0074168304855016
0.3539973410834344,1.8248799749157096,0.4491388385093279,0.4456749702563372,1.0077721848525585,0.9402952512757365,0.9476578219699852,0.4223231170138209,0.4223473716196584,1.007461889753841,1.0,1.007461889753841
0.3548133892335754,1.8183829312644542,0.45011213618668294,0.4466483522081541,1.0077550582273604,0.9399268937014778,0.9473257287017559,0.42307250198328544,0.4231214757290281,1.0075071920455991,1.0,1.0075071920455991
0.3556313185689852,1.8119008303989412,0.45108715936806204,0.4476235167787064,1.0077378476767296,0.9395564915183556,0.9469916498139621,0.42382186882483774,0.4238957326497949,1.0075527383693719,1.0,1.0075527383693719
0.35645113342624407,1.8054336379517149,0.45206390799828444,0.4486004643064867,1.0077205530697613,0.9391840364602919,0.9466555756044203,0.4245712058518428,0.42467013075446736,1.007598529734907,1.0,1.007598529734907
0.3572728381519287,1.7989813196343643,0.4530423819951691,0.44957919510310557,1.0077031742789373,0.9388095202607538,0.9463174963496978,0.4253205012986739,0.42544465832088313,1.0076445671530698,1.0,1.0076445671530698
0.3580964371026357,1.7925438412373405,0.4540225812493526,0.450559709453073,1.0076857111801742,0.938432934653175,0.9459774023054273,0.4260697433206395,0.42621930353190607,1.0076908516358076,1.0,1.0076908516358076
0.35892193464500516,1.7861211686297707,0.45500450562410694,0.4515420076135793,1.0076681636528726,0.9380542713713785,0.9456352837066261,0.4268189199939159,0.4269940544751266,1.007737384196116,1.0,1.007737384196116
0.35974933515574214,1.77971326775929,0.4559881549551576,0.45252608981427556,1.0076505315799646,0.9376735221500057,0.9452911307680213,0.42756801931548516,0.4277688991425677,1.007784165848001,1.0,1.007784165848001
0.3605786430216422,1.7733201046518419,0.45697352905050054,0.45351195625705315,1.0076328148479625,0.9372906787249481,0.9449449336843811,0.42831702920307846,0.42854382543039504,1.007831197606445,1.0,1.007831197606445
0.361409862639613,1.7669416454115137,0.4579606276902202,0.45449960711582266,1.0076150133470094,0.9369057328337843,0.9445966826308511,0.4290659374951256,0.42931882113863123,1.0078784804873684,1.0,1.0078784804873684
0.3622429984166986,1.7605778562203458,0.4589494506263066,0.45548904253629224,1.0075971269709274,0.9365186762162203,0.9442463677632961,0.42981473195071024,0.4300938739708754,1.0079260155075933,1.0,1.0079260155075933
0.36307805477010124,1.7542287033381672,0.45993999758247234,0.4564802626357453,1.0075791556172666,0.9361295006145346,0.9438939792186497,0.4305634002495301,0.4308689715340279,1.0079738036848054,1.0,1.0079738036848054
0.363915036127207,1.747894153102398,0.4609322682539705,0.4574732675028175,1.0075610991873567,0.9357381977740263,0.9435395071152667,0.4313119299918644,0.431644101338019,1.0080218460375163,1.0,1.0080218460375163
0.3647539469256076,1.7415741719278839,0.4619262623074109,0.4584680571972731,1.0075429575863555,0.9353447594434697,0.9431829415532836,0.43206030869854634,0.43241925079554316,1.0080701435850252,1.0,1.0080701435850252
0.36559479161312464,1.735268726306714,0.4629219793805778,0.45946463174978086,1.007524730723299,0.9349491773755702,0.9428242726149848,0.4328085238109418,0.43319440722179897,1.0081186973473786,1.0,1.0081186973473786
0.3664375746478332,1.728977782808041,0.4639194190822464,0.4604629911616892,1.0075064185111533,0.9345514433274259,0.9424634903651734,0.43355656269093434,0.4339695578342336,1.0081675083453323,1.0,1.0081675083453323
0.3672823004980846,1.7227013080779128,0.46491858099200023,0.46146313540480083,1.0074880208668635,0.9341515490609943,0.9421005848515493,0.43430441262091635,0.4347446897522926,1.0082165776003105,1.0,1.0082165776003105
0.3681289736425313,1.7164392688390837,0.46591946466004786,0.46246506442114677,1.007469537711405,0.9337494863435603,0.9417355461050934,0.4350520608037863,0.43551978999717583,1.0082659061343655,1.0,1.0082659061343655
0.36897759857015006,1.7101916318908446,0.46692206960703986,0.46346877812276,1.0074509689698345,0.9333452469482112,0.9413683641404563,0.43579949436295246,0.4362948454915987,1.0083154949701372,1.0,1.0083154949701372
0.3698281797802659,1.7039583641088463,0.4679263953238861,0.46447427639144845,1.007432314571342,0.9329388226543139,0.9409990289563547,0.43654670034234333,0.4370698430595585,1.0083653451308108,1.0,1.0083653451308108
0.37068072178257594,1.6977394324449206,0.468932441271572,0.46548155907856703,1.0074135744492996,0.9325302052479978,0.940627530535974,0.43729366570642375,0.4378447694261076,1.0084154576400757,1.0,1.0084154576400757
0.3715352290971724,1.691534803926917,0.4699402068809767,0.46649062600479,1.0073947485413164,0.9321193865226399,0.9402538588473752,0.4380403773402185,0.43861961121713156,1.0084658335220822,1.0,1.0084658335220822
0.3723917062545683,1.685344445658509,0.4709496915526891,0.46750147695988226,1.0073758367892873,0.931706358279356,0.9398780038439103,0.43878682204934194,0.439394354959134,1.0085164738013992,1.0,1.0085164738013992
0.3732501577957203,1.6791683248190337,0.4719608946568257,0.46851411170247,1.0073568391394465,0.9312911123274943,0.9394999554646423,0.4395329865600346,0.44016898707902696,1.008567379502971,1.0,1.008567379502971
0.374110588272053,1.6730064086633134,0.4729738155328478,0.46952852995981154,1.0073377555424186,0.9308736404851343,0.9391197036347727,0.44027885751920637,0.44094349390392873,1.0086185516520727,1.0,1.0086185516520727
0.37497300224548347,1.66685866452148,0.47398845348937846,0.4705447314275671,1.0073185859532707,0.9304539345795891,0.9387372382660739,0.4410244214944868,0.4417178616609658,1.0086699912742656,1.0,1.0086699912742656
0.37583740428844403,1.6607250597988106,0.47500480780402066,0.4715627157695684,1.0072993303315656,0.930031986447912,0.9383525492573297,0.44176966497428194,0.44249207647708405,1.0087216993953534,1.0,1.0087216993953534
0.37670379898390866,1.6546055619755409,0.4760228777231746,0.4725824826175877,1.0072799886414132,0.9296077879374067,0.93796562649478,0.442514574367839,0.4432661243788641,1.0087736770413356,1.0,1.0087736770413356
0.3775721909254158,1.6485001386067024,0.4770426624618553,0.47360403157110664,1.007260560851523,0.9291813309061427,0.9375764598525744,0.4432591360053165,0.44403999129234506,1.0088259252383618,1.0,1.0088259252383618
0.3784425847170933,1.6424087573219466,0.47806416120351103,0.4746273621970844,1.0072410469352577,0.9287526072234733,0.9371850391932303,0.4440033361378637,0.444813663042854,1.0088784450126858,1.0,1.0088784450126858
0.3793149849736818,1.6363313858253807,0.47908737309984134,0.4756524740297256,1.0072214468706855,0.9283216087705584,0.9367913543680981,0.44474716093770544,0.4455871253548433,1.0089312373906179,1.0,1.0089312373906179
0.38018939632056103,1.630267991895383,0.4801122972706153,0.4766793665702481,1.0072017606406323,0.9278883274408909,0.9363953952178334,0.445490596498235,0.446360363851734,1.0089843033984778,1.0,1.0089843033984778
0.3810658233937728,1.6242185433844432,0.48113893280348996,0.47770803928664984,1.007181988232736,0.9274527551408284,0.9359971515728748,0.44623362883411466,0.4471333640557672,1.0090376440625457,1.0,1.0090376440625457
0.38194427084004623,1.6181830082189879,0.48216727875382975,0.4787384916134759,1.0071621296394988,0.9270148837901256,0.9355966132539292,0.44697624388138263,0.4479061113878626,1.0090912604090156,1.0,1.0090912604090156
0.38282474331682265,1.6121613543992064,0.4831973341445251,0.4797707229515849,1.007142184858341,0.9265747053224751,0.9351937700724632,0.44771842749756885,0.44867859116748393,1.009145153463944,1.0,1.009145153463944
0.38370724549227864,1.6061535499988966,0.48422909796581176,0.4808047326679156,1.0071221538916533,0.9261322116860485,0.9347886118312008,0.4484601654618175,0.4494507886125124,1.0091993242532016,1.0,1.0091993242532016
0.3845917820453534,1.6001595631652732,0.48526256917509086,0.4818405200952525,1.007102036746851,0.9256873948440426,0.9343811283246284,0.4492014434750169,0.4502226888391278,1.0092537738024232,1.0,1.0092537738024232
0.38547835766577154,1.5941793621188158,0.4862977466967486,0.4828780845319915,1.0070818334364282,0.9252402467752301,0.9339713093395067,0.44994224715993797,0.4509942768616971,1.0093085031369557,1.0,1.0093085031369557
0.38636697705406886,1.5882129151530937,0.48733462942197636,0.4839174252419057,1.0070615439780093,0.9247907594745137,0.9335591446553877,0.45068256206138024,0.45176553759267096,1.0093635132818088,1.0,1.0093635132818088
0.38725764492161713,1.5822601906345968,0.4883732162085919,0.48495854145391015,1.0070411683944045,0.9243389249534836,0.9331446240451411,0.45142237364632504,0.45253645584248897,1.0094188052616015,1.0,1.0094188052616015
0.3881503659906481,1.5763211570025764,0.4894135058808599,0.48600143236182747,1.007020706713663,0.9238847352409791,0.9327277372754843,0.4521616673040976,0.45330701631949166,1.0094743801005106,1.0,1.0094743801005106
0.3890451449942804,1.5703957827688653,0.49045549722931336,0.4870460971241519,1.007000158969126,0.9234281823836549,0.9323084741075225,0.45290042834653654,0.4540772036298423,1.009530238822218,1.0,1.009530238822218
0.3899419866765431,1.5644840365177193,0.4914991890105756,0.48809253486381476,1.0069795251994815,0.9229692584465488,0.9318868242972923,0.45363864200817106,0.4548470022774558,1.009586382449857,1.0,1.009586382449857
0.39084089579240167,1.558585886905648,0.49254457994718237,0.48914074466794827,1.0069588054488179,0.9225079555136564,0.9314627775963147,0.4543762934464079,0.45561639666393683,1.0096428120059577,1.0,1.0096428120059577
0.391741877107783,1.5527013026612475,0.49359166872740445,0.4901907255876502,1.0069379997666768,0.9220442656885067,0.931036323752154,0.4551133677417243,0.4563853710885267,1.0096995285123938,1.0,1.0096995285123938
0.3926449353995997,1.5468302525850417,0.49464045400507084,0.4912424766377483,1.0069171082081085,0.9215781810947425,0.9306074525089831,0.45584984989787086,0.4571539097480586,1.0097565329903264,1.0,1.0097565329903264
0.39355007545577725,1.5409727055493065,0.4956909343993922,0.49229599679656394,1.0068961308337252,0.9211096938767053,0.9301761536081568,0.45658572484208215,0.4579219967369213,1.0098138264601493,1.0,1.0098138264601493
0.3944573020752781,1.5351286304979093,0.496743108494785,0.49335128500567665,1.0068750677097542,0.9206387962000218,0.9297424167887905,0.45732097742529565,0.45868961604703323,1.0098714099414319,1.0,1.0098714099414319
0.3953666200681279,1.5292979964461448,0.49779697484069596,0.49440834016968804,1.006853918908093,0.9201654802521958,0.9293062317883479,0.45805559242237925,0.4594567515678245,1.0099292844528631,1.0,1.0099292844528631
0.39627803425543934,1.5234807724805757,0.49885253195142754,0.49546716115598577,1.0068326845063622,0.9196897382432033,0.9288675883432332,0.45878955453236764,0.4602233870862286,1.0099874510121938,1.0,1.0099874510121938
0.39719154946944013,1.5176769277588567,0.4999097783059631,0.4965277467945075,1.00681136458796,0.9192115624060904,0.9284264761893926,0.4595228483787066,0.46098950628668356,1.010045910636179,1.0,1.010045910636179
0.398107170553497,1.511886431509582,0.5009687123477936,0.49759009587750475,1.0067899592421161,0.9187309449975748,0.9279828850629207,0.46025545850950667,0.4617550927511422,1.0101046643405192,1.0,1.0101046643405192
0.3990249023621418,1.5061092530321156,0.5020293324847442,0.4986542071593074,1.0067684685639453,0.9182478782986525,0.9275368047006759,0.46098736939780516,0.4625201299590929,1.0101637131398018,1.0,1.0101637131398018
0.39994474976109745,1.5003453616964317,0.5030916370888016,0.4997200793560873,1.006746892654501,0.9177623546152053,0.9270882248409013,0.46171856544183687,0.4632846012875893,1.0102230580474412,1.0,1.0102230580474412
0.4008667176273027,1.4945947269429554,0.5041556244959422,0.5007877111456228,1.0067252316208295,0.9172743662786134,0.9266371352238528,0.4624490309653139,0.4640484900112902,1.0102827000756187,1.0,1.0102827000756187
0.40179081084893975,1.4888573182823919,0.5052212930059612,0.5018571011670627,1.0067034855760237,0.916783905646371,0.9261835255924354,0.4631787502177147,0.4648117793025097,1.0103426402352218,1.0,1.0103426402352218
0.4027170343254588,1.4831331052955719,0.5062886408823014,0.5029282480206911,1.0066816546392758,0.916290965102706,0.9257273856928449,0.4639077073745813,0.4655744522312771,1.010402879535783,1.0,1.010402879535783
0.4036453929676046,1.4774220576332877,0.5073576663518838,0.5040011502676918,1.0066597389359315,0.9157955370592006,0.9252687052752178,0.46463588653782617,0.46633649176540765,1.0104634189854174,1.0,1.0104634189854174
0.4045758916974426,1.4717241450161307,0.5084283676049381,0.5050758064299122,1.006637738597545,0.9152976139554179,0.9248074740942879,0.46536327173604797,0.4670978807705826,1.010524259590761,1.0,1.010524259590761
0.40550853544838367,1.4660393372343403,0.5095007427948346,0.5061522149896299,1.0066156537619286,0.9147971882595303,0.9243436819100503,0.46608984692485683,0.4678586020104419,1.0105854023569076,1.0,1.0105854023569076
0.40644332916521253,1.4603676041476286,0.510574790037916,0.5072303743893165,1.0065934845732099,0.9142942524689516,0.9238773184884317,0.4668155959872083,0.46861863814668503,1.0106468482873443,1.0,1.0106468482873443
0.40738027780411246,1.454708915685032,0.5116505074133311,0.5083102830314034,1.006571231181883,0.9137887991109711,0.9234083736019683,0.4675405027337468,0.46937797173918433,1.0107085983838875,1.0,1.0107085983838875
0.40831938633269177,1.4490632418447476,0.5127278929628682,0.5093919392780475,1.0065488937448612,0.9132808207433927,0.9229368370304908,0.4682645509031587,0.47013658524610896,1.0107706536466192,1.0,1.0107706536466192
0.4092606597300108,1.4434305526939721,0.5138069446907904,0.5104753414508972,1.0065264724255316,0.9127703099551757,0.9224626985618167,0.46898772416253454,0.47089446102405946,1.0108330150738203,1.0,1.0108330150738203
0.41020410298660664,1.4378108183687535,0.5148876605636703,0.5115604878308591,1.0065039673938057,0.9122572593670786,0.9219859479924487,0.4697100061077405,0.4716515813282141,1.0108956836619054,1.0,1.0108956836619054
0.41114972110452197,1.4322040090738168,0.5159700385102273,0.5126473766578633,1.0064813788261742,0.9117416616323065,0.9215065751282816,0.47043138026379977,0.4724079283124858,1.0109586604053555,1.0,1.0109586604053555
0.4120975190973299,1.4266100950824172,0.5170540764211645,0.5137360061306323,1.0064587069057576,0.9112235094371616,0.9210245697853152,0.4711518300852839,0.47316348402969166,1.0110219462966517,1.0,1.0110219462966517
0.4130475019901613,1.4210290467361784,0.5181397721490072,0.514826374406447,1.0064359518223602,0.9107027955016948,0.9205399217903747,0.471871338956712,0.47391823043173287,1.0110855423262064,1.0,1.0110855423262064
0.4139996748197303,1.415460834444941,0.5192271235079413,0.515918479600915,1.0064131137725203,0.9101795125803626,0.920052620981838,0.4725898901929617,0.47467214936978674,1.011149449482296,1.0,1.011149449482296
0.41495404263436275,1.4099054286865962,0.5203161282736548,0.517012319787739,1.0063901929595647,0.9096536534626847,0.9195626572103707,0.47330746703968896,0.47542522259451114,1.0112136687509907,1.0,1.0112136687509907
0.41591061049402184,1.4043628000069348,0.5214067841831774,0.5181078929984854,1.0063671895936581,0.9091252109739063,0.9190700203396667,0.4740240526737572,0.47617743175625976,1.0112782011160866,1.0,1.0112782011160866
0.4168693834703351,1.3988329190194921,0.522499088934724,0.519205197222354,1.0063441038918555,0.9085941779756604,0.9185747002471981,0.47473963020367704,0.47692875840531124,1.0113430475590333,1.0,1.0113430475590333
0.4178303666466217,1.393315756405388,0.5235930401875364,0.5203042304059473,1.006320936078154,0.908060547366636,0.9180766868249697,0.47545418267005535,0.47767918399210774,1.0114082090588652,1.0,1.0114082090588652
0.4187935651179182,1.3878112829131783,0.5246886355617286,0.5214049904530412,1.0062976863835429,0.9075243120832458,0.9175759699802822,0.4761676930460546,0.4784286898675091,1.011473686592129,1.0,1.011473686592129
0.4197589839910073,1.3823194693586913,0.525785872638132,0.5225074752243561,1.006274355046056,0.9069854651002982,0.9170725396365024,0.47688014423786235,0.47917725728305716,1.0115394811328113,1.0,1.0115394811328113
0.4207266283844438,1.3768402866248781,0.5268847489581407,0.5236116825373284,1.0062509423108204,0.9064439994316715,0.9165663857338388,0.47759151908516934,0.47992486739125323,1.0116055936522674,1.0,1.0116055936522674
0.4216965034285819,1.3713737056616573,0.5279852620235603,0.5247176101658825,1.0062274484301086,0.9058999081309901,0.9160574982301262,0.47830180036166003,0.4806715012458489,1.0116720251191471,1.0,1.0116720251191471
0.4226686142656029,1.3659196974857584,0.5290874092964553,0.5258252558402043,1.0062038736633874,0.9053531842923035,0.9155458671016166,0.4790109707755111,0.48141713980214923,1.0117387764993206,1.0,1.0117387764993206
0.423642966049541,1.3604782331805776,0.5301911881989997,0.5269346172465148,1.006180218277368,0.9048038210507667,0.915031482343776,0.4797190129699011,0.4821617639173287,1.0118058487558046,1.0,1.0118058487558046
0.4246195639463127,1.3550492838960109,0.5312965961133272,0.528045692026844,1.0061564825460558,0.9042518115833248,0.9145143339720899,0.4804259095235302,0.4829053543507606,1.0118732428486876,1.0,1.0118732428486876
0.42559841313374275,1.349632820848309,0.5324036303813846,0.5291584777788066,1.0061326667508,0.9036971491093966,0.9139944120228745,0.4811316429511502,0.4836478917643597,1.0119409597350533,1.0,1.0119409597350533
0.4265795188015923,1.3442288153199242,0.5335122883047833,0.5302729720553778,1.0061087711803405,0.9031398268915638,0.9134717065540949,0.481836195704104,0.48438935672293787,1.0120090003689046,1.0,1.0120090003689046
0.4275628861515861,1.3388372386593552,0.5346225671446555,0.5313891723646703,1.0060847961308594,0.9025798382362596,0.9129462076461908,0.482539550170877,0.4851297296945738,1.0120773657010873,1.0,1.0120773657010873
0.42854852039743935,1.3334580622810037,0.5357344641215096,0.5325070761697117,1.0060607419060275,0.9020171764944608,0.9124179054029085,0.4832416886776571,0.4858689910509954,1.012146056679212,1.0,1.012146056679212
0.429536426764887,1.3280912576650095,0.5368479764150872,0.5336266808882235,1.0060366088170514,0.9014518350623809,0.9118867899521393,0.4839425934889061,0.48660712106797677,1.0122150742475755,1.0,1.0122150742475755
0.4305266104917103,1.3227367963571086,0.5379631011642217,0.5347479838924003,1.0060123971827228,0.900883807382166,0.9113528514467671,0.48464224680794143,0.4873440999257489,1.0122844193470837,1.0,1.0122844193470837
0.4315190768277652,1.3173946499684788,0.5390798354666987,0.5358709825086904,1.0059881073294659,0.9003130869425914,0.9108160800655186,0.48534063077752776,0.48807990770942344,1.01235409291517,1.0,1.01235409291517
0.43251383103500857,1.3120647901755955,0.5401981763791165,0.5369956740175772,1.0059637395913816,0.8997396672797605,0.9102764660138242,0.48603772748047963,0.48881452440943174,1.0124240958857174,1.0,1.0124240958857174
0.43351087838752866,1.3067471887200703,0.5413181209167491,0.5381220556533621,1.0059392943102963,0.899163541977806,0.9097339995246828,0.48673351894027445,0.4895479299219771,1.012494429188976,1.0,1.012494429188976
0.43451022417157126,1.3014418174085098,0.5424396660534108,0.5392501246039474,1.005914771835808,0.8985847046695913,0.9091886708595357,0.48742798712167584,0.49028010404950195,1.0125650937514834,1.0,1.0125650937514834
0.4355118736855682,1.2961486481123639,0.5435628087213203,0.5403798780106215,1.005890172525329,0.8980031490374144,0.9086404703091446,0.4881211139313674,0.4910110265011693,1.012636090495982,1.0,1.012636090495982
0.43651583224016594,1.2908676527677732,0.5446875458109697,0.5415113129678444,1.0058654967441352,0.8974188688137134,0.9080893881944783,0.48881288121859806,0.49174067689335843,1.0127074203413358,1.0,1.0127074203413358
0.4375221051582519,1.2855988033754309,0.5458138741709914,0.542644426523035,1.0058407448654074,0.8968318577817717,0.9075354148676043,0.48950327077583633,0.4924690347501758,1.0127790842024493,1.0,1.0127790842024493
0.4385306977749855,1.280342072000419,0.5469417906080286,0.5437792156763587,1.0058159172702772,0.8962421097764276,0.9069785407125877,0.49019226433943663,0.49319607950397926,1.0128510829901816,1.0,1.0128510829901816
0.4395416154378242,1.275097430772072,0.5480712918866072,0.544915677380517,1.0057910143478705,0.8956496186847821,0.9064187561463973,0.49087984359031567,0.4939217904959198,1.0129234176112636,1.0,1.0129234176112636
0.44055486350655293,1.269864851883824,0.5492023747290086,0.5460538085405385,1.0057660364953507,0.895054378446909,0.9058560516198165,0.4915659901546392,0.4946461469764955,1.012996088968212,1.0,1.012996088968212
0.4415704473533124,1.26464430759306,0.5503350358151445,0.5471936060135704,1.0057409841179619,0.8944563830565672,0.9052904176183609,0.4922506856045205,0.495369128106122,1.0130690979592443,1.0,1.0130690979592443
0.4425883723626264,1.2594357702209784,0.5514692717824333,0.5483350666086714,1.0057158576290703,0.8938556265619118,0.9047218446632038,0.4929339114587281,0.4960907129557179,1.013142445478192,1.0,1.013142445478192
0.4436086439314323,1.2542392121524304,0.552605079225678,0.5494781870866072,1.0056906574502074,0.8932521030662081,0.9041503233121057,0.49361564918340545,0.4968108805073056,1.013216132414415,1.0,1.013216132414415
0.44463126746910836,1.2490546058357825,0.553742454696946,0.5506229641596462,1.0056653840111096,0.8926458067285451,0.9035758441603516,0.49429588019280024,0.49752960965462734,1.0132901596527124,1.0,1.0132901596527124
0.4456562483975029,1.243881923782768,0.5548813947054505,0.5517693944913562,1.0056400377497614,0.8920367317645513,0.9029983978416939,0.4949745858500061,0.4982468792037762,1.0133645280732353,1.0,1.0133645280732353
0.44668359215096304,1.2387211385683399,0.5560218957174331,0.5529174746964044,1.005614619112433,0.8914248724471092,0.9024179750293008,0.4956517474677127,0.4989626678738439,1.0134392385513982,1.0,1.0134392385513982
0.44771330417636235,1.2335722228305324,0.5571639541560494,0.5540672013403574,1.0055891285537215,0.8908102231070719,0.9018345664367119,0.49632734630896874,0.4996769542975835,1.013514291957789,1.0,1.013514291957789
0.4487453899331319,1.2284351492703052,0.5583075664012547,0.5552185709394827,1.0055635665365896,0.8901927781339799,0.9012481628187988,0.4970013635879543,0.5003897170220877,1.0135896891580802,1.0,1.0135896891580802
0.4497798548932876,1.223309890651405,0.5594527287896933,0.5563715799605532,1.005537933532404,0.8895725319767781,0.9006587549727321,0.4976737804707652,0.5011009345094837,1.0136654310129367,1.0,1.0136654310129367
0.4508167045414601,1.2181964198002193,0.5605994376145882,0.5575262248206516,1.0055122300209738,0.8889494791445337,0.9000663337389533,0.4983445780762067,0.5018105851376433,1.0137415183779261,1.0,1.0137415183779261
0.45185594437492227,1.2130947096056381,0.5617476891256327,0.5586825018869778,1.0054864564905865,0.8883236142071534,0.8994708900021543,0.4990137374765985,0.5025186472009101,1.0138179521034254,1.0,1.0138179521034254
0.45289757990362056,1.208004733018901,0.5628974795288852,0.5598404074766565,1.005460613438047,0.8876949317961024,0.8988724146922605,0.49968123969859174,0.5032250989108413,1.0138947330345296,1.0,1.0138947330345296
0.4539416166502029,1.2029264630534575,0.5640488049866647,0.5609999378565488,1.0054347013687113,0.8870634266051213,0.8982708987854211,0.5003470657239946,0.5039299183969674,1.0139718620109583,1.0,1.0139718620109583
0.4549880601500482,1.1978598727848264,0.5652016616174477,0.562161089243063,1.0054087207965225,0.8864290933909457,0.8976663333050039,0.5010111964906102,0.5046330837075674,1.014049339866962,1.0,1.014049339866962
0.45603691595129614,1.1928049353504488,0.566356045495769,0.5633238578019691,1.0053826722440464,0.885791926974023,0.8970587093225958,0.5016736128930847,0.5053345728104599,1.0141271674312273,1.0,1.0141271674312273
0.4570881896148749,1.187761623949553,0.5675119526521231,0.5644882396482144,1.0053565562425058,0.8851519222392313,0.8964480179590093,0.5023342957837663,0.506034363593812,1.0142053455267828,1.0,1.0142053455267828
0.45814188671453326,1.1827299118430026,0.5686693790728667,0.5656542308457404,1.0053303733318113,0.8845090741365973,0.8958342503852935,0.502993225973575,0.5067324338669636,1.0142838749709024,1.0,1.0142838749709024
0.4591980128368683,1.1777097723531602,0.5698283207001262,0.5668218274073034,1.0053041240605973,0.883863377682013,0.8952173978237506,0.5036503842328829,0.5074287613612692,1.0143627565750102,1.0,1.0143627565750102
0.46025657358135563,1.1727011788637465,0.5709887734317035,0.5679910252942949,1.0052778089862517,0.8832148279579531,0.8945974515489576,0.5043057512924047,0.5081233237309558,1.014441991144583,1.0,1.014441991144583
0.4613175745603793,1.1677041048196952,0.5721507331209869,0.5691618204165655,1.0052514286749483,0.8825634201141923,0.8939744028887933,0.5049593078441006,0.5088160985539977,1.0145215794790532,1.0,1.0145215794790532
0.46238102139926013,1.1627185237270212,0.5733141955768623,0.5703342086322504,1.0052249837016762,0.8819091493685202,0.8933482432254691,0.505611034542088,0.5095070633330091,1.0146015223717102,1.0,1.0146015223717102
0.46344691973628777,1.1577444091526674,0.5744791565636278,0.5715081857475963,1.0051984746502713,0.8812520110074569,0.8927189639965666,0.5062609120035647,0.5101961954961515,1.0146818206096022,1.0,1.0146818206096022
0.4645152752227491,1.1527817347243743,0.5756456118009089,0.572683747516792,1.0051719021134438,0.8805920003869682,0.8920865566960774,0.5069089208097425,0.5108834723980608,1.0147624749734372,1.0,1.0147624749734372
0.46558609352295854,1.1478304741305356,0.5768135569635774,0.5738608896417994,1.005145266692806,0.8799291129331781,0.8914510128754506,0.5075550415067919,0.5115688713207892,1.0148434862374822,1.0,1.0148434862374822
0.46665938031428855,1.142890601120059,0.5779829876816716,0.5750396077721879,1.0051185689989024,0.8792633441430828,0.8908123241446421,0.5081992546067968,0.512252369474766,1.0149248551694638,1.0,1.0149248551694638
0.467735141287198,1.137962089502233,0.5791538995403186,0.5762198975049703,1.0050918096512331,0.8785946895852613,0.8901704821731697,0.5088415405887199,0.5129339439997739,1.0150065825304657,1.0,1.0150065825304657
0.46881338214526497,1.1330449131465774,0.58032628807966,0.5774017543844415,1.0050649892782821,0.8779231449005865,0.8895254786911734,0.5094818798993789,0.5136135719659437,1.0150886690748284,1.0,1.0150886690748284
0.4698941086052151,1.1281390459827136,0.5815001487947778,0.5785851739020194,1.0050381085175406,0.877248705802934,0.8888773054904774,0.5101202529544324,0.5142912303747662,1.0151711155500458,1.0,1.0151711155500458
0.47097732639695283,1.1232444620002195,0.5826754771356252,0.5797701514960872,1.0050111680155331,0.8765713680798906,0.8882259544256588,0.5107566401393779,0.5149668961601208,1.0152539226966628,1.0,1.0152539226966628
0.4720630412635904,1.1183611352485023,0.5838522685069568,0.5809566825518404,1.004984168427838,0.87589112759346,0.887571417415119,0.511391021810558,0.5156405461893223,1.0153370912481718,1.0,1.0153370912481718
0.47315125896148025,1.1134890398366477,0.5850305182682641,0.5821447624011333,1.004957110419113,0.8752079802807683,0.8869136864421598,0.5120233782961786,0.5163121572641844,1.0154206219309077,1.0,1.0154206219309077
0.47424198526024436,1.1086281499332906,0.5862102217337108,0.5833343863223303,1.0049299946631152,0.8745219221547673,0.8862527535560623,0.5126536898973372,0.5169817061221009,1.0155045154639446,1.0,1.0155045154639446
0.4753352259428049,1.1037784397664772,0.5873913741720722,0.5845255495401583,1.0049028218427207,0.8738329493049355,0.8855886108731702,0.5132819368890608,0.5176491694371452,1.015588772558989,1.0,1.015588772558989
0.4764309868054156,1.0989398836235247,0.588573970806676,0.5857182472255629,1.0048755926499475,0.8731410578979785,0.8849212505779769,0.513908099521355,0.5183145238211857,1.0156733939202751,1.0,1.0156733939202751
0.4775292736576907,1.0941124558508935,0.5897580068153461,0.5869124744955655,1.0048483077859713,0.8724462441785259,0.8842506649242152,0.5145321580202622,0.5189777458250203,1.0157583802444572,1.0,1.0157583802444572
0.4786300923226381,1.0892961308540405,0.5909434773303486,0.5881082264131249,1.0048209679611453,0.8717485044698282,0.8835768462359512,0.5151540925889312,0.5196388119395277,1.0158437322205032,1.0,1.0158437322205032
0.4797334486366888,1.0844908830972901,0.5921303774383405,0.589305497987,1.004793573895017,0.8710478351744491,0.8828997869086811,0.5157738834086959,0.5202976985968365,1.0159294505295866,1.0,1.0159294505295866
0.48083934844972814,1.0796966871036973,0.5933187021803205,0.5905042841716163,1.0047661263163439,0.8703442327749575,0.8822194794104306,0.5163915106401645,0.5209543821715122,1.0160155358449787,1.0,1.0160155358449787
0.48194779762512724,1.07491351745491,0.5945084465515824,0.5917045798669347,1.0047386259631086,0.8696376938346166,0.881535916282858,0.5170069544243185,0.5216088389817618,1.0161019888319387,1.0,1.0161019888319387
0.4830588020397725,1.0701413487910432,0.5956996055016717,0.5929063799183227,1.0047110735825338,0.8689282149980702,0.8808490901423599,0.5176201948836221,0.522261045290655,1.0161888101476055,1.0,1.0161888101476055
0.4841723675840991,1.0653801558105305,0.5968921739343437,0.5941096791164298,1.0046834699310945,0.8682157929920266,0.8801589936811791,0.5182312121231408,0.522910977307365,1.0162760004408864,1.0,1.0162760004408864
0.4852885001621207,1.0606299132700014,0.598086146707525,0.5953144721970637,1.0046558157745304,0.86750042462594,0.879465619668516,0.5188399862316702,0.5235586111884262,1.0163635603523475,1.0,1.0163635603523475
0.4864072056914611,1.0558905959841436,0.5992815186332776,0.5965207538410712,1.0046281118878588,0.8667821067926892,0.8787689609516414,0.5194464972828746,0.524203923039008,1.0164514905141018,1.0,1.0164514905141018
0.4875284901033862,1.0511621788255656,0.6004782844777646,0.5977285186742216,1.004600359055382,0.866060836469253,0.8780690104570115,0.5200507253364349,0.524846888914209,1.0165397915496974,1.0,1.0165397915496974
0.4886523593428334,1.046444636724675,0.6016764389612204,0.5989377612670924,1.0045725580706986,0.8653366107173834,0.8773657611913871,0.520652650439207,0.5254874848203678,1.0166284640740062,1.0,1.0166284640740062
0.4897788193684459,1.0417379446695305,0.6028759767579214,0.6001484761349588,1.0045447097367106,0.8646094266842743,0.8766592062429517,0.5212522526263883,0.52612568671639,1.0167175086931095,1.0,1.0167175086931095
0.49090787615260273,1.0370420777057197,0.6040768924961614,0.6013606577376862,1.004516814865631,0.863879281603229,0.8759493387824333,0.5218495119226949,0.5267614705150955,1.0168069260041857,1.0,1.0168069260041857
0.49203953568145087,1.032357010936222,0.6052791807582283,0.6025743004796251,1.0044888742789897,0.8631461727943229,0.8752361520642283,0.5224444083435479,0.5273948120845812,1.0168967165953955,1.0,1.0168967165953955
0.49317380395493576,1.0276827195212825,0.6064828360803842,0.6037893987095106,1.0044608888076378,0.8624100976650633,0.8745196394275249,0.5230369218962687,0.5280256872496033,1.0169868810457676,1.0,1.0169868810457676
0.4943106869868352,1.0230191786782723,0.6076878529528487,0.6050059467203632,1.0044328592917535,0.861671053711045,0.8737997942974303,0.5236270325812837,0.5286540717929754,1.0170774199250838,1.0,1.0170774199250838
0.4954501908047899,1.018366363681562,0.608894225819783,0.6062239387493946,1.0044047865808419,0.8609290385166042,0.8730766101860974,0.5242147203933378,0.5292799414569858,1.0171683337937631,1.0,1.0171683337937631
0.49659232145033566,1.0137242498623897,0.6101019490792802,0.6074433689779157,1.0043766715337394,0.8601840497554665,0.8723500806938529,0.5247999653227186,0.5299032719448307,1.0172596232027453,1.0,1.0172596232027453
0.49773708497893593,1.0090928126087282,0.6113110170833543,0.6086642315312484,1.0043485150186127,0.859436085191392,0.8716201995103271,0.5253827473564863,0.5305240389220667,1.0173512886933742,1.0,1.0173512886933742
0.49888448746001207,1.004472027365162,0.6125214241379362,0.6098865204786403,1.0043203179129585,0.8586851426788172,0.8708869604155832,0.525963046479716,0.5311422180180795,1.0174433307972812,1.0,1.0174433307972812
0.5000345349769783,0.999861869632745,0.6137331645028691,0.6111102298331839,1.0042920811036025,0.8579312201634915,0.8701503572812486,0.5265408426767474,0.5317577848275709,1.0175357500362658,1.0,1.0175357500362658
0.5011872336272719,0.9952623149688811,0.6149462323919088,0.6123353535517371,1.004263805486696,0.8571743156831098,0.869410384071645,0.527116115932441,0.5323707149120622,1.0176285469221789,1.0,1.0176285469221789
0.5023425895223866,0.9906733389871885,0.6161606219727267,0.6135618855348501,1.0042354919677112,0.856414427367942,0.8686670348449204,0.5276888462334477,0.5329809838014167,1.0177217219568024,1.0,1.0177217219568024
0.5035006087879047,0.9860949173573719,0.6173763273669148,0.6147898196266933,1.0042071414614382,0.855651553441457,0.8679203037541794,0.5282590135694822,0.5335885669953768,1.0178152756317314,1.0,1.0178152756317314
0.5046612975635282,0.981527025805099,0.6185933426499945,0.6160191496149902,1.0041787548919758,0.8548856922209424,0.8671701850486154,0.5288265979346072,0.5341934399651217,1.0179092084282526,1.0,1.0179092084282526
0.5058246620031138,0.9769696401118617,0.6198116618514281,0.6172498692309526,1.0041503331927268,0.8541168421181198,0.8664166730746409,0.5293915793285257,0.5347955781548391,1.018003520817225,1.0,1.018003520817225
0.5069907082747039,0.9724227361148554,0.6210312789546332,0.6184819721492217,1.0041218773063871,0.8533450016397557,0.8656597622770172,0.529953937757881,0.5353949569833161,1.0180982132589587,1.0,1.0180982132589587
0.5081594425605601,0.9678862897068465,0.6222521878970003,0.6197154519878102,1.0040933881849374,0.8525701693882668,0.864899447199986,0.5305136532375652,0.5359915518455465,1.0181932862030927,1.0,1.0181932862030927
0.5093308710571953,0.963360276836047,0.6234743825699133,0.6209503023080497,1.0040648667896315,0.8517923440623213,0.8641357224883965,0.5310707057920349,0.5365853381143548,1.0182887400884741,1.0,1.0182887400884741
0.5105049999754061,0.9588446735059903,0.6246978568187728,0.6221865166145424,1.0040363140909823,0.8510115244574344,0.8633685828888343,0.531625075456636,0.5371762911420377,1.0183845753430352,1.0,1.0183845753430352
0.5116818355403074,0.9543394557753957,0.6259226044430231,0.6234240883551141,1.0040077310687516,0.8502277094665591,0.862598023250748,0.5321767422789346,0.537764386262021,1.0184807923836694,1.0,1.0184807923836694
0.5128613839913645,0.9498445997580467,0.6271486191961816,0.6246630109207741,1.0039791187119333,0.8494408980806714,0.8618240385275744,0.5327256863200575,0.5383495987905359,1.01857739161611,1.0,1.01857739161611
0.514043651582426,0.9453600816226628,0.6283758947858715,0.6259032776456772,1.0039504780187365,0.8486510893893507,0.8610466237778629,0.533271887656038,0.5389319040283087,1.0186743734348043,1.0,1.0186743734348043
0.5152286445817563,0.9408858775927786,0.6296044248738583,0.6271448818070894,1.00392180999657,0.8478582825813551,0.8602657741663967,0.5338153263791713,0.5395112772622691,1.01877173822279,1.0,1.01877173822279
0.5164163692720708,0.9364219639466078,0.6308342030760877,0.6283878166253588,1.0038931156620234,0.8470624769451888,0.8594814849653138,0.5343559825993751,0.5400876937672747,1.018869486351571,1.0,1.018869486351571
0.5176068319505673,0.9319683170169253,0.6320652229627288,0.6296320752638893,1.0038643960408462,0.8462636718696672,0.8586937515552245,0.5348938364455588,0.5406611288078506,1.0189676181809901,1.0,1.0189676181809901
0.5188000389289606,0.9275249131909378,0.6332974780582191,0.6308776508291194,1.0038356521679275,0.8454618668444737,0.8579025694263274,0.5354288680669991,0.5412315576399469,1.0190661340591058,1.0,1.0190661340591058
0.5199959965335159,0.9230917289101588,0.6345309618413126,0.6321245363705038,1.003806885087274,0.8446570614607113,0.8571079341795222,0.5359610576347219,0.5417989555127108,1.0191650343220642,1.0,1.0191650343220642
0.5211947111050803,0.9186687406702898,0.635765667745132,0.6333727248805002,1.0037780958519855,0.8438492554114492,0.8563098415275207,0.5364903853428924,0.5423632976702751,1.0192643192939723,1.0,1.0192643192939723
0.5223961889991195,0.9142559250210867,0.6370015891572229,0.6346222092945598,1.0037492855242303,0.8430384484922616,0.8555082872959535,0.5370168314102103,0.542924559353563,1.0193639892867727,1.0,1.0193639892867727
0.5236004365857498,0.9098532585662396,0.6382387194196132,0.6358729824911222,1.0037204551752188,0.8422246406017616,0.8547032674244752,0.5375403760813123,0.5434827158021083,1.0194640446001138,1.0,1.0194640446001138
0.5248074602497721,0.905460717963249,0.6394770518288728,0.6371250372916138,1.0036916058851764,0.8414078317421279,0.8538947779678652,0.5380609996281802,0.5440377422558904,1.019564485521223,1.0,1.019564485521223
0.5260172663907061,0.9010782799233001,0.6407165796361793,0.6383783664604513,1.0036627387433137,0.8405880220196259,0.8530828150971246,0.5385786823515561,0.5445896139571856,1.0196653123247783,1.0,1.0196653123247783
0.5272298614228226,0.8967059212111468,0.6419572960473858,0.6396329627050491,1.0036338548477974,0.8397652116451223,0.8522673751005709,0.5390934045823634,0.5451383061524335,1.019766525272779,1.0,1.019766525272779
0.5284452517751801,0.8923436186449765,0.6431991942230915,0.640888818675831,1.0036049553057174,0.8389394009345911,0.8514484543849276,0.5396051466831321,0.5456837940941184,1.0198681246144172,1.0,1.0198681246144172
0.5296634438916574,0.887991349096295,0.6444422672787162,0.6421459269662463,1.0035760412330554,0.8381105903096161,0.8506260494764092,0.5401138890494322,0.5462260530426648,1.019970110585947,1.0,1.019970110585947
0.5308844442309879,0.8836490894898021,0.6456865082845789,0.6434042801127903,1.0035471137546497,0.8372787802978839,0.8498001570218034,0.5406196121113117,0.5467650582683495,1.0200724834105557,1.0,1.0200724834105557
0.5321082592667941,0.879316816803269,0.6469319102659777,0.6446638705950292,1.0035181740041599,0.8364439715336713,0.8489707737895474,0.5411222963347391,0.5473007850532265,1.0201752432982323,1.0,1.0201752432982323
0.5333348954876207,0.8749945080674195,0.6481784662032748,0.6459246908356294,1.0034892231240296,0.835606164758325,0.8481378966708,0.541621922223052,0.5478332086930675,1.0202783904456372,1.0,1.0202783904456372
0.5345643593969713,0.8706821403658016,0.6494261690319841,0.6471867332003917,1.003460262265449,0.8347653608207344,0.8473015226805076,0.5421184703184114,0.5483623044993153,1.0203819250359716,1.0,1.0203819250359716
0.5357966575133412,0.8663796908346715,0.6506750116428623,0.6484499899982886,1.0034312925883144,0.8339215606777975,0.846461648958468,0.5426119212032599,0.5488880478010535,1.0204858472388443,1.0,1.0204858472388443
0.5370317963702527,0.8620871366628677,0.6519249868820033,0.6497144534815089,1.0034023152611877,0.8330747653948787,0.845618272770384,0.5431022555017843,0.5494104139469876,1.0205901572101417,1.0,1.0205901572101417
0.5382697825162882,0.8578044550916988,0.6531760875509358,0.6509801158455033,1.003373331461254,0.8322249761462595,0.8447713915089163,0.5435894538813847,0.5499293783074414,1.020694855091894,1.0,1.020694855091894
0.5395106225151274,0.8535316234148123,0.6544283064067251,0.652246969229038,1.003344342374278,0.831372194215582,0.8439210026947269,0.5440734970541462,0.5504449162763665,1.020799941012143,1.0,1.020799941012143
0.5407543229455805,0.8492686189780796,0.6556816361620771,0.6535150057142505,1.0033153491945586,0.8305164209962842,0.843067103977518,0.5445543657783161,0.5509570032733643,1.02090541508481,1.0,1.02090541508481
0.5420008904016234,0.8450154191794754,0.6569360694854463,0.6547842173267113,1.003286353124882,0.8296576579920277,0.8422096931370647,0.5450320408597833,0.5514656147457226,1.0210112774095612,1.0,1.0210112774095612
0.5432503314924332,0.8407720014689559,0.6581915990011475,0.6560545960354905,1.0032573553764745,0.8287959068171177,0.8413487680842403,0.5455065031535647,0.5519707261704639,1.0211175280716744,1.0,1.0211175280716744
0.544502652842421,0.8365383433483469,0.6594482172894708,0.6573261337532276,1.0032283571689542,0.8279311691969147,0.8404843268620356,0.5459777335652926,0.5524723130564059,1.0212241671419058,1.0,1.0212241671419058
0.5457578610912707,0.8323144223712124,0.6607059168867994,0.6585988223362078,1.0031993597302789,0.8270634469682383,0.8396163676465707,0.5464457130527066,0.5529703509462359,1.021331194676355,1.0,1.021331194676355
0.5470159628939713,0.8281002161427438,0.6619646902857315,0.6598726535844424,1.0031703642966945,0.8261927420797637,0.8387448887480999,0.54691042262715,0.5534648154185966,1.0214386107163302,1.0,1.0214386107163302
0.5482769649208532,0.8238957023196396,0.6632245299352053,0.6611476192417538,1.003141372112681,0.8253190565924079,0.8378698886120097,0.5473718433550668,0.5539556820901836,1.0215464152882145,1.0,1.0215464152882145
0.5495408738576244,0.8197008586099839,0.6644854282406282,0.6624237109958656,1.0031123844309,0.8244423926797099,0.8369913658198074,0.5478299563595052,0.5544429266178549,1.0216546084033293,1.0,1.0216546084033293
0.5508076964054032,0.8155156627731364,0.6657473775640078,0.6637009204784974,1.003083402512136,0.8235627526282008,0.8361093190901037,0.5482847428216203,0.5549265247007514,1.0217631900578,1.0,1.0217631900578
0.552077439280757,0.8113400926196035,0.6670103702240886,0.664979239265465,1.0030544276252402,0.822680138837766,0.8352237472795863,0.5487361839821829,0.5554064520824302,1.0218721602324197,1.0,1.0218721602324197
0.5533501092157362,0.8071741260109286,0.6682743984964903,0.6662586588767846,1.0030254610470712,0.8217945538219991,0.8343346493839856,0.549184261143088,0.5558826845530065,1.0219815188925134,1.0,1.0219815188925134
0.5546257129579102,0.8030177408595707,0.6695394546138503,0.6675391707767828,1.0029965040624356,0.8209060002085461,0.8334420245390308,0.5496289556688673,0.5563551979513077,1.0220912659878019,1.0,1.0220912659878019
0.5559042572704035,0.798870915128788,0.6708055307659699,0.6688207663742113,1.0029675579640243,0.8200144807394423,0.832545872021399,0.5500702489882028,0.556823968167038,1.0222014014522656,1.0,1.0222014014522656
0.5571857489319296,0.7947336268325274,0.6720726190999637,0.6701034370223664,1.0029386240523515,0.8191199982714382,0.8316461912496531,0.5505081225954432,0.5572889711429528,1.0223119252040067,1.0,1.0223119252040067
0.5584701947368305,0.7906058540352954,0.6733407117204125,0.6713871740192138,1.002909703635689,0.8182225557763191,0.8307429817851726,0.5509425580521217,0.5577501828770423,1.0224228371451138,1.0,1.0224228371451138
0.5597576014951098,0.7864875748520519,0.6746098006895198,0.6726719686075179,1.0028807980300019,0.8173221563412126,0.8298362433330734,0.551373536988474,0.5582075794247257,1.022534137161524,1.0,1.022534137161524
0.5610479760324705,0.7823787674480895,0.6758798780272717,0.6739578119749774,1.0028519085588783,0.8164188031688898,0.8289259757431185,0.5518010411049604,0.5586611369010553,1.0226458251228852,1.0,1.0226458251228852
0.562341325190349,0.7782794100389232,0.6771509357116001,0.6752446952543641,1.0028230365534643,0.8155124995780556,0.8280121790106189,0.5522250521737863,0.5591108314829274,1.0227579008824195,1.0,1.0227579008824195
0.5636376558259542,0.7741894808901666,0.6784229656785505,0.676532609523669,1.0027941833523923,0.8146032490036296,0.827094853277324,0.5526455520404251,0.5595566394113042,1.0228703642767845,1.0,1.0228703642767845
0.5649369748123022,0.7701089583174221,0.6796959598224513,0.6778215458062514,1.0027653503017087,0.8136910549970184,0.8261739988323019,0.5530625226251414,0.559998536993443,1.0229832151259366,1.0,1.0229832151259366
0.5662392890382528,0.766037820686166,0.6809699099960888,0.6791114950709946,1.0027365387548033,0.8127759212263785,0.8252496161128089,0.5534759459245151,0.560436500605134,1.0230964532329916,1.0,1.0230964532329916
0.567544605408547,0.7619760464116296,0.6822448080108836,0.680402448232466,1.0027077500723338,0.8118578514768686,0.8243217057051482,0.5538858040129647,0.5608705066929451,1.023210078384088,1.0,1.023210078384088
0.5688529308438413,0.7579236139586931,0.6835206456370728,0.6816943961510833,1.0026789856221507,0.8109368496508927,0.8233902683455174,0.554292079044272,0.561300531776476,1.0233240903482472,1.0,1.0233240903482472
0.5701642722807472,0.7538805018417623,0.6847974146038938,0.6829873296332845,1.0026502467792209,0.8100129197683348,0.8224553049208456,0.5546947532531069,0.5617265524506171,1.0234384888772357,1.0,1.0234384888772357
0.5714786366718666,0.7498466886246584,0.686075106599772,0.6842812394317043,1.0026215349255483,0.8090860659667808,0.8215168164696172,0.5550938089565493,0.5621485453878176,1.0235532737054267,1.0,1.0235532737054267
0.5727960309858288,0.7458221529205051,0.6873537132725132,0.6855761162453552,1.002592851450096,0.8081562925017339,0.8205748041826859,0.5554892285556141,0.5625664873403586,1.023668444549661,1.0,1.023668444549661
0.5741164622073275,0.7418068733916143,0.6886332262294979,0.6868719507198141,1.002564197748704,0.807223603746818,0.8196292694040755,0.5558809945367731,0.5629803551426334,1.0237840011091082,1.0,1.0237840011091082
0.5754399373371567,0.7378008287493762,0.68991363703788,0.6881687334474135,1.0025355752240084,0.8062880041939714,0.8186802136317693,0.5562690894734762,0.5633901257134326,1.023899943065128,1.0,1.023899943065128
0.5767664633922505,0.7338039977541388,0.691194937224789,0.689466454967439,1.002506985285356,0.8053494984536308,0.8177276385184858,0.5566534960276727,0.5637957760582358,1.024016270081131,1.0,1.024016270081131
0.5780960474057176,0.7298163592151028,0.6924771182775353,0.6907651057663314,1.0024784293487214,0.8044080912549051,0.8167715458724433,0.5570341969513294,0.5641972832715083,1.0241329818024398,1.0,1.0241329818024398
0.5794286964268806,0.7258378919902051,0.6937601716438196,0.6920646762778944,1.0024499088366192,0.8034637874457383,0.815811937658111,0.5574111750879488,0.5645946245390023,1.0242500778561496,1.0,1.0242500778561496
0.5807644175213119,0.7218685749860074,0.6950440887319448,0.6933651568835068,1.002421425178018,0.8025165919930631,0.8148488159969469,0.5577844133740845,0.5649877771400629,1.0243675578509894,1.0,1.0243675578509894
0.5821032177708712,0.7179083871575889,0.6963288609110325,0.6946665379123415,1.0023929798082498,0.8015665099829435,0.8138821831681223,0.5581538948408549,0.5653767184499376,1.0244854213771821,1.0,1.0244854213771821
0.5834451042737444,0.7139573075084262,0.6976144795112423,0.6959688096415884,1.0023645741689222,0.8006135466207067,0.8129120416092335,0.5585196026154541,0.5657614259420916,1.0246036680063064,1.0,1.0246036680063064
0.5847900841444803,0.7100153150902888,0.6989009358239949,0.6972719622966835,1.0023362097078246,0.7996577072310657,0.8119383939169986,0.558881519922662,0.5661418771905232,1.0247222972911565,1.0,1.0247222972911565
0.5861381645140287,0.7060823890031238,0.7001882211021982,0.6985759860515431,1.0023078878788372,0.7986989972582298,0.8109612428479416,0.5592396300863495,0.5665180498720858,1.024841308765603,1.0,1.024841308765603
0.5874893525297765,0.7021585083949511,0.7014763265604778,0.6998808710288034,1.002279610141836,0.7977374222660064,0.8099805913190613,0.5595939165309829,0.5668899217688098,1.0249607019444542,1.0,1.0249607019444542
0.5888436553555887,0.6982436524617452,0.7027652433754094,0.7011866073000644,1.002251377962599,0.7967729879378895,0.8089964424084872,0.559944362783123,0.5672574707702291,1.0250804763233163,1.0,1.0250804763233163
0.5902010801718439,0.6943378004473295,0.7040549626857565,0.7024931848861415,1.0022231928127077,0.7958057000771402,0.808008799356119,0.5602909524729233,0.5676206748757073,1.0252006313784552,1.0,1.0252006313784552
0.5915616341754735,0.6904409316432656,0.7053454755927107,0.7038005937573205,1.0021950561694508,0.7948355646068544,0.8070176655642524,0.5606336693356224,0.5679795121967676,1.0253211665666555,1.0,1.0253211665666555
0.5929253245799997,0.6865530253887415,0.7066367731601343,0.705108823833618,1.0021669695157254,0.7938625875700213,0.80602304459819,0.5609724972130343,0.5683339609594215,1.0254420813250835,1.0,1.0254420813250835
0.5942921586155725,0.6826740610704678,0.7079288464148087,0.7064178649850485,1.0021389343399352,0.7928867751295691,0.8050249401868366,0.5613074200550336,0.5686839995065015,1.0255633750711468,1.0,1.0255633750711468
0.5956621435290101,0.6788040181225612,0.7092216863466839,0.7077277070318959,1.0021109521358906,0.7919081335684022,0.804023356223279,0.5616384219210372,0.5690296062999906,1.0256850472023558,1.0,1.0256850472023558
0.5970352865838364,0.6749428760264387,0.7105152839091334,0.7090383397449901,1.0020830244027066,0.7909266692894249,0.803018296765351,0.561965486981481,0.5693707599233542,1.0258070970961852,1.0,1.0258070970961852
0.5984115950603192,0.6710906143107089,0.7118096300192107,0.7103497528459899,1.0020551526446964,0.7899423888155561,0.8020097660361813,0.5622885995192924,0.5697074390838716,1.0259295241099349,1.0,1.0259295241099349
0.5997910762555093,0.6672472125510631,0.7131047155579102,0.7116619360076702,1.002027338371269,0.7889552987897317,0.8009977684247268,0.5626077439313577,0.5700396226149645,1.0260523275805917,1.0,1.0260523275805917
0.6011737374832778,0.66341265037017,0.7144005313704316,0.7129748788542163,1.0019995830968216,0.7879654059748963,0.7999823084862878,0.5629229047299837,0.5703672894785273,1.0261755068246905,1.0,1.0261755068246905
0.6025595860743574,0.6595869074375615,0.7156970682664472,0.7142885709615207,1.0019718883406332,0.7869727172539837,0.7989633909430094,0.5632340665443558,0.5706904187672529,1.0262990611381764,1.0,1.0262990611381764
0.6039486293763794,0.6557699634695293,0.7169943170203723,0.7156030018574885,1.0019442556267544,0.7859772396298865,0.7979410206843637,0.563541214121988,0.571008989706959,1.0264229897962662,1.0,1.0264229897962662
0.605340874753913,0.6519617982290167,0.7182922683716403,0.7169181610223457,1.0019166864839009,0.7849789802254141,0.7969152027676171,0.5638443323301697,0.5713229816589098,1.026547292053311,1.0,1.026547292053311
0.6067363295885052,0.6481623915255086,0.7195909130249789,0.7182340378889542,1.0018891824453389,0.7839779462832395,0.7958859424182795,0.5641434061574041,0.5716323741221366,1.0266719671426583,1.0,1.0266719671426583
0.6081350012787177,0.6443717232149322,0.7208902416506917,0.7195506218431312,1.0018617450487766,0.7829741451658347,0.794853245030537,0.5644384207148424,0.5719371467357537,1.026797014276514,1.0,1.026797014276514
0.6095368972401688,0.6405897731995402,0.7221902448849423,0.7208679022239751,1.0018343758362491,0.7819675843553955,0.7938171161676668,0.5647293612377099,0.5722372792812715,1.0269224326458053,1.0,1.0269224326458053
0.6109420249055715,0.6368165214278101,0.7234909133300409,0.7221858683241954,1.0018070763540055,0.7809582714537537,0.792777561562435,0.5650162130867263,0.5725327516849054,1.0270482214200445,1.0,1.0270482214200445
0.6123503917247735,0.6330519478943344,0.7247922375547355,0.7235045093904486,1.0017798481523934,0.7799462141822793,0.7917345871174762,0.5652989617495192,0.5728235440198791,1.0271743797471906,1.0,1.0271743797471906
0.6137620051647941,0.6292960326397228,0.7260942080945059,0.7248238146236804,1.0017526927857427,0.7789314203817698,0.7906881989056561,0.5655775928420298,0.573109636508725,1.0273009067535144,1.0,1.0273009067535144
0.6151768727098679,0.6255487557504846,0.7273968154518602,0.7261437731794703,1.0017256118122495,0.777913898012329,0.7896384031704147,0.5658520921099113,0.5733910095255768,1.0274278015434608,1.0,1.0274278015434608
0.6165950018614818,0.6218100973589311,0.728700050096635,0.727464374168385,1.001698606793855,0.7768936551532353,0.7885852063260925,0.5661224454299204,0.5736676435984577,1.027555063199514,1.0,1.027555063199514
0.6180164001384153,0.6180800376430673,0.7300039024662998,0.7287856066563344,1.0016716792961307,0.7758707000027958,0.7875286149582383,0.5663886388113006,0.5739395194115625,1.0276826907820613,1.0,1.0276826907820613
0.6194410750767814,0.6143585568264864,0.7313083629662627,0.730107459664934,1.0016448308881543,0.7748450408781915,0.7864686358238971,0.5666506583971571,0.5742066178075316,1.0278106833292577,1.0,1.0278106833292577
0.6208690342300633,0.610645635178271,0.7326134219701806,0.7314299221718726,1.0016180631423908,0.7738166862153099,0.7854052758518814,0.5669084904658237,0.5744689197897197,1.0279390398568908,1.0,1.0279390398568908
0.6223002851691591,0.6069412530128782,0.7339190698202722,0.7327529831112849,1.0015913776345695,0.7727856445685657,0.7843385421430212,0.5671621214322212,0.5747264065244551,1.0280677593582472,1.0,1.0280677593582472
0.6237348354824188,0.6032453906900426,0.7352252968276337,0.734076631374129,1.001564775943561,0.7717519246107113,0.7832684419703979,0.5674115378492078,0.5749790593432922,1.0281968408039772,1.0,1.0281968408039772
0.6251726927756852,0.5995580286146704,0.7365320932725584,0.7354008558085698,1.0015382596512548,0.7707155351326339,0.782194982779556,0.5676567264089188,0.575226859745255,1.0283262831419606,1.0,1.0283262831419606
0.6266138646723353,0.5958791472367331,0.7378394494048587,0.7367256452203672,1.0015118303424313,0.7696764850431427,0.7811181721886978,0.5678976739440993,0.5754697893990723,1.0284560852971751,1.0,1.0284560852971751
0.6280583588133177,0.5922087270511707,0.7391473554441915,0.7380509883732693,1.0014854896046392,0.7686347833687437,0.7800380179888576,0.5681343674294259,0.5757078301454024,1.0285862461715614,1.0,1.0285862461715614
0.6295061828571972,0.5885467485977798,0.7404558015803863,0.7393768739894105,1.0014592390280672,0.767590439253403,0.7789545281440569,0.5683667939828193,0.575940963999049,1.0287167646438915,1.0,1.0287167646438915
0.6309573444801928,0.5848931924611147,0.7417647779737768,0.7407032907497159,1.0014330802054174,0.7665434619582987,0.7778677107914386,0.5685949408667477,0.5761691731511668,1.0288476395696362,1.0,1.0288476395696362
0.6324118513762188,0.5812480392703849,0.7430742747555349,0.7420302272943089,1.0014070147317757,0.7654938608615615,0.7767775742413832,0.5688187954895191,0.5763924399714555,1.0289788697808342,1.0,1.0289788697808342
0.6338697112569268,0.577611269699349,0.7443842820280085,0.7433576722229254,1.0013810442044853,0.7644416454580024,0.7756841269776041,0.5690383454065646,0.5766107470103439,1.0291104540859604,1.0,1.0291104540859604
0.6353309318517434,0.5739828644662202,0.7456947898650613,0.7446856140953325,1.001355170223014,0.7633868253588313,0.7745873776572222,0.56925357832171,0.5768240770011618,1.0292423912697946,1.0,1.0292423912697946
0.6367955209079154,0.5703628043335536,0.747005788312416,0.7460140414317519,1.0013293943888253,0.7623294102913611,0.7734873351108215,0.5694644820884375,0.5770324128622997,1.0293746800932926,1.0,1.0293746800932926
0.6382634861905482,0.5667510701081504,0.7483172673880005,0.7473429427132883,1.0013037183052467,0.761269410098703,0.7723840083424834,0.5696710447111365,0.5772357376993565,1.0295073192934563,1.0,1.0295073192934563
0.6397348354826481,0.5631476426409541,0.7496292170822966,0.7486723063823636,1.0012781435773375,0.7602068347394477,0.7712774065298016,0.5698732543463431,0.5774340348072744,1.0296403075832041,1.0,1.0296403075832041
0.6412095765851614,0.5595525028269541,0.750941627358692,0.7500021208431548,1.0012526718117556,0.7591416942873376,0.7701675390238745,0.5700710993039679,0.577627287672459,1.029773643651243,1.0,1.029773643651243
0.6426877173170193,0.5559656316050752,0.7522544881538344,0.751332374462037,1.0012273046166253,0.7580739989309255,0.7690544153492795,0.5702645680485138,0.5778154799748879,1.0299073261619407,1.0,1.0299073261619407
0.6441692655151768,0.5523870099580832,0.7535677893779897,0.7526630555680327,1.0012020436014017,0.7570037589732225,0.7679380452040251,0.5704536492002799,0.5779985955902035,1.0300413537551978,1.0,1.0300413537551978
0.645654229034655,0.5488166189124826,0.7548815209154012,0.7539941524532631,1.0011768903767368,0.7559309848313348,0.7668184384594818,0.5706383315365551,0.5781766185917917,1.0301757250463222,1.0,1.0301757250463222
0.6471426157485831,0.545254439538414,0.756195672624653,0.7553256533734071,1.0011518465543443,0.7548556870360885,0.7656956051602928,0.5708186039927995,0.5783495332528444,1.030310438625902,1.0,1.030310438625902
0.6486344335482381,0.5417004529495599,0.7575102343390353,0.7566575465481634,1.001126913746862,0.7537778762316435,0.7645695555242639,0.5709944556638126,0.5785173240484093,1.030445493059682,1.0,1.030445493059682
0.6501296903430903,0.5381546403030355,0.7588251958669127,0.7579898201617171,1.0011020935677175,0.7526975631750947,0.7634402999422316,0.5711658758048891,0.5786799756574195,1.0305808868884363,1.0,1.0305808868884363
0.6516283940608423,0.5346169827992953,0.7601405469920951,0.7593224623632125,1.0010773876309895,0.7516147587360642,0.7623078489779098,0.5713328538329634,0.5788374729647104,1.030716618627847,1.0,1.030716618627847
0.6531305526474718,0.5310874616820316,0.7614562774742112,0.7606554612672286,1.0010527975512704,0.7505294738962794,0.7611722133677168,0.5714953793277391,0.578989801063018,1.0308526867683798,1.0,1.0308526867683798
0.6546361740672748,0.527566058238073,0.7627723770490844,0.76198880495426,1.001028324943529,0.749441719749142,0.7600334040205793,0.5716534420328068,0.5791369452549595,1.0309890897751623,1.0,1.0309890897751623
0.6561452663029052,0.5240527537972919,0.764088835429112,0.7633224814712036,1.001003971422971,0.7483515074992839,0.7588914320177153,0.5718070318567482,0.5792788910549976,1.0311258260878606,1.0,1.0311258260878606
0.6576578373554202,0.5205475297324964,0.7654056423036454,0.7646564788318475,1.0009797386048993,0.747258848462114,0.7577463086123966,0.5719561388742268,0.5794156241913856,1.0312628941205608,1.0,1.0312628941205608
0.6591738952443208,0.5170503674593379,0.7667227873393745,0.7659907850173657,1.000955628104576,0.7461637540633512,0.756598045229689,0.5721007533270641,0.5795471306080938,1.0314002922616474,1.0,1.0314002922616474
0.6606934480075953,0.5135612484362098,0.768040260180714,0.7673253879768176,1.0009316415370815,0.745066235838548,0.7554466534661705,0.5722408656253036,0.5796733964667177,1.031538018873684,1.0,1.031538018873684
0.6622165037017618,0.5100801541641486,0.769358050450191,0.7686602756276506,1.000907780517174,0.7439663054326032,0.7542921450896286,0.572376466348259,0.5797944081483657,1.0316760722932958,1.0,1.0316760722932958
0.6637430704019085,0.5066070661867428,0.770676147748837,0.769995435856208,1.0008840466591493,0.7428639745992613,0.7531345320387367,0.5725075462455486,0.5799101522555283,1.0318144508310507,1.0,1.0318144508310507
0.665273156201741,0.5031419660900232,0.7719945416565807,0.7713308565182407,1.0008604415767,0.741759255200604,0.7519738264227068,0.572634096238117,0.5800206156139254,1.031953152771344,1.0,1.031953152771344
0.6668067692136216,0.49968483550237464,0.7733132217326434,0.7726665254394239,1.0008369668827721,0.7406521592065277,0.7508100405209222,0.5727561074192387,0.580125785274334,1.0320921763722815,1.0,1.0320921763722815
0.6683439175686146,0.49623565609443343,0.7746321775159375,0.7740024304158764,1.0008136241894263,0.7395426986942122,0.7496431867825478,0.5728735710555104,0.5802256485143947,1.0322315198655654,1.0,1.0322315198655654
0.6698846094165263,0.49279440957899645,0.7759513985254665,0.775338559214686,1.0007904151076934,0.7384308858475775,0.7484732778261189,0.5729864785878269,0.5803201928403964,1.0323711814563796,1.0,1.0323711814563796
0.671428852925952,0.4893610777109161,0.7772708742607273,0.7766748995744374,1.0007673412474338,0.7373167329567294,0.747300326439108,0.5730948216323403,0.5804094059890385,1.0325111593232774,1.0,1.0325111593232774
0.6729766562843174,0.4859356422870078,0.778590594202115,0.778011439205745,1.000744404217194,0.7362002524173956,0.7461243455774702,0.5731985919814071,0.5804932759291722,1.032651451618069,1.0,1.032651451618069
0.6745280276979214,0.48251808514595473,0.7799105478113298,0.7793481657917894,1.0007216056240653,0.7350814567303499,0.7449453483651662,0.5732977816045175,0.580571790863518,1.0327920564657105,1.0,1.0327920564657105
0.6760829753919817,0.47910838816820767,0.7812307245317857,0.7806850669888579,1.0006989470735395,0.733960358500826,0.7437633480936644,0.5733923826492094,0.5806449392303596,1.0329329719641942,1.0,1.0329329719641942
0.6776415076106749,0.47570653327589496,0.7825511137890214,0.7820221304268885,1.0006764301693665,0.7328369704379208,0.7425783582214198,0.5734823874419671,0.5807127097052159,1.0330741961844396,1.0,1.0330741961844396
0.6792036326171842,0.4723125024327197,0.7838717049911139,0.7833593437100186,1.0006540565134114,0.7317113053539881,0.7413903923733334,0.5735677884891043,0.5807750912024876,1.0332157271701854,1.0,1.0332157271701854
0.680769358693741,0.46892627764386785,0.7851924875290929,0.7846966944171366,1.0006318277055117,0.7305833761640192,0.7401994643401876,0.5736485784776293,0.5808320728770804,1.0333575629378822,1.0,1.0333575629378822
0.682338694141669,0.46554784095591284,0.7865134507773582,0.7860341701024377,1.000609745343333,0.7294531958850161,0.739005588078061,0.5737247502760963,0.5808836441260027,1.0334997014765879,1.0,1.0334997014765879
0.6839116472814292,0.46217717445671846,0.7878345840940988,0.7873717582959826,1.0005878110222264,0.7283207776353525,0.7378087777077216,0.5737962969354385,0.5809297945899385,1.0336421407478624,1.0,1.0336421407478624
0.6854882264526613,0.4588142602753491,0.7891558768217135,0.7887094465042613,1.0005660263350855,0.7271861346341246,0.7366090475139977,0.5738632116897853,0.5809705141547963,1.0337848786856636,1.0,1.0337848786856636
0.6870684400142317,0.45545908058196694,0.790477318287234,0.7900472222107588,1.0005443928722029,0.726049280200493,0.7354064119451276,0.5739254879572623,0.5810057929532291,1.0339279131962467,1.0,1.0339279131962467
0.6886522963442756,0.4521116175877433,0.791798897802749,0.7913850728765253,1.0005229122211259,0.7249102277530126,0.7342008856120879,0.5739831193407752,0.5810356213661315,1.0340712421580613,1.0,1.0340712421580613
0.6902398038402413,0.4487718535447629,0.7931206046658311,0.7927229859407492,1.0005015859665152,0.7237689908089545,0.7329924832878995,0.5740360996287763,0.5810599900241084,1.0342148634216535,1.0,1.0342148634216535
0.6918309709189363,0.4454397707459279,0.7944424281599644,0.7940609488213344,1.0004804156899998,0.7226255829836159,0.731781219906913,0.5740844227960137,0.5810788898089169,1.0343587748095648,1.0,1.0343587748095648
0.6934258060165688,0.44211535152486947,0.7957643575549744,0.7953989489154791,1.000459402970036,0.7214800179896214,0.7305671105640722,0.5741280830042624,0.5810923118548816,1.0345029741162375,1.0,1.0345029741162375
0.6950243175887963,0.43879857825584634,0.7970863821074601,0.7967369736002604,1.0004385493817625,0.7203323096362141,0.7293501705141563,0.5741670746030406,0.5811002475502828,1.0346474591079162,1.0,1.0346474591079162
0.6966265141107681,0.4354894333536572,0.7984084910612261,0.7980750102332191,1.0004178564968593,0.7191824718285372,0.7281304151710004,0.5742013921303052,0.5811026885387143,1.0347922275225547,1.0,1.0347922275225547
0.6982324040771712,0.43218789927354373,0.7997306736477181,0.7994130461529505,1.0003973258834042,0.7180305185669058,0.7269078601066958,0.5742310303131319,0.5810996267204165,1.0349372770697216,1.0,1.0349372770697216
0.6998419960022733,0.42889395851110335,0.8010529190864585,0.8007510686796963,1.0003769591057305,0.7168764639460686,0.7256825210507678,0.5742559840683766,0.5810910542535785,1.035082605430508,1.0,1.035082605430508
0.7014552984199709,0.4256075936021888,0.8023752165854847,0.8020890651159391,1.0003567577242862,0.7157203221544612,0.7244544138893335,0.5742762485033187,0.5810769635556111,1.0352282102574375,1.0,1.0352282102574375
0.703072319883833,0.42232878712282074,0.8036975553417881,0.8034270227470026,1.0003367232954905,0.7145621074734494,0.7232235546642388,0.5742918189162873,0.5810573473043935,1.035374089174377,1.0,1.035374089174377
0.7046930689671463,0.41905752168909327,0.8050199245417544,0.8047649288416511,1.0003168573715935,0.7134018342765627,0.7219899595721727,0.5743026907972677,0.5810321984394861,1.0355202397764471,1.0,1.0355202397764471
0.7063175542629618,0.4157937799570819,0.8063423133616058,0.8061027706526943,1.0002971615005336,0.7122395170287201,0.7207536449637629,0.574308859828491,0.5810015101633177,1.0356666596299375,1.0,1.0356666596299375
0.7079457843841377,0.4125375446227548,0.8076647109678446,0.8074405354175935,1.000277637225799,0.7110751702854456,0.7195146273426503,0.5743103218850054,0.5809652759423398,1.0358133462722208,1.0,1.0358133462722208
0.7095777679633885,0.4092887984218754,0.8089871065176977,0.8087782103590715,1.000258286086285,0.7099088086920748,0.7182729233645408,0.5743070730352274,0.5809234895081519,1.0359602972116693,1.0,1.0359602972116693
0.7112135136533285,0.40604752412991485,0.8103094891595616,0.810115782685723,1.0002391096161543,0.7087404469829534,0.7170285498362406,0.5742991095414762,0.5808761448585951,1.0361075099275727,1.0,1.0361075099275727
0.7128530301265189,0.4028137045619593,0.8116318480334509,0.8114532395926305,1.0002201093446987,0.7075700999806254,0.7157815237146674,0.5742864278604886,0.5808232362588162,1.036254981870058,1.0,1.036254981870058
0.7144963260755132,0.39958732257261853,0.8129541722714457,0.81279056826198,1.0002012867961982,0.7063977825950146,0.7145318621058426,0.5742690246439148,0.5807647582422986,1.0364027104600098,1.0,1.0364027104600098
0.7161434102129017,0.3963683610559381,0.8142764509981409,0.8141277558636802,1.0001826434897836,0.7052235098225963,0.7132795822638656,0.5742468967387963,0.5807007056118642,1.0365506930889934,1.0,1.0365506930889934
0.7177942912713613,0.39315680294530386,0.8155986733310971,0.8154647895559842,1.000164180939297,0.7040472967455602,0.7120247015898635,0.5742200411880242,0.5806310734406406,1.0366989271191789,1.0,1.0366989271191789
0.7194489780036989,0.38995263121335433,0.8169208283812915,0.8168016564861122,1.0001459006531548,0.702869158530966,0.7107672376309263,0.5741884552307781,0.5805558570729988,1.0368474098832672,1.0,1.0368474098832672
0.721107479182899,0.38675582887188975,0.818242905253571,0.818138343790878,1.000127804134211,0.70168911042989,0.7095072080790182,0.574152136302947,0.5804750521254578,1.0369961386844166,1.0,1.0369961386844166
0.7227698036021701,0.38356637897178114,0.8195648930471051,0.8194748385973158,1.0001098928796197,0.7005071677765637,0.7082446307698718,0.57411108203753,0.5803886544875562,1.037145110796173,1.0,1.037145110796173
0.7244359600749898,0.38038426460288544,0.8208867808558403,0.8208111280233107,1.000092168380699,0.6993233459875049,0.7069795236818615,0.574065290265018,0.5802966603226916,1.0372943234623997,1.0,1.0372943234623997
0.7261059574351543,0.37720946889394735,0.8222085577689556,0.8221471991782293,1.0000746321227971,0.6981376605606396,0.7057119049348591,0.5740147590137562,0.5801990660689272,1.0374437738972109,1.0,1.0374437738972109
0.7277798045368234,0.37404197501251635,0.8235302128713178,0.8234830391635538,1.0000572855851553,0.696950127074418,0.7044417927890692,0.5739594865102874,0.5800958684397651,1.0375934592849048,1.0,1.0375934592849048
0.7294575102545686,0.3708817661648538,0.8248517352439391,0.8248186350735167,1.0000401302407764,0.6957607611869203,0.7031692056438459,0.5738994711796751,0.5799870644248859,1.0377433767799011,1.0,1.0377433767799011
0.7311390834834173,0.3677288255958493,0.8261731139644339,0.8261539739957378,1.0000231675562894,0.6945695786349582,0.7018941620364916,0.5738347116458081,0.5798726512908559,1.0378935235066773,1.0,1.0378935235066773
0.7328245331389037,0.36458313658892516,0.8274943381074773,0.827489043011862,1.0000063989918175,0.6933765952331652,0.7006166806410361,0.5737652067316842,0.5797526265817983,1.0380438965597092,1.0,1.0380438965597092
0.7345138681571144,0.36144468246595096,0.8288153967452636,0.8288238291981999,0.999989826000847,0.692181826873083,0.6993367802669985,0.5736909554596757,0.5796269881200338,1.0381944930034126,1.0,1.0381944930034126
0.7362070974947355,0.35831344658715536,0.8301362789479656,0.8301583196263683,0.9999734500300946,0.6909852895222386,0.6980544798581302,0.5736119570517738,0.579495734006684,1.0383453098720858,1.0,1.0383453098720858
0.7379042301291009,0.3551894123510362,0.8314569737841953,0.8314925013639335,0.9999572725193794,0.6897869992232145,0.6967697984911397,0.573528210929815,0.5793588626222417,1.0384963441698551,1.0,1.0384963441698551
0.7396052750582376,0.3520725631942776,0.8327774703214631,0.8328263614750548,0.9999412949014904,0.688586972092713,0.6954827553744011,0.5734397167156855,0.5792163726271081,1.0386475928706222,1.0,1.0386475928706222
0.7413102413009172,0.3489628825916542,0.8340977576266396,0.8341598870211298,0.9999255186020608,0.6873852243206129,0.6941933698466429,0.5733464742315079,0.579068262962093,1.038799052918013,1.0,1.038799052918013
0.7430191378967008,0.3458603540559493,0.8354178247664165,0.83549306506144,0.9999099450394384,0.686181772169019,0.6929016613756216,0.5732484834998066,0.5789145328488822,1.038950721225329,1.0,1.038950721225329
0.7447319739059883,0.34276496113786514,0.836737660807768,0.8368258826537993,0.9998945756245594,0.6849766319713063,0.6916076495567762,0.5731457447436542,0.5787551817904688,1.0391025946754995,1.0,1.0391025946754995
0.7464487584100664,0.33967668742593515,0.8380572548184132,0.8381583268552011,0.999879411760822,0.6837698201311572,0.6903113541118673,0.5730382583867978,0.5785902095715509,1.039254670121037,1.0,1.039254670121037
0.748169500511154,0.3365955165464427,0.8393765958672781,0.8394903847224676,0.9998644548439621,0.6825613531215912,0.6890127948875987,0.5729260250537643,0.5784196162588929,1.0394069443839948,1.0,1.0394069443839948
0.7498942093324554,0.33352143216332464,0.8406956730249578,0.8408220433128999,0.9998497062619289,0.6813512474839905,0.6877119918542227,0.5728090455699479,0.5782434022016519,1.039559414255925,1.0,1.039559414255925
0.7516228940182049,0.33045441797809216,0.8420144753641792,0.8421532896849286,0.9998351673947609,0.6801395198271185,0.6864089651041291,0.572687320961676,0.5780615680316696,1.0397120764978405,1.0,1.0397120764978405
0.7533555637337167,0.32739445772974074,0.8433329919602639,0.8434841108987647,0.9998208396144656,0.6789261868261316,0.685103734850418,0.5725608524562547,0.5778741146637278,1.039864927840178,1.0,1.039864927840178
0.7550922276654337,0.324341535194665,0.844651211891591,0.8448144940170514,0.999806724284897,0.6777112652215866,0.6837963214254577,0.5724296414819966,0.5776810432957691,1.0400179649827628,1.0,1.0400179649827628
0.7568328950209741,0.3212956341865758,0.8459691242400594,0.8461444261055169,0.9997928227616362,0.6764947718184421,0.6824867452794253,0.5722936896682262,0.5774823554090814,1.0401711845947776,1.0,1.0401711845947776
0.7585775750291833,0.3182567385564079,0.8472867180915519,0.8474738942336261,0.9997791363918727,0.6752767234850527,0.6811750269788339,0.5721529988452667,0.5772780527684477,1.040324583314731,1.0,1.040324583314731
0.7603262769401812,0.3152248321922395,0.8486039825363961,0.8488028854752341,0.9997656665142854,0.6740571371521614,0.6798611872050434,0.5720075710444059,0.5770681374222592,1.04047815775043,1.0,1.04047815775043
0.7620790100254119,0.3121998990192034,0.8499209066698291,0.8501313869092394,0.9997524144589279,0.672836029811883,0.6785452467527568,0.5718574084978437,0.5768526117025933,1.0406319044789545,1.0,1.0406319044789545
0.7638357835776904,0.3091819229994075,0.8512374795924583,0.8514593856202365,0.999739381547111,0.6716134185166841,0.6772272265285028,0.571702513638617,0.5766314782252556,1.040785820046632,1.0,1.040785820046632
0.765596606911256,0.3061708881318421,0.852553690410725,0.8527868686991704,0.9997265690912888,0.6703893203783591,0.6759071475491021,0.5715428891005079,0.5764047398897869,1.0409399009690188,1.0,1.0409399009690188
0.7673614893618185,0.3031667784523002,0.8538695282373658,0.8541138232439882,0.9997139783949468,0.669163752566999,0.6745850309401222,0.5713785377179288,0.5761723998794319,1.0410941437308787,1.0,1.0410941437308787
0.7691304402866089,0.30016957803329136,0.8551849821918749,0.8554402363602942,0.9997016107524876,0.6679367323099578,0.6732608979343166,0.5712094625257903,0.5759344616610758,1.0412485447861677,1.0,1.0412485447861677
0.77090346906443,0.297179270983956,0.8565000414009648,0.8567660951620014,0.9996894674491218,0.6667082768908125,0.6719347698700506,0.5710356667593468,0.5756909289851413,1.0414031005580187,1.0,1.0414031005580187
0.772680585095702,0.29419584144998656,0.8578146949990285,0.858091386771985,0.9996775497607575,0.6654784036483202,0.6706066681897147,0.5708571538540242,0.5754418058854527,1.04155780743873,1.0,1.04155780743873
0.7744617978025183,0.29121927361353483,0.8591289321285993,0.8594160983227344,0.9996658589538927,0.6642471299753704,0.6692766144381246,0.5706739274452268,0.5751870966790621,1.0417126617897556,1.0,1.0417126617897556
0.7762471166286912,0.28824955169313493,0.8604427419408116,0.8607402169570052,0.9996543962855073,0.6630144733179325,0.6679446302609081,0.570485991368125,0.5749268059660406,1.041867659941698,1.0,1.041867659941698
0.7780365510398033,0.28528665994361657,0.86175611359586,0.862063729828471,0.9996431630029577,0.6617804511740001,0.6666107374028805,0.5702933496574211,0.5746609386292346,1.0420227981943035,1.0,1.0420227981943035
0.7798301105232586,0.28233058265602184,0.8630690362634592,0.8633866241023735,0.9996321603438731,0.6605450810925315,0.6652749577064068,0.5700960065470997,0.5743894998339839,1.0421780728164591,1.0,1.0421780728164591
0.7816278045883294,0.27938130415752505,0.864381499123302,0.8647088869561732,0.9996213895360511,0.6593083806723863,0.663937313109753,0.5698939664701539,0.5741124950278068,1.0423334800461943,1.0,1.0423334800461943
0.7834296427662113,0.2764388088113445,0.8656934913655174,0.8660305055801983,0.9996108517973565,0.6580703675612581,0.6625978256454249,0.5696872340582949,0.5738299299400474,1.042489016090682,1.0,1.042489016090682
0.7852356346100712,0.27350308101666276,0.8670050021911279,0.8673514671782937,0.9996005483356211,0.6568310594546045,0.6612565174384969,0.5694758141416402,0.5735418105814892,1.0426446771262448,1.0,1.0426446771262448
0.7870457896950979,0.27057410520854286,0.8683160208125057,0.8686717589684679,0.9995904803485443,0.6555904740945732,0.659913410704928,0.5692597117483839,0.5732481432439308,1.0428004592983628,1.0,1.0428004592983628
0.7888601176185542,0.2676518658578457,0.8696265364538287,0.8699913681835403,0.9995806490235951,0.6543486292689252,0.6585685277498693,0.5690389321044459,0.5729489344997286,1.0429563587216837,1.0,1.0429563587216837
0.7906786279998248,0.2647363474711517,0.8709365383515352,0.8713102820717857,0.9995710555379171,0.653105542809956,0.6572218909659591,0.5688134806331034,0.5726441912013022,1.0431123714800352,1.0,1.0431123714800352
0.7925013304804712,0.26182753459067154,0.8722460157547777,0.8726284878975797,0.999561701058232,0.6518612325934122,0.6558735228316093,0.5685833629546022,0.5723339204806059,1.0432684936264418,1.0,1.0432684936264418
0.7943282347242808,0.2589254117941684,0.8735549579258763,0.8739459729420409,0.9995525867407475,0.6506157165374062,0.6545234459092814,0.5683485848857478,0.5720181297485641,1.0434247211831424,1.0,1.0434247211831424
0.7961593504173187,0.2560299636948751,0.8748633541407709,0.8752627245036725,0.9995437137310651,0.6493690126013297,0.653171682843753,0.5681091524394798,0.571696826694472,1.0435810501416107,1.0,1.0435810501416107
0.7979946872679764,0.2531411749414163,0.8761711936894717,0.8765787298990031,0.9995350831640891,0.6481211387847625,0.6518182563603755,0.5678650718244251,0.5713700192853608,1.0437374764625797,1.0,1.0437374764625797
0.799834255007028,0.2502590302177208,0.87747846587651,0.8778939764632253,0.9995266961639385,0.6468721131263806,0.6504631892633224,0.5676163494444327,0.5710377157653296,1.0438939960760676,1.0,1.0438939960760676
0.8016780633876786,0.2473835142429439,0.8787851600213866,0.8792084515508326,0.9995185538438588,0.6456219537028621,0.6491065044338296,0.5673629918980899,0.570699924654841,1.044050604881407,1.0,1.044050604881407
0.8035261221856166,0.24451461177138611,0.8800912654590198,0.8805221425362548,0.9995106573061366,0.6443706786277911,0.6477482248284268,0.56710500597822,0.570356654749982,1.0442072987472766,1.0,1.0442072987472766
0.8053784411990664,0.2416523075924113,0.8813967715401921,0.8818350368144926,0.9995030076420147,0.6431183060505588,0.646388373477162,0.5668423986713597,0.5700079151216932,1.0443640735117359,1.0,1.0443640735117359
0.8072350302488379,0.23879658653036961,0.8827016676319959,0.8831471218017487,0.9994956059316096,0.6418648541552644,0.6450269734818174,0.5665751771572197,0.5696537151149599,1.0445209249822627,1.0,1.0445209249822627
0.8090958991783819,0.23594743344451108,0.8840059431182766,0.8844583849360579,0.9994884532438302,0.6406103411596142,0.6436640480141176,0.5663033488081257,0.5692940643479717,1.0446778489357926,1.0,1.0446778489357926
0.8109610578538402,0.23310483322890985,0.8853095874000771,0.8857688136779156,0.999481550636298,0.6393547853138186,0.6422996203139331,0.5660269211884417,0.5689289727112481,1.0448348411187638,1.0,1.0448348411187638
0.8128305161640985,0.23026877081238273,0.886612589896078,0.8870783955109037,0.9994748991552687,0.6380982048994882,0.6409337136874741,0.5657459020539736,0.5685584503667295,1.0449918972471612,1.0,1.0449918972471612
0.8147042840208394,0.22743923115840747,0.8879149400430382,0.8883871179423145,0.999468499835556,0.6368406182285299,0.6395663515054802,0.5654602993513564,0.5681825077468349,1.0451490130065664,1.0,1.0451490130065664
0.816582371358592,0.22461619926504928,0.8892166272962332,0.8896949685037718,0.9994623537004563,0.6355820436420404,0.6381975572014036,0.5651701212174225,0.5678011555534869,1.0453061840522089,1.0,1.0453061840522089
0.8184647881347894,0.2217996601648724,0.890517641129893,0.8910019347518515,0.9994564617616757,0.6343224995092003,0.6368273542695849,0.5648753759785508,0.5674144047571029,1.0454634060090213,1.0,1.0454634060090213
0.8203515443298176,0.21898959892486758,0.8918179710376372,0.8923080042686974,0.999450825019258,0.6330620042261665,0.6354557662634267,0.5645760721499999,0.5670222665955541,1.0456206744716965,1.0,1.0456206744716965
0.8222426499470703,0.21618600064636917,0.8931176065329094,0.8936131646626366,0.9994454444615145,0.6318005762149659,0.6340828167935589,0.5642722184352233,0.5666247525730911,1.0457779850047484,1.0,1.0457779850047484
0.824138115013002,0.21338885046497746,0.8944165371494094,0.8949174035687912,0.9994403210649558,0.6305382339223863,0.6327085295260017,0.563963823725165,0.5662218744592373,1.045935333142576,1.0,1.045935333142576
0.8260379495771784,0.21059813355048296,0.8957147524415248,0.8962207086496881,0.9994354557942255,0.6292749958188689,0.631332928180322,0.5636508970975397,0.5658136442876508,1.0460927143895296,1.0,1.0460927143895296
0.8279421637123336,0.20781383510678086,0.897012241984759,0.8975230675958655,0.9994308496020333,0.6280108803974008,0.6299560365277885,0.5633334478160948,0.5654000743549539,1.04625012421998,1.0,1.04625012421998
0.8298507675144218,0.2050359403717985,0.8983089953761603,0.8988244681264774,0.9994265034290938,0.6267459061724067,0.6285778783895201,0.5630114853298558,0.56498117721953,1.0464075580783925,1.0,1.0464075580783925
0.8317637711026709,0.20226443461741317,0.899605002234746,0.9001248979898947,0.999422418204063,0.6254800916786409,0.6271984776346322,0.5626850192723529,0.5645569657002906,1.0465650113794014,1.0,1.0465650113794014
0.833681184619634,0.19949930314937925,0.9009002522019275,0.9014243449643036,0.9994185948434787,0.6242134554700813,0.6258178581783809,0.562354059460833,0.5641274528754104,1.0467224795078898,1.0,1.0467224795078898
0.8356030182312476,0.19674053130724412,0.9021947349419318,0.902722796858301,0.9994150342517027,0.6229460161188217,0.6244360439803023,0.5620186158954528,0.5636926520810316,1.0468799578190713,1.0,1.0468799578190713
0.8375292821268819,0.19398810446427417,0.9034884401422222,0.9040202415114876,0.9994117373208632,0.6216777922139659,0.6230530590423505,0.5616786987584566,0.5632525769099369,1.0470374416385744,1.0,1.0470374416385744
0.8394599865193967,0.1912420080273758,0.9047813575139158,0.9053166667950564,0.9994087049307998,0.6204088023605234,0.621668927407034,0.561334318413337,0.562807241210194,1.0471949262625324,1.0,1.0471949262625324
0.8413951416451949,0.18850222743701872,0.9060734767922008,0.9066120606123795,0.9994059379490111,0.6191390651783049,0.6202836731555489,0.5609854854039797,0.5623566590837679,1.047352406957673,1.0,1.047352406957673
0.8433347577642751,0.18576874816716038,0.9073647877367504,0.9079064108995909,0.999403437230602,0.6178685993008185,0.6188973204059112,0.5606322104537905,0.5619008448851049,1.0475098789614143,1.0,1.0475098789614143
0.8452788451602894,0.18304155572516545,0.9086552801321353,0.909199705626166,0.9994012036182349,0.6165974233741693,0.6175098933110886,0.5602745044648086,0.561439813219687,1.0476673374819618,1.0,1.0476673374819618
0.8472274141405959,0.1803206356517304,0.9099449437882331,0.9104919327954988,0.9993992379420801,0.6153255560559585,0.6161214160571306,0.5599123785168024,0.5609735789425565,1.0478247776984095,1.0,1.0478247776984095
0.849180475036313,0.17760597352080842,0.9112337685406382,0.9117830804454733,0.9993975410197712,0.6140530160141842,0.6147319128612978,0.5595458438663499,0.5605021571568124,1.047982194760845,1.0,1.047982194760845
0.8511380382023763,0.17489755493952974,0.9125217442510665,0.9130731366490346,0.9993961136563587,0.6127798219261447,0.6133414079701922,0.5591749119459034,0.5600255632120785,1.0481395837904557,1.0,1.0481395837904557
0.8531001140175891,0.17219536554813097,0.9138088608077595,0.9143620895147534,0.9993949566442683,0.6115059924773435,0.6119499256578863,0.5587995943628395,0.559543812702943,1.0482969398796405,1.0,1.0482969398796405
0.8550667128846828,0.16949939101987166,0.9150951081258865,0.9156499271873889,0.9993940707632591,0.6102315463603952,0.6105574902240538,0.5584199028984927,0.5590569214673697,1.048454258092123,1.0,1.048454258092123
0.857037845230369,0.16680961706096342,0.9163804761479433,0.9169366378484475,0.9993934567803843,0.6089565022739349,0.6091641259920997,0.5580358495071746,0.558564905585084,1.0486115334630703,1.0,1.0486115334630703
0.8590135215053949,0.16412602941049248,0.91766495484415,0.918222209716737,0.9993931154499531,0.607680878921529,0.6077698573072924,0.5576474463151783,0.5580677813759279,1.048768760999212,1.0,1.048768760999212
0.8609937521846004,0.16144861384034304,0.9189485342128454,0.9195066310489178,0.9993930475134956,0.6064046950105882,0.6063747085348975,0.5572547056197676,0.5575655653981931,1.048925935678965,1.0,1.048925935678965
0.8629785477669699,0.15877735615512667,0.9202312042808797,0.9207898901400503,0.9993932536997276,0.6051279692512841,0.604978704058312,0.5568576398881523,0.5570582744469231,1.049083052452561,1.0,1.049083052452561
0.8649679187756927,0.15611224219209974,0.9215129551040047,0.9220719753241379,0.999393734724519,0.6038507203554666,0.6035818682772015,0.556456261756448,0.5565459255521927,1.049240106242176,1.0,1.049240106242176
0.8669618757582159,0.1534532578210932,0.922793776767261,0.9233528749746659,0.9993944912908619,0.602572967035586,0.6021842256056394,0.5560505840286227,0.55602853597736,1.0493970919420659,1.0,1.0493970919420659
0.8689604292863017,0.15080038894443604,0.9240736593853641,0.9246325775051366,0.9993955240888434,0.601294728003617,0.600785800470249,0.5556406196754295,0.5555061232172931,1.0495540044187028,1.0,1.0495540044187028
0.8709635899560804,0.14815362149688305,0.9253525931030865,0.9259110713696012,0.9993968337956165,0.6000160219699854,0.5993866173083473,0.5552263818333245,0.554978704996573,1.049710838510916,1.0,1.049710838510916
0.8729713683881112,0.14551294144553628,0.9266305680956382,0.9271883450631855,0.9993984210753757,0.5987368676424983,0.5979867005660942,0.5548078838033711,0.5544462992676715,1.0498675890300366,1.0,1.0498675890300366
0.8749837752274354,0.1428783347897724,0.9279075745690445,0.9284643871226131,0.9994002865793331,0.5974572837252784,0.5965860746966427,0.5543851390501325,0.5539089242091039,1.0500242507600441,1.0,1.0500242507600441
0.877000821143634,0.14024978756116968,0.9291836027605213,0.9297391861267236,0.9994024309456968,0.5961772889177006,0.5951847641582957,0.5539581612005492,0.5533665982235597,1.0501808184577188,1.0,1.0501808184577188
0.8790225168308842,0.1376272858234311,0.9304586429388475,0.9310127306969868,0.9994048547996498,0.5948969019133318,0.5937827934126639,0.5535269640428033,0.552819339936009,1.0503372868527951,1.0,1.0503372868527951
0.8810488730080138,0.13501081567231532,0.931732685404735,0.9322850094980119,0.999407558753332,0.5936161413988759,0.5923801869228307,0.5530915615251715,0.5522671681917852,1.0504936506481197,1.0,1.0504936506481197
0.8830799004185622,0.1324003632355577,0.9330057204911958,0.933556011238053,0.9994105434058237,0.5923350260531217,0.5909769691515202,0.552651967754864,0.5517101020546471,1.0506499045198132,1.0,1.0506499045198132
0.8851156098308348,0.12979591467279872,0.9342777385639071,0.9348257246695097,0.9994138093431303,0.5910535745458941,0.5895731645592713,0.5522081969968516,0.551148160804817,1.0508060431174346,1.0,1.0508060431174346
0.8871560120379601,0.12719745617551137,0.9355487300215726,0.9360941385894235,0.999417357138169,0.5897718055370105,0.588168797602616,0.55176026367268,0.5505813639369977,1.0509620610641501,1.0,1.0509620610641501
0.8892011178579482,0.12460497396692682,0.9368186852962822,0.937361241839969,0.9994211873507572,0.58848973767524,0.5867638927322638,0.5513081823592724,0.5500097311583692,1.0511179529569041,1.0,1.0511179529569041
0.8912509381337451,0.12201845430196401,0.9380875948538681,0.9386270233089408,0.9994253005276036,0.5872073895972689,0.5853584743912931,0.5508519677877203,0.5494332823865622,1.051273713366595,1.0,1.051273713366595
0.8933054837332947,0.11943788346715234,0.9393554491942584,0.9398914719302359,0.9994296972022986,0.5859247799266678,0.5839525670133463,0.550391634842062,0.5488520377476138,1.051429336838254,1.0,1.051429336838254
0.8953647655495931,0.11686324778056201,0.9406222388518278,0.9411545766843313,0.9994343778953093,0.584641927272866,0.5825461950208336,0.5499271985580507,0.5482660175739006,1.0515848178912264,1.0,1.0515848178912264
0.8974287945007476,0.11429453359173092,0.9418879543957455,0.9424163265987567,0.9994393431139736,0.5833588502301285,0.5811393828231424,0.5494586741219097,0.5476752424020545,1.0517401510193594,1.0,1.0517401510193594
0.8994975815300349,0.11173172728159164,0.9431525864303206,0.9436767107485619,0.9994445933524995,0.5820755673765382,0.5797321548148539,0.5489860768690784,0.5470797329708573,1.0518953306911893,1.0,1.0518953306911893
0.9015711376059564,0.10917481526240169,0.9444161255953437,0.9449357182567804,0.9994501290919607,0.5807920972729842,0.5783245353739669,0.5485094222829457,0.5464795102191182,1.052050351350135,1.0,1.052050351350135
0.9036494737223009,0.10662378397766714,0.9456785625664261,0.9461933382948873,0.9994559508002996,0.5795084584621529,0.5769165488601296,0.5480287259935742,0.5458745952835314,1.0522052074146948,1.0,1.0522052074146948
0.9057326008981994,0.10407861990207401,0.9469398880553369,0.9474495600832527,0.9994620589323289,0.5782246694675257,0.5755082196128781,0.547544003776413,0.5452650094965173,1.0523598932786462,1.0,1.0523598932786462
0.9078205301781856,0.10153930954141499,0.9482000928103352,0.9487043728915893,0.9994684539297347,0.5769407487923814,0.5740995719498843,0.5470552715510004,0.5446507743840447,1.0525144033112486,1.0,1.0525144033112486
0.9099132726322513,0.09900583943252128,0.9494591676165008,0.9499577660393961,0.9994751362210827,0.5756567149188041,0.572690630165211,0.5465625453796571,0.5440319116634379,1.052668731857451,1.0,1.052668731857451
0.9120108393559093,0.09647819614318554,0.9507171032960618,0.9512097288963963,0.9994821062218255,0.5743725863066957,0.5712814185275764,0.5460658414661691,0.5434084432411647,1.052822873238102,1.0,1.052822873238102
0.9141132414702496,0.09395636627209458,0.9519738907087184,0.9524602508829704,0.999489364334311,0.5730883813927954,0.5698719612786268,0.5455651761544613,0.5427803912106113,1.0529768217501645,1.0,1.0529768217501645
0.9162204901219989,0.09144033644875749,0.9532295207519639,0.9537093214705835,0.999496910947793,0.5718041185897024,0.5684622826312187,0.5450605659272612,0.5421477778498386,1.0531305716669321,1.0,1.0531305716669321
0.9183325964835807,0.0889300933334336,0.9544839843614031,0.9549569301822084,0.9995047464384441,0.5705198162849073,0.5670524067677102,0.5445520274047541,0.5415106256193255,1.053284117238252,1.0,1.053284117238252
0.920449571753171,0.08642562361706596,0.9557372725110672,0.956203066592743,0.9995128711693683,0.5692354928398267,0.5656423578382619,0.544039577343229,0.5408689571596957,1.0534374526907482,1.0,1.0534374526907482
0.9225714271547627,0.083926914021204,0.9569893762137256,0.9574477203294222,0.9995212854906178,0.5679511665888448,0.5642321599591476,0.5435232326337164,0.5402227952894317,1.0535905722280496,1.0,1.0535905722280496
0.9246981739382218,0.08143395129793896,0.9582402865211945,0.958690881072225,0.9995299897392093,0.5666668558383613,0.5628218372110748,0.5430030103006157,0.5395721630025737,1.053743470031024,1.0,1.053743470031024
0.9268298233793484,0.07894672222982968,0.9594899945246425,0.9599325385542763,0.9995389842391421,0.5653825788658442,0.5614114136375162,0.5424789275003171,0.5389170834664058,1.0538961402580105,1.0,1.0538961402580105
0.9289663867799361,0.07646521362983516,0.9607384913548926,0.9611726825622426,0.9995482693014198,0.5640983539188904,0.5600009132430507,0.541951001519813,0.5382575800191287,1.0540485770450607,1.0,1.0540485770450607
0.9311078754678299,0.07398941234124523,0.9619857681827222,0.9624113029367232,0.9995578452240715,0.562814199214291,0.5585903599917159,0.5414192497753033,0.5375936761675205,1.0542007745061797,1.0,1.0542007745061797
0.9332543007969905,0.07151930523760708,0.9632318162191579,0.9636483895726354,0.999567712292175,0.561530132937104,0.5571797778053716,0.5408836898107918,0.5369253955845852,1.0543527267335733,1.0,1.0543527267335733
0.9354056741475512,0.06905487922265885,0.9644766267157686,0.964883932419595,0.9995778707778821,0.5602461732397327,0.5557691905620736,0.5403443392966755,0.5362527621071889,1.054504427797896,1.0,1.054504427797896
0.9375620069258793,0.06659612123025882,0.9657201909649553,0.9661179214822906,0.9995883209404448,0.5589623382410116,0.5543586220944592,0.5398012160283276,0.5355757997336855,1.0546558717485062,1.0,1.0546558717485062
0.9397233105646375,0.06414301822431634,0.9669625003002368,0.9673503468208523,0.9995990630262447,0.5576786460252975,0.5529480961881454,0.5392543379246724,0.5348945326215325,1.0548070526137208,1.0,1.0548070526137208
0.9418895965228409,0.061695557198725215,0.9682035460965323,0.9685811985512162,0.9996100972688209,0.556395114641569,0.5515376365801372,0.5387037230267537,0.5342089850848943,1.0549579644010763,1.0,1.0549579644010763
0.9440608762859227,0.05925372517728955,0.9694433197704415,0.9698104668454813,0.9996214238889027,0.5551117621025313,0.5501272669572492,0.5381493894962975,0.5335191815922387,1.0551086010975925,1.0,1.0551086010975925
0.9462371613657923,0.056817509213659356,0.9706818127805206,0.9710381419322633,0.9996330430944415,0.5538286063837288,0.5487170109545387,0.5375913556142672,0.5328251467639207,1.0552589566700392,1.0,1.0552589566700392
0.948418463300897,0.05438689639125904,0.971919016627555,0.9722642140970408,0.999644955080645,0.5525456654226643,0.5473068921537511,0.5370296397794139,0.5321269053697606,1.055409025065208,1.0,1.055409025065208
0.9506047936562811,0.05196187382322326,0.9731549228548294,0.9734886736824963,0.9996571600300141,0.5512629571179247,0.5458969340817781,0.5364642605068192,0.5314244823266112,1.0555588002101848,1.0,1.0555588002101848
0.9527961640236514,0.04954242865232272,0.974389523048393,0.9747115110888528,0.9996696581123782,0.5499804993283155,0.5444871602091296,0.5358952364264343,0.530717902695919,1.055708276012629,1.0,1.055708276012629
0.9549925860214353,0.047128548050900276,0.9756228088373232,0.9759327167742036,0.9996824494849351,0.5486983098720003,0.5430775939484166,0.5353225862816129,0.530007191681276,1.0558574463610544,1.0,1.0558574463610544
0.9571940712948436,0.04472021922080094,0.976854771893985,0.9771522812548364,0.9996955342922912,0.5474164065256492,0.541668258652849,0.534746328927638,0.5292923746259661,1.056006305125113,1.0,1.056006305125113
0.9594006315159329,0.04231742939330441,0.978085403934286,0.9783701951055528,0.9997089126665024,0.5461348070235936,0.5402591776147453,0.5341664833302449,0.5285734770105038,1.0561548461558843,1.0,1.0561548461558843
0.9616122783836643,0.03992016582905955,0.9793146967179305,0.9795864489599806,0.9997225847271176,0.544853529056989,0.5388503740640571,0.5335830685641393,0.5278505244501669,1.0563030632861659,1.0,1.0563030632861659
0.96382902362397,0.03752841581801314,0.9805426420486675,0.9808010335108822,0.9997365505812226,0.5435725902729848,0.5374418711669064,0.5329961038115103,0.5271235426925243,1.0564509503307697,1.0,1.0564509503307697
0.9660508789898127,0.035142166679344555,0.9817692317745372,0.9820139395104556,0.9997508103234866,0.5422920082739019,0.5360336920241366,0.5324056083605396,0.5263925576149567,1.0565985010868193,1.0,1.0565985010868193
0.9682778562612483,0.0327614057613983,0.9829944577881129,0.9832251577706309,0.9997653640362081,0.5410118006164176,0.534625859669878,0.5318116016039061,0.5256575952221749,1.0567457093340524,1.0,1.0567457093340524
0.9705099672454894,0.03038612044161626,0.9842183120267401,0.9844346791633606,0.9997802117893649,0.5397319848107591,0.533218397070127,0.5312141030372874,0.5249186816437319,1.0568925688351263,1.0,1.0568925688351263
0.9727472237769647,0.028016298126473993,0.9854407864727721,0.9856424946209037,0.9997953536406634,0.5384525783199032,0.5318113271213397,0.5306131322578573,0.5241758431315308,1.0570390733359263,1.0,1.0570390733359263
0.9749896377173863,0.02565192625140833,0.9866618731538015,0.9868485951361051,0.9998107896355896,0.537173598558785,0.5304046726490406,0.530008708962779,0.5234291060573314,1.0571852165658777,1.0,1.0571852165658777
0.9772372209558099,0.023292992280754987,0.987881564142889,0.9880529717626685,0.9998265198074616,0.535895062893514,0.5289984564064438,0.5294008529476965,0.5226784969102513,1.0573309922382625,1.0,1.0573309922382625
0.9794899854086979,0.02093948370768106,0.9890998515587887,0.9892556156154237,0.9998425441774842,0.5346169886405984,0.5275927010730918,0.5287895841052225,0.5219240422942656,1.057476394050536,1.0,1.057476394050536
0.9817479430199841,0.018591388054117086,0.9903167275661687,0.9904565178705884,0.999858862754803,0.5333393930661765,0.5261874292535059,0.5281749224234225,0.5211657689257041,1.0576214156846515,1.0,1.0576214156846515
0.9840111057611333,0.01624869287069619,0.9915321843758303,0.9916556697660239,0.9998754755365613,0.5320622933852578,0.5247826634758548,0.5275568879842986,0.5204037036307467,1.0577660508073836,1.0,1.0577660508073836
0.9862794856312098,0.01391138573668016,0.9927462142449219,0.9928530626014849,0.9998923825079584,0.5307857067609699,0.5233784261906355,0.5269355009622682,0.5196378733429177,1.0579102930706588,1.0,1.0579102930706588
0.988553094656938,0.01157945425989948,0.9939588094771499,0.994048687738864,0.9999095836423078,0.5295096503038157,0.5219747397693713,0.5263107816226426,0.5188683051005786,1.0580541361118863,1.0,1.0580541361118863
0.9908319448927675,0.009252886076684508,0.9951699624229867,0.9952425366024307,0.9999270789010971,0.5282341410709371,0.5205716265033237,0.5256827503201031,0.5180950260444209,1.058197573554294,1.0,1.058197573554294
0.9931160484209335,0.006931668851804407,0.9963796654798748,0.996434600679063,0.9999448682340509,0.5269591960653883,0.5191691086022213,0.5250514274971754,0.5173180634149595,1.058340599007267,1.0,1.058340599007267
0.9954054173515264,0.004615790278395648,0.9975879110924263,0.9976248715184753,0.9999629515791915,0.5256848322354161,0.5177672081930025,0.5244168336827013,0.5165374445500238,1.0584832060666896,1.0,1.0584832060666896
0.9977000638225526,0.0023052380779002846,0.9987946917526211,0.9988133407334395,0.9999813288629038,0.5244110664737492,0.5163659473185748,0.5237789894903117,0.5157531968822529,1.05862538831529,1.0,1.05862538831529
1.0,0.0,1.0,1.0,1.0,0.5231379156168965,0.5149653479365899,0.5231379156168965,0.5149653479365899,1.0587671393229894,1.0,1.0587671393229894
