#        weight    minuslogpost           alpha        omega_m0        omega_r0           ombh2            logA              ns             tau        A_planck   minuslogprior minuslogprior__0            chi2 chi2__likelihoods.kgb_joint_likelihood.KGBJointLikelihood
              1       1213.6794      0.28741625      0.31753838   9.4015379e-05     0.022202903       3.0039231      0.96972218     0.037990302       1.0009125      -24.280118       -24.280118       2475.9191                                                 2475.9191
              4       1216.8267      0.30529124      0.31938546   9.4155193e-05     0.022248577       3.0225785       0.9625169     0.042475499       1.0041343      -24.280118       -24.280118       2482.2136                                                 2482.2136
              1       1216.4983      0.33013241       0.3196037    9.424427e-05     0.022300278       3.0249236      0.96254373      0.04325193       1.0043728      -24.280118       -24.280118       2481.5568                                                 2481.5568
              2       1212.9697      0.33599134      0.31681041   9.3823708e-05     0.022185251       2.9939909      0.95909319     0.033903525      0.99889601      -24.280118       -24.280118       2474.4996                                                 2474.4996
              3       1211.6811      0.34002843      0.31553866   9.3553974e-05     0.022173175       3.0039216      0.96325402     0.038739225      0.99897752      -24.280118       -24.280118       2471.9224                                                 2471.9224
              1       1206.6225      0.26215682      0.31089158   9.2155539e-05     0.022470276       2.9911373       0.9687561     0.034147495      0.99783366      -24.280118       -24.280118       2461.8052                                                 2461.8052
              1       1206.0754      0.21217494       0.3091135   9.1730539e-05     0.022400326       2.9919523      0.96906694     0.034894934      0.99774684      -24.280118       -24.280118        2460.711                                                  2460.711
              2       1207.6038      0.26184172      0.30919562   9.2239223e-05     0.022359296       3.0050655      0.96717061     0.042188588      0.99861293      -24.280118       -24.280118       2463.7678                                                 2463.7678
              1       1207.4476      0.24318414      0.30845246   9.2068202e-05     0.022331264       3.0008533      0.96695382     0.040582841      0.99808768      -24.280118       -24.280118       2463.4554                                                 2463.4554
              5        1206.356      0.26886636      0.30791942   9.2063935e-05     0.022303157       3.0037025      0.96381974     0.039980803      0.99977897      -24.280118       -24.280118       2461.2721                                                 2461.2721
              2       1206.2467      0.27579952      0.30777636   9.1498357e-05     0.022623622       2.9939571      0.96375474     0.033172462       0.9988963      -24.280118       -24.280118       2461.0536                                                 2461.0536
              2       1207.7647      0.34523933      0.31121232   9.2602225e-05     0.022535562       2.9763985      0.96519058     0.022163143       1.0002944      -24.280118       -24.280118       2464.0896                                                 2464.0896
              2       1206.8502      0.31590895      0.31032388   9.2488528e-05     0.022461023       2.9746034      0.97095393     0.022860878       1.0006826      -24.280118       -24.280118       2462.2606                                                 2462.2606
              1       1206.2758      0.29404415      0.30971812   9.2133445e-05     0.022491288       2.9527036      0.96932697     0.012784702       1.0002905      -24.280118       -24.280118       2461.1119                                                 2461.1119
              2       1205.8561      0.28669906       0.3081046   9.1975579e-05     0.022420931       2.9504944      0.96811962     0.012211155       1.0005786      -24.280118       -24.280118       2460.2725                                                 2460.2725
              1       1206.3115      0.28135535      0.30829428    9.193639e-05     0.022453166       2.9471539      0.96764796     0.010614538       1.0003835      -24.280118       -24.280118       2461.1833                                                 2461.1833
              1       1206.5908       0.2683084      0.30794144   9.1818781e-05     0.022460289       2.9497694      0.96824344     0.011963137        1.000423      -24.280118       -24.280118       2461.7418                                                 2461.7418
              3       1206.5232      0.26862173      0.30802704   9.1838862e-05       0.0224577       2.9497373      0.96826975     0.011792718       1.0005162      -24.280118       -24.280118       2461.6067                                                 2461.6067
              5       1206.4801      0.27100649      0.30849077   9.1970955e-05     0.022407694       2.9496963      0.96848463     0.012267937       1.0003041      -24.280118       -24.280118       2461.5204                                                 2461.5204
              7       1205.8615       0.2666898      0.30770305   9.1839048e-05     0.022358074       2.9484338      0.96803351     0.011941906       1.0000862      -24.280118       -24.280118       2460.2832                                                 2460.2832
              2       1205.7205      0.26913337      0.30834265   9.1944778e-05     0.022328893       2.9537215      0.96932901     0.013547498       1.0008125      -24.280118       -24.280118       2460.0013                                                 2460.0013
              1       1204.5877      0.32077856      0.30971132   9.2286413e-05     0.022404179       2.9614275      0.96716239     0.017357296      0.99986836      -24.280118       -24.280118       2457.7356                                                 2457.7356
              3        1204.376      0.29547415       0.3085743   9.1923871e-05     0.022449907       2.9649684      0.96812033     0.019227913      0.99969492      -24.280118       -24.280118       2457.3123                                                 2457.3123
              2       1204.2502      0.28713181      0.30782173    9.175787e-05     0.022431533       2.9647067      0.96825718     0.018921318      0.99982484      -24.280118       -24.280118       2457.0606                                                 2457.0606
              1       1205.5169      0.21674067      0.30264763   9.0660252e-05      0.02248031       2.9901624      0.96563572     0.031385901       1.0007471      -24.280118       -24.280118        2459.594                                                  2459.594
              2       1205.3351       0.1792737      0.30113971   9.0133693e-05     0.022535856       2.9887134      0.96693846     0.031455337       1.0000344      -24.280118       -24.280118       2459.2304                                                 2459.2304
              3       1204.7374      0.17021096      0.30031812   8.9880241e-05     0.022533417        2.988004      0.96617473     0.030460324       1.0002982      -24.280118       -24.280118        2458.035                                                  2458.035
              3       1204.5645      0.17308663      0.30072345   8.9912107e-05     0.022545159        2.993751      0.96589432      0.03268437       1.0010692      -24.280118       -24.280118       2457.6892                                                 2457.6892
              2       1204.6816      0.17557064      0.30093463   8.9860164e-05     0.022580896       2.9960589      0.96573755      0.03447494       1.0004835      -24.280118       -24.280118       2457.9235                                                 2457.9235
              2       1205.0944      0.21929091      0.30481873   9.1119884e-05     0.022304559       3.0003616      0.96309107     0.038449756      0.99868941      -24.280118       -24.280118        2458.749                                                  2458.749
              2       1205.8467      0.16387401      0.30288629    9.061898e-05     0.022226118       2.9862442      0.96526181     0.033988746       0.9970094      -24.280118       -24.280118       2460.2536                                                 2460.2536
              3         1206.46      0.22707568      0.30405543   9.0868168e-05     0.022269848       2.9838355      0.96676901     0.029169625       1.0000912      -24.280118       -24.280118       2461.4802                                                 2461.4802
              6       1207.3833      0.20364205       0.3029081    9.053741e-05     0.022258893       2.9873766      0.96725167     0.031245574      0.99996794      -24.280118       -24.280118       2463.3268                                                 2463.3268
              1       1208.5313      0.23069519      0.30329082   9.0855158e-05     0.022207153       2.9673569      0.96788495     0.025819797      0.99506533      -24.280118       -24.280118       2465.6228                                                 2465.6228
              2       1205.2379      0.32368803       0.3069374   9.2109192e-05     0.022302009         2.98866        0.970654     0.038100234      0.99459534      -24.280118       -24.280118       2459.0359                                                 2459.0359
              2       1205.3001      0.33155312      0.30681574   9.2079633e-05     0.022321921       2.9910244      0.96845702     0.040003446      0.99388782      -24.280118       -24.280118       2459.1604                                                 2459.1604
              4       1204.9606      0.36156894      0.30828783   9.2429835e-05     0.022352834       2.9948796      0.96640243     0.039837386      0.99460251      -24.280118       -24.280118       2458.4815                                                 2458.4815
              3        1205.162      0.35449085      0.30825998   9.2406445e-05     0.022353947       2.9949252      0.96653533     0.040051093       0.9944289      -24.280118       -24.280118       2458.8843                                                 2458.8843
              2       1204.1568      0.37445883      0.30939881   9.2609735e-05     0.022390032       2.9937693      0.96756364     0.039056885      0.99472755      -24.280118       -24.280118       2456.8738                                                 2456.8738
              1       1204.1589      0.37439825      0.30939613   9.2608831e-05     0.022390095       2.9937633      0.96756589     0.039052892      0.99472687      -24.280118       -24.280118        2456.878                                                  2456.878
              6       1204.4152       0.3715933      0.30916944   9.2559447e-05     0.022389809       2.9948336      0.96738846     0.040030609      0.99436206      -24.280118       -24.280118       2457.3906                                                 2457.3906
              2       1204.8585      0.44127606      0.31088297   9.3004706e-05     0.022417263       3.0083911      0.96629619      0.04443429      0.99605657      -24.280118       -24.280118       2458.2772                                                 2458.2772
              2       1204.5206      0.50586082      0.31088087   9.3166652e-05     0.022573852       3.0024568      0.96557572     0.040629963      0.99686003      -24.280118       -24.280118       2457.6015                                                 2457.6015
              6       1204.9375      0.54517198       0.3126038    9.366925e-05     0.022553268       2.9970814      0.97340388     0.037595614      0.99974331      -24.280118       -24.280118       2458.4352                                                 2458.4352
              3       1207.2592      0.55592299      0.31271391   9.3744817e-05     0.022538496       2.9948614      0.97376379      0.03593817       1.0010342      -24.280118       -24.280118       2463.0787                                                 2463.0787
              2       1207.0014      0.53870713       0.3105432   9.3219711e-05     0.022633437       2.9896089      0.97199521     0.035156136      0.99947646      -24.280118       -24.280118        2462.563                                                  2462.563
              1       1206.2438      0.63495735      0.31358052   9.4260394e-05     0.022672248       2.9942738       0.9718572     0.035764964        1.000824      -24.280118       -24.280118       2461.0478                                                 2461.0478
              3       1205.2202      0.63890358      0.31331963   9.4352964e-05     0.022545121        2.986945      0.96921064     0.031766874       1.0007231      -24.280118       -24.280118       2459.0007                                                 2459.0007
              1       1204.3044      0.62580968      0.31269431   9.4216032e-05     0.022544102        2.991638      0.96934843     0.034655502       1.0003234      -24.280118       -24.280118        2457.169                                                  2457.169
              1       1206.6514      0.57437616      0.30988556   9.3431512e-05     0.022630944       2.9688879      0.96968228     0.027592251      0.99592756      -24.280118       -24.280118       2461.8631                                                 2461.8631
              4       1206.6876       0.5928465      0.30978483   9.3605478e-05     0.022543779       2.9671841      0.97243274     0.027917677      0.99546819      -24.280118       -24.280118       2461.9354                                                 2461.9354
              4       1206.5379      0.58542969      0.30896861    9.335665e-05     0.022559609       2.9687789      0.97205106     0.028769703      0.99542917      -24.280118       -24.280118       2461.6361                                                 2461.6361
              1       1206.5222      0.58261969       0.3091038   9.3434717e-05     0.022521988        2.969896      0.97258984     0.029993607      0.99472222      -24.280118       -24.280118       2461.6047                                                 2461.6047
              4       1206.5103      0.56089747      0.30783681   9.3130606e-05      0.02249592       2.9708237      0.97180727     0.030625784      0.99449761      -24.280118       -24.280118       2461.5809                                                 2461.5809
              1        1204.746      0.57515519      0.30934744   9.3430404e-05     0.022510294       2.9748168      0.97088329     0.030249984      0.99641194      -24.280118       -24.280118       2458.0522                                                 2458.0522
              2       1205.3932      0.45793566      0.30583493   9.2466749e-05     0.022436767       2.9858507      0.97364806     0.036017671      0.99655947      -24.280118       -24.280118       2459.3466                                                 2459.3466
              1       1203.5657      0.48304707      0.30627452    9.250991e-05     0.022497195        3.003426      0.97393789     0.044472368       0.9961672      -24.280118       -24.280118       2455.6915                                                 2455.6915
              1       1203.5831      0.47093678      0.30609108   9.2456694e-05     0.022459653       3.0058879      0.97123552      0.04663854      0.99570013      -24.280118       -24.280118       2455.7265                                                 2455.7265
              2       1204.7835      0.47766001       0.3075261   9.2786814e-05     0.022410098       3.0008192      0.96993581      0.04500633      0.99387525      -24.280118       -24.280118       2458.1272                                                 2458.1272
              2       1205.5103      0.49449429      0.30802897   9.3078758e-05     0.022326319       3.0025628      0.97031166     0.045818289      0.99429345      -24.280118       -24.280118       2459.5809                                                 2459.5809
              2       1206.1068      0.49869685      0.30626265   9.2713275e-05     0.022336084       3.0034981      0.97332229     0.047074324      0.99574868      -24.280118       -24.280118       2460.7739                                                 2460.7739
              2       1205.5379      0.48302846      0.30587994   9.2558456e-05     0.022356759       3.0085922      0.97451033     0.048816452       0.9965137      -24.280118       -24.280118       2459.6361                                                 2459.6361
              2       1205.8912      0.48630796      0.30603726   9.2639041e-05     0.022340395       3.0096409      0.97430503     0.049333504      0.99664493      -24.280118       -24.280118       2460.3426                                                 2460.3426
              1       1205.8571      0.48657759      0.30605475   9.2643706e-05     0.022339251       3.0095946      0.97430544     0.049268786      0.99668118      -24.280118       -24.280118       2460.2744                                                 2460.2744
              3        1206.067      0.43833829      0.30496637   9.2237886e-05     0.022357132       3.0158502       0.9748478     0.051080342      0.99799088      -24.280118       -24.280118       2460.6943                                                 2460.6943
              5       1202.6971      0.44869678      0.30668693   9.2431223e-05     0.022435162       3.0105637      0.97283609     0.047277047      0.99742481      -24.280118       -24.280118       2453.9545                                                 2453.9545
              1       1203.3418      0.43303174      0.30646732   9.2285832e-05     0.022404306       3.0133294      0.97218037     0.049448344       0.9958172      -24.280118       -24.280118       2455.2439                                                 2455.2439
             11       1204.4892      0.43505447      0.30656498   9.2192053e-05     0.022418987       3.0059425      0.97563927     0.045519006      0.99610118      -24.280118       -24.280118       2457.5387                                                 2457.5387
              2       1203.5041       0.4109534      0.30590233   9.2030907e-05     0.022418526       3.0135338      0.97277852     0.049223851      0.99692051      -24.280118       -24.280118       2455.5684                                                 2455.5684
              1       1203.8938      0.40043853      0.30537979    9.199357e-05     0.022347735       3.0132147      0.97380584     0.048198612      0.99819214      -24.280118       -24.280118       2456.3477                                                 2456.3477
              2       1203.4603      0.41475404      0.30612339   9.2206162e-05     0.022339494         3.01597      0.97280731     0.048780277      0.99855401      -24.280118       -24.280118       2455.4808                                                 2455.4808
              7       1202.2154      0.44183498      0.30640749   9.2210928e-05     0.022449803        3.009101        0.971585     0.045671074       0.9974394      -24.280118       -24.280118       2452.9911                                                 2452.9911
              2       1204.2507       0.4203909      0.30660734   9.2184549e-05     0.022518946       2.9932715      0.97347538     0.039334729      0.99702151      -24.280118       -24.280118       2457.0617                                                 2457.0617
              4       1203.9842      0.45213041      0.30914738    9.294395e-05     0.022444435       2.9992517      0.97225798     0.040026924       0.9993358      -24.280118       -24.280118       2456.5287                                                 2456.5287
              8        1203.935      0.44137616      0.31065134    9.308176e-05     0.022499189       3.0025139      0.96926482     0.043200008      0.99649101      -24.280118       -24.280118       2456.4302                                                 2456.4302
              8       1203.2015      0.43721384      0.31009207   9.3013611e-05     0.022479415       3.0072403      0.96997604      0.04400416       0.9977809      -24.280118       -24.280118       2454.9632                                                 2454.9632
              2       1204.2018      0.43365124      0.30709255   9.2429657e-05     0.022482528       3.0036366      0.96577011     0.038980415       1.0012528      -24.280118       -24.280118       2456.9638                                                 2456.9638
              1       1204.2817      0.42928803      0.30710502   9.2424691e-05     0.022467538       3.0041838      0.96566573     0.038937238       1.0015538      -24.280118       -24.280118       2457.1236                                                 2457.1236
              1        1205.478      0.39215185      0.30554803   9.1971237e-05     0.022486494        3.002915      0.96541816     0.038869308       1.0015195      -24.280118       -24.280118       2459.5162                                                 2459.5162
              1       1205.9284       0.3904418      0.30598128   9.2016991e-05     0.022526435       3.0012552      0.96514673      0.03757973        1.001631      -24.280118       -24.280118       2460.4171                                                 2460.4171
              9         1203.96      0.31974226      0.30303268   9.1092539e-05     0.022556148       3.0087132      0.97062012     0.041352362       1.0012259      -24.280118       -24.280118       2456.4803                                                 2456.4803
              2       1204.7213      0.31601049      0.30271548   9.1012841e-05     0.022553801       3.0052218      0.97196792     0.038958345       1.0010403      -24.280118       -24.280118       2458.0029                                                 2458.0029
              5       1203.8152      0.30641318      0.30262371   9.0902812e-05     0.022558552       3.0016473      0.97154392     0.037884771       1.0001477      -24.280118       -24.280118       2456.1906                                                 2456.1906
              2       1203.9841      0.30590824      0.30269987   9.0918389e-05     0.022556868       3.0016212      0.97165902     0.037809517       1.0001536      -24.280118       -24.280118       2456.5285                                                 2456.5285
              1       1204.0308      0.30049328      0.30254672      9.0874e-05     0.022553895       3.0006321      0.97158173     0.037196074       1.0003118      -24.280118       -24.280118       2456.6219                                                 2456.6219
              3       1203.7536      0.30734546      0.30323857   9.0915418e-05     0.022614108        2.998096      0.97137316     0.036039411       1.0000189      -24.280118       -24.280118       2456.0674                                                 2456.0674
              1       1205.0556       0.2918095      0.30292266   9.0790251e-05      0.02265242       3.0000229      0.97107299     0.037356046      0.99951596      -24.280118       -24.280118       2458.6714                                                 2458.6714
              3       1204.8464      0.28708687      0.30288304   9.0774284e-05     0.022643462         2.99959      0.97095118     0.037243639      0.99955892      -24.280118       -24.280118        2458.253                                                  2458.253
              2        1204.818      0.28754408      0.30282915   9.0742008e-05     0.022657298       2.9985706      0.97050437     0.036806102      0.99942325      -24.280118       -24.280118       2458.1962                                                 2458.1962
              2       1204.2688      0.27625612      0.30186148   9.0588811e-05     0.022607658       2.9985898      0.97065485     0.038699084      0.99797959      -24.280118       -24.280118       2457.0979                                                 2457.0979
              7       1204.5104       0.2764726      0.30299282   9.0950642e-05     0.022510736       3.0035799      0.96984946     0.043676494      0.99657866      -24.280118       -24.280118       2457.5811                                                 2457.5811
              2        1204.491      0.25304431      0.30292304   9.0942959e-05     0.022429199       3.0012975      0.96744456     0.041509892      0.99704452      -24.280118       -24.280118       2457.5423                                                 2457.5423
              1       1205.2788      0.22115409      0.30195457   9.0679667e-05     0.022414208       3.0005972      0.96915976     0.041408895      0.99712462      -24.280118       -24.280118       2459.1178                                                 2459.1178
              3       1204.7083      0.21112222       0.3013665   9.0373787e-05     0.022501175       2.9898749      0.96913642     0.035169084      0.99747091      -24.280118       -24.280118       2457.9768                                                 2457.9768
              2       1204.7274      0.21140283      0.30145759   9.0384327e-05     0.022506842       2.9900121      0.96907521     0.035237774      0.99741738      -24.280118       -24.280118        2458.015                                                  2458.015
              1       1203.5936      0.23164064      0.30311363   9.0906363e-05     0.022341914       2.9969223      0.96951073     0.036569172        0.999263      -24.280118       -24.280118       2455.7475                                                 2455.7475
              1       1203.0028      0.27086942      0.30643634   9.1441281e-05     0.022453829        3.001724      0.96952878     0.038939122      0.99902734      -24.280118       -24.280118       2454.5659                                                 2454.5659
              9       1203.0901       0.2652657      0.30594887   9.1257731e-05     0.022473376        3.002918      0.96920714     0.039216733      0.99912332      -24.280118       -24.280118       2454.7403                                                 2454.7403
              3       1203.1998        0.271896      0.30630983   9.1337467e-05     0.022483448       3.0024875      0.96925577     0.038664292      0.99936487      -24.280118       -24.280118       2454.9598                                                 2454.9598
              1       1204.6129      0.32218317      0.30763606   9.1694611e-05     0.022537689       3.0084559      0.96695137     0.041632984      0.99978454      -24.280118       -24.280118       2457.7861                                                 2457.7861
              2       1204.1995      0.31875456      0.30672005   9.1531937e-05     0.022565298       3.0085575      0.96561085     0.040563675       1.0006181      -24.280118       -24.280118       2456.9593                                                 2456.9593
              1       1204.4274      0.27721344      0.30513534   9.1187877e-05     0.022522256         3.01883      0.96871196     0.045086656       1.0019687      -24.280118       -24.280118       2457.4151                                                 2457.4151
              3       1205.6747      0.29610848      0.30511559   9.1286049e-05     0.022505589       3.0198392      0.97059105     0.049208893      0.99974607      -24.280118       -24.280118       2459.9097                                                 2459.9097
             10       1204.7512      0.32376985      0.30463791   9.1585803e-05      0.02236508       3.0236423        0.970785     0.052840208      0.99715176      -24.280118       -24.280118       2458.0626                                                 2458.0626
              2       1204.8662      0.36643199      0.30508214    9.165306e-05     0.022509886       3.0254955      0.97141145     0.052918194      0.99697388      -24.280118       -24.280118       2458.2926                                                 2458.2926
              3       1203.6095      0.45955353      0.30600418   9.2028186e-05     0.022573272       3.0108331      0.97350312     0.043962706      0.99846221      -24.280118       -24.280118       2455.7792                                                 2455.7792
              1        1203.959      0.47108931      0.30606085   9.2261959e-05     0.022464702       3.0130992      0.97731472     0.046985924      0.99855953      -24.280118       -24.280118       2456.4783                                                 2456.4783
              2        1203.662      0.45464761      0.30540612   9.2072633e-05     0.022449777       3.0094892      0.97666008      0.04569933      0.99825272      -24.280118       -24.280118       2455.8842                                                 2455.8842
              1        1203.445      0.47281375      0.30705848   9.2561638e-05      0.02246066       2.9982494      0.97634361     0.039189639      0.99949991      -24.280118       -24.280118       2455.4503                                                 2455.4503
              4       1203.7345      0.47324426      0.30700033   9.2561908e-05     0.022457963       2.9962474      0.97654727     0.038689194      0.99914671      -24.280118       -24.280118       2456.0292                                                 2456.0292
              1       1203.6594      0.47116041      0.30698038   9.2560195e-05     0.022453375       2.9958901      0.97635868     0.038521988       0.9991247      -24.280118       -24.280118       2455.8791                                                 2455.8791
              1       1204.1392      0.44606946      0.30639508   9.2340224e-05     0.022421243        2.996428      0.97695149     0.039204677      0.99875415      -24.280118       -24.280118       2456.8386                                                 2456.8386
              8       1203.3463      0.46314577      0.30729576   9.2488423e-05     0.022454322       2.9936461      0.97540653     0.037708908      0.99838237      -24.280118       -24.280118       2455.2528                                                 2455.2528
              8       1203.2778      0.45975886      0.30706593   9.2418211e-05     0.022457039       2.9939641      0.97530593     0.038201159        0.997937      -24.280118       -24.280118       2455.1159                                                 2455.1159
              1       1202.9674      0.48356465      0.30852726   9.2753664e-05     0.022599707       3.0021731      0.97124623     0.042840808      0.99647915      -24.280118       -24.280118        2454.495                                                  2454.495
              1        1202.772      0.54056504      0.31063978   9.3504608e-05     0.022518421       2.9997977       0.9699877     0.042082418      0.99617578      -24.280118       -24.280118       2454.1043                                                 2454.1043
              5        1203.922      0.49452104        0.308886   9.2788521e-05     0.022600158       3.0171113      0.97221064     0.051032528      0.99630245      -24.280118       -24.280118       2456.4042                                                 2456.4042
              1       1203.8683      0.52593924      0.30914402   9.3002738e-05     0.022578535       3.0230837      0.97268414     0.053353798      0.99723973      -24.280118       -24.280118       2456.2968                                                 2456.2968
              3         1203.84      0.52347193      0.30867395   9.2837883e-05     0.022601698        3.018329      0.97382626     0.050796273      0.99754136      -24.280118       -24.280118       2456.2402                                                 2456.2402
              3       1203.8468      0.52368638      0.30867144    9.283714e-05     0.022601809       3.0182286      0.97379852     0.050749939      0.99754182      -24.280118       -24.280118       2456.2539                                                 2456.2539
              1       1204.3073       0.6237889       0.3128999   9.3965741e-05     0.022684707       3.0113405      0.97182454     0.045811788      0.99772617      -24.280118       -24.280118       2457.1748                                                 2457.1748
              3       1204.4589      0.60712928      0.31237795   9.3741906e-05     0.022705231       3.0096214      0.97190135     0.044370172      0.99786699      -24.280118       -24.280118       2457.4781                                                 2457.4781
              3        1204.381      0.58072278      0.31179034   9.3737017e-05     0.022614762       3.0172862      0.96756391     0.047292451      0.99813177      -24.280118       -24.280118       2457.3222                                                 2457.3222
              2       1205.4482      0.56161343      0.31037429   9.3323025e-05     0.022664629       3.0151731      0.96696425     0.047155729      0.99694285      -24.280118       -24.280118       2459.4567                                                 2459.4567
              3       1203.8376      0.50380209      0.30788465   9.2788613e-05     0.022595055       3.0090658      0.96898988     0.045167574      0.99709776      -24.280118       -24.280118       2456.2353                                                 2456.2353
              5       1204.2978      0.58085574       0.3108355   9.3732711e-05     0.022548003       3.0190925       0.9744376     0.046603556       1.0007334      -24.280118       -24.280118       2457.1559                                                 2457.1559
              1       1204.7646      0.61517719      0.31128319   9.3916836e-05     0.022632803        3.017528      0.97165418     0.043820425       1.0029381      -24.280118       -24.280118       2458.0895                                                 2458.0895
              3        1205.687      0.61859492      0.31193584   9.3975105e-05      0.02268681       3.0207216       0.9711241     0.044776918       1.0031432      -24.280118       -24.280118       2459.9342                                                 2459.9342
              3       1206.0687      0.60693421       0.3118563   9.3795129e-05     0.022713389       3.0285966      0.96819192     0.049191034       1.0026221      -24.280118       -24.280118       2460.6977                                                 2460.6977
              4        1204.515      0.63373698      0.31352229   9.4424357e-05     0.022607057       3.0233376      0.97073307     0.052960209      0.99729527      -24.280118       -24.280118       2457.5903                                                 2457.5903
              1        1204.686      0.64477876      0.31361753   9.4469261e-05      0.02262286       3.0239271      0.97084248      0.05330391      0.99713948      -24.280118       -24.280118       2457.9322                                                 2457.9322
              7       1204.2294       0.6489089      0.31378725   9.4481111e-05     0.022626933       3.0230605      0.97022971     0.051765798      0.99789114      -24.280118       -24.280118        2457.019                                                  2457.019
              6       1203.5242      0.60295711      0.31154036   9.3974583e-05      0.02253891       3.0142222      0.97209604     0.049775973      0.99608896      -24.280118       -24.280118       2455.6085                                                 2455.6085
              1       1203.4691      0.58734882      0.31133713   9.3843924e-05     0.022560443       3.0119368      0.97175921     0.048657773       0.9960559      -24.280118       -24.280118       2455.4985                                                 2455.4985
              4       1204.4735      0.58935676      0.31110301   9.3797686e-05     0.022589695       3.0136792      0.97195168     0.050497481      0.99544198      -24.280118       -24.280118       2457.5072                                                 2457.5072
              7       1205.5252      0.58216822      0.31151671   9.3761664e-05     0.022434564       3.0213488      0.97223449     0.051519784      0.99825575      -24.280118       -24.280118       2459.6107                                                 2459.6107
              1       1205.3697      0.53483678      0.30969977   9.3033776e-05     0.022571645       3.0189831      0.97194305     0.050328262      0.99846822      -24.280118       -24.280118       2459.2997                                                 2459.2997
              1       1204.3592      0.49047959      0.30704929   9.2348203e-05      0.02258252       3.0197565      0.96801355     0.050822033       0.9973061      -24.280118       -24.280118       2457.2785                                                 2457.2785
              1       1204.3853      0.49533002      0.30725621   9.2406788e-05     0.022586435       3.0190425      0.96774728     0.050332965      0.99740515      -24.280118       -24.280118       2457.3309                                                 2457.3309
              5       1203.2714      0.45291249      0.30705196   9.2312336e-05     0.022548405        3.019711      0.96754813     0.049994653       0.9978218      -24.280118       -24.280118       2455.1031                                                 2455.1031
              6       1202.7227      0.38013152      0.30380139   9.1227755e-05     0.022576459       3.0131173       0.9706891     0.046837195      0.99777259      -24.280118       -24.280118       2454.0056                                                 2454.0056
              1        1203.146      0.40322875      0.30673229   9.2116154e-05     0.022534609       3.0120912      0.97385324     0.046076415      0.99828084      -24.280118       -24.280118       2454.8522                                                 2454.8522
              2       1203.6984      0.43059487      0.30659555    9.238228e-05     0.022489411       3.0135552      0.97203847     0.044988963       1.0003497      -24.280118       -24.280118        2455.957                                                  2455.957
              6       1204.1716      0.41442001      0.30649374    9.221886e-05     0.022534163       3.0126198      0.97083025     0.042954489       1.0010809      -24.280118       -24.280118       2456.9034                                                 2456.9034
              2       1203.9756      0.45473848      0.30895297     9.26956e-05     0.022633539       3.0068539      0.97006936     0.041781258      0.99878619      -24.280118       -24.280118       2456.5114                                                 2456.5114
              3       1203.1123      0.46884586      0.31048571   9.3108831e-05     0.022561894       3.0093662      0.96907236     0.042440961      0.99953654      -24.280118       -24.280118       2454.7848                                                 2454.7848
              3       1203.1062      0.45302384       0.3100167    9.302776e-05     0.022525203       3.0053543      0.97036289     0.041489376      0.99904697      -24.280118       -24.280118       2454.7726                                                 2454.7726
              8       1203.1582      0.45733173      0.30982162   9.3062724e-05     0.022500625       3.0032269      0.97040022      0.04041682      0.99932575      -24.280118       -24.280118       2454.8766                                                 2454.8766
              2       1203.1469      0.45734877      0.30984939   9.3053874e-05       0.0225089       3.0036009      0.97032378     0.040555277      0.99936546      -24.280118       -24.280118       2454.8541                                                 2454.8541
              1        1203.333      0.48813383      0.31088274   9.3334869e-05     0.022547721       2.9966274       0.9697645     0.037491691      0.99883834      -24.280118       -24.280118       2455.2262                                                 2455.2262
              3       1203.0393      0.48676499      0.31066924   9.3292478e-05     0.022504509       2.9954462      0.96693142     0.036748602       0.9988496      -24.280118       -24.280118       2454.6389                                                 2454.6389
              7       1203.3564      0.49407757      0.30736117   9.2550868e-05     0.022526608       2.9955073      0.97304696     0.037589251       0.9997954      -24.280118       -24.280118        2455.273                                                  2455.273
              2       1203.9352      0.41958382      0.30496356   9.1651431e-05     0.022551918       3.0062172      0.97442062     0.042161806       1.0002716      -24.280118       -24.280118       2456.4306                                                 2456.4306
              1       1203.4476       0.4133797      0.30466672   9.1581923e-05     0.022553015       3.0077544      0.97442178     0.042966863        1.000115      -24.280118       -24.280118       2455.4555                                                 2455.4555
              4       1203.7365      0.43766682      0.30814907   9.2655767e-05     0.022364716       3.0047265      0.97407741     0.043390696        0.998576      -24.280118       -24.280118       2456.0332                                                 2456.0332
              5       1204.5214      0.53030326      0.31167447   9.3678164e-05     0.022355748       3.0181565      0.97004451     0.046755605       1.0008961      -24.280118       -24.280118        2457.603                                                  2457.603
              1       1204.8185      0.53319713       0.3120012   9.3764007e-05     0.022347242       3.0181253      0.96931828     0.046399296       1.0011465      -24.280118       -24.280118       2458.1972                                                 2458.1972
              2        1203.038      0.51773577      0.31221671   9.3699561e-05      0.02241309       3.0165055      0.96964536     0.045573896       1.0004785      -24.280118       -24.280118       2454.6363                                                 2454.6363
              4       1203.1444      0.50695047      0.31196245   9.3600041e-05     0.022406595       3.0172474      0.96983548      0.04585879       1.0005867      -24.280118       -24.280118       2454.8489                                                 2454.8489
              2        1204.412      0.43088376      0.31034225   9.2891312e-05     0.022366844       2.9948826      0.97160023     0.034644475       1.0007764      -24.280118       -24.280118       2457.3842                                                 2457.3842
              1        1203.886      0.37521395      0.30816436   9.2211643e-05     0.022379154       3.0022696      0.97032331     0.037097332       1.0014771      -24.280118       -24.280118       2456.3321                                                 2456.3321
              8       1203.5545      0.37666351      0.30813343   9.2222578e-05     0.022376444       2.9988481      0.96877657     0.035869778       1.0008494      -24.280118       -24.280118       2455.6693                                                 2455.6693
              1       1203.5741      0.45159713      0.31062374   9.3010163e-05     0.022409861       2.9959644      0.96748655     0.036496052      0.99919089      -24.280118       -24.280118       2455.7084                                                 2455.7084
              5         1203.64      0.45149987      0.31071121   9.3034663e-05     0.022405182       2.9937071      0.96752787       0.0354351      0.99913582      -24.280118       -24.280118       2455.8402                                                 2455.8402
              1       1203.3524      0.45024279       0.3106578   9.3012214e-05     0.022411993       2.9934394      0.96791399     0.035272791      0.99907614      -24.280118       -24.280118        2455.265                                                  2455.265
              6       1203.6373      0.44759016      0.31036883   9.2897249e-05     0.022434881       2.9928157      0.96783671     0.034170028      0.99974834      -24.280118       -24.280118       2455.8348                                                 2455.8348
              3        1203.765      0.43341516      0.30980602   9.2723349e-05     0.022419336       2.9964452      0.96812163     0.035895011      0.99980447      -24.280118       -24.280118       2456.0903                                                 2456.0903
              2       1202.8593      0.42239542      0.30850648   9.2451683e-05     0.022445702       2.9995904      0.96971351     0.037131221       1.0006618      -24.280118       -24.280118       2454.2789                                                 2454.2789
              1       1202.5055      0.38093148       0.3068814   9.2048362e-05     0.022421305       2.9969645      0.96814306     0.036776984      0.99986703      -24.280118       -24.280118       2453.5712                                                 2453.5712
              2       1203.1026      0.36892359      0.30535808   9.1541876e-05     0.022490886       2.9873694      0.96944118     0.033416396      0.99813559      -24.280118       -24.280118       2454.7655                                                 2454.7655
              2       1203.6079      0.30052695      0.30464622   9.1353137e-05     0.022407325       2.9868265      0.97327433     0.034141161      0.99708801      -24.280118       -24.280118       2455.7759                                                 2455.7759
              4       1203.7652      0.25710064      0.30316449   9.0862059e-05      0.02236569        3.000538      0.97204388     0.041590337      0.99623544      -24.280118       -24.280118       2456.0907                                                 2456.0907
              3       1203.7327      0.25490907      0.30317161   9.0839089e-05     0.022388022       2.9983098      0.97107926     0.041182956      0.99543488      -24.280118       -24.280118       2456.0256                                                 2456.0256
              2       1203.7615      0.25837708      0.30329325    9.088091e-05     0.022384721       2.9978921      0.97100508     0.041061701      0.99535783      -24.280118       -24.280118       2456.0833                                                 2456.0833
              2       1203.7547      0.25427548      0.30313384   9.0814749e-05     0.022396199       2.9971564      0.97077639     0.041157652      0.99511447      -24.280118       -24.280118       2456.0696                                                 2456.0696
              2       1203.7565      0.25427411      0.30313247   9.0814596e-05     0.022396113       2.9971609      0.97077962     0.041160576      0.99511513      -24.280118       -24.280118       2456.0732                                                 2456.0732
              2       1203.6732      0.25607048      0.30321026   9.0822622e-05      0.02239465       2.9973002      0.97090653     0.040968312      0.99540038      -24.280118       -24.280118       2455.9066                                                 2455.9066
              7       1203.6664      0.26164359      0.30342193   9.0889469e-05     0.022394505       2.9970872      0.97104898     0.040952094      0.99537165      -24.280118       -24.280118       2455.8931                                                 2455.8931
              4       1203.5874      0.27831818      0.30331036    9.085369e-05     0.022444965       2.9937204      0.96920914     0.039058825      0.99589252      -24.280118       -24.280118        2455.735                                                  2455.735
              2       1203.5709      0.28177712      0.30346635   9.0882882e-05     0.022455825        2.993384      0.96925445     0.038894771       0.9958287      -24.280118       -24.280118       2455.7021                                                 2455.7021
              1       1203.3308      0.26907165      0.30321763   9.0791063e-05     0.022479151       2.9944137      0.96870952     0.039048265      0.99615453      -24.280118       -24.280118       2455.2219                                                 2455.2219
              4       1203.2068      0.26555509      0.30302345   9.0744866e-05     0.022480785       2.9943605      0.96879791     0.038998763      0.99607897      -24.280118       -24.280118       2454.9738                                                 2454.9738
              2         1205.18      0.21251558      0.30040207   9.0051133e-05     0.022481159       3.0041407       0.9705073     0.046036561      0.99481079      -24.280118       -24.280118       2458.9202                                                 2458.9202
              4        1205.143      0.21893008      0.30062874   9.0129207e-05     0.022484085        3.007628      0.96904317     0.047468425      0.99495334      -24.280118       -24.280118       2458.8462                                                 2458.8462
              6       1204.7036      0.21066764      0.29954844   8.9839477e-05      0.02254454       3.0059873      0.97052123     0.046343208      0.99471286      -24.280118       -24.280118       2457.9675                                                 2457.9675
              3       1205.0548      0.19959552      0.29958967   8.9795028e-05     0.022522789        3.006747      0.97095305     0.046739265         0.99525      -24.280118       -24.280118       2458.6698                                                 2458.6698
              6       1205.9561      0.20387466      0.29959464    8.985156e-05     0.022521082       3.0132494      0.97526048     0.049058501      0.99646388      -24.280118       -24.280118       2460.4725                                                 2460.4725
              2       1205.1486      0.23256751      0.30158047   9.0343654e-05     0.022577998       3.0080473      0.97236766     0.045766229      0.99658786      -24.280118       -24.280118       2458.8575                                                 2458.8575
              2       1203.6121      0.29378513      0.30312096   9.0871924e-05     0.022554961       3.0034121      0.97140157     0.043826531      0.99547442      -24.280118       -24.280118       2455.7845                                                 2455.7845
              1       1204.6595      0.27767057      0.30174962   9.0663273e-05      0.02251612       2.9935663      0.97146991     0.040677676      0.99460879      -24.280118       -24.280118       2457.8793                                                 2457.8793
              1       1204.2339      0.29936873      0.30261477   9.0897913e-05     0.022511517       2.9933661      0.97116222     0.040528491      0.99501288      -24.280118       -24.280118       2457.0281                                                 2457.0281
              1       1204.6589      0.29519368      0.30278364   9.0857455e-05     0.022526793       2.9879034      0.97211152     0.037948478      0.99472625      -24.280118       -24.280118        2457.878                                                  2457.878
              1       1205.1621      0.28193274      0.30211475   9.0659572e-05     0.022529269       2.9870899      0.97095338     0.038302276      0.99389865      -24.280118       -24.280118       2458.8845                                                 2458.8845
              2       1205.1063      0.29366777      0.30327425   9.0834755e-05     0.022608017       2.9858684       0.9684243     0.035997308      0.99422935      -24.280118       -24.280118       2458.7727                                                 2458.7727
              1       1205.0665        0.350334      0.30621522   9.1629952e-05     0.022573135       2.9913825      0.96597448     0.038694427      0.99440596      -24.280118       -24.280118       2458.6931                                                 2458.6931
              5       1205.2259      0.35238368      0.30618131   9.1618346e-05     0.022581762       2.9898598      0.96560653     0.037660647      0.99477952      -24.280118       -24.280118       2459.0119                                                 2459.0119
              7       1206.7988      0.32604932        0.305015   9.1266354e-05     0.022592179       2.9995412      0.96400508      0.04300891      0.99423333      -24.280118       -24.280118       2462.1579                                                 2462.1579
              4       1204.6483      0.27712195      0.30151289    9.029224e-05     0.022657852       2.9986574      0.96896287     0.038691186      0.99894722      -24.280118       -24.280118       2457.8567                                                 2457.8567
              2       1203.2616      0.28442322      0.30169173   9.0399011e-05     0.022636649       2.9950193        0.969206     0.036224101      0.99897987      -24.280118       -24.280118       2455.0834                                                 2455.0834
              1       1203.0528       0.3284379      0.30420212   9.1036711e-05     0.022592316       3.0047492       0.9708073      0.03911852        1.000694      -24.280118       -24.280118       2454.6658                                                 2454.6658
              2       1204.3946       0.3445023      0.30534942   9.1259761e-05      0.02258223       2.9951847      0.96912371      0.03388689       1.0009581      -24.280118       -24.280118       2457.3495                                                 2457.3495
              1       1204.5628      0.29083374      0.30317681   9.0692408e-05     0.022521486       2.9964056      0.96821401     0.033347174       1.0019489      -24.280118       -24.280118       2457.6857                                                 2457.6857
              3       1205.5282      0.27656934      0.30278044   9.0500249e-05     0.022544504        3.002822      0.96687997     0.037002215       1.0015681      -24.280118       -24.280118       2459.6166                                                 2459.6166
              8       1203.6203      0.21832033      0.30119123   9.0108204e-05     0.022578128        3.011719      0.96930666     0.042153704       1.0009066      -24.280118       -24.280118       2455.8009                                                 2455.8009
              6       1203.6204      0.21772049      0.30114017   9.0097954e-05     0.022577689       3.0117499       0.9693395     0.042174506       1.0008964      -24.280118       -24.280118        2455.801                                                  2455.801
              4       1203.6636      0.21782647      0.30116802   9.0088652e-05     0.022574635       3.0129242      0.96914911     0.042580418       1.0010049      -24.280118       -24.280118       2455.8875                                                 2455.8875
              2       1203.6319      0.22533495       0.3019877   9.0286703e-05     0.022515403       3.0000538      0.96994691     0.035372239       1.0018475      -24.280118       -24.280118       2455.8241                                                 2455.8241
              2       1203.4716      0.20128799       0.3012512   9.0103501e-05     0.022489594       3.0013044      0.97001342      0.03647239       1.0015616      -24.280118       -24.280118       2455.5034                                                 2455.5034
              1       1208.2354      0.22153141      0.30517402   9.1068928e-05     0.022520869        2.987522      0.96749567     0.025674092       1.0049463      -24.280118       -24.280118        2465.031                                                  2465.031
              1        1208.495      0.22184989      0.30494165   9.1050403e-05     0.022517608       2.9860325      0.96766677     0.025188382       1.0049095      -24.280118       -24.280118       2465.5501                                                 2465.5501
              2       1207.8952      0.21913589      0.30486258    9.106038e-05     0.022479781       2.9832351       0.9674232     0.023789796       1.0047941      -24.280118       -24.280118       2464.3507                                                 2464.3507
              3       1210.2296      0.25600892      0.30646598   9.1640094e-05     0.022439979       2.9836777      0.97298263     0.025183848       1.0036892      -24.280118       -24.280118       2469.0194                                                 2469.0194
              1       1210.1467      0.25704641       0.3064773   9.1648088e-05     0.022439041       2.9837523      0.97296149     0.025265726       1.0036931      -24.280118       -24.280118       2468.8536                                                 2468.8536
              4       1209.7787      0.25832999      0.30801727   9.1933439e-05      0.02237128       2.9692731      0.97327315     0.017712809        1.004371      -24.280118       -24.280118       2468.1177                                                 2468.1177
              1       1209.6936      0.22539236      0.30834855   9.2048956e-05     0.022291594       2.9710265      0.96634809     0.018868695       1.0038469      -24.280118       -24.280118       2467.9474                                                 2467.9474
              1       1209.8133      0.29804781      0.31183476   9.2929553e-05     0.022271849       2.9702245      0.96438549     0.017022253       1.0052794      -24.280118       -24.280118       2468.1869                                                 2468.1869
              1       1209.8718      0.29856101      0.31188412   9.2947472e-05     0.022268973       2.9699387      0.96437377      0.01688857       1.0052706      -24.280118       -24.280118       2468.3038                                                 2468.3038
              4       1210.2103      0.28864765      0.31181801   9.2942248e-05     0.022228527       2.9736962      0.96444426     0.019063064       1.0051627      -24.280118       -24.280118       2468.9809                                                 2468.9809
              2       1208.1558      0.24360859      0.31186439    9.251974e-05     0.022265825        2.962612      0.96701658     0.013904374       1.0033708      -24.280118       -24.280118       2464.8718                                                 2464.8718
              8       1207.8165      0.27627733       0.3124779   9.2794325e-05     0.022260801       2.9654715      0.96941361     0.016770567        1.002115      -24.280118       -24.280118       2464.1932                                                 2464.1932
              1       1207.9011      0.27849508      0.31254328   9.2814452e-05     0.022257721       2.9651376      0.96947955     0.016602453       1.0021675      -24.280118       -24.280118       2464.3624                                                 2464.3624
              3       1206.2243      0.33279786      0.31243432   9.2836264e-05     0.022436793       2.9653372      0.96976852      0.01882169        1.000304      -24.280118       -24.280118       2461.0087                                                 2461.0087
              1       1205.2063      0.35365107      0.31194852   9.3148129e-05     0.022249355       2.9699422      0.96838913     0.022210814      0.99986412      -24.280118       -24.280118       2458.9729                                                 2458.9729
              2       1205.2385      0.35799295      0.31202472   9.3172275e-05     0.022260368       2.9696712      0.96806734     0.021430633       1.0003841      -24.280118       -24.280118       2459.0373                                                 2459.0373
              2       1204.7873      0.27156528      0.30770228   9.1924445e-05     0.022262969        2.966724      0.96680326     0.020554578      0.99988921      -24.280118       -24.280118       2458.1348                                                 2458.1348
              1       1207.3803      0.35822015      0.31100903   9.2919901e-05      0.02222425       2.9722881      0.96240189     0.024811638      0.99770631      -24.280118       -24.280118       2463.3208                                                 2463.3208
              3       1207.9995      0.33786051      0.30923018   9.2566786e-05     0.022153696       2.9708909      0.96613706     0.026992873      0.99557944      -24.280118       -24.280118       2464.5593                                                 2464.5593
              1        1207.886      0.34165498      0.30929993   9.2586085e-05     0.022158557       2.9710873      0.96620795     0.027069899      0.99566979      -24.280118       -24.280118       2464.3322                                                 2464.3322
              2       1207.8268      0.34181465      0.30928668   9.2581618e-05     0.022161717       2.9709383      0.96619764     0.027021172      0.99563421      -24.280118       -24.280118       2464.2137                                                 2464.2137
             11       1207.8215      0.34642747      0.30935013   9.2604918e-05      0.02216902       2.9700716      0.96597671     0.026686397      0.99557678      -24.280118       -24.280118       2464.2032                                                 2464.2032
              3       1207.8864      0.34727438      0.30937768   9.2615936e-05     0.022167737       2.9698455      0.96597275     0.026571974        0.995596      -24.280118       -24.280118       2464.3331                                                 2464.3331
              5       1208.1672      0.31940053      0.30953138   9.2648376e-05     0.022103595       2.9688972      0.96689984     0.024921342      0.99661665      -24.280118       -24.280118       2464.8946                                                 2464.8946
              3       1208.1833      0.33526349      0.30965698   9.2716341e-05     0.022117767       2.9644778      0.96620244     0.021329137       0.9977951      -24.280118       -24.280118       2464.9269                                                 2464.9269
              3       1206.2956      0.29966268      0.30917821   9.1986807e-05     0.022425592       2.9637003       0.9644056      0.01922765      0.99765844      -24.280118       -24.280118       2461.1514                                                 2461.1514
              2        1206.059      0.26089897      0.30772556   9.1684669e-05     0.022346585       2.9518146      0.96594728     0.013476081      0.99786107      -24.280118       -24.280118       2460.6782                                                 2460.6782
              4       1206.1897      0.25284026      0.30737894   9.1556234e-05     0.022371188        2.949352      0.96626353     0.013287944      0.99688819      -24.280118       -24.280118       2460.9396                                                 2460.9396
              4       1205.3589      0.25443487      0.30708729   9.1668098e-05     0.022361328       2.9510899      0.96624468      0.01516104      0.99751027      -24.280118       -24.280118        2459.278                                                  2459.278
              2       1205.4142      0.26546223       0.3074953   9.1754645e-05     0.022356777       2.9504176      0.96640095     0.015256956      0.99697278      -24.280118       -24.280118       2459.3886                                                 2459.3886
              5       1206.7622      0.31694367      0.30979231   9.2188347e-05     0.022482271       2.9456253      0.96453508     0.010924672      0.99862899      -24.280118       -24.280118       2462.0847                                                 2462.0847
              4       1207.0417      0.31662979      0.30965862   9.2157001e-05     0.022481247       2.9442143      0.96427072     0.010371785       0.9985311      -24.280118       -24.280118       2462.6436                                                 2462.6436
              1       1208.8202      0.26832555      0.30733051    9.189367e-05      0.02234729       2.9459291      0.96358741     0.012720977      0.99855139      -24.280118       -24.280118       2466.2006                                                 2466.2006
              2       1208.5299      0.28188657      0.30760926   9.2011149e-05     0.022342521       2.9466931      0.96374302     0.012537298      0.99913751      -24.280118       -24.280118       2465.6201                                                 2465.6201
              1        1208.519      0.12313868      0.30520775   9.0982456e-05     0.022141769       2.9547092      0.96877365     0.011771911       1.0025628      -24.280118       -24.280118       2465.5982                                                 2465.5982
              8       1206.8548     0.086739235      0.30402083   9.0487856e-05     0.022252194       2.9617114      0.96769278     0.015540819       1.0016046      -24.280118       -24.280118       2462.2698                                                 2462.2698
              1       1206.9489      0.11741821      0.30551749   9.0914559e-05     0.022265631       2.9554228      0.96673972     0.012846182       1.0017144      -24.280118       -24.280118       2462.4581                                                 2462.4581
              2       1207.3151      0.14122377      0.30697934   9.1319932e-05     0.022222434       2.9557806      0.96812241     0.013240596        1.001502      -24.280118       -24.280118       2463.1904                                                 2463.1904
              1       1208.4269       0.1404903      0.30585477   9.1125906e-05     0.022237824       2.9693077      0.97014466     0.023027228         1.00005      -24.280118       -24.280118       2465.4141                                                 2465.4141
              2       1207.7298      0.16052939      0.30618568   9.1277246e-05     0.022252809       2.9677599      0.97008809     0.022650824      0.99948751      -24.280118       -24.280118       2464.0198                                                 2464.0198
              2       1207.6305      0.26761426      0.31290262   9.2776079e-05     0.022300215       2.9653921      0.96613002     0.017844416       1.0013734      -24.280118       -24.280118       2463.8213                                                 2463.8213
              3       1207.3035      0.30127089      0.31340962   9.3016296e-05     0.022308653       2.9689875      0.96636431     0.018407397       1.0024149      -24.280118       -24.280118       2463.1672                                                 2463.1672
              1       1207.6158      0.32937334      0.31425577   9.3271456e-05      0.02230185        2.971963      0.96778437     0.021193243       1.0015653      -24.280118       -24.280118       2463.7919                                                 2463.7919
              1       1207.8847      0.30814053      0.31427139    9.333225e-05     0.022189784        2.982683      0.96782677     0.026360936       1.0009721      -24.280118       -24.280118       2464.3296                                                 2464.3296
              1       1207.4875      0.31491401      0.31455836   9.3435351e-05     0.022196605       2.9831693      0.96711599     0.026888719       1.0007241      -24.280118       -24.280118       2463.5353                                                 2463.5353
              1       1207.7295      0.31289748      0.31463562   9.3469225e-05     0.022184306       2.9865161      0.96545507     0.027998443       1.0011606      -24.280118       -24.280118       2464.0193                                                 2464.0193
              3       1207.3043      0.27755515      0.31291759   9.3020121e-05     0.022176683       2.9896165      0.96628474     0.030012003       1.0011256      -24.280118       -24.280118       2463.1688                                                 2463.1688
              2       1208.1546      0.27605971      0.31111235   9.2526767e-05       0.0222808       2.9943089      0.96614477     0.030533156        1.001191      -24.280118       -24.280118       2464.8694                                                 2464.8694
              3       1209.0749      0.26673964      0.31124875   9.2370443e-05     0.022349535       2.9972222      0.96648167     0.030231498         1.00254      -24.280118       -24.280118       2466.7099                                                 2466.7099
              2       1208.7654      0.25881746      0.31036415   9.2321382e-05     0.022394819       2.9791196      0.96659669      0.02408587       1.0000533      -24.280118       -24.280118        2466.091                                                  2466.091
              1       1208.7382      0.24763549      0.30997817   9.2186983e-05     0.022395529       2.9775943      0.96658743     0.023256191       1.0000132      -24.280118       -24.280118       2466.0366                                                 2466.0366
              4       1207.9638      0.22234438      0.30785184   9.1679315e-05     0.022405774       2.9819616      0.96800821     0.026061476      0.99984203      -24.280118       -24.280118       2464.4879                                                 2464.4879
              2       1207.7955      0.23023941      0.30831424   9.1752592e-05     0.022421443       2.9811349      0.96787618     0.025690085      0.99961903      -24.280118       -24.280118       2464.1513                                                 2464.1513
              1       1207.4403      0.23305912      0.30854157   9.1840889e-05     0.022393532       2.9805243      0.96810591      0.02563378      0.99956568      -24.280118       -24.280118       2463.4408                                                 2463.4408
              1       1207.8565      0.25037475      0.30923331   9.2064644e-05     0.022407591        2.973096      0.96759633     0.021966449      0.99960008      -24.280118       -24.280118       2464.2732                                                 2464.2732
              8       1205.0499      0.26859552      0.30831901   9.1901868e-05     0.022404123       2.9710388      0.96673238     0.021427975      0.99972968      -24.280118       -24.280118       2458.6601                                                 2458.6601
              3       1204.6653       0.2639488       0.3075565   9.1624223e-05     0.022470587       2.9772676       0.9662404     0.024325192      0.99978176      -24.280118       -24.280118       2457.8908                                                 2457.8908
              4       1204.7667       0.2501238       0.3065325   9.1397806e-05     0.022440047       2.9723315      0.96504022     0.022320593      0.99937659      -24.280118       -24.280118       2458.0936                                                 2458.0936
              2       1204.6481      0.24784668      0.30725578   9.1589695e-05      0.02237859        2.980533      0.96418136     0.025929931       1.0001087      -24.280118       -24.280118       2457.8565                                                 2457.8565
              5       1205.4485      0.19497952      0.30718883   9.1231673e-05     0.022450036       2.9753213      0.96808915     0.023128945       1.0001159      -24.280118       -24.280118       2459.4573                                                 2459.4573
              1       1206.8082      0.17646997      0.30704398     9.11284e-05     0.022418936       2.9790825      0.96878881     0.022595031       1.0026167      -24.280118       -24.280118       2462.1765                                                 2462.1765
              1       1207.6943      0.18695886      0.30677956   9.1022172e-05     0.022429532       2.9648716      0.96739071     0.016344017       1.0024985      -24.280118       -24.280118       2463.9488                                                 2463.9488
              6       1210.9488     0.057024298      0.30205447   8.9443482e-05     0.022444705       2.9673736      0.96805442     0.019337001       1.0003137      -24.280118       -24.280118       2470.4578                                                 2470.4578
              2       1208.8627       0.1075337      0.30310373   8.9887902e-05     0.022449735        2.962547      0.96825483     0.017987254      0.99941536      -24.280118       -24.280118       2466.2857                                                 2466.2857
              5       1208.5933        0.119769      0.30340277   8.9919406e-05     0.022508919       2.9717673      0.96705364     0.022442459      0.99913127      -24.280118       -24.280118       2465.7469                                                 2465.7469
              1       1206.6968     0.054507627      0.30059679   8.9296587e-05     0.022450422       2.9877862      0.96834826     0.030150174         1.00016      -24.280118       -24.280118       2461.9539                                                 2461.9539
              1       1206.6119     0.053226873      0.30051448   8.9273648e-05     0.022454282       2.9876337       0.9681842     0.030057874        1.000109      -24.280118       -24.280118       2461.7841                                                 2461.7841
              4       1206.2599     0.059271616      0.30052758   8.9338851e-05     0.022457204       2.9846843      0.96893839     0.028294169       1.0006368      -24.280118       -24.280118         2461.08                                                   2461.08
              3       1206.3959     0.053724568      0.30067539   8.9342476e-05     0.022467619       2.9840209      0.96933622     0.028109238       1.0003884      -24.280118       -24.280118       2461.3519                                                 2461.3519
              6       1207.5646     0.082083194      0.30015635   8.9291153e-05     0.022532266       2.9617066      0.96910445     0.020753556      0.99721412      -24.280118       -24.280118       2463.6894                                                 2463.6894
              2        1207.663     0.059657901      0.29818494   8.9140183e-05     0.022391774       2.9475463      0.97071702     0.011246769       1.0008357      -24.280118       -24.280118       2463.8863                                                 2463.8863
              4        1207.792    0.0028525484      0.29331103   8.8119477e-05     0.022376311           2.969      0.96908049     0.022353703      0.99987704      -24.280118       -24.280118       2464.1443                                                 2464.1443
              1       1207.1406     0.091557791      0.29611547   8.8854286e-05     0.022452198       2.9771098      0.96993552     0.023030382       1.0022523      -24.280118       -24.280118       2462.8414                                                 2462.8414
              1       1206.3426      0.11545982      0.29603219   8.8925392e-05     0.022495506       2.9782319      0.97079421     0.024917935       1.0020497      -24.280118       -24.280118       2461.2454                                                 2461.2454
              3       1205.6496      0.12754076      0.29586289   8.8812516e-05     0.022521864       2.9829743      0.96754638     0.026848764       1.0019529      -24.280118       -24.280118       2459.8594                                                 2459.8594
              4       1205.6965      0.13560268      0.29461995   8.8759322e-05     0.022426275       2.9792228      0.96943673     0.027372665       1.0005069      -24.280118       -24.280118       2459.9533                                                 2459.9533
              4       1205.6477      0.13842209      0.29472749   8.8825014e-05     0.022385263       2.9915586      0.97111415      0.03248048       1.0019283      -24.280118       -24.280118       2459.8557                                                 2459.8557
              1       1207.5136      0.22206551      0.29803934   8.9906735e-05     0.022363669       2.9911472      0.96953842     0.029244456        1.004319      -24.280118       -24.280118       2463.5874                                                 2463.5874
              1        1205.562      0.28107669      0.30089475   9.0631409e-05      0.02239088       2.9998452      0.97060396     0.035166152       1.0018391      -24.280118       -24.280118       2459.6842                                                 2459.6842
              3        1205.286      0.28418101      0.30102293   9.0663138e-05     0.022396868       2.9996983      0.97050106     0.035159825       1.0018204      -24.280118       -24.280118       2459.1321                                                 2459.1321
              2       1205.4916      0.30625705      0.30166561   9.0905288e-05     0.022379428       3.0008952      0.96997081     0.035626226       1.0019957      -24.280118       -24.280118       2459.5434                                                 2459.5434
              3       1205.6672      0.30534017      0.30169877   9.0903021e-05     0.022378314       3.0015411      0.96990499     0.035542605       1.0023623      -24.280118       -24.280118       2459.8946                                                 2459.8946
              2        1204.346      0.28434942      0.30036447   9.0561525e-05     0.022388991        3.017562      0.97111364     0.044874044        1.002782      -24.280118       -24.280118       2457.2522                                                 2457.2522
              2       1204.6716      0.27485095      0.29959324   9.0325081e-05     0.022434289       3.0219532      0.97029735     0.046640307       1.0027402      -24.280118       -24.280118       2457.9034                                                 2457.9034
              2       1205.0039      0.25677913      0.29937729   9.0106362e-05     0.022467692       3.0219779      0.96730184     0.046558251       1.0018344      -24.280118       -24.280118       2458.5681                                                 2458.5681
              4       1204.9436      0.25146681      0.29918897   9.0039379e-05     0.022468037       3.0219152      0.96750002     0.046481106       1.0019077      -24.280118       -24.280118       2458.4474                                                 2458.4474
              1       1205.7495      0.24054677      0.29854409   8.9920177e-05     0.022434545       3.0260203      0.96727214     0.048922605       1.0017781      -24.280118       -24.280118       2460.0592                                                 2460.0592
              3       1206.3734      0.23835056      0.29836461   8.9933483e-05     0.022412518       3.0278855      0.96749325     0.049590343       1.0022695      -24.280118       -24.280118       2461.3071                                                 2461.3071
              4       1206.3447      0.24210971      0.29861406    8.999653e-05     0.022410869        3.027668      0.96726026     0.049392679       1.0023847      -24.280118       -24.280118       2461.2496                                                 2461.2496
              1       1206.4146      0.23853686      0.29910594   9.0038766e-05     0.022455732       3.0309568      0.96801002     0.050409922       1.0026985      -24.280118       -24.280118       2461.3895                                                 2461.3895
              1       1205.6505      0.27051731      0.30083565   9.0444213e-05     0.022483009        3.029025       0.9680211     0.048960926       1.0028131      -24.280118       -24.280118       2459.8613                                                 2459.8613
              3       1207.0221      0.26905881      0.30206834   9.0834826e-05     0.022386383       3.0310152      0.96723921      0.05029978       1.0037123      -24.280118       -24.280118       2462.6044                                                 2462.6044
              1       1207.0545      0.26930974      0.30206426   9.0838607e-05      0.02238716       3.0311134      0.96736149     0.050309423       1.0037697      -24.280118       -24.280118       2462.6692                                                 2462.6692
              1       1205.1199      0.23754968      0.30071221   9.0408539e-05     0.022419786       3.0117177      0.97010422     0.043232059       1.0021256      -24.280118       -24.280118          2458.8                                                    2458.8
              2       1205.5971      0.24840496      0.30077648   9.0438529e-05     0.022390833       3.0143269        0.971906     0.044285902        1.002707      -24.280118       -24.280118       2459.7543                                                 2459.7543
              1        1205.291      0.29509522       0.3023743   9.0949077e-05     0.022387865       3.0100424       0.9727797     0.042678964        1.002381      -24.280118       -24.280118       2459.1422                                                 2459.1422
              1       1204.8222      0.30927992      0.30321339   9.1234722e-05      0.02243671       3.0120108      0.97070019     0.043413814       1.0019965      -24.280118       -24.280118       2458.2045                                                 2458.2045
              1       1204.3691      0.31522485      0.30344404    9.130359e-05     0.022424138       3.0126334      0.97018889     0.043517067       1.0020129      -24.280118       -24.280118       2457.2985                                                 2457.2985
              2       1203.3674      0.28738882      0.30252746   9.0920303e-05     0.022469453       2.9972128      0.97083851     0.035487804       1.0012509      -24.280118       -24.280118       2455.2951                                                 2455.2951
              2       1205.7496      0.33885003      0.30618167   9.1375751e-05     0.022705684       2.9972469      0.96651255     0.033921131       1.0015521      -24.280118       -24.280118       2460.0595                                                 2460.0595
              2       1205.4773      0.33106346      0.30866598   9.2042679e-05     0.022540698       2.9925209      0.96671109     0.030286552        1.003121      -24.280118       -24.280118       2459.5148                                                 2459.5148
              1       1206.3324      0.33319472      0.30823193   9.1998418e-05     0.022472945       2.9984911      0.96552718     0.033344697        1.003642      -24.280118       -24.280118       2461.2251                                                 2461.2251
              1       1206.1591      0.33815968      0.30841375   9.2048993e-05     0.022465861       2.9966838       0.9653395     0.032650351       1.0033434      -24.280118       -24.280118       2460.8785                                                 2460.8785
              2        1203.931       0.3517794      0.30728053   9.2059336e-05     0.022435655       3.0022087       0.9652482     0.037079752       1.0017691      -24.280118       -24.280118       2456.4222                                                 2456.4222
             10       1204.0572      0.32037737      0.30656341   9.2001997e-05     0.022292419       3.0000416      0.96930589     0.038356968       1.0006378      -24.280118       -24.280118       2456.6747                                                 2456.6747
              1       1202.9499      0.32728601      0.30638032   9.1883805e-05     0.022359662        3.001238      0.96991891     0.039070644        1.000166      -24.280118       -24.280118         2454.46                                                   2454.46
              2       1203.8301      0.31867559      0.30659312    9.197387e-05     0.022346538       3.0024337      0.97162818     0.039798079       1.0000276      -24.280118       -24.280118       2456.2205                                                 2456.2205
              2       1203.6278      0.32827501       0.3070383   9.2093215e-05     0.022351327       3.0018252      0.97115439      0.03942759      0.99992028      -24.280118       -24.280118       2455.8158                                                 2455.8158
              1        1203.653        0.327053      0.30713351   9.2101892e-05     0.022353083       3.0005628      0.97111254     0.038734842      0.99999998      -24.280118       -24.280118       2455.8663                                                 2455.8663
              1       1203.7191      0.32774304      0.30707889   9.2103539e-05     0.022350568       2.9999808      0.97115856     0.038368611       1.0000971      -24.280118       -24.280118       2455.9983                                                 2455.9983
              1       1204.0555      0.30608557      0.30611436   9.1838102e-05     0.022296902       2.9899232      0.97257774     0.035114407      0.99806516      -24.280118       -24.280118       2456.6713                                                 2456.6713
              1       1204.4642      0.31469072      0.30634212    9.170384e-05     0.022402346       2.9931233      0.97437246     0.034369739      0.99939536      -24.280118       -24.280118       2457.4887                                                 2457.4887
              5       1203.7432      0.29645263      0.30500372   9.1315403e-05     0.022412346       3.0001054      0.97336455      0.03958206      0.99763332      -24.280118       -24.280118       2456.0467                                                 2456.0467
              1       1203.1976      0.30644253      0.30420338   9.1179741e-05     0.022444542       3.0103322        0.973267     0.042556193       1.0000269      -24.280118       -24.280118       2454.9555                                                 2454.9555
              1       1203.1182      0.31465768      0.30440396   9.1242565e-05     0.022445888       3.0093953        0.973223     0.042130073      0.99995727      -24.280118       -24.280118       2454.7966                                                 2454.7966
              1       1203.1235      0.29097879       0.3035435   9.0810942e-05     0.022537734       3.0028292      0.97198767     0.038802489        1.000135      -24.280118       -24.280118       2454.8072                                                 2454.8072
              3       1203.5968      0.29679733      0.30381762    9.077876e-05      0.02260929       3.0019962      0.96988201     0.038033975       1.0000474      -24.280118       -24.280118       2455.7539                                                 2455.7539
              8       1203.4261      0.29682816      0.30375587   9.0778762e-05     0.022610034       3.0016729      0.96981806     0.037819216       1.0000874      -24.280118       -24.280118       2455.4125                                                 2455.4125
              1       1205.3025      0.38708452      0.30538264   9.1458175e-05      0.02265917       3.0026509       0.9725789     0.034544717       1.0035512      -24.280118       -24.280118       2459.1651                                                 2459.1651
              5        1205.296       0.3836629      0.30510054    9.138393e-05     0.022665765       3.0034174      0.97264145     0.034979316       1.0036117      -24.280118       -24.280118       2459.1522                                                 2459.1522
              2       1205.0793      0.36142982      0.30420665   9.1128941e-05     0.022676117       2.9998486      0.97218656     0.033691751       1.0028483      -24.280118       -24.280118       2458.7188                                                 2458.7188
              2       1203.5439      0.35050098      0.30436033   9.1314017e-05     0.022499864         3.00122      0.96827471     0.035107671       1.0023146      -24.280118       -24.280118       2455.6481                                                 2455.6481
              1       1203.5587      0.33001984      0.30484787   9.1313608e-05     0.022484885       3.0009996      0.96918034     0.034863004       1.0022687      -24.280118       -24.280118       2455.6776                                                 2455.6776
              4       1203.3996      0.31430178      0.30423018   9.1115798e-05      0.02249897       3.0020055      0.96887922     0.035405455       1.0024476      -24.280118       -24.280118       2455.3595                                                 2455.3595
              1       1202.9939      0.32267905      0.30399289   9.1254345e-05     0.022421249       2.9999015      0.96852561     0.036185418       1.0019181      -24.280118       -24.280118       2454.5481                                                 2454.5481
              2       1202.9242      0.33177845      0.30396613    9.122762e-05     0.022454064       2.9998469      0.96766954     0.036505231       1.0013576      -24.280118       -24.280118       2454.4086                                                 2454.4086
              1       1203.1604      0.31363521      0.30248475   9.0926202e-05     0.022452147       3.0058318      0.96771804     0.038744762       1.0020988      -24.280118       -24.280118        2454.881                                                  2454.881
              4       1203.7604       0.2518565       0.3005282   9.0382651e-05     0.022397397       3.0008365      0.96638998      0.03782203       1.0003197      -24.280118       -24.280118       2456.0811                                                 2456.0811
              3       1204.0136      0.24850034      0.30023073   9.0301512e-05      0.02238986       3.0041487      0.96646131      0.03903858       1.0007911      -24.280118       -24.280118       2456.5875                                                 2456.5875
              4       1203.5565      0.23649713      0.30059098   9.0310727e-05      0.02238021       3.0045045      0.96777817     0.038974298       1.0012847      -24.280118       -24.280118       2455.6731                                                 2455.6731
              1       1205.4251      0.22273085       0.2994705   9.0086504e-05     0.022377087       3.0150957      0.96633799     0.044253703       1.0019589      -24.280118       -24.280118       2459.4104                                                 2459.4104
              1       1205.4557      0.23717426      0.29980093   9.0178755e-05     0.022393493        3.011069      0.96643261     0.043644587       1.0010546      -24.280118       -24.280118       2459.4717                                                 2459.4717
              4       1206.3042       0.1630521       0.2985306   8.9469124e-05     0.022518572       3.0160657      0.96803212     0.046592935       1.0004515      -24.280118       -24.280118       2461.1687                                                 2461.1687
              4       1208.2085      0.11816986      0.29531397   8.8601495e-05     0.022604667       3.0074199      0.97053049     0.041173838       1.0020692      -24.280118       -24.280118       2464.9772                                                 2464.9772
              2       1208.2551      0.11844649      0.29532231   8.8603701e-05     0.022605204       3.0073717      0.97054095     0.041174486       1.0020601      -24.280118       -24.280118       2465.0705                                                 2465.0705
              5       1208.2116      0.11546001      0.29524923   8.8623139e-05     0.022586476       3.0068667      0.97052516     0.041270828       1.0018393      -24.280118       -24.280118       2464.9835                                                 2464.9835
              3       1208.1173      0.11205923      0.29522292   8.8610188e-05     0.022582818       3.0069565      0.97073375     0.041411785       1.0017331      -24.280118       -24.280118       2464.7948                                                 2464.7948
              3       1207.9499      0.11656633      0.29558362   8.8698475e-05      0.02257986       3.0091817      0.96998578     0.042348614       1.0017741      -24.280118       -24.280118         2464.46                                                   2464.46
              1       1208.1348      0.15464874      0.29714558   8.9039375e-05     0.022611163       3.0103799      0.96983825     0.043740519       1.0009311      -24.280118       -24.280118       2464.8298                                                 2464.8298
             11       1204.5104      0.18859451      0.30127017   9.0064084e-05     0.022407263       2.9875826      0.96643447     0.030903085       0.9995573      -24.280118       -24.280118        2457.581                                                  2457.581
              4       1203.8612       0.1699965      0.29964637   8.9598696e-05     0.022564022       2.9929284      0.96750866     0.033176594        1.000055      -24.280118       -24.280118       2456.2826                                                 2456.2826
              1       1205.2737      0.13951475      0.29733461   8.9074037e-05     0.022489789       2.9958487      0.97170663     0.033057875       1.0025986      -24.280118       -24.280118       2459.1077                                                 2459.1077
              4       1204.8612      0.14920024      0.29740187   8.9205564e-05     0.022463031       2.9940962      0.97180636     0.032389948       1.0025069      -24.280118       -24.280118       2458.2826                                                 2458.2826
              5       1204.8188      0.14799533      0.29726894   8.9174927e-05     0.022467141       2.9951375      0.97161698     0.032885385       1.0025552      -24.280118       -24.280118       2458.1979                                                 2458.1979
              8       1204.9696      0.24932835      0.30075242   9.0385286e-05     0.022383857       2.9904756      0.96865541     0.031564249       1.0026324      -24.280118       -24.280118       2458.4995                                                 2458.4995
              5       1204.7959      0.26349061      0.30132935   9.0540201e-05     0.022386379       2.9901597      0.96901594     0.031416455       1.0025962      -24.280118       -24.280118       2458.1521                                                 2458.1521
              1       1204.7972      0.26387178      0.30134715   9.0544522e-05       0.0223878       2.9902237      0.96898061     0.031476221       1.0025714      -24.280118       -24.280118       2458.1546                                                 2458.1546
              2       1206.0007      0.31944914      0.30251024   9.1300894e-05     0.022281868       2.9993894      0.96864891     0.037247813       1.0023237      -24.280118       -24.280118       2460.5616                                                 2460.5616
              1       1205.3058      0.34304173      0.30263333   9.1307805e-05      0.02233579       3.0036782      0.96813094     0.038406875       1.0029443      -24.280118       -24.280118       2459.1719                                                 2459.1719
              1       1204.4111      0.43226324      0.30636366   9.2200515e-05     0.022494855       3.0011105      0.97334159     0.038371463       1.0021535      -24.280118       -24.280118       2457.3824                                                 2457.3824
              3       1203.2275      0.40119433      0.30422284   9.1641296e-05     0.022466287       3.0008235      0.97613771     0.041693634      0.99782571      -24.280118       -24.280118       2455.0153                                                 2455.0153
              5       1203.2941      0.38453676      0.30310373   9.1311096e-05     0.022551009       2.9980845      0.97452992     0.041711982        0.996558      -24.280118       -24.280118       2455.1483                                                 2455.1483
              2       1203.6822      0.37240378      0.30388623   9.1441314e-05     0.022584033       3.0000724      0.97232641     0.041763023      0.99709848      -24.280118       -24.280118       2455.9247                                                 2455.9247
              4        1203.712      0.39228924      0.30452022   9.1680366e-05     0.022573079       3.0023938      0.97239201     0.042751981      0.99751071      -24.280118       -24.280118       2455.9843                                                 2455.9843
              4       1202.7397      0.42495328       0.3029769   9.1349783e-05     0.022595464       2.9932579       0.9697612     0.036377441      0.99838048      -24.280118       -24.280118       2454.0397                                                 2454.0397
              2       1202.5809      0.43874142      0.30348102   9.1462565e-05     0.022618163       2.9973677       0.9698508     0.037604064      0.99915641      -24.280118       -24.280118        2453.722                                                  2453.722
              1       1202.8199      0.42642682      0.30295207   9.1342692e-05      0.02263425         2.99669       0.9697365     0.037271908      0.99918168      -24.280118       -24.280118       2454.2001                                                 2454.2001
              2        1203.296      0.43077014      0.30331753   9.1422208e-05     0.022647839       2.9908308      0.96987353     0.035604285      0.99851694      -24.280118       -24.280118       2455.1522                                                 2455.1522
             10       1203.4267      0.46989757      0.30595607   9.2052701e-05     0.022686046       2.9929379      0.96920178     0.035585894      0.99899012      -24.280118       -24.280118       2455.4137                                                 2455.4137
              2       1203.2804      0.46442095      0.30587195   9.2006284e-05     0.022677633       2.9950063      0.96958411     0.036199762      0.99966392      -24.280118       -24.280118       2455.1211                                                 2455.1211
              3       1203.6403      0.43007966      0.30655015   9.2385499e-05      0.02249107       3.0048997      0.97119947     0.041485492      0.99969014      -24.280118       -24.280118       2455.8409                                                 2455.8409
             10       1204.2992      0.40903087      0.30676908   9.2263082e-05     0.022509449       2.9890442      0.97366751      0.03519699      0.99775915      -24.280118       -24.280118       2457.1587                                                 2457.1587
              7       1203.9821      0.42051022      0.30685824   9.2253137e-05     0.022529859        2.983776      0.97352341     0.032574887      0.99732478      -24.280118       -24.280118       2456.5245                                                 2456.5245
              1       1204.2308      0.43123451      0.30695011   9.2323737e-05     0.022530487       2.9850839      0.97413553     0.033256803      0.99729502      -24.280118       -24.280118       2457.0219                                                 2457.0219
              4       1204.4001      0.42797228      0.30700046   9.2300457e-05     0.022553085       2.9887028      0.97443193     0.034829306      0.99751427      -24.280118       -24.280118       2457.3604                                                 2457.3604
              1       1203.6259      0.43926054      0.30730844   9.2317021e-05     0.022591163       2.9861506      0.97282728      0.03447554      0.99670393      -24.280118       -24.280118        2455.812                                                  2455.812
              3       1203.7372      0.43488512      0.30718659   9.2272276e-05     0.022594526       2.9865831      0.97284755     0.034771967      0.99660693      -24.280118       -24.280118       2456.0345                                                 2456.0345
              2       1203.2884      0.41490145      0.30437933   9.1633231e-05     0.022624599       2.9960667      0.97236778     0.039337118      0.99682683      -24.280118       -24.280118       2455.1369                                                 2455.1369
              3       1203.6351      0.43597309      0.30513745   9.1825898e-05     0.022653658       2.9978184      0.97251758     0.040220547      0.99651564      -24.280118       -24.280118       2455.8304                                                 2455.8304
              2       1203.8154      0.42934762      0.30470758   9.1775446e-05     0.022638506       2.9906103      0.97180464     0.036714288      0.99735128      -24.280118       -24.280118       2456.1911                                                 2456.1911
              6       1203.8416      0.42242612      0.30456414   9.1693074e-05     0.022647066       2.9913729      0.97167575     0.037197323      0.99726564      -24.280118       -24.280118       2456.2435                                                 2456.2435
              1        1203.899      0.42861797      0.30483717   9.1757442e-05     0.022656995       2.9909642      0.97081197     0.036759488      0.99740847      -24.280118       -24.280118       2456.3583                                                 2456.3583
              1       1203.9596      0.45917306      0.30686997   9.2033002e-05     0.022712809       2.9922788       0.9716594     0.036111683      0.99799618      -24.280118       -24.280118       2456.4794                                                 2456.4794
              1       1204.3414      0.50174642      0.30729548   9.2440674e-05     0.022554554       2.9962932       0.9724632     0.036985852       1.0003717      -24.280118       -24.280118        2457.243                                                  2457.243
              2       1204.1987      0.47929075      0.30864636   9.2847727e-05     0.022362551       2.9908766      0.97095037     0.032894816       1.0011291      -24.280118       -24.280118       2456.9576                                                 2456.9576
              4        1204.447       0.4901484      0.30959803   9.3103295e-05     0.022387091        2.992524      0.97226039     0.032805091       1.0025642      -24.280118       -24.280118       2457.4543                                                 2457.4543
              3       1204.1678      0.48666343      0.30950024   9.3048888e-05     0.022398724       2.9926952      0.97234991     0.032865615        1.002419      -24.280118       -24.280118       2456.8959                                                 2456.8959
              3       1204.2779       0.4862962      0.30949009   9.3109106e-05     0.022370407       2.9922232      0.97324563     0.032690836       1.0024144      -24.280118       -24.280118        2457.116                                                  2457.116
              1       1205.5362      0.50671993      0.30983528   9.3440117e-05     0.022321573        2.985766      0.97595945     0.031288534       1.0009954      -24.280118       -24.280118       2459.6327                                                 2459.6327
              1       1206.4059      0.47796183      0.30889081   9.3073166e-05     0.022442742       2.9842421       0.9765242     0.030451338       1.0012926      -24.280118       -24.280118       2461.3721                                                 2461.3721
              1        1205.958      0.48560954      0.30954452   9.3228519e-05     0.022447351       2.9834793      0.97565445     0.029937896       1.0011579      -24.280118       -24.280118       2460.4763                                                 2460.4763
              4       1206.5188      0.47963182      0.30995535   9.3133713e-05     0.022499342       2.9851546      0.97789549     0.032437706      0.99922895      -24.280118       -24.280118       2461.5977                                                 2461.5977
              1       1206.4893      0.54661767      0.31211689   9.3872554e-05     0.022513336       2.9985816      0.97677329     0.040357216      0.99909422      -24.280118       -24.280118       2461.5389                                                 2461.5389
              2       1205.8402      0.41922598      0.30719643   9.2344546e-05     0.022513198       3.0056497       0.9740959     0.044839303      0.99824866      -24.280118       -24.280118       2460.2407                                                 2460.2407
              3       1206.7786      0.43000145      0.30762957   9.2502337e-05     0.022497278        3.006191      0.97375024     0.046483586      0.99717319      -24.280118       -24.280118       2462.1174                                                 2462.1174
              1       1206.5298      0.43110081      0.30766655   9.2520704e-05     0.022489138       3.0064719      0.97362615     0.046567342      0.99719808      -24.280118       -24.280118       2461.6199                                                 2461.6199
              4       1206.8603       0.4292905      0.30697877     9.24255e-05     0.022484505       3.0050951      0.97350804     0.046237289      0.99706483      -24.280118       -24.280118       2462.2809                                                 2462.2809
              2       1208.6397      0.42519815      0.30609431   9.2268956e-05     0.022496137       3.0044082      0.97428129      0.04658641       0.9968915      -24.280118       -24.280118       2465.8397                                                 2465.8397
              1       1208.2701      0.43967589      0.30659481   9.2437009e-05     0.022488932       3.0016656      0.97426048     0.045138256       0.9969422      -24.280118       -24.280118       2465.1004                                                 2465.1004
              1       1207.6957      0.43909805      0.30645809   9.2375576e-05     0.022509431       3.0021878      0.97460357     0.045030085      0.99711427      -24.280118       -24.280118       2463.9517                                                 2463.9517
              5       1206.9903      0.44779952      0.30660291   9.2461344e-05     0.022497884         3.00572      0.97389241     0.046252681      0.99759298      -24.280118       -24.280118       2462.5408                                                 2462.5408
             12        1205.331      0.43269498      0.30541118    9.213275e-05     0.022497973       3.0062612      0.97468768     0.046157608      0.99758649      -24.280118       -24.280118       2459.2223                                                 2459.2223
              6       1204.2949      0.34582752      0.30098343    9.090057e-05     0.022409425       2.9936242      0.97285598     0.039568592      0.99761899      -24.280118       -24.280118         2457.15                                                   2457.15
              2       1203.9309      0.33854921      0.30158058   9.1001302e-05     0.022401014       2.9899674      0.97223367     0.037238648      0.99778261      -24.280118       -24.280118       2456.4221                                                 2456.4221
              1       1203.7741      0.37170378      0.30209247   9.1119192e-05     0.022491441       2.9906074      0.97115865     0.037540798      0.99770742      -24.280118       -24.280118       2456.1085                                                 2456.1085
              1       1206.5677      0.34508466      0.30363084    9.152994e-05     0.022392721       2.9922029      0.97249353     0.039017583      0.99793539      -24.280118       -24.280118       2461.6956                                                 2461.6956
              1        1206.163      0.34553638       0.3037234   9.1517874e-05     0.022410708       2.9969208      0.97240792     0.039457957       0.9997534      -24.280118       -24.280118       2460.8862                                                 2460.8862
              1       1206.2371      0.31269869      0.30207133   9.1032033e-05     0.022425041       3.0017482      0.97278245     0.042125914      0.99957004      -24.280118       -24.280118       2461.0344                                                 2461.0344
              4       1206.3283      0.30892265      0.30179382    9.096209e-05     0.022432953       3.0027314      0.97247979     0.042624404      0.99955759      -24.280118       -24.280118       2461.2169                                                 2461.2169
              4       1207.2708      0.20494712      0.29977993   9.0414519e-05     0.022196003       2.9967534      0.97061197     0.036221287       1.0017679      -24.280118       -24.280118       2463.1018                                                 2463.1018
              2       1205.3282      0.17174809      0.29854915   8.9645519e-05     0.022422179       3.0051055      0.97429534     0.038483925       1.0018945      -24.280118       -24.280118       2459.2167                                                 2459.2167
              1       1204.9553        0.157686      0.29800625   8.9412753e-05     0.022456236       2.9901576      0.97390805      0.03209788       1.0005896      -24.280118       -24.280118       2458.4708                                                 2458.4708
              2       1204.9172      0.17324503      0.29841538   8.9569473e-05     0.022461482        2.990224      0.97422199     0.032390695       1.0004243      -24.280118       -24.280118       2458.3946                                                 2458.3946
              3       1204.7846      0.16540838      0.29861623   8.9447441e-05     0.022516182       2.9953061      0.97421573     0.035139206      0.99986207      -24.280118       -24.280118       2458.1295                                                 2458.1295
              2       1205.1379      0.19253154      0.29878472   8.9702215e-05     0.022483304       3.0058083      0.97583156     0.041999009      0.99881146      -24.280118       -24.280118        2458.836                                                  2458.836
              3       1205.1384       0.1832275      0.29885935   8.9690003e-05     0.022466021       3.0045987      0.97590733     0.041554152      0.99885877      -24.280118       -24.280118        2458.837                                                  2458.837
              3       1204.2732      0.10289607         0.29729    8.890816e-05     0.022498858       3.0055237      0.96945439     0.040475473      0.99931491      -24.280118       -24.280118       2457.1067                                                 2457.1067
              2       1205.1445      0.18568805      0.30170706   9.0364437e-05      0.02233946       2.9930313       0.9682817     0.031360279       1.0032428      -24.280118       -24.280118       2458.8493                                                 2458.8493
              2       1206.2732      0.12449647      0.29994356   8.9847413e-05     0.022290983       2.9966198      0.96835106     0.033161211       1.0034384      -24.280118       -24.280118       2461.1067                                                 2461.1067
              2       1206.2421      0.19693532      0.30125148   9.0378669e-05     0.022338033       3.0145179        0.968878     0.042802081       1.0034721      -24.280118       -24.280118       2461.0444                                                 2461.0444
              3       1206.3077      0.21158668      0.30152511   9.0492455e-05     0.022338351       3.0126506      0.96869623     0.041365128       1.0039677      -24.280118       -24.280118       2461.1757                                                 2461.1757
              5       1205.0294      0.23585563      0.30132532   9.0425246e-05     0.022414553       3.0153133      0.97002257     0.043063334       1.0034398      -24.280118       -24.280118       2458.6191                                                 2458.6191
              2       1204.6797      0.21882888      0.30122948   9.0332014e-05      0.02240858       3.0118564      0.96955468     0.041087107       1.0033236      -24.280118       -24.280118       2457.9197                                                 2457.9197
              1       1204.4932      0.29436515      0.30475871   9.1029891e-05     0.022518116       3.0038062      0.97002865     0.037962446       1.0016264      -24.280118       -24.280118       2457.5466                                                 2457.5466
              1       1204.5682      0.40527681      0.30869792   9.2318851e-05     0.022486664       2.9970544      0.96935613     0.033037902       1.0030273      -24.280118       -24.280118       2457.6967                                                 2457.6967
              6       1204.6851      0.38114039      0.30738012   9.1916972e-05     0.022549713       2.9925552      0.96854293      0.03125945       1.0027444      -24.280118       -24.280118       2457.9304                                                 2457.9304
              1       1204.5632      0.41423025      0.30590981   9.1757908e-05     0.022573142       3.0018771       0.9689721     0.036891383       1.0024497      -24.280118       -24.280118       2457.6866                                                 2457.6866
              1       1206.9875      0.45853988        0.307611   9.2067992e-05     0.022642931       2.9943297      0.96921693      0.03212405       1.0023862      -24.280118       -24.280118       2462.5353                                                 2462.5353
              3       1205.2284      0.47964712      0.30660676   9.2143283e-05     0.022631631       2.9655201      0.97073213     0.020961712       0.9995182      -24.280118       -24.280118        2459.017                                                  2459.017
              5       1206.3575      0.42755123      0.30281324   9.1244376e-05     0.022676495       2.9601698      0.97113121      0.01910195      0.99844747      -24.280118       -24.280118       2461.2752                                                 2461.2752
              1       1205.9108      0.40178791      0.30088049   9.0783185e-05     0.022688398       2.9759795      0.96903008     0.027491998      0.99806266      -24.280118       -24.280118       2460.3819                                                 2460.3819
              1       1205.4554       0.3484815         0.30004   9.0450125e-05     0.022626653         2.97265      0.96906565      0.02572598      0.99809063      -24.280118       -24.280118        2459.471                                                  2459.471
              1       1205.6364      0.34579277      0.30010464   9.0426368e-05     0.022632517       2.9714718      0.96887886     0.025427549      0.99765897      -24.280118       -24.280118       2459.8331                                                 2459.8331
              1       1208.4022       0.3508175      0.29693417   8.9594989e-05     0.022792395       2.9795139      0.97206678     0.030222212      0.99904353      -24.280118       -24.280118       2465.3647                                                 2465.3647
              2       1208.4844      0.36844821      0.29686939   8.9653124e-05     0.022812179       2.9821492      0.97232032     0.031905717      0.99878166      -24.280118       -24.280118        2465.529                                                  2465.529
              1       1207.5629      0.38791737      0.29712697   8.9783438e-05     0.022787156       2.9851357      0.97370318     0.032848527      0.99926832      -24.280118       -24.280118        2463.686                                                  2463.686
              2       1208.2927      0.42694992      0.29877304   9.0270649e-05     0.022730264       2.9941849       0.9735549     0.040685971      0.99651429      -24.280118       -24.280118       2465.1456                                                 2465.1456
              6       1208.7489      0.42203276      0.29929791   9.0326088e-05     0.022746113       2.9887621      0.97415684     0.038525761      0.99577812      -24.280118       -24.280118        2466.058                                                  2466.058
              2       1208.8045      0.39389387      0.29822043   8.9976678e-05     0.022755644       2.9891249      0.97406056     0.038601375       0.9956714      -24.280118       -24.280118       2466.1693                                                 2466.1693
              1       1209.1505      0.42688447      0.29503887    8.964951e-05     0.022749518       2.9877055      0.97334225      0.03742947      0.99668124      -24.280118       -24.280118       2466.8613                                                 2466.8613
             10       1207.4808      0.34764549      0.29887771   9.0198549e-05     0.022637903       2.9641217      0.96726096      0.02303925      0.99738971      -24.280118       -24.280118       2463.5219                                                 2463.5219
              3       1206.9273      0.39185992      0.30203066   9.0922164e-05     0.022601955       2.9674008      0.96630913     0.023778132      0.99799447      -24.280118       -24.280118       2462.4147                                                 2462.4147
              7        1208.062      0.45439913       0.3018202   9.1163431e-05       0.0225989       2.9725641      0.96688266     0.024127088       1.0005706      -24.280118       -24.280118       2464.6842                                                 2464.6842
              1       1207.9505      0.45868551      0.30151084   9.1128041e-05      0.02259664       2.9749515       0.9670164     0.026317493      0.99959603      -24.280118       -24.280118       2464.4612                                                 2464.4612
              1       1208.8053      0.40628396      0.30060843   9.0783041e-05     0.022517853       2.9822076      0.96541729     0.027947864       1.0011916      -24.280118       -24.280118       2466.1708                                                 2466.1708
              1       1205.6904       0.4978116      0.30358957   9.1624718e-05     0.022650682       3.0131439      0.96851923     0.041901013       1.0025348      -24.280118       -24.280118       2459.9411                                                 2459.9411
              1       1206.9865      0.49715326      0.30231323   9.1287804e-05     0.022687465       3.0150191       0.9689747     0.043189709       1.0023713      -24.280118       -24.280118       2462.5333                                                 2462.5333
              2       1205.5438      0.33256648      0.29798309   8.9731033e-05     0.022700122       3.0103969      0.97051786     0.040822076       1.0020787      -24.280118       -24.280118       2459.6479                                                 2459.6479
              1       1205.5308      0.33199406      0.29795969   8.9724317e-05     0.022700026        3.010304      0.97050334     0.040777221       1.0020785      -24.280118       -24.280118       2459.6218                                                 2459.6218
              2       1205.5762      0.22343836      0.29597353   8.9005015e-05      0.02260567       2.9958251      0.97327349     0.034532325       1.0006653      -24.280118       -24.280118       2459.7127                                                 2459.7127
              6       1206.7703      0.21876243      0.29445391   8.8601098e-05     0.022651862       2.9973157      0.97388566     0.036238798      0.99990926      -24.280118       -24.280118       2462.1009                                                 2462.1009
              1       1206.7368      0.21842606      0.29444359   8.8598554e-05     0.022651417       2.9974003      0.97388957     0.036282954      0.99990934      -24.280118       -24.280118       2462.0338                                                 2462.0338
              4       1206.3278      0.33090897      0.29674754     8.94607e-05     0.022745548       3.0101954      0.97549955     0.043849603      0.99878215      -24.280118       -24.280118       2461.2159                                                 2461.2159
              3       1206.2089        0.339197      0.29638262   8.9434613e-05     0.022749975       3.0119547      0.97571944     0.045043372      0.99876916      -24.280118       -24.280118       2460.9781                                                 2460.9781
              1       1207.5843      0.17915607      0.29276024   8.8088881e-05     0.022701825       3.0042688      0.97577799     0.039839099       1.0000981      -24.280118       -24.280118       2463.7288                                                 2463.7288
             10       1206.4326      0.18608703      0.29380363   8.8446504e-05     0.022599858       3.0095581      0.97490961     0.041201059       1.0016137      -24.280118       -24.280118       2461.4253                                                 2461.4253
              1       1205.7629      0.35139942      0.29522879   8.9437031e-05     0.022613326       3.0113966      0.97436214     0.044321044       1.0008163      -24.280118       -24.280118       2460.0861                                                 2460.0861
              1       1207.4402      0.29950336      0.29240114   8.8834622e-05     0.022517473       3.0182798      0.97533349      0.04849216       1.0006101      -24.280118       -24.280118       2463.4406                                                 2463.4406
              1       1207.4795       0.2897821      0.29503698   8.9510212e-05     0.022391495       3.0113569      0.97575421     0.043034253       1.0032289      -24.280118       -24.280118       2463.5193                                                 2463.5193
              3       1207.8038      0.30027952      0.29524148   8.9602469e-05     0.022378437       3.0134477      0.97603468     0.044160623       1.0032498      -24.280118       -24.280118       2464.1679                                                 2464.1679
              1       1207.8226      0.21940224      0.29384689   8.8904586e-05     0.022396132         3.00987      0.97836316     0.045199771      0.99959079      -24.280118       -24.280118       2464.2054                                                 2464.2054
              1       1208.0079      0.21786808      0.29368859   8.8907481e-05     0.022374393        3.008424      0.97825983     0.044840453      0.99929069      -24.280118       -24.280118        2464.576                                                  2464.576
              2       1206.6267      0.28892423      0.29808169   9.0090738e-05     0.022343439       3.0052949      0.97718488     0.041681588      0.99987514      -24.280118       -24.280118       2461.8137                                                 2461.8137
              1       1206.9352      0.29261271      0.29890778    9.025916e-05     0.022324396       2.9979262      0.97723719     0.037915047       0.9999106      -24.280118       -24.280118       2462.4306                                                 2462.4306
              1        1206.638      0.30439311      0.29892068   9.0292416e-05     0.022338855       2.9999321      0.97716474     0.038971372        0.999896      -24.280118       -24.280118       2461.8363                                                 2461.8363
              3        1205.351      0.28978118      0.29801865   9.0102748e-05     0.022368771        3.002357      0.97639097     0.040308055       1.0001166      -24.280118       -24.280118       2459.2622                                                 2459.2622
              6       1203.9149      0.35380701      0.30267739   9.1247621e-05     0.022377738        2.999105      0.97574906     0.038597643      0.99972191      -24.280118       -24.280118         2456.39                                                   2456.39
              7       1203.4881      0.39662996      0.30365772   9.1592619e-05     0.022404569       3.0054119      0.97579976      0.04155988      0.99991494      -24.280118       -24.280118       2455.5364                                                 2455.5364
              1       1203.4694      0.40445466      0.30387828    9.167869e-05     0.022402422       3.0058136      0.97582447     0.041793497      0.99993118      -24.280118       -24.280118        2455.499                                                  2455.499
              4       1202.5384      0.39434102       0.3033994     9.13863e-05     0.022557189       3.0129502      0.97090831     0.042816907       1.0018435      -24.280118       -24.280118        2453.637                                                  2453.637
              6       1202.5581      0.39405534      0.30337307   9.1380057e-05      0.02255734       3.0130465        0.970925     0.042850827       1.0018673      -24.280118       -24.280118       2453.6765                                                 2453.6765
              1       1202.6493      0.39470374      0.30388313   9.1528157e-05     0.022522597        3.015694      0.97120068     0.043979942       1.0020225      -24.280118       -24.280118       2453.8588                                                 2453.8588
              3       1204.6164      0.53897571      0.30586693   9.2695314e-05      0.02238956       3.0117137      0.97054048     0.043667778       1.0015451      -24.280118       -24.280118        2457.793                                                  2457.793
              1       1204.4439      0.53395627      0.30468058   9.2468274e-05     0.022411804       3.0128571      0.97061438     0.045599851       1.0003139      -24.280118       -24.280118        2457.448                                                  2457.448
              3       1204.2243      0.51914974      0.30370376   9.2185396e-05     0.022440762       3.0177738      0.97118134     0.048147561        1.000344      -24.280118       -24.280118       2457.0088                                                 2457.0088
              1       1203.2732      0.49946768      0.30827006     9.31037e-05     0.022376345       3.0165472      0.97103837     0.047608309      0.99985215      -24.280118       -24.280118       2455.1067                                                 2455.1067
              1       1203.1526      0.55829886      0.31059238   9.3542836e-05     0.022466594       3.0079337      0.97191738     0.044723232      0.99697622      -24.280118       -24.280118       2454.8654                                                 2454.8654
              2        1202.951      0.52960234      0.30988952   9.3280037e-05     0.022455961       3.0049726      0.97173646     0.043417695      0.99678322      -24.280118       -24.280118       2454.4621                                                 2454.4621
              5       1203.7576      0.54078578      0.30877198   9.3027406e-05     0.022489356       3.0040223       0.9721097     0.043908829      0.99600368      -24.280118       -24.280118       2456.0755                                                 2456.0755
              4       1205.2197      0.62927345      0.31077967   9.3779986e-05     0.022544158       3.0077151      0.97395037     0.046619836      0.99533179      -24.280118       -24.280118       2458.9997                                                 2458.9997
              1       1203.4621      0.56320796      0.30948534   9.3543632e-05     0.022368745        3.012817      0.97333141     0.047618938       0.9980306      -24.280118       -24.280118       2455.4844                                                 2455.4844
              7        1203.467      0.56349845      0.30947751   9.3543176e-05     0.022369142       3.0129151      0.97334394     0.047657857      0.99804203      -24.280118       -24.280118       2455.4943                                                 2455.4943
              1       1202.9555      0.57763653       0.3083925   9.3260806e-05     0.022462131       3.0069033      0.97258301      0.04462745      0.99843672      -24.280118       -24.280118       2454.4712                                                 2454.4712
              1       1202.3461      0.57745819      0.30982317   9.3532616e-05      0.02248318       3.0071257      0.97101034     0.042250697       1.0001482      -24.280118       -24.280118       2453.2523                                                 2453.2523
              3       1202.4002       0.5811477      0.30997956   9.3581383e-05     0.022480067       3.0077311      0.97098132     0.042524967       1.0002116      -24.280118       -24.280118       2453.3606                                                 2453.3606
              1       1202.4004      0.57956905      0.30993199   9.3565748e-05     0.022479244        3.007654      0.97084778     0.042560056       1.0001306      -24.280118       -24.280118        2453.361                                                  2453.361
              2       1202.0205      0.52640198      0.30967642   9.3240786e-05     0.022505542       3.0073222      0.97143303     0.042756762      0.99983887      -24.280118       -24.280118       2452.6013                                                 2452.6013
              3       1205.1605      0.51947761      0.31158591    9.345932e-05     0.022591992       3.0205818      0.97321158     0.044211485       1.0035067      -24.280118       -24.280118       2458.8813                                                 2458.8813
              7       1204.9921      0.51954376      0.31200484   9.3446966e-05     0.022615299       3.0184599      0.97359291     0.043777046       1.0028543      -24.280118       -24.280118       2458.5443                                                 2458.5443
              1       1204.5333      0.57334343      0.31472615   9.4268872e-05      0.02259221       3.0065076      0.97440919     0.042771932      0.99848521      -24.280118       -24.280118       2457.6268                                                 2457.6268
              5       1204.9488      0.44809258      0.30998549   9.2771265e-05     0.022635214        3.004328      0.97422213     0.042674286      0.99707566      -24.280118       -24.280118       2458.4578                                                 2458.4578
              1       1204.9808      0.45808608      0.31111453    9.305687e-05     0.022614327       2.9984106      0.97345203     0.039921014      0.99663903      -24.280118       -24.280118       2458.5218                                                 2458.5218
              4       1205.1487      0.44523198      0.31132301   9.3043443e-05     0.022598122       2.9971982      0.97351721     0.039111485      0.99673174      -24.280118       -24.280118       2458.8575                                                 2458.8575
              6       1206.5064       0.4443058      0.31125774   9.2970191e-05     0.022654948       3.0026996      0.97340016     0.042904107      0.99582461      -24.280118       -24.280118        2461.573                                                  2461.573
              2       1206.4791      0.44612938       0.3113154    9.299122e-05     0.022653217       3.0028636       0.9734403     0.042966701       0.9958589      -24.280118       -24.280118       2461.5183                                                 2461.5183
              2       1205.3723      0.21520298      0.30578172   9.1078796e-05     0.022408989       3.0041041      0.96934786     0.036639786       1.0009076      -24.280118       -24.280118       2459.3048                                                 2459.3048
              1       1205.1711      0.19881614      0.30462655   9.0720288e-05     0.022415632       2.9980985       0.9685963     0.033807991       1.0008217      -24.280118       -24.280118       2458.9024                                                 2458.9024
              2       1205.7272      0.22639336      0.30194653   9.0311656e-05     0.022452635        2.998093      0.96977976     0.037214637      0.99737357      -24.280118       -24.280118       2460.0147                                                 2460.0147
              5       1205.7415      0.24561299      0.30278536   9.0568924e-05     0.022438635       2.9951982      0.97038182     0.035636067      0.99755419      -24.280118       -24.280118       2460.0433                                                 2460.0433
              4       1206.4451      0.23639817       0.3017603   9.0331596e-05     0.022440101       2.9945984      0.97039725     0.035704646      0.99713823      -24.280118       -24.280118       2461.4505                                                 2461.4505
              7        1206.477      0.22620277      0.30157859    9.026492e-05     0.022436956       2.9942381      0.97056187     0.035646751      0.99702367      -24.280118       -24.280118       2461.5142                                                 2461.5142
              3       1204.9922      0.30235897       0.3001959    9.040075e-05     0.022518887       3.0163218      0.97283844     0.047550718      0.99765402      -24.280118       -24.280118       2458.5446                                                 2458.5446
              1       1205.5099      0.28698255       0.2997557   9.0233888e-05     0.022530301       3.0189232      0.97269999     0.048200991      0.99809464      -24.280118       -24.280118       2459.5801                                                 2459.5801
              6       1205.5966      0.29700091      0.30013379   9.0360126e-05     0.022521888       3.0196216       0.9724619     0.048494685      0.99809954      -24.280118       -24.280118       2459.7534                                                 2459.7534
              4       1206.7445      0.28646683      0.30615489   9.1437915e-05     0.022388479       3.0005533      0.97357998     0.038773383      0.99743101      -24.280118       -24.280118       2462.0492                                                 2462.0492
              2       1205.3505      0.29199826      0.30257922   9.0780969e-05      0.02258576       3.0153992      0.97398309     0.047945845      0.99708668      -24.280118       -24.280118       2459.2612                                                 2459.2612
              3       1205.5036      0.30286363      0.30177488   9.0633215e-05      0.02260742       3.0214031      0.97350551     0.051790381      0.99636032      -24.280118       -24.280118       2459.5675                                                 2459.5675
              3       1206.5305      0.30464154      0.29953907    9.041338e-05     0.022511397        3.010755      0.97342099     0.047648582      0.99550757      -24.280118       -24.280118       2461.6213                                                 2461.6213
              7       1207.0531      0.30765017      0.29935742   9.0350828e-05     0.022519072       3.0157306      0.97384989     0.050435654      0.99509139      -24.280118       -24.280118       2462.6665                                                 2462.6665
              2       1205.7606      0.28453342      0.30192734   9.0712867e-05     0.022400264       3.0200618      0.97091888     0.050860193      0.99603912      -24.280118       -24.280118       2460.0815                                                 2460.0815
              3       1206.3807      0.26551572      0.30120957   9.0497111e-05     0.022396974       3.0210457      0.97083057     0.050751995      0.99640426      -24.280118       -24.280118       2461.3215                                                 2461.3215
              2       1206.5974      0.29829128      0.30560701   9.1323061e-05     0.022500961       3.0080141      0.96922267     0.041607446      0.99730299      -24.280118       -24.280118        2461.755                                                  2461.755
              1       1205.9318       0.3191888      0.30593501   9.1511495e-05     0.022478402        3.000369      0.96611175     0.035538522       0.9996129      -24.280118       -24.280118       2460.4237                                                 2460.4237
              4       1205.7311       0.3091224      0.30495821   9.1360476e-05     0.022447441        2.995897      0.96679443     0.035097862      0.99816863      -24.280118       -24.280118       2460.0223                                                 2460.0223
              3       1207.7627      0.25599192      0.30529524   9.1182819e-05     0.022457845       2.9938224      0.96744122     0.033811954      0.99758374      -24.280118       -24.280118       2464.0856                                                 2464.0856
              2       1207.0093      0.15908279      0.30053779   8.9740397e-05     0.022498062       2.9938822      0.96964182     0.034038635      0.99782586      -24.280118       -24.280118       2462.5789                                                 2462.5789
              1        1207.502      0.21186203      0.30036132   8.9791232e-05     0.022619625       2.9684086      0.96903883     0.021015867      0.99828219      -24.280118       -24.280118       2463.5642                                                 2463.5642
              6       1206.9298      0.22207355      0.30148268   9.0052204e-05      0.02261464       2.9682668      0.96873631     0.020461339      0.99876271      -24.280118       -24.280118       2462.4198                                                 2462.4198
              1       1206.7006      0.19927725      0.29926043   8.9569296e-05     0.022605282       2.9686488      0.97207017     0.021545776      0.99880633      -24.280118       -24.280118       2461.9613                                                 2461.9613
              3       1206.6986      0.19927359       0.2992633   8.9569742e-05     0.022605337       2.9686459      0.97207075      0.02154374      0.99880719      -24.280118       -24.280118       2461.9574                                                 2461.9574
              1       1207.2128      0.23177625      0.29936252   8.9727342e-05     0.022658826       2.9877116      0.97289621     0.028577962       1.0013212      -24.280118       -24.280118       2462.9857                                                 2462.9857
              1       1206.2055      0.35777068      0.30432052   9.1362269e-05     0.022570501       2.9818271      0.97267464     0.025072256       1.0023083      -24.280118       -24.280118       2460.9713                                                 2460.9713
              1       1206.1866      0.35878837      0.30431354   9.1365062e-05     0.022571485       2.9820698      0.97268915     0.025247111       1.0022712      -24.280118       -24.280118       2460.9335                                                 2460.9335
              1        1207.368      0.22029737      0.30267138   9.0846725e-05     0.022316907       2.9918619      0.97159315     0.029572978       1.0036907      -24.280118       -24.280118       2463.2962                                                 2463.2962
              3       1207.3164      0.24616915      0.29977337   9.0504926e-05     0.022324954       3.0111452      0.97164125      0.04154819       1.0031147      -24.280118       -24.280118       2463.1931                                                 2463.1931
              1       1207.3113      0.24543272      0.29971757   9.0492056e-05     0.022323257       3.0113994      0.97165572     0.041706775       1.0030734      -24.280118       -24.280118       2463.1829                                                 2463.1829
              3       1206.8478       0.2399982      0.29960837   9.0412314e-05     0.022316403       3.0136574      0.97203264     0.042637187       1.0034609      -24.280118       -24.280118       2462.2559                                                 2462.2559
             16       1206.8361      0.11303813      0.29812075   8.9621478e-05     0.022241287       3.0044754      0.96924655     0.039333255       1.0019484      -24.280118       -24.280118       2462.2325                                                 2462.2325
              3        1206.549       0.1017552      0.29687026   8.9291622e-05     0.022271432       3.0050351      0.96943836      0.03976559       1.0017994      -24.280118       -24.280118       2461.6583                                                 2461.6583
              1       1205.1639      0.15778656      0.29682116   8.9330512e-05     0.022414231       3.0067226      0.96803452     0.041314023       1.0010647      -24.280118       -24.280118        2458.888                                                  2458.888
             10       1205.2621      0.25464445      0.30060377   9.0608212e-05      0.02236261       3.0061488      0.96719662     0.042274249      0.99981713      -24.280118       -24.280118       2459.0845                                                 2459.0845
              4       1207.9137      0.23287177      0.29958544   9.0327402e-05     0.022325452       3.0144152      0.96453586     0.049152112      0.99697355      -24.280118       -24.280118       2464.3876                                                 2464.3876
              1       1207.0114     0.055904226      0.29746236   8.9084919e-05     0.022436745       2.9917002      0.96680093      0.03723775      0.99632141      -24.280118       -24.280118        2462.583                                                  2462.583
              4        1206.751     0.074011618       0.2983355   8.9334567e-05      0.02241955       2.9843111       0.9666247     0.033218613      0.99624782      -24.280118       -24.280118       2462.0622                                                 2462.0622
              3       1206.8694     0.070315619      0.29837542   8.9354325e-05     0.022401849       2.9840087      0.96674907     0.033159623        0.996223      -24.280118       -24.280118       2462.2991                                                 2462.2991
              2       1206.8005     0.064181866       0.2980185   8.9241104e-05     0.022415823       2.9846882      0.96669667     0.033409207      0.99633028      -24.280118       -24.280118       2462.1613                                                 2462.1613
              3       1206.3012     0.099526481      0.29942304   8.9617073e-05     0.022421178       2.9831164      0.96892063     0.028181245       1.0000361      -24.280118       -24.280118       2461.1625                                                 2461.1625
              3       1205.6277      0.14077013      0.30089334   9.0031946e-05     0.022444683       2.9862757      0.96917031     0.029988746      0.99987325      -24.280118       -24.280118       2459.8157                                                 2459.8157
              3       1205.9096     0.033337917      0.29983751   8.9459251e-05     0.022288523       2.9774695      0.96824017     0.025428054        1.000049      -24.280118       -24.280118       2460.3794                                                 2460.3794
              1       1205.8001     0.032126416      0.29975865   8.9419695e-05     0.022297864       2.9783776      0.96811351     0.025718942       1.0002082      -24.280118       -24.280118       2460.1604                                                 2460.1604
              1       1206.1156      0.13303812      0.30134227   9.0204721e-05     0.022284843       2.9656433      0.96735148     0.021248238      0.99992757      -24.280118       -24.280118       2460.7914                                                 2460.7914
              1       1206.1438      0.12080069      0.29954456   8.9809068e-05     0.022297976       2.9713804      0.96771064     0.025014228      0.99941246      -24.280118       -24.280118       2460.8478                                                 2460.8478
              4       1206.1216      0.12420375      0.29969346   8.9854978e-05     0.022296507       2.9719938      0.96776433     0.025391141      0.99937263      -24.280118       -24.280118       2460.8035                                                 2460.8035
              4       1203.2437      0.22068684      0.29917759   8.9880467e-05     0.022499355       2.9956746      0.97020708      0.03457856        1.000936      -24.280118       -24.280118       2455.0477                                                 2455.0477
              2        1204.014       0.1935649      0.29757175   8.9512331e-05     0.022508228        3.002051      0.97021738     0.037962173       1.0008809      -24.280118       -24.280118       2456.5882                                                 2456.5882
              2       1206.2769       0.1943208      0.29703732   8.9546067e-05     0.022502649       2.9980793      0.97108762     0.037013059       1.0011841      -24.280118       -24.280118        2461.114                                                  2461.114
              5       1205.0445      0.21487464      0.29862933   8.9842093e-05     0.022477898       2.9886399      0.96935726     0.034480998      0.99935621      -24.280118       -24.280118       2458.6492                                                 2458.6492
              2       1206.0101      0.18579664      0.29712837   8.9529544e-05      0.02241956       2.9848864      0.96986858     0.034003527      0.99836352      -24.280118       -24.280118       2460.5805                                                 2460.5805
              3       1206.9713       0.1114816      0.29464502    8.865893e-05     0.022480511       2.9780812      0.96797167     0.030514788      0.99769851      -24.280118       -24.280118       2462.5029                                                 2462.5029
              1       1207.2678      0.21303891      0.29793965   8.9872735e-05     0.022445803       2.9823472      0.96673215      0.03196098      0.99787322      -24.280118       -24.280118       2463.0959                                                 2463.0959
              1       1212.2496      0.22147905      0.29324991   8.8987338e-05     0.022554945       2.9923245      0.96742008      0.03564152       1.0004211      -24.280118       -24.280118       2473.0594                                                 2473.0594
              1       1211.6373       0.3498971       0.2945067   8.9505216e-05     0.022681777       2.9742373      0.96820808      0.02861424      0.99784319      -24.280118       -24.280118       2471.8349                                                 2471.8349
              4       1209.6875      0.34110952      0.29505661    8.948654e-05     0.022678389       2.9788994      0.96723073     0.030028895      0.99841888      -24.280118       -24.280118       2467.9353                                                 2467.9353
              2       1210.2409      0.37019577      0.29576078   8.9683263e-05     0.022739547       2.9807282      0.96715776     0.031290246      0.99793609      -24.280118       -24.280118       2469.0421                                                 2469.0421
              1       1209.3435      0.36418261       0.2934884   8.9064835e-05      0.02286423       2.9951172      0.97384413     0.037177219      0.99986289      -24.280118       -24.280118       2467.2473                                                 2467.2473
              3       1210.3593      0.50298597      0.29477257   8.9861614e-05     0.022880459       3.0011928         0.97447     0.041918166      0.99868227      -24.280118       -24.280118       2469.2789                                                 2469.2789
              4       1210.9574      0.61803124      0.29855879   9.1141948e-05      0.02288208       2.9990825       0.9773325     0.043580565      0.99642076      -24.280118       -24.280118       2470.4751                                                 2470.4751
              1        1211.524      0.54157266      0.29766588   9.0633023e-05     0.022839406       2.9923984      0.97776868     0.042379117       0.9952168      -24.280118       -24.280118       2471.6082                                                 2471.6082
              3       1210.7738      0.51677867      0.29723755    9.050178e-05     0.022814693       2.9926254      0.97854802     0.041870761      0.99593999      -24.280118       -24.280118       2470.1078                                                 2470.1078
              1       1211.6997      0.50074288      0.29660281   9.0376962e-05     0.022788263       2.9887595      0.97881957     0.040987541      0.99508273      -24.280118       -24.280118       2471.9596                                                 2471.9596
              1       1211.2912      0.49564161      0.29656078   9.0356268e-05     0.022798332        2.992441      0.97919558     0.042596717      0.99503632      -24.280118       -24.280118       2471.1427                                                 2471.1427
              2       1209.7085      0.50648128      0.29626328   9.0472547e-05     0.022660792       3.0035941      0.97859212     0.048473627      0.99494573      -24.280118       -24.280118       2467.9772                                                 2467.9772
              2       1209.7641      0.49865392      0.29570462   9.0324259e-05     0.022664623       3.0019499      0.97850489     0.047274933      0.99521211      -24.280118       -24.280118       2468.0884                                                 2468.0884
              5       1206.0206      0.61445937      0.30560126   9.3051178e-05     0.022426017       3.0068782      0.97731344     0.046694006       0.9981536      -24.280118       -24.280118       2460.6014                                                 2460.6014
              1       1205.2292      0.56440299      0.30500593    9.271639e-05     0.022408831        3.003327      0.97734204     0.043904626      0.99874735      -24.280118       -24.280118       2459.0187                                                 2459.0187
             10       1205.0569      0.56312622      0.30507401   9.2699784e-05     0.022414144       3.0024024      0.97700515     0.043268692      0.99889016      -24.280118       -24.280118       2458.6741                                                 2458.6741
              1         1204.25      0.48048781      0.30348632   9.2049391e-05     0.022398105       2.9994563      0.97599351     0.040652953      0.99945294      -24.280118       -24.280118       2457.0603                                                 2457.0603
              1       1204.3208      0.42502531      0.30367114   9.1796785e-05     0.022381454       2.9996864      0.97673195     0.041844424       0.9982317      -24.280118       -24.280118       2457.2018                                                 2457.2018
              1       1203.7894      0.42785183      0.30316926   9.1608881e-05     0.022431211        2.998176      0.97613839     0.040659372      0.99851883      -24.280118       -24.280118       2456.1391                                                 2456.1391
              2       1203.8234       0.5041047      0.30775362   9.2782542e-05     0.022428445       3.0084955      0.97663296     0.043101132       1.0003524      -24.280118       -24.280118       2456.2071                                                 2456.2071
              1       1204.0988      0.53329998      0.30861231   9.2981979e-05     0.022567614        3.005827      0.97791669     0.042357847      0.99969935      -24.280118       -24.280118       2456.7579                                                 2456.7579
              5       1204.0509      0.53402929      0.30869714   9.3003735e-05     0.022566535       3.0058428      0.97782294     0.042383843      0.99967754      -24.280118       -24.280118        2456.662                                                  2456.662
              3       1203.7564      0.53158663      0.30912761   9.3089793e-05     0.022557307       3.0122632      0.97718347     0.045187306      0.99984592      -24.280118       -24.280118        2456.073                                                  2456.073
              4       1203.7671      0.56385346      0.30715256   9.2776258e-05     0.022615851       3.0197072      0.97730333     0.048662418       1.0005274      -24.280118       -24.280118       2456.0943                                                 2456.0943
              2       1204.1853      0.56962541      0.30633853   9.2609248e-05      0.02262578       3.0214267      0.97708542     0.048807857       1.0015249      -24.280118       -24.280118       2456.9309                                                 2456.9309
              1       1206.9201      0.65972833      0.30498129   9.2684611e-05     0.022701552       3.0291819      0.97771729     0.055790798       0.9992283      -24.280118       -24.280118       2462.4004                                                 2462.4004
              3       1206.9377      0.66216076      0.30503119    9.270806e-05     0.022701367       3.0291187      0.97777326       0.0557643      0.99925132      -24.280118       -24.280118       2462.4356                                                 2462.4356
              1       1206.2429      0.66232357        0.305764   9.2844487e-05     0.022702308       3.0255172      0.97792313     0.053576187       0.9993066      -24.280118       -24.280118        2461.046                                                  2461.046
              2       1206.2536      0.66277139      0.30578339   9.2850991e-05     0.022701912       3.0255613      0.97792885     0.053595521      0.99931279      -24.280118       -24.280118       2461.0674                                                 2461.0674
              8        1206.222      0.67245962      0.30596495   9.2920428e-05      0.02272682       3.0212334      0.97770302      0.05168016      0.99931693      -24.280118       -24.280118       2461.0042                                                 2461.0042
              1       1206.2213      0.67139107      0.30588579   9.2898433e-05     0.022728088       3.0211204      0.97769621     0.051624539      0.99931312      -24.280118       -24.280118       2461.0028                                                 2461.0028
              1       1206.0443      0.58251423       0.3082642   9.3003463e-05     0.022694104       3.0174425      0.96733291     0.043365246       1.0025953      -24.280118       -24.280118       2460.6489                                                 2460.6489
              5       1205.8966      0.55721527       0.3094327   9.2974482e-05     0.022752218       3.0082668      0.96593617     0.041683248      0.99903223      -24.280118       -24.280118       2460.3534                                                 2460.3534
              2       1204.3716      0.49636128      0.31108859   9.3234293e-05     0.022569984       2.9941806      0.96428372     0.035680081      0.99820502      -24.280118       -24.280118       2457.3035                                                 2457.3035
              5       1203.9806      0.49000988      0.31031018   9.3035872e-05     0.022589362       2.9959909      0.96516633     0.037563387      0.99754928      -24.280118       -24.280118       2456.5215                                                 2456.5215
              4       1204.1862       0.4873529      0.31302869   9.3698022e-05     0.022481125       2.9859739      0.96740612     0.033613977      0.99757129      -24.280118       -24.280118       2456.9327                                                 2456.9327
              3       1203.6692       0.4311848      0.30981571   9.2942163e-05     0.022440747       2.9935117      0.96799398     0.036329136      0.99927184      -24.280118       -24.280118       2455.8986                                                 2455.8986
              2       1203.8231      0.43056361      0.31002737   9.2981368e-05     0.022429911       2.9941546      0.96778481     0.036468899      0.99948577      -24.280118       -24.280118       2456.2064                                                 2456.2064
              2       1206.8076      0.50932112      0.31376448   9.4166763e-05     0.022417239       2.9946043      0.96647351     0.033421018       1.0027687      -24.280118       -24.280118       2462.1755                                                 2462.1755
              2       1209.0902      0.68890914      0.31796005   9.5835819e-05     0.022322854       2.9781402      0.96704085     0.027628561       1.0011086      -24.280118       -24.280118       2466.7407                                                 2466.7407
              1        1209.507      0.70675531      0.32140988   9.6611167e-05     0.022277059        2.974973      0.96679153     0.026038264       1.0004043      -24.280118       -24.280118       2467.5742                                                 2467.5742
              3       1210.1977      0.56342842      0.31849856   9.5526132e-05     0.022171348       2.9633292      0.96335703      0.01855719       1.0010448      -24.280118       -24.280118       2468.9555                                                 2468.9555
              1       1208.1812      0.38789635      0.31357577   9.3726327e-05     0.022129214       2.9691332      0.96575679       0.0214277       1.0010834      -24.280118       -24.280118       2464.9226                                                 2464.9226
              1       1208.1738      0.50585122      0.31663461   9.4780067e-05     0.022155512       2.9681154      0.96840857      0.02285807      0.99938219      -24.280118       -24.280118       2464.9078                                                 2464.9078
              1       1206.0947      0.54185379      0.31310147   9.3993009e-05     0.022336364       2.9741898      0.96854758     0.026696863      0.99856993      -24.280118       -24.280118       2460.7497                                                 2460.7497
              5       1206.3062      0.48030652      0.31002083   9.3228203e-05     0.022293188        2.966812      0.96839057     0.024979337      0.99697126      -24.280118       -24.280118       2461.1726                                                 2461.1726
              4       1206.8633      0.40337217      0.31107591   9.3163203e-05     0.022198261       2.9662229      0.96611411     0.021945892      0.99834604      -24.280118       -24.280118       2462.2869                                                 2462.2869
              2       1206.8998      0.39015015      0.31042219   9.2927662e-05     0.022217528       2.9638624      0.96665239     0.020712223      0.99814024      -24.280118       -24.280118       2462.3598                                                 2462.3598
              1       1205.2601      0.48624613      0.31501068   9.4190038e-05     0.022311172       2.9705451      0.96783933     0.024636644      0.99748787      -24.280118       -24.280118       2459.0804                                                 2459.0804
              1       1205.4212      0.50255493      0.31515577   9.4302643e-05     0.022306162       2.9715495      0.96820283     0.025914523       0.9969171      -24.280118       -24.280118       2459.4025                                                 2459.4025
              1       1205.2144      0.49827309      0.31484916    9.423546e-05     0.022306956       2.9721032      0.96819388     0.026184269      0.99696763      -24.280118       -24.280118        2458.989                                                  2458.989
              2       1204.6037      0.42782271      0.31116184   9.3086036e-05     0.022403358       2.9663182      0.96959621     0.024419965      0.99602067      -24.280118       -24.280118       2457.7676                                                 2457.7676
              2       1205.2475      0.49328795      0.31239965      9.3689e-05     0.022376157       2.9631371      0.97185194     0.022204526      0.99784237      -24.280118       -24.280118       2459.0553                                                 2459.0553
              4       1205.5751      0.50071175      0.31286027   9.3810526e-05      0.02237749       2.9581998      0.97142396     0.019868174      0.99757721      -24.280118       -24.280118       2459.7105                                                 2459.7105
              6       1205.5219      0.49986994      0.31276736   9.3797588e-05     0.022373529       2.9581939      0.97131304     0.019862844      0.99758311      -24.280118       -24.280118        2459.604                                                  2459.604
             10       1205.1518      0.58621789      0.31248352   9.3965015e-05     0.022531723       2.9712133       0.9735324     0.025436315      0.99908349      -24.280118       -24.280118       2458.8638                                                 2458.8638
              4       1205.6389      0.61448026      0.30743786   9.3114155e-05     0.022636523       2.9824281      0.97590234     0.033398169      0.99811975      -24.280118       -24.280118       2459.8381                                                 2459.8381
              7       1206.0732      0.64018417      0.30601734   9.2792983e-05      0.02274253       3.0025878      0.97668218     0.042679357      0.99928928      -24.280118       -24.280118       2460.7067                                                 2460.7067
              8       1205.3028       0.6301332      0.31205129    9.407541e-05     0.022673804       3.0106747      0.97428609     0.048486957      0.99543518      -24.280118       -24.280118       2459.1658                                                 2459.1658
              1       1205.0404      0.61289506      0.31214207   9.4015909e-05     0.022664433        3.009231      0.97340085     0.047235309      0.99554808      -24.280118       -24.280118       2458.6411                                                 2458.6411
              1       1205.0048      0.60840758      0.31167996   9.3926711e-05     0.022658205       3.0085903      0.97310949     0.047207439      0.99538746      -24.280118       -24.280118       2458.5697                                                 2458.5697
             14       1204.8562       0.7168362      0.31406839   9.4899433e-05     0.022654695       3.0063995      0.97335364     0.046095869      0.99608833      -24.280118       -24.280118       2458.2726                                                 2458.2726
              1        1204.357       0.6678969      0.31526214   9.4981161e-05     0.022586632       3.0004619        0.973596     0.041380853      0.99721701      -24.280118       -24.280118       2457.2743                                                 2457.2743
              3       1203.9357      0.58366847      0.31465357   9.4580924e-05     0.022413246       2.9810133      0.97036896     0.031416423      0.99768086      -24.280118       -24.280118       2456.4317                                                 2456.4317
             10       1204.2998      0.48967638      0.31024968   9.3140694e-05     0.022572217       2.9798293      0.96818193     0.029869992      0.99707991      -24.280118       -24.280118       2457.1599                                                 2457.1599
              4       1203.1349      0.56876388      0.30987488   9.3224794e-05     0.022671764         2.99977      0.97044611     0.037711052       1.0003012      -24.280118       -24.280118       2454.8301                                                 2454.8301
              4       1205.1735      0.54871471      0.30712882   9.2587979e-05      0.02270378       2.9955352      0.97115131     0.036903543       1.0004899      -24.280118       -24.280118       2458.9073                                                 2458.9073
              3       1206.5338      0.64350944      0.30935574   9.3452073e-05     0.022698553       3.0003311      0.97120442     0.040138479       1.0001823      -24.280118       -24.280118       2461.6278                                                 2461.6278
              2       1206.7349        0.639125        0.308567   9.3258784e-05      0.02270155       3.0014643      0.97093966     0.040314415       1.0005188      -24.280118       -24.280118       2462.0301                                                 2462.0301
              4       1205.3771      0.47865893      0.30394667   9.1809683e-05      0.02263611       3.0023887      0.97135803     0.042599946      0.99916533      -24.280118       -24.280118       2459.3144                                                 2459.3144
              5       1205.8404      0.43999939      0.30350323   9.1545716e-05     0.022578416       2.9984357      0.97050123     0.040200261      0.99955788      -24.280118       -24.280118       2460.2411                                                 2460.2411
              1       1202.5653      0.33228761      0.30235279   9.1028705e-05      0.02243241       2.9993502      0.97094523     0.036679967       1.0010968      -24.280118       -24.280118       2453.6908                                                 2453.6908
              4       1203.2159      0.34347369      0.30275946   9.1209754e-05     0.022386873       2.9957621      0.97187598     0.034571237       1.0018254      -24.280118       -24.280118        2454.992                                                  2454.992
              4       1203.7031      0.37377418      0.30400172   9.1526522e-05     0.022396042       2.9771897      0.97062572     0.026327635       1.0002079      -24.280118       -24.280118       2455.9665                                                 2455.9665
              3       1203.3049      0.37650924      0.30338421   9.1417247e-05     0.022417297       2.9843352      0.97065903     0.029697161       1.0005553      -24.280118       -24.280118         2455.17                                                   2455.17
              7       1203.2085      0.38704514      0.30475885   9.1754436e-05      0.02240286       2.9833277      0.97026923     0.028952528       1.0006274      -24.280118       -24.280118       2454.9773                                                 2454.9773
              4       1202.7811      0.43899947      0.30617109   9.2221407e-05     0.022434776       2.9897656      0.97015773     0.031888445       1.0010971      -24.280118       -24.280118       2454.1225                                                 2454.1225
              2       1202.7363      0.43843556      0.30621301   9.2232988e-05     0.022434295       2.9893029      0.97011639     0.031742548       1.0010433      -24.280118       -24.280118       2454.0327                                                 2454.0327
              5       1204.1413      0.31956185       0.3023177   9.0712513e-05     0.022606383       2.9902182      0.97206171     0.030687069       1.0025445      -24.280118       -24.280118       2456.8429                                                 2456.8429
              4       1206.8676      0.30133576      0.30420341   9.1061658e-05     0.022427245       2.9974397      0.97184109     0.030916822       1.0050714      -24.280118       -24.280118       2462.2954                                                 2462.2954
              2       1206.9202      0.30346901      0.30429235   9.1078272e-05     0.022427851        2.995758      0.97193033     0.030208388       1.0048818      -24.280118       -24.280118       2462.4005                                                 2462.4005
              2       1206.7484      0.32137868      0.30414542   9.1107739e-05     0.022431931       2.9962032      0.97149052     0.031103192       1.0046111      -24.280118       -24.280118       2462.0571                                                 2462.0571
              3       1204.9735      0.40658005      0.30675299   9.2263518e-05     0.022301561       3.0074623      0.97004342     0.038606995       1.0033873      -24.280118       -24.280118       2458.5072                                                 2458.5072
              1       1206.4716      0.33539047      0.30440317   9.1549452e-05     0.022250787        3.019716      0.97159199     0.045240413         1.00333      -24.280118       -24.280118       2461.5034                                                 2461.5034
              6       1206.0206      0.21330359      0.29740434    8.936646e-05      0.02250435       3.0263281      0.97140683     0.052003977      0.99817748      -24.280118       -24.280118       2460.6014                                                 2460.6014
              2       1207.4522      0.27038713      0.29548904   8.9433109e-05     0.022519152       3.0311216      0.97326949     0.058914454      0.99681645      -24.280118       -24.280118       2463.4646                                                 2463.4646
              5       1205.7117      0.22461695      0.29684361   8.9702759e-05     0.022365633       3.0157328      0.97087465     0.050181286      0.99752249      -24.280118       -24.280118       2459.9836                                                 2459.9836
              3        1204.518       0.2670201      0.29743149   8.9823234e-05     0.022464601       3.0176188       0.9696822     0.049796007      0.99848064      -24.280118       -24.280118       2457.5962                                                 2457.5962
              9       1204.2898      0.33418179      0.30200646   9.0906215e-05     0.022573618       3.0055746       0.9684501     0.043972798      0.99629656      -24.280118       -24.280118       2457.1399                                                 2457.1399
              3       1204.6662      0.42074694      0.30346198   9.1490239e-05     0.022632711       3.0200033      0.97210575     0.051927858      0.99607275      -24.280118       -24.280118       2457.8927                                                 2457.8927
              1       1204.0756      0.40313318        0.306989   9.2339157e-05     0.022427515       2.9973998      0.96700879     0.041234854      0.99548111      -24.280118       -24.280118       2456.7115                                                 2456.7115
              3        1204.967      0.46704084      0.31083869   9.3452367e-05     0.022368511       3.0055177      0.96617668     0.042773879      0.99720157      -24.280118       -24.280118       2458.4943                                                 2458.4943
              1       1204.5264      0.46683791      0.31182444   9.3608985e-05     0.022363978       3.0007608      0.96605349     0.039625245      0.99768313      -24.280118       -24.280118        2457.613                                                  2457.613
              4       1207.4926      0.47220373      0.31091626    9.349142e-05     0.022395282       2.9772394      0.96717557     0.028387494      0.99674418      -24.280118       -24.280118       2463.5454                                                 2463.5454
              4       1208.3868      0.26451144      0.30477689   9.1430033e-05     0.022319738       2.9549484      0.96356891     0.016438023      0.99733807      -24.280118       -24.280118       2465.3339                                                 2465.3339
              1       1207.6453      0.29888817      0.30813261   9.2124584e-05     0.022368005       2.9643016      0.96069083     0.020182472      0.99846776      -24.280118       -24.280118       2463.8508                                                 2463.8508
              8       1207.3672      0.25911859      0.30807651   9.1981503e-05     0.022244487       2.9690992      0.96101766     0.021088368      0.99969145      -24.280118       -24.280118       2463.2946                                                 2463.2946
              5       1207.4635      0.46729442      0.31204096   9.3765356e-05     0.022280473       2.9808328      0.96276037      0.03186397      0.99642914      -24.280118       -24.280118       2463.4872                                                 2463.4872
              1       1206.2499      0.46886929      0.30720906   9.2850876e-05     0.022251758       2.9955403      0.96663509     0.039094784      0.99834912      -24.280118       -24.280118         2461.06                                                   2461.06
              1       1206.4833      0.44329193      0.30667635   9.2656189e-05     0.022218553       2.9894901      0.96660441     0.035526135      0.99831632      -24.280118       -24.280118       2461.5268                                                 2461.5268
              1        1206.096      0.47600179      0.30786432   9.3019657e-05     0.022225568       2.9909319      0.96715218     0.036215946      0.99834428      -24.280118       -24.280118       2460.7523                                                 2460.7523
              1       1206.3321      0.49315981      0.30725872   9.2951211e-05     0.022310779        2.980974      0.96757365     0.029028471       1.0010129      -24.280118       -24.280118       2461.2244                                                 2461.2244
              1        1207.118      0.49600302      0.30791814   9.3100113e-05        0.022286       2.9819563      0.96662528     0.028479786       1.0018329      -24.280118       -24.280118       2462.7962                                                 2462.7962
              5       1207.9754      0.43356474      0.30367334   9.1803091e-05     0.022408663        2.977633      0.96634651     0.023316454       1.0037838      -24.280118       -24.280118        2464.511                                                  2464.511
              3       1207.9474      0.42489594      0.30107719   9.1207019e-05     0.022475866       2.9895932      0.96621564      0.03022624       1.0033599      -24.280118       -24.280118       2464.4551                                                 2464.4551
              5        1207.199      0.35264464      0.30032736    9.071359e-05     0.022394951       2.9811493      0.96599498     0.028078899       1.0004657      -24.280118       -24.280118       2462.9583                                                 2462.9583
              3       1206.7535      0.40405618      0.30451414   9.2028557e-05     0.022302202       2.9971113      0.97390395     0.040376143      0.99957221      -24.280118       -24.280118       2462.0671                                                 2462.0671
              6       1204.8459      0.42342753      0.30686057   9.2511976e-05     0.022304515       3.0078445      0.97439205     0.046064503      0.99819252      -24.280118       -24.280118        2458.252                                                  2458.252
              9       1204.9768      0.44858078      0.30730178   9.2718756e-05     0.022305904       3.0098678      0.97462905     0.047207747      0.99818943      -24.280118       -24.280118       2458.5139                                                 2458.5139
              3       1204.8689      0.44312548      0.30719522   9.2676082e-05     0.022297659        3.009654      0.97450043     0.046878727      0.99832179      -24.280118       -24.280118       2458.2981                                                 2458.2981
              5       1204.7879      0.45470035      0.30813789    9.291768e-05     0.022292666       3.0108275      0.97356839     0.047187815      0.99851167      -24.280118       -24.280118        2458.136                                                  2458.136
              1       1204.8382      0.45787704      0.30874959   9.3063185e-05     0.022303395       3.0053921      0.97345692     0.045060589      0.99791496      -24.280118       -24.280118       2458.2367                                                 2458.2367
              3       1204.9953      0.46020065      0.30895202   9.3111364e-05     0.022306476       3.0054099      0.97355095     0.044993435      0.99806086      -24.280118       -24.280118       2458.5508                                                 2458.5508
              6       1205.3465      0.41380806      0.30717201   9.2601184e-05     0.022273794       3.0051647      0.97307401      0.04406804      0.99900933      -24.280118       -24.280118       2459.2533                                                 2459.2533
              1       1206.4791      0.65633727      0.31817519   9.5657506e-05     0.022385619       2.9813445      0.97315891     0.033919122      0.99594825      -24.280118       -24.280118       2461.5184                                                 2461.5184
              2       1206.6314      0.66373604      0.31716012    9.542997e-05     0.022491168       2.9974577      0.97463499     0.043323633      0.99476812      -24.280118       -24.280118        2461.823                                                  2461.823
              1       1205.6446      0.62403015      0.31120328    9.398098e-05     0.022622509       2.9947093      0.97423838     0.041786133      0.99458006      -24.280118       -24.280118       2459.8494                                                 2459.8494
              2       1209.2856      0.65625316      0.31129386   9.4309595e-05     0.022498081       3.0045594      0.97788724      0.04811883      0.99304661      -24.280118       -24.280118       2467.1314                                                 2467.1314
              3        1209.212      0.67356983       0.3119955   9.4560419e-05      0.02247951       3.0073931      0.97702502     0.049475113      0.99308246      -24.280118       -24.280118       2466.9842                                                 2466.9842
              1       1210.0568      0.58294648      0.31080068   9.4058129e-05     0.022396215         3.01006      0.97656938     0.050956548      0.99306508      -24.280118       -24.280118       2468.6738                                                 2468.6738
              2       1210.0556      0.76742956      0.31778397    9.622039e-05     0.022412372       3.0180813      0.97924516     0.054382547      0.99503596      -24.280118       -24.280118       2468.6714                                                 2468.6714
              7        1206.774      0.68949073      0.31806649   9.5894888e-05      0.02235996       3.0187899      0.97606046     0.050406321      0.99805609      -24.280118       -24.280118       2462.1082                                                 2462.1082
              5       1207.4281      0.72082576      0.31842491   9.6100057e-05     0.022408033       3.0260882      0.97581987       0.0542832      0.99885901      -24.280118       -24.280118       2463.4165                                                 2463.4165
              2       1205.6502      0.49875083      0.31328639   9.3832579e-05     0.022516873       2.9963223        0.971721     0.032800326       1.0020014      -24.280118       -24.280118       2459.8605                                                 2459.8605
              3       1205.7016      0.50353007      0.31344802   9.3875971e-05     0.022524965       2.9965641        0.971752     0.033064124       1.0018058      -24.280118       -24.280118       2459.9635                                                 2459.9635
              3       1204.3271       0.4668051      0.31140814   9.3220545e-05     0.022544004       2.9834559      0.97240296     0.028708363       0.9998621      -24.280118       -24.280118       2457.2145                                                 2457.2145
              2        1204.444      0.40867179      0.30715468   9.2113262e-05     0.022502397       2.9670549       0.9720575     0.021799288      0.99866859      -24.280118       -24.280118       2457.4483                                                 2457.4483
              3       1203.9225      0.27542375      0.30251999   9.0812656e-05     0.022424812       2.9762267      0.97264356     0.029638021      0.99685063      -24.280118       -24.280118       2456.4052                                                 2456.4052
              9       1204.1767      0.24201729      0.30054735   9.0453372e-05     0.022296816       2.9935087      0.97288006     0.036223839      0.99909267      -24.280118       -24.280118       2456.9136                                                 2456.9136
              6       1203.7378      0.33710121      0.30632331   9.2011366e-05     0.022342665       3.0063188       0.9692193     0.044495127      0.99669244      -24.280118       -24.280118       2456.0359                                                 2456.0359
              3       1203.4388      0.32177998      0.30629889   9.1906664e-05     0.022346051       2.9984811      0.96814015     0.040631817      0.99649742      -24.280118       -24.280118       2455.4378                                                 2455.4378
              1       1203.6716      0.27725441      0.30179629   9.0739099e-05     0.022488693       3.0026576      0.97142203     0.042758005      0.99704423      -24.280118       -24.280118       2455.9035                                                 2455.9035
              1       1203.3239      0.56487108       0.3042754   9.2216765e-05     0.022636337       3.0101637      0.97319276     0.044697141       0.9994775      -24.280118       -24.280118       2455.2081                                                 2455.2081
              1       1204.3348       0.5220145      0.30119213   9.1591223e-05     0.022550239       3.0149072      0.97344275     0.047464518        1.000218      -24.280118       -24.280118       2457.2297                                                 2457.2297
              2       1204.2531      0.51183359      0.30112899    9.153332e-05     0.022545281       3.0158185      0.97330192     0.047435817       1.0006318      -24.280118       -24.280118       2457.0664                                                 2457.0664
              1       1204.9369      0.42226225      0.29794185   9.0455347e-05      0.02255145       3.0054706      0.97142242     0.041724545       1.0006083      -24.280118       -24.280118        2458.434                                                  2458.434
              4       1206.2709      0.45391676      0.29945308   9.0874256e-05     0.022587591       2.9958568      0.96941513     0.036579674       1.0013633      -24.280118       -24.280118       2461.1021                                                 2461.1021
              6       1205.9627      0.46236548      0.29984486   9.0983998e-05     0.022589957       2.9956105      0.96958484     0.036620027       1.0011587      -24.280118       -24.280118       2460.4856                                                 2460.4856
              5       1205.5904      0.55994705      0.30522689   9.2703416e-05     0.022532557       3.0062449      0.96884093     0.043187087      0.99966888      -24.280118       -24.280118       2459.7411                                                 2459.7411
              1       1204.5636      0.53850137      0.30645375   9.2876566e-05     0.022490483       3.0009314      0.96925858     0.039683868      0.99995888      -24.280118       -24.280118       2457.6875                                                 2457.6875
              2       1204.7888       0.6214996      0.30594049   9.2947683e-05     0.022651086       3.0148091         0.97268     0.047069078      0.99949177      -24.280118       -24.280118       2458.1378                                                 2458.1378
              8       1203.6908      0.64520579      0.30862194    9.362472e-05     0.022569238       3.0129084      0.97249367     0.045282605       1.0003448      -24.280118       -24.280118       2455.9417                                                 2455.9417
              2       1203.6313       0.6490197      0.30932662    9.384091e-05     0.022531903       3.0115421      0.97286903     0.045150619      0.99994306      -24.280118       -24.280118       2455.8228                                                 2455.8228
              3       1203.5865      0.64201511      0.30936536   9.3820803e-05     0.022524588       3.0089171      0.97254474     0.043648456       1.0000487      -24.280118       -24.280118       2455.7332                                                 2455.7332
             10       1203.4596      0.63912423      0.30931083   9.3778843e-05     0.022536226       3.0080985      0.97282303     0.043309366      0.99991111      -24.280118       -24.280118       2455.4795                                                 2455.4795
              3       1203.4899      0.64018977      0.30927505   9.3774656e-05     0.022538006        3.008172      0.97287127     0.043363928      0.99990104      -24.280118       -24.280118       2455.5401                                                 2455.5401
              5       1203.1402       0.6274515      0.31080717   9.3972834e-05      0.02252082       3.0008292      0.97270038     0.038690125       1.0003465      -24.280118       -24.280118       2454.8407                                                 2454.8407
              8       1204.9608      0.70492395      0.31118486   9.4328537e-05     0.022541211       3.0006421      0.97378508     0.038541615       1.0009913      -24.280118       -24.280118       2458.4818                                                 2458.4818
              1       1204.5258      0.73563148      0.31296993   9.4847354e-05     0.022573636        3.006555      0.97407268     0.041576236       1.0011521      -24.280118       -24.280118       2457.6118                                                 2457.6118
              1       1205.2928       0.5367622      0.30976564   9.3443708e-05     0.022372736       2.9923084      0.97086685      0.03095427       1.0030618      -24.280118       -24.280118       2459.1459                                                 2459.1459
              1       1205.6229       0.5678331      0.30937852   9.3529205e-05     0.022346139       2.9954774      0.96919771     0.034395721       1.0017539      -24.280118       -24.280118        2459.806                                                  2459.806
              5       1205.6672      0.49549297      0.30542299   9.2498109e-05     0.022330078        3.005621      0.97040058     0.039157764       1.0033018      -24.280118       -24.280118       2459.8947                                                 2459.8947
              6       1205.5562      0.54564653      0.30425425   9.2263148e-05     0.022441129       3.0102879      0.97408498     0.043669027       1.0014916      -24.280118       -24.280118       2459.6726                                                 2459.6726
              2       1206.8912      0.57899404      0.30409843   9.2394284e-05     0.022439168       3.0142753      0.97512924      0.04580796         1.00172      -24.280118       -24.280118       2462.3427                                                 2462.3427
              2       1206.0625      0.63810877      0.30825081   9.3675059e-05     0.022363042        3.007999      0.97512887     0.043704396       1.0009285      -24.280118       -24.280118       2460.6852                                                 2460.6852
              3       1204.9525      0.63855382      0.31026308   9.3966021e-05     0.022430564       3.0098466       0.9743295      0.04302377       1.0022407      -24.280118       -24.280118       2458.4651                                                 2458.4651
              2       1204.8868      0.66014735      0.31177071   9.4338217e-05     0.022426509       3.0101018      0.97435744     0.043340708       1.0016952      -24.280118       -24.280118       2458.3338                                                 2458.3338
              1       1203.6678      0.46563971      0.30941917   9.3088526e-05     0.022360161       2.9784535      0.97141385     0.028937055       0.9993538      -24.280118       -24.280118       2455.8958                                                 2455.8958
              1       1206.0787      0.53067901      0.31278578   9.4080174e-05      0.02230437       2.9671478      0.96719757     0.022701689       0.9996708      -24.280118       -24.280118       2460.7177                                                 2460.7177
              3       1206.0837      0.53104881      0.31278895   9.4082053e-05     0.022304437        2.967081      0.96719549     0.022675949      0.99966267      -24.280118       -24.280118       2460.7276                                                 2460.7276
              7       1205.8512      0.49413127      0.31144505   9.3681199e-05     0.022262977       2.9781002      0.96750848     0.031153048      0.99693592      -24.280118       -24.280118       2460.2626                                                 2460.2626
              3       1206.4626      0.49114382      0.31375988   9.4109212e-05     0.022245511       2.9738139      0.96504677     0.027436052      0.99748782      -24.280118       -24.280118       2461.4853                                                 2461.4853
             12       1203.7027       0.3885945      0.30983568   9.2797891e-05     0.022345583       2.9888776      0.96577729     0.035160502      0.99666029      -24.280118       -24.280118       2455.9656                                                 2455.9656
              6       1204.1695       0.4091163      0.31022471   9.2980907e-05     0.022340434       2.9909856      0.96537947     0.036917966      0.99611368      -24.280118       -24.280118       2456.8993                                                 2456.8993
              2       1204.2115      0.41370472      0.31062424   9.3069726e-05     0.022337736       2.9917267      0.96562455      0.03744376      0.99581174      -24.280118       -24.280118       2456.9831                                                 2456.9831
              1        1204.162       0.3837115      0.30931603    9.274774e-05     0.022316144       2.9914391      0.96565987     0.036631345       0.9963971      -24.280118       -24.280118       2456.8843                                                 2456.8843
              3       1203.3716      0.49717366      0.31282946   9.3938691e-05     0.022326493       2.9980986      0.96751412     0.038321802      0.99889222      -24.280118       -24.280118       2455.3034                                                 2455.3034
              1         1203.31      0.50428472      0.31190513    9.377736e-05     0.022361926       3.0134679       0.9684892     0.046469411      0.99867803      -24.280118       -24.280118       2455.1802                                                 2455.1802
              4        1203.776      0.50605426      0.30689463   9.2639443e-05     0.022414192       3.0190203       0.9696529     0.048615901      0.99990453      -24.280118       -24.280118       2456.1122                                                 2456.1122
              1       1203.4363       0.4027258      0.30587651    9.203263e-05     0.022342948       3.0089582      0.96844661     0.043378254      0.99897562      -24.280118       -24.280118       2455.4328                                                 2455.4328
              1       1203.3707      0.40240941      0.30519565   9.1985241e-05     0.022328061        3.007108      0.96874519     0.043796146      0.99807608      -24.280118       -24.280118       2455.3016                                                 2455.3016
              1       1203.1132      0.41249704      0.30562789   9.2097971e-05     0.022347722       3.0116019      0.97016425     0.047030536      0.99732682      -24.280118       -24.280118       2454.7866                                                 2454.7866
              4       1203.1165      0.41352875       0.3057051   9.2118437e-05      0.02234699        3.011563      0.97013656     0.047013808      0.99731722      -24.280118       -24.280118       2454.7933                                                 2454.7933
              4       1203.9022      0.44757786      0.30544559   9.2237414e-05     0.022338172       3.0109585      0.96942525     0.047000057      0.99732843      -24.280118       -24.280118       2456.3646                                                 2456.3646
              5       1204.0858      0.43380673      0.30528273   9.2132837e-05     0.022330141       3.0105923       0.9689415     0.046650298      0.99735245      -24.280118       -24.280118       2456.7318                                                 2456.7318
              2        1204.141      0.24835392      0.30133148   9.0608781e-05     0.022313834       3.0152344       0.9683845     0.047358455      0.99838453      -24.280118       -24.280118       2456.8423                                                 2456.8423
             12       1204.7819      0.23778181      0.30065198   9.0489872e-05     0.022267092       3.0144294      0.96888304     0.046091231      0.99978185      -24.280118       -24.280118        2458.124                                                  2458.124
              4       1204.8275       0.2305643      0.30075637    9.046037e-05     0.022279141       3.0161391      0.96858132     0.046876379      0.99991198      -24.280118       -24.280118       2458.2152                                                 2458.2152
              1       1210.2066      0.32542316      0.30891348   9.2350836e-05     0.022435397       3.0184954      0.96292113     0.046607041      0.99761808      -24.280118       -24.280118       2468.9734                                                 2468.9734
              3       1208.4764      0.46079708      0.31170506    9.340697e-05     0.022530873       3.0172385      0.96546847     0.048082389      0.99634913      -24.280118       -24.280118        2465.513                                                  2465.513
              3       1207.6327      0.32009368      0.30950065   9.2203439e-05     0.022568444       3.0010859      0.96360261     0.038941961      0.99655771      -24.280118       -24.280118       2463.8256                                                 2463.8256
              1       1206.0608      0.33385355      0.30594173    9.147583e-05     0.022677871        3.013191      0.96566462     0.044661712      0.99811938      -24.280118       -24.280118       2460.6818                                                 2460.6818
              4       1206.5815      0.31772835      0.30502176   9.1217977e-05     0.022696466       3.0134266      0.96600967      0.04518307       0.9976659      -24.280118       -24.280118       2461.7233                                                 2461.7233
              2       1205.2591      0.53010411      0.31151764   9.3650304e-05     0.022578565       3.0113718      0.96843631     0.046730906      0.99630498      -24.280118       -24.280118       2459.0784                                                 2459.0784
              3       1205.7225      0.50506355      0.30826186   9.2963911e-05     0.022579606       3.0124838      0.96761814      0.04778836      0.99665275      -24.280118       -24.280118       2460.0053                                                 2460.0053
              1       1206.1725      0.52579431      0.30797928   9.2960482e-05     0.022612487       3.0159186       0.9682336     0.050386128      0.99593026      -24.280118       -24.280118       2460.9053                                                 2460.9053
              1       1208.8912      0.61677245      0.30947334   9.3613283e-05     0.022662853       3.0398303      0.96842886     0.059528752      0.99855567      -24.280118       -24.280118       2466.3426                                                 2466.3426
              1       1208.4368      0.63168746      0.31000448   9.3776187e-05     0.022649978       3.0411656      0.96850591     0.060219195      0.99877933      -24.280118       -24.280118       2465.4338                                                 2465.4338
              5       1207.9759      0.61676045      0.31040824    9.382254e-05     0.022629144       3.0361876      0.96847871     0.057295898      0.99864936      -24.280118       -24.280118       2464.5119                                                 2464.5119
              2       1208.8561      0.51181872      0.30947683   9.2918569e-05     0.022803256       2.9976567      0.96672398     0.038600688       0.9973514      -24.280118       -24.280118       2466.2724                                                 2466.2724
              1       1206.2296       0.5109727      0.30938447   9.2993686e-05     0.022711554       2.9937678      0.97104266     0.033530751       1.0016579      -24.280118       -24.280118       2461.0194                                                 2461.0194
              1       1206.6788      0.51652044      0.30840755   9.2703002e-05     0.022802673       3.0002862      0.97105963     0.037488631       1.0007744      -24.280118       -24.280118       2461.9179                                                 2461.9179
              2       1205.8958      0.61033006      0.30956255   9.3269501e-05     0.022831116       2.9993651      0.97291009     0.038375817      0.99990165      -24.280118       -24.280118       2460.3519                                                 2460.3519
              1       1206.0313      0.54712491       0.3046156   9.2152885e-05      0.02275453       3.0118745      0.97272873     0.046516025      0.99988711      -24.280118       -24.280118       2460.6228                                                 2460.6228
              6       1204.0027      0.40839354      0.30607535   9.1817479e-05     0.022611509       3.0095982      0.97313074     0.044785681      0.99915175      -24.280118       -24.280118       2456.5657                                                 2456.5657
              1       1205.2009       0.3864656      0.30429904   9.1343704e-05     0.022682969       3.0070367      0.97214008     0.044243773      0.99864363      -24.280118       -24.280118        2458.962                                                  2458.962
              1       1208.7138      0.21537941      0.29396126   8.8606444e-05     0.022684205        3.020026      0.97469869     0.051486111       0.9990081      -24.280118       -24.280118       2465.9879                                                 2465.9879
              2       1208.1794      0.20115716      0.29288709   8.8272173e-05     0.022734596       3.0291381      0.97337285     0.055863685      0.99779153      -24.280118       -24.280118        2464.919                                                  2464.919
              1       1209.4189     0.014982236      0.28981536   8.7281747e-05     0.022488897       3.0128811      0.96888615     0.040253302       1.0042652      -24.280118       -24.280118        2467.398                                                  2467.398
              8         1209.43      0.12149427      0.29022773   8.7772598e-05     0.022550012       3.0163493      0.97027834     0.042352373       1.0045979      -24.280118       -24.280118       2467.4203                                                 2467.4203
              1       1209.0609      0.27673907      0.29294953   8.8762315e-05     0.022757382        2.987557       0.9712498     0.035246237      0.99788643      -24.280118       -24.280118       2466.6821                                                 2466.6821
              2       1209.0552      0.25513143      0.29265069   8.8611054e-05      0.02275369       2.9866437      0.97074874     0.034681433      0.99779184      -24.280118       -24.280118       2466.6705                                                 2466.6705
              1       1207.8847      0.21994113      0.29247511   8.8523887e-05     0.022682609       2.9896757      0.97207741     0.036105781       0.9977386      -24.280118       -24.280118       2464.3295                                                 2464.3295
              4       1207.8447      0.23102124      0.29377979   8.8596563e-05     0.022712655       2.9867583      0.97125408     0.029937929       1.0004721      -24.280118       -24.280118       2464.2496                                                 2464.2496
              2       1207.8185      0.23059386      0.29365337   8.8562753e-05     0.022715626       2.9871608      0.97133279     0.030271042       1.0003585      -24.280118       -24.280118       2464.1973                                                 2464.1973
              3       1208.0032     0.091870518      0.29164819   8.7706401e-05     0.022555353       2.9844695      0.96949245     0.028418113       1.0009823      -24.280118       -24.280118       2464.5667                                                 2464.5667
              1       1207.0857      0.16716551      0.29307299   8.8397534e-05      0.02250924        2.976887      0.96916371     0.027784204      0.99855092      -24.280118       -24.280118       2462.7315                                                 2462.7315
              4       1206.0233       0.2345256      0.29278946   8.8739082e-05     0.022481752        3.006352      0.97338028     0.044431221      0.99787366      -24.280118       -24.280118       2460.6068                                                 2460.6068
              2       1206.0297      0.23802232      0.29282772    8.876537e-05     0.022482288       3.0069716      0.97350302     0.044740175      0.99791955      -24.280118       -24.280118       2460.6197                                                 2460.6197
              6       1205.3071      0.24246638      0.29370937   8.8972942e-05     0.022469937       3.0028351      0.97271108     0.041911935      0.99861538      -24.280118       -24.280118       2459.1744                                                 2459.1744
              2       1206.7086      0.29833485      0.29385233   8.9254025e-05     0.022433215       3.0038322      0.97358687     0.043065093      0.99838375      -24.280118       -24.280118       2461.9774                                                 2461.9774
              2       1205.9844      0.35490761      0.29781858   9.0394657e-05     0.022360678       3.0056052      0.97502412     0.043849196       0.9983505      -24.280118       -24.280118        2460.529                                                  2460.529
              1        1206.027      0.35049868      0.29784703   9.0383714e-05     0.022355741       3.0048311      0.97490213     0.043499148      0.99826457      -24.280118       -24.280118       2460.6142                                                 2460.6142
              6       1205.5814      0.43358636      0.30171483   9.1539637e-05     0.022327841       3.0040935      0.97122707     0.042880955      0.99819958      -24.280118       -24.280118        2459.723                                                  2459.723
              8       1205.6939      0.42349303       0.3006377   9.1285975e-05     0.022358627        3.010108      0.97182985     0.045559371      0.99859262      -24.280118       -24.280118       2459.9481                                                 2459.9481
              3       1207.2595      0.52709756      0.30173092   9.1533534e-05     0.022695967       3.0092884      0.97157152     0.050414909      0.99353995      -24.280118       -24.280118       2463.0792                                                 2463.0792
              7       1207.8217      0.43343876      0.29915687   9.0713644e-05     0.022646631       3.0021878      0.97134259     0.047882561      0.99275931      -24.280118       -24.280118       2464.2037                                                 2464.2037
              1       1208.9564      0.37265923      0.29966399   9.0357565e-05     0.022648325       2.9924399      0.96986538     0.043454952       0.9911608      -24.280118       -24.280118        2466.473                                                  2466.473
              3       1209.0377      0.37208019      0.30030093    9.044713e-05     0.022659623       2.9886267      0.96938869     0.040521753      0.99129172      -24.280118       -24.280118       2466.6356                                                 2466.6356
              1        1210.339      0.62777426      0.31102024   9.3837891e-05     0.022557405       2.9983863      0.97489482     0.048256081      0.99006788      -24.280118       -24.280118       2469.2382                                                 2469.2382
              5       1210.0933      0.64187091      0.31105799   9.3828118e-05     0.022611742       3.0034448      0.97567893     0.050022361      0.99067454      -24.280118       -24.280118       2468.7467                                                 2468.7467
              3       1208.4172      0.53834994      0.31225873   9.3673982e-05      0.02250184       2.9933323      0.97446804     0.042877634      0.99142424      -24.280118       -24.280118       2465.3946                                                 2465.3946
              1       1205.4133      0.56391816      0.31375979   9.4103879e-05     0.022494082       3.0119088      0.97530018     0.048454494      0.99566821      -24.280118       -24.280118       2459.3869                                                 2459.3869
              2       1205.2392       0.5788183      0.31431877   9.4272869e-05     0.022504543       3.0091056      0.97523632     0.046820633      0.99584006      -24.280118       -24.280118       2459.0386                                                 2459.0386
              5       1204.2959      0.56142923      0.31264847   9.4018115e-05     0.022394593       3.0070231      0.97502195     0.045013364      0.99704733      -24.280118       -24.280118        2457.152                                                  2457.152
              3       1203.3256      0.48262209      0.31005497    9.316073e-05     0.022417888        2.998304      0.97404772     0.041265108      0.99640757      -24.280118       -24.280118       2455.2114                                                 2455.2114
              4       1203.0669      0.42187868      0.30646722   9.2049441e-05     0.022507742       3.0085902      0.97408463     0.045884674      0.99640957      -24.280118       -24.280118       2454.6941                                                 2454.6941
              2       1204.0043      0.39087664      0.30565193   9.1799601e-05     0.022490083       2.9864087      0.97450246     0.035248616      0.99583215      -24.280118       -24.280118       2456.5688                                                 2456.5688
              6       1204.0067      0.39031222      0.30564222   9.1795667e-05     0.022489683        2.986408      0.97450325     0.035251283      0.99582977      -24.280118       -24.280118       2456.5737                                                 2456.5737
              4        1203.719      0.23781205      0.29894496   8.9914462e-05     0.022522227       3.0001131      0.97347681     0.041319867      0.99696617      -24.280118       -24.280118       2455.9983                                                 2455.9983
              5       1203.3815      0.16572725      0.29896301   8.9580806e-05     0.022485212       2.9950753      0.97082051     0.037577616      0.99742045      -24.280118       -24.280118       2455.3232                                                 2455.3232
              6       1203.6609       0.1474616      0.29907831   8.9544706e-05     0.022419315       2.9939862      0.97048809     0.036266572      0.99807682      -24.280118       -24.280118       2455.8819                                                 2455.8819
              2        1204.204      0.12892685      0.29811927   8.9275726e-05     0.022438319       2.9963895        0.971682     0.038681273      0.99704071      -24.280118       -24.280118       2456.9682                                                 2456.9682
              4       1205.5108     0.088322455       0.2953414   8.8641529e-05       0.0223955       3.0080912      0.97355032     0.043472085      0.99901687      -24.280118       -24.280118       2459.5819                                                 2459.5819
              4       1205.7479     0.083024966      0.29586045   8.8706656e-05     0.022390496       3.0102986      0.97349909     0.044214474      0.99911892      -24.280118       -24.280118        2460.056                                                  2460.056
              6       1205.4356      0.15871037      0.29897834   8.9624151e-05     0.022449124       3.0223967      0.97329666      0.05126886      0.99829304      -24.280118       -24.280118       2459.4315                                                 2459.4315
              5       1205.3008      0.12464305      0.29917157   8.9466141e-05     0.022454715       3.0184075      0.97275548     0.047851859      0.99892107      -24.280118       -24.280118       2459.1619                                                 2459.1619
              1       1204.4329      0.17071288      0.30079098   8.9915852e-05     0.022487557       3.0127231      0.97267588      0.04547529       0.9985575      -24.280118       -24.280118        2457.426                                                  2457.426
              5       1205.7036       0.1217652      0.30064646   8.9677613e-05     0.022462963       2.9961243      0.96743808     0.039679093      0.99446579      -24.280118       -24.280118       2459.9674                                                 2459.9674
              1       1207.8235      0.42447354      0.30851812   9.2582902e-05       0.0223746       2.9960509      0.97497633     0.043996653      0.99211243      -24.280118       -24.280118       2464.2072                                                 2464.2072
              1       1206.6728      0.43059912      0.30914561   9.2782053e-05     0.022331487       2.9851046      0.97411828     0.037568761       0.9936025      -24.280118       -24.280118       2461.9058                                                 2461.9058
              2       1207.3458      0.47160549      0.30919797   9.2907402e-05     0.022394427       2.9850922      0.97408942     0.039040382      0.99251515      -24.280118       -24.280118       2463.2519                                                 2463.2519
              8       1207.8943      0.47582613      0.30967377   9.3080246e-05     0.022369708       2.9855474      0.97288711     0.040209723      0.99173035      -24.280118       -24.280118       2464.3487                                                 2464.3487
              2       1207.8944      0.47523392      0.30958903   9.3059682e-05     0.022371899       2.9857255      0.97289889     0.040367541      0.99166127      -24.280118       -24.280118       2464.3489                                                 2464.3489
              2       1207.9507      0.39368578      0.30571513    9.200824e-05     0.022345795       2.9876935      0.97353691     0.041519389      0.99217632      -24.280118       -24.280118       2464.4616                                                 2464.4616
              3       1208.9757      0.47688544      0.30659389   9.2547233e-05     0.022367994        2.993063      0.97563808     0.044994835      0.99213884      -24.280118       -24.280118       2466.5116                                                 2466.5116
              1       1209.1726       0.4772913      0.30659806   9.2543753e-05     0.022368196       2.9912921      0.97572034     0.044208015      0.99202264      -24.280118       -24.280118       2466.9055                                                 2466.9055
              4       1209.5208      0.41288705      0.30580871    9.207822e-05     0.022391784       2.9917602      0.97755643     0.043474631      0.99305512      -24.280118       -24.280118       2467.6018                                                 2467.6018
              7       1210.1802      0.61708996      0.32025302   9.6144145e-05     0.022190165       3.0010157      0.97604362     0.040422731      0.99955047      -24.280118       -24.280118       2468.9206                                                 2468.9206
              5       1209.0992      0.69165689      0.32264512   9.6669536e-05     0.022458236       3.0174507      0.97406321     0.045898661       1.0015765      -24.280118       -24.280118       2466.7586                                                 2466.7586
              4       1211.3715       0.6760945      0.32366005   9.6846906e-05     0.022468704       3.0107521      0.97406184     0.042781679       1.0010535      -24.280118       -24.280118       2471.3032                                                 2471.3032
              2       1211.7322      0.62924873      0.32229676   9.6431361e-05     0.022428364       3.0100874      0.97371531      0.04155458       1.0017698      -24.280118       -24.280118       2472.0245                                                 2472.0245
              5       1210.5918       0.4354565      0.31354097   9.3668458e-05     0.022573745       3.0056614      0.97273705     0.039937801       1.0004009      -24.280118       -24.280118       2469.7438                                                 2469.7438
              2        1210.399      0.55777116      0.31632258   9.4643232e-05     0.022644847       3.0145664      0.97490682     0.044545431       1.0005539      -24.280118       -24.280118       2469.3582                                                 2469.3582
              2       1208.6604      0.47986522      0.31093466   9.3088734e-05     0.022658856        2.994626      0.97470753     0.029733069       1.0048665      -24.280118       -24.280118        2465.881                                                  2465.881
              4       1209.0616      0.57474212       0.2993868   9.1034988e-05     0.022897803       3.0157661      0.97222951     0.045980071       1.0011958      -24.280118       -24.280118       2466.6834                                                 2466.6834
              2       1207.5325      0.57727804      0.30119782   9.1424647e-05     0.022907476       3.0203229      0.97500099     0.048900633        1.000576      -24.280118       -24.280118       2463.6252                                                 2463.6252
              8       1207.2317      0.52460971      0.29952016   9.0933657e-05     0.022863897       3.0154818      0.97521869     0.045420517       1.0016819      -24.280118       -24.280118       2463.0236                                                 2463.0236
              2        1206.466       0.6706459      0.30933939   9.3372108e-05     0.022785678       3.0105851      0.97498206     0.042974378        1.000366      -24.280118       -24.280118       2461.4922                                                 2461.4922
              2       1205.3862      0.47267185      0.30637892    9.222499e-05     0.022489428       3.0094344      0.97338095     0.038919825       1.0045855      -24.280118       -24.280118       2459.3327                                                 2459.3327
              1        1203.836      0.26261997      0.30073866   9.0233666e-05     0.022504722       3.0108265      0.97265115     0.040808048       1.0025008      -24.280118       -24.280118       2456.2322                                                 2456.2322
              3       1204.6427      0.26679305      0.30127279   9.0448725e-05     0.022448385       3.0184524      0.97389521     0.044386772       1.0029225      -24.280118       -24.280118       2457.8456                                                 2457.8456
             15       1205.0457      0.38752959      0.30342789   9.1805805e-05     0.022250516       2.9939766      0.97194565     0.038053348      0.99851758      -24.280118       -24.280118       2458.6516                                                 2458.6516
              2       1203.7304      0.38636351      0.30682601    9.232553e-05     0.022290406       2.9819944      0.97112789     0.030960509      0.99888937      -24.280118       -24.280118       2456.0209                                                 2456.0209
              2       1203.7785      0.37915253      0.30650097   9.2230073e-05     0.022287554       2.9819538      0.97113118      0.03098275      0.99888586      -24.280118       -24.280118       2456.1172                                                 2456.1172
              7       1203.8066      0.39918984      0.30529827   9.1920088e-05     0.022341299        3.002487       0.9740975     0.041976435      0.99873952      -24.280118       -24.280118       2456.1734                                                 2456.1734
              8       1204.3139      0.41687575      0.30479525   9.1896647e-05     0.022361655       3.0012531      0.97445117      0.04188738      0.99885957      -24.280118       -24.280118        2457.188                                                  2457.188
              2       1205.0569      0.44959047      0.30666839   9.2460112e-05     0.022328464       2.9995105      0.97480008     0.042771398       0.9972314      -24.280118       -24.280118        2458.674                                                  2458.674
              2       1205.1595      0.45321566      0.30687632   9.2518478e-05     0.022325434       2.9989004      0.97464167     0.042464051      0.99726849      -24.280118       -24.280118       2458.8792                                                 2458.8792
              3       1205.2973      0.43408021      0.30596902   9.2293319e-05     0.022327142       2.9965793      0.97526714     0.040509817      0.99835699      -24.280118       -24.280118       2459.1549                                                 2459.1549
              1       1205.5395      0.42662742       0.3058037   9.2250888e-05     0.022307243       2.9988103      0.97534102     0.041348397      0.99869945      -24.280118       -24.280118       2459.6392                                                 2459.6392
              1       1204.9438      0.42376916      0.30679116   9.2453449e-05      0.02233065        3.005749      0.97456998       0.0444506      0.99892721      -24.280118       -24.280118       2458.4478                                                 2458.4478
              1       1204.9562      0.42616528      0.30690769   9.2485767e-05      0.02233138       3.0057236      0.97454757     0.044436973      0.99893342      -24.280118       -24.280118       2458.4726                                                 2458.4726
              1       1204.6286      0.27284703      0.30160835   9.0628168e-05     0.022447087       2.9995886      0.97299675     0.038595951       1.0009856      -24.280118       -24.280118       2457.8174                                                 2457.8174
              1       1204.4912      0.29992589      0.30249116   9.0833602e-05     0.022445308       2.9955739      0.97280526     0.035979056       1.0012957      -24.280118       -24.280118       2457.5427                                                 2457.5427
              5       1203.6108      0.31575677      0.30087456   9.0333245e-05     0.022628457       3.0074453      0.96791193     0.043344757      0.99794428      -24.280118       -24.280118       2455.7819                                                 2455.7819
              5        1203.772      0.30021483      0.30027319   9.0144158e-05     0.022620878       3.0079967      0.96810261     0.043538841      0.99799597      -24.280118       -24.280118       2456.1042                                                 2456.1042
             10       1202.5143      0.29756098      0.30205113   9.0649694e-05     0.022497946       2.9961146      0.96877852     0.037726235      0.99816542      -24.280118       -24.280118       2453.5888                                                 2453.5888
              1       1202.5709       0.2811185      0.30143705   9.0452815e-05      0.02251705       2.9964311      0.96849271     0.037565128      0.99845288      -24.280118       -24.280118        2453.702                                                  2453.702
              3       1203.0589      0.32671009      0.30034575   9.0471674e-05     0.022550681       3.0051722      0.96958308     0.042653893      0.99906187      -24.280118       -24.280118       2454.6781                                                 2454.6781
              1       1203.0025       0.3409175      0.30162276   9.0782387e-05     0.022564077       3.0007564      0.96955163     0.040374349        0.999101      -24.280118       -24.280118       2454.5652                                                 2454.5652
              6       1203.6204      0.34250002      0.30296219   9.1078365e-05     0.022518042       2.9978052      0.96935327     0.040221663      0.99803659      -24.280118       -24.280118       2455.8011                                                 2455.8011
              2        1202.517      0.36515443      0.30556817   9.1619095e-05     0.022556703       2.9946108      0.96845263     0.036481113      0.99886561      -24.280118       -24.280118       2453.5943                                                 2453.5943
              4       1203.6632      0.30782762      0.30854007   9.1968754e-05     0.022431216       2.9958721       0.9667224     0.036576204      0.99843163      -24.280118       -24.280118       2455.8867                                                 2455.8867
              2       1203.9271      0.31380493      0.30677224   9.1664279e-05     0.022441799       2.9686198      0.96657729     0.022627469      0.99866656      -24.280118       -24.280118       2456.4145                                                 2456.4145
              2       1204.3152      0.25393442      0.30406513    9.085263e-05     0.022482457       2.9683964      0.96668405     0.023545657      0.99788979      -24.280118       -24.280118       2457.1906                                                 2457.1906
             10       1204.6619      0.27743564        0.304452   9.0885538e-05     0.022575158       2.9714375      0.96985415     0.025603934      0.99686765      -24.280118       -24.280118       2457.8841                                                 2457.8841
              4       1204.9456      0.26091371      0.30409446    9.077243e-05     0.022586039       2.9737051      0.96973741     0.027587674      0.99588536      -24.280118       -24.280118       2458.4515                                                 2458.4515
              2       1206.2566      0.32199832      0.30579352   9.1382232e-05     0.022608059       2.9721645      0.97234892     0.028368626      0.99473322      -24.280118       -24.280118       2461.0735                                                 2461.0735
              1       1208.0068      0.40559916      0.30817945   9.2036785e-05      0.02269433       2.9714473       0.9731465     0.028596079      0.99445701      -24.280118       -24.280118       2464.5738                                                 2464.5738
              1       1208.2486      0.53316588      0.31420351   9.3983795e-05     0.022571964       2.9677314      0.97178668     0.027740742      0.99471232      -24.280118       -24.280118       2465.0574                                                 2465.0574
              1       1207.4134      0.49727582      0.31264163   9.3562694e-05     0.022569277       2.9718808      0.97305812     0.027533756      0.99746857      -24.280118       -24.280118       2463.3871                                                 2463.3871
              2        1207.094      0.52020348      0.31320989   9.3768112e-05     0.022574643       2.9741712      0.97320573     0.028484412      0.99763617      -24.280118       -24.280118       2462.7481                                                 2462.7481
              2       1207.6801      0.48147399      0.30747771   9.2413048e-05     0.022622436       2.9736824      0.97793633     0.029883367      0.99613754      -24.280118       -24.280118       2463.9205                                                 2463.9205
              2        1204.288      0.47930831      0.30466171   9.1979009e-05     0.022530903       2.9946801      0.97710349     0.040347186      0.99660316      -24.280118       -24.280118       2457.1363                                                 2457.1363
              2       1204.1472       0.4671651      0.30425066   9.1847913e-05     0.022529849       2.9949302      0.97708074     0.040233313      0.99683567      -24.280118       -24.280118       2456.8547                                                 2456.8547
              1        1204.819      0.51089769      0.30501676   9.2256829e-05     0.022530792       3.0013045      0.97864687     0.043819843      0.99712052      -24.280118       -24.280118       2458.1983                                                 2458.1983
              1       1205.6736      0.45663034      0.30211934   9.1318775e-05     0.022555178       2.9889242      0.97797206     0.037118695      0.99667902      -24.280118       -24.280118       2459.9074                                                 2459.9074
              5       1205.7406      0.38977756      0.30047491   9.0773059e-05     0.022500516       2.9860261        0.977635     0.035621466      0.99685953      -24.280118       -24.280118       2460.0415                                                 2460.0415
              2       1205.5151      0.30478644      0.29722608   8.9772982e-05     0.022531634        2.993575      0.97750361     0.037592243      0.99804266      -24.280118       -24.280118       2459.5904                                                 2459.5904
              6       1206.7439      0.34954706      0.30413615   9.1462011e-05      0.02243857       2.9940103      0.97654746      0.03772742      0.99656603      -24.280118       -24.280118        2462.048                                                  2462.048
              2       1206.7098      0.34918616       0.3041749   9.1473763e-05     0.022434885       2.9943476      0.97658755     0.037882932      0.99660993      -24.280118       -24.280118       2461.9799                                                 2461.9799
              1       1207.2515      0.30731716      0.30221177   9.0882669e-05     0.022429869       2.9977536      0.97638105     0.038954386      0.99691057      -24.280118       -24.280118       2463.0632                                                 2463.0632
              4        1207.785      0.30172812      0.30243493   9.0902479e-05     0.022420349        2.996146      0.97653986     0.038547443      0.99643341      -24.280118       -24.280118       2464.1303                                                 2464.1303
              3       1207.4901      0.28623874      0.30657722   9.1564834e-05     0.022304482       3.0093649      0.97054831     0.047539378      0.99524161      -24.280118       -24.280118       2463.5405                                                 2463.5405
              3       1208.3804      0.30251516      0.30009475   9.0013649e-05     0.022567459       3.0299068       0.9733679     0.053181427      0.99991118      -24.280118       -24.280118       2465.3211                                                 2465.3211
              1       1207.9978       0.2211721      0.29829895   8.9313672e-05     0.022575808       3.0199396       0.9700968     0.046261359       1.0012761      -24.280118       -24.280118       2464.5559                                                 2464.5559
              3       1205.1157      0.31959199      0.30056717   9.0259271e-05     0.022586976       3.0178543      0.97191218     0.045205302       1.0021272      -24.280118       -24.280118       2458.7916                                                 2458.7916
              3       1205.8658       0.3476673      0.29944453   9.0006448e-05     0.022692474       3.0062483      0.97229283     0.041476596      0.99994789      -24.280118       -24.280118       2460.2918                                                 2460.2918
              4       1205.6333      0.36731029      0.29860606   8.9972929e-05     0.022680248       3.0064317      0.97339692     0.042205118      0.99971344      -24.280118       -24.280118       2459.8268                                                 2459.8268
              1       1206.8175      0.46677094      0.30072681      9.0785e-05      0.02273326       3.0186463      0.97468756     0.044798558       1.0031995      -24.280118       -24.280118       2462.1951                                                 2462.1951
              2       1206.8053      0.45069045      0.30015122    9.062025e-05     0.022729685       3.0203395      0.97497627     0.045595297       1.0034234      -24.280118       -24.280118       2462.1708                                                 2462.1708
              3       1205.4086      0.54143588      0.30147969   9.1356519e-05     0.022733318       3.0188027      0.97564642     0.049352584      0.99957224      -24.280118       -24.280118       2459.3775                                                 2459.3775
              1       1204.8289      0.45417589      0.29870721   9.0559003e-05     0.022666456       3.0209069      0.97672679     0.050109019       1.0000283      -24.280118       -24.280118        2458.218                                                  2458.218
              1       1204.2433      0.48738347      0.30175274   9.1340807e-05     0.022605645       3.0175713      0.97733051     0.048797132      0.99960819      -24.280118       -24.280118       2457.0468                                                 2457.0468
              2       1202.9327      0.42245735      0.30397688   9.1594801e-05     0.022557943       3.0228557      0.97448116      0.05107804      0.99939701      -24.280118       -24.280118       2454.4257                                                 2454.4257
             10       1203.6175      0.51083293      0.30431577   9.1955833e-05     0.022680186       3.0256977      0.97477278     0.051163301       1.0007194      -24.280118       -24.280118       2455.7951                                                 2455.7951
              1         1202.89      0.49160967       0.3054406   9.2168255e-05     0.022608577       3.0196606      0.97418251      0.04822418       1.0009421      -24.280118       -24.280118       2454.3403                                                 2454.3403
              1       1203.0413      0.48994287      0.30685697   9.2443172e-05     0.022620586       3.0113221       0.9749965     0.044907055      0.99973123      -24.280118       -24.280118       2454.6428                                                 2454.6428
              3       1202.7813      0.47203248      0.30645702   9.2251214e-05     0.022637642       3.0057949      0.97377592     0.041542937      0.99999115      -24.280118       -24.280118       2454.1229                                                 2454.1229
              8       1204.0883      0.45329538      0.30714823   9.2293968e-05     0.022653908       3.0100344      0.97386675     0.041708695       1.0016299      -24.280118       -24.280118       2456.7369                                                 2456.7369
              5       1204.0397      0.32939996        0.305279   9.1449655e-05     0.022500812       2.9815063      0.97419716     0.028831316       0.9995494      -24.280118       -24.280118       2456.6396                                                 2456.6396
              3       1203.6161      0.41051839      0.30681234   9.2031818e-05     0.022550303       2.9859167      0.97431484     0.032476538      0.99799876      -24.280118       -24.280118       2455.7925                                                 2455.7925
              7       1203.6312      0.41224924      0.30592737   9.1863971e-05     0.022572481        2.988823      0.97506152     0.034333826      0.99788115      -24.280118       -24.280118       2455.8226                                                 2455.8226
              2        1203.379      0.46388597       0.3057888   9.2049825e-05     0.022633654       2.9910782      0.97370701     0.036098823      0.99729394      -24.280118       -24.280118       2455.3182                                                 2455.3182
              6       1203.7594      0.56058356      0.31264356   9.3967962e-05     0.022512283       2.9925419      0.97277103     0.032307176       1.0017698      -24.280118       -24.280118       2456.0791                                                 2456.0791
              4       1204.4569      0.45744816      0.30657443   9.2405671e-05     0.022446888       2.9998817      0.97078486     0.034059815       1.0034909      -24.280118       -24.280118        2457.474                                                  2457.474
              1       1204.7757      0.52800226       0.3101119   9.3366409e-05     0.022407871       3.0221063      0.97329226     0.045840402       1.0036887      -24.280118       -24.280118       2458.1117                                                 2458.1117
              7       1205.0039      0.52400888       0.3102615   9.3440082e-05     0.022377522       3.0224517      0.97337846     0.046148725        1.003831      -24.280118       -24.280118       2458.5681                                                 2458.5681
              3       1204.7139      0.53125509      0.31093746   9.3594926e-05     0.022391771       3.0211565      0.97346967      0.04569738       1.0036255      -24.280118       -24.280118       2457.9881                                                 2457.9881
              1       1205.6477      0.49851255      0.31154883   9.3660126e-05     0.022304568       3.0168201      0.97343609     0.043750236       1.0035746      -24.280118       -24.280118       2459.8556                                                 2459.8556
              3       1204.2898      0.42902152      0.30843359   9.2664326e-05     0.022344444       3.0065552      0.97110766     0.039016398        1.003154      -24.280118       -24.280118       2457.1399                                                 2457.1399
              2       1204.3088      0.43496455      0.30855387   9.2715039e-05     0.022342028       3.0071165      0.97118885     0.039406251       1.0030697      -24.280118       -24.280118       2457.1777                                                 2457.1777
              2       1204.1248      0.40924607      0.30782224   9.2481709e-05     0.022341155       3.0108201      0.97244501     0.041692266       1.0026973      -24.280118       -24.280118       2456.8098                                                 2456.8098
              3       1204.1181      0.26527675      0.30665641   9.1669755e-05     0.022295584       3.0019358      0.96608101     0.041210828       0.9971095      -24.280118       -24.280118       2456.7965                                                 2456.7965
              2       1203.6137      0.40083397      0.30674045   9.2353154e-05     0.022347714       2.9962281      0.97341033     0.037320896        1.000275      -24.280118       -24.280118       2455.7875                                                 2455.7875
              1       1203.8843      0.41704324      0.30802742   9.2714798e-05     0.022330853       2.9950398      0.97323784     0.036993509      0.99988856      -24.280118       -24.280118       2456.3289                                                 2456.3289
              2       1203.9013       0.4260936      0.30922975   9.2905333e-05     0.022338629       2.9838267      0.97357597     0.031739449      0.99883687      -24.280118       -24.280118       2456.3629                                                 2456.3629
              1       1203.0818      0.46786944      0.30744472    9.266166e-05     0.022425993       2.9839982      0.97326734     0.033238187      0.99770469      -24.280118       -24.280118       2454.7239                                                 2454.7239
              2       1204.2958      0.50511897      0.30945778   9.3274487e-05     0.022361538        2.977118      0.97248719     0.030680949      0.99732129      -24.280118       -24.280118       2457.1519                                                 2457.1519
              5       1203.6881      0.28453677      0.30091862    9.046263e-05     0.022502438        3.004679      0.96644581     0.042546558      0.99824134      -24.280118       -24.280118       2455.9364                                                 2455.9364
              3       1204.1964      0.30407469      0.30337412   9.1041588e-05     0.022470022       2.9992489      0.96537842     0.040936612      0.99701761      -24.280118       -24.280118       2456.9531                                                 2456.9531
              1       1203.7584      0.33492148      0.30796607   9.2009779e-05     0.022438985       3.0064156      0.96465682     0.042228131      0.99785679      -24.280118       -24.280118       2456.0769                                                 2456.0769
              1       1203.9667      0.30422179      0.30568263   9.1270945e-05     0.022594713       3.0096502       0.9685632      0.04469328      0.99651391      -24.280118       -24.280118       2456.4935                                                 2456.4935
              1        1205.394      0.23554593       0.3068213   9.1377501e-05      0.02251386       3.0008805      0.96734912     0.035714074       1.0004021      -24.280118       -24.280118       2459.3483                                                 2459.3483
              3       1205.1545      0.38088899      0.30734667    9.200525e-05     0.022619399       3.0077452      0.96885071     0.038062892       1.0018277      -24.280118       -24.280118       2458.8693                                                 2458.8693
              2       1204.4724      0.44072642      0.31050102    9.291252e-05      0.02257653       3.0018994      0.97034959     0.035681708       1.0016156      -24.280118       -24.280118       2457.5049                                                 2457.5049
              2       1202.9649      0.41492672        0.309194   9.2612703e-05     0.022516404       3.0025349      0.96920188     0.036691759       1.0016842      -24.280118       -24.280118       2454.4901                                                 2454.4901
              1       1202.9673      0.43319161      0.30993736   9.2866345e-05     0.022483874       3.0002966      0.97013536     0.035453571       1.0020243      -24.280118       -24.280118       2454.4949                                                 2454.4949
              4       1202.7596      0.56699578      0.30963991   9.3239906e-05     0.022626736       3.0121667      0.97252949     0.042941918       1.0015096      -24.280118       -24.280118       2454.0795                                                 2454.0795
              3       1203.1278      0.60387067       0.3120883   9.3893301e-05      0.02259997       3.0166071      0.97248776      0.04513215       1.0014176      -24.280118       -24.280118       2454.8158                                                 2454.8158
              3       1203.1589      0.61892395      0.31390602   9.4331269e-05     0.022582514       3.0115519      0.97205131     0.042852392       1.0008986      -24.280118       -24.280118        2454.878                                                  2454.878
              1        1202.122      0.50758066      0.31130123    9.345143e-05     0.022493604       3.0089197      0.97065445     0.042004481        1.000284      -24.280118       -24.280118       2452.8042                                                 2452.8042
              7       1202.0621      0.50540103        0.310999   9.3376679e-05     0.022499937        3.008454      0.97048813     0.041687629       1.0002829      -24.280118       -24.280118       2452.6845                                                 2452.6845
              5       1203.2975      0.49557394      0.31234434    9.353385e-05     0.022515177       2.9921334      0.96938571     0.036239689      0.99657143      -24.280118       -24.280118       2455.1553                                                 2455.1553
              3       1204.0357      0.43482933      0.30719744   9.2039177e-05     0.022658874       3.0010115      0.97006686     0.038551359      0.99799426      -24.280118       -24.280118       2456.6317                                                 2456.6317
             10       1204.2272      0.45729326      0.30628047   9.2070001e-05     0.022614667       3.0103357      0.97245054     0.043622888      0.99803379      -24.280118       -24.280118       2457.0147                                                 2457.0147
              3       1203.4966      0.45167275      0.30536071    9.194333e-05     0.022554372       3.0028532      0.97235303     0.041207942      0.99727086      -24.280118       -24.280118       2455.5534                                                 2455.5534
              1       1203.7266      0.49098194      0.30670125   9.2324695e-05     0.022568839       2.9963607      0.97282194     0.038045654      0.99728159      -24.280118       -24.280118       2456.0134                                                 2456.0134
              1       1203.8693      0.50585065      0.30747706   9.2551201e-05     0.022567364       2.9958964      0.97291353     0.037947183      0.99710424      -24.280118       -24.280118       2456.2987                                                 2456.2987
              1       1204.2764      0.54267996      0.30772935   9.2806105e-05        0.022538       2.9999678      0.97331102      0.03905384      0.99822547      -24.280118       -24.280118        2457.113                                                  2457.113
              1       1204.2826       0.5424425      0.30776604   9.2814071e-05     0.022535909       3.0000324      0.97334175     0.039093547      0.99822122      -24.280118       -24.280118       2457.1255                                                 2457.1255
              1       1203.5704      0.44482172      0.30597357   9.2224728e-05     0.022455453       2.9900683      0.97346773      0.03237277       1.0005236      -24.280118       -24.280118        2455.701                                                  2455.701
              3       1204.1783      0.41930452      0.30567164   9.2139374e-05     0.022375727       2.9818835      0.97212319     0.029238267      0.99948643      -24.280118       -24.280118       2456.9168                                                 2456.9168
              5       1204.7904      0.50517305      0.30767755   9.2746899e-05     0.022504053       2.9742271      0.97069555     0.022738638       1.0021193      -24.280118       -24.280118        2458.141                                                  2458.141
              5       1204.2547       0.5351572      0.30946072   9.3076351e-05     0.022599558       2.9696173      0.97085007     0.023401742      0.99936651      -24.280118       -24.280118       2457.0697                                                 2457.0697
              5       1205.9785      0.47900863      0.30546353   9.2012403e-05     0.022612571       2.9685243      0.96778775     0.021294217       1.0012681      -24.280118       -24.280118       2460.5172                                                 2460.5172
              1       1206.8416      0.39986085      0.30911422   9.2703029e-05     0.022387809       2.9533179      0.96682565     0.010077726       1.0042885      -24.280118       -24.280118       2462.2434                                                 2462.2434
             12       1206.6858      0.50590831      0.31330199   9.3992363e-05     0.022399001       2.9516519      0.96744158     0.010231149       1.0030773      -24.280118       -24.280118       2461.9319                                                 2461.9319
              1       1206.6842      0.50545578      0.31327339   9.3984216e-05     0.022399697       2.9517094      0.96744146     0.010253996       1.0030845      -24.280118       -24.280118       2461.9286                                                 2461.9286
              4        1208.794        0.455028      0.31496076   9.4251707e-05     0.022256097        2.972185       0.9642126     0.018625999       1.0040774      -24.280118       -24.280118       2466.1482                                                 2466.1482
              2       1208.9176      0.55722572      0.31216688   9.4061887e-05     0.022403514       2.9940499      0.96939186     0.031375515        1.005777      -24.280118       -24.280118       2466.3954                                                 2466.3954
              2       1205.8714      0.52924216      0.30810403   9.3158256e-05     0.022457466       2.9915661       0.9712134     0.035820378       1.0007894      -24.280118       -24.280118        2460.303                                                  2460.303
              1       1205.8846      0.52861191      0.30811228   9.3155174e-05     0.022457635       2.9910632      0.97117251     0.035573416       1.0007798      -24.280118       -24.280118       2460.3294                                                 2460.3294
              3       1205.6729      0.50827809      0.30753572   9.2939566e-05     0.022452825       2.9882604      0.97100617     0.034058177       1.0007519      -24.280118       -24.280118        2459.906                                                  2459.906
              5       1204.6334      0.53567062      0.30683769   9.2884348e-05     0.022486577       2.9949741      0.97399639     0.038513495      0.99985401      -24.280118       -24.280118        2457.827                                                  2457.827
              2       1204.5873      0.54654475        0.307845    9.310427e-05     0.022500413       2.9947995      0.97368358     0.038617586      0.99954763      -24.280118       -24.280118       2457.7349                                                 2457.7349
              3       1203.4375      0.53757208      0.31024334   9.3580896e-05     0.022444612       3.0054236      0.97487216     0.043852434      0.99809509      -24.280118       -24.280118       2455.4352                                                 2455.4352
              2        1203.415      0.53671404       0.3102006   9.3567176e-05     0.022446417       3.0053714      0.97484279      0.04379908      0.99810688      -24.280118       -24.280118       2455.3903                                                 2455.3903
              5       1203.8912      0.60517481      0.31140346   9.4088436e-05     0.022485937       3.0092498      0.97592197     0.045937076      0.99824462      -24.280118       -24.280118       2456.3427                                                 2456.3427
              6       1203.8888      0.59738232      0.31144792   9.4047868e-05     0.022492845       3.0091099      0.97583665     0.045751896      0.99809467      -24.280118       -24.280118       2456.3378                                                 2456.3378
              1       1203.9269      0.56604915      0.30944725   9.3490983e-05     0.022544175       3.0054191      0.97495413      0.04452265      0.99759344      -24.280118       -24.280118        2456.414                                                  2456.414
              2       1204.0844      0.56729513      0.30897853    9.336611e-05     0.022572482       2.9986176      0.97516962     0.039567875      0.99868811      -24.280118       -24.280118       2456.7291                                                 2456.7291
              6       1203.9844      0.55058043      0.30808813   9.3097953e-05     0.022578154       2.9988378      0.97530943     0.039866194      0.99844166      -24.280118       -24.280118        2456.529                                                  2456.529
              1       1205.6065      0.62312278      0.30758476   9.3237659e-05       0.0226637       3.0029635       0.9774423     0.043140861      0.99738711      -24.280118       -24.280118       2459.7732                                                 2459.7732
             15       1205.5912      0.61796052      0.30714529   9.3111506e-05     0.022673558       3.0031656      0.97747173     0.043091011      0.99753595      -24.280118       -24.280118       2459.7427                                                 2459.7427
              4       1206.5485       0.5812239      0.31081121   9.3520068e-05     0.022758796       2.9982773      0.97358576     0.039576358      0.99711053      -24.280118       -24.280118       2461.6572                                                 2461.6572
              1       1204.1567      0.64273696      0.31470192    9.461211e-05     0.022629493       2.9971519      0.97167043     0.040158946      0.99633275      -24.280118       -24.280118       2456.8736                                                 2456.8736
             10       1204.3252       0.6590755       0.3141228   9.4550822e-05     0.022654017       2.9957914      0.97170548     0.039787113      0.99631628      -24.280118       -24.280118       2457.2105                                                 2457.2105
              1       1205.5293      0.69461775       0.3129127    9.442306e-05     0.022727839       3.0230747      0.97392698     0.053278701      0.99749946      -24.280118       -24.280118       2459.6187                                                 2459.6187
              3       1205.4988      0.69502882      0.31295974   9.4435661e-05     0.022725581       3.0231194      0.97392564     0.053275255        0.997519      -24.280118       -24.280118       2459.5579                                                 2459.5579
              1       1204.8069      0.59372179      0.30534692   9.2479485e-05     0.022738468       3.0246226      0.97611467     0.053319413      0.99887666      -24.280118       -24.280118       2458.1741                                                 2458.1741
              4        1205.205      0.47556847      0.30129735   9.1289011e-05     0.022681908        3.031411      0.97263982     0.055734284      0.99926531      -24.280118       -24.280118       2458.9703                                                 2458.9703
             13       1206.6086        0.380617      0.29915195   9.0378768e-05     0.022764504       3.0016788      0.97255585     0.037526333       1.0023049      -24.280118       -24.280118       2461.7773                                                 2461.7773
              1       1206.6449      0.39206262      0.30080776   9.0683299e-05     0.022804259        3.001366       0.9715515     0.037435135       1.0015605      -24.280118       -24.280118         2461.85                                                   2461.85
              4       1207.7022      0.49931919      0.30334576   9.1396526e-05     0.022844064       2.9753848      0.97354675     0.026703601      0.99870512      -24.280118       -24.280118       2463.9646                                                 2463.9646
              2       1207.6306      0.48693231      0.30319744   9.1336629e-05     0.022824647       2.9712662      0.97250263     0.024735852       0.9985608      -24.280118       -24.280118       2463.8215                                                 2463.8215
              2       1207.6048       0.4870548      0.30315381   9.1327718e-05     0.022825817       2.9713497      0.97250604     0.024782544       0.9985565      -24.280118       -24.280118       2463.7698                                                 2463.7698
              3       1205.6703       0.3852511      0.30326358   9.1073479e-05     0.022687577        2.962669      0.97041226     0.020980436      0.99768662      -24.280118       -24.280118       2459.9008                                                 2459.9008
              6       1206.1196      0.39043358      0.30365361   9.1137813e-05     0.022696118       2.9603129      0.96984945     0.019958183       0.9973459      -24.280118       -24.280118       2460.7995                                                 2460.7995
              5       1206.8178      0.37351001      0.30292148   9.0892767e-05     0.022734466        2.962453      0.96853503     0.020222903      0.99767451      -24.280118       -24.280118       2462.1958                                                 2462.1958
              3       1205.1808      0.44814585      0.30374428   9.1476631e-05     0.022730165       2.9857984      0.96895064     0.034614832      0.99641714      -24.280118       -24.280118       2458.9219                                                 2458.9219
              2       1204.8731      0.45495383      0.30465222   9.1690994e-05     0.022728212        2.987952      0.96892256     0.035427126      0.99655982      -24.280118       -24.280118       2458.3065                                                 2458.3065
              3       1204.8594      0.43206746      0.30447896   9.1591526e-05     0.022708085       2.9854531       0.9685213     0.033890641      0.99695929      -24.280118       -24.280118        2458.279                                                  2458.279
              1       1205.0389      0.45485371      0.30450915    9.169321e-05     0.022702749       2.9912152      0.96742334     0.036658389      0.99740767      -24.280118       -24.280118       2458.6379                                                 2458.6379
              2       1204.1491      0.48448216      0.30398365   9.1738351e-05     0.022701193       3.0007243      0.96923625     0.041668129      0.99765301      -24.280118       -24.280118       2456.8585                                                 2456.8585
              5       1203.9068      0.50596569      0.31098317   9.3229994e-05     0.022655205       3.0000714      0.97139475     0.038914754      0.99935388      -24.280118       -24.280118       2456.3739                                                 2456.3739
              1        1204.459      0.33274251      0.30691755   9.1989591e-05     0.022471486       2.9928096      0.97149901     0.035968415      0.99870464      -24.280118       -24.280118       2457.4782                                                 2457.4782
              1        1204.509      0.33548032      0.30704118   9.2040984e-05      0.02246364       2.9904773      0.97122924     0.034632567       0.9988342      -24.280118       -24.280118       2457.5783                                                 2457.5783
              2        1203.696      0.33524348       0.3079858   9.2259276e-05     0.022394874       2.9940977       0.9704623     0.035236332       0.9995513      -24.280118       -24.280118       2455.9522                                                 2455.9522
              4       1203.8767      0.32509764      0.30730163    9.203733e-05     0.022413431       2.9901014      0.96931475     0.035756946      0.99641073      -24.280118       -24.280118       2456.3136                                                 2456.3136
              6       1204.4655      0.39036819       0.3097286   9.2748621e-05     0.022381957       2.9773159      0.97143396     0.030597418      0.99551975      -24.280118       -24.280118       2457.4913                                                 2457.4913
              2       1205.8096      0.37056717      0.31052138    9.281549e-05      0.02234223       2.9699239       0.9710845      0.02699173      0.99493678      -24.280118       -24.280118       2460.1794                                                 2460.1794
              3       1207.9289      0.50776591      0.31292541   9.3746821e-05     0.022436608       2.9477862       0.9693096     0.017583071      0.99401364      -24.280118       -24.280118       2464.4179                                                 2464.4179
              1        1207.874      0.47976312      0.31187192   9.3292892e-05     0.022459644       2.9491125      0.96876749     0.016650608      0.99467838      -24.280118       -24.280118       2464.3082                                                 2464.3082
              3       1206.8183      0.49309789      0.31353761   9.3857745e-05     0.022333821       2.9638977      0.97142691     0.023082389      0.99599289      -24.280118       -24.280118       2462.1969                                                 2462.1969
              2       1206.3181      0.50828025      0.31404246   9.3996048e-05      0.02236212       2.9653719      0.97153684     0.023220779      0.99658285      -24.280118       -24.280118       2461.1964                                                 2461.1964
              2       1206.1234      0.45757329      0.31373722   9.3630965e-05      0.02241792       2.9615043      0.97062212     0.021109274      0.99626458      -24.280118       -24.280118        2460.807                                                  2460.807
              4       1207.2992      0.38204458        0.311518   9.2938416e-05     0.022337768       2.9793345       0.9686003     0.033777253      0.99275125      -24.280118       -24.280118       2463.1587                                                 2463.1587
              2       1207.0591      0.29278975      0.30778139   9.1873283e-05     0.022300148       2.9815725      0.96983724     0.034830651      0.99344201      -24.280118       -24.280118       2462.6785                                                 2462.6785
              2       1206.6801      0.28080478      0.30721273   9.1567417e-05     0.022434728       2.9856953      0.97137045     0.035741633      0.99524151      -24.280118       -24.280118       2461.9205                                                 2461.9205
              1       1205.4968      0.31234903      0.30685211   9.1448704e-05     0.022536559       2.9781061      0.96685388     0.025725663       1.0001978      -24.280118       -24.280118       2459.5539                                                 2459.5539
              1       1207.3268      0.22321387      0.30524217   9.0751757e-05     0.022485673        2.977756      0.96583747     0.024752008       1.0005684      -24.280118       -24.280118       2463.2139                                                 2463.2139
              1       1207.4913      0.21963139       0.3047418   9.0623921e-05     0.022499597       2.9787651      0.96559478     0.025504752       1.0003612      -24.280118       -24.280118       2463.5428                                                 2463.5428
              1       1206.7749      0.23959654      0.30644826    9.115906e-05     0.022434674       2.9872093      0.96507131      0.02923696       1.0012024      -24.280118       -24.280118         2462.11                                                   2462.11
              1       1206.4927      0.30293951      0.30356838   9.0756217e-05     0.022515636       3.0119987      0.96917067     0.041434884        1.002185      -24.280118       -24.280118       2461.5456                                                 2461.5456
              2       1207.0399      0.35503495      0.30847561     9.17937e-05     0.022594999       3.0183631      0.96859848     0.044163187       1.0009594      -24.280118       -24.280118       2462.6399                                                 2462.6399
              1       1207.0448      0.37137989      0.31060701   9.2304364e-05     0.022587254       3.0198033      0.96849982     0.046386992      0.99919249      -24.280118       -24.280118       2462.6498                                                 2462.6498
              2        1207.336      0.42317722      0.31180776    9.272159e-05     0.022600727       3.0115985      0.96791817     0.042594832      0.99831216      -24.280118       -24.280118       2463.2323                                                 2463.2323
              1       1206.0473      0.38619811      0.30819183   9.1945072e-05     0.022626161       3.0189497      0.97010745     0.046305189        0.998484      -24.280118       -24.280118       2460.6547                                                 2460.6547
              1       1206.0478      0.45370041      0.30933387   9.2446273e-05      0.02265903       3.0241449      0.97098265     0.049193429      0.99860586      -24.280118       -24.280118       2460.6558                                                 2460.6558
              1       1205.9832      0.45224894      0.30923017    9.242151e-05     0.022659766       3.0241791      0.97084362     0.049224391      0.99860161      -24.280118       -24.280118       2460.5266                                                 2460.5266
              9       1205.7971      0.44764209      0.30882562   9.2371864e-05     0.022616094       3.0264335      0.97104018     0.050825717       0.9983617      -24.280118       -24.280118       2460.1545                                                 2460.1545
              7       1207.0061      0.46937373      0.30931903   9.2619786e-05     0.022618124        3.001192      0.97473407     0.039973115      0.99650375      -24.280118       -24.280118       2462.5725                                                 2462.5725
              6        1206.503       0.4321392      0.30742228   9.1998068e-05     0.022702026       2.9969726      0.97421582     0.037063416      0.99737016      -24.280118       -24.280118       2461.5663                                                 2461.5663
              3       1206.6417      0.45433543       0.3091936   9.2487264e-05     0.022672645       2.9976632        0.973719     0.037267536      0.99727321      -24.280118       -24.280118       2461.8437                                                 2461.8437
              2       1206.7177      0.46154895      0.30915132   9.2501998e-05     0.022673769       2.9967907      0.97413502     0.036831082      0.99736373      -24.280118       -24.280118       2461.9957                                                 2461.9957
              1       1206.5188      0.40615684      0.30510227    9.148224e-05     0.022709551       2.9969589      0.97494542     0.038205797      0.99662398      -24.280118       -24.280118       2461.5978                                                 2461.5978
              1       1206.8007      0.43092608      0.30523305    9.159004e-05       0.0227457        2.998773      0.97525567      0.03886732      0.99694632      -24.280118       -24.280118       2462.1616                                                 2462.1616
              2        1203.621      0.53852661      0.30670306   9.2424663e-05     0.022710992       2.9968897      0.97338337     0.039774022      0.99728443      -24.280118       -24.280118       2455.8022                                                 2455.8022
              1        1203.508      0.53202017      0.30594381   9.2238623e-05     0.022714285       3.0003981      0.97347151     0.041416627      0.99744292      -24.280118       -24.280118       2455.5761                                                 2455.5761
              2       1203.5478      0.52302885      0.30642496    9.231125e-05      0.02270954       3.0061398      0.97455239     0.044166065      0.99791303      -24.280118       -24.280118       2455.6559                                                 2455.6559
              1       1203.3022      0.49762987      0.30719542   9.2480408e-05     0.022598913       3.0273721      0.97129817      0.05355395      0.99817732      -24.280118       -24.280118       2455.1647                                                 2455.1647
              4       1203.2315      0.48215709      0.30672236   9.2315212e-05     0.022595735        3.026647      0.97099797     0.053231151      0.99811758      -24.280118       -24.280118       2455.0232                                                 2455.0232
              9       1203.6716      0.37385073      0.30297082   9.1283308e-05     0.022492798       3.0310663      0.97170724     0.053629398       1.0004168      -24.280118       -24.280118       2455.9034                                                 2455.9034
              6       1202.8964      0.45263991        0.306639   9.2365975e-05     0.022464019       3.0217574      0.97361415     0.048130475       1.0012512      -24.280118       -24.280118        2454.353                                                  2454.353
              3       1203.8208      0.37622916      0.30487645     9.18313e-05     0.022365138       3.0201447      0.97217124     0.046910165       1.0012653      -24.280118       -24.280118       2456.2018                                                 2456.2018
              2       1204.3684      0.35274239      0.30388275    9.151459e-05     0.022369004       3.0233833      0.97234239     0.048223157       1.0013764      -24.280118       -24.280118       2457.2971                                                 2457.2971
              4       1204.9342      0.43637416      0.30582887   9.2170292e-05     0.022434643       3.0226797      0.97342864      0.04591532        1.003141      -24.280118       -24.280118       2458.4287                                                 2458.4287
              5       1204.8659      0.34548467      0.30134048   9.0603988e-05      0.02265864       3.0194551      0.97429784     0.044260466       1.0033518      -24.280118       -24.280118        2458.292                                                  2458.292
              5       1204.8391      0.43651069       0.3074016   9.2468552e-05     0.022406072       3.0192838      0.97221574     0.043127512       1.0045097      -24.280118       -24.280118       2458.2385                                                 2458.2385
              4       1204.5547      0.48656771      0.30775138   9.2814385e-05     0.022388209       3.0214121      0.97266386     0.045522559       1.0035178      -24.280118       -24.280118       2457.6696                                                 2457.6696
              7       1205.1455      0.45012435      0.30611681   9.2337232e-05     0.022395339       3.0195791      0.97271995     0.043685644       1.0043348      -24.280118       -24.280118       2458.8512                                                 2458.8512
              2       1207.1255      0.53370862      0.30403675   9.1998408e-05     0.022711796       3.0295057      0.97040356     0.048217978        1.004618      -24.280118       -24.280118       2462.8113                                                 2462.8113
              3        1206.916       0.4584299      0.30341634   9.1482238e-05     0.022738895       3.0268906      0.97004566     0.047190887       1.0032104      -24.280118       -24.280118       2462.3923                                                 2462.3923
              5        1204.079      0.50019952      0.30497683   9.2092118e-05     0.022578097       3.0162584       0.9730229     0.045588037      0.99991155      -24.280118       -24.280118       2456.7182                                                 2456.7182
              3       1203.4295      0.50465685      0.30642576   9.2440582e-05     0.022516185        3.013694      0.97241903     0.043520687       1.0008703      -24.280118       -24.280118       2455.4192                                                 2455.4192
              4        1203.573      0.56843193      0.31240292   9.3988602e-05     0.022449099       3.0028757      0.97426005     0.041961066      0.99736194      -24.280118       -24.280118       2455.7062                                                 2455.7062
              4       1207.0053      0.70579504      0.31473739   9.4898311e-05     0.022572072       3.0214077      0.97904395     0.050415819      0.99927035      -24.280118       -24.280118       2462.5709                                                 2462.5709
              1       1204.9818      0.24762327      0.30974405   9.2062068e-05     0.022356257       2.9806494      0.96751735     0.027396838      0.99873014      -24.280118       -24.280118       2458.5238                                                 2458.5238
              2        1204.903      0.24289533      0.30934165   9.2041367e-05     0.022320081       2.9803712      0.96746628     0.026992239      0.99922334      -24.280118       -24.280118       2458.3663                                                 2458.3663
              2       1205.2306      0.30474394      0.31157941   9.2744833e-05     0.022359217       2.9910617      0.96525785      0.03153236      0.99976944      -24.280118       -24.280118       2459.0215                                                 2459.0215
              1       1205.5678      0.25140468      0.30448077   9.0946678e-05     0.022511009       2.9925231      0.96505174     0.032397636      0.99891265      -24.280118       -24.280118       2459.6959                                                 2459.6959
              1       1204.7631      0.23719534      0.30162337   9.0321056e-05     0.022585694       2.9954167      0.96585631     0.035975277      0.99787953      -24.280118       -24.280118       2458.0865                                                 2458.0865
              4       1204.7221      0.18334007      0.29814376   8.9404518e-05      0.02254762       3.0049612      0.96518851     0.040028201      0.99921686      -24.280118       -24.280118       2458.0045                                                 2458.0045
              1       1205.3137      0.18343696      0.29796647   8.9364917e-05      0.02256232       3.0033945      0.96448005     0.038841997       0.9995409      -24.280118       -24.280118       2459.1876                                                 2459.1876
              1       1204.7465      0.20314895      0.30277847   9.0550293e-05     0.022443607       2.9895129      0.96354125     0.031952854      0.99916055      -24.280118       -24.280118       2458.0533                                                 2458.0533
              2       1205.7727      0.10138422      0.29723373   8.9150146e-05      0.02244814       2.9937825      0.96630946     0.033654168      0.99999794      -24.280118       -24.280118       2460.1056                                                 2460.1056
              9       1205.6734      0.11720647      0.29719424    8.922514e-05     0.022450506       2.9937503      0.96656691      0.03414429      0.99983782      -24.280118       -24.280118       2459.9071                                                 2459.9071
              2        1205.614      0.14921477      0.29513988   8.8914706e-05     0.022464254       3.0140424      0.96896006     0.044789989      0.99974762      -24.280118       -24.280118       2459.7882                                                 2459.7882
              2       1204.0588      0.43769499      0.30757839   9.2473457e-05      0.02242259        2.993941      0.96590418     0.036912055      0.99700123      -24.280118       -24.280118       2456.6778                                                 2456.6778
              2       1202.7323      0.59304769      0.31121187   9.3700607e-05     0.022556216       2.9985592       0.9708151     0.038174029      0.99908153      -24.280118       -24.280118       2454.0248                                                 2454.0248
              1       1204.3117      0.69636701      0.31311556   9.4570349e-05     0.022615181       3.0096979      0.97265402     0.047457012      0.99662909      -24.280118       -24.280118       2457.1837                                                 2457.1837
              1       1204.9021      0.71568118      0.31263835   9.4652742e-05     0.022572483       3.0126732      0.97200616     0.048347029      0.99805617      -24.280118       -24.280118       2458.3644                                                 2458.3644
              4       1207.0932      0.45289365      0.31229895   9.3603204e-05      0.02240669       2.9707543      0.96584002     0.027588833      0.99452826      -24.280118       -24.280118       2462.7466                                                 2462.7466
              7       1206.9766      0.44729651      0.31211589   9.3529941e-05     0.022413215       2.9705138       0.9659318     0.027351115      0.99459744      -24.280118       -24.280118       2462.5134                                                 2462.5134
              5        1205.972      0.43116331      0.31091069   9.3419617e-05     0.022259514        2.965067      0.96680277     0.021814202      0.99875399      -24.280118       -24.280118       2460.5043                                                 2460.5043
              1       1205.9349      0.52079179      0.30788026   9.3165692e-05     0.022408993       2.9746309      0.96918493     0.027321722       0.9990845      -24.280118       -24.280118       2460.4299                                                 2460.4299
              1       1207.2653      0.50855144      0.30858122   9.3312274e-05     0.022413097       2.9719525      0.97137823      0.02761541       0.9978706      -24.280118       -24.280118       2463.0908                                                 2463.0908
              1       1207.1949       0.5163602      0.30776414   9.2925808e-05     0.022532161       2.9655676      0.97361579     0.025782746      0.99537292      -24.280118       -24.280118       2462.9501                                                 2462.9501
              1       1207.3005      0.56742281      0.30737768   9.3032576e-05      0.02255098       2.9701392      0.97480502     0.030527343      0.99412254      -24.280118       -24.280118       2463.1612                                                 2463.1612
              1       1206.8885      0.62184618      0.30959676   9.3771019e-05     0.022518371       2.9961129      0.97637368     0.044190915      0.99329078      -24.280118       -24.280118       2462.3372                                                 2462.3372
              1       1206.8443      0.66104588      0.31124448   9.4208092e-05     0.022561465       2.9963267      0.97616021     0.044153361      0.99330956      -24.280118       -24.280118       2462.2488                                                 2462.2488
              4       1207.3626      0.41655499      0.30169584   9.1098009e-05     0.022702861       3.0104584      0.97413783     0.050262968      0.99362328      -24.280118       -24.280118       2463.2855                                                 2463.2855
              4       1205.7721      0.35221055      0.30202299   9.0992317e-05     0.022528827        3.025724      0.97509604     0.055317364      0.99582188      -24.280118       -24.280118       2460.1045                                                 2460.1045
              1       1204.9282      0.27355147      0.30060203   9.0551887e-05     0.022432227       3.0172898      0.97412807      0.04960777      0.99747406      -24.280118       -24.280118       2458.4166                                                 2458.4166
              1       1205.3797      0.35461326      0.30305061   9.1355936e-05      0.02248394       3.0232621      0.97456378     0.051129232      0.99889464      -24.280118       -24.280118       2459.3197                                                 2459.3197
              1       1205.0743      0.33458392      0.30659321   9.1757013e-05     0.022538952       3.0234727      0.96959958     0.050384153      0.99974743      -24.280118       -24.280118       2458.7088                                                 2458.7088
              5       1205.2339       0.2778537      0.30628448   9.1459596e-05      0.02250076       3.0215844      0.96959336     0.048789821      0.99998235      -24.280118       -24.280118        2459.028                                                  2459.028
              1        1204.819      0.21058845      0.30448928   9.0839816e-05     0.022488708       3.0101247      0.96763649     0.042677402       1.0000746      -24.280118       -24.280118       2458.1981                                                 2458.1981
             12       1204.6859      0.21945109      0.30377492   9.0721133e-05     0.022462229       3.0003688      0.96887678     0.040787896      0.99779578      -24.280118       -24.280118       2457.9321                                                 2457.9321
              1       1204.2791      0.29110263       0.3047883   9.1079668e-05     0.022470144       2.9978373      0.96800717     0.039428579      0.99722845      -24.280118       -24.280118       2457.1185                                                 2457.1185
              2       1204.6977      0.25968316      0.30393819   9.0790752e-05      0.02244894       3.0013555      0.96816828     0.041041353      0.99733386      -24.280118       -24.280118       2457.9557                                                 2457.9557
              2       1204.6389      0.27658421      0.30523409   9.1170049e-05     0.022419802       3.0017924      0.96779043     0.042505255      0.99591767      -24.280118       -24.280118        2457.838                                                  2457.838
             14       1204.6883      0.34561609      0.30542189    9.151251e-05     0.022488775       3.0140773       0.9707125     0.050434262       0.9942354      -24.280118       -24.280118       2457.9368                                                 2457.9368
             10       1203.2265      0.34258986      0.30445297   9.1314931e-05     0.022514913       3.0071818      0.96967748     0.045832992      0.99519865      -24.280118       -24.280118       2455.0133                                                 2455.0133
              3       1203.2851      0.33469572      0.30385041   9.1171351e-05     0.022515773       3.0070562      0.97062251     0.046070714      0.99508095      -24.280118       -24.280118       2455.1304                                                 2455.1304
              3       1203.4011      0.33996253      0.30431294   9.1245186e-05     0.022516811       3.0079662      0.97095269      0.04643199      0.99518651      -24.280118       -24.280118       2455.3623                                                 2455.3623
              2       1203.6558      0.37388779      0.30474299   9.1464151e-05      0.02253036       3.0126759      0.97173786     0.048800955      0.99516075      -24.280118       -24.280118       2455.8719                                                 2455.8719
              3       1203.6553      0.37388291       0.3047421   9.1463953e-05     0.022530393       3.0126713      0.97173784     0.048798985      0.99516038      -24.280118       -24.280118       2455.8709                                                 2455.8709
              1       1203.1962      0.34905002      0.30556513   9.1597672e-05     0.022475954        3.007005       0.9725218     0.045593786      0.99583708      -24.280118       -24.280118       2454.9526                                                 2454.9526
              1       1203.3493      0.35297577      0.30502702   9.1508993e-05     0.022505988       3.0129491       0.9727649     0.048615223      0.99610967      -24.280118       -24.280118       2455.2589                                                 2455.2589
              1       1203.4359      0.34503475       0.3044291    9.133773e-05     0.022520604       3.0155033      0.97329667     0.049366123      0.99652854      -24.280118       -24.280118       2455.4321                                                 2455.4321
              2       1204.9013      0.28214518      0.30216995   9.0603746e-05     0.022523633       3.0166627      0.97383721     0.051037672      0.99542492      -24.280118       -24.280118       2458.3628                                                 2458.3628
              7       1204.7439        0.396896      0.30169033    9.118731e-05     0.022449225       2.9859314      0.97692913     0.034773827      0.99775506      -24.280118       -24.280118       2458.0479                                                 2458.0479
              1       1204.7861      0.34137224          0.2984   9.0122308e-05     0.022528907       2.9854204      0.97451927     0.031338508       1.0003105      -24.280118       -24.280118       2458.1325                                                 2458.1325
              2       1205.1412      0.34035831       0.2979471   8.9985155e-05     0.022564808       2.9839258      0.97446394     0.030262485       1.0005789      -24.280118       -24.280118       2458.8426                                                 2458.8426
              8        1203.769      0.40653045      0.30266118   9.1131286e-05     0.022616624       2.9853756      0.97275536     0.032693417      0.99908936      -24.280118       -24.280118       2456.0982                                                 2456.0982
              1        1203.788      0.41164687      0.30266199   9.1154365e-05     0.022620934       2.9883996      0.97226513     0.034581661      0.99888658      -24.280118       -24.280118       2456.1362                                                 2456.1362
              5       1207.4919      0.57650414      0.30639548   9.2544664e-05     0.022651529       2.9890897      0.97598823      0.03776319      0.99729628      -24.280118       -24.280118       2463.5441                                                 2463.5441
              5       1206.8496      0.60484852      0.30791372   9.3067264e-05     0.022600331       2.9927843      0.97626258     0.040720991      0.99626131      -24.280118       -24.280118       2462.2594                                                 2462.2594
              2       1206.7861      0.62527456      0.30957903   9.3464737e-05     0.022574772       2.9925562      0.97606196     0.039764373      0.99661158      -24.280118       -24.280118       2462.1324                                                 2462.1324
              5       1203.4228      0.39364344      0.30368147   9.1400994e-05     0.022478247       2.9992402      0.97501151     0.040789572       0.9980754      -24.280118       -24.280118       2455.4058                                                 2455.4058
              5       1203.4095      0.38305174      0.30340005   9.1307759e-05     0.022471051       2.9988033      0.97475354     0.040539632      0.99806842      -24.280118       -24.280118       2455.3792                                                 2455.3792
              1       1203.3162      0.38822229      0.30309977   9.1391525e-05     0.022481026       2.9960427      0.97571714     0.038814921      0.99884652      -24.280118       -24.280118       2455.1926                                                 2455.1926
              3       1203.1375      0.29746971      0.29917679   9.0283235e-05     0.022474582       3.0010133      0.97261216     0.041077323      0.99901774      -24.280118       -24.280118       2454.8353                                                 2454.8353
              1       1203.2005      0.29542224      0.29900617   9.0253664e-05     0.022468736       3.0035093        0.972958     0.042485517      0.99888499      -24.280118       -24.280118       2454.9611                                                 2454.9611
              9       1203.2533      0.29353863      0.29886166   9.0222124e-05     0.022464693       3.0022047      0.97296785     0.042077675        0.998667      -24.280118       -24.280118       2455.0669                                                 2455.0669
              1        1203.328      0.28870461      0.29876434   9.0178696e-05     0.022462777       3.0019513      0.97277167     0.041902816       0.9987969      -24.280118       -24.280118       2455.2162                                                 2455.2162
              4       1207.4998      0.50828318      0.31258429   9.3856459e-05     0.022385029       3.0058073      0.97373553     0.047474673      0.99576831      -24.280118       -24.280118       2463.5598                                                 2463.5598
              1       1206.3324      0.61548507      0.31712154   9.5140618e-05     0.022406126       3.0060587      0.97403969     0.045177146      0.99733945      -24.280118       -24.280118        2461.225                                                  2461.225
              1        1207.246      0.56158694      0.31724215   9.5046796e-05     0.022326255       3.0079623      0.97452009     0.044998853      0.99841959      -24.280118       -24.280118       2463.0523                                                 2463.0523
              4       1207.4546      0.57028106      0.31728582   9.5087717e-05     0.022332601       3.0066206      0.97476962     0.044291983      0.99863109      -24.280118       -24.280118       2463.4695                                                 2463.4695
              1       1207.4047      0.57469057      0.31701834   9.5041366e-05     0.022361189       3.0090862      0.97503529      0.04549258      0.99877473      -24.280118       -24.280118       2463.3697                                                 2463.3697
              1       1203.6694      0.40876076       0.3100135   9.2774994e-05     0.022454008       3.0058016      0.96989413     0.043485899      0.99805793      -24.280118       -24.280118        2455.899                                                  2455.899
              2       1204.2119      0.44897137      0.31082396   9.3133465e-05     0.022462945       2.9995752      0.96990713     0.042119364      0.99665298      -24.280118       -24.280118       2456.9841                                                 2456.9841
             10       1204.8485      0.45610917      0.31121242   9.3094034e-05     0.022540857       2.9988027      0.97137157     0.042663851      0.99505296      -24.280118       -24.280118       2458.2572                                                 2458.2572
              4       1205.1436      0.37667164      0.30882674   9.2331394e-05     0.022499388       2.9907697       0.9719447     0.039080362      0.99458304      -24.280118       -24.280118       2458.8475                                                 2458.8475
              1       1205.0899      0.33578966      0.30807995   9.2107201e-05     0.022440188       2.9859023      0.96994307      0.03561232      0.99605731      -24.280118       -24.280118         2458.74                                                   2458.74
              1       1206.1705      0.34219079      0.30578808    9.165881e-05     0.022481434       2.9924595      0.97114049     0.040589026      0.99527462      -24.280118       -24.280118       2460.9012                                                 2460.9012
             15        1204.993      0.26195958      0.29881839   8.9788768e-05     0.022615254       2.9946449      0.96975821     0.039678879      0.99668085      -24.280118       -24.280118       2458.5462                                                 2458.5462
              2       1206.0512      0.37658131      0.30623384   9.1594556e-05     0.022635244       2.9922467      0.97125504     0.039174065      0.99550302      -24.280118       -24.280118       2460.6627                                                 2460.6627
              7       1204.5788       0.5401417       0.3113919   9.3401931e-05      0.02259271       2.9900352      0.97184931     0.037826922      0.99557692      -24.280118       -24.280118       2457.7179                                                 2457.7179
              1        1204.587      0.51516911      0.31679675   9.4531673e-05     0.022419291       3.0052806      0.96914303     0.041869991      0.99822036      -24.280118       -24.280118       2457.7342                                                 2457.7342
              9       1204.5207      0.51777552      0.31607496   9.4319401e-05     0.022457534        3.009727      0.97000394     0.043384482      0.99880444      -24.280118       -24.280118       2457.6017                                                 2457.6017
              5       1205.3857      0.58355546      0.31742187   9.4884698e-05     0.022464279       3.0119915      0.97028076     0.045584783       0.9984743      -24.280118       -24.280118       2459.3317                                                 2459.3317
              4       1205.1084      0.59125356      0.31774548   9.4976888e-05     0.022483365       3.0005963      0.96960238     0.039879242      0.99845361      -24.280118       -24.280118       2458.7771                                                 2458.7771
              4       1205.4267      0.61151794      0.31842421   9.5194915e-05     0.022474431       2.9970414      0.96941252     0.037972776      0.99846328      -24.280118       -24.280118       2459.4137                                                 2459.4137
              1       1204.6496      0.48395732      0.31652736   9.4373057e-05     0.022435072       2.9912329       0.9681725     0.031927683       1.0000579      -24.280118       -24.280118       2457.8594                                                 2457.8594
              1       1204.9631      0.42382518      0.31425998   9.3629539e-05     0.022468084        2.977132      0.96654071     0.024737746       1.0003446      -24.280118       -24.280118       2458.4865                                                 2458.4865
              1       1204.2221      0.30969348      0.30834236    9.194345e-05      0.02248526       2.9766454      0.96523199     0.026909595      0.99744744      -24.280118       -24.280118       2457.0044                                                 2457.0044
              2       1204.5373      0.30354431      0.30810248   9.1850145e-05     0.022511338       2.9734504      0.96537722     0.025256032      0.99743563      -24.280118       -24.280118       2457.6348                                                 2457.6348
              1       1204.1399      0.26585007      0.30548269   9.1277565e-05     0.022470227        2.974794      0.96618801     0.026389216      0.99724361      -24.280118       -24.280118         2456.84                                                   2456.84
              1        1203.159      0.37438874      0.30749115   9.2188752e-05     0.022459317       2.9744388      0.96891475     0.026811267      0.99801861      -24.280118       -24.280118       2454.8782                                                 2454.8782
              4        1203.535      0.49313001       0.3105591   9.3218724e-05      0.02253375        2.983837      0.97118904     0.030496303      0.99843106      -24.280118       -24.280118       2455.6303                                                 2455.6303
              3       1203.6233      0.48548088      0.31136124   9.3268158e-05     0.022542146       2.9860775      0.97007614     0.030506383      0.99896598      -24.280118       -24.280118       2455.8068                                                 2455.8068
              5       1203.7978      0.44873855      0.30850853   9.2517758e-05     0.022569465       2.9869578       0.9698273      0.03039856      0.99935096      -24.280118       -24.280118       2456.1559                                                 2456.1559
              3       1204.6729      0.29962889      0.30226457   9.0716584e-05     0.022604497       2.9858517      0.97296251     0.032107488      0.99797264      -24.280118       -24.280118       2457.9061                                                 2457.9061
              1       1204.1983      0.28908302      0.30301109   9.0772447e-05     0.022596543       2.9813215      0.97291765     0.029638434       0.9984768      -24.280118       -24.280118       2456.9569                                                 2456.9569
              1       1204.5465       0.2725817      0.30287716   9.0652262e-05      0.02258621       2.9801415      0.97336183     0.028913929      0.99830838      -24.280118       -24.280118       2457.6532                                                 2457.6532
              2       1204.5311      0.27215412      0.30291221   9.0660332e-05     0.022583501       2.9803485      0.97335426     0.029057802      0.99827382      -24.280118       -24.280118       2457.6224                                                 2457.6224
              1       1204.3615      0.27835719       0.2994596   8.9951321e-05      0.02264229         2.99609        0.975326     0.036715954        0.999289      -24.280118       -24.280118       2457.2833                                                 2457.2833
              2       1204.8371       0.2431723      0.30377959   9.0820146e-05     0.022459077       2.9912756      0.97245287      0.03009341       1.0023618      -24.280118       -24.280118       2458.2344                                                 2458.2344
              4       1205.1321      0.26081442      0.30445128   9.1140302e-05     0.022458589       2.9881447       0.9710544     0.029001697       1.0016991      -24.280118       -24.280118       2458.8245                                                 2458.8245
              4       1204.9311      0.23310575      0.30537344   9.1173586e-05     0.022473447        2.989246      0.96941702     0.029779516       1.0013635      -24.280118       -24.280118       2458.4223                                                 2458.4223
              1       1204.8987      0.21960489      0.30522334   9.1069174e-05     0.022474555       2.9890515      0.96907665     0.029691967       1.0011773      -24.280118       -24.280118       2458.3575                                                 2458.3575
              1       1205.3662      0.23179029       0.3060393   9.1272618e-05     0.022472577       2.9820463      0.96857616     0.025911206       1.0010312      -24.280118       -24.280118       2459.2927                                                 2459.2927
              2       1204.9531      0.32315418      0.30725193   9.2087639e-05     0.022390699       2.9810456      0.96539006      0.02906014      0.99838594      -24.280118       -24.280118       2458.4664                                                 2458.4664
              4       1203.1577       0.3877967      0.30291081   9.1294437e-05      0.02253103       2.9872115      0.96911929     0.033887408      0.99750507      -24.280118       -24.280118       2454.8757                                                 2454.8757
             11       1203.7722      0.57060186      0.30525207   9.2412315e-05     0.022670575       3.0164068      0.97555496     0.048267316      0.99859871      -24.280118       -24.280118       2456.1047                                                 2456.1047
              2       1203.9257      0.56370487      0.30484091   9.2290445e-05     0.022679447       3.0152327      0.97551272      0.04722121      0.99890674      -24.280118       -24.280118       2456.4117                                                 2456.4117
              1       1204.6463      0.55309371      0.30483642   9.2174772e-05     0.022719874       3.0226347      0.97484405      0.05021116      0.99909234      -24.280118       -24.280118       2457.8528                                                 2457.8528
              3       1205.0037      0.31520234      0.30015008   9.0219368e-05     0.022608437       2.9975457      0.97676627     0.036494485       1.0007115      -24.280118       -24.280118       2458.5676                                                 2458.5676
              3       1204.2996      0.35766879      0.30428896   9.1285404e-05     0.022515371       2.9933496      0.97526489     0.033679938       1.0012483      -24.280118       -24.280118       2457.1595                                                 2457.1595
              3       1204.3059      0.37563814      0.30509204   9.1497249e-05     0.022530187       2.9816007      0.97447379     0.028552628       1.0003023      -24.280118       -24.280118        2457.172                                                  2457.172
              1       1203.9327      0.28559527      0.30111897   9.0383178e-05     0.022495093       2.9839592      0.97175531     0.028756132       1.0010207      -24.280118       -24.280118       2456.4257                                                 2456.4257
              1       1203.7796      0.29915775      0.30121294   9.0463575e-05     0.022497973       2.9847396      0.97199189     0.029273035       1.0009449      -24.280118       -24.280118       2456.1194                                                 2456.1194
              2       1202.9268      0.35841709      0.30229933   9.0948908e-05     0.022505696       3.0046646      0.97270771     0.039949706        1.001195      -24.280118       -24.280118       2454.4138                                                 2454.4138
              2       1203.0343      0.35151165      0.30143206   9.0739075e-05     0.022525189       3.0055545      0.97305668     0.040559152       1.0011815      -24.280118       -24.280118       2454.6288                                                 2454.6288
              4       1203.1941      0.35525458      0.30136719   9.0729522e-05     0.022531355       3.0053472      0.97307726     0.040398452       1.0012585      -24.280118       -24.280118       2454.9485                                                 2454.9485
              5       1203.0832      0.35836332      0.30146992   9.0765679e-05     0.022532275       3.0061977      0.97307363     0.040921944       1.0011759      -24.280118       -24.280118       2454.7267                                                 2454.7267
              2       1202.7246      0.35029216      0.30142881   9.0720622e-05     0.022539334       3.0038733      0.97296144     0.040342577        1.000416      -24.280118       -24.280118       2454.0093                                                 2454.0093
              1       1202.9944      0.41407134      0.30199139   9.1054327e-05     0.022573694       3.0072463      0.97437657     0.042724682      0.99988507      -24.280118       -24.280118       2454.5491                                                 2454.5491
              5       1203.0662      0.40921524      0.30191366   9.1016739e-05     0.022570211       3.0074938       0.9744354     0.043009435      0.99975778      -24.280118       -24.280118       2454.6927                                                 2454.6927
              4       1205.0457      0.53187159      0.30768606   9.2821056e-05     0.022410388       3.0066856      0.97044606     0.044722589      0.99745533      -24.280118       -24.280118       2458.6517                                                 2458.6517
             12       1205.0217       0.5431097      0.30929746   9.3309805e-05     0.022331056       3.0028617      0.97034591     0.041628774      0.99853361      -24.280118       -24.280118       2458.6036                                                 2458.6036
              2       1204.4114      0.51456927      0.31057879   9.3430356e-05     0.022320394       2.9983842      0.97035675     0.036998651       1.0004718      -24.280118       -24.280118       2457.3831                                                 2457.3831
              2        1204.684      0.51436728      0.31063893    9.346712e-05     0.022300486       2.9988595      0.97055077      0.03731315       1.0005464      -24.280118       -24.280118       2457.9283                                                 2457.9283
              1       1203.8297      0.48491851      0.31053348     9.33056e-05     0.022317257       3.0041808      0.97039671     0.040636931       1.0000806      -24.280118       -24.280118       2456.2196                                                 2456.2196
              3       1205.0424      0.48548595      0.31138872   9.3415353e-05     0.022312925       3.0156369      0.97151346      0.04574437       1.0000674      -24.280118       -24.280118        2458.645                                                  2458.645
              8       1205.3321      0.49057125      0.31170281   9.3530986e-05     0.022296197       3.0172309      0.97169554     0.046461749       1.0002808      -24.280118       -24.280118       2459.2244                                                 2459.2244
              4       1205.6973      0.53935008      0.31286509   9.3906878e-05     0.022326856       3.0101471      0.97225692     0.044136561      0.99918633      -24.280118       -24.280118       2459.9548                                                 2459.9548
              7       1205.6995      0.52892533      0.31243941   9.3782642e-05     0.022324016       3.0114221      0.97269272     0.045147221      0.99885271      -24.280118       -24.280118       2459.9591                                                 2459.9591
              1       1203.4589      0.48726683      0.30802416   9.2710412e-05     0.022426939       3.0135071       0.9704363     0.043584324       1.0018556      -24.280118       -24.280118       2455.4781                                                 2455.4781
              6        1204.282      0.49909138      0.30906743   9.3074561e-05     0.022358607       3.0141939      0.97047047     0.043024496       1.0028051      -24.280118       -24.280118       2457.1242                                                 2457.1242
              1       1204.1494      0.50178077      0.30836965   9.2896266e-05     0.022382868       3.0122229      0.97048144       0.0426395       1.0021993      -24.280118       -24.280118        2456.859                                                  2456.859
              6       1205.6324      0.56320054      0.30987702    9.355917e-05     0.022330512       3.0074716      0.96988969     0.041011073       1.0020435      -24.280118       -24.280118       2459.8251                                                 2459.8251
              2       1206.0472      0.56569711       0.3101405   9.3624795e-05     0.022318855       3.0095346      0.97001128     0.041982225       1.0021609      -24.280118       -24.280118       2460.6547                                                 2460.6547
              7        1205.519      0.52769079      0.30935202   9.3251373e-05      0.02233921       3.0072639      0.96953395     0.040601997       1.0021896      -24.280118       -24.280118       2459.5982                                                 2459.5982
              2       1205.5154      0.54525624       0.3113952   9.3721665e-05     0.022338553       3.0011974       0.9689882     0.036982178       1.0023797      -24.280118       -24.280118        2459.591                                                  2459.591
              1       1204.8713      0.62691983      0.30926582   9.3584764e-05     0.022516771        2.988616      0.96980407     0.035401925      0.99772948      -24.280118       -24.280118       2458.3028                                                 2458.3028
              2       1203.9469      0.51885931      0.30546376   9.2399784e-05     0.022513628       2.9857305      0.96936645     0.032757201       0.9987091      -24.280118       -24.280118       2456.4541                                                 2456.4541
              7       1203.8541      0.50978997      0.30531956   9.2311704e-05     0.022537414       2.9885944      0.96850082     0.033992941      0.99878389      -24.280118       -24.280118       2456.2684                                                 2456.2684
              9       1205.3169      0.53415325      0.30568557   9.2479024e-05      0.02252065       2.9892171      0.96690524     0.034405257      0.99867671      -24.280118       -24.280118       2459.1941                                                 2459.1941
              2       1205.6608      0.52747287      0.30439872   9.2181347e-05     0.022528203       2.9889654      0.96762076      0.03567907      0.99762288      -24.280118       -24.280118       2459.8819                                                 2459.8819
              5       1207.1232      0.56205789      0.30438986    9.238596e-05     0.022503263       2.9894467      0.96807086     0.037579847      0.99674031      -24.280118       -24.280118       2462.8066                                                 2462.8066
              2         1209.38      0.49444139      0.30306985   9.2146074e-05      0.02230552       2.9856342      0.96696397     0.032782093      0.99984467      -24.280118       -24.280118       2467.3203                                                 2467.3203
              5       1209.7691      0.75335199      0.31248771   9.4929315e-05      0.02252056       2.9737704      0.97045095     0.030940074      0.99641918      -24.280118       -24.280118       2468.0985                                                 2468.0985
              2       1210.1469       0.7634949      0.31474556   9.5481605e-05     0.022425915       2.9761631      0.97228702     0.032876467      0.99608723      -24.280118       -24.280118        2468.854                                                  2468.854
              5       1208.9335      0.71278034       0.3142934   9.5137549e-05     0.022425925       2.9727282      0.97132263      0.03102921      0.99581761      -24.280118       -24.280118       2466.4273                                                 2466.4273
              8       1207.8461      0.62650855       0.3182737   9.5680211e-05     0.022262675       2.9748746      0.96808706     0.029972916       0.9967193      -24.280118       -24.280118       2464.2525                                                 2464.2525
              3       1209.0024      0.59680514      0.31350631    9.410356e-05      0.02277626       3.0214011      0.96693177     0.045733709       1.0019353      -24.280118       -24.280118        2466.565                                                  2466.565
              2       1208.9114      0.60102529      0.31351415   9.4122569e-05     0.022775237       3.0217719      0.96695644     0.045811098       1.0020381      -24.280118       -24.280118        2466.383                                                  2466.383
              2        1207.564      0.59836361       0.3132775   9.3918746e-05     0.022822702       3.0096584      0.96774035     0.041353386      0.99997304      -24.280118       -24.280118       2463.6882                                                 2463.6882
              5       1207.6529      0.31025651      0.30153954     9.03967e-05     0.022717286        2.998823      0.96462289     0.032579939       1.0035994      -24.280118       -24.280118       2463.8661                                                 2463.8661
              1       1207.7884      0.27963946      0.29986749   8.9915568e-05     0.022736586        3.004809      0.96478956     0.035909641       1.0032106      -24.280118       -24.280118       2464.1371                                                 2464.1371
              1        1205.814       0.2917594      0.30372287   9.0931768e-05     0.022516074       3.0144173      0.96610736     0.043629538       1.0020352      -24.280118       -24.280118       2460.1882                                                 2460.1882
              3       1205.6002      0.29299388      0.30394788   9.0988875e-05     0.022505635       3.0141808      0.96605448     0.043500443       1.0019615      -24.280118       -24.280118       2459.7607                                                 2459.7607
              1       1207.5978      0.42438831       0.3025715   9.1150612e-05     0.022593858       3.0142808      0.96706378     0.045681108       1.0009995      -24.280118       -24.280118       2463.7559                                                 2463.7559
             11       1207.1859      0.40535027      0.30007329   9.0702175e-05     0.022556358       3.0141944      0.96856767     0.046368286        1.001039      -24.280118       -24.280118       2462.9319                                                 2462.9319
              5       1206.3223      0.43037429      0.30119937   9.0988965e-05     0.022589357       3.0140401      0.96935264     0.046830272       1.0004151      -24.280118       -24.280118       2461.2049                                                 2461.2049
              8        1206.114      0.18498025      0.29678757   8.9191943e-05      0.02240611        2.999476      0.97184609     0.036018525       1.0018642      -24.280118       -24.280118       2460.7882                                                 2460.7882
              2       1206.4833      0.18617217      0.29844067   8.9597743e-05      0.02233587       2.9852189       0.9725614     0.030362047       1.0007101      -24.280118       -24.280118       2461.5269                                                 2461.5269
              2       1203.9831      0.30907216      0.29815956   9.0043457e-05        0.022454        3.004328      0.97373494     0.040349954       1.0011509      -24.280118       -24.280118       2456.5265                                                 2456.5265
              2       1204.0414      0.28979537      0.29762012   8.9840836e-05     0.022466226       3.0062992      0.97391037     0.041262185       1.0012149      -24.280118       -24.280118        2456.643                                                  2456.643
              5       1204.0579      0.21584099       0.3004975   8.9968767e-05     0.022524359       2.9984353      0.96801858     0.035504285      0.99977799      -24.280118       -24.280118        2456.676                                                  2456.676
              5       1205.3437      0.25658312      0.29793198   8.9695446e-05     0.022525524       2.9918553      0.96905708     0.033162495      0.99938413      -24.280118       -24.280118       2459.2477                                                 2459.2477
              2       1205.7935      0.24168115      0.29773187   8.9590692e-05     0.022509844       2.9930077      0.96962689     0.033210977      0.99973168      -24.280118       -24.280118       2460.1471                                                 2460.1471
              1       1205.4982      0.38759287      0.29999476   9.0748587e-05     0.022510545       2.9938026      0.97126482     0.034912387      0.99949061      -24.280118       -24.280118       2459.5566                                                 2459.5566
              1       1206.6158      0.54077677       0.3061673   9.2397513e-05     0.022601511       2.9950439      0.97260391     0.034608655      0.99956907      -24.280118       -24.280118       2461.7918                                                 2461.7918
              5       1206.5195      0.58440462        0.314352   9.4324275e-05     0.022464648       2.9639471      0.97343678     0.021797495      0.99760831      -24.280118       -24.280118       2461.5991                                                 2461.5991
              2       1207.2137      0.58957734       0.3186021    9.538147e-05     0.022335202       2.9753038       0.9726438     0.023845726       1.0008795      -24.280118       -24.280118       2462.9876                                                 2462.9876
              2       1207.2786      0.57175057      0.31850147   9.5278838e-05     0.022310577       2.9692129      0.97138614       0.0204858       1.0010756      -24.280118       -24.280118       2463.1175                                                 2463.1175
              1       1207.3331      0.47285999      0.31242665   9.3470973e-05     0.022421255       2.9751776      0.96866288     0.024414243      0.99827856      -24.280118       -24.280118       2463.2264                                                 2463.2264
              8        1206.573      0.45893163      0.31325839   9.3645544e-05     0.022405349       2.9772824       0.9662907     0.025568184      0.99819229      -24.280118       -24.280118       2461.7063                                                 2461.7063
              1        1206.594      0.40383288      0.31262621   9.3271656e-05     0.022360477       2.9808364      0.96991628     0.029459956      0.99640691      -24.280118       -24.280118       2461.7483                                                 2461.7483
              6       1206.9559      0.20812068      0.29669172   8.9305783e-05     0.022417841       2.9685018       0.9716087     0.023996462      0.99782335      -24.280118       -24.280118       2462.4719                                                 2462.4719
              4       1205.6735      0.25571237      0.29866736   8.9843026e-05      0.02246333        2.970436      0.97200047     0.024607824      0.99802428      -24.280118       -24.280118       2459.9072                                                 2459.9072
              1       1205.6956      0.24435548      0.29737678   8.9520616e-05     0.022488825       2.9708626      0.97192566     0.024390504      0.99880336      -24.280118       -24.280118       2459.9514                                                 2459.9514
              6       1206.8095      0.58988684      0.30951838   9.3593141e-05     0.022465925         2.96745      0.97667407     0.023979382      0.99870292      -24.280118       -24.280118       2462.1792                                                 2462.1792
              1       1206.1213      0.59692672      0.30989057   9.3740994e-05      0.02247458       2.9793934      0.97592503     0.031115434      0.99722525      -24.280118       -24.280118       2460.8029                                                 2460.8029
              1        1205.069      0.59106361      0.31373299   9.4604105e-05     0.022325499       2.9958376      0.97455532     0.036155052       1.0004139      -24.280118       -24.280118       2458.6982                                                 2458.6982
              1       1205.0586      0.58363346      0.31342395   9.4514766e-05     0.022323655       2.9965463      0.97458765     0.036427193       1.0004974      -24.280118       -24.280118       2458.6774                                                 2458.6774
              1       1205.4979      0.53386769      0.31231367   9.4106307e-05     0.022311739       2.9916585      0.97314254     0.034778952      0.99895645      -24.280118       -24.280118       2459.5561                                                 2459.5561
              2       1206.5704      0.55412143      0.31079145   9.3763245e-05      0.02241486       2.9892306      0.97592306     0.033775934      0.99857406      -24.280118       -24.280118        2461.701                                                  2461.701
              3          1206.8      0.55619822      0.31096368    9.382686e-05     0.022405219        2.988855      0.97614939      0.03378093      0.99847105      -24.280118       -24.280118       2462.1603                                                 2462.1603
              1       1206.6657      0.56195351      0.31059828   9.3767566e-05     0.022455472        2.990034      0.97593276     0.034131159      0.99876733      -24.280118       -24.280118       2461.8916                                                 2461.8916
              1       1206.2649      0.60989826      0.31201059   9.4260725e-05     0.022454504       2.9943707      0.97637641     0.036542075      0.99882285      -24.280118       -24.280118       2461.0901                                                 2461.0901
              1       1206.5812      0.61220665      0.31222038   9.4312694e-05     0.022455631        2.994756      0.97650748     0.036680936       0.9987918      -24.280118       -24.280118       2461.7227                                                 2461.7227
              6       1206.5197       0.6116487      0.31283871   9.4427695e-05     0.022453088       2.9932558      0.97604632     0.036273356      0.99830695      -24.280118       -24.280118       2461.5996                                                 2461.5996
              1       1207.4016      0.61008728      0.30944714   9.3708931e-05     0.022543481       3.0109657      0.97852744     0.044207348      0.99978038      -24.280118       -24.280118       2463.3634                                                 2463.3634
              1       1207.3189      0.58924625      0.30894741   9.3538321e-05      0.02254802        3.014044       0.9777251     0.046352485      0.99916412      -24.280118       -24.280118       2463.1979                                                 2463.1979
              2       1206.9521      0.55264426      0.30835866   9.3169233e-05     0.022587824       3.0133653      0.97617931     0.044476772      0.99992653      -24.280118       -24.280118       2462.4645                                                 2462.4645
              2       1206.8203      0.60734694      0.31145867   9.4069633e-05     0.022540913       3.0192804      0.97578865     0.046617353       1.0007899      -24.280118       -24.280118       2462.2008                                                 2462.2008
              5       1206.7431      0.60459347       0.3113333   9.4037419e-05      0.02253822       3.0191663      0.97571806     0.046516451       1.0008637      -24.280118       -24.280118       2462.0464                                                 2462.0464
              1       1207.6013      0.58214742      0.31100867    9.390941e-05     0.022509976       3.0231472       0.9754077      0.04795147         1.00123      -24.280118       -24.280118       2463.7628                                                 2463.7628
              4       1208.7034       0.6879138      0.30933932   9.3897677e-05     0.022619854       3.0327753      0.97584069     0.052155893       1.0021868      -24.280118       -24.280118       2465.9671                                                 2465.9671
              1       1207.2569      0.53639059      0.30475285   9.2385978e-05      0.02258603       3.0080215      0.97152075     0.045222832      0.99638253      -24.280118       -24.280118        2463.074                                                  2463.074
              6       1208.3981      0.29371563      0.29732266   8.9975779e-05     0.022452535        2.991978      0.96731305     0.032656621       1.0006573      -24.280118       -24.280118       2465.3565                                                 2465.3565
              1       1206.5169      0.18630969      0.29915401   9.0024289e-05     0.022381759       3.0003558      0.96570999     0.036935442       1.0010457      -24.280118       -24.280118        2461.594                                                  2461.594
              4       1207.5402     0.088488253      0.30057021   9.0034325e-05     0.022242932       2.9949458       0.9653609     0.034156437       1.0006647      -24.280118       -24.280118       2463.6406                                                 2463.6406
              9       1207.1992       0.0337444       0.3012059   8.9639114e-05     0.022360154       2.9799704      0.96342565     0.028148645      0.99899756      -24.280118       -24.280118       2462.9587                                                 2462.9587
              1       1207.3928     0.026587932      0.30129142   8.9620429e-05     0.022355719       2.9794213      0.96320875     0.027803856      0.99898691      -24.280118       -24.280118       2463.3458                                                 2463.3458
              5       1207.3748     0.021902403      0.30081859   8.9503577e-05     0.022355226       2.9807595      0.96301465     0.028276518      0.99915007      -24.280118       -24.280118       2463.3098                                                 2463.3098
              7       1207.0051     0.026342099      0.30082309   8.9534384e-05     0.022349436       2.9815359      0.96340949     0.028756778      0.99908027      -24.280118       -24.280118       2462.5704                                                 2462.5704
              3        1205.661      0.28042445      0.29995049   9.0375632e-05      0.02247622       2.9903855      0.96542032     0.036529726      0.99769883      -24.280118       -24.280118       2459.8821                                                 2459.8821
              2       1203.9489      0.35420659      0.30370635   9.1385888e-05     0.022474431       2.9895757      0.96594949     0.035670816      0.99761811      -24.280118       -24.280118       2456.4581                                                 2456.4581
              2       1204.4433      0.34724795      0.30325731   9.1143107e-05     0.022544445       3.0009314      0.96481444     0.040293397       0.9984698      -24.280118       -24.280118       2457.4468                                                 2457.4468
              1       1204.4859      0.40455706      0.30395479   9.1471825e-05     0.022611481       3.0123558      0.96574278     0.046605204      0.99772182      -24.280118       -24.280118        2457.532                                                  2457.532
              1       1204.8642      0.41812888      0.30745669   9.2055877e-05     0.022668457         3.00281      0.96452549      0.03867286      0.99902189      -24.280118       -24.280118       2458.2887                                                 2458.2887
              1       1205.2188      0.34883584      0.30611948   9.1504336e-05     0.022648911       2.9980363      0.96431172     0.036978993      0.99780061      -24.280118       -24.280118       2458.9978                                                 2458.9978
              6       1204.0177       0.3405597      0.30385129   9.0971685e-05     0.022602548       3.0091536      0.96845378     0.041967964      0.99874626      -24.280118       -24.280118       2456.5956                                                 2456.5956
              6       1204.0096      0.34336084      0.30395962   9.1000202e-05      0.02261007       3.0092163      0.96854584     0.041979518      0.99873818      -24.280118       -24.280118       2456.5794                                                 2456.5794
              4       1204.0177      0.34373727      0.30398063   9.1005765e-05     0.022610196       3.0092866      0.96855551     0.042024984      0.99872809      -24.280118       -24.280118       2456.5956                                                 2456.5956
              1       1204.6255      0.48638188      0.30540547    9.191044e-05     0.022641399        3.021075      0.97001708     0.047698831      0.99967595      -24.280118       -24.280118       2457.8111                                                 2457.8111
              1       1205.7598       0.5120789       0.3066565   9.2403136e-05     0.022505816       3.0197369      0.97670689     0.046776092       1.0012397      -24.280118       -24.280118       2460.0798                                                 2460.0798
              4       1207.1703      0.44029037      0.30480372   9.1742018e-05     0.022496523        3.027783      0.97652742     0.048939543       1.0024334      -24.280118       -24.280118       2462.9008                                                 2462.9008
              1       1212.5589      0.37507475      0.30584569   9.1440652e-05     0.022703115       3.0128622      0.97852352     0.039424662       1.0026872      -24.280118       -24.280118       2473.6781                                                 2473.6781
              2       1212.2791      0.42070187      0.30823014   9.2043285e-05     0.022755775       3.0088687      0.97671355     0.039300643       1.0001059      -24.280118       -24.280118       2473.1185                                                 2473.1185
              8       1209.0864      0.43291207      0.30808917   9.2149834e-05     0.022765401       3.0080719      0.97713208     0.041391513      0.99911077      -24.280118       -24.280118        2466.733                                                  2466.733
              3       1208.6358      0.43773278      0.30965753   9.2558607e-05     0.022765822       2.9775079      0.97131425     0.025067041      0.99993994      -24.280118       -24.280118       2465.8319                                                 2465.8319
              1       1208.5401      0.43862677      0.31043924   9.2754862e-05     0.022732404       2.9759154      0.97105556     0.024197629      0.99986589      -24.280118       -24.280118       2465.6404                                                 2465.6404
              2       1206.9179      0.37806176      0.30578667   9.1659119e-05     0.022695556       2.9766818      0.97127544     0.024415927       1.0005325      -24.280118       -24.280118       2462.3961                                                 2462.3961
              1       1207.4701      0.38432035      0.30543034   9.1565813e-05      0.02272367       2.9773971      0.97178566     0.024861933       1.0001423      -24.280118       -24.280118       2463.5005                                                 2463.5005
              6       1204.3905      0.23827549      0.30205106   9.0347042e-05      0.02261465       3.0043619      0.97124325     0.041399608      0.99737496      -24.280118       -24.280118       2457.3412                                                 2457.3412
              3       1204.6355      0.29611161      0.30691118   9.1715555e-05     0.022506011        2.999313      0.96768567     0.037722336      0.99801877      -24.280118       -24.280118       2457.8312                                                 2457.8312
              2       1205.0611      0.32792411      0.30710299   9.1841592e-05     0.022563202       2.9924745      0.96757647     0.034585716      0.99778685      -24.280118       -24.280118       2458.6825                                                 2458.6825
              4       1204.0638      0.27077783      0.30698433   9.1615799e-05     0.022396941       2.9692731       0.9663457     0.020709101        1.000415      -24.280118       -24.280118       2456.6878                                                 2456.6878
              3       1203.9953      0.27502514      0.30701251    9.162273e-05      0.02240774       2.9696179      0.96656695     0.020932721       1.0003612      -24.280118       -24.280118       2456.5508                                                 2456.5508
              2       1203.8865      0.27115874       0.3066618   9.1534609e-05     0.022416879       2.9689608      0.96650808     0.021311405      0.99966485      -24.280118       -24.280118       2456.3333                                                 2456.3333
              3       1205.7199      0.21081967      0.30272305   9.0587674e-05     0.022321226       2.9638059      0.96551541     0.018885936       1.0003879      -24.280118       -24.280118            2460                                                      2460
              2       1205.6319      0.23193876      0.30283236    9.069636e-05     0.022333845       2.9667627      0.96506432     0.020273177       1.0005112      -24.280118       -24.280118       2459.8241                                                 2459.8241
              1       1205.7248      0.22777621      0.30265269   9.0637918e-05     0.022337394       2.9665109      0.96500318     0.020060864       1.0005585      -24.280118       -24.280118       2460.0099                                                 2460.0099
              1       1206.7468      0.22132546      0.30394537   9.0866641e-05     0.022324037       2.9672379       0.9639483     0.019119085       1.0019483      -24.280118       -24.280118       2462.0538                                                 2462.0538
              1       1207.3479      0.19651641      0.29938358   8.9668212e-05     0.022473372       2.9817865        0.966139     0.028639309       1.0007391      -24.280118       -24.280118       2463.2561                                                 2463.2561
              1        1207.158      0.23379101       0.3016246   9.0305707e-05     0.022443682       2.9811184      0.96616837     0.028336907        1.000924      -24.280118       -24.280118       2462.8762                                                 2462.8762
              1       1207.7595      0.30917243      0.30771811   9.1603663e-05     0.022655416       2.9752465      0.96894762     0.028773697       0.9963411      -24.280118       -24.280118       2464.0792                                                 2464.0792
              2       1207.4342      0.34234439      0.30774022    9.175267e-05     0.022678962       2.9757637      0.96983573     0.028920163      0.99669876      -24.280118       -24.280118       2463.4286                                                 2463.4286
              1       1206.3519      0.26895114      0.30903745   9.1892196e-05     0.022552557       2.9826681      0.96909404     0.029691482      0.99814787      -24.280118       -24.280118       2461.2641                                                 2461.2641
              2       1206.7356      0.38030047      0.31322675   9.3154445e-05     0.022502012       2.9741761      0.97084343     0.026266358      0.99666238      -24.280118       -24.280118       2462.0315                                                 2462.0315
              1       1206.4463      0.38957894      0.31303325   9.3152473e-05     0.022505901       2.9800247        0.971666     0.029470312      0.99660847      -24.280118       -24.280118       2461.4529                                                 2461.4529
              1       1207.8118      0.35466191      0.31291149   9.2952385e-05     0.022495276        2.982077      0.97215077     0.030390679      0.99630504      -24.280118       -24.280118       2464.1837                                                 2464.1837
              4       1207.7831      0.32128605      0.31189293   9.2630223e-05     0.022489481       2.9818865      0.97227958     0.029487269      0.99707497      -24.280118       -24.280118       2464.1263                                                 2464.1263
              6       1208.0956      0.32701262      0.30851081   9.2089992e-05     0.022487418       2.9875111      0.97597093     0.035489178      0.99523079      -24.280118       -24.280118       2464.7514                                                 2464.7514
              1        1208.524      0.43795773      0.30922872   9.2701993e-05     0.022476628       2.9937714      0.97914619     0.039997695      0.99645575      -24.280118       -24.280118       2465.6082                                                 2465.6082
              1       1208.6996      0.43873778      0.30945329   9.2769682e-05     0.022460813       2.9920296      0.97907448     0.039336181      0.99628305      -24.280118       -24.280118       2465.9594                                                 2465.9594
              1       1209.6075      0.57612374       0.3125515   9.3893473e-05     0.022472571       2.9955431      0.98007884     0.041212577      0.99597551      -24.280118       -24.280118       2467.7753                                                 2467.7753
              1       1209.9048       0.4790548      0.31283586   9.3541215e-05     0.022372964       2.9806289      0.97788431     0.028630774       0.9998808      -24.280118       -24.280118       2468.3698                                                 2468.3698
              2       1207.9061      0.39294146      0.30219749   9.1279321e-05     0.022325187       2.9912327      0.97692034     0.032511976       1.0026698      -24.280118       -24.280118       2464.3723                                                 2464.3723
              2       1206.6624      0.38229767      0.30327002   9.1376648e-05     0.022377234       2.9838359      0.97686403     0.029278558       1.0017643      -24.280118       -24.280118       2461.8851                                                 2461.8851
              3       1206.6525      0.37545522      0.30325272   9.1339893e-05     0.022374652       2.9837977      0.97670613     0.029096239       1.0018244      -24.280118       -24.280118       2461.8653                                                 2461.8653
              1        1207.473      0.35533376      0.30288275   9.1251856e-05     0.022368464       2.9808677      0.97613385     0.025207163       1.0041015      -24.280118       -24.280118       2463.5063                                                 2463.5063
              4       1207.5609      0.30412409      0.29894475   9.0161516e-05     0.022464735       2.9925086      0.97698934     0.030713886       1.0045462      -24.280118       -24.280118        2463.682                                                  2463.682
              2       1204.4438      0.30912128      0.30191519    9.067121e-05     0.022559807       3.0135588      0.97379799     0.043787231      0.99980357      -24.280118       -24.280118       2457.4479                                                 2457.4479
              6       1204.0162      0.28431032      0.29987662   9.0113964e-05     0.022578174       3.0141515      0.97352988     0.044928092       0.9992411      -24.280118       -24.280118       2456.5927                                                 2456.5927
              2       1203.2149       0.5138378      0.30444465   9.2018347e-05     0.022636032       3.0238701      0.97509659     0.050765916       1.0000666      -24.280118       -24.280118       2454.9899                                                 2454.9899
              2       1203.4748       0.4993878      0.31032809   9.3314261e-05     0.022534591       3.0081996      0.97258027     0.042007035       1.0003511      -24.280118       -24.280118       2455.5098                                                 2455.5098
              4       1203.7277      0.53328008      0.31161393   9.3676625e-05     0.022565529       3.0077133      0.97297466     0.043078977      0.99894395      -24.280118       -24.280118       2456.0155                                                 2456.0155
              1       1203.3789      0.56814122      0.31187334   9.3859071e-05     0.022556699        3.016147      0.97340161      0.04788039      0.99926421      -24.280118       -24.280118        2455.318                                                  2455.318
              3        1203.323      0.57370838      0.31128917    9.376813e-05      0.02256985       3.0163906      0.97355556     0.047521763      0.99990669      -24.280118       -24.280118       2455.2063                                                 2455.2063
              2       1202.5072      0.44132773      0.30532268   9.2171936e-05     0.022411144       3.0143844      0.97197291     0.046012595       1.0004243      -24.280118       -24.280118       2453.5746                                                 2453.5746
              1       1202.3828      0.55579471      0.30736061   9.2931222e-05     0.022517903       3.0165763      0.97277385     0.047758252      0.99985339      -24.280118       -24.280118       2453.3259                                                 2453.3259
              5       1203.1978      0.45638044      0.30172133   9.1256839e-05     0.022625569       3.0154422      0.97290023     0.046612734       1.0008111      -24.280118       -24.280118       2454.9559                                                 2454.9559
             17       1203.6679      0.48024928      0.30128321   9.1317117e-05     0.022631154       3.0126623      0.97351124     0.045616026       1.0008023      -24.280118       -24.280118        2455.896                                                  2455.896
             11       1204.0318      0.35862819      0.29914007   9.0441476e-05     0.022532176       3.0070978      0.97192051     0.040518006       1.0026508      -24.280118       -24.280118       2456.6239                                                 2456.6239
              3       1204.6471      0.31859581      0.29738844   8.9966386e-05     0.022522045       3.0071827      0.97181828     0.040385075       1.0028317      -24.280118       -24.280118       2457.8544                                                 2457.8544
              5       1204.8012      0.31764351      0.29713615   8.9909609e-05     0.022529177       3.0089889      0.97190442     0.041347645       1.0028962      -24.280118       -24.280118       2458.1626                                                 2458.1626
              3       1205.2447      0.41503253       0.3001985   9.0958816e-05     0.022566654       3.0307853      0.97539295     0.055014914       1.0006036      -24.280118       -24.280118       2459.0497                                                 2459.0497
              1       1205.2695      0.41781558      0.30012767    9.094966e-05     0.022572101       3.0312197       0.9753668      0.05521858       1.0006086      -24.280118       -24.280118       2459.0992                                                 2459.0992
              3       1205.0576       0.3459881      0.29842811   9.0072578e-05     0.022688094       3.0119812      0.97492569      0.04928241       0.9961308      -24.280118       -24.280118       2458.6754                                                 2458.6754
              1       1205.4544      0.36367911      0.29848146   9.0219102e-05     0.022656837       3.0104276      0.97391363     0.048773253       0.9967934      -24.280118       -24.280118       2459.4691                                                 2459.4691
              1       1205.5842      0.57728769      0.30614998   9.2772102e-05     0.022500694       3.0216115      0.97642299     0.053778949      0.99794278      -24.280118       -24.280118       2459.7286                                                 2459.7286
              3       1207.4835      0.64632487       0.3044453   9.2648653e-05     0.022636807       3.0312908      0.97882886     0.055212164       1.0017449      -24.280118       -24.280118       2463.5272                                                 2463.5272
              1        1205.455      0.70600166      0.31188611    9.462495e-05     0.022543424       3.0280728      0.97522285     0.052026133       1.0022783      -24.280118       -24.280118       2459.4701                                                 2459.4701
              2       1204.8254      0.64800536      0.31055105   9.4133099e-05     0.022465334       3.0260965      0.97257002     0.051518082       1.0017876      -24.280118       -24.280118        2458.211                                                  2458.211
              1        1205.213      0.49589824      0.30822706   9.3039835e-05     0.022443911       3.0292291      0.97205916      0.05353944       1.0009945      -24.280118       -24.280118       2458.9863                                                 2458.9863
              1       1205.6176      0.48072573      0.30698449   9.2730777e-05     0.022448899       3.0315821      0.97223726     0.054425445       1.0014258      -24.280118       -24.280118       2459.7954                                                 2459.7954
              1       1205.3809       0.4561343      0.30443104   9.2055551e-05     0.022405592        3.019477      0.97783361     0.051043678      0.99942501      -24.280118       -24.280118       2459.3219                                                 2459.3219
              8        1208.835      0.50563671      0.30353727   9.2200382e-05     0.022394305       3.0306713      0.97960472     0.059621366       0.9972029      -24.280118       -24.280118       2466.2303                                                 2466.2303
              4       1205.2721      0.26511469      0.30341671   9.0645475e-05     0.022580098       3.0160176      0.97446686     0.046241528      0.99868223      -24.280118       -24.280118       2459.1045                                                 2459.1045
              1       1204.4277      0.24423336       0.3037671    9.065472e-05      0.02252692       3.0115309      0.97240012     0.043496904      0.99885512      -24.280118       -24.280118       2457.4156                                                 2457.4156
              3       1203.2853      0.30352805      0.30202248   9.0551884e-05     0.022584054       3.0087514      0.97296415     0.042218126      0.99920197      -24.280118       -24.280118       2455.1308                                                 2455.1308
              8        1203.223       0.3245308      0.30258735   9.0864052e-05     0.022517041       3.0060245       0.9738961     0.043630437      0.99699048      -24.280118       -24.280118       2455.0062                                                 2455.0062
              1       1203.6086      0.37153847      0.30447218   9.1589827e-05     0.022404942       2.9964673      0.97488928     0.038022502      0.99820036      -24.280118       -24.280118       2455.7775                                                 2455.7775
              4       1202.9869      0.42239694      0.30499649   9.1980289e-05     0.022407849       2.9895641      0.97353496     0.036425068       0.9977356      -24.280118       -24.280118       2454.5341                                                 2454.5341
              2       1203.0227      0.43567747      0.30558089     9.21318e-05     0.022384222       2.9937902       0.9734237     0.037128105      0.99914993      -24.280118       -24.280118       2454.6056                                                 2454.6056
              1       1204.5008      0.36836404      0.30151335   9.1020579e-05     0.022395437       2.9920753       0.9693746     0.036589844      0.99909367      -24.280118       -24.280118       2457.5618                                                 2457.5618
              4       1203.5964      0.23371353      0.29924131    8.988212e-05     0.022483616       3.0072356      0.96693399     0.041295161        1.000084      -24.280118       -24.280118        2455.753                                                  2455.753
              2       1203.5828       0.2346915      0.29922969   8.9879053e-05     0.022487565       3.0073741      0.96699277     0.041374837       1.0000629      -24.280118       -24.280118       2455.7259                                                 2455.7259
              3       1204.4913      0.42599781      0.30622259   9.2007327e-05     0.022535091       3.0035945      0.96404098     0.039357251      0.99932762      -24.280118       -24.280118       2457.5428                                                 2457.5428
              3        1205.464      0.46708155      0.30552418   9.1966084e-05     0.022576227       2.9998376      0.96455579     0.037271748        1.000158      -24.280118       -24.280118       2459.4882                                                 2459.4882
              2       1207.4626      0.27452238      0.29839249   8.9443263e-05     0.022825958       3.0068857      0.96707023      0.04175906       0.9980192      -24.280118       -24.280118       2463.4854                                                 2463.4854
              6        1207.439      0.33377815      0.30509383   9.1077625e-05     0.022731548       2.9973281      0.96888882     0.037012721       0.9964699      -24.280118       -24.280118       2463.4383                                                 2463.4383
              6        1208.381       0.2814282      0.30409049   9.0597763e-05     0.022786033       3.0021955      0.96769399     0.037877112      0.99779527      -24.280118       -24.280118       2465.3222                                                 2465.3222
              2       1207.9159      0.24959345      0.30706505   9.1151573e-05     0.022667534       2.9930502      0.96515555     0.032779299      0.99789424      -24.280118       -24.280118        2464.392                                                  2464.392
              1       1207.9839      0.58021356      0.31329328   9.3827288e-05     0.022771574       2.9719268      0.96657245     0.022983308      0.99954759      -24.280118       -24.280118        2464.528                                                  2464.528
              1       1208.1163      0.59005676       0.3135684   9.3899431e-05     0.022779221       2.9701331      0.96724004     0.022211864      0.99935245      -24.280118       -24.280118       2464.7928                                                 2464.7928
              2       1207.8873      0.55701275      0.31352561   9.3816238e-05     0.022706117       2.9605048      0.96575685     0.017669437      0.99881961      -24.280118       -24.280118       2464.3349                                                 2464.3349
              1       1206.8515      0.45307247      0.30901853     9.25404e-05      0.02269087       2.9572548      0.96679642     0.016507683      0.99906275      -24.280118       -24.280118       2462.2633                                                 2462.2633
              2       1206.5609      0.43905211      0.30603871   9.1911012e-05     0.022687397       2.9625396      0.96718762     0.017079359       1.0010898      -24.280118       -24.280118        2461.682                                                  2461.682
              5       1206.7493      0.46184469      0.30412681    9.157251e-05     0.022735947        2.963353       0.9699551     0.018530724       1.0008259      -24.280118       -24.280118       2462.0589                                                 2462.0589
              4       1206.1843      0.47891518      0.30364677   9.1556718e-05      0.02274867       2.9743727      0.97073959     0.024082926       1.0009618      -24.280118       -24.280118       2460.9289                                                 2460.9289
              1       1206.4023      0.46169913       0.3043067   9.1534103e-05     0.022740864         2.96939      0.96968101     0.021319571       1.0008027      -24.280118       -24.280118       2461.3648                                                 2461.3648
              1       1206.4942      0.46359091      0.30434995    9.154973e-05     0.022742078       2.9691657      0.96961445     0.021172447       1.0008183      -24.280118       -24.280118       2461.5487                                                 2461.5487
              1       1208.0031      0.33802601       0.2989364   8.9990553e-05     0.022690906        2.972488      0.96850765     0.020435475       1.0031533      -24.280118       -24.280118       2464.5664                                                 2464.5664
              1       1208.7935      0.38388303      0.29989494   9.0406159e-05     0.022667615       2.9606652      0.97048717     0.014333137       1.0038482      -24.280118       -24.280118       2466.1472                                                 2466.1472
              3       1208.7877      0.36322292      0.29977378   9.0302811e-05     0.022664674       2.9581456      0.96988038     0.012935758       1.0039567      -24.280118       -24.280118       2466.1356                                                 2466.1356
              1       1206.0612      0.34571333      0.30237872   9.0986972e-05     0.022492112       2.9594572      0.97392708     0.017923909      0.99924993      -24.280118       -24.280118       2460.6825                                                 2460.6825
              2       1206.0632      0.33719752      0.30227991   9.0925685e-05     0.022498836       2.9585833      0.97392742     0.017482822      0.99921269      -24.280118       -24.280118       2460.6867                                                 2460.6867
              3       1205.8528      0.33274002      0.30099994   9.0696133e-05     0.022496969       2.9608129      0.97420611     0.019391413      0.99901779      -24.280118       -24.280118       2460.2657                                                 2460.2657
              1        1205.826      0.33034811      0.30085679   9.0661068e-05     0.022494927       2.9623899       0.9744831     0.019999059       0.9992495      -24.280118       -24.280118       2460.2122                                                 2460.2122
              3       1204.8343      0.35156171      0.30986771   9.2763558e-05      0.02233844       2.9785302      0.96905099     0.026794333      0.99984413      -24.280118       -24.280118       2458.2289                                                 2458.2289
              1       1204.8525       0.2844768      0.30858228   9.2174064e-05     0.022313986       2.9764826      0.96842998      0.02416497       1.0007906      -24.280118       -24.280118       2458.2652                                                 2458.2652
              7       1205.7002      0.37328329      0.31162943   9.3220785e-05     0.022238769       2.9694234      0.97011216      0.02155637       1.0006636      -24.280118       -24.280118       2459.9606                                                 2459.9606
              1       1205.2899      0.27839729      0.30281446   9.1083351e-05     0.022263606       2.9738354      0.97184623     0.025607489      0.99933189      -24.280118       -24.280118         2459.14                                                   2459.14
              6       1205.3298      0.28157171      0.30293261    9.112327e-05     0.022261336       2.9736042      0.97191381     0.025534453      0.99930128      -24.280118       -24.280118       2459.2198                                                 2459.2198
              9       1204.7172      0.35793379       0.3013563   9.0910077e-05     0.022578267       2.9940889      0.97217185     0.035216917      0.99949756      -24.280118       -24.280118       2457.9946                                                 2457.9946
              1       1204.3533      0.36257012      0.30034622   9.0932156e-05     0.022447101       3.0045319      0.97396504     0.043469566       0.9981431      -24.280118       -24.280118       2457.2668                                                 2457.2668
              6       1204.9809      0.44572673      0.30470999   9.2197504e-05     0.022421283       2.9998622      0.97508209     0.041971403      0.99725246      -24.280118       -24.280118       2458.5221                                                 2458.5221
              1       1204.4774      0.45346464      0.30420456   9.2114979e-05     0.022392527       3.0028248      0.97502526     0.043869915      0.99690377      -24.280118       -24.280118       2457.5151                                                 2457.5151
              4       1204.3239      0.55188932      0.30667356   9.2993081e-05     0.022437959       3.0067682      0.97505435     0.046273792      0.99670665      -24.280118       -24.280118        2457.208                                                  2457.208
              4       1204.0143      0.47129315      0.30419588   9.1908859e-05     0.022586835       3.0131648      0.97423498     0.049265607      0.99586461      -24.280118       -24.280118       2456.5888                                                 2456.5888
              1       1203.2757      0.64863931      0.31308669   9.4487178e-05     0.022561281       3.0104661      0.97425341     0.045747637      0.99842654      -24.280118       -24.280118       2455.1116                                                 2455.1116
              3       1203.7674      0.62510878      0.31051711   9.3912537e-05     0.022504442        3.010123      0.97694336     0.044867012       1.0000886      -24.280118       -24.280118        2456.095                                                  2456.095
              3       1203.8075      0.48057906       0.3064141   9.2317119e-05     0.022600358       2.9999754      0.97399422     0.039093476        1.000717      -24.280118       -24.280118       2456.1752                                                 2456.1752
              6       1204.1929      0.25019733      0.29691325   8.9276122e-05     0.022651838       3.0052079      0.97237566     0.040510678       1.0003696      -24.280118       -24.280118        2456.946                                                  2456.946
              2       1204.2926      0.23101322       0.2967117   8.9175281e-05     0.022630235       3.0057235      0.97189158     0.040636554       1.0005477      -24.280118       -24.280118       2457.1454                                                 2457.1454
              5       1203.7027      0.22542824      0.29886709    8.957928e-05     0.022632622       2.9951534      0.97061881     0.035161361      0.99976029      -24.280118       -24.280118       2455.9656                                                 2455.9656
             16       1203.0911      0.30000118      0.30144613   9.0415988e-05     0.022579052       2.9955086       0.9709071     0.035268816      0.99951893      -24.280118       -24.280118       2454.7424                                                 2454.7424
              1       1203.1381      0.32161051      0.30206932   9.0625748e-05     0.022581924       2.9944279      0.97111096     0.034620835      0.99958263      -24.280118       -24.280118       2454.8365                                                 2454.8365
              1       1203.8583      0.45519982      0.30923806   9.2508733e-05     0.022650048       3.0085951      0.97215063      0.04306695      0.99783607      -24.280118       -24.280118       2456.2769                                                 2456.2769
              4       1204.9773      0.51580563      0.31387338    9.377894e-05     0.022536591       3.0205347      0.97014834     0.045970005       1.0003925      -24.280118       -24.280118       2458.5149                                                 2458.5149
              2       1206.2383      0.30502615      0.31060061    9.231629e-05     0.022418121       2.9928461      0.96463108     0.029328939        1.002164      -24.280118       -24.280118       2461.0368                                                 2461.0368
             11        1206.518      0.28935254      0.30966709   9.2117412e-05     0.022397709       2.9936187      0.96608803      0.02893505       1.0029359      -24.280118       -24.280118       2461.5962                                                 2461.5962
             10       1205.7042       0.3126496      0.31278911   9.2989574e-05     0.022323613       2.9941866      0.96729301     0.032867135       0.9998422      -24.280118       -24.280118       2459.9687                                                 2459.9687
              5       1206.6584      0.36305615      0.31543113   9.3708092e-05     0.022329223       2.9869859      0.96710907     0.028607212       1.0002568      -24.280118       -24.280118        2461.877                                                  2461.877
              3       1206.9334      0.29879108      0.31320104   9.3046548e-05     0.022269496       2.9779995      0.96478916     0.024058087      0.99996363      -24.280118       -24.280118       2462.4271                                                 2462.4271
              2       1205.8845      0.27480491      0.31082683   9.2396596e-05     0.022357929       2.9873973      0.96254731     0.029242912       0.9997923      -24.280118       -24.280118       2460.3292                                                 2460.3292
              2       1205.0654      0.25958782      0.30729805   9.1488669e-05     0.022423441       2.9981298      0.96448871     0.034657676      0.99964351      -24.280118       -24.280118       2458.6911                                                 2458.6911
              2       1205.1032      0.25913571      0.30719242    9.144883e-05     0.022435363       2.9966889      0.96446688     0.033902447      0.99964203      -24.280118       -24.280118       2458.7666                                                 2458.7666
              1       1206.2058      0.33125977      0.30878344   9.2001569e-05     0.022420245       3.0161785      0.96732707     0.043821013      0.99977567      -24.280118       -24.280118       2460.9718                                                 2460.9718
              1       1206.2222      0.32903819      0.30870652   9.1975212e-05      0.02242061       3.0161423      0.96730034     0.043800485      0.99977554      -24.280118       -24.280118       2461.0046                                                 2461.0046
              5       1205.4387      0.38381785      0.31089302    9.271128e-05     0.022380614        3.016248      0.96752722     0.044723396       1.0000489      -24.280118       -24.280118       2459.4376                                                 2459.4376
              1       1205.1313       0.4054896      0.31209225   9.3101231e-05     0.022362502       3.0182146      0.96822964     0.046304577      0.99966415      -24.280118       -24.280118       2458.8229                                                 2458.8229
              3       1204.5295      0.41556865      0.31026016   9.2792644e-05     0.022368401       3.0157626      0.96931044     0.047134754      0.99820387      -24.280118       -24.280118       2457.6192                                                 2457.6192
              4       1204.8075      0.15006745      0.30086592   8.9948964e-05     0.022334809       2.9886868      0.96986285     0.030691461       1.0009172      -24.280118       -24.280118       2458.1753                                                 2458.1753
              8       1204.6058      0.19050217      0.30008124   8.9988417e-05     0.022338716       2.9870111      0.97033223     0.030094416       1.0011571      -24.280118       -24.280118       2457.7719                                                 2457.7719
              1       1204.6614      0.18750509        0.298776   8.9694603e-05     0.022364686       2.9888311      0.97067493     0.031136858       1.0010838      -24.280118       -24.280118       2457.8829                                                 2457.8829
              1       1203.5947      0.27731475      0.30135484   9.0475933e-05     0.022432549       2.9877649      0.97124032     0.030897924       1.0006869      -24.280118       -24.280118       2455.7496                                                 2455.7496
              1        1203.536      0.33304706      0.30234152   9.0981949e-05     0.022396997       2.9886997      0.97333382     0.034767025         0.99844      -24.280118       -24.280118       2455.6322                                                 2455.6322
              4       1204.2792      0.47406307      0.30812343   9.2860625e-05     0.022355578       3.0250037      0.97187319     0.053326009      0.99759101      -24.280118       -24.280118       2457.1185                                                 2457.1185
              1       1204.2574      0.41405275      0.30701815   9.2311814e-05     0.022388032       3.0252854      0.97080482     0.053882534      0.99678258      -24.280118       -24.280118        2457.075                                                  2457.075
              1       1204.2851      0.39232435      0.30720972   9.2296527e-05     0.022368742       3.0223426      0.96916837     0.052396589      0.99656462      -24.280118       -24.280118       2457.1305                                                 2457.1305
              2        1203.591      0.39571135      0.30447127   9.1713811e-05     0.022461268       3.0159346      0.96987493      0.04952683       0.9961918      -24.280118       -24.280118       2455.7423                                                 2455.7423
              4       1202.4541      0.39174986      0.30547822   9.1789533e-05     0.022511965       2.9995852      0.96896303      0.04171944      0.99609114      -24.280118       -24.280118       2453.4685                                                 2453.4685
              7       1203.2431      0.40602243      0.30589383   9.1866838e-05     0.022541674        3.000071       0.9688195     0.042934801      0.99490006      -24.280118       -24.280118       2455.0464                                                 2455.0464
              3       1203.2345       0.3952346       0.3066093   9.2022719e-05     0.022501732       2.9981248      0.96825808     0.041835629      0.99492598      -24.280118       -24.280118       2455.0292                                                 2455.0292
              1       1203.1058      0.41803901      0.30598412   9.1944706e-05     0.022565586       2.9938642      0.96905597      0.03930846      0.99537575      -24.280118       -24.280118       2454.7719                                                 2454.7719
              1       1203.0722      0.42264724      0.30610875   9.1988789e-05     0.022563483       2.9935647      0.96897111     0.039099561      0.99542905      -24.280118       -24.280118       2454.7047                                                 2454.7047
              4       1203.9181      0.34473697      0.30215861   9.0684252e-05     0.022656692       3.0010215      0.96808096     0.041525359      0.99626553      -24.280118       -24.280118       2456.3964                                                 2456.3964
              1       1203.7038      0.41221415      0.30100287   9.0804273e-05     0.022619189       3.0148957      0.97274612     0.049068737      0.99738643      -24.280118       -24.280118       2455.9678                                                 2455.9678
              6       1203.7193      0.37058072      0.29958901   9.0360763e-05     0.022607391       3.0132692      0.97237884     0.047930966       0.9976271      -24.280118       -24.280118       2455.9988                                                 2455.9988
              3       1203.6684      0.34825792      0.30146912   9.0533627e-05     0.022668113       3.0027136      0.97355879      0.04117849      0.99853019      -24.280118       -24.280118        2455.897                                                  2455.897
              4       1204.1084      0.45892982      0.30767442   9.2244218e-05     0.022633338       2.9885273      0.97283172     0.035719336      0.99663572      -24.280118       -24.280118       2456.7771                                                 2456.7771
              2       1204.4651      0.52444315      0.30981686   9.2981195e-05     0.022573492       2.9947643      0.97446578     0.037921138      0.99781102      -24.280118       -24.280118       2457.4904                                                 2457.4904
              7       1203.6667      0.54246947      0.31032895   9.3228037e-05     0.022552676       2.9959956      0.97424349     0.038366065      0.99802518      -24.280118       -24.280118       2455.8937                                                 2455.8937
              3          1203.9      0.56743268      0.31345701   9.4095147e-05     0.022487335        3.002181      0.97454907     0.042106751      0.99689779      -24.280118       -24.280118       2456.3602                                                 2456.3602
              6       1203.4776      0.48024583      0.31118292   9.3100082e-05      0.02255979       2.9959046      0.97252888     0.037507345       0.9975726      -24.280118       -24.280118       2455.5154                                                 2455.5154
              1       1203.3944      0.47943017      0.31113373   9.3089992e-05     0.022555352       2.9959297      0.97230074     0.037533988      0.99754496      -24.280118       -24.280118       2455.3491                                                 2455.3491
              1       1204.7945      0.55992785      0.31273558   9.3805415e-05     0.022554265       2.9916297      0.97267689     0.036520841      0.99606116      -24.280118       -24.280118       2458.1491                                                 2458.1491
              1       1204.0098       0.5211027      0.31135522   9.3398346e-05     0.022556944       2.9867763      0.97095159     0.034229441      0.99597955      -24.280118       -24.280118       2456.5799                                                 2456.5799
              2       1203.8869       0.5478783      0.31111577   9.3454492e-05     0.022560026       2.9876442      0.97102397     0.035162906      0.99586363      -24.280118       -24.280118        2456.334                                                  2456.334
              2       1204.3683      0.61250174      0.31076893   9.3771237e-05     0.022563195       2.9841903      0.97469054     0.034371815      0.99648098      -24.280118       -24.280118       2457.2968                                                 2457.2968
              8       1204.5801      0.62423188      0.31153072   9.3969575e-05     0.022558931       2.9819061      0.97444874     0.032989836      0.99665427      -24.280118       -24.280118       2457.7204                                                 2457.7204
              2        1204.783      0.61582017      0.31096407   9.3788618e-05     0.022593773       2.9830134      0.97454413     0.034109437      0.99596556      -24.280118       -24.280118       2458.1262                                                 2458.1262
              1       1206.5875      0.51487422      0.31167644   9.3622746e-05     0.022494629       2.9458218      0.96962316     0.013719758      0.99667392      -24.280118       -24.280118       2461.7353                                                 2461.7353
              7         1208.53      0.67500367      0.31587225   9.5186141e-05     0.022566016       2.9531427       0.9710627     0.015824548      0.99835034      -24.280118       -24.280118       2465.6202                                                 2465.6202
              3       1208.3708      0.66672397      0.31487546   9.4897422e-05      0.02258138       2.9557012      0.96961594     0.016927044      0.99810625      -24.280118       -24.280118       2465.3018                                                 2465.3018
              1       1208.2579      0.75439232      0.31925844   9.6120211e-05     0.022592009       2.9649574      0.96891984     0.021868979      0.99807735      -24.280118       -24.280118       2465.0761                                                 2465.0761
              3       1208.1554      0.75188499      0.31897522   9.6044855e-05     0.022599525       2.9653226      0.96892636     0.021911059      0.99824852      -24.280118       -24.280118       2464.8711                                                 2464.8711
              1       1204.3699      0.48916727      0.31078526   9.3470755e-05     0.022433337       2.9802956      0.96836361     0.031824804      0.99705402      -24.280118       -24.280118          2457.3                                                    2457.3
              7       1204.1609      0.47903817      0.31221726    9.370623e-05     0.022401688       2.9801323      0.96833739     0.030936652      0.99742317      -24.280118       -24.280118       2456.8819                                                 2456.8819
              2       1204.2291       0.3588047      0.30769522   9.2060243e-05     0.022536258       2.9818496      0.96480225       0.0289696      0.99897132      -24.280118       -24.280118       2457.0185                                                 2457.0185
              2       1203.8016      0.29126661      0.30581626   9.1513599e-05     0.022457101       2.9787577      0.96574618     0.028583914      0.99793133      -24.280118       -24.280118       2456.1633                                                 2456.1633
              1       1204.5984       0.3239361      0.30729162   9.2005149e-05     0.022408529       2.9703697      0.96482859     0.023351998      0.99862365      -24.280118       -24.280118       2457.7571                                                 2457.7571
              2       1204.5255      0.33042633      0.30744207   9.2061643e-05     0.022407802       2.9704535      0.96497586     0.023475986      0.99858685      -24.280118       -24.280118       2457.6113                                                 2457.6113
              5       1204.4071      0.30230942      0.30664647   9.1748706e-05     0.022407373       2.9697833      0.96473673      0.02273938      0.99874202      -24.280118       -24.280118       2457.3744                                                 2457.3744
              4       1204.1295      0.30356331       0.3074446   9.1945935e-05     0.022380488       2.9688247      0.96591507     0.022005953       0.9992667      -24.280118       -24.280118       2456.8193                                                 2456.8193
              4       1203.9355      0.30704024      0.30715531   9.1886852e-05     0.022394404        2.969148      0.96613691     0.022191082      0.99930817      -24.280118       -24.280118       2456.4313                                                 2456.4313
              9       1203.9545      0.33877419      0.30376852   9.1157475e-05     0.022562394       2.9657113       0.9697121     0.020873911      0.99949127      -24.280118       -24.280118       2456.4692                                                 2456.4692
              4       1204.5291      0.23605818      0.29862631   8.9544583e-05     0.022634993       2.9837199       0.9697199     0.030355059      0.99909436      -24.280118       -24.280118       2457.6185                                                 2457.6185
              1       1204.4256      0.23888182      0.29878396   8.9592208e-05     0.022629892       2.9846179      0.96960637     0.030748363       0.9992137      -24.280118       -24.280118       2457.4113                                                 2457.4113
              5       1205.7973      0.21731709      0.29558848   8.8841072e-05     0.022679395       2.9935359      0.97105923     0.032931621       1.0017173      -24.280118       -24.280118       2460.1548                                                 2460.1548
              2       1204.6844      0.38714804       0.3016536   9.1039622e-05     0.022519641       3.0102682      0.97856503     0.043777717       1.0008126      -24.280118       -24.280118        2457.929                                                  2457.929
              1       1204.6898      0.38805055      0.30160421   9.1033908e-05     0.022521467       3.0103776      0.97856994     0.043830582       1.0008252      -24.280118       -24.280118       2457.9399                                                 2457.9399
              3       1204.4029      0.39578409      0.30222817   9.1202203e-05     0.022510414       3.0124829      0.97825939     0.044836794       1.0007308      -24.280118       -24.280118       2457.3659                                                 2457.3659
              1       1204.4454      0.27318157      0.30212579   9.0807266e-05     0.022448108       2.9960421       0.9717977     0.039928882      0.99771191      -24.280118       -24.280118        2457.451                                                  2457.451
              5       1204.4485      0.27258049      0.30209522   9.0797489e-05     0.022448651       2.9961405      0.97178716     0.039969602      0.99771996      -24.280118       -24.280118       2457.4572                                                 2457.4572
              2       1206.0924      0.36698448       0.3014115   9.1034177e-05     0.022542572       2.9993585      0.97376113     0.043476211      0.99696953      -24.280118       -24.280118       2460.7451                                                 2460.7451
              2       1204.7617      0.42016034      0.30216326   9.1360283e-05     0.022562159       3.0042198      0.97357303     0.044790789      0.99804037      -24.280118       -24.280118       2458.0837                                                 2458.0837
              1       1204.7587      0.42033113      0.30217571   9.1362226e-05     0.022562774       3.0041898      0.97356922     0.044782663       0.9980277      -24.280118       -24.280118       2458.0776                                                 2458.0776
             11       1206.2818      0.31759031      0.29729907    8.987598e-05     0.022665699       3.0177805      0.97252027     0.050374605      0.99865206      -24.280118       -24.280118       2461.1238                                                 2461.1238
              4       1206.2799      0.35702072      0.29797378   9.0196893e-05     0.022672608       3.0113097      0.97340151     0.047820983      0.99819774      -24.280118       -24.280118         2461.12                                                   2461.12
              2       1206.3056      0.36672068      0.29701792   8.9937786e-05     0.022732841       3.0101535      0.97367262     0.046944981      0.99842058      -24.280118       -24.280118       2461.1714                                                 2461.1714
              2       1205.9712      0.28863191      0.30051521    9.024345e-05     0.022717272       2.9991283      0.96795137     0.040263131      0.99745304      -24.280118       -24.280118       2460.5027                                                 2460.5027
              2       1206.2968      0.24371879        0.298248   8.9611375e-05     0.022646651       3.0013781      0.96507739     0.040256447      0.99874162      -24.280118       -24.280118       2461.1538                                                 2461.1538
              2        1205.815      0.23530544      0.29840616   8.9637422e-05     0.022618481       2.9993173      0.96503732     0.038980978      0.99887907      -24.280118       -24.280118       2460.1902                                                 2460.1902
              4       1204.4577      0.31850238      0.30268858   9.0829138e-05     0.022569883       2.9988847        0.966248     0.041132072      0.99663857      -24.280118       -24.280118       2457.4757                                                 2457.4757
             10        1204.265      0.30680442      0.30312672   9.0952976e-05     0.022521148       2.9923509      0.96563687     0.037057177      0.99744257      -24.280118       -24.280118       2457.0902                                                 2457.0902
              1       1205.3502       0.2915617       0.3037325   9.1166333e-05     0.022411925       2.9846489      0.96536081     0.034878957      0.99615583      -24.280118       -24.280118       2459.2607                                                 2459.2607
              3       1204.6904      0.19303914      0.30309766   9.0736252e-05     0.022291075       2.9902064       0.9649248     0.034883604      0.99797401      -24.280118       -24.280118       2457.9411                                                 2457.9411
              1       1205.2552      0.22873337      0.30355476   9.0792859e-05     0.022337692       2.9756767      0.96478809     0.024593271       1.0003606      -24.280118       -24.280118       2459.0707                                                 2459.0707
              1       1205.4867      0.17135349      0.30045017   8.9721647e-05     0.022462701       2.9912688      0.96626631     0.031870943       1.0003244      -24.280118       -24.280118       2459.5336                                                 2459.5336
              4        1205.937      0.15263752      0.29813092   8.9188166e-05       0.0224758       2.9873742      0.96746975     0.030744689      0.99941696      -24.280118       -24.280118       2460.4343                                                 2460.4343
              1       1205.6752      0.18396419       0.2994465   8.9578608e-05     0.022451634       2.9881468      0.96821248     0.032128058      0.99860231      -24.280118       -24.280118       2459.9106                                                 2459.9106
              2       1205.4905      0.18716497      0.29960109     8.96302e-05     0.022447803       2.9886733      0.96845517      0.03230937      0.99870949      -24.280118       -24.280118       2459.5412                                                 2459.5412
              1       1205.8547       0.1739112      0.30054192    8.982383e-05      0.02241994       2.9900377      0.96816146     0.032689905        0.998011      -24.280118       -24.280118       2460.2696                                                 2460.2696
              1       1206.5684      0.25666251      0.30452357   9.1181494e-05     0.022284408       2.9792658      0.96364621     0.027721585       0.9979855      -24.280118       -24.280118       2461.6969                                                 2461.6969
              2       1207.0969      0.25448494      0.30506317   9.1308226e-05     0.022327295        2.993152      0.96381029     0.040492731      0.99306418      -24.280118       -24.280118        2462.754                                                  2462.754
              1       1207.4335      0.19699308      0.30396079   9.0876211e-05     0.022309194       2.9925003      0.96287624     0.039473347      0.99363665      -24.280118       -24.280118       2463.4272                                                 2463.4272
              2       1207.4753      0.25322646      0.30907879   9.2155117e-05     0.022256999       2.9974329      0.96308523     0.041115728      0.99425326      -24.280118       -24.280118       2463.5108                                                 2463.5108
              8       1208.7321      0.23548653      0.30931722   9.2176936e-05     0.022195666        2.994153      0.96337195     0.040440291       0.9935923      -24.280118       -24.280118       2466.0245                                                 2466.0245
              2       1208.3487      0.25688567      0.31015411   9.2461087e-05     0.022183149       2.9921112      0.96364756     0.039055569      0.99420322      -24.280118       -24.280118       2465.2577                                                 2465.2577
              5        1207.546      0.31662111      0.31214391   9.3020228e-05     0.022210003       2.9921657       0.9659175     0.039232169       0.9938129      -24.280118       -24.280118       2463.6523                                                 2463.6523
              1       1207.9157      0.24629864      0.30995929   9.2327268e-05      0.02214034       2.9916766      0.96447942     0.036067797      0.99595488      -24.280118       -24.280118       2464.3916                                                 2464.3916
              4       1207.9152      0.37553599      0.31404859   9.3463406e-05     0.022287741       3.0225442       0.9694369     0.050743235      0.99714026      -24.280118       -24.280118       2464.3906                                                 2464.3906
              1       1205.3146      0.58494409       0.3134235   9.4227147e-05     0.022398533       3.0228329      0.97406428     0.051976089      0.99802665      -24.280118       -24.280118       2459.1893                                                 2459.1893
              1       1205.7331      0.60071002        0.312412   9.3977283e-05     0.022484326       3.0244227      0.97086024     0.052975921      0.99827125      -24.280118       -24.280118       2460.0264                                                 2460.0264
              2       1205.2989      0.58364339      0.31192547   9.3808065e-05     0.022481759       3.0233531      0.97073505     0.051835609       0.9988681      -24.280118       -24.280118       2459.1581                                                 2459.1581
              1       1206.2098      0.60500242       0.3125631   9.3995107e-05      0.02248082        3.018404      0.97093969     0.050323775       0.9979718      -24.280118       -24.280118       2460.9799                                                 2460.9799
              2       1206.1853      0.60653206      0.31267713   9.4024707e-05     0.022479437       3.0181276      0.97092593     0.050121508      0.99801192      -24.280118       -24.280118       2460.9309                                                 2460.9309
              2       1206.4825       0.4225414      0.30258509   9.0922498e-05     0.022715785         3.00698      0.97016017     0.043389285      0.99654365      -24.280118       -24.280118       2461.5252                                                 2461.5252
              4       1206.5844      0.41383331      0.30231033   9.0810599e-05     0.022721764       3.0079893      0.97074765     0.043742925      0.99671144      -24.280118       -24.280118        2461.729                                                  2461.729
              2       1205.7682      0.37313889      0.30245113   9.0796466e-05     0.022630129       3.0009967      0.97202673     0.040948498      0.99597015      -24.280118       -24.280118       2460.0966                                                 2460.0966
              1       1205.3415      0.31924321      0.30531558   9.1164626e-05     0.022571011       2.9840512      0.96805475     0.031913869      0.99586178      -24.280118       -24.280118       2459.2432                                                 2459.2432
              2       1204.7025      0.27696554      0.30178341    9.040273e-05     0.022521399       2.9819623      0.96719179     0.030960539      0.99673507      -24.280118       -24.280118       2457.9653                                                 2457.9653
              1       1204.2049      0.38142236      0.30389415   9.1210067e-05     0.022593894       2.9766172      0.97134796     0.025723322       1.0004763      -24.280118       -24.280118         2456.97                                                   2456.97
              3       1203.4854      0.44121636       0.3059374   9.1937085e-05     0.022597093       2.9783791      0.97117642     0.026503788       1.0006309      -24.280118       -24.280118        2455.531                                                  2455.531
              1       1203.8817      0.40103678      0.30530336   9.1546853e-05     0.022646164       2.9783026      0.97154474     0.027450815      0.99937336      -24.280118       -24.280118       2456.3235                                                 2456.3235
              2       1204.0818      0.44489891      0.30670158   9.2072261e-05     0.022587129       2.9776146      0.97386874     0.028620126      0.99827172      -24.280118       -24.280118       2456.7239                                                 2456.7239
              6          1204.6      0.36731979       0.2994715   9.0330036e-05     0.022641661       2.9869105      0.97570984     0.033989617      0.99825742      -24.280118       -24.280118       2457.7603                                                 2457.7603
              2       1204.8479      0.35488186      0.29979215   9.0310885e-05     0.022649166       2.9854532       0.9757982     0.033044192       0.9984738      -24.280118       -24.280118       2458.2561                                                 2458.2561
              1       1207.6848      0.32466944      0.29751825   8.9901127e-05     0.022661773       2.9712293      0.97371935     0.027908914      0.99781856      -24.280118       -24.280118       2463.9298                                                 2463.9298
              5       1209.3585       0.3698418      0.29864744   9.0570705e-05     0.022537653       2.9805321      0.97805719     0.031861827      0.99985146      -24.280118       -24.280118       2467.2772                                                 2467.2772
              2       1209.4547      0.46696767       0.3020578   9.1547816e-05     0.022577237        2.985944      0.98124084     0.032462958       1.0015223      -24.280118       -24.280118       2467.4695                                                 2467.4695
              3       1209.4463      0.46414592      0.30194815    9.150949e-05     0.022577838       2.9857211      0.98119686     0.032321076       1.0015473      -24.280118       -24.280118       2467.4527                                                 2467.4527
              1       1209.3103       0.2659286      0.29148594    8.842352e-05     0.022641015       3.0008626      0.97910798     0.039092602       1.0020884      -24.280118       -24.280118       2467.1809                                                 2467.1809
              5        1209.901      0.25818493      0.29187624   8.8566259e-05     0.022548665       2.9857298      0.97488382     0.028702778       1.0041328      -24.280118       -24.280118       2468.3622                                                 2468.3622
              1       1209.9754      0.20309138      0.29194219   8.8277796e-05      0.02255601       2.9792199      0.97400134      0.02460054       1.0042918      -24.280118       -24.280118       2468.5109                                                 2468.5109
              5       1210.2034      0.18604424      0.29237266   8.8350282e-05     0.022501798       2.9769816      0.97267058     0.024104128       1.0041766      -24.280118       -24.280118       2468.9671                                                 2468.9671
              1       1211.4791      0.20078858      0.29243785     8.82095e-05     0.022656751       2.9719847      0.97094741     0.020901778        1.004353      -24.280118       -24.280118       2471.5184                                                 2471.5184
              1        1210.435    0.0064232974      0.29583337   8.8005203e-05     0.022588089       2.9769316      0.96938704     0.022564692       1.0026016      -24.280118       -24.280118       2469.4302                                                 2469.4302
              4        1210.468      0.06219929      0.29998512   8.9210377e-05     0.022495292       2.9894419      0.96746979     0.027426305       1.0048399      -24.280118       -24.280118       2469.4962                                                 2469.4962
              2       1209.1377     0.070585694      0.29545592   8.8358774e-05     0.022528318       3.0010031       0.9700918     0.034344673        1.004498      -24.280118       -24.280118       2466.8356                                                 2466.8356
              1       1207.7409      0.11605831      0.29659146   8.8732031e-05     0.022570444        3.003673      0.97009996      0.03668518       1.0035752      -24.280118       -24.280118       2464.0421                                                 2464.0421
              3       1207.7683      0.11578004      0.29655777   8.8723907e-05     0.022570335       3.0037405      0.97007948     0.036709607       1.0035991      -24.280118       -24.280118       2464.0968                                                 2464.0968
              5        1206.614      0.15933952      0.29623892   8.8756763e-05     0.022651172       3.0031891      0.96989166     0.037154422       1.0026187      -24.280118       -24.280118       2461.7882                                                 2461.7882
              1       1211.5088     0.027655953      0.29062202   8.7065222e-05     0.022661204       3.0193758      0.96945109     0.043266678       1.0040094      -24.280118       -24.280118       2471.5778                                                 2471.5778
              6       1210.6376     0.021070621      0.29453305   8.7734609e-05     0.022698087       3.0154342       0.9698024     0.040223288        1.003406      -24.280118       -24.280118       2469.8355                                                 2469.8355
              2        1211.496     0.047946341      0.29402313    8.764043e-05     0.022761411       3.0162174      0.97049382     0.040971982       1.0029443      -24.280118       -24.280118       2471.5522                                                 2471.5522
              2       1210.9796     0.082365172      0.29666006   8.8293271e-05     0.022787618       3.0190069      0.97051114     0.042938119       1.0017703      -24.280118       -24.280118       2470.5195                                                 2470.5195
              2       1209.2256       0.2951282      0.30506211   9.0968704e-05     0.022768891       3.0240404      0.97016421     0.046722359       1.0026203      -24.280118       -24.280118       2467.0115                                                 2467.0115
              1        1207.734      0.51087955      0.30646229   9.2042774e-05     0.022897933       3.0192307      0.97263845      0.04506952       1.0025817      -24.280118       -24.280118       2464.0282                                                 2464.0282
              6       1205.4878      0.48215331      0.31094367     9.30517e-05     0.022572796       3.0055988      0.96477891     0.036734328       1.0029002      -24.280118       -24.280118       2459.5359                                                 2459.5359
              2       1206.0392      0.51462147      0.31483507   9.3925706e-05     0.022596492        3.001411      0.96514727     0.034348823       1.0020223      -24.280118       -24.280118       2460.6386                                                 2460.6386
              2       1207.0082      0.51667374      0.31544786   9.4016171e-05     0.022568214       2.9921139      0.96473965     0.029302888       1.0020042      -24.280118       -24.280118       2462.5765                                                 2462.5765
              4       1205.8493      0.50268375      0.31441675   9.3955542e-05     0.022465521       2.9884194      0.96623793     0.027359162       1.0025658      -24.280118       -24.280118       2460.2589                                                 2460.2589
              6       1206.0205      0.52645451      0.31651372    9.452639e-05     0.022427955       2.9868295      0.96487146     0.027931745       1.0011078      -24.280118       -24.280118       2460.6012                                                 2460.6012
              4       1203.5355      0.33748371      0.30793893   9.1956313e-05     0.022504575       2.9984434      0.96919446     0.040195194      0.99675763      -24.280118       -24.280118       2455.6312                                                 2455.6312
              4       1203.0634      0.38067299      0.30537295   9.1693058e-05     0.022445841       2.9885259      0.97072681     0.036106176      0.99642941      -24.280118       -24.280118       2454.6871                                                 2454.6871
              1       1204.6559      0.38439059      0.30696828   9.1900537e-05      0.02249161       2.9813894      0.97171334     0.032860573      0.99513645      -24.280118       -24.280118        2457.872                                                  2457.872
              3       1204.6257      0.39036347      0.30702886   9.1933834e-05     0.022495583       2.9815712      0.97189569      0.03293521      0.99520002      -24.280118       -24.280118       2457.8116                                                 2457.8116
              3       1204.4274      0.39361597      0.30653486   9.1858344e-05     0.022496548       2.9821055      0.97169472     0.033313905       0.9952799      -24.280118       -24.280118        2457.415                                                  2457.415
              3       1204.3422      0.37880767      0.30519413   9.1494661e-05     0.022533873       2.9843729      0.97197514     0.034362549      0.99527854      -24.280118       -24.280118       2457.2446                                                 2457.2446
              1       1204.8728      0.39177874      0.30558906   9.1585834e-05     0.022549703       2.9829236      0.97202018     0.033517482      0.99522998      -24.280118       -24.280118       2458.3058                                                 2458.3058
              1        1204.799      0.42273203      0.30580027   9.1763186e-05     0.022550629       2.9868764      0.97302855     0.035634729      0.99548263      -24.280118       -24.280118       2458.1582                                                 2458.1582
              2       1205.4704      0.43638311      0.30522152   9.1694365e-05      0.02257614       2.9873642      0.97358794     0.036931896      0.99455668      -24.280118       -24.280118       2459.5011                                                 2459.5011
              8       1205.4623      0.45269566      0.30427576   9.1557421e-05     0.022613953       2.9841643      0.97282287     0.035285717      0.99500394      -24.280118       -24.280118       2459.4848                                                 2459.4848
              1        1206.293      0.44616358      0.30489186   9.1588886e-05      0.02263216       2.9845298      0.97297499     0.035591457      0.99438477      -24.280118       -24.280118       2461.1462                                                 2461.1462
              2       1206.1879      0.43937891      0.30507805   9.1613067e-05     0.022623575       2.9824525      0.97257926     0.034457982      0.99430177      -24.280118       -24.280118       2460.9361                                                 2460.9361
              3       1205.6728      0.33732469      0.30227412    9.057244e-05     0.022660261       2.9891715      0.96864294     0.035861161      0.99654755      -24.280118       -24.280118       2459.9057                                                 2459.9057
              6        1204.113      0.33971428      0.30196354    9.075415e-05     0.022581122       2.9955209      0.96712527     0.039813206      0.99619708      -24.280118       -24.280118       2456.7863                                                 2456.7863
              4       1204.9167      0.51958506      0.30774954   9.2778827e-05     0.022551315       2.9901369      0.97092898     0.039888472      0.99492253      -24.280118       -24.280118       2458.3936                                                 2458.3936
              7         1204.98      0.51340043      0.30888604   9.2994403e-05     0.022529268       2.9887195      0.97034509     0.039398704      0.99433692      -24.280118       -24.280118       2458.5202                                                 2458.5202
              2       1204.6002      0.60763993       0.3103309   9.3860505e-05     0.022401072        2.997719      0.96968502     0.041499469      0.99643331      -24.280118       -24.280118       2457.7607                                                 2457.7607
              8       1203.2598      0.58348895       0.3088973   9.3430922e-05     0.022449483       3.0085813      0.97050591     0.045761934       0.9975009      -24.280118       -24.280118       2455.0798                                                 2455.0798
              4       1203.4811      0.63159988       0.3114258   9.4099776e-05     0.022480693       3.0066253      0.97164964     0.045694631      0.99647263      -24.280118       -24.280118       2455.5224                                                 2455.5224
             15       1203.4121      0.60494143      0.30936244    9.360697e-05     0.022470256       3.0100228      0.97201477      0.04742796      0.99672633      -24.280118       -24.280118       2455.3844                                                 2455.3844
              2        1205.045      0.64324195      0.30862695   9.3558082e-05     0.022481707       3.0111155      0.97295736     0.048078679      0.99720887      -24.280118       -24.280118       2458.6503                                                 2458.6503
              8       1205.0186       0.6432726      0.30868093   9.3564661e-05     0.022483253       3.0117067      0.97290242     0.048316752      0.99723723      -24.280118       -24.280118       2458.5975                                                 2458.5975
              1       1205.2594      0.62397894      0.30849128   9.3529477e-05     0.022469777        3.019564      0.97311809     0.053459867      0.99683247      -24.280118       -24.280118       2459.0791                                                 2459.0791
              2       1204.7132      0.58586308       0.3074654   9.3216281e-05      0.02244158         3.02213      0.97197413     0.053501648      0.99785661      -24.280118       -24.280118       2457.9867                                                 2457.9867
              2       1203.8098      0.51462221      0.30841155   9.3078689e-05     0.022387442       3.0223605      0.97134134     0.052407773      0.99835031      -24.280118       -24.280118       2456.1797                                                 2456.1797
              3       1203.6589      0.51070046       0.3090223   9.3259644e-05     0.022356141       3.0137887      0.97109362      0.04937413       0.9969923      -24.280118       -24.280118        2455.878                                                  2455.878
              4       1202.7774      0.47886591       0.3094695   9.3198701e-05     0.022366797       3.0119105      0.97124807     0.046321264      0.99831053      -24.280118       -24.280118       2454.1151                                                 2454.1151
              6       1204.0326       0.5053208      0.30980724   9.3337471e-05     0.022411387       3.0223279      0.97309309     0.052601751      0.99716615      -24.280118       -24.280118       2456.6254                                                 2456.6254
             13       1201.9928      0.43773563      0.30710652   9.2433638e-05     0.022404901       3.0079826      0.97110196     0.043165601      0.99900078      -24.280118       -24.280118       2452.5459                                                 2452.5459
              1       1202.0673      0.44164615      0.30725981    9.253144e-05      0.02240366       3.0088901      0.97187789     0.043563618      0.99950766      -24.280118       -24.280118       2452.6948                                                 2452.6948
              2       1202.1126      0.44971803      0.30710689   9.2533953e-05     0.022419683       3.0108305      0.97186803      0.04445242      0.99954553      -24.280118       -24.280118       2452.7855                                                 2452.7855
              2       1202.0948       0.4509093      0.30712319   9.2541972e-05     0.022420148       3.0110013      0.97176114     0.044541751      0.99956825      -24.280118       -24.280118       2452.7499                                                 2452.7499
              1       1202.1407      0.45036601      0.30682324   9.2487168e-05     0.022417049       3.0114573      0.97190646     0.044820048      0.99960933      -24.280118       -24.280118       2452.8417                                                 2452.8417
             11       1203.3181      0.60919497      0.31016784   9.3730675e-05     0.022512542       3.0223155      0.97411962     0.048868943       1.0010878      -24.280118       -24.280118       2455.1965                                                 2455.1965
              1       1203.1406      0.48833725      0.30419843   9.1845992e-05     0.022563446        3.009662      0.96982073     0.043859075      0.99924523      -24.280118       -24.280118       2454.8415                                                 2454.8415
              2       1203.4768      0.45071278      0.30260709   9.1415398e-05     0.022551067       3.0128001      0.96883325     0.044716906       1.0000446      -24.280118       -24.280118       2455.5138                                                 2455.5138
              7       1204.8691      0.22914877      0.30252684   9.0724958e-05     0.022283563       2.9867243      0.96581979     0.031755489      0.99965218      -24.280118       -24.280118       2458.2983                                                 2458.2983
              4        1204.758      0.24023944      0.30240188   9.0717258e-05     0.022300233       2.9837372      0.96620754      0.03010561       0.9997887      -24.280118       -24.280118       2458.0762                                                 2458.0762
              1       1204.7094      0.27697728      0.30333287   9.1164496e-05     0.022256531       2.9843733      0.96742483     0.030560447       1.0001283      -24.280118       -24.280118        2457.979                                                  2457.979
              1       1204.7488      0.26942123      0.30332441   9.1134751e-05     0.022253124       2.9835285      0.96741969     0.030231011       1.0000402      -24.280118       -24.280118       2458.0578                                                 2458.0578
             12       1204.3446      0.45285223      0.31285689   9.3618548e-05     0.022361621       2.9699562      0.96860713     0.021422251       1.0005512      -24.280118       -24.280118       2457.2494                                                 2457.2494
              1       1204.6878      0.34095047      0.30763214   9.1912595e-05     0.022529059       2.9660578       0.9701585     0.018240034       1.0016172      -24.280118       -24.280118       2457.9358                                                 2457.9358
              4       1207.2694      0.24571656      0.30461429   9.0842169e-05     0.022478072        2.953541      0.96706746      0.01592832      0.99600098      -24.280118       -24.280118       2463.0991                                                 2463.0991
              1       1206.2489      0.19833023      0.30046049   8.9988468e-05      0.02245634       2.9704559      0.96962213     0.026507803      0.99498646      -24.280118       -24.280118       2461.0581                                                 2461.0581
              2       1206.9664      0.10912303       0.2972595   8.8943531e-05     0.022434597       2.9777463      0.96912775     0.028646767      0.99630553      -24.280118       -24.280118        2462.493                                                  2462.493
              9       1208.6685      0.12250571      0.29655199   8.8722206e-05     0.022504942       2.9789694      0.97259767      0.03143698      0.99479999      -24.280118       -24.280118       2465.8972                                                 2465.8972
              1       1208.4766      0.12486909        0.296908   8.8785151e-05     0.022501673       2.9764268      0.97183727     0.029770212      0.99521609      -24.280118       -24.280118       2465.5134                                                 2465.5134
              4       1210.0938       0.1301567       0.2928797    8.801081e-05     0.022526756       2.9794125      0.97183818     0.030784618      0.99611886      -24.280118       -24.280118       2468.7478                                                 2468.7478
              2       1208.6633      0.32674466      0.29581476   8.9533143e-05      0.02254892       2.9721954      0.97652892     0.029981886      0.99560448      -24.280118       -24.280118       2465.8869                                                 2465.8869
             10       1206.5561      0.65876179      0.31029472   9.4079848e-05      0.02251012       2.9829061      0.97012791     0.035055353      0.99532387      -24.280118       -24.280118       2461.6724                                                 2461.6724
              8       1206.4603      0.67734018      0.31054159   9.4196712e-05     0.022513679       2.9887866      0.97047038     0.038667432      0.99493524      -24.280118       -24.280118       2461.4809                                                 2461.4809
              3        1205.963      0.65593079      0.31413484   9.4920223e-05     0.022423952       2.9842817      0.96740066     0.034193175      0.99670817      -24.280118       -24.280118       2460.4862                                                 2460.4862
              2       1205.9021      0.65129934      0.31415273   9.4863983e-05     0.022439033       2.9826049      0.96726357     0.033458999      0.99657479      -24.280118       -24.280118       2460.3645                                                 2460.3645
              7       1209.0956      0.80390428      0.31878528   9.6491357e-05     0.022454037       2.9739194      0.97098983     0.030685873      0.99603832      -24.280118       -24.280118       2466.7515                                                 2466.7515
              1       1211.5075       0.7628978       0.3177284   9.6072706e-05     0.022452189       2.9599246      0.96553454     0.018095901      0.99962588      -24.280118       -24.280118       2471.5753                                                 2471.5753
              2       1211.5713      0.75397399      0.31370928   9.5176774e-05     0.022482648       2.9757435      0.96608915     0.026506106      0.99956252      -24.280118       -24.280118       2471.7028                                                 2471.7028
              1       1207.7816       0.7111545      0.31531292   9.5138844e-05     0.022528572       2.9810068      0.96617595      0.02844922      0.99957492      -24.280118       -24.280118       2464.1234                                                 2464.1234
              3       1207.0656      0.68964813      0.31498938   9.5030267e-05      0.02247492       2.9857577      0.96642465     0.030596383      0.99980057      -24.280118       -24.280118       2462.6914                                                 2462.6914
              1       1207.2399        0.692286      0.31454338   9.4936482e-05     0.022491627       2.9889455      0.96614188     0.031807243       1.0002283      -24.280118       -24.280118       2463.0401                                                 2463.0401
              2       1204.9825      0.63847288       0.3130567   9.4517129e-05     0.022481964       2.9956543      0.96677585     0.035359985       1.0005924      -24.280118       -24.280118       2458.5252                                                 2458.5252
              1        1204.591      0.66760072      0.31159532   9.4326888e-05     0.022513504       2.9998819       0.9684941     0.039523841      0.99947978      -24.280118       -24.280118       2457.7422                                                 2457.7422
              7       1204.4819         0.68503      0.31510212   9.5103266e-05     0.022471186       2.9900245      0.96913496      0.03449036      0.99896592      -24.280118       -24.280118       2457.5241                                                 2457.5241
              4       1205.6546      0.52346365      0.31001032   9.3379909e-05     0.022401675       2.9851827      0.96700051     0.031307455      0.99803959      -24.280118       -24.280118       2459.8695                                                 2459.8695
              3       1205.9742      0.53517238      0.31032834   9.3548559e-05     0.022393645       2.9782549      0.96757977      0.02815619       0.9979693      -24.280118       -24.280118       2460.5086                                                 2460.5086
              2       1206.2494      0.47200076      0.30766096   9.2880082e-05     0.022359223        2.994067      0.96969443     0.038309965      0.99608528      -24.280118       -24.280118        2461.059                                                  2461.059
              1       1206.3064      0.45357477      0.30663287   9.2602003e-05     0.022361079       2.9919795      0.96972328     0.037328565      0.99610695      -24.280118       -24.280118        2461.173                                                  2461.173
              1       1206.5169      0.40782982      0.30487724   9.1928184e-05     0.022386399       2.9885913      0.96545609     0.032539312       0.9985151      -24.280118       -24.280118        2461.594                                                  2461.594
              1       1203.8591       0.3109081      0.30482395   9.1392901e-05     0.022407015       2.9854216      0.96508744     0.031051199       0.9983624      -24.280118       -24.280118       2456.2783                                                 2456.2783
              1       1203.0281      0.32226574      0.30253224   9.0932635e-05     0.022444159       2.9965911      0.96726123     0.036992343      0.99868474      -24.280118       -24.280118       2454.6165                                                 2454.6165
              1       1203.0922      0.36385769      0.30435006   9.1581791e-05     0.022366421       2.9949904       0.9678975     0.035485051        1.000068      -24.280118       -24.280118       2454.7447                                                 2454.7447
              1       1203.1369      0.32611252      0.30336743   9.1194024e-05     0.022392707       2.9972731      0.96842318     0.034888387       1.0013509      -24.280118       -24.280118       2454.8339                                                 2454.8339
              1       1203.6469      0.28341125       0.3019501   9.0799456e-05     0.022372075       3.0036345      0.96751213      0.03794245       1.0017187      -24.280118       -24.280118       2455.8541                                                 2455.8541
              1       1203.1646      0.34762866      0.30263633   9.1165329e-05     0.022448397       3.0039841      0.96809313     0.038344029       1.0018921      -24.280118       -24.280118       2454.8894                                                 2454.8894
              1       1203.4835      0.57235575       0.3062302   9.2907412e-05     0.022475449       3.0023158      0.97288171     0.041483418      0.99984047      -24.280118       -24.280118       2455.5273                                                 2455.5273
              5       1203.4793      0.57231987      0.30622293   9.2907509e-05     0.022475142       3.0025146      0.97288812     0.041576757      0.99986439      -24.280118       -24.280118       2455.5188                                                 2455.5188
              2       1203.4378      0.49967118      0.30459698   9.2281319e-05     0.022511444       3.0029152      0.97364561     0.043547807      0.99780284      -24.280118       -24.280118       2455.4358                                                 2455.4358
              1       1203.6579      0.58235173      0.30725725   9.3183853e-05     0.022477993       2.9998099      0.97432662     0.042573329      0.99755514      -24.280118       -24.280118        2455.876                                                  2455.876
              1       1203.6904      0.58469554      0.30721925   9.3185281e-05     0.022480204       3.0006107      0.97439103     0.042951984      0.99764709      -24.280118       -24.280118        2455.941                                                  2455.941
              3        1203.966      0.58763873      0.30732162   9.3241462e-05     0.022472868       2.9998996      0.97429603     0.042895202      0.99747326      -24.280118       -24.280118       2456.4922                                                 2456.4922
              3       1204.1463      0.46041844       0.3053837    9.238454e-05     0.022351881       2.9967083      0.97341728     0.041268891      0.99751244      -24.280118       -24.280118       2456.8529                                                 2456.8529
              1       1204.9098      0.44622679       0.3053924   9.2378533e-05     0.022299018       2.9891272      0.97345809     0.037370655      0.99754397      -24.280118       -24.280118       2458.3797                                                 2458.3797
              1       1205.5738      0.41043757      0.30762945   9.2620114e-05     0.022235147       2.9914669      0.97337642     0.036710644      0.99910975      -24.280118       -24.280118       2459.7079                                                 2459.7079
              1       1206.9156      0.51960136      0.31248865   9.4179888e-05     0.022160366       3.0000113      0.97326802     0.039487038       1.0004586      -24.280118       -24.280118       2462.3914                                                 2462.3914
              4       1205.9402      0.47304461      0.30730017    9.258144e-05     0.022371649        3.003406      0.97449248     0.036193402       1.0035148      -24.280118       -24.280118       2460.4407                                                 2460.4407
              1       1206.0387      0.38219902      0.30569427   9.1903328e-05     0.022329695       3.0022765      0.97178777     0.034673777       1.0038593      -24.280118       -24.280118       2460.6377                                                 2460.6377
              1       1206.5421      0.31525063      0.30425098   9.1250597e-05     0.022387947        3.009694      0.97521591     0.039128277       1.0028654      -24.280118       -24.280118       2461.6445                                                 2461.6445
              2       1206.9018      0.28015832      0.30388874   9.0999825e-05     0.022381911       3.0065787      0.97445925     0.037250447       1.0028485      -24.280118       -24.280118       2462.3639                                                 2462.3639
              4       1206.7239      0.29275223       0.3039581   9.1013595e-05     0.022413384       3.0123462      0.97436345     0.040008214       1.0029954      -24.280118       -24.280118       2462.0081                                                 2462.0081
              1       1203.7653      0.39216507      0.30903661    9.242247e-05     0.022459464       2.9999598      0.97366619     0.036767118       1.0006461      -24.280118       -24.280118       2456.0909                                                 2456.0909
              7       1203.7336      0.39015175      0.30890213   9.2380284e-05     0.022464767       3.0000218      0.97365436     0.036882222       1.0005654      -24.280118       -24.280118       2456.0275                                                 2456.0275
              2        1203.658      0.43299528      0.30955789   9.2677664e-05     0.022503118       2.9976226      0.97421955     0.035983149       1.0002516      -24.280118       -24.280118       2455.8763                                                 2455.8763
              5       1203.6934      0.44085056      0.31071391   9.3053409e-05     0.022439337       2.9944223      0.97412345     0.035612214      0.99913097      -24.280118       -24.280118        2455.947                                                  2455.947
              1       1203.7212      0.45017466      0.31096678   9.3143592e-05     0.022436905       2.9940753      0.97414652     0.035443538      0.99913379      -24.280118       -24.280118       2456.0026                                                 2456.0026
              1       1203.4016      0.48127124      0.31279404   9.3646213e-05     0.022445308       2.9932526      0.97257009      0.03476693      0.99928753      -24.280118       -24.280118       2455.3634                                                 2455.3634
              3       1203.2769      0.45633623      0.31086097   9.3101387e-05     0.022489548       2.9949888       0.9732306      0.03529413      0.99951452      -24.280118       -24.280118       2455.1139                                                 2455.1139
              6       1203.7493      0.46146924      0.31063267   9.3149023e-05     0.022453845       2.9889062      0.97357295     0.033234079      0.99848488      -24.280118       -24.280118       2456.0589                                                 2456.0589
              1       1205.7209      0.40567543      0.31354659   9.3502833e-05     0.022438709       2.9881372        0.970343     0.031832267      0.99828692      -24.280118       -24.280118        2460.002                                                  2460.002
              5       1205.0594      0.41649065      0.31171126   9.3145795e-05     0.022518044       2.9871494      0.96960324     0.033003152       0.9969862      -24.280118       -24.280118        2458.679                                                  2458.679
              3       1204.2386      0.56311486      0.31640293   9.4736848e-05     0.022495907       2.9938232      0.96869036     0.036305752      0.99753988      -24.280118       -24.280118       2457.0374                                                 2457.0374
              1       1204.3865       0.5774875       0.3169197    9.490417e-05     0.022495465       2.9933293      0.96866524     0.036215581      0.99740626      -24.280118       -24.280118       2457.3332                                                 2457.3332
              3       1204.0719      0.59237726      0.31696533   9.5116231e-05     0.022398752       2.9940098      0.96935255     0.036556646      0.99794135      -24.280118       -24.280118        2456.704                                                  2456.704
              2       1204.0724      0.59367044      0.31692421   9.5115966e-05     0.022401733       2.9939063      0.96947401     0.036522474      0.99795185      -24.280118       -24.280118       2456.7051                                                 2456.7051
              1       1203.8569      0.58531365      0.31146964    9.395398e-05     0.022377026       3.0030703      0.97166763     0.040190048      0.99938179      -24.280118       -24.280118        2456.274                                                  2456.274
              3       1208.2699      0.60093416      0.31163617   9.4251672e-05     0.022230997       3.0132932      0.97000907     0.050167368      0.99660051      -24.280118       -24.280118       2465.1001                                                 2465.1001
              1       1207.6751      0.28800151      0.30138118   9.0874995e-05     0.022206366       3.0025019      0.97156881        0.044905      0.99680423      -24.280118       -24.280118       2463.9105                                                 2463.9105
             10        1208.351      0.31194808        0.297704   9.0288447e-05      0.02228915       3.0004219      0.97157752     0.044344016      0.99734343      -24.280118       -24.280118       2465.2622                                                 2465.2622
              1       1206.2541      0.32041553      0.29852898   9.0434365e-05     0.022284871       3.0085614      0.97198536     0.046614147      0.99813503      -24.280118       -24.280118       2461.0685                                                 2461.0685
              3       1206.1781       0.3794094      0.29985118   9.0864408e-05     0.022312725       3.0183048      0.97305546     0.050936475      0.99823927      -24.280118       -24.280118       2460.9165                                                 2460.9165
              1       1208.2784      0.34460194      0.29479975   8.9688646e-05     0.022401088       3.0170074      0.97588243     0.052228321      0.99646386      -24.280118       -24.280118       2465.1171                                                 2465.1171
              2       1208.3482       0.4472525      0.29976261   9.1259183e-05      0.02233802       3.0174324       0.9771106     0.052872788      0.99618875      -24.280118       -24.280118       2465.2566                                                 2465.2566
              1       1207.0414      0.42882043      0.29981471   9.1133156e-05     0.022377724        3.015888      0.97711329     0.051082268      0.99674579      -24.280118       -24.280118       2462.6431                                                 2462.6431
              9        1206.899      0.45499066      0.30006679   9.1281867e-05     0.022404972       3.0169317      0.97693733     0.051718955      0.99673742      -24.280118       -24.280118       2462.3583                                                 2462.3583
             13       1206.9078      0.38831469      0.29893966   9.0740417e-05     0.022394492       3.0235643      0.97636265     0.053595314      0.99754402      -24.280118       -24.280118       2462.3758                                                 2462.3758
              3        1206.849      0.42450202        0.300641   9.1253531e-05     0.022370026       3.0272212       0.9766126     0.055815461       0.9976153      -24.280118       -24.280118       2462.2582                                                 2462.2582
              3       1206.1048      0.42244509      0.29990478   9.1110815e-05     0.022375441       3.0194903      0.97657254     0.052101778      0.99776835      -24.280118       -24.280118       2460.7698                                                 2460.7698
              3       1205.3575      0.66699171       0.3116734   9.4470557e-05      0.02246157       3.0231708      0.97659301     0.053297326      0.99902077      -24.280118       -24.280118       2459.2752                                                 2459.2752
              5       1205.0365      0.60928157       0.3112306   9.4179006e-05     0.022422911       3.0210068       0.9750208     0.052163854      0.99885427      -24.280118       -24.280118       2458.6333                                                 2458.6333
              1       1205.2047      0.60777751      0.31202432   9.4326157e-05      0.02238357       3.0201317      0.97515416     0.052365601      0.99809017      -24.280118       -24.280118       2458.9697                                                 2458.9697
             10       1204.9279      0.59575176       0.3118746   9.4237462e-05     0.022383834       3.0197348      0.97491869     0.051964879      0.99816245      -24.280118       -24.280118       2458.4161                                                 2458.4161
              7       1204.5091      0.54115852      0.30933347   9.3439979e-05     0.022378464       3.0080718      0.97677661     0.042735369        1.001243      -24.280118       -24.280118       2457.5785                                                 2457.5785
              3       1204.4397      0.53702919      0.30909188   9.3371665e-05     0.022379156       3.0089468      0.97677343     0.043240876       1.0011769      -24.280118       -24.280118       2457.4396                                                 2457.4396
              7       1204.7882      0.48052159      0.30712649   9.2757601e-05     0.022405672       3.0093745      0.97721969     0.043907503       1.0008963      -24.280118       -24.280118       2458.1367                                                 2458.1367
              4       1208.3547      0.62987375      0.31207457   9.4265985e-05     0.022528989       3.0347046      0.98013753     0.055814444       1.0010804      -24.280118       -24.280118       2465.2697                                                 2465.2697
              6       1208.3086      0.62985043      0.31213907   9.4279202e-05      0.02252832       3.0344892      0.98008422      0.05566115       1.0011035      -24.280118       -24.280118       2465.1775                                                 2465.1775
              1       1207.2189      0.34462944       0.3093112   9.2713374e-05     0.022358752       2.9936212      0.96492091     0.033611267       1.0007523      -24.280118       -24.280118       2462.9981                                                 2462.9981
              5       1206.1031      0.26860635      0.30767312   9.2010267e-05     0.022338961       2.9879675      0.96489256      0.03029336       1.0010759      -24.280118       -24.280118       2460.7664                                                 2460.7664
              1       1206.5803      0.30059103      0.30872084   9.2450567e-05     0.022272457       2.9806246      0.96546109       0.0272652       1.0006687      -24.280118       -24.280118       2461.7208                                                 2461.7208
              4       1208.4339      0.26966927      0.30834008   9.2289813e-05     0.022233878       2.9768975      0.96344643     0.024103364       1.0019352      -24.280118       -24.280118       2465.4281                                                 2465.4281
              6       1207.8667      0.28859907      0.30817144   9.2267375e-05     0.022281396       2.9760161        0.963606     0.022654844       1.0025801      -24.280118       -24.280118       2464.2937                                                 2464.2937
              2       1208.6276      0.29487394       0.3085966   9.2416256e-05     0.022259179       2.9745716      0.96346456     0.022086938       1.0028117      -24.280118       -24.280118       2465.8154                                                 2465.8154
              8       1207.7745       0.2589519      0.30506357   9.1379114e-05     0.022369173       2.9789016      0.96147356     0.028976295      0.99860368      -24.280118       -24.280118       2464.1093                                                 2464.1093
              1       1205.9535      0.36158307      0.30613047     9.16109e-05     0.022631558       2.9880955      0.96277168     0.031142579      0.99959539      -24.280118       -24.280118       2460.4673                                                 2460.4673
              1       1206.4374      0.44336939      0.30130994   9.0997656e-05     0.022673766       2.9900822      0.96785237     0.037653324      0.99522324      -24.280118       -24.280118        2461.435                                                  2461.435
              6       1206.3632      0.27448138      0.29558802    8.912495e-05     0.022657399       3.0020861      0.96853813     0.042109129      0.99641076      -24.280118       -24.280118       2461.2867                                                 2461.2867
              1       1206.8579      0.31995114      0.29438131   8.9044622e-05      0.02273495       3.0116922      0.96943672     0.043743446       1.0003365      -24.280118       -24.280118       2462.2759                                                 2462.2759
              2       1206.9849      0.30561573      0.29418304   8.8922549e-05     0.022761265       3.0122129       0.9694692     0.043877349       1.0002579      -24.280118       -24.280118       2462.5301                                                 2462.5301
              2       1206.9546      0.30153117      0.29438239    8.897906e-05      0.02273791        3.012925      0.96913023     0.043721265       1.0005352      -24.280118       -24.280118       2462.4694                                                 2462.4694
              8       1206.8957      0.30561904      0.29453695    8.901975e-05     0.022741455       3.0130267       0.9692495     0.043771658       1.0005364      -24.280118       -24.280118       2462.3516                                                 2462.3516
              2       1206.9278       0.2972147      0.29450843   8.8977273e-05     0.022738301       3.0126017      0.96893333     0.043526399       1.0004796      -24.280118       -24.280118       2462.4157                                                 2462.4157
              3       1207.2099      0.30139817      0.29442332   8.8990923e-05      0.02273677        3.016489      0.96895884     0.045346893       1.0005862      -24.280118       -24.280118       2462.9801                                                 2462.9801
              1       1206.6221       0.3821104      0.29878719   9.0174579e-05     0.022811436       3.0223537      0.96911604     0.049240199        0.999941      -24.280118       -24.280118       2461.8044                                                 2461.8044
              6       1206.1125      0.47152199      0.30163752   9.1266266e-05     0.022749079       3.0153554       0.9690654     0.048582231      0.99751981      -24.280118       -24.280118       2460.7853                                                 2460.7853
              1        1205.578      0.43648416      0.30111398   9.1023746e-05     0.022718671       3.0171566      0.96849554     0.048705854      0.99813727      -24.280118       -24.280118       2459.7162                                                 2459.7162
              4        1206.396      0.48052387      0.30415591   9.2156397e-05     0.022468936       2.9868164      0.96645176     0.033670209       0.9985562      -24.280118       -24.280118       2461.3521                                                 2461.3521
              6       1206.1409       0.4897912      0.30466049   9.2323813e-05     0.022446692       2.9893333      0.96673385     0.034999952      0.99856754      -24.280118       -24.280118       2460.8419                                                 2460.8419
              6       1205.4564      0.63932239      0.30850222   9.3677409e-05     0.022524283       2.9971331      0.97152074     0.040146365      0.99728344      -24.280118       -24.280118        2459.473                                                  2459.473
              1       1205.2604      0.63197784      0.30798066   9.3543858e-05     0.022522172       2.9998442       0.9718063     0.041103274       0.9977266      -24.280118       -24.280118        2459.081                                                  2459.081
              3        1204.654      0.60794588      0.30595009    9.295948e-05      0.02255626        2.999229      0.97350639     0.041880334      0.99710607      -24.280118       -24.280118       2457.8682                                                 2457.8682
              1        1204.637      0.60647476      0.30592642   9.2947745e-05     0.022556398       2.9990887      0.97349852     0.041781682      0.99711744      -24.280118       -24.280118       2457.8343                                                 2457.8343
              1       1204.7437      0.62842176      0.30913137   9.3672372e-05     0.022488578       2.9867414      0.97246414     0.035973635      0.99657306      -24.280118       -24.280118       2458.0476                                                 2458.0476
              1       1204.5727      0.62900615      0.30953812   9.3766989e-05     0.022475418       2.9878727      0.97220006     0.036197625      0.99682254      -24.280118       -24.280118       2457.7057                                                 2457.7057
              2       1204.7644      0.65522621      0.31009519   9.3685045e-05     0.022620137       3.0062215      0.97605583     0.044401777      0.99752402      -24.280118       -24.280118        2458.089                                                  2458.089
              3       1203.8451        0.637234      0.31006797   9.3578232e-05     0.022648688       3.0043184      0.97489975     0.042803406      0.99819063      -24.280118       -24.280118       2456.2505                                                 2456.2505
              2       1204.4434      0.60081437      0.31327178   9.4329298e-05     0.022417003        3.007921      0.97570622     0.043481501      0.99999617      -24.280118       -24.280118       2457.4471                                                 2457.4471
              6       1205.7108      0.54362918      0.31816385    9.498532e-05     0.022393364       2.9989582      0.97270466     0.038757015      0.99801379      -24.280118       -24.280118       2459.9818                                                 2459.9818
              3       1205.7307      0.48070466      0.31563682   9.4171633e-05     0.022421117       2.9901644      0.97305949     0.035321135      0.99748345      -24.280118       -24.280118       2460.0216                                                 2460.0216
              2        1206.033      0.46132354      0.31253553   9.3677137e-05      0.02232207       2.9994463       0.9756195     0.041223398      0.99762738      -24.280118       -24.280118       2460.6262                                                 2460.6262
              2       1205.4411      0.38599462      0.30961576   9.2755096e-05     0.022371714       3.0011186      0.97572014     0.040780545      0.99849088      -24.280118       -24.280118       2459.4424                                                 2459.4424
              4       1205.2506      0.46981117      0.30909641   9.3271652e-05     0.022316292       2.9925095      0.97378599     0.036955199      0.99867669      -24.280118       -24.280118       2459.0614                                                 2459.0614
              4       1205.3855      0.55655937      0.30924545   9.3672793e-05     0.022354475        3.017301      0.97538027      0.04923746      0.99959578      -24.280118       -24.280118       2459.3313                                                 2459.3313
              1       1205.9787      0.40555938      0.30772993   9.2532749e-05     0.022454935       3.0085091      0.96644901      0.04709232      0.99564803      -24.280118       -24.280118       2460.5177                                                 2460.5177
              1        1207.258      0.26291926      0.30522586   9.1526654e-05      0.02227537       3.0158965      0.96560449     0.050880977       0.9954888      -24.280118       -24.280118       2463.0763                                                 2463.0763
              1       1205.1599      0.33423572      0.30554789   9.1478599e-05     0.022451531        3.010221      0.96804565     0.048403064       0.9944632      -24.280118       -24.280118         2458.88                                                   2458.88
              2       1205.1364      0.33509263      0.30552251   9.1476675e-05     0.022451633       3.0103765       0.9679725     0.048401896      0.99453767      -24.280118       -24.280118        2458.833                                                  2458.833
              7       1204.8697      0.27451439      0.30443822   9.0983489e-05     0.022449692       3.0049871      0.96721754     0.044539434      0.99535381      -24.280118       -24.280118       2458.2997                                                 2458.2997
              6       1205.4256      0.34298675      0.30578803   9.1688561e-05     0.022527987       3.0088254      0.96678175     0.040408209       1.0026186      -24.280118       -24.280118       2459.4115                                                 2459.4115
              1       1206.9371      0.35009956      0.30445909    9.125068e-05     0.022598665       3.0104047      0.96410596     0.040099358       1.0031231      -24.280118       -24.280118       2462.4345                                                 2462.4345
              6       1206.8584        0.385541      0.30316851   9.1191733e-05       0.0224758       3.0178919      0.97035599     0.044730769         1.00359      -24.280118       -24.280118       2462.2769                                                 2462.2769
              1       1207.6406      0.35389251      0.30122014    9.067107e-05     0.022486685       3.0229565      0.97031273     0.047358137       1.0036604      -24.280118       -24.280118       2463.8415                                                 2463.8415
              4       1207.5888      0.35467838      0.29987795   9.0420274e-05     0.022459511       3.0199087      0.97103774     0.047371269       1.0021813      -24.280118       -24.280118       2463.7379                                                 2463.7379
              3       1210.7566      0.26968776       0.2952191   8.9147838e-05     0.022482468       3.0109515       0.9746257     0.044345968       1.0020682      -24.280118       -24.280118       2470.0735                                                 2470.0735
              2       1211.1978      0.34535673      0.29752526   9.0001185e-05     0.022493911        3.021335      0.97635754     0.050193625       1.0024532      -24.280118       -24.280118       2470.9559                                                 2470.9559
              3       1209.6247      0.31054628      0.29871915   9.0103976e-05      0.02247492       3.0177271       0.9744978     0.047303463       1.0028741      -24.280118       -24.280118       2467.8095                                                 2467.8095
              2       1208.1115      0.30290788      0.29724312   8.9605316e-05     0.022646698       3.0142898       0.9764274     0.046303377       1.0015567      -24.280118       -24.280118       2464.7833                                                 2464.7833
              2       1206.3715      0.36159603      0.30308321   9.0910211e-05     0.022661288       3.0099228      0.97245717     0.044320368       1.0001789      -24.280118       -24.280118       2461.3033                                                 2461.3033
              7       1204.7957      0.43746851      0.30455952   9.1581501e-05     0.022636201       3.0038387       0.9717804     0.040809772       1.0006682      -24.280118       -24.280118       2458.1517                                                 2458.1517
              4        1204.666      0.57361931      0.30995314   9.3249719e-05     0.022648773       3.0016393      0.97191346     0.040403559      0.99987295      -24.280118       -24.280118       2457.8923                                                 2457.8923
              3       1204.4336      0.56491131      0.31050773   9.3342339e-05     0.022628119       3.0006132      0.97215838      0.03942986       1.0002161      -24.280118       -24.280118       2457.4275                                                 2457.4275
              3       1205.9457      0.57747846      0.31016411   9.3268922e-05     0.022684243       2.9954322      0.97434957     0.036360936       1.0009205      -24.280118       -24.280118       2460.4516                                                 2460.4516
              3       1205.5904       0.5711619      0.31006825   9.3247925e-05     0.022667666       2.9973291      0.97469422     0.037076205       1.0011521      -24.280118       -24.280118        2459.741                                                  2459.741
              2       1205.7603       0.5944568      0.31066325    9.344783e-05     0.022689696       2.9992657      0.97470549     0.037732904       1.0013865      -24.280118       -24.280118       2460.0809                                                 2460.0809
              3       1206.2423      0.54320891      0.31045536   9.3089332e-05     0.022750865       2.9824286      0.97166881     0.030145607      0.99944438      -24.280118       -24.280118       2461.0448                                                 2461.0448
              1       1207.7517      0.46786555      0.30502391   9.1811261e-05     0.022797066       2.9832351      0.97425754     0.031522757      0.99936535      -24.280118       -24.280118       2464.0637                                                 2464.0637
              1        1205.989      0.35181391      0.29895639   9.0104666e-05     0.022749842       2.9929999      0.97528979     0.036617038       0.9975811      -24.280118       -24.280118       2460.5382                                                 2460.5382
             10       1204.3039       0.2902208      0.29864277   8.9928251e-05     0.022645953       2.9996611      0.97311142     0.041464305      0.99635251      -24.280118       -24.280118        2457.168                                                  2457.168
              4       1205.1504      0.35133806      0.29934951   9.0429756e-05      0.02264632       3.0033934      0.97369897     0.044232799      0.99618428      -24.280118       -24.280118       2458.8611                                                 2458.8611
              7       1204.2134      0.44548171      0.30405819   9.1778042e-05     0.022628003       3.0061023      0.97473195     0.043691043      0.99794645      -24.280118       -24.280118        2456.987                                                  2456.987
              2       1204.2077      0.45579444      0.30468262   9.1966494e-05      0.02261317       3.0060431      0.97451942     0.043910797      0.99763067      -24.280118       -24.280118       2456.9756                                                 2456.9756
              2       1207.6017      0.48192505      0.30302654   9.1637235e-05     0.022753869       3.0151243      0.97546768     0.048466585      0.99724524      -24.280118       -24.280118       2463.7637                                                 2463.7637
              3       1207.4124      0.47664094      0.30103286   9.1177862e-05     0.022740932       3.0210008      0.97677091     0.051013018      0.99763702      -24.280118       -24.280118        2463.385                                                  2463.385
              1       1207.1857       0.6379289      0.30793359   9.3377377e-05     0.022661663        3.018563      0.97618948     0.049081239      0.99820328      -24.280118       -24.280118       2462.9317                                                 2462.9317
              4       1207.1454       0.6376567      0.30791038   9.3370973e-05      0.02266242       3.0182246      0.97617958     0.048870781      0.99824896      -24.280118       -24.280118        2462.851                                                  2462.851
             10       1205.6356      0.55190694       0.3085951   9.3258119e-05     0.022503449       3.0048977      0.97448025     0.042653737      0.99742431      -24.280118       -24.280118       2459.8314                                                 2459.8314
              2       1205.8871      0.55015713      0.30665261   9.2830604e-05     0.022543591       3.0166633      0.97538809     0.049874081      0.99657294      -24.280118       -24.280118       2460.3345                                                 2460.3345
              2       1203.2081      0.31811209      0.30240116   9.0639978e-05     0.022665141        3.004134      0.96875799     0.041120674      0.99807325      -24.280118       -24.280118       2454.9765                                                 2454.9765
              2       1203.6124      0.30512061      0.30234108    9.056422e-05      0.02268439       3.0038414       0.9688044     0.041049329      0.99784277      -24.280118       -24.280118       2455.7849                                                 2455.7849
              3       1203.3228       0.3107492      0.30274581   9.0684696e-05     0.022671852       3.0050955      0.96961718     0.041760239      0.99803221      -24.280118       -24.280118       2455.2058                                                 2455.2058
              4       1203.3124         0.31082      0.30277365   9.0690736e-05     0.022671635       3.0051403      0.96961742     0.041809079      0.99800673      -24.280118       -24.280118        2455.185                                                  2455.185
              5       1202.7313      0.37535945      0.30518581   9.1504478e-05     0.022600052       2.9924399      0.96999961     0.036851876      0.99730691      -24.280118       -24.280118       2454.0228                                                 2454.0228
              8       1202.4211      0.39636364      0.30651267   9.1869524e-05     0.022588387       2.9928379      0.97078046     0.036161251      0.99806488      -24.280118       -24.280118       2453.4024                                                 2453.4024
              4       1202.1592      0.40122199      0.30509558   9.1657289e-05     0.022560589       3.0002023      0.97194452     0.040258816      0.99844021      -24.280118       -24.280118       2452.8787                                                 2452.8787
              2       1202.4417      0.43024191      0.30392657   9.1533891e-05     0.022617254       2.9990691      0.97191864      0.03883782      0.99962153      -24.280118       -24.280118       2453.4437                                                 2453.4437
              4       1202.9664       0.4479062      0.30718021   9.2387037e-05     0.022465874        2.993303      0.96993473     0.038157861      0.99765909      -24.280118       -24.280118       2454.4931                                                 2454.4931
              5       1204.6237      0.58274251      0.30911345   9.3389485e-05     0.022437699       2.9937308      0.96954904      0.03698822      0.99914776      -24.280118       -24.280118       2457.8076                                                 2457.8076
              4       1204.5989      0.64831291      0.31281019   9.4199496e-05     0.022610851       2.9941086      0.97113401     0.035683605      0.99852939      -24.280118       -24.280118        2457.758                                                  2457.758
              1       1205.3099      0.63979068      0.31256222   9.4100441e-05     0.022613975        2.984721      0.97124167     0.031852807      0.99761121      -24.280118       -24.280118       2459.1801                                                 2459.1801
              4       1205.7727      0.65721052      0.31259126   9.4168287e-05     0.022618764       2.9858971      0.97186625     0.032512806       0.9976435      -24.280118       -24.280118       2460.1057                                                 2460.1057
              3       1206.5411      0.64540372      0.31267279   9.4099234e-05     0.022612216       2.9853866      0.97092022      0.03203401      0.99737218      -24.280118       -24.280118       2461.6424                                                 2461.6424
              3       1206.3546      0.63566716      0.31167544    9.386607e-05     0.022611667       2.9870085      0.97124456     0.032625237      0.99767441      -24.280118       -24.280118       2461.2695                                                 2461.2695
              2       1206.3074      0.63304295      0.31164615   9.3849109e-05     0.022608899       2.9871786      0.97109107     0.032655639      0.99771537      -24.280118       -24.280118        2461.175                                                  2461.175
              3       1205.3838      0.40650063      0.31056119   9.2676025e-05     0.022578764       2.9983784      0.97205846     0.033037029       1.0027193      -24.280118       -24.280118       2459.3279                                                 2459.3279
              5       1205.4644      0.54832436      0.31378147   9.4068225e-05     0.022522694       3.0094089      0.97395879     0.038655761       1.0039179      -24.280118       -24.280118        2459.489                                                  2459.489
              6       1205.2891      0.54182384       0.3123662   9.3775821e-05     0.022523093       3.0047199      0.97373297     0.035991246       1.0044747      -24.280118       -24.280118       2459.1384                                                 2459.1384
              2       1204.8614      0.53342103      0.31141073   9.3799289e-05     0.022454537       2.9994748      0.97266465      0.03651733       1.0026599      -24.280118       -24.280118        2458.283                                                  2458.283
              6       1208.2818       0.5623753       0.3153106   9.4797221e-05     0.022370226       2.9844377      0.97310557     0.027694423        1.003873      -24.280118       -24.280118       2465.1238                                                 2465.1238
              4       1207.1313       0.6350632      0.31200424   9.4465735e-05     0.022422854       2.9930911      0.97758757     0.035147019       1.0021128      -24.280118       -24.280118       2462.8228                                                 2462.8228
              3       1207.5718      0.66348392      0.31348006   9.4954456e-05      0.02238909       2.9914446      0.97722802     0.033949526       1.0020245      -24.280118       -24.280118       2463.7038                                                 2463.7038
              3       1207.9943      0.67124235      0.31366782   9.5029692e-05      0.02238445       2.9887097       0.9772323     0.032316346       1.0023786      -24.280118       -24.280118       2464.5489                                                 2464.5489
              1       1208.4856      0.66915622       0.3128798   9.4863177e-05     0.022381417       2.9875708      0.97832882     0.031970726       1.0020734      -24.280118       -24.280118       2465.5314                                                 2465.5314
              2       1206.2486      0.51126516      0.30865449   9.2906796e-05     0.022540472        2.978978        0.977746     0.027119158       1.0014451      -24.280118       -24.280118       2461.0575                                                 2461.0575
              3       1206.2348      0.59340232      0.31071254   9.3689089e-05     0.022488746       2.9791114      0.97710381     0.028863554       1.0002222      -24.280118       -24.280118       2461.0299                                                 2461.0299
              1       1205.2841      0.62722664      0.30905303   9.3647726e-05     0.022528909       2.9917658      0.97752375     0.036946312       0.9996394      -24.280118       -24.280118       2459.1285                                                 2459.1285
              1        1205.285      0.40161114      0.30359796   9.1818158e-05     0.022272423       3.0059709      0.97325165     0.045272193      0.99841881      -24.280118       -24.280118       2459.1302                                                 2459.1302
              2       1205.7478      0.35801614      0.30151755    9.120278e-05     0.022285964       3.0076545      0.97404246     0.045918356      0.99882341      -24.280118       -24.280118       2460.0559                                                 2460.0559
              1        1204.567      0.28625884       0.3008456   9.0652605e-05     0.022352499       3.0090328      0.97414893     0.047635008      0.99651402      -24.280118       -24.280118       2457.6943                                                 2457.6943
              8       1204.7825       0.2927268      0.30108186   9.0738766e-05      0.02234498       3.0093203      0.97443675     0.047913499      0.99643657      -24.280118       -24.280118       2458.1251                                                 2458.1251
              3       1204.1528       0.5184978      0.31447907   9.3917939e-05     0.022569038       2.9935059       0.9693595     0.036882863      0.99701524      -24.280118       -24.280118       2456.8658                                                 2456.8658
              2       1204.2407      0.51653392      0.31464839   9.3948621e-05     0.022567148       2.9934168      0.96934916     0.036925479      0.99693511      -24.280118       -24.280118       2457.0417                                                 2457.0417
              1       1204.1169      0.52177859      0.31453758   9.3957223e-05     0.022561346       2.9971556      0.96936504     0.038700542      0.99734691      -24.280118       -24.280118        2456.794                                                  2456.794
             11       1206.1385      0.54235457      0.31174699   9.3272979e-05     0.022813182       3.0096885      0.97092978      0.04311141      0.99896515      -24.280118       -24.280118       2460.8373                                                 2460.8373
              8       1204.6506      0.48155072      0.31068639   9.3125089e-05     0.022621492        3.017047      0.97358011     0.046732742      0.99992641      -24.280118       -24.280118       2457.8614                                                 2457.8614
              3       1205.3221      0.47308303      0.30994606   9.2877314e-05     0.022679607       3.0196729      0.97323992     0.047791133      0.99997705      -24.280118       -24.280118       2459.2044                                                 2459.2044
              1       1206.6709      0.40981061      0.30619136   9.1895363e-05     0.022656478       3.0271622      0.97470149     0.054109396      0.99869306      -24.280118       -24.280118        2461.902                                                  2461.902
              3       1206.4646      0.39420508      0.30615291   9.1855102e-05     0.022626599       3.0267661      0.97437001     0.053589585       0.9990202      -24.280118       -24.280118       2461.4895                                                 2461.4895
              3       1206.6236      0.44108194      0.30460156    9.176648e-05     0.022658997       3.0248015      0.97638728     0.052169504       1.0004501      -24.280118       -24.280118       2461.8075                                                 2461.8075
              2       1204.4026      0.32395377      0.30735729   9.1662697e-05     0.022579872       2.9892569      0.97179367     0.032718541      0.99921785      -24.280118       -24.280118       2457.3655                                                 2457.3655
              2       1205.2731      0.38800565      0.30642583   9.1719243e-05     0.022585469       2.9972308      0.97599761     0.035240911       1.0007293      -24.280118       -24.280118       2459.1064                                                 2459.1064
              3       1206.6668      0.37500919       0.3107947   9.2729038e-05     0.022347192       3.0134267      0.97274639     0.041248141       1.0024677      -24.280118       -24.280118       2461.8939                                                 2461.8939
              1       1208.0134      0.38127483      0.30981048   9.2697126e-05     0.022363958       3.0250415      0.97254271     0.046218743       1.0050332      -24.280118       -24.280118       2464.5871                                                 2464.5871
              2       1205.5581      0.31522814      0.30485929   9.1286136e-05     0.022553232       3.0133589      0.97319512     0.041192863       1.0038533      -24.280118       -24.280118       2459.6764                                                 2459.6764
              1       1205.6347      0.31261363      0.30475394   9.1248175e-05     0.022555321       3.0133404      0.97319402     0.041135714       1.0038991      -24.280118       -24.280118       2459.8296                                                 2459.8296
              2       1206.5969      0.23503029      0.30305703   9.0511466e-05      0.02259323       3.0256718      0.97168441     0.047537631       1.0029807      -24.280118       -24.280118       2461.7541                                                 2461.7541
              1       1205.9508      0.42223883      0.30793445   9.2124694e-05     0.022716263       3.0242933       0.9700782     0.047195507       1.0025538      -24.280118       -24.280118       2460.4619                                                 2460.4619
              8       1206.1806      0.41183536        0.309078   9.2310437e-05     0.022700805       3.0200888       0.9693158     0.045055869       1.0023491      -24.280118       -24.280118       2460.9214                                                 2460.9214
              2       1206.1534       0.3386178       0.3069213   9.1524142e-05     0.022679374       3.0221423      0.96872975     0.047313716       1.0009887      -24.280118       -24.280118        2460.867                                                  2460.867
              1        1205.645      0.34644645      0.30287261   9.0714541e-05     0.022735993       3.0297235      0.97205855     0.052488601      0.99979267      -24.280118       -24.280118       2459.8501                                                 2459.8501
              8       1205.1164      0.58457206      0.30575243   9.2416313e-05     0.022780395       3.0080387      0.97142273     0.040379925       1.0020123      -24.280118       -24.280118        2458.793                                                  2458.793
              3       1204.4144      0.30513405      0.29882478   9.0004529e-05     0.022580027       2.9908827      0.96809228     0.032509172       1.0003085      -24.280118       -24.280118       2457.3891                                                 2457.3891
              1       1203.7204      0.33633626      0.30642642   9.1595845e-05     0.022492938       2.9841155      0.96729106     0.028441706      0.99973217      -24.280118       -24.280118       2456.0009                                                 2456.0009
              9       1203.7632       0.3348119      0.30595492   9.1481387e-05     0.022503173       2.9845031      0.96838591     0.028574365      0.99981797      -24.280118       -24.280118       2456.0866                                                 2456.0866
              8       1203.3293      0.33627357      0.30729417   9.1822621e-05     0.022532309       3.0050563      0.97074037     0.039993316      0.99890501      -24.280118       -24.280118       2455.2189                                                 2455.2189
              1       1203.1998      0.29337921      0.30479925   9.1248474e-05     0.022463445       3.0060309      0.97101265      0.04292386      0.99693157      -24.280118       -24.280118       2454.9598                                                 2454.9598
              3       1202.9701      0.36936646      0.29955295   9.0588001e-05     0.022528468       3.0097412      0.97292172     0.046500078      0.99763284      -24.280118       -24.280118       2454.5005                                                 2454.5005
              5       1202.7656      0.40261387      0.30113578   9.1063523e-05     0.022522903       3.0031105      0.97230462     0.043412064       0.9973078      -24.280118       -24.280118       2454.0914                                                 2454.0914
             17       1202.6832      0.42986491      0.30162756   9.1247551e-05     0.022543806        3.002232      0.97239885     0.042679688      0.99768862      -24.280118       -24.280118       2453.9267                                                 2453.9267
              2       1202.6939      0.42639245      0.30152599   9.1205285e-05     0.022547312       3.0018812      0.97238135     0.042564723      0.99761373      -24.280118       -24.280118        2453.948                                                  2453.948
             10       1202.5351      0.39808952      0.30161412   9.1102753e-05     0.022518799       3.0078952      0.97150092     0.045674065      0.99723082      -24.280118       -24.280118       2453.6305                                                 2453.6305
              4       1202.4023      0.39127912      0.30206453   9.1146057e-05     0.022516982       3.0087639      0.97119301     0.045991778       0.9972025      -24.280118       -24.280118       2453.3649                                                 2453.3649
              3       1205.0213      0.40206169      0.30119897   9.0891106e-05      0.02266048       3.0045948      0.97272275     0.046275647      0.99425019      -24.280118       -24.280118       2458.6028                                                 2458.6028
              5       1205.6512       0.4629985      0.30313479   9.1617197e-05     0.022634292       3.0142154      0.97465784     0.050712507      0.99472561      -24.280118       -24.280118       2459.8627                                                 2459.8627
              2       1205.8153       0.3924169      0.29996646   9.0789539e-05      0.02262539       3.0111588      0.97474008     0.049133151      0.99577522      -24.280118       -24.280118       2460.1907                                                 2460.1907
              1       1203.7492      0.37804896      0.30381777   9.1583832e-05     0.022484328       2.9900315      0.96875989     0.036879036      0.99674872      -24.280118       -24.280118       2456.0586                                                 2456.0586
              1       1204.0283      0.38697587      0.30381201   9.1556992e-05     0.022485906       2.9903719      0.96953844     0.039023231      0.99551859      -24.280118       -24.280118       2456.6168                                                 2456.6168
              2       1204.4475      0.40351118      0.30565091   9.2030721e-05     0.022459824       2.9873292      0.96987693     0.038056215      0.99489172      -24.280118       -24.280118       2457.4553                                                 2457.4553
              7       1205.1906      0.44328513      0.30754155   9.2550277e-05     0.022501775       2.9935391      0.96883964     0.041451134      0.99456244      -24.280118       -24.280118       2458.9414                                                 2458.9414
              2       1205.2983      0.30351136      0.29875399   8.9955012e-05     0.022684129       2.9974426      0.96845713     0.040643002      0.99687985      -24.280118       -24.280118       2459.1569                                                 2459.1569
              1       1205.1999      0.31554285      0.29900395   9.0051162e-05     0.022684695       2.9972368      0.96853192     0.040525716      0.99692311      -24.280118       -24.280118         2458.96                                                   2458.96
              2       1203.5426      0.31242485      0.30028885   9.0397237e-05     0.022598025       2.9955703      0.96930308     0.039221292      0.99729984      -24.280118       -24.280118       2455.6454                                                 2455.6454
              7       1203.9488      0.30736409      0.29839581   9.0029898e-05     0.022593283       3.0016649      0.97070628      0.04275312      0.99753042      -24.280118       -24.280118       2456.4578                                                 2456.4578
              2       1203.8636       0.3564695      0.30060158   9.0760703e-05     0.022581646       3.0114528      0.97031342     0.045275543      0.99982965      -24.280118       -24.280118       2456.2874                                                 2456.2874
              4       1204.2477      0.36671104      0.30260903   9.1124332e-05     0.022620978        3.012909      0.96911944      0.04613654      0.99933332      -24.280118       -24.280118       2457.0557                                                 2457.0557
              1       1206.0677      0.41695425      0.30064559   9.0981904e-05     0.022653011       3.0296113      0.97167303     0.054899081      0.99982556      -24.280118       -24.280118       2460.6956                                                 2460.6956
              1       1209.7685      0.25264211      0.29330143   8.8972234e-05     0.022585419        3.019293      0.96783049     0.046743434       1.0026077      -24.280118       -24.280118       2468.0972                                                 2468.0972
              3       1209.6981      0.24139848      0.29375257   8.9129722e-05     0.022505918       3.0189939      0.96841417     0.047088154       1.0025832      -24.280118       -24.280118       2467.9565                                                 2467.9565
              1        1210.023      0.23875504      0.29531404   8.9462322e-05     0.022435536       3.0248708      0.96640979      0.04949366       1.0027485      -24.280118       -24.280118       2468.6061                                                 2468.6061
              4         1210.21      0.28400116      0.29696437   8.9991858e-05     0.022437541        3.024565      0.96649644      0.04874114       1.0034845      -24.280118       -24.280118       2468.9802                                                 2468.9802
              4       1209.5136      0.22699064      0.29898654   9.0356751e-05     0.022234073       3.0209623      0.96697112     0.047124023       1.0026004      -24.280118       -24.280118       2467.5874                                                 2467.5874
              3       1210.3321      0.33838944      0.29563973   9.0143176e-05     0.022342062       3.0205522       0.9745752     0.049012219       1.0019707      -24.280118       -24.280118       2469.2245                                                 2469.2245
              4       1210.0709      0.41095703      0.29705683   9.0656389e-05     0.022298236       3.0160204      0.97582118     0.048387576       1.0018168      -24.280118       -24.280118        2468.702                                                  2468.702
              3       1210.8844      0.38459388      0.29812694   9.0829963e-05     0.022288592        3.006911      0.97657338      0.04511981       1.0011398      -24.280118       -24.280118       2470.3291                                                 2470.3291
              3       1211.0578      0.38601244      0.29811612    9.084127e-05     0.022286893       3.0076115      0.97664409     0.045476761       1.0011758      -24.280118       -24.280118       2470.6758                                                 2470.6758
              2       1211.1298      0.38268522       0.2979598   9.0798385e-05     0.022283672        3.007762       0.9766494      0.04558331       1.0011549      -24.280118       -24.280118       2470.8198                                                 2470.8198
              2       1211.1744      0.40822594      0.29732127    9.073272e-05     0.022325864       3.0108511      0.97691439      0.04698255       1.0014489      -24.280118       -24.280118       2470.9091                                                 2470.9091
              2       1209.7005      0.20343091      0.29132682   8.8524595e-05     0.022424055        3.016167      0.97623877      0.04490342       1.0031127      -24.280118       -24.280118       2467.9613                                                 2467.9613
              1       1209.6671      0.22044261      0.29182934   8.8627628e-05     0.022473177       3.0212825       0.9765536     0.046831892       1.0032978      -24.280118       -24.280118       2467.8943                                                 2467.8943
              1       1211.4489      0.27688237      0.29891957   9.0529603e-05     0.022356864       3.0184493      0.97596429     0.047266861       1.0009261      -24.280118       -24.280118       2471.4581                                                 2471.4581
              2       1212.2308      0.27915746      0.29814714   9.0382512e-05     0.022377929       3.0152176      0.97631081     0.045742294       1.0008144      -24.280118       -24.280118       2473.0217                                                 2473.0217
              4       1212.2974      0.23058034      0.29659335    8.984229e-05     0.022373891       3.0164982      0.97740218       0.0473365      0.99976894      -24.280118       -24.280118       2473.1551                                                 2473.1551
              1       1212.1444      0.22924218      0.29642106   8.9810908e-05     0.022371248       3.0160879      0.97724611     0.046990522       1.0000132      -24.280118       -24.280118        2472.849                                                  2472.849
              3       1208.9857      0.15256152      0.29950211   9.0135974e-05     0.022271159       2.9975846      0.97374179     0.039345877      0.99785274      -24.280118       -24.280118       2466.5316                                                 2466.5316
              2       1209.5664         0.15869        0.300116   9.0306201e-05     0.022268268       3.0041214      0.97365759     0.042740739      0.99785506      -24.280118       -24.280118       2467.6931                                                 2467.6931
              2       1208.5439      0.17262821      0.30011435   9.0286843e-05     0.022337183       3.0014628      0.97120063     0.041315074      0.99734058      -24.280118       -24.280118        2465.648                                                  2465.648
              1       1207.9732      0.20090236      0.30120455   9.0579067e-05     0.022348737       2.9972647      0.97141614       0.0384932      0.99779338      -24.280118       -24.280118       2464.5067                                                 2464.5067
              3       1208.7299      0.16391711       0.2994925   9.0057377e-05     0.022385379       3.0008939       0.9708285     0.038770253      0.99888916      -24.280118       -24.280118       2466.0201                                                 2466.0201
              1       1209.2102      0.20465696      0.30125659   9.0617519e-05     0.022363368       3.0034297      0.97057559     0.039812176      0.99921686      -24.280118       -24.280118       2466.9807                                                 2466.9807
              2       1208.9944      0.18007867      0.30157507   9.0386572e-05     0.022400989       3.0046761      0.96579691      0.04158753      0.99629916      -24.280118       -24.280118        2466.549                                                  2466.549
              1         1209.29      0.18346128      0.29962561   8.9997609e-05     0.022425434       3.0028538      0.96571371     0.040091594      0.99697377      -24.280118       -24.280118       2467.1401                                                 2467.1401
              5       1208.0096      0.13746981      0.29808652   8.9301377e-05     0.022514911        3.001986      0.96723321     0.038419984      0.99770727      -24.280118       -24.280118       2464.5795                                                 2464.5795
              1       1207.8937       0.2083887      0.30440368   9.1115508e-05     0.022238912         2.99829      0.96823124     0.032463353       1.0026504      -24.280118       -24.280118       2464.3477                                                 2464.3477
              7        1206.018      0.32044413      0.30544555   9.1811706e-05     0.022340514       2.9937112      0.97061754     0.031294828       1.0032465      -24.280118       -24.280118       2460.5962                                                 2460.5962
              1       1207.2336      0.36322131      0.30743143   9.2472999e-05     0.022305921        2.994393      0.97014777     0.031487385       1.0037276      -24.280118       -24.280118       2463.0275                                                 2463.0275
              6        1207.139      0.36340075      0.30780582   9.2535244e-05     0.022310901       2.9941787      0.97013645     0.031322385       1.0037242      -24.280118       -24.280118       2462.8382                                                 2462.8382
              2       1206.5462      0.33172423      0.30451459   9.1800283e-05     0.022249257       2.9893847      0.97099286     0.030411983       1.0031284      -24.280118       -24.280118       2461.6526                                                 2461.6526
             10        1205.491      0.32183199      0.30679623   9.2165763e-05      0.02222818       2.9811178      0.97017788     0.027668669       1.0008142      -24.280118       -24.280118       2459.5423                                                 2459.5423
              6       1205.6185      0.31906632      0.30658654    9.211146e-05     0.022211066       2.9813956      0.97054517     0.027741842       1.0009369      -24.280118       -24.280118       2459.7972                                                 2459.7972
              5       1205.1676      0.26689094      0.30816504   9.2002813e-05     0.022246705       2.9834632      0.96613093     0.027047091       1.0016669      -24.280118       -24.280118       2458.8954                                                 2458.8954
              1       1205.0229      0.26235889      0.30731826   9.1803297e-05     0.022266362       2.9816599      0.96622149     0.025910576       1.0019471      -24.280118       -24.280118       2458.6061                                                 2458.6061
              3       1205.4887      0.29877623      0.30904859   9.2396951e-05     0.022233881       2.9775288      0.96661985     0.024723734       1.0016909      -24.280118       -24.280118       2459.5376                                                 2459.5376
              8       1205.5511      0.30517216      0.30895505   9.2411374e-05     0.022229233       2.9778407      0.96678806     0.024875561       1.0018007      -24.280118       -24.280118       2459.6625                                                 2459.6625
              1       1208.2809      0.20703861      0.30671356    9.169473e-05      0.02212866       2.9735962      0.96532277     0.022289393       1.0024293      -24.280118       -24.280118       2465.1221                                                 2465.1221
              1       1208.8498     0.046506102      0.29680555   8.8928639e-05     0.022263225       3.0020285      0.96698232     0.034617706       1.0045227      -24.280118       -24.280118       2466.2599                                                 2466.2599
              1        1208.868     0.076673534      0.29808076   8.9370761e-05     0.022255555       3.0014845      0.96692715     0.033108559       1.0051251      -24.280118       -24.280118       2466.2962                                                 2466.2962
              1       1208.4983     0.095936127      0.30129999   9.0216261e-05     0.022201722       3.0138145      0.96719403     0.041910072       1.0025764      -24.280118       -24.280118       2465.5569                                                 2465.5569
             15       1208.8379     0.049653321      0.29325921   8.8479717e-05     0.022234287        3.003841      0.97161019     0.042481644      0.99802974      -24.280118       -24.280118        2466.236                                                  2466.236
              1       1208.6447      0.12133021      0.29404414   8.8854094e-05     0.022304461       3.0049528       0.9750485     0.044462779      0.99705751      -24.280118       -24.280118       2465.8496                                                 2465.8496
              2       1207.4916      0.29761853      0.30359751   9.1435171e-05     0.022375783       2.9833478      0.97220524      0.03406162      0.99632566      -24.280118       -24.280118       2463.5435                                                 2463.5435
              2       1205.4822      0.38546948      0.31075767   9.2963311e-05     0.022267442        2.994372      0.96962648     0.039284677       0.9966124      -24.280118       -24.280118       2459.5247                                                 2459.5247
              1       1205.2035      0.36512307      0.31011429   9.2731988e-05     0.022278257        2.994313      0.96902985     0.038746948      0.99697863      -24.280118       -24.280118       2458.9673                                                 2458.9673
              8       1205.8246       0.3679631      0.30523958   9.1712929e-05     0.022351322       2.9798317      0.96847404     0.033482447      0.99534301      -24.280118       -24.280118       2460.2095                                                 2460.2095
              8       1205.6659      0.36568588      0.30512155   9.1678748e-05     0.022353027       2.9801922      0.96876527      0.03356988      0.99545304      -24.280118       -24.280118        2459.892                                                  2459.892
              2       1204.8853      0.37412747      0.30430527   9.1574157e-05      0.02236173       2.9810198      0.96962842     0.033177385      0.99645214      -24.280118       -24.280118       2458.3308                                                 2458.3308
              6       1205.4187      0.50106366      0.30464087    9.204243e-05     0.022579067       2.9868479      0.96869289     0.037345448      0.99536616      -24.280118       -24.280118       2459.3975                                                 2459.3975
              1       1205.6606        0.457527      0.30514102   9.1976236e-05     0.022532429       2.9858671      0.96653152     0.036511965      0.99530566      -24.280118       -24.280118       2459.8814                                                 2459.8814
              1       1206.8459       0.6067616      0.31056694   9.3756502e-05     0.022612785       2.9993944       0.9658883     0.042386506      0.99662783      -24.280118       -24.280118       2462.2521                                                 2462.2521
              3       1205.5767      0.55953095      0.31027347   9.3432509e-05      0.02264182       3.0091542      0.96702978     0.047138632      0.99601652      -24.280118       -24.280118       2459.7135                                                 2459.7135
              1        1205.209      0.51909425      0.30878538   9.2929424e-05     0.022662229       3.0092997       0.9667285      0.04592122      0.99712011      -24.280118       -24.280118       2458.9783                                                 2458.9783
              3       1204.8363      0.52221368      0.30877887   9.2977026e-05     0.022637351       3.0117515      0.96699522     0.046969409      0.99743216      -24.280118       -24.280118       2458.2328                                                 2458.2328
              4       1205.4105      0.43980702      0.30792014   9.2520125e-05     0.022599839       3.0080855      0.96684748     0.045216062      0.99726554      -24.280118       -24.280118       2459.3813                                                 2459.3813
              3       1207.3805      0.18923701      0.29619075   8.9175586e-05      0.02257826       3.0194371      0.96512879     0.046845771       1.0009785      -24.280118       -24.280118       2463.3213                                                 2463.3213
              1       1207.3878       0.1897911      0.29629635   8.9251057e-05     0.022525854       3.0193822      0.96499636     0.045682388       1.0019437      -24.280118       -24.280118       2463.3358                                                 2463.3358
              4       1207.0224      0.20550547      0.29646422   8.9334058e-05     0.022527434       3.0182656      0.96494623     0.045662858       1.0014135      -24.280118       -24.280118        2462.605                                                  2462.605
              1       1206.8429      0.17646661      0.29656525   8.9227869e-05     0.022500091        3.017998      0.96452526     0.045364708       1.0014535      -24.280118       -24.280118        2462.246                                                  2462.246
              1       1206.7874      0.15003864      0.29612028   8.9080026e-05     0.022465643       3.0075115      0.96409242     0.040448328       1.0012039      -24.280118       -24.280118        2462.135                                                  2462.135
              2       1206.8036      0.14932472      0.29610393   8.9074728e-05     0.022464842       3.0075511      0.96409157     0.040452837       1.0012195      -24.280118       -24.280118       2462.1674                                                 2462.1674
              5       1207.0933      0.12501037      0.29624826   8.9012065e-05     0.022453486       3.0003726      0.96350487     0.036738871       1.0013068      -24.280118       -24.280118       2462.7467                                                 2462.7467
              3       1206.8684      0.13040292      0.29552612   8.8880137e-05     0.022460697       2.9996814      0.96436466     0.036503084       1.0014421      -24.280118       -24.280118        2462.297                                                  2462.297
              1       1207.3121      0.11040831      0.29442639   8.8549901e-05     0.022492937       2.9996448      0.96476435     0.036408716       1.0017005      -24.280118       -24.280118       2463.1845                                                 2463.1845
              1       1207.6343      0.12944174      0.29569006    8.895863e-05     0.022455044       2.9962373      0.96448443     0.034532839       1.0020825      -24.280118       -24.280118       2463.8288                                                 2463.8288
              1       1208.5056      0.13637261      0.29536285   8.8901273e-05     0.022474978       2.9971279       0.9639598     0.034365828       1.0026658      -24.280118       -24.280118       2465.5714                                                 2465.5714
              1         1207.33      0.28985497      0.29786491   9.0049099e-05     0.022552638       3.0097126      0.96748462     0.041495699       1.0025462      -24.280118       -24.280118       2463.2202                                                 2463.2202
              1        1206.896      0.35178177      0.29877025   9.0467795e-05      0.02248235       3.0100806      0.97146572     0.040076044       1.0051825      -24.280118       -24.280118       2462.3522                                                 2462.3522
              7       1207.6445      0.38486724        0.303276   9.1478282e-05     0.022455311       3.0228887      0.97022721     0.046096029       1.0055683      -24.280118       -24.280118       2463.8492                                                 2463.8492
              2       1208.3571      0.34958444       0.3035307   9.1348018e-05     0.022453729       3.0344911      0.96926369     0.050631018       1.0059598      -24.280118       -24.280118       2465.2745                                                 2465.2745
              6       1207.7373      0.34991903      0.30274725   9.1239405e-05      0.02245909       3.0320873      0.96968196     0.050301161       1.0053539      -24.280118       -24.280118       2464.0349                                                 2464.0349
              3       1208.1282      0.32545672      0.30386382    9.139752e-05     0.022421182       3.0247256      0.96897781     0.045603038       1.0060654      -24.280118       -24.280118       2464.8166                                                 2464.8166
              1       1208.4794      0.35798612      0.30479195   9.1676813e-05     0.022475664       3.0266921      0.97002224     0.046843851       1.0060249      -24.280118       -24.280118       2465.5189                                                 2465.5189
              1       1208.3606      0.32275335      0.30447941   9.1227028e-05     0.022651899       2.9830209      0.96401359     0.026953761       1.0022728      -24.280118       -24.280118       2465.2814                                                 2465.2814
              2       1208.0351      0.30087618      0.30470066   9.1124104e-05     0.022652248       2.9822735      0.96383197     0.026448053       1.0021367      -24.280118       -24.280118       2464.6304                                                 2464.6304
              1       1208.8279      0.59281894      0.31819481   9.5063862e-05     0.022614417       2.9916077      0.96203678     0.033981946      0.99859216      -24.280118       -24.280118       2466.2161                                                 2466.2161
              7       1208.7511      0.63896691      0.31875643   9.5316367e-05     0.022648224       2.9913377      0.96257732     0.033317679      0.99914578      -24.280118       -24.280118       2466.0624                                                 2466.0624
              2       1208.3666      0.60512297      0.31844654   9.5153569e-05     0.022608271       2.9934646      0.96215941     0.035106065      0.99829642      -24.280118       -24.280118       2465.2934                                                 2465.2934
              2       1206.2519       0.4297302      0.31063471   9.2979305e-05     0.022541753       3.0209595      0.96935016     0.043824125       1.0029773      -24.280118       -24.280118       2461.0641                                                 2461.0641
              1        1205.761      0.44454355      0.30890527   9.2716041e-05      0.02256021       3.0271306      0.96915988     0.048093491       1.0021407      -24.280118       -24.280118       2460.0822                                                 2460.0822
              6       1206.4155      0.39977682      0.30641787   9.1972646e-05      0.02259928       3.0302239      0.97021086     0.049274143       1.0023282      -24.280118       -24.280118       2461.3912                                                 2461.3912
              9       1207.5234      0.34144219      0.30562563   9.1818626e-05     0.022421947       3.0139007      0.96294334     0.041290196       1.0023867      -24.280118       -24.280118        2463.607                                                  2463.607
              1       1206.3534      0.50458196      0.30648455   9.2824901e-05     0.022420929       3.0231985      0.96819252     0.048738276       1.0021759      -24.280118       -24.280118        2461.267                                                  2461.267
              1        1206.826      0.47542293      0.30500382   9.2409469e-05     0.022429118       3.0259779      0.96844619     0.050109459       1.0022183      -24.280118       -24.280118       2462.2123                                                 2462.2123
              1        1205.945      0.42694616      0.30397098   9.1976603e-05      0.02243262       3.0202098      0.96835397     0.047830813        1.001718      -24.280118       -24.280118       2460.4503                                                 2460.4503
              4       1204.9741      0.41086439      0.30609492   9.2292384e-05     0.022350331       3.0251799      0.97301657     0.048813702       1.0026816      -24.280118       -24.280118       2458.5084                                                 2458.5084
              1       1206.1828      0.48485768      0.31245933   9.3520464e-05     0.022542543        3.025716      0.97107986     0.049079774      0.99977442      -24.280118       -24.280118       2460.9259                                                 2460.9259
              7       1206.1566      0.44627308      0.31242982   9.3269259e-05     0.022554387       3.0295304      0.97054119     0.051063759      0.99983781      -24.280118       -24.280118       2460.8734                                                 2460.8734
              1       1209.3409      0.48314083      0.31150006   9.3550423e-05     0.022440435       3.0441009      0.97329666     0.055921176       1.0042892      -24.280118       -24.280118        2467.242                                                  2467.242
              2       1209.5548      0.50944696      0.31178887   9.3698205e-05     0.022455524       3.0460551      0.97413943     0.056923509       1.0043168      -24.280118       -24.280118       2467.6699                                                 2467.6699
              1       1209.6729      0.49532288      0.31098852   9.3497407e-05     0.022458392       3.0442149      0.97614501     0.057578981       1.0033319      -24.280118       -24.280118       2467.9061                                                 2467.9061
              1       1210.2397      0.58130203      0.31076947   9.3750865e-05      0.02257997       3.0525395      0.97619717     0.063341718       1.0025564      -24.280118       -24.280118       2469.0397                                                 2469.0397
              4       1209.5752      0.67062238      0.31495923    9.501767e-05     0.022523152       3.0483913      0.97598366     0.062134913       1.0020154      -24.280118       -24.280118       2467.7107                                                 2467.7107
              9       1209.6089      0.65611136      0.31418058   9.4835463e-05     0.022490899       3.0486115         0.97614     0.062607532       1.0018853      -24.280118       -24.280118       2467.7781                                                 2467.7781
              2       1205.2431      0.63625922      0.31226728   9.4296035e-05     0.022511485       3.0335684       0.9743442      0.05431611       1.0022009      -24.280118       -24.280118       2459.0464                                                 2459.0464
              3       1204.6764      0.59414344      0.31248095   9.4049547e-05     0.022558292       3.0288717      0.97293266      0.05221115       1.0015341      -24.280118       -24.280118        2457.913                                                  2457.913
              6       1204.2298      0.43983091      0.30685044   9.2296682e-05     0.022581988       3.0257065      0.97275109     0.052578564      0.99854102      -24.280118       -24.280118       2457.0198                                                 2457.0198
              1       1204.9184      0.39518794      0.30454935   9.1652299e-05     0.022591744       3.0299881      0.97276989      0.05433381      0.99891777      -24.280118       -24.280118       2458.3971                                                 2458.3971
              4        1205.227      0.39435545      0.30482845   9.1730128e-05     0.022595554       3.0275415      0.97304684     0.052159143      0.99990097      -24.280118       -24.280118       2459.0143                                                 2459.0143
              1       1205.0042      0.41200114      0.30589477   9.1996601e-05     0.022602612       3.0261582      0.97256358      0.05084063       1.0002988      -24.280118       -24.280118       2458.5687                                                 2458.5687
              4       1205.0584      0.37823557      0.30470721   9.1411452e-05     0.022690683       3.0113706      0.97086449     0.045291645      0.99691664      -24.280118       -24.280118       2458.6771                                                 2458.6771
              6       1205.0638      0.37910424      0.30475264   9.1416573e-05     0.022694021       3.0113444      0.97096299     0.045281877      0.99692047      -24.280118       -24.280118       2458.6879                                                 2458.6879
              3       1206.0255      0.42902977      0.30652023   9.2012976e-05     0.022718685       3.0086387      0.97060244     0.044302441      0.99670379      -24.280118       -24.280118       2460.6112                                                 2460.6112
              4       1206.7369      0.40739561      0.30753397   9.2155106e-05     0.022648406       3.0021185      0.96983197     0.036422613       1.0002124      -24.280118       -24.280118       2462.0341                                                 2462.0341
              4       1206.1848      0.45680869      0.31078343   9.3152747e-05     0.022536901       3.0068339      0.97036268     0.039421037      0.99986079      -24.280118       -24.280118       2460.9299                                                 2460.9299
              8       1203.2228      0.27263465      0.29921179   8.9966276e-05     0.022531155       3.0017902      0.97213985     0.037754519       1.0008686      -24.280118       -24.280118       2455.0058                                                 2455.0058
              1       1202.4804      0.28102496      0.30291624   9.0794459e-05     0.022477644       3.0059197      0.96990018     0.040044826      0.99993866      -24.280118       -24.280118        2453.521                                                  2453.521
              7       1203.3093      0.28048163      0.30311082   9.0786925e-05     0.022481304       3.0046319      0.96961748     0.038728768      0.99994802      -24.280118       -24.280118       2455.1787                                                 2455.1787
              1       1203.6186      0.24606895      0.30219043    9.039145e-05     0.022498716       3.0053188      0.96891012     0.039273407      0.99967109      -24.280118       -24.280118       2455.7975                                                 2455.7975
              3       1203.6417      0.24471293      0.30207535   9.0362371e-05     0.022499502       3.0054343      0.96900769     0.039356484      0.99966385      -24.280118       -24.280118       2455.8437                                                 2455.8437
              1       1204.5718      0.17499547       0.2998793   8.9675816e-05     0.022469987       3.0001148      0.96778651     0.036936965      0.99921706      -24.280118       -24.280118       2457.7039                                                 2457.7039
              1       1204.0237      0.22499549       0.2996836   8.9774264e-05     0.022573687       2.9974091       0.9679885     0.036857829      0.99817929      -24.280118       -24.280118       2456.6077                                                 2456.6077
             15       1206.0781      0.32096094       0.3093973   9.2349174e-05     0.022359962       2.9677584      0.96924978     0.027184682      0.99422606      -24.280118       -24.280118       2460.7164                                                 2460.7164
              1       1204.9829      0.21684895       0.3031896   9.0717289e-05     0.022355642       3.0055511      0.96827883     0.045829574      0.99450425      -24.280118       -24.280118       2458.5261                                                 2458.5261
              7       1204.9726      0.22735188       0.3038541    9.089689e-05     0.022354176       3.0051606      0.96800975     0.045627801      0.99438646      -24.280118       -24.280118       2458.5055                                                 2458.5055
              3       1204.5933      0.26551688      0.30016803   9.0229326e-05     0.022474689       3.0066282      0.96647786     0.044438341      0.99599736      -24.280118       -24.280118       2457.7468                                                 2457.7468
              6       1205.1766      0.27028282      0.30027385   9.0317601e-05     0.022440253        3.009108      0.96682032     0.046271007      0.99544765      -24.280118       -24.280118       2458.9134                                                 2458.9134
              1       1206.4561       0.2736723       0.3003982   9.0146521e-05     0.022490952       3.0191579      0.96822809      0.04948483      0.99651329      -24.280118       -24.280118       2461.4725                                                 2461.4725
              2       1206.4663      0.27261858       0.3003987   9.0142162e-05     0.022490599       3.0191437      0.96820384     0.049466752      0.99651223      -24.280118       -24.280118       2461.4929                                                 2461.4929
              2        1203.819      0.26230497      0.30432438   9.1225473e-05     0.022308217       3.0125733      0.96914326     0.046851121      0.99745899      -24.280118       -24.280118       2456.1982                                                 2456.1982
             10       1203.9887      0.38925007      0.30780271   9.2305745e-05     0.022466615       3.0191308      0.97205306     0.051271114      0.99637443      -24.280118       -24.280118       2456.5375                                                 2456.5375
              2       1205.7256       0.5851234       0.3141764   9.4373367e-05     0.022446952       3.0057287      0.97283423     0.047597315      0.99356405      -24.280118       -24.280118       2460.0114                                                 2460.0114
              1       1206.0176      0.56365583      0.31381537   9.4266065e-05     0.022411382       3.0046188      0.97265238     0.047415446      0.99313942      -24.280118       -24.280118       2460.5954                                                 2460.5954
              2       1205.6107      0.57227951      0.31226215   9.4031553e-05     0.022390815       3.0025571      0.97303054     0.046550314       0.9942345      -24.280118       -24.280118       2459.7816                                                 2459.7816
              3       1205.9722      0.58067315      0.31204145   9.4036987e-05     0.022362251       3.0019448      0.97450796     0.045775621      0.99471749      -24.280118       -24.280118       2460.5047                                                 2460.5047
              7       1205.0417      0.52845535      0.31104991    9.364098e-05     0.022338216       3.0015899      0.97389951     0.044837781      0.99528429      -24.280118       -24.280118       2458.6436                                                 2458.6436
              1       1205.0891      0.51299258      0.31082742   9.3569544e-05      0.02231523       3.0016678      0.97397511     0.044782415      0.99523682      -24.280118       -24.280118       2458.7384                                                 2458.7384
              1       1204.8511      0.48895684      0.31161697   9.3495483e-05     0.022311343       3.0014078      0.97152176     0.041771614      0.99663252      -24.280118       -24.280118       2458.2625                                                 2458.2625
             12       1203.5372      0.37026828      0.30477523   9.1522307e-05     0.022423774        2.989737       0.9715239     0.034599779      0.99766646      -24.280118       -24.280118       2455.6346                                                 2455.6346
              5       1202.3934      0.42940496      0.30553192   9.1881599e-05     0.022499659       3.0033085      0.97176828     0.041412639      0.99787695      -24.280118       -24.280118       2453.3469                                                 2453.3469
              5       1202.3961      0.43419888      0.30470737    9.185223e-05     0.022447501       3.0009623      0.97063612     0.041253383      0.99780205      -24.280118       -24.280118       2453.3524                                                 2453.3524
              7       1202.4481      0.48217628      0.30586554   9.2281708e-05     0.022466508       3.0025121      0.97153491     0.042621356      0.99758998      -24.280118       -24.280118       2453.4564                                                 2453.4564
              2       1205.2232      0.63681153      0.30495026     9.25968e-05     0.022694088       3.0111966      0.97724369     0.046685515      0.99860773      -24.280118       -24.280118       2459.0067                                                 2459.0067
              1        1205.659      0.66628127      0.30531669   9.2754259e-05     0.022745498       3.0163392      0.97472031     0.047641046       1.0001529      -24.280118       -24.280118       2459.8781                                                 2459.8781
              3       1205.6053      0.65488243      0.30481721   9.2608078e-05     0.022744486       3.0170757      0.97475477     0.047889582       1.0002782      -24.280118       -24.280118       2459.7708                                                 2459.7708
              5       1205.4127      0.63498866       0.3040925   9.2392415e-05     0.022727757       3.0181154      0.97431397     0.048508964       1.0001842      -24.280118       -24.280118       2459.3856                                                 2459.3856
             10        1205.378      0.58433141      0.30545157   9.2233314e-05     0.022812239       3.0167686      0.97151407     0.047104178      0.99955076      -24.280118       -24.280118       2459.3162                                                 2459.3162
              1       1207.8531      0.55716545       0.3058419    9.208975e-05     0.022848772       2.9937071      0.97029991     0.037474842      0.99627386      -24.280118       -24.280118       2464.2664                                                 2464.2664
              3       1206.9745       0.5973877      0.30803907   9.2830146e-05     0.022781555       3.0002593      0.97163518     0.041542737      0.99541498      -24.280118       -24.280118       2462.5093                                                 2462.5093
              9       1206.7283      0.60803316       0.3097733   9.3231646e-05     0.022744444       2.9992366      0.97090239     0.041403537      0.99499468      -24.280118       -24.280118       2462.0169                                                 2462.0169
              1       1206.6745      0.60917201       0.3097162   9.3224693e-05     0.022747216       2.9998757      0.97096527     0.041736709      0.99502329      -24.280118       -24.280118       2461.9091                                                 2461.9091
              4        1206.735      0.57640543      0.30751041   9.2686949e-05     0.022721664       2.9869166      0.96850474     0.035775018       0.9953709      -24.280118       -24.280118       2462.0302                                                 2462.0302
              2       1206.1416        0.643148      0.31003619   9.3681487e-05     0.022606461       2.9940988      0.96811995     0.039897148       0.9955605      -24.280118       -24.280118       2460.8434                                                 2460.8434
              1         1206.31      0.64060233      0.30989437     9.36375e-05     0.022606147       2.9940668       0.9679375     0.039921593      0.99547252      -24.280118       -24.280118       2461.1803                                                 2461.1803
              3       1205.4234      0.46792609      0.31167882   9.3186216e-05     0.022540478       3.0157769      0.96431829     0.043450292       1.0000717      -24.280118       -24.280118       2459.4069                                                 2459.4069
              3       1206.4531      0.49130064      0.31274206   9.3547088e-05     0.022498696       3.0140681      0.96294673     0.043654503      0.99891537      -24.280118       -24.280118       2461.4664                                                 2461.4664
              5       1206.2739      0.50977932      0.31306164   9.3703792e-05     0.022494323       3.0163444      0.96363473     0.044957086      0.99887226      -24.280118       -24.280118        2461.108                                                  2461.108
              1       1205.4025      0.56452806      0.31482076   9.4280065e-05     0.022496337       3.0094156      0.96429471     0.040527088        1.000748      -24.280118       -24.280118       2459.3652                                                 2459.3652
              7       1205.7408      0.57417195      0.31486572   9.4231943e-05     0.022569293        3.016903      0.96471896      0.04558735      0.99971659      -24.280118       -24.280118       2460.0419                                                 2460.0419
              2       1205.8889      0.59374981      0.31533609   9.4421555e-05     0.022564668       3.0189821      0.96500525     0.046733946       0.9996412      -24.280118       -24.280118        2460.338                                                  2460.338
              5       1205.8926      0.59640434      0.31530331    9.442465e-05     0.022569024       3.0191974      0.96506098     0.046873902      0.99964308      -24.280118       -24.280118       2460.3455                                                 2460.3455
              4       1205.9281      0.48754186      0.30988036    9.293963e-05     0.022533631       3.0263197      0.96575309     0.053769189      0.99701169      -24.280118       -24.280118       2460.4164                                                 2460.4164
             10       1206.0514      0.49394812      0.31037781   9.3078966e-05     0.022532142       3.0271589      0.96566477     0.054175583      0.99698766      -24.280118       -24.280118        2460.663                                                  2460.663
              3       1205.5783      0.41538764       0.3112612   9.3231373e-05     0.022316831       2.9907892      0.96662631      0.03527867       0.9962054      -24.280118       -24.280118       2459.7168                                                 2459.7168
              5       1204.2371      0.43057017      0.31011001   9.3074237e-05     0.022325871       2.9923756      0.96958613      0.03618909      0.99685829      -24.280118       -24.280118       2457.0344                                                 2457.0344
              2       1204.0528      0.43141149      0.30996995   9.3030427e-05     0.022331176       2.9919451      0.96954121     0.036429928      0.99650607      -24.280118       -24.280118       2456.6659                                                 2456.6659
              1       1203.9978      0.43150061      0.30980812   9.3003705e-05     0.022331169       2.9914857      0.96946801     0.036207467      0.99655113      -24.280118       -24.280118       2456.5558                                                 2456.5558
              2       1204.0395      0.56170219       0.3116672   9.4015503e-05     0.022328853       2.9995833      0.96955721     0.040774833      0.99720914      -24.280118       -24.280118       2456.6392                                                 2456.6392
              6       1204.0554      0.52311915       0.3120021   9.3720438e-05     0.022448677       2.9985034      0.96501904     0.038925688      0.99748154      -24.280118       -24.280118        2456.671                                                  2456.671
              1        1203.965      0.54374379      0.31224779   9.3867025e-05      0.02245313       3.0001687      0.96546265     0.039962892      0.99745891      -24.280118       -24.280118       2456.4903                                                 2456.4903
              4       1204.0371      0.54523439      0.31234019   9.3891569e-05     0.022452828       3.0003146      0.96537601     0.040045104      0.99744425      -24.280118       -24.280118       2456.6343                                                 2456.6343
              2       1205.7427       0.4203177      0.31165467    9.346234e-05     0.022266817       3.0202152      0.96595943     0.047541089       1.0001786      -24.280118       -24.280118       2460.0457                                                 2460.0457
              3       1207.1252      0.49351978      0.31392876   9.4254519e-05     0.022164066       3.0155072      0.96696776     0.045517116       1.0006361      -24.280118       -24.280118       2462.8106                                                 2462.8106
              1       1204.9445      0.63314502      0.30982362   9.3794448e-05     0.022453248       3.0028329      0.96990387     0.039439137       1.0012829      -24.280118       -24.280118       2458.4492                                                 2458.4492
              2       1204.5829      0.57242113      0.30661239   9.2938732e-05     0.022455616        3.005805      0.96951116     0.041550333       1.0011217      -24.280118       -24.280118        2457.726                                                  2457.726
              3       1203.9492      0.55008368      0.30540677   9.2631365e-05     0.022456449       3.0100821      0.97095363     0.043352847       1.0013737      -24.280118       -24.280118       2456.4586                                                 2456.4586
              7       1204.8303      0.56980928      0.30519294   9.2743132e-05     0.022433202       3.0102537      0.97140372     0.044267849       1.0011806      -24.280118       -24.280118       2458.2209                                                 2458.2209
              1       1204.0537       0.5062963      0.30475524   9.2447893e-05     0.022378129       3.0122824      0.97194377     0.045916142        1.000428      -24.280118       -24.280118       2456.6677                                                 2456.6677
              2       1203.8942      0.53400631      0.30383854   9.2265891e-05     0.022464494       3.0173431      0.97260569     0.048790023      0.99997337      -24.280118       -24.280118       2456.3486                                                 2456.3486
              5        1204.423       0.5296266       0.3040768   9.2316672e-05     0.022465537       3.0248497       0.9719098     0.052232615        1.000252      -24.280118       -24.280118       2457.4063                                                 2457.4063
              3        1204.539      0.54124813      0.30433355   9.2424447e-05     0.022468096       3.0255587      0.97240347     0.053142649      0.99988546      -24.280118       -24.280118       2457.6382                                                 2457.6382
              3       1204.6233      0.45388968      0.30497935   9.2085609e-05     0.022532631       3.0034801      0.96595482     0.041120609      0.99936167      -24.280118       -24.280118       2457.8068                                                 2457.8068
             12       1204.8588      0.39755164      0.30371339    9.163053e-05      0.02248106       2.9955959      0.96534653     0.036647096      0.99898222      -24.280118       -24.280118       2458.2779                                                 2458.2779
              8       1205.9248      0.39848109       0.3034827   9.1697264e-05     0.022409283       2.9903045      0.96552046      0.03500761      0.99815995      -24.280118       -24.280118       2460.4099                                                 2460.4099
              2       1205.9724      0.41076346      0.30259947   9.1535018e-05     0.022444901       2.9924354      0.96620163     0.035785913      0.99842531      -24.280118       -24.280118        2460.505                                                  2460.505
              1       1205.7235       0.3802041      0.30007656   9.0911678e-05      0.02245705        3.005259      0.96750576      0.04359754      0.99764752      -24.280118       -24.280118       2460.0073                                                 2460.0073
              1        1205.154      0.22265626      0.29717637   8.9666754e-05     0.022402379       2.9953519      0.97062968     0.038561095      0.99695366      -24.280118       -24.280118       2458.8683                                                 2458.8683
              1       1205.2839      0.18555362      0.29673373    8.931362e-05     0.022411592       2.9937542      0.96930201     0.037619652      0.99652386      -24.280118       -24.280118        2459.128                                                  2459.128
              4       1206.6247      0.14852432      0.29506424   8.8862143e-05     0.022390317       2.9911383      0.96862425      0.03653424      0.99630002      -24.280118       -24.280118       2461.8096                                                 2461.8096
              3       1206.6326      0.17732129      0.29548217   8.8870575e-05     0.022504827       2.9943587      0.96809586     0.038618594      0.99542508      -24.280118       -24.280118       2461.8255                                                 2461.8255
              5       1207.2246     0.063927009      0.29530858   8.8252891e-05     0.022531679       2.9831986      0.96641754     0.029473275      0.99814394      -24.280118       -24.280118       2463.0095                                                 2463.0095
              1        1205.052      0.26171483      0.30126819   9.0165224e-05     0.022642912       3.0019862      0.96618561      0.03905026       0.9977103      -24.280118       -24.280118       2458.6642                                                 2458.6642
              2       1207.0352      0.19884564       0.2983439   8.9284124e-05     0.022656195       3.0043907      0.96467096     0.040545648       0.9973349      -24.280118       -24.280118       2462.6306                                                 2462.6306
              7       1208.0489      0.23731471      0.30110193    8.985455e-05     0.022728432       2.9969278      0.96348235     0.037352528      0.99726559      -24.280118       -24.280118        2464.658                                                  2464.658
              1       1204.6646      0.35665588      0.30617199   9.1450928e-05     0.022634767       3.0084724      0.96649864     0.043892925      0.99697117      -24.280118       -24.280118       2457.8894                                                 2457.8894
              6       1203.9058      0.30709798      0.30399737   9.1223586e-05     0.022413937       3.0080109      0.96538422     0.039645416       1.0014447      -24.280118       -24.280118       2456.3718                                                 2456.3718
              2       1204.3069      0.29301764      0.30455131   9.1309528e-05     0.022394391       3.0061171       0.9649474     0.038077554       1.0020634      -24.280118       -24.280118       2457.1741                                                 2457.1741
             14       1205.0555      0.38795391       0.3063481   9.2223295e-05     0.022384823       3.0096555      0.96462932     0.043336394      0.99976363      -24.280118       -24.280118       2458.6713                                                 2458.6713
              2       1205.1264      0.40176777      0.30682237   9.2367262e-05     0.022397228        3.005897      0.96438849     0.041413517      0.99977655      -24.280118       -24.280118       2458.8131                                                 2458.8131
              1       1204.9856      0.39552945      0.30643874   9.2252669e-05     0.022423237       3.0078229       0.9650644     0.042536168      0.99980953      -24.280118       -24.280118       2458.5314                                                 2458.5314
              2       1205.3906      0.41316277      0.30659928   9.2347956e-05     0.022458111       3.0051813      0.96592989     0.043946632       0.9966097      -24.280118       -24.280118       2459.3415                                                 2459.3415
              1       1204.3851      0.46700398      0.31075832   9.3112096e-05     0.022557838       3.0131269      0.96838883     0.045202078      0.99754587      -24.280118       -24.280118       2457.3304                                                 2457.3304
             11       1204.4719      0.42462685      0.30899681   9.2605054e-05     0.022527751       3.0092398      0.96814539     0.042929382      0.99761749      -24.280118       -24.280118       2457.5039                                                 2457.5039
              2       1203.7083      0.36658632      0.30806494   9.2326923e-05     0.022396433       3.0084299      0.97143038     0.042925277      0.99815708      -24.280118       -24.280118       2455.9768                                                 2455.9768
              4       1203.6016      0.34982723      0.30760446   9.2153346e-05     0.022395069       3.0080751       0.9711626     0.042770458      0.99807995      -24.280118       -24.280118       2455.7635                                                 2455.7635
              6       1204.0678      0.33271353      0.31022805   9.2562865e-05     0.022368176       2.9955988      0.96856226     0.035026655      0.99879222      -24.280118       -24.280118       2456.6957                                                 2456.6957
              2       1205.7044      0.42844574      0.31609988   9.4164317e-05     0.022345973       2.9862148       0.9685147      0.03119184      0.99801295      -24.280118       -24.280118        2459.969                                                  2459.969
              2       1205.7342      0.42117843      0.31614398   9.4139168e-05     0.022343256       2.9867334      0.96832661     0.031109776      0.99832047      -24.280118       -24.280118       2460.0287                                                 2460.0287
              2       1204.8819      0.39423876      0.31239031   9.3275557e-05     0.022379015       2.9924189      0.96686735     0.037771538      0.99639578      -24.280118       -24.280118       2458.3241                                                 2458.3241
              6       1205.8394      0.36545599      0.31257477   9.3282828e-05     0.022305663        2.989568      0.96545335     0.036355589      0.99624856      -24.280118       -24.280118       2460.2391                                                 2460.2391
              1       1206.2761      0.39029037      0.31365696   9.3613352e-05     0.022302354       2.9907314      0.96528217       0.0372772      0.99592333      -24.280118       -24.280118       2461.1125                                                 2461.1125
              3       1206.7278       0.3722898      0.31365147    9.356639e-05     0.022281847        2.990669      0.96483461     0.036935757      0.99618697      -24.280118       -24.280118       2462.0158                                                 2462.0158
             18       1204.1955      0.41634718      0.30801664    9.224452e-05     0.022553887       3.0123343      0.97267751     0.042761077       1.0019883      -24.280118       -24.280118       2456.9513                                                 2456.9513
              7       1204.7783      0.40228811      0.30775193    9.219963e-05     0.022501335       3.0168873       0.9727119     0.045037725       1.0023398      -24.280118       -24.280118       2458.1168                                                 2458.1168
              4       1204.4549      0.43760834       0.3083303   9.2494323e-05     0.022477481       3.0150457      0.97318497     0.044047744        1.002527      -24.280118       -24.280118       2457.4701                                                 2457.4701
              6        1206.329      0.45855253      0.31053832   9.2998278e-05     0.022472408       3.0165987      0.97347452     0.043094011       1.0040523      -24.280118       -24.280118       2461.2183                                                 2461.2183
             11        1205.894      0.49723094      0.31051731   9.3091136e-05     0.022546347       3.0256217      0.97347829     0.047965505       1.0035873      -24.280118       -24.280118       2460.3482                                                 2460.3482
              1       1205.5491      0.44499138      0.30983323   9.2685038e-05     0.022537027       3.0070982      0.97353391     0.040350552       1.0018945      -24.280118       -24.280118       2459.6585                                                 2459.6585
              3       1202.3267      0.36762201      0.30626747   9.1697777e-05     0.022543734       2.9926837      0.96897908     0.034472572      0.99894771      -24.280118       -24.280118       2453.2137                                                 2453.2137
              3       1202.4079      0.36651804      0.30577519   9.1613087e-05      0.02253542       2.9884511      0.96908164     0.032515796      0.99903274      -24.280118       -24.280118       2453.3761                                                 2453.3761
              8       1203.5144      0.36422209      0.30687472   9.1734918e-05     0.022585294       2.9906937      0.97129608     0.033116694      0.99990204      -24.280118       -24.280118        2455.589                                                  2455.589
              3       1203.6843      0.37510276      0.30698234   9.1748082e-05     0.022615226       2.9905271      0.96982735     0.032722551      0.99999312      -24.280118       -24.280118       2455.9289                                                 2455.9289
              4        1203.035      0.34203083      0.30547296    9.143158e-05     0.022540001       2.9826835      0.97017985     0.030018017      0.99903132      -24.280118       -24.280118       2454.6303                                                 2454.6303
              2       1202.9878      0.33521393      0.30488952   9.1287986e-05     0.022550622       2.9832615      0.97025943     0.030128098      0.99922641      -24.280118       -24.280118       2454.5358                                                 2454.5358
              1       1203.0576      0.34180305      0.30482032   9.1293434e-05     0.022556381       2.9829867      0.97042126     0.029978761      0.99927879      -24.280118       -24.280118       2454.6754                                                 2454.6754
              3        1206.957       0.3124154      0.30721238   9.1637258e-05     0.022530681       2.9769549      0.97530481     0.025131953       1.0007837      -24.280118       -24.280118       2462.4743                                                 2462.4743
              3       1207.0336      0.28756401      0.30748729   9.1597112e-05     0.022504042       2.9715404      0.97404388     0.021898019       1.0011098      -24.280118       -24.280118       2462.6274                                                 2462.6274
              3       1207.0492      0.28748094      0.30742955   9.1585452e-05     0.022503481       2.9713688      0.97408961     0.021910409       1.0010528      -24.280118       -24.280118       2462.6585                                                 2462.6585
              3       1207.1849      0.30455125      0.30873687   9.1871567e-05     0.022519084        2.970179      0.97325852     0.020982066       1.0010741      -24.280118       -24.280118       2462.9301                                                 2462.9301
              1       1205.1695      0.39415619      0.31129662    9.288766e-05     0.022438983       2.9764001      0.97240776     0.024378346       1.0004706      -24.280118       -24.280118       2458.8992                                                 2458.8992
              4       1204.1877      0.33400036      0.30848155    9.205484e-05     0.022416535       2.9762176      0.97062027     0.026731889      0.99836063      -24.280118       -24.280118       2456.9356                                                 2456.9356
              1       1204.2023      0.30892831      0.30766728   9.1786621e-05     0.022410908       2.9755786      0.97002277     0.026126942      0.99856268      -24.280118       -24.280118       2456.9649                                                 2456.9649
              4       1204.4478      0.31543039      0.30726947   9.1760568e-05     0.022381899       2.9795435      0.97093578     0.027774186      0.99912505      -24.280118       -24.280118       2457.4558                                                 2457.4558
              2       1204.9746      0.43511453      0.30592257   9.2353655e-05     0.022332616        2.988327      0.96957485     0.034171939      0.99768194      -24.280118       -24.280118       2458.5095                                                 2458.5095
              1       1204.0089        0.437014       0.3044029   9.1961993e-05     0.022420985       2.9992121      0.97011913     0.039264663      0.99805539      -24.280118       -24.280118       2456.5781                                                 2456.5781
              1       1204.2808      0.33003671      0.30317586   9.1138782e-05     0.022386459       2.9946629       0.9684217     0.036500861      0.99761684      -24.280118       -24.280118       2457.1218                                                 2457.1218
              5       1204.2604      0.32961796      0.30305911   9.1132651e-05     0.022371124       2.9943082      0.96913732     0.036280441      0.99782874      -24.280118       -24.280118       2457.0809                                                 2457.0809
              3       1204.3494      0.29083408      0.30174621   9.0656614e-05     0.022418042       2.9874606      0.96963628     0.033798533      0.99676033      -24.280118       -24.280118       2457.2589                                                 2457.2589
              4       1204.7102      0.47618016       0.3016542   9.1493402e-05     0.022511088       3.0083894      0.97304106     0.045383422      0.99730939      -24.280118       -24.280118       2457.9807                                                 2457.9807
              2       1205.1406       0.4349148      0.29915925   9.0860224e-05     0.022499299       3.0069423      0.97383181     0.045374858      0.99714992      -24.280118       -24.280118       2458.8415                                                 2458.8415
              4       1206.6193      0.38722022      0.29914425   9.0838162e-05     0.022367846       3.0118718      0.97178552     0.048327834      0.99667474      -24.280118       -24.280118       2461.7988                                                 2461.7988
              2       1207.1525      0.36654869      0.29861598   9.0684769e-05     0.022353448       3.0184611      0.97011754     0.050537558      0.99788835      -24.280118       -24.280118       2462.8653                                                 2462.8653
              3       1202.9383      0.28509827      0.30350069   9.1083568e-05     0.022443915       3.0097089      0.96815524     0.044313362      0.99811632      -24.280118       -24.280118       2454.4368                                                 2454.4368
              1       1203.8256       0.3341539      0.30667776   9.1937667e-05     0.022403521       3.0131405      0.96725107     0.047236304       0.9966288      -24.280118       -24.280118       2456.2114                                                 2456.2114
              2       1203.7747      0.35639287      0.30691373   9.2064838e-05     0.022422917       3.0138436      0.96724958     0.047524783      0.99669311      -24.280118       -24.280118       2456.1096                                                 2456.1096
              2       1204.8072      0.35284177       0.3068656   9.2083889e-05     0.022412798       3.0236731      0.96774431     0.051734029      0.99753736      -24.280118       -24.280118       2458.1746                                                 2458.1746
              2       1205.4505      0.38537647      0.30678341   9.2087231e-05     0.022512452       3.0289997      0.96994736     0.055875741      0.99643509      -24.280118       -24.280118       2459.4612                                                 2459.4612
              1       1205.7593      0.37400105      0.30565088   9.1833784e-05      0.02250933       3.0299488      0.97000462     0.056821116      0.99614565      -24.280118       -24.280118       2460.0788                                                 2460.0788
              1       1206.0023      0.57787552      0.31318131   9.4205817e-05     0.022478686       3.0343264      0.96843513     0.057771501      0.99752043      -24.280118       -24.280118       2460.5649                                                 2460.5649
              7       1205.7101      0.61606862      0.31271042   9.4238628e-05     0.022528824       3.0351528      0.96964054     0.058159623       0.9976468      -24.280118       -24.280118       2459.9804                                                 2459.9804
              2       1205.6568      0.61261785      0.31271245   9.4221257e-05     0.022528655       3.0352854      0.96971512     0.058106174      0.99773346      -24.280118       -24.280118       2459.8738                                                 2459.8738
              3       1204.0677      0.51292237      0.30849209   9.2758861e-05     0.022604768       3.0115854      0.96877132     0.046476202      0.99614469      -24.280118       -24.280118       2456.6956                                                 2456.6956
              4       1203.3925      0.35689101      0.30631803   9.1788789e-05     0.022481142       2.9996945        0.966289     0.041187547      0.99566447      -24.280118       -24.280118       2455.3453                                                 2455.3453
              1       1204.1986       0.4195516      0.30853118   9.2519684e-05     0.022476516       2.9924585      0.96527357     0.038190763       0.9951742      -24.280118       -24.280118       2456.9575                                                 2456.9575
              5       1204.2561      0.42239733      0.30912592   9.2655094e-05     0.022462407       2.9914305      0.96550714     0.037969018      0.99489247      -24.280118       -24.280118       2457.0725                                                 2457.0725
              5       1204.9301       0.5639489      0.31402427   9.4261373e-05     0.022365086       2.9954528       0.9673566     0.035175188       1.0004318      -24.280118       -24.280118       2458.4204                                                 2458.4204
              3       1206.7946      0.50118293      0.31536006   9.4381393e-05     0.022287326       2.9920023      0.96304419     0.035125417      0.99872202      -24.280118       -24.280118       2462.1494                                                 2462.1494
              4        1205.174      0.44983653      0.31311049   9.3741934e-05     0.022304229       2.9972076      0.96363945     0.038289361      0.99777326      -24.280118       -24.280118       2458.9081                                                 2458.9081
              3       1204.7424      0.49472321      0.31248722   9.3794587e-05     0.022316314        2.998037      0.96677813     0.041548975      0.99562059      -24.280118       -24.280118       2458.0451                                                 2458.0451
              4       1204.8901      0.42843914      0.30823229   9.2655523e-05     0.022347882       3.0029858       0.9657478     0.044151204      0.99513448      -24.280118       -24.280118       2458.3404                                                 2458.3404
              5        1203.896      0.60353295      0.31413076   9.4336441e-05     0.022512967       3.0040203      0.96952139     0.042591103      0.99801127      -24.280118       -24.280118       2456.3523                                                 2456.3523
              9       1203.8984      0.60829514      0.31493354   9.4539619e-05     0.022500278       3.0004881      0.96931502     0.040863112      0.99787197      -24.280118       -24.280118        2456.357                                                  2456.357
              4       1203.9396      0.59040599      0.31430547   9.4329006e-05     0.022507242       3.0018678      0.96889156      0.04136846       0.9981702      -24.280118       -24.280118       2456.4395                                                 2456.4395
              4       1203.9998      0.60329108      0.31425537   9.4330115e-05     0.022551043       3.0136717      0.97214148     0.044588785       1.0009499      -24.280118       -24.280118       2456.5598                                                 2456.5598
              1       1204.3042      0.60714295      0.31398789   9.4375492e-05     0.022522094       3.0173722      0.97047436     0.045467958       1.0021518      -24.280118       -24.280118       2457.1686                                                 2457.1686
              2       1204.4375      0.62948764      0.31290268   9.4267583e-05     0.022546734       3.0205453      0.97153083       0.0481185       1.0016799      -24.280118       -24.280118       2457.4353                                                 2457.4353
              1       1203.7817      0.63370896      0.31148476   9.4001115e-05     0.022616702       3.0196633      0.97290581     0.046171511       1.0025746      -24.280118       -24.280118       2456.1237                                                 2456.1237
              3       1203.8859      0.54552413      0.30774639   9.2907203e-05     0.022585369        3.021684       0.9735679      0.04640975       1.0035433      -24.280118       -24.280118       2456.3321                                                 2456.3321
              2       1203.7915      0.54229043      0.30752349   9.2838064e-05     0.022590393       3.0221457      0.97341427     0.046668019       1.0034419      -24.280118       -24.280118       2456.1432                                                 2456.1432
              4       1204.0834      0.53259681      0.30582251   9.2465112e-05     0.022619181        3.015363      0.97250532     0.043052379       1.0036839      -24.280118       -24.280118       2456.7269                                                 2456.7269
              1       1203.7798      0.49977951      0.30711715   9.2520989e-05     0.022602098       3.0060897      0.97086246     0.037420039       1.0037239      -24.280118       -24.280118       2456.1199                                                 2456.1199
              4       1204.5583      0.49570283      0.30164556   9.1488536e-05     0.022533718       3.0074912      0.97314759     0.040825715       1.0018735      -24.280118       -24.280118       2457.6769                                                 2457.6769
              9       1205.5346      0.45718789      0.29987717    9.097551e-05     0.022540953       3.0052282      0.97324855     0.038697175       1.0027579      -24.280118       -24.280118       2459.6294                                                 2459.6294
              1       1204.9235      0.37763003      0.29899684   9.0367044e-05     0.022582037       3.0036464      0.97286389     0.038074793       1.0014391      -24.280118       -24.280118       2458.4073                                                 2458.4073
              1       1205.1213      0.51624496      0.30519324   9.2068446e-05     0.022621692       3.0208413      0.97449445     0.045898164       1.0019986      -24.280118       -24.280118       2458.8028                                                 2458.8028
              6        1205.393      0.47064403      0.30288499    9.144487e-05     0.022605734        3.029384      0.97448181     0.050547848        1.001902      -24.280118       -24.280118       2459.3462                                                 2459.3462
              4       1205.0907      0.47672953       0.3047876   9.1896338e-05     0.022532103       3.0271019      0.97370265     0.048457725       1.0031116      -24.280118       -24.280118       2458.7416                                                 2458.7416
             12       1208.8423      0.62984298      0.31455188   9.4722857e-05     0.022424766       3.0501559      0.97127401     0.062493866       1.0008786      -24.280118       -24.280118       2466.2449                                                 2466.2449
              3       1209.2523      0.63573053       0.3159454   9.5085523e-05     0.022377827       3.0465966      0.96852546     0.059648217       1.0017868      -24.280118       -24.280118       2467.0649                                                 2467.0649
              2       1209.4613      0.61048866      0.31512575   9.4818674e-05     0.022368862       3.0482563      0.96861725     0.060364946       1.0018443      -24.280118       -24.280118       2467.4828                                                 2467.4828
              1       1210.5242      0.66093042      0.31521759   9.5006361e-05     0.022390085        3.047508       0.9694424     0.058083628       1.0033552      -24.280118       -24.280118       2469.6086                                                 2469.6086
              1       1209.2268      0.64348575      0.31836966   9.5300673e-05      0.02242693       3.0280888      0.96994553     0.049999531         1.00019      -24.280118       -24.280118       2467.0139                                                 2467.0139
              9       1209.6896      0.47773525      0.31377453   9.3995783e-05     0.022158882       2.9926289      0.96484447     0.033290502      0.99944567      -24.280118       -24.280118       2467.9394                                                 2467.9394
              4       1209.5882      0.37746532      0.31239365    9.307884e-05     0.022215788       2.9947334      0.96670492     0.037394071       0.9962272      -24.280118       -24.280118       2467.7366                                                 2467.7366
              2       1209.5008      0.25114935      0.30843102    9.155468e-05      0.02238412       3.0010462      0.96695195     0.038000143      0.99680158      -24.280118       -24.280118       2467.5619                                                 2467.5619
              1       1210.6482      0.36640031      0.31003757    9.210952e-05     0.022546575       2.9885828      0.96828725     0.031840393      0.99668133      -24.280118       -24.280118       2469.8566                                                 2469.8566
              1       1210.9018      0.47310284      0.31355614    9.327721e-05     0.022569695       2.9933473      0.96934032     0.035690148      0.99534636      -24.280118       -24.280118       2470.3638                                                 2470.3638
              1       1212.1709      0.55354577      0.30751688   9.2420019e-05     0.022657016       3.0171865      0.97048163     0.047196961      0.99691165      -24.280118       -24.280118        2472.902                                                  2472.902
              3       1213.0512      0.42051896      0.29783295   8.9951355e-05     0.022788535       3.0041815       0.9688982     0.046099291      0.99281718      -24.280118       -24.280118       2474.6626                                                 2474.6626
              1       1213.1484      0.43048981      0.29806938   9.0045542e-05     0.022789128       3.0028452      0.96883229     0.045593536      0.99270676      -24.280118       -24.280118        2474.857                                                  2474.857
              5       1213.6336      0.48667634       0.2985856   9.0343412e-05     0.022871018       3.0087277      0.97088153     0.048819275      0.99268229      -24.280118       -24.280118       2475.8274                                                 2475.8274
              3       1212.8046      0.46248416      0.29778375   9.0043687e-05     0.022907507       3.0057139      0.96971724     0.045138219      0.99460172      -24.280118       -24.280118       2474.1695                                                 2474.1695
              4       1213.3902      0.47641757      0.29897011   9.0295973e-05     0.022922781       3.0071685      0.96926197     0.046041061      0.99418445      -24.280118       -24.280118       2475.3406                                                 2475.3406
              3       1210.1508      0.37970522      0.30212622   9.1065949e-05     0.022469036       3.0111319      0.96431419     0.050138817      0.99272743      -24.280118       -24.280118       2468.8618                                                 2468.8618
              2       1210.0528      0.33917239      0.29987495   9.0431875e-05     0.022478695       3.0143894      0.96464587     0.050907743      0.99362068      -24.280118       -24.280118       2468.6657                                                 2468.6657
              3       1208.1477      0.23690047      0.29915911   8.9882893e-05     0.022507969       3.0084385      0.96431577     0.046223755      0.99428789      -24.280118       -24.280118       2464.8557                                                 2464.8557
              4       1206.6117      0.29957528      0.30085437   9.0487775e-05     0.022528616       3.0122059      0.96514275     0.047510998      0.99525777      -24.280118       -24.280118       2461.7837                                                 2461.7837
              2       1206.5909      0.30571429      0.30125477   9.0593321e-05     0.022525641       3.0121692      0.96503421     0.047601084       0.9951483      -24.280118       -24.280118        2461.742                                                  2461.742
              5       1207.6715      0.21151893       0.3006879   9.0227835e-05     0.022431388       3.0134916      0.96265135     0.046915831      0.99628283      -24.280118       -24.280118       2463.9032                                                 2463.9032
              1       1205.4663      0.46664906      0.30914035   9.2685725e-05     0.022606434       3.0087046      0.96329967     0.040337827       1.0004605      -24.280118       -24.280118       2459.4929                                                 2459.4929
              2       1205.1862      0.47972038      0.30628893   9.2139331e-05     0.022657806       3.0064654      0.96482066     0.040002035       1.0002123      -24.280118       -24.280118       2458.9325                                                 2458.9325
              5       1203.0595       0.5234208      0.30889077   9.3016789e-05     0.022524761       3.0153942      0.97497621     0.044511933       1.0017417      -24.280118       -24.280118       2454.6793                                                 2454.6793
              1       1203.9502      0.58677058      0.30963001   9.3410127e-05     0.022563327       3.0212079       0.9762089     0.047416786       1.0021287      -24.280118       -24.280118       2456.4606                                                 2456.4606
              4       1203.9316      0.58157482      0.30948995   9.3375124e-05      0.02256018       3.0229411      0.97597512     0.048115157       1.0021906      -24.280118       -24.280118       2456.4234                                                 2456.4234
              4       1203.8677      0.52280492      0.30561791   9.2262058e-05     0.022623418       3.0275374      0.97557777     0.050716196       1.0019316      -24.280118       -24.280118       2456.2957                                                 2456.2957
              1       1204.6106      0.54792959      0.30681129   9.2749083e-05     0.022546309       3.0168511      0.97747003     0.045781057       1.0011575      -24.280118       -24.280118       2457.7814                                                 2457.7814
             11       1203.9515      0.52512975      0.30640203    9.256716e-05     0.022535981       3.0128741      0.97674157     0.044458973       1.0003559      -24.280118       -24.280118       2456.4633                                                 2456.4633
              2       1203.3992      0.53363032      0.30466569   9.2240094e-05     0.022576023       3.0042767      0.97560234     0.040939747       1.0000103      -24.280118       -24.280118       2455.3586                                                 2455.3586
             11       1203.7967      0.53690071      0.30463464   9.2296407e-05     0.022538317       3.0005989      0.97663174     0.040228413      0.99926864      -24.280118       -24.280118       2456.1536                                                 2456.1536
              1       1203.8316      0.54556686      0.30419698   9.2197205e-05     0.022585752       3.0031037      0.97704767     0.041826778      0.99905943      -24.280118       -24.280118       2456.2235                                                 2456.2235
              1       1204.1427      0.60640806      0.30526316   9.2665315e-05     0.022603915       3.0001483      0.97528499      0.04049437      0.99906911      -24.280118       -24.280118       2456.8457                                                 2456.8457
              1       1203.7303      0.55760255      0.30479321   9.2338192e-05     0.022571428       2.9972583       0.9738379     0.040556804       0.9973062      -24.280118       -24.280118       2456.0207                                                 2456.0207
              2       1203.5339      0.54448816      0.30459023   9.2210017e-05     0.022589231       2.9999413      0.97324045     0.041424031       0.9972951      -24.280118       -24.280118       2455.6281                                                 2455.6281
              1        1203.046      0.50198325      0.30425263   9.1987753e-05      0.02254915       3.0134585      0.97335073     0.047609466      0.99760522      -24.280118       -24.280118       2454.6522                                                 2454.6522
              3       1203.3426      0.28062881      0.29856296   8.9899395e-05     0.022543105       3.0072831      0.96913222     0.044463608      0.99755445      -24.280118       -24.280118       2455.2455                                                 2455.2455
              4       1204.5551      0.22386424      0.29588999   8.9114263e-05     0.022564757       3.0055523      0.96828591     0.042886964       0.9976824      -24.280118       -24.280118       2457.6704                                                 2457.6704
              2       1204.3888      0.26246196      0.29717246   8.9630889e-05     0.022482639        3.006101      0.96865454     0.042794495      0.99803279      -24.280118       -24.280118       2457.3379                                                 2457.3379
              1       1204.4871      0.26205307      0.29647875   8.9500837e-05     0.022484432       3.0105308      0.96945771     0.045011289      0.99832324      -24.280118       -24.280118       2457.5344                                                 2457.5344
              1       1205.1907      0.22159164      0.29680039   8.9432641e-05     0.022426307       3.0135905      0.96803346     0.046932883      0.99774388      -24.280118       -24.280118       2458.9417                                                 2458.9417
              5       1206.4401      0.31937912      0.29976839   9.0702788e-05     0.022366785       3.0128636      0.96937416     0.050063576      0.99537121      -24.280118       -24.280118       2461.4403                                                 2461.4403
              1       1206.5356      0.34288157      0.29972858   9.0880131e-05     0.022351724       3.0029832      0.96853383     0.041817385      0.99904953      -24.280118       -24.280118       2461.6315                                                 2461.6315
              3         1205.47      0.43343208      0.29874884   9.0881467e-05     0.022473526        3.014248      0.97203787     0.046739967       1.0002269      -24.280118       -24.280118       2459.5003                                                 2459.5003
              1       1202.8068       0.4191836      0.30145132   9.1192183e-05     0.022543699       3.0036503      0.97234972     0.040462575       1.0003039      -24.280118       -24.280118       2454.1738                                                 2454.1738
              4       1202.7924      0.46407987      0.30281576   9.1676412e-05     0.022522308       2.9984858      0.97280547     0.038829346      0.99967855      -24.280118       -24.280118        2454.145                                                  2454.145
             10       1203.1489      0.39738803      0.30556423   9.2014678e-05      0.02239153       3.0083996       0.9689741     0.046203551      0.99712697      -24.280118       -24.280118        2454.858                                                  2454.858
              2       1203.0907      0.40498969      0.30559394    9.204311e-05     0.022402231        3.008885      0.96908248      0.04650012      0.99707135      -24.280118       -24.280118       2454.7416                                                 2454.7416
              9       1203.1756      0.29893741      0.30093647   9.0733257e-05     0.022416331       3.0109283      0.96987868     0.044467777      0.99972797      -24.280118       -24.280118       2454.9115                                                 2454.9115
              1       1204.7676      0.37672943      0.30334339    9.158634e-05     0.022346838       3.0185496      0.97295702     0.052066494      0.99736185      -24.280118       -24.280118       2458.0954                                                 2458.0954
              1        1204.792      0.36888566      0.30300595   9.1494013e-05     0.022341392       3.0183204      0.97292993     0.051798959      0.99754669      -24.280118       -24.280118       2458.1442                                                 2458.1442
              2       1205.3298      0.22967964      0.29824834   8.9899918e-05     0.022461469       2.9873666       0.9731333     0.036873022      0.99578781      -24.280118       -24.280118       2459.2198                                                 2459.2198
              1       1205.3214      0.22864241       0.2982763   8.9900525e-05     0.022460326       2.9873646      0.97318912     0.036856813      0.99579576      -24.280118       -24.280118        2459.203                                                  2459.203
              4       1205.1064      0.21056946      0.29817872   8.9795276e-05     0.022458273       2.9875701      0.97261141     0.036636481       0.9958589      -24.280118       -24.280118       2458.7731                                                 2458.7731
              1       1205.4414       0.2127475      0.29811007   8.9802963e-05     0.022458853       2.9863269      0.97307894     0.036089262      0.99586659      -24.280118       -24.280118        2459.443                                                  2459.443
              9       1205.4967      0.20176577      0.29807191   8.9757513e-05     0.022445143       2.9854415      0.97297943      0.03566151      0.99581029      -24.280118       -24.280118       2459.5536                                                 2459.5536
              4       1205.4931      0.20508559      0.29808411   8.9758618e-05     0.022455531       2.9846018      0.97305711     0.035382289      0.99577144      -24.280118       -24.280118       2459.5464                                                 2459.5464
              4       1205.2727      0.22004689      0.29874676   8.9938151e-05     0.022464709       2.9825447      0.97254875     0.034106579      0.99585898      -24.280118       -24.280118       2459.1057                                                 2459.1057
              5       1205.2865      0.21437966      0.29810687   8.9808166e-05     0.022453077       2.9861509      0.97306672     0.036137593       0.9959863      -24.280118       -24.280118       2459.1333                                                 2459.1333
              1       1206.3577       0.2211272       0.2980617   8.9813709e-05     0.022489724       2.9819548      0.97330854     0.034633497      0.99572313      -24.280118       -24.280118       2461.2756                                                 2461.2756
              7       1206.3671      0.22708768      0.29842373    8.986684e-05     0.022477355        2.979971      0.97460676     0.032840708       0.9970907      -24.280118       -24.280118       2461.2945                                                 2461.2945
              1       1205.5076      0.23723269      0.29933795   9.0114315e-05     0.022461155        2.989655      0.97362238     0.036927655      0.99793884      -24.280118       -24.280118       2459.5755                                                 2459.5755
              1       1204.9512       0.2606831      0.29996824   9.0313475e-05     0.022474902       2.9898767      0.97278426     0.037520428      0.99728884      -24.280118       -24.280118       2458.4626                                                 2458.4626
              6       1204.8973      0.26264671      0.29949294    9.025842e-05     0.022470787       2.9889911      0.97227742     0.036485735      0.99792799      -24.280118       -24.280118       2458.3549                                                 2458.3549
              1       1204.0564      0.20922178      0.29853488   8.9789736e-05     0.022461463       2.9920806      0.97137988     0.036592663      0.99881015      -24.280118       -24.280118       2456.6731                                                 2456.6731
              5       1207.0336      0.55647007      0.31281917   9.4418128e-05     0.022315457       2.9749979       0.9723385     0.027082563      0.99928868      -24.280118       -24.280118       2462.6275                                                 2462.6275
              3       1205.9882      0.69453464      0.31690908   9.5651987e-05     0.022398064       2.9744018      0.97192767     0.027425049      0.99879738      -24.280118       -24.280118       2460.5366                                                 2460.5366
              5       1207.1989      0.61820575      0.31923365   9.5364179e-05     0.022632618       2.9874404      0.97077865     0.030699959       1.0002109      -24.280118       -24.280118        2462.958                                                  2462.958
              1       1207.1369      0.61768254      0.31900057   9.5299573e-05     0.022635637       2.9894355      0.97203518     0.032069118      0.99983489      -24.280118       -24.280118        2462.834                                                  2462.834
              1       1206.1183      0.38249506      0.30895786   9.2186916e-05     0.022641939       2.9797323      0.97160295     0.025479211       1.0018185      -24.280118       -24.280118       2460.7969                                                 2460.7969
              1       1205.8739       0.3400929      0.31007975    9.223904e-05     0.022574912       2.9762481      0.96958587     0.023870666       1.0009622      -24.280118       -24.280118       2460.3081                                                 2460.3081
             15       1205.5709      0.43050891       0.3120216   9.2949652e-05     0.022590415       2.9720429      0.96889102     0.022474012        1.000158      -24.280118       -24.280118        2459.702                                                  2459.702
              2       1205.2007      0.41323584      0.31129353   9.2760013e-05     0.022576954       2.9705481      0.96862779     0.021729765        1.000161      -24.280118       -24.280118       2458.9616                                                 2458.9616
              8       1205.0279      0.41358212      0.31232323   9.3004615e-05     0.022537032       2.9718814      0.96796474     0.022742534      0.99959358      -24.280118       -24.280118        2458.616                                                  2458.616
              1       1204.5066      0.41300988      0.31226984    9.307129e-05     0.022479646       2.9761661      0.96934735     0.026164204      0.99895283      -24.280118       -24.280118       2457.5735                                                 2457.5735
              2       1205.5769      0.24329914      0.30531648   9.0934207e-05     0.022507336       2.9979286      0.96614907     0.038921626      0.99538668      -24.280118       -24.280118       2459.7141                                                 2459.7141
              3       1208.1134      0.35282955      0.30752308   9.1677708e-05     0.022564807       3.0100835      0.97098456     0.043523345      0.99638447      -24.280118       -24.280118        2464.787                                                  2464.787
             11       1208.1389      0.34057699      0.30712754   9.1549574e-05     0.022555288       3.0096798      0.97079668     0.043154551      0.99653789      -24.280118       -24.280118        2464.838                                                  2464.838
              2       1204.5251      0.29250648       0.3041414    9.092547e-05     0.022519411       3.0018323      0.96779204     0.040150415      0.99652609      -24.280118       -24.280118       2457.6103                                                 2457.6103
              1       1204.1455      0.30057928      0.30440062   9.1041812e-05     0.022510119       2.9979036      0.96838195     0.037571764      0.99716128      -24.280118       -24.280118       2456.8512                                                 2456.8512
              1       1204.0664      0.40588711      0.30908551   9.2373526e-05     0.022553109       3.0033438      0.96707212     0.038581877      0.99862219      -24.280118       -24.280118       2456.6931                                                 2456.6931
              5       1204.2212      0.39317961      0.30827728   9.2118298e-05     0.022577829       3.0024071      0.96693731     0.037832987      0.99883919      -24.280118       -24.280118       2457.0026                                                 2457.0026
              8       1203.4043      0.46303476      0.30869072   9.2560483e-05     0.022543295        3.001002      0.96809131     0.039111183      0.99778638      -24.280118       -24.280118       2455.3688                                                 2455.3688
              1       1204.6919      0.37954195      0.30550544    9.157355e-05     0.022581825       2.9959723      0.96624451     0.037632072      0.99629149      -24.280118       -24.280118       2457.9441                                                 2457.9441
              1       1207.1194      0.26459021      0.30735011   9.1364268e-05     0.022556314       2.9955563      0.96127183      0.03538008      0.99746753      -24.280118       -24.280118        2462.799                                                  2462.799
              2       1208.5877      0.33089752      0.30713544   9.1524803e-05     0.022616152        2.993482      0.96029811     0.035189515      0.99712774      -24.280118       -24.280118       2465.7357                                                 2465.7357
              3       1208.5053      0.36736756      0.30809937   9.1971989e-05     0.022580183       3.0029825      0.95950721     0.039624047      0.99766353      -24.280118       -24.280118       2465.5709                                                 2465.5709
              2       1208.6479      0.38651747      0.30787666   9.1887388e-05     0.022618541       2.9999331      0.96091291     0.038584302      0.99683006      -24.280118       -24.280118        2465.856                                                  2465.856
              4       1208.9783      0.37616704      0.30727153   9.1703745e-05      0.02268323       2.9985708        0.961687     0.038593128      0.99566432      -24.280118       -24.280118       2466.5168                                                 2466.5168
              2       1206.7224      0.42389665      0.30749345   9.1901554e-05     0.022744086       3.0032794      0.96473512     0.039784983      0.99739007      -24.280118       -24.280118       2462.0051                                                 2462.0051
              2       1206.7792      0.41419056      0.30828238   9.2009892e-05     0.022727153       2.9967502      0.96486813     0.036597697      0.99705731      -24.280118       -24.280118       2462.1187                                                 2462.1187
              9       1206.4496     0.061277958      0.29268338   8.7856673e-05     0.022554499       2.9938907      0.96825113     0.036832273      0.99692992      -24.280118       -24.280118       2461.4594                                                 2461.4594
              6       1206.2362     0.048589678      0.29478614   8.8274032e-05     0.022505623       2.9853524      0.96661781     0.030930773      0.99795592      -24.280118       -24.280118       2461.0326                                                 2461.0326
              7       1205.9456      0.18452927      0.29834066   8.9624337e-05     0.022521003       2.9881962       0.9662784     0.032282198      0.99845285      -24.280118       -24.280118       2460.4513                                                 2460.4513
              1       1205.9008       0.3171902      0.30254734   9.0877132e-05     0.022551575       2.9733031      0.96648308      0.02550418      0.99737051      -24.280118       -24.280118       2460.3619                                                 2460.3619
              2       1205.3181       0.1912477       0.3011867   9.0030166e-05     0.022501372       2.9642183      0.96794486      0.01873424       0.9991949      -24.280118       -24.280118       2459.1965                                                 2459.1965
              1       1205.3127      0.18951497      0.30089412   8.9949564e-05     0.022509458       2.9655538      0.96810013      0.01944504      0.99916931      -24.280118       -24.280118       2459.1857                                                 2459.1857
              3       1206.1947      0.23366217      0.30575321   9.1435876e-05     0.022191614       2.9760381      0.96919556     0.027224747       0.9975708      -24.280118       -24.280118       2460.9496                                                 2460.9496
              1       1205.9904      0.24737407      0.30321152   9.0839609e-05     0.022301381       2.9901522      0.96828664       0.0307957       1.0004233      -24.280118       -24.280118        2460.541                                                  2460.541
              2       1207.1196      0.24980766       0.3045991    9.123799e-05     0.022240324       2.9852807      0.96650054      0.02762115       1.0009543      -24.280118       -24.280118       2462.7993                                                 2462.7993
              1       1207.0066      0.25313158      0.30494141   9.1310419e-05     0.022249664       2.9855935      0.96655971     0.027712469       1.0009095      -24.280118       -24.280118       2462.5735                                                 2462.5735
              2       1206.4642      0.41055593      0.30867934   9.2747138e-05     0.022263457       2.9946828      0.96678148     0.034643782      0.99900937      -24.280118       -24.280118       2461.4886                                                 2461.4886
              2       1206.2609      0.39442082      0.30826901   9.2595862e-05     0.022265374       2.9960078      0.96634219     0.035349758      0.99895501      -24.280118       -24.280118       2461.0819                                                 2461.0819
              3       1206.2359      0.39217338      0.30821905   9.2562134e-05      0.02227187       2.9960269      0.96630711      0.03520462      0.99904426      -24.280118       -24.280118       2461.0321                                                 2461.0321
              1       1205.6765      0.30276449      0.30583027   9.1758916e-05     0.022302047       3.0216247      0.97139565     0.046481528       1.0016332      -24.280118       -24.280118       2459.9132                                                 2459.9132
              2       1203.0289      0.51963664      0.30718297    9.269934e-05     0.022562942       3.0206668      0.97561876      0.04961674      0.99976443      -24.280118       -24.280118        2454.618                                                  2454.618
              1       1203.0785      0.52397002      0.30712095   9.2708851e-05     0.022563232       3.0212002      0.97572261      0.04980002      0.99989515      -24.280118       -24.280118       2454.7172                                                 2454.7172
              2       1204.4853      0.41865215       0.3006741   9.0710082e-05     0.022693637       2.9904376      0.97473643     0.036430111      0.99734031      -24.280118       -24.280118       2457.5309                                                 2457.5309
              2       1205.3602       0.3726728      0.30014746    9.033276e-05     0.022714299       2.9926974      0.97474408     0.036229706      0.99756672      -24.280118       -24.280118       2459.2807                                                 2459.2807
              2       1205.2236      0.36002503      0.29945655   9.0187392e-05     0.022678262       2.9922767      0.97469809     0.035968614      0.99771011      -24.280118       -24.280118       2459.0074                                                 2459.0074
              1       1205.9276      0.31900251      0.29808016   8.9763988e-05     0.022663716       2.9932215      0.97639255     0.036985607       0.9974716      -24.280118       -24.280118       2460.4154                                                 2460.4154
              9       1205.9988      0.31429826      0.29766797   8.9664714e-05     0.022669116       2.9937934      0.97637104     0.037348683      0.99740969      -24.280118       -24.280118       2460.5578                                                 2460.5578
              2        1205.981      0.33485199      0.29735028   8.9683812e-05      0.02268901       2.9867155       0.9754813     0.033206156      0.99823021      -24.280118       -24.280118       2460.5222                                                 2460.5222
              2       1204.4796      0.38833376      0.29926455   9.0489635e-05     0.022558101       3.0039696      0.97472918      0.03898139       1.0012802      -24.280118       -24.280118       2457.5194                                                 2457.5194
              1       1204.9569       0.3825003      0.29748794   9.0194774e-05     0.022541844       3.0046209      0.97368061     0.041192591      0.99965855      -24.280118       -24.280118       2458.4741                                                 2458.4741
              1       1205.9309      0.40676181       0.3011001   9.1026556e-05     0.022565889       2.9972074      0.97215563     0.036309959      0.99945845      -24.280118       -24.280118        2460.422                                                  2460.422
              1       1205.8439      0.39442708      0.30262112   9.1115983e-05      0.02260304       2.9981829      0.96845427     0.036210557       0.9989313      -24.280118       -24.280118       2460.2481                                                 2460.2481
              9       1203.3382      0.51121641       0.3082299   9.2812541e-05      0.02259213       3.0048439      0.96815799      0.04073414      0.99880165      -24.280118       -24.280118       2455.2366                                                 2455.2366
              2       1203.3579      0.50822699      0.30822709   9.2792586e-05     0.022592955        3.004987      0.96814703     0.040656433      0.99889434      -24.280118       -24.280118       2455.2759                                                 2455.2759
              2       1202.7386      0.48369791      0.30635694   9.2325615e-05      0.02254238        3.004998      0.96914052     0.041822061      0.99810765      -24.280118       -24.280118       2454.0375                                                 2454.0375
              1        1202.412      0.47024296      0.30615119    9.236223e-05     0.022487224       3.0096678       0.9733049      0.04413493      0.99893583      -24.280118       -24.280118       2453.3843                                                 2453.3843
              2       1202.1885      0.42391739       0.3056414   9.2043061e-05     0.022487238       3.0088595      0.97271676     0.044134472      0.99837213      -24.280118       -24.280118       2452.9372                                                 2452.9372
              7       1202.5981      0.34206179      0.30237336   9.1060808e-05     0.022486722       2.9996539      0.97210466     0.039086486      0.99861627      -24.280118       -24.280118       2453.7565                                                 2453.7565
              3       1202.7536      0.30755243      0.30101226   9.0590714e-05     0.022482495       3.0027413      0.97202897     0.039565953      0.99939269      -24.280118       -24.280118       2454.0675                                                 2454.0675
              6       1202.7327      0.32679942      0.30173586   9.0837305e-05      0.02247179       3.0036822      0.97315268     0.040459607      0.99923165      -24.280118       -24.280118       2454.0257                                                 2454.0257
              3       1203.0426      0.50816876      0.30866041   9.2886677e-05     0.022449386        3.015273      0.97235516     0.046521507      0.99925291      -24.280118       -24.280118       2454.6455                                                 2454.6455
              2       1202.8497      0.39171503      0.30508378   9.1556151e-05     0.022553831       3.0149287      0.96989094     0.044555233       1.0010349      -24.280118       -24.280118       2454.2596                                                 2454.2596
              6       1203.2881      0.40119711       0.3045179   9.1426075e-05     0.022577027       3.0094715      0.96971134     0.041627448       1.0012127      -24.280118       -24.280118       2455.1365                                                 2455.1365
              1       1203.2563        0.401577      0.30397443   9.1311065e-05     0.022595678       3.0187326      0.97048564     0.046207763       1.0010709      -24.280118       -24.280118       2455.0729                                                 2455.0729
              1       1205.1498      0.49022471      0.30854535   9.2510481e-05     0.022610527       3.0214746      0.96808959     0.045921619       1.0019752      -24.280118       -24.280118       2458.8598                                                 2458.8598
              5       1205.9064       0.5260073      0.30739685   9.2418363e-05     0.022675997       3.0200891      0.96638789     0.047688346      0.99973397      -24.280118       -24.280118       2460.3731                                                 2460.3731
              2       1204.3936       0.5467169       0.3106685   9.3321341e-05     0.022526708          3.0147      0.96707806     0.045705006      0.99902348      -24.280118       -24.280118       2457.3475                                                 2457.3475
              8       1204.1169      0.57852312      0.30865956   9.3134232e-05      0.02257891       3.0262057      0.97105181     0.054255144       0.9972768      -24.280118       -24.280118        2456.794                                                  2456.794
             11        1204.842       0.2608222      0.30566179    9.122124e-05     0.022397869       2.9969228      0.97234931      0.03521993       0.9996916      -24.280118       -24.280118       2458.2443                                                 2458.2443
              2       1205.4409      0.28018953      0.30586298    9.114632e-05     0.022497244       3.0004185      0.97216499     0.036997046      0.99941424      -24.280118       -24.280118       2459.4421                                                 2459.4421
              1        1205.566      0.31292046      0.30721512   9.1570723e-05     0.022473823       2.9987752      0.97205263     0.035354075       1.0001696      -24.280118       -24.280118       2459.6922                                                 2459.6922
              1       1203.9292      0.41904076      0.31123164   9.2902794e-05     0.022466168       2.9976792      0.97182161     0.035815903      0.99980438      -24.280118       -24.280118       2456.4186                                                 2456.4186
              4       1203.4827      0.35646743      0.30730367   9.2119461e-05     0.022367794       2.9966756      0.97297601     0.035627977       1.0001513      -24.280118       -24.280118       2455.5255                                                 2455.5255
             12       1204.1218      0.38030444      0.30325597   9.1329311e-05     0.022442425       2.9757694       0.9702801     0.028171195      0.99741662      -24.280118       -24.280118       2456.8038                                                 2456.8038
              2       1204.3062      0.54199972       0.3078712    9.281585e-05     0.022550019       2.9804229      0.97006501     0.028683621      0.99918628      -24.280118       -24.280118       2457.1726                                                 2457.1726
              3       1205.0899      0.52769877      0.30919451   9.3204838e-05     0.022396063       2.9837837      0.96722486     0.029040497       1.0007196      -24.280118       -24.280118       2458.7401                                                 2458.7401
              2       1205.6701      0.47454524      0.31028176   9.3005564e-05     0.022438066       2.9878003      0.96411026     0.031103364       0.9993668      -24.280118       -24.280118       2459.9004                                                 2459.9004
              1       1207.9359      0.50844746      0.31015117   9.2987875e-05     0.022533761       2.9740173      0.96468336     0.026088424      0.99686255      -24.280118       -24.280118       2464.4321                                                 2464.4321
              4       1206.9986      0.47942827      0.30871458   9.2658054e-05     0.022493208       2.9697469      0.96567156     0.024157804      0.99704946      -24.280118       -24.280118       2462.5574                                                 2462.5574
              2       1206.9606      0.48218165      0.30874409   9.2676158e-05     0.022492711       2.9703864      0.96581862     0.024459775      0.99706431      -24.280118       -24.280118       2462.4814                                                 2462.4814
              4       1205.8271      0.41555604      0.30808037   9.2278342e-05     0.022502154       2.9763287      0.96552806     0.026564383      0.99722706      -24.280118       -24.280118       2460.2145                                                 2460.2145
              5       1205.8317      0.41397821      0.30806742   9.2269192e-05     0.022501379       2.9759743       0.9655225     0.026382571      0.99721915      -24.280118       -24.280118       2460.2236                                                 2460.2236
              1       1204.6697      0.39416621      0.30845269   9.2364949e-05     0.022425233       2.9867535      0.96885673     0.030598403      0.99855797      -24.280118       -24.280118       2457.8997                                                 2457.8997
              1       1204.6906       0.4339093      0.30833891   9.2591294e-05      0.02242473       2.9877264      0.97005289     0.032857198      0.99730525      -24.280118       -24.280118       2457.9413                                                 2457.9413
              1        1202.932      0.50523906      0.30901334   9.3031661e-05     0.022447593       2.9878747      0.97264139     0.033672293      0.99822909      -24.280118       -24.280118       2454.4242                                                 2454.4242
              5        1202.929      0.49772507      0.30897807   9.3000855e-05     0.022441863       2.9868944      0.97252028     0.033171467      0.99821976      -24.280118       -24.280118       2454.4183                                                 2454.4183
              3       1202.5162      0.48620831      0.30817181   9.2810755e-05     0.022458713       2.9872075      0.97064314     0.033289719      0.99829095      -24.280118       -24.280118       2453.5925                                                 2453.5925
              1       1202.8012      0.50584401      0.30900848   9.3013155e-05     0.022481764       2.9834025      0.97035631      0.03171808        0.997838      -24.280118       -24.280118       2454.1627                                                 2454.1627
              6       1203.1814      0.47250581      0.30951724   9.3043994e-05     0.022445418       2.9759494      0.97030663     0.028108952      0.99781063      -24.280118       -24.280118       2454.9231                                                 2454.9231
              1       1203.3036      0.44853058       0.3097265   9.2981941e-05      0.02242332        2.975048      0.96997365     0.028011254      0.99733874      -24.280118       -24.280118       2455.1674                                                 2455.1674
             10       1203.5292      0.41196906      0.30917295   9.2714153e-05      0.02246681       2.9784986      0.96999552     0.029532714      0.99746625      -24.280118       -24.280118       2455.6186                                                 2455.6186
              2       1203.5815      0.40142833      0.30968768   9.2727798e-05     0.022491205       2.9806118      0.96946001     0.029370534      0.99830655      -24.280118       -24.280118       2455.7232                                                 2455.7232
              4       1203.8171      0.30408286      0.30575782   9.1466674e-05     0.022468634       2.9656325      0.96752582     0.021462123      0.99807262      -24.280118       -24.280118       2456.1945                                                 2456.1945
              1       1204.0951      0.27623787      0.30618964   9.1411171e-05     0.022438749       2.9799744      0.96491515     0.026283282      0.99969214      -24.280118       -24.280118       2456.7505                                                 2456.7505
              2       1204.1613      0.25759119      0.30278635   9.0600576e-05     0.022519275       2.9866572      0.96667677     0.028854655       1.0004547      -24.280118       -24.280118       2456.8829                                                 2456.8829
              6       1204.1528      0.25752543      0.30273492   9.0576458e-05     0.022528748       2.9864179      0.96661963     0.028586019       1.0006275      -24.280118       -24.280118       2456.8658                                                 2456.8658
              1       1206.5158       0.3216908      0.30646373   9.1465502e-05     0.022639396       3.0031106      0.96610104     0.035068377       1.0013819      -24.280118       -24.280118       2461.5919                                                 2461.5919
             13       1207.1757      0.42262289      0.31179469    9.303867e-05     0.022560652       2.9971168      0.96515072     0.033550567      0.99949891      -24.280118       -24.280118       2462.9116                                                 2462.9116
              1       1206.8209      0.42978917      0.31188916   9.3132021e-05     0.022535888       2.9984274      0.96533257     0.034204002      0.99969869      -24.280118       -24.280118        2462.202                                                  2462.202
              3       1205.0343      0.48330839      0.31375211   9.3689636e-05     0.022521206       2.9954919      0.96703001     0.033675618      0.99935102      -24.280118       -24.280118       2458.6289                                                 2458.6289
              1       1203.6891      0.41962554      0.31046707   9.2811493e-05     0.022516272       2.9943065      0.96700826     0.034887528      0.99810168      -24.280118       -24.280118       2455.9385                                                 2455.9385
              3       1203.5536      0.44553084      0.30970914   9.2574383e-05     0.022618407       2.9976409      0.96774916     0.036389529      0.99866081      -24.280118       -24.280118       2455.6674                                                 2455.6674
              5       1203.7193      0.55650719       0.3136885   9.3898917e-05     0.022609281       3.0003383      0.96926172     0.040304441      0.99703087      -24.280118       -24.280118       2455.9989                                                 2455.9989
              1       1203.7859      0.55790914      0.31369511   9.3900247e-05     0.022612924       3.0007633      0.96933169     0.040514119      0.99702839      -24.280118       -24.280118        2456.132                                                  2456.132
              4       1203.6056      0.53268663       0.3127649   9.3613592e-05     0.022602099       3.0060649      0.96830886     0.042749702      0.99761946      -24.280118       -24.280118       2455.7715                                                 2455.7715
              2       1203.7754      0.55478392      0.31293253    9.373936e-05     0.022600802       3.0058454      0.96841513     0.043000202      0.99741112      -24.280118       -24.280118       2456.1111                                                 2456.1111
              1       1204.0128      0.54161272      0.31248589   9.3580924e-05     0.022611786       3.0063194      0.96745921     0.043285996      0.99695253      -24.280118       -24.280118       2456.5858                                                 2456.5858
              6       1204.0244      0.53632871      0.31291526   9.3666546e-05     0.022592639       3.0054258      0.96711103     0.042857725       0.9968576      -24.280118       -24.280118       2456.6091                                                 2456.6091
              2       1204.0969      0.51955547      0.31358821   9.3712655e-05     0.022541037       2.9982077      0.96772455      0.03821765      0.99756381      -24.280118       -24.280118        2456.754                                                  2456.754
              1       1203.0777      0.52842241      0.31305747     9.37037e-05     0.022552641       3.0022703      0.96946119     0.040597929      0.99789375      -24.280118       -24.280118       2454.7156                                                 2454.7156
              1       1203.0106      0.51894796      0.31271122   9.3589889e-05     0.022555006       3.0022426      0.96943209     0.040475726      0.99797592      -24.280118       -24.280118       2454.5815                                                 2454.5815
              1        1203.273      0.57769962      0.31237019   9.3759464e-05     0.022578485       3.0146819      0.97092365     0.045552747      0.99947221      -24.280118       -24.280118       2455.1062                                                 2455.1062
              2         1203.29      0.56201882       0.3103001   9.3278041e-05     0.022633351       3.0147319      0.97085619     0.046258177      0.99821334      -24.280118       -24.280118       2455.1402                                                 2455.1402
              1        1204.493      0.61409678      0.31257347   9.3868029e-05     0.022711044       3.0115931      0.96963056     0.043208343      0.99930747      -24.280118       -24.280118       2457.5463                                                 2457.5463
              3       1204.2133      0.60617534      0.31308238   9.3988718e-05     0.022671094       3.0088872      0.96955728     0.041265112      0.99977023      -24.280118       -24.280118       2456.9868                                                 2456.9868
             10       1204.1155      0.59124386      0.31277583   9.3865347e-05     0.022666904       3.0096598      0.96943279      0.04153338      0.99982385      -24.280118       -24.280118       2456.7912                                                 2456.7912
              4       1203.7813      0.61272673      0.31347633   9.4151576e-05     0.022660061       3.0136816      0.96920272     0.044865726      0.99907437      -24.280118       -24.280118       2456.1229                                                 2456.1229
              4       1204.3136      0.63909449      0.31430912   9.4406325e-05     0.022682417       3.0136647      0.96939584     0.044974973      0.99886731      -24.280118       -24.280118       2457.1874                                                 2457.1874
             14       1204.2827      0.61570185      0.31391239   9.4259815e-05     0.022655342       3.0173313      0.96905832     0.046357746      0.99915341      -24.280118       -24.280118       2457.1257                                                 2457.1257
              3       1206.3128       0.5790277      0.31068858   9.3450168e-05     0.022747223       3.0076086      0.96655658     0.041073154       0.9994863      -24.280118       -24.280118       2461.1859                                                 2461.1859
              2       1206.3856      0.64320723      0.31343177   9.4527411e-05     0.022571311       3.0020332      0.96435825     0.039585122      0.99944493      -24.280118       -24.280118       2461.3314                                                 2461.3314
              1       1208.9565      0.80657119       0.3145518   9.5446811e-05     0.022654323       3.0090149      0.96766489     0.046767814      0.99683772      -24.280118       -24.280118       2466.4732                                                 2466.4732
              6       1210.5058      0.87360116      0.31960692   9.6801566e-05     0.022595877       2.9859249       0.9687747     0.034973831      0.99654937      -24.280118       -24.280118       2469.5718                                                 2469.5718
              1       1208.5693      0.80447018      0.32013419    9.674103e-05     0.022510117       2.9853804      0.96665863     0.032892268      0.99827535      -24.280118       -24.280118       2465.6989                                                 2465.6989
              2       1207.7131      0.52932782      0.31081245   9.3844804e-05     0.022366631       2.9668324      0.96737507     0.024215292      0.99760436      -24.280118       -24.280118       2463.9865                                                 2463.9865
              1       1207.1627      0.50819631      0.30969739   9.3537881e-05     0.022359218       2.9705185      0.96753715     0.026149411      0.99768215      -24.280118       -24.280118       2462.8856                                                 2462.8856
              1       1207.3268      0.47892382      0.30973148   9.3465667e-05      0.02234233       2.9735581      0.96885442      0.02687803      0.99847369      -24.280118       -24.280118       2463.2138                                                 2463.2138
              2        1206.838      0.55152895      0.31299342   9.4444368e-05      0.02227516       2.9734461      0.97075523     0.027243553      0.99819587      -24.280118       -24.280118       2462.2361                                                 2462.2361
              1       1207.1798      0.59405278      0.31234942   9.4530675e-05     0.022289021       2.9780446      0.97171102     0.028968448      0.99916139      -24.280118       -24.280118       2462.9199                                                 2462.9199
              1       1206.8455      0.57123434      0.31506945   9.4751552e-05     0.022347093       2.9917932      0.96846052     0.031590428       1.0008987      -24.280118       -24.280118       2462.2511                                                 2462.2511
              4       1206.9901      0.76490842      0.32107073   9.6758116e-05     0.022424705       3.0120241      0.96979531     0.044317056      0.99900498      -24.280118       -24.280118       2462.5405                                                 2462.5405
              1       1207.2033      0.77412897      0.32140883   9.6866956e-05     0.022421513       3.0118689       0.9697339     0.044139592      0.99910055      -24.280118       -24.280118       2462.9669                                                 2462.9669
              4       1207.2801      0.77550725      0.32313541   9.7226834e-05     0.022406197        3.009787      0.96894958     0.042795066      0.99942704      -24.280118       -24.280118       2463.1204                                                 2463.1204
              2       1208.0141      0.81733698      0.32306021   9.7121831e-05     0.022581348       3.0146515      0.96812084     0.044576627      0.99958474      -24.280118       -24.280118       2464.5885                                                 2464.5885
              4       1208.1311      0.64387043      0.31461161   9.4740218e-05     0.022581758        3.016834      0.96464573     0.042755574       1.0023098      -24.280118       -24.280118       2464.8224                                                 2464.8224
              1       1208.2952      0.65203588      0.31475868   9.4761264e-05     0.022601018       3.0171026      0.96469959     0.042632455       1.0024175      -24.280118       -24.280118       2465.1506                                                 2465.1506
              2       1207.6447      0.52618676      0.30869736   9.2896351e-05     0.022709663       3.0229459      0.96651372     0.046897624       1.0009579      -24.280118       -24.280118       2463.8497                                                 2463.8497
              5       1207.6447      0.52035529      0.30839246   9.2809701e-05     0.022711823       3.0218701      0.96648641     0.046337816       1.0009776      -24.280118       -24.280118       2463.8497                                                 2463.8497
              5       1204.7924      0.36614811      0.30777786   9.2142966e-05     0.022557195       3.0108155      0.96676876     0.042672608      0.99896439      -24.280118       -24.280118        2458.145                                                  2458.145
              2       1205.9169      0.24635742      0.30556424   9.1136131e-05     0.022582714       3.0040766      0.96611284     0.040614843      0.99720603      -24.280118       -24.280118       2460.3941                                                 2460.3941
              8       1206.9504      0.30301121      0.30541502   9.1198599e-05     0.022703681       3.0034853      0.96615706     0.040842329      0.99660777      -24.280118       -24.280118       2462.4611                                                 2462.4611
              3       1206.6011      0.39170266      0.30444881   9.1376773e-05     0.022751615       3.0121232      0.97068991     0.044656296      0.99762251      -24.280118       -24.280118       2461.7624                                                 2461.7624
             11       1206.4526      0.56448244        0.307188   9.2953561e-05     0.022683108       3.0197828      0.97034794     0.047116943       1.0015958      -24.280118       -24.280118       2461.4654                                                 2461.4654
              2       1204.9337       0.5326346      0.31009237   9.3451277e-05     0.022446783        3.023106      0.97605125     0.047582178       1.0030408      -24.280118       -24.280118       2458.4277                                                 2458.4277
              4       1205.0882       0.4758244      0.31045576   9.3145672e-05     0.022490639       3.0163551      0.97429628     0.042384932       1.0040244      -24.280118       -24.280118       2458.7367                                                 2458.7367
              1       1205.3816      0.66013274      0.31616036   9.5227996e-05      0.02245315        3.008726      0.97447675     0.039762825         1.00326      -24.280118       -24.280118       2459.3234                                                 2459.3234
              1       1205.2468      0.68148709      0.31240917   9.4480338e-05     0.022517131       3.0139576      0.97482229     0.042530708       1.0029792      -24.280118       -24.280118       2459.0538                                                 2459.0538
             11        1204.709      0.64890033      0.31238627   9.4282779e-05     0.022536792       3.0053694       0.9732278     0.038013518        1.002508      -24.280118       -24.280118       2457.9781                                                 2457.9781
              1       1204.9395      0.66516941       0.3131093   9.4490735e-05     0.022549087       3.0021131       0.9730837     0.036332362       1.0025529      -24.280118       -24.280118       2458.4392                                                 2458.4392
              4       1204.2464      0.65636633      0.31230323   9.4291012e-05     0.022568516       3.0005667      0.97296132     0.037143895       1.0009315      -24.280118       -24.280118       2457.0531                                                 2457.0531
              2        1204.191      0.62340841      0.31087286   9.3846926e-05     0.022577778       2.9966301      0.97249647     0.034969268       1.0010411      -24.280118       -24.280118       2456.9422                                                 2456.9422
              1       1203.8483      0.61967969      0.31064549   9.3814768e-05     0.022572046       2.9966559      0.97235547      0.03522339       1.0010738      -24.280118       -24.280118       2456.2569                                                 2456.2569
              3       1203.7917      0.63937759      0.31295108   9.4263088e-05     0.022594084        2.991547      0.97123397       0.0335873      0.99980631      -24.280118       -24.280118       2456.1436                                                 2456.1436
              6       1204.6564      0.58378572      0.31386254   9.4122604e-05     0.022646877       2.9876077       0.9713133     0.032049224      0.99856023      -24.280118       -24.280118        2457.873                                                  2457.873
              1       1204.7351      0.56394418      0.31291718    9.375548e-05     0.022697701       3.0007483      0.97158282     0.037074738      0.99984352      -24.280118       -24.280118       2458.0304                                                 2458.0304
              3       1204.2388      0.55840827      0.31236161   9.3648181e-05     0.022682962       3.0036049      0.97235059     0.039108951      0.99950763      -24.280118       -24.280118       2457.0379                                                 2457.0379
              1       1203.8722      0.58636787      0.31430769   9.4222707e-05     0.022633983       3.0146461      0.97023915     0.044204813       1.0007855      -24.280118       -24.280118       2456.3046                                                 2456.3046
              7       1203.3721      0.50752043      0.31240946   9.3523371e-05     0.022584208       3.0115394      0.96989415      0.04198337       1.0013242      -24.280118       -24.280118       2455.3044                                                 2455.3044
              1       1203.2256      0.49921445       0.3122127   9.3456565e-05     0.022581732       3.0097354      0.96989534     0.041317363       1.0010586      -24.280118       -24.280118       2455.0115                                                 2455.0115
              6       1203.2628      0.49457142      0.31217708   9.3425808e-05     0.022583497       3.0103053      0.96981591     0.041573816       1.0010189      -24.280118       -24.280118       2455.0859                                                 2455.0859
              1       1203.3395       0.4949963      0.31221361   9.3428041e-05     0.022585827        3.010257      0.96968047     0.041343053       1.0011729      -24.280118       -24.280118       2455.2392                                                 2455.2392
              1       1204.1072      0.35609832      0.30699634    9.170351e-05     0.022631266       3.0194572       0.9693754     0.045630291       1.0005591      -24.280118       -24.280118       2456.7747                                                 2456.7747
             12       1204.2084      0.33370489      0.30675618    9.150536e-05     0.022651567       3.0103302      0.96890632     0.041331686      0.99990181      -24.280118       -24.280118       2456.9771                                                 2456.9771
              2       1205.8541      0.30003221      0.30839134    9.168699e-05     0.022641956       3.0049072      0.96876111     0.038717209      0.99906615      -24.280118       -24.280118       2460.2684                                                 2460.2684
              1       1203.8465      0.36918251      0.30499446   9.1494941e-05     0.022616991       3.0179364      0.97096135     0.049111968      0.99697631      -24.280118       -24.280118       2456.2532                                                 2456.2532
              2       1204.9413      0.47345444      0.31057377   9.3066123e-05     0.022550527       2.9897573      0.97019932     0.038259548       0.9935963      -24.280118       -24.280118       2458.4428                                                 2458.4428
              7        1204.921      0.40666419      0.30955066   9.2651925e-05      0.02248339       2.9876178      0.96907472     0.037266951      0.99343887      -24.280118       -24.280118       2458.4022                                                 2458.4022
              3       1206.2938      0.33828553      0.30800912    9.209284e-05      0.02251005       3.0117232      0.97035132      0.04744169      0.99482611      -24.280118       -24.280118       2461.1477                                                 2461.1477
              6       1205.7829      0.29755183      0.30679824   9.1606053e-05     0.022536112       3.0112154      0.97014585     0.046380708      0.99537309      -24.280118       -24.280118        2460.126                                                  2460.126
              3       1206.0508      0.22952485      0.30160723   9.0164762e-05     0.022660867       2.9885793      0.96762524     0.034216248      0.99589514      -24.280118       -24.280118       2460.6618                                                 2460.6618
              4       1205.6023      0.25520411      0.30306545   9.0532101e-05     0.022512696       2.9716757      0.96817074     0.026386723      0.99580066      -24.280118       -24.280118       2459.7647                                                 2459.7647
              1       1205.3763      0.24581435      0.30178583   9.0244612e-05     0.022556428       2.9699777      0.96803489     0.025065005       0.9962141      -24.280118       -24.280118       2459.3129                                                 2459.3129
              3       1205.3982      0.21206115      0.29928113   8.9629535e-05     0.022547951       2.9729586       0.9685912     0.026496618      0.99675205      -24.280118       -24.280118       2459.3567                                                 2459.3567
              1       1205.4126      0.19893158      0.29945463   8.9612746e-05     0.022533373       2.9812279      0.96618497     0.028960283      0.99791051      -24.280118       -24.280118       2459.3855                                                 2459.3855
              8       1205.1346      0.15625148       0.2965431   8.8932774e-05     0.022541403       2.9892117      0.96683087     0.034546566      0.99748492      -24.280118       -24.280118       2458.8295                                                 2458.8295
              2       1205.6177      0.21009428      0.29748044   8.9213352e-05     0.022570306       2.9892747      0.96940186     0.034756338      0.99774047      -24.280118       -24.280118       2459.7957                                                 2459.7957
              7       1205.5537      0.21669535      0.29768185   8.9268651e-05     0.022582457       2.9898671      0.96928457     0.034938803      0.99788393      -24.280118       -24.280118       2459.6676                                                 2459.6676
              2       1205.6941      0.19455196      0.29436564   8.8672041e-05      0.02255216       3.0069802      0.97027037     0.043957221      0.99872041      -24.280118       -24.280118       2459.9483                                                 2459.9483
              1       1205.1379       0.2695204      0.29698909      8.9445e-05     0.022569711       3.0181528      0.97130632     0.048831445      0.99941323      -24.280118       -24.280118        2458.836                                                  2458.836
              9       1204.9644      0.30248275      0.29905311   9.0021737e-05     0.022544798       3.0159301      0.97046595     0.048067511      0.99931967      -24.280118       -24.280118        2458.489                                                  2458.489
              2       1205.0087       0.3021609        0.299126   9.0038351e-05     0.022542802        3.016224      0.97049889      0.04817938      0.99939298      -24.280118       -24.280118       2458.5777                                                 2458.5777
              1       1204.2387      0.41679022        0.304916   9.1698229e-05     0.022654674       3.0067622      0.96744101     0.042227652      0.99970575      -24.280118       -24.280118       2457.0377                                                 2457.0377
              1       1205.2684      0.46576425      0.30704884   9.2356178e-05     0.022648537       3.0040339      0.96806791     0.041520079      0.99978186      -24.280118       -24.280118       2459.0971                                                 2459.0971
              2        1205.077      0.65197649      0.31492321     9.47853e-05     0.022544259       3.0217241      0.97181432     0.049915582        1.000566      -24.280118       -24.280118       2458.7143                                                 2458.7143
              2       1205.1631      0.66971446      0.31542142   9.4969712e-05     0.022530465       3.0192019       0.9713314     0.048825221       1.0004236      -24.280118       -24.280118       2458.8864                                                 2458.8864
              6       1206.1409      0.71282707      0.31822738   9.5786342e-05     0.022519051       3.0218056      0.96953352     0.049520907       1.0007372      -24.280118       -24.280118       2460.8421                                                 2460.8421
              1       1206.0442       0.6977416       0.3169552   9.5474881e-05      0.02252308       3.0240787       0.9697865     0.050418833       1.0011523      -24.280118       -24.280118       2460.6487                                                 2460.6487
              4       1205.5936      0.67774698      0.31482698   9.4916211e-05     0.022489329       3.0140262      0.97524944     0.047358705      0.99981153      -24.280118       -24.280118       2459.7474                                                 2459.7474
              2       1206.1503      0.68235338      0.31660705    9.531184e-05     0.022454408       3.0081416      0.97537353     0.044178655      0.99985841      -24.280118       -24.280118       2460.8608                                                 2460.8608
              6       1207.4341      0.55875715      0.31628694   9.4861917e-05     0.022354097       3.0058394      0.97036881     0.042393977        1.000543      -24.280118       -24.280118       2463.4284                                                 2463.4284
              4        1205.508      0.49811849      0.31119771   9.3604227e-05     0.022387322       3.0014266      0.97031534      0.04001876       1.0008917      -24.280118       -24.280118       2459.5763                                                 2459.5763
              1       1204.9163      0.48715454      0.31001138   9.3226191e-05     0.022466882       3.0061642      0.97091512     0.042803008       1.0003698      -24.280118       -24.280118       2458.3929                                                 2458.3929
              1         1203.88      0.60066369      0.31296202   9.4266787e-05       0.0225107       3.0085805      0.97099395     0.044004336       1.0000187      -24.280118       -24.280118       2456.3202                                                 2456.3202
              1       1203.7732      0.60067959      0.31302564   9.4269949e-05     0.022511018       3.0070758      0.97115167     0.043394904      0.99982982      -24.280118       -24.280118       2456.1066                                                 2456.1066
              3       1203.8227      0.60301178      0.31318093   9.4299712e-05     0.022518065       3.0065969      0.97119569     0.042873057       1.0000744      -24.280118       -24.280118       2456.2057                                                 2456.2057
             11       1205.9992      0.69564523      0.31387481   9.4733294e-05       0.0225947       3.0019084      0.97203885      0.04421516      0.99691628      -24.280118       -24.280118       2460.5587                                                 2460.5587
              2       1206.7091      0.72014939      0.31378951   9.5081704e-05     0.022450893         3.00438      0.97137813     0.046527103       0.9963779      -24.280118       -24.280118       2461.9785                                                 2461.9785
              6       1205.8613      0.43536283      0.30569708    9.217735e-05     0.022442868       3.0253139      0.97064389     0.057094572      0.99457702      -24.280118       -24.280118       2460.2829                                                 2460.2829
              3       1207.4515      0.42770115      0.30708511   9.2457749e-05      0.02242218       3.0261099      0.97040255      0.05772013      0.99353342      -24.280118       -24.280118       2463.4633                                                 2463.4633
              2       1208.2652      0.38208091      0.30189841   9.1176228e-05     0.022487438       3.0359126      0.96940319     0.061511521      0.99494909      -24.280118       -24.280118       2465.0906                                                 2465.0906
              3        1206.393      0.28471739       0.2987559   9.0253121e-05     0.022495555       3.0256404      0.97000981     0.053215665       0.9982882      -24.280118       -24.280118       2461.3463                                                 2461.3463
              1       1207.2036      0.30349695       0.2998297   9.0519137e-05     0.022524698       3.0299055      0.96978643     0.054905809      0.99844218      -24.280118       -24.280118       2462.9674                                                 2462.9674
              3        1207.562      0.24786403      0.29942518    9.026015e-05     0.022437395       3.0338952      0.96988894     0.055276646      0.99957009      -24.280118       -24.280118       2463.6842                                                 2463.6842
              3       1208.0617      0.18562531       0.2973732   8.9644313e-05     0.022406371       3.0323514      0.97045995     0.054512537      0.99968871      -24.280118       -24.280118       2464.6836                                                 2464.6836
              1       1207.7407      0.18865474       0.2998267   9.0005374e-05      0.02246977       3.0338852      0.97202314     0.056122634      0.99853253      -24.280118       -24.280118       2464.0416                                                 2464.0416
              5       1206.4798       0.1744032      0.29939771   8.9836837e-05     0.022457482       3.0273538      0.97181426     0.053708677      0.99752142      -24.280118       -24.280118       2461.5198                                                 2461.5198
              1       1206.6333      0.10728105      0.29670982   8.9149897e-05     0.022407489       3.0234068      0.97052424     0.051830054      0.99815818      -24.280118       -24.280118       2461.8268                                                 2461.8268
              1        1206.383      0.11065409      0.29474118   8.8795421e-05     0.022417402       3.0160983      0.97262695     0.048028451      0.99860689      -24.280118       -24.280118       2461.3263                                                 2461.3263
              3       1205.8649      0.11761351      0.29484772   8.8815907e-05     0.022438209       3.0136565      0.97157401     0.046309119      0.99883737      -24.280118       -24.280118         2460.29                                                   2460.29
              3       1205.1932      0.14242547      0.29669795   8.9301811e-05     0.022408508       3.0112531      0.97156882     0.044466772      0.99953527      -24.280118       -24.280118       2458.9465                                                 2458.9465
              3        1205.208      0.15022574      0.29727468   8.9477482e-05     0.022380795       3.0119266      0.97176971     0.044884086      0.99963926      -24.280118       -24.280118       2458.9762                                                 2458.9762
              3       1204.8643      0.16804534      0.29731367   8.9510514e-05     0.022381925       3.0134302      0.97145803     0.044063952       1.0008857      -24.280118       -24.280118       2458.2888                                                 2458.2888
              1        1203.435      0.18606113      0.29956512   8.9898814e-05     0.022375905       3.0074701       0.9701123     0.041068381       1.0004585      -24.280118       -24.280118       2455.4302                                                 2455.4302
              1       1203.5419      0.18644136      0.29955888   8.9822127e-05     0.022430376       3.0024246      0.96910245     0.037594813       1.0005936      -24.280118       -24.280118        2455.644                                                  2455.644
              1       1203.5608      0.18802936       0.2995449   8.9829061e-05     0.022428903       3.0025235      0.96907695     0.037613453       1.0006444      -24.280118       -24.280118       2455.6819                                                 2455.6819
              1       1204.0302      0.24494938      0.30042885   9.0235523e-05     0.022436427       2.9960062      0.97258356      0.03365569       1.0018784      -24.280118       -24.280118       2456.6206                                                 2456.6206
              9       1202.9749      0.40131978      0.30592615    9.195359e-05     0.022503944       2.9995123      0.97275828     0.035569819       1.0020902      -24.280118       -24.280118       2454.5101                                                 2454.5101
              3       1203.1464      0.40333984      0.30607564   9.2011073e-05      0.02249408       2.9982522      0.97270393     0.034790527       1.0022556      -24.280118       -24.280118        2454.853                                                  2454.853
              1         1203.35      0.44926126      0.30842836    9.275936e-05     0.022384861       3.0172511      0.97383659     0.045772324        1.001238      -24.280118       -24.280118       2455.2602                                                 2455.2602
              7       1203.4499      0.47651941      0.30881919   9.3017725e-05     0.022365232       3.0168649      0.97383183     0.045952328        1.001092      -24.280118       -24.280118       2455.4601                                                 2455.4601
              3       1203.4316      0.47607779      0.30887806      9.3029e-05      0.02236323       3.0167293      0.97373487     0.045873717       1.0010645      -24.280118       -24.280118       2455.4234                                                 2455.4234
              6       1203.9002        0.521459      0.31116767   9.3661438e-05     0.022352623       3.0195552      0.97346345     0.047095714       1.0013375      -24.280118       -24.280118       2456.3606                                                 2456.3606
              5       1203.1217       0.3939476      0.30717208    9.197183e-05     0.022593069       3.0134261      0.97088152      0.04206112       1.0017683      -24.280118       -24.280118       2454.8036                                                 2454.8036
              3       1202.9749      0.39351575       0.3068361   9.1904765e-05     0.022595466       3.0137876      0.97077639     0.042467625       1.0016712      -24.280118       -24.280118       2454.5099                                                 2454.5099
              4       1204.3287      0.40654326      0.30640138   9.1808195e-05     0.022614005       3.0207146      0.97172263     0.044261988       1.0031635      -24.280118       -24.280118       2457.2177                                                 2457.2177
              8       1204.1777      0.42455649      0.30723633   9.2056351e-05     0.022600474       3.0172749       0.9716272     0.042477685       1.0032916      -24.280118       -24.280118       2456.9157                                                 2456.9157
              1       1204.2483      0.47046168      0.30874565   9.2537543e-05      0.02260806       3.0174321       0.9723937     0.042875845       1.0030539      -24.280118       -24.280118       2457.0568                                                 2457.0568
              1       1204.7456      0.53545106      0.30819682   9.2655861e-05     0.022669702       3.0080925      0.97097243     0.042355678       1.0007006      -24.280118       -24.280118       2458.0513                                                 2458.0513
              5       1204.7879      0.53852841      0.31091282   9.3221159e-05     0.022648882       3.0028453      0.96945761     0.039447555       1.0004878      -24.280118       -24.280118        2458.136                                                  2458.136
              8         1204.64      0.45774228      0.30223422   9.1428304e-05     0.022525978       3.0223125      0.97133228     0.051660883      0.99972752      -24.280118       -24.280118       2457.8402                                                 2457.8402
              1       1204.4509      0.42638961      0.30208125   9.1375688e-05     0.022474953       3.0230968      0.97100414      0.05140349       1.0004116      -24.280118       -24.280118        2457.462                                                  2457.462
              4       1204.7129      0.43237872       0.3018731   9.1382634e-05     0.022458495       3.0224306      0.97107048     0.051013797       1.0005906      -24.280118       -24.280118       2457.9859                                                 2457.9859
              3       1204.6766      0.43202575      0.30189042   9.1383566e-05     0.022458428       3.0225442      0.97110211       0.0510847       1.0005757      -24.280118       -24.280118       2457.9135                                                 2457.9135
              7       1205.2143      0.31305046      0.30015907   9.0666108e-05     0.022333028       3.0187336      0.97007728     0.047989373       1.0012645      -24.280118       -24.280118       2458.9888                                                 2458.9888
              4       1205.8546       0.4066427      0.30387714   9.1845005e-05      0.02229843       3.0199887      0.96766112     0.050853438      0.99864708      -24.280118       -24.280118       2460.2694                                                 2460.2694
              5       1205.0568      0.57101973       0.3106877   9.3762724e-05     0.022424459       3.0319991      0.96972789     0.056255198      0.99897931      -24.280118       -24.280118       2458.6739                                                 2458.6739
              3       1204.8239      0.54316385      0.30971705   9.3454852e-05      0.02241948        3.031641       0.9699018     0.056161124       0.9988851      -24.280118       -24.280118       2458.2081                                                 2458.2081
              2       1204.7374       0.5173218      0.30941424   9.3257119e-05     0.022405144        3.030245      0.96886617     0.054968127      0.99907608      -24.280118       -24.280118        2458.035                                                  2458.035
              4       1204.9131      0.51277975      0.30931144   9.3239866e-05     0.022389177       3.0309975      0.96874242     0.055123128      0.99920543      -24.280118       -24.280118       2458.3864                                                 2458.3864
             13       1204.5296      0.40253607      0.30819893   9.2401805e-05     0.022342212       3.0072024       0.9669659     0.043854834      0.99703925      -24.280118       -24.280118       2457.6193                                                 2457.6193
              3       1204.3294      0.53984958      0.31418092   9.4377039e-05     0.022289033        2.995823      0.97072334     0.038332765      0.99732325      -24.280118       -24.280118       2457.2191                                                 2457.2191
              2       1204.6164      0.60432045      0.31373001   9.4384751e-05     0.022438197        3.001131      0.97390381     0.043202309       0.9955105      -24.280118       -24.280118       2457.7931                                                 2457.7931
              5       1204.1989      0.56638522      0.31231424   9.4022556e-05     0.022413877       3.0010945      0.97363768     0.044336953      0.99503439      -24.280118       -24.280118       2456.9581                                                 2456.9581
              2       1204.1909      0.55852488      0.31211592   9.3948951e-05     0.022413664       3.0012258      0.97342362     0.044543582      0.99490812      -24.280118       -24.280118        2456.942                                                  2456.942
              5       1203.6468      0.52871089      0.30800048   9.2790931e-05     0.022548113       3.0066904      0.97288944     0.046608989      0.99502029      -24.280118       -24.280118       2455.8539                                                 2455.8539
              2        1203.778      0.52091791      0.30722064   9.2579958e-05     0.022575157       3.0097807       0.9721573     0.048410902      0.99484753      -24.280118       -24.280118       2456.1163                                                 2456.1163
              1        1206.566      0.50510802      0.30356747   9.1651079e-05     0.022638342       3.0205969      0.97442459     0.054030883      0.99467601      -24.280118       -24.280118       2461.6923                                                 2461.6923
              1       1206.0974        0.368091      0.29576026   8.9672805e-05     0.022584969       3.0242863      0.97572099     0.053367944      0.99864911      -24.280118       -24.280118       2460.7551                                                 2460.7551
              1       1206.0216      0.36762128      0.29565091   8.9631534e-05     0.022596955       3.0229603      0.97571562     0.052664492      0.99865524      -24.280118       -24.280118       2460.6034                                                 2460.6034
              4       1205.6668      0.34569795      0.29757974   8.9749337e-05     0.022648722       3.0144932      0.97181689     0.048217075      0.99781598      -24.280118       -24.280118       2459.8938                                                 2459.8938
              5       1206.3743      0.30488988      0.29703331   8.9570286e-05     0.022576093       3.0125563      0.97163335     0.047838789        0.998149      -24.280118       -24.280118       2461.3088                                                 2461.3088
              2       1205.6847      0.28884034       0.2965298   8.9545032e-05      0.02252883       3.0104819      0.97255979     0.047474646      0.99803707      -24.280118       -24.280118       2459.9297                                                 2459.9297
              1       1204.8451      0.35761558      0.29976185   9.0407642e-05     0.022584881       3.0041315      0.97256898     0.045122686      0.99698811      -24.280118       -24.280118       2458.2504                                                 2458.2504
              3       1203.6069      0.39266145      0.30204488   9.1113784e-05     0.022512321       2.9989176      0.97046737     0.042644843      0.99628499      -24.280118       -24.280118       2455.7741                                                 2455.7741
              2       1203.5712      0.37193577      0.30170573   9.0952716e-05     0.022506938       2.9961336      0.97031238     0.041079082      0.99629645      -24.280118       -24.280118       2455.7026                                                 2455.7026
             13       1203.5575      0.32998469      0.30079302   9.0575314e-05     0.022533318       2.9922712      0.96956435     0.039063676      0.99573915      -24.280118       -24.280118       2455.6752                                                 2455.6752
              2        1204.141      0.18772117      0.29544934   8.9046776e-05     0.022501462       3.0003663      0.97358897     0.040169505      0.99916007      -24.280118       -24.280118       2456.8423                                                 2456.8423
              4       1204.7711      0.15712488      0.29578638   8.9123144e-05     0.022414447        2.993011      0.97265306     0.037958717      0.99780976      -24.280118       -24.280118       2458.1024                                                 2458.1024
              2       1204.3024       0.3981624        0.305737   9.2156736e-05     0.022364459       2.9791287      0.97293131     0.030461433      0.99868893      -24.280118       -24.280118        2457.165                                                  2457.165
              3       1205.8858      0.31969231      0.30315996   9.1247726e-05     0.022409737       2.9642895      0.97294985     0.022474069      0.99931475      -24.280118       -24.280118       2460.3318                                                 2460.3318
              4       1207.2806      0.66946118      0.31600829   9.5052558e-05     0.022472214       2.9786784       0.9691159     0.031311882      0.99708492      -24.280118       -24.280118       2463.1214                                                 2463.1214
              3       1207.2856      0.57155962      0.31298185   9.4064637e-05     0.022439845       2.9821894      0.96791931      0.03534509      0.99511501      -24.280118       -24.280118       2463.1315                                                 2463.1315
              6       1207.4682      0.57865347      0.31320786   9.4144366e-05     0.022438201        2.982562      0.96782993     0.035561886      0.99511772      -24.280118       -24.280118       2463.4966                                                 2463.4966
              2       1207.3281      0.56317862       0.3128001    9.395593e-05     0.022446434        2.980627      0.96659265     0.034073501       0.9950941      -24.280118       -24.280118       2463.2165                                                 2463.2165
              2       1207.6743      0.56916401       0.3139069   9.4237032e-05     0.022440447       2.9778157       0.9661013     0.032429614      0.99542244      -24.280118       -24.280118       2463.9089                                                 2463.9089
              1       1208.4456      0.52364541      0.31458386   9.4152843e-05     0.022407297       2.9717786      0.96296849     0.027594098      0.99619511      -24.280118       -24.280118       2465.4514                                                 2465.4514
              3       1205.9063      0.28710052      0.30691351   9.1724091e-05     0.022319006       2.9855164      0.96608284     0.029203775       1.0017813      -24.280118       -24.280118       2460.3728                                                 2460.3728
              3       1205.9276       0.4082747      0.31467692   9.3690945e-05     0.022338926       2.9853124      0.96854707     0.027793713       1.0019212      -24.280118       -24.280118       2460.4155                                                 2460.4155
              2       1204.2976      0.38410302      0.30248053   9.1376965e-05      0.02240436       3.0199142      0.97359536     0.046067318       1.0027334      -24.280118       -24.280118       2457.1555                                                 2457.1555
              4       1204.3309      0.41768845      0.30365009   9.1743856e-05     0.022405676       3.0198378      0.97420643     0.046012211       1.0026652      -24.280118       -24.280118        2457.222                                                  2457.222
              9       1204.0618      0.41874265      0.30358791   9.1699018e-05     0.022436562       3.0198563      0.97402675     0.045993956       1.0025074      -24.280118       -24.280118       2456.6838                                                 2456.6838
              4       1204.5416      0.41828944      0.30000368   9.0815264e-05     0.022545909       3.0189164      0.97640127     0.047606767        1.000522      -24.280118       -24.280118       2457.6434                                                 2457.6434
              5       1204.4716      0.43056091      0.30032818   9.0930473e-05     0.022552491        3.019121      0.97649696     0.047801298       1.0004692      -24.280118       -24.280118       2457.5033                                                 2457.5033
              4       1205.3661      0.39496344      0.30094875   9.1105545e-05     0.022371673       2.9955197      0.97625028     0.038786998      0.99804768      -24.280118       -24.280118       2459.2924                                                 2459.2924
              1        1206.328      0.55417638      0.30765513   9.3139279e-05      0.02237413       2.9961648      0.97755582     0.039279097       0.9976652      -24.280118       -24.280118       2461.2163                                                 2461.2163
              9       1206.2244      0.57238283      0.30814757   9.3295203e-05     0.022377486        2.994661      0.97657242     0.038453328      0.99757805      -24.280118       -24.280118        2461.009                                                  2461.009
              1       1206.4235      0.63735868      0.31047445   9.4019138e-05     0.022428713       3.0045059      0.97650034     0.041981619      0.99852956      -24.280118       -24.280118       2461.4072                                                 2461.4072
              2       1206.3586      0.64924309      0.30981659    9.392349e-05     0.022447653       3.0080203      0.97688536     0.043635272      0.99891991      -24.280118       -24.280118       2461.2775                                                 2461.2775
             12       1206.4538      0.65243738        0.309917   9.3990159e-05      0.02242182       3.0065208      0.97702623     0.043252294      0.99880957      -24.280118       -24.280118       2461.4678                                                 2461.4678
              2       1208.0207      0.64832923      0.31076007   9.4175901e-05     0.022357754       3.0018212      0.97910961     0.042520242      0.99775046      -24.280118       -24.280118       2464.6016                                                 2464.6016
              3       1205.2813      0.58701021      0.31425503   9.4501473e-05     0.022373072       3.0017656      0.97571539     0.039443193      0.99937692      -24.280118       -24.280118       2459.1229                                                 2459.1229
              2       1203.9441      0.54641638      0.31224169   9.3939036e-05     0.022382124       3.0038923      0.97456296     0.040712115      0.99919539      -24.280118       -24.280118       2456.4485                                                 2456.4485
              6       1203.9333      0.54859526      0.31237441   9.3958424e-05     0.022390092       3.0036921      0.97452733     0.040828263      0.99890679      -24.280118       -24.280118       2456.4268                                                 2456.4268
              1       1203.7379      0.56554678      0.31221074   9.4000444e-05     0.022403056       3.0082359      0.97500916     0.043956374      0.99845523      -24.280118       -24.280118        2456.036                                                  2456.036
              6       1204.6493      0.63102514      0.31351253   9.4570598e-05     0.022406244       3.0093404      0.97549337     0.044896763      0.99816394      -24.280118       -24.280118       2457.8588                                                 2457.8588
              1       1204.7521      0.53352551      0.30604414   9.2768221e-05     0.022382799       2.9965356      0.97327011     0.036694785       1.0004306      -24.280118       -24.280118       2458.0644                                                 2458.0644
              7       1205.8396      0.27032358      0.30605769   9.1622832e-05     0.022269521       2.9834851      0.96380666     0.027592886       1.0004941      -24.280118       -24.280118       2460.2395                                                 2460.2395
              4        1205.559      0.30949779      0.30588389   9.1695869e-05     0.022310582       2.9846198       0.9640389     0.028154398       1.0006051      -24.280118       -24.280118       2459.6782                                                 2459.6782
              3       1205.6668      0.34597408      0.30576259   9.1935859e-05     0.022263646       2.9970193      0.96474849     0.035451976       1.0002192      -24.280118       -24.280118       2459.8938                                                 2459.8938
              3       1207.1932      0.42103847      0.30424138   9.1880696e-05     0.022389223       3.0147818      0.96338722     0.044757948       1.0011028      -24.280118       -24.280118       2462.9466                                                 2462.9466
              1       1205.6284      0.65034002      0.30816817   9.3497312e-05      0.02258081       3.0153815      0.96927036     0.044471292       1.0024364      -24.280118       -24.280118       2459.8171                                                 2459.8171
              6       1209.2219      0.67585308      0.30637907   9.3137006e-05        0.022568       3.0188311      0.97539092     0.051552165      0.99936937      -24.280118       -24.280118        2467.004                                                  2467.004
              8       1207.1679      0.58734448      0.30311077   9.2051339e-05     0.022595154       3.0179244      0.97512505     0.050205769      0.99980211      -24.280118       -24.280118       2462.8961                                                 2462.8961
              5       1205.9278      0.44319595      0.30348569   9.1480836e-05     0.022595771       3.0332526      0.96779436     0.055733696      0.99968676      -24.280118       -24.280118       2460.4158                                                 2460.4158
              3       1205.8501      0.43442017      0.30627002   9.2012587e-05     0.022610187       3.0321145      0.96686247     0.053764754        1.000732      -24.280118       -24.280118       2460.2604                                                 2460.2604
              1       1205.8962      0.41783478      0.30512293   9.1686813e-05     0.022633679        3.031112      0.96709144      0.05307765       1.0009903      -24.280118       -24.280118       2460.3526                                                 2460.3526
              2        1203.929      0.46718955      0.30580936   9.2130361e-05     0.022623578       3.0194178      0.96819187     0.048618239      0.99994613      -24.280118       -24.280118       2456.4182                                                 2456.4182
              5       1204.1012      0.45313809      0.30520126   9.1942458e-05     0.022635096       3.0204537      0.96802647     0.049133631      0.99979134      -24.280118       -24.280118       2456.7626                                                 2456.7626
              1       1203.8119      0.60899346      0.31121343   9.3785832e-05     0.022641699       3.0217528      0.97107838     0.049986867       1.0000078      -24.280118       -24.280118       2456.1841                                                 2456.1841
              3       1204.9337        0.666794       0.3114005   9.4154775e-05     0.022637278       3.0254578      0.97163682     0.053953214      0.99855275      -24.280118       -24.280118       2458.4276                                                 2458.4276
              8       1208.3298      0.72826583      0.31692841   9.5640949e-05     0.022538093       2.9785518      0.96666515     0.031099693      0.99756806      -24.280118       -24.280118       2465.2198                                                 2465.2198
              2       1207.8797      0.76629835      0.31689979   9.5780228e-05     0.022572116        2.987556      0.96717886     0.035964833      0.99697985      -24.280118       -24.280118       2464.3196                                                 2464.3196
              2       1205.5125      0.54029412       0.3134152   9.4402631e-05      0.02232885       2.9895163       0.9684674     0.032436949        1.000907      -24.280118       -24.280118       2459.5853                                                 2459.5853
              3       1207.7889      0.53314361      0.31548725   9.4406765e-05     0.022578521        3.008288      0.96844249     0.037521736         1.00317      -24.280118       -24.280118       2464.1381                                                 2464.1381
              1       1206.5473      0.49721781      0.31185064   9.3495964e-05     0.022615952       3.0143219      0.97015646     0.041359414       1.0025294      -24.280118       -24.280118       2461.6549                                                 2461.6549
              8       1205.2238       0.3825377      0.30959116   9.2472791e-05     0.022571521       3.0206621      0.96759683     0.044574848       1.0023908      -24.280118       -24.280118       2459.0078                                                 2459.0078
              2       1206.3591      0.28523982      0.30651161   9.1478497e-05     0.022510954       3.0302957      0.97060138     0.051839208       1.0011094      -24.280118       -24.280118       2461.2784                                                 2461.2784
              7       1205.0288      0.30526694      0.30753097   9.1815824e-05     0.022473363       3.0253581      0.96995166     0.049855703       1.0004671      -24.280118       -24.280118       2458.6178                                                 2458.6178
              4       1205.0524      0.30613052      0.30739671   9.1777974e-05      0.02248721       3.0255784      0.97006894     0.049973512       1.0004355      -24.280118       -24.280118       2458.6651                                                 2458.6651
              3       1204.7897       0.3090316      0.30757237   9.1822944e-05     0.022496178       3.0232954      0.96908261     0.047611623       1.0013681      -24.280118       -24.280118       2458.1396                                                 2458.1396
              4        1205.469      0.36596718      0.30813148   9.2227096e-05     0.022508338       3.0319786       0.9688168     0.052744021       1.0009639      -24.280118       -24.280118       2459.4983                                                 2459.4983
              1        1205.604      0.37188564      0.30788234   9.2211365e-05     0.022514683       3.0324117      0.96962619     0.052268914         1.00187      -24.280118       -24.280118       2459.7682                                                 2459.7682
             11        1204.718      0.18877194      0.29888964   8.9856994e-05     0.022444247       3.0112479      0.97229994      0.04600054      0.99871225      -24.280118       -24.280118       2457.9963                                                 2457.9963
              4       1204.7301      0.20422731      0.29931667   8.9978294e-05     0.022458538       3.0135998      0.97297901     0.047474447      0.99835112      -24.280118       -24.280118       2458.0204                                                 2458.0204
              8       1207.4655       0.1152786      0.29444048   8.8704061e-05      0.02243838       3.0209084      0.97461854     0.050857345      0.99956135      -24.280118       -24.280118       2463.4912                                                 2463.4912
              4       1207.6221      0.14610267      0.29420124   8.8693356e-05     0.022519098       3.0120702      0.97702812     0.045114959       1.0008807      -24.280118       -24.280118       2463.8043                                                 2463.8043
              1       1209.2401      0.17538247      0.29330932   8.8903749e-05     0.022386474       2.9877205      0.97565194     0.035421786      0.99926487      -24.280118       -24.280118       2467.0405                                                 2467.0405
              4       1208.2357      0.18702561      0.29624724   8.9563954e-05     0.022376102       2.9895964      0.97344004     0.034373989       1.0003049      -24.280118       -24.280118       2465.0316                                                 2465.0316
              1       1209.3607      0.29907066      0.29687512   9.0146975e-05       0.0224523       2.9930464      0.97272271     0.038036189      0.99871372      -24.280118       -24.280118       2467.2817                                                 2467.2817
              2       1207.7886      0.25194325      0.29844034   9.0280473e-05     0.022358954        2.990198      0.96920895     0.037932005      0.99704034      -24.280118       -24.280118       2464.1374                                                 2464.1374
              2       1207.5701      0.24635132      0.29850256   9.0230125e-05     0.022383077        2.987592       0.9689554     0.036661918      0.99683954      -24.280118       -24.280118       2463.7004                                                 2463.7004
              3       1206.9623      0.26886357      0.30196857   9.0837215e-05     0.022504853       3.0067569      0.97092633     0.040561811         1.00064      -24.280118       -24.280118       2462.4847                                                 2462.4847
              2       1204.8805      0.27281891      0.30355618     9.08641e-05     0.022606148       3.0065522      0.97288499     0.042151257      0.99863179      -24.280118       -24.280118       2458.3212                                                 2458.3212
              3       1205.4502       0.2828657      0.30287909   9.0722566e-05     0.022658907       3.0099728      0.97248965     0.044646203      0.99756672      -24.280118       -24.280118       2459.4607                                                 2459.4607
              2       1206.4942      0.28198001      0.30650048   9.1497556e-05     0.022560275       3.0171362      0.97105656     0.049065361      0.99626406      -24.280118       -24.280118       2461.5486                                                 2461.5486
              8       1206.5011      0.28221791      0.30650451   9.1499166e-05     0.022560618       3.0171534      0.97105354     0.049077243      0.99625972      -24.280118       -24.280118       2461.5625                                                 2461.5625
              2       1206.0559      0.27144307      0.30721432    9.170068e-05     0.022468194       3.0022012      0.96934992     0.043362463      0.99441277      -24.280118       -24.280118       2460.6721                                                 2460.6721
              3       1206.1344      0.26443728      0.30696058    9.161907e-05     0.022470756       3.0018675      0.96931589     0.043082796      0.99442303      -24.280118       -24.280118        2460.829                                                  2460.829
              1       1206.4252       0.3061551      0.30862001   9.2048045e-05     0.022524167       2.9968522      0.96944233     0.039935534      0.99475899      -24.280118       -24.280118       2461.4106                                                 2461.4106
              3       1205.7737      0.22911015      0.30441797   9.0930098e-05     0.022517492       2.9819765      0.96764102     0.033189435      0.99453602      -24.280118       -24.280118       2460.1076                                                 2460.1076
              1       1207.7275      0.21845278      0.30238496   9.0139443e-05      0.02268595       2.9967733       0.9659372     0.040857192      0.99444916      -24.280118       -24.280118       2464.0152                                                 2464.0152
              1       1206.9593      0.37029702       0.3042635   9.1273684e-05     0.022700819       3.0074944       0.9696054     0.046654278      0.99629111      -24.280118       -24.280118       2462.4788                                                 2462.4788
              1       1206.4633      0.30985244      0.30457259   9.1099797e-05     0.022581704       2.9999006      0.97036429     0.040903406      0.99831556      -24.280118       -24.280118       2461.4869                                                 2461.4869
              1       1206.7748      0.31723279      0.30509309    9.123545e-05     0.022576884       2.9984822      0.97048188     0.040677248      0.99788122      -24.280118       -24.280118       2462.1099                                                 2462.1099
              4       1205.8658      0.29481397      0.30278919   9.0693186e-05     0.022560097       3.0016789      0.97154181     0.042612738      0.99761045      -24.280118       -24.280118       2460.2918                                                 2460.2918
              2        1205.606      0.32607099      0.30316886   9.0912435e-05      0.02257031       2.9982526      0.97179171     0.041711914      0.99695051      -24.280118       -24.280118       2459.7722                                                 2459.7722
              1       1204.6197      0.36100153        0.304295   9.1300687e-05     0.022561039       2.9960826      0.97193337     0.039480962      0.99802281      -24.280118       -24.280118       2457.7997                                                 2457.7997
              2       1204.7427      0.32069391      0.30313327    9.095272e-05     0.022530574       2.9931903      0.97168504     0.037997463      0.99812913      -24.280118       -24.280118       2458.0456                                                 2458.0456
              1        1205.625      0.30709969      0.30204318   9.0641399e-05     0.022550561       2.9958864      0.97170554     0.039171006      0.99852961      -24.280118       -24.280118       2459.8103                                                 2459.8103
              1       1205.8552      0.40750705      0.30389173   9.1245494e-05     0.022664385       3.0171114      0.97643432     0.045180276       1.0022443      -24.280118       -24.280118       2460.2707                                                 2460.2707
              2       1206.6684      0.30721539      0.29638563   8.9316689e-05     0.022696796       3.0093666      0.97656467     0.041559155       1.0019197      -24.280118       -24.280118        2461.897                                                  2461.897
              5       1206.8083      0.29088611      0.29631007   8.9232803e-05     0.022683228       3.0084016       0.9763079     0.040887154        1.001976      -24.280118       -24.280118       2462.1769                                                 2462.1769
              1       1206.3932      0.11514051      0.29180832    8.779745e-05     0.022615502       2.9931726      0.97018908     0.036011247      0.99878067      -24.280118       -24.280118       2461.3466                                                 2461.3466
              2       1205.0257      0.14805325      0.29420309   8.8401514e-05     0.022623772        2.993812      0.97078217     0.037076855      0.99779052      -24.280118       -24.280118       2458.6116                                                 2458.6116
              1       1206.0285      0.11071232      0.29407345   8.8343748e-05     0.022498775       3.0034119      0.97100888     0.043379355      0.99734763      -24.280118       -24.280118       2460.6172                                                 2460.6172
              1       1205.9687      0.30117644      0.29974827   9.0388078e-05     0.022422992       2.9820264      0.97168784     0.035298351      0.99589224      -24.280118       -24.280118       2460.4976                                                 2460.4976
              2       1205.3792      0.32435638       0.3006963   9.0691367e-05     0.022409103       2.9844213      0.97118024     0.036315318       0.9959423      -24.280118       -24.280118       2459.3185                                                 2459.3185
              2       1205.2752      0.32538408      0.30056684   9.0686046e-05     0.022409727       2.9848732      0.97176181     0.036568159       0.9959993      -24.280118       -24.280118       2459.1107                                                 2459.1107
              6       1204.9353      0.26770891      0.30130886   9.0684458e-05     0.022339956       2.9958489      0.97022922     0.041212915      0.99656145      -24.280118       -24.280118       2458.4307                                                 2458.4307
              1       1204.9936      0.25328001      0.30053975   9.0335781e-05     0.022426367       3.0170918      0.97039248     0.050029975       0.9981453      -24.280118       -24.280118       2458.5475                                                 2458.5475
              7       1204.4038      0.38282409      0.30728151   9.2210564e-05     0.022391841       3.0164376      0.96970371     0.049181874      0.99835821      -24.280118       -24.280118       2457.3678                                                 2457.3678
              2       1205.4856      0.47367461      0.31184848   9.3369759e-05     0.022438821       3.0183572      0.96818476     0.050601557      0.99720744      -24.280118       -24.280118       2459.5315                                                 2459.5315
              1       1205.7739      0.45245339      0.31026375   9.2876677e-05     0.022488378        3.018457      0.96778778     0.049821344      0.99807433      -24.280118       -24.280118       2460.1081                                                 2460.1081
              4       1205.0695       0.5583376      0.31263968   9.3695372e-05     0.022603165       3.0222667      0.97101136     0.050478661      0.99917387      -24.280118       -24.280118       2458.6991                                                 2458.6991
              1       1204.8787      0.52635027      0.31251824    9.357386e-05     0.022570889       3.0197893      0.97020667     0.048085503       1.0003138      -24.280118       -24.280118       2458.3176                                                 2458.3176
              1       1205.3421      0.56891271      0.31269126   9.3799662e-05     0.022568487       3.0228863      0.97221153     0.049126447       1.0012424      -24.280118       -24.280118       2459.2444                                                 2459.2444
              2       1205.3018      0.57190735      0.31280938   9.3840037e-05     0.022566384       3.0221916      0.97222813      0.04884418       1.0011964      -24.280118       -24.280118       2459.1638                                                 2459.1638
              2       1202.6649      0.34473838       0.3019598   9.0779065e-05     0.022586074       3.0113356      0.97300291     0.043137088       1.0010028      -24.280118       -24.280118         2453.89                                                   2453.89
              5       1202.3287      0.35697442      0.30276291   9.1031461e-05      0.02255967        3.012223      0.97253101     0.043313038        1.001064      -24.280118       -24.280118       2453.2177                                                 2453.2177
              1       1202.8958      0.44914538      0.30367084   9.1460126e-05     0.022686277       3.0170651      0.97272732     0.047880791       0.9992362      -24.280118       -24.280118       2454.3518                                                 2454.3518
              1       1203.4592      0.50867485      0.30531465   9.2031746e-05      0.02267196       3.0215293      0.97030894      0.04867795       1.0002176      -24.280118       -24.280118       2455.4787                                                 2455.4787
              2       1203.0996      0.54762842      0.30855809   9.2884974e-05     0.022658945       3.0146339      0.96930974     0.045533197      0.99926832      -24.280118       -24.280118       2454.7594                                                 2454.7594
              1       1203.8685      0.64466522      0.31351213   9.4411923e-05     0.022564799       3.0227205      0.96986683     0.050418035      0.99935367      -24.280118       -24.280118       2456.2972                                                 2456.2972
              2       1203.8902      0.64546528      0.31351486   9.4415159e-05     0.022565213       3.0228285      0.96986218     0.050460261      0.99937195      -24.280118       -24.280118       2456.3406                                                 2456.3406
              1       1205.1052      0.66476562      0.31590446   9.5025505e-05     0.022444065       3.0125379      0.96906231     0.044736329      0.99930853      -24.280118       -24.280118       2458.7706                                                 2458.7706
              8       1205.4287      0.38411999      0.30802317   9.2187968e-05      0.02243069        3.013007      0.96355239     0.043714122       0.9989962      -24.280118       -24.280118       2459.4177                                                 2459.4177
              1       1204.5647      0.21019803      0.30042342   9.0087332e-05     0.022414095       2.9916381      0.96512603     0.036457012      0.99657375      -24.280118       -24.280118       2457.6897                                                 2457.6897
              1       1204.7314      0.17978305      0.29878422   8.9570478e-05      0.02245319        2.998158      0.96767351     0.039769884      0.99596269      -24.280118       -24.280118        2458.023                                                  2458.023
              2       1205.0164      0.29930981      0.29791887   9.0023882e-05     0.022490149       3.0091761      0.96976074      0.04604156       0.9964485      -24.280118       -24.280118       2458.5931                                                 2458.5931
              3       1205.1301      0.43551289      0.30769341   9.2692979e-05     0.022451033       3.0126652      0.97283687     0.046125206      0.99841584      -24.280118       -24.280118       2458.8205                                                 2458.8205
              2       1205.1307      0.43364237      0.30760283   9.2666982e-05     0.022452621       3.0121697      0.97270054     0.045956638      0.99833454      -24.280118       -24.280118       2458.8216                                                 2458.8216
              1       1204.7422       0.4263848      0.30690184   9.2472079e-05       0.0224654       3.0155924      0.97253035     0.047624902      0.99846258      -24.280118       -24.280118       2458.0446                                                 2458.0446
              6       1204.8388      0.42913597      0.30679456   9.2474871e-05     0.022462214       3.0160312      0.97260559     0.047857615      0.99853231      -24.280118       -24.280118       2458.2379                                                 2458.2379
              3       1203.6001      0.31343022      0.30287256   9.1001508e-05     0.022534797       3.0192987      0.97169578     0.046300393       1.0013303      -24.280118       -24.280118       2455.7604                                                 2455.7604
             12       1204.0527       0.3247386        0.300782   9.0684848e-05     0.022511389       3.0251562      0.97376563     0.050572083       1.0012045      -24.280118       -24.280118       2456.6657                                                 2456.6657
              3       1203.9729      0.60776985      0.31283376   9.4392454e-05      0.02238746       3.0178735      0.97011918      0.04913658      0.99922803      -24.280118       -24.280118        2456.506                                                  2456.506
              1       1204.4562      0.68575243      0.31407601   9.4942072e-05     0.022496806       3.0205227      0.97075017     0.051809137      0.99753148      -24.280118       -24.280118       2457.4727                                                 2457.4727
              2       1204.6594      0.70560949      0.31464694    9.514659e-05      0.02249612       3.0217777       0.9714571     0.052516896      0.99762881      -24.280118       -24.280118       2457.8789                                                 2457.8789
              4       1204.7426      0.63513807      0.30986529   9.3915604e-05     0.022505552       3.0146524       0.9715557     0.050684952      0.99701988      -24.280118       -24.280118       2458.0455                                                 2458.0455
              1       1207.2512      0.69366441      0.30903199   9.3922553e-05     0.022549779       2.9990616      0.97209926     0.045238458       0.9940423      -24.280118       -24.280118       2463.0626                                                 2463.0626
              3       1207.7532      0.42058005      0.30751924    9.223326e-05     0.022476407       2.9815014      0.96447245     0.034887796      0.99269095      -24.280118       -24.280118       2464.0666                                                 2464.0666
              4       1206.1333      0.37335531      0.30650569    9.187429e-05     0.022466798       2.9860107      0.96444773      0.03608059      0.99367659      -24.280118       -24.280118       2460.8269                                                 2460.8269
              1       1205.9729      0.41996235      0.30776317   9.2407145e-05     0.022408274       2.9902139      0.96455968     0.037675767      0.99432653      -24.280118       -24.280118        2460.506                                                  2460.506
              4       1205.2623      0.34678429      0.30379088   9.1278568e-05       0.0223721       2.9912483      0.96664582     0.037057074      0.99634698      -24.280118       -24.280118       2459.0848                                                 2459.0848
              1       1205.6528      0.37529306      0.30000935   9.0462021e-05     0.022529981       2.9900975       0.9725967     0.034406319      0.99963525      -24.280118       -24.280118       2459.8658                                                 2459.8658
              6       1205.6412      0.37045685      0.30010273   9.0442498e-05     0.022536116       2.9907349      0.97256014      0.03469801      0.99958748      -24.280118       -24.280118       2459.8425                                                 2459.8425
              3       1205.6503      0.37114367      0.30012276   9.0452789e-05      0.02253428       2.9904463      0.97261106     0.034580384      0.99958747      -24.280118       -24.280118       2459.8609                                                 2459.8609
              7       1205.5329      0.45955563      0.31076432   9.3054899e-05     0.022449105       2.9699786      0.96510995     0.025039224      0.99747963      -24.280118       -24.280118       2459.6261                                                 2459.6261
              6       1206.0873      0.53357982      0.31202629   9.3603135e-05     0.022466123       2.9748315      0.96589807     0.028522375      0.99656125      -24.280118       -24.280118       2460.7349                                                 2460.7349
              2       1206.5426       0.5496951      0.31298184   9.3842501e-05     0.022477828       2.9739431      0.96574548     0.028119485       0.9965787      -24.280118       -24.280118       2461.6453                                                 2461.6453
              8       1205.8935      0.50494432      0.31305734   9.3686178e-05     0.022456091       2.9771405      0.96485865     0.029576854      0.99635202      -24.280118       -24.280118       2460.3473                                                 2460.3473
              3       1208.1147      0.38598874      0.31561615   9.3655431e-05     0.022402183       2.9628361      0.96140571     0.016408507       1.0005609      -24.280118       -24.280118       2464.7896                                                 2464.7896
              4       1208.5865      0.42850282      0.31744714    9.422508e-05     0.022376201       2.9640214       0.9615395      0.01696839       1.0007574      -24.280118       -24.280118       2465.7332                                                 2465.7332
              1       1207.3536      0.41473229      0.31543419   9.3769602e-05     0.022405262       2.9645857      0.96210526       0.0181436       1.0001352      -24.280118       -24.280118       2463.2674                                                 2463.2674
              1       1208.1405      0.48440399      0.31557572   9.3904526e-05     0.022513795       2.9542566      0.96510406     0.012530906       1.0008736      -24.280118       -24.280118       2464.8413                                                 2464.8413
              7       1208.1905      0.44242015      0.30844674   9.2438606e-05      0.02246834       2.9863467      0.96983997     0.025541085        1.005738      -24.280118       -24.280118       2464.9413                                                 2464.9413
              1       1207.6366      0.35057645      0.30596898   9.1540322e-05     0.022511134       2.9944857      0.96919974     0.029120619       1.0060567      -24.280118       -24.280118       2463.8335                                                 2463.8335
              2       1207.7898       0.3526075      0.30435514   9.1095715e-05     0.022605026        2.995553      0.96892357     0.029655285       1.0056495      -24.280118       -24.280118       2464.1398                                                 2464.1398
              1       1206.7832      0.34959366      0.30433664   9.1088772e-05     0.022597294       2.9957466      0.96904414     0.030602781       1.0047974      -24.280118       -24.280118       2462.1266                                                 2462.1266
              1       1205.8084      0.56165021       0.3091031   9.3136412e-05     0.022648203       3.0016263      0.97058061      0.03358817       1.0049582      -24.280118       -24.280118       2460.1769                                                 2460.1769
              2       1205.9481      0.59681625      0.30943329   9.3335812e-05     0.022661861       3.0096924      0.97205826      0.03760973       1.0052991      -24.280118       -24.280118       2460.4564                                                 2460.4564
              3        1205.877      0.59029919      0.30990455   9.3407436e-05     0.022662807        3.011025      0.97139343     0.038225685       1.0052268      -24.280118       -24.280118       2460.3142                                                 2460.3142
              4       1207.3724       0.5462291      0.30506504   9.2300027e-05     0.022717383       3.0182391      0.97242142     0.041976301       1.0055661      -24.280118       -24.280118        2463.305                                                  2463.305
              7       1209.6908      0.25334371      0.29550722   8.9075061e-05     0.022729479       3.0232774      0.97045837     0.043628578       1.0049293      -24.280118       -24.280118       2467.9418                                                 2467.9418
              7       1209.6465       0.2942923       0.2989542   8.9959777e-05     0.022624977       3.0262372       0.9706192     0.043778993       1.0055884      -24.280118       -24.280118       2467.8533                                                 2467.8533
              1       1209.4367      0.28955624      0.29875121   8.9896756e-05     0.022629025       3.0254908      0.97099665     0.043521315       1.0055525      -24.280118       -24.280118       2467.4337                                                 2467.4337
              3       1209.3004      0.29488768      0.29978061   9.0122812e-05      0.02263167       3.0304772      0.97107609      0.04628702       1.0051776      -24.280118       -24.280118        2467.161                                                  2467.161
              4       1209.2727      0.29841826      0.29991065   9.0161717e-05     0.022630576       3.0305299       0.9710568     0.046310575       1.0051754      -24.280118       -24.280118       2467.1057                                                 2467.1057
              6        1208.276      0.29048511      0.30113921   9.0470337e-05     0.022572635       3.0354677      0.96866603      0.05076572       1.0031284      -24.280118       -24.280118       2465.1123                                                 2465.1123
              6       1205.6829      0.31198534      0.30084497   9.0579693e-05     0.022538606       3.0296544       0.9673367     0.050366685       1.0018216      -24.280118       -24.280118        2459.926                                                  2459.926
              4       1205.5179      0.32011847      0.30102164   9.0646159e-05     0.022539385       3.0292935      0.96748119     0.050220049       1.0018075      -24.280118       -24.280118        2459.596                                                  2459.596
              1       1205.4921      0.33065923      0.30163987   9.0811499e-05      0.02254214       3.0286798       0.9673133     0.049695443        1.001985      -24.280118       -24.280118       2459.5444                                                 2459.5444
              4       1205.4971      0.33086604       0.3016356   9.0811901e-05     0.022541839       3.0286851      0.96729493     0.049700362       1.0019875      -24.280118       -24.280118       2459.5545                                                 2459.5545
              3       1207.1192      0.33681705      0.30173813   9.1182943e-05     0.022270025        3.019029      0.96742942     0.051542489      0.99661706      -24.280118       -24.280118       2462.7987                                                 2462.7987
              7        1206.722      0.23315448      0.29994559    9.044671e-05     0.022202395       2.9997816      0.96684035     0.041101848        0.997302      -24.280118       -24.280118       2462.0042                                                 2462.0042
              1        1205.982      0.30675503      0.30087432   9.0950527e-05     0.022216777       3.0060566      0.97125142     0.045690777      0.99704668      -24.280118       -24.280118       2460.5242                                                 2460.5242
              1       1206.2678        0.346898       0.3002325    9.095885e-05     0.022254954       3.0104946      0.97147983      0.04827513      0.99696296      -24.280118       -24.280118       2461.0959                                                 2461.0959
              3       1206.1906      0.35520593      0.30099194   9.1134733e-05     0.022253015       3.0118327      0.97113556     0.049058298      0.99682785      -24.280118       -24.280118       2460.9414                                                 2460.9414
             10       1208.7452      0.17464194      0.29717122   8.9548068e-05     0.022209773       3.0039379      0.97122942     0.046089542      0.99466763      -24.280118       -24.280118       2466.0506                                                 2466.0506
              1       1209.2713      0.43119157      0.30420717   9.2041107e-05     0.022414177        3.030063      0.97227779     0.061025854        0.994033      -24.280118       -24.280118       2467.1028                                                 2467.1028
              2       1209.5404      0.43203125      0.30413354   9.2053163e-05     0.022406382       3.0295655      0.97241887     0.060882337      0.99392563      -24.280118       -24.280118        2467.641                                                  2467.641
              1        1207.714       0.5003489      0.30700402   9.2932111e-05     0.022396651       3.0193631      0.97377551     0.055730432      0.99441435      -24.280118       -24.280118       2463.9882                                                 2463.9882
              1        1206.614       0.5379193       0.3059988   9.2869899e-05     0.022452277       3.0212382       0.9729053     0.055145289      0.99595314      -24.280118       -24.280118       2461.7881                                                 2461.7881
              2       1206.5575      0.58070475      0.30854944   9.3579925e-05     0.022281824        3.020048      0.97274979     0.052698109      0.99793643      -24.280118       -24.280118       2461.6752                                                 2461.6752
              3       1207.8791      0.24145435       0.2993725   9.0505859e-05       0.0221358       3.0035334      0.97083553     0.041321368       1.0002045      -24.280118       -24.280118       2464.3185                                                 2464.3185
              1       1208.6589      0.25192216      0.29959293   9.0637758e-05     0.022112823       2.9991342      0.97044377     0.039788057      0.99980612      -24.280118       -24.280118       2465.8781                                                 2465.8781
              1       1208.3713      0.19414267       0.2960706   8.9559075e-05     0.022179501       2.9954315       0.9701341     0.038733132      0.99887488      -24.280118       -24.280118       2465.3028                                                 2465.3028
              1       1207.9761      0.37086715      0.29910882    9.078815e-05     0.022259054       2.9990544      0.97079166     0.043188803      0.99634351      -24.280118       -24.280118       2464.5124                                                 2464.5124
              5        1203.273      0.63189832      0.30990027   9.3836109e-05     0.022509266        2.999592      0.97196991     0.041466295      0.99767868      -24.280118       -24.280118       2455.1062                                                 2455.1062
              5       1203.8423      0.63529418      0.30914522   9.3658215e-05     0.022538261       2.9969346      0.97119825     0.040057922      0.99812031      -24.280118       -24.280118       2456.2449                                                 2456.2449
              2       1203.4338      0.56807729      0.30484741   9.2355544e-05     0.022646321       3.0020647      0.97312484     0.042240233      0.99850786      -24.280118       -24.280118       2455.4279                                                 2455.4279
              2       1203.4062      0.52108634      0.30348548   9.1875722e-05      0.02265014       2.9977913      0.97176567     0.039107295      0.99907181      -24.280118       -24.280118       2455.3727                                                 2455.3727
              2       1204.0372      0.55520672      0.30548121   9.2428626e-05      0.02258489       3.0049487      0.97250876      0.03956192       1.0025047      -24.280118       -24.280118       2456.6346                                                 2456.6346
              1       1204.0078      0.62016728      0.30826501   9.3251486e-05     0.022675818       3.0047567       0.9708331     0.040451951       1.0011508      -24.280118       -24.280118       2456.5758                                                 2456.5758
              1       1203.7253      0.60739469      0.30732134   9.3059022e-05     0.022659048       3.0085584      0.97136459     0.042648677       1.0010139      -24.280118       -24.280118       2456.0109                                                 2456.0109
              2       1203.8551      0.58364293      0.30978872    9.343702e-05     0.022652159       3.0122162      0.97388532     0.043754577       1.0016495      -24.280118       -24.280118       2456.2703                                                 2456.2703
              2       1203.6582      0.59465812      0.31025908   9.3557158e-05     0.022659337       3.0105436      0.97420905     0.043024005       1.0012859      -24.280118       -24.280118       2455.8766                                                 2455.8766
             11       1203.3668       0.6168262      0.31198814   9.3997089e-05     0.022633854         3.01305      0.97363341     0.044801012       1.0006695      -24.280118       -24.280118       2455.2938                                                 2455.2938
              1       1203.2992       0.5976297      0.31102419   9.3719017e-05     0.022640523       3.0110288      0.97375653     0.043521467        1.000883      -24.280118       -24.280118       2455.1586                                                 2455.1586
              9       1203.1691        0.591127      0.30944111   9.3413545e-05     0.022637628       3.0161346      0.97300304     0.045865676       1.0012096      -24.280118       -24.280118       2454.8985                                                 2454.8985
              1       1202.9165      0.47439561      0.30679933   9.2438756e-05     0.022581876       3.0083039      0.97259512     0.041582016       1.0014486      -24.280118       -24.280118       2454.3933                                                 2454.3933
              1       1203.3392       0.4352464      0.30311362   9.1731417e-05     0.022483963       3.0130741      0.97218889     0.046249975       1.0000421      -24.280118       -24.280118       2455.2385                                                 2455.2385
              1       1203.3392      0.44893869      0.30304208   9.1762901e-05     0.022492887       3.0110216      0.97252593     0.045663215      0.99984336      -24.280118       -24.280118       2455.2387                                                 2455.2387
              3       1202.9853      0.47375605      0.30471219   9.2224358e-05     0.022447276       3.0101543      0.97278224     0.045148901      0.99990582      -24.280118       -24.280118       2454.5309                                                 2454.5309
              2        1202.868      0.52369826      0.30718854   9.2907799e-05     0.022463709       3.0155856       0.9730209     0.047922017      0.99960216      -24.280118       -24.280118       2454.2963                                                 2454.2963
              2       1202.9278       0.5457962      0.30766048   9.3068739e-05      0.02248378       3.0161671      0.97306765     0.048179905        0.999809      -24.280118       -24.280118       2454.4157                                                 2454.4157
              1       1202.6648      0.53541631      0.30790105   9.3030433e-05     0.022484675       3.0152566      0.97391264     0.047257999       1.0001212      -24.280118       -24.280118       2453.8898                                                 2453.8898
              1       1202.4555      0.52233795      0.30737822   9.2834728e-05     0.022499375        3.014596      0.97371313     0.047608656      0.99935427      -24.280118       -24.280118       2453.4713                                                 2453.4713
              2       1202.1781      0.43429892       0.3070145   9.2423715e-05      0.02244169       2.9983711      0.97246428     0.039784025      0.99811805      -24.280118       -24.280118       2452.9163                                                 2452.9163
              4       1203.3278       0.3227944      0.30621231   9.1811759e-05     0.022374652       3.0061777      0.96931889     0.044942862      0.99655186      -24.280118       -24.280118       2455.2158                                                 2455.2158
              2       1203.2856      0.33545762      0.30762242   9.2139229e-05     0.022369742       3.0076017      0.96890393     0.044868165      0.99698434      -24.280118       -24.280118       2455.1315                                                 2455.1315
              7       1203.4959      0.33585144      0.30728691   9.2088809e-05     0.022373051       3.0075123      0.96858686      0.04545489      0.99636041      -24.280118       -24.280118        2455.552                                                  2455.552
              4       1203.6033      0.32235208      0.30715793   9.1987765e-05     0.022365958       3.0076816      0.96776327     0.045375054      0.99633049      -24.280118       -24.280118       2455.7668                                                 2455.7668
             12       1205.0378      0.28925026      0.30606449   9.1704591e-05     0.022336858       3.0123878      0.96718455     0.048466834      0.99542051      -24.280118       -24.280118       2458.6357                                                 2458.6357
              2       1204.4177      0.44734063      0.30840589   9.2725808e-05     0.022511649       3.0109612      0.96787864     0.046645588      0.99621497      -24.280118       -24.280118       2457.3956                                                 2457.3956
              1       1204.2015      0.46363342      0.30870311   9.2811446e-05     0.022538937       3.0068604      0.96779799     0.044459856      0.99623038      -24.280118       -24.280118       2456.9633                                                 2456.9633
              6       1202.9784      0.52873771      0.30797502   9.2820219e-05     0.022616234       3.0234384      0.97056752     0.050669786      0.99927735      -24.280118       -24.280118        2454.517                                                  2454.517
             22        1202.654      0.53922561       0.3074963   9.2728071e-05     0.022630127       3.0203389      0.97212153     0.049893908       0.9991181      -24.280118       -24.280118       2453.8683                                                 2453.8683
             15        1202.825      0.53086344      0.30807521   9.2786579e-05     0.022623911       3.0036155      0.97042898     0.041790587      0.99905136      -24.280118       -24.280118       2454.2103                                                 2454.2103
             10       1201.9604      0.37535074      0.30406369   9.1405096e-05     0.022553434       2.9959626      0.96954505     0.037220226      0.99868545      -24.280118       -24.280118       2452.4811                                                 2452.4811
             12       1202.0401      0.39374436      0.30435993   9.1518531e-05     0.022573803       2.9955986      0.96971692      0.03680685      0.99892558      -24.280118       -24.280118       2452.6404                                                 2452.6404
              1        1202.399      0.27884307       0.3018695   9.0553414e-05     0.022525876       2.9970505      0.96824318     0.036756801      0.99941613      -24.280118       -24.280118       2453.3583                                                 2453.3583
              1       1202.4645      0.27617085      0.30161262   9.0480849e-05     0.022534648       2.9973558      0.96823525     0.036786753      0.99950491      -24.280118       -24.280118       2453.4893                                                 2453.4893
              1       1202.4814      0.27582253      0.30158663   9.0474358e-05     0.022535199       2.9974247      0.96823734     0.036844894      0.99948657      -24.280118       -24.280118       2453.5231                                                 2453.5231
              3       1203.0958      0.22710854      0.29947895   8.9973179e-05      0.02249311       2.9909274      0.96867089      0.03332922       1.0000021      -24.280118       -24.280118       2454.7519                                                 2454.7519
              2       1205.1871      0.17985496       0.3005746   9.0245649e-05     0.022312889       2.9909642       0.9685672      0.03328589      0.99916118      -24.280118       -24.280118       2458.9344                                                 2458.9344
              1       1207.3336     0.028876548      0.29623133   8.8892291e-05     0.022255207       2.9957607      0.96718173     0.039668897      0.99600227      -24.280118       -24.280118       2463.2274                                                 2463.2274
              5       1209.8312     0.035623251      0.29469955   8.8570796e-05      0.02225731       2.9847927      0.96597599     0.036536883      0.99349625      -24.280118       -24.280118       2468.2226                                                 2468.2226
              2       1208.0756      0.36194339      0.30374788    9.186328e-05     0.022180983       2.9797552      0.97205104     0.034330719      0.99526575      -24.280118       -24.280118       2464.7115                                                 2464.7115
              6       1207.2609      0.36437208      0.30623406   9.2302112e-05     0.022260226       2.9731795      0.97229932     0.030016268      0.99637704      -24.280118       -24.280118        2463.082                                                  2463.082
              2       1206.2246      0.33369507      0.30474976    9.185748e-05     0.022277126       2.9795535       0.9730062     0.031464233      0.99781674      -24.280118       -24.280118       2461.0094                                                 2461.0094
              1       1206.9728       0.3038613      0.30602869   9.2065853e-05     0.022183789         2.97574      0.97062615     0.028298204       0.9987451      -24.280118       -24.280118       2462.5058                                                 2462.5058
              4       1207.8849      0.23998645      0.30498233   9.1637797e-05     0.022159303       2.9788619      0.97018919     0.030287285      0.99815264      -24.280118       -24.280118       2464.3301                                                 2464.3301
              1       1205.1083      0.23624736      0.30167617    9.058043e-05     0.022387364       2.9680082      0.97294846     0.025184653      0.99724583      -24.280118       -24.280118       2458.7768                                                 2458.7768
              2       1205.0646      0.24116378      0.30179242   9.0622944e-05     0.022386813       2.9685658      0.97301706     0.025523952      0.99719123      -24.280118       -24.280118       2458.6895                                                 2458.6895
              3       1205.0997      0.31286103      0.30201224   9.0979157e-05     0.022445095       2.9739978      0.97421496     0.027571738       0.9981683      -24.280118       -24.280118       2458.7597                                                 2458.7597
              1       1203.8059      0.23700741      0.29872872   8.9880923e-05     0.022513079       2.9813744      0.97034832     0.029896914      0.99867953      -24.280118       -24.280118       2456.1721                                                 2456.1721
              3       1204.3523      0.25510201      0.30331706   9.0802922e-05     0.022493936       2.9771341      0.96912602     0.024508363       1.0003397      -24.280118       -24.280118       2457.2649                                                 2457.2649
              2       1205.5467      0.24864879      0.30189644   9.0558865e-05     0.022474431       2.9757657       0.9660182     0.022528711       1.0017988      -24.280118       -24.280118       2459.6535                                                 2459.6535
              8       1210.2067      0.20110203      0.29468303   8.8541946e-05     0.022632621       2.9745736      0.96783397     0.022780142       1.0021775      -24.280118       -24.280118       2468.9737                                                 2468.9737
              7        1210.743      0.19157414      0.29382012   8.8335262e-05     0.022631555       2.9753497      0.96788287     0.023268421       1.0021228      -24.280118       -24.280118       2470.0462                                                 2470.0462
              5       1211.8307      0.14433194      0.29211263     8.77883e-05     0.022655353       2.9761473      0.96805766     0.023152531       1.0025883      -24.280118       -24.280118       2472.2216                                                 2472.2216
              5       1207.7052        0.132724      0.29887995   8.9522684e-05       0.0223369       2.9775307      0.96628483     0.024028613       1.0030233      -24.280118       -24.280118       2463.9705                                                 2463.9705
              4       1209.0675      0.10413014      0.29742111   8.9123142e-05     0.022337809       2.9774068      0.96608104     0.023824453       1.0034179      -24.280118       -24.280118       2466.6952                                                 2466.6952
              3       1205.3017      0.28252307      0.30294672   9.0695837e-05     0.022545052       2.9835329      0.96630414     0.025928297       1.0031986      -24.280118       -24.280118       2459.1636                                                 2459.1636
              7       1207.8709      0.08776774      0.29554767   8.8278444e-05     0.022659663       2.9789618      0.96582941     0.026124706      0.99997873      -24.280118       -24.280118       2464.3021                                                 2464.3021
              8       1207.3805     0.093644991       0.2960546   8.8428124e-05      0.02264759       2.9773759      0.96596121     0.025511022      0.99982635      -24.280118       -24.280118       2463.3213                                                 2463.3213
              1       1207.2229      0.11439843      0.29678947   8.8641631e-05     0.022637253       2.9712712      0.96670681     0.023107363      0.99922738      -24.280118       -24.280118        2463.006                                                  2463.006
              5       1206.7462      0.16792757      0.29644147   8.8799566e-05     0.022683599       2.9718416      0.96781182     0.023407243      0.99942885      -24.280118       -24.280118       2462.0526                                                 2462.0526
              1       1206.6898      0.18900332      0.29645345   8.8896206e-05     0.022699272       2.9738394      0.96804529       0.0243316      0.99929321      -24.280118       -24.280118       2461.9398                                                 2461.9398
              5       1207.5609      0.19443493      0.29614787   8.8787176e-05     0.022763785       2.9785208       0.9679059     0.026124308      0.99976761      -24.280118       -24.280118       2463.6821                                                 2463.6821
              1       1207.4283      0.14426312      0.29169115   8.7962011e-05     0.022701728        2.994339      0.96948901     0.037446156      0.99821469      -24.280118       -24.280118       2463.4169                                                 2463.4169
              2       1205.3887      0.32872649      0.30008001   9.0583802e-05     0.022550101       3.0170794      0.97436922      0.05196858       0.9959533      -24.280118       -24.280118       2459.3377                                                 2459.3377
              7       1205.3401      0.32538256      0.29999771   9.0550447e-05     0.022548373       3.0181766      0.97406084     0.052392232      0.99597661      -24.280118       -24.280118       2459.2404                                                 2459.2404
             12       1205.0791      0.31523726      0.30016622    9.052837e-05     0.022550539        3.019143      0.97401121     0.052056762      0.99651187      -24.280118       -24.280118       2458.7185                                                 2458.7185
              1       1205.8419      0.41904559      0.30199852   9.1109021e-05     0.022695737       3.0254092      0.97707733     0.054400516      0.99751528      -24.280118       -24.280118       2460.2441                                                 2460.2441
              2       1204.8995      0.49021987      0.30666061   9.2303047e-05     0.022651654       3.0379438      0.97331902     0.056191395       1.0010338      -24.280118       -24.280118       2458.3593                                                 2458.3593
              2        1205.387      0.30354336      0.30276145   9.0771205e-05     0.022588018       3.0253843      0.96731632     0.051112727      0.99782707      -24.280118       -24.280118       2459.3343                                                 2459.3343
              3       1204.1467      0.17810079      0.29975187   8.9654078e-05     0.022576946       2.9986555       0.9671278     0.037674469      0.99791942      -24.280118       -24.280118       2456.8537                                                 2456.8537
              6       1204.1412      0.17832559      0.29976297   8.9657776e-05     0.022576691       2.9986352       0.9671166     0.037653565      0.99792967      -24.280118       -24.280118       2456.8426                                                 2456.8426
              2       1205.4201      0.62120611      0.31320096    9.433946e-05     0.022485932       3.0244994      0.97346541      0.04649273       1.0035877      -24.280118       -24.280118       2459.4005                                                 2459.4005
              7       1205.5029      0.61231948      0.31286487   9.4233281e-05     0.022487175       3.0245805      0.97340416      0.04627748       1.0037795      -24.280118       -24.280118       2459.5661                                                 2459.5661
              6       1204.6238      0.57369744      0.30861206   9.3310006e-05     0.022531036       3.0165391      0.97081301      0.04526459       1.0005953      -24.280118       -24.280118       2457.8079                                                 2457.8079
              5       1204.4016      0.55577728      0.30787518    9.309982e-05     0.022522553       3.0179535      0.97072438      0.04596072       1.0007802      -24.280118       -24.280118       2457.3634                                                 2457.3634
              7       1204.5815      0.54265264       0.3066465   9.2791464e-05     0.022518741       3.0172923      0.97152091     0.045207792       1.0012686      -24.280118       -24.280118       2457.7233                                                 2457.7233
              1       1204.3596      0.54818553      0.30735494   9.2984019e-05     0.022489402        3.020473      0.97202482     0.047020604       1.0012239      -24.280118       -24.280118       2457.2794                                                 2457.2794
              8       1204.3368        0.550329      0.30737599   9.2996252e-05     0.022490245       3.0206851      0.97196852     0.047198928       1.0011665      -24.280118       -24.280118       2457.2339                                                 2457.2339
              3       1203.9741      0.54537286      0.30748871   9.3056285e-05     0.022424401       3.0214628      0.97331495     0.047352174       1.0026371      -24.280118       -24.280118       2456.5084                                                 2456.5084
              1       1204.1371      0.56685457      0.30798575   9.3251257e-05     0.022425503       3.0226578      0.97354554     0.048168618       1.0024501      -24.280118       -24.280118       2456.8344                                                 2456.8344
              2       1204.1121       0.5704986      0.30777462   9.3203747e-05     0.022439645       3.0226796       0.9736374     0.048138263       1.0024953      -24.280118       -24.280118       2456.7845                                                 2456.7845
              3         1203.94      0.60420903      0.30724049    9.329889e-05     0.022462264       3.0050852      0.97536011     0.043908735      0.99918567      -24.280118       -24.280118       2456.4403                                                 2456.4403
              1        1203.685      0.52282494      0.30457702   9.2389458e-05     0.022477239       2.9976568      0.97424159     0.041192628      0.99790018      -24.280118       -24.280118       2455.9303                                                 2455.9303
              5       1204.1164      0.54237948      0.30488374   9.2425277e-05     0.022505735       2.9969312       0.9766645     0.041365745      0.99736291      -24.280118       -24.280118        2456.793                                                  2456.793
              3        1203.651      0.54138223      0.30641133   9.2685167e-05     0.022502535       2.9887254      0.97545822     0.035943451      0.99790126      -24.280118       -24.280118       2455.8623                                                 2455.8623
              2       1204.1035      0.50764745      0.30653907   9.2450824e-05     0.022533493        2.980565      0.97450742     0.031610751      0.99710436      -24.280118       -24.280118       2456.7672                                                 2456.7672
              4       1204.0888      0.50843841      0.30666326   9.2480758e-05     0.022529443       2.9804145      0.97449942     0.031511875      0.99712891      -24.280118       -24.280118       2456.7379                                                 2456.7379
              2       1203.3627      0.44797239       0.3040783   9.1610927e-05     0.022565706       2.9874848      0.97126867      0.03212823      0.99949432      -24.280118       -24.280118       2455.2855                                                 2455.2855
              1        1203.747      0.51941091      0.30500351   9.2143435e-05     0.022575137       2.9865398      0.97251396     0.032963125      0.99884956      -24.280118       -24.280118       2456.0542                                                 2456.0542
              1       1203.8341      0.50173371      0.30471136    9.205194e-05      0.02254305        2.982809      0.97217278     0.030945957      0.99921546      -24.280118       -24.280118       2456.2284                                                 2456.2284
              2       1203.9063      0.47612182      0.30375648   9.1785281e-05     0.022494914       2.9886521      0.97244672     0.035711558      0.99790779      -24.280118       -24.280118       2456.3728                                                 2456.3728
              2       1204.6527       0.5161232       0.3031416   9.1806095e-05     0.022524428       2.9979023      0.97348982     0.039345877      0.99945033      -24.280118       -24.280118       2457.8656                                                 2457.8656
              4       1203.7063      0.53530286      0.30535012   9.2291105e-05     0.022594694       3.0058997      0.97261499     0.043198459      0.99980271      -24.280118       -24.280118       2455.9728                                                 2455.9728
              7       1204.6565      0.22270048      0.30359273   9.0695998e-05     0.022486086       2.9819999      0.96569109     0.030804526      0.99617387      -24.280118       -24.280118       2457.8733                                                 2457.8733
              4       1205.0977      0.22554297      0.30305506   9.0598652e-05     0.022504455       2.9807849      0.96581867     0.031331732      0.99524762      -24.280118       -24.280118       2458.7556                                                 2458.7556
              1       1205.1162      0.20975322      0.30207766   9.0270128e-05     0.022565742       2.9815576      0.96735653     0.031179307      0.99569514      -24.280118       -24.280118       2458.7926                                                 2458.7926
              7       1204.9167      0.23008398      0.30234349   9.0390329e-05     0.022579624       2.9813229      0.96748877     0.031017733      0.99582953      -24.280118       -24.280118       2458.3936                                                 2458.3936
              5       1206.0229      0.25707356      0.30466561   9.0906189e-05     0.022593703       2.9793144      0.96647466     0.028594305      0.99628858      -24.280118       -24.280118        2460.606                                                  2460.606
              2       1205.7577      0.34684139      0.30702686   9.1669053e-05     0.022682157       2.9995537      0.96925368     0.039240715      0.99630475      -24.280118       -24.280118       2460.0756                                                 2460.0756
              2       1205.4988      0.45059281      0.30575723   9.1950526e-05     0.022590341       3.0122049      0.97267232     0.048588297      0.99439141      -24.280118       -24.280118       2459.5579                                                 2459.5579
              5       1205.3102       0.4931914      0.30127722    9.107246e-05     0.022734591       3.0116789      0.97480815     0.047192283      0.99704157      -24.280118       -24.280118       2459.1806                                                 2459.1806
              1       1205.8684      0.48675033      0.30022482      9.0821e-05     0.022744562       3.0146911      0.97500218     0.048727271         0.99719      -24.280118       -24.280118        2460.297                                                  2460.297
              5       1206.6084       0.4182958      0.30009922    9.050143e-05     0.022705201       3.0211069      0.97211141     0.051305831      0.99649553      -24.280118       -24.280118       2461.7771                                                 2461.7771
              2       1206.2767        0.421177      0.30041796   9.0579587e-05     0.022700109       3.0182133      0.97201863     0.049908138      0.99644559      -24.280118       -24.280118       2461.1136                                                 2461.1136
              4       1203.8228      0.47224651      0.30377578   9.1621494e-05     0.022647118       3.0247573      0.97270135     0.053046697      0.99739194      -24.280118       -24.280118       2456.2058                                                 2456.2058
              2       1203.7546      0.49011279      0.30405807   9.1758518e-05      0.02264825       3.0250575      0.97336706        0.053361      0.99754416      -24.280118       -24.280118       2456.0695                                                 2456.0695
              2       1203.7673       0.4903973      0.30406119   9.1760545e-05     0.022648258       3.0251724       0.9733781     0.053426999      0.99753825      -24.280118       -24.280118       2456.0947                                                 2456.0947
              1       1203.4784      0.41054751      0.30742848   9.2425161e-05     0.022395555       3.0154964      0.97125542     0.050101857      0.99614457      -24.280118       -24.280118        2455.517                                                  2455.517
              1       1203.7758      0.47358344      0.30860255   9.3029914e-05     0.022357414       3.0149125      0.97249092     0.049379162      0.99677512      -24.280118       -24.280118       2456.1118                                                 2456.1118
              6       1204.9267       0.6060391      0.31423432   9.4640051e-05     0.022472106       3.0108941      0.97225213     0.048338238      0.99539325      -24.280118       -24.280118       2458.4137                                                 2458.4137
              1       1204.1871      0.64800233      0.31347414     9.46351e-05     0.022493027       3.0090539      0.97291981     0.048145257      0.99558881      -24.280118       -24.280118       2456.9345                                                 2456.9345
              2       1204.9254      0.67359957      0.31394765   9.4787411e-05      0.02250295       3.0137587      0.97543327     0.050405399      0.99575921      -24.280118       -24.280118       2458.4111                                                 2458.4111
              3       1205.6791       0.6882934      0.30953787   9.3966299e-05     0.022593044       3.0095665      0.97727962      0.04784706      0.99628672      -24.280118       -24.280118       2459.9184                                                 2459.9184
              1       1205.8394      0.60698706      0.30731923   9.3109858e-05     0.022662965       3.0128605      0.97642374     0.048785322      0.99633083      -24.280118       -24.280118       2460.2391                                                 2460.2391
              5       1206.3236      0.62784943      0.30757815   9.3164268e-05     0.022697249       3.0175032       0.9749958     0.052236214      0.99501905      -24.280118       -24.280118       2461.2075                                                 2461.2075
              2       1204.6945      0.68154903      0.31261189   9.4503818e-05      0.02256274       3.0218832      0.97352427     0.052838461      0.99665537      -24.280118       -24.280118       2457.9492                                                 2457.9492
              7        1204.492      0.69852648      0.31448724   9.4963885e-05     0.022562619       3.0096488      0.97139901     0.045859275      0.99688399      -24.280118       -24.280118       2457.5442                                                 2457.5442
              2        1204.781        0.508906      0.30903176   9.3289568e-05     0.022392184       2.9938049      0.97201358     0.038419789      0.99652051      -24.280118       -24.280118       2458.1223                                                 2458.1223
              1       1204.2856      0.53929343      0.30868945   9.3339005e-05     0.022393131       2.9968475      0.97336071     0.039295244      0.99757138      -24.280118       -24.280118       2457.1315                                                 2457.1315
              3       1203.5272      0.41224215      0.30190765   9.1273228e-05     0.022488445        2.995148      0.97215485     0.039260189      0.99670605      -24.280118       -24.280118       2455.6146                                                 2455.6146
              4       1204.7084      0.44988265      0.30289951   9.1638422e-05     0.022478944       2.9855551      0.97052378     0.034369923      0.99658181      -24.280118       -24.280118       2457.9769                                                 2457.9769
              2        1204.052      0.44392756      0.30262457   9.1471202e-05     0.022545986       2.9845089      0.97131174     0.033155138       0.9972353      -24.280118       -24.280118       2456.6643                                                 2456.6643
              1       1203.1082      0.38686348      0.30134662   9.0989819e-05     0.022517664       2.9902696      0.97103982     0.035770949      0.99764496      -24.280118       -24.280118       2454.7766                                                 2454.7766
              9       1202.9251      0.40119542      0.30201891    9.121379e-05     0.022505291       2.9908594      0.97122792      0.03589146      0.99792922      -24.280118       -24.280118       2454.4104                                                 2454.4104
              4       1203.4044      0.33695832      0.29794132   9.0167495e-05     0.022520432        3.000081      0.97273284     0.040547559      0.99881258      -24.280118       -24.280118        2455.369                                                  2455.369
              3       1203.2099         0.32108      0.29847745    9.017208e-05      0.02252575       2.9935445      0.97254412     0.036880329      0.99901557      -24.280118       -24.280118         2454.98                                                   2454.98
              3       1203.0542      0.31414057      0.29895734   9.0260055e-05     0.022506613       2.9933121      0.97201198     0.036241168      0.99932143      -24.280118       -24.280118       2454.6687                                                 2454.6687
              2       1203.6946      0.51863538      0.30500437   9.2189549e-05     0.022616122       3.0191234      0.97578466     0.048363049         1.00124      -24.280118       -24.280118       2455.9494                                                 2455.9494
              9       1203.2618      0.54156363      0.30912848   9.3144455e-05     0.022580521       3.0149229      0.97501955     0.045782217       1.0010359      -24.280118       -24.280118       2455.0839                                                 2455.0839
              5        1203.015       0.5436639      0.30814571   9.3010553e-05      0.02254099       3.0176257      0.97536758      0.04944108      0.99904075      -24.280118       -24.280118       2454.5902                                                 2454.5902
             11       1203.0064      0.54423374       0.3081665    9.301453e-05     0.022542036       3.0175114       0.9753381     0.049392735      0.99902995      -24.280118       -24.280118        2454.573                                                  2454.573
              1       1203.0314      0.53936368      0.30816038    9.299639e-05     0.022537227       3.0178751      0.97521833     0.049640148      0.99898421      -24.280118       -24.280118        2454.623                                                  2454.623
              7       1202.3481      0.54960173      0.31098006   9.3644711e-05     0.022483769       3.0110527      0.97230195     0.046414354      0.99782833      -24.280118       -24.280118       2453.2565                                                 2453.2565
              4       1202.3281      0.58223408      0.31016305   9.3533647e-05     0.022572987       3.0163442      0.97226016     0.047196644       0.9995824      -24.280118       -24.280118       2453.2164                                                 2453.2164
              5       1202.5787      0.58455195      0.31040384   9.3615489e-05      0.02254963       3.0185155      0.97277358     0.048261964       1.0001069      -24.280118       -24.280118       2453.7176                                                 2453.7176
              1       1203.7335      0.62908485      0.31026631   9.3697084e-05      0.02263052       3.0231439      0.97435294     0.052164408      0.99892928      -24.280118       -24.280118       2456.0273                                                 2456.0273
              1       1204.4555      0.66951629        0.312638   9.4308149e-05     0.022621723        3.017327      0.97649808     0.048952741      0.99902498      -24.280118       -24.280118       2457.4713                                                 2457.4713
              7       1204.1474      0.61836999      0.31098343   9.3630661e-05     0.022693057       3.0093186      0.97542944     0.043930472      0.99965858      -24.280118       -24.280118       2456.8551                                                 2456.8551
              4       1203.7029      0.56001812      0.30685545   9.2609152e-05     0.022703112       3.0124497      0.97590029     0.046122128      0.99953806      -24.280118       -24.280118        2455.966                                                  2455.966
              1       1204.5288      0.45435767       0.3063146    9.204041e-05     0.022674985        3.011386      0.97627364     0.045836606      0.99885075      -24.280118       -24.280118       2457.6178                                                 2457.6178
              1        1204.538       0.4547923      0.30638625   9.2049818e-05       0.0226772       3.0110549      0.97619648     0.045658181      0.99883007      -24.280118       -24.280118       2457.6362                                                 2457.6362
              8       1204.8046      0.49522861      0.30806372   9.2561252e-05     0.022675843       3.0114476      0.97662209     0.046167552      0.99851587      -24.280118       -24.280118       2458.1695                                                 2458.1695
              2       1204.9527      0.50841166      0.30830707   9.2674616e-05     0.022676535       3.0135573      0.97670399     0.047626879      0.99824926      -24.280118       -24.280118       2458.4656                                                 2458.4656
              3       1204.8465      0.50385189       0.3082325   9.2647044e-05     0.022671547       3.0135717      0.97659967     0.047625398      0.99822913      -24.280118       -24.280118       2458.2532                                                 2458.2532
              3       1204.5831      0.55658581      0.30824938   9.2838121e-05     0.022694184        3.012927      0.97618106      0.04821321      0.99764678      -24.280118       -24.280118       2457.7264                                                 2457.7264
              1       1204.5581      0.55441156      0.30822374   9.2815938e-05     0.022697372       3.0124202      0.97611852       0.0478997        0.997653      -24.280118       -24.280118       2457.6764                                                 2457.6764
              7       1205.4189      0.44097635      0.30707179   9.2146653e-05     0.022619516       3.0046163      0.97381749     0.046964265      0.99412159      -24.280118       -24.280118        2459.398                                                  2459.398
              5       1205.2825      0.43653574      0.30697036   9.2112675e-05     0.022616086       3.0046519       0.9737111     0.046885913      0.99418564      -24.280118       -24.280118       2459.1252                                                 2459.1252
              3        1206.155      0.38227995      0.30878002   9.2194244e-05     0.022634427       3.0046442      0.96832803     0.044890844      0.99376171      -24.280118       -24.280118       2460.8702                                                 2460.8702
              6       1207.1353      0.30252282      0.30570827    9.137057e-05     0.022594503       3.0062709      0.96929223     0.046778352      0.99293625      -24.280118       -24.280118       2462.8309                                                 2462.8309
              3       1207.8318      0.32479328      0.30665992   9.1584572e-05     0.022642356       3.0041753      0.96861523     0.045692883      0.99275461      -24.280118       -24.280118       2464.2239                                                 2464.2239
              5       1206.0355      0.36772599      0.30662324   9.1777528e-05     0.022679827       3.0046128      0.97048237     0.044112299      0.99524129      -24.280118       -24.280118       2460.6313                                                 2460.6313
              1       1207.4358      0.37395841       0.3075047    9.201756e-05     0.022673102       3.0116204      0.97180694     0.047256402      0.99556698      -24.280118       -24.280118       2463.4318                                                 2463.4318
              9       1206.5682      0.40603027      0.30060635   9.0819904e-05     0.022674287        3.028276      0.97801437     0.054677625      0.99817956      -24.280118       -24.280118       2461.6966                                                 2461.6966
              3       1209.2577      0.35595624       0.2951656   8.9438297e-05     0.022774157       3.0331946      0.97996045     0.056170613        1.000138      -24.280118       -24.280118       2467.0756                                                 2467.0756
              7       1209.1683      0.39360586      0.29449623   8.9401561e-05     0.022821678       3.0199306      0.97990276     0.049100888       1.0001513      -24.280118       -24.280118       2466.8967                                                 2466.8967
              5       1206.2779       0.3896898      0.30240365   9.0858005e-05     0.022773548       2.9840834      0.97183357     0.033061522      0.99780464      -24.280118       -24.280118        2461.116                                                  2461.116
             12       1206.3874      0.38686303      0.30218104   9.0797158e-05       0.0227776       2.9841385      0.97202747     0.033071458      0.99785276      -24.280118       -24.280118       2461.3351                                                 2461.3351
              3       1205.6242      0.38537956      0.30415205    9.135228e-05     0.022573803       2.9656856      0.96658741     0.023526613      0.99723865      -24.280118       -24.280118       2459.8086                                                 2459.8086
              3       1206.1412      0.36031257      0.30256735   9.0892174e-05     0.022600396       2.9665787      0.96650696      0.02280033      0.99852705      -24.280118       -24.280118       2460.8427                                                 2460.8427
              4       1206.7551      0.42496014      0.30276229   9.1208401e-05     0.022646475       2.9691952      0.96754051     0.025178951      0.99820355      -24.280118       -24.280118       2462.0705                                                 2462.0705
              3       1206.9008       0.4118248      0.30406709   9.1377667e-05      0.02260122       2.9732383      0.96449037     0.024265017      0.99924198      -24.280118       -24.280118       2462.3619                                                 2462.3619
              5       1205.4836      0.45909721       0.3083704   9.2525756e-05     0.022529446       2.9769565      0.96410112     0.025934782      0.99945188      -24.280118       -24.280118       2459.5274                                                 2459.5274
             11       1204.7229      0.53502933      0.30863012   9.2891461e-05     0.022559939       2.9886219      0.96732658     0.030604544       1.0010049      -24.280118       -24.280118        2458.006                                                  2458.006
              5       1205.1969       0.5441957      0.30916809   9.3023527e-05     0.022594832       2.9880413       0.9660081     0.030267627       1.0010889      -24.280118       -24.280118       2458.9541                                                 2458.9541
              7       1206.5515       0.4540314      0.30285195   9.1246204e-05     0.022598171       3.0117842      0.97183185     0.043831901      0.99885835      -24.280118       -24.280118       2461.6632                                                 2461.6632
              4       1205.1736      0.44895816      0.30412636   9.1590256e-05     0.022560316       3.0010428      0.97154621     0.037156882       1.0000038      -24.280118       -24.280118       2458.9074                                                 2458.9074
              1       1204.3607      0.47497373      0.30567494   9.2050556e-05     0.022522356       2.9978683      0.97128712     0.036403379      0.99953818      -24.280118       -24.280118       2457.2817                                                 2457.2817
              1       1204.2477      0.50498697      0.30618614   9.2327355e-05      0.02250182       3.0059937      0.97258361     0.039831234       1.0006824      -24.280118       -24.280118       2457.0556                                                 2457.0556
              2       1205.5139      0.22724244       0.3018317   9.0581199e-05     0.022294441       3.0167902      0.96951237     0.046654669      0.99859927      -24.280118       -24.280118        2459.588                                                  2459.588
              1       1205.5656      0.22143913      0.30156062   9.0491437e-05     0.022301337        3.017357      0.96940775     0.046874597      0.99862312      -24.280118       -24.280118       2459.6915                                                 2459.6915
              5        1205.576      0.22306341      0.30150109   9.0489286e-05     0.022301822       3.0177756      0.96947612     0.047056306       0.9986854      -24.280118       -24.280118       2459.7122                                                 2459.7122
              1       1203.9219      0.32681656      0.30184474   9.0923841e-05      0.02241114        3.011467      0.96964767     0.046106368      0.99704918      -24.280118       -24.280118       2456.4041                                                 2456.4041
              1       1201.9029      0.45498091      0.30810322   9.2517922e-05     0.022514409       3.0138204      0.97058167     0.044884381      0.99989228      -24.280118       -24.280118       2452.3661                                                 2452.3661
              3       1202.5497      0.31427166      0.30201138   9.0825196e-05     0.022430673       3.0062345      0.97004551     0.041105168       1.0005381      -24.280118       -24.280118       2453.6596                                                 2453.6596
              1       1203.0452      0.28036882      0.30102918   9.0361611e-05     0.022487397       2.9989036      0.96942685      0.03797602      0.99963273      -24.280118       -24.280118       2454.6507                                                 2454.6507
              1       1203.1535       0.2657156      0.30056959   9.0211148e-05     0.022502961       3.0018865      0.96963931     0.039655927      0.99970979      -24.280118       -24.280118       2454.8672                                                 2454.8672
              5        1203.827      0.27017584      0.30019898   9.0130079e-05     0.022496569       3.0077399      0.97110438     0.042946957       0.9996379      -24.280118       -24.280118       2456.2142                                                 2456.2142
              2       1203.8618      0.26508076      0.30013513   9.0097015e-05      0.02249903       3.0078738      0.97110718     0.043063164      0.99961843      -24.280118       -24.280118       2456.2839                                                 2456.2839
              2       1203.5815      0.25965832      0.29936998   8.9907472e-05     0.022534963       3.0103637      0.97038451     0.043498641       1.0001922      -24.280118       -24.280118       2455.7232                                                 2455.7232
              2       1204.0647      0.23913691      0.29770277   8.9497746e-05     0.022549097       3.0089087      0.97271809     0.041849556       1.0012925      -24.280118       -24.280118       2456.6896                                                 2456.6896
              2       1204.1297      0.20631814      0.29886411   8.9613042e-05     0.022548906        3.005814      0.97034758     0.038102961       1.0026394      -24.280118       -24.280118       2456.8197                                                 2456.8197
              6       1204.0404      0.21058237      0.29921481   8.9694569e-05     0.022547976       3.0052807      0.97027752      0.03781416       1.0026001      -24.280118       -24.280118        2456.641                                                  2456.641
              1       1204.1903      0.21524864      0.29894563   8.9818712e-05     0.022450312         3.00707        0.972024     0.040343952       1.0021655      -24.280118       -24.280118       2456.9409                                                 2456.9409
              5       1205.4648      0.12105337      0.29821642   8.9298279e-05     0.022412074       3.0093267        0.971121     0.040815898       1.0022814      -24.280118       -24.280118       2459.4898                                                 2459.4898
              1       1205.8718       0.1345866      0.29793384   8.9260128e-05     0.022432535       3.0171569      0.97215448      0.04470176       1.0023778      -24.280118       -24.280118       2460.3037                                                 2460.3037
              4       1204.5878      0.21123103      0.30336336   9.0716723e-05     0.022348205       3.0123279      0.97193305     0.042630009       1.0013084      -24.280118       -24.280118       2457.7358                                                 2457.7358
              2       1203.8939      0.35559144      0.30608478   9.1901325e-05     0.022421684        3.021262      0.97259793     0.047913851        1.001475      -24.280118       -24.280118       2456.3481                                                 2456.3481
              1       1204.2806      0.34398297      0.30246904   9.1270176e-05     0.022365815       3.0150033      0.97345907     0.045268989         1.00203      -24.280118       -24.280118       2457.1215                                                 2457.1215
              2        1204.591      0.31192712      0.30099532   9.0834785e-05     0.022373247       3.0186434      0.97281161      0.04676401       1.0022813      -24.280118       -24.280118       2457.7422                                                 2457.7422
              1       1203.8997       0.3183411      0.30050772   9.0668823e-05     0.022419483       3.0139678      0.97335288     0.045199675       1.0016607      -24.280118       -24.280118       2456.3597                                                 2456.3597
              7       1204.9884      0.24437581      0.30085179   9.0602807e-05     0.022273657       3.0008103      0.97218848     0.042533647      0.99766724      -24.280118       -24.280118        2458.537                                                  2458.537
              3       1208.2281      0.52958355      0.30811192   9.3270591e-05     0.022362598       3.0095925      0.97648704     0.049192146      0.99761246      -24.280118       -24.280118       2465.0165                                                 2465.0165
              1       1208.2888      0.49712264      0.30538241   9.2484605e-05     0.022431692       3.0094067      0.97492637     0.049385297      0.99752684      -24.280118       -24.280118       2465.1379                                                 2465.1379
              3       1210.1619      0.37253529      0.30300779   9.1412922e-05     0.022507887        2.990294      0.97492651     0.037115118      0.99981338      -24.280118       -24.280118       2468.8841                                                 2468.8841
              3       1209.0844      0.41327231      0.30365698   9.1665282e-05     0.022543835       2.9874177      0.97504451     0.035339767      0.99992968      -24.280118       -24.280118        2466.729                                                  2466.729
              1       1208.7261      0.55265441      0.30854646   9.3152632e-05      0.02257978       3.0008304      0.97639535      0.04217313      0.99996029      -24.280118       -24.280118       2466.0123                                                 2466.0123
              3       1206.3748      0.61291301      0.31075561   9.3718972e-05     0.022640605        2.988095      0.97561154      0.03633005      0.99810441      -24.280118       -24.280118       2461.3098                                                 2461.3098
              3       1206.7226      0.61223459      0.30978975   9.3513376e-05     0.022660039       2.9897898      0.97677096     0.037404595       0.9980669      -24.280118       -24.280118       2462.0054                                                 2462.0054
              6       1206.7774      0.62032155      0.30846834   9.3261938e-05     0.022696785       2.9936379      0.97836966     0.037542927      0.99983999      -24.280118       -24.280118       2462.1149                                                 2462.1149
              2       1205.9575      0.51051091      0.30629921    9.250194e-05     0.022555435       2.9872091      0.97785397     0.033860216       1.0002668      -24.280118       -24.280118       2460.4753                                                 2460.4753
              4       1205.8563       0.5751001      0.30751863   9.3059255e-05     0.022590714       2.9920802      0.97796902     0.037498151      0.99930379      -24.280118       -24.280118       2460.2728                                                 2460.2728
              1        1206.381      0.63674259      0.30715159   9.3223099e-05     0.022614164       2.9999153      0.97916037     0.041481721      0.99978012      -24.280118       -24.280118       2461.3223                                                 2461.3223
              1       1204.5755      0.67697509      0.31058771   9.4020222e-05      0.02261263       3.0005096      0.97720251     0.039769572       1.0002276      -24.280118       -24.280118       2457.7113                                                 2457.7113
              3       1204.2257      0.66924114      0.31033339   9.3948075e-05     0.022596257       2.9956062      0.97555763     0.037583891      0.99993112      -24.280118       -24.280118       2457.0116                                                 2457.0116
              1       1204.3528      0.69225784      0.31112708   9.4216454e-05     0.022588101       2.9978168      0.97515317      0.03900036      0.99970943      -24.280118       -24.280118       2457.2659                                                 2457.2659
              5       1206.7138      0.72659453      0.30902712   9.3772955e-05     0.022747379        3.012714      0.97620907     0.044625455       1.0020063      -24.280118       -24.280118       2461.9878                                                 2461.9878
              2       1207.5539      0.73225896      0.30778601   9.3525805e-05      0.02279181       3.0149967      0.97588816     0.045918747       1.0020647      -24.280118       -24.280118        2463.668                                                  2463.668
              2       1206.8377      0.67732027      0.30655289   9.3123074e-05     0.022779756       3.0116957      0.97649034     0.045300895       1.0014612      -24.280118       -24.280118       2462.2357                                                 2462.2357
              1       1206.1783      0.70834441      0.30930755   9.3797698e-05     0.022785823       3.0006131      0.97420545     0.040571413       0.9997513      -24.280118       -24.280118       2460.9168                                                 2460.9168
              1       1205.2185      0.58591951      0.30537533   9.2560958e-05     0.022714741       2.9936931      0.97220908     0.036965307      0.99968331      -24.280118       -24.280118       2458.9972                                                 2458.9972
              1       1206.2714      0.57259197      0.30470361    9.225713e-05     0.022765354       2.9853533      0.97242296     0.032945647      0.99944283      -24.280118       -24.280118       2461.1031                                                 2461.1031
              2       1205.8239      0.54733256      0.30468588   9.2105065e-05     0.022775274       2.9879692      0.97172806     0.034267122       0.9991475      -24.280118       -24.280118        2460.208                                                  2460.208
              1       1205.7144      0.54901352      0.30396408   9.1990289e-05     0.022807827       3.0005142      0.97369686     0.039464609       1.0002155      -24.280118       -24.280118        2459.989                                                  2459.989
              1       1205.3404      0.51590095      0.30545025   9.2301601e-05     0.022665505       2.9967039      0.97551973     0.037118617       1.0013749      -24.280118       -24.280118        2459.241                                                  2459.241
              6       1204.3157       0.4051074      0.30578496   9.1962786e-05     0.022537259        2.980369      0.97399114     0.028604081      0.99949627      -24.280118       -24.280118       2457.1916                                                 2457.1916
              2       1205.3743      0.29737346      0.30407067   9.1175999e-05     0.022475083       2.9668827      0.97411874     0.022317039      0.99868975      -24.280118       -24.280118       2459.3089                                                 2459.3089
              4       1205.3334      0.28828147      0.30362163   9.1051279e-05     0.022474947        2.967475      0.97414925     0.022546456      0.99877272      -24.280118       -24.280118       2459.2271                                                 2459.2271
              5       1205.5012      0.21366112      0.30357964   9.0650637e-05     0.022506059       2.9762749      0.97279382     0.028182595      0.99782688      -24.280118       -24.280118       2459.5627                                                 2459.5627
              1       1206.9657      0.16908765      0.30204514   9.0446653e-05     0.022335866       3.0157597      0.97138248     0.050999329      0.99550566      -24.280118       -24.280118       2462.4916                                                 2462.4916
              4       1205.3783       0.2836626      0.30142885   9.0698632e-05     0.022436014        3.013663      0.96937432     0.051234192      0.99423558      -24.280118       -24.280118       2459.3168                                                 2459.3168
              2       1204.8367      0.37447364      0.30172171   9.1116971e-05     0.022522624       3.0197768      0.96937756     0.050240073      0.99757676      -24.280118       -24.280118       2458.2337                                                 2458.2337
              5       1205.3498      0.35140617      0.30014483    9.045548e-05     0.022716781       3.0167742      0.96864934     0.047637389      0.99851872      -24.280118       -24.280118       2459.2598                                                 2459.2598
              2       1206.7865      0.45192212      0.30003286   9.0860394e-05     0.022718569       3.0332474      0.97530628     0.058704026      0.99686516      -24.280118       -24.280118       2462.1332                                                 2462.1332
              5       1206.2787      0.42232397      0.30242701   9.1135102e-05     0.022703212        3.001489      0.97780359     0.044510753      0.99586606      -24.280118       -24.280118       2461.1175                                                 2461.1175
              7       1207.0539       0.4531887      0.30235027   9.1234072e-05     0.022743406       3.0042912      0.97830846     0.046179187      0.99600237      -24.280118       -24.280118        2462.668                                                  2462.668
              1       1206.6148      0.36423423      0.29973098   9.0339446e-05     0.022726824       3.0017114      0.97736006      0.04428987      0.99626459      -24.280118       -24.280118       2461.7898                                                 2461.7898
              2       1206.3293      0.36516501      0.29976693   9.0405125e-05     0.022699958       3.0063729      0.97792431     0.046481858      0.99641561      -24.280118       -24.280118       2461.2188                                                 2461.2188
              4       1207.2019      0.42669758      0.30263544   9.1501797e-05     0.022526653       3.0045067      0.97602303     0.049007983      0.99426303      -24.280118       -24.280118       2462.9641                                                 2462.9641
              3       1207.0982      0.37943329      0.30132589   9.0991939e-05     0.022529407       3.0032627      0.97500339     0.048420051       0.9939892      -24.280118       -24.280118       2462.7566                                                 2462.7566
             14       1206.3125      0.36838699      0.30131484   9.0920881e-05     0.022532862       3.0033844       0.9748937     0.047843708      0.99434199      -24.280118       -24.280118       2461.1852                                                 2461.1852
              2        1205.171      0.38323928      0.30454394    9.161724e-05     0.022480264       3.0052739      0.97489102     0.047588919      0.99481066      -24.280118       -24.280118       2458.9022                                                 2458.9022
              1       1204.9849      0.37228556      0.30397662   9.1445756e-05     0.022487079       3.0058823      0.97364495     0.047886184      0.99481418      -24.280118       -24.280118       2458.5301                                                 2458.5301
              2       1204.5872      0.54923473      0.31219511   9.3667964e-05     0.022546452       3.0279372       0.9729183     0.053413315      0.99903304      -24.280118       -24.280118       2457.7347                                                 2457.7347
              7       1204.0693      0.47647047      0.31528028   9.4153351e-05     0.022357185       3.0075083      0.96799604     0.041917292       0.9986237      -24.280118       -24.280118       2456.6988                                                 2456.6988
              2       1203.2612      0.50538966      0.31432426   9.4027024e-05     0.022412457       3.0079946      0.96857829     0.042469231      0.99871314      -24.280118       -24.280118       2455.0827                                                 2455.0827
              1       1203.2936      0.50917873      0.31452223   9.4085312e-05     0.022411786       3.0075897      0.96856092     0.042243173      0.99875734      -24.280118       -24.280118       2455.1475                                                 2455.1475
              3       1203.1681      0.49646207      0.31401775   9.3896865e-05      0.02244531       3.0108912      0.96894829     0.043071669      0.99945711      -24.280118       -24.280118       2454.8965                                                 2454.8965
              3       1203.3845      0.51205135      0.31478305   9.4117219e-05     0.022431254       3.0080878      0.96899444     0.042063546      0.99893201      -24.280118       -24.280118       2455.3292                                                 2455.3292
              4        1203.394      0.51024185      0.31487525    9.412681e-05     0.022432414       3.0069418      0.96867583     0.041805708      0.99863095      -24.280118       -24.280118       2455.3482                                                 2455.3482
              4       1202.7446      0.48777431      0.31294717   9.3627657e-05      0.02246287       3.0019332      0.96841196     0.039124023      0.99873824      -24.280118       -24.280118       2454.0493                                                 2454.0493
              1       1202.7514      0.47312217      0.31207206   9.3407997e-05     0.022443965       2.9971315      0.96775089     0.036215119      0.99918824      -24.280118       -24.280118       2454.0631                                                 2454.0631
              2       1202.8691      0.44838256      0.30926274   9.2754071e-05     0.022471859       2.9940621      0.96864141     0.036723171      0.99703724      -24.280118       -24.280118       2454.2984                                                 2454.2984
              2       1202.9468      0.47730043      0.30980487   9.2974213e-05     0.022485937       2.9939165      0.96856011     0.036962321      0.99686741      -24.280118       -24.280118       2454.4539                                                 2454.4539
              6       1202.6891      0.46368706      0.31055526   9.3030348e-05     0.022493549       2.9943283      0.96815601     0.036645902      0.99736205      -24.280118       -24.280118       2453.9385                                                 2453.9385
              4       1203.0664      0.48207445      0.31197535    9.341443e-05     0.022456121       2.9946683      0.96789133     0.037057841      0.99708682      -24.280118       -24.280118        2454.693                                                  2454.693
              4       1202.9192      0.46054955      0.31166868   9.3257988e-05     0.022456298       2.9935722       0.9681535     0.036337095      0.99723313      -24.280118       -24.280118       2454.3985                                                 2454.3985
              4       1203.3968      0.41286698      0.31037088   9.3073637e-05      0.02234618       2.9950286      0.96675511     0.037619044       0.9974819      -24.280118       -24.280118       2455.3539                                                 2455.3539
              3       1203.4583      0.34772513      0.30808353   9.2389204e-05     0.022300412       2.9951422      0.96691325     0.037088732      0.99806455      -24.280118       -24.280118       2455.4769                                                 2455.4769
              2       1203.7978      0.34127999      0.30698624   9.2162108e-05     0.022303534       2.9956918      0.96617773     0.037681317      0.99779973      -24.280118       -24.280118       2456.1558                                                 2456.1558
              1       1203.1054      0.34947663      0.30121993   9.0757502e-05     0.022551861       3.0229074      0.97027255     0.049832541      0.99955835      -24.280118       -24.280118        2454.771                                                  2454.771
              2        1202.816      0.38245009      0.30264698   9.1149421e-05     0.022532872       3.0221169      0.97000555     0.049165806      0.99978892      -24.280118       -24.280118       2454.1921                                                 2454.1921
              8       1204.7975      0.28694094      0.29835683    8.991743e-05     0.022519675       3.0116589      0.96639143     0.043552354       1.0004851      -24.280118       -24.280118       2458.1553                                                 2458.1553
              1       1204.7171      0.27018619      0.29801603    8.981228e-05     0.022494476        3.012418      0.96678099     0.043783613       1.0007077      -24.280118       -24.280118       2457.9945                                                 2457.9945
              1       1204.7724      0.51902609      0.30504498   9.2333026e-05     0.022511353       3.0296611      0.96976866     0.051465028       1.0019664      -24.280118       -24.280118        2458.105                                                  2458.105
              2       1204.1817      0.54838144      0.30847503   9.3115775e-05     0.022445979       3.0235353      0.96943593      0.04954398       1.0002466      -24.280118       -24.280118       2456.9237                                                 2456.9237
              1       1203.2413      0.53723407      0.30831712   9.3048705e-05     0.022493412        3.017188      0.97111917     0.048092727      0.99824238      -24.280118       -24.280118       2455.0429                                                 2455.0429
              5       1203.5912      0.62117977      0.30879671   9.3541425e-05     0.022485644       3.0029636      0.97355264     0.041759466      0.99867921      -24.280118       -24.280118       2455.7427                                                 2455.7427
              5       1203.7923      0.63332788      0.30993911   9.3786989e-05     0.022487865       3.0049187      0.97322778      0.04256403      0.99846347      -24.280118       -24.280118       2456.1448                                                 2456.1448
             12       1203.5662      0.62512577      0.31002938   9.3785827e-05     0.022488447        3.006513      0.97251615     0.043099722      0.99852359      -24.280118       -24.280118       2455.6927                                                 2455.6927
              3       1203.9255      0.58526708      0.31080155   9.3892294e-05     0.022442916        2.995684      0.96923618      0.03556255        1.000456      -24.280118       -24.280118       2456.4113                                                 2456.4113
              2       1203.8908       0.6289614      0.31180981   9.4020945e-05     0.022548705        3.004006       0.9685124     0.039459876       1.0002982      -24.280118       -24.280118       2456.3419                                                 2456.3419
              1       1203.8416      0.61414312      0.31148699   9.3892137e-05     0.022539481       3.0033637      0.96855321     0.038434943       1.0010261      -24.280118       -24.280118       2456.2434                                                 2456.2434
              3        1203.796       0.6127357      0.31166991   9.3927567e-05     0.022530566       3.0029407      0.96855309     0.038331883        1.000916      -24.280118       -24.280118       2456.1522                                                 2456.1522
             11       1203.7639      0.61925582       0.3115184    9.392913e-05     0.022532295       3.0035976      0.96892306     0.038833919       1.0009041      -24.280118       -24.280118        2456.088                                                  2456.088
              1       1204.1963      0.65047253      0.31229441   9.4190698e-05     0.022567299       3.0032004      0.96927237     0.038445669       1.0010389      -24.280118       -24.280118       2456.9529                                                 2456.9529
              1       1204.2605      0.69754007      0.31193392   9.4434467e-05     0.022565376       3.0045942      0.97044578     0.043064866      0.99840558      -24.280118       -24.280118       2457.0813                                                 2457.0813
             10       1203.7541       0.6486178      0.31233438   9.4200234e-05     0.022595708        2.995135      0.97083579     0.038772683      0.99785218      -24.280118       -24.280118       2456.0684                                                 2456.0684
              4       1203.9738      0.51767807      0.30502544   9.2164025e-05     0.022615121       2.9963755      0.96950192     0.040193742      0.99619019      -24.280118       -24.280118       2456.5078                                                 2456.5078
              1       1204.0055      0.43062915      0.30652367    9.211606e-05      0.02254648       2.9765835      0.96748573     0.029517369      0.99622102      -24.280118       -24.280118       2456.5713                                                 2456.5713
              3       1205.4905      0.34677913      0.30518016   9.1687536e-05     0.022476309       2.9848783      0.96456543     0.031555484      0.99768915      -24.280118       -24.280118       2459.5412                                                 2459.5412
              3       1205.6789      0.38150095      0.30629309   9.2093549e-05     0.022467056       2.9843732      0.96475386     0.031813583      0.99746529      -24.280118       -24.280118       2459.9181                                                 2459.9181
              2        1205.759      0.38664495      0.30667865   9.2188647e-05     0.022468824       2.9836783      0.96477367     0.031513154       0.9973499      -24.280118       -24.280118       2460.0783                                                 2460.0783
              5       1205.1572      0.42620428      0.30765512   9.2607766e-05     0.022451489       2.9913314      0.96631595     0.035841714      0.99733004      -24.280118       -24.280118       2458.8746                                                 2458.8746
              4       1204.5144      0.39204673      0.31055876   9.3068042e-05     0.022318618       2.9810477      0.96616406      0.03119513      0.99717616      -24.280118       -24.280118       2457.5891                                                 2457.5891
              5       1205.5214      0.35664316      0.31059036   9.2950473e-05     0.022303497       2.9825074      0.96634285     0.033350435      0.99553529      -24.280118       -24.280118        2459.603                                                  2459.603
              1       1204.9873      0.30148855      0.30900606   9.2376077e-05     0.022336887       2.9929263      0.96644237     0.037090389      0.99681157      -24.280118       -24.280118       2458.5348                                                 2458.5348
              7       1205.2348      0.37539757      0.31111542   9.3117361e-05     0.022357558       2.9964641      0.96714524     0.039102834      0.99692148      -24.280118       -24.280118       2459.0298                                                 2459.0298
              1        1205.231       0.3784811      0.31165947   9.3211829e-05     0.022364851       2.9961447      0.96708641     0.038760371      0.99706829      -24.280118       -24.280118       2459.0223                                                 2459.0223
              3       1205.6413      0.40213975      0.31295171   9.3572776e-05     0.022370637       3.0027822      0.96657551     0.040778409      0.99808285      -24.280118       -24.280118       2459.8429                                                 2459.8429
              5       1204.2162      0.63558601      0.31399648   9.4578494e-05     0.022557338       3.0166468      0.97584038     0.047213314      0.99973898      -24.280118       -24.280118       2456.9926                                                 2456.9926
             11        1204.235      0.55765986      0.31161263   9.3797392e-05      0.02254839       3.0037542      0.97485299      0.04183032      0.99804675      -24.280118       -24.280118       2457.0302                                                 2457.0302
              4       1204.5792      0.55694249      0.31359163   9.4239962e-05     0.022375812       2.9763738      0.96951877     0.026191814      0.99924361      -24.280118       -24.280118       2457.7186                                                 2457.7186
              1       1209.1042      0.40503044      0.30478573   9.1920396e-05     0.022487891       2.9771502      0.97566193     0.025700822       1.0002789      -24.280118       -24.280118       2466.7686                                                 2466.7686
              4       1209.4443      0.37542011      0.30515232   9.1987734e-05     0.022415284       2.9748491      0.97491135     0.024790839       1.0002782      -24.280118       -24.280118       2467.4487                                                 2467.4487
              1        1208.142      0.30842936       0.3031006   9.1070959e-05     0.022564674       2.9605615      0.97434255     0.018683581      0.99957943      -24.280118       -24.280118       2464.8443                                                 2464.8443
              1       1208.0652      0.22721048      0.29913316   8.9973463e-05     0.022515126       2.9656759      0.97625202     0.024509877      0.99698793      -24.280118       -24.280118       2464.6905                                                 2464.6905
              4       1208.0965      0.22941401      0.29920433   8.9997626e-05     0.022515009       2.9656276      0.97629431     0.024507981      0.99697717      -24.280118       -24.280118       2464.7532                                                 2464.7532
              5       1207.5581      0.23709219      0.29929464   8.9980237e-05      0.02255339        2.967078      0.97593022     0.025295356       0.9968984      -24.280118       -24.280118       2463.6764                                                 2463.6764
              1       1207.2438      0.22452552      0.30043191   9.0234277e-05     0.022488096       2.9635694      0.97471671      0.02334998      0.99683698      -24.280118       -24.280118       2463.0479                                                 2463.0479
              1        1206.049      0.16654422      0.30001285   8.9845874e-05     0.022491786       2.9692641      0.97302145     0.025937819      0.99663121      -24.280118       -24.280118       2460.6582                                                 2460.6582
              2       1206.4207      0.14073553      0.29998061   8.9644228e-05     0.022489986       2.9572345      0.97178747     0.019590824      0.99652137      -24.280118       -24.280118       2461.4016                                                 2461.4016
              1       1205.5605      0.58744877      0.30886064   9.3286586e-05     0.022505352       2.9840791      0.96772893     0.032801661      0.99767457      -24.280118       -24.280118       2459.6812                                                 2459.6812
              2       1205.6341      0.59294704      0.30914978    9.336057e-05     0.022511653       2.9837461      0.96764442     0.032604339      0.99766176      -24.280118       -24.280118       2459.8285                                                 2459.8285
              1       1205.7424       0.6009701      0.30951459   9.3469276e-05     0.022507915        2.983551      0.96778345     0.032888166      0.99731658      -24.280118       -24.280118       2460.0451                                                 2460.0451
              5       1205.8205      0.56263801      0.30872007   9.3104872e-05     0.022531545        2.986049      0.96597235     0.033350784      0.99735185      -24.280118       -24.280118       2460.2012                                                 2460.2012
              3       1206.3521      0.59974557      0.30948293   9.3345602e-05     0.022582793       2.9968575      0.96574905     0.039381754      0.99725833      -24.280118       -24.280118       2461.2644                                                 2461.2644
              1       1208.0654      0.60935916      0.30901665   9.3323149e-05     0.022667451       3.0045857      0.96657533     0.043626981       0.9954104      -24.280118       -24.280118       2464.6909                                                 2464.6909
              4       1207.6457      0.54676467      0.30923698   9.3158461e-05     0.022613086       2.9993866      0.96528486     0.040841326      0.99522934      -24.280118       -24.280118       2463.8516                                                 2463.8516
              3       1207.0124        0.481362      0.30844687    9.246215e-05     0.022735314       2.9956046       0.9682773     0.037023669      0.99623048      -24.280118       -24.280118       2462.5849                                                 2462.5849
              1       1207.2344      0.51792458      0.30895387    9.269995e-05     0.022750968       2.9998384      0.96833244      0.03895495      0.99646229      -24.280118       -24.280118       2463.0289                                                 2463.0289
              4        1208.095      0.42102608       0.3079113   9.2117994e-05      0.02265895       3.0022442      0.96827894     0.035919031      0.99965036      -24.280118       -24.280118       2464.7503                                                 2464.7503
              1       1205.6335      0.41139655       0.3062078   9.1852608e-05     0.022603919       3.0067302      0.96926671     0.038516057       1.0003108      -24.280118       -24.280118       2459.8273                                                 2459.8273
              1       1205.6025      0.41526168      0.30638751   9.1843417e-05     0.022646673       3.0069076       0.9690685     0.037644829       1.0013345      -24.280118       -24.280118       2459.7652                                                 2459.7652
              2       1206.9723      0.49962724      0.31340871   9.3788452e-05     0.022531231       3.0051716      0.96581605     0.036028044       1.0017854      -24.280118       -24.280118       2462.5049                                                 2462.5049
              1       1207.0014      0.49815737      0.31245094   9.3551932e-05     0.022543109       3.0067835        0.966361     0.036464365       1.0020871      -24.280118       -24.280118        2462.563                                                  2462.563
             11       1206.6473      0.49788724      0.31350364   9.3790003e-05     0.022491158       3.0012625      0.96609213     0.034300514       1.0014385      -24.280118       -24.280118       2461.8548                                                 2461.8548
              4       1206.4743      0.47052572      0.31239035   9.3465729e-05     0.022477426       3.0042591      0.96572059     0.035617144       1.0016828      -24.280118       -24.280118       2461.5088                                                 2461.5088
              7       1206.4696      0.46975616      0.31233402   9.3450464e-05     0.022478039       3.0043029      0.96572365     0.035636726       1.0016855      -24.280118       -24.280118       2461.4995                                                 2461.4995
              2       1205.9804      0.45627875      0.31015146   9.2910163e-05      0.02250629       3.0214613      0.96474575     0.044722098       1.0018508      -24.280118       -24.280118       2460.5211                                                 2460.5211
              3       1208.6784      0.55135221      0.31563525   9.4227987e-05     0.022587935        3.020417      0.96329334     0.043741776       1.0014013      -24.280118       -24.280118       2465.9171                                                 2465.9171
              1       1207.1344      0.61670355      0.31662953   9.4748309e-05     0.022600836       3.0171145      0.96432912     0.045312346      0.99898307      -24.280118       -24.280118       2462.8291                                                 2462.8291
              4       1207.2738      0.60362424      0.31502647   9.4331742e-05     0.022675296       3.0162948      0.96412045     0.044310057      0.99964331      -24.280118       -24.280118       2463.1079                                                 2463.1079
              1       1206.3928      0.56409238      0.31346712   9.3868034e-05     0.022670144       3.0159714      0.96467634     0.044473191      0.99935685      -24.280118       -24.280118       2461.3458                                                 2461.3458
              1       1206.3252      0.55581967      0.31337484    9.399001e-05     0.022599128       3.0205375      0.96388219     0.048011746      0.99903511      -24.280118       -24.280118       2461.2106                                                 2461.2106
              3        1207.592      0.56642939      0.31200271   9.3804661e-05      0.02255091       3.0205473      0.96286096      0.05000447      0.99713601      -24.280118       -24.280118       2463.7443                                                 2463.7443
              1       1207.7015      0.67533653      0.31934615    9.603644e-05     0.022293937       2.9983573      0.96524884     0.039691491      0.99693754      -24.280118       -24.280118       2463.9632                                                 2463.9632
              7       1207.3868      0.73474708      0.31888696    9.611414e-05     0.022365014       2.9983974      0.97089163     0.040492762      0.99642292      -24.280118       -24.280118       2463.3338                                                 2463.3338
              2       1207.6863      0.72057231      0.31650024   9.5708862e-05     0.022300485        2.998997      0.97171011     0.041347311       0.9966823      -24.280118       -24.280118       2463.9328                                                 2463.9328
              1       1207.6239      0.68177134      0.31467049   9.4963397e-05     0.022380945       3.0050519       0.9709837     0.043997686      0.99616959      -24.280118       -24.280118        2463.808                                                  2463.808
              2       1206.9509      0.65280912      0.31242232   9.4414651e-05     0.022377389       3.0087134      0.97218625     0.044681317      0.99746612      -24.280118       -24.280118        2462.462                                                  2462.462
              2       1206.7926      0.34770839      0.30208721   9.1232935e-05     0.022261239        3.017459      0.96791463     0.050188055      0.99698096      -24.280118       -24.280118       2462.1455                                                 2462.1455
              6       1203.5963      0.28203966      0.29827312   8.9915804e-05     0.022525564       3.0188918      0.97055261     0.050168438       0.9981103      -24.280118       -24.280118       2455.7528                                                 2455.7528
              4       1203.8015      0.35226402      0.30011089   9.0569583e-05     0.022543044       3.0256774      0.97238645     0.053829202      0.99830269      -24.280118       -24.280118       2456.1632                                                 2456.1632
              8       1207.1141      0.38571649      0.30430783   9.1531746e-05     0.022512801       3.0418997      0.97067941     0.062648251      0.99685286      -24.280118       -24.280118       2462.7884                                                 2462.7884
              2       1205.6852      0.37040478      0.30599061    9.177838e-05      0.02248066        3.031666      0.96867623     0.057398506      0.99635887      -24.280118       -24.280118       2459.9306                                                 2459.9306
              7       1205.6752      0.44834089      0.30675344   9.2121427e-05     0.022599791       3.0270836        0.969848     0.056057586      0.99488153      -24.280118       -24.280118       2459.9106                                                 2459.9106
              3       1205.6309      0.43158782       0.3073461   9.2226013e-05      0.02261457       3.0173302       0.9687961      0.05124711      0.99433625      -24.280118       -24.280118       2459.8221                                                 2459.8221
              1       1203.9798      0.40616537      0.30582366   9.1752161e-05     0.022637655       3.0033041      0.97062043     0.043767356      0.99495292      -24.280118       -24.280118       2456.5199                                                 2456.5199
              4       1204.3014      0.23093763      0.30320863   9.0439343e-05     0.022630749       3.0075256      0.96756014      0.04062218      0.99936953      -24.280118       -24.280118        2457.163                                                  2457.163
              5       1204.9378      0.14048034      0.30030873   8.9612612e-05     0.022592319       3.0033576      0.96711377     0.041003077      0.99746199      -24.280118       -24.280118       2458.4357                                                 2458.4357
              1       1204.5154      0.14352927      0.30130838   8.9876813e-05     0.022510526       3.0007836      0.96855159      0.04115014      0.99625793      -24.280118       -24.280118        2457.591                                                  2457.591
              2       1208.4342    0.0019278035      0.29830092   8.8617607e-05     0.022479568       3.0049456      0.96571153     0.042444316      0.99624197      -24.280118       -24.280118       2465.4285                                                 2465.4285
              7       1205.6365      0.13046143      0.30107118    8.970207e-05     0.022540931       2.9979557      0.97219931     0.038748249      0.99692743      -24.280118       -24.280118       2459.8333                                                 2459.8333
              7        1205.925      0.11761168      0.29700607   8.8941046e-05     0.022504584       2.9874095      0.97376362     0.034847188      0.99610222      -24.280118       -24.280118       2460.4102                                                 2460.4102
              2       1206.1218     0.099616759      0.29629331   8.8722112e-05     0.022504563       2.9868997      0.97361867      0.03468051      0.99609216      -24.280118       -24.280118       2460.8038                                                 2460.8038
             10       1206.1805     0.096802918      0.29627295   8.8709067e-05     0.022502232       2.9872663      0.97366014     0.034896523      0.99606104      -24.280118       -24.280118       2460.9213                                                 2460.9213
              1       1206.2962      0.10572533      0.29682565   8.8721869e-05     0.022571115       2.9886326      0.97179747     0.035225175      0.99569249      -24.280118       -24.280118       2461.1527                                                 2461.1527
              1       1206.5839       0.1216635      0.29681031   8.8742825e-05     0.022599175       2.9842773      0.97229417     0.032575305      0.99612973      -24.280118       -24.280118       2461.7281                                                 2461.7281
              1       1206.4925     0.059031092       0.2931416   8.7802506e-05     0.022609066        2.985515      0.96999442     0.031258907      0.99856333      -24.280118       -24.280118       2461.5453                                                 2461.5453
              3       1203.8517      0.49862836      0.30550265   9.2159743e-05     0.022657452        2.996169      0.97211205     0.039479909      0.99831281      -24.280118       -24.280118       2456.2636                                                 2456.2636
              5       1203.8634      0.49836714      0.30546197    9.215483e-05     0.022655589       2.9957226      0.97197296     0.039222693      0.99835873      -24.280118       -24.280118        2456.287                                                  2456.287
              1       1204.0329      0.50118318      0.30561066    9.218955e-05     0.022661665         2.99696      0.97191225     0.039776165      0.99847454      -24.280118       -24.280118       2456.6261                                                 2456.6261
              2       1204.7679       0.4893307      0.30796226   9.2524612e-05     0.022714929        2.990472      0.96935958     0.035743383      0.99784224      -24.280118       -24.280118        2458.096                                                  2458.096
              2        1204.596      0.47120943      0.30735801   9.2305582e-05     0.022723863       2.9917983      0.96960842     0.036319284      0.99775722      -24.280118       -24.280118       2457.7523                                                 2457.7523
             10       1203.6565      0.49666197      0.30665344   9.2295807e-05     0.022702081       2.9950728      0.97067883     0.038117576      0.99807049      -24.280118       -24.280118       2455.8733                                                 2455.8733
              5       1202.6707      0.45668351      0.30886034   9.2754788e-05       0.0225341        2.992541      0.97043729     0.037026375      0.99774613      -24.280118       -24.280118       2453.9017                                                 2453.9017
              3       1202.7821      0.45421929       0.3092842   9.2808688e-05     0.022538454       2.9912556      0.97014387     0.036197845      0.99779117      -24.280118       -24.280118       2454.1243                                                 2454.1243
              1       1203.6529      0.43851387      0.30912917   9.2672066e-05     0.022550105       2.9975673      0.97333555      0.04023999      0.99711908      -24.280118       -24.280118       2455.8661                                                 2455.8661
              4       1203.7481      0.41526547       0.3093149   9.2596085e-05     0.022502425       3.0167637       0.9714945     0.048860159      0.99794437      -24.280118       -24.280118       2456.0564                                                 2456.0564
              2       1203.9808      0.46272701      0.31390185   9.3811164e-05     0.022426688       3.0155181      0.97008839     0.046259463      0.99877568      -24.280118       -24.280118       2456.5219                                                 2456.5219
              3       1204.4756      0.44038729       0.3122913   9.3373871e-05     0.022453032       3.0214924      0.97189441     0.048538214       0.9995176      -24.280118       -24.280118       2457.5114                                                 2457.5114
              3       1204.0683      0.45673671      0.31218643   9.3420369e-05     0.022469799       3.0196891      0.97214103     0.047611358      0.99962735      -24.280118       -24.280118       2456.6968                                                 2456.6968
              2       1205.3192      0.66566558      0.31913548   9.5605092e-05     0.022559035       3.0174535      0.97278464     0.046760693      0.99948689      -24.280118       -24.280118       2459.1987                                                 2459.1987
              8       1205.4108      0.65947234      0.31961748   9.5674354e-05     0.022550481       3.0168581      0.97200223     0.046035185      0.99973339      -24.280118       -24.280118       2459.3818                                                 2459.3818
              1       1204.7761      0.53255078      0.31718629    9.464063e-05       0.0225224         3.00298      0.96986171     0.039154993      0.99919779      -24.280118       -24.280118       2458.1125                                                 2458.1125
              3       1205.6192      0.49162887      0.31688138   9.4726828e-05     0.022272728        3.004877      0.97050941     0.042027574      0.99840592      -24.280118       -24.280118       2459.7986                                                 2459.7986
              1       1205.6425      0.49212143      0.31692828   9.4740163e-05     0.022271917        3.004631      0.97043258     0.041892348      0.99842755      -24.280118       -24.280118       2459.8452                                                 2459.8452
              1       1205.0093      0.50618359      0.31558336   9.4529343e-05     0.022295903         3.00966       0.9710514     0.044979741      0.99841009      -24.280118       -24.280118       2458.5789                                                 2458.5789
              4       1205.7192       0.6819129      0.31961873   9.6033793e-05     0.022324594       3.0082857      0.97063529     0.042894653      0.99949437      -24.280118       -24.280118       2459.9985                                                 2459.9985
              4        1205.172      0.69127476      0.31921165   9.5995142e-05     0.022369412       3.0122292      0.97169356     0.043693411       1.0007334      -24.280118       -24.280118       2458.9042                                                 2458.9042
              2       1203.9969      0.63170898      0.31578398   9.5087036e-05      0.02237972       3.0163003      0.97154778     0.046107654       1.0008325      -24.280118       -24.280118        2456.554                                                  2456.554
              1       1204.2334      0.60619766      0.31462663   9.4790051e-05     0.022372402       3.0190385      0.97298982     0.047509861       1.0007607      -24.280118       -24.280118       2457.0271                                                 2457.0271
              2       1205.9308      0.63608394      0.31459659   9.4958289e-05      0.02232114       3.0170083      0.97609659      0.04933379      0.99922524      -24.280118       -24.280118       2460.4217                                                 2460.4217
              8       1204.9718      0.50968868       0.3131094   9.4088725e-05      0.02231789       2.9987539      0.97348103     0.042397826       0.9959718      -24.280118       -24.280118       2458.5039                                                 2458.5039
              1       1204.4296      0.25552895      0.29664411   8.9567149e-05     0.022473552       3.0031328      0.97334468     0.044140783      0.99608701      -24.280118       -24.280118       2457.4193                                                 2457.4193
              5       1204.7864       0.2416885      0.29521196    8.918794e-05      0.02249669       3.0108463      0.97430812     0.047289022      0.99702065      -24.280118       -24.280118       2458.1331                                                 2458.1331
              5       1204.9439      0.24250721      0.29505217    8.919314e-05     0.022483631       3.0124193      0.97425026     0.048346134      0.99696058      -24.280118       -24.280118        2458.448                                                  2458.448
              1       1204.1594      0.33044703      0.29695277   8.9841018e-05     0.022597396       2.9957569      0.97329079     0.037349503       1.0001177      -24.280118       -24.280118       2456.8791                                                 2456.8791
              2       1203.2949      0.33580071      0.30092197   9.0732689e-05     0.022495987       2.9850457        0.969317     0.032094457       0.9992593      -24.280118       -24.280118         2455.15                                                   2455.15
              2       1203.2508      0.33827329      0.30099181   9.0760349e-05     0.022494167       2.9853824       0.9693378     0.032233618      0.99930877      -24.280118       -24.280118       2455.0619                                                 2455.0619
              3       1202.8984      0.39183099      0.30272512   9.1218455e-05     0.022561513       2.9898601      0.96867315     0.033581818      0.99951169      -24.280118       -24.280118       2454.3571                                                 2454.3571
              4        1204.624       0.3680487      0.30202536   9.0955283e-05     0.022577975       2.9830513      0.96625221     0.028999479       1.0000755      -24.280118       -24.280118       2457.8083                                                 2457.8083
              2       1204.4876      0.34315925      0.30196605   9.0833419e-05     0.022560519       2.9849109      0.96597027     0.029378705        1.000218      -24.280118       -24.280118       2457.5355                                                 2457.5355
              1       1204.2714       0.3535044      0.30339623   9.1107116e-05     0.022586042       2.9765841       0.9663822      0.02590386      0.99947747      -24.280118       -24.280118       2457.1031                                                 2457.1031
              9       1203.5495      0.29239499       0.3026908   9.0827244e-05     0.022536453       2.9809745      0.96740539     0.028601713      0.99907093      -24.280118       -24.280118       2455.6591                                                 2455.6591
              1       1203.5841      0.19133565      0.29747023   8.9379587e-05     0.022551277       3.0015678      0.96881478     0.040385364      0.99856849      -24.280118       -24.280118       2455.7284                                                 2455.7284
              1       1203.6119       0.1614783      0.29686163   8.9129692e-05     0.022541813       2.9993651      0.96962921     0.039419658      0.99832916      -24.280118       -24.280118       2455.7841                                                 2455.7841
              1        1204.399      0.13482147      0.29652165   8.8839873e-05     0.022553803       2.9979989       0.9683313     0.038818687      0.99771428      -24.280118       -24.280118       2457.3582                                                 2457.3582
              1       1205.4601     0.091425036      0.29475292   8.8339929e-05     0.022532945       2.9947532      0.96765541     0.037384438      0.99749425      -24.280118       -24.280118       2459.4804                                                 2459.4804
             13       1204.8109      0.18265694      0.29737078   8.9385824e-05     0.022444688        3.007079      0.96867252      0.04497974      0.99588838      -24.280118       -24.280118       2458.1821                                                 2458.1821
              5        1204.884      0.14890803      0.29536234   8.8663753e-05     0.022573411       3.0007608      0.96867017     0.039691266      0.99760299      -24.280118       -24.280118       2458.3283                                                 2458.3283
              1       1204.5034      0.12629292      0.30045875   8.9721819e-05      0.02241923       2.9800669      0.96657383      0.02838642      0.99785209      -24.280118       -24.280118        2457.567                                                  2457.567
              4       1203.7772      0.19073742      0.30302826   9.0641786e-05     0.022393276       2.9984411      0.96701666     0.036352116       1.0003062      -24.280118       -24.280118       2456.1145                                                 2456.1145
              1       1204.1483      0.15343137      0.30282543   9.0427954e-05     0.022385298       3.0019064      0.96663671     0.037887405       1.0001174      -24.280118       -24.280118       2456.8567                                                 2456.8567
              1       1204.4701      0.24888848      0.30704463   9.1555402e-05     0.022443803       3.0027968      0.96503512     0.037326719       1.0004255      -24.280118       -24.280118       2457.5004                                                 2457.5004
              1       1204.7401      0.29595254       0.3086324   9.2009218e-05     0.022509746        3.003695      0.96782701     0.037885327       1.0003716      -24.280118       -24.280118       2458.0404                                                 2458.0404
              1       1207.3044     0.077308746      0.30256157   9.0025474e-05     0.022448695       2.9763031      0.96315762     0.027260668       0.9968827      -24.280118       -24.280118        2463.169                                                  2463.169
              1       1207.1908     0.063081556      0.30170023   8.9749481e-05     0.022471125       2.9738186       0.9630272      0.02570159      0.99732446      -24.280118       -24.280118       2462.9419                                                 2462.9419
              1        1207.007     0.041210998      0.29966032   8.9304724e-05      0.02239789       2.9772239      0.96297094     0.029104235       0.9962543      -24.280118       -24.280118       2462.5742                                                 2462.5742
             13       1206.9002     0.034980387      0.29966273   8.9290353e-05     0.022379768       2.9734746      0.96341832      0.02718721      0.99624599      -24.280118       -24.280118       2462.3607                                                 2462.3607
              3       1206.6697     0.067343515      0.30098596   8.9752489e-05     0.022321299       2.9737547      0.96307998     0.021748467       1.0013687      -24.280118       -24.280118       2461.8997                                                 2461.8997
              2       1206.2296      0.30204533      0.30860016    9.189752e-05     0.022550601       2.9740826      0.96475125      0.02109754       1.0009712      -24.280118       -24.280118       2461.0194                                                 2461.0194
              6       1206.1064      0.33245332      0.30959599   9.2244186e-05     0.022540198       2.9731553      0.96453489     0.020864304       1.0009134      -24.280118       -24.280118       2460.7729                                                 2460.7729
              6       1204.7565      0.38418001      0.31002399   9.2616306e-05     0.022536373       2.9756076      0.96894775     0.023508232       1.0006651      -24.280118       -24.280118       2458.0733                                                 2458.0733
              3       1203.8252      0.40057337      0.31060497    9.277539e-05     0.022529412       2.9784055      0.96814743     0.026497117      0.99920005      -24.280118       -24.280118       2456.2106                                                 2456.2106
              1       1203.3857      0.46830318      0.31185613   9.3315399e-05     0.022527328       2.9847202      0.96947729     0.029038128        1.000732      -24.280118       -24.280118       2455.3316                                                 2455.3316
              2       1203.1413      0.40696094      0.30586819   9.1948684e-05     0.022580608       2.9981227       0.9713651     0.037438111       1.0003168      -24.280118       -24.280118       2454.8429                                                 2454.8429
              2        1203.494      0.40140731      0.30545855    9.175034e-05     0.022639623       2.9988304      0.97160865     0.037574735        1.000351      -24.280118       -24.280118       2455.5482                                                 2455.5482
              3       1203.6605      0.41438611       0.3057566   9.1907633e-05     0.022626832       2.9971683      0.97170535     0.037163625       1.0001268      -24.280118       -24.280118       2455.8813                                                 2455.8813
              3       1204.3896      0.40209262      0.30482623   9.1587784e-05     0.022668254       2.9858356      0.96906591     0.031318968      0.99993955      -24.280118       -24.280118       2457.3395                                                 2457.3395
              2       1204.1302      0.42219516      0.30681702    9.207533e-05     0.022634397       2.9796921      0.96905367     0.027966223      0.99992228      -24.280118       -24.280118       2456.8207                                                 2456.8207
              2       1203.3156      0.48974067      0.30781535   9.2751962e-05     0.022545851       2.9856685      0.97209915       0.0313572      0.99979096      -24.280118       -24.280118       2455.1913                                                 2455.1913
              2       1203.7211      0.61514839      0.31250158   9.4258618e-05     0.022543157       2.9960112      0.97270377     0.035644558        1.001283      -24.280118       -24.280118       2456.0025                                                 2456.0025
              2       1203.8743      0.60638517       0.3123976   9.4220773e-05     0.022533316       2.9950199      0.97241792     0.035044202       1.0013718      -24.280118       -24.280118       2456.3089                                                 2456.3089
              1        1206.076      0.74745652      0.31938925   9.6189578e-05     0.022549389       2.9918173      0.96810235     0.036145899      0.99746608      -24.280118       -24.280118       2460.7122                                                 2460.7122
              6       1204.9727      0.65690508      0.31865553   9.5593935e-05     0.022519597       2.9905387      0.97031141     0.034215797      0.99810969      -24.280118       -24.280118       2458.5057                                                 2458.5057
              2       1204.9061      0.67248661      0.31920859   9.5769099e-05     0.022515236       2.9937857      0.97035659     0.035599724      0.99842553      -24.280118       -24.280118       2458.3724                                                 2458.3724
              6       1205.3051      0.62423027      0.31701823   9.5092742e-05     0.022540143       2.9919487      0.96922966      0.03619197      0.99642401      -24.280118       -24.280118       2459.1704                                                 2459.1704
              2       1204.8012      0.57109529      0.31263083   9.4103529e-05     0.022518095       2.9944798      0.97148891     0.037515658      0.99698173      -24.280118       -24.280118       2458.1627                                                 2458.1627
              1       1206.7969      0.48091024      0.31115895   9.3557621e-05     0.022439052       2.9996722      0.96976793     0.041057155      0.99571646      -24.280118       -24.280118       2462.1541                                                 2462.1541
              1        1206.957      0.49782426       0.3116534   9.3739848e-05     0.022434983       2.9998578      0.96950798     0.041001076      0.99584752      -24.280118       -24.280118       2462.4743                                                 2462.4743
              3       1205.1031      0.38560374       0.3067936   9.2470946e-05     0.022261353       2.9964208      0.96755382     0.039037991      0.99769695      -24.280118       -24.280118       2458.7665                                                 2458.7665
              3       1205.2273       0.3477092      0.30872236   9.2395218e-05      0.02230833       3.0079144      0.96347303     0.042138247        0.998312      -24.280118       -24.280118       2459.0149                                                 2459.0149
              3       1204.7531      0.35580628      0.30656607   9.2046149e-05     0.022293491       3.0062043       0.9651631     0.041987017       0.9982302      -24.280118       -24.280118       2458.0664                                                 2458.0664
              1       1203.2234      0.27272228      0.30384136   9.1056061e-05     0.022428924        2.995937      0.96953749     0.037216446      0.99746399      -24.280118       -24.280118       2455.0069                                                 2455.0069
              1       1203.0971      0.27882736      0.30505067   9.1277579e-05     0.022414522       2.9941963      0.97017283     0.035360727      0.99831424      -24.280118       -24.280118       2454.7545                                                 2454.7545
              1       1202.5057      0.29843679      0.30519992   9.1366863e-05     0.022435519       2.9936334      0.97077988     0.036403246      0.99768611      -24.280118       -24.280118       2453.5715                                                 2453.5715
              4       1203.1707      0.28131342      0.30538483   9.1352514e-05      0.02240184       2.9941895      0.97094574     0.037567958      0.99668568      -24.280118       -24.280118       2454.9016                                                 2454.9016
              4       1203.8122      0.45237243      0.31187168   9.3422739e-05     0.022392775       3.0102268      0.97350399     0.044853439      0.99835811      -24.280118       -24.280118       2456.1847                                                 2456.1847
              9       1203.8509      0.45793878       0.3121373   9.3499701e-05     0.022392371       3.0097662       0.9734524     0.044701422       0.9982596      -24.280118       -24.280118        2456.262                                                  2456.262
              1        1203.858      0.51561851      0.31186995   9.3745895e-05     0.022393228       3.0195065      0.97417704     0.049580337      0.99891441      -24.280118       -24.280118       2456.2762                                                 2456.2762
              4       1204.5521      0.35894024       0.3020903   9.1158778e-05     0.022481324       3.0144387       0.9669958     0.046802977      0.99838102      -24.280118       -24.280118       2457.6645                                                 2457.6645
              5       1204.3982      0.34333512      0.30188572   9.1052972e-05     0.022477862       3.0115228      0.96684871     0.045157286      0.99848993      -24.280118       -24.280118       2457.3566                                                 2457.3566
              4       1204.6859      0.35349026      0.30197593   9.1168655e-05     0.022455093       3.0157195      0.96754705     0.047438437      0.99866504      -24.280118       -24.280118       2457.9321                                                 2457.9321
              1       1204.2881      0.31765701      0.30128184   9.0897497e-05     0.022432453        3.011794      0.96767066     0.045342351      0.99885277      -24.280118       -24.280118       2457.1364                                                 2457.1364
              4        1204.378      0.56958715      0.30365604   9.2369584e-05     0.022553832       3.0037623      0.97385399      0.04234236      0.99978374      -24.280118       -24.280118       2457.3161                                                 2457.3161
             12       1204.6664      0.66682509      0.30945043   9.3896618e-05     0.022571628       2.9976927      0.97230295     0.042192015      0.99656824      -24.280118       -24.280118       2457.8931                                                 2457.8931
              1       1206.4887      0.73475398      0.31151673   9.4669163e-05     0.022597434       2.9989702      0.97291999     0.043664283      0.99656051      -24.280118       -24.280118       2461.5377                                                 2461.5377
              8       1206.3297      0.72827207      0.31153466   9.4642967e-05     0.022593647       2.9994746      0.97297228     0.043944658      0.99655243      -24.280118       -24.280118       2461.2196                                                 2461.2196
              7       1205.5518      0.55724059       0.3063583    9.270364e-05     0.022699248       2.9986052      0.97120965     0.040062817      0.99889654      -24.280118       -24.280118       2459.6639                                                 2459.6639
              2       1205.8407      0.53365697        0.306387   9.2594466e-05     0.022710802        2.999852      0.97092392     0.040263077      0.99901274      -24.280118       -24.280118       2460.2416                                                 2460.2416
              1       1205.7112      0.56932247      0.30768274   9.2982982e-05     0.022724065       3.0003834      0.97099762     0.040466828      0.99892686      -24.280118       -24.280118       2459.9826                                                 2459.9826
              7       1206.6375      0.67172205      0.31173821   9.4277345e-05     0.022679257       2.9991066      0.96957943     0.040598176      0.99900147      -24.280118       -24.280118       2461.8353                                                 2461.8353
              7       1208.3922      0.70581564      0.31312021   9.4705109e-05     0.022681599       2.9928979      0.96918222     0.038742811      0.99806099      -24.280118       -24.280118       2465.3446                                                 2465.3446
              3       1210.0344      0.51304139      0.30554821    9.210671e-05     0.022733388       2.9897901      0.96654419     0.038326084      0.99645892      -24.280118       -24.280118        2468.629                                                  2468.629
              8       1209.9876      0.50987001      0.30550786   9.2083058e-05     0.022732128       2.9895007      0.96650773     0.038108034      0.99650363      -24.280118       -24.280118       2468.5354                                                 2468.5354
              1       1210.0595      0.47541265      0.30455146   9.1783522e-05     0.022709822       2.9875795      0.96485897      0.03537281      0.99802908      -24.280118       -24.280118       2468.6792                                                 2468.6792
              4       1210.0679      0.54752437      0.30609793   9.2523473e-05     0.022680478       2.9928486      0.96580982     0.038675163      0.99809882      -24.280118       -24.280118        2468.696                                                  2468.696
              2       1209.3412       0.5407314      0.30592295   9.2506321e-05     0.022638466       2.9884309      0.96757949     0.036067811      0.99896001      -24.280118       -24.280118       2467.2426                                                 2467.2426
              1        1209.386      0.53890317      0.30574229    9.246337e-05      0.02264046       2.9888879      0.96763291     0.036411876        0.998883      -24.280118       -24.280118       2467.3323                                                 2467.3323
              3       1208.1215      0.51875187      0.30392219    9.202409e-05     0.022656066       2.9943462      0.96973518     0.038170986       1.0000443      -24.280118       -24.280118       2464.8033                                                 2464.8033
              7       1207.5448      0.56112161      0.30546524   9.2629529e-05     0.022560343       3.0001327      0.97055026     0.041766085      0.99985729      -24.280118       -24.280118       2463.6499                                                 2463.6499
              1       1209.5425      0.48104054      0.30137628   9.1510289e-05     0.022574056       3.0161601      0.96970163     0.050312447      0.99962942      -24.280118       -24.280118       2467.6453                                                 2467.6453
              1       1209.8702      0.44862822      0.30016303   9.1432539e-05     0.022380569       3.0162559      0.97046606     0.050565949      0.99965141      -24.280118       -24.280118       2468.3006                                                 2468.3006
              1       1210.2232      0.43095788      0.29792383   9.0890376e-05     0.022422172       3.0148441      0.97137741     0.050039929      0.99959675      -24.280118       -24.280118       2469.0066                                                 2469.0066
              1       1210.2325      0.43652002      0.29752325   9.0642971e-05     0.022472464       3.0088299      0.96655139     0.047217471      0.99749324      -24.280118       -24.280118       2469.0253                                                 2469.0253
              3       1209.8587      0.43678036      0.29777754   9.0678338e-05     0.022480607       3.0081771      0.96655075     0.046989371      0.99728103      -24.280118       -24.280118       2468.2777                                                 2468.2777
              1       1209.7684      0.34012435      0.29644235   9.0147423e-05     0.022283142       3.0287541      0.97343728     0.056331474      0.99803213      -24.280118       -24.280118        2468.097                                                  2468.097
              2       1209.6271      0.35559358      0.29754099   9.0366342e-05     0.022318858        3.037934      0.97275543     0.059551013      0.99905253      -24.280118       -24.280118       2467.8145                                                 2467.8145
              4       1206.0292      0.43267977      0.30467361    9.216998e-05     0.022244313       3.0223002      0.97287063     0.048976803       1.0017145      -24.280118       -24.280118       2460.6186                                                 2460.6186
              1       1205.7768      0.46956197       0.3061746   9.2572566e-05     0.022278481       3.0238679      0.97292946     0.048669442       1.0024003      -24.280118       -24.280118       2460.1138                                                 2460.1138
              3       1204.9043      0.49405798      0.30978955   9.3298419e-05     0.022324062       3.0229748       0.9734422     0.048360324       1.0024598      -24.280118       -24.280118       2458.3688                                                 2458.3688
              1        1203.748      0.59786145      0.31261282   9.4110954e-05     0.022442693       3.0171401      0.97246301       0.0492545      0.99799559      -24.280118       -24.280118       2456.0562                                                 2456.0562
              1       1202.5035      0.53897711      0.31139692   9.3585241e-05     0.022453816       3.0068662      0.97094294     0.043517911      0.99809376      -24.280118       -24.280118       2453.5672                                                 2453.5672
              8       1202.5124      0.46591685      0.30803275   9.2579639e-05     0.022483105       3.0156767      0.96875326     0.045858601      0.99940819      -24.280118       -24.280118        2453.585                                                  2453.585
              5       1203.3019      0.43788598      0.30675004   9.2243351e-05     0.022463904       2.9993765      0.96636564     0.036421345        1.000891      -24.280118       -24.280118       2455.1641                                                 2455.1641
              5       1202.7983      0.32351902      0.30192321   9.0767944e-05     0.022513329       2.9992004       0.9686861     0.036721315       1.0011833      -24.280118       -24.280118       2454.1569                                                 2454.1569
              7       1204.4425      0.38265813      0.30389043   9.1233488e-05     0.022583647       3.0000268      0.96952614     0.034251456       1.0035893      -24.280118       -24.280118       2457.4453                                                 2457.4453
              4       1205.1769      0.37723489       0.3040586    9.117458e-05     0.022641022       2.9956355      0.96868729     0.031032146       1.0036853      -24.280118       -24.280118        2458.914                                                  2458.914
              1       1207.2109      0.23925063      0.30050872   8.9874841e-05     0.022609055       2.9912227      0.96988154     0.027589776       1.0046003      -24.280118       -24.280118       2462.9821                                                 2462.9821
              4       1205.9144      0.20331226      0.30106911   8.9934614e-05     0.022534047       2.9829708      0.96869325     0.024588286        1.003264      -24.280118       -24.280118        2460.389                                                  2460.389
             10       1204.4174      0.26563943      0.30176193   9.0270048e-05     0.022657445       2.9799987      0.96950345     0.026885962      0.99988709      -24.280118       -24.280118        2457.395                                                  2457.395
              1       1204.4283      0.26977078      0.30271168   9.0478721e-05     0.022639128        2.978352      0.96924062     0.025656126       1.0000393      -24.280118       -24.280118       2457.4169                                                 2457.4169
              8       1204.8194      0.26844929      0.30244279   9.0395869e-05     0.022658814       2.9785385      0.96967118     0.025356042       1.0003947      -24.280118       -24.280118       2458.1991                                                 2458.1991
              1       1205.5999      0.42072901      0.30788395    9.204704e-05     0.022763671       3.0086853      0.97017003     0.042889566      0.99762082      -24.280118       -24.280118         2459.76                                                   2459.76
              5       1207.3396       0.4419771      0.30758179   9.1942446e-05      0.02285748       3.0091898      0.97070986     0.042261872       0.9982545      -24.280118       -24.280118       2463.2395                                                 2463.2395
              2       1206.5349      0.60323141      0.31645405   9.4567047e-05     0.022688659       3.0254957      0.96874409     0.049558897      0.99941944      -24.280118       -24.280118       2461.6299                                                 2461.6299
              2       1205.9668      0.57456303      0.30993932   9.3259412e-05     0.022632001       3.0179286      0.96526742     0.045277581       1.0005721      -24.280118       -24.280118       2460.4937                                                 2460.4937
              3       1205.7404       0.6208584       0.3097947   9.3447199e-05      0.02260615       3.0213832      0.96833972      0.04796692       1.0001983      -24.280118       -24.280118        2460.041                                                  2460.041
              3        1204.993      0.49288172       0.3040582    9.177521e-05      0.02269867       3.0121303      0.96687989     0.044795898      0.99894524      -24.280118       -24.280118       2458.5462                                                 2458.5462
              2       1204.6539      0.42354509      0.30291846   9.1217994e-05     0.022690026       3.0095351      0.96653742     0.043147612      0.99880644      -24.280118       -24.280118        2457.868                                                  2457.868
              4       1205.0016      0.49095298      0.30936088   9.2756034e-05     0.022691627       3.0102303      0.96525743     0.043782422      0.99822088      -24.280118       -24.280118       2458.5635                                                 2458.5635
              1       1203.1615      0.40374568      0.30375019    9.130356e-05      0.02269871       3.0067391      0.96942775     0.042122243      0.99910076      -24.280118       -24.280118       2454.8833                                                 2454.8833
             11        1203.544      0.41116987      0.30321287   9.1198347e-05     0.022726968       3.0147685      0.97002252     0.045534963      0.99968896      -24.280118       -24.280118       2455.6482                                                 2455.6482
              4       1202.8966       0.3859279      0.30303302   9.1144708e-05     0.022618656       3.0080739      0.96804893     0.041294438       1.0005649      -24.280118       -24.280118       2454.3534                                                 2454.3534
              7       1202.9217        0.446568      0.30677308   9.2171429e-05     0.022582946       3.0109865      0.96719659     0.042269287       1.0008926      -24.280118       -24.280118       2454.4035                                                 2454.4035
              2       1202.5758      0.49256166      0.30782075   9.2597842e-05     0.022573116       3.0111145      0.96823348     0.043149425        1.000553      -24.280118       -24.280118       2453.7118                                                 2453.7118
              2       1202.4101      0.47181256       0.3068967   9.2342575e-05     0.022559633       3.0103902      0.96849106     0.042768508       1.0006415      -24.280118       -24.280118       2453.3804                                                 2453.3804
              1        1202.517      0.41791336      0.30624362   9.1912075e-05     0.022574723       3.0034362       0.9680231     0.040075916        0.999636      -24.280118       -24.280118       2453.5942                                                 2453.5942
             11       1202.7376       0.4279213      0.30729027   9.2222025e-05     0.022549279       2.9933766      0.96718182      0.03506652      0.99953863      -24.280118       -24.280118       2454.0355                                                 2454.0355
              3       1203.0939      0.38464743      0.30673592   9.1841705e-05     0.022601299       2.9920174      0.96773094     0.033733041      0.99984806      -24.280118       -24.280118        2454.748                                                  2454.748
              4       1203.1909      0.38822587      0.30871718   9.2265425e-05     0.022563682       2.9925775       0.9670557     0.033737712      0.99977013      -24.280118       -24.280118       2454.9421                                                 2454.9421
              9       1203.5013      0.35139369      0.30706054   9.1721339e-05     0.022601215        2.994442       0.9666367     0.034624713       0.9994925      -24.280118       -24.280118       2455.5628                                                 2455.5628
              2       1204.9209       0.2984972      0.30617767   9.1223416e-05     0.022638862       2.9902827      0.96540352     0.031775355      0.99930276      -24.280118       -24.280118        2458.402                                                  2458.402
              5       1205.7609      0.46763991       0.3043715   9.1517999e-05     0.022782877       2.9974025      0.96840927     0.036869878      0.99833906      -24.280118       -24.280118       2460.0821                                                 2460.0821
              1       1205.3146      0.45094593      0.30590815   9.1836034e-05     0.022717905       2.9941103       0.9664315     0.034129767      0.99915984      -24.280118       -24.280118       2459.1895                                                 2459.1895
              3       1206.5221      0.48006494      0.30700392   9.2110544e-05     0.022759505       2.9942016      0.96587685      0.03360083      0.99944589      -24.280118       -24.280118       2461.6045                                                 2461.6045
              1       1206.7329      0.53486732       0.3100124   9.2949417e-05     0.022744724       2.9847111      0.96620456     0.029882604      0.99844567      -24.280118       -24.280118        2462.026                                                  2462.026
              3       1206.4549      0.59008188      0.31240702   9.3696571e-05     0.022728507        2.991754      0.96721028      0.03319475      0.99854432      -24.280118       -24.280118       2461.4699                                                 2461.4699
              3         1205.39      0.66468036      0.31222949   9.4145257e-05     0.022680031       2.9931938      0.96941003     0.037978773      0.99624638      -24.280118       -24.280118       2459.3402                                                 2459.3402
              8       1207.9296      0.58481378      0.30844822    9.285739e-05     0.022779187       2.9886778      0.96950182     0.037594908      0.99382308      -24.280118       -24.280118       2464.4195                                                 2464.4195
              4       1207.3118      0.60219914      0.30922426    9.318649e-05     0.022723161       2.9878346      0.96985142     0.036733686      0.99419239      -24.280118       -24.280118       2463.1839                                                 2463.1839
              3       1205.8908      0.59842164      0.31034084   9.3491387e-05     0.022690396       2.9962745      0.97073521      0.04139361      0.99410236      -24.280118       -24.280118       2460.3418                                                 2460.3418
              3       1205.6357      0.67950827       0.3128487     9.45872e-05     0.022466365       3.0104574      0.97127167     0.047858625      0.99566607      -24.280118       -24.280118       2459.8316                                                 2459.8316
              8       1206.7096      0.58921843      0.31277119   9.4256786e-05     0.022427427       3.0077536      0.96410863       0.0425052       0.9982838      -24.280118       -24.280118       2461.9794                                                 2461.9794
              1        1206.625      0.56081334      0.31324406   9.4265438e-05     0.022404894       2.9983138      0.96386098     0.038182646      0.99771209      -24.280118       -24.280118       2461.8103                                                 2461.8103
              2       1206.6159      0.40547807      0.30725063   9.2595198e-05     0.022279223       3.0035775      0.96586459     0.040444142      0.99852992      -24.280118       -24.280118       2461.7921                                                 2461.7921
              1       1206.7288      0.32692048       0.3078629   9.2396023e-05     0.022189462       3.0068359      0.96612454     0.040264975      0.99994613      -24.280118       -24.280118       2462.0179                                                 2462.0179
