#        weight    minuslogpost           alpha        omega_m0        omega_r0           ombh2            logA              ns             tau        A_planck   minuslogprior minuslogprior__0            chi2 chi2__likelihoods.kgb_joint_likelihood.KGBJointLikelihood
              3       1902.6556      0.48554877      0.30624331   9.2484942e-05     0.022047402       3.0378032        0.978387     0.030090852       1.0011314      -24.280118       -24.280118       3853.8715                                                 3853.8715
              1       1835.2283       0.5010002      0.30303667   9.2184264e-05     0.021861356       3.0441058      0.97631016     0.038509949      0.99871307      -24.280118       -24.280118       3719.0168                                                 3719.0168
              1       1795.9031      0.38225937      0.29980445   9.1051358e-05     0.021864244       3.0530859      0.97306602     0.043017225      0.99899768      -24.280118       -24.280118       3640.3664                                                 3640.3664
              1       1756.9996      0.44809813      0.30209559   9.1299956e-05     0.022120653       3.0685543       0.9742008     0.050964016      0.99843303      -24.280118       -24.280118       3562.5595                                                 3562.5595
              3       1663.0669      0.54844435      0.30845213   9.3097654e-05     0.022062797       3.0474468      0.96928824     0.043691157      0.99673332      -24.280118       -24.280118       3374.6941                                                 3374.6941
              6       1638.9129      0.53257712      0.30706776   9.2824996e-05      0.02209249       3.0420843      0.96871419     0.040066491      0.99834112      -24.280118       -24.280118       3326.3861                                                 3326.3861
              1       1610.4678      0.43726908      0.30357302   9.3068978e-05     0.021279878       3.0007537      0.97108999     0.033544684      0.99032805      -24.280118       -24.280118       3269.4958                                                 3269.4958
              2       1584.1175      0.42439797      0.30257928   9.2908073e-05     0.021365179       3.0084054      0.97487618     0.036727237      0.99198854      -24.280118       -24.280118       3216.7953                                                 3216.7953
              1       1551.0336      0.43408558      0.30117098   9.2516652e-05     0.021493267       3.0057892      0.97473712     0.039448859      0.98869119      -24.280118       -24.280118       3150.6273                                                 3150.6273
              2       1539.2146      0.39020122      0.29931124   9.2013932e-05     0.021438062       3.0075825      0.97587785     0.040597059      0.98924375      -24.280118       -24.280118       3126.9894                                                 3126.9894
              3       1535.1452      0.43493286      0.30101331   9.2290773e-05     0.021520104       3.0271074      0.97703283     0.048226984      0.99071379      -24.280118       -24.280118       3118.8507                                                 3118.8507
              1       1535.0636      0.37936978      0.30000299   9.1661373e-05     0.021589921       3.0301937      0.97370183     0.047089628      0.99214179      -24.280118       -24.280118       3118.6874                                                 3118.6874
              1       1536.3258      0.32445903      0.29780743   9.1151344e-05     0.021532156       3.0377005       0.9754776     0.050541748      0.99312841      -24.280118       -24.280118       3121.2117                                                 3121.2117
              1       1521.1709      0.36664398      0.29662965   9.0730026e-05     0.021749665       3.0383213      0.98152681     0.046018688      0.99803515      -24.280118       -24.280118       3090.9019                                                 3090.9019
              3       1427.6234      0.39223009      0.29759533    9.090014e-05     0.021881439       3.0460146      0.97904794     0.051827829       0.9983317      -24.280118       -24.280118        2903.807                                                  2903.807
              1       1421.9002      0.43175762      0.30016902   9.1787599e-05     0.021767732       3.0358658      0.97675777      0.04407331       1.0015079      -24.280118       -24.280118       2892.3607                                                 2892.3607
              3       1402.8932      0.32708992      0.29538634   9.0494793e-05     0.021760216       3.0044946      0.97787303     0.032419197      0.99869288      -24.280118       -24.280118       2854.3466                                                 2854.3466
              2       1403.3161      0.34985589       0.2953836   9.0505859e-05     0.021810003        3.004883      0.97872428     0.033293551       0.9979209      -24.280118       -24.280118       2855.1924                                                 2855.1924
              3       1403.8476      0.37520513      0.29543803   9.0694387e-05     0.021791826       3.0143575        0.977745     0.036165221       1.0001046      -24.280118       -24.280118       2856.2554                                                 2856.2554
              1       1369.4711      0.40710213      0.29642722   9.0826717e-05     0.021870626       2.9978306      0.97983761     0.026171424       1.0029093      -24.280118       -24.280118       2787.5025                                                 2787.5025
              1       1355.9536      0.49278349      0.29820547   9.1417861e-05     0.022032629       3.0023699       0.9818048     0.024825073       1.0070743      -24.280118       -24.280118       2760.4675                                                 2760.4675
              1       1336.5696      0.50057303      0.29900875   9.1593018e-05      0.02205512         3.00366      0.98137013     0.026580252       1.0065869      -24.280118       -24.280118       2721.6994                                                 2721.6994
              2       1329.9755      0.48803125       0.2980625   9.1393068e-05     0.022046734       2.9975878       0.9782096     0.023766113        1.006581      -24.280118       -24.280118       2708.5111                                                 2708.5111
              2       1327.7903      0.46092937       0.2967834   9.1071378e-05     0.022030039       2.9965806      0.97967793     0.023691397       1.0066652      -24.280118       -24.280118       2704.1408                                                 2704.1408
              2       1325.8534      0.48928875        0.296158   9.1065818e-05     0.022022597       3.0014354      0.98022151     0.028275054         1.00501      -24.280118       -24.280118        2700.267                                                  2700.267
              1       1323.7542      0.46315481      0.29425077   9.0680824e-05     0.022056041       3.0055575      0.97901522     0.030393836       1.0053605      -24.280118       -24.280118       2696.0685                                                 2696.0685
              2       1297.2872      0.43170887      0.29424877   9.0291041e-05     0.022192545       3.0091599      0.97476491     0.032237974       1.0050329      -24.280118       -24.280118       2643.1346                                                 2643.1346
              1       1295.8154      0.44108372      0.29490234   9.0470299e-05     0.022194597       3.0094394      0.97483731     0.031977062       1.0054941      -24.280118       -24.280118       2640.1911                                                 2640.1911
              1       1294.2273      0.43780951      0.29491325   9.0547798e-05     0.022127377       3.0144663      0.97477236      0.03507222       1.0053884      -24.280118       -24.280118       2637.0148                                                 2637.0148
              1       1280.6053      0.53807802      0.29770391   9.1358182e-05     0.022267221       3.0191908      0.97560802     0.040394621       1.0025903      -24.280118       -24.280118       2609.7708                                                 2609.7708
              1        1265.042      0.52021361      0.29681374   9.1240203e-05     0.022210914       3.0013937      0.97727722     0.034826291       1.0010796      -24.280118       -24.280118       2578.6443                                                 2578.6443
              1       1260.0702       0.5396555      0.29670803    9.121925e-05      0.02223406       3.0048886      0.97827785     0.035333675       1.0028108      -24.280118       -24.280118       2568.7005                                                 2568.7005
              1        1254.613      0.53667997      0.29649435    9.116323e-05      0.02226568       3.0133743      0.98024708     0.041097233       1.0018043      -24.280118       -24.280118       2557.7863                                                 2557.7863
              2       1255.7506      0.56576765      0.29869823   9.1646371e-05     0.022239934       3.0168025      0.97855559     0.042636208       1.0012638      -24.280118       -24.280118       2560.0614                                                 2560.0614
              1       1253.0319      0.59750219      0.30093226   9.2213638e-05     0.022285168         3.03114      0.97763972     0.045435845        1.005565      -24.280118       -24.280118        2554.624                                                  2554.624
              2       1248.9347      0.60561698      0.30173146   9.2423133e-05     0.022312581       3.0257446      0.97645716     0.043517013        1.004767      -24.280118       -24.280118       2546.4296                                                 2546.4296
              1       1238.6011      0.56583999      0.30112631   9.1562171e-05     0.022612465       3.0185921      0.97869202     0.038313446       1.0054944      -24.280118       -24.280118       2525.7625                                                 2525.7625
              3        1238.278      0.46435999      0.29787721   9.0562101e-05      0.02259189       3.0253357      0.97571397     0.041710426       1.0051555      -24.280118       -24.280118       2525.1163                                                 2525.1163
              2       1238.3124      0.46358414      0.29785747   9.0555507e-05      0.02259277       3.0251664      0.97578559     0.041657355       1.0051248      -24.280118       -24.280118        2525.185                                                  2525.185
              1       1222.8301      0.44103948      0.29635683    9.011196e-05     0.022688467       3.0255164      0.97475532     0.044608635       1.0038782      -24.280118       -24.280118       2494.2204                                                 2494.2204
              2        1221.732      0.47412045        0.297677     9.06555e-05     0.022637237       3.0264132      0.97539733     0.045216176       1.0044015      -24.280118       -24.280118       2492.0242                                                 2492.0242
              5       1216.7725      0.56322107      0.30242074   9.1749912e-05     0.022703804        3.001335      0.97286976     0.032259847       1.0044345      -24.280118       -24.280118       2482.1053                                                 2482.1053
              1       1217.3947      0.55342082      0.30257718    9.198928e-05      0.02255128       2.9928673      0.97162184     0.027392162       1.0058125      -24.280118       -24.280118       2483.3497                                                 2483.3497
              4       1215.2843       0.5099065      0.30008406   9.1417955e-05     0.022645457       2.9901652      0.97249859     0.028304693       1.0051189      -24.280118       -24.280118       2479.1288                                                 2479.1288
              2       1210.0846       0.5875471      0.30715853   9.3161644e-05     0.022430719       2.9582658      0.97182952     0.015031467       1.0023086      -24.280118       -24.280118       2468.7294                                                 2468.7294
              1       1208.2523        0.542394      0.30579298   9.2737907e-05     0.022483807         2.96011      0.97296944     0.020877088      0.99782089      -24.280118       -24.280118       2465.0648                                                 2465.0648
              3       1206.8009      0.53054512      0.30621572   9.2657808e-05     0.022566964       2.9614877      0.97144272     0.020522867       0.9987998      -24.280118       -24.280118       2462.1621                                                 2462.1621
              3       1207.2784       0.5335694      0.30549636    9.243176e-05     0.022616092       2.9547437      0.97217889     0.018160947      0.99821355      -24.280118       -24.280118        2463.117                                                  2463.117
              9        1207.581       0.5159728      0.30472701   9.2044586e-05     0.022604407       2.9513528      0.97352086     0.016657114      0.99785228      -24.280118       -24.280118       2463.7222                                                 2463.7222
              2       1207.7941      0.51842382      0.30475961   9.2041113e-05     0.022612682       2.9508276      0.97369247     0.016322035      0.99780565      -24.280118       -24.280118       2464.1485                                                 2464.1485
              1       1207.8901      0.52046912      0.30459733   9.2022384e-05     0.022614648       2.9509181      0.97385862     0.016433006      0.99786477      -24.280118       -24.280118       2464.3404                                                 2464.3404
              3         1208.42      0.56087921      0.30629064   9.2472836e-05     0.022638622        2.952864      0.97377435     0.017726876      0.99761599      -24.280118       -24.280118       2465.4003                                                 2465.4003
              5       1207.9844      0.53588826      0.30384436   9.2302996e-05     0.022412545       2.9679511       0.9755827     0.027028688      0.99691369      -24.280118       -24.280118        2464.529                                                  2464.529
              1       1207.0367      0.54078597      0.30420799   9.2456563e-05     0.022420333       2.9717129      0.97502653     0.028272331      0.99816064      -24.280118       -24.280118       2462.6337                                                 2462.6337
              2       1208.9117      0.48793008      0.29934236   9.1064086e-05     0.022592611        2.980272       0.9757893     0.026650747       1.0027687      -24.280118       -24.280118       2466.3837                                                 2466.3837
              1       1208.6556      0.47572718      0.29894453    9.084429e-05     0.022572835       2.9836476      0.97670826     0.028246443       1.0038077      -24.280118       -24.280118       2465.8714                                                 2465.8714
              1       1209.0205       0.4817125      0.29935263   9.0982849e-05     0.022556563       2.9790921      0.97712346     0.026531652       1.0035403      -24.280118       -24.280118       2466.6013                                                 2466.6013
              4       1208.4462       0.4508324      0.29949846   9.0868647e-05     0.022566864       2.9751701      0.97192355     0.023857079       1.0037534      -24.280118       -24.280118       2465.4527                                                 2465.4527
              2       1208.2232      0.46076304      0.30012365   9.1006773e-05     0.022598237        2.977788      0.97213147     0.024778848       1.0041491      -24.280118       -24.280118       2465.0066                                                 2465.0066
              7       1209.1627      0.49248567      0.30145148   9.1348096e-05     0.022556119       2.9731579      0.97383206     0.022282405       1.0041461      -24.280118       -24.280118       2466.8856                                                 2466.8856
              1       1209.7759      0.53328259      0.30514897   9.2096791e-05     0.022776185       2.9854378       0.9738212     0.032886213       1.0006647      -24.280118       -24.280118        2468.112                                                  2468.112
              2       1208.0026      0.57923327      0.30721383   9.2718467e-05     0.022780231       3.0147319      0.97934853     0.043219056       1.0035519      -24.280118       -24.280118       2464.5655                                                 2464.5655
              2       1206.0589      0.49275722      0.30350787   9.2069156e-05     0.022497451       3.0251051      0.97860343     0.053887063      0.99892734      -24.280118       -24.280118        2460.678                                                  2460.678
              4        1206.803      0.44068181       0.3043588   9.2114133e-05     0.022462276       3.0255079      0.97236304     0.051063714        1.000324      -24.280118       -24.280118       2462.1662                                                 2462.1662
              2       1207.4536      0.44294032      0.30443988   9.2108146e-05     0.022446109       3.0320192      0.97141544     0.054829591      0.99926648      -24.280118       -24.280118       2463.4673                                                 2463.4673
              2       1207.9184      0.44411031       0.3042907   9.2014973e-05     0.022371006       3.0340161      0.97523286       0.0533962       1.0016112      -24.280118       -24.280118        2464.397                                                  2464.397
              5       1206.2654      0.38850494      0.30146969   9.0997486e-05     0.022493986       3.0422982      0.97444698     0.057948767       1.0020015      -24.280118       -24.280118       2461.0911                                                 2461.0911
              1        1205.591       0.3938318      0.30111611   9.0803016e-05     0.022574553       3.0394141      0.97194823     0.057392826       1.0008664      -24.280118       -24.280118       2459.7423                                                 2459.7423
              2       1205.6506      0.45458383      0.30323382    9.161941e-05     0.022602583       3.0285712      0.97433969     0.056643339      0.99813027      -24.280118       -24.280118       2459.8614                                                 2459.8614
              1       1205.6265      0.45434955      0.30365817   9.1713968e-05     0.022598103       3.0280857      0.97333497     0.056163834      0.99830782      -24.280118       -24.280118       2459.8131                                                 2459.8131
              3       1205.8918      0.45760593      0.30507972   9.1739695e-05     0.022735781       3.0231091      0.97550458     0.053088662      0.99772377      -24.280118       -24.280118       2460.3438                                                 2460.3438
              1       1205.0121      0.45153499      0.30522583   9.1721901e-05      0.02273655       3.0210322      0.97416714     0.051991904      0.99711909      -24.280118       -24.280118       2458.5844                                                 2458.5844
              2       1203.7637      0.44055007      0.30429442   9.1526995e-05     0.022704192       3.0182606      0.97397476     0.049900837      0.99783074      -24.280118       -24.280118       2456.0877                                                 2456.0877
              2       1203.7933      0.44253836      0.30426676   9.1526431e-05     0.022703104       3.0175538      0.97405085     0.049830921      0.99758325      -24.280118       -24.280118       2456.1468                                                 2456.1468
              5       1203.8686      0.41955588      0.30372725   9.1528028e-05       0.0225485       3.0241147      0.97260092     0.054271306      0.99713772      -24.280118       -24.280118       2456.2975                                                 2456.2975
              1       1203.9444      0.40694655      0.30355806   9.1499167e-05     0.022526995       3.0249684      0.97285255     0.054794885       0.9970607      -24.280118       -24.280118       2456.4491                                                 2456.4491
              1       1204.6605      0.41523141      0.30455979   9.1640739e-05     0.022607073       3.0181113      0.96817333     0.051755659      0.99546171      -24.280118       -24.280118       2457.8813                                                 2457.8813
              3       1203.8213      0.48677927       0.3070514   9.2521991e-05     0.022631774       3.0094594      0.96892802     0.044805264      0.99807985      -24.280118       -24.280118       2456.2028                                                 2456.2028
              1       1203.6829      0.56339757      0.30897497   9.3046991e-05     0.022655866       3.0136338      0.97102396     0.048475199      0.99734291      -24.280118       -24.280118       2455.9261                                                 2455.9261
              1       1204.2977      0.56879622      0.30946522   9.3127328e-05     0.022663758       3.0132804      0.96968088     0.047712066      0.99782169      -24.280118       -24.280118       2457.1555                                                 2457.1555
              2       1203.7248       0.5645428      0.30966193   9.3283042e-05     0.022549607       3.0089248       0.9709033     0.045594739      0.99840588      -24.280118       -24.280118       2456.0098                                                 2456.0098
              1       1203.4801      0.54013194      0.30837702   9.2872288e-05     0.022549858       3.0148768       0.9716867      0.04709395      0.99953267      -24.280118       -24.280118       2455.5204                                                 2455.5204
              3       1204.4003      0.51236008      0.30843383   9.2633859e-05     0.022616393       3.0119426      0.97390247     0.045769871      0.99922673      -24.280118       -24.280118       2457.3609                                                 2457.3609
              5       1204.3719      0.51246086      0.30841846   9.2633398e-05     0.022616126       3.0109646      0.97394988     0.045350283      0.99917641      -24.280118       -24.280118       2457.3041                                                 2457.3041
              1       1205.8226      0.50451764      0.30776081   9.2445993e-05      0.02258881       3.0106482      0.97466149     0.046290167      0.99828997      -24.280118       -24.280118       2460.2054                                                 2460.2054
              6       1204.3721      0.46523154      0.30801736   9.2504897e-05     0.022469688       3.0060492      0.97212684     0.045775863      0.99616231      -24.280118       -24.280118       2457.3044                                                 2457.3044
              5       1204.3312      0.53055781      0.31230916   9.3642799e-05     0.022447935       3.0044899      0.97290843     0.043280849      0.99732555      -24.280118       -24.280118       2457.2226                                                 2457.2226
              1       1204.4433      0.50802398      0.31162843   9.3631187e-05     0.022347424       2.9931778      0.97447714     0.037802106      0.99787101      -24.280118       -24.280118       2457.4468                                                 2457.4468
              3       1203.7808      0.49419305      0.31122663   9.3514338e-05     0.022358499       2.9942468       0.9739069     0.038447244       0.9977192      -24.280118       -24.280118       2456.1219                                                 2456.1219
              5       1203.9192       0.4961309      0.31148159   9.3583317e-05     0.022347325       2.9940309      0.97384188     0.038534499      0.99749655      -24.280118       -24.280118       2456.3986                                                 2456.3986
              4       1204.3486      0.49739336      0.31089546   9.3316884e-05     0.022460843       3.0002128      0.97429448     0.041229659      0.99836583      -24.280118       -24.280118       2457.2575                                                 2457.2575
              1       1204.3148      0.49738214      0.31088793   9.3315048e-05     0.022461266       3.0000534      0.97426808     0.041139346      0.99837462      -24.280118       -24.280118       2457.1899                                                 2457.1899
              8       1204.3875       0.4602121      0.30929848   9.2979901e-05     0.022392174       3.0057649      0.97461166     0.042827782      0.99995193      -24.280118       -24.280118       2457.3353                                                 2457.3353
              2       1204.4539      0.50370167      0.31076477   9.3422075e-05      0.02240492       3.0044338      0.97267569     0.043618156      0.99857659      -24.280118       -24.280118       2457.4681                                                 2457.4681
              3       1204.4248      0.55185139      0.31154693   9.3725746e-05     0.022384704       3.0019975      0.97245103     0.040433519      0.99991896      -24.280118       -24.280118       2457.4098                                                 2457.4098
              6       1202.7215      0.52041554      0.30930029    9.329026e-05     0.022389609       2.9968688      0.96985267     0.039464731      0.99776632      -24.280118       -24.280118       2454.0033                                                 2454.0033
              2       1202.7873      0.53935039      0.30998953   9.3487379e-05     0.022401495       2.9940921      0.97031537     0.038235057      0.99753867      -24.280118       -24.280118       2454.1349                                                 2454.1349
              1       1204.6143      0.48957808      0.30781019   9.3021831e-05     0.022372598       2.9891657      0.97236006     0.037688832      0.99616139      -24.280118       -24.280118       2457.7888                                                 2457.7888
              1       1205.7289      0.49176741      0.30572802   9.2645021e-05     0.022322245       2.9888967      0.97509281     0.038669135      0.99611956      -24.280118       -24.280118       2460.0181                                                 2460.0181
              2       1205.4988      0.48451214      0.30541687   9.2526127e-05      0.02233271       2.9873317      0.97492627      0.03770861      0.99605578      -24.280118       -24.280118       2459.5579                                                 2459.5579
              2       1205.5633      0.48990482      0.30549575   9.2583015e-05     0.022329021       2.9904761      0.97493079     0.039084278      0.99600315      -24.280118       -24.280118       2459.6868                                                 2459.6868
              1       1205.6987      0.49345991      0.30548253    9.261649e-05     0.022303359       2.9918493      0.97453106     0.039721371      0.99620261      -24.280118       -24.280118       2459.9577                                                 2459.9577
              1        1206.623      0.51931369      0.30571144   9.2637544e-05     0.022369675       2.9967357      0.97654719      0.04465228       0.9942005      -24.280118       -24.280118       2461.8062                                                 2461.8062
              2       1209.6867      0.48980637      0.30578826   9.2666123e-05     0.022254799       2.9968458      0.97712812     0.046226795      0.99291634      -24.280118       -24.280118       2467.9336                                                 2467.9336
              2       1209.1743      0.48258327      0.30651786   9.2803178e-05     0.022303472       3.0155182       0.9779963     0.053636751      0.99568425      -24.280118       -24.280118       2466.9088                                                 2466.9088
              4       1209.2435      0.48671318      0.30653829   9.2800246e-05     0.022308958       3.0148678      0.97819693     0.053465785      0.99559135      -24.280118       -24.280118       2467.0472                                                 2467.0472
              6       1207.7521      0.49828767      0.30710882   9.2879472e-05     0.022350263       3.0173337       0.9785239     0.053127967      0.99677025      -24.280118       -24.280118       2464.0644                                                 2464.0644
              1       1205.4032       0.4891401      0.30638905    9.241804e-05     0.022453897       3.0181682      0.97626618     0.051718393      0.99778271      -24.280118       -24.280118       2459.3666                                                 2459.3666
              1       1204.7255      0.48501244      0.30611025   9.2320025e-05     0.022476569       3.0170369       0.9756016     0.051908736      0.99659415      -24.280118       -24.280118       2458.0112                                                 2458.0112
              7       1204.9683       0.4845266       0.3061054   9.2308939e-05     0.022479949       3.0159249      0.97585845     0.051569077      0.99644525      -24.280118       -24.280118       2458.4967                                                 2458.4967
              2       1206.6637      0.49842188      0.30678425   9.2346332e-05     0.022526945        3.006713      0.97517263     0.048646266      0.99394632      -24.280118       -24.280118       2461.8877                                                 2461.8877
              5       1207.5893      0.51354093      0.30745123   9.2504128e-05     0.022523379       3.0127646      0.97484099     0.051319567       0.9940993      -24.280118       -24.280118       2463.7389                                                 2463.7389
              1       1207.7405      0.60580356      0.30935364   9.3145065e-05     0.022663154       3.0154113      0.97798247     0.050206532      0.99612011      -24.280118       -24.280118       2464.0412                                                 2464.0412
              1       1206.8106      0.61074331      0.30895942   9.3210334e-05     0.022581062       3.0171609      0.97719947     0.050886585      0.99659621      -24.280118       -24.280118       2462.1814                                                 2462.1814
              1       1206.0667       0.6152089      0.30953301   9.3414433e-05     0.022566671        3.021672      0.97736926     0.052991655      0.99733232      -24.280118       -24.280118       2460.6936                                                 2460.6936
              5       1206.5014       0.5252106      0.30529445   9.2340636e-05     0.022581104       3.0250871      0.97977012     0.055573411      0.99664234      -24.280118       -24.280118       2461.5629                                                 2461.5629
              4       1207.7604      0.58971652      0.30841857   9.3142451e-05     0.022626173       3.0296414      0.97891826     0.058903599      0.99517967      -24.280118       -24.280118       2464.0811                                                 2464.0811
              1       1205.6641      0.59435568      0.30961648   9.3366784e-05     0.022586988       3.0239628      0.97589906      0.05537529      0.99541054      -24.280118       -24.280118       2459.8884                                                 2459.8884
              2       1206.7276      0.56728288      0.30830811   9.2893036e-05     0.022642304       3.0272455      0.97483002     0.057636784      0.99457184      -24.280118       -24.280118       2462.0155                                                 2462.0155
              2        1206.428      0.56214387      0.30817918   9.2864976e-05     0.022626504       3.0241118      0.97399873     0.056489973        0.994186      -24.280118       -24.280118       2461.4163                                                 2461.4163
              2       1205.8447      0.57785949      0.30883646   9.3188605e-05     0.022517219        3.031225      0.97198671     0.057733957      0.99701642      -24.280118       -24.280118       2460.2497                                                 2460.2497
              1       1205.4878      0.58877977      0.30942449   9.3291205e-05     0.022546363       3.0296087      0.97129323     0.055948064      0.99745674      -24.280118       -24.280118       2459.5358                                                 2459.5358
              5       1205.8305      0.55077259       0.3080388   9.2877896e-05     0.022528176       3.0336888      0.97096243      0.05760262      0.99739217      -24.280118       -24.280118       2460.2212                                                 2460.2212
              5       1204.1545      0.57523344      0.31035324   9.3604998e-05     0.022461101       3.0249997      0.96925087     0.052954192      0.99816999      -24.280118       -24.280118       2456.8693                                                 2456.8693
              1       1204.1526      0.53921475      0.30931363   9.3293758e-05     0.022492782       3.0290048      0.97058575     0.055308817      0.99846947      -24.280118       -24.280118       2456.8655                                                 2456.8655
              1       1205.1696      0.54328952      0.30915757   9.3407181e-05     0.022449693       3.0241969      0.96917675     0.053931048      0.99797995      -24.280118       -24.280118       2458.8995                                                 2458.8995
              5       1204.9635      0.55513235      0.31062208   9.3822624e-05     0.022395447       3.0194917      0.97021008     0.052351086      0.99718785      -24.280118       -24.280118       2458.4871                                                 2458.4871
              5       1205.5065      0.56743798      0.31112952   9.3958353e-05     0.022413432       3.0225941      0.96955274     0.054020009      0.99689554      -24.280118       -24.280118       2459.5732                                                 2459.5732
              1       1205.5444      0.57002531      0.31121326   9.3983803e-05     0.022408791       3.0224267      0.96940827      0.05403753      0.99680257      -24.280118       -24.280118        2459.649                                                  2459.649
              1       1206.8137      0.63323484      0.31429443   9.4958632e-05      0.02230939       3.0285495      0.97308368     0.056132236      0.99826809      -24.280118       -24.280118       2462.1876                                                 2462.1876
              1       1206.0432      0.64191158       0.3141736   9.4945312e-05     0.022314657       3.0261472      0.97340947     0.054181319       0.9988477      -24.280118       -24.280118       2460.6466                                                 2460.6466
              1       1205.7468      0.64105513      0.31428174   9.4940205e-05     0.022326686       3.0201528      0.97444899     0.051949135      0.99830628      -24.280118       -24.280118       2460.0539                                                 2460.0539
              2       1207.5674      0.65379986      0.31742088   9.5520714e-05     0.022295709        3.018167      0.97319569     0.050982357       0.9979605      -24.280118       -24.280118        2463.695                                                  2463.695
              1       1207.9463      0.63184396      0.31662629   9.5273621e-05     0.022264996       3.0213912      0.97389341     0.051737119       0.9986518      -24.280118       -24.280118       2464.4528                                                 2464.4528
              1       1206.4526      0.59762881      0.31556945    9.485669e-05     0.022343201       3.0221808      0.97386742     0.051313089      0.99955313      -24.280118       -24.280118       2461.4654                                                 2461.4654
              1       1207.2632        0.602967      0.31566807   9.4878829e-05     0.022354587       3.0262276      0.97410143     0.053428335      0.99957876      -24.280118       -24.280118       2463.0867                                                 2463.0867
              1       1207.3529      0.60202031      0.31565201   9.4884623e-05     0.022348519       3.0263681      0.97409737     0.053519699      0.99960746      -24.280118       -24.280118       2463.2661                                                 2463.2661
              2       1206.3632      0.59217425      0.31558968   9.4834441e-05     0.022367519       3.0302703      0.97299285     0.055259575      0.99913165      -24.280118       -24.280118       2461.2867                                                 2461.2867
              1       1207.1114       0.6163923      0.31607901   9.4991685e-05      0.02236744       3.0335535       0.9733313     0.056372541      0.99954493      -24.280118       -24.280118        2462.783                                                  2462.783
              5       1210.2067      0.62999408      0.31840231   9.5368802e-05      0.02233223       3.0229967       0.9753608     0.050397382       0.9996588      -24.280118       -24.280118       2468.9737                                                 2468.9737
              1       1208.6212      0.61215598      0.31755728   9.5062859e-05     0.022350425       3.0190992      0.97252111     0.047483638      0.99932308      -24.280118       -24.280118       2465.8026                                                 2465.8026
              1       1208.7464      0.65577797       0.3189279   9.5418844e-05     0.022422619       3.0113208      0.97133446     0.044538202      0.99838477      -24.280118       -24.280118        2466.053                                                  2466.053
              1       1208.6923      0.65634061      0.31882125   9.5398689e-05     0.022429009       3.0126225       0.9715781     0.045450987      0.99841773      -24.280118       -24.280118       2465.9449                                                 2465.9449
              2       1206.5226      0.59482122      0.31618691   9.4636262e-05     0.022432142       3.0038285      0.97249894     0.040622629      0.99928222      -24.280118       -24.280118       2461.6054                                                 2461.6054
              4       1206.4017      0.52449143      0.31286926   9.3627703e-05     0.022625002       3.0077829      0.97601163     0.044929595      0.99628233      -24.280118       -24.280118       2461.3636                                                 2461.3636
              2       1206.0048      0.49991908      0.31233383   9.3392655e-05     0.022634618       3.0145049      0.97482946     0.047371868      0.99688561      -24.280118       -24.280118       2460.5697                                                 2460.5697
              3       1204.9637      0.52382235      0.31324522   9.3662948e-05     0.022587316       3.0136373      0.97358803     0.046963318      0.99696034      -24.280118       -24.280118       2458.4877                                                 2458.4877
              3        1204.671      0.54889361      0.31595625   9.4393147e-05     0.022570492       3.0118213      0.96962823     0.045756833      0.99692015      -24.280118       -24.280118       2457.9023                                                 2457.9023
              3       1204.9057      0.49525631      0.31296538   9.3933974e-05     0.022418816       2.9944965      0.96946416     0.040238871       0.9957439      -24.280118       -24.280118       2458.3717                                                 2458.3717
              3       1205.2667      0.48813661      0.31286156   9.4035725e-05     0.022296903       3.0021129      0.97170518     0.043351651       0.9970656      -24.280118       -24.280118       2459.0936                                                 2459.0936
              2         1205.32      0.49180748       0.3129058   9.4069208e-05     0.022295644        3.001816      0.97179971     0.043221454      0.99705658      -24.280118       -24.280118       2459.2002                                                 2459.2002
              3       1205.1369      0.48828573      0.31297863   9.4089059e-05     0.022279515       3.0024216      0.97092328     0.043194352      0.99701669      -24.280118       -24.280118        2458.834                                                  2458.834
              3        1204.104      0.45639544       0.3114582   9.3552646e-05     0.022328732       3.0050339      0.97177661     0.043934152      0.99734899      -24.280118       -24.280118       2456.7682                                                 2456.7682
              4       1203.3375      0.47603356      0.31233415   9.3739611e-05     0.022364599       3.0060832      0.97094202     0.043218861      0.99812443      -24.280118       -24.280118       2455.2353                                                 2455.2353
              3       1203.5112      0.49990344       0.3137158    9.407073e-05     0.022402835       3.0046985      0.97006136     0.042609636       0.9978144      -24.280118       -24.280118       2455.5826                                                 2455.5826
              4       1204.0516      0.54675847      0.31411307   9.4161929e-05     0.022482953       3.0034603      0.96546397     0.040634193      0.99893533      -24.280118       -24.280118       2456.6635                                                 2456.6635
              5       1205.3255      0.57695801      0.31206304   9.3710665e-05     0.022627265       2.9866091      0.96575514     0.033597617      0.99731822      -24.280118       -24.280118       2459.2113                                                 2459.2113
              4       1204.2158      0.61433919      0.31350219   9.4157183e-05     0.022633727       2.9879112       0.9686918     0.032920439      0.99826306      -24.280118       -24.280118       2456.9918                                                 2456.9918
              1        1204.319      0.61225012      0.31350455   9.4136052e-05     0.022642271       2.9867346      0.96883797     0.032376545      0.99826839      -24.280118       -24.280118       2457.1981                                                 2457.1981
              1       1204.7066       0.5903413      0.31324361   9.3926629e-05     0.022709686       2.9962375      0.96792495     0.036868507      0.99820475      -24.280118       -24.280118       2457.9735                                                 2457.9735
              3       1204.7183       0.5904077      0.31325261   9.3928301e-05     0.022709826       2.9961936      0.96791436     0.036844368      0.99819801      -24.280118       -24.280118       2457.9968                                                 2457.9968
              1        1205.766      0.57642823      0.31204887   9.3595224e-05      0.02276025       2.9943201      0.96736817     0.035999771      0.99791408      -24.280118       -24.280118       2460.0923                                                 2460.0923
              2       1205.2559      0.55596634      0.31117205   9.3347193e-05     0.022759339       2.9956714      0.96982903     0.036623548      0.99789112      -24.280118       -24.280118        2459.072                                                  2459.072
              2       1205.6629      0.48355197      0.30838325   9.2366458e-05     0.022791293       2.9949021      0.96976313     0.034356993      0.99925172      -24.280118       -24.280118        2459.886                                                  2459.886
              3       1205.2339      0.47414946      0.30841941   9.2393846e-05     0.022776924       2.9921782      0.96961204      0.03301522      0.99995021      -24.280118       -24.280118       2459.0281                                                 2459.0281
              4       1209.5079      0.48003959       0.3056794   9.1849122e-05     0.022847965       2.9916512       0.9644905     0.034855503      0.99866006      -24.280118       -24.280118       2467.5761                                                 2467.5761
              1       1207.2417      0.55595877      0.30970918   9.2956625e-05     0.022757899       2.9799265      0.96645819     0.026871844      0.99943558      -24.280118       -24.280118       2463.0437                                                 2463.0437
              1       1206.9287      0.55218781      0.30943319   9.2891511e-05     0.022737953       2.9805615      0.96665941     0.026938975      0.99981784      -24.280118       -24.280118       2462.4177                                                 2462.4177
              2       1207.8542      0.53055518      0.30916118   9.2931976e-05     0.022640947       2.9765981      0.96342566     0.024575114       1.0001906      -24.280118       -24.280118       2464.2685                                                 2464.2685
              1       1208.6648      0.51091795      0.30994787   9.2916238e-05     0.022708852       2.9862411       0.9639187     0.025802139       1.0033357      -24.280118       -24.280118       2465.8899                                                 2465.8899
              2       1209.0757      0.52247104      0.31123539   9.3223668e-05     0.022640295       3.0022879      0.96205523     0.034165585       1.0023343      -24.280118       -24.280118       2466.7115                                                 2466.7115
              2        1208.707      0.53807812      0.31178637   9.3362302e-05     0.022649077       3.0004913      0.96371241     0.032986642       1.0024126      -24.280118       -24.280118       2465.9742                                                 2465.9742
              1       1206.8063      0.57176491      0.31448705   9.4355306e-05     0.022498126       2.9962594      0.96399912     0.032506734       1.0015665      -24.280118       -24.280118       2462.1727                                                 2462.1727
              2       1204.9707      0.59958204      0.31575289   9.4616328e-05     0.022505983       3.0080274      0.96557271     0.040458945       1.0001737      -24.280118       -24.280118       2458.5017                                                 2458.5017
              2       1205.2224      0.60221818      0.31610897   9.4681507e-05     0.022503234       3.0064936      0.96554491     0.039350565       1.0006441      -24.280118       -24.280118       2459.0051                                                 2459.0051
              5       1206.0811       0.6074072      0.31743521     9.48403e-05     0.022579226       3.0024637      0.96685485     0.035892552       1.0011838      -24.280118       -24.280118       2460.7224                                                 2460.7224
              1       1207.0021       0.5158176      0.31375302   9.3827574e-05      0.02255431       3.0059299      0.96626034     0.037058767       1.0007688      -24.280118       -24.280118       2462.5645                                                 2462.5645
              1       1207.1527      0.37748525      0.30770047   9.1840016e-05     0.022631424       3.0157617      0.97594965      0.04303864       1.0017087      -24.280118       -24.280118       2462.8656                                                 2462.8656
              1       1207.3712       0.3746176      0.30811525    9.198259e-05     0.022544677       3.0148806      0.97642805     0.042763298       1.0016339      -24.280118       -24.280118       2463.3026                                                 2463.3026
              1       1207.8337      0.36843621      0.30822978   9.1991255e-05     0.022509779       3.0154076      0.97641529     0.043708784       1.0006009      -24.280118       -24.280118       2464.2276                                                 2464.2276
              1       1202.4966       0.3894772      0.30788179   9.2301583e-05     0.022417675       3.0091057      0.96933461     0.043839672      0.99780671      -24.280118       -24.280118       2453.5534                                                 2453.5534
              2       1202.5448      0.38849935      0.30785692   9.2321334e-05     0.022424919       3.0108005      0.97023599     0.045404292      0.99738666      -24.280118       -24.280118       2453.6499                                                 2453.6499
              2       1203.3943      0.43926971      0.30868288   9.2572978e-05     0.022497186       3.0177616      0.97055097     0.048304656      0.99735465      -24.280118       -24.280118       2455.3489                                                 2455.3489
              4       1203.2176      0.48344857      0.31067477   9.3203974e-05     0.022439649       3.0151835      0.97094984     0.047039998      0.99768094      -24.280118       -24.280118       2454.9954                                                 2454.9954
              2        1203.171      0.48650392      0.31102169   9.3285789e-05     0.022444786       3.0152767      0.97104004      0.04680592      0.99792599      -24.280118       -24.280118       2454.9022                                                 2454.9022
              8        1203.092      0.48792337       0.3112556   9.3459429e-05      0.02239046       3.0136453      0.97110379     0.047924216      0.99698419      -24.280118       -24.280118       2454.7443                                                 2454.7443
             10       1203.0997      0.48455584      0.31110934   9.3406107e-05     0.022382959       3.0128223      0.97153226     0.047292643      0.99717577      -24.280118       -24.280118       2454.7597                                                 2454.7597
              3        1203.109       0.4858413       0.3111822   9.3432873e-05     0.022378331       3.0125467      0.97131862     0.047237633      0.99709958      -24.280118       -24.280118       2454.7782                                                 2454.7782
              1       1204.2497      0.49889369      0.31251696   9.3584901e-05     0.022438995       3.0034561      0.96850695     0.044052656      0.99542713      -24.280118       -24.280118       2457.0596                                                 2457.0596
              1       1203.4213       0.4959854      0.31322912   9.3658519e-05     0.022472607       3.0000028      0.96855143     0.040150625      0.99704478      -24.280118       -24.280118       2455.4028                                                 2455.4028
              1       1203.4778      0.52905693      0.31440865   9.4120045e-05     0.022470186        2.995283      0.96762791     0.038316815      0.99675318      -24.280118       -24.280118       2455.5158                                                 2455.5158
              1       1203.4947      0.52996877      0.31438738   9.4117559e-05     0.022470483       2.9956917      0.96730852     0.038364078      0.99691811      -24.280118       -24.280118       2455.5496                                                 2455.5496
              2       1203.7637      0.52331232      0.31420234   9.4108466e-05     0.022420563       2.9928284      0.96674421     0.037038049      0.99666569      -24.280118       -24.280118       2456.0877                                                 2456.0877
              2       1203.7672      0.52342727       0.3142028   9.4108346e-05     0.022420982       2.9928253      0.96674268     0.037033693      0.99666368      -24.280118       -24.280118       2456.0946                                                 2456.0946
              6       1203.7644      0.52403459      0.31421864   9.4113598e-05      0.02242059       2.9928382      0.96674536     0.037004664      0.99669311      -24.280118       -24.280118       2456.0891                                                 2456.0891
              1       1203.2964      0.49039907      0.31241612   9.3496814e-05     0.022493852       2.9994559      0.96724149     0.039160903      0.99831953      -24.280118       -24.280118        2455.153                                                  2455.153
              1       1204.3522       0.5511787      0.31517753   9.4452165e-05     0.022431945       2.9951286      0.96671086     0.037249772      0.99866752      -24.280118       -24.280118       2457.2646                                                 2457.2646
              5       1203.9461      0.56558023      0.31515338   9.4478793e-05     0.022453213       2.9911377      0.96774068     0.035611767       0.9982234      -24.280118       -24.280118       2456.4525                                                 2456.4525
              1       1203.9566      0.56580514      0.31516539    9.448018e-05     0.022454646       2.9911978        0.967769     0.035622565      0.99824332      -24.280118       -24.280118       2456.4735                                                 2456.4735
              5       1204.4052       0.5684164       0.3148161   9.4506334e-05     0.022418514       3.0017033      0.97042694     0.043521697      0.99642486      -24.280118       -24.280118       2457.3707                                                 2457.3707
              2       1205.3323      0.56115552      0.31292815   9.4019568e-05     0.022511554       3.0104441       0.9742249      0.04799573       0.9970079      -24.280118       -24.280118       2459.2247                                                 2459.2247
              6       1205.3249      0.56118399      0.31292913    9.401928e-05     0.022511888       3.0104266      0.97422635     0.047983314      0.99700755      -24.280118       -24.280118       2459.2101                                                 2459.2101
              1       1205.3818      0.57002603      0.31319457   9.4110654e-05     0.022516864       3.0104099      0.97447731     0.048147855      0.99678962      -24.280118       -24.280118       2459.3238                                                 2459.3238
              1       1206.9984       0.5655237      0.31287915   9.4090216e-05     0.022559336       2.9981826      0.97274707     0.042928348      0.99629487      -24.280118       -24.280118       2462.5571                                                 2462.5571
              5       1206.3093      0.56007805      0.31287202   9.4042514e-05     0.022587496       3.0002574      0.97235355     0.042885729      0.99687885      -24.280118       -24.280118       2461.1788                                                 2461.1788
             15       1206.3659      0.49832585      0.31127535   9.3629304e-05     0.022487618       2.9952561      0.97127949     0.040775571      0.99642976      -24.280118       -24.280118        2461.292                                                  2461.292
              2       1206.0652      0.47877244       0.3106996    9.321091e-05     0.022549516       2.9854141      0.97244239     0.033872174      0.99846733      -24.280118       -24.280118       2460.6907                                                 2460.6907
              2        1205.529      0.47701695      0.30936535   9.2963338e-05     0.022584811       2.9872438      0.97259694     0.033043656      0.99999214      -24.280118       -24.280118       2459.6182                                                 2459.6182
              1       1206.0368      0.36657146      0.30542801   9.1985485e-05     0.022421729       2.9722391       0.9702108     0.027211469      0.99820354      -24.280118       -24.280118       2460.6337                                                 2460.6337
              2       1205.2934      0.34808377      0.30438981   9.1673523e-05     0.022428286       2.9771605      0.97026413     0.029873845      0.99804955      -24.280118       -24.280118        2459.147                                                  2459.147
              5        1205.815      0.36165053      0.30454672   9.1746112e-05     0.022465451       2.9811575      0.97030132     0.032436152      0.99765929      -24.280118       -24.280118       2460.1902                                                 2460.1902
              1       1205.4418      0.43732355      0.31303262   9.3741759e-05     0.022319644       3.0035052      0.97022573     0.043119755       0.9976907      -24.280118       -24.280118       2459.4439                                                 2459.4439
              1       1205.5114      0.43495522       0.3129551   9.3716782e-05     0.022319617       3.0031909      0.97023795     0.043109725      0.99756462      -24.280118       -24.280118        2459.583                                                  2459.583
              2       1205.4517      0.43188957      0.31199382   9.3556127e-05      0.02229381       2.9999362      0.96822171     0.042091503      0.99705826      -24.280118       -24.280118       2459.4636                                                 2459.4636
              3       1204.1817      0.47861075      0.31362833   9.3989466e-05     0.022318781       3.0030373      0.96746888     0.042500246      0.99734391      -24.280118       -24.280118       2456.9236                                                 2456.9236
              2       1204.9725      0.48490104      0.31387568   9.4091687e-05      0.02231372       3.0062156      0.96711052     0.044953933      0.99663661      -24.280118       -24.280118       2458.5052                                                 2458.5052
              3       1205.3421      0.46264984      0.31319169    9.388037e-05     0.022365195       3.0026068      0.96641781      0.04330721      0.99572814      -24.280118       -24.280118       2459.2445                                                 2459.2445
              4       1205.3312      0.46262891      0.31319141   9.3878896e-05     0.022365762        3.002585      0.96639249     0.043287193      0.99572939      -24.280118       -24.280118       2459.2226                                                 2459.2226
              2        1205.172      0.44362168      0.31327818   9.3782721e-05     0.022386896       2.9983281      0.96751586     0.040756847      0.99591716      -24.280118       -24.280118       2458.9043                                                 2458.9043
              1       1205.7065      0.43730642      0.31313315   9.3591853e-05     0.022492301         3.00116       0.9677823     0.041803922      0.99593373      -24.280118       -24.280118       2459.9733                                                 2459.9733
              1       1205.1801      0.44852606      0.31361973   9.3670541e-05     0.022485827       3.0060742      0.96788144     0.042748882      0.99839629      -24.280118       -24.280118       2458.9205                                                 2458.9205
              1       1207.4145      0.50793667      0.31614915   9.4288329e-05     0.022534978       3.0129391      0.96184687     0.042535545       1.0002051      -24.280118       -24.280118       2463.3892                                                 2463.3892
              3        1207.766      0.59699051      0.31293865   9.3913589e-05     0.022625278       3.0407727       0.9673254     0.057594543      0.99978476      -24.280118       -24.280118       2464.0923                                                 2464.0923
              2        1207.704      0.69461085      0.31713175   9.5264683e-05      0.02263822       3.0406141      0.97137166     0.055274851       1.0023952      -24.280118       -24.280118       2463.9683                                                 2463.9683
              1       1206.6998      0.72211948      0.31875855   9.5728291e-05     0.022596246       3.0317148      0.97221338      0.05217985       1.0011254      -24.280118       -24.280118       2461.9599                                                 2461.9599
              1       1206.6604      0.72441505      0.31875049   9.5726677e-05     0.022606432       3.0314721      0.97214707     0.052229932       1.0009706      -24.280118       -24.280118        2461.881                                                  2461.881
              5       1204.9915      0.65886053      0.31646898   9.5026296e-05     0.022568633       3.0283703      0.97103247     0.052650225      0.99912781      -24.280118       -24.280118       2458.5432                                                 2458.5432
              1       1204.9983      0.65900042      0.31646836   9.5026442e-05     0.022568258        3.028425      0.97105502     0.052684036      0.99913019      -24.280118       -24.280118       2458.5568                                                 2458.5568
              1       1204.7257      0.64100702      0.31528434   9.4662753e-05     0.022615397       3.0157316      0.97460863     0.046786813      0.99974747      -24.280118       -24.280118       2458.0116                                                 2458.0116
              1       1206.0595      0.61429203      0.31680152   9.5129608e-05     0.022446787       3.0054253      0.97379992     0.037221882       1.0034952      -24.280118       -24.280118       2460.6793                                                 2460.6793
              2        1205.377      0.60516438      0.31663568   9.5216638e-05      0.02233894       2.9992075       0.9720584     0.036255287       1.0023062      -24.280118       -24.280118       2459.3141                                                 2459.3141
              2       1205.5126       0.6118175      0.31654919   9.5224639e-05     0.022323824       2.9991009      0.97181394      0.03578217       1.0026952      -24.280118       -24.280118       2459.5854                                                 2459.5854
              6       1206.6358      0.61162093      0.31575649   9.5222025e-05     0.022265962       2.9946051      0.97407616     0.035061731        1.001319      -24.280118       -24.280118       2461.8319                                                 2461.8319
              1       1207.7158      0.64595588       0.3152168   9.5368015e-05     0.022273785       3.0051768      0.97146177     0.040260831       1.0009313      -24.280118       -24.280118       2463.9919                                                 2463.9919
              3       1207.6283        0.698487      0.31752086   9.5742461e-05     0.022400551       2.9963787      0.96697155     0.034928251       1.0001191      -24.280118       -24.280118       2463.8168                                                 2463.8168
              6       1206.8443      0.71738013      0.31830276   9.5852278e-05     0.022465443       2.9978075      0.96728511     0.036085362      0.99954797      -24.280118       -24.280118       2462.2488                                                 2462.2488
              1       1206.6753      0.69913234      0.31767232   9.5661105e-05     0.022431896       3.0003416      0.96747209     0.037775337      0.99914725      -24.280118       -24.280118       2461.9108                                                 2461.9108
              5       1207.1101      0.70176501      0.31779826   9.5693369e-05     0.022431821       2.9999979      0.96738595     0.037581922      0.99901531      -24.280118       -24.280118       2462.7804                                                 2462.7804
              3       1207.3398      0.66843345      0.31688652   9.5344729e-05     0.022504491       3.0014131      0.96803076     0.038650447      0.99811618      -24.280118       -24.280118       2463.2397                                                 2463.2397
              2       1207.0075      0.63373566      0.31507255   9.5130116e-05      0.02235048       3.0143714      0.97181892     0.050920767      0.99490843      -24.280118       -24.280118       2462.5753                                                 2462.5753
              4       1206.5601      0.59884215      0.31305941   9.4411444e-05     0.022366748       3.0197402      0.96825135     0.051179772      0.99614167      -24.280118       -24.280118       2461.6803                                                 2461.6803
              7       1205.8681      0.57200452      0.31182486   9.4070599e-05     0.022391945       3.0094244      0.96853202     0.045782629      0.99618063      -24.280118       -24.280118       2460.2965                                                 2460.2965
              1       1205.8302      0.55311266      0.31160902   9.3827932e-05     0.022445458        3.006842       0.9679303     0.045273655      0.99499599      -24.280118       -24.280118       2460.2207                                                 2460.2207
              1       1205.5509      0.53983219      0.31105074   9.3686956e-05      0.02244182       3.0075426      0.96804152     0.045898784      0.99496332      -24.280118       -24.280118       2459.6621                                                 2459.6621
              3       1205.2773      0.54316724      0.31018873    9.346406e-05     0.022452303       3.0085197      0.96785325     0.046579414      0.99491665      -24.280118       -24.280118       2459.1148                                                 2459.1148
              3       1205.0497      0.54757433      0.30960826   9.3311609e-05     0.022527315        3.011863      0.96773432      0.04720237       0.9957942      -24.280118       -24.280118       2458.6597                                                 2458.6597
              3       1204.4785      0.54910212       0.3098468    9.335246e-05     0.022545663       3.0102555      0.96744038     0.046605039      0.99586638      -24.280118       -24.280118       2457.5173                                                 2457.5173
              5       1202.6464      0.51063609       0.3083843   9.2898657e-05     0.022535036       3.0074378      0.97023629     0.044402027      0.99698036      -24.280118       -24.280118       2453.8531                                                 2453.8531
              1       1202.8837       0.5302429      0.31095258   9.3323456e-05     0.022583989       2.9881667      0.97036926     0.032776277      0.99919118      -24.280118       -24.280118       2454.3276                                                 2454.3276
              2       1203.2952      0.55342712      0.31124685   9.3572834e-05     0.022538786       2.9839101      0.97150115     0.031701471      0.99892978      -24.280118       -24.280118       2455.1507                                                 2455.1507
              7       1204.2914      0.53263762      0.31167939   9.3715413e-05     0.022518298       2.9847582       0.9735947      0.03307044      0.99833596      -24.280118       -24.280118        2457.143                                                  2457.143
              7       1204.3865      0.53561119      0.31176186   9.3755147e-05     0.022515104       2.9844002      0.97364154     0.032898323      0.99839007      -24.280118       -24.280118       2457.3332                                                 2457.3332
              3       1204.4656       0.5333605      0.31168457   9.3728402e-05     0.022516642       2.9845934      0.97386188     0.032804137      0.99856635      -24.280118       -24.280118       2457.4914                                                 2457.4914
              1       1204.7379      0.54100345      0.31174876   9.3688833e-05      0.02256102       2.9817826      0.97405447     0.032130151       0.9976435      -24.280118       -24.280118       2458.0361                                                 2458.0361
              1       1203.3929      0.48889685      0.31047061   9.3246494e-05     0.022497387       2.9860131      0.97051669     0.035565501      0.99579208      -24.280118       -24.280118        2455.346                                                  2455.346
              6       1204.1198      0.46543907      0.30898922   9.2872928e-05     0.022529758        2.997872      0.97297178     0.042303196      0.99529784      -24.280118       -24.280118       2456.7998                                                 2456.7998
              3       1203.1794      0.49373134      0.30934331   9.3137893e-05     0.022414895       2.9905514      0.97257444      0.03767788      0.99700121      -24.280118       -24.280118        2454.919                                                  2454.919
              2       1203.1049        0.502134      0.30970432   9.3182139e-05     0.022446556       2.9871793      0.97217086     0.035777415      0.99684481      -24.280118       -24.280118         2454.77                                                   2454.77
              3       1202.8885      0.49558155      0.30960466   9.3179418e-05     0.022421778       2.9869674       0.9717906     0.035333409      0.99696856      -24.280118       -24.280118       2454.3372                                                 2454.3372
              5       1202.9189      0.53740176      0.31086269   9.3540592e-05     0.022476418       2.9888196      0.97162783      0.03644479      0.99670758      -24.280118       -24.280118       2454.3981                                                 2454.3981
              9       1202.7794      0.53128828      0.31054079   9.3486667e-05     0.022474964       2.9906059      0.97151807     0.037266222      0.99682962      -24.280118       -24.280118       2454.1191                                                 2454.1191
              1       1202.7791      0.51889856      0.31008353   9.3369651e-05     0.022461302       2.9910335      0.97130343     0.037671325      0.99662366      -24.280118       -24.280118       2454.1184                                                 2454.1184
              1       1202.8282       0.5205329       0.3101628   9.3384435e-05      0.02247734       2.9913008      0.97112476     0.037771028      0.99651921      -24.280118       -24.280118       2454.2166                                                 2454.2166
              5       1204.7931      0.47995466      0.30953905   9.2868336e-05     0.022620341       3.0005026      0.96891279     0.043865868       0.9941718      -24.280118       -24.280118       2458.1463                                                 2458.1463
              2       1205.0824      0.47983048      0.30923211   9.2860731e-05     0.022592603       3.0022891      0.96850479     0.045270533      0.99364435      -24.280118       -24.280118        2458.725                                                  2458.725
              2       1206.7686      0.50703595      0.31045859    9.324088e-05     0.022506785       3.0003767      0.96775366     0.046190779      0.99282747      -24.280118       -24.280118       2462.0974                                                 2462.0974
              1        1207.289      0.53722004       0.3110351   9.3349894e-05      0.02257269       3.0098479      0.96824044     0.050486951      0.99239577      -24.280118       -24.280118       2463.1382                                                 2463.1382
              2       1206.3271      0.54471044      0.31111635   9.3420432e-05     0.022521902       3.0079023      0.96885651      0.04856716      0.99320343      -24.280118       -24.280118       2461.2143                                                 2461.2143
              3       1206.4719      0.54948244       0.3115399   9.3558128e-05     0.022498561       3.0082417      0.96899516     0.048917448      0.99304508      -24.280118       -24.280118       2461.5039                                                 2461.5039
              5       1204.8518      0.49964205      0.30960071   9.3090641e-05      0.02245915       3.0214892      0.96993034     0.053996335      0.99486395      -24.280118       -24.280118       2458.2639                                                 2458.2639
              1       1204.9844        0.502855      0.30963699   9.3101073e-05     0.022468166        3.021023      0.97022091     0.053864451      0.99458624      -24.280118       -24.280118       2458.5289                                                 2458.5289
              1       1202.8406      0.53549279      0.30937185   9.3161587e-05     0.022503271       3.0149443      0.97153193     0.049146533      0.99665315      -24.280118       -24.280118       2454.2414                                                 2454.2414
              2       1203.3816      0.55516182      0.30993066   9.3358145e-05     0.022505463       3.0118404      0.97048344     0.048584305      0.99583797      -24.280118       -24.280118       2455.3234                                                 2455.3234
              6       1202.6714      0.55444861      0.30907006   9.3399582e-05     0.022455161       3.0147447      0.97308858     0.046842502      0.99960239      -24.280118       -24.280118       2453.9031                                                 2453.9031
              1       1202.5197      0.56385752      0.30899796   9.3381226e-05       0.0224791       3.0123992      0.97335626     0.045913371       0.9998805      -24.280118       -24.280118       2453.5997                                                 2453.5997
              8       1202.3281      0.57014414      0.30916949    9.339939e-05     0.022499251       3.0077682      0.97392566     0.043499446      0.99968894      -24.280118       -24.280118       2453.2164                                                 2453.2164
              1       1203.3514      0.59140615      0.31026779   9.3556021e-05      0.02258623       2.9953923      0.97471532     0.035755006       1.0008805      -24.280118       -24.280118       2455.2631                                                 2455.2631
              4       1203.6743      0.59374924      0.30968862   9.3445676e-05     0.022543057       3.0071637      0.97134788     0.039722879       1.0026824      -24.280118       -24.280118       2455.9088                                                 2455.9088
              4       1204.8499      0.57030484      0.30882935   9.2985483e-05     0.022659458       3.0062579      0.97134396     0.037266703       1.0037964      -24.280118       -24.280118         2458.26                                                   2458.26
              2       1204.9715      0.56271107      0.30840512   9.2868214e-05     0.022667105        3.008981      0.97103065     0.038241101       1.0039727      -24.280118       -24.280118       2458.5032                                                 2458.5032
              1       1204.9354      0.55244498      0.30852167   9.2826474e-05     0.022646384       3.0119646      0.97138715      0.03978413       1.0037451      -24.280118       -24.280118       2458.4311                                                 2458.4311
              1       1205.6807      0.62486117      0.31059236    9.381715e-05     0.022477657       3.0297781      0.97127363     0.050956666       1.0021393      -24.280118       -24.280118       2459.9217                                                 2459.9217
              2       1206.3138       0.6466264      0.31074125   9.4017836e-05     0.022462201       3.0274965       0.9764169     0.050515058       1.0018068      -24.280118       -24.280118       2461.1879                                                 2461.1879
              2       1206.8627      0.61209565      0.31060652   9.4036122e-05     0.022383557       3.0301665      0.97792954     0.052714133       1.0018881      -24.280118       -24.280118       2462.2857                                                 2462.2857
              1       1205.7732       0.6022603       0.3081855   9.3387776e-05     0.022481509       3.0180612      0.97985859     0.049261511       1.0004822      -24.280118       -24.280118       2460.1066                                                 2460.1066
              1        1205.829      0.59194713       0.3077849    9.323202e-05     0.022499656       3.0208292      0.97990447     0.050583062       1.0005134      -24.280118       -24.280118       2460.2182                                                 2460.2182
              1       1205.5088      0.58424683      0.31236216   9.4136232e-05     0.022445946       3.0150906       0.9758908     0.051274558      0.99631955      -24.280118       -24.280118       2459.5779                                                 2459.5779
              4       1204.0586       0.6197157       0.3128851    9.428034e-05     0.022566066       3.0128977      0.97423165     0.048661945      0.99732624      -24.280118       -24.280118       2456.6774                                                 2456.6774
              1       1203.1652      0.60763934      0.31269227   9.4126461e-05     0.022577317       2.9998256      0.97100113     0.039813564      0.99914366      -24.280118       -24.280118       2454.8906                                                 2454.8906
              7       1203.2418      0.60980611      0.31321639   9.4257752e-05     0.022553931       2.9958609      0.97050701     0.037467058      0.99940734      -24.280118       -24.280118       2455.0438                                                 2455.0438
              3       1204.1841      0.60656372      0.31098229    9.394781e-05     0.022487674        3.012569      0.97018737     0.042688476       1.0013661      -24.280118       -24.280118       2456.9284                                                 2456.9284
              1       1202.9105      0.49768344       0.3091285   9.3019201e-05      0.02253465       2.9917531      0.96864681     0.035496427      0.99800249      -24.280118       -24.280118       2454.3812                                                 2454.3812
              2       1202.7003      0.48493259      0.30878215   9.2932327e-05     0.022502957       2.9960919      0.96866023     0.038036633      0.99768312      -24.280118       -24.280118       2453.9608                                                 2453.9608
              2       1203.9069      0.43237018      0.30669199   9.2314768e-05     0.022564866       2.9975208      0.96909238     0.037422801      0.99950295      -24.280118       -24.280118       2456.3741                                                 2456.3741
              2       1203.9154      0.43276885      0.30673908   9.2326823e-05     0.022563401       2.9974355      0.96908712     0.037372989      0.99951805      -24.280118       -24.280118       2456.3911                                                 2456.3911
              1       1203.6167      0.44432326      0.30635368   9.2219153e-05     0.022612261       3.0040434       0.9693753      0.04072779      0.99917024      -24.280118       -24.280118       2455.7937                                                 2455.7937
              2       1203.6068      0.50997996      0.30836552   9.3140834e-05     0.022422018         3.01115        0.973324     0.048070198      0.99710291      -24.280118       -24.280118       2455.7738                                                 2455.7738
              2       1202.4919      0.54740059      0.31037184   9.3515068e-05     0.022464879       2.9970337      0.97380139     0.038747121      0.99852633      -24.280118       -24.280118        2453.544                                                  2453.544
              1       1202.4705      0.54566371      0.31052947   9.3536208e-05     0.022459571       2.9976544      0.97371796     0.039146239      0.99838925      -24.280118       -24.280118       2453.5013                                                 2453.5013
              2       1202.9052      0.57829587      0.31190723   9.3982898e-05     0.022416487       3.0037896      0.97258891     0.040184276      0.99998674      -24.280118       -24.280118       2454.3706                                                 2454.3706
              1       1202.9283      0.59513189      0.31090362   9.3916981e-05     0.022444992       3.0091586      0.97345443     0.042845387       1.0005273      -24.280118       -24.280118       2454.4168                                                 2454.4168
              2       1202.9206      0.58417929       0.3118537   9.3983477e-05     0.022479428       3.0172326      0.97371573     0.047125859       1.0005837      -24.280118       -24.280118       2454.4014                                                 2454.4014
              2       1205.2305      0.58542487      0.31193646   9.4132453e-05     0.022368394       3.0209708      0.97205637     0.045470692       1.0040573      -24.280118       -24.280118       2459.0213                                                 2459.0213
              2       1204.6276      0.51262558      0.30767081   9.3024331e-05     0.022361284       3.0243108      0.97309583     0.049105864       1.0027588      -24.280118       -24.280118       2457.8155                                                 2457.8155
              2       1203.2354      0.48248201      0.30508503   9.2264275e-05     0.022446366       3.0195524      0.97173866     0.046894676       1.0020241      -24.280118       -24.280118       2455.0311                                                 2455.0311
              1       1204.9976      0.59462782      0.30909687   9.3203381e-05     0.022688939       3.0094114      0.96841972     0.041515231        1.002011      -24.280118       -24.280118       2458.5554                                                 2458.5554
              2       1206.4501      0.57550226      0.31376522   9.4245521e-05     0.022534681       3.0038082      0.96273106      0.04099692      0.99868297      -24.280118       -24.280118       2461.4604                                                 2461.4604
              3       1205.5101      0.58801923      0.31524119   9.4486371e-05     0.022553588       3.0101185      0.96428018      0.04473364      0.99761739      -24.280118       -24.280118       2459.5804                                                 2459.5804
              9       1204.7019      0.58948359      0.31463116   9.4277154e-05     0.022585203       3.0056898      0.96564285     0.041647775      0.99842941      -24.280118       -24.280118       2457.9639                                                 2457.9639
              1       1206.0757      0.58488417       0.3132714   9.4024905e-05      0.02264596       3.0007317      0.96473528     0.035779857       1.0019065      -24.280118       -24.280118       2460.7117                                                 2460.7117
              1       1205.9415      0.59323974      0.31293714   9.3960371e-05      0.02265062       2.9978603      0.96594564     0.033691852        1.002728      -24.280118       -24.280118       2460.4433                                                 2460.4433
              5       1206.1171      0.55304595        0.313226    9.385943e-05     0.022612245       2.9918863      0.96535331     0.030057788        1.003054      -24.280118       -24.280118       2460.7945                                                 2460.7945
              1       1207.1081      0.59230945      0.31558553   9.4677704e-05     0.022565673       2.9883086      0.96498449     0.028399238       1.0029212      -24.280118       -24.280118       2462.7764                                                 2462.7764
              1       1206.9699      0.57029189      0.31555966   9.4625524e-05     0.022542467       2.9930595      0.96452081     0.031509151       1.0022448      -24.280118       -24.280118       2462.5001                                                 2462.5001
              4       1204.5369      0.54212531      0.31342203   9.4046212e-05     0.022581832       3.0066497      0.96908651     0.040168185       1.0006038      -24.280118       -24.280118       2457.6341                                                 2457.6341
              7       1205.8668      0.52203169      0.31243437   9.3703796e-05     0.022652997       2.9953314      0.96871746     0.036754835        0.998679      -24.280118       -24.280118       2460.2938                                                 2460.2938
              2       1205.0676      0.51025736      0.31103986   9.3483775e-05     0.022598071       2.9992218      0.96935061     0.038261119      0.99957841      -24.280118       -24.280118       2458.6954                                                 2458.6954
              5       1204.4558      0.50729801      0.31276918    9.385732e-05     0.022508988       2.9952109        0.971806     0.035768528       1.0000259      -24.280118       -24.280118       2457.4719                                                 2457.4719
             11       1203.0691      0.53285932      0.31264542   9.3807058e-05      0.02255136       3.0055893      0.97242075     0.040901158      0.99992438      -24.280118       -24.280118       2454.6984                                                 2454.6984
              9       1203.7902      0.54961893      0.31452881   9.4255291e-05     0.022544362       3.0083934      0.97108555     0.040916025        1.001067      -24.280118       -24.280118       2456.1406                                                 2456.1406
              3       1204.2742      0.57497522       0.3138622   9.4348213e-05     0.022502316       3.0004342      0.97163222     0.035948975       1.0026861      -24.280118       -24.280118       2457.1086                                                 2457.1086
              7       1204.1503      0.65878824      0.31708746   9.5398582e-05      0.02242854       3.0096746      0.97002013      0.04176886       1.0016042      -24.280118       -24.280118       2456.8608                                                 2456.8608
              1       1204.2119      0.63249546       0.3158685   9.5003689e-05     0.022468201         3.00767      0.97165543     0.039883698        1.002618      -24.280118       -24.280118        2456.984                                                  2456.984
              2       1203.4409      0.62441899       0.3139795   9.4602244e-05     0.022458467       3.0082326      0.97230895     0.040666646        1.002001      -24.280118       -24.280118        2455.442                                                  2455.442
              1        1203.407      0.62644877      0.31398681   9.4611265e-05     0.022460822       3.0088421      0.97242778     0.041018757       1.0019715      -24.280118       -24.280118       2455.3742                                                 2455.3742
             12       1202.8884       0.5926726      0.31278302    9.417472e-05     0.022524452       3.0067037      0.97089762     0.040298924       1.0011089      -24.280118       -24.280118        2454.337                                                  2454.337
              1        1202.839      0.59090702      0.31268513   9.4167351e-05     0.022506236        3.005782      0.97044013     0.039936663        1.000992      -24.280118       -24.280118       2454.2383                                                 2454.2383
              7       1202.8297      0.59665222      0.31273741   9.4203066e-05     0.022510423        3.005828       0.9704076      0.04024225       1.0006952      -24.280118       -24.280118       2454.2196                                                 2454.2196
              3         1202.77      0.58532915      0.31243846   9.4142373e-05     0.022490481       3.0061219      0.97106832     0.040804108       1.0006711      -24.280118       -24.280118       2454.1003                                                 2454.1003
              3        1202.468      0.56456944      0.31224319   9.3992484e-05     0.022473398       3.0034689      0.97104595     0.039674682       1.0004952      -24.280118       -24.280118       2453.4963                                                 2453.4963
              1       1202.4233      0.56130451      0.31242512   9.3998295e-05      0.02245557       3.0030577      0.97104007     0.039861002       1.0003193      -24.280118       -24.280118       2453.4069                                                 2453.4069
              4       1204.2058      0.49250088      0.31255053   9.3907505e-05     0.022320046       3.0066947      0.96903784     0.045599976      0.99621738      -24.280118       -24.280118       2456.9719                                                 2456.9719
              1       1204.3802      0.48704867      0.31212403   9.3800235e-05     0.022313264       3.0132465       0.9698575     0.048649538       0.9964929      -24.280118       -24.280118       2457.3206                                                 2457.3206
              6       1204.1587      0.48121007      0.31177138   9.3674883e-05     0.022336111       3.0131842      0.96968024     0.048712759      0.99634011      -24.280118       -24.280118       2456.8776                                                 2456.8776
              1       1202.8596      0.47129051      0.31095534   9.3365766e-05     0.022365485        3.008598      0.97004954     0.045372085      0.99728049      -24.280118       -24.280118       2454.2794                                                 2454.2794
              4       1202.8731      0.47144392      0.31096601   9.3368552e-05     0.022365463       3.0085409      0.97004336     0.045340125      0.99728203      -24.280118       -24.280118       2454.3065                                                 2454.3065
              4       1203.1473      0.44488781      0.30876044   9.2751577e-05     0.022400127       2.9966058       0.9685228     0.040702453      0.99611686      -24.280118       -24.280118       2454.8549                                                 2454.8549
              2       1203.0976      0.44489464      0.30868932   9.2737845e-05     0.022398698       2.9969882      0.96858691     0.040780678      0.99623317      -24.280118       -24.280118       2454.7554                                                 2454.7554
              1        1203.067      0.42564697      0.30868865    9.261602e-05     0.022404308       2.9921743      0.96912148     0.038101886      0.99633155      -24.280118       -24.280118       2454.6943                                                 2454.6943
              1       1202.9584      0.39621341      0.30855917   9.2453357e-05     0.022416883       2.9933935      0.96974458     0.037558798      0.99766625      -24.280118       -24.280118       2454.4771                                                 2454.4771
              1       1203.8592      0.35651071       0.3066125    9.190384e-05     0.022436823        2.994666      0.97130058     0.040120093      0.99617827      -24.280118       -24.280118       2456.2787                                                 2456.2787
              1       1203.7159       0.3742958      0.30468527   9.1587312e-05     0.022541662       2.9916824       0.9703144     0.037556014      0.99759128      -24.280118       -24.280118       2455.9921                                                 2455.9921
              2       1204.3101      0.37275177      0.30555118   9.1725573e-05     0.022581412       2.9950892      0.96764337     0.039137786      0.99693066      -24.280118       -24.280118       2457.1805                                                 2457.1805
              1       1204.2373      0.37342019      0.30553263   9.1725201e-05     0.022581267       2.9955517      0.96769854     0.039326819      0.99696455      -24.280118       -24.280118       2457.0347                                                 2457.0347
              1       1205.1678      0.32781223      0.30423333   9.1433188e-05     0.022518269       2.9837448      0.96786052     0.033121076       0.9971822      -24.280118       -24.280118       2458.8959                                                 2458.8959
              1       1206.0421      0.28610831      0.30173117   9.0493528e-05     0.022661435       2.9791637      0.96539915     0.028993352      0.99772807      -24.280118       -24.280118       2460.6445                                                 2460.6445
              3       1206.3818      0.39768305      0.30625469   9.1906244e-05     0.022586491       2.9815155       0.9639563     0.028222989      0.99846819      -24.280118       -24.280118       2461.3238                                                 2461.3238
              8       1204.4751      0.50325178      0.30776324   9.2541706e-05     0.022676875       3.0066245       0.9752788     0.040928689      0.99962229      -24.280118       -24.280118       2457.5103                                                 2457.5103
              2       1204.2173      0.49285715      0.30529713   9.2208473e-05     0.022581903       2.9959647      0.97621485     0.038217408      0.99808983      -24.280118       -24.280118       2456.9948                                                 2456.9948
              2       1204.1863      0.49075593       0.3051501   9.2187726e-05     0.022577642       2.9971693      0.97648651      0.03876335      0.99833122      -24.280118       -24.280118       2456.9328                                                 2456.9328
              5       1204.3134      0.50149595      0.30612172   9.2447211e-05     0.022560057         2.99129      0.97612845     0.034731872      0.99937693      -24.280118       -24.280118        2457.187                                                  2457.187
              5       1204.3723      0.49764674      0.30582257   9.2372097e-05     0.022564304       2.9914639       0.9761501     0.034798573      0.99943146      -24.280118       -24.280118       2457.3048                                                 2457.3048
              2       1204.7731      0.49744582      0.30600192   9.2458546e-05     0.022539357       2.9869538      0.97642566     0.033061141      0.99925934      -24.280118       -24.280118       2458.1064                                                 2458.1064
              6       1205.2117      0.47522146       0.3054724   9.2443042e-05     0.022404712       2.9943143      0.97680262     0.036532794      0.99992523      -24.280118       -24.280118       2458.9836                                                 2458.9836
              6       1205.0011       0.4757579      0.30551413   9.2408835e-05     0.022423252       2.9933113      0.97704128     0.036155655      0.99971741      -24.280118       -24.280118       2458.5625                                                 2458.5625
              2       1205.8875        0.457085      0.30596041   9.2470924e-05      0.02235368       2.9858229      0.97707123     0.031718694       1.0006648      -24.280118       -24.280118       2460.3352                                                 2460.3352
              2       1205.3632      0.48721682      0.30674828   9.2690075e-05     0.022384242       2.9888169      0.97675469     0.032122062       1.0016484      -24.280118       -24.280118       2459.2867                                                 2459.2867
              3       1203.9145      0.52766332        0.308546   9.3131959e-05     0.022411686       2.9919796      0.97619077     0.036197205      0.99900286      -24.280118       -24.280118       2456.3893                                                 2456.3893
              1       1202.7515      0.51340218       0.3099572   9.3347267e-05     0.022402357       3.0031955      0.97382646     0.040446011      0.99951879      -24.280118       -24.280118       2454.0633                                                 2454.0633
              1       1206.0384      0.49132543      0.31168886   9.3664399e-05     0.022299382       3.0028409      0.97685615     0.041314486      0.99952392      -24.280118       -24.280118       2460.6371                                                 2460.6371
              1        1202.997      0.51511156      0.31054454   9.3482216e-05      0.02239056       3.0094251      0.97397303     0.045718689      0.99797256      -24.280118       -24.280118       2454.5543                                                 2454.5543
              2        1204.603      0.50429453      0.31408814   9.4204878e-05     0.022324107       3.0167061      0.96965507     0.049110431      0.99704069      -24.280118       -24.280118       2457.7662                                                 2457.7662
              1       1205.0885      0.45334977      0.31367795   9.3652429e-05     0.022438705       3.0004722      0.96763862     0.043082645      0.99440458      -24.280118       -24.280118       2458.7372                                                 2458.7372
              2       1205.8602      0.48808194      0.31480705   9.3997277e-05     0.022474693        3.003989      0.97027521     0.045228099      0.99389965      -24.280118       -24.280118       2460.2805                                                 2460.2805
              1       1205.6637      0.57202809       0.3189908   9.5209039e-05     0.022487732       2.9945737       0.9680111     0.038336587       0.9958792      -24.280118       -24.280118       2459.8877                                                 2459.8877
              1       1206.1118      0.49712748      0.31501342   9.4149489e-05      0.02253689       2.9818955      0.96848212     0.031870293      0.99601141      -24.280118       -24.280118       2460.7837                                                 2460.7837
              3       1205.8418       0.5522451      0.31405984   9.4120319e-05     0.022610435        2.981639      0.96739443     0.030410504      0.99689697      -24.280118       -24.280118       2460.2438                                                 2460.2438
              3       1205.7968        0.545532      0.31375433   9.4062721e-05     0.022597126       2.9827013      0.96735631     0.030889189      0.99696459      -24.280118       -24.280118       2460.1538                                                 2460.1538
             10       1205.5615      0.55068892      0.31400259   9.4092096e-05     0.022614687        2.981896      0.96769605     0.028697886      0.99864682      -24.280118       -24.280118       2459.6833                                                 2459.6833
              1       1206.4453      0.43732874      0.30869455    9.265799e-05     0.022512438        2.981422      0.96438362     0.030015675      0.99667115      -24.280118       -24.280118       2461.4509                                                 2461.4509
              3       1205.8916      0.34284567      0.31019816   9.2762319e-05     0.022319066         2.99063      0.96581134     0.038561567      0.99439073      -24.280118       -24.280118       2460.3435                                                 2460.3435
              3       1205.7832      0.23364869      0.30278545   9.0760807e-05     0.022437852       2.9830676      0.96969526     0.029036474       1.0016144      -24.280118       -24.280118       2460.1266                                                 2460.1266
              3       1206.5058      0.19812526       0.3014041   9.0404897e-05     0.022405511       2.9790184      0.97225374     0.027710024       1.0011356      -24.280118       -24.280118       2461.5719                                                 2461.5719
              1       1205.0161      0.20492885      0.30241605   9.0558708e-05     0.022419624       2.9782445      0.97075088     0.027315716       1.0004611      -24.280118       -24.280118       2458.5924                                                 2458.5924
              6       1205.0243      0.20174174      0.30236375   9.0541632e-05     0.022413522       2.9777372       0.9707821      0.02702262       1.0005024      -24.280118       -24.280118       2458.6088                                                 2458.6088
              3       1204.9982      0.19622975      0.30202203   9.0462335e-05     0.022406576       2.9781649       0.9708642     0.027403341       1.0003845      -24.280118       -24.280118       2458.5567                                                 2458.5567
              1       1206.2091       0.1570522      0.30341069   9.0631346e-05     0.022319788        2.967098      0.96631768     0.022801189      0.99901036      -24.280118       -24.280118       2460.9785                                                 2460.9785
              1       1205.3966      0.26921448      0.30610308   9.1667152e-05     0.022290953       2.9689312      0.96417001     0.022992787       0.9989318      -24.280118       -24.280118       2459.3535                                                 2459.3535
              3       1205.6039      0.27495451      0.30642984   9.1771932e-05     0.022284275       2.9701663       0.9639407     0.023523066      0.99908193      -24.280118       -24.280118       2459.7681                                                 2459.7681
              4       1204.4627      0.29642659      0.30666746   9.1826428e-05     0.022331677       2.9714687      0.96510631     0.023855456      0.99936467      -24.280118       -24.280118       2457.4856                                                 2457.4856
              1       1206.3169      0.34463495      0.30840447   9.2310895e-05     0.022448194       2.9786023      0.96324593     0.025209838        1.000278      -24.280118       -24.280118       2461.1941                                                 2461.1941
              1       1206.1801      0.37014486      0.30877898   9.2538274e-05     0.022425923       2.9848339      0.96327948     0.028996567      0.99980716      -24.280118       -24.280118       2460.9205                                                 2460.9205
              8       1208.1912      0.42230659      0.31087621   9.3396552e-05     0.022292716       2.9763969      0.96570911     0.023977642       1.0009188      -24.280118       -24.280118       2464.9426                                                 2464.9426
              3       1208.3668      0.42067334      0.31037985   9.3303901e-05     0.022292563       2.9750451      0.96577667     0.023929362       1.0003218      -24.280118       -24.280118       2465.2937                                                 2465.2937
              3       1208.3436      0.48469137       0.3155032   9.4569772e-05     0.022257577       2.9711615      0.96527438     0.020645124       1.0017118      -24.280118       -24.280118       2465.2475                                                 2465.2475
              1       1208.3524      0.48524509      0.31551055   9.4572523e-05     0.022257903       2.9711114      0.96522641      0.02056501       1.0017525      -24.280118       -24.280118       2465.2649                                                 2465.2649
              2       1208.8343      0.50263699      0.31539867   9.4639185e-05     0.022202964        2.965847      0.96781721     0.018696936       1.0008233      -24.280118       -24.280118       2466.2288                                                 2466.2288
              1       1209.0011      0.46135597      0.31429571   9.4240723e-05     0.022184573       2.9644616       0.9673214      0.01887848      0.99962533      -24.280118       -24.280118       2466.5624                                                 2466.5624
              3       1208.9046      0.44155399      0.31340326   9.3858565e-05     0.022160437       2.9558586      0.96394956     0.015957522      0.99876472      -24.280118       -24.280118       2466.3694                                                 2466.3694
              2       1208.5671      0.36084248      0.31210724   9.3303816e-05     0.022123202       2.9462597       0.9686561     0.012029366      0.99915644      -24.280118       -24.280118       2465.6944                                                 2465.6944
              4       1205.7677      0.26305571      0.30499169   9.1072185e-05      0.02244956       2.9479446      0.96639922     0.010442948       1.0007424      -24.280118       -24.280118       2460.0957                                                 2460.0957
              6       1204.7373      0.35302958      0.30795583   9.1939654e-05     0.022511011       2.9615841      0.96919906     0.016698261       1.0005687      -24.280118       -24.280118       2458.0348                                                 2458.0348
              2       1204.9837       0.3446317      0.30838339    9.195725e-05     0.022505547       2.9634911      0.96791595     0.017474125       1.0004194      -24.280118       -24.280118       2458.5277                                                 2458.5277
              4       1204.8972      0.38839134      0.30911208   9.2333577e-05     0.022441532       2.9763224      0.96918688     0.024843061      0.99950897      -24.280118       -24.280118       2458.3547                                                 2458.3547
              1       1202.7887      0.33430768      0.30798027   9.2054635e-05     0.022443457       2.9991932      0.97023229      0.03909592      0.99747696      -24.280118       -24.280118       2454.1376                                                 2454.1376
              2         1202.82      0.36338615      0.30741368   9.2116167e-05      0.02245812       2.9999166      0.96658097     0.038427024      0.99834007      -24.280118       -24.280118       2454.2003                                                 2454.2003
              2       1204.3935      0.44021428      0.30822544   9.2489074e-05     0.022525915       2.9987685      0.96518389     0.033973104       1.0020313      -24.280118       -24.280118       2457.3472                                                 2457.3472
              3       1203.7207      0.45077016      0.30802049   9.2461835e-05      0.02255262       2.9990432      0.96624384      0.03466307       1.0017021      -24.280118       -24.280118       2456.0015                                                 2456.0015
              1       1203.2654      0.47663403      0.30887696   9.2910512e-05     0.022447466       3.0012172      0.96744812     0.036377418       1.0015964      -24.280118       -24.280118        2455.091                                                  2455.091
              1       1204.8826      0.48042886      0.31078162   9.3178932e-05     0.022395253       3.0076064      0.96990367     0.038134821       1.0026432      -24.280118       -24.280118       2458.3254                                                 2458.3254
              5       1205.2996      0.50748082      0.31115979   9.3390357e-05     0.022399034       3.0097539      0.97055597     0.038763892       1.0031442      -24.280118       -24.280118       2459.1595                                                 2459.1595
              2       1204.4906      0.51928743      0.31166156   9.3559718e-05      0.02240246       3.0035678      0.97069107     0.036445802       1.0026012      -24.280118       -24.280118       2457.5414                                                 2457.5414
              3        1204.048      0.52519703      0.31126175   9.3474234e-05     0.022424039       3.0070838      0.97015318     0.039183182       1.0015241      -24.280118       -24.280118       2456.6562                                                 2456.6562
              1        1204.595      0.51545929      0.30898105   9.2951747e-05     0.022474042       3.0081284      0.97157759     0.038718877       1.0024165      -24.280118       -24.280118       2457.7501                                                 2457.7501
              2       1204.5411      0.51611103      0.30892507    9.294992e-05     0.022472555       3.0079834      0.97155191     0.038677299       1.0024293      -24.280118       -24.280118       2457.6425                                                 2457.6425
              2       1205.0952      0.52499329      0.30839841   9.2921003e-05     0.022457534       3.0222915      0.97484414     0.046251549       1.0030697      -24.280118       -24.280118       2458.7506                                                 2458.7506
              1       1203.7319      0.48073675      0.30623186   9.2236247e-05     0.022515433        3.019987      0.97540861     0.046883999       1.0015766      -24.280118       -24.280118        2456.024                                                  2456.024
              3       1203.0535      0.48910591      0.30745345   9.2520805e-05     0.022516365       3.0206184      0.97390656     0.047345708       1.0012558      -24.280118       -24.280118       2454.6672                                                 2454.6672
              1       1203.2422      0.45395835      0.30662817   9.2356493e-05     0.022404685       3.0195914      0.97326259     0.047441638       1.0011969      -24.280118       -24.280118       2455.0446                                                 2455.0446
              3       1203.2647      0.45814504      0.30669189   9.2392745e-05     0.022399354       3.0201638      0.97301387     0.047840119       1.0009393      -24.280118       -24.280118       2455.0896                                                 2455.0896
              1        1204.317      0.48341227      0.30905506   9.2880438e-05     0.022379085       3.0145101      0.97181034     0.044564998       1.0008622      -24.280118       -24.280118       2457.1942                                                 2457.1942
              6       1205.5863      0.35906822      0.30126187   9.0698212e-05     0.022484856       3.0016818       0.9730841     0.042963215      0.99754993      -24.280118       -24.280118       2459.7329                                                 2459.7329
              2       1206.0513      0.33423673      0.30137482   9.0547548e-05     0.022516581       3.0007501      0.97298373     0.042825096      0.99690325      -24.280118       -24.280118       2460.6628                                                 2460.6628
              1       1205.9937       0.3382246      0.30131437   9.0552149e-05     0.022521303       3.0017864      0.97305508     0.043541737       0.9967183      -24.280118       -24.280118       2460.5476                                                 2460.5476
              2       1205.8729      0.33777578      0.30236797   9.0787219e-05     0.022552069       2.9987692      0.97232032     0.042451688      0.99661451      -24.280118       -24.280118       2460.3061                                                 2460.3061
              1       1205.0598      0.34990539      0.30278046   9.0909178e-05     0.022565381       2.9979996      0.97200906     0.041510416      0.99693719      -24.280118       -24.280118       2458.6799                                                 2458.6799
              3       1205.0257      0.37074753      0.30357186   9.1153403e-05     0.022560021       2.9979797      0.97168379     0.041482219      0.99695149      -24.280118       -24.280118       2458.6116                                                 2458.6116
              3       1205.1491      0.37933196      0.30312643   9.1122756e-05     0.022562211       2.9975944      0.97304051     0.041318397      0.99728557      -24.280118       -24.280118       2458.8585                                                 2458.8585
              1       1205.6829      0.39002351      0.30482798   9.1473933e-05     0.022545345       2.9891895      0.97201015     0.036541987      0.99751735      -24.280118       -24.280118       2459.9261                                                 2459.9261
              9       1207.5191      0.69000261      0.31024032   9.4084248e-05      0.02252747       2.9948562      0.97418519     0.043963247      0.99370067      -24.280118       -24.280118       2463.5985                                                 2463.5985
              4       1208.0194      0.72140917       0.3111584   9.4317648e-05     0.022609934        2.989115      0.97352161     0.040361791      0.99449233      -24.280118       -24.280118       2464.5991                                                 2464.5991
              1       1208.5911      0.75634296       0.3113219   9.4365418e-05     0.022703685        2.992371      0.97386653     0.040727296      0.99501184      -24.280118       -24.280118       2465.7424                                                 2465.7424
              2       1208.4795      0.62829287      0.30891149    9.322868e-05     0.022765991       2.9709055       0.9754954     0.027674626      0.99741863      -24.280118       -24.280118       2465.5192                                                 2465.5192
              4       1211.1915      0.65644481      0.30755201   9.2984048e-05     0.022812992       2.9638144      0.97423807     0.021917271      0.99969358      -24.280118       -24.280118       2470.9433                                                 2470.9433
              1       1211.3903      0.69324328      0.30872503   9.3399152e-05     0.022804311       2.9698062      0.97536533     0.024185848       1.0006969      -24.280118       -24.280118       2471.3408                                                 2471.3408
              5       1211.6585      0.69566183       0.3102148     9.38648e-05     0.022655484       2.9582027      0.97493097     0.017536711       1.0016878      -24.280118       -24.280118       2471.8773                                                 2471.8773
              1       1209.8153      0.61869778      0.30889454   9.3550566e-05     0.022500103       2.9535487      0.97515907     0.021469625      0.99597892      -24.280118       -24.280118       2468.1908                                                 2468.1908
              5       1210.2199      0.62072138      0.30809617   9.3427958e-05     0.022496047       2.9545539      0.97546614     0.022236519      0.99598198      -24.280118       -24.280118            2469                                                      2469
              5       1208.6998      0.69357005      0.30904678   9.3759566e-05     0.022670649       2.9661923      0.97442858     0.026374748      0.99661189      -24.280118       -24.280118       2465.9599                                                 2465.9599
             16       1208.9678      0.67858313      0.30827598   9.3625852e-05     0.022613691        2.968587      0.97628125     0.028449217      0.99668886      -24.280118       -24.280118       2466.4959                                                 2466.4959
              2       1208.7438      0.68397597      0.30702471   9.3396921e-05     0.022670812       2.9751265      0.97530269      0.03091041      0.99772008      -24.280118       -24.280118       2466.0479                                                 2466.0479
              2       1209.0244      0.64832156      0.30522006     9.30495e-05     0.022540157       2.9800134       0.9739662     0.035865389      0.99552422      -24.280118       -24.280118       2466.6091                                                 2466.6091
              3       1207.0926       0.6112221      0.30351374   9.2544995e-05     0.022523091       2.9968221      0.97543267     0.039837824       0.9981658      -24.280118       -24.280118       2462.7454                                                 2462.7454
              7       1206.7846      0.59703425      0.30315785   9.2408551e-05     0.022465493       3.0003427       0.9766003     0.040139281       1.0001876      -24.280118       -24.280118       2462.1294                                                 2462.1294
              1        1206.612      0.58433812       0.3025863   9.2174255e-05     0.022484828       3.0007452      0.97667401     0.040407575       1.0001059      -24.280118       -24.280118       2461.7842                                                 2461.7842
              2       1206.7754      0.59485264      0.30279915   9.2256862e-05     0.022491484       3.0010974      0.97702012     0.040424922       1.0003575      -24.280118       -24.280118        2462.111                                                  2462.111
              1       1210.2224      0.63842374      0.30103073   9.2063451e-05     0.022541837       3.0209579      0.98101079     0.050168248       1.0014852      -24.280118       -24.280118        2469.005                                                  2469.005
              3       1210.6068      0.64182875      0.30123192   9.2130054e-05     0.022518642       3.0219987      0.98051255     0.050464949        1.001635      -24.280118       -24.280118       2469.7739                                                 2469.7739
              1        1210.207      0.44774782      0.29895081   9.0568892e-05     0.022585977       3.0287764      0.97879305     0.048288455        1.004941      -24.280118       -24.280118       2468.9743                                                 2468.9743
              2       1208.8622      0.39684751      0.29798169   9.0273682e-05     0.022548361       3.0233988       0.9774982     0.045273127       1.0060964      -24.280118       -24.280118       2466.2845                                                 2466.2845
              3       1208.7876      0.39855556      0.29804114   9.0288317e-05     0.022552514         3.02343      0.97750258     0.045271746       1.0060791      -24.280118       -24.280118       2466.1354                                                 2466.1354
              4       1209.0879      0.32217833      0.29443972   8.9220842e-05     0.022507307       3.0044775      0.97780593     0.044353139      0.99850853      -24.280118       -24.280118       2466.7361                                                 2466.7361
              3       1206.3481      0.25849262      0.29383774   8.8968171e-05     0.022490125       2.9956937      0.97242892     0.040293736      0.99762871      -24.280118       -24.280118       2461.2564                                                 2461.2564
              2       1206.6407      0.28364503      0.29379583   8.9067039e-05     0.022536795       3.0090096      0.97415458     0.049180415      0.99560519      -24.280118       -24.280118       2461.8416                                                 2461.8416
              1       1208.6242      0.23948796      0.29824398   8.9800568e-05      0.02258356       2.9830292      0.97033098     0.036107465      0.99558583      -24.280118       -24.280118       2465.8087                                                 2465.8087
              4       1210.6978      0.29392792       0.2996349   9.0296977e-05     0.022597538       2.9726265      0.96844744     0.032880078      0.99335087      -24.280118       -24.280118       2469.9559                                                 2469.9559
              5       1209.6125      0.28194381      0.29899415   9.0031606e-05     0.022607602       2.9630497      0.96967551     0.025361954      0.99625044      -24.280118       -24.280118       2467.7851                                                 2467.7851
              4       1206.7527      0.31592742      0.30143045   9.0588717e-05     0.022648233       2.9567093      0.96960311     0.019371033       0.9971849      -24.280118       -24.280118       2462.0656                                                 2462.0656
              2        1207.589      0.36404173      0.30321911   9.1119117e-05     0.022682233       2.9630525      0.97125841      0.02466814      0.99533887      -24.280118       -24.280118       2463.7382                                                 2463.7382
              1       1205.9881      0.40696849      0.30576114   9.1923176e-05     0.022594768       2.9661863      0.97017755     0.025719746      0.99557596      -24.280118       -24.280118       2460.5365                                                 2460.5365
              1       1205.5383      0.40063574      0.30332578   9.1419087e-05      0.02256969       2.9742478      0.97182906     0.031551988      0.99420133      -24.280118       -24.280118       2459.6369                                                 2459.6369
              1       1204.2351      0.29860504       0.3021495   9.0910231e-05     0.022419184       3.0033554      0.97473974     0.044548512       0.9965988      -24.280118       -24.280118       2457.0305                                                 2457.0305
              3       1203.5523      0.33865301      0.30233753   9.1032068e-05     0.022490426       3.0107746      0.97570134     0.045875209      0.99815449      -24.280118       -24.280118       2455.6648                                                 2455.6648
              9       1203.3909      0.29606279      0.30108917   9.0628769e-05     0.022468667       3.0066555       0.9750551     0.044020226       0.9980946      -24.280118       -24.280118        2455.342                                                  2455.342
              4       1203.3792      0.29367462       0.3016389   9.0775512e-05     0.022444627       3.0045735      0.97444668     0.042885356      0.99805893      -24.280118       -24.280118       2455.3187                                                 2455.3187
              7       1203.6659      0.25898814      0.30132897   9.0577213e-05      0.02241427       3.0036771      0.97428577     0.042901136      0.99760422      -24.280118       -24.280118       2455.8921                                                 2455.8921
              1       1203.3934      0.29995924      0.30393067   9.1349592e-05     0.022382187       3.0018569      0.96937582     0.040605772       0.9979805      -24.280118       -24.280118       2455.3469                                                 2455.3469
              2       1208.3597      0.22983966      0.30887078   9.1762243e-05     0.022427152       3.0129077      0.96445763     0.039326256       1.0014226      -24.280118       -24.280118       2465.2796                                                 2465.2796
              2       1208.0362      0.18928096      0.30639865   9.1259563e-05     0.022324112       3.0169361        0.965105     0.041141205       1.0024787      -24.280118       -24.280118       2464.6327                                                 2464.6327
              4       1205.2658      0.30176095      0.30808038   9.2008918e-05     0.022381912       3.0020032      0.96485535     0.034308707       1.0026421      -24.280118       -24.280118       2459.0918                                                 2459.0918
              1       1203.2666      0.28797923      0.30276426   9.1034919e-05     0.022341634       2.9948656      0.96949496     0.038272515      0.99695638      -24.280118       -24.280118       2455.0935                                                 2455.0935
              3        1204.514      0.26878121      0.30477852   9.1419447e-05     0.022269443       2.9906014      0.96690435     0.035047978      0.99728208      -24.280118       -24.280118       2457.5883                                                 2457.5883
              3       1204.8058      0.23688487      0.30430088   9.1195652e-05     0.022274745       2.9931728      0.96614767     0.036117544      0.99725988      -24.280118       -24.280118       2458.1719                                                 2458.1719
              1       1204.8448      0.23459487      0.30413274   9.1154041e-05       0.0222734        2.993292      0.96618148     0.035815819      0.99758494      -24.280118       -24.280118       2458.2498                                                 2458.2498
              1       1204.4855      0.24053884      0.30636578   9.1581324e-05     0.022324259       2.9833873      0.96580171     0.029287242      0.99925178      -24.280118       -24.280118       2457.5313                                                 2457.5313
              4       1204.2635       0.2717115      0.30187089    9.080112e-05     0.022406969       2.9798889      0.96793037     0.027704926       1.0006209      -24.280118       -24.280118       2457.0872                                                 2457.0872
              1       1203.6467      0.28260066      0.30200519   9.0839321e-05     0.022416117       2.9835794      0.96874683     0.029784673        1.000585      -24.280118       -24.280118       2455.8537                                                 2455.8537
              1       1203.8313      0.34524962      0.30395899   9.1508096e-05     0.022439137       2.9897602      0.96811017     0.032250278       1.0010812      -24.280118       -24.280118       2456.2229                                                 2456.2229
              3       1203.6009      0.33352385      0.30339916   9.1315721e-05     0.022455857       2.9917497      0.96751034     0.033528434       1.0006465      -24.280118       -24.280118        2455.762                                                  2455.762
              4        1203.699      0.34452951       0.3021835   9.1071274e-05     0.022514618       2.9984412       0.9679902     0.036568256       1.0008251      -24.280118       -24.280118       2455.9582                                                 2455.9582
              6       1204.0295      0.34941637      0.30215352   9.1098021e-05      0.02250056       2.9981774      0.96767471     0.035817496       1.0013236      -24.280118       -24.280118       2456.6192                                                 2456.6192
              1       1203.7995      0.35870024      0.30208612   9.1122823e-05     0.022503382       3.0002828      0.96792623     0.037169787       1.0012706      -24.280118       -24.280118       2456.1592                                                 2456.1592
              4       1203.7632      0.36377961      0.30209228   9.1143585e-05      0.02250525       3.0004032      0.96810445     0.037234735       1.0012929      -24.280118       -24.280118       2456.0866                                                 2456.0866
              1       1203.8369      0.33917216      0.30201594   9.1036043e-05     0.022493861       3.0001824      0.96759757     0.037196319        1.000986      -24.280118       -24.280118       2456.2341                                                 2456.2341
              1       1204.2444      0.39151245      0.30410085   9.1776775e-05     0.022462786       2.9962687      0.96874165      0.03654126       1.0001887      -24.280118       -24.280118       2457.0491                                                 2457.0491
              1       1205.3141      0.40669278      0.30290179   9.1496431e-05     0.022548019       3.0223224      0.97629508     0.049214303       1.0012592      -24.280118       -24.280118       2459.1885                                                 2459.1885
              2       1206.2709      0.41551138      0.30597548   9.2163343e-05     0.022441114       3.0216922      0.97603773     0.045578353       1.0034289      -24.280118       -24.280118        2461.102                                                  2461.102
             15       1205.9489      0.42189308      0.30587028   9.2146863e-05     0.022453245       3.0214546      0.97622929      0.04578294       1.0030933      -24.280118       -24.280118        2460.458                                                  2460.458
              2       1204.8175      0.42384873      0.30427689   9.1834144e-05     0.022418021       3.0228933       0.9774261     0.049665853        1.001046      -24.280118       -24.280118       2458.1951                                                 2458.1951
              2        1204.008      0.40347289      0.30283035   9.1271558e-05     0.022513847       3.0215308      0.97522192     0.046785481       1.0025459      -24.280118       -24.280118       2456.5762                                                 2456.5762
              1        1203.977      0.44758649      0.30410887   9.1793416e-05     0.022498067       3.0218117      0.97587742     0.047933382       1.0013534      -24.280118       -24.280118       2456.5142                                                 2456.5142
              2       1203.9313      0.48365879      0.30737322    9.266757e-05     0.022448511       3.0082651      0.97367237     0.039332608       1.0027752      -24.280118       -24.280118       2456.4228                                                 2456.4228
              6       1202.4705      0.50886892      0.30727925   9.2677984e-05     0.022511585       2.9939223      0.97050988     0.035124657      0.99992001      -24.280118       -24.280118       2453.5012                                                 2453.5012
              8       1202.2493      0.41129405      0.30611064   9.2123435e-05     0.022441363       2.9925961      0.97107664     0.034220146       1.0006049      -24.280118       -24.280118       2453.0589                                                 2453.0589
              1       1202.4326      0.50319707      0.30796467   9.2936819e-05      0.02244342       2.9959981      0.97166805     0.036834275       1.0002608      -24.280118       -24.280118       2453.4255                                                 2453.4255
              1       1202.5318      0.49134582      0.30652886   9.2636542e-05     0.022430865       3.0010654      0.97269833      0.03957586       1.0002429      -24.280118       -24.280118       2453.6239                                                 2453.6239
              1        1203.077      0.47015962      0.30617445   9.2418298e-05      0.02247312       3.0138126       0.9749513      0.04780607      0.99894115      -24.280118       -24.280118       2454.7143                                                 2454.7143
              2       1203.0133      0.49255583      0.30644559   9.2526629e-05     0.022490311       3.0115949      0.97543085     0.047708693      0.99786608      -24.280118       -24.280118       2454.5867                                                 2454.5867
              1       1203.3996      0.47111199       0.3039442   9.1857151e-05       0.0225793       3.0061211      0.97411729     0.046228666      0.99683621      -24.280118       -24.280118       2455.3594                                                 2455.3594
              4        1203.097      0.46824403      0.30445756   9.1942222e-05     0.022591845       3.0061946      0.97324847     0.045767117      0.99688993      -24.280118       -24.280118       2454.7541                                                 2454.7541
              1       1203.9665      0.51752451      0.30550814   9.2321883e-05     0.022646138       3.0040003      0.97424012     0.045250921       0.9965174      -24.280118       -24.280118       2456.4932                                                 2456.4932
              1       1203.9664      0.51763163      0.30551353   9.2323488e-05     0.022646072       3.0040076      0.97423939     0.045252417      0.99652075      -24.280118       -24.280118        2456.493                                                  2456.493
              4       1203.6517      0.65217943      0.31249944   9.4330684e-05     0.022552699       2.9897092      0.97214636     0.035105952       0.9981211      -24.280118       -24.280118       2455.8637                                                 2455.8637
              3       1203.4626      0.62962517       0.3129068   9.4328143e-05     0.022497604        2.990805      0.97248294     0.035686834       0.9979305      -24.280118       -24.280118       2455.4854                                                 2455.4854
              1       1204.0155      0.57436275      0.31471899   9.4510725e-05     0.022472323       2.9862616      0.97058103     0.034891826      0.99619765      -24.280118       -24.280118       2456.5912                                                 2456.5912
              4       1203.7044      0.57136082      0.31440997   9.4441595e-05     0.022467479       2.9909167      0.97088275     0.037419047      0.99615122      -24.280118       -24.280118        2455.969                                                  2455.969
              5       1203.7049      0.57123127      0.31440902   9.4440851e-05     0.022467359       2.9909139      0.97088602     0.037418771      0.99614999      -24.280118       -24.280118       2455.9701                                                 2455.9701
              6       1203.3129      0.56374294      0.31408447   9.4360878e-05     0.022453602       2.9947357       0.9712009     0.038642924      0.99677576      -24.280118       -24.280118       2455.1861                                                 2455.1861
              2       1203.5412      0.50716226      0.31181819    9.348247e-05     0.022540162       2.9891185      0.96842959     0.035739054      0.99588543      -24.280118       -24.280118       2455.6425                                                 2455.6425
              2       1204.0748      0.58442242      0.31183367   9.3712334e-05     0.022570718       3.0137464      0.97058044     0.044009984       0.9995661      -24.280118       -24.280118       2456.7098                                                 2456.7098
              1       1203.9787      0.60150517      0.31218593   9.3883101e-05     0.022566939       3.0120634      0.97088306     0.043133161      0.99977362      -24.280118       -24.280118       2456.5176                                                 2456.5176
              7       1203.4938      0.58935017      0.31292914   9.3986215e-05     0.022569963       3.0105554      0.97083273     0.043049461      0.99905848      -24.280118       -24.280118       2455.5479                                                 2455.5479
              4       1203.2397      0.56357742      0.31275068   9.3897057e-05     0.022551094       3.0063076      0.96977323     0.040465456      0.99939829      -24.280118       -24.280118       2455.0396                                                 2455.0396
              8       1203.2519      0.53792789      0.31125486   9.3519903e-05     0.022537391       3.0077827      0.96959559     0.042045325      0.99854435      -24.280118       -24.280118        2455.064                                                  2455.064
              2        1203.163       0.5570282      0.31211304   9.3723177e-05     0.022557662       3.0061404      0.97122217     0.040214539       0.9996976      -24.280118       -24.280118       2454.8863                                                 2454.8863
              2       1204.3757      0.50097871      0.30934241    9.293726e-05     0.022612622       3.0170985      0.97314588     0.045086144       1.0003013      -24.280118       -24.280118       2457.3116                                                 2457.3116
              4       1203.5156      0.55005859      0.30915539   9.3186093e-05     0.022635558       2.9992801      0.97184428     0.038488875      0.99897662      -24.280118       -24.280118       2455.5914                                                 2455.5914
              7       1203.8301      0.53028106      0.31018119   9.3328877e-05      0.02259878        2.994038      0.97022251     0.035608744      0.99871823      -24.280118       -24.280118       2456.2204                                                 2456.2204
              2       1203.4604      0.52726874      0.30918771   9.2950616e-05     0.022679186         2.99263      0.97114788     0.036037913      0.99788531      -24.280118       -24.280118        2455.481                                                  2455.481
              3        1202.505      0.42106609      0.30873775     9.24827e-05     0.022567599       2.9986343      0.97107733     0.037778256      0.99894967      -24.280118       -24.280118       2453.5702                                                 2453.5702
              1       1202.5891      0.41953389      0.30856931    9.243555e-05     0.022575007       2.9974028      0.97115914     0.036931601      0.99916307      -24.280118       -24.280118       2453.7385                                                 2453.7385
              3       1202.5526      0.48363031      0.30692814   9.2469927e-05     0.022525497       2.9908977      0.97344756     0.036161235      0.99848207      -24.280118       -24.280118       2453.6655                                                 2453.6655
              5       1203.2187      0.49674767      0.30731016   9.2598584e-05     0.022555596       2.9870022        0.972995     0.034824061      0.99811868      -24.280118       -24.280118       2454.9975                                                 2454.9975
              1       1204.2211      0.42329221      0.30631413   9.2226587e-05     0.022478641       2.9836287      0.97355358     0.034579969      0.99680966      -24.280118       -24.280118       2457.0024                                                 2457.0024
              3       1205.3181       0.3977641      0.30331994   9.1479032e-05     0.022459093       2.9927062      0.97693033     0.040756561      0.99569198      -24.280118       -24.280118       2459.1964                                                 2459.1964
              1       1204.9999      0.29247894       0.3017965   9.0812166e-05     0.022346072       2.9841998      0.97461392     0.033881196      0.99780514      -24.280118       -24.280118       2458.5601                                                 2458.5601
              1       1204.5408      0.21480353      0.29970059    9.001538e-05     0.022369025       2.9862961      0.96973761     0.035691688      0.99604516      -24.280118       -24.280118       2457.6418                                                 2457.6418
              3       1204.1873      0.24569324      0.30111885   9.0468737e-05     0.022331498       2.9888967      0.96939687      0.03672017      0.99612058      -24.280118       -24.280118       2456.9349                                                 2456.9349
              2       1204.8661      0.24892496      0.30098004   9.0428252e-05     0.022331872       2.9794186       0.9701808     0.031814028      0.99630292      -24.280118       -24.280118       2458.2924                                                 2458.2924
              1       1205.3838      0.27548424      0.30327281   9.1078429e-05     0.022268928       2.9761044      0.96922174     0.030718205      0.99570308      -24.280118       -24.280118       2459.3279                                                 2459.3279
              5       1207.4055       0.4657696      0.30544295   9.2339461e-05      0.02233919       2.9801007       0.9756917     0.034471847       0.9966847      -24.280118       -24.280118       2463.3713                                                 2463.3713
              3       1206.9694      0.48134555      0.30847016   9.3050455e-05     0.022255619       2.9959971      0.97497317     0.042718288      0.99571817      -24.280118       -24.280118       2462.4991                                                 2462.4991
              8       1206.5082      0.49025154      0.30820248   9.2986793e-05      0.02228583       2.9977462      0.97588981     0.043236758      0.99583446      -24.280118       -24.280118       2461.5765                                                 2461.5765
              3       1206.6275      0.45486162      0.30833189   9.2829158e-05     0.022290123       2.9986604      0.97549766     0.044110064      0.99511465      -24.280118       -24.280118       2461.8152                                                 2461.8152
              3       1204.7438      0.50900096      0.31410709   9.4007598e-05      0.02243007       2.9941654      0.97136018     0.038491314      0.99738985      -24.280118       -24.280118       2458.0479                                                 2458.0479
              3       1203.2604      0.60333953      0.31430153   9.4481428e-05     0.022501802       3.0139181      0.97307314     0.046200893      0.99959305      -24.280118       -24.280118       2455.0811                                                 2455.0811
              3       1203.7246      0.62562184      0.31410112   9.4541841e-05     0.022509653       3.0136987      0.97386778      0.04693072      0.99932908      -24.280118       -24.280118       2456.0094                                                 2456.0094
              1       1203.7991      0.58257757      0.31340932   9.4164071e-05      0.02245482       3.0223964      0.97196961     0.049776351      0.99946322      -24.280118       -24.280118       2456.1585                                                 2456.1585
              1       1203.6054      0.59744065       0.3101998   9.3493048e-05     0.022542038       3.0186114      0.97313287      0.04780745      0.99997334      -24.280118       -24.280118        2455.771                                                  2455.771
              4       1202.7181       0.5255592      0.30833182   9.2830919e-05     0.022540496       3.0175398      0.97325369     0.046144006       1.0008359      -24.280118       -24.280118       2453.9965                                                 2453.9965
              2       1202.4804      0.52198633      0.30846935   9.2795675e-05     0.022590797        3.018244      0.97177448     0.046893778       1.0000164      -24.280118       -24.280118        2453.521                                                  2453.521
              1       1202.3574      0.43312708      0.30723287   9.2302225e-05     0.022501845       3.0200023      0.97136588      0.04704166       1.0010322      -24.280118       -24.280118       2453.2751                                                 2453.2751
              2        1202.351      0.44800352      0.30621035   9.2234777e-05     0.022506293       3.0181586      0.97041168     0.046144553       1.0012819      -24.280118       -24.280118       2453.2622                                                 2453.2622
              3        1203.223       0.3703481      0.30013432   9.0697289e-05     0.022534303       3.0115866      0.97488375     0.043812575         1.00139      -24.280118       -24.280118       2455.0062                                                 2455.0062
              1       1203.1154      0.32998234      0.29929132   9.0353849e-05     0.022548164       3.0034943      0.97381111     0.041840706      0.99952153      -24.280118       -24.280118        2454.791                                                  2454.791
              1       1202.9418      0.33776161      0.30005591   9.0545625e-05     0.022545629       3.0082555      0.97382916     0.043182562       1.0003147      -24.280118       -24.280118       2454.4438                                                 2454.4438
              4       1204.1961      0.29645726      0.29905492    9.030684e-05     0.022482489       3.0185477      0.97280525     0.050351386      0.99855153      -24.280118       -24.280118       2456.9525                                                 2456.9525
              2       1205.8504      0.49712535      0.30380367   9.2116759e-05     0.022517622       3.0256648      0.97578474     0.055903574       0.9979182      -24.280118       -24.280118        2460.261                                                  2460.261
              1       1207.0101      0.64173603      0.30721285   9.3308752e-05     0.022692432       3.0090952       0.9694108     0.045494562      0.99820491      -24.280118       -24.280118       2462.5805                                                 2462.5805
              1        1207.157      0.62928227      0.30715891   9.3235331e-05     0.022696029       3.0080742      0.96903309     0.044889957      0.99812005      -24.280118       -24.280118       2462.8742                                                 2462.8742
              2       1205.8088      0.61343182      0.30811693   9.3332591e-05     0.022691245       3.0145976      0.96993806      0.04601312       1.0001626      -24.280118       -24.280118       2460.1778                                                 2460.1778
              2       1204.9082      0.56090493      0.30392082   9.2187202e-05     0.022726192       3.0172975      0.97292646     0.048170708      0.99988824      -24.280118       -24.280118       2458.3766                                                 2458.3766
             13       1204.4748      0.52017436      0.30328037   9.2004672e-05     0.022609669       3.0152413      0.97254258     0.045244993       1.0013874      -24.280118       -24.280118       2457.5098                                                 2457.5098
              5       1205.2645      0.56004178      0.30488474   9.2451279e-05     0.022640719       3.0175786      0.97164733     0.045549143       1.0016211      -24.280118       -24.280118       2459.0891                                                 2459.0891
              2       1205.9201      0.52824376      0.30568027   9.2529153e-05     0.022624291       3.0097999      0.97017693      0.04148924       1.0014987      -24.280118       -24.280118       2460.4005                                                 2460.4005
              2       1205.6253        0.531478      0.30561667   9.2528033e-05     0.022622184       3.0113284       0.9708481     0.042568462       1.0012107      -24.280118       -24.280118       2459.8109                                                 2459.8109
              4        1205.915      0.22264717      0.29808994   8.9485582e-05     0.022715177        3.006817      0.96772908     0.042350377      0.99835317      -24.280118       -24.280118       2460.3902                                                 2460.3902
              3       1205.9249      0.21436236      0.29937482   8.9839167e-05     0.022635902       3.0098329      0.96829037     0.045561162      0.99735141      -24.280118       -24.280118         2460.41                                                   2460.41
              3       1204.8717      0.32520858      0.30083167   9.0623699e-05     0.022617855       3.0212075      0.97027156     0.050537254       0.9981198      -24.280118       -24.280118       2458.3037                                                 2458.3037
              2       1204.9682      0.32187455      0.30066688   9.0575812e-05     0.022620074       3.0214686      0.97020854      0.05056508      0.99819115      -24.280118       -24.280118       2458.4967                                                 2458.4967
              6        1205.373      0.23246075      0.29946603   8.9911286e-05     0.022516194       3.0082817      0.96414839     0.042626956      0.99818128      -24.280118       -24.280118       2459.3063                                                 2459.3063
              3       1204.6896      0.19728753      0.29796618   8.9558774e-05     0.022432896       3.0058256      0.96620235      0.04222337      0.99794675      -24.280118       -24.280118       2457.9394                                                 2457.9394
              2       1204.7821      0.20212266      0.29810684   8.9622009e-05     0.022427693       3.0082035      0.96634436     0.044412652      0.99714799      -24.280118       -24.280118       2458.1244                                                 2458.1244
              5       1204.9244      0.23076093      0.29837952   8.9763487e-05      0.02244702       3.0049415      0.96611224     0.043184603      0.99674064      -24.280118       -24.280118       2458.4091                                                 2458.4091
              3       1204.8552      0.23330039      0.29827819    8.972246e-05     0.022470116        3.006009      0.96658329     0.043763313      0.99657538      -24.280118       -24.280118       2458.2707                                                 2458.2707
              7       1205.0364      0.30816642      0.30437685   9.1329578e-05     0.022452624       2.9814397      0.96836947     0.034345138      0.99374874      -24.280118       -24.280118       2458.6331                                                 2458.6331
              3       1205.3654      0.29944325      0.29921304   9.0209597e-05     0.022551036       3.0126034      0.96928013     0.050336693      0.99447925      -24.280118       -24.280118        2459.291                                                  2459.291
              2       1205.0139      0.32278058      0.30035715   9.0512073e-05      0.02254962       3.0182986      0.96921164     0.052186876      0.99509182      -24.280118       -24.280118       2458.5881                                                 2458.5881
              9       1205.0608      0.18890218      0.29653515   8.9196577e-05     0.022486281       3.0175647       0.9683038     0.049596822       0.9969371      -24.280118       -24.280118       2458.6819                                                 2458.6819
              1       1205.0135      0.12940441      0.29547542    8.870068e-05     0.022511273       3.0016713      0.96843807     0.042174806      0.99695925      -24.280118       -24.280118       2458.5872                                                 2458.5872
              2        1203.856      0.14880411      0.29694572   8.9114141e-05     0.022475761       2.9979568      0.96802994     0.038327605      0.99861642      -24.280118       -24.280118       2456.2723                                                 2456.2723
              1       1203.9099      0.15149783      0.29687192   8.9118048e-05     0.022465989       2.9989901      0.96903331     0.039143365      0.99866402      -24.280118       -24.280118       2456.3799                                                 2456.3799
              2       1203.6494      0.24624016      0.29812874   8.9731201e-05     0.022520917       2.9939456      0.96915634     0.037529217      0.99831182      -24.280118       -24.280118       2455.8591                                                 2455.8591
              2       1202.7705      0.32860758      0.30238035   9.0869196e-05     0.022469336       3.0009757      0.96940327     0.041546014      0.99710604      -24.280118       -24.280118       2454.1011                                                 2454.1011
              1       1202.7952      0.32950223      0.30228385   9.0809791e-05      0.02249751       2.9989598         0.96971     0.040438252      0.99711971      -24.280118       -24.280118       2454.1506                                                 2454.1506
              3       1202.7254      0.32398443      0.30113403    9.059562e-05     0.022536542       2.9971332      0.96954659     0.039850247      0.99721216      -24.280118       -24.280118       2454.0111                                                 2454.0111
              1       1202.7137      0.31181788      0.30120119   9.0590082e-05     0.022515922       2.9985324      0.96988489     0.041095298      0.99673495      -24.280118       -24.280118       2453.9875                                                 2453.9875
              4       1204.3836      0.34486234      0.30227066   9.1275012e-05     0.022296699        2.997983      0.96907795     0.041193303      0.99715473      -24.280118       -24.280118       2457.3274                                                 2457.3274
              1       1203.6663      0.44861621      0.30686838   9.2551646e-05     0.022309432       2.9968728      0.97050274     0.039973906      0.99798063      -24.280118       -24.280118       2455.8928                                                 2455.8928
              5       1203.5552      0.40081658      0.30996398   9.2977938e-05     0.022279562       2.9886457      0.96902498     0.035130966      0.99726812      -24.280118       -24.280118       2455.6707                                                 2455.6707
              1        1203.193      0.40763812      0.31024332   9.3025394e-05     0.022309121       2.9915948      0.96835044      0.03624464      0.99738284      -24.280118       -24.280118       2454.9462                                                 2454.9462
              8       1203.4442      0.44132153      0.31113488   9.3408012e-05     0.022280512       2.9971304      0.96917166      0.03831694        0.998109      -24.280118       -24.280118       2455.4487                                                 2455.4487
              3       1203.2872       0.4487183      0.31115126   9.3403804e-05     0.022306321       2.9982295      0.96856384     0.039138174        0.997665      -24.280118       -24.280118       2455.1346                                                 2455.1346
              9       1203.2707      0.45066923      0.31116264   9.3369013e-05     0.022328259       2.9976613      0.96775513     0.038749885      0.99744265      -24.280118       -24.280118       2455.1015                                                 2455.1015
              1        1204.674      0.37868221      0.31013968   9.2895363e-05     0.022275976       2.9954461      0.96599432     0.037910182      0.99656835      -24.280118       -24.280118       2457.9082                                                 2457.9082
              4       1205.4326       0.3971084      0.31354078   9.3515148e-05     0.022290361       2.9819855      0.96560935     0.030476357      0.99658748      -24.280118       -24.280118       2459.4254                                                 2459.4254
              2       1206.4684      0.43375131      0.31518388   9.3969683e-05     0.022296215       2.9790406      0.96451613     0.029031497      0.99627428      -24.280118       -24.280118       2461.4971                                                 2461.4971
              4       1204.5624      0.49448728       0.3134819   9.3736684e-05     0.022437134       2.9831406      0.96556182     0.030588108      0.99757326      -24.280118       -24.280118       2457.6851                                                 2457.6851
              4       1204.7917      0.47205532       0.3120035   9.3366917e-05     0.022408525        2.986319      0.96549122      0.03332255      0.99671673      -24.280118       -24.280118       2458.1436                                                 2458.1436
              1       1204.4008      0.58883729      0.31331291   9.4176476e-05       0.0224385       2.9845354      0.96920308     0.032229059      0.99773273      -24.280118       -24.280118       2457.3618                                                 2457.3618
              9       1204.0646      0.53550501      0.30802123   9.2946133e-05     0.022409048        3.003869      0.97161504     0.042075155      0.99808703      -24.280118       -24.280118       2456.6895                                                 2456.6895
              5        1203.372      0.54031651      0.30776034   9.2918138e-05     0.022435838        2.999734      0.97228535      0.04001148      0.99841624      -24.280118       -24.280118       2455.3041                                                 2455.3041
              5       1203.3427      0.49078547      0.30460591    9.214693e-05      0.02243493       2.9943328      0.97393991     0.037802556      0.99893332      -24.280118       -24.280118       2455.2457                                                 2455.2457
              4        1203.577      0.49788401      0.30337331   9.1719331e-05      0.02261485       2.9934121      0.97177362      0.03495415       1.0005455      -24.280118       -24.280118       2455.7142                                                 2455.7142
              2       1204.0328      0.49316221      0.30295534   9.1565066e-05     0.022642489       2.9979358      0.97252036     0.035733942       1.0020243      -24.280118       -24.280118       2456.6258                                                 2456.6258
              4       1205.0073      0.24845803      0.29852442   8.9521198e-05     0.022613426       3.0129416      0.97156252     0.043557749       0.9998208      -24.280118       -24.280118       2458.5748                                                 2458.5748
              4         1205.24      0.21586442      0.29781916   8.9341755e-05     0.022564811       3.0136201      0.97295658     0.042927881       1.0008762      -24.280118       -24.280118       2459.0402                                                 2459.0402
              1       1206.3791      0.31122243      0.31014512   9.2677596e-05     0.022287576       3.0207335      0.96772426     0.047618405       1.0000229      -24.280118       -24.280118       2461.3185                                                 2461.3185
              3       1205.8639      0.31212777      0.30935301   9.2559959e-05     0.022292877       3.0158278      0.96787897     0.046013203      0.99962533      -24.280118       -24.280118        2460.288                                                  2460.288
              4       1204.3563      0.51404668      0.31118297    9.370556e-05     0.022415213       2.9822878      0.97203731     0.030116191      0.99933271      -24.280118       -24.280118       2457.2728                                                 2457.2728
              1       1205.7525      0.45409155      0.30996238   9.3294656e-05     0.022356783       2.9749877       0.9728913     0.026875514      0.99952107      -24.280118       -24.280118       2460.0653                                                 2460.0653
              1       1205.7924      0.45598129      0.31011002   9.3333652e-05      0.02235532       2.9748439      0.97289488     0.026854188      0.99946939      -24.280118       -24.280118        2460.145                                                  2460.145
              7       1206.5353      0.39802697      0.31290607   9.3576377e-05     0.022305889       2.9649144      0.96806913     0.017952864       1.0013265      -24.280118       -24.280118       2461.6307                                                 2461.6307
              7        1206.135      0.53635374      0.31407155   9.4133509e-05     0.022482597       2.9771172      0.97262337     0.022577215       1.0032698      -24.280118       -24.280118       2460.8303                                                 2460.8303
              1       1206.6488       0.3530758      0.30737084    9.208816e-05     0.022460934       2.9813345      0.97014423     0.022573869       1.0049862      -24.280118       -24.280118       2461.8579                                                 2461.8579
              3       1210.0342      0.28013883      0.30919036   9.2237345e-05     0.022477506       2.9804296      0.96787712     0.024088155       1.0021126      -24.280118       -24.280118       2468.6285                                                 2468.6285
              4       1207.5164       0.2808128      0.31025193   9.2463802e-05     0.022347756       3.0029785      0.96781185     0.035729208       1.0011742      -24.280118       -24.280118        2463.593                                                  2463.593
              1       1209.5131      0.31030818      0.30474669   9.1781156e-05      0.02224717       3.0109757      0.97516442     0.041778822       1.0015996      -24.280118       -24.280118       2467.5864                                                 2467.5864
              1       1209.3318      0.28696324      0.30471759   9.1694337e-05     0.022210539       3.0053477      0.97483975     0.039014564       1.0015562      -24.280118       -24.280118       2467.2239                                                 2467.2239
              1       1208.4009      0.24351914      0.30155394   9.0813327e-05     0.022241658       3.0137062      0.97538135     0.042237085       1.0032187      -24.280118       -24.280118       2465.3621                                                 2465.3621
              2       1207.4838      0.23239526      0.30089962   9.0653857e-05     0.022239753       3.0122477      0.97512376     0.042968718       1.0020697      -24.280118       -24.280118       2463.5279                                                 2463.5279
              2       1206.4966      0.23361795      0.30270419   9.1015381e-05     0.022237113        3.001495      0.97368857     0.038026877       1.0015883      -24.280118       -24.280118       2461.5535                                                 2461.5535
              6       1205.9165      0.24123296      0.30266687   9.1060713e-05     0.022224216       3.0028247      0.97152025     0.038466485       1.0016087      -24.280118       -24.280118       2460.3933                                                 2460.3933
              1       1206.6375      0.23729459      0.30176779   9.0913278e-05      0.02219704       3.0031169      0.97219773     0.039092957        1.001599      -24.280118       -24.280118       2461.8353                                                 2461.8353
              2       1206.6554      0.17627955      0.29914135   9.0106976e-05     0.022241559       2.9970845      0.97105996     0.035382176       1.0021257      -24.280118       -24.280118       2461.8711                                                 2461.8711
              2       1206.6487      0.17971597      0.29911094   9.0111427e-05     0.022245425       2.9962524      0.97134405     0.035037851       1.0020967      -24.280118       -24.280118       2461.8576                                                 2461.8576
              3       1206.6493      0.18006245      0.29913477   9.0118045e-05      0.02224556        2.996164      0.97134798     0.034999429       1.0020976      -24.280118       -24.280118       2461.8587                                                 2461.8587
              4       1207.6452        0.123236      0.29689618   8.9409768e-05     0.022222278       2.9991114      0.97152532     0.035290344       1.0029026      -24.280118       -24.280118       2463.8507                                                 2463.8507
              1       1204.6776      0.20959877      0.29974731   9.0094197e-05     0.022331787       3.0021405      0.97248295     0.037297017       1.0016591      -24.280118       -24.280118       2457.9155                                                 2457.9155
              1        1204.809      0.24025098      0.30007214   9.0259662e-05     0.022363562       3.0031808      0.97254456     0.036852586       1.0025533      -24.280118       -24.280118       2458.1782                                                 2458.1782
              1        1204.943      0.18067155      0.29913204   8.9773299e-05     0.022408953       3.0013852      0.96879721     0.035402748       1.0019972      -24.280118       -24.280118       2458.4463                                                 2458.4463
              3       1207.4252      0.16859667      0.30302463   9.0590078e-05     0.022261966       3.0217597      0.96853459     0.045245106         1.00188      -24.280118       -24.280118       2463.4106                                                 2463.4106
              2       1207.8324      0.18484726      0.30318848   9.0691702e-05     0.022263993         3.02326      0.96945166     0.045403184       1.0025851      -24.280118       -24.280118       2464.2251                                                 2464.2251
              2       1207.0526      0.18389738      0.30271536   9.0531816e-05     0.022314017        3.024959      0.97057192     0.046951506       1.0020207      -24.280118       -24.280118       2462.6655                                                 2462.6655
              2       1207.5995      0.24970687      0.30610239   9.1660592e-05     0.022328367       3.0184201      0.97038952     0.044171133       1.0023011      -24.280118       -24.280118       2463.7593                                                 2463.7593
              1       1206.8045      0.11632609      0.30143636   8.9937819e-05     0.022355178       3.0116119      0.96876443     0.039224202       1.0039702      -24.280118       -24.280118       2462.1693                                                 2462.1693
              1       1208.6221       0.1384579      0.30324366    9.052253e-05     0.022204658        3.017536      0.96955157     0.043279273       1.0033107      -24.280118       -24.280118       2465.8044                                                 2465.8044
              5       1208.4468      0.12267732      0.30467054   9.0894418e-05     0.022109954       2.9782618      0.96615921     0.024737027       1.0019338      -24.280118       -24.280118       2465.4539                                                 2465.4539
              6       1208.4504      0.14434911      0.30561716   9.1169605e-05     0.022098606        2.980942      0.96666518     0.025867584       1.0020094      -24.280118       -24.280118        2465.461                                                  2465.461
              1        1212.327      0.26603813      0.30811989   9.2422959e-05      0.02195514       2.9873371      0.96321814     0.033292853      0.99847413      -24.280118       -24.280118       2473.2143                                                 2473.2143
              1       1211.8026      0.20147019       0.3048509   9.1388535e-05     0.022064737       3.0106537      0.96122369      0.04344855      0.99884669      -24.280118       -24.280118       2472.1654                                                 2472.1654
              7       1208.8823      0.26738823      0.30520822   9.1660243e-05     0.022113038       3.0032794      0.96313324     0.040966072      0.99890263      -24.280118       -24.280118       2466.3247                                                 2466.3247
              3       1207.6819      0.26590888      0.30535882   9.1704581e-05     0.022164587       2.9798734      0.96336799     0.028939156      0.99913066      -24.280118       -24.280118        2463.924                                                  2463.924
             11       1206.9546      0.47367173      0.31051885   9.3515464e-05     0.022250518       2.9561467      0.96936297     0.018550156      0.99888777      -24.280118       -24.280118       2462.4694                                                 2462.4694
             13         1206.72      0.52520622      0.31169417   9.3858255e-05     0.022333591       2.9557417       0.9705926     0.017224861       1.0001906      -24.280118       -24.280118       2462.0003                                                 2462.0003
              3       1206.4873      0.45615044      0.31039031   9.3333483e-05     0.022279829       2.9543781      0.96980515     0.017595639      0.99881182      -24.280118       -24.280118       2461.5349                                                 2461.5349
              1       1208.0928      0.34301079      0.30700806    9.229405e-05     0.022329831       2.9579992      0.96564641     0.019298102      0.99830952      -24.280118       -24.280118       2464.7458                                                 2464.7458
              4       1208.2316      0.31111739      0.30562073   9.1872832e-05     0.022340757       2.9547743       0.9658583     0.017411415      0.99867676      -24.280118       -24.280118       2465.0235                                                 2465.0235
              1       1208.3397      0.40877032      0.30358564   9.1807018e-05     0.022396661       2.9530836      0.96675096     0.015897023       0.9992888      -24.280118       -24.280118       2465.2396                                                 2465.2396
              2       1212.3566      0.50877431      0.30884449   9.3518958e-05     0.022195741       2.9521011      0.96488343     0.017909898      0.99740769      -24.280118       -24.280118       2473.2735                                                 2473.2735
              1       1213.8279      0.47210344      0.30884561   9.3422109e-05     0.022161794       2.9471522      0.96348322     0.014487326      0.99789082      -24.280118       -24.280118       2476.2161                                                 2476.2161
              1       1215.0212      0.48979689      0.30767433    9.332818e-05     0.022154655       2.9396587      0.96575961     0.010464431      0.99945158      -24.280118       -24.280118       2478.6027                                                 2478.6027
              7       1215.3212      0.52200267      0.30966881   9.3800986e-05     0.022143004       2.9672467      0.96406556     0.018019892       1.0045059      -24.280118       -24.280118       2479.2026                                                 2479.2026
              2       1210.1464      0.27993907      0.30362963   9.1206119e-05     0.022364538       2.9800658      0.95953111      0.02519346       1.0018922      -24.280118       -24.280118       2468.8531                                                 2468.8531
              1       1210.1598      0.26944835      0.30260697   9.1035895e-05     0.022342821       2.9831191      0.96001307     0.028013005        1.000833      -24.280118       -24.280118       2468.8799                                                 2468.8799
              3       1211.1621      0.26732643      0.29928627   9.0174259e-05     0.022572908       2.9960293      0.96130447      0.03775556      0.99902227      -24.280118       -24.280118       2470.8844                                                 2470.8844
              1       1209.5107      0.29403241      0.30141278   9.0685366e-05     0.022592036       2.9930287      0.96270146     0.036229941      0.99884149      -24.280118       -24.280118       2467.5816                                                 2467.5816
              1        1208.334      0.29357674      0.30102304   9.0594926e-05     0.022595187       3.0023557      0.96342797     0.039727661      0.99986116      -24.280118       -24.280118       2465.2282                                                 2465.2282
              2       1207.4155      0.27779407      0.30123991   9.0580962e-05     0.022556719       3.0049745      0.96354022     0.041734144      0.99924235      -24.280118       -24.280118       2463.3912                                                 2463.3912
              3       1208.3952      0.29241012      0.30094748   9.0647486e-05       0.0225392       2.9942496      0.96460691     0.037671618      0.99887229      -24.280118       -24.280118       2465.3507                                                 2465.3507
              1       1206.0734      0.32968448      0.30601175   9.1977626e-05      0.02232288       2.9935232      0.96487801     0.037599211      0.99826325      -24.280118       -24.280118       2460.7071                                                 2460.7071
              3       1207.4175      0.19220673      0.30389552   9.0826747e-05      0.02234982       2.9773839      0.96340695     0.030739681      0.99623091      -24.280118       -24.280118       2463.3953                                                 2463.3953
              3       1204.7852      0.33884277      0.30705611   9.1982522e-05     0.022456405       2.9720936      0.96723636     0.027621631      0.99664659      -24.280118       -24.280118       2458.1307                                                 2458.1307
              5       1205.6762      0.20808716      0.29982659   9.0038169e-05     0.022363744       2.9934669      0.97276192     0.040656191      0.99548848      -24.280118       -24.280118       2459.9126                                                 2459.9126
              2       1205.6941      0.22465142      0.29907964   8.9946152e-05     0.022377077       2.9919554      0.97243913     0.039939785      0.99572619      -24.280118       -24.280118       2459.9485                                                 2459.9485
              1       1204.5324      0.23897859      0.30005038   9.0091432e-05     0.022418471       3.0021806      0.96955743     0.044139645       0.9950592      -24.280118       -24.280118       2457.6251                                                 2457.6251
              1       1204.0742      0.30909884      0.30515988   9.1573267e-05     0.022318716       3.0136474      0.96819528      0.04827804      0.99646351      -24.280118       -24.280118       2456.7086                                                 2456.7086
              3       1204.0474      0.31729401      0.30590783   9.1781421e-05     0.022293782       3.0058817      0.96688746     0.044201168      0.99655592      -24.280118       -24.280118       2456.6551                                                 2456.6551
              1       1204.7678       0.3184678      0.30430448   9.1419488e-05     0.022359865       3.0088652      0.96578505     0.046811452      0.99583563      -24.280118       -24.280118       2458.0959                                                 2458.0959
              3       1203.2248      0.40348645      0.30462807   9.1794775e-05     0.022481511       3.0057269      0.96681281     0.043177285      0.99783532      -24.280118       -24.280118       2455.0098                                                 2455.0098
              1       1203.3112      0.41024256      0.30491892   9.1866059e-05      0.02249058       3.0057838      0.96658028     0.043179259       0.9977332      -24.280118       -24.280118       2455.1825                                                 2455.1825
              8       1203.5956      0.60053492      0.31563652   9.4833254e-05     0.022382084       2.9954217       0.9715817     0.037872985      0.99820449      -24.280118       -24.280118       2455.7515                                                 2455.7515
              3       1203.6031      0.63662149      0.31582487    9.503554e-05     0.022407383       3.0127722      0.97204958     0.045354196      0.99931164      -24.280118       -24.280118       2455.7664                                                 2455.7664
              1        1202.684       0.5990841      0.31248408   9.4201197e-05     0.022455404       3.0124482      0.97160529     0.046762447       0.9980725      -24.280118       -24.280118       2453.9282                                                 2453.9282
              1         1204.46      0.47857101      0.30914299   9.3200683e-05     0.022382557       3.0076638      0.97278007     0.042039005       0.9998665      -24.280118       -24.280118       2457.4802                                                 2457.4802
              8       1203.8053      0.41031053       0.3048636   9.1953803e-05     0.022429235       3.0118105      0.97166858     0.041717749       1.0022201      -24.280118       -24.280118       2456.1708                                                 2456.1708
              5       1203.8946      0.33952855      0.30383885    9.131243e-05      0.02250907       3.0110245      0.96911056     0.040591185       1.0019007      -24.280118       -24.280118       2456.3495                                                 2456.3495
              6       1203.8598      0.33832014      0.30382408   9.1305364e-05     0.022509044       3.0111002      0.96920322     0.040659432       1.0018838      -24.280118       -24.280118       2456.2798                                                 2456.2798
              1        1202.868      0.27314909      0.30238372   9.0731534e-05     0.022443015       3.0120317      0.96990665      0.04306837        1.001234      -24.280118       -24.280118       2454.2962                                                 2454.2962
              2       1202.5529      0.30385662      0.30324207   9.0997554e-05      0.02246236       3.0140621      0.97062997     0.044804846       1.0005793      -24.280118       -24.280118       2453.6661                                                 2453.6661
              2       1203.2624      0.30337684      0.30284003   9.0957319e-05     0.022416444       3.0193041      0.97197526     0.047071297       1.0010586      -24.280118       -24.280118        2455.085                                                  2455.085
              5        1203.784       0.2923991      0.30316801    9.091943e-05     0.022439036        3.021321      0.97268695     0.047862713       1.0010957      -24.280118       -24.280118       2456.1282                                                 2456.1282
              3       1203.7648      0.42834931      0.30861205   9.2625271e-05     0.022408802       3.0055281      0.97377414     0.038547098       1.0025804      -24.280118       -24.280118       2456.0898                                                 2456.0898
              1       1202.9234      0.29620491       0.3048073     9.13122e-05     0.022408137       2.9883432       0.9677598     0.030394615       1.0009933      -24.280118       -24.280118        2454.407                                                  2454.407
              1       1203.2794      0.29088239      0.30557843   9.1494913e-05     0.022354175       2.9904265      0.96716724     0.031396011       1.0009135      -24.280118       -24.280118        2455.119                                                  2455.119
              9       1204.1006      0.48786827      0.31140619   9.3327133e-05     0.022471432       2.9938678      0.96522376     0.033434854      0.99986271      -24.280118       -24.280118       2456.7615                                                 2456.7615
              5       1204.2353      0.54458387      0.31310522   9.3867368e-05     0.022504192       2.9966503      0.96684233     0.033699785       1.0010626      -24.280118       -24.280118       2457.0308                                                 2457.0308
              5       1205.6855      0.61226251      0.31502788   9.4404354e-05     0.022641753       2.9805652       0.9667204     0.028303333      0.99873774      -24.280118       -24.280118       2459.9312                                                 2459.9312
              1       1205.9086      0.56824142      0.31396608    9.393599e-05     0.022656166       2.9752555      0.96716477     0.024426519       1.0000087      -24.280118       -24.280118       2460.3775                                                 2460.3775
              1       1205.9527      0.56624867      0.31423575   9.3983204e-05     0.022652582       2.9758242      0.96697107     0.024603032       1.0000621      -24.280118       -24.280118       2460.4655                                                 2460.4655
              1       1205.6502      0.40930452      0.30695774   9.1873472e-05     0.022694415       3.0051397      0.97535228     0.043133334      0.99775648      -24.280118       -24.280118       2459.8607                                                 2459.8607
              1       1205.8007      0.46123127      0.30857354   9.2384161e-05     0.022705078       3.0045639      0.97547276     0.043468774      0.99705198      -24.280118       -24.280118       2460.1617                                                 2460.1617
              1       1205.8597      0.46250739      0.30921806   9.2534311e-05     0.022675906       2.9976242      0.97548987      0.03975471      0.99737314      -24.280118       -24.280118       2460.2796                                                 2460.2796
              2       1206.4864      0.49297704      0.31024107    9.285537e-05      0.02270403       2.9956515      0.97540031     0.038788866      0.99749446      -24.280118       -24.280118        2461.533                                                  2461.533
              3       1207.2361      0.49873414      0.30886226   9.2675392e-05     0.022681908       2.9924343      0.97622905     0.039417819      0.99623972      -24.280118       -24.280118       2463.0325                                                 2463.0325
              6       1208.0327      0.42669636      0.30799314   9.2270419e-05     0.022681402       2.9694106      0.97151397     0.028454155      0.99469501      -24.280118       -24.280118       2464.6256                                                 2464.6256
              2       1208.2146      0.43442331      0.30823241   9.2346091e-05     0.022688172       2.9695043      0.97149644     0.028548287      0.99464305      -24.280118       -24.280118       2464.9895                                                 2464.9895
              1       1207.1189      0.43554869      0.30847704   9.2441205e-05     0.022667267       2.9731743      0.97155046     0.029654891      0.99527855      -24.280118       -24.280118        2462.798                                                  2462.798
              1       1206.9431      0.44146077      0.30929676   9.2624034e-05      0.02265993       2.9757866      0.97170947     0.030548594      0.99571889      -24.280118       -24.280118       2462.4464                                                 2462.4464
              4       1205.4845      0.24707414      0.30506488   9.1070136e-05     0.022502938       2.9700986      0.96857246     0.026058776      0.99698271      -24.280118       -24.280118       2459.5292                                                 2459.5292
              3       1205.5528      0.28090246      0.30658511    9.149665e-05     0.022479613       2.9692349      0.96822071     0.026327559      0.99621719      -24.280118       -24.280118       2459.6659                                                 2459.6659
              1       1204.3528      0.40723761       0.3081493   9.2151958e-05     0.022657345       2.9786472      0.96847857     0.026977088      0.99873136      -24.280118       -24.280118       2457.2659                                                 2457.2659
              1       1205.2193      0.32850483      0.30416573   9.1023315e-05     0.022711817       2.9877477      0.96677657     0.030937127      0.99939583      -24.280118       -24.280118       2458.9988                                                 2458.9988
              1       1204.8603      0.34466479       0.3032719   9.0888116e-05     0.022742405       2.9917336      0.96815136     0.034213902      0.99850737      -24.280118       -24.280118       2458.2809                                                 2458.2809
              1       1204.0474      0.34063412      0.30294162   9.0847582e-05     0.022686042       2.9961591      0.96729252     0.036218483      0.99854541      -24.280118       -24.280118       2456.6551                                                 2456.6551
              2       1207.2571      0.46027874      0.30931951   9.2499203e-05     0.022752254       3.0058137      0.96410035     0.042042355      0.99675248      -24.280118       -24.280118       2463.0744                                                 2463.0744
              1       1207.3093      0.46358498      0.30936931   9.2528087e-05     0.022752101       3.0050069      0.96404044     0.041714832      0.99670383      -24.280118       -24.280118       2463.1788                                                 2463.1788
              1       1207.2809       0.4636249      0.30937176   9.2529047e-05     0.022751963       3.0050241       0.9640432     0.041722625      0.99670514      -24.280118       -24.280118        2463.122                                                  2463.122
              5       1205.5972       0.4574612      0.31042867   9.2829953e-05     0.022658997       3.0077653      0.96429135     0.043102136      0.99707431      -24.280118       -24.280118       2459.7546                                                 2459.7546
              6       1205.3524      0.48866646      0.31151704   9.3181618e-05     0.022655133       2.9976929      0.96480031     0.038837316      0.99664094      -24.280118       -24.280118        2459.265                                                  2459.265
              1       1205.5124      0.50208607      0.31140946    9.318683e-05     0.022641932       3.0061037      0.96453515     0.042745484      0.99654072      -24.280118       -24.280118        2459.585                                                  2459.585
              2        1205.506      0.56224596      0.31180301    9.365089e-05     0.022586865       3.0029774      0.96541939     0.043832043      0.99507358      -24.280118       -24.280118       2459.5723                                                 2459.5723
              3       1204.3572      0.54505067      0.31405592   9.4199219e-05     0.022391458       3.0143306      0.96679609     0.046986121      0.99798853      -24.280118       -24.280118       2457.2746                                                 2457.2746
              1       1204.4991       0.5353225      0.31450938   9.4267009e-05      0.02237521       3.0102527      0.96546624     0.044039114      0.99843581      -24.280118       -24.280118       2457.5584                                                 2457.5584
              1       1204.4781       0.5315008      0.31439795   9.4218383e-05     0.022378204       3.0098725      0.96537865     0.043840687      0.99842427      -24.280118       -24.280118       2457.5165                                                 2457.5165
              1       1204.0711      0.46643724      0.31098403   9.3379697e-05     0.022360691       3.0044149      0.96594414     0.039317584       1.0012397      -24.280118       -24.280118       2456.7024                                                 2456.7024
              4       1203.9932      0.51176487      0.30903319   9.3137135e-05     0.022464162       2.9866734      0.96713054      0.03257022       0.9997596      -24.280118       -24.280118       2456.5467                                                 2456.5467
              1       1205.2079      0.62832452      0.31263943   9.4289889e-05     0.022527263       2.9819224      0.96765777     0.027909067       1.0013285      -24.280118       -24.280118        2458.976                                                  2458.976
              2       1205.8638       0.6295953      0.30909427   9.3374991e-05     0.022706492       2.9875191      0.96826135     0.032042863      0.99992704      -24.280118       -24.280118       2460.2879                                                 2460.2879
              2       1205.2702      0.57956674      0.31078998   9.3500509e-05     0.022680005       2.9995345       0.9663004     0.038233597      0.99830597      -24.280118       -24.280118       2459.1007                                                 2459.1007
              2       1204.5413      0.54308269      0.31114851   9.3285453e-05     0.022700033        2.992134      0.96783121     0.034651452      0.99798849      -24.280118       -24.280118       2457.6428                                                 2457.6428
              2       1203.8243       0.5588333       0.3110456    9.334653e-05     0.022680982       2.9984682      0.96930109     0.037872436      0.99812607      -24.280118       -24.280118       2456.2087                                                 2456.2087
              2       1203.5101      0.51933483      0.30829244   9.2699355e-05     0.022662102        3.001613      0.96998248     0.037478483       1.0001384      -24.280118       -24.280118       2455.5804                                                 2455.5804
              4        1203.495      0.32384539      0.30324455   9.0999681e-05     0.022573532       2.9773779      0.96795221     0.027419701      0.99882142      -24.280118       -24.280118       2455.5503                                                 2455.5503
              1       1203.8219      0.31911587      0.30290821   9.0865854e-05     0.022591024       2.9756632      0.96751601     0.026343506      0.99880319      -24.280118       -24.280118        2456.204                                                  2456.204
              2       1204.6531      0.46456563      0.30850352   9.2732608e-05     0.022482158       2.9765035      0.96613097     0.030225757      0.99571204      -24.280118       -24.280118       2457.8665                                                 2457.8665
              2        1203.661      0.42026814      0.30706039    9.228649e-05      0.02241421       2.9886616      0.96650156     0.035410534      0.99645535      -24.280118       -24.280118       2455.8823                                                 2455.8823
              2       1203.9009      0.43085055      0.30740105   9.2268387e-05     0.022480468       2.9933615      0.96665309     0.038291931      0.99558661      -24.280118       -24.280118       2456.3621                                                 2456.3621
              4       1204.4296      0.41017716      0.30578508   9.1882995e-05     0.022486604        2.993435      0.96687215     0.038629379      0.99504828      -24.280118       -24.280118       2457.4195                                                 2457.4195
              3       1204.2785      0.40243567      0.30560448   9.1818557e-05     0.022483211       2.9939318      0.96689431     0.038857279      0.99509899      -24.280118       -24.280118       2457.1172                                                 2457.1172
              5       1204.4807       0.4012206      0.30556151   9.1791219e-05     0.022495166       2.9931539       0.9665196     0.038584685       0.9949573      -24.280118       -24.280118       2457.5216                                                 2457.5216
              3       1204.5184      0.40097641      0.30543426   9.1761736e-05     0.022499177       2.9943127      0.96654095     0.039119353      0.99496872      -24.280118       -24.280118        2457.597                                                  2457.597
              6        1203.713      0.35115743      0.30007677   9.0645417e-05      0.02247275       3.0005093      0.97057966     0.043663144      0.99565248      -24.280118       -24.280118       2455.9862                                                 2455.9862
              4       1204.2906      0.34872806      0.30063952   9.0806372e-05     0.022445892       2.9894143      0.96908491     0.037931069      0.99563942      -24.280118       -24.280118       2457.1414                                                 2457.1414
              1         1204.65      0.34779261      0.30051916   9.0752425e-05     0.022443972       2.9849513      0.96934771      0.03612021      0.99536543      -24.280118       -24.280118       2457.8602                                                 2457.8602
              1       1204.0436      0.30673984      0.30064331   9.0532315e-05      0.02250016       2.9935313       0.9700716     0.040389949      0.99570751      -24.280118       -24.280118       2456.6475                                                 2456.6475
              1       1204.1716        0.303728      0.30022028   9.0425448e-05     0.022510194       2.9937795      0.97022366     0.040596821      0.99567336      -24.280118       -24.280118       2456.9035                                                 2456.9035
              2       1204.6967      0.36096223      0.30106389     9.07782e-05     0.022508792        2.994792      0.96843694     0.039402096      0.99759972      -24.280118       -24.280118       2457.9536                                                 2457.9536
              8       1204.2094       0.3460573      0.30175815   9.0668741e-05     0.022535076       2.9975379      0.97089942      0.03710424       1.0002081      -24.280118       -24.280118        2456.979                                                  2456.979
              2       1204.5876      0.34342672      0.30336224   9.0963774e-05     0.022496118          3.0048      0.97263811     0.042531208      0.99806586      -24.280118       -24.280118       2457.7355                                                 2457.7355
              1       1204.0471      0.40731943      0.30361331   9.1172089e-05     0.022638749       3.0065301      0.97433419     0.041560288      0.99927135      -24.280118       -24.280118       2456.6544                                                 2456.6544
              2       1204.5356      0.41471714      0.30339528   9.1123272e-05     0.022661976       3.0104263      0.97474235     0.043522054      0.99933429      -24.280118       -24.280118       2457.6315                                                 2457.6315
              1       1203.6764       0.3603531      0.30345711   9.1073903e-05     0.022537417       3.0177978      0.97206184     0.047910477      0.99820502      -24.280118       -24.280118       2455.9129                                                 2455.9129
             12       1204.6066      0.38005578      0.30212501   9.1057488e-05     0.022476519       3.0075017      0.97659684     0.045852727      0.99641326      -24.280118       -24.280118       2457.7734                                                 2457.7734
              3       1204.9377      0.38143413      0.30110711   9.0992852e-05     0.022440877       2.9897716       0.9755863     0.039293546      0.99539485      -24.280118       -24.280118       2458.4357                                                 2458.4357
              1       1205.5582      0.25765495      0.30560015   9.1315741e-05     0.022453846       2.9977281      0.97173881     0.034230882       1.0007473      -24.280118       -24.280118       2459.6765                                                 2459.6765
              1       1205.7172      0.29053163      0.30741373    9.183111e-05     0.022436863       2.9829598      0.96993534     0.026790447       1.0004849      -24.280118       -24.280118       2459.9947                                                 2459.9947
              3       1206.0556       0.3646432       0.3098204   9.2427007e-05     0.022563009       2.9801012      0.97130502     0.026452874      0.99937158      -24.280118       -24.280118       2460.6713                                                 2460.6713
              1       1205.8298      0.39690908      0.31327878   9.3244475e-05      0.02248145        2.984972      0.96994295     0.026755268       1.0014092      -24.280118       -24.280118       2460.2198                                                 2460.2198
              4       1205.6479      0.37666133      0.31167548   9.2756955e-05     0.022551103       2.9848887      0.96862028     0.026225297       1.0017443      -24.280118       -24.280118       2459.8559                                                 2459.8559
              2       1205.9204      0.35375894       0.3111913   9.2573647e-05     0.022547676       2.9856787      0.96843309     0.026405913       1.0017909      -24.280118       -24.280118       2460.4011                                                 2460.4011
              1        1205.582       0.4750557      0.30968038   9.3132063e-05     0.022539395       2.9861352       0.9719039     0.030481297       1.0004915      -24.280118       -24.280118       2459.7243                                                 2459.7243
              2       1205.6619      0.46693451      0.30888832   9.2904515e-05       0.0225706       2.9842305      0.96969787     0.029262599       1.0004517      -24.280118       -24.280118        2459.884                                                  2459.884
              1       1205.8596      0.56747871      0.30763967   9.2941086e-05      0.02272483       2.9944779      0.97177892     0.035300331       1.0000652      -24.280118       -24.280118       2460.2794                                                 2460.2794
              5       1205.2682      0.60305644      0.30801318   9.3326337e-05      0.02260057        2.987376      0.97196171     0.037006507      0.99610935      -24.280118       -24.280118       2459.0966                                                 2459.0966
              8       1207.2089      0.64900216       0.3111601   9.4477228e-05     0.022454486       3.0108983      0.97172043     0.046707418      0.99812925      -24.280118       -24.280118       2462.9781                                                 2462.9781
              3        1208.666      0.76393896      0.31740534   9.6166166e-05     0.022462521       2.9910282       0.9670415      0.03455106      0.99972353      -24.280118       -24.280118       2465.8923                                                 2465.8923
              5       1209.6443      0.79064151      0.31777634   9.6354348e-05     0.022458207       2.9925639      0.96622714     0.035163131      0.99980797      -24.280118       -24.280118       2467.8489                                                 2467.8489
              1       1210.2192      0.79385346      0.31757522   9.6341616e-05     0.022457879        2.987851      0.96628435     0.032719098       1.0000245      -24.280118       -24.280118       2468.9987                                                 2468.9987
              6       1210.2967      0.78172834      0.31768049   9.6330199e-05     0.022435331       2.9864107      0.96589568     0.032140849      0.99986043      -24.280118       -24.280118       2469.1536                                                 2469.1536
              1       1208.1355      0.74148667      0.31782431   9.6070331e-05     0.022451591       2.9858254      0.96599332      0.03197694      0.99919213      -24.280118       -24.280118       2464.8313                                                 2464.8313
              2       1207.9724      0.60799546      0.31349754   9.4696232e-05     0.022412351        2.995205      0.96479041     0.037247996      0.99840033      -24.280118       -24.280118        2464.505                                                  2464.505
              3       1209.3013      0.60770104      0.32097414   9.6214133e-05     0.022252876       2.9827755      0.96371598     0.028235328       1.0002985      -24.280118       -24.280118       2467.1628                                                 2467.1628
              1       1209.6177      0.55332761      0.31882032   9.5609087e-05     0.022104416       2.9907172       0.9640924     0.034446199      0.99821241      -24.280118       -24.280118       2467.7956                                                 2467.7956
              1       1209.8351      0.54283184      0.31893023   9.5583901e-05     0.022102105       2.9946146      0.96397071      0.03576143        0.998504      -24.280118       -24.280118       2468.2304                                                 2468.2304
              7       1207.7547      0.59105366      0.31830378   9.5355469e-05     0.022274365        2.988551      0.96475984     0.031722255      0.99879462      -24.280118       -24.280118       2464.0697                                                 2464.0697
              1       1207.2697      0.59880666      0.31796986   9.5323007e-05     0.022280095       2.9877538      0.96550304     0.031663221      0.99876985      -24.280118       -24.280118       2463.0997                                                 2463.0997
              1       1208.8717      0.60873973      0.31823684   9.5425667e-05     0.022246334        2.983084      0.96572513     0.028942261      0.99906792      -24.280118       -24.280118       2466.3036                                                 2466.3036
              5       1209.4297      0.62143622      0.31873894   9.5634568e-05     0.022227316        2.978973      0.96548104      0.02719795      0.99887647      -24.280118       -24.280118       2467.4196                                                 2467.4196
              2       1208.1627      0.58293112      0.31584927   9.4903198e-05     0.022218209       2.9771967      0.96974858     0.025981875      0.99989073      -24.280118       -24.280118       2464.8856                                                 2464.8856
              2       1207.6595      0.60765406      0.31493946   9.4842992e-05     0.022254091       2.9955734      0.97109474     0.033637279       1.0015977      -24.280118       -24.280118       2463.8792                                                 2463.8792
              3       1208.0866      0.62631816      0.31690572   9.5300153e-05     0.022256188       2.9958794      0.97128796     0.033074524       1.0021736      -24.280118       -24.280118       2464.7334                                                 2464.7334
              1       1206.8383      0.66240324      0.31570049   9.4933785e-05     0.022446973       3.0076129      0.97106713     0.038923051       1.0018491      -24.280118       -24.280118       2462.2368                                                 2462.2368
              2       1206.9157      0.66748409      0.31579732   9.4968553e-05     0.022452601       3.0069104       0.9712279     0.038647902       1.0017724      -24.280118       -24.280118       2462.3916                                                 2462.3916
              2        1206.765      0.55614461      0.31045831   9.3468793e-05     0.022487329       3.0133971      0.97380283     0.039339415       1.0044466      -24.280118       -24.280118       2462.0901                                                 2462.0901
              2       1204.1153      0.50931685      0.30931465    9.305918e-05     0.022580479       2.9909848      0.97091044     0.030687909       1.0025437      -24.280118       -24.280118       2456.7909                                                 2456.7909
              2        1204.538      0.43539501      0.30420327   9.1835562e-05     0.022570137       2.9833552      0.97099526     0.029583557       1.0008806      -24.280118       -24.280118       2457.6362                                                 2457.6362
              2       1204.9348      0.43515136      0.30508865   9.2033673e-05     0.022555831       2.9802971      0.96984441     0.028096819       1.0006549      -24.280118       -24.280118       2458.4298                                                 2458.4298
              3        1204.212      0.48378063      0.30784194   9.2953791e-05     0.022439999       2.9929713      0.97219826     0.037520538      0.99788802      -24.280118       -24.280118       2456.9843                                                 2456.9843
              9       1203.8857      0.45037931      0.30660099   9.2542312e-05     0.022447244       2.9951678      0.97158293     0.038622917      0.99776599      -24.280118       -24.280118       2456.3317                                                 2456.3317
              2       1205.6837      0.46274246      0.30701971   9.2728743e-05     0.022421728       2.9853382      0.97210535     0.036066038      0.99552443      -24.280118       -24.280118       2459.9276                                                 2459.9276
              2       1206.0614      0.40602878      0.30178129   9.1220196e-05      0.02254559       2.9743991       0.9744876     0.031650027      0.99506428      -24.280118       -24.280118       2460.6829                                                 2460.6829
              1       1206.0464      0.46567563      0.30429091   9.2011438e-05     0.022522837       2.9654013      0.97421204     0.023877275      0.99766487      -24.280118       -24.280118        2460.653                                                  2460.653
              4       1206.0506      0.46580323      0.30431898   9.1973424e-05     0.022560767       2.9658718       0.9734469     0.023935545      0.99753529      -24.280118       -24.280118       2460.6614                                                 2460.6614
              2       1205.7106      0.46676203      0.30396592   9.1877373e-05     0.022582791       2.9684681       0.9720885     0.024776603       0.9977927      -24.280118       -24.280118       2459.9815                                                 2459.9815
              1       1205.8775      0.47235022      0.30385623   9.1866025e-05     0.022591648       2.9662892      0.97241922     0.023577665      0.99808985      -24.280118       -24.280118       2460.3153                                                 2460.3153
              1       1205.9487      0.47596032      0.30264369   9.1559965e-05     0.022623851       2.9717579      0.97378798     0.025351259       0.9988005      -24.280118       -24.280118       2460.4577                                                 2460.4577
              1       1205.7649      0.36877179      0.29755241   9.0125714e-05     0.022568125       2.9796141      0.97527197     0.031778754      0.99729123      -24.280118       -24.280118       2460.0901                                                 2460.0901
              4       1206.1459      0.40805591      0.29916161   9.0612837e-05     0.022538367       2.9752435      0.97468361     0.030292597      0.99653372      -24.280118       -24.280118        2460.852                                                  2460.852
              1       1204.6772      0.35077342      0.30302012   9.1253501e-05      0.02238296       2.9859252      0.97374751     0.032889006      0.99770831      -24.280118       -24.280118       2457.9146                                                 2457.9146
              2       1204.3422       0.3414508      0.30283603   9.1068055e-05      0.02245897       2.9867279      0.97407906     0.032251105      0.99841638      -24.280118       -24.280118       2457.2446                                                 2457.2446
              1       1203.9902       0.3406136      0.30386831   9.1278267e-05     0.022475207       2.9892658        0.969879     0.031894544       0.9991775      -24.280118       -24.280118       2456.5407                                                 2456.5407
              9       1204.0576        0.299774      0.30215208   9.0774242e-05     0.022480233        2.990491      0.97001114     0.032958165      0.99879473      -24.280118       -24.280118       2456.6755                                                 2456.6755
              3       1203.0009       0.3529974      0.30406583   9.1386329e-05     0.022472538       2.9901823      0.97138558     0.032504924      0.99975612      -24.280118       -24.280118        2454.562                                                  2454.562
              6       1203.0303      0.36955536      0.30412711   9.1427016e-05     0.022507824       2.9898994      0.97070435     0.031991009       1.0000136      -24.280118       -24.280118       2454.6209                                                 2454.6209
              4       1203.0947      0.35099021      0.30341099   9.1188416e-05     0.022528927       2.9888432      0.97076976     0.032027608      0.99940018      -24.280118       -24.280118       2454.7496                                                 2454.7496
             10       1203.8908      0.24826697       0.2970883   8.9585836e-05     0.022539352       2.9908206      0.97343636      0.03460887      0.99968443      -24.280118       -24.280118       2456.3417                                                 2456.3417
             15       1203.4515       0.2656916       0.2967497   8.9516677e-05     0.022540895       3.0003525      0.97324899     0.040700085      0.99852241      -24.280118       -24.280118       2455.4633                                                 2455.4633
              4        1206.064      0.45136435      0.30336062   9.1550273e-05      0.02260336       2.9786282      0.97288994     0.034875134      0.99394915      -24.280118       -24.280118       2460.6883                                                 2460.6883
              3       1204.6783      0.46557956      0.30454478   9.1779011e-05     0.022643303       2.9868613      0.97039716     0.037321944      0.99447752      -24.280118       -24.280118       2457.9169                                                 2457.9169
              5       1204.6624      0.46711289      0.30456332   9.1802915e-05     0.022645446       2.9863825      0.97039326     0.036988125      0.99460159      -24.280118       -24.280118        2457.885                                                  2457.885
              2       1204.9308      0.20801819      0.29664192   8.9051947e-05     0.022611189       3.0017058       0.9705377     0.041669244      0.99745237      -24.280118       -24.280118       2458.4218                                                 2458.4218
              4       1206.7163      0.20404382      0.29533655   8.8680288e-05     0.022681965       3.0073493      0.97085264     0.045455775      0.99646485      -24.280118       -24.280118       2461.9929                                                 2461.9929
              1       1207.0939      0.58899682      0.31664986   9.4632848e-05     0.022673359         2.97645      0.96632792     0.025557626      0.99950722      -24.280118       -24.280118        2462.748                                                  2462.748
              1       1207.0468       0.5838096      0.31709266   9.4678583e-05     0.022661085       2.9773665      0.96576398     0.025697758      0.99954524      -24.280118       -24.280118       2462.6538                                                 2462.6538
              1        1207.437      0.57909822      0.31733517   9.4707828e-05     0.022663567       2.9766441      0.96534099     0.025881314      0.99883738      -24.280118       -24.280118       2463.4343                                                 2463.4343
              1       1205.5029      0.60599352      0.31962522      9.5624e-05     0.022397841       2.9766601      0.96845273     0.026896444      0.99869754      -24.280118       -24.280118        2459.566                                                  2459.566
              3       1205.4952      0.60563418      0.31962171   9.5620307e-05     0.022398336       2.9766126      0.96848877     0.026889763      0.99868554      -24.280118       -24.280118       2459.5507                                                 2459.5507
              5       1205.5352      0.58281437       0.3197615   9.5578247e-05     0.022381375       2.9824464      0.96809228     0.029700129      0.99880118      -24.280118       -24.280118       2459.6307                                                 2459.6307
              1       1205.4958      0.43865239      0.31605256   9.4104172e-05     0.022373487       2.9888819      0.96557477     0.029160547       1.0014347      -24.280118       -24.280118       2459.5518                                                 2459.5518
              6       1206.3599      0.50926158      0.31810853   9.4726702e-05     0.022373466       2.9840141      0.96638574     0.027067703       1.0010486      -24.280118       -24.280118         2461.28                                                   2461.28
              1       1206.2583      0.54895329      0.31827307    9.491953e-05     0.022407555       2.9776074      0.96633978     0.024633378       1.0006167      -24.280118       -24.280118       2461.0768                                                 2461.0768
              3       1205.0636      0.35468415      0.31206218   9.2998658e-05      0.02236451       2.9697961      0.96521585     0.024639208      0.99705204      -24.280118       -24.280118       2458.6875                                                 2458.6875
              2       1206.8917       0.3263461       0.3132057   9.3097439e-05     0.022306401       2.9553698      0.96500457     0.017531741      0.99664885      -24.280118       -24.280118       2462.3436                                                 2462.3436
              2       1207.3955       0.3332489      0.31234533   9.2948538e-05     0.022361786       2.9483453      0.96638565     0.015597685       0.9956738      -24.280118       -24.280118       2463.3513                                                 2463.3513
              3       1208.8638      0.27542005       0.3109658   9.2626501e-05     0.022262198       2.9524456      0.96557672     0.018942559        0.995045      -24.280118       -24.280118       2466.2878                                                 2466.2878
             13       1208.9754      0.33077204      0.31305093   9.3260982e-05     0.022276186       2.9574014      0.96597409     0.021901088      0.99452161      -24.280118       -24.280118        2466.511                                                  2466.511
              3       1208.5262      0.33932193       0.3133091   9.3312592e-05     0.022289437       2.9593112      0.96582081     0.022487789      0.99479588      -24.280118       -24.280118       2465.6126                                                 2465.6126
              1       1209.3536      0.29220779      0.31154359   9.2778933e-05     0.022247067       2.9563927      0.96481009     0.021686944      0.99416233      -24.280118       -24.280118       2467.2674                                                 2467.2674
              1       1211.5431      0.36030296      0.31182061    9.324641e-05     0.022176646       2.9498275      0.96853457     0.019416523      0.99492146      -24.280118       -24.280118       2471.6465                                                 2471.6465
              4       1215.0617      0.46037545      0.31429022   9.4248389e-05     0.022150809       2.9400018      0.96582873     0.016739505      0.99274566      -24.280118       -24.280118       2478.6835                                                 2478.6835
              3       1214.8471      0.48480577      0.31491931   9.4454631e-05      0.02217596       2.9343233      0.96678564     0.013940929      0.99263152      -24.280118       -24.280118       2478.2545                                                 2478.2545
              1       1212.0031      0.48707342      0.31464679   9.4334483e-05     0.022349479       2.9421111      0.96357406     0.015072938      0.99419525      -24.280118       -24.280118       2472.5664                                                 2472.5664
              1       1211.3302      0.49896238      0.31520183   9.4538005e-05     0.022312142        2.942146      0.96351798     0.014092487      0.99507273      -24.280118       -24.280118       2471.2206                                                 2471.2206
              1       1211.2444      0.59578954      0.31657567   9.5226668e-05     0.022303214       2.9498053      0.96597163     0.020030505      0.99354107      -24.280118       -24.280118       2471.0491                                                 2471.0491
              2       1210.2574        0.564266      0.31493199   9.4729861e-05     0.022308077       2.9525842      0.96614825     0.021386825      0.99362674      -24.280118       -24.280118       2469.0751                                                 2469.0751
              1        1208.396      0.59004994      0.31424247   9.4542741e-05     0.022417064       2.9478553       0.9699601     0.018074255      0.99460817      -24.280118       -24.280118       2465.3522                                                 2465.3522
              8       1206.4704      0.68342007      0.31546036   9.5084179e-05     0.022530751        2.966223      0.97039242     0.025074546      0.99663304      -24.280118       -24.280118        2461.501                                                  2461.501
              5       1206.4486      0.52448766       0.3063034   9.2698979e-05     0.022459169       2.9651285      0.97214277     0.026819413      0.99544933      -24.280118       -24.280118       2461.4574                                                 2461.4574
              2       1207.9652      0.49604923      0.29959701   9.1247803e-05     0.022492954       2.9850225       0.9761583     0.038393931      0.99523871      -24.280118       -24.280118       2464.4906                                                 2464.4906
              6       1208.7077      0.66074415      0.30404772   9.2731891e-05     0.022540363       2.9912135      0.97420081     0.037428863      0.99888606      -24.280118       -24.280118       2465.9756                                                 2465.9756
              1        1207.797      0.58666136      0.30380973    9.257735e-05     0.022346888       3.0103099        0.974058     0.045896129      0.99957511      -24.280118       -24.280118       2464.1543                                                 2464.1543
              3       1207.9788       0.2745041      0.29432924   8.9474719e-05     0.022324111       2.9986828      0.97471619     0.042870685      0.99745795      -24.280118       -24.280118       2464.5178                                                 2464.5178
              7       1206.7246      0.24344786      0.29917715   9.0271038e-05     0.022268835       2.9964514      0.97059109     0.041350378      0.99742422      -24.280118       -24.280118       2462.0094                                                 2462.0094
              3       1206.4227      0.24949454      0.30001204   9.0626373e-05     0.022239643       2.9947688      0.97218256     0.037619983      0.99970593      -24.280118       -24.280118       2461.4056                                                 2461.4056
              5       1206.5784      0.22744674      0.30132812   9.0767796e-05     0.022262067       2.9996579       0.9730755     0.039019254       1.0003632      -24.280118       -24.280118       2461.7171                                                 2461.7171
              2       1205.1913       0.2454732       0.2999104   9.0424088e-05     0.022376247       3.0016986      0.97394418     0.040750058      0.99957808      -24.280118       -24.280118       2458.9428                                                 2458.9428
              7       1204.4776      0.25713382        0.301564   9.0770587e-05     0.022371085       2.9965074        0.972991     0.038035377      0.99935624      -24.280118       -24.280118       2457.5154                                                 2457.5154
              3       1205.0243      0.45088822      0.30622487   9.2463987e-05      0.02246834       2.9825809      0.96978863     0.032952764      0.99720253      -24.280118       -24.280118       2458.6089                                                 2458.6089
             10       1204.7229       0.3561895      0.30632725   9.2116131e-05     0.022366331       2.9820878      0.96782491     0.032794891      0.99635056      -24.280118       -24.280118       2458.0061                                                 2458.0061
              3       1204.8933      0.44437552      0.30853334   9.2992674e-05     0.022345867       2.9873689      0.96826825     0.035718081      0.99676978      -24.280118       -24.280118       2458.3469                                                 2458.3469
              2       1204.8372      0.46460409      0.30829547   9.3031964e-05       0.0223659        2.984489      0.96943375     0.033879771      0.99742626      -24.280118       -24.280118       2458.2346                                                 2458.2346
              4       1204.5645      0.43753971      0.30714688   9.2648352e-05     0.022375951       2.9850357      0.96892465     0.034844765      0.99662385      -24.280118       -24.280118       2457.6892                                                 2457.6892
              3       1205.0687      0.36106958      0.30456391   9.1520186e-05     0.022584293       3.0019155      0.97387025     0.043845685      0.99575621      -24.280118       -24.280118       2458.6977                                                 2458.6977
              2       1206.0543       0.3938446      0.30558595   9.1879466e-05     0.022598213       3.0037296      0.97342069     0.045703262      0.99498573      -24.280118       -24.280118       2460.6689                                                 2460.6689
              1       1207.5808      0.42131844      0.30828479   9.2476282e-05     0.022580762       3.0196832       0.9756921     0.052821647      0.99619879      -24.280118       -24.280118       2463.7218                                                 2463.7218
              7       1209.8286      0.46271235      0.30924765   9.2828477e-05     0.022493267       3.0419963      0.97768031     0.061640522      0.99727362      -24.280118       -24.280118       2468.2174                                                 2468.2174
              7       1210.5224      0.43053232      0.30759036    9.231698e-05     0.022518112       3.0450129      0.97796863     0.062837435      0.99749936      -24.280118       -24.280118       2469.6051                                                 2469.6051
              2       1207.8622      0.37060935      0.31004985   9.2637035e-05     0.022497448       3.0079989      0.97285927     0.048294357      0.99335714      -24.280118       -24.280118       2464.2846                                                 2464.2846
              2       1207.3496      0.15619564       0.3037203   9.0418233e-05      0.02250814       3.0149659      0.96863692     0.049448518      0.99492362      -24.280118       -24.280118       2463.2595                                                 2463.2595
              1       1207.0985      0.15171002      0.30509799   9.0735769e-05     0.022438915       3.0139354      0.96732986      0.04812385      0.99524021      -24.280118       -24.280118       2462.7571                                                 2462.7571
              1       1206.1148      0.19149905       0.3071495   9.1356888e-05     0.022425392        3.008601      0.96709794     0.043956932      0.99685686      -24.280118       -24.280118       2460.7899                                                 2460.7899
              2       1206.2138      0.18218099      0.30748009   9.1340049e-05     0.022423795       3.0065513      0.96704196     0.042839196      0.99682643      -24.280118       -24.280118       2460.9878                                                 2460.9878
              2       1206.3699      0.18441642      0.30770805   9.1372362e-05     0.022432297       3.0076683      0.96708051     0.043184773      0.99695955      -24.280118       -24.280118       2461.2999                                                 2461.2999
              8       1207.8695      0.18250111      0.30979932   9.1846668e-05     0.022388345       3.0056043       0.9654672     0.041473117      0.99737366      -24.280118       -24.280118       2464.2992                                                 2464.2992
              2       1207.2018      0.17794766      0.30847801   9.1356791e-05     0.022467649       3.0038247      0.96762811     0.040210181      0.99780657      -24.280118       -24.280118       2462.9639                                                 2462.9639
              6       1211.8199      0.17855899      0.31288032   9.2399221e-05     0.022241146       2.9980653      0.96923583     0.039232075       0.9955312      -24.280118       -24.280118          2472.2                                                    2472.2
              3       1211.1377      0.19908247      0.31361585   9.2699152e-05     0.022234597       2.9892379      0.96904127     0.035258904      0.99538788      -24.280118       -24.280118       2470.8356                                                 2470.8356
              4       1210.9933      0.19879937      0.31341027   9.2663118e-05     0.022234716       2.9899885      0.96929716     0.035593068      0.99544978      -24.280118       -24.280118       2470.5469                                                 2470.5469
              2       1210.8206      0.19203573      0.31299154   9.2529113e-05      0.02224438       2.9945789      0.97022732     0.035432179      0.99734975      -24.280118       -24.280118       2470.2015                                                 2470.2015
              4       1210.9013      0.16568367      0.30663365   9.1142256e-05     0.022338541        2.980291      0.97351388      0.03337874      0.99294596      -24.280118       -24.280118       2470.3628                                                 2470.3628
              2       1209.7035      0.12739719      0.30544368   9.0915643e-05     0.022182001       2.9645973      0.96970201     0.024281405       0.9941322      -24.280118       -24.280118       2467.9673                                                 2467.9673
              4       1210.7581     0.059177485      0.30319192   9.0186933e-05      0.02216886       2.9675588      0.97057559     0.026086088      0.99414292      -24.280118       -24.280118       2470.0765                                                 2470.0765
              1       1207.9408     0.052185679      0.30242356   9.0203982e-05     0.022147029       2.9799735      0.96700276     0.029789048      0.99667641      -24.280118       -24.280118       2464.4418                                                 2464.4418
              2        1206.934      0.19278029      0.29631638   8.9283168e-05     0.022392421       3.0226439      0.97279554     0.052504202      0.99659444      -24.280118       -24.280118       2462.4282                                                 2462.4282
              4       1208.2786      0.19721763      0.29703628   8.9443668e-05     0.022409601       3.0283845      0.97471362     0.055548564      0.99635849      -24.280118       -24.280118       2465.1175                                                 2465.1175
              8       1206.6175      0.18409503      0.29985549   8.9998866e-05     0.022367948        3.023511      0.97241377      0.05206462      0.99691515      -24.280118       -24.280118       2461.7953                                                 2461.7953
              3       1207.3457      0.21133858      0.29642599   8.9290233e-05      0.02258177       3.0169192      0.97317822     0.050942974      0.99507692      -24.280118       -24.280118       2463.2517                                                 2463.2517
             12       1207.3329      0.21005052      0.29639309   8.9281767e-05      0.02258004       3.0167131        0.973159     0.050779802      0.99512644      -24.280118       -24.280118        2463.226                                                  2463.226
              1       1207.1423      0.24210391      0.30177731   9.0463891e-05     0.022543044       3.0001386       0.9710054     0.038077393      0.99769089      -24.280118       -24.280118       2462.8448                                                 2462.8448
              8       1206.0791      0.27897617      0.30156174   9.0539853e-05     0.022548997        2.993801       0.9685323     0.033945953      0.99869361      -24.280118       -24.280118       2460.7185                                                 2460.7185
              3       1206.2314      0.28073329      0.30033514   9.0338483e-05     0.022542237       2.9948427      0.97040718     0.032655375        1.001053      -24.280118       -24.280118        2461.023                                                  2461.023
              1       1206.5284      0.31039395      0.30023271   9.0379247e-05     0.022592647       2.9965554      0.97140742     0.033563291       1.0010364      -24.280118       -24.280118        2461.617                                                  2461.617
              2       1205.7683      0.44011503      0.30519934   9.1715177e-05     0.022577619       3.0177856      0.97124541     0.042338785       1.0030546      -24.280118       -24.280118       2460.0969                                                 2460.0969
              2        1209.843      0.45705694      0.30672921   9.2091587e-05     0.022455426       3.0063123       0.9729188     0.037164077       1.0021608      -24.280118       -24.280118       2468.2462                                                 2468.2462
              1       1209.7427      0.44885958      0.30644221   9.1999627e-05     0.022455063       3.0053281      0.97309064     0.036637594       1.0022689      -24.280118       -24.280118       2468.0456                                                 2468.0456
              1       1209.3902      0.47387045      0.30457106   9.1822502e-05     0.022435676       3.0098698      0.97576084     0.040929433       1.0014569      -24.280118       -24.280118       2467.3407                                                 2467.3407
              3       1209.4062      0.48269495      0.31058625   9.3104028e-05     0.022367675       3.0119569      0.97727621     0.042948793       1.0001719      -24.280118       -24.280118       2467.3727                                                 2467.3727
              2       1210.1658      0.36367464      0.30260421     9.08467e-05     0.022507876       3.0231029      0.97922977     0.051166882      0.99829783      -24.280118       -24.280118       2468.8919                                                 2468.8919
              2       1204.6745      0.56131096      0.30822642   9.2764747e-05     0.022649923        3.019489      0.97280161     0.049819884      0.99862798      -24.280118       -24.280118       2457.9093                                                 2457.9093
              1       1203.7495      0.37147706      0.30203153   9.0986188e-05     0.022630283       3.0111416      0.97221304     0.042229139       1.0022506      -24.280118       -24.280118       2456.0592                                                 2456.0592
              1       1205.3539      0.35204365      0.30326513   9.1218919e-05     0.022588125       3.0284074      0.97332154     0.051230224        1.001838      -24.280118       -24.280118        2459.268                                                  2459.268
              1       1207.4755      0.41457878      0.30641102   9.2186438e-05     0.022607431       3.0017186      0.97380183     0.043086344      0.99748937      -24.280118       -24.280118       2463.5113                                                 2463.5113
              4       1207.3168      0.57087765      0.30588901   9.2786088e-05     0.022535264       3.0390334      0.97638239     0.055359977       1.0030899      -24.280118       -24.280118       2463.1939                                                 2463.1939
              3       1208.2192       0.4809671      0.30156132    9.163863e-05     0.022484354        3.010572      0.97685306     0.042963821       1.0008499      -24.280118       -24.280118       2464.9985                                                 2464.9985
              1       1207.8857      0.52031135      0.30452714   9.2119156e-05     0.022502303       2.9854086      0.96798454     0.031104118      0.99885485      -24.280118       -24.280118       2464.3317                                                 2464.3317
              2       1205.2354      0.54731142      0.30643869   9.2640904e-05      0.02248097       2.9951865      0.97134964     0.034556916       1.0008984      -24.280118       -24.280118        2459.031                                                  2459.031
              2       1204.9922        0.494454      0.30497333   9.1918393e-05      0.02258288       2.9999535      0.97236485     0.036550775       1.0006302      -24.280118       -24.280118       2458.5446                                                 2458.5446
              4       1204.8193      0.50397197      0.30592848   9.2153958e-05     0.022573657       2.9982196      0.97218339     0.035917628       1.0003203      -24.280118       -24.280118       2458.1987                                                 2458.1987
              1       1203.9527      0.46555605        0.304572   9.1780531e-05     0.022556522       3.0037529      0.97228674     0.038815097       1.0002839      -24.280118       -24.280118       2456.4656                                                 2456.4656
              3        1203.544      0.42646739      0.30331235   9.1331158e-05     0.022573022       3.0015038       0.9729692     0.039101051      0.99906772      -24.280118       -24.280118       2455.6483                                                 2455.6483
              6       1203.5412      0.42734785      0.30346657   9.1370671e-05     0.022567246       3.0014941      0.97300147      0.03910626      0.99904514      -24.280118       -24.280118       2455.6426                                                 2455.6426
              2        1203.471      0.42872094      0.30305766   9.1314013e-05     0.022568859       3.0028604        0.973065     0.040215306       0.9987161      -24.280118       -24.280118       2455.5023                                                 2455.5023
              2       1204.1852      0.39775044      0.30184189   9.0903817e-05     0.022571689       3.0013093      0.97269832     0.039810434      0.99815629      -24.280118       -24.280118       2456.9306                                                 2456.9306
              2       1204.1653      0.40379439      0.30154541   9.0872533e-05     0.022585105       2.9977851      0.97261916     0.038133945       0.9982076      -24.280118       -24.280118       2456.8908                                                 2456.8908
              1       1204.1199      0.42860752      0.30240824   9.1132966e-05     0.022592221       2.9991052      0.97363924     0.038934163      0.99822493      -24.280118       -24.280118       2456.8001                                                 2456.8001
             15       1204.4963      0.45509698      0.30487907   9.1789358e-05     0.022496173       3.0023886      0.97173422     0.039313116      0.99932055      -24.280118       -24.280118       2457.5528                                                 2457.5528
              1       1203.6118      0.48005786      0.30322868   9.1651013e-05     0.022559758       3.0014572       0.9748923     0.040793716      0.99824052      -24.280118       -24.280118       2455.7838                                                 2455.7838
              2       1206.5381      0.57770145      0.30725867   9.2829879e-05     0.022548819       3.0065576      0.97358848     0.046386449      0.99465782      -24.280118       -24.280118       2461.6364                                                 2461.6364
              2       1206.5611      0.57215637      0.30705654   9.2695077e-05     0.022597845       3.0089506      0.97334278     0.047303468      0.99467503      -24.280118       -24.280118       2461.6824                                                 2461.6824
              5       1205.1018      0.54572324      0.30962632   9.3214847e-05     0.022546873       3.0058507      0.97020261     0.047718829      0.99321386      -24.280118       -24.280118       2458.7638                                                 2458.7638
              1       1204.9537       0.6189391      0.31011902   9.3724728e-05     0.022571142       2.9928751      0.97376246      0.04146158      0.99485283      -24.280118       -24.280118       2458.4677                                                 2458.4677
              2       1205.1967      0.55798896      0.31314665   9.4026467e-05      0.02252668       2.9907562      0.97196951     0.039537852      0.99498234      -24.280118       -24.280118       2458.9536                                                 2458.9536
              1       1206.4191      0.55965635      0.31304811    9.418648e-05     0.022323497       3.0175717      0.97623546     0.050552079       0.9978688      -24.280118       -24.280118       2461.3985                                                 2461.3985
              1       1206.8173      0.58143976      0.31309956   9.4411972e-05      0.02229264       3.0255916      0.97246071     0.054716084      0.99829245      -24.280118       -24.280118       2462.1949                                                 2462.1949
              3       1206.8186       0.5815886      0.31313208   9.4420915e-05     0.022290574       3.0252531      0.97242744      0.05456479      0.99827816      -24.280118       -24.280118       2462.1974                                                 2462.1974
              1       1206.4555      0.48975296       0.3092583   9.3023795e-05      0.02242664       3.0260373      0.97499669     0.054393774      0.99890255      -24.280118       -24.280118       2461.4713                                                 2461.4713
              2       1204.8992      0.52148595        0.309089    9.304661e-05     0.022565043       3.0192931      0.97267355     0.051916979      0.99774294      -24.280118       -24.280118       2458.3586                                                 2458.3586
              1       1206.5973      0.32509521      0.30157587   9.0709276e-05      0.02255796       3.0437271      0.97098156     0.060191902       1.0002781      -24.280118       -24.280118       2461.7548                                                 2461.7548
              3       1206.2344      0.35846096      0.30194855   9.0811833e-05     0.022588274       3.0426234      0.97076099      0.05998714      0.99948361      -24.280118       -24.280118        2461.029                                                  2461.029
              3       1205.9937      0.39963377      0.30298586   9.1212649e-05     0.022603063       3.0430823      0.97145855      0.06053404       0.9992736      -24.280118       -24.280118       2460.5477                                                 2460.5477
              1       1205.9148      0.39637411      0.30310868   9.1229479e-05     0.022601747       3.0421682      0.97070914     0.059983839       0.9991639      -24.280118       -24.280118       2460.3899                                                 2460.3899
              6        1205.732      0.39427022      0.30314744   9.1228445e-05     0.022591534       3.0415466      0.97087025     0.059729115      0.99904864      -24.280118       -24.280118       2460.0243                                                 2460.0243
              1       1205.2393      0.41198372      0.30231793   9.1141605e-05     0.022619221       3.0287642      0.96969553     0.052076801      0.99927288      -24.280118       -24.280118       2459.0388                                                 2459.0388
              1       1205.2491      0.40298866      0.30173915   9.0990886e-05     0.022622312       3.0290044      0.96992213     0.052064404      0.99947624      -24.280118       -24.280118       2459.0584                                                 2459.0584
              8       1205.3548      0.35938765      0.30112187    9.066927e-05     0.022616087       3.0291807      0.96962691     0.052224758       0.9991699      -24.280118       -24.280118       2459.2699                                                 2459.2699
              1       1204.7952      0.33943195      0.30095069   9.0550763e-05     0.022617723       3.0209723      0.96852158     0.048090567        0.999015      -24.280118       -24.280118       2458.1506                                                 2458.1506
              2       1203.3612      0.34922157       0.3022532   9.0892697e-05     0.022604862       3.0132579      0.96830161     0.046404792      0.99753698      -24.280118       -24.280118       2455.2826                                                 2455.2826
              1       1203.5597      0.34055698      0.30331196   9.1105941e-05     0.022567135       3.0063179      0.96676042     0.043409077      0.99682311      -24.280118       -24.280118       2455.6796                                                 2455.6796
              2       1204.8458      0.19633051      0.29569823   8.9088012e-05     0.022527574       3.0020497      0.97048893     0.042833412      0.99594297      -24.280118       -24.280118       2458.2519                                                 2458.2519
              4       1205.5355      0.41947736      0.30409443   9.1534596e-05     0.022595211        2.994409       0.9730757     0.037358256      0.99642165      -24.280118       -24.280118       2459.6312                                                 2459.6312
              2       1205.8162       0.4861957      0.30412731   9.1858269e-05     0.022531611       2.9828802      0.97387515     0.031950043      0.99711169      -24.280118       -24.280118       2460.1925                                                 2460.1925
              1       1205.7624      0.52793205      0.30544786   9.2342538e-05     0.022495855       2.9882287      0.97467577     0.035867306      0.99638435      -24.280118       -24.280118       2460.0851                                                 2460.0851
              3       1206.4136      0.56406042      0.30728919   9.2978313e-05     0.022462327       2.9823144      0.97785779     0.031291769      0.99874759      -24.280118       -24.280118       2461.3875                                                 2461.3875
              3       1207.0864      0.56264237      0.30719535   9.2974079e-05     0.022464282       2.9789681      0.97839637     0.030812297       0.9976341      -24.280118       -24.280118       2462.7329                                                 2462.7329
              2       1205.4681      0.58169394      0.30665096   9.2847795e-05      0.02251975       2.9904319      0.97469473     0.034794299      0.99862297      -24.280118       -24.280118       2459.4964                                                 2459.4964
              4       1204.6905      0.53765982      0.30477072   9.2230626e-05     0.022559259       2.9859594      0.97481625     0.032789777      0.99875894      -24.280118       -24.280118       2457.9412                                                 2457.9412
              1       1204.3836      0.53346211      0.30502922   9.2288423e-05     0.022550293       2.9846951      0.97435616     0.032385963      0.99854911      -24.280118       -24.280118       2457.3275                                                 2457.3275
             11        1204.369      0.53192876      0.30501443   9.2278847e-05     0.022549598       2.9847743      0.97434518     0.032415756       0.9985487      -24.280118       -24.280118       2457.2983                                                 2457.2983
              1       1204.9908      0.60439417      0.30834606   9.3413976e-05     0.022544216       2.9807147      0.97363647     0.033064269      0.99664069      -24.280118       -24.280118       2458.5419                                                 2458.5419
              3       1204.3271      0.49122087      0.30812712   9.2983872e-05     0.022411216        2.981574      0.97082164     0.034258633      0.99547986      -24.280118       -24.280118       2457.2145                                                 2457.2145
              9        1204.269      0.46602165      0.30820356   9.2709501e-05     0.022509595       2.9837944      0.97074466     0.036169672      0.99443442      -24.280118       -24.280118       2457.0982                                                 2457.0982
              1       1203.4212      0.52025333      0.30920661    9.322235e-05     0.022449363       2.9920361      0.97120098      0.03961499      0.99515625      -24.280118       -24.280118       2455.4027                                                 2455.4027
              2       1203.3243      0.55936045      0.30889228   9.3167599e-05     0.022534772       2.9930081      0.97161073     0.039445362      0.99567279      -24.280118       -24.280118       2455.2087                                                 2455.2087
              3       1203.2975      0.59818264      0.31126299   9.3778885e-05      0.02253999       2.9993285      0.97163992     0.042155257      0.99596107      -24.280118       -24.280118       2455.1552                                                 2455.1552
              1       1203.4073       0.6034046      0.31040239   9.3605687e-05     0.022576474       3.0032892      0.97408164     0.044048825      0.99619008      -24.280118       -24.280118       2455.3748                                                 2455.3748
              4        1205.172      0.29438695      0.30810445   9.1738189e-05     0.022468534       3.0091562       0.9712693     0.041886175      0.99853817      -24.280118       -24.280118       2458.9042                                                 2458.9042
              6       1204.8063      0.34709982      0.30969304   9.2211477e-05     0.022483023       3.0012927      0.97122577     0.038148077      0.99879012      -24.280118       -24.280118       2458.1728                                                 2458.1728
             13       1204.6163      0.29373907      0.30453917   9.1082422e-05     0.022459362       2.9915422      0.97204066     0.030540783        1.002547      -24.280118       -24.280118       2457.7928                                                 2457.7928
             10       1204.3086      0.59623745      0.31044478   9.3409425e-05     0.022638165       2.9929913      0.97359926     0.034565566        1.000236      -24.280118       -24.280118       2457.1773                                                 2457.1773
              2       1205.0661      0.58982038      0.31268803   9.3820467e-05     0.022607404       2.9882423      0.97234555      0.03025915       1.0015659      -24.280118       -24.280118       2458.6923                                                 2458.6923
              1        1204.424      0.56636982      0.31120818   9.3467068e-05     0.022600239       2.9820986      0.97143819     0.028010948       1.0009101      -24.280118       -24.280118       2457.4083                                                 2457.4083
              2       1203.6794      0.37224645      0.30344299    9.103165e-05     0.022686879       3.0051037      0.97185483      0.03816142        1.001948      -24.280118       -24.280118        2455.919                                                  2455.919
              3       1204.5624      0.36081533      0.30299388   9.0826055e-05     0.022726776       3.0001407      0.97234401     0.035700867       1.0017946      -24.280118       -24.280118        2457.685                                                  2457.685
              1       1205.7657      0.37945913      0.30126929   9.0525327e-05     0.022743561       3.0038274       0.9733872     0.036402268       1.0031063      -24.280118       -24.280118       2460.0916                                                 2460.0916
              6        1206.162      0.35830416      0.30055913   9.0271644e-05     0.022764903        3.006472      0.97401862     0.037810398       1.0030279      -24.280118       -24.280118       2460.8842                                                 2460.8842
              2       1206.2348      0.32203278      0.29967569   8.9980685e-05     0.022750868       3.0129495      0.97290693     0.040178648       1.0035462      -24.280118       -24.280118       2461.0298                                                 2461.0298
              2       1206.7875      0.38851056       0.3009067   9.0458648e-05     0.022804653       3.0171037      0.97378308     0.042318528       1.0034578      -24.280118       -24.280118       2462.1353                                                 2462.1353
              3       1205.0613      0.52924426       0.3038611   9.1836564e-05     0.022680993       3.0143968      0.97511276     0.042394393       1.0035611      -24.280118       -24.280118       2458.6828                                                 2458.6828
              8       1205.1967       0.4869804      0.30144348   9.1141903e-05     0.022649914       3.0135737      0.97635686     0.045724326      0.99979837      -24.280118       -24.280118       2458.9537                                                 2458.9537
              1       1204.7814       0.4404383      0.30590934     9.22327e-05     0.022382597       3.0071528      0.97651181     0.041321482       1.0005257      -24.280118       -24.280118       2458.1231                                                 2458.1231
              3       1206.4493      0.35785036       0.3016335   9.1080159e-05     0.022358707       2.9971015      0.97730126     0.035826031       1.0013065      -24.280118       -24.280118       2461.4588                                                 2461.4588
              1       1207.1699      0.35967648      0.30125775   9.1023109e-05     0.022360323       2.9945198       0.9768805     0.033647179       1.0020153      -24.280118       -24.280118          2462.9                                                    2462.9
              1       1207.4597      0.36970292      0.30601354   9.1949883e-05     0.022355274       2.9740139      0.97406882     0.020516559        1.005013      -24.280118       -24.280118       2463.4797                                                 2463.4797
              1       1208.6323      0.41922966      0.30757424   9.2481918e-05     0.022328698        2.977511      0.97463588     0.021579536        1.005724      -24.280118       -24.280118       2465.8248                                                 2465.8248
              2       1208.5935       0.3881546      0.31006929   9.2514105e-05     0.022430142       2.9971518       0.9692212     0.028849579       1.0055188      -24.280118       -24.280118       2465.7472                                                 2465.7472
              4       1208.2456      0.40264719      0.31041136   9.2640921e-05     0.022433647       2.9954711      0.96903694      0.02829922       1.0052805      -24.280118       -24.280118       2465.0513                                                 2465.0513
              3       1204.4563      0.67268342      0.31488679   9.4810044e-05     0.022643788       3.0070484      0.97055267       0.0393696       1.0019928      -24.280118       -24.280118       2457.4728                                                 2457.4728
              8       1204.8579      0.61182589      0.31043553   9.3493264e-05     0.022772731       3.0148908      0.97041621     0.044123181       1.0009054      -24.280118       -24.280118       2458.2761                                                 2458.2761
              2       1206.6135      0.63434595       0.3130039   9.4082379e-05     0.022770138       3.0212831      0.96856456     0.045573046       1.0018952      -24.280118       -24.280118       2461.7872                                                 2461.7872
              1       1205.9136      0.58837262      0.31227143   9.3763361e-05     0.022729895       3.0205535        0.967028     0.045949398       1.0012063      -24.280118       -24.280118       2460.3874                                                 2460.3874
              3       1205.6622      0.60544707      0.31227572   9.3909469e-05     0.022614995        3.039024      0.97270276     0.055897494       1.0013918      -24.280118       -24.280118       2459.8846                                                 2459.8846
              1       1205.3963      0.64515108      0.31203579   9.4127255e-05     0.022556858       3.0363337      0.97173868     0.055208981       1.0016787      -24.280118       -24.280118       2459.3528                                                 2459.3528
              1       1206.3207      0.66850005      0.31511801   9.4823843e-05     0.022536276       3.0358684      0.97049491     0.054475529       1.0018249      -24.280118       -24.280118       2461.2017                                                 2461.2017
              7       1204.7101      0.52908686      0.31277049   9.3868791e-05      0.02246466       3.0270318      0.97013495      0.05215234       1.0002717      -24.280118       -24.280118       2457.9805                                                 2457.9805
              2       1205.9039      0.55684215      0.31558072   9.4575052e-05     0.022446956       3.0262447      0.96948257     0.051398552       1.0005424      -24.280118       -24.280118        2460.368                                                  2460.368
             14       1206.7814      0.53325064      0.31284424   9.3858781e-05     0.022556155       3.0349674      0.97006247     0.054676245       1.0016488      -24.280118       -24.280118        2462.123                                                  2462.123
              1       1205.3154      0.75395832      0.31519173   9.5334337e-05     0.022643666       3.0110155      0.97039931     0.045248926      0.99975463      -24.280118       -24.280118       2459.1911                                                 2459.1911
              9       1205.7083      0.77544435      0.31566452   9.5491291e-05     0.022660036       3.0207886      0.97058906     0.049880261      0.99967344      -24.280118       -24.280118       2459.9768                                                 2459.9768
              2       1205.6745      0.73739338      0.31463375    9.530092e-05     0.022568017       3.0244534      0.97034387     0.052201134      0.99942361      -24.280118       -24.280118       2459.9092                                                 2459.9092
              1        1204.951        0.655236      0.31494483   9.4977413e-05     0.022514527       3.0215265      0.96822988     0.049710703      0.99983487      -24.280118       -24.280118       2458.4623                                                 2458.4623
              2       1204.7944       0.6814362      0.31566371   9.5242894e-05     0.022465072       3.0218287      0.96919776     0.051319006      0.99864489      -24.280118       -24.280118       2458.1491                                                 2458.1491
              1       1205.5285       0.6986376      0.31826594   9.5915337e-05     0.022405984       3.0166011      0.96784026     0.048279286      0.99866621      -24.280118       -24.280118       2459.6172                                                 2459.6172
              3       1206.3966      0.67115602      0.31653335    9.548245e-05     0.022397844       3.0189758       0.9663001     0.049954849      0.99809678      -24.280118       -24.280118       2461.3534                                                 2461.3534
              4       1206.4002      0.66928395      0.31634953   9.5451625e-05     0.022388543       3.0199362      0.96645511     0.050179555       0.9983887      -24.280118       -24.280118       2461.3606                                                 2461.3606
              3       1204.2518        0.671292      0.31450199   9.5007109e-05     0.022502887       3.0096179      0.97475269     0.044314225      0.99954102      -24.280118       -24.280118       2457.0638                                                 2457.0638
             14       1205.0719      0.73368044      0.31748685   9.5814041e-05     0.022511128        3.012478      0.97418613      0.04363239       1.0009419      -24.280118       -24.280118       2458.7041                                                 2458.7041
              3       1204.8188      0.73351702       0.3180481   9.5938114e-05     0.022501127        3.014661      0.97307827     0.045445018       1.0001768      -24.280118       -24.280118       2458.1979                                                 2458.1979
              1       1205.9843      0.76807708       0.3196779   9.6441597e-05     0.022488022       3.0192162      0.97329038     0.046817928       1.0010211      -24.280118       -24.280118       2460.5288                                                 2460.5288
              2       1209.4943       0.7515109      0.31767268   9.5820601e-05     0.022472535       3.0427005      0.97407343     0.059732535      0.99966929      -24.280118       -24.280118       2467.5487                                                 2467.5487
              2       1209.6801      0.75781563      0.31739521   9.5810985e-05     0.022466795        3.043015      0.97440756     0.059957092      0.99976095      -24.280118       -24.280118       2467.9203                                                 2467.9203
              1       1209.6167      0.71505402      0.31876568   9.6085761e-05     0.022340974       3.0332429      0.97338648     0.059883307      0.99579454      -24.280118       -24.280118       2467.7936                                                 2467.7936
              5        1209.999      0.69052773      0.31966206   9.6253836e-05     0.022250152       3.0279006      0.97133709     0.056508822      0.99573221      -24.280118       -24.280118       2468.5582                                                 2468.5582
              2       1210.1352      0.67525299      0.31846005   9.5961057e-05     0.022194254       3.0238687        0.969325     0.053579171      0.99674043      -24.280118       -24.280118       2468.8307                                                 2468.8307
              1       1208.3362      0.43080949      0.30815901   9.2799706e-05     0.022190508       3.0115899      0.97097801     0.048450035      0.99500342      -24.280118       -24.280118       2465.2327                                                 2465.2327
              1       1207.3262      0.46894821      0.31108428   9.3535629e-05     0.022192649       2.9958225      0.97038618     0.037648444      0.99725968      -24.280118       -24.280118       2463.2125                                                 2463.2125
              4       1207.4729      0.47448672      0.31115537   9.3575382e-05     0.022190911       2.9959234      0.97057335     0.037711605      0.99728422      -24.280118       -24.280118        2463.506                                                  2463.506
              6       1207.7583      0.43977385      0.31049356   9.3286928e-05     0.022179458       2.9930796      0.97072741     0.036647126      0.99681219      -24.280118       -24.280118       2464.0769                                                 2464.0769
              7       1207.8972      0.44958731       0.3109807   9.3385775e-05     0.022196387       2.9922572      0.97155714     0.036390531      0.99659443      -24.280118       -24.280118       2464.3546                                                 2464.3546
              1       1205.2724      0.56473263      0.31551599   9.4408745e-05     0.022493064       2.9965132      0.96857238     0.033348328       1.0007133      -24.280118       -24.280118        2459.105                                                  2459.105
             10       1205.3363      0.56006186      0.31547104   9.4410717e-05     0.022490143       2.9980674      0.96887102     0.033570237         1.00128      -24.280118       -24.280118       2459.2329                                                 2459.2329
              2       1205.2756      0.62912698      0.31734836   9.5058191e-05     0.022524066       3.0017505      0.96919306     0.037085754      0.99983365      -24.280118       -24.280118       2459.1114                                                 2459.1114
              9       1205.8981      0.66745052      0.31791475   9.5364838e-05       0.0225279       2.9994322      0.96942898     0.035722981       1.0001567      -24.280118       -24.280118       2460.3565                                                 2460.3565
              4         1206.82       0.6728856      0.31790872    9.530898e-05     0.022566263       2.9988648      0.96893725      0.03472505       1.0005481      -24.280118       -24.280118       2462.2001                                                 2462.2001
              2        1204.039      0.55134355      0.31347148   9.4017794e-05     0.022477268       2.9896344      0.97172447     0.034003465      0.99762351      -24.280118       -24.280118       2456.6383                                                 2456.6383
              1       1204.5621        0.590003       0.3141489     9.43575e-05     0.022473804       2.9908543      0.97340755     0.033977165      0.99855547      -24.280118       -24.280118       2457.6844                                                 2457.6844
              4       1204.6744      0.57792062      0.31413256   9.4304527e-05     0.022464798       2.9929974      0.97336143     0.034798435      0.99863394      -24.280118       -24.280118        2457.909                                                  2457.909
              5       1204.8754      0.57271852      0.31418511   9.4289564e-05     0.022460023       2.9927542      0.97334784     0.034461814      0.99873826      -24.280118       -24.280118       2458.3111                                                 2458.3111
              6       1205.0076      0.37168356      0.30460554   9.1377153e-05     0.022531354       3.0109453      0.97540949     0.044342923        0.998011      -24.280118       -24.280118       2458.5754                                                 2458.5754
              1       1205.5182      0.33338347      0.30403188   9.1169901e-05      0.02247886       3.0105082      0.97558964     0.044438674       0.9976993      -24.280118       -24.280118       2459.5966                                                 2459.5966
              6       1205.2647      0.31950917      0.30279803   9.0893101e-05     0.022532566       3.0148841      0.97461612      0.04719496      0.99705526      -24.280118       -24.280118       2459.0897                                                 2459.0897
              1       1203.5278      0.48438921      0.30992486   9.3025186e-05     0.022541127       3.0040794      0.97222027     0.040588143       0.9981541      -24.280118       -24.280118       2455.6157                                                 2455.6157
              1        1202.866      0.46961016      0.30899263   9.2831061e-05     0.022488365       2.9961709      0.97450403     0.037560278      0.99854255      -24.280118       -24.280118       2454.2923                                                 2454.2923
              2       1202.8869      0.46426261      0.30973235   9.2943914e-05     0.022453872        3.014433      0.97143251      0.04849156      0.99693928      -24.280118       -24.280118        2454.334                                                  2454.334
              1        1202.803      0.31663879      0.30580528   9.1501911e-05     0.022442131       3.0140901      0.96867765     0.044639707      0.99983308      -24.280118       -24.280118       2454.1662                                                 2454.1662
              1       1203.4209      0.33306556      0.30134036   9.0606475e-05     0.022634123       3.0108467      0.96909702     0.045387931      0.99863148      -24.280118       -24.280118       2455.4021                                                 2455.4021
              3       1203.4643      0.27107941      0.30024709   9.0150793e-05     0.022600505       3.0122616      0.96895251     0.045705994        0.998762      -24.280118       -24.280118       2455.4889                                                 2455.4889
              3       1203.3912       0.2679372      0.29823945   8.9766553e-05      0.02260071       3.0122304      0.97090331     0.045583844      0.99938333      -24.280118       -24.280118       2455.3427                                                 2455.3427
              1       1203.6573      0.30114287      0.29961871    9.008042e-05     0.022689984       3.0064858      0.97268873     0.042759494      0.99884777      -24.280118       -24.280118       2455.8749                                                 2455.8749
              1       1204.8313      0.30497343      0.30228082   9.0786686e-05     0.022546408       2.9873053      0.97342232     0.036828332      0.99611442      -24.280118       -24.280118       2458.2228                                                 2458.2228
              1       1203.6338      0.32215556       0.3037945   9.1042208e-05     0.022580196       2.9883133      0.97296601     0.035578049       0.9963843      -24.280118       -24.280118       2455.8279                                                 2455.8279
              4       1203.7616      0.28164873      0.30217016   9.0659787e-05     0.022508247       2.9782913      0.97281888      0.03016326      0.99690238      -24.280118       -24.280118       2456.0835                                                 2456.0835
              1       1203.8157      0.28336997      0.30217045   9.0655599e-05     0.022511747       2.9777967      0.97296213     0.029792054      0.99704322      -24.280118       -24.280118       2456.1916                                                 2456.1916
              5       1204.7111       0.2466082      0.29577622   8.9111938e-05     0.022648662       3.0054831      0.97188697     0.039334815       1.0009626      -24.280118       -24.280118       2457.9823                                                 2457.9823
             10       1206.0368      0.19170121      0.29669979   8.9203583e-05     0.022596293       2.9671327      0.97189893     0.021556781       1.0001797      -24.280118       -24.280118       2460.6339                                                 2460.6339
              5        1206.924      0.28326847      0.30111675   9.0548764e-05     0.022379125       2.9493836      0.97326447     0.014741619      0.99873444      -24.280118       -24.280118       2462.4082                                                 2462.4082
              2       1206.7461      0.30494686      0.30174168   9.0807218e-05     0.022376718       2.9482165      0.97351622     0.014004918      0.99908903      -24.280118       -24.280118       2462.0524                                                 2462.0524
              2       1205.8891      0.27308471      0.29656156   8.9729724e-05     0.022417194       2.9809192      0.97282284     0.029703049      0.99938336      -24.280118       -24.280118       2460.3384                                                 2460.3384
              2       1205.5853      0.36419576      0.30582068   9.2179623e-05     0.022180008       2.9948851      0.97002602     0.036807385      0.99892346      -24.280118       -24.280118       2459.7308                                                 2459.7308
              3       1205.4188      0.23899239      0.30108393   9.0677458e-05     0.022210015       2.9876779      0.97152992     0.033851114      0.99868641      -24.280118       -24.280118       2459.3979                                                 2459.3979
              4       1205.0982      0.35429942      0.30625228   9.2166258e-05     0.022286172       3.0215218      0.97150184       0.0488574       1.0007717      -24.280118       -24.280118       2458.7567                                                 2458.7567
              1       1205.0867      0.35363122      0.30619744   9.2151676e-05     0.022286951       3.0215286      0.97152417     0.048858537       1.0007729      -24.280118       -24.280118       2458.7336                                                 2458.7336
              1       1205.4233      0.30811578       0.3050338   9.1683036e-05     0.022291566       3.0222003       0.9726567     0.048992254        1.001175      -24.280118       -24.280118       2459.4068                                                 2459.4068
              1       1204.5173      0.30201767      0.30363623   9.1356431e-05     0.022305336        3.016874      0.97219761     0.047215413       1.0006616      -24.280118       -24.280118       2457.5949                                                 2457.5949
              3       1205.5472       0.5335092      0.31091319    9.372746e-05     0.022341853       2.9867979      0.97465468     0.030469262       1.0025453      -24.280118       -24.280118       2459.6547                                                 2459.6547
              3       1205.5958      0.53295562      0.31090561   9.3724499e-05     0.022340957       2.9867404       0.9746504     0.030438779       1.0025459      -24.280118       -24.280118       2459.7519                                                 2459.7519
              6       1205.9012      0.51688673      0.31016617   9.3482691e-05     0.022340102       2.9916208      0.97495596     0.032007377       1.0034039      -24.280118       -24.280118       2460.3626                                                 2460.3626
              1       1206.1724      0.50885358      0.30940686   9.3268406e-05     0.022357421       2.9883845      0.97562766      0.03063846       1.0032944      -24.280118       -24.280118        2460.905                                                  2460.905
              4       1208.3142      0.55607758      0.30934963   9.3751362e-05     0.022220007       2.9965928      0.97569657     0.035969836       1.0031075      -24.280118       -24.280118       2465.1886                                                 2465.1886
              4       1208.1082      0.54864303       0.3091298   9.3675386e-05     0.022230115       3.0015489      0.97652307     0.038573744       1.0029984      -24.280118       -24.280118       2464.7767                                                 2464.7767
              4       1208.7823      0.60008606      0.30586808   9.3083745e-05     0.022439935       3.0324021      0.98097321     0.055533391       1.0020863      -24.280118       -24.280118       2466.1248                                                 2466.1248
             11        1210.823      0.67028726      0.30861276   9.3949223e-05      0.02243352        3.024986      0.98343856     0.051024235       1.0028031      -24.280118       -24.280118       2470.2063                                                 2470.2063
              8       1211.2493      0.69106996      0.30841806   9.4183539e-05     0.022348009       3.0255308      0.98160578     0.052030696       1.0022369      -24.280118       -24.280118       2471.0588                                                 2471.0588
              2       1211.6422      0.66984549      0.30853983   9.4168684e-05     0.022320027       3.0237052      0.98142271     0.051049647       1.0021465      -24.280118       -24.280118       2471.8446                                                 2471.8446
              8       1213.0712      0.82579062      0.31517258    9.631168e-05     0.022263713       3.0194953      0.97861358     0.051384777      0.99923276      -24.280118       -24.280118       2474.7025                                                 2474.7025
              3       1213.0349      0.82322541       0.3150246   9.6270734e-05     0.022264614        3.019413      0.97863669     0.051417496      0.99916338      -24.280118       -24.280118         2474.63                                                   2474.63
              1       1212.9118      0.73895067      0.31170884   9.5020735e-05     0.022510089       3.0338107      0.97674615     0.054608457       1.0016423      -24.280118       -24.280118       2474.3838                                                 2474.3838
              6       1210.8264      0.62579612      0.31108619    9.434955e-05     0.022487807       3.0236413      0.97636213     0.049765711        1.001029      -24.280118       -24.280118       2470.2131                                                 2470.2131
              3       1210.8678      0.65051286      0.31003863   9.4248894e-05     0.022540895       3.0197307      0.97666304     0.048764852       1.0007813      -24.280118       -24.280118       2470.2959                                                 2470.2959
              6       1211.6508      0.65449629      0.30968485   9.4229595e-05     0.022525026       3.0166153      0.97762614     0.047015956       1.0011401      -24.280118       -24.280118       2471.8618                                                 2471.8618
              2       1212.0052      0.82715734      0.31704806   9.6016879e-05     0.022820727       3.0264154      0.97179854     0.050217972       1.0006795      -24.280118       -24.280118       2472.5705                                                 2472.5705
              4        1212.108      0.87169196      0.31378076   9.5378037e-05     0.022966253       3.0107507       0.9744933     0.044735937      0.99964324      -24.280118       -24.280118       2472.7762                                                 2472.7762
              1       1210.3384      0.81767802      0.31774122   9.6048481e-05     0.022829771       2.9980423      0.97542618     0.038987231      0.99935573      -24.280118       -24.280118       2469.2371                                                 2469.2371
              1       1212.0364      0.64813689      0.31112703   9.4012852e-05     0.022832701       3.0024647      0.97596618     0.040911484      0.99990623      -24.280118       -24.280118        2472.633                                                  2472.633
              1       1210.8772      0.72055428      0.30736427    9.378763e-05     0.022610534       3.0073363        0.984265     0.044214582       1.0012396      -24.280118       -24.280118       2470.3146                                                 2470.3146
              5       1207.6881      0.66002293      0.30875208   9.3742206e-05     0.022490423       2.9849761      0.97742524     0.032142484        1.001515      -24.280118       -24.280118       2463.9365                                                 2463.9365
              1       1207.8743      0.66170308      0.30859608   9.3728313e-05     0.022491557       2.9857613      0.97750623     0.032504993       1.0016996      -24.280118       -24.280118       2464.3089                                                 2464.3089
              5       1205.2811      0.53860851      0.30882678   9.3264503e-05     0.022426895       2.9916815      0.97514584      0.03627351       1.0003735      -24.280118       -24.280118       2459.1225                                                 2459.1225
              6       1205.6214      0.44347823      0.30755291   9.2650241e-05     0.022373634       3.0370681      0.97301706     0.057264273        1.000207      -24.280118       -24.280118       2459.8031                                                 2459.8031
              2       1207.2669       0.2796439      0.30344866   9.1148047e-05      0.02241559       3.0294133      0.97281214     0.049078404       1.0034808      -24.280118       -24.280118       2463.0941                                                 2463.0941
              2       1206.8931      0.28868832      0.30263678   9.1042574e-05     0.022435339       3.0280663      0.97260406     0.048862704       1.0034749      -24.280118       -24.280118       2462.3465                                                 2462.3465
              1       1205.8746      0.37769584      0.30944901   9.2623293e-05     0.022496628       3.0142757      0.97032671     0.042041248       1.0029837      -24.280118       -24.280118       2460.3095                                                 2460.3095
              1       1205.8386      0.36720539      0.30892217   9.2477517e-05      0.02249656       3.0121231      0.97102319     0.041290517       1.0028496      -24.280118       -24.280118       2460.2374                                                 2460.2374
              2       1206.7892      0.40140933      0.30636793   9.1850132e-05     0.022705989       3.0285757      0.97276709     0.054096704      0.99847494      -24.280118       -24.280118       2462.1386                                                 2462.1386
              1       1205.4663       0.3754066      0.30535737   9.1522904e-05     0.022696053       3.0220239      0.97218681     0.051156903      0.99802031      -24.280118       -24.280118       2459.4928                                                 2459.4928
              1       1205.6157      0.36316268      0.30541566   9.1506203e-05      0.02268222       3.0210423      0.97183578     0.050958033      0.99769941      -24.280118       -24.280118       2459.7915                                                 2459.7915
              1       1206.6898      0.35993987      0.30115846   9.0681175e-05      0.02271191       3.0336116      0.97494318     0.056365061      0.99934559      -24.280118       -24.280118       2461.9398                                                 2461.9398
              4       1204.5026      0.22348806      0.29661441    8.925681e-05     0.022631372       3.0185992      0.97349159     0.048290145      0.99915502      -24.280118       -24.280118       2457.5655                                                 2457.5655
              1       1204.4773      0.22283722      0.29662402   8.9259754e-05     0.022628358       3.0184687      0.97348184     0.048230002      0.99916552      -24.280118       -24.280118       2457.5148                                                 2457.5148
              8       1205.2685      0.23814641      0.29821495   8.9541153e-05     0.022626666       3.0281893      0.97221659      0.04982232       1.0015421      -24.280118       -24.280118       2459.0972                                                 2459.0972
              2       1205.7946      0.35992193      0.30233091   9.1104535e-05     0.022499373       3.0372622      0.97183438     0.053325564       1.0038592      -24.280118       -24.280118       2460.1495                                                 2460.1495
              3       1207.7219      0.33948122      0.30099681    9.068843e-05     0.022481388         3.04011      0.97421095     0.053449881       1.0051224      -24.280118       -24.280118        2464.004                                                  2464.004
              6       1209.4903      0.48334246      0.30689841   9.2373533e-05     0.022430823       3.0335768      0.97032746     0.050965263       1.0049539      -24.280118       -24.280118       2467.5409                                                 2467.5409
              3       1208.1716      0.49706948      0.30758678    9.267432e-05     0.022438733       3.0363665      0.97195563     0.054139546       1.0040922      -24.280118       -24.280118       2464.9035                                                 2464.9035
              4       1208.0123      0.51451946      0.30804771   9.2781811e-05     0.022469603       3.0353506       0.9728695     0.053670285       1.0039813      -24.280118       -24.280118       2464.5849                                                 2464.5849
              1       1208.5119       0.5831496      0.31072431   9.3687659e-05     0.022423602       3.0276465      0.97289283     0.049521744       1.0045936      -24.280118       -24.280118        2465.584                                                  2465.584
              2       1208.6407      0.59630273      0.31088984   9.3733524e-05     0.022438095       3.0233715      0.97275936     0.048683753       1.0034634      -24.280118       -24.280118       2465.8417                                                 2465.8417
              2       1208.9585      0.44870877      0.30850224   9.2789946e-05     0.022265145       3.0173155      0.97074202     0.046308239       1.0026033      -24.280118       -24.280118       2466.4772                                                 2466.4772
              4       1208.4205      0.45400762      0.30821693     9.27629e-05     0.022268447       3.0164264      0.97077464     0.045976038       1.0024643      -24.280118       -24.280118       2465.4013                                                 2465.4013
              2       1208.0513      0.43781145      0.30832589   9.2748361e-05     0.022256095       3.0194945      0.97052943     0.047285885       1.0025277      -24.280118       -24.280118       2464.6628                                                 2464.6628
              1       1207.1195      0.46412864      0.31123246   9.3437262e-05     0.022236851       3.0042956      0.96595724     0.043526161       0.9975351      -24.280118       -24.280118       2462.7993                                                 2462.7993
              3        1206.519       0.4844063      0.31083075   9.3338603e-05     0.022438738       2.9838048      0.96328115     0.031324769      0.99918077      -24.280118       -24.280118       2461.5982                                                 2461.5982
              2       1206.4356      0.48085757      0.31086424   9.3347325e-05     0.022425832       2.9814588      0.96350223     0.030142458      0.99920236      -24.280118       -24.280118       2461.4315                                                 2461.4315
              3       1208.2309      0.45531549      0.31087443   9.3202167e-05     0.022403011       2.9852827      0.96164078     0.033251803      0.99787364      -24.280118       -24.280118        2465.022                                                  2465.022
              5       1207.7138       0.3389655      0.30954809   9.2432437e-05     0.022389174       2.9985903      0.96043236     0.038091453      0.99873107      -24.280118       -24.280118       2463.9879                                                 2463.9879
              4       1207.1309      0.34886643      0.30875046   9.2347933e-05     0.022429437       2.9928033      0.96217355     0.037317882      0.99724904      -24.280118       -24.280118        2462.822                                                  2462.822
              4       1205.4205      0.37689755      0.30807194    9.232698e-05     0.022429742       2.9892875       0.9637459      0.03534194      0.99766945      -24.280118       -24.280118       2459.4013                                                 2459.4013
              5       1206.4766      0.21635698      0.30114905    9.038837e-05     0.022295567       3.0089285      0.96489461     0.044660956       0.9984223      -24.280118       -24.280118       2461.5134                                                 2461.5134
              1       1206.1277       0.2126544      0.30126316   9.0284129e-05     0.022330131       3.0115913      0.96548004     0.045382975       0.9985004      -24.280118       -24.280118       2460.8157                                                 2460.8157
              2       1206.2883      0.19225708       0.3002364   8.9954272e-05      0.02237863       3.0183707      0.96595878     0.047940514      0.99942586      -24.280118       -24.280118       2461.1369                                                 2461.1369
              1       1206.7418        0.128551      0.29904073   8.9673199e-05     0.022254737       2.9984398      0.96666517     0.037310869       1.0006779      -24.280118       -24.280118       2462.0438                                                 2462.0438
              1        1207.273     0.089449175       0.2983589   8.9384964e-05     0.022257127       2.9996456       0.9656494     0.037929845       1.0004485      -24.280118       -24.280118       2463.1061                                                 2463.1061
              1       1205.7722      0.21658149      0.29901252   9.0146756e-05     0.022311836        3.001964      0.96735398     0.040927691      0.99961382      -24.280118       -24.280118       2460.1046                                                 2460.1046
              1       1210.7731     0.018741893      0.28987549   8.7145309e-05     0.022488214       2.9709896      0.96871724     0.027942195      0.99507809      -24.280118       -24.280118       2470.1065                                                 2470.1065
              5       1210.4815     0.024220436      0.29061681   8.7334607e-05     0.022469144       2.9702323      0.96849569     0.027825928      0.99475138      -24.280118       -24.280118       2469.5232                                                 2469.5232
              3        1210.452     0.023480599      0.29076758   8.7363211e-05       0.0224666       2.9698435      0.96854007     0.027680018       0.9946997      -24.280118       -24.280118       2469.4642                                                 2469.4642
              5       1210.3176     0.022970159      0.29047082   8.7258164e-05     0.022498497       2.9717452      0.96874361     0.028562642      0.99487366      -24.280118       -24.280118       2469.1954                                                 2469.1954
              8       1211.6061     0.048147263       0.2912044   8.7535446e-05     0.022454296       3.0171297      0.96627981     0.048315191      0.99659074      -24.280118       -24.280118       2471.7725                                                 2471.7725
              2       1209.9244      0.19329431      0.29892749   8.9504842e-05     0.022683212       3.0101195      0.96362129      0.04720139      0.99393479      -24.280118       -24.280118       2468.4091                                                 2468.4091
              3       1212.5711      0.20005497      0.29299842   8.8224978e-05     0.022874524       3.0220749      0.96988742     0.053247279      0.99476888      -24.280118       -24.280118       2473.7025                                                 2473.7025
              1       1210.4251      0.38313996      0.29687953   8.9658842e-05      0.02294637       2.9863294      0.97156063     0.032168036      0.99887196      -24.280118       -24.280118       2469.4104                                                 2469.4104
              2       1209.7449      0.37533968      0.29672398   8.9563204e-05     0.022924557       2.9843103      0.97144505     0.030616237      0.99928152      -24.280118       -24.280118         2468.05                                                   2468.05
              7       1209.2018      0.38568698      0.29708106   8.9708588e-05      0.02290797         2.98577      0.97161012     0.031159537      0.99954198      -24.280118       -24.280118       2466.9638                                                 2466.9638
              1        1207.915      0.37142176      0.29713825   8.9690308e-05     0.022854943       2.9876437       0.9705628     0.032198624      0.99935752      -24.280118       -24.280118       2464.3902                                                 2464.3902
              1       1208.4104      0.48376467      0.29813404   9.0257722e-05     0.022918742        3.020026      0.97621498     0.050677711      0.99790313      -24.280118       -24.280118       2465.3811                                                 2465.3811
              2       1208.1925       0.4724949      0.29831902   9.0236658e-05     0.022914316       3.0200729      0.97604377      0.05049691      0.99797274      -24.280118       -24.280118       2464.9453                                                 2464.9453
              1       1208.9002      0.42961248      0.29607964   8.9597697e-05     0.022918885       3.0195166      0.97681581     0.050402473      0.99820828      -24.280118       -24.280118       2466.3607                                                 2466.3607
              1       1206.4729      0.54005491      0.30240328   9.1527012e-05     0.022812324       3.0087112      0.97695701     0.047453986      0.99701508      -24.280118       -24.280118       2461.5061                                                 2461.5061
              2       1206.3048      0.48717465      0.30106931   9.1133074e-05     0.022721336       3.0001961      0.97846394     0.044002174      0.99626791      -24.280118       -24.280118       2461.1698                                                 2461.1698
              2       1207.0728      0.36415124      0.30129689   9.0640785e-05     0.022769696       3.0129811      0.97217852     0.050334473      0.99489509      -24.280118       -24.280118       2462.7059                                                 2462.7059
              7        1208.239      0.48247098      0.30463862   9.1850562e-05     0.022799132       3.0065909      0.97195027     0.047908723      0.99470412      -24.280118       -24.280118       2465.0383                                                 2465.0383
              5       1204.8038      0.41934818       0.3050562   9.1787475e-05      0.02267582       3.0060301      0.96914027     0.043146947      0.99845982      -24.280118       -24.280118       2458.1679                                                 2458.1679
              5       1204.7418       0.3499093      0.30109604   9.0477651e-05     0.022738136       3.0206348      0.97309685     0.048666095       1.0002774      -24.280118       -24.280118       2458.0438                                                 2458.0438
              2       1204.4297      0.33926385      0.30156282   9.0679924e-05     0.022657342        3.013692      0.97027357     0.048614093      0.99716062      -24.280118       -24.280118       2457.4196                                                 2457.4196
              5       1203.7599      0.34872247      0.30435742   9.1372161e-05     0.022580777       3.0140747      0.96961189      0.04783743      0.99781018      -24.280118       -24.280118         2456.08                                                   2456.08
              1       1202.2085      0.28450807      0.30324638   9.0978241e-05     0.022455723       2.9985143      0.97039491     0.038700356      0.99871364      -24.280118       -24.280118       2452.9771                                                 2452.9771
              6        1204.316      0.57092062      0.31590046     9.45604e-05     0.022535038       2.9812453      0.96844406     0.027703958       1.0000368      -24.280118       -24.280118       2457.1923                                                 2457.1923
             11       1204.0993      0.53401622      0.31090595   9.3332922e-05      0.02261367       2.9788654      0.96806676     0.027770571      0.99945269      -24.280118       -24.280118       2456.7588                                                 2456.7588
              3       1204.2153      0.46806682       0.3085404   9.2518618e-05     0.022655216       2.9784764      0.96805966     0.027799235      0.99901492      -24.280118       -24.280118       2456.9907                                                 2456.9907
              1       1204.8638      0.51024555      0.31065831   9.3208287e-05     0.022469084       2.9758564       0.9702303      0.02662282      0.99958549      -24.280118       -24.280118       2458.2879                                                 2458.2879
              3       1205.2879      0.42175335      0.30449862   9.1840757e-05     0.022353031       2.9952024      0.96920916     0.041352381      0.99494557      -24.280118       -24.280118       2459.1361                                                 2459.1361
              1       1205.9376      0.31614574      0.30357226   9.1472901e-05     0.022196312       2.9886043      0.96997166     0.037342557       0.9958294      -24.280118       -24.280118       2460.4355                                                 2460.4355
              3       1206.4549      0.30726354      0.30493996    9.171326e-05     0.022165984        2.985575      0.96812335     0.035389395       0.9957464      -24.280118       -24.280118         2461.47                                                   2461.47
              2       1205.8765      0.29371654      0.30649362   9.1892836e-05     0.022184958       2.9861802      0.96858583     0.035835811        0.995427      -24.280118       -24.280118       2460.3133                                                 2460.3133
              3       1204.3866      0.29117368      0.30410984   9.1469557e-05     0.022302367       3.0106451      0.97004973     0.045621514      0.99865092      -24.280118       -24.280118       2457.3335                                                 2457.3335
              2       1204.3598      0.29041775      0.30405389   9.1452848e-05     0.022303759        3.010681      0.97006141     0.045633792      0.99865427      -24.280118       -24.280118       2457.2798                                                 2457.2798
              8       1204.3527      0.28155703       0.3044434   9.1478914e-05     0.022296135        3.010202      0.96886427     0.044972301      0.99893399      -24.280118       -24.280118       2457.2656                                                 2457.2656
              1       1204.6942      0.28149643      0.30517293   9.1642901e-05     0.022287173       3.0093456      0.96835062     0.044348945      0.99896944      -24.280118       -24.280118       2457.9487                                                 2457.9487
              1       1205.4081       0.2512084      0.30469874   9.1360232e-05     0.022336749       3.0158765      0.96783335     0.045164997       1.0011723      -24.280118       -24.280118       2459.3764                                                 2459.3764
             11       1206.9631      0.26190883      0.30398408   9.1223097e-05     0.022381781       3.0311939      0.97221717     0.052848351       1.0012573      -24.280118       -24.280118       2462.4865                                                 2462.4865
              1       1207.1927      0.16029826      0.29828204   8.9827389e-05     0.022341381       3.0112878      0.97166356     0.044010215       1.0012867      -24.280118       -24.280118       2462.9457                                                 2462.9457
              5       1207.0272      0.17934736      0.29838152   8.9928092e-05     0.022342639       3.0111959      0.97184154      0.04413769       1.0012296      -24.280118       -24.280118       2462.6146                                                 2462.6146
              1       1207.2116      0.22015944      0.30039163   9.0527082e-05     0.022332831       3.0107803      0.97147949     0.043609751       1.0013486      -24.280118       -24.280118       2462.9833                                                 2462.9833
              1       1206.7045      0.24698865      0.30140184   9.0764006e-05     0.022362757       3.0210929      0.97040046       0.0481063       1.0017111      -24.280118       -24.280118       2461.9692                                                 2461.9692
              1         1207.73      0.20985469       0.3059156   9.1494038e-05     0.022273414       3.0019859      0.96617059     0.041719411      0.99821351      -24.280118       -24.280118       2464.0203                                                 2464.0203
              4       1206.5593      0.21406283      0.30599613   9.1471692e-05     0.022286157       2.9995039      0.96653373     0.040265977      0.99819358      -24.280118       -24.280118       2461.6788                                                 2461.6788
              6       1206.4809     0.073624987      0.29386266   8.8188746e-05     0.022462875       3.0071391      0.97001572      0.04230737       1.0001498      -24.280118       -24.280118       2461.5221                                                 2461.5221
              1       1207.3371      0.03875285      0.29179028    8.756946e-05     0.022533311       3.0005951      0.97198851      0.04159736        0.997528      -24.280118       -24.280118       2463.2345                                                 2463.2345
             11       1208.2642     0.033988233      0.29089172   8.7399371e-05     0.022519185       3.0031657      0.97317319     0.043454035      0.99740964      -24.280118       -24.280118       2465.0886                                                 2465.0886
              2       1206.6577      0.14082617      0.29363798   8.8546602e-05     0.022425285       2.9975827       0.9710467     0.039711915      0.99920768      -24.280118       -24.280118       2461.8756                                                 2461.8756
              7       1206.6102      0.11924879      0.29344669   8.8432844e-05      0.02239691       3.0031979      0.97065861     0.041905862      0.99952171      -24.280118       -24.280118       2461.7807                                                 2461.7807
              1       1206.2208      0.18843176      0.29366221   8.8756336e-05     0.022426444       3.0002907      0.97246805     0.040843494      0.99962842      -24.280118       -24.280118       2461.0019                                                 2461.0019
              2       1204.4359      0.36443774      0.30386416   9.1688535e-05     0.022394592       2.9877468      0.97141915     0.033391975      0.99975673      -24.280118       -24.280118       2457.4321                                                 2457.4321
              5        1204.481      0.28068773       0.3023759   9.0995589e-05     0.022349173       2.9816048      0.97216317     0.028330699        1.000983      -24.280118       -24.280118       2457.5222                                                 2457.5222
              6       1204.7288      0.12634509      0.30001847   8.9805393e-05     0.022330915       2.9880103      0.97013152     0.032058824       1.0003227      -24.280118       -24.280118       2458.0178                                                 2458.0178
              8       1204.9823      0.13081665      0.29939772   8.9712642e-05     0.022307504       2.9906935      0.97098451     0.032558025       1.0010627      -24.280118       -24.280118       2458.5248                                                 2458.5248
              3       1205.5796      0.11457771      0.30081086   8.9935251e-05     0.022282613       2.9882774      0.97100202     0.031145482       1.0010432      -24.280118       -24.280118       2459.7194                                                 2459.7194
              2       1205.8071      0.10785936      0.30050908   8.9840013e-05     0.022286817       2.9892784      0.97107376     0.031516922       1.0012459      -24.280118       -24.280118       2460.1745                                                 2460.1745
              3       1205.6845      0.11361934       0.3008865   8.9960696e-05     0.022276838       2.9902273       0.9708844     0.032037949       1.0012343      -24.280118       -24.280118       2459.9292                                                 2459.9292
              2       1207.3189     0.017789566      0.29923858   8.9267387e-05     0.022226782       2.9960081      0.96982093     0.035106408       1.0005973      -24.280118       -24.280118        2463.198                                                  2463.198
              8       1207.4865     0.029248846       0.2996681   8.9423716e-05     0.022209671       2.9973183      0.97026572     0.035750988       1.0007045      -24.280118       -24.280118       2463.5333                                                 2463.5333
              2       1206.2048      0.10387437       0.3029144   9.0399255e-05     0.022238421       2.9943803      0.96780212     0.033802078       1.0012306      -24.280118       -24.280118       2460.9697                                                 2460.9697
              1       1206.4142     0.072431772      0.30126459   8.9885274e-05     0.022263086       2.9961866       0.9676824     0.034855201       1.0011884      -24.280118       -24.280118       2461.3887                                                 2461.3887
              7        1205.454      0.14008782      0.30297879   9.0479337e-05     0.022273467       2.9996022      0.96818773     0.036380967       1.0013967      -24.280118       -24.280118       2459.4683                                                 2459.4683
              4       1205.3764      0.16537325      0.30483512   9.0964372e-05     0.022267514       3.0026369      0.96786588     0.037364888       1.0014867      -24.280118       -24.280118        2459.313                                                  2459.313
              1       1205.4601      0.15820027      0.30469903   9.0894715e-05      0.02225501       2.9997761      0.96777267     0.035976849       1.0014029      -24.280118       -24.280118       2459.4805                                                 2459.4805
              2       1205.6794      0.27031951      0.30840498   9.2187927e-05     0.022226665       2.9940968      0.96649251     0.032644834       1.0020268      -24.280118       -24.280118        2459.919                                                  2459.919
              3       1205.3491      0.28093273       0.3085785   9.2244051e-05     0.022244405       2.9939346      0.96655729     0.032575022       1.0019843      -24.280118       -24.280118       2459.2583                                                 2459.2583
              3       1203.9843      0.21976161      0.30465034   9.1155918e-05     0.022303538       2.9890815      0.96806128     0.031365248       1.0006388      -24.280118       -24.280118       2456.5288                                                 2456.5288
              1       1203.9567      0.29062527      0.30567268   9.1698283e-05     0.022318897       2.9939387      0.97089206     0.034473915       1.0007538      -24.280118       -24.280118       2456.4736                                                 2456.4736
              2       1204.7115      0.28787019      0.30169253   9.0914255e-05     0.022245113       3.0007597      0.97287796     0.039800861      0.99978447      -24.280118       -24.280118       2457.9833                                                 2457.9833
              1       1204.2192      0.35439678      0.30379908   9.1620697e-05     0.022253218       3.0026277      0.97263704     0.040589174      0.99969507      -24.280118       -24.280118       2456.9987                                                 2456.9987
             10       1203.8303      0.35170834      0.30291217   9.1399027e-05     0.022289612        3.007627       0.9727026     0.042930507      0.99987345      -24.280118       -24.280118       2456.2208                                                 2456.2208
              3       1203.2293      0.35804975      0.30384285   9.1467769e-05     0.022355648         3.01399      0.97273651     0.044783745       1.0008027      -24.280118       -24.280118       2455.0189                                                 2455.0189
              5       1203.2288      0.36121089      0.30390508   9.1492921e-05     0.022355911       3.0137798      0.97278757     0.044686975       1.0008111      -24.280118       -24.280118       2455.0179                                                 2455.0179
              1       1204.9441      0.31312845      0.30527373   9.1388067e-05     0.022453936       3.0238824      0.97441067     0.049230694       1.0000708      -24.280118       -24.280118       2458.4484                                                 2458.4484
              5       1204.9262      0.36860512      0.30716838   9.2018535e-05     0.022450175       3.0259847      0.97471324     0.051043383      0.99955724      -24.280118       -24.280118       2458.4126                                                 2458.4126
              5       1206.0754      0.41270149      0.31016354   9.2854749e-05     0.022427389       3.0321483      0.97288483      0.05246772       1.0005505      -24.280118       -24.280118        2460.711                                                  2460.711
              3       1206.3237      0.42216176      0.31055997   9.3046962e-05     0.022421488       3.0333702      0.97243052     0.052602858       1.0013816      -24.280118       -24.280118       2461.2077                                                 2461.2077
              8       1206.4947      0.43093984      0.31107485   9.2923564e-05     0.022597403       3.0326791      0.97179993     0.052585823       1.0008151      -24.280118       -24.280118       2461.5497                                                 2461.5497
              4       1204.2167      0.39791077      0.30974219   9.2710953e-05     0.022479596       3.0211592      0.97185805     0.047741011       1.0004045      -24.280118       -24.280118       2456.9937                                                 2456.9937
              3       1204.0163      0.41310662      0.30982132   9.2858213e-05     0.022458007       3.0195841      0.97181386     0.047593255       1.0000708      -24.280118       -24.280118       2456.5928                                                 2456.5928
              1       1203.7529      0.34880189      0.31061335   9.2754019e-05     0.022344062       3.0054236      0.96705475     0.040559524       0.9996478      -24.280118       -24.280118        2456.066                                                  2456.066
              3       1203.3135      0.23599664      0.30261462   9.0567961e-05       0.0224536       3.0059912      0.96750032     0.041881106      0.99908143      -24.280118       -24.280118       2455.1872                                                 2455.1872
              6       1203.9492      0.22493459      0.30261567   9.0459816e-05      0.02245489       3.0065095      0.96608406     0.041864341      0.99876982      -24.280118       -24.280118       2456.4587                                                 2456.4587
              3       1203.6115      0.32310324       0.3042412   9.1333391e-05     0.022374112       3.0099227      0.96731711     0.041566316       1.0014145      -24.280118       -24.280118       2455.7832                                                 2455.7832
              1       1203.6385      0.41420066      0.30611715   9.2187616e-05     0.022393751       2.9935113      0.97001638      0.03541374         1.00098      -24.280118       -24.280118       2455.8372                                                 2455.8372
              1       1205.9366      0.28032715      0.30005942   9.0389291e-05      0.02239877       2.9883347       0.9695955     0.033152907        1.001116      -24.280118       -24.280118       2460.4334                                                 2460.4334
              2       1209.0593      0.36715665      0.30518808   9.1681473e-05     0.022384195       2.9781416      0.96603334     0.028740684       1.0002346      -24.280118       -24.280118       2466.6788                                                 2466.6788
              6       1211.2602       0.3040421      0.30508459   9.1511621e-05     0.022249087       2.9810477      0.96685365     0.031352783      0.99943136      -24.280118       -24.280118       2471.0806                                                 2471.0806
              1       1208.4175      0.40029267      0.31025062   9.2988378e-05     0.022246396       2.9732527      0.96801291      0.02768234       0.9986908      -24.280118       -24.280118       2465.3952                                                 2465.3952
              3       1207.8077      0.34977426      0.30575827    9.206371e-05      0.02221703       2.9684865      0.96764858     0.025842963       0.9983903      -24.280118       -24.280118       2464.1756                                                 2464.1756
              3       1207.3174      0.29142854         0.30163   9.0928478e-05     0.022253905       2.9671212      0.96875264     0.024974312      0.99844563      -24.280118       -24.280118       2463.1951                                                 2463.1951
              1        1205.549      0.35508109      0.30154106   9.1045709e-05      0.02236456       2.9814116       0.9715092     0.030906343       1.0000805      -24.280118       -24.280118       2459.6583                                                 2459.6583
              2       1205.4936      0.37099963      0.30215584   9.1262929e-05     0.022356906        2.979747      0.97211224     0.029785661       1.0003893      -24.280118       -24.280118       2459.5475                                                 2459.5475
              1        1205.276      0.38419709       0.3026274   9.1411304e-05     0.022353174       2.9806726      0.97214055     0.030188923       1.0003913      -24.280118       -24.280118       2459.1122                                                 2459.1122
              4       1205.2732       0.4003357      0.30265623   9.1546874e-05     0.022309226       2.9903426      0.97319504     0.034665203       1.0008446      -24.280118       -24.280118       2459.1066                                                 2459.1066
              2       1205.0748      0.42688002      0.30438392   9.1877885e-05      0.02236546       2.9948472      0.97510358     0.034574816       1.0025828      -24.280118       -24.280118       2458.7098                                                 2458.7098
              8       1204.1904      0.47692179      0.30896053   9.3056813e-05     0.022330432       2.9961697      0.97334608     0.035033084       1.0022685      -24.280118       -24.280118        2456.941                                                  2456.941
              3       1201.9868      0.47463237       0.3078726   9.2718095e-05     0.022435916       3.0020973       0.9718851     0.039203476       1.0001242      -24.280118       -24.280118       2452.5338                                                 2452.5338
              3       1201.9706      0.47261046      0.30777584   9.2676367e-05     0.022442226       3.0027734      0.97179279     0.039405017       1.0002196      -24.280118       -24.280118       2452.5015                                                 2452.5015
              6       1202.3988      0.53874436      0.31128931   9.3535908e-05     0.022519197       2.9935904      0.97090062      0.03501798      0.99937534      -24.280118       -24.280118       2453.3579                                                 2453.3579
              3       1202.5133      0.39048153      0.30590032   9.1955666e-05     0.022438489       2.9874982      0.97041364     0.031351868       1.0008096      -24.280118       -24.280118       2453.5869                                                 2453.5869
              2       1202.4449      0.35367181      0.30461148   9.1603598e-05     0.022384605       2.9910519      0.97089503     0.034403286      0.99976786      -24.280118       -24.280118         2453.45                                                   2453.45
              2       1202.4402      0.39888504      0.30460478   9.1820143e-05     0.022423034         2.99798      0.97274377     0.038214766       1.0000174      -24.280118       -24.280118       2453.4406                                                 2453.4406
             10       1205.3885      0.47322053      0.30479017   9.2296992e-05     0.022368878        2.974701      0.97106294     0.027748905      0.99954837      -24.280118       -24.280118       2459.3372                                                 2459.3372
              3       1205.1135      0.47090055      0.30628285   9.2608664e-05     0.022339145       2.9734535      0.97157161     0.025838691       1.0002681      -24.280118       -24.280118       2458.7872                                                 2458.7872
              6       1205.2343      0.44098888       0.3048636   9.2281683e-05     0.022282615       2.9928176      0.97528875     0.038093723      0.99838695      -24.280118       -24.280118       2459.0287                                                 2459.0287
              7       1205.6884       0.4538627      0.30539649   9.2451386e-05     0.022265549       2.9894032      0.97542916      0.03640023      0.99848731      -24.280118       -24.280118        2459.937                                                  2459.937
              1       1205.4096      0.49643064      0.30448563   9.2266321e-05     0.022497503       2.9897005      0.97229255     0.037130914      0.99867824      -24.280118       -24.280118       2459.3795                                                 2459.3795
              4       1205.6419      0.49555908      0.30472758   9.2308115e-05     0.022484933       2.9880538      0.97197724     0.036746568      0.99829198      -24.280118       -24.280118        2459.844                                                  2459.844
              6       1205.8126      0.51908943      0.30759141   9.3068334e-05     0.022406031       2.9812463      0.97159007     0.032080656      0.99928479      -24.280118       -24.280118       2460.1854                                                 2460.1854
              7       1204.6396      0.60112759      0.31035787   9.3835125e-05     0.022499083       2.9905629      0.97036913     0.034268879       1.0010018      -24.280118       -24.280118       2457.8395                                                 2457.8395
              2       1203.6995      0.59817476      0.31096015   9.3958057e-05     0.022481977       3.0027485      0.97042474     0.040557481       1.0006673      -24.280118       -24.280118       2455.9593                                                 2455.9593
              1       1206.4181      0.68021161      0.31178364   9.4588764e-05     0.022446485       3.0086143      0.96920017       0.0423886       1.0022755      -24.280118       -24.280118       2461.3965                                                 2461.3965
             21       1208.2758      0.67270942      0.30955302   9.3989987e-05     0.022516289       3.0159717      0.97019816      0.04420864        1.004648      -24.280118       -24.280118       2465.1119                                                 2465.1119
             12        1207.441      0.65366855      0.30881523   9.3752528e-05     0.022529556       3.0135745      0.97021689     0.043097856       1.0043645      -24.280118       -24.280118       2463.4422                                                 2463.4422
              1       1207.6004      0.64938846      0.30876848   9.3764509e-05     0.022503081       3.0136624      0.97003608     0.042941252       1.0045267      -24.280118       -24.280118       2463.7609                                                 2463.7609
              3        1207.753      0.65627283      0.30902796   9.3865749e-05       0.0225008       3.0119806      0.97010054     0.042254041       1.0044742      -24.280118       -24.280118       2464.0663                                                 2464.0663
              2       1207.5658      0.75746585      0.31059793   9.4556544e-05       0.0225273        3.004091      0.97474413     0.039635272       1.0029281      -24.280118       -24.280118       2463.6918                                                 2463.6918
              2       1208.3737      0.82347197      0.31341187   9.5439896e-05     0.022508675       3.0132587      0.97427815     0.046080235       1.0011652      -24.280118       -24.280118       2465.3076                                                 2465.3076
              5       1208.2145      0.77503176      0.31169214   9.4768938e-05     0.022510559       3.0118007      0.97369654     0.044910057       1.0010328      -24.280118       -24.280118       2464.9893                                                 2464.9893
              1        1208.845      0.76686572      0.31153559   9.4568315e-05     0.022650822       3.0267114      0.97022237     0.049598578       1.0019579      -24.280118       -24.280118       2466.2502                                                 2466.2502
              1        1207.785      0.39572124      0.30381636   9.1594587e-05     0.022484243       3.0349651      0.97201129     0.050638718        1.004005      -24.280118       -24.280118       2464.1303                                                 2464.1303
              1       1207.6406      0.42292123      0.30292527   9.1356244e-05     0.022604574       3.0386379      0.97348125     0.053323226       1.0030696      -24.280118       -24.280118       2463.8414                                                 2463.8414
              1       1206.4613       0.4589104      0.30153751   9.1306178e-05      0.02261669       3.0328728       0.9740636     0.052606506       1.0017974      -24.280118       -24.280118       2461.4828                                                 2461.4828
              4       1206.0169       0.4508683       0.3026225   9.1479124e-05     0.022617589       3.0367439      0.97240001     0.055471404       1.0007699      -24.280118       -24.280118       2460.5941                                                 2460.5941
              2       1203.8346      0.53303808      0.30890107    9.299425e-05     0.022671576       2.9957936      0.97088515     0.035288338       1.0009714      -24.280118       -24.280118       2456.2294                                                 2456.2294
              1       1203.8284      0.53227774      0.30850541   9.3070788e-05     0.022555205        2.986507      0.97228996     0.031539405       1.0010352      -24.280118       -24.280118       2456.2171                                                 2456.2171
              5       1203.6003      0.54513195      0.30608455   9.2635735e-05     0.022573219       3.0102354      0.97588212     0.042975855       1.0019897      -24.280118       -24.280118       2455.7609                                                 2455.7609
              3       1203.8007      0.45588446      0.30286933   9.1579251e-05     0.022519013       3.0070528      0.97416277     0.039329221       1.0030209      -24.280118       -24.280118       2456.1617                                                 2456.1617
              9       1203.8749      0.35829501      0.29963034   9.0459806e-05     0.022541842       3.0105539      0.97444318     0.041504911       1.0027988      -24.280118       -24.280118       2456.3099                                                 2456.3099
              4       1203.4434      0.34554316      0.30241954   9.1127459e-05     0.022455697       3.0180705      0.97319454     0.045568554       1.0018316      -24.280118       -24.280118       2455.4471                                                 2455.4471
             16       1203.7985      0.29304618      0.30254086    9.092951e-05     0.022465654       3.0124277      0.97125722     0.041605339       1.0027459      -24.280118       -24.280118       2456.1572                                                 2456.1572
              1        1203.779      0.27751124      0.30009157   9.0347173e-05     0.022527868        3.001685      0.97261311     0.037827538       1.0014514      -24.280118       -24.280118       2456.1182                                                 2456.1182
              5       1204.0076      0.36944097       0.3054597   9.1807331e-05     0.022457183       2.9847692      0.97236728     0.028018197       1.0022166      -24.280118       -24.280118       2456.5755                                                 2456.5755
              3       1202.4917      0.37193937      0.30458566   9.1449507e-05     0.022528641       3.0001699      0.97194571      0.03784099      0.99933287      -24.280118       -24.280118       2453.5437                                                 2453.5437
              3       1202.4493       0.3712942      0.30468671   9.1414709e-05     0.022550631       3.0009765      0.97281331     0.038667061      0.99920997      -24.280118       -24.280118       2453.4587                                                 2453.4587
             10       1204.1577      0.32505283      0.30176217   9.0873423e-05     0.022414011       3.0201476      0.97519323     0.048616871       1.0008361      -24.280118       -24.280118       2456.8756                                                 2456.8756
              2       1203.1737      0.33458088      0.30307353   9.1145419e-05     0.022432448       3.0146742      0.97384826     0.046505062       1.0000475      -24.280118       -24.280118       2454.9075                                                 2454.9075
              3       1203.1197      0.37798554      0.30276131   9.1189438e-05     0.022518004       3.0215672      0.97452121     0.050196442      0.99977764      -24.280118       -24.280118       2454.7997                                                 2454.7997
              1       1203.3816      0.32762547      0.30100671   9.0609296e-05     0.022535871       3.0232751      0.97325383     0.051613735      0.99905224      -24.280118       -24.280118       2455.3234                                                 2455.3234
              2        1203.124      0.33079929      0.30140334   9.0806978e-05     0.022457636       2.9844381      0.96998416     0.033296605      0.99778598      -24.280118       -24.280118       2454.8083                                                 2454.8083
             10       1203.0127      0.33134249      0.30190201   9.0895828e-05     0.022449586       2.9847074      0.96972392     0.033466106       0.9975651      -24.280118       -24.280118       2454.5857                                                 2454.5857
              6       1202.4039      0.31215503      0.30390002   9.1070904e-05     0.022476187       2.9921326      0.96944679     0.034798965      0.99875715      -24.280118       -24.280118       2453.3681                                                 2453.3681
              2       1202.6485       0.3619023      0.30364293   9.1335885e-05     0.022481625       2.9806491      0.97061782     0.030403718      0.99823609      -24.280118       -24.280118       2453.8572                                                 2453.8572
              6        1203.592      0.33481361      0.30297422   9.1132194e-05        0.022424       2.9754793      0.96967803     0.028982161      0.99733248      -24.280118       -24.280118       2455.7442                                                 2455.7442
              1       1203.8795      0.44462391      0.30549589   9.1863935e-05     0.022580763       2.9844809      0.96823363     0.032103143      0.99857361      -24.280118       -24.280118       2456.3193                                                 2456.3193
              1       1204.5396      0.51833042      0.30853309   9.2873331e-05     0.022496742       2.9835687      0.96961921     0.029571752       1.0011261      -24.280118       -24.280118       2457.6394                                                 2457.6394
              1       1204.8754      0.51914073      0.30683224   9.2456316e-05     0.022576603       2.9822049      0.97203965     0.028796118       1.0014371      -24.280118       -24.280118       2458.3111                                                 2458.3111
              1       1203.9818      0.54264972      0.31219927   9.3587236e-05     0.022585952       2.9911574      0.97123986     0.031228104       1.0020159      -24.280118       -24.280118       2456.5237                                                 2456.5237
              3        1204.662      0.57637785      0.31231421   9.3716552e-05     0.022623954       2.9932499      0.97178246     0.031837922       1.0026032      -24.280118       -24.280118       2457.8842                                                 2457.8842
              2       1205.4202      0.51299353      0.30865161   9.2574732e-05     0.022671614       2.9876541      0.97296462     0.030484896       1.0011565      -24.280118       -24.280118       2459.4006                                                 2459.4006
              4       1205.2117      0.36370769      0.30215395   9.0665225e-05     0.022658738        2.995652      0.97148774     0.032967899       1.0023673      -24.280118       -24.280118       2458.9836                                                 2458.9836
              2       1205.2397      0.35789737      0.30187667   9.0583234e-05     0.022664093       2.9952632      0.97148898     0.032825469       1.0022971      -24.280118       -24.280118       2459.0396                                                 2459.0396
              6       1206.2168      0.34357349      0.30196315   9.0612144e-05     0.022585735       2.9987656      0.96902671     0.033074644         1.00262      -24.280118       -24.280118       2460.9938                                                 2460.9938
              2       1207.3285      0.42403734      0.30810438   9.2187088e-05     0.022558926       2.9926756      0.97051951     0.027878992       1.0042081      -24.280118       -24.280118       2463.2173                                                 2463.2173
              5       1206.1564      0.57297785       0.3151668   9.4436316e-05     0.022501116       2.9577849      0.96736098     0.016390044      0.99888879      -24.280118       -24.280118       2460.8731                                                 2460.8731
              3       1206.2217      0.57798525      0.31523632   9.4467795e-05      0.02250395       2.9583868      0.96740414     0.016706362      0.99887372      -24.280118       -24.280118       2461.0037                                                 2461.0037
              4       1207.7081      0.61095564      0.31861179    9.540793e-05     0.022429184       2.9590469      0.96473828     0.017222119      0.99847944      -24.280118       -24.280118       2463.9763                                                 2463.9763
              1       1207.7421      0.61330054      0.31871161   9.5436196e-05     0.022430798       2.9590701      0.96475822     0.017247763      0.99847423      -24.280118       -24.280118       2464.0445                                                 2464.0445
              1       1208.1747      0.56598291      0.31439747   9.3909177e-05     0.022775167       2.9999102      0.96601392      0.03842991       0.9967978      -24.280118       -24.280118       2464.9096                                                 2464.9096
              4       1208.6248      0.60879452      0.31350381   9.3877635e-05     0.022767744       2.9919878      0.96766456     0.038783885      0.99395254      -24.280118       -24.280118       2465.8098                                                 2465.8098
              5       1207.0271       0.3180165      0.29822821   8.9804915e-05     0.022681339       3.0049196      0.97018756     0.046952182      0.99310217      -24.280118       -24.280118       2462.6144                                                 2462.6144
              2       1204.6082      0.37842867      0.30440061   9.1610844e-05     0.022411796       2.9942521      0.96977641     0.041497411      0.99358423      -24.280118       -24.280118       2457.7767                                                 2457.7767
              5       1205.0523      0.35718087      0.30358771   9.1362797e-05     0.022403657        2.993526       0.9700771     0.041775537      0.99314553      -24.280118       -24.280118       2458.6648                                                 2458.6648
              3       1204.7487      0.36067811      0.30371428    9.142262e-05     0.022401744       2.9936718       0.9704146     0.041734377      0.99337675      -24.280118       -24.280118       2458.0576                                                 2458.0576
              6       1204.7708      0.36243106       0.3028542   9.1208044e-05     0.022432094       2.9948369      0.97115579     0.042586203      0.99347081      -24.280118       -24.280118       2458.1019                                                 2458.1019
              2        1204.811      0.33033819      0.30123307   9.0715594e-05     0.022457597       2.9980766      0.97249626     0.044166286      0.99379057      -24.280118       -24.280118       2458.1823                                                 2458.1823
              1       1204.3751      0.26866833      0.30110594   9.0458165e-05      0.02235806       2.9926272      0.97258936     0.036219293       0.9980751      -24.280118       -24.280118       2457.3105                                                 2457.3105
              7       1204.2687      0.24225326      0.30052727   9.0270707e-05     0.022343059       2.9964762      0.97228769     0.037865759       0.9982832      -24.280118       -24.280118       2457.0976                                                 2457.0976
              8       1203.4671      0.24005581      0.30179896   9.0537483e-05     0.022354153        2.996837      0.97136543     0.038248612       0.9977011      -24.280118       -24.280118       2455.4945                                                 2455.4945
              1       1203.4752      0.27919754      0.30330288   9.1067495e-05     0.022313937       2.9910265      0.97066711     0.035184314      0.99797721      -24.280118       -24.280118       2455.5106                                                 2455.5106
              9       1202.9475      0.37911485      0.30678066   9.2193641e-05     0.022331071       2.9997402       0.9716499     0.038772196      0.99885421      -24.280118       -24.280118       2454.4553                                                 2454.4553
              1       1202.9266      0.41630406      0.30801033   9.2595129e-05     0.022310749       2.9935687      0.97102269     0.036713711      0.99838336      -24.280118       -24.280118       2454.4135                                                 2454.4135
              3       1202.8901      0.41305112      0.30780632   9.2537414e-05     0.022313506       2.9940206      0.97110128     0.037047351      0.99829784      -24.280118       -24.280118       2454.3404                                                 2454.3404
              4       1203.0818      0.38478767      0.30729819   9.2281941e-05     0.022314162       2.9924249       0.9707254     0.036329533      0.99783583      -24.280118       -24.280118       2454.7239                                                 2454.7239
              3       1203.1532      0.40040543      0.30737851   9.2380058e-05     0.022309327       2.9926869      0.97045048     0.036580802      0.99775579      -24.280118       -24.280118       2454.8667                                                 2454.8667
              1       1203.0319      0.38752514      0.30781612   9.2373609e-05     0.022318324       2.9918711      0.96981962     0.035567356      0.99809094      -24.280118       -24.280118        2454.624                                                  2454.624
              4       1203.5212      0.39882761        0.308962   9.2613848e-05     0.022403856       2.9967339      0.97388935     0.038682187      0.99751873      -24.280118       -24.280118       2455.6027                                                 2455.6027
              1       1203.5567      0.41188908      0.30949108   9.2777197e-05     0.022403379       2.9951568      0.97377913     0.038125266      0.99735811      -24.280118       -24.280118       2455.6737                                                 2455.6737
             10       1203.0738      0.51113612      0.30971398   9.3243841e-05     0.022486605       3.0030081       0.9751535     0.040396413      0.99991749      -24.280118       -24.280118       2454.7079                                                 2454.7079
              2       1203.3765       0.5564608      0.31250009   9.4094949e-05     0.022386843       3.0050296      0.97396671     0.041129351       1.0004803      -24.280118       -24.280118       2455.3133                                                 2455.3133
              7       1204.1168      0.66899253       0.3138852     9.48765e-05     0.022417208         3.00313      0.97513996     0.041969711      0.99933308      -24.280118       -24.280118       2456.7939                                                 2456.7939
              6       1204.7366      0.68924769      0.31294598   9.4810402e-05     0.022419757       3.0150473      0.97610025      0.04715626       1.0001008      -24.280118       -24.280118       2458.0335                                                 2458.0335
              6       1204.4333      0.53102847      0.30857835   9.3259951e-05     0.022364946       3.0139664      0.97570288     0.045362867       1.0004476      -24.280118       -24.280118       2457.4269                                                 2457.4269
              2       1207.3749      0.45698492      0.30592347   9.2540943e-05     0.022301263       3.0276574      0.97772421     0.053495641      0.99988892      -24.280118       -24.280118       2463.3101                                                 2463.3101
              1       1207.5783      0.51132589      0.30922883   9.3445247e-05     0.022295745       3.0293789      0.97673847     0.054673502      0.99919724      -24.280118       -24.280118       2463.7168                                                 2463.7168
              2       1207.2049      0.52663159      0.31242642   9.4045328e-05     0.022182357       3.0108953       0.9709253     0.043698606      0.99956878      -24.280118       -24.280118         2462.97                                                   2462.97
              2       1206.5279      0.51876618      0.31224752   9.3798427e-05     0.022284581       3.0134744      0.97129157     0.043523255       1.0001589      -24.280118       -24.280118        2461.616                                                  2461.616
              1       1207.4174      0.53044198      0.31403851   9.4208457e-05     0.022253582        3.014189      0.97167225      0.04339336       1.0007148      -24.280118       -24.280118       2463.3951                                                 2463.3951
              3       1205.9679      0.50973092      0.31337057   9.3906048e-05      0.02231473       3.0207958      0.96989399     0.046773148       1.0006587      -24.280118       -24.280118       2460.4961                                                 2460.4961
              1       1205.9875       0.5057557      0.31325572   9.3854867e-05     0.022320662       3.0213703      0.97009664     0.046989572       1.0006926      -24.280118       -24.280118       2460.5353                                                 2460.5353
              2       1206.4174      0.47900998      0.31431081   9.4036589e-05     0.022256814       3.0154682      0.96961547     0.043182778       1.0013499      -24.280118       -24.280118       2461.3951                                                 2461.3951
              1       1206.9969      0.51094457      0.31584795   9.4466228e-05      0.02227076       3.0163578      0.96914641      0.04345262       1.0010877      -24.280118       -24.280118       2462.5541                                                 2462.5541
              6       1204.4534      0.44811324      0.31520202   9.4002121e-05     0.022355554       2.9930495      0.96704229     0.035801855      0.99714265      -24.280118       -24.280118       2457.4671                                                 2457.4671
              1       1205.5486      0.45276806      0.31478478   9.3869183e-05     0.022449793       2.9941984      0.96496425     0.038390367      0.99502577      -24.280118       -24.280118       2459.6573                                                 2459.6573
              2       1205.1511      0.44882796      0.31398719   9.3656612e-05     0.022468156       2.9939821      0.96471668     0.038039369        0.995398      -24.280118       -24.280118       2458.8624                                                 2458.8624
              5       1205.2482      0.47759149      0.31480792   9.3959981e-05     0.022461256       2.9939878      0.96449388     0.037918283      0.99554617      -24.280118       -24.280118       2459.0566                                                 2459.0566
              1        1205.351      0.45810698      0.31459595    9.384601e-05      0.02244621       2.9926397       0.9644569     0.037417964      0.99535829      -24.280118       -24.280118       2459.2622                                                 2459.2622
              1       1206.6974       0.1894752      0.30183111   9.0000105e-05     0.022547834       3.0069848      0.96472692     0.044674531      0.99504406      -24.280118       -24.280118        2461.955                                                  2461.955
              4       1206.1389      0.17610819      0.30098467   8.9817175e-05     0.022531219       2.9986707      0.96435319     0.040208238      0.99547071      -24.280118       -24.280118       2460.8381                                                 2460.8381
              6       1205.9791      0.18146042      0.30170581   8.9999707e-05     0.022507026       3.0009823      0.96456162     0.041396872      0.99553664      -24.280118       -24.280118       2460.5184                                                 2460.5184
              1       1205.7739      0.20669453       0.3015135   9.0072217e-05     0.022498138       2.9993682      0.96451544     0.040440784      0.99598609      -24.280118       -24.280118        2460.108                                                  2460.108
             21       1204.8704      0.26352333      0.30200576   9.0448908e-05     0.022517553       3.0081241      0.96481579     0.044697016      0.99653056      -24.280118       -24.280118        2458.301                                                  2458.301
              2        1204.872      0.26296269      0.30157546   9.0361878e-05     0.022519012       3.0040768      0.96487296     0.042942262       0.9963513      -24.280118       -24.280118       2458.3043                                                 2458.3043
              3       1203.8499      0.29186045      0.30227271   9.0684196e-05     0.022477978       3.0048995      0.96598222     0.043160298      0.99696696      -24.280118       -24.280118         2456.26                                                   2456.26
              6       1206.1859      0.26828464      0.30034377   9.0292333e-05     0.022451465       3.0239999       0.9654171     0.052330964      0.99800584      -24.280118       -24.280118       2460.9321                                                 2460.9321
              2       1206.6729      0.29939535      0.30163489   9.0719892e-05     0.022467311        3.030836      0.96551677     0.055573558       0.9981935      -24.280118       -24.280118       2461.9061                                                 2461.9061
              2       1207.1141      0.16047745      0.29888182    8.960276e-05     0.022441136       3.0266785      0.96421149     0.051324115      0.99966094      -24.280118       -24.280118       2462.7885                                                 2462.7885
              1       1206.4843      0.15659671      0.29998393   8.9846269e-05     0.022400292       3.0232155      0.96448476     0.049930237      0.99937327      -24.280118       -24.280118       2461.5289                                                 2461.5289
              1       1206.0862      0.14140458       0.2994016   8.9518423e-05     0.022505796       3.0188239      0.96468236     0.048585497      0.99804352      -24.280118       -24.280118       2460.7327                                                 2460.7327
              2       1203.9496      0.32612832      0.30162294     9.06559e-05     0.022628739       3.0217036      0.97026549     0.047042775       1.0020606      -24.280118       -24.280118       2456.4594                                                 2456.4594
              2       1204.2595      0.27591034       0.3000562    9.006256e-05      0.02261757       3.0218895      0.97124894     0.046147491       1.0025876      -24.280118       -24.280118       2457.0793                                                 2457.0793
              2       1203.2559      0.48106905       0.3051452   9.2223164e-05     0.022438124       2.9931906      0.97247204      0.03431811       1.0011082      -24.280118       -24.280118       2455.0721                                                 2455.0721
              9       1202.9191      0.46256932      0.30546602    9.222264e-05     0.022409961       2.9919022      0.97298919     0.034883644       1.0000719      -24.280118       -24.280118       2454.3984                                                 2454.3984
              1       1204.2541      0.39767462      0.30162927   9.1064605e-05     0.022465683       2.9962955      0.97448409      0.03490893       1.0019147      -24.280118       -24.280118       2457.0684                                                 2457.0684
              4       1205.4285      0.46088462      0.30365746   9.1770499e-05     0.022503491       2.9941165      0.97364349      0.03227251       1.0025712      -24.280118       -24.280118       2459.4172                                                 2459.4172
              5       1204.4817      0.54575695      0.30605188   9.2594019e-05     0.022523112        3.001414      0.97413209     0.037040568       1.0018391      -24.280118       -24.280118       2457.5236                                                 2457.5236
              1       1203.8107      0.46239623      0.30237909   9.1644048e-05     0.022476933       2.9987554      0.97305925     0.037998602       1.0002854      -24.280118       -24.280118       2456.1816                                                 2456.1816
              7       1203.7633       0.4884135      0.30322656   9.1869464e-05     0.022520619       3.0008184      0.97232285     0.038557717       1.0003752      -24.280118       -24.280118       2456.0867                                                 2456.0867
              3       1202.9376      0.47951903      0.30887156   9.2970826e-05     0.022491678       3.0104597      0.96858718     0.045948077      0.99770002      -24.280118       -24.280118       2454.4355                                                 2454.4355
              6       1203.2013      0.45055604      0.30809154     9.27064e-05     0.022480269       3.0021548      0.96846684     0.042975423      0.99646835      -24.280118       -24.280118       2454.9629                                                 2454.9629
              4       1203.2952      0.43461373      0.30819018   9.2670293e-05     0.022457871        2.997496      0.96780834     0.040532801      0.99660974      -24.280118       -24.280118       2455.1507                                                 2455.1507
              1       1203.3431      0.44395481      0.30851669   9.2772341e-05     0.022463419       2.9972549      0.96772327     0.040344713      0.99666674      -24.280118       -24.280118       2455.2464                                                 2455.2464
              5       1203.5847      0.46325531      0.30890691   9.2912395e-05     0.022473831       2.9916069      0.96826799     0.038386748      0.99591772      -24.280118       -24.280118       2455.7296                                                 2455.7296
              2       1202.4206      0.38591295      0.30680407    9.216585e-05     0.022443843       2.9969894      0.96867863     0.039091784       0.9976917      -24.280118       -24.280118       2453.4015                                                 2453.4015
              2       1202.4774      0.50430108       0.3098118   9.3289089e-05     0.022468139       3.0010568      0.97039325     0.039316857      0.99930674      -24.280118       -24.280118        2453.515                                                  2453.515
              1       1203.5231      0.59995674      0.31647879   9.4900037e-05     0.022485254       3.0000112      0.96827425      0.03726286       1.0001549      -24.280118       -24.280118       2455.6065                                                 2455.6065
              5       1204.5616      0.65463021      0.31710501   9.5276366e-05     0.022490788        3.025324        0.969867     0.050388626       1.0002112      -24.280118       -24.280118       2457.6834                                                 2457.6834
              2       1204.3946      0.64974757      0.31695516   9.5212797e-05     0.022492567       3.0242524      0.96982101     0.049940413       1.0001488      -24.280118       -24.280118       2457.3494                                                 2457.3494
             15       1204.1865      0.63820258      0.31652558   9.5074944e-05     0.022497024       3.0238012      0.96999697     0.050226122      0.99965365      -24.280118       -24.280118       2456.9332                                                 2456.9332
              1        1203.904      0.61824487      0.31504758   9.4675552e-05     0.022493448       3.0243412      0.96971557     0.049650419       1.0004813      -24.280118       -24.280118       2456.3682                                                 2456.3682
              1       1204.1828      0.68909487      0.31514265   9.4901771e-05     0.022581014       3.0081443      0.97250809     0.041588655       1.0011763      -24.280118       -24.280118       2456.9257                                                 2456.9257
              1         1203.28      0.61323243      0.31389484   9.4420021e-05     0.022505729       2.9977603      0.97151118     0.037121594       1.0006007      -24.280118       -24.280118       2455.1203                                                 2455.1203
              2       1202.8275      0.61108008      0.31310789    9.421372e-05     0.022556944       3.0002882      0.97125659     0.039382618      0.99950586      -24.280118       -24.280118       2454.2152                                                 2454.2152
              1       1203.3631      0.57007562      0.30518776   9.2500868e-05     0.022595159       3.0110546      0.97559413     0.044008177       1.0012101      -24.280118       -24.280118       2455.2865                                                 2455.2865
              2        1204.364      0.46731477      0.30283289   9.1525447e-05     0.022653996       3.0098614      0.97718859     0.042366982       1.0018097      -24.280118       -24.280118       2457.2883                                                 2457.2883
              1       1204.5512      0.47821699      0.30315816   9.1645642e-05     0.022656761       3.0128539      0.97729115     0.043634687        1.002093      -24.280118       -24.280118       2457.6627                                                 2457.6627
              4       1205.4053      0.40118817      0.30405051   9.1518707e-05     0.022572314        3.021568      0.97506578     0.045558644       1.0025841      -24.280118       -24.280118       2459.3709                                                 2459.3709
              1       1204.3291      0.37987211      0.30401407   9.1463215e-05     0.022515361       3.0152035      0.97562126      0.04419603       1.0010198      -24.280118       -24.280118       2457.2184                                                 2457.2184
              5       1204.4986       0.3942893      0.30355565   9.1470093e-05     0.022497547       3.0150531      0.97608861     0.044088527       1.0013472      -24.280118       -24.280118       2457.5575                                                 2457.5575
              1       1203.2873      0.32569927      0.30240567   9.0986999e-05     0.022462886       2.9927804      0.97370411     0.036103874      0.99806981      -24.280118       -24.280118       2455.1349                                                 2455.1349
              1       1203.8944      0.34542477      0.30215627    9.102343e-05     0.022459105       2.9894992      0.97444357     0.034237936      0.99837243      -24.280118       -24.280118       2456.3491                                                 2456.3491
              8       1203.5249      0.38910533      0.30374481   9.1554817e-05     0.022434529       2.9906956        0.973749     0.034973546      0.99829906      -24.280118       -24.280118       2455.6099                                                 2455.6099
              2       1203.7488      0.43362348      0.30579748   9.2161194e-05     0.022447737       2.9930097      0.97383776     0.034601291      0.99962832      -24.280118       -24.280118       2456.0578                                                 2456.0578
              1       1203.7614      0.41474436      0.30679829   9.2272051e-05     0.022424077       2.9906381      0.97342565     0.033468452       0.9992764      -24.280118       -24.280118       2456.0831                                                 2456.0831
             14       1202.5222      0.40102864      0.30811337   9.2320982e-05     0.022485263       3.0029435      0.96890613     0.038596072      0.99942212      -24.280118       -24.280118       2453.6046                                                 2453.6046
             13       1202.7759      0.39769267      0.30799442   9.2273594e-05      0.02250581       3.0042316      0.96882326     0.038882968       0.9996584      -24.280118       -24.280118       2454.1121                                                 2454.1121
              1       1206.3106      0.38051545      0.30705055   9.1955381e-05     0.022598924       3.0210599      0.97217466     0.046172627       1.0002586      -24.280118       -24.280118       2461.1814                                                 2461.1814
              7       1207.5098      0.21743618      0.30541856   9.1064675e-05     0.022504954       3.0134707      0.96883183     0.041899275      0.99995968      -24.280118       -24.280118       2463.5799                                                 2463.5799
              4       1207.7567      0.20712993      0.30535058   9.1024677e-05     0.022491606       3.0149494      0.96883295     0.042459936       1.0001371      -24.280118       -24.280118       2464.0736                                                 2464.0736
              1       1206.4824      0.24972861      0.30358971   9.0987756e-05     0.022353745       3.0090369      0.96828587     0.037454058        1.003157      -24.280118       -24.280118       2461.5251                                                 2461.5251
              2       1206.6828      0.24744936      0.30259994   9.0614782e-05     0.022475113       3.0107279      0.96895912     0.036352734       1.0054435      -24.280118       -24.280118       2461.9258                                                 2461.9258
              2       1207.0138      0.25822763      0.30367341   9.0883337e-05     0.022472254       3.0087532      0.96793711      0.03502867       1.0055903      -24.280118       -24.280118       2462.5878                                                 2462.5878
              1       1207.3822      0.18270884       0.3003197   8.9924523e-05     0.022460806       2.9985971      0.97118225     0.030538988       1.0054721      -24.280118       -24.280118       2463.3247                                                 2463.3247
              3       1208.3416      0.14891595      0.29779987   8.9100937e-05     0.022620152       3.0198443      0.97291652     0.041802077        1.005088      -24.280118       -24.280118       2465.2434                                                 2465.2434
              1       1207.6482      0.18999515      0.29814121    8.927784e-05     0.022669442       3.0129237      0.97277998     0.038770099       1.0049631      -24.280118       -24.280118       2463.8567                                                 2463.8567
              2       1205.5375      0.16064923      0.29401718   8.8359889e-05     0.022696403       3.0088975      0.97284934     0.042057901       1.0001966      -24.280118       -24.280118       2459.6352                                                 2459.6352
              3       1204.7595      0.26888092       0.2958302   8.9099278e-05     0.022715224       3.0040041      0.97208315       0.0409188      0.99895387      -24.280118       -24.280118       2458.0793                                                 2458.0793
              3       1204.2838      0.33928843      0.29863472    9.011494e-05     0.022653546       2.9855735      0.97086424     0.031701873      0.99963293      -24.280118       -24.280118       2457.1279                                                 2457.1279
              3       1204.2704      0.33531876      0.29867256   9.0109125e-05     0.022653198       2.9861622      0.97045628      0.03208849      0.99949264      -24.280118       -24.280118       2457.1011                                                 2457.1011
              5       1204.4242      0.37190646      0.30466957   9.1827543e-05     0.022423585       2.9965539      0.97043996     0.034862083       1.0021032      -24.280118       -24.280118       2457.4086                                                 2457.4086
              1        1204.344      0.44462052      0.30700823   9.2579722e-05     0.022482669       3.0035515      0.97111077     0.040359174        1.000322      -24.280118       -24.280118       2457.2482                                                 2457.2482
              3       1204.1522      0.45339345      0.30728918   9.2667634e-05     0.022481773       3.0044455      0.97119308     0.040709903       1.0003429      -24.280118       -24.280118       2456.8647                                                 2456.8647
             14       1204.6574      0.55588321      0.30967488   9.3546941e-05     0.022460416       2.9907503       0.9698324     0.031641452       1.0027384      -24.280118       -24.280118       2457.8751                                                 2457.8751
              1       1203.5774      0.34356673      0.30279689     9.10401e-05     0.022534499       2.9921823      0.97109791     0.031179712       1.0023437      -24.280118       -24.280118        2455.715                                                  2455.715
              1       1204.9587      0.26657079      0.29748955   8.9766204e-05     0.022489063       2.9862924      0.97342146     0.029596701       1.0022573      -24.280118       -24.280118       2458.4776                                                 2458.4776
              1       1204.8725      0.24492916      0.29679169   8.9541204e-05      0.02248212       2.9914997      0.97325254     0.032124172       1.0023437      -24.280118       -24.280118       2458.3051                                                 2458.3051
              8       1205.7851      0.17055224      0.29637804   8.9354249e-05     0.022376377       2.9870946      0.97194637       0.0310914       1.0005959      -24.280118       -24.280118       2460.1304                                                 2460.1304
              4       1206.6632      0.29156227      0.30314371    9.136806e-05     0.022267878       3.0217272      0.97331502     0.050091841       1.0000073      -24.280118       -24.280118       2461.8867                                                 2461.8867
              1       1206.3573      0.42618499      0.31011514   9.3383797e-05     0.022182325       2.9963011      0.97112482     0.038269562      0.99965447      -24.280118       -24.280118       2461.2749                                                 2461.2749
              1       1206.3286      0.42880985      0.31022004   9.3411192e-05       0.0221832       2.9965627      0.97109264     0.038344505      0.99970651      -24.280118       -24.280118       2461.2174                                                 2461.2174
              1       1204.3333      0.44516936       0.3099477   9.3269978e-05     0.022295392       2.9974545       0.9722791     0.039164828      0.99905406      -24.280118       -24.280118       2457.2268                                                 2457.2268
              6       1207.3701      0.78738567      0.31984358   9.6736316e-05     0.022383322        3.025209      0.97147417     0.053028043      0.99850864      -24.280118       -24.280118       2463.3004                                                 2463.3004
              4       1207.7314       0.7852363      0.31994516   9.6795937e-05     0.022376059       3.0246205      0.97237655     0.053302901      0.99805553      -24.280118       -24.280118       2464.0231                                                 2464.0231
              5       1207.4249      0.71146947      0.31753743   9.5940054e-05     0.022405621       3.0297248      0.97266042     0.056626056      0.99747717      -24.280118       -24.280118       2463.4101                                                 2463.4101
              1       1207.6314      0.60098362      0.31223359   9.4486389e-05     0.022272255       3.0268112      0.97443425     0.056438178      0.99674603      -24.280118       -24.280118        2463.823                                                  2463.823
              2       1205.6985      0.53999583      0.31132495   9.4050979e-05     0.022246993       3.0151493      0.97288668     0.049663192      0.99761054      -24.280118       -24.280118       2459.9573                                                 2459.9573
              2       1205.6007      0.53562469      0.31102069   9.3964249e-05      0.02225358       3.0155986      0.97289023     0.049892143      0.99760672      -24.280118       -24.280118       2459.7617                                                 2459.7617
              2       1205.1707        0.630734      0.31211958   9.4503046e-05     0.022328692       2.9982024      0.97254686     0.042436102      0.99618378      -24.280118       -24.280118       2458.9017                                                 2458.9017
              1       1204.7927      0.62772445      0.31172155   9.4402928e-05     0.022350238        3.002114      0.97301136      0.04439156      0.99635283      -24.280118       -24.280118       2458.1456                                                 2458.1456
              3       1204.7842      0.62771052      0.31177818   9.4413764e-05     0.022350914        3.001762      0.97292769      0.04420003      0.99635957      -24.280118       -24.280118       2458.1287                                                 2458.1287
              4       1203.9096      0.63902181      0.31128381    9.422045e-05     0.022422279       2.9991688      0.97486121     0.040455256      0.99850609      -24.280118       -24.280118       2456.3795                                                 2456.3795
              1       1205.5027      0.69636935      0.31337726   9.4845977e-05      0.02241014       2.9923555      0.97360974     0.037402713      0.99826864      -24.280118       -24.280118       2459.5657                                                 2459.5657
              1       1205.5619      0.67616695       0.3164725   9.5335252e-05     0.022416616       2.9930492      0.97072722     0.040355381      0.99499729      -24.280118       -24.280118       2459.6841                                                 2459.6841
              6       1204.3965      0.58439914      0.31396884   9.4432929e-05     0.022390445       2.9967235      0.96976785     0.041863822       0.9951279      -24.280118       -24.280118       2457.3531                                                 2457.3531
              5       1204.6973      0.35555195      0.30254661   9.1292929e-05     0.022338031        3.001018      0.97006701      0.04469702      0.99545726      -24.280118       -24.280118       2457.9549                                                 2457.9549
              2       1206.3937       0.1268249      0.30076735   8.9953526e-05     0.022272204       2.9861592       0.9661622     0.035737466      0.99496692      -24.280118       -24.280118       2461.3475                                                 2461.3475
              4       1206.9446      0.16172196      0.29807552    8.949097e-05     0.022305949       2.9686578      0.97169419     0.023732783      0.99845279      -24.280118       -24.280118       2462.4495                                                 2462.4495
              4       1206.9592      0.18787122      0.29618462   8.9216188e-05     0.022445304       2.9584688      0.97402774     0.019938474      0.99785778      -24.280118       -24.280118       2462.4787                                                 2462.4787
              1       1207.2134       0.3015008      0.30000188   9.0531279e-05     0.022417142       2.9550944       0.9740218      0.01876916       0.9972351      -24.280118       -24.280118       2462.9871                                                 2462.9871
              3       1207.0254      0.31229039      0.29958302    9.047358e-05     0.022434803       2.9608893      0.97375467     0.021356573      0.99732052      -24.280118       -24.280118        2462.611                                                  2462.611
              2        1206.352      0.41652954      0.30362827   9.1469137e-05     0.022595219       2.9717065       0.9750516     0.023930059      0.99924232      -24.280118       -24.280118       2461.2642                                                 2461.2642
              2       1206.6923      0.46297994      0.30295069   9.1458848e-05     0.022612855       2.9704488      0.97609049     0.023715241      0.99949653      -24.280118       -24.280118       2461.9448                                                 2461.9448
              4       1206.4873      0.36866058      0.29725389   9.0011381e-05     0.022616699       3.0114682      0.98004367     0.044243412       1.0011473      -24.280118       -24.280118       2461.5347                                                 2461.5347
              5        1206.461      0.35896915      0.29693429   8.9916549e-05     0.022614184       3.0111206      0.97987516     0.044138957        1.001104      -24.280118       -24.280118       2461.4822                                                 2461.4822
              2       1206.4255      0.34214025      0.29644351   8.9740378e-05     0.022617958       3.0114482      0.97971849     0.044397806       1.0010273      -24.280118       -24.280118       2461.4113                                                 2461.4113
              1       1206.5491      0.31097021       0.2953602   8.9315212e-05     0.022633155       3.0030173      0.97869447     0.039936404       1.0008956      -24.280118       -24.280118       2461.6585                                                 2461.6585
              1       1206.6987      0.33888072      0.29460202   8.9318304e-05     0.022666391        3.002805      0.97802764     0.039580292       1.0014604      -24.280118       -24.280118       2461.9577                                                 2461.9577
              2       1205.2757      0.40029569      0.29841908   9.0310786e-05      0.02264016       3.0125292      0.97611795      0.04221107       1.0033778      -24.280118       -24.280118       2459.1117                                                 2459.1117
              1       1204.4958      0.38865082      0.29974037   9.0538851e-05     0.022628535       3.0087242      0.97496703     0.039934969       1.0033216      -24.280118       -24.280118       2457.5518                                                 2457.5518
              5       1204.2563      0.31265897      0.29859516   9.0192137e-05     0.022458307       3.0028758      0.97371767     0.037978676       1.0027024      -24.280118       -24.280118       2457.0729                                                 2457.0729
             10       1204.2832      0.30695236      0.29854816   9.0159552e-05     0.022458811       3.0014705      0.97355018     0.037172448       1.0027539      -24.280118       -24.280118       2457.1267                                                 2457.1267
              2       1204.8946      0.24599529      0.29675252   8.9515836e-05     0.022490011       2.9971128      0.97312667     0.034641573       1.0029779      -24.280118       -24.280118       2458.3493                                                 2458.3493
             10       1207.0095      0.22238371      0.29790216    8.954611e-05     0.022487299       2.9991181      0.97312059     0.042307022      0.99747435      -24.280118       -24.280118       2462.5792                                                 2462.5792
              3       1206.6705       0.4871224      0.31139982   9.3127205e-05     0.022523702       2.9697579       0.9653909      0.02460044      0.99686659      -24.280118       -24.280118       2461.9013                                                 2461.9013
              3       1206.8151      0.43450045      0.30915997    9.247827e-05     0.022477472       2.9700407      0.96536635     0.023813631      0.99779018      -24.280118       -24.280118       2462.1905                                                 2462.1905
              1       1207.4373      0.43973844      0.30882075    9.236407e-05     0.022511093       2.9740209      0.96598296     0.026709553      0.99680726      -24.280118       -24.280118       2463.4349                                                 2463.4349
              7       1206.0599       0.3353998       0.2990892   8.9995472e-05     0.022597653       2.9913151      0.97006353      0.03465463      0.99856221      -24.280118       -24.280118       2460.6801                                                 2460.6801
              5       1205.0256      0.47578876      0.30198314   9.1389583e-05     0.022607586       2.9769053      0.97221563     0.029103795      0.99802889      -24.280118       -24.280118       2458.6113                                                 2458.6113
              7       1204.5203      0.35359567      0.29909904   9.0305982e-05     0.022597902       2.9768783       0.9728731     0.028657605      0.99841747      -24.280118       -24.280118       2457.6008                                                 2457.6008
              9       1204.6513      0.32185514      0.29838381   8.9969805e-05     0.022609384        2.976646      0.97228798     0.028703603      0.99805787      -24.280118       -24.280118       2457.8628                                                 2457.8628
              1       1205.6495      0.40239431       0.3035285   9.1427122e-05     0.022492351       2.9633851      0.97212313     0.022134486      0.99704111      -24.280118       -24.280118       2459.8593                                                 2459.8593
              1       1206.0792      0.39239814      0.30310729   9.1289739e-05     0.022503161       2.9597347        0.971701     0.020959667      0.99639049      -24.280118       -24.280118       2460.7186                                                 2460.7186
              2        1205.189      0.47270481       0.3085451   9.2805812e-05      0.02246683       2.9628962      0.97049793     0.023326097      0.99569375      -24.280118       -24.280118       2458.9383                                                 2458.9383
              5       1204.3963      0.43663082      0.30751775   9.2385851e-05     0.022488578       2.9672146      0.96970749      0.02497013      0.99596938      -24.280118       -24.280118       2457.3528                                                 2457.3528
              3       1206.0729      0.54151437      0.31129836    9.345671e-05     0.022644186       2.9630458      0.96913441     0.022459969      0.99644482      -24.280118       -24.280118       2460.7061                                                 2460.7061
              4       1205.7279      0.62016561      0.31565234   9.4726538e-05     0.022571046       2.9635372      0.96953515     0.020412219      0.99899553      -24.280118       -24.280118       2460.0161                                                 2460.0161
              2       1204.9612       0.5149791      0.31600992   9.4526491e-05      0.02237876       2.9709384      0.96692668     0.025145196      0.99765313      -24.280118       -24.280118       2458.4826                                                 2458.4826
              2       1204.3412      0.38849111      0.31127607   9.3104898e-05     0.022353049        2.969353       0.9676591     0.023826518      0.99848177      -24.280118       -24.280118       2457.2426                                                 2457.2426
              3       1206.4635      0.28967864      0.30932553   9.2033232e-05     0.022474074       2.9768706      0.96564757      0.02970661      0.99606424      -24.280118       -24.280118       2461.4872                                                 2461.4872
              5       1206.5798      0.35360957      0.31167747    9.264695e-05     0.022542144       2.9741685      0.96609137     0.027440552      0.99637906      -24.280118       -24.280118       2461.7198                                                 2461.7198
              3       1207.0535      0.40487329      0.31693492    9.408811e-05     0.022422083       2.9823132      0.96664371     0.030827901      0.99615797      -24.280118       -24.280118       2462.6672                                                 2462.6672
              5        1205.646      0.17835869      0.30599183    9.113546e-05     0.022279393       2.9775158      0.96701485     0.028350764      0.99636904      -24.280118       -24.280118       2459.8522                                                 2459.8522
              1       1205.9465      0.16184445      0.30591357   9.1056704e-05     0.022261042       2.9808869      0.96689008     0.029874903      0.99645307      -24.280118       -24.280118       2460.4532                                                 2460.4532
              1       1205.9327      0.16121245      0.30598111    9.106883e-05     0.022262348       2.9811863       0.9668167     0.029822026      0.99661138      -24.280118       -24.280118       2460.4256                                                 2460.4256
              1       1206.1407       0.3112688      0.31084567   9.2561586e-05     0.022355013       2.9933848      0.96688937     0.035977366      0.99587239      -24.280118       -24.280118       2460.8415                                                 2460.8415
              3       1204.2195      0.32083731      0.30494784   9.1470145e-05     0.022441941        3.013157       0.9695159     0.046448261      0.99669142      -24.280118       -24.280118       2456.9992                                                 2456.9992
              3       1205.8648      0.25170283      0.30360083   9.0943367e-05     0.022444181       3.0126638      0.96940351     0.047599694      0.99515761      -24.280118       -24.280118       2460.2898                                                 2460.2898
              7       1206.2943      0.26002993      0.30265578   9.0816806e-05     0.022464611       3.0115142      0.96966982     0.047386893      0.99497793      -24.280118       -24.280118       2461.1488                                                 2461.1488
              4       1208.1144     0.065212587       0.2951955   8.8209926e-05     0.022613726       3.0043847      0.96612978     0.043046805      0.99498102      -24.280118       -24.280118       2464.7891                                                 2464.7891
              2       1206.1549     0.097082175      0.29778186   8.8841051e-05     0.022622323       3.0058386      0.96644054     0.041730421      0.99706277      -24.280118       -24.280118         2460.87                                                   2460.87
              5       1205.6325      0.15153424      0.29900494   8.9242181e-05     0.022643016       2.9962342      0.96765177     0.037923695      0.99629985      -24.280118       -24.280118       2459.8253                                                 2459.8253
              5       1206.0807      0.11792985      0.29897689   8.9085651e-05     0.022622481       2.9973491      0.96725448     0.037914249      0.99663011      -24.280118       -24.280118       2460.7216                                                 2460.7216
              1       1207.6051       0.1820589      0.29946452   8.9406683e-05     0.022678594       2.9826812      0.96591917     0.032918736      0.99545531      -24.280118       -24.280118       2463.7704                                                 2463.7704
              4        1205.598      0.38397323      0.29922345   9.0204538e-05     0.022752135       2.9875104      0.97302875     0.035557686      0.99687629      -24.280118       -24.280118       2459.7562                                                 2459.7562
              1       1204.5638      0.56697876      0.30970347   9.3157341e-05     0.022696379       2.9904231      0.97361593     0.033908585       1.0002104      -24.280118       -24.280118       2457.6879                                                 2457.6879
              1         1203.99      0.49184335      0.30674306    9.245751e-05     0.022544504       2.9945673      0.97382231     0.035548984       1.0016231      -24.280118       -24.280118       2456.5402                                                 2456.5402
              3       1203.9455      0.49535514      0.30679363   9.2502048e-05     0.022537435       2.9962072      0.97373454     0.036205766       1.0018431      -24.280118       -24.280118       2456.4512                                                 2456.4512
             14       1203.7614      0.45546741      0.30549462   9.2110022e-05     0.022518291        2.994472      0.97396073     0.035326992       1.0017446      -24.280118       -24.280118        2456.083                                                  2456.083
              2       1203.7457      0.48613528      0.30625604   9.2443598e-05     0.022508107       2.9887967      0.97322454     0.032269611       1.0017974      -24.280118       -24.280118       2456.0517                                                 2456.0517
              4       1204.2949      0.67614067      0.31001557   9.3834791e-05     0.022642376       3.0057545      0.97180774     0.043697279      0.99877157      -24.280118       -24.280118         2457.15                                                   2457.15
              3       1203.5538       0.5813448      0.30527256   9.2445908e-05     0.022665142       3.0068829      0.97372901     0.045316568      0.99741543      -24.280118       -24.280118       2455.6679                                                 2455.6679
              1       1204.0983      0.59487787      0.30526684   9.2505993e-05     0.022677516       3.0080909       0.9736364     0.046465047      0.99675764      -24.280118       -24.280118       2456.7567                                                 2456.7567
              2       1203.6357      0.56745599      0.30509256   9.2347043e-05     0.022690027       3.0124067      0.97340238       0.0477224      0.99727853      -24.280118       -24.280118       2455.8315                                                 2455.8315
              9       1204.1014      0.56864839      0.30485636   9.2311297e-05     0.022653719       3.0241217      0.97359622     0.052692653      0.99807923      -24.280118       -24.280118        2456.763                                                  2456.763
              9        1203.357      0.63817265      0.30967114   9.3701741e-05     0.022546225       3.0127533      0.97132003     0.046210097      0.99945477      -24.280118       -24.280118       2455.2743                                                 2455.2743
              4       1203.0553       0.4903478      0.30719536   9.2652353e-05     0.022427003       3.0031078      0.97204789     0.039930739       1.0012459      -24.280118       -24.280118       2454.6709                                                 2454.6709
              7       1202.7294      0.49017875      0.30635433   9.2475254e-05      0.02244845       2.9999617       0.9717187     0.037844912       1.0013536      -24.280118       -24.280118        2454.019                                                  2454.019
              4       1203.5609      0.44476545      0.30614466   9.2265441e-05     0.022398817       2.9923349      0.97207494     0.033507251       1.0019598      -24.280118       -24.280118       2455.6821                                                 2455.6821
              6        1203.762       0.4632507      0.30602526   9.2293825e-05     0.022427776       2.9861446      0.97258419     0.030347402       1.0018698      -24.280118       -24.280118       2456.0843                                                 2456.0843
              1       1204.6722      0.43072329       0.3077995   9.2456705e-05     0.022506471        2.958202      0.97101118     0.016350187       1.0005976      -24.280118       -24.280118       2457.9046                                                 2457.9046
             15       1204.8226      0.37815527      0.30786523   9.2241725e-05     0.022450427       2.9523284      0.96973737     0.011890531       1.0016751      -24.280118       -24.280118       2458.2054                                                 2458.2054
              6       1206.3861      0.42756752      0.31220699   9.3243149e-05     0.022483789         2.95471      0.96719178     0.010343112       1.0030793      -24.280118       -24.280118       2461.3324                                                 2461.3324
             10       1205.0124      0.16878427      0.29805906   8.9451496e-05     0.022462524       2.9798368      0.96949197     0.025375518       1.0025911      -24.280118       -24.280118       2458.5851                                                 2458.5851
              9       1206.0133      0.12293212      0.29761638   8.9222671e-05     0.022380289       2.9574013      0.96877906     0.015816225       1.0004776      -24.280118       -24.280118       2460.5869                                                 2460.5869
              1       1205.5386      0.16574753      0.29854381   8.9464504e-05     0.022434942       2.9632552      0.96821829     0.018813369       0.9998082      -24.280118       -24.280118       2459.6375                                                 2459.6375
              2       1203.6064      0.29812591      0.30132337   9.0647157e-05     0.022446128       2.9724096      0.97027452     0.025140949      0.99919069      -24.280118       -24.280118       2455.7731                                                 2455.7731
              1       1203.6391      0.29704914      0.30119516   9.0619768e-05     0.022445682       2.9721858      0.97032851     0.025056822      0.99919933      -24.280118       -24.280118       2455.8385                                                 2455.8385
              4       1205.5356      0.51551637      0.30503482   9.2405046e-05     0.022410059       2.9827437       0.9727634     0.029337028       1.0007237      -24.280118       -24.280118       2459.6314                                                 2459.6314
              3       1204.6073      0.48449061      0.30323288   9.1998528e-05     0.022389402       2.9989018       0.9705479     0.039262079      0.99943679      -24.280118       -24.280118       2457.7748                                                 2457.7748
              8       1204.1425      0.49161929      0.30625231   9.2629433e-05     0.022341983       2.9960703      0.96953014     0.039184985      0.99764739      -24.280118       -24.280118       2456.8452                                                 2456.8452
              1       1204.7335      0.44940756      0.30401961   9.1984225e-05     0.022345915       2.9909113      0.96944604     0.036759633      0.99745419      -24.280118       -24.280118       2458.0272                                                 2458.0272
              5       1204.8672      0.44731746      0.30395019   9.1961528e-05     0.022339394       2.9925561      0.96936634     0.037636999      0.99737407      -24.280118       -24.280118       2458.2946                                                 2458.2946
              2       1204.4816      0.40060236      0.30325522   9.1612124e-05      0.02233251       2.9933862      0.96913448     0.037796049      0.99733239      -24.280118       -24.280118       2457.5235                                                 2457.5235
              3       1206.2262      0.44678938      0.30347182   9.1570197e-05     0.022443037        2.984567      0.96882403     0.032958843      0.99766319      -24.280118       -24.280118       2461.0126                                                 2461.0126
              1       1207.7802      0.37570516      0.30245067   9.1110437e-05     0.022371692       2.9847948      0.96665393     0.033477948      0.99721409      -24.280118       -24.280118       2464.1207                                                 2464.1207
              3       1208.0679      0.38683719      0.30381747   9.1241987e-05     0.022468323       3.0227097      0.96799063     0.052843224      0.99630558      -24.280118       -24.280118       2464.6961                                                 2464.6961
              4       1206.8041      0.35263182      0.30620875   9.1581278e-05     0.022478143       3.0119608      0.96701157     0.048077002      0.99608531      -24.280118       -24.280118       2462.1685                                                 2462.1685
              3       1206.8981      0.35023782       0.3061944   9.1571616e-05     0.022475839       3.0124156      0.96695094     0.048323942      0.99607659      -24.280118       -24.280118       2462.3564                                                 2462.3564
              4       1207.8193      0.24709319      0.30614568   9.1184388e-05     0.022391705       3.0064339      0.96331947     0.043823297      0.99614401      -24.280118       -24.280118       2464.1988                                                 2464.1988
              1       1205.4289       0.2784032      0.30733031   9.1761357e-05      0.02227912       2.9951538      0.96435489     0.036629474      0.99801861      -24.280118       -24.280118       2459.4179                                                 2459.4179
              1       1206.1025      0.24380289      0.30686112   9.1517752e-05     0.022277424       2.9957236      0.96319703     0.036272807      0.99835318      -24.280118       -24.280118       2460.7652                                                 2460.7652
              1       1208.5919      0.44463443      0.31255492    9.345223e-05     0.022411744       2.9726513      0.96050812     0.026098671       0.9977421      -24.280118       -24.280118       2465.7441                                                 2465.7441
              9       1205.8865      0.54133661      0.31158285   9.3642387e-05     0.022579998       3.0024735      0.96559774     0.037782616       1.0020685      -24.280118       -24.280118       2460.3332                                                 2460.3332
              1        1205.683      0.54085085       0.3111506   9.3555623e-05     0.022579472       3.0027458      0.96583182     0.038085469        1.002005      -24.280118       -24.280118       2459.9262                                                 2459.9262
              2       1206.9476      0.47383187      0.31408709    9.417653e-05     0.022268422       3.0225955        0.966436     0.047317057       1.0022674      -24.280118       -24.280118       2462.4554                                                 2462.4554
              8       1207.6964      0.49141162       0.3149637   9.4495739e-05     0.022233182       3.0208892      0.96641579     0.046907045       1.0021006      -24.280118       -24.280118       2463.9531                                                 2463.9531
              4       1207.3606      0.50365799      0.31406945   9.4389501e-05     0.022286034       3.0145198       0.9658303     0.043522656       1.0023234      -24.280118       -24.280118       2463.2814                                                 2463.2814
              4       1207.0188      0.42727709      0.31227191   9.3595374e-05     0.022324206       3.0084979      0.96301731     0.041784364        1.000558      -24.280118       -24.280118       2462.5977                                                 2462.5977
              1       1205.8385      0.07685626      0.29828619   8.8986183e-05     0.022495558       2.9881513      0.96777349     0.034066175      0.99766936      -24.280118       -24.280118       2460.2372                                                 2460.2372
              2       1205.1284      0.12722434      0.29833003   8.9317301e-05     0.022461448       2.9864412      0.97041132     0.033692284      0.99826486      -24.280118       -24.280118       2458.8171                                                 2458.8171
              5       1204.4933      0.21572676      0.30228464   9.0426384e-05     0.022468387       2.9851818      0.97107089     0.033848861      0.99731682      -24.280118       -24.280118       2457.5469                                                 2457.5469
              7       1204.2368      0.23220829      0.30153175   9.0359319e-05     0.022467628       2.9948059      0.97090684     0.038617984      0.99785078      -24.280118       -24.280118       2457.0338                                                 2457.0338
              4        1204.817      0.17128434      0.29830247   8.9651161e-05     0.022339773        2.995884      0.97399515     0.038945425      0.99789789      -24.280118       -24.280118       2458.1943                                                 2458.1943
              3       1203.5593      0.39312459      0.30568888   9.1916338e-05     0.022386253       2.9914538      0.97246309     0.037723978      0.99595302      -24.280118       -24.280118       2455.6787                                                 2455.6787
              5       1203.5363        0.315986      0.30499329    9.143624e-05     0.022368714       2.9900991      0.96894068     0.034678626      0.99719261      -24.280118       -24.280118       2455.6329                                                 2455.6329
              3       1202.2737      0.37921176      0.30608424   9.1908342e-05     0.022449476       2.9952946      0.96924508     0.037844817      0.99714599      -24.280118       -24.280118       2453.1077                                                 2453.1077
              2       1202.4152      0.40284393      0.30777989   9.2319883e-05     0.022467022       2.9910023      0.96954705     0.034353152      0.99816766      -24.280118       -24.280118       2453.3906                                                 2453.3906
              1         1202.11      0.47124859      0.30762413   9.2632025e-05     0.022508473        2.995966       0.9700971     0.037465875      0.99855532      -24.280118       -24.280118       2452.7803                                                 2452.7803
              2       1202.1166      0.46450162       0.3069892   9.2459179e-05     0.022505022       2.9921887      0.96977677     0.035589463      0.99866032      -24.280118       -24.280118       2452.7935                                                 2452.7935
              1       1203.5977      0.55973902      0.31021793   9.3480909e-05     0.022513645       3.0066566      0.97077178      0.03808315       1.0030896      -24.280118       -24.280118       2455.7557                                                 2455.7557
              5       1203.7586      0.51656073      0.30849665   9.2983503e-05     0.022503647         3.00581      0.97068339     0.037329703       1.0033849      -24.280118       -24.280118       2456.0774                                                 2456.0774
              2       1203.8636      0.43764914      0.30069557   9.0962597e-05      0.02264814       3.0105019      0.97334452     0.041870275       1.0026201      -24.280118       -24.280118       2456.2874                                                 2456.2874
              7       1203.9071      0.43188956      0.30039394   9.0884912e-05     0.022643838       3.0108387      0.97335303     0.042027087       1.0026404      -24.280118       -24.280118       2456.3745                                                 2456.3745
              1       1204.2623      0.45930851      0.30031009   9.0993889e-05     0.022649609       3.0027159      0.97338248      0.03861871       1.0021039      -24.280118       -24.280118       2457.0849                                                 2457.0849
              2       1204.7819       0.4107922          0.2982   9.0390405e-05     0.022644357       3.0023192        0.973782     0.038454267       1.0021838      -24.280118       -24.280118       2458.1241                                                 2458.1241
              1       1206.7933      0.49506347       0.2977097   9.0640224e-05     0.022758371       3.0153865      0.97527801     0.047720433        1.000391      -24.280118       -24.280118       2462.1467                                                 2462.1467
              7       1206.9111      0.54729619      0.30008579   9.1418442e-05     0.022732933       3.0166044      0.97641923     0.047708899       1.0009412      -24.280118       -24.280118       2462.3825                                                 2462.3825
              3       1206.7683      0.55164182      0.30022085    9.145242e-05     0.022735963       3.0169586      0.97677057     0.048091163       1.0007343      -24.280118       -24.280118       2462.0969                                                 2462.0969
              2       1207.1173      0.55914782       0.3018578   9.1820687e-05      0.02274916       3.0238692      0.97422178     0.051254335       1.0007536      -24.280118       -24.280118       2462.7949                                                 2462.7949
              4        1206.121      0.48892614      0.30254011   9.1774174e-05     0.022636641       3.0214467      0.97326366     0.051897561       0.9983448      -24.280118       -24.280118       2460.8022                                                 2460.8022
              1       1206.8486      0.47095347      0.30125725   9.1443822e-05     0.022626571       3.0300433      0.97388249     0.056314054      0.99839983      -24.280118       -24.280118       2462.2575                                                 2462.2575
              3       1206.8747      0.43604529       0.2992904   9.0848342e-05      0.02265004       3.0304111       0.9721931     0.056232256      0.99883366      -24.280118       -24.280118       2462.3097                                                 2462.3097
              4       1208.3322      0.34731768      0.29877026   9.0515606e-05     0.022553451       3.0326216      0.97107326     0.057262985      0.99910613      -24.280118       -24.280118       2465.2245                                                 2465.2245
              3       1208.1337      0.28275594      0.29661906   8.9775172e-05     0.022571861       3.0291106        0.970883     0.056112315      0.99831245      -24.280118       -24.280118       2464.8277                                                 2464.8277
              2       1208.9855      0.24187232      0.30264008   9.0811405e-05     0.022334563        3.034279      0.96656558     0.056887793      0.99947888      -24.280118       -24.280118       2466.5313                                                 2466.5313
              3       1209.8787       0.2046384      0.30121495    9.044042e-05      0.02228483       3.0290992      0.96594942     0.055589652      0.99846818      -24.280118       -24.280118       2468.3177                                                 2468.3177
             10       1209.0406      0.16711646      0.30102022   9.0219636e-05     0.022279276       3.0204577      0.96635327     0.051630336      0.99800038      -24.280118       -24.280118       2466.6414                                                 2466.6414
              1       1208.5133      0.11066814      0.29791116   8.9377949e-05     0.022340228       3.0251975       0.9663255     0.046103291       1.0044405      -24.280118       -24.280118       2465.5868                                                 2465.5868
              4       1206.5338       0.1766772       0.2992724   8.9805785e-05     0.022448671       3.0207332       0.9664925     0.044135348       1.0039714      -24.280118       -24.280118       2461.6279                                                 2461.6279
              2       1205.9111      0.24323783       0.3010242   9.0450019e-05     0.022327897       2.9943515       0.9674106     0.031779358       1.0021796      -24.280118       -24.280118       2460.3824                                                 2460.3824
              4       1205.6213      0.28825093       0.3047648    9.126543e-05     0.022414488       2.9921717       0.9633932     0.030278713       1.0019184      -24.280118       -24.280118       2459.8027                                                 2459.8027
              3       1207.1596     0.052673326      0.29601815   8.8533342e-05     0.022467861       2.9942384       0.9628448     0.033669337      0.99953395      -24.280118       -24.280118       2462.8795                                                 2462.8795
              4        1207.886      0.19560507      0.30018214   8.9845671e-05     0.022655448        2.972968      0.97196365     0.024431014       1.0003885      -24.280118       -24.280118       2464.3323                                                 2464.3323
              1       1207.1374      0.17511115      0.30433694   9.0416817e-05     0.022627889       2.9911445      0.96450341     0.029152538       1.0016602      -24.280118       -24.280118        2462.835                                                  2462.835
              3       1207.3449      0.15869752      0.30285698   9.0067128e-05     0.022641467       2.9968802      0.96513454      0.03140168       1.0023725      -24.280118       -24.280118         2463.25                                                   2463.25
              5       1207.3198      0.15343644       0.3024851   8.9956231e-05     0.022646541        2.996899      0.96533896     0.031436707       1.0023254      -24.280118       -24.280118       2463.1999                                                 2463.1999
              6       1207.3011      0.22330059      0.29871911   8.9344661e-05      0.02280472        2.982466      0.96896963     0.028614194      0.99895741      -24.280118       -24.280118       2463.1625                                                 2463.1625
              1       1205.4218      0.19477723      0.29907027   8.9427186e-05     0.022685041       2.9785024      0.96972946     0.027178473      0.99901124      -24.280118       -24.280118       2459.4037                                                 2459.4037
              4        1205.546      0.19920758      0.29788574    8.921158e-05     0.022670699       2.9784954      0.97063481     0.026078407       1.0001144      -24.280118       -24.280118       2459.6522                                                 2459.6522
              3       1204.8313      0.30452214      0.30234435    9.059261e-05     0.022660984       3.0081767      0.97287026     0.038631081       1.0022893      -24.280118       -24.280118       2458.2229                                                 2458.2229
              3       1205.8948      0.63804319       0.3092411   9.3571354e-05     0.022603747       3.0001443      0.97535274     0.035457079       1.0027671      -24.280118       -24.280118       2460.3498                                                 2460.3498
              2       1205.3147      0.63262054      0.31001459     9.37576e-05     0.022524765       3.0016489      0.97514468     0.036187517       1.0032652      -24.280118       -24.280118       2459.1896                                                 2459.1896
              4       1205.1733      0.64275492      0.31080147   9.3970088e-05     0.022539891       2.9912708       0.9729066     0.031203713       1.0032203      -24.280118       -24.280118       2458.9068                                                 2458.9068
              2       1205.8885      0.58947516      0.30834144    9.332346e-05     0.022494527       3.0016034      0.97417242     0.034878334       1.0048249      -24.280118       -24.280118       2460.3373                                                 2460.3373
              2       1205.8632      0.58856384      0.30830509   9.3312132e-05     0.022494594       3.0016714      0.97418952     0.034937688       1.0048003      -24.280118       -24.280118       2460.2866                                                 2460.2866
              1       1206.7822      0.34181919       0.3077337   9.2382699e-05     0.022250771       2.9827808      0.96701788     0.025319015       1.0031191      -24.280118       -24.280118       2462.1246                                                 2462.1246
              1       1205.3749      0.35480634       0.3094716   9.2739651e-05     0.022267554       2.9880604      0.96850772     0.029034156       1.0020652      -24.280118       -24.280118         2459.31                                                   2459.31
              4       1205.4488      0.32925354      0.30984754   9.2638239e-05     0.022264917        2.986235      0.96753212     0.027500456       1.0021658      -24.280118       -24.280118       2459.4578                                                 2459.4578
              1       1206.3801       0.3330764      0.31062191   9.2853567e-05     0.022232874       2.9863718      0.96746882     0.026804328       1.0032843      -24.280118       -24.280118       2461.3204                                                 2461.3204
              2       1205.2193      0.28092382      0.30747621   9.1954229e-05     0.022265603       2.9713626      0.96796535     0.020969035        1.002194      -24.280118       -24.280118       2458.9988                                                 2458.9988
              2       1204.6638      0.34455551      0.30836664   9.2171231e-05     0.022416681       2.9656311      0.96721566     0.018129664       1.0020652      -24.280118       -24.280118       2457.8877                                                 2457.8877
              1          1205.5      0.47330061      0.31072501   9.3244702e-05     0.022390961       2.9675026      0.96797868     0.018852499       1.0029223      -24.280118       -24.280118       2459.5603                                                 2459.5603
              5       1205.3896      0.46326391      0.31024459   9.3094317e-05      0.02239917       2.9678343      0.96748325     0.018812061        1.002914      -24.280118       -24.280118       2459.3395                                                 2459.3395
              1       1205.6872       0.4669942      0.31085278   9.3214155e-05     0.022387572       2.9679827      0.96698591     0.018758718       1.0027871      -24.280118       -24.280118       2459.9347                                                 2459.9347
              3       1207.1345       0.5427184      0.31261468   9.3820538e-05     0.022437602       2.9709587      0.96703575     0.019529108       1.0037651      -24.280118       -24.280118       2462.8293                                                 2462.8293
              2       1207.1349      0.54260333      0.31261239   9.3819618e-05     0.022437541       2.9709048      0.96702876     0.019504293       1.0037633      -24.280118       -24.280118         2462.83                                                   2462.83
              1       1206.6859      0.47263838      0.31248076   9.3417596e-05     0.022488512       2.9766538      0.96421469     0.021922322        1.003357      -24.280118       -24.280118        2461.932                                                  2461.932
              4       1205.9922      0.53857821      0.31119767   9.3410955e-05     0.022563667       2.9826263      0.96450363     0.028012463       1.0009069      -24.280118       -24.280118       2460.5446                                                 2460.5446
              3       1206.0276      0.33470355       0.3061411   9.1634502e-05     0.022446741       2.9707194      0.96434459     0.019730423       1.0028022      -24.280118       -24.280118       2460.6155                                                 2460.6155
              4       1206.8697      0.31339523      0.30562133   9.1403975e-05     0.022450958       2.9650479      0.96366251     0.017492431       1.0022372      -24.280118       -24.280118       2462.2997                                                 2462.2997
              7       1212.3298      0.56059455       0.3088211   9.2990245e-05     0.022608038       2.9630326      0.96400923     0.018613938       1.0019153      -24.280118       -24.280118       2473.2197                                                 2473.2197
              1       1214.7756      0.58806886      0.30909222   9.3130445e-05     0.022655274       2.9610957       0.9629701     0.018086499       1.0015899      -24.280118       -24.280118       2478.1114                                                 2478.1114
              3        1214.098      0.86379271      0.31893436   9.6471396e-05     0.022759285       3.0041845      0.96679202     0.036388411       1.0049379      -24.280118       -24.280118       2476.7562                                                 2476.7562
              1       1214.6603      0.64177213       0.3031656   9.2709908e-05     0.022720886       3.0122166      0.97217096     0.047159298       1.0009774      -24.280118       -24.280118       2477.8808                                                 2477.8808
              4       1216.1217      0.58855676      0.30270514   9.2455026e-05     0.022680048       3.0056157      0.97069902     0.043166071       1.0012894      -24.280118       -24.280118       2480.8035                                                 2480.8035
              1       1215.9603      0.57895793      0.30156591   9.2182709e-05     0.022675616       3.0089264      0.97141855     0.044934566       1.0015808      -24.280118       -24.280118       2480.4809                                                 2480.4809
              2       1215.7792      0.60886444      0.30312278   9.2653072e-05     0.022661848       3.0147375      0.97192863     0.047198355       1.0022348      -24.280118       -24.280118       2480.1185                                                 2480.1185
              4       1215.7163       0.6213838      0.30328303     9.27522e-05     0.022651445       3.0164771      0.97154933     0.047809987       1.0024538      -24.280118       -24.280118       2479.9928                                                 2479.9928
              2       1215.0803      0.48782026      0.30900036    9.354767e-05     0.022361736       3.0236003      0.96718928     0.049804846       1.0022077      -24.280118       -24.280118       2478.7208                                                 2478.7208
              2       1211.0005      0.58897461      0.31261719    9.448787e-05     0.022454875       3.0353708      0.97422435     0.058560565      0.99946047      -24.280118       -24.280118       2470.5612                                                 2470.5612
              5       1210.2126      0.44748423      0.30887803   9.3020499e-05     0.022453998        3.031958      0.97214367     0.058139871      0.99817434      -24.280118       -24.280118       2468.9854                                                 2468.9854
              5       1205.1812      0.39232836      0.30474438   9.1797232e-05     0.022530737       2.9840503      0.97229476     0.032997955      0.99879359      -24.280118       -24.280118       2458.9227                                                 2458.9227
              2       1206.3426      0.27786835      0.30399781    9.119995e-05     0.022476988       2.9803416      0.97285881     0.031118015      0.99823942      -24.280118       -24.280118       2461.2455                                                 2461.2455
              1       1204.8541      0.34856005      0.30751252   9.2124318e-05      0.02247718       2.9893192      0.97273449     0.036565856      0.99652793      -24.280118       -24.280118       2458.2684                                                 2458.2684
              1       1206.8387      0.40899256      0.30924335   9.2420411e-05     0.022624428       2.9637016      0.96974872     0.024145931      0.99555486      -24.280118       -24.280118       2462.2376                                                 2462.2376
              5       1206.7335      0.35225778      0.30697846   9.1748883e-05     0.022615527       2.9581255      0.96876687      0.02133504      0.99505569      -24.280118       -24.280118       2462.0271                                                 2462.0271
              1        1206.948       0.3949832      0.31006494   9.2663543e-05     0.022568633        2.958041      0.96990994     0.020656641      0.99568425      -24.280118       -24.280118       2462.4562                                                 2462.4562
              2       1206.1903      0.35873353       0.3085093   9.2271052e-05     0.022550902       2.9626063      0.96874237     0.021790572      0.99681144      -24.280118       -24.280118       2460.9409                                                 2460.9409
              2       1205.6303      0.52572041      0.30948807   9.3238517e-05     0.022568144       2.9695535      0.97177914     0.025975341      0.99679168      -24.280118       -24.280118       2459.8209                                                 2459.8209
              6       1205.4314      0.51573829      0.30963265   9.3205571e-05      0.02256806       2.9721765      0.97158436     0.027023862      0.99674184      -24.280118       -24.280118       2459.4231                                                 2459.4231
              4       1205.3415      0.52830373      0.30993357   9.3314421e-05     0.022569067       2.9737433      0.97190834     0.027737393      0.99679648      -24.280118       -24.280118       2459.2433                                                 2459.2433
              1       1203.8026      0.31072482      0.30056231   9.0491556e-05     0.022575012       3.0014437       0.9734286     0.042812739      0.99613299      -24.280118       -24.280118       2456.1654                                                 2456.1654
              2       1203.6235      0.32543294      0.30165012   9.0773867e-05     0.022561244       2.9987837       0.9732072     0.041657822      0.99592292      -24.280118       -24.280118       2455.8073                                                 2455.8073
              3       1202.8786       0.3602933      0.30351565   9.1216541e-05     0.022564656       3.0135835      0.97167819     0.048219205       0.9964332      -24.280118       -24.280118       2454.3175                                                 2454.3175
             12       1203.7202      0.43330054      0.30376708   9.1442358e-05     0.022648153       3.0108344      0.97275536     0.046621702      0.99620233      -24.280118       -24.280118       2456.0007                                                 2456.0007
              1       1203.6135      0.43961928      0.30409079   9.1549343e-05     0.022638561       3.0099725      0.97280064     0.046276764      0.99615067      -24.280118       -24.280118       2455.7872                                                 2455.7872
              5       1204.6381      0.54989484      0.30696704   9.2536925e-05        0.022689       3.0142814      0.97360152     0.050315624      0.99508379      -24.280118       -24.280118       2457.8365                                                 2457.8365
              2       1204.6038      0.55055068      0.30705696   9.2560013e-05     0.022686575       3.0143963      0.97347191     0.050351211      0.99509623      -24.280118       -24.280118       2457.7679                                                 2457.7679
              3       1203.8996       0.5209468      0.30562747   9.2230865e-05      0.02262592       3.0095224      0.97372143     0.048045839      0.99520289      -24.280118       -24.280118       2456.3594                                                 2456.3594
              1       1204.2674      0.59944063      0.31141715   9.3710437e-05     0.022590097       2.9927674      0.97059123     0.038188211      0.99573037      -24.280118       -24.280118        2457.095                                                  2457.095
              4       1204.5431      0.65019959      0.31314484   9.4297916e-05     0.022561703       2.9985123      0.97110947     0.040401158      0.99659726      -24.280118       -24.280118       2457.6464                                                 2457.6464
              8       1204.1883      0.46909704      0.30495772   9.2083829e-05     0.022486182       2.9969604      0.96913747     0.041755291      0.99488752      -24.280118       -24.280118       2456.9369                                                 2456.9369
              3       1204.2704      0.47001144      0.30485312   9.2062065e-05     0.022488155       2.9967818      0.96921464     0.041735001      0.99483541      -24.280118       -24.280118       2457.1011                                                 2457.1011
             11        1205.839      0.55334736      0.30611941   9.2770954e-05     0.022471445       2.9933871      0.96901733     0.040642428      0.99489459      -24.280118       -24.280118       2460.2382                                                 2460.2382
              3       1207.7046      0.64361588      0.30781092   9.3400949e-05     0.022570036       2.9892049      0.96880312     0.034702143       0.9978017      -24.280118       -24.280118       2463.9693                                                 2463.9693
              4       1207.6965      0.66336248      0.30877025   9.3659239e-05     0.022552987       2.9974702      0.96903303     0.038515911      0.99791371      -24.280118       -24.280118       2463.9533                                                 2463.9533
              6       1207.2434      0.70214995      0.30908197   9.3855324e-05      0.02257962       2.9978554      0.97286931     0.040522708       0.9968372      -24.280118       -24.280118        2463.047                                                  2463.047
              1       1205.6849      0.50287402      0.30341154   9.1846124e-05     0.022546037       3.0050896      0.97132221     0.046439044      0.99431333      -24.280118       -24.280118       2459.9299                                                 2459.9299
              1       1206.6322      0.49469913      0.30169768   9.1329374e-05     0.022712772       3.0088828      0.97068819     0.048090908      0.99442079      -24.280118       -24.280118       2461.8247                                                 2461.8247
              4       1207.2605      0.52721314      0.30485158   9.2419891e-05     0.022593411       3.0098537      0.97192514     0.051011313      0.99383454      -24.280118       -24.280118       2463.0813                                                 2463.0813
              7       1205.7389      0.63505938      0.30869599   9.3680799e-05     0.022546768        3.011303      0.97376368     0.051003024      0.99472574      -24.280118       -24.280118        2460.038                                                  2460.038
              2       1205.5307      0.62949949      0.30917172   9.3767276e-05     0.022531312       3.0086777      0.97334818     0.049567231      0.99470893      -24.280118       -24.280118       2459.6217                                                 2459.6217
              3       1206.0959      0.58958872      0.30842636   9.3476312e-05     0.022500811       3.0098738      0.97265413     0.050841204      0.99407271      -24.280118       -24.280118        2460.752                                                  2460.752
              2       1206.7259      0.49684649       0.3046216   9.2331123e-05     0.022517929        3.010207      0.97347482     0.050856207      0.99416273      -24.280118       -24.280118        2462.012                                                  2462.012
              2       1206.2089      0.47812636      0.30641253   9.2412213e-05     0.022562574       3.0290698      0.97514254     0.056008863      0.99658334      -24.280118       -24.280118        2460.978                                                  2460.978
              3       1207.3317      0.55821033        0.307068    9.277932e-05     0.022697398       2.9901499      0.97680959     0.033626383      0.99937811      -24.280118       -24.280118       2463.2236                                                 2463.2236
              1       1207.6321      0.63323334      0.30780537   9.3241808e-05     0.022715467       2.9935813      0.97736702     0.035104851      0.99984509      -24.280118       -24.280118       2463.8245                                                 2463.8245
              1       1207.9014      0.63884473       0.3085311   9.3449519e-05     0.022659752       2.9887101      0.97801737      0.03321042      0.99932627      -24.280118       -24.280118        2464.363                                                  2464.363
              3       1205.6357      0.40917463      0.30535627   9.1749147e-05     0.022503176       2.9671666      0.96934872     0.018861185       1.0013234      -24.280118       -24.280118       2459.8316                                                 2459.8316
              4       1205.2963      0.35625034      0.30302278   9.1199494e-05     0.022427771       2.9679485      0.97015522     0.020646362       1.0004698      -24.280118       -24.280118       2459.1529                                                 2459.1529
              2       1205.1043       0.2702604      0.29902971   9.0011299e-05     0.022468486       2.9965123      0.97397386     0.033269811       1.0029644      -24.280118       -24.280118       2458.7689                                                 2458.7689
              3       1204.8526      0.32108418      0.30600519     9.17451e-05     0.022323306       2.9950708      0.97191864     0.032157885       1.0026104      -24.280118       -24.280118       2458.2654                                                 2458.2654
              3        1205.939      0.36430971      0.31042319    9.270538e-05     0.022460388       2.9916787      0.96815054     0.028620132       1.0042712      -24.280118       -24.280118       2460.4383                                                 2460.4383
              4       1205.1378      0.34868154      0.31062383    9.255832e-05     0.022510925       2.9875652      0.96771095     0.027886037       1.0024721      -24.280118       -24.280118       2458.8359                                                 2458.8359
              2       1205.0647      0.34635691       0.3104186   9.2504874e-05     0.022508756       2.9867846      0.96766713     0.027510667       1.0024764      -24.280118       -24.280118       2458.6896                                                 2458.6896
              1        1205.423      0.37646709      0.31157373   9.2798039e-05     0.022545799        2.990615       0.9665542     0.029156021       1.0024651      -24.280118       -24.280118       2459.4063                                                 2459.4063
              8       1205.4075      0.38197016      0.31152939   9.2802925e-05     0.022555443       2.9903774      0.96673541     0.029048709        1.002455      -24.280118       -24.280118       2459.3753                                                 2459.3753
              3       1203.6678      0.43924224      0.31117855   9.3094543e-05     0.022453852       2.9797417      0.96605137       0.0275798      0.99960767      -24.280118       -24.280118       2455.8957                                                 2455.8957
              2       1203.6666      0.43929907      0.31117747   9.3094334e-05     0.022454071       2.9797476      0.96605333     0.027582274      0.99960692      -24.280118       -24.280118       2455.8935                                                 2455.8935
              2       1204.2175      0.39597315       0.3068107    9.198908e-05     0.022546346       2.9910523      0.96513471     0.032156846       1.0011104      -24.280118       -24.280118       2456.9953                                                 2456.9953
              2       1204.8048      0.39519641      0.30806759   9.2187639e-05     0.022526495       2.9999764      0.96568341     0.033593375       1.0035233      -24.280118       -24.280118       2458.1697                                                 2458.1697
              3       1206.6553      0.53258554      0.31019236   9.3200947e-05     0.022534796       2.9923281      0.96608924     0.029450541       1.0043175      -24.280118       -24.280118       2461.8709                                                 2461.8709
              2       1206.6121      0.25412721      0.30182706   9.0183585e-05       0.0225493       2.9887704      0.96546934      0.03183041      0.99932597      -24.280118       -24.280118       2461.7845                                                 2461.7845
              1        1205.765      0.29253839      0.30232267   9.0449195e-05      0.02255209       2.9991104      0.96658508     0.037610626      0.99913513      -24.280118       -24.280118       2460.0901                                                 2460.0901
              5       1205.4007      0.35718817      0.30639682    9.161608e-05     0.022493577       2.9950229      0.96461605     0.036991084      0.99748499      -24.280118       -24.280118       2459.3617                                                 2459.3617
              5       1205.0133      0.47793053      0.30141866   9.1138912e-05     0.022634099       3.0076722      0.97290861     0.046702874      0.99618999      -24.280118       -24.280118       2458.5868                                                 2458.5868
             13       1205.0553      0.48110546      0.30144341   9.1146625e-05     0.022640801       3.0089003      0.97297493     0.047128066      0.99634713      -24.280118       -24.280118       2458.6708                                                 2458.6708
              3       1204.4658      0.45801829      0.30118792   9.1023358e-05     0.022633231       3.0099914      0.97182756     0.047230054      0.99654069      -24.280118       -24.280118       2457.4918                                                 2457.4918
              2        1203.631      0.44540174       0.3042034   9.1674478e-05     0.022565305       2.9983831      0.97068493     0.038230588       1.0004969      -24.280118       -24.280118       2455.8222                                                 2455.8222
              2       1204.0016      0.47032075      0.30465857   9.1879947e-05     0.022575157       2.9977789      0.97034332     0.037905099       1.0006825      -24.280118       -24.280118       2456.5635                                                 2456.5635
              2       1204.1881      0.50263784       0.3050043   9.2127765e-05     0.022556742       3.0021981      0.97145201     0.040542175       1.0007216      -24.280118       -24.280118       2456.9365                                                 2456.9365
              1       1204.2732      0.50638313      0.30504309   9.2154223e-05     0.022551457       3.0006484      0.97143781     0.039879577       1.0006217      -24.280118       -24.280118       2457.1066                                                 2457.1066
              4       1205.5241      0.34127366      0.29747308   9.0051161e-05     0.022489932        3.013229      0.97001319      0.04600196       1.0007819      -24.280118       -24.280118       2459.6084                                                 2459.6084
              2       1206.5116      0.30245115      0.29697585   8.9819799e-05     0.022439121       3.0156595      0.96916782     0.047500092       1.0004629      -24.280118       -24.280118       2461.5834                                                 2461.5834
              7       1206.8839      0.28325196      0.29618174   8.9577471e-05     0.022442354       3.0149247      0.96924845      0.04723034       1.0004347      -24.280118       -24.280118        2462.328                                                  2462.328
              2       1207.0744      0.29251881      0.29615135   8.9605066e-05     0.022450755       3.0141881      0.96916264     0.046959791       1.0004412      -24.280118       -24.280118       2462.7091                                                 2462.7091
              6       1206.5066      0.35835812      0.30113857   9.0883232e-05     0.022409617       2.9991229      0.96969145      0.04042255      0.99975454      -24.280118       -24.280118       2461.5734                                                 2461.5734
              5       1208.7119      0.43397932      0.31128421   9.2798915e-05     0.022555182       2.9715215      0.96257772     0.025842539      0.99634575      -24.280118       -24.280118       2465.9841                                                 2465.9841
              2        1208.674      0.45223184      0.31190724   9.2999756e-05     0.022562591       2.9736092      0.96229604     0.026476717      0.99673369      -24.280118       -24.280118       2465.9081                                                 2465.9081
              1       1208.7305      0.45445298      0.31194119    9.301491e-05     0.022563996       2.9736664      0.96229262     0.026552453       0.9966887      -24.280118       -24.280118       2466.0212                                                 2466.0212
              4       1208.3187      0.31593421      0.30677833   9.1437868e-05     0.022524992       2.9770644      0.96239908     0.029115841      0.99559766      -24.280118       -24.280118       2465.1975                                                 2465.1975
              4       1207.9231      0.31068994      0.30565227   9.1152575e-05     0.022564253       2.9913746      0.96259509     0.035834857      0.99623754      -24.280118       -24.280118       2464.4064                                                 2464.4064
              1       1208.5982      0.30874933      0.30589979   9.1168311e-05     0.022572475       2.9886442      0.96232504     0.034436821      0.99622417      -24.280118       -24.280118       2465.7567                                                 2465.7567
              3       1208.2663      0.28190835      0.30821777   9.1515017e-05     0.022509272       2.9947623      0.96354339     0.036678363      0.99645933      -24.280118       -24.280118       2465.0928                                                 2465.0928
              1       1208.3873      0.28116054      0.30825941   9.1505739e-05     0.022511319       2.9954269       0.9633237     0.036225487      0.99706339      -24.280118       -24.280118       2465.3347                                                 2465.3347
              1       1210.3134      0.69134277      0.32397403   9.6648647e-05     0.022432583       2.9868884      0.96314055     0.030688112      0.99928998      -24.280118       -24.280118        2469.187                                                  2469.187
              5       1208.7132      0.68086765      0.32174117   9.6258006e-05     0.022442528       2.9729097       0.9642762     0.025835935       0.9979206      -24.280118       -24.280118       2465.9866                                                 2465.9866
              7        1208.945      0.71375759      0.32173781   9.6433123e-05     0.022433376       2.9746977      0.96535156     0.026504361      0.99874748      -24.280118       -24.280118       2466.4502                                                 2466.4502
              5       1208.6117      0.68997385      0.32120505   9.6218671e-05     0.022432596       2.9720064      0.96504073     0.025318653      0.99843336      -24.280118       -24.280118       2465.7836                                                 2465.7836
              4       1205.4971      0.70282484      0.31677326    9.561766e-05     0.022478896       2.9859028      0.97006757     0.032700517      0.99960448      -24.280118       -24.280118       2459.5545                                                 2459.5545
              2       1205.4987      0.66731491      0.31630308   9.5284345e-05     0.022534128       2.9864232      0.96967584     0.030776838       1.0010733      -24.280118       -24.280118       2459.5576                                                 2459.5576
              7       1205.4642      0.68523574      0.31643117   9.5386532e-05     0.022539442       2.9873053      0.96950105     0.031119879       1.0009902      -24.280118       -24.280118       2459.4885                                                 2459.4885
              2       1204.9988       0.7029545      0.31589138   9.5326202e-05     0.022550113       2.9874089      0.97061386     0.031720287       1.0005909      -24.280118       -24.280118       2458.5578                                                 2458.5578
              4       1203.0225      0.50923756      0.30776064   9.2765205e-05      0.02260073       2.9952889      0.97284149     0.038589782      0.99784896      -24.280118       -24.280118       2454.6052                                                 2454.6052
              5       1203.0401      0.50617962        0.307745   9.2750153e-05     0.022598308       2.9947128      0.97277851     0.038308292      0.99782583      -24.280118       -24.280118       2454.6404                                                 2454.6404
              6       1204.3542      0.55115843      0.30785651   9.2894385e-05     0.022656215       2.9853625      0.97264871     0.030079319        1.001053      -24.280118       -24.280118       2457.2686                                                 2457.2686
              2       1204.3247      0.55632458      0.30818006    9.297432e-05     0.022657658       2.9854048      0.97251555     0.030064809       1.0010669      -24.280118       -24.280118       2457.2097                                                 2457.2097
              2       1203.9438       0.4840204      0.30572505   9.2192245e-05     0.022624637         2.98437      0.97220115     0.029366602       1.0014995      -24.280118       -24.280118       2456.4478                                                 2456.4478
              5       1203.9968      0.33159967      0.29957274   9.0167968e-05     0.022668713       2.9940501      0.97450246     0.037947277      0.99739741      -24.280118       -24.280118       2456.5538                                                 2456.5538
              1       1203.9887      0.33899405      0.29910796   9.0215818e-05      0.02263724       2.9935331      0.97523956     0.036014989      0.99935351      -24.280118       -24.280118       2456.5376                                                 2456.5376
              4        1204.108      0.28629044      0.30096253   9.0477104e-05     0.022500938       2.9745031      0.97378728     0.027197847      0.99830397      -24.280118       -24.280118       2456.7763                                                 2456.7763
              1       1203.1042      0.26875675      0.30300513   9.0908622e-05     0.022395066       2.9824602      0.97003339     0.030456924      0.99921602      -24.280118       -24.280118       2454.7686                                                 2454.7686
              7       1203.1545      0.26828168      0.30287796   9.0873536e-05     0.022399392       2.9812525      0.96986229     0.029838319      0.99921943      -24.280118       -24.280118       2454.8692                                                 2454.8692
              1       1203.3266      0.25917893      0.30580704   9.1384068e-05     0.022393372       2.9791015      0.96802421     0.026931764      0.99991441      -24.280118       -24.280118       2455.2135                                                 2455.2135
              2       1203.4441      0.25721321      0.30578091   9.1373088e-05     0.022392499       2.9778281      0.96808387     0.026223432       1.0000309      -24.280118       -24.280118       2455.4485                                                 2455.4485
              2       1203.3632      0.26027034      0.30585165   9.1400436e-05     0.022391189       2.9789774      0.96797937      0.02683493      0.99999819      -24.280118       -24.280118       2455.2866                                                 2455.2866
              1       1205.4556      0.25403921      0.30841735   9.1693993e-05     0.022446553        2.981233      0.96627309     0.025001454       1.0005942      -24.280118       -24.280118       2459.4715                                                 2459.4715
              3       1205.5081      0.25640347      0.30862224   9.1744481e-05     0.022445559       2.9805339      0.96604621     0.024512221       1.0007191      -24.280118       -24.280118       2459.5765                                                 2459.5765
              1       1205.6329      0.29149611      0.30874354   9.2004882e-05     0.022436828       2.9822879      0.96640234     0.024947382       1.0013244      -24.280118       -24.280118       2459.8261                                                 2459.8261
              1       1206.5281      0.23344049       0.3077671   9.1641535e-05     0.022319859       2.9683015      0.96512526     0.018805863       1.0002435      -24.280118       -24.280118       2461.6164                                                 2461.6164
              9       1206.4313      0.22500563      0.30708896   9.1498433e-05     0.022311494       2.9675197      0.96514718     0.018531378       1.0002968      -24.280118       -24.280118       2461.4229                                                 2461.4229
              6       1206.2933      0.21886569      0.30754048   9.1615994e-05     0.022281772       2.9679186      0.96449688     0.019247535      0.99998416      -24.280118       -24.280118       2461.1468                                                 2461.1468
              2       1207.2626      0.25973891      0.30932651   9.2168664e-05     0.022268238        2.969148      0.96343766     0.018807283       1.0008237      -24.280118       -24.280118       2463.0855                                                 2463.0855
              3       1207.1247      0.12725047       0.3035941   9.0412969e-05      0.02231782         2.96397      0.96339616     0.016742074       1.0002311      -24.280118       -24.280118       2462.8097                                                 2462.8097
              6       1207.4079     0.091203366      0.30344476   9.0399973e-05     0.022222358       2.9584513      0.96541228     0.013406658       1.0014517      -24.280118       -24.280118        2463.376                                                  2463.376
              8       1205.9653      0.28704286      0.30844831      9.1807e-05     0.022480911       2.9747283      0.96226013     0.022498237       1.0005245      -24.280118       -24.280118       2460.4908                                                 2460.4908
              1       1206.0971      0.29882264       0.3088165   9.1910031e-05     0.022514105       2.9728117      0.96227961     0.021543205       1.0003311      -24.280118       -24.280118       2460.7544                                                 2460.7544
              1       1206.1696       0.3024346      0.30897683   9.1956029e-05     0.022514628       2.9727195       0.9621594     0.021527418       1.0002945      -24.280118       -24.280118       2460.8995                                                 2460.8995
             17       1206.2166      0.63756618      0.31965503   9.5548204e-05     0.022543154       2.9998652      0.96763579     0.034027265       1.0022146      -24.280118       -24.280118       2460.9934                                                 2460.9934
              3        1208.351      0.59031265      0.31574458    9.477081e-05     0.022466265         3.02844      0.96565109     0.046247635       1.0047419      -24.280118       -24.280118       2465.2623                                                 2465.2623
              9        1203.994      0.32332104      0.30741331   9.2010247e-05     0.022417599       3.0137275      0.96627141     0.042555477       1.0013255      -24.280118       -24.280118       2456.5483                                                 2456.5483
              6       1204.5125      0.28060805      0.30534327   9.1631376e-05     0.022274898       2.9990421      0.96609588      0.03795856      0.99992009      -24.280118       -24.280118       2457.5852                                                 2457.5852
              1       1205.4227      0.24614054       0.3053117   9.1534466e-05     0.022242096       3.0006045      0.96562441     0.038330438       1.0001766      -24.280118       -24.280118       2459.4057                                                 2459.4057
             15       1205.8392      0.40189341      0.31233262    9.352769e-05     0.022238138       3.0143218      0.96565221     0.044401219       1.0004459      -24.280118       -24.280118       2460.2385                                                 2460.2385
              1       1203.7041      0.31032262      0.30708889   9.1924853e-05     0.022395589       3.0141229      0.96923165     0.044097851       1.0008912      -24.280118       -24.280118       2455.9685                                                 2455.9685
              2       1202.5276       0.4712246      0.30947186   9.2863461e-05     0.022516564        3.017536      0.97235986      0.04651898       1.0003322      -24.280118       -24.280118       2453.6154                                                 2453.6154
              1       1202.2644      0.40745367      0.30656723   9.1936668e-05     0.022549642        3.012064       0.9713593     0.044160967      0.99993924      -24.280118       -24.280118       2453.0891                                                 2453.0891
              4       1202.4305      0.45513692      0.30863716   9.2591141e-05     0.022526766       3.0041006      0.97114899      0.04073909      0.99983296      -24.280118       -24.280118       2453.4212                                                 2453.4212
              3       1202.5007      0.46769938      0.30897763   9.2723195e-05     0.022511386       3.0029606      0.97095369     0.039379681        1.000567      -24.280118       -24.280118       2453.5616                                                 2453.5616
              6       1202.2954      0.48790681      0.30935015   9.2872663e-05     0.022534498       3.0057698       0.9709984     0.040800227       1.0004736      -24.280118       -24.280118       2453.1511                                                 2453.1511
              5        1202.521      0.38675436       0.3038334   9.1248215e-05     0.022634833       3.0008695      0.97206644     0.038363926      0.99951736      -24.280118       -24.280118       2453.6021                                                 2453.6021
              1       1204.8117      0.38250189      0.30300418   9.0997454e-05     0.022619587       2.9726213      0.97150897     0.025020034      0.99897981      -24.280118       -24.280118       2458.1836                                                 2458.1836
              4       1206.2074      0.42555491      0.30469135   9.1404331e-05     0.022709457        2.971459      0.96913949     0.021745266       1.0010623      -24.280118       -24.280118        2460.975                                                  2460.975
              2       1206.2078      0.42566088      0.30469282   9.1405003e-05     0.022709566       2.9714716      0.96914161     0.021750202       1.0010637      -24.280118       -24.280118       2460.9758                                                 2460.9758
              3       1206.1693      0.41730815      0.30479996   9.1392688e-05     0.022705816       2.9718819       0.9687978     0.021662817       1.0012683      -24.280118       -24.280118       2460.8989                                                 2460.8989
              1        1204.694      0.31784574      0.30194596   9.0462409e-05     0.022715076       2.9823891      0.97013366     0.029005066      0.99951553      -24.280118       -24.280118       2457.9482                                                 2457.9482
              3       1205.5455      0.34636593      0.30380639   9.0925244e-05     0.022733007       2.9756326      0.96921239     0.027245906       0.9972947      -24.280118       -24.280118       2459.6512                                                 2459.6512
              1       1205.3134      0.24357324      0.30284475   9.0310448e-05     0.022643192       2.9939231      0.97004861     0.035341089      0.99729784      -24.280118       -24.280118        2459.187                                                  2459.187
              1       1205.4409      0.26181261      0.30352178   9.0493307e-05     0.022663186       2.9957609      0.96992385     0.035937768      0.99750857      -24.280118       -24.280118       2459.4419                                                 2459.4419
              3       1203.7134      0.49501929      0.31211112   9.3409203e-05     0.022563922       3.0018816      0.97284406      0.04031574      0.99755239      -24.280118       -24.280118       2455.9871                                                 2455.9871
              1       1204.9226      0.47668499      0.30739139   9.2569234e-05     0.022575543       3.0225543      0.97407941     0.050379871      0.99839865      -24.280118       -24.280118       2458.4054                                                 2458.4054
              2       1205.3462      0.61645927      0.31081419   9.3822876e-05     0.022670127       3.0228076      0.97380855     0.051476457      0.99807154      -24.280118       -24.280118       2459.2527                                                 2459.2527
              4       1209.4708      0.68348703      0.31602875   9.5151584e-05      0.02268165       3.0184306      0.97355461     0.043002368       1.0031503      -24.280118       -24.280118       2467.5019                                                 2467.5019
              6       1208.4143      0.76577717      0.31802605   9.6005046e-05     0.022597751       3.0186327      0.97332869      0.04251492       1.0045406      -24.280118       -24.280118       2465.3889                                                 2465.3889
              4       1208.0317      0.71640245      0.31392763   9.4897825e-05     0.022657478       3.0032767      0.97598792      0.03722703       1.0020376      -24.280118       -24.280118       2464.6236                                                 2464.6236
              5       1206.7189       0.4726178      0.30594322   9.2089924e-05     0.022676817       2.9752259      0.97503476     0.023153305       1.0021039      -24.280118       -24.280118        2461.998                                                  2461.998
              7       1207.0506      0.51194971      0.30751373   9.2569009e-05     0.022688482       2.9727476      0.97436159     0.021388463       1.0026943      -24.280118       -24.280118       2462.6613                                                 2462.6613
              1       1206.6114      0.48007829      0.31039924   9.2836294e-05     0.022716403       2.9654204      0.97032001     0.018720155       1.0003573      -24.280118       -24.280118        2461.783                                                  2461.783
              5       1205.6145      0.30856267      0.30647133   9.1452077e-05     0.022614562       2.9654245      0.96954447     0.020859899      0.99919012      -24.280118       -24.280118       2459.7893                                                 2459.7893
              1        1205.301      0.38838796      0.30486855   9.1500266e-05     0.022587694       2.9793386      0.97391747     0.028332529        1.000519      -24.280118       -24.280118       2459.1623                                                 2459.1623
              5       1205.8509      0.41702092      0.30575926   9.1766016e-05     0.022624384       2.9821428      0.97521599     0.029398551       1.0008507      -24.280118       -24.280118        2460.262                                                  2460.262
              5       1205.9725      0.32201548       0.3017913   9.0568526e-05     0.022592151       2.9666868      0.97435889     0.022124407      0.99973462      -24.280118       -24.280118       2460.5052                                                 2460.5052
              2       1206.1343      0.33122386      0.30246499   9.0748596e-05     0.022612439       2.9601762      0.97208909     0.020468844      0.99824064      -24.280118       -24.280118       2460.8289                                                 2460.8289
              1       1205.9476      0.32167891       0.3024248   9.0715999e-05     0.022579199       2.9567666      0.97255544     0.017514874      0.99923673      -24.280118       -24.280118       2460.4554                                                 2460.4554
              2       1206.5564      0.57209657      0.31051483   9.3333228e-05     0.022640347       2.9740788      0.97629314     0.025666014      0.99986062      -24.280118       -24.280118        2461.673                                                  2461.673
              1       1207.3267      0.56275493      0.31103714   9.4066846e-05     0.022294293       2.9944026      0.97822494     0.038563809       0.9986288      -24.280118       -24.280118       2463.2137                                                 2463.2137
              1       1208.5654      0.75297646      0.31822518    9.635884e-05     0.022316861       2.9787772      0.97369103     0.030132159      0.99836522      -24.280118       -24.280118        2465.691                                                  2465.691
              5        1208.846      0.76379364      0.31317636    9.534313e-05      0.02245162       2.9906268      0.97662095     0.035909126      0.99895963      -24.280118       -24.280118       2466.2523                                                 2466.2523
              5       1208.9961      0.77250827       0.3138221   9.5495183e-05     0.022469776       2.9984752      0.97736495     0.038745401      0.99981402      -24.280118       -24.280118       2466.5524                                                 2466.5524
              2       1208.8212      0.68752731      0.31042806   9.4144381e-05     0.022584586       2.9957248      0.97885637     0.038336692      0.99778255      -24.280118       -24.280118       2466.2026                                                 2466.2026
              1       1205.8365      0.62919996      0.31446607   9.4471213e-05     0.022554591       3.0026603      0.97181299     0.042315006      0.99558508      -24.280118       -24.280118       2460.2333                                                 2460.2333
              1       1204.5141      0.59716786      0.31299104   9.4002012e-05     0.022554093       2.9997069      0.97200347     0.039647134       0.9970454      -24.280118       -24.280118       2457.5885                                                 2457.5885
              3       1203.3901      0.48216967      0.30804151   9.2507839e-05     0.022605064       3.0098143      0.97070695     0.044023297      0.99749025      -24.280118       -24.280118       2455.3405                                                 2455.3405
              7       1203.1142      0.45597232      0.30903577   9.2855326e-05     0.022414625       3.0059222      0.96843276     0.042040617      0.99784756      -24.280118       -24.280118       2454.7886                                                 2454.7886
              4       1204.6098      0.30651541      0.30714801   9.1781022e-05     0.022454548       3.0079205      0.96550713      0.04197435      0.99765768      -24.280118       -24.280118       2457.7797                                                 2457.7797
              4       1205.2875      0.24842127      0.30671628   9.1229422e-05     0.022538554       2.9951638      0.96439431     0.034523341      0.99805515      -24.280118       -24.280118       2459.1353                                                 2459.1353
              1       1207.3239      0.33261802       0.3101469   9.2161582e-05     0.022548621       3.0200216      0.96990701     0.047441383      0.99767064      -24.280118       -24.280118        2463.208                                                  2463.208
              2       1207.6233      0.68873294      0.32114809   9.6063535e-05     0.022620775       3.0049618      0.97415298     0.039798758      0.99984554      -24.280118       -24.280118       2463.8069                                                 2463.8069
              3       1207.1836       0.6556782      0.32101448   9.5930965e-05     0.022604361       3.0000959       0.9717971     0.037632905      0.99947455      -24.280118       -24.280118       2462.9275                                                 2462.9275
              9       1205.0174      0.62349348      0.31424582   9.4391495e-05     0.022685637       3.0018269      0.97403208     0.041477581      0.99795899      -24.280118       -24.280118       2458.5951                                                 2458.5951
              2       1205.5714       0.3966972      0.30268123    9.081781e-05     0.022742741       3.0209445      0.97281946     0.050063241      0.99838756      -24.280118       -24.280118       2459.7031                                                 2459.7031
              5       1205.6184      0.39289749      0.30244044   9.0757885e-05     0.022746694       3.0220374      0.97276885     0.050628266      0.99840285      -24.280118       -24.280118        2459.797                                                  2459.797
              3       1204.9231      0.29806008      0.29626193   8.9487098e-05     0.022636191       3.0040203       0.9767101     0.041222232       1.0003436      -24.280118       -24.280118       2458.4065                                                 2458.4065
              6       1205.4382      0.18679388      0.29789362   8.9257174e-05     0.022641129          2.9839      0.97361163     0.030016858      0.99979415      -24.280118       -24.280118       2459.4366                                                 2459.4366
              1       1205.7465      0.16351408      0.29764665   8.9108705e-05     0.022632376       2.9872829      0.97377906     0.030924325       1.0004601      -24.280118       -24.280118       2460.0532                                                 2460.0532
              1       1205.5479       0.1666313      0.29757785   8.9115026e-05     0.022629769       2.9891235      0.97375284     0.031936787       1.0004515      -24.280118       -24.280118        2459.656                                                  2459.656
              2       1205.4109      0.27092533      0.30194837   9.0440394e-05     0.022661238       2.9949167      0.97115245     0.032099605       1.0020554      -24.280118       -24.280118       2459.3821                                                 2459.3821
              2       1204.9864       0.2727793      0.30092265   9.0343602e-05     0.022614467        3.005047      0.96807098       0.0368449       1.0030965      -24.280118       -24.280118       2458.5331                                                 2458.5331
              2       1204.9904      0.26073538      0.30052474   9.0207849e-05     0.022615559       3.0065259      0.96813598     0.037621382       1.0030454      -24.280118       -24.280118       2458.5411                                                 2458.5411
              3       1206.0484      0.23009895      0.29935337   8.9733183e-05     0.022640201       3.0052147      0.96741376     0.035426234       1.0038888      -24.280118       -24.280118       2460.6571                                                 2460.6571
              1       1205.6009      0.18672095      0.30040175   8.9740197e-05     0.022588089       2.9966731      0.96499829     0.032483358       1.0021019      -24.280118       -24.280118       2459.7621                                                 2459.7621
              3       1207.6487      0.36141302      0.30857663   9.2365248e-05     0.022426113       2.9871944      0.96851983     0.024078844        1.005873      -24.280118       -24.280118       2463.8576                                                 2463.8576
             11        1208.204      0.30580403      0.30961889   9.2577117e-05     0.022230685       2.9953712      0.96698869     0.029511483       1.0053009      -24.280118       -24.280118       2464.9682                                                 2464.9682
              1         1207.74      0.29839768       0.3093455   9.2493754e-05     0.022215737       2.9985965      0.96838803     0.032236847       1.0048599      -24.280118       -24.280118       2464.0402                                                 2464.0402
              2         1207.96      0.08886536      0.30354198   9.0382385e-05      0.02219261       3.0044203      0.96671189     0.042924223       0.9956768      -24.280118       -24.280118       2464.4801                                                 2464.4801
              9       1204.8903      0.22429765      0.30367743   9.0975011e-05     0.022343075       3.0114884      0.96842815     0.046595296      0.99628947      -24.280118       -24.280118       2458.3408                                                 2458.3408
              2       1204.5726      0.22890228      0.30307501   9.0916792e-05     0.022301331       3.0081446      0.96921638     0.045398904      0.99627953      -24.280118       -24.280118       2457.7055                                                 2457.7055
              5       1206.3403       0.2710235      0.30426982   9.1431836e-05     0.022257224       3.0102826      0.96842134     0.047106029      0.99557399      -24.280118       -24.280118       2461.2409                                                 2461.2409
              1       1206.9493      0.10773534      0.30050028   8.9949592e-05       0.0222416       2.9889035      0.96792215     0.034744525      0.99606635      -24.280118       -24.280118       2462.4589                                                 2462.4589
              1       1207.5585     0.074347548      0.29297966   8.8346929e-05     0.022313257       2.9963113      0.97391745     0.038534974      0.99808209      -24.280118       -24.280118       2463.6772                                                 2463.6772
              1       1206.0486      0.17342084      0.29723704   8.9461891e-05     0.022403753       2.9870476      0.97576969     0.034484568      0.99758177      -24.280118       -24.280118       2460.6575                                                 2460.6575
              1       1209.0437      0.19346194      0.29699151   8.9557828e-05     0.022298692       2.9794654      0.97754566      0.03273196      0.99604196      -24.280118       -24.280118       2466.6476                                                 2466.6476
             13       1207.9611      0.25003097      0.29659429   8.9569412e-05     0.022388153       2.9767339      0.97693876     0.030439082      0.99682769      -24.280118       -24.280118       2464.4825                                                 2464.4825
              1       1209.1139      0.29947428      0.29624035   8.9750132e-05     0.022407746       2.9723324      0.97775813      0.02980875      0.99597124      -24.280118       -24.280118       2466.7881                                                 2466.7881
              1       1209.2748      0.29390671      0.29584053   8.9642205e-05     0.022413055       2.9722195      0.97786409     0.029640107      0.99610123      -24.280118       -24.280118       2467.1098                                                 2467.1098
              3       1208.8381       0.5130304      0.30271091   9.1955558e-05     0.022385576       2.9678223      0.97668088       0.0248045      0.99941975      -24.280118       -24.280118       2466.2364                                                 2466.2364
              2       1211.1117      0.48206616      0.30203881   9.1705826e-05     0.022589603       3.0030833      0.96374009      0.04074021        0.999896      -24.280118       -24.280118       2470.7837                                                 2470.7837
              1       1214.3146      0.49654366      0.30002967   9.1578659e-05     0.022574254        2.986396      0.97042031     0.037474049      0.99643181      -24.280118       -24.280118       2477.1893                                                 2477.1893
              1       1213.4577      0.62889496      0.31140503    9.470095e-05     0.022261951        2.981068      0.96964021     0.031801903       0.9976635      -24.280118       -24.280118       2475.4756                                                 2475.4756
              8       1211.2311      0.74263142      0.31297374    9.542102e-05      0.02225858       2.9826962      0.97361721     0.033003174      0.99853267      -24.280118       -24.280118       2471.0223                                                 2471.0223
              3       1210.8292      0.71567464      0.31320792    9.534328e-05     0.022238722       2.9794861      0.97286252      0.03097864      0.99865016      -24.280118       -24.280118       2470.2187                                                 2470.2187
              3       1208.4286      0.69848061      0.31314544   9.5146723e-05     0.022314498        2.984934      0.97307655     0.033394513      0.99839146      -24.280118       -24.280118       2465.4174                                                 2465.4174
              1       1209.2228      0.54518799      0.30767985   9.3226505e-05     0.022410203        2.985035      0.97311454     0.032689391      0.99742863      -24.280118       -24.280118       2467.0058                                                 2467.0058
              1       1205.5769      0.49723363      0.30716281   9.2433966e-05     0.022636966       2.9875249      0.97032129     0.037217434      0.99372105      -24.280118       -24.280118       2459.7141                                                 2459.7141
              7       1206.8704      0.33064517      0.30446188   9.1353943e-05     0.022535494       2.9985714      0.96808793     0.044335009      0.99202582      -24.280118       -24.280118       2462.3009                                                 2462.3009
              1       1204.9477      0.37910006      0.30832453   9.2284934e-05     0.022570373       3.0107877      0.97080177     0.047210516      0.99599677      -24.280118       -24.280118       2458.4556                                                 2458.4556
              2       1204.7744      0.50179892      0.30306553   9.1933478e-05     0.022524386       3.0164578      0.97648464      0.05101052      0.99831276      -24.280118       -24.280118       2458.1089                                                 2458.1089
              5       1204.7475      0.54299463      0.30339885   9.2078747e-05      0.02260212       2.9985642      0.97742421     0.040352943      0.99964876      -24.280118       -24.280118       2458.0552                                                 2458.0552
              1       1204.5574      0.55879386      0.30841038   9.3428513e-05     0.022368413       3.0097016      0.97567617     0.043356019       1.0012129      -24.280118       -24.280118        2457.675                                                  2457.675
              1       1204.5107      0.52171559      0.30650436   9.2908466e-05      0.02235643       3.0108408      0.97547628     0.044624724       1.0006157      -24.280118       -24.280118       2457.5816                                                 2457.5816
              1       1204.1464      0.53239104      0.30701014   9.3022613e-05     0.022366738       3.0124989      0.97524757     0.045537565       1.0003708      -24.280118       -24.280118       2456.8531                                                 2456.8531
              1       1204.2589      0.51259007      0.30650365   9.2833945e-05     0.022372587        3.017169      0.97538077     0.047752641       1.0005032      -24.280118       -24.280118        2457.078                                                  2457.078
              2       1203.7849      0.41850216      0.30390565   9.1810541e-05     0.022401065       3.0151917      0.97298353     0.043874676       1.0024723      -24.280118       -24.280118       2456.1301                                                 2456.1301
              1        1204.007       0.4290779      0.30504369   9.2046552e-05     0.022393906       3.0153527      0.97234883     0.042951748       1.0030862      -24.280118       -24.280118       2456.5742                                                 2456.5742
              6       1205.1394      0.38919133      0.30417989   9.1802548e-05     0.022293087       3.0206945      0.97158915     0.046684815       1.0020555      -24.280118       -24.280118        2458.839                                                  2458.839
              5       1205.4972       0.4108466      0.30486337    9.204751e-05     0.022297035       3.0229833      0.97160412     0.047627414       1.0021837      -24.280118       -24.280118       2459.5547                                                 2459.5547
              3       1205.5102      0.41088844      0.30483614   9.2040071e-05     0.022298006       3.0231748      0.97157185     0.047718586       1.0021856      -24.280118       -24.280118       2459.5807                                                 2459.5807
              1       1205.0365      0.39838796      0.30501051   9.1954097e-05      0.02229934       3.0207339      0.97197946     0.046550822       1.0020328      -24.280118       -24.280118       2458.6333                                                 2458.6333
              7       1204.9186      0.43023945      0.30629078   9.2437591e-05     0.022274319       3.0128039      0.97138436     0.042547693       1.0023429      -24.280118       -24.280118       2458.3974                                                 2458.3974
              3       1204.9503      0.42532507      0.30617375   9.2397566e-05     0.022270866       3.0127014      0.97135629     0.042536741       1.0022835      -24.280118       -24.280118       2458.4608                                                 2458.4608
              2        1204.165      0.42546737      0.30552503   9.2233115e-05     0.022296487       3.0139991       0.9717506     0.044355763        1.001259      -24.280118       -24.280118       2456.8902                                                 2456.8902
              2       1204.6314      0.22051456      0.29949135   9.0011276e-05     0.022351898        2.981968      0.97072945     0.028496095        1.000876      -24.280118       -24.280118        2457.823                                                  2457.823
              4       1204.6053      0.45720637      0.30611599   9.2012156e-05     0.022599879       2.9743129      0.96910982     0.023062934       1.0014988      -24.280118       -24.280118       2457.7708                                                 2457.7708
              9       1203.3926      0.39629322      0.30412273   9.1532982e-05     0.022513541       3.0000072      0.97095299      0.03455222       1.0032928      -24.280118       -24.280118       2455.3454                                                 2455.3454
              4        1203.631      0.38853283      0.30340278   9.1478649e-05     0.022493792       3.0011915      0.96762638     0.036889061       1.0019797      -24.280118       -24.280118       2455.8222                                                 2455.8222
              6        1203.451      0.39124491      0.30389711   9.1589654e-05     0.022482565       3.0011052      0.96733434     0.036990853       1.0016583      -24.280118       -24.280118       2455.4623                                                 2455.4623
              1       1204.6095       0.2613234      0.29915691   9.0162847e-05       0.0223734       3.0052768      0.97164634       0.0382584        1.003126      -24.280118       -24.280118       2457.7792                                                 2457.7792
              6         1205.02      0.22871576      0.29775029   8.9628604e-05     0.022411453       3.0136525      0.97203099     0.042865847       1.0017632      -24.280118       -24.280118       2458.6002                                                 2458.6002
              4       1206.1486      0.18252268      0.29497073    8.889371e-05     0.022409405       3.0065188      0.97445352      0.04135953       1.0001311      -24.280118       -24.280118       2460.8574                                                 2460.8574
              1       1205.5642      0.23652977       0.3007162   9.0152652e-05     0.022407869        2.990964      0.97425864     0.036502933      0.99672418      -24.280118       -24.280118       2459.6887                                                 2459.6887
              9       1204.6181      0.23911607      0.29990522   9.0032734e-05       0.0224829       3.0049827      0.97390689     0.045799284      0.99525238      -24.280118       -24.280118       2457.7965                                                 2457.7965
              1       1205.0943       0.2599873      0.30000828   9.0143836e-05     0.022484106       3.0098162      0.97424445     0.048823942      0.99499472      -24.280118       -24.280118       2458.7489                                                 2458.7489
              4       1204.3406      0.46151961      0.30455828   9.1881759e-05     0.022569441         2.99647      0.97608999     0.041291845      0.99711785      -24.280118       -24.280118       2457.2414                                                 2457.2414
              6       1203.9981      0.53210535       0.3073136    9.260445e-05     0.022632089       2.9971121      0.97479373     0.041393733      0.99663416      -24.280118       -24.280118       2456.5563                                                 2456.5563
              3       1206.1198      0.68857665      0.30793532   9.3484416e-05     0.022754107       2.9985504      0.97714451     0.041381342      0.99785762      -24.280118       -24.280118       2460.7998                                                 2460.7998
              3       1207.5704      0.62503523      0.30314904   9.2165903e-05     0.022820803       3.0121866      0.97943781     0.048181226      0.99769688      -24.280118       -24.280118       2463.7011                                                 2463.7011
              3       1208.0836      0.64653566      0.30330432   9.2297434e-05     0.022835407       3.0138698      0.97956471     0.049124552       0.9977309      -24.280118       -24.280118       2464.7273                                                 2464.7273
              3       1207.3216       0.6423021       0.3034071   9.2323579e-05      0.02281056       3.0146774      0.97881134     0.048521809      0.99851192      -24.280118       -24.280118       2463.2035                                                 2463.2035
              2       1206.2721      0.69299085      0.30703217   9.3254637e-05     0.022754799        3.014874      0.97746727     0.050503777      0.99683953      -24.280118       -24.280118       2461.1045                                                 2461.1045
              1       1206.5031      0.75835345      0.31010378   9.4195982e-05     0.022700291       3.0039775      0.97605607     0.043618635       0.9981336      -24.280118       -24.280118       2461.5665                                                 2461.5665
              5       1206.6348      0.74579892      0.30995767    9.412295e-05     0.022682193       2.9999684      0.97578115     0.042345405      0.99706699      -24.280118       -24.280118       2461.8298                                                 2461.8298
              1       1205.8034      0.60624927      0.30672704   9.2946757e-05     0.022566229       2.9978292      0.97796207     0.041819386      0.99799527      -24.280118       -24.280118       2460.1671                                                 2460.1671
              2       1205.6281      0.54222068       0.3104254   9.3452592e-05     0.022484186       2.9692524      0.97498905     0.024598135       0.9995213      -24.280118       -24.280118       2459.8164                                                 2459.8164
              3       1204.7099      0.47913891      0.31141891   9.3258574e-05     0.022557795       2.9826535       0.9729997     0.030601654      0.99928258      -24.280118       -24.280118         2457.98                                                   2457.98
              5       1203.9387      0.34384775       0.3070649   9.1771548e-05     0.022524509       2.9933765      0.97192472     0.032460064       1.0019127      -24.280118       -24.280118       2456.4376                                                 2456.4376
              2       1203.3641       0.5826925      0.31533788   9.4483357e-05     0.022504416       3.0049445      0.97156522     0.041849248       0.9984699      -24.280118       -24.280118       2455.2883                                                 2455.2883
              5       1203.5639      0.60504094      0.31655802   9.4927955e-05     0.022441817       2.9962148      0.97099848     0.037126606      0.99874212      -24.280118       -24.280118        2455.688                                                  2455.688
              1       1203.3523      0.53829041      0.31404658   9.4218104e-05     0.022412723       2.9862535      0.97024044     0.033932207      0.99734491      -24.280118       -24.280118       2455.2648                                                 2455.2648
              1       1205.2868      0.63267704      0.31522093   9.5147327e-05     0.022259776       2.9975754      0.97065012     0.039440406      0.99869409      -24.280118       -24.280118       2459.1339                                                 2459.1339
              3       1203.8941      0.58670599      0.31110528   9.4081477e-05     0.022351303       3.0076851       0.9710403     0.043361253       1.0003059      -24.280118       -24.280118       2456.3485                                                 2456.3485
              7       1203.4921      0.54891518      0.30927394   9.3447252e-05     0.022356504       3.0055569      0.97224492     0.040922142       1.0012729      -24.280118       -24.280118       2455.5445                                                 2455.5445
              2       1204.7958      0.57927248      0.30989943   9.3757297e-05     0.022344217       3.0051961      0.97128407      0.03900563       1.0027435      -24.280118       -24.280118       2458.1519                                                 2458.1519
              4       1203.5852       0.4740169       0.3022412   9.1412109e-05     0.022585384       3.0150012      0.97246918     0.044284085       1.0022652      -24.280118       -24.280118       2455.7306                                                 2455.7306
              3       1203.8646      0.44748743      0.30287517    9.143204e-05     0.022583999       3.0185309      0.97011725     0.044924791       1.0030582      -24.280118       -24.280118       2456.2895                                                 2456.2895
              1       1203.4687       0.4119161      0.30334589   9.1261043e-05      0.02259912         3.01528       0.9711192     0.043240498       1.0025926      -24.280118       -24.280118       2455.4977                                                 2455.4977
              6       1205.2043      0.34391241      0.30035949   9.0725732e-05     0.022514449       3.0079125      0.97652751     0.041039137       1.0024825      -24.280118       -24.280118       2458.9689                                                 2458.9689
              3       1205.2519      0.16726222      0.29730493   8.9340763e-05     0.022494696       3.0035536      0.97341149     0.037521976       1.0027486      -24.280118       -24.280118       2459.0641                                                 2459.0641
              3       1205.3706      0.18044085      0.29632117   8.9178559e-05     0.022508999       3.0180688      0.97455117     0.046053869       1.0020205      -24.280118       -24.280118       2459.3014                                                 2459.3014
              4        1205.946      0.16120681      0.29837256   8.9582618e-05     0.022434816       3.0206307      0.97492842     0.047832665       1.0009316      -24.280118       -24.280118       2460.4523                                                 2460.4523
              2       1205.5697      0.40519306      0.30476075     9.16655e-05     0.022611567       3.0355755        0.972247      0.05512635       1.0016473      -24.280118       -24.280118       2459.6997                                                 2459.6997
              2       1206.1807      0.72373772      0.31619348   9.5597006e-05     0.022469359       3.0330315      0.97381022     0.054586955       1.0016166      -24.280118       -24.280118       2460.9216                                                 2460.9216
              1        1204.501      0.72165766      0.31655879   9.5627388e-05     0.022453348       3.0148264      0.97194868     0.045689766       1.0011116      -24.280118       -24.280118       2457.5623                                                 2457.5623
              3       1204.5035      0.70409758      0.31675506   9.5595235e-05      0.02242794       3.0170453      0.97119065     0.046572764       1.0010472      -24.280118       -24.280118       2457.5672                                                 2457.5672
              1       1204.2833      0.66289664      0.31619355   9.5339154e-05     0.022386855       3.0118087      0.97108793      0.04363716       1.0013553      -24.280118       -24.280118       2457.1268                                                 2457.1268
              1       1204.2361      0.55482575      0.31448589   9.4495778e-05     0.022385175       3.0131504      0.96854891     0.042445344       1.0018646      -24.280118       -24.280118       2457.0325                                                 2457.0325
              1       1203.8594      0.56040055      0.31474866   9.4546457e-05     0.022374726       3.0098707      0.96844741     0.041299128       1.0011678      -24.280118       -24.280118        2456.279                                                  2456.279
              4       1203.0037      0.53337509      0.31304372   9.3971409e-05     0.022442339        3.010836      0.96938014     0.041456348       1.0014032      -24.280118       -24.280118       2454.5676                                                 2454.5676
              1        1202.991       0.5965245      0.31008115   9.3535967e-05     0.022629806       3.0023546      0.97353254     0.040020083       1.0002627      -24.280118       -24.280118       2454.5421                                                 2454.5421
             13       1202.9204      0.58621501       0.3099413   9.3471367e-05     0.022627976       3.0023286      0.97338633     0.040102147       1.0001246      -24.280118       -24.280118        2454.401                                                  2454.401
              2        1202.808      0.59322585      0.31028771   9.3483291e-05      0.02266225       3.0141736      0.97290179     0.046092792      0.99957106      -24.280118       -24.280118       2454.1762                                                 2454.1762
              1       1202.7065      0.59259998      0.31036396   9.3513518e-05      0.02264758       3.0153372      0.97252958     0.046810031      0.99932251      -24.280118       -24.280118       2453.9732                                                 2453.9732
              2       1203.3998      0.61716623      0.31274967    9.431144e-05     0.022514796       3.0165214      0.97493515     0.047314219      0.99984352      -24.280118       -24.280118       2455.3598                                                 2455.3598
              3        1203.017       0.5655599       0.3112833   9.3809006e-05     0.022490967       3.0133126      0.97473426     0.046296971      0.99929691      -24.280118       -24.280118       2454.5943                                                 2454.5943
              3       1203.2147      0.60770939      0.31253702   9.4238727e-05     0.022510684       3.0052235      0.97471243     0.043333229      0.99826757      -24.280118       -24.280118       2454.9897                                                 2454.9897
              1       1203.3003      0.57421551      0.31229474   9.4024582e-05     0.022510986       3.0061781      0.97467259      0.04360531      0.99847338      -24.280118       -24.280118       2455.1608                                                 2455.1608
              1        1203.496      0.56085025      0.31067374    9.362483e-05     0.022524588       3.0042279      0.97605393     0.042825769      0.99850461      -24.280118       -24.280118       2455.5523                                                 2455.5523
              1       1203.7412      0.57822353      0.31135987   9.3902634e-05     0.022464984       3.0002851      0.97583308     0.041747198      0.99811906      -24.280118       -24.280118       2456.0427                                                 2456.0427
              3       1204.1612      0.55078182      0.31126089   9.3738145e-05     0.022452545       3.0029233      0.97587712      0.04444354       0.9964024      -24.280118       -24.280118       2456.8826                                                 2456.8826
              3       1203.8756      0.47217994      0.30837875   9.2529593e-05     0.022497538       3.0096062      0.97232291     0.045192061      0.99775566      -24.280118       -24.280118       2456.3115                                                 2456.3115
              7       1203.0874      0.36871478      0.30228835   9.0944275e-05     0.022531163       3.0163282      0.97183692     0.048856353       0.9978948      -24.280118       -24.280118       2454.7351                                                 2454.7351
             13       1204.2979      0.42368735      0.30730436   9.2261634e-05     0.022439278       3.0299844      0.97187501     0.052980299       1.0004689      -24.280118       -24.280118        2457.156                                                  2457.156
              5       1203.1601      0.54771237      0.31002741   9.3327895e-05     0.022474674       3.0119851      0.97276809     0.042846418       1.0016626      -24.280118       -24.280118       2454.8804                                                 2454.8804
             12       1203.0607      0.53656901      0.31000098   9.3284389e-05     0.022463097        3.011292       0.9726167     0.042647637       1.0014908      -24.280118       -24.280118       2454.6817                                                 2454.6817
              1       1202.8897      0.51611813      0.30898676   9.2998052e-05     0.022460106       3.0100887      0.97299486     0.042366216       1.0011754      -24.280118       -24.280118       2454.3397                                                 2454.3397
              3        1202.782      0.51104638      0.30884912   9.2950241e-05     0.022460314       3.0100141      0.97284136     0.042424531       1.0010805      -24.280118       -24.280118       2454.1243                                                 2454.1243
              6       1202.7283      0.50608574      0.30845674   9.2831447e-05     0.022481503        3.014634      0.97331051     0.044816565       1.0009339      -24.280118       -24.280118       2454.0169                                                 2454.0169
              6       1205.1073      0.44848247      0.30667871    9.229233e-05     0.022411136       3.0148804      0.97059177     0.048018346      0.99929851      -24.280118       -24.280118       2458.7748                                                 2458.7748
              2       1207.5788      0.49189257      0.30578556   9.2120891e-05     0.022545707        3.012754      0.97179009     0.043972119       1.0027381      -24.280118       -24.280118       2463.7178                                                 2463.7178
              1       1207.3667      0.47467937      0.30464404   9.1825648e-05     0.022559427       3.0122093      0.97202449     0.043851816       1.0026999      -24.280118       -24.280118       2463.2936                                                 2463.2936
              5       1207.7752      0.45961976      0.30389154   9.1578805e-05     0.022574832        3.015072      0.97217104     0.045025052       1.0029039      -24.280118       -24.280118       2464.1107                                                 2464.1107
              1       1206.6999      0.39220229      0.30308776   9.1165321e-05     0.022531159       3.0164032      0.97153313     0.045539962       1.0025472      -24.280118       -24.280118       2461.9601                                                 2461.9601
             15       1205.1965      0.45642615      0.30005259   9.0882004e-05     0.022579555       3.0085364      0.97390065     0.043209036       1.0013074      -24.280118       -24.280118       2458.9532                                                 2458.9532
              2       1205.5359      0.45185722      0.29984509   9.0832542e-05     0.022581373       3.0162297      0.97397246     0.046824651       1.0017501      -24.280118       -24.280118        2459.632                                                  2459.632
              4       1205.6231      0.39365269      0.29841739   9.0333139e-05     0.022543374       3.0198718      0.97279428     0.048206251       1.0018638      -24.280118       -24.280118       2459.8063                                                 2459.8063
              2       1204.5495      0.47588652      0.30292242   9.1575169e-05      0.02254142       3.0279869      0.97259717      0.05119721       1.0022239      -24.280118       -24.280118       2457.6593                                                 2457.6593
              3       1204.5149       0.4750545      0.30288425   9.1564615e-05     0.022542293       3.0282978       0.9726007     0.051501325       1.0020877      -24.280118       -24.280118       2457.5899                                                 2457.5899
              5       1204.2405      0.46396804      0.30279926   9.1517013e-05     0.022532895       3.0256169      0.97259256     0.050718991       1.0017347      -24.280118       -24.280118       2457.0413                                                 2457.0413
              7       1204.2048      0.45115266      0.30268998   9.1450341e-05     0.022524029        3.026836      0.97270356     0.051256933        1.001737      -24.280118       -24.280118       2456.9698                                                 2456.9698
              1         1203.69      0.48921987      0.30376246   9.1828724e-05     0.022530923       3.0210121      0.97267313     0.048754308         1.00142      -24.280118       -24.280118       2455.9403                                                 2455.9403
              3       1203.3163      0.51429946      0.30588452   9.2318819e-05     0.022616962       3.0244286      0.97050899     0.048892571       1.0017999      -24.280118       -24.280118       2455.1929                                                 2455.1929
              4       1203.5143      0.53670915      0.30648254   9.2525364e-05     0.022627764       3.0237641       0.9703686     0.048253325       1.0019158      -24.280118       -24.280118       2455.5888                                                 2455.5888
              1       1203.5068      0.54460431      0.30696511   9.2650612e-05     0.022628317       3.0241646      0.97072834     0.048299787       1.0020326      -24.280118       -24.280118       2455.5738                                                 2455.5738
              1       1205.2289      0.68314883      0.31127033   9.4180779e-05     0.022581194       3.0014382      0.97093246     0.037376026       1.0025676      -24.280118       -24.280118       2459.0181                                                 2459.0181
              1       1208.0798      0.61802883       0.3170378    9.478854e-05     0.022589767       3.0086871      0.96384599     0.038139677       1.0023775      -24.280118       -24.280118       2464.7198                                                 2464.7198
              1       1206.8288      0.62914278      0.31771813   9.4945482e-05     0.022639182       3.0219542      0.96632289     0.047937198      0.99940757      -24.280118       -24.280118       2462.2179                                                 2462.2179
              2       1208.7964      0.59923504       0.3142331   9.3892867e-05     0.022734018        3.010421      0.96655842     0.044757742      0.99705032      -24.280118       -24.280118        2466.153                                                  2466.153
              1       1208.5984      0.58899915      0.31401138   9.3809179e-05     0.022729072       3.0096183       0.9664774     0.044392381      0.99695151      -24.280118       -24.280118        2465.757                                                  2465.757
              3       1208.2097      0.51374098      0.31082634   9.2784901e-05     0.022777708       3.0145791      0.96727878     0.045861548       0.9978492      -24.280118       -24.280118       2464.9796                                                 2464.9796
              1        1208.637      0.55701421      0.31329685    9.348733e-05     0.022763741       3.0131712      0.96612459     0.044947513      0.99780615      -24.280118       -24.280118       2465.8342                                                 2465.8342
              4       1208.7997       0.5273777      0.31270892     9.32211e-05     0.022776028       3.0099698      0.96596772     0.043716454      0.99705738      -24.280118       -24.280118       2466.1597                                                 2466.1597
              4       1208.5144      0.52792138      0.31220724    9.321147e-05     0.022693494       3.0104432      0.96598966     0.045843363      0.99550359      -24.280118       -24.280118        2465.589                                                  2465.589
              3       1206.8398      0.51894829      0.30315229   9.1394379e-05     0.022898744       3.0167443      0.97274005      0.04909728      0.99777935      -24.280118       -24.280118       2462.2399                                                 2462.2399
              1        1206.421      0.45268477      0.30096554   9.0703831e-05     0.022868324       3.0139572       0.9718706     0.047679855      0.99777528      -24.280118       -24.280118       2461.4022                                                 2461.4022
              2       1207.2976      0.45923571      0.30175601   9.0843569e-05     0.022914366       3.0159677      0.97011303     0.047003057      0.99877932      -24.280118       -24.280118       2463.1555                                                 2463.1555
              4       1207.1958      0.46549489      0.30196048   9.0921368e-05     0.022910336       3.0160055      0.97005883     0.047047525      0.99880835      -24.280118       -24.280118       2462.9519                                                 2462.9519
              4       1207.2868      0.47021705      0.30202703   9.0953865e-05     0.022917062       3.0157903      0.97021614     0.047007335      0.99875108      -24.280118       -24.280118       2463.1338                                                 2463.1338
              3       1207.6094      0.54383475      0.30341919   9.1614832e-05      0.02287153       3.0262486      0.97092749     0.052134555      0.99828817      -24.280118       -24.280118       2463.7791                                                 2463.7791
              2          1207.5      0.56083233      0.30601609    9.217088e-05     0.022897302       3.0027047      0.96874026     0.038991436      0.99952404      -24.280118       -24.280118       2463.5602                                                 2463.5602
              1        1207.431      0.55261923      0.30487221   9.2008253e-05      0.02288808       3.0039272      0.96910233     0.039837929      0.99967305      -24.280118       -24.280118       2463.4223                                                 2463.4223
              1       1207.4875      0.41751523      0.30721564   9.2099309e-05     0.022653576       3.0054172      0.96790758     0.034542295       1.0038374      -24.280118       -24.280118       2463.5353                                                 2463.5353
              3       1206.0285      0.27318256      0.29929438   9.0125267e-05     0.022446723       2.9983334      0.97091866      0.03225164       1.0051912      -24.280118       -24.280118       2460.6172                                                 2460.6172
              4       1205.4401      0.28469767      0.29819698   8.9772048e-05     0.022624422        2.998263      0.97038065     0.032930691       1.0040118      -24.280118       -24.280118       2459.4404                                                 2459.4404
              3       1205.4464      0.30118965      0.29842082    8.992562e-05     0.022628594       3.0002091      0.97184596     0.034015372       1.0041366      -24.280118       -24.280118       2459.4531                                                 2459.4531
              1       1205.4505      0.31375894      0.29870768   9.0034651e-05     0.022641618       3.0006453      0.97169338     0.034307883       1.0040592      -24.280118       -24.280118       2459.4612                                                 2459.4612
              3       1205.2598      0.22415477      0.30335739    9.091652e-05      0.02235332       2.9719881      0.96539155     0.022276168        1.000771      -24.280118       -24.280118       2459.0798                                                 2459.0798
              9       1205.2708      0.25008139      0.30407907   9.1179653e-05      0.02235057       2.9714382      0.96564774     0.022129569        1.000786      -24.280118       -24.280118       2459.1019                                                 2459.1019
              6       1205.3124      0.25208787      0.30441634   9.1253474e-05     0.022347864       2.9701377      0.96559906     0.021328661       1.0008999      -24.280118       -24.280118       2459.1851                                                 2459.1851
             10        1204.869      0.49056835      0.30929401   9.3098519e-05     0.022444775       2.9664309      0.96844144     0.020379081       1.0002387      -24.280118       -24.280118       2458.2982                                                 2458.2982
              3       1205.5369      0.54121245      0.31045718   9.3434887e-05     0.022496772       2.9639747      0.96822062      0.01811733       1.0011016      -24.280118       -24.280118        2459.634                                                  2459.634
              1        1204.957      0.48834784      0.30891978   9.2936262e-05     0.022456489       2.9701372      0.96797904     0.020640294       1.0016873      -24.280118       -24.280118       2458.4742                                                 2458.4742
              2       1204.8819      0.55628475      0.31038632   9.3314321e-05     0.022513962       2.9828714      0.97162584      0.02867652       1.0005483      -24.280118       -24.280118       2458.3241                                                 2458.3241
              8       1203.7395      0.54121099      0.30943196   9.3079636e-05     0.022530613       2.9882051      0.97249635     0.031898044       1.0001044      -24.280118       -24.280118       2456.0392                                                 2456.0392
              1       1203.9565      0.56941453       0.3101395   9.3325977e-05     0.022550017        2.990071      0.97255274     0.032616148       1.0002348      -24.280118       -24.280118       2456.4733                                                 2456.4733
              2       1205.0121      0.55593878       0.3098543   9.3452965e-05     0.022437642       2.9800311      0.97289971     0.027568021       1.0001071      -24.280118       -24.280118       2458.5845                                                 2458.5845
              5       1205.5404       0.4208336      0.30728633   9.2258068e-05     0.022541731       2.9606193      0.96731028     0.016910193      0.99990342      -24.280118       -24.280118        2459.641                                                  2459.641
              7       1205.8611       0.4248848      0.30727599   9.2256167e-05     0.022570999       2.9605565      0.96699586     0.016535223       1.0002892      -24.280118       -24.280118       2460.2825                                                 2460.2825
              2       1206.3377      0.44218928      0.30836275   9.2521961e-05     0.022583852        2.959665      0.96641872     0.015753445        1.000393      -24.280118       -24.280118       2461.2356                                                 2461.2356
              4       1206.5855      0.35493592      0.30832144   9.2208426e-05     0.022507125       2.9527832      0.96485486     0.012109847      0.99997732      -24.280118       -24.280118       2461.7313                                                 2461.7313
              2       1205.6338      0.38071372      0.30835733   9.2211338e-05      0.02256154       2.9561611      0.96651653     0.012766852        1.001577      -24.280118       -24.280118       2459.8278                                                 2459.8278
              2       1205.8566      0.35770105      0.30771767   9.1963228e-05      0.02258055       2.9595276      0.96645754     0.013972962       1.0018431      -24.280118       -24.280118       2460.2734                                                 2460.2734
              2       1206.9814      0.12214876      0.30130048   8.9737087e-05     0.022535994        2.957475      0.97063844      0.01903178       0.9966489      -24.280118       -24.280118        2462.523                                                  2462.523
              1        1205.877      0.19750361      0.30141404   9.0073593e-05     0.022576323        2.972324      0.97211948     0.027592548      0.99613209      -24.280118       -24.280118       2460.3143                                                 2460.3143
              1       1209.0232      0.16532774      0.29617652   8.8819774e-05     0.022704465       2.9639533      0.97225854      0.02479159      0.99549518      -24.280118       -24.280118       2466.6067                                                 2466.6067
              2       1208.2845      0.16292253      0.29737644   8.9068635e-05     0.022668517       2.9555126      0.96948976     0.019280318      0.99638328      -24.280118       -24.280118       2465.1292                                                 2465.1292
              3       1207.6135      0.20515654      0.29855099    8.956982e-05     0.022646519       2.9634494      0.96870517     0.023525643      0.99534254      -24.280118       -24.280118       2463.7872                                                 2463.7872
              1       1208.8699      0.15642118      0.29970867   8.9519189e-05     0.022594552       2.9618687      0.96630228     0.024610538      0.99281012      -24.280118       -24.280118          2466.3                                                    2466.3
              3       1209.0227      0.47646984      0.31666079   9.4423812e-05     0.022474782       2.9612299      0.96663619     0.022673776      0.99426359      -24.280118       -24.280118       2466.6056                                                 2466.6056
              1       1209.2359       0.5105327      0.31728653   9.4701346e-05     0.022514681       2.9661721      0.96760428     0.023606299      0.99559025      -24.280118       -24.280118       2467.0319                                                 2467.0319
              3       1207.1005      0.74601562      0.31523484   9.5549377e-05     0.022478231       2.9768061      0.97469458      0.03049496      0.99758435      -24.280118       -24.280118       2462.7612                                                 2462.7612
              1       1208.1102      0.63031074      0.31251471   9.4601148e-05     0.022354178       2.9666114      0.97465645     0.024127901      0.99809184      -24.280118       -24.280118       2464.7806                                                 2464.7806
              2       1207.8864      0.63207772       0.3124366   9.4582782e-05     0.022358156       2.9685956       0.9744914     0.025052314      0.99809418      -24.280118       -24.280118       2464.3329                                                 2464.3329
              2       1206.5328       0.3136856      0.30410273   9.1446778e-05     0.022338712       2.9506149      0.96536185     0.012886711       1.0002661      -24.280118       -24.280118       2461.6257                                                 2461.6257
              3       1207.0808      0.41423564      0.30736429   9.2351201e-05     0.022297962       2.9805612      0.96581923     0.026681153       1.0016286      -24.280118       -24.280118       2462.7218                                                 2462.7218
              1        1209.962      0.53545253      0.30217755   9.1266517e-05     0.022840115       3.0154106      0.96691007     0.045360902      0.99999859      -24.280118       -24.280118       2468.4843                                                 2468.4843
              2       1210.0803      0.53723799      0.30075753   9.1035158e-05     0.022832833       3.0180599      0.96773637     0.046857065       1.0002807      -24.280118       -24.280118       2468.7207                                                 2468.7207
              4       1210.7408      0.49747269       0.3030628   9.1263803e-05     0.022840264       3.0326678      0.96586091     0.051731778       1.0014665      -24.280118       -24.280118       2470.0419                                                 2470.0419
              6        1210.661      0.49527741       0.3029911   9.1242923e-05     0.022837898        3.032658       0.9659211     0.051657859       1.0015386      -24.280118       -24.280118       2469.8822                                                 2469.8822
             11       1210.5628      0.49160226      0.30531344   9.1727902e-05     0.022807651       3.0280145      0.96419877     0.047554577        1.002654      -24.280118       -24.280118       2469.6858                                                 2469.6858
             10       1209.8922      0.40097387      0.30589449     9.18639e-05     0.022506032       3.0251217      0.96000672     0.048282805       1.0011647      -24.280118       -24.280118       2468.3446                                                 2468.3446
              3       1209.2959      0.37235701      0.30421432   9.1331979e-05     0.022568513       3.0230251      0.96140009     0.044736272       1.0032988      -24.280118       -24.280118       2467.1521                                                 2467.1521
              9       1208.5437      0.37554844      0.30511198   9.1633901e-05      0.02247539       3.0194519      0.96141974     0.043434318       1.0030293      -24.280118       -24.280118       2465.6476                                                 2465.6476
              1        1208.538      0.37546133      0.30498391   9.1598272e-05     0.022480518       3.0190323      0.96153603      0.04309414       1.0031304      -24.280118       -24.280118       2465.6362                                                 2465.6362
              3       1208.3986      0.37493651      0.30510097    9.162433e-05     0.022474721       3.0184225      0.96154601     0.042823376       1.0030731      -24.280118       -24.280118       2465.3575                                                 2465.3575
              2       1208.4492      0.37728333      0.30585575   9.1780918e-05     0.022464129       3.0198475      0.96171219     0.043029741       1.0035978      -24.280118       -24.280118       2465.4587                                                 2465.4587
              6       1209.2424      0.47213075       0.3076067   9.2610008e-05      0.02249398       3.0213638      0.96064965     0.046948945       1.0008499      -24.280118       -24.280118        2467.045                                                  2467.045
              5       1211.0859      0.33991354       0.3038254   9.1314383e-05     0.022477206       3.0103075      0.95819732     0.041863065       1.0005317      -24.280118       -24.280118        2470.732                                                  2470.732
              3       1210.1164      0.38692289      0.30562296    9.194834e-05     0.022448687       3.0093323        0.959078     0.041980027       1.0003441      -24.280118       -24.280118       2468.7931                                                 2468.7931
              3       1209.4442      0.41711529      0.30303199   9.1487958e-05     0.022499288       3.0392056      0.96397168      0.05793199       1.0000196      -24.280118       -24.280118       2467.4487                                                 2467.4487
              1       1209.3926      0.44016564      0.30160777   9.1325963e-05     0.022465747       3.0335462       0.9647607      0.05436135       1.0010029      -24.280118       -24.280118       2467.3454                                                 2467.3454
              2       1208.2138      0.44781458      0.30343825   9.1712359e-05     0.022444086       3.0321519      0.96505925     0.052509904       1.0017039      -24.280118       -24.280118       2464.9879                                                 2464.9879
              3       1206.8672      0.30967028      0.29545302   8.9659203e-05      0.02251446       2.9856506      0.97084719     0.031506576       1.0008087      -24.280118       -24.280118       2462.2947                                                 2462.2947
              5       1209.7064      0.25570404      0.28994919   8.8256659e-05      0.02261251       2.9922062      0.97262995     0.035406033       1.0008943      -24.280118       -24.280118       2467.9731                                                 2467.9731
              5       1207.3731      0.15936237      0.29011429   8.7857563e-05     0.022590694       3.0030767      0.97255763     0.042174371      0.99951938      -24.280118       -24.280118       2463.3063                                                 2463.3063
              2       1206.9987      0.35500206      0.30592152   9.1615729e-05     0.022596196       2.9803206      0.96805244     0.032279472      0.99700314      -24.280118       -24.280118       2462.5576                                                 2462.5576
              1       1206.9095      0.39793812      0.30782834   9.2304451e-05     0.022532225        2.974559      0.96847285     0.029199137      0.99752846      -24.280118       -24.280118       2462.3793                                                 2462.3793
              3       1207.2621       0.4205132      0.30782144   9.2370396e-05     0.022570792       2.9767347       0.9693249     0.029648904      0.99842098      -24.280118       -24.280118       2463.0845                                                 2463.0845
              3       1205.6411      0.50028074      0.31051199   9.3230677e-05     0.022581671       2.9734677       0.9693477      0.02798417      0.99772769      -24.280118       -24.280118       2459.8424                                                 2459.8424
              2       1205.9227      0.39556056      0.30675079   9.2069791e-05     0.022545824       2.9653506      0.96998385     0.025128809      0.99652205      -24.280118       -24.280118       2460.4057                                                 2460.4057
              6       1205.9093      0.39508285      0.30680175   9.2080235e-05       0.0225431       2.9652881      0.96994089     0.025095474      0.99651728      -24.280118       -24.280118       2460.3789                                                 2460.3789
              4         1206.21      0.38866367       0.3049721    9.156043e-05     0.022641856       2.9664082      0.97341797     0.024958444      0.99693643      -24.280118       -24.280118       2460.9803                                                 2460.9803
              2       1206.6096      0.39677339       0.3057393   9.1713096e-05      0.02267286       2.9654897       0.9725687     0.024393347      0.99671707      -24.280118       -24.280118       2461.7794                                                 2461.7794
              2       1205.3811      0.27042474      0.30126325   9.0366912e-05     0.022616894       2.9808716      0.97105599     0.033230539      0.99574546      -24.280118       -24.280118       2459.3225                                                 2459.3225
              6       1204.8971      0.34704647      0.30295363   9.0911449e-05     0.022606833       2.9812537      0.96967163     0.034048161      0.99454883      -24.280118       -24.280118       2458.3543                                                 2458.3543
              1       1205.0901      0.41267252      0.30737948   9.2064289e-05     0.022581233       2.9823913      0.96974231      0.03477854      0.99457849      -24.280118       -24.280118       2458.7405                                                 2458.7405
              4       1203.7808      0.48450305      0.31110973   9.3226073e-05     0.022606165       2.9917724      0.97063401     0.036397055      0.99724105      -24.280118       -24.280118       2456.1219                                                 2456.1219
              2       1203.7903      0.59491193      0.31227017   9.3935155e-05     0.022627365       2.9922994      0.97376998     0.037004508      0.99754119      -24.280118       -24.280118       2456.1409                                                 2456.1409
              1       1203.6465       0.6153992      0.30886808   9.3388376e-05      0.02265547        2.997695      0.97387106     0.040516734      0.99723256      -24.280118       -24.280118       2455.8533                                                 2455.8533
              7       1203.6432       0.6134019      0.30852136    9.332997e-05     0.022652526       3.0006526      0.97445513     0.042228042      0.99717981      -24.280118       -24.280118       2455.8467                                                 2455.8467
             12       1204.7386      0.47506922      0.30326588   9.1815212e-05     0.022617269       3.0213067      0.97425949     0.050995044       0.9988478      -24.280118       -24.280118       2458.0375                                                 2458.0375
              1        1204.365      0.45973264      0.30304845    9.169013e-05     0.022619137       3.0192627      0.97381054      0.04956932      0.99910289      -24.280118       -24.280118       2457.2902                                                 2457.2902
              1       1206.3172      0.39254884      0.30435034   9.1746006e-05     0.022541758       3.0293459      0.97169281     0.052956452      0.99969962      -24.280118       -24.280118       2461.1945                                                 2461.1945
              2       1207.4028      0.53190076      0.30941119   9.3192301e-05     0.022644436        3.021164      0.96944125     0.049412392      0.99778428      -24.280118       -24.280118       2463.3659                                                 2463.3659
              5       1207.1083      0.54467699      0.31022641   9.3407655e-05     0.022625353       3.0209294        0.969348     0.049319902      0.99764122      -24.280118       -24.280118       2462.7768                                                 2462.7768
              6       1203.1431      0.58257341      0.30934193    9.328172e-05     0.022665058       3.0119277      0.97345248     0.045454188      0.99856354      -24.280118       -24.280118       2454.8464                                                 2454.8464
              6       1202.5121      0.60552095      0.31104724   9.3762194e-05      0.02260971       3.0059425      0.97277792     0.041663765      0.99985311      -24.280118       -24.280118       2453.5844                                                 2453.5844
              9       1203.3266       0.5764903      0.31022716   9.3336919e-05     0.022671121       3.0102419      0.97418909      0.04521692      0.99785712      -24.280118       -24.280118       2455.2134                                                 2455.2134
              3       1203.4914      0.57455672      0.31011459   9.3298132e-05     0.022680652       3.0120534      0.97433017     0.046112685      0.99786038      -24.280118       -24.280118       2455.5431                                                 2455.5431
              2        1203.008      0.54922375      0.30949718   9.3142853e-05      0.02264079       3.0152726       0.9740452     0.046747927      0.99885711      -24.280118       -24.280118       2454.5762                                                 2454.5762
              1       1203.2288      0.54222106      0.31023346   9.3270222e-05     0.022642363       3.0091151      0.97374651     0.043448701      0.99885541      -24.280118       -24.280118       2455.0179                                                 2455.0179
              3       1203.0933      0.55163664      0.31042224   9.3344355e-05     0.022632543       3.0088057      0.97371463     0.042598021      0.99947112      -24.280118       -24.280118       2454.7468                                                 2454.7468
              1       1203.1434      0.54868312      0.31038385   9.3318723e-05     0.022634896       3.0088302      0.97366958     0.042549633      0.99949389      -24.280118       -24.280118       2454.8471                                                 2454.8471
              3       1203.2842      0.40144833       0.3040382   9.1472385e-05     0.022608667       3.0023816      0.97428567     0.039917273       0.9988732      -24.280118       -24.280118       2455.1285                                                 2455.1285
              1       1203.5029      0.41275403      0.30427902   9.1568878e-05     0.022619729       2.9980603      0.97435167     0.037690976      0.99900977      -24.280118       -24.280118       2455.5661                                                 2455.5661
              1       1203.5003       0.4118955      0.30429185    9.157163e-05     0.022618084       2.9980898      0.97429499     0.037678169      0.99902751      -24.280118       -24.280118       2455.5608                                                 2455.5608
              1       1204.3479       0.2514069      0.29829363   8.9816791e-05     0.022512551       3.0174888      0.97192726     0.050980896      0.99707346      -24.280118       -24.280118        2457.256                                                  2457.256
              1       1204.1636      0.26844775      0.29818648   8.9881566e-05     0.022521045       3.0147354      0.97212339     0.049418327      0.99759076      -24.280118       -24.280118       2456.8875                                                 2456.8875
              3       1204.8219      0.23090922      0.29637904   8.9355688e-05     0.022540512       3.0108863       0.9723903      0.04825131      0.99687432      -24.280118       -24.280118        2458.204                                                  2458.204
              3       1205.3643      0.23028809      0.29695796   8.9513206e-05     0.022525949       3.0137161      0.97377369     0.049694467      0.99711789      -24.280118       -24.280118       2459.2889                                                 2459.2889
              2         1205.61      0.22833551      0.29706043   8.9513174e-05     0.022536431       3.0184654      0.97351155     0.051905364      0.99713828      -24.280118       -24.280118       2459.7802                                                 2459.7802
              2       1205.9543      0.31431969      0.29830038   9.0113281e-05     0.022576712       3.0212068      0.97576045     0.053906092      0.99672587      -24.280118       -24.280118       2460.4689                                                 2460.4689
              3       1205.7973      0.32776031      0.29970755   9.0487565e-05     0.022552446       3.0193032       0.9753844     0.053196816      0.99642435      -24.280118       -24.280118       2460.1548                                                 2460.1548
              1       1205.9854      0.31425895      0.29928703   9.0353473e-05     0.022553697       3.0195997       0.9752996     0.053293406      0.99646349      -24.280118       -24.280118       2460.5311                                                 2460.5311
              6       1206.5459      0.38815726      0.30149088     9.11018e-05     0.022593941       3.0187332      0.97433338     0.053528942      0.99604678      -24.280118       -24.280118        2461.652                                                  2461.652
              6       1205.7076      0.36438115      0.30090533   9.0853994e-05     0.022598542       3.0156355      0.97303809     0.051700193       0.9959441      -24.280118       -24.280118       2459.9753                                                 2459.9753
              1       1208.0352     0.063590458      0.29175486    8.771134e-05      0.02262882       3.0106497      0.97387872     0.047824226      0.99572644      -24.280118       -24.280118       2464.6307                                                 2464.6307
              1       1209.4369      0.03065648      0.28982121   8.7335279e-05     0.022540184       3.0052283      0.97347525     0.047311691      0.99397837      -24.280118       -24.280118       2467.4341                                                 2467.4341
              6       1209.5658     0.022039638      0.28948062   8.7231876e-05     0.022541889       3.0057924      0.97337163     0.047623465      0.99399912      -24.280118       -24.280118       2467.6918                                                 2467.6918
              9       1209.8622     0.086544189      0.29551579   8.8970757e-05     0.022331284       3.0135905      0.97307734     0.051854026      0.99412275      -24.280118       -24.280118       2468.2847                                                 2468.2847
              5        1205.438      0.26975994      0.30177594   9.0936428e-05     0.022352929       2.9905761      0.97109799     0.036578579      0.99831943      -24.280118       -24.280118       2459.4362                                                 2459.4362
              1       1205.0151      0.25315283      0.30482024   9.1429335e-05     0.022341699       2.9964671      0.96895325     0.037530198      0.99919345      -24.280118       -24.280118       2458.5904                                                 2458.5904
              4       1204.5736      0.41156746      0.30849803   9.2742744e-05     0.022372368       3.0190074      0.97127974     0.049994427      0.99890243      -24.280118       -24.280118       2457.7074                                                 2457.7074
              1       1204.5335      0.47131161      0.31002936   9.3172958e-05     0.022372075       3.0186634      0.97140732     0.051353551      0.99743081      -24.280118       -24.280118       2457.6273                                                 2457.6273
              7        1204.135      0.49355823      0.31098481   9.3441009e-05     0.022387501       3.0148251      0.97108391     0.049544574      0.99718797      -24.280118       -24.280118       2456.8303                                                 2456.8303
              4       1203.4081      0.51274306      0.31163353   9.3596609e-05     0.022424617       3.0115007      0.96949009      0.04616937      0.99859482      -24.280118       -24.280118       2455.3764                                                 2455.3764
              9       1205.5017      0.70216451      0.31787502   9.5814917e-05     0.022410304       3.0096256      0.96883838     0.046476205      0.99765957      -24.280118       -24.280118       2459.5636                                                 2459.5636
              1       1205.3647      0.65933948      0.31755021   9.5477032e-05      0.02248896       2.9984016      0.96689152      0.03967697      0.99826189      -24.280118       -24.280118       2459.2896                                                 2459.2896
              1       1205.0693      0.58713524      0.31322052   9.4321607e-05     0.022465727       2.9960688      0.96644747     0.037841026      0.99942921      -24.280118       -24.280118       2458.6989                                                 2458.6989
              4       1204.5951      0.55321402       0.3121509   9.3978931e-05     0.022461695        2.999905      0.96659995     0.039414776      0.99968745      -24.280118       -24.280118       2457.7505                                                 2457.7505
              1       1205.2472      0.64523541      0.31518021   9.5034211e-05     0.022444787       3.0054186      0.96688887     0.042405532      0.99959665      -24.280118       -24.280118       2459.0547                                                 2459.0547
              1       1205.3414      0.64915924      0.31535686   9.5075265e-05     0.022450352       3.0051272      0.96675877     0.042312935      0.99951778      -24.280118       -24.280118        2459.243                                                  2459.243
              7       1205.1073      0.66195846      0.31587211   9.5212094e-05      0.02245764       3.0062092      0.96734176     0.042575909      0.99979644      -24.280118       -24.280118       2458.7749                                                 2458.7749
              5       1205.3077      0.68176677      0.31610609   9.5332804e-05      0.02248425       3.0053597      0.96721052     0.042352078      0.99954226      -24.280118       -24.280118       2459.1757                                                 2459.1757
             12       1204.7589      0.71238972      0.31737039   9.5694677e-05     0.022470722       3.0035748      0.96893027     0.042006175      0.99891024      -24.280118       -24.280118       2458.0781                                                 2458.0781
             11       1203.6923      0.62361855       0.3136016   9.4449275e-05     0.022538036       3.0102004      0.96863032     0.042599334      0.99987652      -24.280118       -24.280118       2455.9449                                                 2455.9449
              1       1203.5743      0.58070207      0.31058996    9.370922e-05     0.022579851       3.0154982      0.97061009     0.046027524      0.99988318      -24.280118       -24.280118       2455.7089                                                 2455.7089
              3       1204.0345       0.4948911      0.30399268   9.2021399e-05     0.022571789       3.0266898      0.97043412     0.052223945       1.0000771      -24.280118       -24.280118       2456.6293                                                 2456.6293
              3       1203.7124      0.37866071      0.30002352   9.0655576e-05     0.022577369       3.0232302      0.97243966     0.051668792      0.99832484      -24.280118       -24.280118        2455.985                                                  2455.985
             10        1203.013      0.36644056      0.29961797    9.054699e-05     0.022554882       3.0156095      0.97263932     0.047823445      0.99856796      -24.280118       -24.280118       2454.5862                                                 2454.5862
              4       1202.8878       0.3629855      0.29976486   9.0547377e-05     0.022558967       3.0130366      0.97270552     0.046800173      0.99823495      -24.280118       -24.280118       2454.3358                                                 2454.3358
             10       1202.9028      0.36779239      0.29981187   9.0573156e-05     0.022561095       3.0131096      0.97280311     0.046818885      0.99825223      -24.280118       -24.280118       2454.3658                                                 2454.3658
              9       1202.7134      0.35917218       0.2994966   9.0530227e-05     0.022528121         3.00805      0.97207566     0.044151361      0.99872773      -24.280118       -24.280118       2453.9871                                                 2453.9871
              2        1206.308      0.13811185      0.29586506   8.8849964e-05     0.022531743       3.0259689      0.97179363     0.050183467       1.0017452      -24.280118       -24.280118       2461.1763                                                 2461.1763
              7       1206.0735      0.13752709      0.29624955   8.8952761e-05     0.022515969        3.024654      0.97174938     0.049529005       1.0017121      -24.280118       -24.280118       2460.7072                                                 2460.7072
              3       1205.7662      0.46472445      0.30155169   9.1157209e-05     0.022698331       3.0278957      0.97874752     0.053265095       1.0004948      -24.280118       -24.280118       2460.0927                                                 2460.0927
              4       1203.9178      0.46662588      0.30368478   9.1640003e-05     0.022647763       3.0165542      0.97738693      0.04875035      0.99850525      -24.280118       -24.280118       2456.3959                                                 2456.3959
              5       1203.7232      0.46929082      0.30240157   9.1424657e-05     0.022638094       3.0166766      0.97713945     0.049218777      0.99854605      -24.280118       -24.280118       2456.0066                                                 2456.0066
              3       1204.2359      0.53262018      0.30359325   9.1909068e-05     0.022670011       3.0208679      0.97739988     0.051243412      0.99848566      -24.280118       -24.280118        2457.032                                                  2457.032
              1       1205.2346      0.44532031      0.30924912   9.2595798e-05     0.022675853       3.0024217      0.96816702     0.041250737      0.99818392      -24.280118       -24.280118       2459.0295                                                 2459.0295
              3       1205.4681      0.35689514      0.30954812    9.226744e-05     0.022575198       2.9683582      0.96595384     0.021577345      0.99949135      -24.280118       -24.280118       2459.4965                                                 2459.4965
              6       1206.0988      0.32453746       0.3084334   9.1807394e-05     0.022606943        2.972623      0.96447565     0.023416108      0.99922147      -24.280118       -24.280118       2460.7578                                                 2460.7578
              1       1204.6932      0.50635219      0.31410286   9.3896406e-05     0.022515365       2.9767956      0.96856551     0.023961511       1.0017229      -24.280118       -24.280118       2457.9467                                                 2457.9467
              4        1204.756       0.5061307      0.31425188   9.3927268e-05     0.022512813        2.976228      0.96853325     0.023704651       1.0016307      -24.280118       -24.280118       2458.0723                                                 2458.0723
              1       1204.8096      0.51291954       0.3145191   9.4012849e-05     0.022506199       2.9749615      0.96839358     0.023243311       1.0014952      -24.280118       -24.280118       2458.1794                                                 2458.1794
              1       1204.5157      0.51467439      0.31449391   9.4019222e-05     0.022504377       2.9777193      0.96852888     0.024861702       1.0013086      -24.280118       -24.280118       2457.5916                                                 2457.5916
              4       1203.6138      0.37452814      0.30865968   9.2414476e-05     0.022408007       2.9761923      0.97012996      0.02437732       1.0013791      -24.280118       -24.280118       2455.7878                                                 2455.7878
              2        1203.796      0.33964641      0.30756967   9.1950135e-05     0.022467814       2.9792706      0.97119374     0.025354028       1.0014492      -24.280118       -24.280118       2456.1522                                                 2456.1522
             10       1204.3855      0.32034828      0.30714661   9.1848405e-05     0.022480083       2.9819976      0.97128401     0.026613055       1.0019454      -24.280118       -24.280118       2457.3312                                                 2457.3312
              2       1204.5123      0.32874471      0.30720947   9.1842997e-05     0.022512737       2.9833456       0.9712988     0.026830048       1.0022567      -24.280118       -24.280118       2457.5849                                                 2457.5849
              4       1203.6396       0.3163577      0.30667571   9.1650085e-05     0.022540618       2.9924746      0.97077174     0.032453889       1.0009946      -24.280118       -24.280118       2455.8394                                                 2455.8394
              2       1202.8321      0.38825713      0.30910402   9.2433156e-05     0.022500008       2.9909976      0.96898337     0.031673976       1.0009631      -24.280118       -24.280118       2454.2244                                                 2454.2244
              7       1207.2447      0.41180878      0.31418602   9.3358501e-05     0.022436088       2.9818116      0.96503391     0.030409475      0.99664149      -24.280118       -24.280118       2463.0495                                                 2463.0495
              1       1208.7467      0.42343722      0.31525617   9.3575196e-05      0.02243261       2.9784188      0.96396291     0.028156631      0.99676825      -24.280118       -24.280118       2466.0537                                                 2466.0537
              2       1208.8078       0.4378431      0.31566898   9.3724998e-05       0.0224308       2.9780534      0.96406369     0.028153213      0.99665827      -24.280118       -24.280118       2466.1759                                                 2466.1759
              4       1209.6325      0.43635011      0.31765688   9.4344146e-05     0.022320632       2.9721651      0.96009428     0.024129239      0.99762612      -24.280118       -24.280118       2467.8252                                                 2467.8252
              4       1207.8028      0.43403438      0.31458519   9.3796462e-05     0.022320429       2.9727697      0.96253102     0.024843795      0.99678883      -24.280118       -24.280118       2464.1659                                                 2464.1659
              3        1206.324      0.38920735      0.31233906   9.3193986e-05     0.022329105       2.9883047      0.96415986     0.032808978      0.99660715      -24.280118       -24.280118       2461.2083                                                 2461.2083
              4       1205.1336       0.3326869      0.31038253   9.2596545e-05     0.022317004       2.9839341      0.96519052     0.030997235       0.9967151      -24.280118       -24.280118       2458.8275                                                 2458.8275
              5       1204.9413      0.35366846      0.31134276   9.2797286e-05     0.022343496       2.9949805      0.96550383     0.036493225      0.99673264      -24.280118       -24.280118       2458.4429                                                 2458.4429
              3       1204.4183      0.43808603      0.31056568   9.2983321e-05     0.022461302       3.0014041      0.96842055     0.042850758      0.99439426      -24.280118       -24.280118       2457.3969                                                 2457.3969
              1       1204.4683      0.45923826      0.31141491   9.3246608e-05     0.022455356       2.9993327      0.96820328     0.041630278      0.99453821      -24.280118       -24.280118       2457.4968                                                 2457.4968
              3       1204.1393      0.60454174      0.31013837   9.3509955e-05     0.022668256       3.0025591      0.96975341       0.0436884      0.99580615      -24.280118       -24.280118       2456.8388                                                 2456.8388
              1       1203.2938      0.53020186      0.30880594   9.2965588e-05     0.022644629        2.998545      0.96885788      0.03976052      0.99740779      -24.280118       -24.280118       2455.1477                                                 2455.1477
              1       1203.2619      0.51659783      0.30805397   9.2806389e-05     0.022617286       2.9969182      0.96878461     0.039387399      0.99721085      -24.280118       -24.280118        2455.084                                                  2455.084
              1        1204.068      0.58191878       0.3086777   9.3149185e-05     0.022653316       2.9948042      0.96974946     0.039863634      0.99640788      -24.280118       -24.280118       2456.6962                                                 2456.6962
              3       1203.9799      0.60045679      0.30869487   9.3212711e-05     0.022667353       2.9948426      0.97052505     0.039451952      0.99683724      -24.280118       -24.280118         2456.52                                                   2456.52
              2       1203.9677      0.59942531      0.30863796   9.3196317e-05     0.022667873       2.9949587      0.97053914     0.039516911       0.9968323      -24.280118       -24.280118       2456.4956                                                 2456.4956
              1       1203.7493      0.55682157      0.30588616   9.2703603e-05     0.022508195       2.9954202      0.97113921     0.039349171       0.9983854      -24.280118       -24.280118       2456.0587                                                 2456.0587
              4       1204.0342      0.39134123      0.30404078   9.1545265e-05      0.02247175       2.9821979      0.97080091      0.03088656      0.99982673      -24.280118       -24.280118       2456.6286                                                 2456.6286
              5       1204.6642      0.48017265      0.30601338   9.2218075e-05     0.022589861       2.9819587      0.97005405     0.030406812        1.000123      -24.280118       -24.280118       2457.8887                                                 2457.8887
              2       1204.8617      0.50934884      0.30639821   9.2501594e-05     0.022553736       2.9826434      0.97109094     0.031502629      0.99993015      -24.280118       -24.280118       2458.2837                                                 2458.2837
              6       1205.1074      0.49872574      0.30652305   9.2553484e-05     0.022503873       2.9769146      0.97017856      0.02755261       1.0008181      -24.280118       -24.280118        2458.775                                                  2458.775
              1       1205.2577      0.50707129      0.30645504    9.255182e-05     0.022525149       2.9776942      0.96969346     0.027641298       1.0010193      -24.280118       -24.280118       2459.0756                                                 2459.0756
              1       1205.1911      0.53763554      0.30773233   9.2997751e-05     0.022507967       2.9911453      0.97080631     0.032073248       1.0033765      -24.280118       -24.280118       2458.9424                                                 2458.9424
              4       1204.4077      0.29410714      0.30430903    9.115731e-05     0.022484359        2.989621      0.96760533     0.029118544       1.0034518      -24.280118       -24.280118       2457.3757                                                 2457.3757
              5       1204.6011      0.24959428      0.30212127   9.0585642e-05     0.022514555       2.9921688       0.9678505     0.031467226       1.0026467      -24.280118       -24.280118       2457.7625                                                 2457.7625
              2       1204.0226      0.28964379      0.30291761   9.0878521e-05     0.022507169       2.9950483       0.9707949     0.034302702       1.0020851      -24.280118       -24.280118       2456.6054                                                 2456.6054
              1       1203.1078      0.33240676       0.3051261   9.1385514e-05     0.022539171       2.9978161        0.971454     0.034707626       1.0019524      -24.280118       -24.280118       2454.7758                                                 2454.7758
              7       1202.5815      0.40013514      0.30626771   9.1992816e-05     0.022499529       3.0052644       0.9720952     0.038656262       1.0021712      -24.280118       -24.280118       2453.7232                                                 2453.7232
             14       1202.7828      0.39582047      0.30588837   9.1896628e-05     0.022503819       3.0038749      0.97247859     0.037908427       1.0024052      -24.280118       -24.280118       2454.1258                                                 2454.1258
              1       1202.9315      0.39825018      0.30603893   9.1900259e-05     0.022510383       3.0014014      0.97289102     0.036702249       1.0023388      -24.280118       -24.280118       2454.4232                                                 2454.4232
              5       1202.5466      0.35894583      0.30515086   9.1553902e-05     0.022514841       2.9966978      0.97244688     0.036186793       1.0005619      -24.280118       -24.280118       2453.6535                                                 2453.6535
              2       1203.0999      0.26173489      0.30002076   9.0303978e-05     0.022480208       2.9981697      0.97242801     0.039552101      0.99817538      -24.280118       -24.280118       2454.7601                                                 2454.7601
              6       1203.2217      0.26532245      0.30040362   9.0423661e-05     0.022430795       3.0033301      0.97340511     0.042633448      0.99768028      -24.280118       -24.280118       2455.0037                                                 2455.0037
              3       1203.1225      0.36898201      0.30277954   9.1293295e-05     0.022418775       2.9961026      0.97462163      0.03991399      0.99743281      -24.280118       -24.280118       2454.8053                                                 2454.8053
              1       1203.0543       0.3850524      0.30327798   9.1407329e-05     0.022456732       2.9980278      0.97538291     0.040659376      0.99757052      -24.280118       -24.280118       2454.6689                                                 2454.6689
              2       1202.7302      0.45552185      0.30398106   9.1863001e-05     0.022479404       3.0082261      0.97572499     0.044071411      0.99964792      -24.280118       -24.280118       2454.0207                                                 2454.0207
              5       1204.2322      0.43600656      0.30383515    9.184604e-05     0.022405821       3.0172909      0.97710603     0.048911316       0.9997244      -24.280118       -24.280118       2457.0246                                                 2457.0246
              2       1204.1897      0.44171054      0.30473728   9.2077082e-05     0.022388553       3.0142904      0.97697556     0.047467669      0.99965499      -24.280118       -24.280118       2456.9397                                                 2456.9397
              8       1204.1947      0.44095756      0.30467787   9.2061189e-05     0.022389373       3.0142996      0.97699836     0.047471576      0.99965397      -24.280118       -24.280118       2456.9496                                                 2456.9496
              6       1204.5607       0.4303338       0.3047635   9.2049028e-05     0.022367739       3.0141319      0.97671355     0.047908464      0.99945387      -24.280118       -24.280118       2457.6816                                                 2457.6816
              1       1203.7064      0.43081435      0.30553419   9.2189945e-05     0.022393846       3.0148008      0.97505088     0.047476655      0.99996305      -24.280118       -24.280118       2455.9729                                                 2455.9729
              8       1205.0534      0.48498356       0.3074899   9.2799379e-05     0.022432744       3.0185169      0.97722145     0.049074764       1.0004673      -24.280118       -24.280118       2458.6671                                                 2458.6671
              1         1206.59      0.58722577      0.30988203   9.3594212e-05     0.022564809       3.0297935      0.97692067     0.056427804      0.99914134      -24.280118       -24.280118       2461.7402                                                 2461.7402
              1       1207.2732      0.58314841      0.30833787   9.3147611e-05     0.022561821       3.0272253      0.97840751     0.054800132      0.99986048      -24.280118       -24.280118       2463.1066                                                 2463.1066
              6       1209.8039      0.50928786      0.31110421   9.3597719e-05     0.022358206       3.0052378      0.98094238     0.042964322       1.0001671      -24.280118       -24.280118        2468.168                                                  2468.168
              1       1208.4844      0.39249656      0.30768797    9.226227e-05     0.022396205       3.0135768      0.97960592     0.043557648       1.0014162      -24.280118       -24.280118       2465.5291                                                 2465.5291
              2       1208.7349      0.27125924      0.30108391   9.0339791e-05     0.022522104       3.0176727      0.98020889     0.046098084       1.0008043      -24.280118       -24.280118         2466.03                                                   2466.03
             12       1208.9909      0.23725996      0.30041621   9.0102666e-05     0.022498119       3.0100189       0.9797604     0.040849462       1.0022659      -24.280118       -24.280118       2466.5421                                                 2466.5421
              2       1209.1907      0.20644918      0.30062658   9.0033755e-05     0.022484064       3.0064953      0.97914729     0.038793966       1.0024044      -24.280118       -24.280118       2466.9415                                                 2466.9415
              4       1207.4454      0.25407254      0.30337061   9.0822427e-05     0.022469108       3.0074865      0.97759995     0.040126077         1.00106      -24.280118       -24.280118       2463.4511                                                 2463.4511
              2       1206.7964      0.48755705      0.31060972   9.3316906e-05     0.022342655        3.011953      0.97714576     0.041934413        1.002298      -24.280118       -24.280118       2462.1529                                                 2462.1529
              1       1206.6407      0.49948327      0.31062643   9.3324176e-05     0.022375282       3.0156043      0.97723821     0.043763096       1.0022611      -24.280118       -24.280118       2461.8416                                                 2461.8416
              6       1207.2043      0.50675034       0.3118467    9.359728e-05     0.022366575       3.0158853      0.97703619     0.043349411       1.0026258      -24.280118       -24.280118       2462.9687                                                 2462.9687
              8       1207.0011      0.59842914      0.31341695   9.4317481e-05     0.022393275       3.0124033      0.97678956     0.042415173       1.0015259      -24.280118       -24.280118       2462.5625                                                 2462.5625
              5       1205.0602      0.55076636       0.3110227   9.3659549e-05      0.02243537       3.0116335      0.97716834     0.042962108       1.0011174      -24.280118       -24.280118       2458.6807                                                 2458.6807
              1       1205.3815      0.46091168      0.30750422   9.2921793e-05     0.022297506       2.9928083      0.97372525     0.034654136       1.0013456      -24.280118       -24.280118       2459.3233                                                 2459.3233
              1       1205.4045      0.39009838      0.30609298   9.2344588e-05     0.022310142       2.9933264      0.97358064     0.038210097      0.99794173      -24.280118       -24.280118       2459.3692                                                 2459.3692
              2       1204.7511      0.36588531      0.30739848   9.2422043e-05     0.022342439       2.9923279      0.97151302     0.036778162      0.99845864      -24.280118       -24.280118       2458.0624                                                 2458.0624
             10       1203.9183      0.21295057      0.30355714   9.0930443e-05     0.022323759       2.9841489      0.96935902     0.031826006      0.99818022      -24.280118       -24.280118       2456.3969                                                 2456.3969
              4       1203.3492      0.22411329      0.30385721   9.0910461e-05     0.022396517       2.9827553      0.96915725     0.030462983      0.99860546      -24.280118       -24.280118       2455.2587                                                 2455.2587
              1       1202.9954      0.24374829      0.30395422   9.0993781e-05     0.022399522       2.9869993      0.96970749     0.032963799      0.99839742      -24.280118       -24.280118       2454.5509                                                 2454.5509
              1       1203.0823      0.25722004      0.30490049   9.1251388e-05     0.022383701       2.9855812      0.96975566     0.032064868      0.99858307      -24.280118       -24.280118       2454.7248                                                 2454.7248
              5       1204.2343      0.19743799      0.30266306   9.0550708e-05     0.022350078       2.9747659      0.96901492     0.027324597        0.998162      -24.280118       -24.280118       2457.0288                                                 2457.0288
              1       1204.2166      0.27023285      0.30496799    9.137997e-05     0.022319248       2.9750447      0.96968453     0.026329638      0.99972174      -24.280118       -24.280118       2456.9934                                                 2456.9934
              6       1202.1485      0.48823068      0.31122351   9.3396244e-05     0.022456375       3.0059177      0.96913369     0.041322835      0.99970144      -24.280118       -24.280118       2452.8572                                                 2452.8572
              2       1203.3848      0.52670159      0.31362527   9.4136969e-05     0.022404179       2.9890184      0.96966966     0.034095291      0.99902098      -24.280118       -24.280118       2455.3299                                                 2455.3299
              4       1203.3312       0.5232589      0.31311247   9.4018341e-05      0.02241452       2.9888437      0.96979859     0.033881344      0.99924636      -24.280118       -24.280118       2455.2226                                                 2455.2226
              2       1203.3077       0.5223285        0.313084   9.4004906e-05     0.022416752       2.9889364      0.96983532     0.033871853      0.99929014      -24.280118       -24.280118       2455.1756                                                 2455.1756
              3       1204.2683      0.26422632      0.30516748   9.1330967e-05     0.022329014       2.9654886      0.96720069     0.019893637      0.99988444      -24.280118       -24.280118       2457.0968                                                 2457.0968
              7       1204.2538      0.26636175      0.30517871   9.1338565e-05     0.022331444       2.9654888      0.96718668     0.019888682      0.99989073      -24.280118       -24.280118       2457.0679                                                 2457.0679
              3        1204.666      0.19837467       0.3030919   9.0552625e-05     0.022350425        2.972809      0.96674669     0.022966433       1.0003094      -24.280118       -24.280118       2457.8923                                                 2457.8923
              3       1205.7018     0.081556112      0.29506599   8.8553549e-05     0.022448464       2.9806709      0.96809395     0.026568341       1.0015612      -24.280118       -24.280118       2459.9638                                                 2459.9638
              1       1205.1576     0.076921613      0.29539245   8.8572106e-05     0.022432748       2.9907537      0.96735742     0.032124475       1.0005429      -24.280118       -24.280118       2458.8754                                                 2458.8754
              3       1206.7508      0.42130311      0.30997245   9.3273633e-05     0.022201176       2.9804338      0.96569802     0.027878689       1.0007105      -24.280118       -24.280118       2462.0618                                                 2462.0618
              1       1205.7205      0.46670699      0.31057626   9.3492819e-05     0.022263225       2.9853251      0.96581637     0.030684652       1.0007072      -24.280118       -24.280118       2460.0013                                                 2460.0013
              2       1207.5752      0.59559923      0.31804255   9.5193064e-05     0.022415844       2.9569394       0.9640762     0.016179477      0.99882444      -24.280118       -24.280118       2463.7106                                                 2463.7106
              4       1207.3946      0.58818204      0.31755458   9.5060692e-05     0.022415475       2.9582873      0.96407271     0.017144839      0.99861433      -24.280118       -24.280118       2463.3494                                                 2463.3494
              2       1207.7668      0.49632494      0.31253426   9.3414118e-05     0.022605147         2.95037      0.96379984     0.013533561      0.99771402      -24.280118       -24.280118       2464.0938                                                 2464.0938
              1       1208.1825      0.53204414      0.31350133   9.3727494e-05     0.022616386       2.9478198      0.96479035     0.012816451      0.99726749      -24.280118       -24.280118       2464.9252                                                 2464.9252
             10       1208.1778      0.50053539      0.31262754   9.3408639e-05     0.022604928       2.9456039       0.9642387     0.011555006      0.99750634      -24.280118       -24.280118       2464.9159                                                 2464.9159
              2       1206.4196      0.47579345       0.3175662   9.4466653e-05     0.022457664       2.9740947      0.96468924     0.025885106      0.99711322      -24.280118       -24.280118       2461.3995                                                 2461.3995
              4        1204.642      0.47344042      0.31396434   9.3790803e-05     0.022507142       2.9907197      0.96496654     0.034872839      0.99700946      -24.280118       -24.280118       2457.8443                                                 2457.8443
              3       1204.4809      0.46063219      0.31305628   9.3538674e-05     0.022521206       2.9914213      0.96522049     0.035524871      0.99673349      -24.280118       -24.280118       2457.5221                                                 2457.5221
              2       1204.3347      0.44976545      0.31271481   9.3431381e-05     0.022510629       2.9901005      0.96523668     0.034712919      0.99683288      -24.280118       -24.280118       2457.2297                                                 2457.2297
              1       1202.6889      0.50933188      0.31100135   9.3335237e-05     0.022561884       2.9932819      0.97166469      0.03559098       0.9992501      -24.280118       -24.280118       2453.9381                                                 2453.9381
              3       1203.1532      0.57825619      0.31304919   9.3899961e-05     0.022592121       3.0029891      0.97178569     0.039513556      0.99973883      -24.280118       -24.280118       2454.8666                                                 2454.8666
              4        1204.154      0.32753538      0.30352196   9.0958636e-05     0.022628005       3.0266041      0.97214122      0.05054403       1.0000895      -24.280118       -24.280118       2456.8683                                                 2456.8683
              2        1204.474      0.36242976      0.30334989   9.1172667e-05     0.022569266       3.0330015      0.97304387     0.052668447       1.0015701      -24.280118       -24.280118       2457.5081                                                 2457.5081
              2       1204.5149       0.3689065      0.30224978   9.0999832e-05     0.022609797       3.0280991      0.97336885     0.049464097       1.0029733      -24.280118       -24.280118       2457.5899                                                 2457.5899
              2       1206.9359      0.42675873      0.30264977   9.1254354e-05     0.022723983       3.0348064      0.97240174     0.059173235      0.99686751      -24.280118       -24.280118       2462.4321                                                 2462.4321
             13       1206.1286      0.39951144      0.30221825   9.1081362e-05     0.022698237       3.0290119        0.971647     0.056589526      0.99661222      -24.280118       -24.280118       2460.8174                                                 2460.8174
              2       1205.9282      0.37570816      0.30164944   9.0900594e-05     0.022669045       3.0294335      0.97056423     0.056356567      0.99679734      -24.280118       -24.280118       2460.4167                                                 2460.4167
              1       1207.9635      0.37309583      0.30716781   9.1868443e-05     0.022635375       3.0348136      0.96634144     0.057687042      0.99676864      -24.280118       -24.280118       2464.4873                                                 2464.4873
              1       1208.1907      0.40395232      0.30806627   9.2205771e-05     0.022629611        3.037972      0.96661724     0.058983186      0.99718658      -24.280118       -24.280118       2464.9417                                                 2464.9417
              2       1208.1921      0.40384299      0.30797636   9.2185992e-05     0.022627594       3.0385175      0.96673807     0.059276343      0.99718448      -24.280118       -24.280118       2464.9445                                                 2464.9445
              2       1204.1492      0.51310976       0.3133478   9.3822353e-05     0.022495004       3.0086334      0.96541477     0.043302117      0.99872075      -24.280118       -24.280118       2456.8586                                                 2456.8586
              1       1204.3036      0.51955622      0.31329841   9.3808711e-05     0.022505517       3.0052149      0.96534386     0.041572196      0.99879319      -24.280118       -24.280118       2457.1673                                                 2457.1673
              2       1204.4364      0.50763365      0.31417174   9.3920832e-05     0.022486108       3.0047369      0.96555047     0.041094574      0.99886003      -24.280118       -24.280118        2457.433                                                  2457.433
              2       1204.1991      0.48702253      0.31226025   9.3404389e-05     0.022523892       3.0072148      0.96682218      0.04388761      0.99755274      -24.280118       -24.280118       2456.9585                                                 2456.9585
              1       1205.5519      0.32337267      0.30768067   9.1696452e-05     0.022597805       3.0023392      0.96518586     0.040330095       0.9980541      -24.280118       -24.280118       2459.6641                                                 2459.6641
              3        1207.298      0.29853822      0.30646491   9.1747146e-05     0.022445158       2.9625191      0.96989359     0.023420557      0.99683704      -24.280118       -24.280118       2463.1563                                                 2463.1563
              6       1205.9363      0.38407927      0.31141246   9.2986573e-05     0.022449063       2.9665634      0.97065323     0.024299592      0.99692522      -24.280118       -24.280118       2460.4328                                                 2460.4328
              1         1206.53      0.43915707      0.31263997   9.3431191e-05     0.022470557       2.9561409      0.97112437     0.018165873      0.99809916      -24.280118       -24.280118       2461.6202                                                 2461.6202
              1       1206.2742      0.43068761      0.31246153    9.332761e-05     0.022450147       2.9539318      0.97084118     0.016476689      0.99857638      -24.280118       -24.280118       2461.1087                                                 2461.1087
              1       1208.4041      0.18272378      0.29451771   8.8799166e-05     0.022520769       2.9730046      0.96841666     0.025798753       1.0005229      -24.280118       -24.280118       2465.3684                                                 2465.3684
              2       1208.0762      0.19395878      0.29491303   8.8956271e-05     0.022503787       2.9747188      0.96859576     0.026479981       1.0007928      -24.280118       -24.280118       2464.7127                                                 2464.7127
              2       1210.5794      0.31064968      0.29460815   8.9269948e-05     0.022673538       2.9700089      0.97225506     0.020326846       1.0042943      -24.280118       -24.280118        2469.719                                                  2469.719
              1       1209.6535      0.39983164      0.29819994   9.0167275e-05     0.022786305       2.9931517      0.96966154     0.030034017       1.0051384      -24.280118       -24.280118       2467.8671                                                 2467.8671
              2       1210.1131      0.49315609      0.30021255   9.0980851e-05     0.022796735       2.9892613      0.96934175     0.029102357       1.0044081      -24.280118       -24.280118       2468.7863                                                 2468.7863
              1       1210.0023      0.49086054      0.30021746   9.0976738e-05     0.022788848       2.9895791      0.96915733     0.029271942       1.0043968      -24.280118       -24.280118       2468.5649                                                 2468.5649
              1       1209.3138       0.6486395      0.30184793   9.1828435e-05       0.0228786       3.0330805        0.976608     0.054311107       1.0021126      -24.280118       -24.280118       2467.1878                                                 2467.1878
              2       1208.9726       0.6364029      0.30202122   9.1800492e-05     0.022873902       3.0329215      0.97642443     0.054006726       1.0021877      -24.280118       -24.280118       2466.5054                                                 2466.5054
              1       1209.4641      0.58984161      0.29958372   9.1108172e-05     0.022879147       3.0326207      0.97721221     0.054050445       1.0024256      -24.280118       -24.280118       2467.4884                                                 2467.4884
              1       1208.3449      0.70975884      0.30644665   9.3183733e-05     0.022767517        3.021719       0.9776305     0.050924345       1.0012949      -24.280118       -24.280118         2465.25                                                   2465.25
              2       1206.6426      0.65234201      0.30494289   9.2739723e-05     0.022675115       3.0136374      0.97921583     0.047590493       1.0005143      -24.280118       -24.280118       2461.8455                                                 2461.8455
              6       1205.4298      0.51876448      0.30494937   9.2157401e-05     0.022716787       3.0254282      0.97289167     0.053421355      0.99920281      -24.280118       -24.280118       2459.4198                                                 2459.4198
              3       1205.7312      0.40880344      0.30108759   9.1097608e-05     0.022615358       3.0149513      0.97188462     0.048588874      0.99937274      -24.280118       -24.280118       2460.0226                                                 2460.0226
              3       1205.5974      0.40771348      0.30120189   9.1115004e-05     0.022612022       3.0145738       0.9718066     0.048368776      0.99935529      -24.280118       -24.280118       2459.7551                                                 2459.7551
              1       1206.8449      0.41545958      0.29997648   9.0955086e-05     0.022572068       3.0173357      0.96950792     0.051161735      0.99816687      -24.280118       -24.280118       2462.2501                                                 2462.2501
              5       1207.4501      0.26409988      0.29360161   8.8935692e-05     0.022608918       3.0152027      0.96932509     0.048741083      0.99912112      -24.280118       -24.280118       2463.4605                                                 2463.4605
              3       1207.9737      0.27327451      0.29369005   8.8962385e-05     0.022621021       3.0216293      0.96799547     0.051049639      0.99950643      -24.280118       -24.280118       2464.5076                                                 2464.5076
              5       1206.4024      0.28353284      0.29658553   8.9671631e-05     0.022545934       3.0215299      0.96734172     0.050033194       1.0001261      -24.280118       -24.280118        2461.365                                                  2461.365
              1       1205.5532      0.21388915      0.29540996   8.9248892e-05     0.022418016       3.0060464      0.96808847     0.040648103       1.0012214      -24.280118       -24.280118       2459.6667                                                 2459.6667
              1       1205.2805      0.52451776      0.30861927   9.2995999e-05     0.022524721       2.9850076      0.96623584     0.027890652       1.0023162      -24.280118       -24.280118       2459.1212                                                 2459.1212
              2       1204.8626      0.40318689      0.30985801   9.2660514e-05     0.022436804       2.9768115      0.96483814     0.024112397       1.0014458      -24.280118       -24.280118       2458.2854                                                 2458.2854
              1       1203.7768      0.42474874      0.31081519   9.2954746e-05     0.022437659        2.979067      0.96612394     0.026241442       1.0003564      -24.280118       -24.280118       2456.1139                                                 2456.1139
              9        1205.684      0.39936049      0.31000003    9.288381e-05     0.022306161        2.981073      0.96313099     0.027021635       1.0004046      -24.280118       -24.280118       2459.9283                                                 2459.9283
              8       1206.0587      0.29457115      0.30540006   9.1716134e-05     0.022182623       2.9967522      0.96488424      0.03770079      0.99856036      -24.280118       -24.280118       2460.6777                                                 2460.6777
              4       1205.0878       0.2605699      0.30419601   9.1314304e-05     0.022283522       2.9882076      0.96542625     0.030784361       1.0006578      -24.280118       -24.280118       2458.7359                                                 2458.7359
              7       1205.2023      0.28176223      0.30530755   9.1642847e-05     0.022273761       2.9891394      0.96559111     0.031179066         1.00073      -24.280118       -24.280118       2458.9649                                                 2458.9649
             13       1204.1811      0.35060832      0.30874489    9.252461e-05     0.022321585       2.9901868      0.96654984     0.031262742       1.0011727      -24.280118       -24.280118       2456.9224                                                 2456.9224
              7        1206.157      0.25143104      0.30628271   9.1671694e-05     0.022246765       3.0089447      0.96551722     0.038817983       1.0028274      -24.280118       -24.280118       2460.8743                                                 2460.8743
              2       1206.2111      0.21888114      0.30365494   9.0980286e-05     0.022291784       3.0183039      0.96575143      0.04365407       1.0027295      -24.280118       -24.280118       2460.9825                                                 2460.9825
              3       1205.7638       0.2083625      0.30039551   9.0336257e-05     0.022297525       3.0211925      0.97279823     0.047690768       1.0012664      -24.280118       -24.280118       2460.0879                                                 2460.0879
              1       1205.2712      0.37836243      0.30130578   9.1235994e-05     0.022319781       3.0221185      0.97405526     0.049593489       1.0009087      -24.280118       -24.280118       2459.1027                                                 2459.1027
              3       1204.7932      0.39081712      0.30148335   9.1299702e-05     0.022343922       3.0213642      0.97413974     0.049379091       1.0008118      -24.280118       -24.280118       2458.1465                                                 2458.1465
              2       1204.7269      0.37017827      0.30024632   9.0980465e-05     0.022341424       3.0133531      0.97452693     0.045815363       1.0007803      -24.280118       -24.280118       2458.0141                                                 2458.0141
              2       1204.5661      0.32822127      0.29850206   9.0407253e-05     0.022369751       3.0148463      0.97393989     0.046599298       1.0006067      -24.280118       -24.280118       2457.6924                                                 2457.6924
              1         1204.49      0.29211759      0.30329653   9.1120981e-05     0.022334884       3.0166452      0.97192682     0.047527748       1.0002403      -24.280118       -24.280118       2457.5402                                                 2457.5402
              1       1204.3625      0.31919301      0.30525366   9.1621199e-05     0.022304599       3.0068772      0.96982291     0.045105835      0.99751575      -24.280118       -24.280118       2457.2852                                                 2457.2852
              1        1204.304      0.30662161      0.30507706   9.1434133e-05     0.022324427       3.0024329      0.97051538      0.04237916      0.99755171      -24.280118       -24.280118       2457.1681                                                 2457.1681
              3       1204.3192      0.31953055      0.30505575   9.1500569e-05     0.022314413       3.0060887      0.97106943     0.043161512      0.99876972      -24.280118       -24.280118       2457.1987                                                 2457.1987
              2       1205.0262      0.34397231      0.30945233   9.2227257e-05     0.022411707       2.9968011      0.97004624     0.034179778       1.0002067      -24.280118       -24.280118       2458.6127                                                 2458.6127
              4        1205.853      0.41074101      0.31261193   9.3060581e-05     0.022455504       3.0061816      0.97139626     0.039301837      0.99991139      -24.280118       -24.280118       2460.2662                                                 2460.2662
              3       1205.7879      0.42030243      0.31216162   9.2972119e-05     0.022480066       3.0069143      0.97084711     0.039328959       1.0000874      -24.280118       -24.280118        2460.136                                                  2460.136
              6       1206.8998      0.53771133      0.31098622   9.3163892e-05     0.022682003       3.0063343      0.97628961     0.039190574       1.0005072      -24.280118       -24.280118       2462.3598                                                 2462.3598
              3       1207.3986      0.57165973       0.3139652   9.4008887e-05     0.022567653       2.9955795      0.97673649     0.034757622      0.99988019      -24.280118       -24.280118       2463.3575                                                 2463.3575
              1       1206.8106      0.60139842      0.31426417   9.4235539e-05     0.022564816       2.9951576      0.97649102     0.035249044      0.99934109      -24.280118       -24.280118       2462.1814                                                 2462.1814
              2       1205.0621      0.36074791      0.30653986   9.1783381e-05     0.022518088       2.9667887      0.97415638     0.021544169      0.99933212      -24.280118       -24.280118       2458.6845                                                 2458.6845
              1       1207.0685       0.2997784      0.30868693    9.199152e-05     0.022373474       2.9477768      0.96743621     0.014646643      0.99673367      -24.280118       -24.280118       2462.6972                                                 2462.6972
              5       1207.6772      0.43517426      0.31474513   9.3796702e-05      0.02233847       2.9530259      0.96796184     0.017808581         0.99604      -24.280118       -24.280118       2463.9147                                                 2463.9147
              3       1207.6564      0.46240978      0.31613218   9.4237744e-05     0.022307682       2.9480796      0.96673058     0.014237617       0.9968312      -24.280118       -24.280118        2463.873                                                  2463.873
              1       1208.5929       0.3333846      0.31138105   9.2534557e-05     0.022400444        2.942532      0.96897912     0.011099685      0.99705144      -24.280118       -24.280118       2465.7461                                                 2465.7461
              2       1213.2772      0.23841355      0.31311226   9.2298608e-05     0.022428223        2.951956       0.9638671     0.016049249      0.99498222      -24.280118       -24.280118       2475.1147                                                 2475.1147
              1       1212.3357      0.32448105      0.31595864   9.3254033e-05     0.022501676       2.9665918      0.96878996     0.023992125       0.9940198      -24.280118       -24.280118       2473.2317                                                 2473.2317
              1       1211.7723      0.26706677      0.31400006   9.2644466e-05     0.022460345       2.9736231      0.96906312      0.02643883      0.99481255      -24.280118       -24.280118       2472.1047                                                 2472.1047
              1       1212.1086      0.17029345      0.31350556   9.2197818e-05     0.022480159       2.9706815      0.96594467     0.020228113      0.99879837      -24.280118       -24.280118       2472.7774                                                 2472.7774
              5       1211.2245      0.36055184      0.31617965   9.3382663e-05     0.022628095       2.9993655      0.96786024     0.032865831        1.001385      -24.280118       -24.280118       2471.0092                                                 2471.0092
              1       1211.7312      0.34082042      0.31724768   9.3534542e-05     0.022555871       2.9970117      0.96717339     0.031550673       1.0011774      -24.280118       -24.280118       2472.0226                                                 2472.0226
              1       1212.0225      0.20351149      0.31333026   9.2166773e-05     0.022538435        2.981263      0.96599003     0.025073668      0.99981202      -24.280118       -24.280118       2472.6052                                                 2472.6052
              3       1208.7473     0.069527767      0.30198325   8.9695073e-05     0.022392344       2.9948353      0.97287562     0.032306129       1.0013358      -24.280118       -24.280118       2466.0549                                                 2466.0549
              5       1208.4857     0.053183377      0.29932607   8.9121619e-05     0.022410743       3.0077831      0.97188032      0.03711741       1.0030249      -24.280118       -24.280118       2465.5317                                                 2465.5317
              4       1207.4876      0.07988806       0.2986138   8.9116284e-05     0.022436634       3.0029982      0.97291547     0.035112756       1.0029405      -24.280118       -24.280118       2463.5355                                                 2463.5355
              2       1206.8054     0.089881507      0.29728777   8.9026309e-05     0.022413674       3.0207641      0.97260891     0.044956537       1.0028411      -24.280118       -24.280118        2462.171                                                  2462.171
              3       1207.9808      0.01424061      0.29720184   8.8752194e-05     0.022414811         3.01443      0.97063489     0.040653848       1.0031858      -24.280118       -24.280118       2464.5218                                                 2464.5218
              1       1207.0168     0.015148299      0.29798077   8.8803738e-05     0.022478795       3.0050826      0.96794799     0.036619219       1.0028717      -24.280118       -24.280118       2462.5939                                                 2462.5939
              3       1207.2424     0.037233366      0.29790145   8.8850786e-05     0.022515877       3.0081017       0.9676193     0.038167366       1.0030848      -24.280118       -24.280118        2463.045                                                  2463.045
              2       1203.9848      0.24392599      0.30110304   9.0257688e-05      0.02256492       3.0060006      0.97266558     0.040529808       1.0009948      -24.280118       -24.280118       2456.5299                                                 2456.5299
              5       1204.4591      0.22428064      0.29950613   8.9763301e-05     0.022639877       3.0043464      0.97300012     0.040058993       1.0003563      -24.280118       -24.280118       2457.4785                                                 2457.4785
              1       1204.5324      0.22342466      0.30037137   8.9850651e-05     0.022654377        3.004587      0.97224799     0.039631493       1.0003788      -24.280118       -24.280118       2457.6251                                                 2457.6251
              1       1204.1906      0.22791323      0.29978903   8.9766767e-05     0.022639746       3.0081688      0.97257023     0.041966842       1.0000639      -24.280118       -24.280118       2456.9415                                                 2456.9415
              1       1204.6281      0.21078611      0.29843644   8.9390881e-05     0.022669124       3.0057732      0.97123475     0.040781792       1.0000949      -24.280118       -24.280118       2457.8165                                                 2457.8165
              2       1206.7781      0.23134223      0.29856126   8.9524213e-05     0.022690898       3.0303245      0.97124132     0.050602213       1.0027108      -24.280118       -24.280118       2462.1164                                                 2462.1164
              6       1208.0434      0.20899946      0.30693462    9.141931e-05      0.02238545       3.0206709      0.96289072     0.045767527       1.0016385      -24.280118       -24.280118       2464.6471                                                 2464.6471
              2       1208.6756      0.19463978      0.30652808   9.1395389e-05     0.022303606       3.0257326      0.96365876     0.048310479       1.0018558      -24.280118       -24.280118       2465.9115                                                 2465.9115
              4       1208.7193      0.31590862      0.30964774   9.2527935e-05     0.022290321       3.0257223      0.96332532     0.051454519      0.99947555      -24.280118       -24.280118       2465.9988                                                 2465.9988
              4       1207.7997      0.34247585      0.30067953   9.0512267e-05      0.02255784       3.0272871      0.97051421      0.05782592      0.99541487      -24.280118       -24.280118       2464.1597                                                 2464.1597
              4       1205.7298      0.39185745      0.30381208   9.1313621e-05     0.022553276       3.0140162      0.97009551     0.051282165       0.9947863      -24.280118       -24.280118       2460.0198                                                 2460.0198
              1       1206.2071      0.28078263      0.30142126   9.0337863e-05     0.022536915       3.0021513      0.96769304     0.044975009      0.99343468      -24.280118       -24.280118       2460.9745                                                 2460.9745
              2       1207.1196      0.34972365      0.30095293   9.0494911e-05      0.02259093       3.0220668      0.96978678      0.05443757      0.99402712      -24.280118       -24.280118       2462.7995                                                 2462.7995
              1       1206.7559       0.3944366      0.30188745   9.0880916e-05     0.022604511       3.0205422       0.9692617     0.053733042      0.99408334      -24.280118       -24.280118       2462.0721                                                 2462.0721
              8       1206.3078      0.42940504      0.30621401   9.2000672e-05     0.022497433        3.022947      0.96783879     0.053977468      0.99459844      -24.280118       -24.280118       2461.1759                                                 2461.1759
              1       1206.4307       0.4273586      0.30610111   9.1971045e-05     0.022496083       3.0230347      0.96789107     0.054152569       0.9944849      -24.280118       -24.280118       2461.4217                                                 2461.4217
              4       1206.4473      0.46106681      0.31357397    9.375194e-05     0.022308478       3.0043119      0.97211231      0.04343324      0.99548623      -24.280118       -24.280118       2461.4548                                                 2461.4548
              1       1206.0606      0.44640657      0.31231916   9.3444588e-05     0.022317519        3.005029      0.97294174     0.044131863      0.99550117      -24.280118       -24.280118       2460.6815                                                 2460.6815
              5       1205.6117      0.59373496      0.31747214   9.5154143e-05      0.02237015       3.0212678      0.97297109     0.049162215      0.99910892      -24.280118       -24.280118       2459.7836                                                 2459.7836
              1       1205.7176      0.59010874       0.3175635   9.5155631e-05     0.022361169       3.0192927      0.97346228     0.047451835       0.9999957      -24.280118       -24.280118       2459.9955                                                 2459.9955
              3       1205.1819      0.52370864      0.31673221   9.4778532e-05     0.022319418       2.9998617      0.97266206     0.039312557      0.99852576      -24.280118       -24.280118        2458.924                                                  2458.924
              1       1206.1234      0.50889535      0.31679015    9.462338e-05     0.022429871       3.0045167      0.97330097     0.041018168      0.99867923      -24.280118       -24.280118        2460.807                                                  2460.807
              2       1206.0538      0.65291267      0.31903713   9.5659861e-05     0.022505595       3.0056656      0.97481665     0.043379281      0.99800986      -24.280118       -24.280118       2460.6678                                                 2460.6678
              3       1206.8836      0.41889515      0.31293451   9.3425047e-05     0.022350434       2.9954505      0.97460864     0.035896755       1.0003569      -24.280118       -24.280118       2462.3274                                                 2462.3274
              2       1206.8352      0.42119905      0.31275531   9.3394437e-05     0.022359637       2.9958197       0.9748127     0.035844588       1.0006185      -24.280118       -24.280118       2462.2306                                                 2462.2306
              1       1207.1999       0.4306535      0.31241005   9.3408761e-05     0.022346105       2.9953538      0.97580672     0.036107972       1.0004966      -24.280118       -24.280118       2462.9599                                                 2462.9599
              5       1205.6696        0.303817      0.30454086   9.1218747e-05     0.022447311         2.99151      0.97488299      0.03630228      0.99884433      -24.280118       -24.280118       2459.8995                                                 2459.8995
              1       1205.8135      0.30540912      0.30470063   9.1260607e-05      0.02244302       2.9910963      0.97491417     0.036073771       0.9988824      -24.280118       -24.280118       2460.1871                                                 2460.1871
              2       1204.4426      0.56709209      0.31491526   9.4577459e-05     0.022344784       3.0072314      0.97362282       0.0422077       1.0003357      -24.280118       -24.280118       2457.4454                                                 2457.4454
              7       1205.2136      0.55793478      0.31441046   9.4303119e-05     0.022353988       3.0032076      0.97369959     0.039596285       1.0002357      -24.280118       -24.280118       2458.9874                                                 2458.9874
             15       1206.0567      0.55886927      0.31546726   9.4456759e-05     0.022367705       2.9981364       0.9731391     0.035506619       1.0011091      -24.280118       -24.280118       2460.6737                                                 2460.6737
              3       1204.9248      0.39159071      0.30681154   9.2167098e-05     0.022355162       3.0212092      0.97498992     0.047836589        1.000686      -24.280118       -24.280118       2458.4098                                                 2458.4098
              4       1204.7477      0.30222753      0.30586278   9.1485329e-05     0.022373405       3.0224044      0.97123993     0.049220079      0.99905057      -24.280118       -24.280118       2458.0556                                                 2458.0556
              3       1204.2532      0.36707016      0.30946877   9.2470778e-05     0.022382892        3.017947      0.96929992     0.045659612      0.99965613      -24.280118       -24.280118       2457.0666                                                 2457.0666
              1       1204.2372      0.49339595      0.31342911   9.3841791e-05     0.022371866        3.013406      0.96972887     0.046328946      0.99723652      -24.280118       -24.280118       2457.0346                                                 2457.0346
              3       1203.9421      0.50061689       0.3133744   9.3847246e-05     0.022396702       3.0105564      0.97075582     0.045164482      0.99703926      -24.280118       -24.280118       2456.4445                                                 2456.4445
              4       1203.0595      0.44914037      0.31074658   9.3103389e-05     0.022388996       3.0029285      0.97067908     0.041681896      0.99706903      -24.280118       -24.280118       2454.6793                                                 2454.6793
              7       1203.2039      0.54061683      0.31242715   9.3984889e-05     0.022344981       3.0052018      0.97202599      0.04319802      0.99781176      -24.280118       -24.280118        2454.968                                                  2454.968
              1       1203.3888      0.48899611      0.31083805   9.3450199e-05     0.022339376       3.0078018      0.97362574     0.044028468       0.9988116      -24.280118       -24.280118       2455.3378                                                 2455.3378
              7       1204.2294       0.5212982      0.31235274   9.3956792e-05     0.022296009       2.9927138       0.9731292     0.036245995      0.99931799      -24.280118       -24.280118       2457.0191                                                 2457.0191
              4       1204.7965      0.47787926      0.31304248   9.3912748e-05     0.022236624       2.9926736      0.96953003     0.036885358      0.99817442      -24.280118       -24.280118       2458.1533                                                 2458.1533
              4       1203.9839      0.47321685      0.31180339   9.3621198e-05     0.022279133       2.9954998      0.96895454     0.038123801       0.9984346      -24.280118       -24.280118       2456.5281                                                 2456.5281
              2       1204.6577      0.48173544      0.30825187   9.2734183e-05      0.02248118       3.0255671      0.97581374     0.054283203      0.99768863      -24.280118       -24.280118       2457.8756                                                 2457.8756
              1       1204.4397      0.50980494      0.31004477   9.3172799e-05       0.0224851       3.0190041      0.97559002     0.051198287      0.99736571      -24.280118       -24.280118       2457.4396                                                 2457.4396
              9       1203.2494      0.54509441      0.31347435   9.3892833e-05     0.022583581       3.0076569      0.96785786     0.041355934      0.99983128      -24.280118       -24.280118        2455.059                                                  2455.059
              7       1203.1472      0.44121174      0.30800231   9.2423634e-05     0.022623341       3.0006765      0.96840122     0.038343438      0.99927852      -24.280118       -24.280118       2454.8546                                                 2454.8546
             14        1203.745      0.43054634      0.30663467    9.199952e-05     0.022528448       2.9831328      0.96990849     0.029153619      0.99944416      -24.280118       -24.280118       2456.0502                                                 2456.0502
              3       1203.6069      0.44466201       0.3071529    9.212611e-05     0.022574953       2.9849175      0.97137394     0.029491254        1.000018      -24.280118       -24.280118        2455.774                                                  2455.774
              3       1203.4364      0.51832545       0.3111669   9.3496768e-05     0.022445105       3.0211597      0.97192317     0.046431101       1.0019322      -24.280118       -24.280118        2455.433                                                  2455.433
              1       1203.4473      0.50646462      0.31065765   9.3344088e-05     0.022448336       3.0214086      0.97208626     0.046369752       1.0021617      -24.280118       -24.280118       2455.4548                                                 2455.4548
              4       1203.5772      0.50650209      0.31044303   9.3302476e-05      0.02244631       3.0220648      0.97233229     0.046606911       1.0022478      -24.280118       -24.280118       2455.7147                                                 2455.7147
              5       1203.1637      0.53182119      0.31087041   9.3555435e-05     0.022441851       3.0212734      0.97275313      0.04755686       1.0012281      -24.280118       -24.280118       2454.8876                                                 2454.8876
              1       1203.6068      0.54250229      0.31070252   9.3567703e-05     0.022463684       3.0225006      0.97361654     0.047656185        1.001747      -24.280118       -24.280118       2455.7739                                                 2455.7739
             11       1202.9789      0.54791789      0.30766847    9.295801e-05     0.022522467       3.0243842      0.97400309     0.050680991       1.0008758      -24.280118       -24.280118        2454.518                                                  2454.518
              4       1203.4626      0.45709432      0.30579865   9.2131592e-05     0.022525566       3.0273371      0.97133013     0.052681924       1.0002965      -24.280118       -24.280118       2455.4854                                                 2455.4854
              3        1203.413      0.43290718      0.30521788   9.1960118e-05     0.022493598       3.0253115      0.97129275      0.05149414       1.0005963      -24.280118       -24.280118       2455.3862                                                 2455.3862
              3       1203.5443      0.48930356      0.30272645   9.1656659e-05     0.022541851        3.020494      0.97429674     0.050906453      0.99938139      -24.280118       -24.280118       2455.6488                                                 2455.6488
              3        1203.529      0.34401894      0.29825534   9.0089928e-05     0.022567528       3.0006052      0.97185453     0.039508326       1.0000618      -24.280118       -24.280118       2455.6183                                                 2455.6183
              4       1203.0135      0.34190649      0.29964349   9.0382201e-05      0.02252998       3.0003609      0.97135945     0.039093165       1.0001601      -24.280118       -24.280118       2454.5872                                                 2454.5872
             11       1204.5473      0.38788233      0.30076809   9.1042307e-05     0.022405594       2.9924024      0.96892193     0.036934189      0.99885983      -24.280118       -24.280118       2457.6549                                                 2457.6549
              9       1202.7489      0.43116847      0.30446264   9.1869087e-05     0.022466042       2.9948919       0.9732317     0.038765732      0.99845477      -24.280118       -24.280118        2454.058                                                  2454.058
              4       1202.7971      0.48580293      0.30658254   9.2501477e-05     0.022473557       2.9868439      0.97173035     0.034870314      0.99786509      -24.280118       -24.280118       2454.1545                                                 2454.1545
              3       1202.8483      0.48115581      0.30602862   9.2375829e-05     0.022474268       2.9868567      0.97187418     0.034797428      0.99799829      -24.280118       -24.280118       2454.2569                                                 2454.2569
              2       1203.7737      0.43026899      0.30542179   9.2079288e-05     0.022430317       2.9768107      0.97090822     0.029972162       0.9978591      -24.280118       -24.280118       2456.1077                                                 2456.1077
              1       1203.1274      0.35908624        0.301989   9.0871248e-05      0.02262191       2.9893156      0.97277507     0.035398656      0.99763244      -24.280118       -24.280118       2454.8149                                                 2454.8149
              1       1203.5748      0.34585298      0.30237344   9.0817427e-05      0.02264979       2.9876863      0.97231043     0.032276403      0.99988785      -24.280118       -24.280118       2455.7098                                                 2455.7098
              7       1203.5588      0.34533822      0.30262115    9.086148e-05     0.022647374       2.9871132      0.97217012     0.031976698      0.99983171      -24.280118       -24.280118       2455.6779                                                 2455.6779
              5       1203.8773      0.30379779      0.30328598   9.0812367e-05     0.022654878       2.9884366      0.96982391      0.03120975       1.0002738      -24.280118       -24.280118       2456.3148                                                 2456.3148
              1       1204.0727      0.29894982      0.30305707   9.0695273e-05     0.022674925       2.9867802      0.96953083     0.030796939      0.99959747      -24.280118       -24.280118       2456.7057                                                 2456.7057
              4       1204.6657      0.29874569      0.30109709   9.0252747e-05     0.022745717       3.0016993      0.96981009     0.037386942       1.0005252      -24.280118       -24.280118       2457.8917                                                 2457.8917
             10       1204.7662      0.20779282      0.29914558   8.9490779e-05     0.022688853       3.0056826      0.97015097     0.038798347       1.0009792      -24.280118       -24.280118       2458.0926                                                 2458.0926
              5       1207.7027      0.50500923      0.31000408   9.2955578e-05     0.022725297       3.0152606      0.96985726     0.039165695        1.005447      -24.280118       -24.280118       2463.9656                                                 2463.9656
              5       1208.3128       0.2144331      0.30144404    8.982655e-05     0.022747214        3.004124      0.96450259     0.038348478       1.0003403      -24.280118       -24.280118       2465.1859                                                 2465.1859
              2       1208.4289      0.27136258      0.30481237    9.076455e-05     0.022738486       3.0128133      0.96373262      0.04378384      0.99908647      -24.280118       -24.280118        2465.418                                                  2465.418
              4       1205.0594      0.42308365      0.30535112   9.1755798e-05     0.022522257       3.0005577       0.9712243     0.044993967      0.99356255      -24.280118       -24.280118       2458.6791                                                 2458.6791
              1       1204.9999      0.49596866      0.30669476   9.2362792e-05     0.022526472       3.0015746      0.97116197     0.045529238      0.99408488      -24.280118       -24.280118         2458.56                                                   2458.56
              5       1204.8874      0.49405308       0.3070345   9.2436565e-05     0.022510627       3.0005725      0.97085863     0.044870595      0.99417168      -24.280118       -24.280118        2458.335                                                  2458.335
              6       1204.3491      0.58150412      0.30817472   9.2996648e-05     0.022573934       3.0023948      0.97572902     0.043299048      0.99707378      -24.280118       -24.280118       2457.2584                                                 2457.2584
              1       1204.4676      0.54307519       0.3074778   9.2713617e-05     0.022541211       3.0052795      0.97534537     0.045797101      0.99581505      -24.280118       -24.280118       2457.4955                                                 2457.4955
              1       1204.8361      0.63969303      0.31131421   9.4101436e-05     0.022468478       3.0178437      0.97419324     0.052343825      0.99635124      -24.280118       -24.280118       2458.2324                                                 2458.2324
              1       1204.8498      0.64914852      0.31266057   9.4375815e-05     0.022486033       3.0116099      0.97289756      0.04975765      0.99559641      -24.280118       -24.280118       2458.2599                                                 2458.2599
              3       1204.0094      0.60554642      0.31142914   9.3949088e-05     0.022494174       3.0123102      0.97275927     0.049868941      0.99571766      -24.280118       -24.280118       2456.5791                                                 2456.5791
              3       1203.8002      0.58482723      0.30929148   9.3349982e-05     0.022550167       3.0161875      0.97273761     0.051365558      0.99604317      -24.280118       -24.280118       2456.1606                                                 2456.1606
              5        1203.576      0.57439807      0.30941807   9.3330783e-05     0.022546329       3.0162687      0.97215802     0.051055604      0.99633245      -24.280118       -24.280118       2455.7123                                                 2455.7123
              2       1204.0345      0.57623087      0.30943209   9.3320972e-05     0.022551129       3.0168058      0.97173889     0.051773534      0.99570545      -24.280118       -24.280118       2456.6293                                                 2456.6293
              2       1204.3224      0.59263807      0.31017968   9.3531412e-05     0.022535689       3.0159312      0.97295639     0.051455378      0.99559792      -24.280118       -24.280118        2457.205                                                  2457.205
              5       1204.3256       0.5821587      0.31179823   9.3909734e-05      0.02245006       3.0152286      0.97196619     0.051008766      0.99554391      -24.280118       -24.280118       2457.2114                                                 2457.2114
              3       1205.2547      0.54510935      0.31274734   9.4047034e-05     0.022357456       2.9939983      0.97254495     0.041703265       0.9944945      -24.280118       -24.280118       2459.0696                                                 2459.0696
              7       1204.3262      0.46439274      0.31133774    9.336001e-05     0.022367946       2.9908135      0.97178819     0.038859135      0.99503733      -24.280118       -24.280118       2457.2126                                                 2457.2126
              1       1203.5818      0.35629009      0.30500618   9.1376746e-05      0.02254552       2.9960786      0.97270267     0.040035491      0.99576297      -24.280118       -24.280118       2455.7239                                                 2455.7239
              7       1203.3348      0.35577599      0.30542648   9.1477401e-05     0.022544416       2.9971631      0.97274975     0.040169488      0.99603016      -24.280118       -24.280118       2455.2299                                                 2455.2299
              7       1204.2467      0.31612894      0.30548765   9.1279289e-05      0.02264718       2.9936178      0.97163027     0.034928381      0.99883854      -24.280118       -24.280118       2457.0537                                                 2457.0537
              1       1203.8574      0.26941671      0.30478823   9.1113065e-05     0.022448397       2.9715672      0.97031565     0.022371538       1.0007387      -24.280118       -24.280118       2456.2749                                                 2456.2749
              4        1203.843       0.1876268      0.30075915   9.0021227e-05     0.022417555       2.9825608      0.97013321     0.028203822       1.0005648      -24.280118       -24.280118       2456.2463                                                 2456.2463
              3       1204.2333      0.26991491       0.3049222   9.1309902e-05     0.022347472       2.9969355       0.9688952     0.035410684         1.00168      -24.280118       -24.280118       2457.0269                                                 2457.0269
             11       1203.0651      0.40054508      0.30539101    9.194451e-05     0.022431745       2.9852149       0.9693433     0.030485887       1.0009078      -24.280118       -24.280118       2454.6905                                                 2454.6905
              3       1203.0264      0.40228836      0.30537985   9.1947797e-05     0.022433777        2.985578      0.96943737     0.030668115        1.000927      -24.280118       -24.280118        2454.613                                                  2454.613
              8       1202.9816      0.38180477      0.30504662   9.1777893e-05     0.022438244       2.9852696      0.96912872     0.030279954       1.0009828      -24.280118       -24.280118       2454.5234                                                 2454.5234
              9       1202.9084      0.36898817      0.30479642   9.1682251e-05     0.022439946       2.9840575      0.96940466     0.029973208       1.0006597      -24.280118       -24.280118       2454.3771                                                 2454.3771
              3        1203.096      0.37393477      0.30579352   9.1956495e-05     0.022405238       2.9881089       0.9688677     0.032238743       1.0006147      -24.280118       -24.280118       2454.7523                                                 2454.7523
             12       1202.7842      0.32654422      0.30341787   9.1251993e-05     0.022427528       2.9912719      0.96940566     0.035106447      0.99947449      -24.280118       -24.280118       2454.1287                                                 2454.1287
              2       1202.9214      0.32603193      0.30466047   9.1494803e-05     0.022422262       2.9825487      0.96777082     0.030299366      0.99882183      -24.280118       -24.280118        2454.403                                                  2454.403
              2       1203.6239      0.24759449      0.30239968   9.0700567e-05       0.0224152       2.9842069      0.96581966     0.031517364      0.99822767      -24.280118       -24.280118       2455.8081                                                 2455.8081
              1       1204.6314      0.14775439      0.29933893   8.9875371e-05     0.022301507       2.9872414      0.96733058     0.032899954      0.99876541      -24.280118       -24.280118        2457.823                                                  2457.823
              1       1205.7693     0.085964044      0.29528317   8.8697441e-05     0.022338169       2.9900197       0.9703651     0.036671386      0.99641422      -24.280118       -24.280118       2460.0987                                                 2460.0987
              6       1206.5017     0.023765241       0.2955888   8.8417584e-05     0.022344276       2.9915068      0.97004609      0.03600532      0.99704127      -24.280118       -24.280118       2461.5635                                                 2461.5635
              1       1205.7472     0.066333312      0.29734862   8.9000775e-05      0.02233553       2.9874884      0.97163368     0.034946191      0.99661065      -24.280118       -24.280118       2460.0547                                                 2460.0547
              2       1206.0215     0.064263091      0.29697455    8.884377e-05     0.022364636       2.9857653      0.97185857     0.033718658      0.99709017      -24.280118       -24.280118       2460.6032                                                 2460.6032
              1       1203.2035      0.36854179      0.30642032   9.1830988e-05     0.022481706       2.9958897      0.97320833     0.038495887      0.99675952      -24.280118       -24.280118       2454.9672                                                 2454.9672
              6       1203.2415      0.55800244      0.30814825   9.2913782e-05     0.022624443       3.0252975      0.97285972     0.051897115       0.9988374      -24.280118       -24.280118       2455.0432                                                 2455.0432
              1       1203.0262       0.5950203      0.30943297   9.3325866e-05     0.022603422       3.0190393      0.97210548     0.049718624      0.99838753      -24.280118       -24.280118       2454.6126                                                 2454.6126
              2       1203.0696      0.59177755      0.30922137   9.3266907e-05      0.02260632       3.0195099      0.97218519     0.050070402      0.99829558      -24.280118       -24.280118       2454.6994                                                 2454.6994
              7       1202.3607       0.4901588      0.30794307   9.2797058e-05     0.022404313       2.9999177      0.97195879     0.039354564      0.99928151      -24.280118       -24.280118       2453.2816                                                 2453.2816
              1       1202.1356      0.48451784      0.30758285   9.2697671e-05     0.022424393        3.001112      0.97269341     0.040371548      0.99894165      -24.280118       -24.280118       2452.8313                                                 2452.8313
              5       1204.6146      0.37746465      0.30200238   9.1237363e-05     0.022401605       2.9732477      0.97336947     0.026191614      0.99951436      -24.280118       -24.280118       2457.7894                                                 2457.7894
              7       1203.9346      0.31877153      0.30055136   9.0576606e-05     0.022483798        2.973472      0.97099489     0.025103617      0.99984121      -24.280118       -24.280118       2456.4294                                                 2456.4294
              3       1204.8384      0.31336633      0.29935362   9.0319322e-05     0.022501232       2.9708691      0.97260263     0.023851448      0.99995527      -24.280118       -24.280118        2458.237                                                  2458.237
              1       1204.8015      0.31115238       0.2993044   9.0300304e-05     0.022500142       2.9706342      0.97258086     0.023752638      0.99993712      -24.280118       -24.280118       2458.1633                                                 2458.1633
              1       1203.8432      0.21169708      0.29720587   8.9360999e-05     0.022531241       2.9920462      0.96996438     0.036499937      0.99707409      -24.280118       -24.280118       2456.2467                                                 2456.2467
              3       1202.9619      0.26765773      0.30036129   9.0329575e-05     0.022433658       2.9948896      0.96856776     0.037687193      0.99760089      -24.280118       -24.280118        2454.484                                                  2454.484
              6       1202.4632      0.31472454      0.30176618   9.0735189e-05     0.022499163       2.9965176      0.96870089     0.038892763      0.99759443      -24.280118       -24.280118       2453.4866                                                 2453.4866
              2       1203.2587      0.34977791      0.30193047   9.0986369e-05      0.02245926        2.998358      0.96753263     0.039986772       0.9979509      -24.280118       -24.280118       2455.0777                                                 2455.0777
              2        1203.975      0.45864065      0.30580308   9.2307469e-05     0.022461435       3.0214191      0.96783053     0.051088593      0.99818033      -24.280118       -24.280118       2456.5103                                                 2456.5103
              6       1205.8281      0.58179486       0.3049976   9.2590233e-05     0.022613768       3.0271546      0.97114147     0.056348971      0.99711152      -24.280118       -24.280118       2460.2164                                                 2460.2164
              4       1204.2438      0.57359938      0.30821356   9.3235193e-05     0.022553925       3.0162334      0.96820842     0.047135352       1.0002893      -24.280118       -24.280118       2457.0478                                                 2457.0478
              2       1204.6929      0.58563444      0.30869895   9.3375724e-05     0.022524858        3.015478      0.96759262     0.045329628       1.0016658      -24.280118       -24.280118        2457.946                                                  2457.946
              3         1204.88      0.60535873      0.31012796   9.3750328e-05     0.022512607       3.0151117        0.967049     0.045065684       1.0015463      -24.280118       -24.280118       2458.3203                                                 2458.3203
              4       1204.3388      0.64843883      0.31086232   9.4031494e-05     0.022538621       3.0137912      0.96871842     0.044466501       1.0014069      -24.280118       -24.280118       2457.2379                                                 2457.2379
              5       1204.2463      0.64054323      0.31081476   9.3998226e-05     0.022530847       3.0126683      0.96848472     0.043878042       1.0013691      -24.280118       -24.280118       2457.0529                                                 2457.0529
              7       1204.3372      0.61391194      0.31123422   9.3942795e-05     0.022499576       3.0139855      0.96762187     0.043793166       1.0017354      -24.280118       -24.280118       2457.2347                                                 2457.2347
              1       1204.0542      0.59182075      0.31019069   9.3608215e-05     0.022521091       3.0147324       0.9678601     0.044005033       1.0018822      -24.280118       -24.280118       2456.6685                                                 2456.6685
             12       1203.3094      0.47412204      0.30835236   9.2817849e-05     0.022420151       3.0057708      0.96704284      0.04128341       1.0003978      -24.280118       -24.280118        2455.179                                                  2455.179
              3       1204.2179      0.38086281      0.30788013   9.2410734e-05     0.022317873       3.0066852      0.96700925     0.042240419       1.0000077      -24.280118       -24.280118       2456.9961                                                 2456.9961
              1       1204.2421      0.38790317      0.30847346   9.2559059e-05     0.022316835       3.0060762      0.96679171     0.041913516      0.99995103      -24.280118       -24.280118       2457.0445                                                 2457.0445
             10       1203.8834      0.39994066      0.30856805   9.2614042e-05       0.0223227       3.0028148      0.96751772     0.041465423      0.99885209      -24.280118       -24.280118        2456.327                                                  2456.327
              8       1205.2092      0.44530713      0.31159999   9.3339489e-05     0.022423918       2.9765939      0.97174941     0.031092373      0.99485978      -24.280118       -24.280118       2458.9786                                                 2458.9786
              1       1205.3725      0.44009083      0.31023209   9.2876008e-05     0.022466457       2.9813469      0.97271851     0.034291996      0.99397638      -24.280118       -24.280118       2459.3052                                                 2459.3052
              4       1205.4746      0.53594651      0.31227431   9.3700073e-05     0.022490252       2.9842294      0.97190652     0.036722251      0.99347096      -24.280118       -24.280118       2459.5095                                                 2459.5095
              4       1202.7503      0.43878639      0.30732311   9.2299697e-05     0.022485416       2.9912921      0.96952735     0.037279156       0.9965245      -24.280118       -24.280118       2454.0607                                                 2454.0607
              6       1203.1796      0.41504828      0.30530078   9.1895846e-05      0.02245949       3.0112779      0.96855416     0.047212683      0.99741573      -24.280118       -24.280118       2454.9195                                                 2454.9195
              2       1203.4482      0.44637316      0.30665389   9.2336755e-05     0.022472577       3.0181924      0.96869846     0.050624393      0.99750172      -24.280118       -24.280118       2455.4566                                                 2455.4566
              3       1203.0604      0.30649893      0.30377115   9.1183346e-05     0.022450544       3.0132989      0.96752457     0.045696728      0.99930175      -24.280118       -24.280118       2454.6811                                                 2454.6811
              3       1202.9197      0.29120222      0.30316092   9.0845379e-05      0.02255637       3.0079848      0.96798876     0.043754993       0.9980332      -24.280118       -24.280118       2454.3996                                                 2454.3996
              1       1202.9663      0.24063853      0.30151939   9.0233313e-05     0.022548902       3.0075846      0.96896735     0.042606808      0.99851646      -24.280118       -24.280118       2454.4928                                                 2454.4928
              2        1202.805      0.26351122      0.30094189   9.0214019e-05     0.022577392       3.0044798      0.97082082     0.040801054       0.9994083      -24.280118       -24.280118       2454.1702                                                 2454.1702
              2       1203.3295      0.46339333      0.30700831   9.2067607e-05     0.022707154       3.0097351      0.97169307     0.043696876      0.99884053      -24.280118       -24.280118       2455.2193                                                 2455.2193
              5       1203.4063      0.46031474       0.3069686    9.204301e-05     0.022713683       3.0086145      0.97175936     0.043142239      0.99875347      -24.280118       -24.280118       2455.3729                                                 2455.3729
              3        1204.046      0.37819529      0.30932921   9.2560554e-05      0.02232252       3.0063924      0.97083688     0.039306395       1.0011983      -24.280118       -24.280118       2456.6521                                                 2456.6521
              1       1205.8821      0.31285386      0.30530732   9.1366851e-05       0.0223827       3.0106317      0.97234954     0.039311656       1.0030721      -24.280118       -24.280118       2460.3244                                                 2460.3244
              1       1206.4317        0.376499      0.30743239   9.2095069e-05     0.022416165       3.0088251      0.97160318     0.036779122       1.0038156      -24.280118       -24.280118       2461.4237                                                 2461.4237
              3       1206.2233      0.31520923      0.30492671   9.1327111e-05     0.022400702       2.9942396      0.96923173     0.029996502       1.0031109      -24.280118       -24.280118       2461.0069                                                 2461.0069
              5       1204.6899      0.40037684      0.30741689   9.2172931e-05     0.022416803       3.0017008      0.96959924     0.035123916       1.0021007      -24.280118       -24.280118       2457.9401                                                 2457.9401
              1       1203.4326       0.3167261      0.30359176   9.1197648e-05     0.022373325       3.0001642      0.96844122     0.036362622       1.0008658      -24.280118       -24.280118       2455.4255                                                 2455.4255
              1       1203.5232      0.34283389       0.3044736   9.1429141e-05     0.022415526       3.0019442      0.96764948     0.036830831       1.0009067      -24.280118       -24.280118       2455.6067                                                 2455.6067
              9       1203.4513      0.34226628      0.30176686   9.0818443e-05      0.02247396       3.0119134      0.96892083     0.043659711      0.99951499      -24.280118       -24.280118       2455.4627                                                 2455.4627
              6       1203.7585      0.35956127      0.30233572   9.0988737e-05     0.022475847       3.0069788      0.96915351      0.03989797       1.0006648      -24.280118       -24.280118       2456.0773                                                 2456.0773
              2       1203.7796      0.33827733      0.30186811   9.0706423e-05     0.022541288        3.019852      0.96876005      0.04701956      0.99997094      -24.280118       -24.280118       2456.1194                                                 2456.1194
              1       1203.8398      0.33307556       0.3018228   9.0672527e-05     0.022537076       3.0191291      0.96857639     0.046742822      0.99985248      -24.280118       -24.280118       2456.2399                                                 2456.2399
              4        1203.887      0.39283576      0.30365067   9.1285702e-05       0.0225361       3.0206905      0.96832257     0.047296736       1.0002369      -24.280118       -24.280118       2456.3343                                                 2456.3343
              1       1203.7837      0.40478422       0.3048533   9.1646718e-05     0.022481512       3.0236866       0.9688908     0.049338338      0.99982105      -24.280118       -24.280118       2456.1277                                                 2456.1277
              1       1205.8657      0.39048798      0.30386121   9.1411219e-05     0.022454178       3.0307242      0.97015669     0.050009665       1.0025172      -24.280118       -24.280118       2460.2917                                                 2460.2917
              7       1206.6467      0.44359424       0.3059357   9.2041905e-05     0.022424581       3.0306726      0.97034104     0.050358862       1.0021048      -24.280118       -24.280118       2461.8537                                                 2461.8537
              2       1207.8434      0.21592611      0.29494903    8.894318e-05     0.022473119       2.9976169      0.96831867     0.034756658       1.0010423      -24.280118       -24.280118       2464.2469                                                 2464.2469
              2       1207.7098      0.21845852      0.29540471   8.9044461e-05     0.022473002        2.997179      0.96797616     0.034369397       1.0010847      -24.280118       -24.280118       2463.9797                                                 2463.9797
              6       1207.5647      0.21973076      0.29532465   8.9069507e-05     0.022460805        2.998944      0.96819985     0.035420532       1.0010215      -24.280118       -24.280118       2463.6897                                                 2463.6897
              1        1208.622      0.22390399      0.29519821   8.8918729e-05     0.022524687       3.0033755       0.9666943     0.037455091       1.0008603      -24.280118       -24.280118       2465.8042                                                 2465.8042
              2       1209.7233      0.36037205      0.30027084   9.0813772e-05       0.0223494       3.0137735      0.96335027     0.045678614      0.99916639      -24.280118       -24.280118       2468.0068                                                 2468.0068
              2        1209.633      0.32398297      0.29848313   9.0268596e-05     0.022431362       3.0222219      0.96374335      0.05176066      0.99733188      -24.280118       -24.280118       2467.8262                                                 2467.8262
              1       1206.9827      0.34955826      0.30771061   9.2205283e-05        0.022368       3.0174419      0.96166643     0.047282252      0.99904544      -24.280118       -24.280118       2462.5256                                                 2462.5256
              2       1209.6965      0.31315833      0.30939088   9.2575084e-05     0.022184087       3.0303775      0.96477974     0.051495383       1.0018825      -24.280118       -24.280118       2467.9533                                                 2467.9533
              2        1207.129      0.32767979      0.30836534   9.2361915e-05      0.02223516       3.0226138      0.96651431     0.046339982       1.0031771      -24.280118       -24.280118       2462.8182                                                 2462.8182
              1       1206.3705      0.36095762      0.30892872   9.2560712e-05     0.022276364       3.0248996      0.96774128     0.048433514       1.0025342      -24.280118       -24.280118       2461.3011                                                 2461.3011
              1       1207.4305      0.43043993      0.31175725   9.3312399e-05     0.022295689       3.0356144      0.96867993     0.053225051        1.001987      -24.280118       -24.280118       2463.4212                                                 2463.4212
              6       1207.4144       0.4314904      0.31440139   9.3833477e-05     0.022249111       3.0237442      0.96730393     0.047337674       1.0014738      -24.280118       -24.280118        2463.389                                                  2463.389
              1       1207.3406      0.41004246      0.31357163   9.3589411e-05     0.022243589       3.0237995      0.96759873     0.047155268       1.0017002      -24.280118       -24.280118       2463.2414                                                 2463.2414
              7       1207.2432      0.41460587      0.31379146   9.3677094e-05     0.022233451       3.0231624      0.96761253     0.047031702       1.0015346      -24.280118       -24.280118       2463.0466                                                 2463.0466
              1       1206.6284      0.38296636      0.31358712   9.3443583e-05     0.022303959       2.9575378      0.96738428     0.012490075       1.0021004      -24.280118       -24.280118       2461.8171                                                 2461.8171
              1       1207.6808      0.32327489      0.31346604   9.3298473e-05     0.022226617       2.9564734      0.96588083     0.012091382       1.0016195      -24.280118       -24.280118       2463.9219                                                 2463.9219
              3       1206.8905      0.36512641      0.31159894   9.3195221e-05     0.022275906       2.9619252      0.96789649     0.015472545       1.0022144      -24.280118       -24.280118       2462.3412                                                 2462.3412
              1        1206.617      0.22185616      0.30297627   9.0264668e-05     0.022692686        2.977553      0.96697042     0.023180728         1.00147      -24.280118       -24.280118       2461.7942                                                 2461.7942
              3       1206.2726      0.16057852      0.30081441   8.9568934e-05     0.022664494       2.9904595      0.96638119     0.031807991      0.99867848      -24.280118       -24.280118       2461.1054                                                 2461.1054
              5       1206.1832      0.16338385      0.30056225   8.9518936e-05     0.022661411       2.9891668      0.96678727     0.031541372      0.99845643      -24.280118       -24.280118       2460.9267                                                 2460.9267
              2       1205.9172       0.2085177      0.30270018   9.0143797e-05     0.022672676        2.991392      0.96698118     0.031235895      0.99968401      -24.280118       -24.280118       2460.3946                                                 2460.3946
              2       1206.4829      0.18937748      0.30373631   9.0257693e-05     0.022648226       2.9882071      0.96666508     0.029642091      0.99935731      -24.280118       -24.280118        2461.526                                                  2461.526
              1       1205.7403      0.29556874      0.30834535   9.1803382e-05     0.022564392       2.9679466       0.9653559     0.020721385      0.99979794      -24.280118       -24.280118       2460.0408                                                 2460.0408
              4       1204.6952      0.58619755       0.3179276   9.5077717e-05     0.022479826       2.9891965      0.96691812      0.03417468      0.99772331      -24.280118       -24.280118       2457.9506                                                 2457.9506
              1       1204.6396      0.59539754      0.31791021   9.5100101e-05     0.022494494       2.9921464      0.96691578     0.035706539      0.99775469      -24.280118       -24.280118       2457.8394                                                 2457.8394
              1       1204.7426      0.61751788      0.31809078   9.5227493e-05     0.022519088       2.9929511      0.96677191     0.036146391      0.99758012      -24.280118       -24.280118       2458.0454                                                 2458.0454
             14       1203.5977      0.60483973      0.31644357   9.4931212e-05     0.022473598       3.0010747       0.9674316     0.038410452      0.99961504      -24.280118       -24.280118       2455.7556                                                 2455.7556
              2       1204.6861      0.73446094      0.31870398   9.5980715e-05     0.022515358       3.0118445      0.97160804     0.043457796       1.0011815      -24.280118       -24.280118       2457.9325                                                 2457.9325
             13       1206.6922      0.67410377      0.31455642   9.5220105e-05     0.022451385       3.0133086      0.97262278     0.049417941       0.9974415      -24.280118       -24.280118       2461.9446                                                 2461.9446
              6       1205.0254      0.58744348      0.30785833   9.3307457e-05     0.022513392       3.0269508      0.97699394     0.053343583      0.99968885      -24.280118       -24.280118        2458.611                                                  2458.611
              4       1204.9646      0.68662197      0.31198447   9.4517842e-05     0.022534518       3.0264283      0.97559103     0.054845917      0.99786223      -24.280118       -24.280118       2458.4894                                                 2458.4894
              2       1205.3189      0.57793618      0.30875659    9.320202e-05      0.02259823       3.0255865      0.96825971     0.051931066       1.0003803      -24.280118       -24.280118        2459.198                                                  2459.198
              7       1205.6623      0.63018162      0.31105814   9.3901348e-05     0.022582263       3.0247627      0.96837694     0.050726711       1.0012002      -24.280118       -24.280118       2459.8848                                                 2459.8848
              2       1204.3003      0.40565125      0.30572017   9.1923748e-05     0.022476747       3.0154198      0.96898474     0.044475393       1.0025369      -24.280118       -24.280118       2457.1609                                                 2457.1609
              1       1204.3224       0.3317194      0.30103316   9.0658441e-05     0.022451086        3.000961      0.96877757     0.040968363      0.99885602      -24.280118       -24.280118        2457.205                                                  2457.205
              2       1204.7739       0.3618877      0.30137201   9.0863626e-05     0.022451357       3.0065098      0.96900853     0.045919605      0.99680399      -24.280118       -24.280118       2458.1081                                                 2458.1081
              2       1206.1572      0.28948503      0.30092684   9.0478653e-05     0.022412084       2.9975095      0.96810156     0.042315738      0.99578721      -24.280118       -24.280118       2460.8746                                                 2460.8746
              2        1206.252      0.28579932      0.30053179     9.03823e-05     0.022415664       2.9972714      0.96836684     0.042283789      0.99575762      -24.280118       -24.280118       2461.0642                                                 2461.0642
              2       1206.2312      0.38386375      0.30387546   9.1566866e-05     0.022359719        2.995914      0.96993777     0.042189588      0.99598842      -24.280118       -24.280118       2461.0226                                                 2461.0226
              9        1204.317      0.41822708      0.30449526   9.1889843e-05     0.022352772        3.007694      0.97034092     0.045285161      0.99864412      -24.280118       -24.280118       2457.1942                                                 2457.1942
              5       1204.4293      0.45384745      0.30363884    9.194545e-05     0.022438618       3.0013099      0.97139203     0.042889654      0.99848571      -24.280118       -24.280118       2457.4188                                                 2457.4188
              3       1204.0847      0.40465318      0.30084283   9.1076903e-05     0.022509306       3.0050244      0.97161982     0.045052796      0.99786818      -24.280118       -24.280118       2456.7296                                                 2456.7296
              3       1203.8948      0.26999653      0.29638861   8.9462938e-05     0.022559812       3.0040959      0.97237647     0.043905468      0.99758043      -24.280118       -24.280118       2456.3498                                                 2456.3498
              5       1204.9509      0.18647782      0.29582409   8.9210212e-05     0.022447366       2.9980054      0.97073657     0.042173682      0.99561274      -24.280118       -24.280118        2458.462                                                  2458.462
              2       1208.0748      0.36318682      0.29653126   9.0140798e-05     0.022583154       3.0184741      0.97287185     0.048970653       1.0011095      -24.280118       -24.280118       2464.7099                                                 2464.7099
              3       1209.0046      0.33253046      0.29382739   8.9003642e-05     0.022790436       3.0210045      0.97005508     0.045623883       1.0034986      -24.280118       -24.280118       2466.5695                                                 2466.5695
              2       1209.9537      0.29462291      0.29858548   8.9557389e-05     0.022801314       2.9898372      0.97179481     0.028773328       1.0044305      -24.280118       -24.280118       2468.4676                                                 2468.4676
              2       1210.0326      0.29727268      0.29869434   8.9585573e-05     0.022802142       2.9900802       0.9717537     0.028845581       1.0044767      -24.280118       -24.280118       2468.6253                                                 2468.6253
              6       1207.6671      0.63027065      0.30859874   9.3016792e-05     0.022877904       3.0187454      0.97068342     0.044020349       1.0032228      -24.280118       -24.280118       2463.8944                                                 2463.8944
              1       1206.8412      0.62810089      0.30870384   9.3077648e-05      0.02286995       3.0182366      0.97178386     0.044402288       1.0027086      -24.280118       -24.280118       2462.2426                                                 2462.2426
              1       1206.1084      0.65361858       0.3103604   9.3624358e-05     0.022800019       3.0155049      0.97146009     0.043288449       1.0030501      -24.280118       -24.280118        2460.777                                                  2460.777
              2       1207.4113      0.70195683        0.310925   9.3896286e-05     0.022849812       3.0113281      0.97214818     0.041660237       1.0028605      -24.280118       -24.280118       2463.3828                                                 2463.3828
              1       1207.4216      0.62749012      0.30842563   9.3017742e-05     0.022881158       3.0157233      0.97246668     0.044660668       1.0022663      -24.280118       -24.280118       2463.4034                                                 2463.4034
              1       1209.0495      0.72169169      0.31284039   9.4250565e-05     0.022898711       3.0242015      0.97233764     0.049027076       1.0019038      -24.280118       -24.280118       2466.6591                                                 2466.6591
              3        1207.985      0.70540018       0.3130581   9.4236445e-05     0.022764177       3.0099118      0.97324365     0.046077638      0.99772484      -24.280118       -24.280118       2464.5302                                                 2464.5302
              6       1207.5102      0.58121306      0.31138917   9.3351815e-05     0.022721643       2.9864647       0.9703139      0.03154711       1.0000459      -24.280118       -24.280118       2463.5806                                                 2463.5806
              1       1209.7441      0.59610877       0.3121596   9.3499346e-05     0.022742584       2.9864102      0.97009248     0.032298107      0.99939956      -24.280118       -24.280118       2468.0484                                                 2468.0484
              1       1209.7394      0.59660358      0.31209858   9.3487406e-05     0.022745343       2.9862131      0.97011097     0.032234735      0.99936169      -24.280118       -24.280118        2468.039                                                  2468.039
              2       1206.4502      0.19555102      0.29822319   8.9292921e-05     0.022561466       2.9887577      0.97152624     0.032487635       1.0002299      -24.280118       -24.280118       2461.4606                                                 2461.4606
              1       1204.5939      0.26541565       0.3002273   9.0102286e-05     0.022524923       2.9870518      0.97258944     0.031291018       1.0009788      -24.280118       -24.280118       2457.7481                                                 2457.7481
              4        1205.285      0.26622542      0.29896058   8.9822948e-05     0.022573237       2.9918722      0.97416631     0.033667606       1.0013953      -24.280118       -24.280118       2459.1302                                                 2459.1302
              1       1205.5794      0.32411705      0.30113327   9.0465812e-05     0.022560293       2.9851365      0.97274014     0.030495816       1.0012614      -24.280118       -24.280118       2459.7191                                                 2459.7191
              1       1205.6888      0.30372298      0.30433872   9.0969717e-05     0.022562217       2.9832939      0.96999834     0.032079418      0.99806271      -24.280118       -24.280118       2459.9377                                                 2459.9377
              1       1207.4616      0.21108451      0.30173877   9.0043169e-05     0.022538445       2.9863999      0.96881942     0.033193872      0.99830869      -24.280118       -24.280118       2463.4834                                                 2463.4834
              2       1207.5468      0.21320914      0.30096616   8.9869318e-05      0.02256217       2.9880667       0.9690604     0.034421811      0.99792036      -24.280118       -24.280118       2463.6537                                                 2463.6537
              6       1205.4911      0.27398465      0.30266288     9.06799e-05     0.022432226       3.0011684      0.96952007     0.042218435      0.99744356      -24.280118       -24.280118       2459.5425                                                 2459.5425
              2       1203.8418      0.26037028      0.30206005   9.0466566e-05     0.022522127       2.9957439      0.96991089     0.039910815      0.99632634      -24.280118       -24.280118       2456.2439                                                 2456.2439
              9       1203.5283      0.31059374      0.30459352   9.1179516e-05     0.022530487        3.001048      0.97039652     0.042309718       0.9965775      -24.280118       -24.280118       2455.6169                                                 2455.6169
              4       1202.7944      0.28950652      0.30212416   9.0705936e-05     0.022509418       3.0084719      0.97021376     0.044806866      0.99812313      -24.280118       -24.280118       2454.1491                                                 2454.1491
             16       1202.9444      0.28954633      0.30191082   9.0641939e-05     0.022519201       3.0075996      0.97052699      0.04487634      0.99768952      -24.280118       -24.280118       2454.4491                                                 2454.4491
              1       1203.8165      0.28647337      0.30142539   9.0587025e-05     0.022516035       3.0053542      0.97107759     0.045016595      0.99696348      -24.280118       -24.280118       2456.1933                                                 2456.1933
              2            1204      0.26597087      0.29962117   9.0119899e-05     0.022540919       3.0041789       0.9719815     0.043851094      0.99776509      -24.280118       -24.280118       2456.5603                                                 2456.5603
              4       1204.0391      0.23346252      0.29829504   8.9761801e-05     0.022511915       3.0003646      0.97154857     0.042141351      0.99752156      -24.280118       -24.280118       2456.6385                                                 2456.6385
              1       1203.9709      0.19798177      0.29868437   8.9786732e-05     0.022462117       3.0006186      0.97054578     0.040817715      0.99868788      -24.280118       -24.280118        2456.502                                                  2456.502
              1       1203.0817      0.23859044      0.30063605   9.0121796e-05     0.022585524       2.9996737      0.96850465     0.038212784      0.99890847      -24.280118       -24.280118       2454.7236                                                 2454.7236
              3       1202.7701      0.25220613      0.30099042   9.0318339e-05     0.022508602       3.0007485      0.96745542     0.038400175      0.99927613      -24.280118       -24.280118       2454.1005                                                 2454.1005
              2       1202.9137      0.28637878      0.30209926    9.061582e-05     0.022541452       3.0080073       0.9674005     0.040546703       1.0008316      -24.280118       -24.280118       2454.3877                                                 2454.3877
              5       1203.3783      0.30910606      0.29949719    9.022745e-05     0.022570674       3.0009797      0.97084644     0.036862039       1.0021924      -24.280118       -24.280118       2455.3168                                                 2455.3168
              2       1203.6494      0.31321224      0.29971641   9.0242578e-05     0.022584914       2.9988825       0.9703054     0.035390062       1.0024385      -24.280118       -24.280118        2455.859                                                  2455.859
              4       1203.8395      0.28031592      0.29877662   8.9905908e-05     0.022584808       2.9968791      0.97022475     0.034478087       1.0022323      -24.280118       -24.280118       2456.2392                                                 2456.2392
              1       1205.0741      0.49536958      0.31414136   9.4022793e-05     0.022418114       2.9811109      0.96749149     0.026205706       1.0023309      -24.280118       -24.280118       2458.7085                                                 2458.7085
              1       1207.3225      0.40205677      0.31302692   9.3548283e-05     0.022421487       2.9718264       0.9661121     0.023326807        1.000142      -24.280118       -24.280118       2463.2053                                                 2463.2053
              8        1207.187      0.35216422      0.31292975   9.3182332e-05      0.02243324       2.9519365      0.96480525     0.014291087      0.99821649      -24.280118       -24.280118       2462.9342                                                 2462.9342
              2       1207.1932      0.35114209      0.31275585   9.3142886e-05     0.022437249       2.9512449      0.96499775     0.013985573       0.9982104      -24.280118       -24.280118       2462.9467                                                 2462.9467
              4       1207.5781        0.331203      0.31184601   9.2891149e-05     0.022446126       2.9508419       0.9642232     0.013821046       0.9980491      -24.280118       -24.280118       2463.7164                                                 2463.7164
              3       1207.3493      0.28961687      0.31202389   9.2687441e-05     0.022422324       2.9508147      0.96473664     0.014513846      0.99707186      -24.280118       -24.280118       2463.2589                                                 2463.2589
             10       1207.6247      0.17329732       0.3009431   9.0304088e-05     0.022239338        2.961962      0.96781135      0.02475617      0.99473329      -24.280118       -24.280118       2463.8096                                                 2463.8096
              5        1206.098      0.26826532      0.30015413   9.0536693e-05     0.022379323       2.9774967      0.97379596     0.028561077      0.99865301      -24.280118       -24.280118       2460.7562                                                 2460.7562
              2       1205.9505      0.30341206      0.30078216   9.0812756e-05     0.022396737        2.978159      0.97326573     0.028796512      0.99887201      -24.280118       -24.280118       2460.4613                                                 2460.4613
              4       1205.7477      0.39551921      0.30667543   9.2437616e-05     0.022317978       2.9848373      0.97373643     0.030286782       1.0011091      -24.280118       -24.280118       2460.0557                                                 2460.0557
              1       1205.7708      0.38574129      0.30695698   9.2466029e-05     0.022299013       2.9886702       0.9736711     0.032015679       1.0012778      -24.280118       -24.280118       2460.1019                                                 2460.1019
              1       1205.0859      0.30322865      0.30467908   9.1519468e-05     0.022314993       2.9875646      0.97258399     0.029114649        1.002652      -24.280118       -24.280118        2458.732                                                  2458.732
              2       1205.3528      0.31285722      0.30503657   9.1638403e-05     0.022309705       2.9870914      0.97274748     0.028751003       1.0028163      -24.280118       -24.280118       2459.2658                                                 2459.2658
              1       1205.1999      0.32457792      0.30550181   9.1772614e-05      0.02231827       2.9875809      0.97247561     0.028808499       1.0029528      -24.280118       -24.280118         2458.96                                                   2458.96
              1       1204.7472      0.32410663      0.30426332   9.1504538e-05     0.022363215       2.9868255      0.97276105     0.029028935        1.002624      -24.280118       -24.280118       2458.0546                                                 2458.0546
              6       1204.7005      0.31671712      0.30413147   9.1441614e-05     0.022363755       2.9862529      0.97262073     0.028766956       1.0025237      -24.280118       -24.280118       2457.9612                                                 2457.9612
              1       1204.8764      0.29997549       0.3027667   9.0963238e-05     0.022439471       2.9958069      0.97007109     0.031052048       1.0044955      -24.280118       -24.280118       2458.3131                                                 2458.3131
              2       1204.3621      0.26478256      0.30247943   9.0569593e-05     0.022475886       3.0109115      0.97098351     0.040064626       1.0031185      -24.280118       -24.280118       2457.2845                                                 2457.2845
              2       1203.3462      0.32332057       0.3054096   9.1351247e-05     0.022533011       2.9900766      0.96756027     0.033903557      0.99894435      -24.280118       -24.280118       2455.2526                                                 2455.2526
              2        1202.976      0.40823742      0.30872267   9.2394507e-05     0.022485845       2.9976485      0.96855119     0.039451671      0.99622559      -24.280118       -24.280118       2454.5122                                                 2454.5122
              2       1204.6468      0.43317077      0.31280056    9.344034e-05     0.022365161       3.0040958      0.96474728     0.041738742      0.99688701      -24.280118       -24.280118       2457.8538                                                 2457.8538
              3       1203.9827      0.19737859      0.30259227    9.034925e-05     0.022477136         2.99241      0.96539785     0.035865831      0.99681379      -24.280118       -24.280118       2456.5257                                                 2456.5257
             12       1203.7444      0.20917004      0.30243483   9.0368168e-05     0.022484054       2.9929985      0.96582153     0.036190297      0.99682034      -24.280118       -24.280118       2456.0491                                                 2456.0491
              2       1205.3332      0.14139118      0.29936491   8.9397326e-05     0.022465307       2.9914376      0.96766818     0.034233822      0.99777047      -24.280118       -24.280118       2459.2265                                                 2459.2265
              1       1208.1009      0.13959393      0.29035663   8.7814484e-05     0.022528206       3.0152256      0.97551522     0.044031263        1.002279      -24.280118       -24.280118       2464.7621                                                 2464.7621
              2       1207.6564      0.14235074      0.29086671   8.7892032e-05     0.022614325       3.0188149      0.97548851     0.046660722       1.0014944      -24.280118       -24.280118        2463.873                                                  2463.873
             15       1207.4722      0.31458384      0.29462413   8.9459708e-05     0.022602294       3.0266268      0.97646121     0.052754881       1.0005666      -24.280118       -24.280118       2463.5047                                                 2463.5047
              7       1207.3038       0.4052283      0.29718846   9.0218178e-05      0.02269732       3.0290821      0.97753648     0.054620013      0.99970924      -24.280118       -24.280118       2463.1677                                                 2463.1677
              2       1206.8843      0.56262068      0.30908646   9.3289534e-05     0.022566933       3.0204089      0.97994771     0.050403691       1.0002943      -24.280118       -24.280118       2462.3289                                                 2462.3289
              3       1207.2081       0.5410742      0.30854458   9.3093059e-05     0.022554211       3.0221829      0.98032574     0.051018067       1.0004647      -24.280118       -24.280118       2462.9765                                                 2462.9765
              1       1207.4754      0.60516582      0.30918081    9.343249e-05     0.022584891       3.0248492      0.98109797     0.051930546       1.0010223      -24.280118       -24.280118        2463.511                                                  2463.511
              1       1207.2466      0.62978381      0.31008186   9.3718736e-05     0.022576445       3.0252289      0.98079152     0.052025786       1.0010118      -24.280118       -24.280118       2463.0534                                                 2463.0534
              3       1206.6224      0.57556759      0.30893512   9.3232323e-05     0.022569952        3.028538      0.97977544     0.053506319       1.0008409      -24.280118       -24.280118       2461.8051                                                 2461.8051
              5       1208.5953        0.560677      0.30889375    9.321274e-05     0.022500447       3.0316282      0.98098823      0.05419221       1.0019394      -24.280118       -24.280118       2465.7508                                                 2465.7508
              3        1207.975       0.5245195      0.30911366   9.3144932e-05     0.022468149       3.0356327      0.97863109     0.055891171        1.002118      -24.280118       -24.280118       2464.5102                                                 2464.5102
              1        1207.338      0.51235976      0.30932114   9.3178315e-05     0.022443575       3.0219638      0.97834152     0.049881589       1.0017393      -24.280118       -24.280118       2463.2361                                                 2463.2361
              2       1203.0029       0.4392417      0.31051938    9.300793e-05     0.022469087       2.9916091      0.97230408     0.035839329      0.99806284      -24.280118       -24.280118        2454.566                                                  2454.566
             10       1202.7251      0.49272123      0.31039523   9.3122857e-05     0.022562383       2.9904998      0.97161949     0.033750217      0.99962769      -24.280118       -24.280118       2454.0105                                                 2454.0105
              1       1202.9816       0.3672441      0.30623566   9.1804966e-05     0.022540973       2.9881013      0.97173323     0.034067401      0.99830755      -24.280118       -24.280118       2454.5234                                                 2454.5234
              3        1202.704      0.35205959      0.30530384   9.1563926e-05     0.022516511        2.991061      0.97296854      0.03568819      0.99777911      -24.280118       -24.280118       2453.9683                                                 2453.9683
              1       1202.7398      0.35338392      0.30533646   9.1574108e-05     0.022517827       2.9906903      0.97299455     0.035540688       0.9977427      -24.280118       -24.280118       2454.0398                                                 2454.0398
              2       1205.0361      0.40936466      0.30892596   9.2459606e-05     0.022501542       3.0078572      0.97535857     0.045872434      0.99641591      -24.280118       -24.280118       2458.6324                                                 2458.6324
              2       1204.7685      0.48842477      0.31050953   9.3099371e-05     0.022528385       3.0074652      0.97595262     0.045770647      0.99653662      -24.280118       -24.280118       2458.0973                                                 2458.0973
              2        1203.913      0.50924408      0.31121786   9.3453047e-05     0.022494892       3.0094803      0.97480012     0.046608634       0.9971314      -24.280118       -24.280118       2456.3863                                                 2456.3863
              3       1204.5351       0.4800373      0.31266037   9.3462663e-05     0.022601447       2.9915187       0.9713668     0.036145457      0.99700695      -24.280118       -24.280118       2457.6304                                                 2457.6304
              2       1204.8105      0.45622015      0.31304785   9.3539059e-05     0.022499868       2.9749041      0.97039767      0.02836626      0.99643722      -24.280118       -24.280118       2458.1811                                                 2458.1811
              8       1204.6294      0.53714981      0.31045847    9.323072e-05     0.022661461       2.9861927      0.97456808     0.033161119      0.99771425      -24.280118       -24.280118        2457.819                                                  2457.819
              3       1205.8345      0.63401212       0.3152433   9.4592242e-05     0.022667502       2.9803271      0.97366724     0.028880181      0.99893424      -24.280118       -24.280118       2460.2293                                                 2460.2293
              6       1205.7606      0.63314318      0.31483262   9.4511294e-05     0.022668563        2.977297      0.97314883     0.027376848      0.99891092      -24.280118       -24.280118       2460.0815                                                 2460.0815
              7       1205.3282      0.41688052       0.3075235   9.1953222e-05     0.022718692       2.9866298      0.97185064     0.030985788      0.99849603      -24.280118       -24.280118       2459.2166                                                 2459.2166
              3       1205.9912      0.41645805       0.3087755   9.2315596e-05     0.022686347       3.0123499       0.9693543     0.039315904       1.0038052      -24.280118       -24.280118       2460.5427                                                 2460.5427
              3       1206.2531      0.44135869      0.30706225    9.197324e-05     0.022760668        3.021828      0.96722833     0.046273331       1.0020155      -24.280118       -24.280118       2461.0664                                                 2461.0664
              1       1205.8927       0.4905831      0.30786971   9.2397291e-05     0.022717756       3.0262669      0.97101762     0.050699271       1.0012898      -24.280118       -24.280118       2460.3457                                                 2460.3457
              2       1204.7819       0.5016424      0.30933949   9.2758757e-05     0.022690687       3.0149798      0.97040904     0.044513447       1.0015078      -24.280118       -24.280118        2458.124                                                  2458.124
              2       1204.8711      0.55426087      0.30961736   9.3067858e-05     0.022708029        3.012001      0.97047674     0.044547048       1.0005348      -24.280118       -24.280118       2458.3025                                                 2458.3025
              2       1204.9912      0.55807318      0.30967117   9.3107226e-05     0.022695009       3.0119624      0.97041487     0.044381381       1.0008087      -24.280118       -24.280118       2458.5427                                                 2458.5427
              1        1207.164      0.33076771       0.3009308   9.0433743e-05     0.022707423       2.9989122      0.97096134     0.038385151        1.000857      -24.280118       -24.280118       2462.8883                                                 2462.8883
              5       1207.6198      0.30726505      0.29512401    8.916472e-05     0.022769644        3.007007      0.97140766     0.040559896       1.0025802      -24.280118       -24.280118       2463.7998                                                 2463.7998
              2       1207.6861       0.3036439      0.29509973   8.9191098e-05     0.022749586       3.0033053       0.9711926     0.038677865       1.0027078      -24.280118       -24.280118       2463.9325                                                 2463.9325
              2        1206.624      0.13337849      0.29254967   8.8016002e-05     0.022623799       2.9827137      0.97197501     0.032416211      0.99727373      -24.280118       -24.280118       2461.8083                                                 2461.8083
              3       1206.6461      0.13304149      0.29255228   8.7995263e-05      0.02262837       2.9836137      0.97192269     0.032667377      0.99741634      -24.280118       -24.280118       2461.8525                                                 2461.8525
              7       1208.7128      0.31410804      0.29551552   8.9258421e-05     0.022702557       2.9708957      0.97214663     0.029296086      0.99520782      -24.280118       -24.280118       2465.9858                                                 2465.9858
              6       1208.4188      0.33473537       0.2968288    8.964089e-05     0.022724241       2.9742049       0.9741288       0.0315312      0.99415688      -24.280118       -24.280118       2465.3978                                                 2465.3978
              4       1207.5074      0.37608634      0.30109472   9.0659106e-05     0.022730914       2.9678124      0.97114018     0.027385926      0.99483444      -24.280118       -24.280118       2463.5751                                                 2463.5751
              2       1207.7404      0.66850199      0.31176332   9.4156914e-05     0.022613921       2.9819157      0.96997636      0.03641896      0.99322783      -24.280118       -24.280118       2464.0409                                                 2464.0409
              2       1206.5423      0.66518595      0.31332422   9.4446361e-05      0.02263459       3.0387691      0.97370665     0.060139195      0.99766385      -24.280118       -24.280118       2461.6449                                                 2461.6449
              2        1208.662      0.70307935      0.31675676   9.5117509e-05     0.022621264       3.0348686      0.97271124     0.053999173       1.0000428      -24.280118       -24.280118       2465.8843                                                 2465.8843
              7       1208.8473       0.6940781      0.31706783   9.5141881e-05     0.022608839       3.0362774       0.9725666     0.054671439       1.0000218      -24.280118       -24.280118       2466.2549                                                 2466.2549
              4       1209.3522      0.76387607      0.31535167   9.5165116e-05     0.022657228       3.0330451      0.97316068     0.052766084       1.0007455      -24.280118       -24.280118       2467.2646                                                 2467.2646
              3       1208.6946      0.59739299      0.31302243   9.3959492e-05     0.022640564       3.0240373      0.97036197     0.047302184      0.99988652      -24.280118       -24.280118       2465.9495                                                 2465.9495
              5       1208.9645      0.60378818      0.31265323   9.3919109e-05     0.022662475       3.0258264      0.97123945     0.048062145       1.0001688      -24.280118       -24.280118       2466.4893                                                 2466.4893
              1       1208.0956      0.60486891      0.31023357   9.3367551e-05     0.022688299       3.0191066      0.97380337     0.044322977       1.0012285      -24.280118       -24.280118       2464.7514                                                 2464.7514
              2       1207.4465      0.60965778       0.3090717   9.3058203e-05     0.022773938       3.0225458       0.9738328     0.047761472      0.99989697      -24.280118       -24.280118       2463.4533                                                 2463.4533
              1       1207.3784      0.60579004      0.31141306   9.3535579e-05     0.022738334        3.014537      0.97256152     0.042850938       1.0002046      -24.280118       -24.280118        2463.317                                                  2463.317
              3       1211.7821      0.41304759      0.30726717   9.1946544e-05     0.022716908       3.0481518      0.96910646     0.054838168       1.0049856      -24.280118       -24.280118       2472.1245                                                 2472.1245
              4       1210.9083      0.37269471      0.30808249   9.1900809e-05     0.022590774       3.0354158      0.96624532     0.047040766       1.0061765      -24.280118       -24.280118       2470.3768                                                 2470.3768
              4       1210.9015      0.37007686      0.30797459   9.1862035e-05     0.022594741       3.0350016      0.96623251     0.046823044       1.0061571      -24.280118       -24.280118       2470.3632                                                 2470.3632
              1        1211.346      0.35767418      0.30911339   9.2081219e-05     0.022566153        3.033062      0.96694103     0.045060915       1.0066984      -24.280118       -24.280118       2471.2522                                                 2471.2522
              4       1209.8241      0.34187874       0.3079709   9.1815606e-05     0.022559015       3.0320274      0.96783873     0.045499094       1.0060451      -24.280118       -24.280118       2468.2085                                                 2468.2085
              5       1208.6191      0.29746024      0.30880537   9.2144933e-05      0.02227578       3.0296947      0.96855898     0.047435968       1.0040257      -24.280118       -24.280118       2465.7985                                                 2465.7985
              1       1208.6672       0.3015627      0.30887286   9.2174718e-05     0.022275067       3.0298006      0.96851108     0.047426281       1.0041358      -24.280118       -24.280118       2465.8947                                                 2465.8947
              4       1207.2701      0.33968743      0.31276549   9.3044672e-05     0.022331317       3.0194936      0.96864441      0.04448584       1.0024201      -24.280118       -24.280118       2463.1004                                                 2463.1004
              9        1208.074      0.30037809      0.31246523    9.282568e-05     0.022308626        3.019826      0.96801149     0.045000276       1.0019244      -24.280118       -24.280118       2464.7083                                                 2464.7083
              8       1205.6144       0.2073532       0.3039948   9.0642219e-05     0.022467825       3.0229185      0.96678231     0.047099879       1.0014163      -24.280118       -24.280118       2459.7891                                                 2459.7891
              3       1204.6725      0.30089996      0.30611065   9.1349332e-05     0.022547023       3.0208867      0.96834953     0.048731631      0.99915766      -24.280118       -24.280118       2457.9053                                                 2457.9053
              5       1203.6074      0.30406533      0.30533991   9.1255997e-05     0.022541512       3.0139717       0.9688377      0.04568238      0.99910764      -24.280118       -24.280118        2455.775                                                  2455.775
              3       1202.5447      0.43690209      0.30591949   9.1925097e-05     0.022604072       3.0067265      0.97108537     0.043188114      0.99894159      -24.280118       -24.280118       2453.6497                                                 2453.6497
              1       1202.9765      0.44803048      0.30644628   9.2232373e-05     0.022539128       3.0090513       0.9735929     0.045198165      0.99893128      -24.280118       -24.280118       2454.5133                                                 2454.5133
              1       1202.6667      0.43969238      0.30679467   9.2284186e-05     0.022511977       3.0118287      0.97305159     0.046075023      0.99917614      -24.280118       -24.280118       2453.8936                                                 2453.8936
             12       1203.1237      0.37020603       0.3049337   9.1622733e-05     0.022476962       3.0053587      0.97188808     0.041225248       1.0008096      -24.280118       -24.280118       2454.8076                                                 2454.8076
              3        1203.755      0.28998793      0.30000182   9.0268202e-05     0.022501739       3.0185015      0.97402202     0.046697495       1.0015663      -24.280118       -24.280118       2456.0702                                                 2456.0702
              5       1203.3882      0.32659497      0.30121091   9.0608247e-05     0.022581661       3.0049152      0.97138396     0.039928235       1.0016144      -24.280118       -24.280118       2455.3367                                                 2455.3367
              1       1203.5839      0.29054679      0.30041734   9.0213702e-05     0.022611212       3.0029544      0.97097457     0.039626006       1.0005841      -24.280118       -24.280118       2455.7281                                                 2455.7281
              3       1205.0638      0.13974656      0.29817039   8.9192776e-05     0.022532674       2.9834361      0.97005811     0.028430082       1.0011124      -24.280118       -24.280118       2458.6879                                                 2458.6879
              6       1204.3497      0.30423179      0.30281036   9.1089471e-05     0.022376714       3.0013852      0.97276595     0.037392783       1.0027157      -24.280118       -24.280118       2457.2597                                                 2457.2597
              7       1204.6571       0.3030769      0.30236291   9.0983827e-05     0.022380984       3.0009686      0.97265895     0.036419469        1.003423      -24.280118       -24.280118       2457.8744                                                 2457.8744
              3       1203.1159      0.34929305      0.30281198   9.1060241e-05     0.022515767        3.006624      0.97260721      0.03960252       1.0025341      -24.280118       -24.280118        2454.792                                                  2454.792
              1       1203.3315      0.40925986      0.30322481   9.1394008e-05     0.022600088       3.0061033      0.96938877     0.039479909       1.0022005      -24.280118       -24.280118       2455.2232                                                 2455.2232
              1       1203.3751      0.40818054      0.30405518   9.1566331e-05     0.022570362       3.0064132      0.96847844     0.039120662       1.0024946      -24.280118       -24.280118       2455.3104                                                 2455.3104
              1       1203.0447      0.36354332      0.30306384    9.121826e-05     0.022537977       3.0031901      0.96820902     0.037972667       1.0018185      -24.280118       -24.280118       2454.6497                                                 2454.6497
             10       1203.0112      0.39780408      0.30377541   9.1542026e-05     0.022528029       3.0061123      0.96893132     0.039344332       1.0020443      -24.280118       -24.280118       2454.5826                                                 2454.5826
             12       1202.9579      0.38478048      0.30350414   9.1416325e-05     0.022537458       3.0054428      0.96926424     0.038818729       1.0021535      -24.280118       -24.280118       2454.4761                                                 2454.4761
              8       1205.1292      0.63029802         0.31509   9.4834889e-05     0.022492033       2.9851211      0.96637196     0.030352795      0.99969912      -24.280118       -24.280118       2458.8186                                                 2458.8186
              5       1207.3297      0.73997226      0.32075721   9.6613504e-05      0.02240868       2.9851859       0.9670202     0.029906047        1.000936      -24.280118       -24.280118       2463.2197                                                 2463.2197
              4       1207.1408      0.75736127      0.32052182   9.6636659e-05     0.022442919       2.9898312      0.96751207     0.032071666       1.0011162      -24.280118       -24.280118       2462.8419                                                 2462.8419
              3       1207.0574      0.76036171      0.32059045   9.6635274e-05     0.022471172       2.9891919      0.96773331     0.031983233       1.0009654      -24.280118       -24.280118        2462.675                                                  2462.675
              1       1206.8739      0.73397379      0.31823362   9.5892794e-05     0.022548287       2.9843016      0.96655209     0.029926423       1.0002273      -24.280118       -24.280118       2462.3081                                                 2462.3081
              1       1206.8718      0.73369768      0.31819145   9.5883842e-05     0.022548731       2.9843011      0.96655859     0.029920146       1.0002399      -24.280118       -24.280118       2462.3039                                                 2462.3039
              3       1206.8762       0.7645906      0.31927756   9.6234667e-05     0.022549928       2.9828819      0.96815905     0.029141506       1.0004002      -24.280118       -24.280118       2462.3127                                                 2462.3127
              1       1207.0349       0.7470269       0.3195281   9.6094224e-05     0.022575725        2.983116      0.96759937     0.028276757       1.0007537      -24.280118       -24.280118       2462.6301                                                 2462.6301
              2       1207.5435      0.76320211      0.31985487   9.6225717e-05     0.022578107       2.9825026      0.96760608     0.027951099       1.0008808      -24.280118       -24.280118       2463.6472                                                 2463.6472
              4       1206.1768      0.73371108      0.32042926   9.6319958e-05     0.022465843       3.0021413      0.96852557     0.037313429        1.002021      -24.280118       -24.280118       2460.9139                                                 2460.9139
              1       1203.9211      0.63399784      0.31513516   9.4853599e-05     0.022503691       3.0023026      0.96720062     0.039861209      0.99953247      -24.280118       -24.280118       2456.4024                                                 2456.4024
              1       1204.4099      0.50940898      0.30703247   9.2368774e-05     0.022699361       2.9992391      0.96978323     0.034903525       1.0015972      -24.280118       -24.280118         2457.38                                                   2457.38
              2       1204.8277      0.36252647      0.30382686   9.1146211e-05     0.022683134       2.9828119      0.97330123      0.02871766      0.99996041      -24.280118       -24.280118       2458.2156                                                 2458.2156
              1       1205.2019      0.27576167      0.30313295   9.0664755e-05     0.022641551       2.9728814      0.97040305     0.022265623        1.000897      -24.280118       -24.280118       2458.9641                                                 2458.9641
              5       1205.6742      0.18050009      0.30253213   9.0338818e-05     0.022467592       2.9830406      0.97093864     0.026120617       1.0013956      -24.280118       -24.280118       2459.9085                                                 2459.9085
              1       1205.7535      0.14443146      0.30138953   8.9937385e-05     0.022478331       2.9859705      0.97010708     0.027408527       1.0013124      -24.280118       -24.280118       2460.0673                                                 2460.0673
              3       1207.6825     0.078419334      0.29559708   8.8439425e-05     0.022547948       2.9904285      0.97263008     0.028857584       1.0027428      -24.280118       -24.280118       2463.9253                                                 2463.9253
              5       1207.7151      0.07699031      0.29554217   8.8421678e-05     0.022548143       2.9905892      0.97264769     0.028939515       1.0027392      -24.280118       -24.280118       2463.9904                                                 2463.9904
              2       1207.2951     0.052905315      0.29707528   8.8689023e-05     0.022488314       2.9880515      0.97217867     0.028105256       1.0021831      -24.280118       -24.280118       2463.1504                                                 2463.1504
              2       1207.2358      0.15608272      0.30119432   9.0023832e-05     0.022434199       3.0044138      0.97174358     0.035413233       1.0026655      -24.280118       -24.280118       2463.0319                                                 2463.0319
              1       1206.2456      0.13354568      0.30010192   8.9774519e-05     0.022387404       3.0089704      0.97178499     0.038484535       1.0026096      -24.280118       -24.280118       2461.0514                                                 2461.0514
              2       1204.0991       0.1759376      0.29879647   8.9685817e-05     0.022433038       2.9985405      0.97126381     0.035919772       1.0005012      -24.280118       -24.280118       2456.7584                                                 2456.7584
             11       1203.6966      0.28866508      0.30422084    9.114399e-05     0.022464012       3.0150162      0.97083896      0.04617841      0.99802788      -24.280118       -24.280118       2455.9534                                                 2455.9534
              8       1204.7822      0.31527426      0.30883563   9.2280476e-05     0.022389817       3.0095379      0.96985839     0.043313824      0.99789567      -24.280118       -24.280118       2458.1246                                                 2458.1246
              3       1205.5497      0.27077832      0.30723268    9.176616e-05     0.022393177       3.0236072      0.96853606     0.051152959      0.99778509      -24.280118       -24.280118       2459.6596                                                 2459.6596
              6       1205.4904      0.27422068       0.3068962   9.1716111e-05     0.022400441       3.0248719      0.96829225     0.051487861       0.9980562      -24.280118       -24.280118        2459.541                                                  2459.541
              2       1205.0249      0.36535111      0.30856827   9.2410653e-05     0.022450409       3.0269253      0.96952411     0.052347939      0.99853863      -24.280118       -24.280118         2458.61                                                   2458.61
              1       1203.8582      0.34382413      0.30736067   9.2098078e-05     0.022430545         3.02084      0.96821575     0.047488923       1.0004512      -24.280118       -24.280118       2456.2767                                                 2456.2767
              4       1204.9668      0.41088452      0.30731567   9.2340274e-05     0.022427257       3.0118144      0.96712671     0.048144474      0.99709801      -24.280118       -24.280118       2458.4938                                                 2458.4938
              7       1204.9946      0.41941835      0.30713898   9.2350741e-05     0.022401011       3.0168415      0.96789373     0.050488116      0.99735791      -24.280118       -24.280118       2458.5494                                                 2458.5494
              7        1204.756      0.42171601      0.30707988   9.2280905e-05     0.022404997         3.01681      0.96799944     0.050248991      0.99717602      -24.280118       -24.280118       2458.0722                                                 2458.0722
              5       1205.9129      0.45310789      0.30768534   9.2661847e-05     0.022321409       3.0057464      0.96752212     0.047045852      0.99482008      -24.280118       -24.280118       2460.3861                                                 2460.3861
              6       1204.9987        0.449834      0.30702606   9.2260209e-05     0.022445459       3.0162068      0.96786043     0.049142268      0.99728036      -24.280118       -24.280118       2458.5576                                                 2458.5576
              1       1205.0876      0.37538315      0.30488415   9.1629349e-05     0.022395687       3.0059086      0.96576876     0.044726514      0.99653262      -24.280118       -24.280118       2458.7354                                                 2458.7354
              3       1203.0527      0.43319502      0.30436886    9.180659e-05     0.022463113       2.9812462      0.97104937     0.030700194      0.99860263      -24.280118       -24.280118       2454.6656                                                 2454.6656
              7       1202.9526      0.38459812      0.30705567   9.2159412e-05     0.022394627        2.980096       0.9696926      0.02852673      0.99883398      -24.280118       -24.280118       2454.4654                                                 2454.4654
              3       1203.0447      0.36464226      0.30499577   9.1745675e-05     0.022375032       2.9795508      0.97059789      0.02893079      0.99896525      -24.280118       -24.280118       2454.6497                                                 2454.6497
              4       1203.0262      0.34745679       0.3061577   9.1923457e-05     0.022363002       2.9824996      0.96895435     0.032282718      0.99711803      -24.280118       -24.280118       2454.6126                                                 2454.6126
              2       1202.8268      0.30476648      0.30552531   9.1627736e-05     0.022330521        2.988509      0.96958536     0.034033215      0.99808424      -24.280118       -24.280118       2454.2138                                                 2454.2138
              1       1202.1965      0.40775565      0.30942581   9.2627442e-05     0.022467603       2.9996952      0.97048818     0.039112047      0.99822318      -24.280118       -24.280118       2452.9532                                                 2452.9532
              1        1202.492      0.41532026      0.30917132   9.2581709e-05     0.022531254       3.0004704      0.96874024     0.037137116       1.0000998      -24.280118       -24.280118       2453.5442                                                 2453.5442
              8       1203.9058       0.4056398      0.30289914   9.1082147e-05     0.022685577       2.9960697      0.97286206     0.034862548       1.0003381      -24.280118       -24.280118       2456.3718                                                 2456.3718
              1       1204.9768      0.49776382      0.31593431   9.4454784e-05     0.022276525       3.0065737      0.96760705     0.042099622      0.99823978      -24.280118       -24.280118       2458.5138                                                 2458.5138
              6       1205.7223      0.40847132      0.31242783    9.351371e-05     0.022282498         3.02078      0.96925088     0.050497831      0.99773269      -24.280118       -24.280118       2460.0047                                                 2460.0047
              3       1205.6515      0.45769052      0.31320352   9.3880046e-05      0.02227054       3.0205917      0.96865026     0.051061634      0.99752363      -24.280118       -24.280118       2459.8632                                                 2459.8632
              4       1206.2311      0.47187043      0.31161504   9.3759406e-05     0.022245871       3.0239735      0.96929136     0.052716588      0.99818786      -24.280118       -24.280118       2461.0224                                                 2461.0224
             11       1205.0913      0.23984034      0.29980898   9.0134576e-05     0.022430806       3.0279872      0.96758359     0.052972712      0.99898672      -24.280118       -24.280118       2458.7428                                                 2458.7428
              1       1204.8771      0.36900607      0.30223152   9.1067206e-05     0.022481973       3.0246263      0.96654509     0.051733142      0.99848497      -24.280118       -24.280118       2458.3144                                                 2458.3144
              1       1205.9785      0.37436524      0.30358919    9.139193e-05     0.022433973       3.0236328      0.96468462     0.051242633      0.99841862      -24.280118       -24.280118       2460.5173                                                 2460.5173
              1       1206.0433      0.38425363      0.30397138   9.1488515e-05     0.022451096       3.0269986      0.96477364     0.052180914      0.99921635      -24.280118       -24.280118       2460.6468                                                 2460.6468
              7       1208.0929      0.16333831       0.3049018    9.072652e-05     0.022266034       2.9981063      0.96566829     0.037918769      0.99831577      -24.280118       -24.280118       2464.7461                                                 2464.7461
             18       1204.8978      0.26882002      0.30351345   9.0947108e-05     0.022316469       3.0035905      0.96684396     0.042060989      0.99736936      -24.280118       -24.280118       2458.3558                                                 2458.3558
              1       1205.2533       0.2924368      0.30411885   9.1251096e-05     0.022289497       3.0080353      0.96998685     0.045861961      0.99725709      -24.280118       -24.280118       2459.0668                                                 2459.0668
              1       1205.1797      0.39650741      0.30785483   9.2462663e-05     0.022265605       3.0101486      0.96964056     0.045419011      0.99891682      -24.280118       -24.280118       2458.9196                                                 2458.9196
              3       1205.3358      0.44852881      0.31310583   9.3668915e-05     0.022256268       3.0036814       0.9708337     0.041572385        0.998486      -24.280118       -24.280118       2459.2319                                                 2459.2319
              3       1206.5093      0.38838943      0.31366356   9.3632066e-05     0.022222027       3.0163288      0.96982853     0.047567655      0.99819768      -24.280118       -24.280118       2461.5788                                                 2461.5788
              3       1205.6063      0.35195032      0.31078173   9.2883234e-05     0.022284186       3.0190842      0.97008842     0.048956255      0.99882152      -24.280118       -24.280118       2459.7729                                                 2459.7729
              1       1205.5903      0.30999672      0.30967362   9.2532429e-05       0.0222803       3.0037244      0.97201798      0.03856889       1.0011308      -24.280118       -24.280118       2459.7408                                                 2459.7408
              3       1205.2372      0.29694176      0.30868082   9.2268591e-05     0.022292003       3.0043698      0.97213241     0.039019071       1.0009707      -24.280118       -24.280118       2459.0347                                                 2459.0347
              2       1205.7021      0.33782732      0.31026685   9.2819088e-05     0.022290192       3.0002938       0.9716802     0.037639519       1.0008462      -24.280118       -24.280118       2459.9644                                                 2459.9644
              3       1204.4692      0.46220648      0.31342304   9.3871667e-05     0.022369913       3.0079833      0.97201744     0.043255612      0.99912278      -24.280118       -24.280118       2457.4987                                                 2457.4987
              2       1204.5789      0.48924486      0.31463898   9.4234725e-05     0.022358371       3.0064859      0.97196448     0.042169978      0.99941787      -24.280118       -24.280118       2457.7181                                                 2457.7181
              2       1204.4878      0.48344723      0.31312066   9.3837789e-05     0.022412301       2.9983049       0.9737266     0.038733398      0.99918908      -24.280118       -24.280118       2457.5358                                                 2457.5358
              1       1204.5021      0.41719758      0.31146166   9.3172364e-05     0.022432603       2.9992333      0.97188491     0.038079317       1.0001891      -24.280118       -24.280118       2457.5644                                                 2457.5644
              7       1203.4947      0.44218255      0.30977672   9.2907409e-05      0.02247393       3.0060445      0.97284523      0.04084064        1.001066      -24.280118       -24.280118       2455.5497                                                 2455.5497
              3       1203.8637      0.42238536      0.31028448   9.2969565e-05     0.022429051       2.9921866      0.97272786     0.036454796      0.99847274      -24.280118       -24.280118       2456.2877                                                 2456.2877
              1       1203.7953      0.40959565      0.30983035   9.2883363e-05     0.022408116       3.0003898      0.97285763     0.040958461      0.99807444      -24.280118       -24.280118       2456.1509                                                 2456.1509
              4       1204.4446      0.35995594      0.29856143   9.0111384e-05     0.022696181       3.0004858       0.9733606      0.04226017      0.99622888      -24.280118       -24.280118       2457.4494                                                 2457.4494
              4       1203.2312      0.54298234      0.30700189   9.2562671e-05     0.022693416       2.9998084      0.97084631     0.040817186      0.99759181      -24.280118       -24.280118       2455.0226                                                 2455.0226
              2        1204.742      0.55532534      0.30652914   9.2940556e-05     0.022553243       3.0137764      0.97250597     0.048009041      0.99897065      -24.280118       -24.280118       2458.0443                                                 2458.0443
              4       1204.2794      0.54499729      0.30735674   9.3046221e-05     0.022544541       3.0131305      0.97257257     0.047453533      0.99890241      -24.280118       -24.280118        2457.119                                                  2457.119
              1       1204.6977      0.52893682      0.30725088   9.2986249e-05      0.02252671        3.011959      0.97233594     0.047353932      0.99856923      -24.280118       -24.280118       2457.9556                                                 2457.9556
              1       1205.1134      0.60289943      0.31148493   9.4160028e-05     0.022513413       2.9977555      0.97053985     0.038751778      0.99987525      -24.280118       -24.280118        2458.787                                                  2458.787
              2       1205.6094      0.60119734      0.31097872    9.407924e-05      0.02251634       2.9977835      0.97144075     0.038617402       1.0001966      -24.280118       -24.280118       2459.7789                                                 2459.7789
              3       1204.9667      0.59066282      0.31055376   9.3924769e-05     0.022519705       3.0015125      0.97062967     0.040133918        1.000175      -24.280118       -24.280118       2458.4936                                                 2458.4936
              2       1205.6711      0.58758857      0.31464392   9.4745191e-05     0.022429376       2.9951431       0.9677135     0.035051073       1.0013936      -24.280118       -24.280118       2459.9024                                                 2459.9024
              1       1206.0461      0.66519046      0.31796598   9.5687766e-05     0.022471478       3.0086776      0.96767515     0.042721262       1.0005713      -24.280118       -24.280118       2460.6525                                                 2460.6525
              1       1206.8573      0.66013314      0.31769408   9.5631701e-05     0.022478158       3.0077913      0.96681261     0.042319199       1.0005852      -24.280118       -24.280118       2462.2749                                                 2462.2749
              4       1207.4475      0.61459797      0.31670317   9.5159983e-05     0.022509269       3.0048075      0.96545512     0.041870164       0.9994067      -24.280118       -24.280118       2463.4552                                                 2463.4552
              6         1204.94      0.59112793       0.3116264   9.3758422e-05     0.022657793       2.9920539      0.96656333     0.034343979      0.99966844      -24.280118       -24.280118       2458.4402                                                 2458.4402
              1       1204.8231      0.58692659      0.31147931   9.3707077e-05     0.022659077       2.9926053      0.96664993     0.034737937      0.99956218      -24.280118       -24.280118       2458.2065                                                 2458.2065
              1       1204.7807       0.5790286      0.31121409   9.3618558e-05     0.022658938       2.9921135      0.96661697     0.034462524      0.99956122      -24.280118       -24.280118       2458.1217                                                 2458.1217
              2       1204.8204      0.56690183      0.31037806   9.3393087e-05     0.022681574       2.9970986      0.96675905     0.036444967       1.0000884      -24.280118       -24.280118       2458.2011                                                 2458.2011
              3       1203.5445      0.52360178      0.31059183    9.338868e-05     0.022560116       2.9986247      0.96792379     0.036190323       1.0014064      -24.280118       -24.280118       2455.6492                                                 2455.6492
              3       1203.2864      0.55938957      0.30967953   9.3386301e-05      0.02256988       3.0023698      0.96892886     0.039582574       1.0006145      -24.280118       -24.280118       2455.1331                                                 2455.1331
              2       1203.0646      0.54788161      0.31059568   9.3619142e-05     0.022517307       3.0034106      0.96919546     0.041286242      0.99920599      -24.280118       -24.280118       2454.6894                                                 2454.6894
              2       1204.2398      0.60039981      0.31251687   9.4221659e-05     0.022564078       3.0063895      0.97041249     0.043054396      0.99942432      -24.280118       -24.280118       2457.0399                                                 2457.0399
              3       1205.4347      0.70418281      0.31396619   9.4999581e-05     0.022584154       3.0132534       0.9705496     0.046474106       1.0001837      -24.280118       -24.280118       2459.4295                                                 2459.4295
              6       1206.0521      0.76554975      0.31750927   9.5977756e-05     0.022559299       3.0093898      0.97080163     0.044407313       1.0003323      -24.280118       -24.280118       2460.6644                                                 2460.6644
              2       1206.5022       0.6707447      0.31395621   9.4921784e-05     0.022496638       3.0145174      0.96988947     0.046324192       1.0014924      -24.280118       -24.280118       2461.5646                                                 2461.5646
              1       1206.2152      0.42736428      0.31226954   9.3234111e-05     0.022535952       3.0049833       0.9659825     0.036143113       1.0035924      -24.280118       -24.280118       2460.9907                                                 2460.9907
              1       1206.0187      0.37727466      0.30983706   9.2411939e-05     0.022489884       2.9666576      0.96558671     0.020209165        1.000366      -24.280118       -24.280118       2460.5976                                                 2460.5976
              3        1206.086      0.36690033      0.30935214   9.2281917e-05      0.02249585       2.9633453      0.96556531      0.01844013       1.0005374      -24.280118       -24.280118       2460.7322                                                 2460.7322
              4       1204.9563      0.36249946      0.30671024   9.1799415e-05     0.022525031         2.96434      0.96736157     0.017033254       1.0024306      -24.280118       -24.280118       2458.4728                                                 2458.4728
              7       1205.0648      0.37635062      0.30743728   9.1920231e-05     0.022559736       2.9687995      0.96779088     0.018685057        1.002556      -24.280118       -24.280118       2458.6898                                                 2458.6898
              1       1204.7266      0.37297716      0.30695854   9.1887349e-05     0.022531678       2.9675169      0.96820545     0.018422738       1.0025911      -24.280118       -24.280118       2458.0134                                                 2458.0134
              3       1204.6879      0.37161233      0.30632647   9.1738661e-05     0.022551819       2.9640369      0.96797297     0.017496935       1.0017892      -24.280118       -24.280118       2457.9361                                                 2457.9361
              1       1204.6037      0.37728939      0.30676163   9.1854622e-05     0.022549422       2.9644011      0.96789413     0.017779558       1.0016629      -24.280118       -24.280118       2457.7675                                                 2457.7675
              2        1205.635      0.38013519      0.30692056    9.177046e-05     0.022632954       2.9660428      0.96653619     0.017845574       1.0016339      -24.280118       -24.280118       2459.8303                                                 2459.8303
              1       1206.8973      0.36939175      0.30542143   9.1353693e-05      0.02270094       2.9687583      0.96732621     0.018521006       1.0027668      -24.280118       -24.280118       2462.3549                                                 2462.3549
              7       1205.2621      0.50620089      0.30575081   9.2061837e-05     0.022738023       3.0152585      0.97038729     0.041542523       1.0040261      -24.280118       -24.280118       2459.0843                                                 2459.0843
              4       1205.1288      0.51172773      0.30592249   9.2126429e-05     0.022727414       3.0163459      0.97020679     0.042153845       1.0039533      -24.280118       -24.280118       2458.8179                                                 2458.8179
              1       1205.0078      0.54290063      0.30716096   9.2538844e-05     0.022713803       3.0149636      0.97024805     0.041596684       1.0039636      -24.280118       -24.280118       2458.5758                                                 2458.5758
              1       1204.2805      0.47080022      0.30637444   9.2127377e-05       0.0226478       3.0066966      0.96887013      0.03762698       1.0036521      -24.280118       -24.280118       2457.1212                                                 2457.1212
              5       1204.3019      0.46948964      0.30634641   9.2102824e-05     0.022650664       3.0060653      0.96885141     0.037311639       1.0036118      -24.280118       -24.280118        2457.164                                                  2457.164
              7       1204.6361      0.47555197      0.30663806   9.2203546e-05     0.022628941       3.0078639      0.96885009     0.037428003       1.0042985      -24.280118       -24.280118       2457.8324                                                 2457.8324
              1       1206.0833       0.4198556      0.30659946   9.2069667e-05     0.022489062       2.9962716      0.96695707     0.030383859       1.0052712      -24.280118       -24.280118       2460.7269                                                 2460.7269
              1       1206.5574       0.2531862      0.30146424   9.0320672e-05      0.02247112       3.0015443      0.96736332     0.032939875       1.0050976      -24.280118       -24.280118        2461.675                                                  2461.675
              5       1206.0309      0.23175015      0.30221924   9.0428707e-05     0.022448276       2.9938652      0.96712367     0.029260928       1.0047786      -24.280118       -24.280118        2460.622                                                  2460.622
              2       1205.6726      0.22506679      0.30186073   9.0335544e-05     0.022448262       2.9959483       0.9674322     0.030726348        1.004476      -24.280118       -24.280118       2459.9055                                                 2459.9055
              3       1206.0912      0.28162703      0.30320329    9.083401e-05     0.022446523       2.9967513      0.96271913     0.033548924         1.00178      -24.280118       -24.280118       2460.7425                                                 2460.7425
              8       1205.3268       0.3188911       0.3020634   9.0832581e-05     0.022425212       3.0073881      0.96458294     0.040099911       1.0013815      -24.280118       -24.280118       2459.2138                                                 2459.2138
              3       1204.9421      0.44981255      0.31056682   9.3085682e-05     0.022441124       2.9839756      0.96483076     0.026549549       1.0019408      -24.280118       -24.280118       2458.4444                                                 2458.4444
              4       1204.9174      0.40548934      0.30847807   9.2637103e-05     0.022347802       2.9698341      0.96683096     0.020452286         1.00201      -24.280118       -24.280118       2458.3951                                                 2458.3951
              9       1204.9767       0.4156528      0.30876691   9.2704653e-05     0.022366963       2.9666749      0.96639836      0.01908733       1.0018198      -24.280118       -24.280118       2458.5136                                                 2458.5136
              2       1206.7541      0.30747266      0.30463793   9.1510882e-05      0.02232124       2.9750721      0.96364892     0.022542582       1.0024735      -24.280118       -24.280118       2462.0684                                                 2462.0684
              3       1207.2013      0.37250075      0.29653742   9.0135295e-05     0.022422486       3.0295014      0.97337364     0.052730404       1.0020829      -24.280118       -24.280118       2462.9629                                                 2462.9629
              3       1206.9901      0.36203745      0.29589175   8.9931009e-05     0.022443971       3.0282525      0.97307008     0.052711339       1.0015411      -24.280118       -24.280118       2462.5405                                                 2462.5405
              1       1206.7213      0.40722264      0.29710028   9.0316436e-05      0.02247361       3.0295013      0.97414109     0.053008189       1.0020473      -24.280118       -24.280118       2462.0028                                                 2462.0028
              2       1207.1725      0.38251308      0.29714102   9.0258993e-05     0.022460075       3.0271537      0.97232647     0.050787721       1.0033448      -24.280118       -24.280118       2462.9052                                                 2462.9052
              2       1207.2297       0.4181123      0.29846125   9.0725949e-05     0.022443014       3.0281483      0.97263395     0.051186038       1.0035634      -24.280118       -24.280118       2463.0196                                                 2463.0196
              1       1204.5578      0.41115769      0.30286817   9.1541699e-05     0.022393763       3.0206103      0.97038937     0.047164501        1.002781      -24.280118       -24.280118       2457.6757                                                 2457.6757
              4       1204.7693      0.43401478      0.30176205   9.1247986e-05     0.022631911       2.9886265      0.97070285     0.031905915       1.0014791      -24.280118       -24.280118       2458.0989                                                 2458.0989
              2       1203.6909      0.33832696      0.30093985   9.0694558e-05     0.022609349       2.9976411      0.97294135     0.039163903      0.99854457      -24.280118       -24.280118        2455.942                                                  2455.942
              2       1203.7084      0.25459753      0.29875196   8.9855315e-05     0.022619443        2.997467      0.97178281     0.038327704        0.998754      -24.280118       -24.280118       2455.9771                                                 2455.9771
              3       1203.7346      0.25422961      0.29870535   8.9846188e-05     0.022619823       2.9978363      0.97176346     0.038527243      0.99876596      -24.280118       -24.280118       2456.0294                                                 2456.0294
              5       1203.6916      0.26207521      0.29892916   8.9914057e-05     0.022626761       2.9984367      0.97161511     0.038524905      0.99905247      -24.280118       -24.280118       2455.9435                                                 2455.9435
              4       1203.0379      0.25478831      0.29943211   8.9980818e-05     0.022589829       2.9962173      0.97099256      0.03681659       0.9992052      -24.280118       -24.280118       2454.6361                                                 2454.6361
             14       1203.1144      0.26274574      0.29968097   9.0034502e-05     0.022596908       2.9934025      0.97136023     0.035633467      0.99876255      -24.280118       -24.280118       2454.7891                                                 2454.7891
              4       1203.4725      0.20606445      0.29809046   8.9461751e-05     0.022581513       2.9919257      0.97074285     0.036007679       0.9976732      -24.280118       -24.280118       2455.5052                                                 2455.5052
              3        1205.223      0.21069367      0.29987213   8.9601944e-05     0.022666047       2.9867594      0.97058289     0.032485124       0.9974039      -24.280118       -24.280118       2459.0063                                                 2459.0063
              1       1204.9561      0.21666184      0.30086552   8.9832123e-05     0.022662352       2.9937515      0.97037428     0.036104587      0.99711273      -24.280118       -24.280118       2458.4724                                                 2458.4724
              5       1204.8566        0.222879      0.30085864   8.9859828e-05     0.022662873       2.9932204      0.97047759     0.035884045      0.99713388      -24.280118       -24.280118       2458.2734                                                 2458.2734
              4       1205.6647      0.22312246      0.30081565   8.9774859e-05      0.02269262       2.9927181      0.96983576     0.035280779      0.99721137      -24.280118       -24.280118       2459.8896                                                 2459.8896
              1       1205.7987      0.16841493      0.29829841   8.9151759e-05     0.022653315       2.9890028       0.9711533     0.035362457       0.9961632      -24.280118       -24.280118       2460.1576                                                 2460.1576
              3       1206.1961      0.11772928      0.29530394   8.8365976e-05     0.022651241       3.0087783      0.97124647     0.044120454      0.99778369      -24.280118       -24.280118       2460.9525                                                 2460.9525
              6       1206.1712      0.11773107        0.295323   8.8371007e-05      0.02265013       3.0087486      0.97124109     0.044097878      0.99779097      -24.280118       -24.280118       2460.9026                                                 2460.9026
              3       1205.0583      0.22289485       0.2994508   8.9611717e-05     0.022646466       2.9819205      0.96772736     0.028448465      0.99902168      -24.280118       -24.280118       2458.6769                                                 2458.6769
              3       1205.3958      0.24871095      0.30148598   9.0057392e-05     0.022613757       2.9854191      0.96836623     0.029448689      0.99938623      -24.280118       -24.280118       2459.3518                                                 2459.3518
              3       1205.9631        0.213658      0.30139443   8.9906166e-05     0.022582905       2.9831936      0.96753439     0.028635356      0.99877072      -24.280118       -24.280118       2460.4865                                                 2460.4865
              1        1206.936      0.19596963       0.2984281   8.9253854e-05     0.022567721       3.0000329      0.97045661     0.040443293      0.99656599      -24.280118       -24.280118       2462.4323                                                 2462.4323
              1       1207.7905      0.44224104       0.3060737   9.1984404e-05     0.022422357       2.9767613      0.97069532     0.030836837      0.99535442      -24.280118       -24.280118       2464.1413                                                 2464.1413
              1       1208.2212      0.38678516      0.30314051   9.1306958e-05     0.022387522       2.9681018      0.96891832     0.028044753      0.99484776      -24.280118       -24.280118       2465.0026                                                 2465.0026
              2       1207.0123      0.41673626      0.30500816    9.206415e-05      0.02222727       2.9895475      0.96835109     0.036644903      0.99733242      -24.280118       -24.280118       2462.5849                                                 2462.5849
              2       1207.7351      0.49770541      0.30427713   9.2219204e-05     0.022327121       2.9809366      0.97029663     0.033733037      0.99694889      -24.280118       -24.280118       2464.0305                                                 2464.0305
              4       1208.1187      0.49887306      0.30433156   9.2224781e-05      0.02232109       2.9788442       0.9706081     0.032767934      0.99677326      -24.280118       -24.280118       2464.7977                                                 2464.7977
              1       1207.3814      0.56819388      0.30502672    9.268443e-05     0.022342691       2.9910756      0.97353136     0.037517301      0.99853394      -24.280118       -24.280118       2463.3231                                                 2463.3231
              6       1207.7935      0.49947288      0.30241167   9.1899971e-05     0.022343697       2.9801426      0.97240642     0.032739089      0.99790587      -24.280118       -24.280118       2464.1472                                                 2464.1472
              4       1207.9242      0.45406429      0.30140269   9.1452835e-05     0.022338277       2.9812432      0.97105428     0.033061668      0.99781947      -24.280118       -24.280118       2464.4087                                                 2464.4087
              2       1210.5554      0.24128589      0.29459193   8.9342728e-05     0.022221381       2.9843287      0.97403432     0.034232054      0.99801444      -24.280118       -24.280118       2469.6709                                                 2469.6709
              4       1212.6448      0.15734019      0.29015267    8.798079e-05      0.02229532       2.9901577      0.97251308     0.036144802      0.99852607      -24.280118       -24.280118       2473.8499                                                 2473.8499
              1          1211.2     0.083120454      0.28759494   8.7127203e-05     0.022416537          2.9941      0.97360053     0.040689223      0.99562474      -24.280118       -24.280118       2470.9602                                                 2470.9602
              4       1211.1544      0.12118502      0.28765264   8.7291397e-05     0.022443523       2.9952024      0.97569451     0.042091405      0.99555591      -24.280118       -24.280118        2470.869                                                  2470.869
              5       1211.6827      0.19831936      0.29027122   8.8225694e-05      0.02240605       2.9797458        0.976473       0.0352082      0.99479297      -24.280118       -24.280118       2471.9256                                                 2471.9256
              4       1212.7531       0.2067241      0.28955787   8.8118295e-05     0.022418068       2.9788307      0.97674687     0.034944034      0.99470857      -24.280118       -24.280118       2474.0665                                                 2474.0665
              2        1208.855      0.55466101      0.30391747   9.2344374e-05     0.022516717       2.9677332      0.97260149     0.022590512      0.99973344      -24.280118       -24.280118       2466.2701                                                 2466.2701
              4       1207.8477      0.58594674      0.30807133   9.3264959e-05     0.022557041       2.9513868      0.97262621     0.017613508      0.99751737      -24.280118       -24.280118       2464.2557                                                 2464.2557
              6       1208.0717      0.64001028       0.3103932   9.3962457e-05      0.02254459       2.9517066      0.97299116     0.017879319      0.99735202      -24.280118       -24.280118       2464.7036                                                 2464.7036
              1       1208.9728      0.60096385      0.30905923   9.3696625e-05     0.022435462       2.9494668      0.97512144     0.014119036       1.0004702      -24.280118       -24.280118       2466.5058                                                 2466.5058
              3       1209.1347      0.47947596       0.3036023     9.22708e-05     0.022318597       2.9663644      0.97429377     0.023813562      0.99924994      -24.280118       -24.280118       2466.8296                                                 2466.8296
              5       1209.0247      0.49366575      0.30523838   9.2710413e-05     0.022258618       2.9658574      0.97281572     0.023743938      0.99932724      -24.280118       -24.280118       2466.6097                                                 2466.6097
              3       1209.2418        0.432774      0.30585963   9.2635645e-05      0.02232165        2.992272      0.97332607     0.036489162       1.0000742      -24.280118       -24.280118       2467.0438                                                 2467.0438
              1       1209.6926      0.30838037      0.30307029   9.1561254e-05     0.022270448       2.9871572      0.97405601     0.033048863       1.0006348      -24.280118       -24.280118       2467.9455                                                 2467.9455
              5       1209.5238      0.30181027      0.30181022   9.1263185e-05     0.022292178       2.9903417      0.97438383     0.034351967       1.0011018      -24.280118       -24.280118       2467.6078                                                 2467.6078
              3       1209.8725       0.4229955      0.30341958   9.2016315e-05     0.022304401        2.973433      0.97794176     0.030107005      0.99712947      -24.280118       -24.280118       2468.3052                                                 2468.3052
              4        1210.814      0.43824956      0.30273828    9.195832e-05     0.022327286       2.9737583      0.97866591     0.030548217      0.99720693      -24.280118       -24.280118       2470.1883                                                 2470.1883
              3       1209.1922      0.50829865      0.30099612   9.1524364e-05      0.02255702       3.0008804      0.98290586     0.044505136      0.99658756      -24.280118       -24.280118       2466.9447                                                 2466.9447
              2       1207.9369      0.53564778      0.30279307   9.1995827e-05     0.022533007       3.0013151      0.98170548     0.044527745      0.99639033      -24.280118       -24.280118        2464.434                                                  2464.434
              2       1206.0241      0.45363324      0.30163648   9.1503379e-05     0.022469536       2.9975743      0.97903998     0.042476802      0.99676948      -24.280118       -24.280118       2460.6084                                                 2460.6084
             14       1204.7008      0.50356028       0.3049801   9.2273938e-05     0.022464536       2.9867276       0.9768175     0.036097597      0.99711988      -24.280118       -24.280118       2457.9619                                                 2457.9619
              6       1204.7897      0.53935356       0.3059622   9.2591704e-05     0.022503685       2.9878568      0.97723034     0.036881955      0.99689993      -24.280118       -24.280118       2458.1397                                                 2458.1397
             10       1204.3266      0.34446402      0.30900906   9.2404718e-05     0.022400141       2.9901566      0.96990522     0.035682636      0.99597136      -24.280118       -24.280118       2457.2135                                                 2457.2135
              1       1205.1056      0.30077448      0.30713599   9.1883466e-05     0.022384197       2.9935179      0.97125348     0.038462506      0.99508807      -24.280118       -24.280118       2458.7714                                                 2458.7714
             10        1206.032      0.23881995      0.30378692   9.1260364e-05     0.022224732        3.005919       0.9692565     0.044071552      0.99671754      -24.280118       -24.280118       2460.6243                                                 2460.6243
              1       1206.3741      0.25246052      0.30548149   9.1670102e-05     0.022219337        3.006197      0.96935679     0.044554508      0.99656999      -24.280118       -24.280118       2461.3084                                                 2461.3084
              7       1205.4287      0.31903967      0.30822247   9.2192714e-05     0.022287651       3.0081601      0.97220736     0.045784728      0.99573824      -24.280118       -24.280118       2459.4177                                                 2459.4177
              1       1205.2772      0.33778291      0.30868218    9.235636e-05     0.022293254       3.0058928      0.97274308     0.044618676      0.99584779      -24.280118       -24.280118       2459.1147                                                 2459.1147
              8        1205.379      0.33377884      0.30861888   9.2318211e-05     0.022290914       3.0057211      0.97266548     0.044606014      0.99575692      -24.280118       -24.280118       2459.3183                                                 2459.3183
              1       1204.9058       0.2667367      0.30657465   9.1627022e-05      0.02229743       3.0028419      0.97172061     0.041815035      0.99659288      -24.280118       -24.280118       2458.3719                                                 2458.3719
              3       1204.7455      0.35499099      0.30679863   9.2052915e-05     0.022375286       2.9733309      0.97256586     0.028763681      0.99569509      -24.280118       -24.280118       2458.0513                                                 2458.0513
              1       1204.6056      0.36788062      0.30707721   9.2162906e-05     0.022382397       2.9747451      0.97265126     0.029505823      0.99570394      -24.280118       -24.280118       2457.7714                                                 2457.7714
              1       1205.6607      0.40252471      0.30839315   9.2616124e-05      0.02234468       2.9744756      0.97367976     0.029816312      0.99532066      -24.280118       -24.280118       2459.8816                                                 2459.8816
              8       1205.6013      0.44040073      0.30896709   9.2945202e-05     0.022269247       2.9942897      0.97368609     0.033803128       1.0010718      -24.280118       -24.280118       2459.7629                                                 2459.7629
              7       1203.6371      0.44122967      0.30567079   9.2219007e-05     0.022382679       2.9839863      0.97333273     0.032378998      0.99810094      -24.280118       -24.280118       2455.8344                                                 2455.8344
              1       1204.3602      0.46233717       0.3049128    9.220255e-05     0.022383753       2.9838667      0.97416638     0.033148744      0.99769522      -24.280118       -24.280118       2457.2806                                                 2457.2806
              2       1204.3615      0.46844139      0.30529484   9.2310124e-05     0.022383506       2.9832359      0.97410729     0.032920456      0.99762065      -24.280118       -24.280118       2457.2832                                                 2457.2832
              5       1207.7607      0.52826517      0.30281997   9.1779698e-05     0.022665349       2.9727423      0.97779249     0.025595958      0.99977574      -24.280118       -24.280118       2464.0817                                                 2464.0817
              7       1209.6617       0.6184816      0.30552936   9.2488776e-05     0.022768873       2.9929757      0.97825562     0.033673923       1.0004076      -24.280118       -24.280118       2467.8836                                                 2467.8836
              1        1209.888       0.3401854      0.30284876   9.0727268e-05     0.022701904       2.9847087      0.97643387     0.030022078      0.99805084      -24.280118       -24.280118       2468.3363                                                 2468.3363
              7       1209.8627      0.34019301      0.30284649   9.0727397e-05     0.022701308       2.9847752      0.97642598     0.030063719      0.99803872      -24.280118       -24.280118       2468.2857                                                 2468.2857
              9       1209.7575      0.28510407      0.30248943   9.0457112e-05     0.022653528        2.979549      0.97512236     0.026841328      0.99824323      -24.280118       -24.280118       2468.0753                                                 2468.0753
              5       1209.8442      0.17948588      0.30058853   8.9599354e-05     0.022624866       2.9882274      0.97387937     0.031487193      0.99758637      -24.280118       -24.280118       2468.2486                                                 2468.2486
              1       1207.2317      0.27345742      0.30120836   9.0169302e-05     0.022616149       3.0031886      0.97373118      0.03937835      0.99781714      -24.280118       -24.280118       2463.0236                                                 2463.0236
              1        1206.317      0.22971509      0.29630207    8.903811e-05     0.022679065       2.9942996      0.97354674     0.038545622      0.99574004      -24.280118       -24.280118       2461.1941                                                 2461.1941
              1        1205.364      0.36875068      0.30613991   9.1616964e-05     0.022626626       2.9979573      0.96999299     0.040416219      0.99456208      -24.280118       -24.280118       2459.2882                                                 2459.2882
              5         1204.69      0.46379606      0.30740974   9.2361032e-05     0.022635954       3.0033112      0.97131892     0.043057019      0.99533978      -24.280118       -24.280118       2457.9402                                                 2457.9402
              4       1205.1951      0.47309886      0.30772782   9.2463746e-05     0.022648307       2.9972288      0.97140066     0.040628647      0.99479828      -24.280118       -24.280118       2458.9504                                                 2458.9504
              7       1206.8677      0.39261575      0.30662855   9.1891734e-05     0.022623939       2.9865635      0.96959748     0.036372363       0.9931475      -24.280118       -24.280118       2462.2956                                                 2462.2956
              4       1207.0147       0.4202064      0.30679671   9.2116072e-05     0.022616155       2.9920945      0.97053373      0.04103386      0.99221117      -24.280118       -24.280118       2462.5897                                                 2462.5897
              3       1206.1332      0.55075379      0.31227585   9.3638759e-05     0.022691945       3.0050343      0.96914883     0.045209285      0.99427649      -24.280118       -24.280118       2460.8266                                                 2460.8266
              1       1205.6193      0.52101981      0.31315318   9.3653961e-05     0.022671159       2.9966873      0.96918761     0.035746186      0.99835219      -24.280118       -24.280118       2459.7988                                                 2459.7988
              1       1205.7415      0.54578264      0.31373967   9.3897651e-05     0.022671594       2.9967324       0.9675964     0.035308785      0.99885583      -24.280118       -24.280118       2460.0432                                                 2460.0432
              4       1208.6768     0.077760383      0.29176096   8.8007605e-05     0.022377633       2.9746545       0.9692129     0.026858787      0.99809408      -24.280118       -24.280118       2465.9138                                                 2465.9138
              6       1210.2892     0.072600843      0.29555459   8.8875622e-05     0.022167837       2.9906415       0.9672417     0.034201439      0.99810955      -24.280118       -24.280118       2469.1387                                                 2469.1387
              1       1208.9141     0.073017837      0.29553877   8.8816835e-05     0.022260325       2.9885968      0.96597698     0.032964953       0.9978451      -24.280118       -24.280118       2466.3885                                                 2466.3885
              1       1206.8005      0.22459452      0.29415694   8.8801374e-05     0.022555442       2.9832798      0.96939379     0.029280175      0.99993523      -24.280118       -24.280118       2462.1613                                                 2462.1613
              2       1207.1849      0.63806969      0.31051755   9.4051295e-05     0.022472097       2.9963881      0.96678427     0.033822983       1.0031588      -24.280118       -24.280118         2462.93                                                   2462.93
              2       1207.7082       0.6312375      0.30617177   9.2978202e-05     0.022576101       3.0218562       0.9681078     0.047639158        1.002863      -24.280118       -24.280118       2463.9767                                                 2463.9767
              1       1208.1941      0.51006413      0.30586346   9.2368009e-05     0.022581721       3.0437737      0.96677574     0.057245643       1.0027691      -24.280118       -24.280118       2464.9484                                                 2464.9484
              3       1208.4024      0.51617616      0.30633973   9.2485776e-05      0.02257769       3.0439455      0.96648048     0.057094478       1.0029543      -24.280118       -24.280118        2465.365                                                  2465.365
              1       1208.7685      0.51025902      0.30579832   9.2270269e-05     0.022628322       3.0404072      0.96530914     0.055187529       1.0025731      -24.280118       -24.280118       2466.0973                                                 2466.0973
              1       1209.0307      0.32012124      0.30145153   9.0693391e-05     0.022479124       3.0324165      0.96268733     0.051795876       1.0016134      -24.280118       -24.280118       2466.6216                                                 2466.6216
             13       1209.1671      0.33517716      0.30122507   9.0730639e-05       0.0224965       3.0269873      0.96188749     0.049885937       1.0012411      -24.280118       -24.280118       2466.8944                                                 2466.8944
              7       1207.7543       0.3791409      0.30320273   9.1417657e-05     0.022266735        3.006757      0.96766968      0.04106252       1.0008411      -24.280118       -24.280118       2464.0689                                                 2464.0689
              7       1207.5515      0.27178248      0.29878253   9.0089049e-05     0.022287785       3.0049291      0.97087642     0.042447633      0.99968002      -24.280118       -24.280118       2463.6633                                                 2463.6633
              6       1206.1965      0.38220544      0.30264744   9.1355208e-05     0.022311143       3.0219272      0.97163871      0.04921099       1.0015977      -24.280118       -24.280118       2460.9531                                                 2460.9531
              4       1206.1218      0.39225049      0.30292112   9.1444698e-05     0.022318103       3.0225138      0.97167579     0.049342104         1.00175      -24.280118       -24.280118       2460.8038                                                 2460.8038
             21       1205.0698      0.35773342      0.29953398    9.068166e-05     0.022375022       3.0073531      0.97350273     0.040694164       1.0018097      -24.280118       -24.280118       2458.6999                                                 2458.6999
             10       1205.1756      0.35928461      0.29951632   9.0689516e-05      0.02237326         3.00716      0.97356204     0.040578157       1.0018539      -24.280118       -24.280118       2458.9114                                                 2458.9114
              1       1204.2614      0.35998411      0.29869627   9.0425739e-05     0.022494868       2.9995643      0.97337274      0.03678527       1.0021359      -24.280118       -24.280118       2457.0831                                                 2457.0831
              8       1203.6642      0.51504113      0.30424233     9.20824e-05     0.022546107       3.0133626      0.97404609     0.042945619       1.0030644      -24.280118       -24.280118       2455.8887                                                 2455.8887
              2       1204.2032      0.43785927       0.3033302   9.1504753e-05     0.022586447       2.9853438      0.97306695      0.02911059       1.0013988      -24.280118       -24.280118       2456.9667                                                 2456.9667
              1       1205.6834       0.5881618      0.31019685   9.3599929e-05     0.022468835       2.9833547      0.97501481     0.030128975      0.99937523      -24.280118       -24.280118        2459.927                                                  2459.927
              4       1205.8058      0.61734037      0.31098073   9.3819034e-05     0.022504199       2.9824296      0.97440789     0.029557945      0.99943577      -24.280118       -24.280118       2460.1718                                                 2460.1718
              3       1203.7617      0.41552412      0.30233521   9.1214115e-05     0.022537942       2.9839622      0.97226517     0.033059895      0.99703097      -24.280118       -24.280118       2456.0836                                                 2456.0836
              4       1203.7342      0.37650945      0.30114332   9.0873219e-05     0.022478952       2.9831211      0.97134595     0.031114748      0.99881532      -24.280118       -24.280118       2456.0286                                                 2456.0286
              1       1203.5153      0.38929584      0.30266978   9.1277698e-05     0.022445618       2.9831055      0.97004284     0.031734667       0.9979958      -24.280118       -24.280118       2455.5909                                                 2455.5909
              2       1203.2565      0.39752763      0.30327944   9.1416315e-05     0.022457735       2.9829108      0.97022993     0.031913108      0.99773748      -24.280118       -24.280118       2455.0733                                                 2455.0733
              1       1202.9607      0.34080523      0.30182123   9.0837542e-05     0.022482983        2.988996      0.97022103     0.034452759      0.99771199      -24.280118       -24.280118       2454.4816                                                 2454.4816
              3       1204.1105      0.20548836      0.29705316    8.952113e-05     0.022376607        2.995926      0.97112344     0.039283551      0.99752543      -24.280118       -24.280118       2456.7812                                                 2456.7812
              3       1205.9526     0.099328746      0.29213061   8.8030142e-05     0.022463203       3.0095751      0.97370442     0.045166602      0.99877378      -24.280118       -24.280118       2460.4654                                                 2460.4654
              4       1205.9356     0.099155163      0.29222869    8.805531e-05     0.022458324       3.0096842      0.97373062     0.045207655      0.99878615      -24.280118       -24.280118       2460.4314                                                 2460.4314
              2       1205.5868      0.11689492      0.29720078   8.9087281e-05     0.022378777       3.0050087      0.97015405     0.042986441      0.99830469      -24.280118       -24.280118       2459.7337                                                 2459.7337
              4       1205.2522      0.17232979      0.29757744   8.9366974e-05     0.022408196       3.0112754      0.97007995     0.047259389      0.99730665      -24.280118       -24.280118       2459.0647                                                 2459.0647
              1        1205.199      0.18771091      0.29806371   8.9582675e-05     0.022386521       3.0133334      0.97019938      0.04842576      0.99741934      -24.280118       -24.280118       2458.9583                                                 2458.9583
              4       1205.3042      0.19395364      0.29829679   8.9656966e-05     0.022391808       3.0160833      0.97008734     0.050061889      0.99710626      -24.280118       -24.280118       2459.1686                                                 2459.1686
              3       1204.4221      0.30607645      0.30227462   9.0923431e-05     0.022385886       3.0232378      0.97129867     0.052745022      0.99812686      -24.280118       -24.280118       2457.4045                                                 2457.4045
              2       1203.9608      0.36128965      0.30400289   9.1648716e-05      0.02240846       3.0190116      0.97096406     0.047806787       1.0008151      -24.280118       -24.280118       2456.4818                                                 2456.4818
              1       1203.9551       0.3072906       0.3023236   9.1013067e-05     0.022469488       3.0159821      0.96940614     0.045617824       1.0008603      -24.280118       -24.280118       2456.4704                                                 2456.4704
              3       1204.2948       0.3413574      0.30407668   9.1479783e-05     0.022486673       3.0200197      0.96966004     0.046832858       1.0014263      -24.280118       -24.280118       2457.1498                                                 2457.1498
              7       1205.3441      0.35885773      0.30275896   9.1335237e-05     0.022515607       3.0190488       0.9720357     0.046693701       1.0015141      -24.280118       -24.280118       2459.2484                                                 2459.2484
              2       1204.9628      0.35494013      0.30211452   9.1150948e-05     0.022530444       3.0184291      0.97244676     0.045878537       1.0020696      -24.280118       -24.280118       2458.4858                                                 2458.4858
              3       1205.4749      0.17721579      0.29786046   8.9706123e-05     0.022291491       2.9943952      0.96997878     0.034876605       1.0001066      -24.280118       -24.280118       2459.5101                                                 2459.5101
              1       1203.8921      0.26074973      0.30119426   9.0539538e-05     0.022411773       2.9841424      0.96860946     0.031497182      0.99773223      -24.280118       -24.280118       2456.3444                                                 2456.3444
              5       1203.6482      0.27212239      0.30171487   9.0648808e-05       0.0224259       2.9854106      0.96856601     0.031405451      0.99825523      -24.280118       -24.280118       2455.8567                                                 2455.8567
              5       1203.6285      0.17940609      0.29894915   8.9615309e-05     0.022474087       2.9868509      0.96759792     0.031892896      0.99859952      -24.280118       -24.280118       2455.8172                                                 2455.8172
              4        1205.474      0.28892459      0.29936017   9.0148148e-05     0.022478325       2.9858681      0.96590272     0.034587017       0.9965573      -24.280118       -24.280118       2459.5083                                                 2459.5083
              1       1205.0897      0.26510657      0.29926805   9.0091982e-05     0.022433195       2.9885323      0.96599817     0.035476904      0.99711945      -24.280118       -24.280118       2458.7395                                                 2458.7395
              4       1204.0154      0.30084397      0.29973581   9.0275516e-05     0.022490671       2.9848796      0.96813243     0.032801533      0.99829782      -24.280118       -24.280118        2456.591                                                  2456.591
              3       1204.0645      0.36361014      0.30283468   9.1263388e-05     0.022458036       2.9807783      0.96966452     0.033554944      0.99603695      -24.280118       -24.280118       2456.6892                                                 2456.6892
              3       1205.2051      0.28257017      0.30568457   9.1669007e-05     0.022286314       2.9727941      0.96526011     0.027136012      0.99701771      -24.280118       -24.280118       2458.9704                                                 2458.9704
              2       1204.9646      0.21643786      0.30298845   9.0775382e-05      0.02237197       2.9659591      0.97016918      0.02114188      0.99891782      -24.280118       -24.280118       2458.4895                                                 2458.4895
              2       1206.1089      0.20411941      0.30447424   9.1004084e-05     0.022378384       2.9532124      0.96950544     0.016360986      0.99711628      -24.280118       -24.280118       2460.7781                                                 2460.7781
              2       1205.8987      0.10329908      0.30359534   9.0246891e-05     0.022405565       2.9609728      0.96810252     0.019089185      0.99743383      -24.280118       -24.280118       2460.3577                                                 2460.3577
              3       1206.7981      0.23498115      0.30255164    9.066593e-05      0.02248063       2.9774642      0.97403211     0.023856992       1.0024682      -24.280118       -24.280118       2462.1565                                                 2462.1565
              3       1205.4757      0.34981294      0.30013627   9.0682133e-05     0.022526286        3.014674      0.97813395     0.048174533      0.99943299      -24.280118       -24.280118       2459.5117                                                 2459.5117
              2       1205.5124      0.35949847       0.3000171   9.0621644e-05     0.022577443       3.0093154      0.97817748     0.045643227      0.99939708      -24.280118       -24.280118       2459.5851                                                 2459.5851
              1       1205.5521      0.38237216      0.30006455   9.0724147e-05      0.02258022       3.0092286      0.97868555        0.045769      0.99935795      -24.280118       -24.280118       2459.6645                                                 2459.6645
              2       1203.3272      0.57743872      0.31222754   9.3958447e-05     0.022511652       3.0040446      0.97429008     0.043582185      0.99775514      -24.280118       -24.280118       2455.2147                                                 2455.2147
              1       1204.4672       0.5576197      0.31253744   9.3735684e-05     0.022557538       3.0220308      0.97374337     0.048955256       1.0005421      -24.280118       -24.280118       2457.4946                                                 2457.4946
              2       1204.8603      0.51996349      0.31248422   9.3549195e-05      0.02253655       3.0181964      0.97470509     0.047191204      0.99999896      -24.280118       -24.280118       2458.2808                                                 2458.2808
              1       1204.5017      0.43759736      0.30994834   9.2782779e-05     0.022454539       3.0246383      0.97326297      0.05047857       0.9995005      -24.280118       -24.280118       2457.5637                                                 2457.5637
              1       1204.1349      0.52087562      0.31075026   9.3624208e-05     0.022384081       3.0253142      0.97291464     0.051716221      0.99937845      -24.280118       -24.280118       2456.8301                                                 2456.8301
              1       1204.2226      0.50921523      0.31038248   9.3491977e-05     0.022393089       3.0259854      0.97297601     0.051864919      0.99947014      -24.280118       -24.280118       2457.0055                                                 2457.0055
              8       1203.9592      0.49316091      0.30985243    9.332954e-05     0.022375707       3.0234892      0.97264201     0.049868775       1.0001436      -24.280118       -24.280118       2456.4786                                                 2456.4786
              1       1203.3373      0.45406386      0.30740815   9.2620932e-05     0.022424148       3.0219392      0.97301296     0.049950636      0.99931037      -24.280118       -24.280118       2455.2348                                                 2455.2348
              4       1203.1733      0.46410605      0.30768297   9.2580515e-05     0.022479526       3.0263093      0.97368259     0.051338835       1.0002415      -24.280118       -24.280118       2454.9069                                                 2454.9069
              7       1202.9764      0.44684397      0.31047623   9.2965364e-05     0.022463703        3.006649      0.97258104     0.041062026      0.99939733      -24.280118       -24.280118        2454.513                                                  2454.513
              3       1204.1143      0.34300257      0.30458273   9.1276837e-05     0.022507792       3.0001582      0.97529849     0.038154706      0.99934451      -24.280118       -24.280118       2456.7887                                                 2456.7887
              1        1205.421      0.29719629      0.30358548   9.0778822e-05     0.022486799       3.0024855      0.97310328     0.039244151      0.99911416      -24.280118       -24.280118       2459.4022                                                 2459.4022
              2       1205.9963      0.33328917      0.30584151   9.1361036e-05     0.022474109       2.9929765      0.97297668     0.034340955      0.99894067      -24.280118       -24.280118       2460.5528                                                 2460.5528
              7       1204.5597      0.40499757      0.31130575   9.2926332e-05      0.02236634       2.9891582      0.96973422     0.033628971      0.99820849      -24.280118       -24.280118       2457.6795                                                 2457.6795
              1       1204.7395      0.41894944      0.31125305   9.2979267e-05     0.022362184        2.989743      0.96990231     0.034220834      0.99807129      -24.280118       -24.280118       2458.0393                                                 2458.0393
              1       1205.2576      0.34495874       0.3074995   9.1908591e-05     0.022367979       2.9875974       0.9718385     0.033291664      0.99818978      -24.280118       -24.280118       2459.0755                                                 2459.0755
              1       1204.4462      0.37901461      0.30768379   9.2109304e-05     0.022388688        2.989864      0.97262893       0.0344335        0.998527      -24.280118       -24.280118       2457.4526                                                 2457.4526
              1       1204.4177      0.37182576      0.30590562   9.1551059e-05     0.022509547       2.9977394      0.97246791     0.038256419      0.99835081      -24.280118       -24.280118       2457.3956                                                 2457.3956
              1       1204.2179      0.36512572      0.30535868   9.1452809e-05     0.022491053       3.0060569      0.97317587     0.042335099       0.9982424      -24.280118       -24.280118       2456.9961                                                 2456.9961
              1       1204.3562      0.36639774      0.30442027   9.1304858e-05     0.022499077        3.019378      0.97385068     0.048778248      0.99856264      -24.280118       -24.280118       2457.2727                                                 2457.2727
              1       1204.6011      0.41216817       0.3057934   9.1783097e-05     0.022519174       3.0225103      0.97545393     0.051054449      0.99842007      -24.280118       -24.280118       2457.7623                                                 2457.7623
             17       1204.5826      0.38441717      0.30440747   9.1516206e-05     0.022454258       3.0207152      0.97442804     0.052612153      0.99663618      -24.280118       -24.280118       2457.7254                                                 2457.7254
              1       1204.9086      0.39172049      0.30397529   9.1499027e-05     0.022454857       3.0258524      0.97384616     0.055481552      0.99660917      -24.280118       -24.280118       2458.3775                                                 2458.3775
              2       1204.5898      0.40626549      0.30396955   9.1463886e-05     0.022521159       3.0298996       0.9735509     0.055615902      0.99841313      -24.280118       -24.280118       2457.7399                                                 2457.7399
              1       1202.9893      0.47105342      0.30776298   9.2517186e-05     0.022480238       3.0187655      0.97058443     0.049158445      0.99873224      -24.280118       -24.280118       2454.5389                                                 2454.5389
              2       1203.1331      0.40722065      0.30482272   9.1552363e-05     0.022558896       3.0196884      0.96983733     0.049305281      0.99814768      -24.280118       -24.280118       2454.8265                                                 2454.8265
              4       1202.5819      0.40737059      0.30639802    9.199475e-05     0.022494501       3.0159918      0.96881537      0.04812884      0.99750616      -24.280118       -24.280118       2453.7241                                                 2453.7241
              1       1203.6562      0.37367516      0.30353724   9.1374669e-05     0.022456527       3.0260912      0.97047569     0.053379195      0.99774021      -24.280118       -24.280118       2455.8726                                                 2455.8726
              1       1203.7937      0.34842012      0.30306891   9.1166712e-05      0.02245382       3.0256266      0.97090603      0.05349761      0.99737614      -24.280118       -24.280118       2456.1476                                                 2456.1476
              9       1204.3655      0.40946085      0.30613988   9.1993151e-05     0.022503721       3.0295053      0.97243719     0.053616416      0.99841161      -24.280118       -24.280118       2457.2911                                                 2457.2911
              2       1204.4604       0.4089009      0.30658178   9.2078777e-05     0.022489018       3.0296845      0.97235079     0.053461831      0.99856154      -24.280118       -24.280118        2457.481                                                  2457.481
              2       1203.7519      0.42041761      0.30581063   9.2083396e-05     0.022460572       3.0177862      0.97462102     0.045436046       1.0014401      -24.280118       -24.280118        2456.064                                                  2456.064
              2       1203.2497      0.52277684       0.3088256   9.2953585e-05     0.022532309       2.9981103      0.97579894     0.037935061      0.99943385      -24.280118       -24.280118       2455.0596                                                 2455.0596
              7        1203.306      0.52846169      0.30893125   9.2999714e-05     0.022533342       2.9985838      0.97587936     0.038176106       0.9994554      -24.280118       -24.280118       2455.1722                                                 2455.1722
              5       1203.2476      0.51467384      0.30970558   9.3071912e-05     0.022523755       2.9988704      0.97472463     0.037316796      0.99986924      -24.280118       -24.280118       2455.0555                                                 2455.0555
              7       1204.8111      0.61866161      0.31236207   9.4155373e-05     0.022457774       2.9810779      0.97377825     0.030673594      0.99845693      -24.280118       -24.280118       2458.1825                                                 2458.1825
              1       1206.8563      0.59719052      0.30673493   9.3023777e-05     0.022562102       3.0055612      0.97565262     0.049331781      0.99480579      -24.280118       -24.280118       2462.2729                                                 2462.2729
              8       1207.9447      0.64298576      0.30573655   9.3076268e-05     0.022557096       3.0111318      0.97691336     0.052510821      0.99487063      -24.280118       -24.280118       2464.4495                                                 2464.4495
              1        1206.754      0.65362917      0.30673165   9.3288171e-05     0.022565322        3.015422      0.97647467     0.053106704      0.99614057      -24.280118       -24.280118       2462.0682                                                 2462.0682
              2       1207.2379      0.62549998      0.30245613   9.2347444e-05     0.022552816       3.0157868      0.97651824     0.052411178      0.99695891      -24.280118       -24.280118        2463.036                                                  2463.036
              2       1206.2327      0.51815573       0.3001797   9.1390901e-05     0.022625087       3.0109111      0.97677755     0.049018488      0.99656634      -24.280118       -24.280118       2461.0256                                                 2461.0256
              1       1205.6678      0.50652553      0.30155795   9.1738917e-05     0.022534476       3.0062147      0.97562116     0.046385842      0.99677599      -24.280118       -24.280118       2459.8958                                                 2459.8958
              3        1204.979       0.3457976      0.29877599   9.0234652e-05     0.022607087       3.0157644      0.97584074     0.051180222      0.99572213      -24.280118       -24.280118       2458.5182                                                 2458.5182
              8       1204.4047      0.43756233      0.30154841   9.1128804e-05      0.02259865       3.0226309      0.97715988     0.052577808      0.99775517      -24.280118       -24.280118       2457.3697                                                 2457.3697
              2        1204.172      0.51693856      0.30780282   9.2915326e-05     0.022515712       2.9921412       0.9705547     0.040359061      0.99511278      -24.280118       -24.280118       2456.9043                                                 2456.9043
             11       1205.1527      0.55420764       0.3087182   9.3306662e-05     0.022435155        2.993943      0.97019652     0.042391556      0.99430245      -24.280118       -24.280118       2458.8657                                                 2458.8657
              2        1208.217      0.72507594      0.31323367   9.4728052e-05     0.022512269       3.0038808      0.97255028     0.046349298      0.99475602      -24.280118       -24.280118       2464.9942                                                 2464.9942
              3       1208.4114      0.60095033      0.31118537   9.3702112e-05      0.02244052        3.002162      0.96697322     0.041497765      0.99782132      -24.280118       -24.280118       2465.3831                                                 2465.3831
              3       1208.8064      0.61243116      0.31103863   9.3731078e-05     0.022442908       3.0004392       0.9670123     0.040694307      0.99785681      -24.280118       -24.280118        2466.173                                                  2466.173
              2       1209.7533       0.5089808       0.3066713   9.2263937e-05     0.022555815       3.0009233      0.96387483     0.041750424      0.99615168      -24.280118       -24.280118       2468.0668                                                 2468.0668
              2       1210.9251      0.48174776      0.30487076   9.1669447e-05     0.022595127       3.0013004      0.96509946     0.041142655      0.99659231      -24.280118       -24.280118       2470.4104                                                 2470.4104
              1       1210.0487      0.47482925      0.30669947   9.1959214e-05     0.022605268       3.0045835      0.96518292     0.042706678      0.99611534      -24.280118       -24.280118       2468.6576                                                 2468.6576
              3       1211.4091      0.59039264      0.30803712   9.2670097e-05       0.0226962       3.0062719      0.96731143     0.044870751       0.9952728      -24.280118       -24.280118       2471.3783                                                 2471.3783
              1       1211.4108      0.60352367      0.30959859   9.3038246e-05      0.02271747       3.0025533      0.96551257     0.042709846      0.99523167      -24.280118       -24.280118       2471.3819                                                 2471.3819
              4       1211.1487      0.54151191       0.3087012   9.2450662e-05     0.022813015       3.0121144      0.96736296     0.047876925      0.99429274      -24.280118       -24.280118       2470.8577                                                 2470.8577
              2       1207.7805      0.61082963       0.3083057   9.2962233e-05     0.022762487       3.0066653      0.97230068     0.048051333      0.99303809      -24.280118       -24.280118       2464.1213                                                 2464.1213
              3       1208.8933      0.76540822       0.3209172   9.6435279e-05     0.022512799       3.0344344      0.97307434      0.05521136      0.99932026      -24.280118       -24.280118       2466.3469                                                 2466.3469
              5       1206.9809      0.51745792      0.31230379   9.3759571e-05     0.022446515       3.0358004       0.9692417     0.053290294       1.0010042      -24.280118       -24.280118        2462.522                                                  2462.522
              7        1206.695      0.53083452      0.31162707   9.3730128e-05     0.022435247       3.0375286      0.96953559     0.054711079       1.0009899      -24.280118       -24.280118       2461.9502                                                 2461.9502
              3        1206.499      0.53094633       0.3115738   9.3713823e-05     0.022439016       3.0372352      0.96950257     0.054564317       1.0010357      -24.280118       -24.280118       2461.5582                                                 2461.5582
              1       1206.5062      0.53098354      0.31158116   9.3715641e-05     0.022438876       3.0372557      0.96950042     0.054572426       1.0010363      -24.280118       -24.280118       2461.5726                                                 2461.5726
              5       1205.8333       0.4816204      0.31027806   9.3313065e-05     0.022393564       3.0281097      0.96896135     0.050069355       1.0007914      -24.280118       -24.280118       2460.2269                                                 2460.2269
              3       1207.8654      0.71466117      0.32018788   9.6336504e-05     0.022403905        3.007389      0.96817454     0.037396672       1.0033471      -24.280118       -24.280118       2464.2909                                                 2464.2909
              3       1207.7067      0.65903437      0.31797692   9.5984414e-05     0.022219302       2.9924517      0.97017309      0.03513246      0.99979859      -24.280118       -24.280118       2463.9736                                                 2463.9736
              3       1208.5186      0.72897426      0.31982071   9.6649098e-05     0.022265134       2.9894989      0.97224058     0.033680049      0.99985399      -24.280118       -24.280118       2465.5975                                                 2465.5975
              3       1207.8279       0.7384535      0.31817656   9.6299303e-05     0.022327836       2.9824646      0.97163773     0.030744993      0.99951376      -24.280118       -24.280118        2464.216                                                  2464.216
              1       1207.7274      0.73476115      0.31779893    9.620238e-05     0.022337275       2.9834462      0.97175913     0.030946752      0.99976451      -24.280118       -24.280118        2464.015                                                  2464.015
              1       1207.7348      0.77060602      0.31856205   9.6485262e-05     0.022373841       2.9851741      0.97247997     0.032288478      0.99936607      -24.280118       -24.280118       2464.0297                                                 2464.0297
              6       1205.9938      0.80416069      0.31972966   9.6517875e-05     0.022506882       3.0108121      0.97115446     0.043676189       1.0002409      -24.280118       -24.280118       2460.5478                                                 2460.5478
              4       1204.8524      0.67499845      0.31015969   9.4020878e-05     0.022634271       3.0088084       0.9728715     0.041886293       1.0010913      -24.280118       -24.280118        2458.265                                                  2458.265
              1       1204.9207      0.68552961      0.30975247   9.3987393e-05     0.022646565       3.0111756      0.97254919     0.043385278        1.001098      -24.280118       -24.280118       2458.4017                                                 2458.4017
              6         1207.55      0.69322551      0.30918114   9.3946681e-05     0.022648736       3.0347476      0.97683554     0.055025094       1.0014239      -24.280118       -24.280118       2463.6602                                                 2463.6602
              1         1207.08       0.7570439      0.31194795   9.4891839e-05     0.022551364       3.0310154      0.97817801      0.05512627       1.0004023      -24.280118       -24.280118       2462.7202                                                 2462.7202
              3       1206.8876      0.69145091      0.31245496   9.4818482e-05      0.02243268       3.0296279      0.97656692     0.052978164       1.0013372      -24.280118       -24.280118       2462.3355                                                 2462.3355
              3       1208.6655      0.68310285      0.31233438   9.4755763e-05     0.022406022       3.0319769       0.9802001     0.056670092      0.99960764      -24.280118       -24.280118       2465.8913                                                 2465.8913
              5       1207.9588      0.59408801      0.31385501   9.4585583e-05     0.022390255       3.0339258      0.97759071     0.056077354      0.99996596      -24.280118       -24.280118       2464.4778                                                 2464.4778
              3       1207.4978      0.53620471      0.31087697   9.3736798e-05     0.022384068        3.019589      0.97968483     0.050661007      0.99860038      -24.280118       -24.280118       2463.5558                                                 2463.5558
              4       1207.5355      0.53684282      0.31094868   9.3756172e-05     0.022382092       3.0195529      0.97967382      0.05067324      0.99857015      -24.280118       -24.280118       2463.6311                                                 2463.6311
              3       1207.7061      0.56633874      0.31166364   9.4177991e-05     0.022317198       3.0144436       0.9788118     0.048316935      0.99860448      -24.280118       -24.280118       2463.9725                                                 2463.9725
              3       1207.6088      0.39462567      0.30655467   9.2355026e-05      0.02231928       2.9704853      0.97701179     0.027099769      0.99765543      -24.280118       -24.280118       2463.7779                                                 2463.7779
              1       1207.4638      0.39231999      0.30659903   9.2349816e-05     0.022320893       2.9704171      0.97688041     0.026876827      0.99777273      -24.280118       -24.280118       2463.4878                                                 2463.4878
              1       1209.4144      0.46276649      0.30822782   9.3008974e-05     0.022371393        2.969035      0.97750891     0.028011627      0.99683765      -24.280118       -24.280118       2467.3891                                                 2467.3891
              1       1208.3743      0.51747863      0.30942016   9.3460717e-05     0.022391068       2.9767969       0.9779055     0.031455296      0.99743965      -24.280118       -24.280118       2465.3088                                                 2465.3088
              1         1208.03      0.58325629       0.3097345   9.3732334e-05     0.022529626       2.9728692      0.97567105     0.027977806      0.99800699      -24.280118       -24.280118       2464.6202                                                 2464.6202
              4       1207.7311      0.57488334        0.308409    9.339348e-05     0.022555746       2.9733214      0.97572027     0.028761546      0.99757008      -24.280118       -24.280118       2464.0224                                                 2464.0224
              1       1207.7708      0.48453719      0.30960902   9.2916402e-05     0.022701841       2.9818204      0.97394352      0.03215901      0.99652622      -24.280118       -24.280118       2464.1019                                                 2464.1019
              2       1205.9688      0.60743216      0.31337004   9.4623067e-05       0.0224446       2.9898598      0.97447169     0.036426571      0.99804038      -24.280118       -24.280118       2460.4979                                                 2460.4979
              1       1206.1437      0.55516432      0.31175099   9.4102437e-05      0.02242742       2.9930514      0.97424214     0.038337146      0.99769311      -24.280118       -24.280118       2460.8477                                                 2460.8477
              4       1207.3163      0.52376703      0.30800852   9.3234203e-05     0.022438782        2.974047      0.97029253     0.029666912      0.99663908      -24.280118       -24.280118       2463.1929                                                 2463.1929
              4       1206.7229      0.51163451      0.30746869   9.3061618e-05     0.022437638       2.9754666      0.97031619     0.029809586       0.9971204      -24.280118       -24.280118       2462.0061                                                 2462.0061
              7       1208.2692       0.2790347      0.29280873   8.8764681e-05     0.022599859       3.0099588      0.96795484      0.04216577       1.0014912      -24.280118       -24.280118       2465.0986                                                 2465.0986
              5       1206.6226      0.29473153      0.29542758     8.91428e-05     0.022671314       3.0044878      0.96806595       0.0397504       1.0002847      -24.280118       -24.280118       2461.8055                                                 2461.8055
              3       1204.4888      0.41520917      0.29880658   9.0408964e-05     0.022696687       3.0069529      0.97005372     0.043183913      0.99924043      -24.280118       -24.280118       2457.5379                                                 2457.5379
              2       1204.3805      0.41391936      0.29895011   9.0439329e-05     0.022690678       3.0048806      0.96988442     0.042025443      0.99921341      -24.280118       -24.280118       2457.3213                                                 2457.3213
              3       1203.7119      0.41099285      0.29986293   9.0839432e-05     0.022490997       3.0028928      0.97088257     0.041254374      0.99975325      -24.280118       -24.280118       2455.9841                                                 2455.9841
             14       1203.4142      0.36637369      0.29921976    9.058067e-05     0.022461969       3.0080917       0.9709669     0.044500921      0.99902306      -24.280118       -24.280118       2455.3887                                                 2455.3887
              4       1203.4952      0.40537859      0.29995332    9.086401e-05     0.022482298       3.0166393       0.9717023     0.048728052      0.99907328      -24.280118       -24.280118       2455.5507                                                 2455.5507
              3       1204.7536      0.60708276      0.30757883   9.3016923e-05     0.022663568       3.0221607       0.9714571     0.050676225       1.0003458      -24.280118       -24.280118       2458.0674                                                 2458.0674
              4       1205.7871      0.62676607      0.30486005   9.2439098e-05     0.022808248       3.0111818      0.97404416     0.044878317       1.0006186      -24.280118       -24.280118       2460.1345                                                 2460.1345
              1       1205.3559      0.62674007      0.31027865    9.369962e-05     0.022638293       2.9909544      0.96936536     0.032277094       1.0022634      -24.280118       -24.280118       2459.2721                                                 2459.2721
              2       1205.3555      0.62566484      0.31023405   9.3685436e-05     0.022639768       2.9909017       0.9693701     0.032227368       1.0022783      -24.280118       -24.280118       2459.2713                                                 2459.2713
              1       1204.2612      0.61237121       0.3118744   9.3946301e-05     0.022618544        2.987536      0.97002726     0.031066571       1.0012984      -24.280118       -24.280118       2457.0826                                                 2457.0826
              1       1203.3096      0.51120497      0.30708741   9.2850453e-05     0.022455075       2.9955172        0.971799     0.035875679       1.0008622      -24.280118       -24.280118       2455.1794                                                 2455.1794
              2       1203.2991      0.38080403      0.30336317   9.1537133e-05     0.022442228       2.9863679      0.96964586     0.032971022      0.99902858      -24.280118       -24.280118       2455.1584                                                 2455.1584
              6       1203.3298      0.21887206      0.29987696   9.0074222e-05     0.022402599       2.9956727      0.96929211     0.034803612        1.001211      -24.280118       -24.280118       2455.2198                                                 2455.2198
              5       1203.2233      0.21866221       0.3000906   9.0078142e-05     0.022423944       2.9895834      0.96916306     0.031908657       1.0007503      -24.280118       -24.280118       2455.0069                                                 2455.0069
              5        1204.317      0.22744842      0.29640351   8.9169457e-05     0.022574538       3.0020055       0.9707052     0.039370437       1.0002616      -24.280118       -24.280118       2457.1943                                                 2457.1943
              2       1206.1862      0.17090209       0.2944006   8.8564932e-05      0.02255555       2.9975547      0.97131204     0.036257497       1.0015376      -24.280118       -24.280118       2460.9326                                                 2460.9326
              1       1206.2379      0.36656009      0.30034845   9.0427142e-05     0.022630318       2.9745281      0.97184218     0.024710546       1.0013779      -24.280118       -24.280118       2461.0361                                                 2461.0361
              1       1206.7786      0.30991854      0.29881469   8.9911432e-05     0.022597067       2.9687207      0.97150477     0.020221015        1.002202      -24.280118       -24.280118       2462.1174                                                 2462.1174
              7       1205.9042      0.36743086      0.30135642   9.0689941e-05     0.022593224       2.9734262      0.97184112     0.021697931        1.003053      -24.280118       -24.280118       2460.3687                                                 2460.3687
              2       1205.4103      0.49330208      0.30782764   9.2421061e-05     0.022683265       2.9874987      0.97002268     0.027658118       1.0035748      -24.280118       -24.280118       2459.3808                                                 2459.3808
              1       1205.4878      0.41462653      0.30720511   9.2190996e-05      0.02256696       2.9773201      0.96667155      0.02445041       1.0024479      -24.280118       -24.280118       2459.5359                                                 2459.5359
              2       1204.7325      0.44230718      0.30913732   9.2724968e-05     0.022542862       2.9765357      0.96943548     0.026096425       1.0008731      -24.280118       -24.280118       2458.0253                                                 2458.0253
              2       1205.0108      0.37940707       0.3091705   9.2327915e-05     0.022541266       2.9723708      0.96609782     0.026135388      0.99753378      -24.280118       -24.280118       2458.5818                                                 2458.5818
              3       1206.0948      0.26927794      0.30586862   9.1037302e-05     0.022624816       2.9943141      0.97072184      0.03600966      0.99854845      -24.280118       -24.280118       2460.7499                                                 2460.7499
              1       1205.8685      0.28255159      0.30611996   9.1158895e-05     0.022627789       2.9959037       0.9708584     0.036824673      0.99865827      -24.280118       -24.280118       2460.2972                                                 2460.2972
              1       1205.9895      0.28045064      0.30577492   9.1067732e-05     0.022642662       2.9952361      0.97091623     0.036567662       0.9985867      -24.280118       -24.280118       2460.5393                                                 2460.5393
              3       1206.3345        0.305422      0.30721915   9.1407195e-05     0.022669751       2.9988421      0.97008261     0.038318292      0.99826002      -24.280118       -24.280118       2461.2293                                                 2461.2293
              3       1206.6601      0.30273304      0.30735689   9.1415165e-05     0.022678781       2.9997998      0.97023901     0.038732662      0.99827498      -24.280118       -24.280118       2461.8805                                                 2461.8805
              5       1207.5773      0.39790385      0.30984141   9.2159768e-05     0.022755025        3.013349      0.97052824      0.04383537      0.99933042      -24.280118       -24.280118       2463.7148                                                 2463.7148
              1       1206.0301      0.24005466      0.30446465   9.0548627e-05      0.02267499        3.008843      0.96852744     0.041290223       0.9992568      -24.280118       -24.280118       2460.6205                                                 2460.6205
              3       1205.1693      0.25783401      0.30445496   9.0653273e-05     0.022633424       3.0051975      0.96925814     0.040610169      0.99833733      -24.280118       -24.280118       2458.8989                                                 2458.8989
              7       1204.6832       0.3401444      0.30513231   9.1158307e-05     0.022714569       2.9998242      0.97125874     0.039264932      0.99719047      -24.280118       -24.280118       2457.9267                                                 2457.9267
              1       1204.6535      0.34910459      0.30544941   9.1260133e-05     0.022713646       2.9997734      0.97125615     0.039319462      0.99712309      -24.280118       -24.280118       2457.8673                                                 2457.8673
              2       1205.0447      0.34477765       0.3030394   9.0885945e-05     0.022691958       2.9783639      0.97013101     0.030574256       0.9965759      -24.280118       -24.280118       2458.6497                                                 2458.6497
              6       1205.0473        0.348044      0.30099966   9.0488446e-05     0.022697024       2.9794363      0.97230311     0.031492719      0.99663172      -24.280118       -24.280118       2458.6549                                                 2458.6549
             10       1204.5843      0.30048441      0.29970005   9.0096293e-05     0.022622045       2.9779188      0.97270054      0.02988446      0.99763472      -24.280118       -24.280118       2457.7289                                                 2457.7289
              6       1203.6171      0.34626537      0.30212271   9.0809282e-05     0.022587671       2.9796875      0.97260443      0.03017963      0.99816859      -24.280118       -24.280118       2455.7945                                                 2455.7945
              2       1203.7717      0.35784737      0.30173873   9.0759403e-05     0.022610272       2.9784783      0.97190854     0.029452133      0.99828504      -24.280118       -24.280118       2456.1036                                                 2456.1036
              1       1204.2037      0.51822435      0.30795651   9.2590404e-05     0.022689715       2.9858003      0.97128052     0.034561907       0.9967239      -24.280118       -24.280118       2456.9677                                                 2456.9677
              1       1204.8812      0.58927178       0.3112971   9.3538158e-05     0.022691852       2.9897744      0.97155498     0.036384621      0.99714308      -24.280118       -24.280118       2458.3225                                                 2458.3225
              5        1206.071      0.57387856      0.31062662   9.3268628e-05     0.022755823       2.9846512      0.97024687     0.032067887      0.99869005      -24.280118       -24.280118       2460.7023                                                 2460.7023
              1       1205.7457      0.53489968      0.31113547   9.3248101e-05     0.022719426       2.9842711      0.96908453     0.031790991      0.99850844      -24.280118       -24.280118       2460.0517                                                 2460.0517
              3       1205.0638      0.45678228       0.3089584   9.2400609e-05      0.02269163       3.0157574      0.96764936     0.043596587       1.0015071      -24.280118       -24.280118       2458.6878                                                 2458.6878
              5       1204.0085       0.4805463      0.30882489    9.253216e-05     0.022685459       3.0148078      0.96939384       0.0430361       1.0018151      -24.280118       -24.280118       2456.5773                                                 2456.5773
              2       1203.4739      0.43764033      0.30982845   9.2719056e-05     0.022585324       3.0179879      0.96943029     0.046764784      0.99996569      -24.280118       -24.280118       2455.5081                                                 2455.5081
              1       1204.2504      0.30634005      0.30727826    9.170621e-05     0.022539579       3.0171654      0.96708295     0.046188798      0.99939385      -24.280118       -24.280118       2457.0611                                                 2457.0611
              1       1203.7193      0.29323373      0.30684679   9.1567126e-05     0.022533733       3.0125677      0.96805427     0.042760186       1.0001778      -24.280118       -24.280118       2455.9988                                                 2455.9988
              1       1203.3136      0.30896974       0.3069245   9.1628896e-05     0.022554835       3.0058023      0.96789071     0.040380464      0.99910439      -24.280118       -24.280118       2455.1874                                                 2455.1874
              3       1204.0987      0.36403094      0.30755467   9.2083109e-05     0.022557471       3.0158563      0.97027799      0.04653945      0.99847605      -24.280118       -24.280118       2456.7577                                                 2456.7577
              1       1204.4651      0.40372048      0.30810261   9.2394435e-05     0.022580464       3.0142536      0.96958172     0.045060003      0.99936511      -24.280118       -24.280118       2457.4904                                                 2457.4904
              5       1205.8228      0.53436261      0.30707257   9.2631285e-05     0.022703781       3.0119954      0.97091812     0.050326438      0.99463069      -24.280118       -24.280118       2460.2059                                                 2460.2059
              1       1206.0527      0.38545613      0.30763362   9.2207309e-05     0.022479379       2.9990227      0.96877426     0.045380798      0.99261639      -24.280118       -24.280118       2460.6657                                                 2460.6657
              1       1206.2114      0.32309281      0.30502167   9.1357075e-05     0.022498317        2.994565      0.96671427     0.042447477      0.99295292      -24.280118       -24.280118        2460.983                                                  2460.983
              4       1208.1499      0.43419052      0.31110422   9.2697624e-05     0.022629928       2.9897946      0.96652275     0.038128333      0.99357864      -24.280118       -24.280118       2464.8601                                                 2464.8601
              3       1207.3307      0.51853542      0.30857606   9.2517044e-05     0.022762552       3.0094554      0.97116705     0.048432162      0.99347907      -24.280118       -24.280118       2463.2217                                                 2463.2217
              1       1206.8975      0.40289377       0.3019376   9.0829967e-05      0.02279218       3.0151297       0.9671022     0.049140168      0.99606631      -24.280118       -24.280118       2462.3552                                                 2462.3552
              3       1206.0494      0.45603426      0.30298772   9.1258647e-05      0.02282162       3.0139155      0.96855959     0.047457769       0.9975849      -24.280118       -24.280118       2460.6591                                                 2460.6591
              1       1203.5383      0.23465925      0.29647841   8.9436454e-05     0.022503792       2.9984745       0.9706719     0.038794879      0.99932429      -24.280118       -24.280118       2455.6368                                                 2455.6368
              3       1203.4945      0.26813222      0.29746504   8.9797367e-05     0.022488681       2.9979802      0.97043156     0.038653815      0.99949316      -24.280118       -24.280118       2455.5491                                                 2455.5491
              9       1203.6364      0.23113214      0.29940716   8.9964276e-05      0.02247285       3.0089614      0.97055552     0.041410355       1.0018623      -24.280118       -24.280118       2455.8329                                                 2455.8329
              1       1205.3478      0.31843148      0.30289997    9.102186e-05     0.022367395       3.0209764      0.97140412      0.04716756       1.0023842      -24.280118       -24.280118       2459.2559                                                 2459.2559
              1        1205.196       0.3099568      0.30146817   9.0723875e-05     0.022362181       3.0129951      0.97076661     0.044025192       1.0018218      -24.280118       -24.280118       2458.9522                                                 2458.9522
             11       1205.5788      0.30574955      0.30158753   9.0823451e-05     0.022327197       3.0172888      0.96890803     0.044521726       1.0030707      -24.280118       -24.280118       2459.7178                                                 2459.7178
              2       1205.4846      0.34203342      0.30338442    9.138633e-05     0.022305707       3.0198639      0.97024342     0.045764288       1.0033912      -24.280118       -24.280118       2459.5294                                                 2459.5294
              2       1204.9684      0.36842892      0.30472297   9.1524653e-05     0.022412913         3.01819      0.97063196     0.046020647       1.0021749      -24.280118       -24.280118        2458.497                                                  2458.497
              1       1205.4979      0.40727021      0.30532793   9.1838677e-05     0.022406876       3.0213496      0.97064486     0.048115347       1.0020913      -24.280118       -24.280118       2459.5561                                                 2459.5561
              2       1205.6393      0.40854062       0.3053476   9.1815496e-05     0.022411668       3.0192783      0.97030807     0.047167029       1.0018952      -24.280118       -24.280118       2459.8389                                                 2459.8389
              5       1205.4973      0.42762572      0.30543138   9.1880386e-05     0.022451609       3.0190598      0.96976738     0.046423307       1.0024483      -24.280118       -24.280118       2459.5548                                                 2459.5548
              3       1206.2888      0.42470475      0.30553257   9.1829696e-05     0.022477151       3.0197919      0.96891661      0.04627715       1.0027727      -24.280118       -24.280118       2461.1377                                                 2461.1377
              2       1207.5114      0.38812129      0.30639167   9.1779476e-05     0.022474866       2.9973097      0.96969609     0.035824058       1.0020332      -24.280118       -24.280118        2463.583                                                  2463.583
              1       1206.4249      0.47133065      0.30863049   9.2551738e-05     0.022595555       2.9889248      0.97011309     0.029455019       1.0038165      -24.280118       -24.280118       2461.4101                                                 2461.4101
              3       1206.4622      0.48509987      0.30905717   9.2684744e-05     0.022600006       2.9893588      0.97030739     0.029642164       1.0038176      -24.280118       -24.280118       2461.4847                                                 2461.4847
              1       1204.6678      0.27936594      0.30414784   9.0911196e-05     0.022550594       3.0000546      0.96899781     0.033115633       1.0038816      -24.280118       -24.280118       2457.8958                                                 2457.8958
              3       1204.9004      0.27303376      0.30415289   9.0878798e-05     0.022536087       2.9985458      0.96883761     0.032069626       1.0040417      -24.280118       -24.280118        2458.361                                                  2458.361
              3       1204.0676      0.28886612      0.29969598   9.0099293e-05     0.022532523        2.992758      0.97449431     0.036371223       0.9978237      -24.280118       -24.280118       2456.6955                                                 2456.6955
              1       1205.8424      0.17135681       0.3011365   8.9921438e-05     0.022466363       3.0128604      0.97239856     0.044692897      0.99787976      -24.280118       -24.280118        2460.245                                                  2460.245
              7       1207.3121        0.148952      0.29720511   8.9104916e-05     0.022474651       3.0218069      0.97355944     0.048049501      0.99928818      -24.280118       -24.280118       2463.1845                                                 2463.1845
              2       1206.9595      0.15621319      0.29752731     8.91972e-05     0.022478397       3.0210302      0.97365085     0.047553572      0.99945846      -24.280118       -24.280118       2462.4793                                                 2462.4793
              4       1207.3239      0.20118558      0.29761717   8.9392691e-05      0.02248011       3.0121043      0.97456421     0.042462321        1.000081      -24.280118       -24.280118       2463.2081                                                 2463.2081
              1       1207.5166       0.1737556      0.29573233    8.888386e-05     0.022517283        3.008527      0.97470575     0.041100156      0.99975107      -24.280118       -24.280118       2463.5934                                                 2463.5934
              6       1206.6041      0.63929883      0.31047607   9.3788193e-05     0.022641355       3.0012047      0.97092032     0.041779187      0.99577045      -24.280118       -24.280118       2461.7685                                                 2461.7685
              1       1207.7004       0.6839332      0.31104184   9.4065217e-05     0.022671198       3.0081358        0.972599     0.044427889      0.99653593      -24.280118       -24.280118        2463.961                                                  2463.961
              4       1207.6169       0.6755215      0.31073704   9.3974418e-05     0.022668079       3.0095731      0.97252976     0.045138178      0.99653848      -24.280118       -24.280118       2463.7941                                                 2463.7941
              3       1207.6317      0.61053669      0.31378008   9.4363376e-05     0.022518536        3.005883       0.9693659     0.043191595      0.99558609      -24.280118       -24.280118       2463.8237                                                 2463.8237
              7       1207.5397       0.5751644      0.31885392   9.4987578e-05     0.022622434       2.9899847      0.96893387      0.03325198      0.99705471      -24.280118       -24.280118       2463.6397                                                 2463.6397
              3       1205.5565      0.63022315      0.31746755   9.5280549e-05     0.022503143       3.0133701      0.97506041      0.04635625      0.99865213      -24.280118       -24.280118       2459.6732                                                 2459.6732
              8       1205.4844      0.57037459      0.31512087   9.4640573e-05     0.022460832       3.0093983      0.97501223     0.045503305      0.99761362      -24.280118       -24.280118       2459.5291                                                 2459.5291
              3       1205.5485      0.57996893       0.3153027   9.4716581e-05     0.022470453       3.0093194      0.97505603     0.045463005      0.99764824      -24.280118       -24.280118       2459.6572                                                 2459.6572
              1        1205.448      0.58168313      0.31531818   9.4724294e-05     0.022472747       3.0097316      0.97495852     0.045574264      0.99773347      -24.280118       -24.280118       2459.4562                                                 2459.4562
              1       1208.5404      0.52819085      0.30569277   9.2299225e-05      0.02277681       2.9891716      0.97604231     0.037940045      0.99502062      -24.280118       -24.280118       2465.6409                                                 2465.6409
              3       1208.3842      0.63763931      0.30776586   9.3153087e-05      0.02278281       2.9866158      0.97599829     0.038631531      0.99400224      -24.280118       -24.280118       2465.3287                                                 2465.3287
              1       1208.6313      0.64245225      0.30648967    9.290978e-05     0.022801498       2.9977468      0.97735474     0.044715714      0.99373214      -24.280118       -24.280118       2465.8228                                                 2465.8228
              7       1205.8854      0.61595587       0.3055652   9.2650121e-05     0.022740364       3.0045423       0.9780602     0.045019861      0.99781394      -24.280118       -24.280118       2460.3311                                                 2460.3311
              2       1206.8925       0.6728311      0.30653007   9.3085892e-05     0.022758737       3.0066357      0.97913358     0.046183839      0.99796158      -24.280118       -24.280118       2462.3453                                                 2462.3453
              6       1206.3099      0.63865428      0.30547041   9.2711932e-05     0.022759878        3.004804      0.97851864     0.044930462      0.99807402      -24.280118       -24.280118       2461.1801                                                 2461.1801
              3       1208.5204      0.64361322      0.30604673   9.2873768e-05     0.022794689       2.9893404      0.97637794      0.03906504      0.99641203      -24.280118       -24.280118        2465.601                                                  2465.601
              8       1208.0986      0.56364603      0.30450397   9.2285382e-05     0.022761459       2.9882147      0.97521024     0.035431136      0.99711752      -24.280118       -24.280118       2464.7574                                                 2464.7574
              1        1208.169      0.51040506      0.30350082   9.1926728e-05      0.02271966       2.9917714      0.97532527     0.037999851      0.99638061      -24.280118       -24.280118       2464.8982                                                 2464.8982
              3       1206.7206      0.44027729      0.30232753   9.1387114e-05     0.022683817       2.9893479      0.97360535     0.035935022      0.99685458      -24.280118       -24.280118       2462.0014                                                 2462.0014
              1       1207.3869      0.47055885      0.30293282   9.1585555e-05     0.022755549       3.0016101      0.97187774     0.041439645       0.9973412      -24.280118       -24.280118       2463.3341                                                 2463.3341
              1       1208.6897      0.57318411      0.30977798   9.3597303e-05     0.022644975       2.9834617      0.96930828     0.033072325      0.99764206      -24.280118       -24.280118       2465.9396                                                 2465.9396
              2       1209.0967      0.56584142      0.31113054   9.3813674e-05     0.022643202       2.9795776      0.96894759     0.030498692      0.99776628      -24.280118       -24.280118       2466.7536                                                 2466.7536
              2       1209.3444      0.66538736      0.30968314   9.3914088e-05     0.022697202       2.9899452      0.97378049     0.032971587       1.0000611      -24.280118       -24.280118       2467.2491                                                 2467.2491
              4       1211.2349      0.65306386      0.30886211   9.3409672e-05     0.022843341       2.9915572      0.96902445     0.031128776       1.0014816      -24.280118       -24.280118         2471.03                                                   2471.03
              2       1210.3328      0.59063063      0.30714017    9.285738e-05     0.022780854       2.9848003      0.96863857     0.027963594       1.0012951      -24.280118       -24.280118       2469.2258                                                 2469.2258
              3        1211.981      0.60313363      0.30936189   9.3491875e-05     0.022728337       2.9792489      0.96870013     0.025312255       1.0010569      -24.280118       -24.280118       2472.5222                                                 2472.5222
              6       1211.4201      0.65961662      0.31009675   9.3981147e-05     0.022684303       2.9855952      0.96942671     0.028271809         1.00195      -24.280118       -24.280118       2471.4005                                                 2471.4005
              2       1211.3357      0.82073933      0.32391233   9.7662521e-05     0.022420039       3.0040844      0.97473622     0.040500614      0.99866408      -24.280118       -24.280118       2471.2316                                                 2471.2316
              4       1211.1137       0.8279321      0.32410235   9.7722827e-05     0.022428021       3.0052133      0.97456181      0.04129084       0.9984681      -24.280118       -24.280118       2470.7876                                                 2470.7876
              3       1210.8748      0.80894524       0.3246523   9.7738193e-05      0.02241358        3.010956      0.97483178     0.042839507      0.99984178      -24.280118       -24.280118       2470.3098                                                 2470.3098
              2       1209.6188       0.8093621      0.32259487   9.7329179e-05     0.022434679       3.0155984       0.9764727     0.046694694      0.99912591      -24.280118       -24.280118       2467.7978                                                 2467.7978
              2       1206.7578      0.71443212      0.32140235   9.6446339e-05     0.022488831       3.0065791      0.97280074     0.042652318      0.99765952      -24.280118       -24.280118       2462.0759                                                 2462.0759
              3       1208.1798      0.78144925      0.32219699   9.6658934e-05     0.022633244       3.0016394      0.97347431     0.041539148      0.99630308      -24.280118       -24.280118       2464.9198                                                 2464.9198
             12       1208.1818      0.78190881      0.32220221   9.6661718e-05     0.022633918        3.001692      0.97347517     0.041555045       0.9963153      -24.280118       -24.280118       2464.9238                                                 2464.9238
              1       1206.5387      0.72880738      0.31975934   9.5976669e-05     0.022637975       3.0082888      0.97332008     0.044880795      0.99654068      -24.280118       -24.280118       2461.6377                                                 2461.6377
              1       1207.9609      0.61144262      0.31822852   9.5075938e-05     0.022677887       2.9969601      0.97163602     0.037297961       0.9972274      -24.280118       -24.280118       2464.4819                                                 2464.4819
              4       1206.5906      0.59252172      0.31648666   9.4558759e-05     0.022710576        3.000233      0.96888911     0.037762743      0.99814067      -24.280118       -24.280118       2461.7414                                                 2461.7414
              1       1204.8656      0.48551777      0.31058236   9.3018524e-05     0.022692991       2.9925727      0.96941254     0.035416237      0.99756855      -24.280118       -24.280118       2458.2915                                                 2458.2915
              6       1205.2993      0.51914505      0.31376641   9.4001813e-05     0.022561611       2.9840496      0.96729613     0.030151836      0.99854734      -24.280118       -24.280118       2459.1589                                                 2459.1589
              1       1204.5675      0.49889835      0.31291086   9.3755221e-05     0.022548306       2.9868876      0.96755495     0.032778608      0.99769629      -24.280118       -24.280118       2457.6952                                                 2457.6952
              3       1204.7365      0.53501782      0.31371787   9.4364188e-05     0.022378215       2.9894827      0.96886788     0.033516575      0.99946555      -24.280118       -24.280118       2458.0333                                                 2458.0333
              1       1204.0472      0.55271033      0.31377867   9.4417123e-05     0.022405072       2.9982836      0.96924902     0.038809282      0.99873406      -24.280118       -24.280118       2456.6545                                                 2456.6545
              5        1204.144      0.51577272      0.31099829   9.3798813e-05     0.022326549        2.995863      0.96965421     0.038927798      0.99826196      -24.280118       -24.280118       2456.8483                                                 2456.8483
              9       1204.9204       0.3524157      0.30350005   9.1625429e-05      0.02236425       3.0058501      0.96861826     0.042892468       0.9992915      -24.280118       -24.280118       2458.4011                                                 2458.4011
              2       1204.2329      0.34135921      0.30401548   9.1628672e-05     0.022375375       3.0007302      0.96836074      0.04091977      0.99851846      -24.280118       -24.280118        2457.026                                                  2457.026
              4       1204.5948       0.3560668      0.30492528   9.1877067e-05     0.022372876       3.0029209      0.96747068      0.04188606      0.99852815      -24.280118       -24.280118       2457.7498                                                 2457.7498
              2       1204.6473      0.35015998      0.30481809   9.1834252e-05     0.022368522       3.0021865      0.96736775     0.041703915      0.99833011      -24.280118       -24.280118       2457.8549                                                 2457.8549
              1       1204.3849      0.35950234      0.30573989   9.2034018e-05     0.022371944       2.9997859      0.96713019     0.040383811      0.99828846      -24.280118       -24.280118         2457.33                                                   2457.33
              3        1204.417      0.35553967      0.30573155   9.2017443e-05     0.022367922       2.9994265       0.9670291     0.040247835      0.99822594      -24.280118       -24.280118       2457.3942                                                 2457.3942
              2       1204.7638      0.39481253      0.30654551   9.2274597e-05     0.022418581        2.999701      0.96558868     0.040765537      0.99773296      -24.280118       -24.280118       2458.0878                                                 2458.0878
              6        1206.559      0.38500745      0.30824899   9.2608525e-05      0.02237421       3.0038365      0.96329589     0.040301608       1.0000961      -24.280118       -24.280118       2461.6783                                                 2461.6783
              9       1206.6185      0.37870034       0.3079076   9.2505804e-05     0.022383704       3.0037076      0.96320381     0.040004819       1.0002872      -24.280118       -24.280118       2461.7973                                                 2461.7973
              7       1206.1368      0.37712578      0.30770209   9.2471833e-05      0.02238234       3.0066245      0.96412627     0.041523838       1.0002525      -24.280118       -24.280118       2460.8339                                                 2460.8339
              1       1206.2736      0.44163958      0.30382303   9.1539529e-05     0.022706205        3.008959      0.96684906     0.042104106       1.0014124      -24.280118       -24.280118       2461.1074                                                 2461.1074
              4       1205.8675      0.42168027      0.30392319   9.1382743e-05     0.022656939       3.0272553      0.96832044      0.05257492       1.0000105      -24.280118       -24.280118       2460.2952                                                 2460.2952
              6       1206.0952      0.39974222      0.29928451   9.0386828e-05     0.022638306       3.0059875      0.97039672     0.046164762      0.99642861      -24.280118       -24.280118       2460.7506                                                 2460.7506
              8        1205.396      0.42145344      0.30019686   9.0688083e-05     0.022633905       2.9930715      0.96989444     0.038209969      0.99776369      -24.280118       -24.280118       2459.3522                                                 2459.3522
             11       1205.4685      0.41583139      0.30011871   9.0647841e-05     0.022634135       2.9933435      0.96973694     0.038416246      0.99768861      -24.280118       -24.280118       2459.4973                                                 2459.4973
              3       1204.7384       0.5236634      0.30292284   9.1612603e-05     0.022683156       3.0015006      0.97335531     0.042155584       0.9982691      -24.280118       -24.280118        2458.037                                                  2458.037
              4       1204.4109       0.4079821      0.30573707   9.1721709e-05     0.022603974       2.9748711      0.97155481     0.022937273       1.0017821      -24.280118       -24.280118       2457.3821                                                 2457.3821
             11       1206.1516       0.4348463      0.30396136   9.1474847e-05     0.022688192       2.9763925      0.97142509     0.022363245       1.0035935      -24.280118       -24.280118       2460.8634                                                 2460.8634
              5       1205.7045      0.47072159      0.30483766   9.1943456e-05     0.022605015       2.9676027      0.97047048     0.019866311       1.0025537      -24.280118       -24.280118       2459.9692                                                 2459.9692
              3       1205.8132      0.47657767      0.30486358   9.1979216e-05     0.022606278       2.9686661      0.97064693     0.020319324       1.0027046      -24.280118       -24.280118       2460.1866                                                 2460.1866
              4       1205.3656      0.52601636      0.30699175   9.2611132e-05      0.02257508       2.9726819      0.97065503       0.0224623       1.0025888      -24.280118       -24.280118       2459.2915                                                 2459.2915
              5       1205.0634      0.51290925      0.30708541   9.2615913e-05     0.022544286        2.972726      0.97054138     0.022415931       1.0026195      -24.280118       -24.280118       2458.6871                                                 2458.6871
              1       1203.3631      0.36874102      0.30708915   9.2014913e-05     0.022496948       2.9762727      0.96716787      0.02613659       0.9996844      -24.280118       -24.280118       2455.2865                                                 2455.2865
              7       1202.3682      0.46030598      0.30708586   9.2467553e-05     0.022512643       3.0162883      0.97236318      0.04731356      0.99990125      -24.280118       -24.280118       2453.2966                                                 2453.2966
              8       1202.3412      0.42602937      0.30585768   9.2048454e-05     0.022543094       3.0100813      0.97170842     0.045142195      0.99890503      -24.280118       -24.280118       2453.2426                                                 2453.2426
              1       1203.1215      0.33143428      0.30579694   9.1597021e-05     0.022537156       3.0078982      0.96889653     0.042968089      0.99787854      -24.280118       -24.280118       2454.8032                                                 2454.8032
              4       1204.3801      0.23421607      0.30586096   9.1279801e-05     0.022459776       3.0059313      0.96581882     0.041289062      0.99842643      -24.280118       -24.280118       2457.3204                                                 2457.3204
              3       1205.7414      0.14589129      0.30336649   9.0229037e-05     0.022524096       2.9956238      0.96444085     0.037670297      0.99621231      -24.280118       -24.280118       2460.0431                                                 2460.0431
              1       1205.6743      0.15028004      0.30380892   9.0337027e-05     0.022520143       2.9929644      0.96449373     0.036206117      0.99625409      -24.280118       -24.280118       2459.9088                                                 2459.9088
             10       1205.9019      0.14993759      0.30384733   9.0366051e-05     0.022525465       2.9905938      0.96490214     0.035649552      0.99595241      -24.280118       -24.280118       2460.3641                                                 2460.3641
              3       1208.7507     0.070822083      0.30544759   9.0278545e-05     0.022507539       2.9850725      0.96598739     0.032001105      0.99576892      -24.280118       -24.280118       2466.0616                                                 2466.0616
              3       1207.7773     0.074572216      0.30458122   9.0172441e-05     0.022477911       2.9747514      0.96512533     0.026975242      0.99603742      -24.280118       -24.280118       2464.1149                                                 2464.1149
              5       1209.0727      0.35278593      0.30102389   9.0656606e-05     0.022742532       3.0154671      0.97249626      0.05114495      0.99662115      -24.280118       -24.280118       2466.7056                                                 2466.7056
              1       1211.5931      0.46838026       0.3031213   9.1833393e-05     0.022654686       3.0301758      0.97453771     0.059486016      0.99666346      -24.280118       -24.280118       2471.7464                                                 2471.7464
              2       1211.1607       0.4076734      0.29847515   9.0764908e-05     0.022576753       3.0179157      0.97633723     0.053882033      0.99724243      -24.280118       -24.280118       2470.8816                                                 2470.8816
              1       1209.5986      0.39591698      0.29794869   9.0591807e-05     0.022601588       3.0125622      0.97680562     0.049012502      0.99859487      -24.280118       -24.280118       2467.7574                                                 2467.7574
              1       1208.1704      0.47016483      0.30320458   9.2040798e-05     0.022521625       3.0010106      0.97371054     0.042001876      0.99961029      -24.280118       -24.280118        2464.901                                                  2464.901
              6       1210.0021      0.47511829      0.30279708   9.1985832e-05     0.022554524       3.0003345      0.97401877     0.041557247      0.99999391      -24.280118       -24.280118       2468.5644                                                 2468.5644
              1       1211.7325      0.43570205      0.29525399   9.0405267e-05     0.022391016       3.0046156      0.97619223     0.047055771      0.99823918      -24.280118       -24.280118       2472.0252                                                 2472.0252
              3       1211.6358      0.43763821      0.29538122   9.0433682e-05     0.022391991        3.005201      0.97616478     0.047326408      0.99825859      -24.280118       -24.280118       2471.8318                                                 2471.8318
              3        1207.356      0.32801566      0.30323327   9.1479382e-05     0.022183879       3.0274741      0.97140937     0.052837878      0.99989775      -24.280118       -24.280118       2463.2723                                                 2463.2723
              2       1205.6708      0.46484272      0.30709072   9.2663033e-05     0.022288166       3.0251163      0.96954697     0.049240264       1.0018507      -24.280118       -24.280118       2459.9019                                                 2459.9019
              1       1205.2322      0.47478237      0.30654371   9.2555392e-05     0.022348068        3.029361       0.9706007     0.051163989       1.0019045      -24.280118       -24.280118       2459.0246                                                 2459.0246
              1       1206.2937      0.55003473      0.30771478    9.299131e-05     0.022388656       3.0222109      0.97100981      0.05096989      0.99804266      -24.280118       -24.280118       2461.1476                                                 2461.1476
              1       1208.5432       0.6712283      0.30950602   9.3881958e-05     0.022408106        3.017109      0.97490873     0.049604467       0.9978385      -24.280118       -24.280118       2465.6467                                                 2465.6467
              2       1208.3592      0.67453605      0.30966953   9.3918411e-05     0.022415898       3.0163103      0.97478035     0.049249662      0.99778818      -24.280118       -24.280118       2465.2787                                                 2465.2787
              2        1207.046      0.61194312      0.30736347   9.3085997e-05     0.022487025       3.0190504      0.97642153     0.050219381      0.99779878      -24.280118       -24.280118       2462.6523                                                 2462.6523
              2       1206.4883      0.58113678      0.30707331   9.2892264e-05     0.022463163       3.0132679        0.976015      0.04624308      0.99871389      -24.280118       -24.280118       2461.5369                                                 2461.5369
              6       1206.4645      0.48219675      0.30806029   9.3115078e-05     0.022270112       3.0071692      0.97748015     0.044198703      0.99898584      -24.280118       -24.280118       2461.4893                                                 2461.4893
              3       1208.1641      0.60112993      0.31034581   9.4017204e-05      0.02239791       3.0290712      0.97951826     0.056030971      0.99873181      -24.280118       -24.280118       2464.8884                                                 2464.8884
              6        1209.703      0.64624578      0.31150711   9.4462455e-05     0.022363388       3.0392892      0.97940365     0.060199188      0.99948919      -24.280118       -24.280118       2467.9662                                                 2467.9662
             10       1209.1886      0.63728649      0.31125489   9.4345529e-05     0.022367072       3.0378423      0.97930903     0.059492752      0.99937901      -24.280118       -24.280118       2466.9373                                                 2466.9373
              1       1209.1962      0.63790185       0.3112745   9.4351163e-05     0.022367889       3.0379345      0.97931371      0.05955211      0.99937552      -24.280118       -24.280118       2466.9526                                                 2466.9526
