#        weight    minuslogpost           alpha        omega_m0        omega_r0           ombh2            logA              ns             tau        A_planck   minuslogprior minuslogprior__0            chi2 chi2__likelihoods.kgb_joint_likelihood.KGBJointLikelihood
              2       1631.9992      0.39524592      0.31262936   9.1179088e-05     0.022096649       3.0111098      0.97499567     0.049653324      0.99984042      -24.280118       -24.280118       3312.5587                                                 3312.5587
              2       1623.6565      0.35801302      0.31199963   9.1046974e-05     0.022047967       2.9983223      0.97550106     0.044803982      0.99920409      -24.280118       -24.280118       3295.8732                                                 3295.8732
              1       1581.6598      0.39789774      0.31508429   9.1740356e-05     0.022155052       3.0003495       0.9748949       0.0425461       1.0011153      -24.280118       -24.280118       3211.8799                                                 3211.8799
              2       1580.4842      0.39895257       0.3151114   9.1750503e-05     0.022155387       2.9999702      0.97482152     0.042338478       1.0010801      -24.280118       -24.280118       3209.5286                                                 3209.5286
              1       1576.1065      0.26687863      0.31141005   9.0459318e-05     0.022109009       3.0098212      0.97726133     0.042241611        1.004442      -24.280118       -24.280118       3200.7733                                                 3200.7733
              2       1574.8825      0.27014612      0.31137626   9.0528019e-05     0.022064657       3.0136076      0.97674889     0.044114717       1.0045264      -24.280118       -24.280118       3198.3252                                                 3198.3252
              2       1564.5932      0.14546912      0.30467158   8.9181768e-05     0.021864091       2.9955736      0.98282163     0.040749824       1.0014467      -24.280118       -24.280118       3177.7466                                                 3177.7466
              2       1546.4437      0.16904647      0.30664392   8.9872321e-05     0.021778662       2.9907159      0.98251117     0.036739848       1.0036782      -24.280118       -24.280118       3141.4476                                                 3141.4476
              1        1525.281      0.22300787      0.30848967   9.0379342e-05     0.021877754       2.9862585      0.98046858     0.034365087       1.0034938      -24.280118       -24.280118       3099.1222                                                 3099.1222
              5       1523.2447      0.23901019      0.30923037   9.0554541e-05     0.021893416       2.9872763      0.98188948     0.033835177       1.0042383      -24.280118       -24.280118       3095.0497                                                 3095.0497
              1       1486.5563       0.2428277      0.30690229   9.0836222e-05     0.021585234       2.9617956      0.98710319     0.024767721       1.0028483      -24.280118       -24.280118       3021.6728                                                 3021.6728
              1       1472.4819      0.47206336      0.31367832   9.2487141e-05     0.021951504       2.9759962      0.98675422     0.025322123       1.0060823      -24.280118       -24.280118        2993.524                                                  2993.524
              1       1466.5951      0.46359575      0.31328197    9.245332e-05     0.021894959       2.9741567      0.98623771     0.023417161       1.0066571      -24.280118       -24.280118       2981.7504                                                 2981.7504
              3       1456.6032      0.39810691      0.31429701   9.2055686e-05     0.022112314       2.9692899      0.98352356     0.014561014       1.0113456      -24.280118       -24.280118       2961.7666                                                 2961.7666
              1       1429.7687      0.37236947      0.31218461   9.1599892e-05     0.022202972       2.9583948      0.98782225     0.010240387       1.0107217      -24.280118       -24.280118       2908.0976                                                 2908.0976
              5       1419.2897      0.35541565      0.31181007   9.1487799e-05     0.022207712       2.9677149      0.98842859     0.014604767       1.0107378      -24.280118       -24.280118       2887.1395                                                 2887.1395
              9       1397.7228      0.29687921      0.30928452   9.0740739e-05     0.022267877        2.963699      0.98802357     0.011808195        1.010488      -24.280118       -24.280118       2844.0058                                                 2844.0058
              3       1385.3515      0.32871718      0.31070596    9.110696e-05     0.022338529       2.9671678      0.98621725     0.014637395        1.009386      -24.280118       -24.280118       2819.2631                                                 2819.2631
              1       1384.1751      0.40191942      0.31101436   9.1431285e-05     0.022336379       2.9753523      0.98681431     0.019085896       1.0081588      -24.280118       -24.280118       2816.9103                                                 2816.9103
              1       1383.5337      0.40504982      0.31122949   9.1508278e-05     0.022323794       2.9758461      0.98650433     0.019032903       1.0085289      -24.280118       -24.280118       2815.6276                                                 2815.6276
              3       1383.7038      0.40362212      0.31128376   9.1495387e-05     0.022332849       2.9753559      0.98622177     0.018694612       1.0085396      -24.280118       -24.280118       2815.9678                                                 2815.9678
              4       1352.8872       0.4137829      0.30905639    9.116499e-05     0.022378581       2.9770202      0.97702196     0.021841002       1.0059211      -24.280118       -24.280118       2754.3346                                                 2754.3346
              1        1352.349      0.41649023      0.30917502   9.1202588e-05     0.022373025       2.9771096      0.97653866     0.021904648       1.0057814      -24.280118       -24.280118       2753.2582                                                 2753.2582
              1       1342.0837      0.43594793      0.30832427   9.1182301e-05     0.022371564       2.9685567      0.97960644     0.018164951       1.0049564      -24.280118       -24.280118       2732.7276                                                 2732.7276
              1       1342.1417      0.39664727      0.30671051   9.0694751e-05     0.022369171       2.9767103      0.98144021     0.023772189       1.0033438      -24.280118       -24.280118       2732.8437                                                 2732.8437
              2       1341.3907      0.40585595      0.30685963   9.0768148e-05     0.022376355       2.9751238      0.98125189     0.023967954       1.0026569      -24.280118       -24.280118       2731.3416                                                 2731.3416
              3       1337.5266      0.40288293      0.30737025   9.0827291e-05     0.022404103       2.9710732      0.98124777     0.022195526       1.0020661      -24.280118       -24.280118       2723.6135                                                 2723.6135
              6       1314.5154      0.40862276      0.30646857    9.067896e-05     0.022491635       2.9833813      0.97817053     0.027123755       1.0026406      -24.280118       -24.280118       2677.5911                                                 2677.5911
              1       1310.1933      0.39554804       0.3062604   9.0626068e-05     0.022486394       2.9757052      0.97537023     0.024260971       1.0019932      -24.280118       -24.280118       2668.9469                                                 2668.9469
              2       1286.1775      0.34487952      0.30514259   9.0542044e-05     0.022315001       2.9659076      0.97561913     0.019894595       1.0005734      -24.280118       -24.280118       2620.9152                                                 2620.9152
              4       1271.6062      0.28830806      0.30063952   8.9488895e-05     0.022371081       2.9864577      0.97657877     0.029781864       1.0009524      -24.280118       -24.280118       2591.7726                                                 2591.7726
              1       1260.9604       0.2636076      0.29982433   8.9344781e-05      0.02236451       2.9819775      0.97505548     0.029645146      0.99966805      -24.280118       -24.280118        2570.481                                                  2570.481
              1       1243.8144      0.33266932       0.3027035   9.0286938e-05     0.022408706       2.9819324      0.97653675     0.028265781       1.0008393      -24.280118       -24.280118        2536.189                                                  2536.189
              2       1243.7524      0.30569639      0.30047141     8.96652e-05     0.022482403       2.9574511      0.97706684     0.018474853      0.99680857      -24.280118       -24.280118       2536.0651                                                 2536.0651
              4       1243.8715      0.30573225      0.30046771   8.9662381e-05     0.022483216       2.9574703      0.97708042     0.018469464      0.99681721      -24.280118       -24.280118       2536.3032                                                 2536.3032
              2       1234.2007      0.28363479      0.29814047   8.9023575e-05     0.022626189       2.9957748      0.97489731      0.03741118      0.99669745      -24.280118       -24.280118       2516.9616                                                 2516.9616
              6       1232.7586      0.29129705      0.29891998   8.9082829e-05     0.022756767        2.991262      0.97368535     0.034621977      0.99568238      -24.280118       -24.280118       2514.0774                                                 2514.0774
              9       1226.3177      0.28940728      0.29690578   8.9096413e-05      0.02253376       2.9863089      0.96675796      0.02922874      0.99944346      -24.280118       -24.280118       2501.1956                                                 2501.1956
              1       1225.6429      0.33339055       0.2988518   8.9605549e-05     0.022563579       2.9953217      0.97174058     0.034005884       0.9987763      -24.280118       -24.280118       2499.8461                                                 2499.8461
             10       1215.1343      0.34234655      0.29702146   8.9678261e-05     0.022534576       3.0178159      0.97213988     0.041670944        1.003149      -24.280118       -24.280118       2478.8289                                                 2478.8289
              1       1215.2061       0.3424899      0.29700546   8.9676265e-05     0.022534443       3.0174861      0.97220248     0.041514784       1.0031383      -24.280118       -24.280118       2478.9724                                                 2478.9724
              1       1205.9192      0.25595258      0.29431264   8.9100357e-05     0.022562181       2.9897142      0.97024853     0.033614469       1.0003251      -24.280118       -24.280118       2460.3986                                                 2460.3986
              6       1205.7421      0.25458662      0.29458094    8.913466e-05     0.022537857       2.9865446      0.96982834     0.032318412        1.000017      -24.280118       -24.280118       2460.0444                                                 2460.0444
              8       1206.2278      0.24076121      0.29376609   8.8824358e-05     0.022612747       2.9917316      0.96902814      0.03451067       1.0002927      -24.280118       -24.280118       2461.0159                                                 2461.0159
              3       1206.0475      0.23305293      0.29371701   8.8771678e-05     0.022612702       2.9928544      0.96897511     0.035086736       1.0001156      -24.280118       -24.280118       2460.6553                                                 2460.6553
              4       1205.7866      0.31250619      0.29813526   9.0059991e-05     0.022566202       2.9915304      0.96757975     0.036914323      0.99846985      -24.280118       -24.280118       2460.1335                                                 2460.1335
              1       1205.9534      0.33242279      0.29930277   9.0199799e-05     0.022653959        2.998214      0.96682724     0.038196823       1.0000457      -24.280118       -24.280118        2460.467                                                  2460.467
              1        1206.192      0.30037268      0.29759136   8.9652719e-05      0.02273687       2.9976809      0.96798313     0.037713356      0.99984499      -24.280118       -24.280118       2460.9443                                                 2460.9443
              1       1206.1982      0.29642321      0.29748418   8.9619003e-05     0.022737214       2.9992901      0.96801417     0.038726245      0.99967301      -24.280118       -24.280118       2460.9566                                                 2460.9566
              2       1205.1033      0.35500784      0.29912357   9.0113844e-05     0.022770043       3.0019959       0.9690723     0.040414684      0.99879846      -24.280118       -24.280118       2458.7668                                                 2458.7668
              3       1205.1135      0.35471985      0.29911189   9.0108845e-05     0.022769938       3.0019915       0.9690212     0.040412425      0.99878243      -24.280118       -24.280118       2458.7873                                                 2458.7873
              2       1205.4755      0.24621147      0.29758375    8.950278e-05     0.022563437       3.0028522       0.9659859     0.037296903       1.0014026      -24.280118       -24.280118       2459.5112                                                 2459.5112
              3       1205.4991         0.27301      0.29886831   8.9824326e-05     0.022575108       3.0045048      0.96645603      0.03694927       1.0023895      -24.280118       -24.280118       2459.5584                                                 2459.5584
              1       1205.1837       0.2458528      0.29745833   8.9444224e-05     0.022579303       3.0059691       0.9692573     0.037381727       1.0027509      -24.280118       -24.280118       2458.9277                                                 2458.9277
              4       1206.8515      0.25816901      0.29707796   8.9374429e-05     0.022563116       3.0027122      0.96889305     0.035455109       1.0029145      -24.280118       -24.280118       2462.2632                                                 2462.2632
              1       1206.8245      0.26169871      0.29690621     8.93469e-05     0.022572976       3.0014246       0.9691179     0.034947617       1.0028437      -24.280118       -24.280118       2462.2092                                                 2462.2092
              1       1210.3649      0.44408482      0.30422225    9.127916e-05     0.022742244       3.0173181      0.97133657     0.038950076       1.0057167      -24.280118       -24.280118       2469.2901                                                 2469.2901
              5        1211.239       0.4359646       0.3037057   9.1253028e-05     0.022718459       3.0191298      0.97077508     0.038599836       1.0068413      -24.280118       -24.280118       2471.0382                                                 2471.0382
              2       1210.6742      0.38867361      0.30145277   9.0640532e-05     0.022654272       3.0189829      0.97263871     0.039463688       1.0064043      -24.280118       -24.280118       2469.9087                                                 2469.9087
              4       1207.3392      0.42511321       0.3014162   9.0741756e-05     0.022765797       3.0019082      0.97371425     0.037635243       1.0027563      -24.280118       -24.280118       2463.2387                                                 2463.2387
              1       1206.6243      0.39877547      0.30088445   9.0512793e-05     0.022755781        2.991852      0.96953406      0.03421663       1.0002917      -24.280118       -24.280118       2461.8089                                                 2461.8089
              3        1206.322      0.39845224      0.30091203   9.0531592e-05     0.022749819       2.9922817      0.96937343     0.034236691       1.0004201      -24.280118       -24.280118       2461.2042                                                 2461.2042
              1       1204.8808      0.41937254      0.30035721   9.0687638e-05     0.022659684       2.9964233      0.97029598     0.038481097      0.99910949      -24.280118       -24.280118       2458.3218                                                 2458.3218
              1       1204.4238      0.39788754      0.29977295   9.0555905e-05     0.022679191       2.9954226      0.97295013     0.038780741      0.99874581      -24.280118       -24.280118       2457.4079                                                 2457.4079
              1       1204.7234      0.37579314      0.29956987   9.0468718e-05     0.022650086       2.9911077      0.97112893     0.038423337      0.99668771      -24.280118       -24.280118        2458.007                                                  2458.007
              1       1204.7453      0.37648298       0.2996144   9.0481765e-05     0.022649536       2.9911945      0.97109196     0.038469179      0.99670281      -24.280118       -24.280118       2458.0508                                                 2458.0508
              7       1204.0283      0.44902465      0.30324382   9.1508786e-05     0.022585032       2.9827727      0.97294863      0.03426215      0.99635634      -24.280118       -24.280118       2456.6168                                                 2456.6168
              2       1203.4125      0.45523719      0.30430266    9.185971e-05     0.022517109       2.9827554      0.97071684      0.03263128      0.99807875      -24.280118       -24.280118       2455.3852                                                 2455.3852
              4         1203.48      0.45062766      0.30400506   9.1736821e-05     0.022559235       2.9825727       0.9709343     0.032268846      0.99831836      -24.280118       -24.280118       2455.5203                                                 2455.5203
              1       1204.3107      0.42464749      0.30351852   9.1551791e-05     0.022556957       2.9765228       0.9708332     0.030573078      0.99707342      -24.280118       -24.280118       2457.1816                                                 2457.1816
              6       1204.9517      0.42088081      0.30371838   9.1588182e-05     0.022593881       2.9782486      0.96801805     0.030116812      0.99695414      -24.280118       -24.280118       2458.4636                                                 2458.4636
              1       1206.0413      0.42271739      0.30233036   9.1384501e-05     0.022519856       2.9771873      0.96611658     0.028695426      0.99865603      -24.280118       -24.280118       2460.6428                                                 2460.6428
              2       1206.8927       0.4577345      0.30442431   9.1888966e-05     0.022551394       2.9814316       0.9642437     0.029288437       1.0000501      -24.280118       -24.280118       2462.3457                                                 2462.3457
              4       1206.8452      0.44934565      0.30414579   9.1751285e-05     0.022565403        2.983679      0.96403943     0.030310414       1.0000003      -24.280118       -24.280118       2462.2505                                                 2462.2505
              1       1204.0137      0.42626892      0.30472969   9.1791903e-05      0.02253119       2.9731794       0.9724267      0.02592584      0.99986191      -24.280118       -24.280118       2456.5876                                                 2456.5876
              1       1203.9815      0.42710633      0.30520014   9.1878918e-05     0.022520136       2.9754127      0.97194029     0.027436295      0.99959518      -24.280118       -24.280118       2456.5233                                                 2456.5233
              7       1204.0818      0.30354183      0.30058394   9.0491349e-05     0.022525604       2.9798978      0.97219315      0.02984961      0.99942709      -24.280118       -24.280118       2456.7238                                                 2456.7238
              1       1204.9623      0.29222295      0.29948801    9.034452e-05      0.02246486       2.9777908      0.97364153      0.02947085      0.99928486      -24.280118       -24.280118       2458.4848                                                 2458.4848
              1       1205.8281      0.29401021      0.29943916   9.0391184e-05     0.022429567       2.9758805      0.97155776     0.030100592      0.99810894      -24.280118       -24.280118       2460.2163                                                 2460.2163
              2       1205.0605      0.38937152      0.30294468   9.1448019e-05     0.022410999        2.978339      0.97359487     0.032833195      0.99645984      -24.280118       -24.280118       2458.6812                                                 2458.6812
              4       1205.1138      0.41786103      0.30403684   9.1824566e-05     0.022331069       2.9866115      0.97247824     0.034800894      0.99881436      -24.280118       -24.280118       2458.7879                                                 2458.7879
              2       1204.4499      0.40585713      0.30343423   9.1559191e-05     0.022401009       2.9888037       0.9721111     0.035176897      0.99937894      -24.280118       -24.280118       2457.4601                                                 2457.4601
              2       1205.0572      0.44971916       0.3048462   9.1907824e-05     0.022426437       2.9819119      0.96943572      0.02962444       1.0001681      -24.280118       -24.280118       2458.6747                                                 2458.6747
              6       1204.0043      0.46260059      0.30583877   9.2041731e-05     0.022501685       2.9832646      0.97034482     0.030521144      0.99910718      -24.280118       -24.280118       2456.5689                                                 2456.5689
              4       1204.7592      0.51112128      0.30612614   9.2354713e-05     0.022523476       2.9954975      0.96730545      0.03568821       1.0006268      -24.280118       -24.280118       2458.0787                                                 2458.0787
              1       1204.7087       0.5095873      0.30632087   9.2452076e-05     0.022490509       2.9932998       0.9673237     0.034915266       1.0005795      -24.280118       -24.280118       2457.9776                                                 2457.9776
              1       1204.7426      0.50932276      0.30638775   9.2457194e-05     0.022490382       2.9932518      0.96730489      0.03483667       1.0006105      -24.280118       -24.280118       2458.0455                                                 2458.0455
              1       1204.9587      0.51198487      0.30647648   9.2480357e-05     0.022494906       2.9927888      0.96718145     0.034387333        1.000807      -24.280118       -24.280118       2458.4776                                                 2458.4776
              1       1204.5979      0.49511654      0.30588059   9.2313909e-05     0.022482639       2.9921322      0.96726376     0.033765828       1.0009153      -24.280118       -24.280118       2457.7561                                                 2457.7561
              2       1205.2716       0.4602333      0.30478319   9.1724854e-05     0.022716237       2.9735639       0.9721457     0.026727551      0.99865387      -24.280118       -24.280118       2459.1035                                                 2459.1035
              2       1205.7091      0.48581316      0.30606146   9.2121866e-05     0.022702009       2.9826394      0.97632467     0.029463191       1.0005285      -24.280118       -24.280118       2459.9784                                                 2459.9784
              1       1205.9879      0.48428789      0.30587994   9.2046603e-05      0.02270956       2.9805457      0.97662804     0.028554381       1.0003453      -24.280118       -24.280118       2460.5361                                                 2460.5361
              1        1205.787      0.50893003      0.30850494   9.2561365e-05     0.022701345       2.9792069      0.97401311     0.025948033       1.0009471      -24.280118       -24.280118       2460.1342                                                 2460.1342
              1       1206.1208      0.50205449      0.30802487   9.2403243e-05     0.022730766       2.9809582      0.97358523      0.02624049       1.0011827      -24.280118       -24.280118       2460.8018                                                 2460.8018
              3       1205.8744       0.4120257      0.30488878     9.15941e-05     0.022650012       2.9647735      0.96624735     0.021420123       0.9982581      -24.280118       -24.280118        2460.309                                                  2460.309
              4       1205.5046      0.38679414      0.30409036    9.127122e-05     0.022650371         2.97291      0.96605708      0.02527694      0.99873527      -24.280118       -24.280118       2459.5694                                                 2459.5694
              1       1206.0041      0.31929513      0.30148031   9.0606586e-05     0.022639253       2.9805161      0.96710416     0.026248672        1.002247      -24.280118       -24.280118       2460.5685                                                 2460.5685
              1       1207.0207      0.31856841       0.3014984   9.0385243e-05     0.022731224       2.9892443      0.96648403     0.028855371       1.0031165      -24.280118       -24.280118       2462.6017                                                 2462.6017
              4       1206.9906      0.28244969      0.30126614   9.0233981e-05        0.022628       2.9898237      0.97537251     0.028920928       1.0033137      -24.280118       -24.280118       2462.5415                                                 2462.5415
              4       1207.0686      0.27500933      0.30106063     9.01687e-05     0.022624323       2.9918084      0.97547137     0.029798803       1.0034984      -24.280118       -24.280118       2462.6974                                                 2462.6974
              4       1206.2895      0.31760244      0.30326665   9.0669904e-05     0.022643761       2.9939444      0.97000755     0.031082219       1.0032124      -24.280118       -24.280118       2461.1393                                                 2461.1393
              2       1206.2625      0.33633476      0.30345556   9.1004937e-05     0.022661432        2.997897       0.9705612     0.031711597       1.0049115      -24.280118       -24.280118       2461.0852                                                 2461.0852
              4       1205.2555      0.33742018      0.30335999   9.1048354e-05     0.022631017        2.997173      0.96959317     0.032237542       1.0041242      -24.280118       -24.280118       2459.0713                                                 2459.0713
              3       1205.5717      0.30651897      0.30282984     9.10698e-05     0.022457214        2.999711      0.97478864     0.035119085       1.0035162      -24.280118       -24.280118       2459.7036                                                 2459.7036
              2       1205.3358      0.31148524      0.30278913    9.107638e-05      0.02245858       2.9988822      0.97499387     0.034999797       1.0032729      -24.280118       -24.280118       2459.2319                                                 2459.2319
              3       1205.4711      0.31201568      0.30279302   9.1082686e-05     0.022457755       2.9989187      0.97513224     0.034951672       1.0033418      -24.280118       -24.280118       2459.5025                                                 2459.5025
              1       1204.8527      0.33166551      0.30356867   9.1355482e-05     0.022426264       3.0062243      0.97450962     0.038599408       1.0030046      -24.280118       -24.280118       2458.2656                                                 2458.2656
              4        1204.854      0.36521997      0.30332282   9.1455247e-05     0.022461019       2.9966293      0.97049068     0.033070936       1.0035712      -24.280118       -24.280118       2458.2683                                                 2458.2683
              3       1205.3667      0.42886116      0.30604991   9.2375291e-05     0.022387414       2.9756151      0.97146528      0.02795378        0.999879      -24.280118       -24.280118       2459.2936                                                 2459.2936
              3       1204.9602      0.44594014      0.30675186   9.2560485e-05     0.022407002       2.9767418      0.97143423     0.028261622       0.9999548      -24.280118       -24.280118       2458.4806                                                 2458.4806
              6       1205.0375      0.45100131      0.30690001   9.2624498e-05     0.022403539       2.9777763      0.97182762     0.028648712       1.0001294      -24.280118       -24.280118       2458.6353                                                 2458.6353
              2       1204.6075      0.45207502       0.3066312   9.2555688e-05     0.022413128       2.9783712      0.97060135     0.028668024        1.000118      -24.280118       -24.280118       2457.7753                                                 2457.7753
              3       1204.6756      0.44058737      0.30637469   9.2436557e-05     0.022417911       2.9732265      0.97120586     0.025046974       1.0007243      -24.280118       -24.280118       2457.9114                                                 2457.9114
              2       1204.4502       0.5016584      0.30857651   9.3030164e-05     0.022472304       2.9811475      0.97190506     0.026675357       1.0026266      -24.280118       -24.280118       2457.4607                                                 2457.4607
              1       1203.4405      0.48616725      0.30824408   9.2756536e-05     0.022516764       2.9865351      0.97284714     0.029512298       1.0017208      -24.280118       -24.280118       2455.4412                                                 2455.4412
              1        1203.326       0.4884852      0.30834297   9.2769155e-05     0.022521657       2.9867797      0.97262391     0.029605233       1.0016584      -24.280118       -24.280118       2455.2122                                                 2455.2122
              1       1203.4955      0.51074341      0.30954937   9.3141404e-05      0.02252338       2.9764419      0.97100619     0.025891136       1.0002204      -24.280118       -24.280118       2455.5513                                                 2455.5513
              2       1204.3631       0.5241894      0.31008097   9.3358734e-05     0.022508422       2.9801639      0.96837176     0.026158869       1.0016757      -24.280118       -24.280118       2457.2865                                                 2457.2865
              3       1204.2567      0.50792036      0.30951202   9.3224177e-05     0.022465458       2.9791879      0.96785672     0.026128265       1.0014011      -24.280118       -24.280118       2457.0735                                                 2457.0735
              1       1204.6538      0.50258584      0.30911382   9.3181956e-05     0.022445107       2.9815237      0.96789311     0.027663911       1.0007676      -24.280118       -24.280118       2457.8678                                                 2457.8678
              1       1205.3583      0.51332527      0.30926569   9.3282579e-05     0.022427685       2.9822142      0.96780449     0.027588894       1.0010191      -24.280118       -24.280118       2459.2768                                                 2459.2768
              5        1204.121       0.5203006      0.30847184   9.3102539e-05     0.022471912       2.9856788      0.96948039     0.030693756      0.99993134      -24.280118       -24.280118       2456.8022                                                 2456.8022
              2       1203.9807      0.52612258      0.30866403   9.3155906e-05     0.022472354       2.9857967      0.96936287     0.030670014       1.0000679      -24.280118       -24.280118       2456.5217                                                 2456.5217
              3       1204.2757      0.51948666      0.30831973   9.3065454e-05     0.022455385       2.9885079      0.96779374     0.031722181        1.000319      -24.280118       -24.280118       2457.1116                                                 2457.1116
              1       1204.3834      0.51186508      0.30812985   9.3152012e-05     0.022351608       2.9968053      0.96931449     0.037285963      0.99937507      -24.280118       -24.280118        2457.327                                                  2457.327
              1       1203.9765      0.45206383      0.30623276   9.2495482e-05     0.022307692       2.9889434      0.97068657     0.034920356       0.9982415      -24.280118       -24.280118       2456.5132                                                 2456.5132
              2       1205.3173      0.43562606      0.30419017    9.146389e-05     0.022667029       3.0243576      0.97580754     0.051241765       1.0002855      -24.280118       -24.280118       2459.1948                                                 2459.1948
              1       1205.9826      0.44988555      0.30391543   9.1495905e-05     0.022684125       3.0197364      0.97502576     0.051437312      0.99850382      -24.280118       -24.280118       2460.5254                                                 2460.5254
              1       1204.2775      0.41677319       0.3033874   9.1416115e-05     0.022592102       3.0242284      0.97287199      0.05151696       1.0004577      -24.280118       -24.280118       2457.1153                                                 2457.1153
              3       1204.0854      0.50900703      0.30628868   9.2496943e-05     0.022565195       3.0119093       0.9716542     0.044887233       1.0013348      -24.280118       -24.280118        2456.731                                                  2456.731
              3        1204.174      0.48363899      0.30603651   9.2502857e-05     0.022458963       3.0003736      0.97038848     0.042088772      0.99852853      -24.280118       -24.280118       2456.9082                                                 2456.9082
              5       1204.4342      0.50692937      0.30640742   9.2812892e-05     0.022334071       3.0072946      0.97288693     0.045892794      0.99843245      -24.280118       -24.280118       2457.4287                                                 2457.4287
              1       1203.1696      0.44001693      0.30394616   9.1857157e-05     0.022462323       3.0047143      0.97025701      0.04124601        1.000895      -24.280118       -24.280118       2454.8994                                                 2454.8994
              1       1203.1332      0.44129611      0.30375728   9.1827417e-05     0.022465481       3.0056329      0.96966587     0.041732256       1.0006865      -24.280118       -24.280118       2454.8266                                                 2454.8266
             10       1203.2553      0.43187764      0.30319581   9.1659489e-05     0.022475366       3.0013034      0.96968358     0.040642296       0.9997584      -24.280118       -24.280118       2455.0708                                                 2455.0708
              3       1203.4789      0.40076318      0.30105255   9.1101199e-05     0.022482813        3.001374      0.97139856     0.041018438      0.99979735      -24.280118       -24.280118       2455.5181                                                 2455.5181
              6       1204.0045      0.40137951      0.30106577     9.11927e-05     0.022440007       3.0043412       0.9720834     0.042406648       1.0002449      -24.280118       -24.280118       2456.5693                                                 2456.5693
              5       1203.6587      0.39534342      0.30091297    9.114357e-05     0.022417828       3.0080365      0.97314032     0.044648598      0.99972647      -24.280118       -24.280118       2455.8776                                                 2455.8776
              3        1204.976      0.50583328      0.30256846   9.1702692e-05     0.022490897       2.9973316      0.97335666     0.041126552      0.99747842      -24.280118       -24.280118       2458.5123                                                 2458.5123
              1       1205.1511      0.47362866      0.30157345   9.1418627e-05     0.022471465       2.9953522      0.97299109     0.041320824      0.99637763      -24.280118       -24.280118       2458.8624                                                 2458.8624
              1       1206.4878      0.50123882      0.30250589    9.177518e-05     0.022440694       2.9932981      0.96999538     0.040228439      0.99581044      -24.280118       -24.280118       2461.5358                                                 2461.5358
              3       1206.4121       0.4994688      0.30236432   9.1721952e-05     0.022454279       2.9940285      0.96987965     0.040530943       0.9957939      -24.280118       -24.280118       2461.3845                                                 2461.3845
              2       1206.9461      0.54618633      0.30545137    9.250293e-05     0.022563648       2.9969561      0.96706174     0.042698822      0.99569265      -24.280118       -24.280118       2462.4524                                                 2462.4524
              1       1206.0105       0.6251348      0.30871943   9.3414884e-05     0.022580069       3.0186445       0.9684006     0.052256933      0.99634588      -24.280118       -24.280118       2460.5812                                                 2460.5812
              1       1208.2825      0.62873639      0.30852651   9.3049667e-05     0.022734191       3.0209996      0.96792369     0.051554187      0.99721585      -24.280118       -24.280118       2465.1253                                                 2465.1253
              1       1209.2867      0.61736127      0.30635921   9.2622992e-05     0.022760144       3.0269667      0.96690471     0.054394277      0.99733248      -24.280118       -24.280118       2467.1337                                                 2467.1337
              5       1207.4804      0.57711279      0.30498843   9.2186625e-05     0.022780759       3.0282989      0.96903921      0.05496203      0.99707895      -24.280118       -24.280118        2463.521                                                  2463.521
              6       1207.5452      0.57708798      0.30432882   9.2035272e-05      0.02276966       3.0281716      0.96939276     0.054747361       0.9974405      -24.280118       -24.280118       2463.6507                                                 2463.6507
              2        1206.814      0.58181263      0.30525221   9.2215433e-05     0.022731373       3.0266547      0.97079343     0.053227637      0.99803106      -24.280118       -24.280118       2462.1883                                                 2462.1883
              5       1208.0204      0.64206202      0.30808245   9.2987733e-05     0.022767046       3.0237816       0.9690468     0.050632616      0.99960853      -24.280118       -24.280118       2464.6011                                                 2464.6011
              1       1209.9215      0.66379248      0.30816304   9.3071962e-05     0.022777038       3.0255842      0.97070825     0.053768005      0.99830096      -24.280118       -24.280118       2468.4033                                                 2468.4033
              1       1211.4367       0.6946725      0.30936158   9.3408772e-05     0.022771892       3.0289659      0.97068476      0.05488457      0.99844373      -24.280118       -24.280118       2471.4337                                                 2471.4337
              1       1211.2987      0.69595688        0.309338   9.3416132e-05       0.0227735       3.0287517      0.97063193     0.054831455      0.99838882      -24.280118       -24.280118       2471.1576                                                 2471.1576
              1        1210.942      0.62428242      0.30875336   9.3084574e-05     0.022756595       3.0462465      0.96855936     0.063207602      0.99840599      -24.280118       -24.280118       2470.4442                                                 2470.4442
              1       1208.4234      0.52428774      0.30418454   9.2015816e-05     0.022574257       3.0438845      0.97105699     0.063783458      0.99791458      -24.280118       -24.280118        2465.407                                                  2465.407
              1       1205.4802      0.51272696      0.30416831   9.2152507e-05     0.022523809       3.0378962      0.97107218      0.05861414      0.99975847      -24.280118       -24.280118       2459.5207                                                 2459.5207
              2       1206.2412       0.4694321      0.30227567    9.150655e-05     0.022629951       3.0304375      0.96866636     0.055128886      0.99975714      -24.280118       -24.280118       2461.0427                                                 2461.0427
              1       1204.7966      0.43642297      0.30267051   9.1134425e-05     0.022683107       3.0258115       0.9697017     0.049182635       1.0017159      -24.280118       -24.280118       2458.1535                                                 2458.1535
              9       1202.9608      0.42117575      0.30287559   9.1138107e-05     0.022687997       3.0125204      0.97125634     0.045520802      0.99864006      -24.280118       -24.280118       2454.4819                                                 2454.4819
              1       1202.7361      0.42193175       0.3022658   9.1123993e-05     0.022632706       3.0195348      0.97265035      0.04885627      0.99958046      -24.280118       -24.280118       2454.0324                                                 2454.0324
              2       1202.3652      0.44315313      0.30380647   9.1565057e-05     0.022599691       3.0143362      0.97389629     0.046322608      0.99979475      -24.280118       -24.280118       2453.2907                                                 2453.2907
             10       1203.0977      0.46631821      0.30534282    9.181222e-05     0.022647687       3.0142877      0.97259706     0.046942963      0.99842812      -24.280118       -24.280118       2454.7556                                                 2454.7556
              3       1203.7956      0.47087508       0.3062255   9.1991557e-05     0.022629399       3.0222291      0.97319414      0.04958524      0.99932356      -24.280118       -24.280118       2456.1515                                                 2456.1515
              1       1203.0916      0.39708743      0.30387678   9.1365049e-05      0.02256283        3.023852      0.97311813      0.05140077      0.99878648      -24.280118       -24.280118       2454.7435                                                 2454.7435
              1       1204.2721       0.4271511      0.30484755   9.1631866e-05     0.022555571       3.0296022      0.97335679     0.052918007      0.99978074      -24.280118       -24.280118       2457.1045                                                 2457.1045
              1       1203.4357      0.45697273      0.30486788   9.1798075e-05     0.022539763       3.0222173      0.97304402     0.049943638      0.99943137      -24.280118       -24.280118       2455.4316                                                 2455.4316
              3       1204.6347       0.5023284      0.30856156   9.2697799e-05     0.022542768       3.0104948      0.96694359     0.040802703        1.001124      -24.280118       -24.280118       2457.8297                                                 2457.8297
              5       1205.0323      0.48549916      0.30770587   9.2475221e-05     0.022540081       3.0132181      0.96631284     0.041193296       1.0025179      -24.280118       -24.280118       2458.6248                                                 2458.6248
              2       1205.2866      0.48677763        0.307877   9.2649676e-05     0.022491489       3.0077308      0.96449872     0.039230412       1.0018917      -24.280118       -24.280118       2459.1335                                                 2459.1335
              2       1204.8202      0.50682698      0.30825007   9.2736609e-05     0.022503325       2.9970933      0.96544425     0.037883012      0.99854227      -24.280118       -24.280118       2458.2007                                                 2458.2007
              1       1203.2663      0.50471151      0.30754298   9.2707111e-05     0.022466031       3.0025299      0.96750619     0.041562017      0.99815132      -24.280118       -24.280118       2455.0927                                                 2455.0927
              5       1204.5093      0.37882763      0.30056873   9.0877951e-05     0.022420586       2.9909699      0.96895752     0.036464295      0.99769761      -24.280118       -24.280118       2457.5787                                                 2457.5787
              1       1204.6997      0.39139153      0.30103295   9.0939778e-05     0.022456614       2.9958065      0.96877887     0.036938117      0.99877899      -24.280118       -24.280118       2457.9597                                                 2457.9597
              3       1204.2351      0.38734306      0.30187766   9.1066637e-05     0.022447934       3.0032613       0.9682169     0.040571921      0.99879965      -24.280118       -24.280118       2457.0304                                                 2457.0304
              1       1203.8127      0.40313258      0.30284201   9.1332637e-05     0.022442243        3.004123      0.96817778     0.040919195      0.99902391      -24.280118       -24.280118       2456.1857                                                 2456.1857
              3       1203.8029      0.40265504      0.30286192   9.1329598e-05     0.022442851       3.0025182      0.96814866     0.040235344      0.99894594      -24.280118       -24.280118        2456.166                                                  2456.166
              1       1202.4053       0.3433185      0.30150992   9.0712474e-05     0.022524051       3.0064367      0.97151524     0.042335002      0.99873799      -24.280118       -24.280118       2453.3707                                                 2453.3707
              1       1202.6919      0.34670018      0.30189131   9.0782451e-05     0.022521315       3.0060282      0.97116611     0.042090788       0.9984489      -24.280118       -24.280118       2453.9439                                                 2453.9439
              3       1204.1544      0.36259328        0.302712   9.0983962e-05     0.022638336       2.9987178      0.97033103     0.036326288      0.99952179      -24.280118       -24.280118        2456.869                                                  2456.869
              1       1204.1625      0.36556866      0.30284588   9.1016481e-05     0.022640137       2.9987349      0.97024375     0.036410755      0.99939946      -24.280118       -24.280118       2456.8852                                                 2456.8852
              3       1203.9547      0.33286886      0.30142819   9.0647982e-05     0.022588325        3.009394      0.96931791     0.042079317      0.99916061      -24.280118       -24.280118       2456.4697                                                 2456.4697
              3        1202.611       0.3049804      0.30101565   9.0590767e-05     0.022459385       2.9982209      0.97107369     0.039832885      0.99720864      -24.280118       -24.280118       2453.7821                                                 2453.7821
              3       1202.4319      0.30846012      0.30110558   9.0607247e-05     0.022475013       2.9993936      0.97133817     0.040286799      0.99739743      -24.280118       -24.280118        2453.424                                                  2453.424
              4       1202.3744      0.31442268      0.30143278   9.0710215e-05     0.022463487       2.9985861      0.97153908     0.039731914      0.99760284      -24.280118       -24.280118       2453.3091                                                 2453.3091
              1       1203.7338      0.31209426      0.30062972    9.047017e-05     0.022430868       2.9986012      0.97201038     0.039668357      0.99833437      -24.280118       -24.280118       2456.0278                                                 2456.0278
              2       1204.4274      0.31624713       0.2992651   9.0432024e-05     0.022354471        2.998188      0.97445986     0.039241017      0.99949247      -24.280118       -24.280118        2457.415                                                  2457.415
              1       1207.3869      0.31475762       0.2996854   9.0640892e-05     0.022378699       2.9947189       0.9744733     0.039413892      0.99610097      -24.280118       -24.280118        2463.334                                                  2463.334
              1       1206.7304      0.35639942      0.30190486   9.1312957e-05     0.022345666       2.9898593        0.972983     0.036569645      0.99664543      -24.280118       -24.280118        2462.021                                                  2462.021
              2       1206.8658      0.35829052      0.30187428   9.1312051e-05     0.022345574         2.98611      0.97358942     0.035507355      0.99605673      -24.280118       -24.280118       2462.2919                                                 2462.2919
              3       1206.4943      0.43781354      0.30461239   9.2147772e-05     0.022320571       2.9988928      0.97549412     0.042576611      0.99555826      -24.280118       -24.280118       2461.5487                                                 2461.5487
              2       1206.3039      0.44765539      0.30508108   9.2275008e-05      0.02232795       3.0005213      0.97552796     0.043175257      0.99573031      -24.280118       -24.280118       2461.1681                                                 2461.1681
              4       1204.4369      0.48187047      0.30590049   9.2396086e-05     0.022428416       3.0015178      0.96877936     0.041114972      0.99717624      -24.280118       -24.280118       2457.4341                                                 2457.4341
              2       1204.9173      0.48847991      0.30626002   9.2491455e-05     0.022434613       2.9981826      0.96878798     0.039324646      0.99706258      -24.280118       -24.280118       2458.3949                                                 2458.3949
              4       1204.9634      0.47287958      0.30599718   9.2440414e-05     0.022398838       2.9963925      0.96907622     0.039494749      0.99631562      -24.280118       -24.280118        2458.487                                                  2458.487
              1       1204.0306      0.49086315      0.30670168   9.2602043e-05     0.022465432       3.0041721       0.9696891     0.043850864      0.99597682      -24.280118       -24.280118       2456.6214                                                 2456.6214
              1       1205.0828      0.49312692      0.30630802    9.278447e-05     0.022383011       3.0055939      0.97312857     0.043500067      0.99834718      -24.280118       -24.280118       2458.7258                                                 2458.7258
              2       1205.3253      0.55133272      0.30871593   9.3585498e-05     0.022285133       3.0083585      0.97099099     0.045054844      0.99863342      -24.280118       -24.280118       2459.2108                                                 2459.2108
              6       1205.7985        0.585449      0.30941793   9.3879896e-05     0.022286734       3.0018748      0.97027846     0.041661734      0.99889798      -24.280118       -24.280118       2460.1572                                                 2460.1572
              1       1206.4075      0.62504024       0.3111902   9.4394749e-05     0.022269401        3.005466      0.97015705     0.044263951       0.9989201      -24.280118       -24.280118       2461.3752                                                 2461.3752
              5       1207.1952      0.61161036      0.30999553   9.4110859e-05     0.022238607       3.0136865      0.97067151       0.0473602      0.99998436      -24.280118       -24.280118       2462.9507                                                 2462.9507
              3       1205.1315      0.61974486      0.31011159   9.4017037e-05       0.0223545       3.0146487      0.97628447     0.046368225       1.0011634      -24.280118       -24.280118       2458.8233                                                 2458.8233
              4       1204.7298      0.57711557      0.30970379   9.3792114e-05     0.022313165       3.0162061      0.97452701     0.048656765      0.99911506      -24.280118       -24.280118       2458.0197                                                 2458.0197
              1       1203.9268      0.61140268        0.310614    9.396752e-05     0.022464438       3.0080979      0.96865002     0.045054182      0.99786889      -24.280118       -24.280118       2456.4138                                                 2456.4138
              3       1203.7201      0.62599551      0.31119797   9.4070969e-05     0.022485424       3.0087421      0.96875787     0.045328821      0.99771631      -24.280118       -24.280118       2456.0004                                                 2456.0004
              5       1203.8962      0.62333266      0.31125415   9.4074559e-05     0.022460592       3.0086562      0.96874846     0.045413781      0.99752168      -24.280118       -24.280118       2456.3527                                                 2456.3527
              2       1204.7206      0.66688722       0.3126729   9.4393588e-05     0.022533039       3.0078661      0.96930739      0.04538492      0.99661383      -24.280118       -24.280118       2458.0015                                                 2458.0015
              1       1204.3196      0.64611756      0.31174197    9.408551e-05     0.022557268       3.0055972      0.96981819     0.044518382      0.99629537      -24.280118       -24.280118       2457.1995                                                 2457.1995
              5       1203.7686      0.64466514      0.30999965   9.4026959e-05     0.022481975       3.0119592      0.97442076     0.047645716      0.99825111      -24.280118       -24.280118       2456.0975                                                 2456.0975
              2       1205.0588      0.55085084      0.30672634   9.2818091e-05     0.022574926       3.0274311      0.97749363     0.054785651      0.99907746      -24.280118       -24.280118       2458.6778                                                 2458.6778
              3       1204.2654      0.52241853      0.30545176    9.239474e-05       0.0226139       3.0227517      0.97631182     0.049491076       1.0013835      -24.280118       -24.280118       2457.0909                                                 2457.0909
             14        1204.462      0.52015054      0.30528086   9.2329434e-05     0.022627555       3.0219845      0.97686574     0.049254985       1.0013859      -24.280118       -24.280118       2457.4842                                                 2457.4842
              1       1204.2549      0.53705349      0.30632157   9.2467943e-05     0.022666483       3.0306625      0.97464563     0.052843477       1.0007265      -24.280118       -24.280118         2457.07                                                   2457.07
              2       1203.7609      0.53399713      0.30610326   9.2457839e-05     0.022605836        3.029063      0.97426073     0.055493887      0.99819661      -24.280118       -24.280118       2456.0821                                                 2456.0821
              2       1203.2049      0.51727739      0.30544923   9.2222669e-05      0.02262257       3.0243681      0.97288706     0.053158118      0.99794991      -24.280118       -24.280118         2454.97                                                   2454.97
              6       1202.5629      0.50264858      0.30725168   9.2645747e-05     0.022513639       3.0221723      0.97138856     0.051360873      0.99862362      -24.280118       -24.280118        2453.686                                                  2453.686
              3       1203.1154      0.50014098      0.30797144   9.2849281e-05     0.022433084       3.0225735       0.9702211     0.051529705      0.99837942      -24.280118       -24.280118        2454.791                                                  2454.791
             10       1203.4972      0.50960347      0.30898826     9.31567e-05     0.022427786       3.0246745      0.97171454     0.053321718      0.99817915      -24.280118       -24.280118       2455.5546                                                 2455.5546
              1       1202.6948      0.51754804      0.31039851   9.3418367e-05     0.022439543       3.0130046      0.97087599     0.047889778      0.99759803      -24.280118       -24.280118       2453.9498                                                 2453.9498
              2       1202.7117      0.51693386      0.31031328   9.3393448e-05     0.022444263       3.0126727      0.97105442     0.047812046      0.99755018      -24.280118       -24.280118       2453.9837                                                 2453.9837
              4       1203.4713      0.49378843      0.30951358   9.3213309e-05        0.022409        3.012438      0.97075057     0.048416126      0.99734735      -24.280118       -24.280118       2455.5027                                                 2455.5027
              5        1204.395       0.4930612      0.30831654   9.3096372e-05     0.022348947       3.0007901      0.96885676     0.043970593      0.99575392      -24.280118       -24.280118       2457.3502                                                 2457.3502
              3       1204.5923      0.46545943      0.30683933   9.2706049e-05     0.022303485       3.0009832      0.97102847     0.044534165      0.99568459      -24.280118       -24.280118       2457.7448                                                 2457.7448
              2       1206.4121      0.51483542      0.30865802   9.3226138e-05     0.022250074       3.0027066      0.96877179      0.04256622      0.99863384      -24.280118       -24.280118       2461.3844                                                 2461.3844
              3       1206.2504      0.47668001      0.30724643    9.286227e-05     0.022232012       3.0047365      0.96929308     0.044818817      0.99772131      -24.280118       -24.280118       2461.0611                                                 2461.0611
              1        1204.536      0.45158704      0.30732685    9.280595e-05     0.022231861       3.0086973      0.97206259     0.043993621      0.99961937      -24.280118       -24.280118       2457.6321                                                 2457.6321
              1       1205.1934       0.5112087      0.31075657   9.3800951e-05     0.022210819       3.0095669      0.97117161     0.045623475      0.99834384      -24.280118       -24.280118       2458.9471                                                 2458.9471
              2       1203.5372      0.51317898      0.31071046   9.3546421e-05     0.022358927       3.0050929      0.97250237      0.04442519      0.99634818      -24.280118       -24.280118       2455.6346                                                 2455.6346
              2       1204.8236      0.46027348      0.30794397   9.2827055e-05     0.022341983       3.0109314      0.97423507      0.04825138      0.99568092      -24.280118       -24.280118       2458.2074                                                 2458.2074
              3       1204.5817      0.45696495       0.3078609   9.2792662e-05     0.022342586       3.0117442      0.97417369     0.048370302      0.99599861      -24.280118       -24.280118       2457.7236                                                 2457.7236
              1       1204.9884      0.40525985      0.30696789   9.2094492e-05     0.022564788        3.011433      0.97054552     0.048748174      0.99404582      -24.280118       -24.280118        2458.537                                                  2458.537
              2       1207.5017      0.46586903      0.30870653   9.2556841e-05     0.022686124       3.0256359      0.97272892     0.056158672      0.99433486      -24.280118       -24.280118       2463.5637                                                 2463.5637
              1       1207.4052      0.41074513      0.30955592   9.2914785e-05     0.022334268       3.0263399      0.97130161     0.057179183      0.99488464      -24.280118       -24.280118       2463.3707                                                 2463.3707
              2       1206.2066      0.44942188      0.31314309   9.3640921e-05     0.022437546       3.0240696      0.97137138     0.053201298      0.99664292      -24.280118       -24.280118       2460.9735                                                 2460.9735
              2       1205.9009      0.50867247      0.31551429   9.4281949e-05     0.022425877       3.0211684      0.96883201     0.052049928      0.99582402      -24.280118       -24.280118        2460.362                                                  2460.362
              1       1207.1203      0.50111933      0.31546073    9.420899e-05     0.022452733       3.0236563      0.96847991     0.054078409      0.99501117      -24.280118       -24.280118       2462.8009                                                 2462.8009
              1       1207.0992      0.49644184      0.31530962   9.4154663e-05     0.022454071       3.0240033      0.96820261     0.054078417      0.99502536      -24.280118       -24.280118       2462.7587                                                 2462.7587
              1       1207.2231      0.48562117      0.31500929    9.395518e-05     0.022468626       3.0227871      0.96927603     0.053352727      0.99506447      -24.280118       -24.280118       2463.0064                                                 2463.0064
              2       1206.3768      0.48285024      0.31411869   9.3597596e-05     0.022536976       3.0177809      0.97006247     0.047528323      0.99717782      -24.280118       -24.280118       2461.3139                                                 2461.3139
              3       1207.1646      0.46137752      0.31285862   9.3222604e-05     0.022565846       3.0086946      0.97242061     0.045267176      0.99518195      -24.280118       -24.280118       2462.8894                                                 2462.8894
              1       1210.4433      0.53984074      0.31675607   9.4334514e-05     0.022505803       3.0028787      0.97463443      0.04200342      0.99546824      -24.280118       -24.280118       2469.4469                                                 2469.4469
              3       1206.7837      0.62753477      0.31793487   9.5098382e-05     0.022521679       2.9856669      0.97096365     0.034869421      0.99489134      -24.280118       -24.280118       2462.1276                                                 2462.1276
              3       1205.8834      0.54111968       0.3141359   9.4272141e-05     0.022392761       2.9922249       0.9746025     0.039520094      0.99458918      -24.280118       -24.280118       2460.3271                                                 2460.3271
              2        1206.425      0.52141586      0.31414187   9.4152051e-05     0.022398345       2.9914991      0.97485168     0.039399983      0.99429622      -24.280118       -24.280118       2461.4102                                                 2461.4102
              1       1205.8193      0.50907927      0.31402265   9.4122227e-05     0.022338729       2.9884319      0.97417644     0.036197092      0.99570036      -24.280118       -24.280118       2460.1988                                                 2460.1988
              2       1203.3278      0.43515928      0.31037974   9.2847822e-05     0.022503217       3.0057902      0.97013593     0.042460075      0.99686196      -24.280118       -24.280118       2455.2159                                                 2455.2159
              3       1204.1886      0.33127616      0.30705958   9.1863064e-05     0.022457181       3.0148053      0.96974777      0.04797872      0.99604565      -24.280118       -24.280118       2456.9375                                                 2456.9375
              1       1204.2379      0.32988827      0.30702869    9.186028e-05     0.022454547       3.0139072      0.96965074     0.047583078       0.9959629      -24.280118       -24.280118       2457.0361                                                 2457.0361
              8       1204.1031      0.32769468      0.30723155   9.1962974e-05     0.022398622       3.0132596      0.97073317     0.047037835      0.99648003      -24.280118       -24.280118       2456.7665                                                 2456.7665
              7       1204.3902      0.36970648      0.30799309   9.2262606e-05     0.022305472        3.008199      0.96780287     0.044050712      0.99771021      -24.280118       -24.280118       2457.3406                                                 2457.3406
              1       1203.0403      0.31385919      0.30451797   9.1535274e-05     0.022317857       3.0019542      0.97066275     0.040744689      0.99826938      -24.280118       -24.280118       2454.6408                                                 2454.6408
              1       1203.0749      0.31138117      0.30452018   9.1540313e-05     0.022310968       3.0010281      0.97061142     0.040406637      0.99828325      -24.280118       -24.280118       2454.7101                                                 2454.7101
              4       1203.5852      0.31642278      0.30507146   9.1709673e-05     0.022295963       3.0014648      0.96886296      0.03995012      0.99857513      -24.280118       -24.280118       2455.7306                                                 2455.7306
              2       1203.6059      0.31583628      0.30507072   9.1709275e-05     0.022295289       3.0015383      0.96893375     0.039967624      0.99859385      -24.280118       -24.280118       2455.7721                                                 2455.7721
              3       1203.6918      0.29048313      0.30398667   9.1414531e-05      0.02229982       3.0018702      0.96888149     0.040014364      0.99915112      -24.280118       -24.280118       2455.9439                                                 2455.9439
              1       1203.7697      0.29203584      0.30440512   9.1518985e-05     0.022283016       2.9964664      0.96897885     0.037934677      0.99875653      -24.280118       -24.280118       2456.0997                                                 2456.0997
              2       1205.4653      0.22414806      0.30340836   9.1119514e-05     0.022171294       3.0001559      0.96856308     0.039323216      0.99926245      -24.280118       -24.280118       2459.4909                                                 2459.4909
              1       1205.9703      0.24369148      0.30558265   9.1326227e-05     0.022350008       3.0094544      0.97196587     0.039391721       1.0016931      -24.280118       -24.280118       2460.5008                                                 2460.5008
              1       1205.8001      0.24648474      0.30568099   9.1291753e-05     0.022372803       3.0059179       0.9734003     0.037727252       1.0021304      -24.280118       -24.280118       2460.1605                                                 2460.1605
              1       1205.7577      0.24666264       0.3056285   9.1270332e-05     0.022375026        3.006141      0.97326231     0.037712788       1.0022011      -24.280118       -24.280118       2460.0756                                                 2460.0756
              1       1206.9834      0.28524311      0.30717858   9.1538019e-05     0.022464642       3.0290191       0.9728866     0.051338693       1.0002645      -24.280118       -24.280118       2462.5269                                                 2462.5269
              1       1207.1388      0.28620715      0.30843344   9.1557827e-05     0.022569705       3.0104936      0.96942138     0.044424951      0.99652644      -24.280118       -24.280118       2462.8379                                                 2462.8379
              2       1208.0625      0.27846289      0.30778017   9.1417388e-05     0.022536866        3.009322      0.97136326     0.044730139      0.99566997      -24.280118       -24.280118       2464.6852                                                 2464.6852
              1       1209.3462      0.27761792      0.30762573   9.1281618e-05     0.022591593       3.0103872      0.97107554     0.044801607      0.99571114      -24.280118       -24.280118       2467.2526                                                 2467.2526
              7       1209.4258      0.25662366      0.30738386   9.1183393e-05     0.022575979       3.0147522      0.97014318     0.046136635       0.9960719      -24.280118       -24.280118       2467.4118                                                 2467.4118
              3       1208.3334      0.30383473      0.30644245   9.1346925e-05      0.02270442       2.9937246      0.96587961      0.03954329        0.993664      -24.280118       -24.280118        2465.227                                                  2465.227
              1       1207.8864      0.29756842      0.30600557   9.1214228e-05     0.022707807       2.9926945      0.96634535     0.038887636      0.99409092      -24.280118       -24.280118       2464.3331                                                 2464.3331
              3       1206.5828      0.26619378       0.3050462   9.1073316e-05     0.022611001       2.9913633      0.96616782     0.038354418      0.99442226      -24.280118       -24.280118       2461.7259                                                 2461.7259
              8       1205.8428      0.26407566      0.30439097   9.0997553e-05      0.02257557       2.9988213      0.96628064      0.04204005      0.99467142      -24.280118       -24.280118       2460.2459                                                 2460.2459
              4        1208.431      0.27986912      0.30603102   9.1294673e-05     0.022620694        2.991494      0.96142592     0.036555099      0.99565062      -24.280118       -24.280118       2465.4222                                                 2465.4222
              1       1208.0976      0.28134784      0.30608814   9.1289288e-05     0.022620084       2.9911814      0.96149943     0.036284261       0.9956197      -24.280118       -24.280118       2464.7554                                                 2464.7554
              1       1207.8034      0.25573066      0.30505083   9.1059722e-05     0.022588936       2.9904359      0.96153255     0.035257065      0.99592058      -24.280118       -24.280118        2464.167                                                  2464.167
              3       1208.0201      0.23718936      0.30477314   9.0946431e-05     0.022561929       2.9952476       0.9608305     0.037646913      0.99589397      -24.280118       -24.280118       2464.6005                                                 2464.6005
              1       1207.8134      0.22839713      0.30443136   9.0815167e-05     0.022565159       2.9988627      0.96119265     0.040054443      0.99557479      -24.280118       -24.280118        2464.187                                                  2464.187
              2       1207.9769      0.22650524      0.30368505   9.0629568e-05     0.022442372       2.9986782      0.96249114     0.039636155      0.99489978      -24.280118       -24.280118        2464.514                                                  2464.514
              1        1207.921      0.22674311      0.30369054   9.0632507e-05     0.022441696       2.9986429      0.96253252     0.039615086      0.99491648      -24.280118       -24.280118       2464.4023                                                 2464.4023
              5       1208.0292      0.20115235      0.30370365   9.0458274e-05     0.022483174       3.0109805      0.96437168     0.042635627      0.99722157      -24.280118       -24.280118       2464.6186                                                 2464.6186
              2       1208.6692      0.25279366      0.30632333     9.11915e-05     0.022466453       3.0027024      0.96212147      0.03853524      0.99693547      -24.280118       -24.280118       2465.8986                                                 2465.8986
              3       1207.5889      0.28735506      0.30675785   9.1447844e-05     0.022490893       3.0015495      0.96415944     0.041148123      0.99439237      -24.280118       -24.280118       2463.7379                                                 2463.7379
              1       1205.9801      0.30548082         0.30334   9.1075332e-05     0.022338373       2.9673088      0.97070374     0.023735283      0.99703145      -24.280118       -24.280118       2460.5204                                                 2460.5204
              2       1206.2953      0.24937627        0.300998   9.0351649e-05      0.02236301       2.9736969      0.96789381     0.025667701      0.99766806      -24.280118       -24.280118       2461.1507                                                 2461.1507
              3       1208.5065      0.20826095      0.29921935   8.9815186e-05     0.022346098       2.9685149      0.97079472     0.022817125      0.99785764      -24.280118       -24.280118       2465.5732                                                 2465.5732
              2       1207.4656      0.17437223      0.29727572   8.9224293e-05     0.022432201        2.967239      0.97182892     0.024921447      0.99587933      -24.280118       -24.280118       2463.4914                                                 2463.4914
              1       1207.0251      0.18198878      0.29635515   8.9146018e-05      0.02238549       2.9788688      0.97400224     0.030139869      0.99751845      -24.280118       -24.280118       2462.6105                                                 2462.6105
              2       1206.7656      0.18588752      0.29642846   8.9245176e-05     0.022356315       2.9780091      0.97323273     0.030029946      0.99724905      -24.280118       -24.280118       2462.0915                                                 2462.0915
              5        1206.702       0.1869424      0.29660675   8.9276366e-05     0.022361034       2.9776346      0.97313872      0.02952192      0.99735786      -24.280118       -24.280118       2461.9641                                                 2461.9641
              3       1207.0264      0.26190612      0.29834165   8.9789022e-05     0.022516438       2.9695828      0.97506917     0.027418331      0.99530097      -24.280118       -24.280118       2462.6131                                                 2462.6131
              2       1207.5828      0.32355408      0.30151317   9.0552024e-05     0.022549561       2.9639264      0.97489767      0.02426714      0.99514431      -24.280118       -24.280118       2463.7257                                                 2463.7257
              2       1207.8645      0.31750218      0.30135088   9.0482935e-05     0.022558298       2.9632277       0.9752716     0.023725779      0.99528904      -24.280118       -24.280118       2464.2892                                                 2464.2892
              3       1213.2794      0.30521591      0.30020074   9.0225289e-05     0.022513459       2.9555798      0.97895611     0.023321007      0.99339802      -24.280118       -24.280118        2475.119                                                  2475.119
              1       1212.3959      0.34005553      0.30216485   9.0722007e-05     0.022532166       2.9477774      0.97885672     0.015557184      0.99775394      -24.280118       -24.280118       2473.3521                                                 2473.3521
              3       1211.1532      0.36312693      0.30278769   9.0907336e-05     0.022510832       2.9462989      0.97701579     0.013621175      0.99805712      -24.280118       -24.280118       2470.8667                                                 2470.8667
              3       1211.2597      0.37715126      0.30040603   9.1153851e-05     0.022262644        2.950873      0.97604215     0.017532985       0.9989917      -24.280118       -24.280118       2471.0796                                                 2471.0796
              5       1211.2793      0.40094649      0.30126488   9.1252301e-05     0.022298039       2.9545972      0.97606549     0.017830505        1.000569      -24.280118       -24.280118       2471.1189                                                 2471.1189
              2       1211.3993       0.4167029      0.30150441   9.1350147e-05      0.02231415       2.9533667       0.9769811      0.01690081       1.0007903      -24.280118       -24.280118       2471.3588                                                 2471.3588
              1       1209.8091      0.35971987      0.29750877   9.0231702e-05     0.022373582       2.9687931       0.9774343      0.02481431      0.99997854      -24.280118       -24.280118       2468.1784                                                 2468.1784
              4       1209.8429      0.33823339      0.29553461   8.9701372e-05     0.022548285       2.9875893      0.98167573     0.033763152       1.0006508      -24.280118       -24.280118       2468.2461                                                 2468.2461
              3       1210.2697      0.30650047      0.29748696   8.9934316e-05     0.022714042       2.9826542      0.97196901      0.03041212      0.99972857      -24.280118       -24.280118       2469.0996                                                 2469.0996
              4       1210.6464      0.39166279      0.30267886   9.0920018e-05     0.022865159       2.9853823      0.97423961     0.027156293       1.0023925      -24.280118       -24.280118       2469.8531                                                 2469.8531
              2       1210.4559       0.3868211      0.30243912   9.0868929e-05       0.0228556        2.985393      0.97434435     0.027222442       1.0024397      -24.280118       -24.280118       2469.4721                                                 2469.4721
              4       1209.3378      0.33199456      0.30118829   9.0118074e-05     0.022925971       2.9931435      0.97146401     0.031876782       1.0013467      -24.280118       -24.280118       2467.2359                                                 2467.2359
              1       1206.5351      0.45412799      0.30569334    9.189214e-05      0.02275024       2.9713331      0.97072606     0.024331403      0.99969588      -24.280118       -24.280118       2461.6304                                                 2461.6304
              2       1206.8456      0.47086756      0.30365151   9.1550981e-05      0.02277138       2.9722967      0.97190362     0.026149782      0.99766379      -24.280118       -24.280118       2462.2514                                                 2462.2514
              5       1207.2646      0.46735342       0.3030499   9.1333031e-05     0.022769951       2.9666202      0.97113969     0.024848601      0.99665378      -24.280118       -24.280118       2463.0894                                                 2463.0894
              2       1207.8217      0.39986933      0.30078032   9.0589552e-05     0.022778214       2.9672872      0.97058805     0.025903553      0.99599608      -24.280118       -24.280118       2464.2036                                                 2464.2036
              2       1206.7244      0.41042552      0.30025006   9.0517283e-05     0.022739278       2.9802534      0.97062137     0.032704609      0.99611631      -24.280118       -24.280118        2462.009                                                  2462.009
              1       1206.8886      0.38978189      0.29880446   9.0191937e-05     0.022715453       2.9794898      0.97236563     0.032885956      0.99508561      -24.280118       -24.280118       2462.3374                                                 2462.3374
              4       1207.1387      0.36995802      0.29730274   9.0001947e-05     0.022593488        2.971259      0.97222026     0.028841526      0.99600193      -24.280118       -24.280118       2462.8375                                                 2462.8375
              7       1207.0917      0.47280698      0.30128089   9.1180821e-05     0.022657786       2.9708061      0.97567175     0.023056559       1.0009506      -24.280118       -24.280118       2462.7436                                                 2462.7436
              7       1209.2807      0.45514913      0.29986375   9.0930988e-05     0.022687769       2.9570927      0.97460808     0.019320069      0.99834154      -24.280118       -24.280118       2467.1216                                                 2467.1216
              1       1209.3062      0.45533896       0.2998746   9.0934603e-05     0.022687888       2.9570549      0.97460682     0.019302564      0.99834069      -24.280118       -24.280118       2467.1726                                                 2467.1726
              1       1208.5441       0.4190639      0.30196584   9.0998131e-05     0.022739389       2.9559263      0.97517953     0.019333758       0.9969504      -24.280118       -24.280118       2465.6485                                                 2465.6485
              4       1208.4862      0.39245162      0.30115044   9.0694586e-05     0.022788145       2.9597341      0.97345592     0.019866618      0.99831966      -24.280118       -24.280118       2465.5325                                                 2465.5325
              6       1207.7594      0.40315851      0.30172584   9.0869886e-05     0.022766452       2.9617423      0.97386013     0.020235827      0.99905307      -24.280118       -24.280118        2464.079                                                  2464.079
              6       1205.3012       0.4603232      0.30300549   9.1486615e-05     0.022644051       2.9704831      0.97391018      0.02387786       1.0003863      -24.280118       -24.280118       2459.1627                                                 2459.1627
             10       1205.5672      0.46236143      0.30549642   9.2094304e-05     0.022554016        2.987026      0.97530578     0.028097781       1.0038474      -24.280118       -24.280118       2459.6946                                                 2459.6946
              1       1204.1844      0.45184128      0.30515467    9.203794e-05       0.0225288       2.9778432      0.97167802     0.025390351       1.0021717      -24.280118       -24.280118       2456.9291                                                 2456.9291
              2       1203.8601      0.44671124      0.30471362    9.198171e-05     0.022494423        2.980414      0.97170773     0.027164041        1.001663      -24.280118       -24.280118       2456.2805                                                 2456.2805
              1       1204.2398      0.49019892        0.306038   9.2382628e-05     0.022554677       2.9757568      0.97256338     0.026053087       1.0002191      -24.280118       -24.280118       2457.0398                                                 2457.0398
              3       1204.5747      0.52804338      0.30686019   9.2777552e-05     0.022548775       2.9880632       0.9719586     0.031351689       1.0009147      -24.280118       -24.280118       2457.7097                                                 2457.7097
              1       1204.9121       0.5024428      0.30498655   9.2310279e-05     0.022521148       2.9887367      0.97187882     0.032209358       1.0002204      -24.280118       -24.280118       2458.3845                                                 2458.3845
              1       1204.9647      0.45547737      0.30425719   9.1988871e-05     0.022498801       2.9969053      0.97078545     0.035639843       1.0004459      -24.280118       -24.280118       2458.4897                                                 2458.4897
              2       1204.7757      0.45553255      0.30426332    9.200019e-05     0.022491309       2.9971834      0.97103977      0.03602797       1.0002978      -24.280118       -24.280118       2458.1116                                                 2458.1116
              1       1204.9146      0.45476514      0.30425016   9.2004821e-05     0.022486661       2.9968138      0.97103887     0.035878509       1.0002654      -24.280118       -24.280118       2458.3895                                                 2458.3895
              1       1204.7659      0.46296447      0.30380975   9.1792929e-05     0.022585348       2.9969202      0.96816432     0.035968158      0.99995689      -24.280118       -24.280118        2458.092                                                  2458.092
              1       1206.0689      0.42766292      0.30234822   9.1435483e-05     0.022584733       2.9964332      0.96788061     0.036534247      0.99932632      -24.280118       -24.280118        2460.698                                                  2460.698
              5       1205.9741      0.42636437      0.30241696   9.1432944e-05     0.022590347       2.9969876      0.96784934     0.036822483      0.99928433      -24.280118       -24.280118       2460.5084                                                 2460.5084
              3       1206.1726      0.44874786      0.30299078   9.1647875e-05     0.022622807        3.001189      0.96851834     0.038737305      0.99980875      -24.280118       -24.280118       2460.9055                                                 2460.9055
              4       1206.4748      0.44066539      0.30284604   9.1548155e-05      0.02264629       3.0003917       0.9680579      0.03813975      0.99983384      -24.280118       -24.280118       2461.5098                                                 2461.5098
              1       1204.9693      0.36728754      0.29932011   9.0597875e-05     0.022569912       2.9968393      0.96934364     0.039825477      0.99816981      -24.280118       -24.280118       2458.4988                                                 2458.4988
              1       1204.7536      0.36763123      0.29857151   9.0399266e-05     0.022599926       2.9975083      0.97031324      0.03867322      0.99974461      -24.280118       -24.280118       2458.0675                                                 2458.0675
              1       1205.4468      0.37995216      0.29981429   9.0671211e-05       0.0225767        2.992317      0.96874613     0.037022852      0.99914912      -24.280118       -24.280118       2459.4539                                                 2459.4539
              3       1205.7978      0.38434478       0.2994414   9.0612826e-05     0.022568676       2.9938419      0.97083235     0.038606679      0.99902299      -24.280118       -24.280118       2460.1558                                                 2460.1558
              2       1206.3417      0.40262794       0.3003155   9.1024671e-05     0.022505233       2.9938912      0.97113834     0.040663675      0.99732569      -24.280118       -24.280118       2461.2436                                                 2461.2436
              2       1203.8864      0.58477235      0.30793386   9.2901038e-05     0.022679062       2.9981975      0.97233057     0.039609174      0.99875042      -24.280118       -24.280118        2456.333                                                  2456.333
              5       1203.8327      0.55343403       0.3073285   9.2720578e-05     0.022670285        2.996848      0.97413682     0.038472349      0.99960339      -24.280118       -24.280118       2456.2256                                                 2456.2256
              4       1203.8824      0.55260137      0.30717765   9.2712001e-05     0.022643107       2.9924244      0.97398888     0.036107246      0.99983107      -24.280118       -24.280118       2456.3251                                                 2456.3251
              3       1205.4897      0.46431186      0.30227238   9.1145997e-05     0.022810027       2.9927845      0.97229416     0.036194575      0.99785308      -24.280118       -24.280118       2459.5396                                                 2459.5396
              4       1205.9628      0.42169519      0.30117307   9.0850992e-05     0.022768875       2.9873812      0.97365751     0.035521436       0.9962708      -24.280118       -24.280118       2460.4859                                                 2460.4859
              2       1206.2805      0.41997589      0.30122691   9.0894962e-05     0.022767767       2.9848617      0.97233581     0.033485011      0.99692242      -24.280118       -24.280118       2461.1211                                                 2461.1211
              1       1206.3492      0.36006473      0.29913465   9.0245248e-05     0.022766737       2.9892559      0.97280004     0.035250819      0.99746076      -24.280118       -24.280118       2461.2587                                                 2461.2587
              1       1205.9506      0.35454863      0.29792829   9.0123631e-05     0.022688999       2.9879922      0.97295189     0.035851095      0.99740501      -24.280118       -24.280118       2460.4615                                                 2460.4615
              2       1205.1564       0.3726421      0.29996832   9.0753285e-05     0.022596879        2.996439      0.97247155     0.040003264      0.99807657      -24.280118       -24.280118        2458.873                                                  2458.873
              6       1204.2566      0.39421986      0.30082244   9.0897122e-05     0.022628175       2.9982438      0.97259669     0.039161942      0.99990495      -24.280118       -24.280118       2457.0734                                                 2457.0734
              1       1204.4918      0.40337668      0.30095691   9.1002368e-05     0.022618793       2.9961555      0.97309609     0.038549272      0.99954467      -24.280118       -24.280118       2457.5438                                                 2457.5438
              3       1204.9458      0.43563547      0.30182499   9.1253038e-05     0.022532412        2.978758      0.97241367     0.029643259      0.99973632      -24.280118       -24.280118       2458.4519                                                 2458.4519
              5       1205.1771       0.5121263      0.30488685   9.2146842e-05     0.022569613       2.9740272      0.97251745     0.024117447       1.0017978      -24.280118       -24.280118       2458.9145                                                 2458.9145
              2       1204.9101      0.49192955      0.30461164   9.2025732e-05     0.022548331       2.9755082      0.97311177     0.024560423         1.00172      -24.280118       -24.280118       2458.3804                                                 2458.3804
              2       1204.9877      0.64691098      0.31323199   9.4566686e-05     0.022422695       2.9827518      0.97021054      0.03317808      0.99705795      -24.280118       -24.280118       2458.5356                                                 2458.5356
              4       1205.0604      0.65808378      0.31387001   9.4659514e-05     0.022459042       2.9843682      0.96998479     0.032786545      0.99748483      -24.280118       -24.280118        2458.681                                                  2458.681
              7       1203.9087      0.59828214      0.31010837   9.3594433e-05     0.022583438       2.9873972       0.9743049     0.034177237      0.99780609      -24.280118       -24.280118       2456.3776                                                 2456.3776
              1       1203.8955      0.58229626      0.30950482    9.345369e-05     0.022570049       2.9900801      0.97504545     0.034900846      0.99860597      -24.280118       -24.280118       2456.3513                                                 2456.3513
             10       1204.8867      0.59770984       0.3094634   9.3489913e-05     0.022579093       2.9861973      0.97660352     0.032807935      0.99894129      -24.280118       -24.280118       2458.3336                                                 2458.3336
              3       1203.8062      0.59048964      0.30901483   9.3386826e-05     0.022572268       2.9853993      0.97473437     0.033109701      0.99882294      -24.280118       -24.280118       2456.1727                                                 2456.1727
              3       1203.8003      0.59037111      0.30901007   9.3385765e-05     0.022572034       2.9854054      0.97473786     0.033113081      0.99882344      -24.280118       -24.280118       2456.1609                                                 2456.1609
              1       1204.8753      0.60835647      0.30898288   9.3618131e-05     0.022507274       2.9803268      0.97341116     0.031798796      0.99837531      -24.280118       -24.280118       2458.3108                                                 2458.3108
              1       1206.1237       0.6040811      0.30883234   9.3535307e-05     0.022486269       2.9731904      0.97432761     0.027740977       0.9994426      -24.280118       -24.280118       2460.8076                                                 2460.8076
              2       1206.6278      0.64083216      0.31079497   9.4094861e-05     0.022402573       2.9787302      0.97180687     0.028649444       1.0007423      -24.280118       -24.280118       2461.8157                                                 2461.8157
              3       1206.6466      0.63256344      0.31052202   9.4015193e-05     0.022396066       2.9784717        0.971599     0.029190974       1.0002211      -24.280118       -24.280118       2461.8534                                                 2461.8534
              1       1206.7056       0.6368082       0.3106987   9.4067974e-05       0.0223974       2.9779307      0.97144984     0.029006933       1.0000982      -24.280118       -24.280118       2461.9715                                                 2461.9715
              7       1205.5397      0.61218394      0.31026937   9.3848395e-05     0.022430921       2.9758613       0.9707434     0.027529638        1.000056      -24.280118       -24.280118       2459.6397                                                 2459.6397
              3       1205.1986      0.56388225      0.30829872   9.3343675e-05     0.022461603       2.9808273       0.9719551     0.029457449       1.0010409      -24.280118       -24.280118       2458.9575                                                 2458.9575
              2       1206.9079      0.53219495      0.30845548   9.3136774e-05     0.022490294       2.9702037      0.96844105     0.020945355       1.0033967      -24.280118       -24.280118       2462.3761                                                 2462.3761
              2        1205.495      0.41568841      0.30398594   9.1739528e-05     0.022494459       2.9821568      0.97001171     0.028621684       1.0023514      -24.280118       -24.280118       2459.5503                                                 2459.5503
              1       1206.2951      0.41237783        0.303894   9.1730126e-05      0.02249204       2.9825078      0.96891579     0.028726207       1.0024976      -24.280118       -24.280118       2461.1505                                                 2461.1505
              1       1205.4682      0.41462235      0.30468958   9.1823991e-05     0.022553463       2.9859521      0.96817617     0.030046918       1.0021582      -24.280118       -24.280118       2459.4967                                                 2459.4967
              3       1205.8138      0.37709343      0.30457311   9.1830273e-05     0.022342934       2.9871365      0.96608987     0.029043213       1.0026617      -24.280118       -24.280118       2460.1878                                                 2460.1878
              1       1205.3287      0.38864869       0.3050969   9.1925557e-05     0.022372607       2.9891499      0.96591807     0.029861153       1.0026994      -24.280118       -24.280118       2459.2177                                                 2459.2177
              4       1205.0784      0.38776586      0.30523599   9.1944903e-05     0.022381291       2.9880331      0.96626426     0.029324062       1.0025141      -24.280118       -24.280118        2458.717                                                  2458.717
              1       1205.1585      0.37957727       0.3046042    9.160305e-05      0.02245312       2.9782945      0.96653917     0.023736432       1.0028716      -24.280118       -24.280118       2458.8773                                                 2458.8773
              1       1204.7923       0.4116431      0.30480358   9.1778991e-05      0.02246487       2.9744841      0.96695863     0.023459483       1.0013971      -24.280118       -24.280118       2458.1449                                                 2458.1449
              2       1204.6484      0.39949504      0.30421651   9.1601596e-05     0.022479547       2.9755793      0.96697061      0.02418716       1.0011809      -24.280118       -24.280118       2457.8571                                                 2457.8571
              5       1205.3978      0.40509413      0.30477951   9.1686684e-05     0.022497508       2.9763673      0.96742766     0.022388441       1.0029811      -24.280118       -24.280118       2459.3559                                                 2459.3559
              2       1205.5024      0.40739394      0.30490303   9.1718977e-05      0.02249818       2.9758213      0.96726816     0.022114428       1.0029255      -24.280118       -24.280118       2459.5649                                                 2459.5649
              1       1204.9108      0.40479423       0.3049812   9.1681097e-05     0.022497278       2.9794457      0.96896905     0.024252909       1.0023726      -24.280118       -24.280118       2458.3819                                                 2458.3819
              2       1205.5507      0.40708956      0.30461005   9.1643329e-05     0.022476285        2.974855      0.97004608      0.02209394       1.0023061      -24.280118       -24.280118       2459.6616                                                 2459.6616
              1       1205.6698      0.40789983      0.30438714   9.1569793e-05     0.022475024        2.976827      0.97103094     0.022821429       1.0031536      -24.280118       -24.280118       2459.8998                                                 2459.8998
              5       1205.1235      0.38458124      0.30045395   9.0794781e-05     0.022462432       2.9813877      0.96928765     0.031756798      0.99790643      -24.280118       -24.280118       2458.8073                                                 2458.8073
              1       1205.1573      0.38426944      0.30047588   9.0791318e-05     0.022460013       2.9821566      0.96923049     0.032009739      0.99800887      -24.280118       -24.280118       2458.8747                                                 2458.8747
              1       1205.3448      0.38255828      0.30040636   9.0767602e-05     0.022462305       2.9816837      0.96881878     0.031741613      0.99801946      -24.280118       -24.280118       2459.2498                                                 2459.2498
              1       1204.8507      0.36358242      0.30010461   9.0635366e-05      0.02246509       2.9811156      0.96915622     0.031097129      0.99833136      -24.280118       -24.280118       2458.2617                                                 2458.2617
              2       1204.9638      0.37822398      0.30096328    9.081715e-05     0.022515159       2.9858736      0.96751154     0.032212532      0.99825369      -24.280118       -24.280118       2458.4878                                                 2458.4878
              1       1204.9462      0.35710467      0.29972133   9.0578479e-05     0.022489489        2.991558      0.96760684     0.035046684      0.99861373      -24.280118       -24.280118       2458.4526                                                 2458.4526
              1       1204.7145      0.41876051      0.30259538    9.144576e-05     0.022487475       2.9940851      0.96680373     0.034263831       1.0010641      -24.280118       -24.280118       2457.9892                                                 2457.9892
              1       1204.6237      0.32241854      0.30001395   9.0551859e-05     0.022461096       2.9990756      0.96655082      0.03652039       1.0012284      -24.280118       -24.280118       2457.8077                                                 2457.8077
              1       1204.8256      0.31601108      0.29941526   9.0390104e-05     0.022463619       2.9973843      0.96644887     0.036082975       1.0009277      -24.280118       -24.280118       2458.2115                                                 2458.2115
              1       1204.6484      0.32153548      0.29991702   9.0464673e-05     0.022469133       2.9949267      0.96642275     0.034657657        1.000842      -24.280118       -24.280118       2457.8571                                                 2457.8571
              3       1205.4112       0.3277133      0.30051195   9.0563871e-05     0.022496217       2.9920181      0.97394623     0.035702713       1.0007183      -24.280118       -24.280118       2459.3827                                                 2459.3827
              1       1205.3842      0.31867489      0.30019193   9.0440606e-05     0.022543958       2.9884064      0.97389519     0.034341992       1.0001263      -24.280118       -24.280118       2459.3287                                                 2459.3287
              1       1205.5999      0.29602694      0.29875425   9.0152954e-05     0.022484088       2.9903403      0.97774139     0.036804833      0.99835193      -24.280118       -24.280118       2459.7599                                                 2459.7599
              1       1204.8071      0.24011712      0.29650091   8.9392049e-05     0.022549037       2.9955069       0.9746859     0.039526235      0.99805132      -24.280118       -24.280118       2458.1744                                                 2458.1744
              1       1205.4944      0.23544809      0.29621576   8.9282163e-05     0.022487652       2.9809258      0.97238087     0.031459582      0.99824806      -24.280118       -24.280118        2459.549                                                  2459.549
              7       1205.9931      0.20859652      0.29550799   8.9226266e-05     0.022372085       2.9855021      0.97220393     0.032652695      0.99983473      -24.280118       -24.280118       2460.5464                                                 2460.5464
              1       1206.0007      0.20682307      0.29546487    8.919621e-05     0.022378444       2.9848386        0.971996     0.032488862      0.99961864      -24.280118       -24.280118       2460.5617                                                 2460.5617
              4       1206.3773      0.16515566      0.29625782   8.9175476e-05     0.022430445       2.9926589      0.96912446     0.034543202       1.0015395      -24.280118       -24.280118       2461.3148                                                 2461.3148
              1       1204.7567      0.21753173      0.29838874    8.955667e-05     0.022613564       3.0022305       0.9718176     0.038950523       1.0010822      -24.280118       -24.280118       2458.0737                                                 2458.0737
              4       1205.9382      0.27627429      0.29979844   9.0002238e-05     0.022690939       3.0065577      0.96656035     0.039304282       1.0019907      -24.280118       -24.280118       2460.4365                                                 2460.4365
              2       1205.3285      0.23105234      0.29820089   8.9754457e-05     0.022541459       3.0133848       0.9671079     0.042022136        1.002445      -24.280118       -24.280118       2459.2171                                                 2459.2171
              2       1205.3183      0.20840837      0.29758808   8.9550889e-05     0.022525539       3.0109664      0.96649926     0.041291738       1.0020479      -24.280118       -24.280118       2459.1969                                                 2459.1969
              3       1204.1702      0.21489308      0.29778007   8.9616174e-05     0.022499917       3.0129916      0.96750605      0.04379018       1.0007322      -24.280118       -24.280118       2456.9006                                                 2456.9006
              2        1204.582      0.21006968      0.29694637   8.9505406e-05     0.022459471        3.015388      0.96804418     0.045417255       1.0006767      -24.280118       -24.280118       2457.7241                                                 2457.7241
              9       1203.8694       0.2443135      0.29772715   8.9726761e-05     0.022448906        2.998613      0.97427756     0.040988889      0.99727146      -24.280118       -24.280118        2456.299                                                  2456.299
              9       1203.8797      0.24582545       0.2978724   8.9764544e-05     0.022445074       2.9979763      0.97435354     0.040669002      0.99726093      -24.280118       -24.280118       2456.3196                                                 2456.3196
              3       1202.9716      0.26326991      0.29899811   8.9996779e-05      0.02248668       3.0031227      0.97317632     0.042445939      0.99756877      -24.280118       -24.280118       2454.5033                                                 2454.5033
              2       1202.9701      0.25377408      0.29910777   8.9979593e-05     0.022480675        3.003309      0.97313332     0.042373504      0.99765009      -24.280118       -24.280118       2454.5004                                                 2454.5004
              1       1204.9759      0.28297689       0.2990176   8.9756805e-05     0.022733801       3.0076463      0.97230017      0.03965226       1.0011697      -24.280118       -24.280118       2458.5121                                                 2458.5121
              5       1204.4217      0.37305672      0.30265768   9.1100026e-05     0.022642212        3.013191      0.97212502     0.041758986       1.0024305      -24.280118       -24.280118       2457.4037                                                 2457.4037
              1       1204.6026      0.34306476       0.3027159   9.1110456e-05     0.022550276       3.0125332      0.97209598     0.041187326       1.0026997      -24.280118       -24.280118       2457.7654                                                 2457.7654
              1       1205.0153      0.43066728      0.30398027   9.1824606e-05      0.02253645       3.0181656      0.97399229     0.045388645       1.0021455      -24.280118       -24.280118       2458.5908                                                 2458.5908
              2       1205.1621      0.44707364      0.30530035   9.2142736e-05     0.022543174       3.0207361      0.97349848     0.046421889       1.0021396      -24.280118       -24.280118       2458.8844                                                 2458.8844
              4        1206.436      0.41994682       0.3040525   9.1830735e-05     0.022537531       3.0276082       0.9711524     0.049575309       1.0025258      -24.280118       -24.280118       2461.4322                                                 2461.4322
              7       1206.4684       0.4633889      0.30657125   9.2468159e-05     0.022540834       3.0312883      0.97186117     0.050601374       1.0029867      -24.280118       -24.280118       2461.4971                                                 2461.4971
              1        1207.639      0.44011146      0.30541216   9.2179933e-05     0.022540855       3.0332293      0.97358046     0.052118356       1.0027962      -24.280118       -24.280118       2463.8382                                                 2463.8382
              1        1207.311       0.4155037       0.3027826    9.166268e-05     0.022473704       3.0219271      0.97463991     0.046310638       1.0038345      -24.280118       -24.280118       2463.1823                                                 2463.1823
              3       1207.3115      0.43350953      0.30368749   9.1932674e-05     0.022454395       3.0203924       0.9753242     0.045524177       1.0038915      -24.280118       -24.280118       2463.1833                                                 2463.1833
              3       1207.2065      0.43461364      0.30370989   9.1942247e-05      0.02245374        3.020332      0.97532332     0.045586391       1.0038195      -24.280118       -24.280118       2462.9733                                                 2462.9733
              1       1209.9835      0.39732941      0.30589615   9.2370643e-05     0.022350601       3.0210731       0.9714369     0.044359901        1.004611      -24.280118       -24.280118       2468.5272                                                 2468.5272
              1       1209.7353      0.37538939      0.30600371   9.2286679e-05     0.022345576       3.0215694      0.97168241     0.044921016       1.0040519      -24.280118       -24.280118       2468.0308                                                 2468.0308
              3       1209.0938      0.40266818      0.30935198    9.293019e-05      0.02231022       3.0105724       0.9724394     0.036816467       1.0060695      -24.280118       -24.280118       2466.7479                                                 2466.7479
              1       1210.1011      0.27051804      0.30360684   9.1125345e-05     0.022355603       2.9986541      0.97088648      0.02912734       1.0068482      -24.280118       -24.280118       2468.7625                                                 2468.7625
              2       1212.3039      0.17893124      0.30100994   9.0223226e-05     0.022349386       3.0094419      0.97161867     0.033189879       1.0084654      -24.280118       -24.280118        2473.168                                                  2473.168
             11       1211.8473      0.26904694      0.30197436    9.056761e-05     0.022460458       3.0183841      0.97095303     0.036884476       1.0089019      -24.280118       -24.280118       2472.2549                                                 2472.2549
              2       1211.0585      0.36744087      0.30843358   9.2126358e-05     0.022587545       3.0336694       0.9678937     0.046461177       1.0053277      -24.280118       -24.280118       2470.6773                                                 2470.6773
              2       1210.6114      0.34716478      0.30872209    9.218506e-05     0.022425032       3.0242617      0.96429578      0.04378558       1.0025868      -24.280118       -24.280118       2469.7831                                                 2469.7831
              3       1210.4363      0.35370022      0.30894554   9.2267487e-05     0.022417036       3.0253405      0.96441225     0.044500887       1.0025072      -24.280118       -24.280118       2469.4328                                                 2469.4328
              1        1210.748      0.39354563      0.31000258   9.2754055e-05     0.022298961       3.0222855      0.96584789     0.044412711       1.0015408      -24.280118       -24.280118       2470.0562                                                 2470.0562
              2       1207.5992      0.51398797      0.31250487   9.3534228e-05      0.02248769        3.023925      0.97007628     0.047776467      0.99950362      -24.280118       -24.280118       2463.7586                                                 2463.7586
              1        1207.878      0.42423177      0.30878416   9.2323074e-05     0.022516351       3.0155141      0.97233426     0.042527202       1.0004947      -24.280118       -24.280118       2464.3162                                                 2464.3162
              1       1206.0272      0.36751285      0.30873612   9.2132457e-05     0.022439787       3.0100515      0.97076075     0.041632519      0.99908124      -24.280118       -24.280118       2460.6146                                                 2460.6146
              1       1203.8916      0.41663962      0.30722495   9.2202683e-05     0.022412024       3.0009536      0.97332374     0.037246186       1.0007678      -24.280118       -24.280118       2456.3434                                                 2456.3434
              1       1204.0081      0.38852299      0.30522754   9.1977788e-05      0.02237745       3.0196895      0.96794314     0.046730277       1.0014189      -24.280118       -24.280118       2456.5765                                                 2456.5765
              3       1203.3257      0.40694599      0.30344995   9.1680961e-05     0.022424923       3.0143672      0.96916414     0.045540415       1.0006532      -24.280118       -24.280118       2455.2116                                                 2455.2116
              5       1203.8577      0.54062066      0.30864065   9.3392889e-05     0.022420189       3.0122883      0.97143734     0.046094513      0.99948006      -24.280118       -24.280118       2456.2756                                                 2456.2756
              2       1202.7783      0.63118256      0.31149616   9.4082944e-05     0.022534716       3.0055997      0.97400144     0.042724877      0.99947261      -24.280118       -24.280118       2454.1169                                                 2454.1169
              8       1206.3329      0.59996149      0.31001576   9.3726119e-05     0.022524533       3.0146533      0.98012281     0.047048576       1.0006338      -24.280118       -24.280118        2461.226                                                  2461.226
              2       1205.7582      0.61011316      0.31088862   9.3881132e-05     0.022539956       3.0100337      0.97943453      0.04396974       1.0010268      -24.280118       -24.280118       2460.0767                                                 2460.0767
              1       1207.3992       0.5864938      0.30911256   9.3371253e-05     0.022586928       3.0048656      0.98091472     0.041903949       1.0010457      -24.280118       -24.280118       2463.3586                                                 2463.3586
              2       1205.6399      0.46674231      0.30775232   9.2634085e-05     0.022453383       3.0049638      0.97872445     0.043423407      0.99900441      -24.280118       -24.280118       2459.8401                                                 2459.8401
              3       1205.9207      0.44718255      0.30739402   9.2464223e-05     0.022463608       3.0048464      0.97919097     0.042226921      0.99978886      -24.280118       -24.280118       2460.4017                                                 2460.4017
              6       1205.0644      0.35131699      0.30159224   9.0984901e-05     0.022477347       2.9969415      0.97816759     0.039450654      0.99869273      -24.280118       -24.280118       2458.6891                                                 2458.6891
              1        1204.507      0.37397513      0.30329316   9.1265588e-05     0.022517173        3.003896      0.97776935     0.042194743      0.99921943      -24.280118       -24.280118       2457.5742                                                 2457.5742
              1       1204.4262      0.37192291      0.30335731   9.1274866e-05     0.022509246       3.0043523      0.97766103     0.042525202      0.99909291      -24.280118       -24.280118       2457.4126                                                 2457.4126
              4       1205.2004      0.36135703      0.30381125   9.1270329e-05     0.022519977        2.997701      0.97808391      0.03923772      0.99870285      -24.280118       -24.280118       2458.9611                                                 2458.9611
              1       1207.0217      0.32688646      0.30096627   9.0558577e-05     0.022491093       2.9931607      0.97960115     0.036659228       0.9991577      -24.280118       -24.280118       2462.6036                                                 2462.6036
              2       1205.5063      0.23437197      0.29794925   8.9736074e-05     0.022506898       2.9937673      0.97534388     0.039583593      0.99562225      -24.280118       -24.280118       2459.5728                                                 2459.5728
              3       1205.7978      0.26728266       0.2981963   8.9884857e-05     0.022547842       3.0020417      0.97510955     0.045623774      0.99424098      -24.280118       -24.280118       2460.1559                                                 2460.1559
              2       1205.7038      0.25486633      0.29870583   8.9850367e-05     0.022575642       3.0040992      0.97414129     0.046287446      0.99394848      -24.280118       -24.280118       2459.9679                                                 2459.9679
              1       1205.5051       0.3861053      0.30249731   9.1131937e-05     0.022689575       2.9921747      0.96924532     0.037912348      0.99654461      -24.280118       -24.280118       2459.5705                                                 2459.5705
              5       1205.5392      0.38249755      0.30231291   9.1107473e-05     0.022672016        2.989655      0.96927534     0.036749166      0.99644803      -24.280118       -24.280118       2459.6386                                                 2459.6386
              2       1205.4375      0.45574466       0.3047507   9.1886546e-05     0.022677529       2.9818742       0.9695012     0.032131285       0.9972806      -24.280118       -24.280118       2459.4352                                                 2459.4352
              1       1203.8054       0.4238787      0.30381151   9.1635956e-05     0.022595913       2.9859957      0.96933229     0.032328241      0.99915127      -24.280118       -24.280118        2456.171                                                  2456.171
              1       1204.3173      0.36932213       0.3037263   9.1433012e-05     0.022539067       2.9950226      0.96636703     0.034659471       1.0002732      -24.280118       -24.280118       2457.1949                                                 2457.1949
              2       1204.3018      0.33540316      0.30254432   9.1250055e-05     0.022397696       2.9917838      0.96689527     0.034987224      0.99940142      -24.280118       -24.280118       2457.1639                                                 2457.1639
              3       1204.5047      0.30519516      0.30036152   9.0728779e-05     0.022378608       2.9922078      0.97061915     0.034750828      0.99984821      -24.280118       -24.280118       2457.5696                                                 2457.5696
              1       1203.5721      0.31061524      0.30087281   9.0764697e-05     0.022383332       2.9948436      0.97005739     0.037012205      0.99846843      -24.280118       -24.280118       2455.7045                                                 2455.7045
              2       1203.3625      0.30341676      0.30059075   9.0663631e-05     0.022393323       2.9971587      0.97023917     0.038091734       0.9985723      -24.280118       -24.280118       2455.2853                                                 2455.2853
              2       1204.5955       0.3848451      0.30246315   9.1490971e-05     0.022381566       3.0157058      0.96884107     0.046335003       1.0007263      -24.280118       -24.280118       2457.7512                                                 2457.7512
              4       1205.2456      0.61486056      0.31129354    9.415085e-05     0.022438325       3.0044221      0.96658866     0.039995585        1.000804      -24.280118       -24.280118       2459.0515                                                 2459.0515
              1       1204.9183      0.61273006      0.31056029   9.3905504e-05     0.022501648       3.0040345      0.96661583     0.039849586       1.0007609      -24.280118       -24.280118       2458.3968                                                 2458.3968
              2       1204.8579       0.6024094      0.31049618   9.3812181e-05     0.022513262       3.0037104      0.96605264     0.039986113       1.0002419      -24.280118       -24.280118        2458.276                                                  2458.276
              2       1203.3759      0.57266638      0.30943941   9.3434451e-05      0.02252358       3.0052564      0.96770841     0.040838996       1.0001145      -24.280118       -24.280118        2455.312                                                  2455.312
              2       1204.4812      0.43760434       0.3067899   9.2330117e-05     0.022450623       3.0102349      0.96507221     0.040685174       1.0021048      -24.280118       -24.280118       2457.5226                                                 2457.5226
              1       1204.4114      0.42159464        0.306698   9.2254054e-05     0.022448136       3.0096991      0.96500113     0.040300133       1.0021405      -24.280118       -24.280118       2457.3831                                                 2457.3831
              3       1204.4107      0.42158849      0.30669822   9.2254075e-05     0.022448115       3.0096936      0.96500085     0.040296593       1.0021408      -24.280118       -24.280118       2457.3816                                                 2457.3816
              2       1204.3361      0.38454531      0.30459424    9.165862e-05     0.022482318       3.0063541      0.96537762     0.038700751       1.0023368      -24.280118       -24.280118       2457.2324                                                 2457.2324
              6       1203.9747      0.43618563       0.3046497   9.1808694e-05     0.022551666       3.0097183      0.96688355     0.040328756       1.0024694      -24.280118       -24.280118       2456.5096                                                 2456.5096
              3       1204.1299      0.40400445      0.30258542   9.1359489e-05     0.022515718       3.0048479      0.96689642     0.039656855       1.0006643      -24.280118       -24.280118         2456.82                                                   2456.82
              4       1203.9687      0.41000912      0.30267819   9.1398463e-05     0.022514245       3.0046215      0.96738133     0.039436816       1.0007691      -24.280118       -24.280118       2456.4976                                                 2456.4976
              4       1205.9778      0.36751181      0.30140436   9.0975385e-05     0.022504927       2.9957583      0.96546355     0.033288282       1.0024826      -24.280118       -24.280118       2460.5159                                                 2460.5159
              6       1206.7962      0.39392175      0.30081465    9.093377e-05      0.02259383        3.004277      0.96501302      0.04008539       1.0009702      -24.280118       -24.280118       2462.1526                                                 2462.1526
              1       1206.6612      0.26895678      0.29821634   8.9891591e-05     0.022546213       3.0012606      0.96365147     0.038788993       0.9996015      -24.280118       -24.280118       2461.8827                                                 2461.8827
              2        1206.389      0.14142473      0.29528069   8.8495033e-05      0.02268655       2.9874994      0.96822612     0.030777214       1.0004988      -24.280118       -24.280118       2461.3382                                                 2461.3382
              7       1206.9521       0.1382341      0.29532403   8.8457827e-05     0.022729327       2.9922494      0.96759133     0.032876564       1.0005445      -24.280118       -24.280118       2462.4645                                                 2462.4645
              1       1205.8085      0.19425111      0.29754545   8.9151246e-05      0.02272507       2.9978539      0.96825596     0.035047251       1.0010911      -24.280118       -24.280118       2460.1772                                                 2460.1772
              2       1206.7163     0.094571816      0.29522481   8.8782758e-05     0.022326794       3.0065059      0.96686436     0.041736605       1.0004681      -24.280118       -24.280118       2461.9929                                                 2461.9929
              1       1208.6701     0.043297518      0.29483911    8.823596e-05     0.022533586       3.0202735      0.96321078     0.045527618       1.0012986      -24.280118       -24.280118       2465.9003                                                 2465.9003
              6       1208.3585      0.15516845      0.29932823   8.9663459e-05     0.022470924       3.0106184      0.96139226     0.040371298       1.0007671      -24.280118       -24.280118       2465.2771                                                 2465.2771
              1       1205.7912      0.20137369      0.30338095   9.0398634e-05     0.022619824        3.000832      0.96976253     0.037123641      0.99876909      -24.280118       -24.280118       2460.1426                                                 2460.1426
              7        1206.377      0.28315419      0.30762918   9.1558769e-05     0.022616378        2.989475      0.96853953     0.029981521      0.99982157      -24.280118       -24.280118       2461.3142                                                 2461.3142
              2       1206.5066      0.26828313         0.30689    9.129958e-05     0.022633295       2.9885619      0.96826496     0.029266332       0.9998897      -24.280118       -24.280118       2461.5734                                                 2461.5734
              1       1205.6824      0.26203358      0.30011163   8.9954109e-05     0.022644596       3.0054584      0.97613045     0.041940278      0.99795249      -24.280118       -24.280118       2459.9249                                                 2459.9249
              1       1205.0772      0.19679998      0.29739201   8.9325701e-05     0.022555393       3.0033634      0.97567487     0.039744105      0.99960347      -24.280118       -24.280118       2458.7147                                                 2458.7147
              1       1204.4009      0.44587273      0.30436419   9.2101516e-05      0.02233434       3.0010757      0.97412798     0.040792662      0.99859935      -24.280118       -24.280118       2457.3619                                                 2457.3619
              1        1203.737      0.46963823      0.30423739   9.2113633e-05     0.022388889       3.0083835      0.97293224     0.043593512      0.99930609      -24.280118       -24.280118       2456.0343                                                 2456.0343
              3       1203.4942      0.47385993      0.30481923    9.226407e-05     0.022383849       3.0128065      0.97287386       0.0460979      0.99920796      -24.280118       -24.280118       2455.5486                                                 2455.5486
              2       1203.4812      0.45421443      0.30563398   9.2222914e-05     0.022481856       3.0197367      0.97571888     0.048157066       1.0008324      -24.280118       -24.280118       2455.5226                                                 2455.5226
              1       1203.6868      0.48380609      0.30538101   9.2254904e-05     0.022538008       3.0217589      0.97638832     0.049609183       1.0005579      -24.280118       -24.280118       2455.9339                                                 2455.9339
             11       1203.7756      0.55953028      0.30865011    9.323966e-05     0.022521141       3.0130076      0.97745181     0.047011417      0.99900664      -24.280118       -24.280118       2456.1114                                                 2456.1114
              1       1203.6202       0.5473582      0.30853196   9.3216405e-05     0.022484978       3.0113898      0.97694901     0.046457447      0.99888117      -24.280118       -24.280118       2455.8006                                                 2455.8006
              1       1203.2825      0.59069026      0.31011014   9.3668201e-05     0.022492341       3.0101665      0.97625777     0.046018304      0.99877982      -24.280118       -24.280118       2455.1253                                                 2455.1253
              1       1202.9856      0.36208301      0.30568104   9.1663054e-05     0.022447297       3.0034215      0.97260424     0.043096948      0.99672198      -24.280118       -24.280118       2454.5315                                                 2454.5315
              4         1202.96      0.36317386      0.30577318   9.1680305e-05     0.022450342       3.0047017      0.97245003      0.04368298      0.99673039      -24.280118       -24.280118       2454.4803                                                 2454.4803
              2       1205.1082      0.40489014      0.31171482   9.3181409e-05      0.02234048       2.9966743      0.96737925     0.040598385       0.9943213      -24.280118       -24.280118       2458.7767                                                 2458.7767
              9       1204.8157      0.32098855      0.31011075   9.2592252e-05     0.022317501       3.0000478      0.96711049     0.040083032       0.9962729      -24.280118       -24.280118       2458.1916                                                 2458.1916
              4       1204.7486      0.31979506      0.31001191   9.2569468e-05     0.022319681       2.9990965      0.96751095     0.039861903       0.9961087      -24.280118       -24.280118       2458.0574                                                 2458.0574
              4       1204.2663      0.43148321      0.31064394    9.329166e-05     0.022300462       2.9854179      0.96811104     0.034209773      0.99642061      -24.280118       -24.280118       2457.0927                                                 2457.0927
              3       1204.2863      0.43085885      0.31080505   9.3313762e-05     0.022301483       2.9858218      0.96796657     0.034469614      0.99630243      -24.280118       -24.280118       2457.1329                                                 2457.1329
              2       1205.2216      0.38842469      0.30942812   9.2835257e-05     0.022269129       2.9727866      0.96933927     0.029169528      0.99533348      -24.280118       -24.280118       2459.0035                                                 2459.0035
              3       1205.1772      0.29358757        0.308376   9.2168231e-05      0.02220691        2.985292      0.96938341     0.031531895      0.99820987      -24.280118       -24.280118       2458.9147                                                 2458.9147
              5       1205.0786      0.31607334       0.3096291   9.2525128e-05     0.022206337       2.9896972      0.97009432     0.034095445      0.99815525      -24.280118       -24.280118       2458.7174                                                 2458.7174
              4       1204.7081      0.32621842       0.3093181   9.2491067e-05      0.02222413       2.9885621      0.97035834     0.033867164      0.99807522      -24.280118       -24.280118       2457.9764                                                 2457.9764
              5       1204.6349      0.32774133      0.30914016   9.2460956e-05     0.022229368       2.9879052      0.97048205     0.033726633      0.99798735      -24.280118       -24.280118       2457.8301                                                 2457.8301
              1       1205.4235      0.54075976      0.31525247   9.4566528e-05     0.022266981       2.9868337      0.97227181     0.033222904       0.9986936      -24.280118       -24.280118       2459.4073                                                 2459.4073
              7       1205.1853      0.53894429      0.31545205   9.4574135e-05     0.022279485       2.9874651      0.97194135     0.033504816      0.99860066      -24.280118       -24.280118       2458.9308                                                 2458.9308
              1        1205.481      0.49006765      0.31376743   9.4038925e-05     0.022253002       2.9863435      0.97219151     0.032134907      0.99948096      -24.280118       -24.280118       2459.5223                                                 2459.5223
              2       1207.6862      0.46601507      0.31532683   9.4192419e-05      0.02226777       2.9770645      0.97359756     0.027258007      0.99966212      -24.280118       -24.280118       2463.9327                                                 2463.9327
              1       1206.1482      0.37857834      0.31258306   9.3169566e-05     0.022364693       3.0211843      0.96928253     0.049274696      0.99741476      -24.280118       -24.280118       2460.8567                                                 2460.8567
              1       1206.6729      0.37157739      0.31273424   9.3169912e-05     0.022352252        3.022078      0.96943811     0.049706596      0.99736881      -24.280118       -24.280118       2461.9061                                                 2461.9061
              6       1206.3204      0.35358779      0.31148542   9.2829136e-05     0.022353224       3.0216241      0.96985592     0.048897639      0.99793074      -24.280118       -24.280118       2461.2011                                                 2461.2011
              2       1205.7289      0.33295753      0.31060227   9.2752625e-05     0.022239672       3.0116578      0.97083672     0.043219507      0.99942322      -24.280118       -24.280118       2460.0181                                                 2460.0181
              1       1206.1782      0.41090632      0.31101054   9.3144872e-05     0.022305722       3.0298564      0.97148024     0.050404824       1.0021278      -24.280118       -24.280118       2460.9165                                                 2460.9165
              2       1206.5392      0.42743028      0.31176914   9.3339549e-05     0.022309601       3.0292017      0.97223134      0.04978778       1.0023552      -24.280118       -24.280118       2461.6386                                                 2461.6386
              2       1205.8742      0.42592421      0.31099803   9.3163732e-05     0.022325442       3.0268819      0.97284368     0.048969018       1.0022361      -24.280118       -24.280118       2460.3086                                                 2460.3086
              2       1205.4785      0.42484845      0.31062613   9.3022387e-05     0.022356245       3.0231496      0.97310744     0.046681026       1.0023953      -24.280118       -24.280118       2459.5172                                                 2459.5172
              5       1205.3612      0.52679337      0.31292544   9.3987041e-05      0.02231231       3.0107182      0.97470303     0.042592508       1.0014018      -24.280118       -24.280118       2459.2827                                                 2459.2827
              1        1204.908      0.51937644      0.31263819   9.3889056e-05     0.022314953       3.0101974      0.97420046     0.042857626       1.0008206      -24.280118       -24.280118       2458.3761                                                 2458.3761
              1       1204.9073      0.49773824      0.31124767   9.3521142e-05     0.022312839        3.003996      0.97490148     0.039993585       1.0006185      -24.280118       -24.280118       2458.3749                                                 2458.3749
              2       1204.6692      0.56230793       0.3118343    9.376471e-05     0.022421473       3.0052808      0.97515579     0.040579959       1.0006973      -24.280118       -24.280118       2457.8986                                                 2457.8986
              1       1204.9347      0.44637055       0.3041678   9.1796639e-05     0.022523301        3.026151      0.97698978     0.050113228       1.0027494      -24.280118       -24.280118       2458.4297                                                 2458.4297
              5       1205.3598       0.4174396      0.30419181   9.1616409e-05     0.022557258       3.0253447      0.97726612     0.049414159       1.0027208      -24.280118       -24.280118       2459.2798                                                 2459.2798
              2        1205.326      0.41554421      0.30681902   9.1977757e-05     0.022611895       3.0232779      0.97611515     0.047824822       1.0019383      -24.280118       -24.280118       2459.2122                                                 2459.2122
              3        1205.308      0.41542022      0.30681434   9.1976637e-05     0.022611782       3.0232356      0.97611234     0.047805084        1.001937      -24.280118       -24.280118       2459.1763                                                 2459.1763
              1       1206.2815      0.49619368      0.30841121   9.2627211e-05     0.022628554        3.019532      0.97734692     0.044254329       1.0035848      -24.280118       -24.280118       2461.1233                                                 2461.1233
              1       1206.4594      0.54694276      0.31003175   9.3188057e-05     0.022660495       3.0328639      0.97575446      0.05086758       1.0033608      -24.280118       -24.280118        2461.479                                                  2461.479
              7       1205.4118      0.68089687      0.31116424   9.3893322e-05     0.022769098       3.0215117      0.97298978     0.046919861       1.0019912      -24.280118       -24.280118       2459.3838                                                 2459.3838
              1       1202.9201      0.58038879      0.30857175     9.31399e-05     0.022565395       2.9984938      0.97207494     0.037618101      0.99996307      -24.280118       -24.280118       2454.4003                                                 2454.4003
              1       1203.2902      0.57694579      0.30737201   9.2877984e-05     0.022590658       3.0038846      0.97208264     0.038978926       1.0016045      -24.280118       -24.280118       2455.1407                                                 2455.1407
              2       1204.4451      0.60696353      0.31011921   9.3551137e-05     0.022541275       3.0087427      0.97579226     0.041605119       1.0019379      -24.280118       -24.280118       2457.4505                                                 2457.4505
              1       1204.1419      0.60485543      0.31028556   9.3556651e-05     0.022563914       3.0109588      0.97569824     0.042522783       1.0019772      -24.280118       -24.280118        2456.844                                                  2456.844
              3       1204.3987      0.49872811      0.30567677   9.2367756e-05     0.022480589       3.0269132      0.97665463     0.053682745      0.99989102      -24.280118       -24.280118       2457.3577                                                 2457.3577
              2       1204.3924      0.49782874      0.30563453   9.2353854e-05     0.022481476       3.0268818      0.97667272     0.053660129      0.99989186      -24.280118       -24.280118       2457.3449                                                 2457.3449
              2        1205.636      0.45951744      0.30615189   9.2370022e-05     0.022328719       3.0099897      0.97726042     0.044661831       1.0001976      -24.280118       -24.280118       2459.8323                                                 2459.8323
              2       1205.5633       0.3353233      0.30224535    9.107589e-05     0.022347237        3.009617      0.97604794       0.0411682       1.0029096      -24.280118       -24.280118       2459.6868                                                 2459.6868
              1         1206.19       0.3469316      0.30397882   9.1421121e-05     0.022358335       3.0157003      0.97675014     0.043512317       1.0029998      -24.280118       -24.280118       2460.9403                                                 2460.9403
              1       1204.6907      0.27347784      0.30278254   9.0710724e-05     0.022428148         3.00883      0.97432953     0.040609331       1.0014089      -24.280118       -24.280118       2457.9417                                                 2457.9417
              7       1205.2106      0.33829867      0.30503959   9.1415827e-05     0.022476518       2.9960715      0.97608314     0.034082918       1.0020791      -24.280118       -24.280118       2458.9815                                                 2458.9815
              1       1204.0195      0.34817347      0.30620563   9.1605447e-05     0.022553117       3.0012782      0.97252646     0.035178262       1.0025133      -24.280118       -24.280118       2456.5992                                                 2456.5992
              1       1203.8877      0.36271073      0.30648732    9.170018e-05     0.022561886       3.0011534      0.97247955     0.035221533       1.0024372      -24.280118       -24.280118       2456.3357                                                 2456.3357
              1       1206.9253      0.25449256      0.29863577   8.9667043e-05     0.022647514       2.9643952      0.96926131     0.017775733       1.0024446      -24.280118       -24.280118       2462.4108                                                 2462.4108
              6       1207.4442       0.1951171      0.29987812   8.9654653e-05     0.022613526       2.9634327      0.96759299     0.015902014       1.0032358      -24.280118       -24.280118       2463.4486                                                 2463.4486
              1       1209.6455      0.18624549      0.29889465   8.9696886e-05     0.022408882       2.9570133      0.97216829     0.014311039       1.0037548      -24.280118       -24.280118       2467.8513                                                 2467.8513
              4       1207.5599       0.2074861      0.30032474   9.0011503e-05     0.022423336       2.9779851      0.96427955     0.022162486       1.0040463      -24.280118       -24.280118       2463.6799                                                 2463.6799
              1       1207.4861      0.20745344      0.30074593   9.0159845e-05     0.022373663       2.9800334      0.96433892      0.02341778       1.0039694      -24.280118       -24.280118       2463.5324                                                 2463.5324
              3       1207.0714      0.18119721      0.29790875   8.9349756e-05     0.022472781       3.0004801       0.9648198     0.035906802       1.0022787      -24.280118       -24.280118        2462.703                                                  2462.703
              2       1202.8745      0.44632813      0.30973455   9.2865511e-05     0.022406324       2.9989315        0.968221     0.036248035       1.0005128      -24.280118       -24.280118       2454.3093                                                 2454.3093
              4       1202.9566      0.47932162      0.30968603    9.303467e-05     0.022398121       2.9920744      0.96955623     0.033795663       1.0003406      -24.280118       -24.280118       2454.4735                                                 2454.4735
              3       1202.8793      0.48504579      0.30959848    9.302501e-05     0.022412438        2.993342      0.96979952     0.034437323       1.0003677      -24.280118       -24.280118       2454.3189                                                 2454.3189
              4       1202.8151      0.48382381      0.30955708   9.2996909e-05     0.022421423       2.9940081      0.96970715     0.034800469       1.0002644      -24.280118       -24.280118       2454.1904                                                 2454.1904
              4       1203.3427      0.45424926      0.30903898   9.2764661e-05     0.022422269        2.982563      0.96779761     0.030104603      0.99909317      -24.280118       -24.280118       2455.2456                                                 2455.2456
              4       1204.0408      0.40935427        0.307359   9.2584331e-05     0.022290553        2.990674       0.9716036     0.033129264       1.0010983      -24.280118       -24.280118       2456.6418                                                 2456.6418
              3       1204.0516      0.40083825      0.30443645    9.193084e-05     0.022316847       2.9952473      0.97275188     0.035183962       1.0014906      -24.280118       -24.280118       2456.6635                                                 2456.6635
              1       1203.7606      0.54414983      0.30474159   9.2489098e-05     0.022486784       2.9941762      0.97364171     0.038121751      0.99885413      -24.280118       -24.280118       2456.0814                                                 2456.0814
              2        1205.246      0.54660736      0.30713706    9.270973e-05     0.022598094       2.9699353       0.9733936      0.02504161      0.99801089      -24.280118       -24.280118       2459.0522                                                 2459.0522
              8       1205.0559       0.6089052      0.31085196   9.3744979e-05     0.022572992       2.9762737      0.97450438     0.028930394      0.99743453      -24.280118       -24.280118        2458.672                                                  2458.672
              1       1204.9724      0.54437169      0.30609022   9.2465015e-05     0.022616447       2.9868166      0.97663481     0.036210312      0.99611859      -24.280118       -24.280118        2458.505                                                  2458.505
              1       1205.4965      0.57434518      0.30715238   9.2864488e-05     0.022579694        2.985783      0.97690437     0.036819907      0.99546382      -24.280118       -24.280118       2459.5533                                                 2459.5533
              2       1206.9442      0.62955045      0.30815776   9.3217461e-05     0.022618026       2.9842329      0.97638693     0.036460787      0.99487486      -24.280118       -24.280118       2462.4487                                                 2462.4487
              1       1206.5189      0.63123432       0.3085271   9.3314735e-05     0.022599861       2.9870689      0.97609665     0.037716512      0.99494463      -24.280118       -24.280118        2461.598                                                  2461.598
              6        1202.579      0.41578603      0.30510809   9.1977308e-05     0.022392934       2.9973946      0.97176946     0.040676378      0.99719713      -24.280118       -24.280118       2453.7182                                                 2453.7182
              8       1202.5789      0.41787863      0.30434077   9.1868257e-05     0.022412143       2.9969632      0.97178052      0.04028863      0.99754562      -24.280118       -24.280118        2453.718                                                  2453.718
              2       1202.7926      0.38083091      0.30382466   9.1658446e-05     0.022382465        2.996061      0.97197876     0.039491088      0.99782924      -24.280118       -24.280118       2454.1454                                                 2454.1454
             12       1203.5421      0.44786364       0.3073266   9.2661701e-05     0.022366393       2.9899804      0.97374275     0.033858273       1.0002591      -24.280118       -24.280118       2455.6445                                                 2455.6445
              2       1202.7375      0.41910539      0.30892331   9.2711683e-05     0.022410674       3.0057505       0.9718766     0.044234387      0.99714718      -24.280118       -24.280118       2454.0352                                                 2454.0352
              9       1202.5621      0.38351111      0.30856582   9.2496862e-05     0.022394931       3.0000809      0.96869918     0.040939289      0.99702128      -24.280118       -24.280118       2453.6845                                                 2453.6845
              3       1203.6616      0.36222886      0.30743331   9.2173925e-05     0.022400258       2.9913627      0.96941666      0.03901935      0.99489577      -24.280118       -24.280118       2455.8834                                                 2455.8834
              4        1203.174      0.34519172      0.30835239   9.2340612e-05     0.022376411       3.0007665      0.96950299     0.041218163      0.99712312      -24.280118       -24.280118       2454.9083                                                 2454.9083
              1        1203.498       0.2933893      0.30467144   9.1268361e-05     0.022495627       2.9814131      0.97128976     0.030402856      0.99813295      -24.280118       -24.280118       2455.5562                                                 2455.5562
              3       1204.0927      0.36485944      0.30642212   9.1933183e-05     0.022538217       2.9797152      0.97007123     0.029488723      0.99811777      -24.280118       -24.280118       2456.7456                                                 2456.7456
              1       1204.1772       0.3705133      0.30659085   9.1999169e-05     0.022534541       2.9790491      0.97001219     0.028999118      0.99823275      -24.280118       -24.280118       2456.9147                                                 2456.9147
              1       1204.2959      0.37892935      0.30696328   9.2116192e-05     0.022536578       2.9804431      0.97021379     0.029617307      0.99835832      -24.280118       -24.280118        2457.152                                                  2457.152
              2       1203.3862      0.33398421      0.30546671   9.1705287e-05     0.022470593       3.0016105      0.96868145     0.038303203       1.0000577      -24.280118       -24.280118       2455.3325                                                 2455.3325
              1       1203.4378      0.33034555       0.3043812   9.1423648e-05     0.022517666       3.0026799      0.97003781     0.038663591       1.0002433      -24.280118       -24.280118       2455.4358                                                 2455.4358
              2       1203.2709      0.37573433      0.30627777      9.2037e-05     0.022477548       3.0066894      0.97099924     0.042542844      0.99847735      -24.280118       -24.280118       2455.1021                                                 2455.1021
              5       1203.2783      0.37605006      0.30629409    9.204331e-05     0.022476257        3.006407      0.97103308     0.042447538      0.99844967      -24.280118       -24.280118       2455.1168                                                 2455.1168
              1       1204.4619      0.35630954       0.3032619   9.1243052e-05     0.022626396       3.0061598      0.97133563     0.041844537      0.99961216      -24.280118       -24.280118       2457.4841                                                 2457.4841
              3       1203.4979      0.28483261      0.30065751   9.0415659e-05     0.022573555        3.001548      0.97115219      0.03806009       1.0012201      -24.280118       -24.280118        2455.556                                                  2455.556
              7       1203.3071      0.28228446      0.30012624   9.0265001e-05     0.022586357       3.0017105      0.97114226     0.038432097       1.0009627      -24.280118       -24.280118       2455.1745                                                 2455.1745
              1       1203.9209      0.27810872      0.30006529   9.0175899e-05     0.022634703       3.0034322      0.97168817     0.039004597       1.0011705      -24.280118       -24.280118        2456.402                                                  2456.402
             13       1204.0215      0.32163541      0.30069432   9.0443805e-05     0.022680692       3.0020177      0.97165535     0.038965788       1.0005045      -24.280118       -24.280118       2456.6032                                                 2456.6032
             17       1205.0428      0.38025718      0.30454976   9.1285223e-05     0.022686281       3.0282793      0.97377057     0.051944397       1.0002435      -24.280118       -24.280118       2458.6458                                                 2458.6458
              1        1205.046      0.38042112      0.30455254   9.1287055e-05     0.022686738       3.0283984      0.97375046     0.052019138       1.0002204      -24.280118       -24.280118       2458.6523                                                 2458.6523
              8       1204.1022      0.42950705      0.30509992   9.1617093e-05     0.022681356       3.0245986      0.97443296     0.049857249       1.0005982      -24.280118       -24.280118       2456.7646                                                 2456.7646
              1       1204.2882      0.41977263      0.30538018   9.1645425e-05     0.022678873       3.0270469      0.97368484     0.050307749       1.0010776      -24.280118       -24.280118       2457.1366                                                 2457.1366
              1       1204.1684      0.41059709      0.30765614   9.2211284e-05     0.022534186       3.0210251      0.97516999     0.047993343       1.0006199      -24.280118       -24.280118       2456.8971                                                 2456.8971
              3       1203.2704      0.60287467      0.31289808   9.4247769e-05     0.022462084       3.0169181      0.97440375     0.047307825      0.99978761      -24.280118       -24.280118        2455.101                                                  2455.101
              1       1204.5527      0.59582635      0.31310738   9.4306728e-05     0.022428047        3.027606      0.97465369     0.053347945      0.99921045      -24.280118       -24.280118       2457.6657                                                 2457.6657
              2       1204.5294      0.58933263      0.31319122   9.4323714e-05     0.022393002       3.0283063      0.97322417      0.05311336      0.99997203      -24.280118       -24.280118        2457.619                                                  2457.619
              3       1204.6824      0.58370161      0.31323115    9.425754e-05     0.022419863       3.0296561      0.97357438     0.054154674      0.99948722      -24.280118       -24.280118       2457.9251                                                 2457.9251
              2       1204.0416      0.60732709      0.31358295   9.4251766e-05     0.022511507       3.0205659        0.972474     0.047462299       1.0014281      -24.280118       -24.280118       2456.6435                                                 2456.6435
              2       1204.2976      0.51344944       0.3054238   9.2231948e-05     0.022637238       3.0131248      0.97303192     0.044637402       1.0020585      -24.280118       -24.280118       2457.1555                                                 2457.1555
              2       1204.3536       0.5115343       0.3052721    9.217787e-05     0.022642148       3.0124142      0.97329722     0.044400809       1.0019666      -24.280118       -24.280118       2457.2674                                                 2457.2674
              5       1205.2018      0.47604645       0.3047357   9.1985872e-05     0.022602669       3.0135299       0.9739822     0.045551137       1.0018436      -24.280118       -24.280118       2458.9638                                                 2458.9638
              1       1204.2903      0.39374527      0.30646987   9.1863761e-05     0.022645597       3.0071923       0.9720299     0.044402508      0.99783741      -24.280118       -24.280118       2457.1408                                                 2457.1408
              4       1204.2793      0.39472044      0.30651764   9.1881195e-05     0.022641934       3.0071654      0.97215838     0.044442975      0.99780601      -24.280118       -24.280118       2457.1188                                                 2457.1188
              1        1206.145      0.40909688      0.30807419   9.2105554e-05     0.022695242       3.0197086      0.97232501     0.050772498      0.99710596      -24.280118       -24.280118       2460.8503                                                 2460.8503
              1       1206.0479      0.39963302      0.30730891   9.1874682e-05     0.022722967       3.0169516      0.97282199     0.049110409      0.99725388      -24.280118       -24.280118        2460.656                                                  2460.656
              3       1205.6733      0.44888535      0.30747323   9.2054975e-05     0.022731438       3.0100846      0.97356288     0.044620358       0.9989331      -24.280118       -24.280118       2459.9068                                                 2459.9068
              8       1205.8055       0.4479208      0.30750235   9.2040842e-05     0.022738302       3.0105338      0.97346149     0.044818873      0.99887926      -24.280118       -24.280118       2460.1712                                                 2460.1712
              2       1206.5709      0.56925885      0.31136363   9.3453596e-05     0.022649636       3.0102093      0.97790959     0.041317651       1.0020444      -24.280118       -24.280118        2461.702                                                  2461.702
              1       1203.4225      0.59000888      0.30871208   9.3276283e-05     0.022586748       3.0102327      0.97527876     0.041985816       1.0022992      -24.280118       -24.280118       2455.4052                                                 2455.4052
              2        1203.792      0.57993268      0.30843598   9.3188336e-05     0.022548367       2.9886946      0.97363479     0.031742728       1.0015296      -24.280118       -24.280118       2456.1442                                                 2456.1442
              5       1203.2954      0.48383946       0.3072486    9.260338e-05     0.022503763        2.989265      0.97220922        0.030908       1.0019722      -24.280118       -24.280118        2455.151                                                  2455.151
              6       1203.0536      0.48389302      0.30741324   9.2629883e-05     0.022507904       2.9895081      0.97194177     0.031270992        1.001723      -24.280118       -24.280118       2454.6674                                                 2454.6674
              2       1204.6108      0.37960981      0.30053944    9.081608e-05     0.022553343       2.9891433      0.96900743     0.031287807       1.0015162      -24.280118       -24.280118       2457.7818                                                 2457.7818
              1       1203.8397      0.42151009      0.30068885   9.0998153e-05     0.022619943       2.9997516       0.9707811     0.038599142       1.0003082      -24.280118       -24.280118       2456.2396                                                 2456.2396
              1       1206.2098      0.41407604      0.29926566   9.0741161e-05     0.022523082       2.9776352      0.97493233     0.032537129      0.99583503      -24.280118       -24.280118       2460.9799                                                 2460.9799
              1        1207.268      0.33695186      0.29702747   9.0106077e-05     0.022431978       2.9815868      0.97733399     0.034057265      0.99680353      -24.280118       -24.280118       2463.0963                                                 2463.0963
              9        1206.868      0.29416633      0.29782354   9.0148187e-05     0.022381899        2.982336      0.97531986     0.035181195       0.9954271      -24.280118       -24.280118       2462.2961                                                 2462.2961
              2       1206.9345      0.31324448      0.29780218   9.0227753e-05     0.022354956       2.9861547      0.97533056     0.037643295      0.99524097      -24.280118       -24.280118       2462.4292                                                 2462.4292
              1       1206.3608      0.30514892      0.29814856   9.0293917e-05     0.022352187       2.9908633      0.97509041     0.039213149      0.99572225      -24.280118       -24.280118       2461.2818                                                 2461.2818
              2       1206.7556      0.29195207      0.29705534   9.0027465e-05     0.022349785       2.9871887      0.97523121     0.036514567        0.996647      -24.280118       -24.280118       2462.0714                                                 2462.0714
              1       1205.7805      0.25721948      0.29709498   8.9818541e-05     0.022364198       2.9889987      0.97485425     0.036787405      0.99681523      -24.280118       -24.280118       2460.1212                                                 2460.1212
              5       1205.2994      0.27514692      0.29749423   8.9982654e-05     0.022376127       2.9896813      0.97484189      0.03689736      0.99736091      -24.280118       -24.280118       2459.1589                                                 2459.1589
              1       1205.3833      0.27878037      0.29749191   9.0002916e-05     0.022374854       2.9905824      0.97507364     0.037241141      0.99747596      -24.280118       -24.280118       2459.3269                                                 2459.3269
              2       1204.4022      0.29771485      0.29878957   9.0333568e-05     0.022391167       2.9965595       0.9743162     0.039885419       0.9975965      -24.280118       -24.280118       2457.3646                                                 2457.3646
              1       1204.2778      0.34017233       0.2999728   9.0714586e-05     0.022397854       2.9990808      0.97458719     0.042379474      0.99644076      -24.280118       -24.280118       2457.1159                                                 2457.1159
              4       1203.8436      0.31998647      0.29825463   9.0229865e-05     0.022436713       3.0020548      0.97329844     0.043086273      0.99716707      -24.280118       -24.280118       2456.2474                                                 2456.2474
              1       1203.8156      0.32045518      0.29813972   9.0204175e-05     0.022441232       3.0013679      0.97341306     0.042644055      0.99731199      -24.280118       -24.280118       2456.1914                                                 2456.1914
              5       1203.7059      0.32766658      0.29837196   9.0269717e-05     0.022466804       3.0016163      0.97366413     0.042744227      0.99727359      -24.280118       -24.280118        2455.972                                                  2455.972
              1       1203.7642      0.36695884       0.2991383   9.0478016e-05     0.022504976       2.9937575      0.97238223     0.035358029       1.0001512      -24.280118       -24.280118       2456.0887                                                 2456.0887
              2        1203.686      0.39112778      0.29931319   9.0567065e-05     0.022564381       2.9950157      0.97226678     0.036010851       1.0001417      -24.280118       -24.280118       2455.9321                                                 2455.9321
              1       1203.6633      0.38635865      0.29936689   9.0558951e-05     0.022563858       2.9946673      0.97224741      0.03573094       1.0001657      -24.280118       -24.280118       2455.8868                                                 2455.8868
              7        1204.078      0.46514001      0.30284715   9.1429201e-05     0.022625214       3.0053552      0.97728409     0.040974022       1.0003929      -24.280118       -24.280118       2456.7162                                                 2456.7162
              1       1204.2703      0.46441704      0.30272663   9.1345905e-05     0.022646773       3.0074183      0.97706926     0.041736963       1.0006149      -24.280118       -24.280118       2457.1008                                                 2457.1008
              1       1204.2287      0.46719335      0.30277874   9.1330379e-05      0.02271421       3.0206513      0.97635977     0.048255089       1.0005392      -24.280118       -24.280118       2457.0176                                                 2457.0176
              3       1205.3154      0.54194015      0.30416665   9.1920418e-05     0.022701453       3.0229807      0.97722718     0.052218146      0.99786428      -24.280118       -24.280118       2459.1911                                                 2459.1911
              2       1205.7908      0.55880804       0.3059236   9.2348564e-05     0.022676236       3.0207532      0.97795132     0.051703361      0.99716019      -24.280118       -24.280118       2460.1419                                                 2460.1419
              7       1205.6737      0.53468397      0.30487015   9.2062756e-05     0.022666959       3.0182301       0.9783635     0.050907363      0.99688311      -24.280118       -24.280118       2459.9076                                                 2459.9076
              2       1206.2756      0.53541111      0.30403413   9.1855818e-05     0.022729237       3.0085509      0.97629011     0.047601506      0.99483575      -24.280118       -24.280118       2461.1114                                                 2461.1114
              6       1204.9571      0.49474324      0.30575365   9.2165712e-05     0.022555826       3.0031135      0.97148788     0.043654327      0.99509696      -24.280118       -24.280118       2458.4744                                                 2458.4744
             11       1205.0541       0.5442416      0.30455887   9.2152828e-05      0.02264738       3.0059058      0.97141594     0.043317481      0.99717212      -24.280118       -24.280118       2458.6684                                                 2458.6684
              3       1204.7911      0.41922843      0.30033251   9.0679796e-05      0.02265049       3.0137849      0.97332833      0.04416156       1.0001497      -24.280118       -24.280118       2458.1424                                                 2458.1424
              2       1204.7859      0.38384308      0.29943314   9.0338468e-05     0.022636349       3.0125642      0.97303443     0.044657412      0.99900975      -24.280118       -24.280118       2458.1321                                                 2458.1321
              1       1204.5195      0.43589114      0.30019149   9.0867505e-05     0.022539236       3.0059265      0.97609859     0.041573907       1.0003932      -24.280118       -24.280118       2457.5993                                                 2457.5993
              1       1205.5685      0.46378555      0.30230738   9.1249751e-05     0.022584687       3.0163766      0.97704325     0.046324113       1.0004921      -24.280118       -24.280118       2459.6972                                                 2459.6972
              2       1205.5364      0.45729626      0.30217775   9.1191908e-05      0.02259021       3.0177501      0.97680901     0.046434147       1.0009919      -24.280118       -24.280118        2459.633                                                  2459.633
              4       1205.7026      0.47668309      0.30210303   9.1243485e-05     0.022620224       3.0186818       0.9773463     0.046940003       1.0011333      -24.280118       -24.280118       2459.9654                                                 2459.9654
              1       1205.2198      0.50875184      0.30274418   9.1623376e-05     0.022545734       3.0150125      0.97596236     0.046411736      0.99994151      -24.280118       -24.280118       2458.9999                                                 2458.9999
              6       1203.3665       0.4148717      0.30150177   9.0947622e-05     0.022613759       3.0137785       0.9722972     0.048792442      0.99655171      -24.280118       -24.280118       2455.2933                                                 2455.2933
              8       1203.4794      0.50197674        0.303599   9.1724399e-05     0.022620858       3.0071377      0.97260154       0.0449138      0.99709612      -24.280118       -24.280118       2455.5191                                                 2455.5191
              6       1203.7839      0.51488389      0.30578249   9.2116711e-05     0.022687235       3.0227841      0.97270409     0.049887185      0.99908265      -24.280118       -24.280118       2456.1281                                                 2456.1281
              2       1203.5022       0.4670447      0.30705083   9.2156555e-05     0.022617027       3.0140142      0.97293235     0.045399849      0.99868225      -24.280118       -24.280118       2455.5647                                                 2455.5647
              2       1203.5296      0.49824443      0.30543741   9.2175963e-05     0.022635043       2.9969224      0.97515291     0.039451593      0.99740632      -24.280118       -24.280118       2455.6194                                                 2455.6194
              4       1203.4733      0.48567905      0.30574085   9.2144019e-05     0.022659986        2.997714      0.97466997     0.039811291      0.99734765      -24.280118       -24.280118       2455.5068                                                 2455.5068
              7       1203.8941      0.55372055        0.309093   9.3285492e-05     0.022517184       2.9973754      0.97644161     0.041529598       0.9967116      -24.280118       -24.280118       2456.3484                                                 2456.3484
              3       1203.3115      0.46592922      0.30910558   9.2978963e-05     0.022407686        2.981811       0.9721714     0.032085087      0.99792018      -24.280118       -24.280118       2455.1833                                                 2455.1833
              7        1202.741      0.36462797      0.30673099   9.1963786e-05     0.022404658        2.980111      0.96962204     0.029179114      0.99850128      -24.280118       -24.280118       2454.0423                                                 2454.0423
              3       1203.0433      0.35739143      0.30704755   9.1974309e-05     0.022399301       2.9788029      0.96917456     0.028564118       0.9985018      -24.280118       -24.280118       2454.6469                                                 2454.6469
              2       1202.9941      0.35578534      0.30683159    9.192386e-05     0.022399841       2.9789558      0.96922289     0.028654084      0.99849363      -24.280118       -24.280118       2454.5484                                                 2454.5484
              3       1203.3424       0.4011787      0.30657682   9.2157491e-05     0.022419643       2.9792159      0.96914161     0.031785153      0.99623742      -24.280118       -24.280118        2455.245                                                  2455.245
              3       1203.7299      0.51615582      0.30793023   9.2646274e-05     0.022616054       2.9887026      0.97142104     0.036686946      0.99649309      -24.280118       -24.280118         2456.02                                                   2456.02
              1       1203.3675      0.47266846      0.30738978   9.2374497e-05      0.02258975        2.985784      0.97113492     0.034317011      0.99728299      -24.280118       -24.280118       2455.2951                                                 2455.2951
              1       1203.3928      0.45948796      0.30710329   9.2318233e-05     0.022525082         2.98176      0.97219941      0.03272368      0.99672331      -24.280118       -24.280118       2455.3458                                                 2455.3458
              2       1203.9253      0.46054674      0.30728805   9.2473206e-05     0.022488955       2.9817821      0.97366571     0.034093632      0.99598738      -24.280118       -24.280118       2456.4109                                                 2456.4109
              2       1203.8579      0.45424184      0.30736938   9.2434803e-05     0.022509132        2.982234      0.97356738      0.03422495      0.99582593      -24.280118       -24.280118       2456.2761                                                 2456.2761
             15       1203.4707      0.47817103      0.30676765   9.2478962e-05     0.022587467       3.0087296      0.96880632     0.042478499      0.99987508      -24.280118       -24.280118       2455.5017                                                 2455.5017
              3       1203.4333      0.48693264      0.30694377    9.255622e-05     0.022585338       3.0089046      0.96879979     0.042816612      0.99970283      -24.280118       -24.280118       2455.4268                                                 2455.4268
              1       1203.7947      0.45790342      0.30907425   9.2833691e-05      0.02254348       3.0121156      0.96778348     0.044823892      0.99821619      -24.280118       -24.280118       2456.1496                                                 2456.1496
              1       1203.9348      0.28775606      0.30333422   9.0891876e-05     0.022471671       3.0076839      0.96887832     0.046671234      0.99498841      -24.280118       -24.280118       2456.4297                                                 2456.4297
              5       1203.8723      0.24999542      0.30189432   9.0444949e-05      0.02245669       3.0044218      0.96834875     0.044277939      0.99544686      -24.280118       -24.280118       2456.3049                                                 2456.3049
              1       1206.4271      0.15860354      0.29528307   8.8681308e-05     0.022529486       2.9814465      0.97321355     0.032143721      0.99636114      -24.280118       -24.280118       2461.4145                                                 2461.4145
              1       1206.0307        0.140699      0.29582901   8.8957257e-05     0.022377474         2.97381       0.9724926     0.026575524      0.99875331      -24.280118       -24.280118       2460.6217                                                 2460.6217
              2       1206.1972       0.1471486      0.29533282   8.8880836e-05     0.022384752       2.9745446      0.97270419     0.026824989      0.99907635      -24.280118       -24.280118       2460.9546                                                 2460.9546
              1       1207.9081      0.11423599      0.29404775   8.8513841e-05     0.022349018       2.9674342      0.97028313     0.023727357      0.99829968      -24.280118       -24.280118       2464.3764                                                 2464.3764
              1       1207.8091      0.20028956      0.29391117   8.8791021e-05     0.022534992       2.9750997      0.96779445     0.024521586       1.0009771      -24.280118       -24.280118       2464.1785                                                 2464.1785
              1       1207.9585      0.52175194      0.30560115   9.2293793e-05     0.022606479       2.9481903      0.96892738      0.01177946        1.001003      -24.280118       -24.280118       2464.4772                                                 2464.4772
              3       1206.8701       0.5169316      0.30697184   9.2481511e-05      0.02264025        2.952728      0.96888078     0.013979683       1.0005992      -24.280118       -24.280118       2462.3005                                                 2462.3005
              2        1206.926      0.51884342      0.30690837   9.2477652e-05     0.022643771       2.9528933      0.96891698     0.014141283        1.000525      -24.280118       -24.280118       2462.4122                                                 2462.4122
              1       1205.7779      0.34250642      0.30352362     9.11077e-05     0.022487322         2.95814      0.97097659     0.015762507      0.99998795      -24.280118       -24.280118        2460.116                                                  2460.116
              1       1206.0345      0.30603052      0.30124098   9.0497782e-05     0.022520046        2.956773      0.97238341     0.014981923       1.0005298      -24.280118       -24.280118       2460.6293                                                 2460.6293
              5       1205.7519      0.46689265       0.3049623   9.2068109e-05     0.022446304       2.9843887       0.9778032     0.030442041       1.0010529      -24.280118       -24.280118       2460.0641                                                 2460.0641
              2        1205.681      0.46325494      0.30492492   9.2043019e-05     0.022445722       2.9844349      0.97771343       0.0304185       1.0010599      -24.280118       -24.280118       2459.9222                                                 2459.9222
              3       1205.4102      0.41947473       0.3053127   9.2126694e-05     0.022332848       2.9813757      0.97634436     0.030714896      0.99971285      -24.280118       -24.280118       2459.3806                                                 2459.3806
              1       1204.2845      0.36462738      0.30326485   9.1457266e-05     0.022346477       2.9831663      0.97443014     0.031762773      0.99931643      -24.280118       -24.280118       2457.1293                                                 2457.1293
              2       1205.2803      0.37368489         0.30281   9.1543081e-05     0.022307297       2.9840426       0.9747671      0.03334759       0.9987939      -24.280118       -24.280118       2459.1208                                                 2459.1208
              2       1204.4893       0.4302301      0.30684243    9.253088e-05     0.022337065       2.9802155      0.97219726     0.033136751      0.99649093      -24.280118       -24.280118       2457.5388                                                 2457.5388
              1       1203.4642       0.5642368      0.30742023   9.3085704e-05     0.022479419       2.9946954      0.97307109     0.040059787      0.99663037      -24.280118       -24.280118       2455.4887                                                 2455.4887
              1       1203.2092       0.5646296      0.30876416   9.3385797e-05     0.022434972       2.9984368      0.97223239     0.041360848      0.99682746      -24.280118       -24.280118       2454.9786                                                 2454.9786
              1       1203.2265      0.56563974      0.30876014   9.3386484e-05     0.022438007       2.9992143      0.97232233     0.041992385      0.99663695      -24.280118       -24.280118       2455.0133                                                 2455.0133
              3       1203.4172      0.43790924      0.30439814   9.1635939e-05     0.022666367       3.0051422      0.96885322     0.043101991      0.99700544      -24.280118       -24.280118       2455.3946                                                 2455.3946
              3        1203.469      0.42639024       0.3040877   9.1540922e-05     0.022655645       3.0056355      0.96855531     0.043314528       0.9969993      -24.280118       -24.280118       2455.4982                                                 2455.4982
              6       1204.1363      0.45252223      0.30418943   9.1672448e-05     0.022683574       3.0077513      0.96870449      0.04438287      0.99698993      -24.280118       -24.280118       2456.8329                                                 2456.8329
              9       1205.2772      0.55299441      0.30691066   9.2628743e-05     0.022708564       3.0134913      0.96806856     0.046965099      0.99718873      -24.280118       -24.280118       2459.1146                                                 2459.1146
              8       1202.8067      0.42039581      0.30846204   9.2571454e-05     0.022443227       3.0134341      0.96857055     0.047761434      0.99700207      -24.280118       -24.280118       2454.1737                                                 2454.1737
              4       1202.7263      0.42468112      0.30872766   9.2668307e-05     0.022432644       3.0110891      0.96880464      0.04671929      0.99704602      -24.280118       -24.280118       2454.0129                                                 2454.0129
              2       1204.1244       0.3795584      0.30569255   9.1892383e-05     0.022458785       3.0036385      0.96847815     0.045899298      0.99448062      -24.280118       -24.280118       2456.8091                                                 2456.8091
              3       1204.0253      0.37922642      0.30581218   9.1916849e-05     0.022454391          3.0007      0.96879412     0.044510614      0.99446505      -24.280118       -24.280118       2456.6109                                                 2456.6109
              2       1203.7864      0.39551622      0.30552638   9.1925263e-05     0.022464201       2.9967287      0.96797415     0.042002415      0.99483698      -24.280118       -24.280118       2456.1331                                                 2456.1331
              3       1203.7941      0.39704455      0.30555108   9.1936252e-05     0.022463424       2.9969412      0.96797689     0.042137955      0.99481617      -24.280118       -24.280118       2456.1485                                                 2456.1485
              1       1203.6433      0.38851231      0.30573788   9.1959354e-05     0.022427873       2.9940078       0.9686331     0.040788284      0.99480033      -24.280118       -24.280118       2455.8468                                                 2455.8468
              5       1204.6644      0.39161334      0.30616304    9.227042e-05     0.022328576       3.0090127      0.96991385     0.047915751      0.99602305      -24.280118       -24.280118       2457.8889                                                 2457.8889
              3       1205.2656      0.38255441      0.30654137   9.2298442e-05      0.02231851        3.018694      0.97273291     0.052011497      0.99675182      -24.280118       -24.280118       2459.0914                                                 2459.0914
              3       1205.6942      0.35856062       0.3065751   9.2262258e-05     0.022290273       3.0119249      0.97243335      0.04874226      0.99603017      -24.280118       -24.280118       2459.9487                                                 2459.9487
              1       1205.8045      0.35821094      0.30661511   9.2268262e-05      0.02229519       3.0120821      0.97252361      0.04885993      0.99600907      -24.280118       -24.280118       2460.1692                                                 2460.1692
              2       1205.8467      0.31828949      0.30519193   9.1844587e-05     0.022294279       3.0140552      0.97224633     0.047507212      0.99796177      -24.280118       -24.280118       2460.2536                                                 2460.2536
              1         1205.67      0.33544212        0.301855   9.1060259e-05     0.022487383       3.0217338      0.97276521     0.051648695      0.99749955      -24.280118       -24.280118       2459.9003                                                 2459.9003
              3       1206.0602      0.26874851      0.30153384    9.057578e-05      0.02254204       3.0295341      0.96910551     0.053952838      0.99816995      -24.280118       -24.280118       2460.6806                                                 2460.6806
              4       1205.8087      0.23788558      0.30095439   9.0317667e-05     0.022538541       3.0260447      0.96883407      0.05242645      0.99771419      -24.280118       -24.280118       2460.1777                                                 2460.1777
              1       1205.0188      0.20757943      0.29837559   8.9801626e-05     0.022486601       3.0197848      0.97097228     0.048929988      0.99900492      -24.280118       -24.280118       2458.5979                                                 2458.5979
              3       1204.8232      0.10464174      0.29659317   8.8909695e-05      0.02253172        3.011949      0.96943549     0.044533487      0.99891472      -24.280118       -24.280118       2458.2066                                                 2458.2066
              1       1204.4598      0.17629614      0.29881719   8.9564572e-05     0.022528118       2.9971161      0.96704179     0.033735126       1.0014959      -24.280118       -24.280118       2457.4797                                                 2457.4797
              1       1204.0686      0.28163342      0.30032307     9.03349e-05     0.022561021       2.9954864       0.9684014     0.033517452       1.0019336      -24.280118       -24.280118       2456.6974                                                 2456.6974
              3       1202.9696      0.28559742      0.30091092   9.0446551e-05     0.022548476       2.9936194      0.97158792     0.034085464       1.0007692      -24.280118       -24.280118       2454.4994                                                 2454.4994
              1       1202.7293      0.30835304       0.3009468    9.045052e-05     0.022617288       2.9980892      0.97083954     0.037686263      0.99913954      -24.280118       -24.280118       2454.0189                                                 2454.0189
              1       1203.2814      0.29375268      0.30201445   9.0761809e-05     0.022547441       3.0102005      0.97032673     0.044912403       0.9984966      -24.280118       -24.280118        2455.123                                                  2455.123
              1        1203.321      0.29169749      0.30188234   9.0724161e-05     0.022550772       3.0102992      0.97035628     0.044948057      0.99851976      -24.280118       -24.280118       2455.2022                                                 2455.2022
              3       1203.6319      0.29034973      0.30025652   9.0502892e-05     0.022503293       3.0093182      0.97120483     0.045249276       0.9981635      -24.280118       -24.280118        2455.824                                                  2455.824
              4        1203.499      0.28797058      0.30050651   9.0507234e-05     0.022517271       3.0092996       0.9707537     0.045225109      0.99786497      -24.280118       -24.280118       2455.5581                                                 2455.5581
              3        1203.267      0.40855997      0.30333304     9.13896e-05     0.022626702        3.001673      0.97493899     0.041490818      0.99833613      -24.280118       -24.280118       2455.0943                                                 2455.0943
              6       1202.9698      0.40905262      0.30494667   9.1653802e-05      0.02260264       3.0106579      0.97474411     0.044365149      0.99976229      -24.280118       -24.280118       2454.4999                                                 2454.4999
              3       1202.9661      0.40087441      0.30575096   9.1794228e-05     0.022601996       3.0109653      0.97347982     0.044159845      0.99988589      -24.280118       -24.280118       2454.4925                                                 2454.4925
              1       1203.3883      0.38220847      0.30498552   9.1751786e-05     0.022491719       3.0086848      0.97525559     0.043057841       1.0002698      -24.280118       -24.280118       2455.3368                                                 2455.3368
              3       1202.7295      0.36953059      0.30466074   9.1680256e-05     0.022454109       3.0065146      0.97392159     0.042979613       0.9991637      -24.280118       -24.280118       2454.0193                                                 2454.0193
              6       1203.1451      0.37336954      0.30340713   9.1420645e-05      0.02248363       2.9936861      0.97484228     0.037271344      0.99872014      -24.280118       -24.280118       2454.8505                                                 2454.8505
              6       1203.1425      0.37291935      0.30336646   9.1405225e-05     0.022486695       2.9940526       0.9749493     0.037388557      0.99877968      -24.280118       -24.280118       2454.8452                                                 2454.8452
              1       1202.3255      0.35139098      0.30198255   9.0928718e-05     0.022495378       3.0031745      0.97307347      0.03950693       1.0006173      -24.280118       -24.280118       2453.2113                                                 2453.2113
              1        1202.568      0.35964581      0.30444245    9.158155e-05     0.022366881       3.0093567      0.97212829     0.043940543      0.99907244      -24.280118       -24.280118       2453.6962                                                 2453.6962
              4       1202.8129      0.35058792      0.30420863   9.1488846e-05     0.022350384       3.0030467      0.97194164     0.041590406      0.99830306      -24.280118       -24.280118        2454.186                                                  2454.186
              2       1202.4373      0.48038133      0.30730246   9.2700372e-05     0.022445906         3.00325      0.97060918     0.042258286      0.99883459      -24.280118       -24.280118       2453.4348                                                 2453.4348
              1       1202.2822      0.51651584      0.30797535   9.2970607e-05     0.022473756       3.0001087      0.97097684     0.040526032       0.9987868      -24.280118       -24.280118       2453.1247                                                 2453.1247
             10       1202.5035      0.48124156       0.3082512    9.273042e-05     0.022534871       2.9975469      0.96945444     0.035923337        1.001298      -24.280118       -24.280118       2453.5673                                                 2453.5673
              3       1202.6603      0.48786598      0.30845454   9.2826687e-05     0.022521748       2.9975173      0.96904328     0.035942123       1.0013412      -24.280118       -24.280118       2453.8808                                                 2453.8808
              3       1202.9002      0.49036743      0.30863015   9.2861559e-05      0.02252761       2.9960067      0.96895712     0.034911678       1.0016133      -24.280118       -24.280118       2454.3606                                                 2454.3606
              4       1202.8853      0.42037138      0.30766485   9.2351139e-05      0.02252737       2.9967282      0.96826127     0.035111714       1.0013951      -24.280118       -24.280118       2454.3307                                                 2454.3307
              9       1204.1384      0.36687842      0.30435283    9.145449e-05     0.022565183       2.9937538      0.96637953     0.032952396       1.0018369      -24.280118       -24.280118       2456.8371                                                 2456.8371
              1       1203.9105      0.36909239      0.30454139   9.1492856e-05     0.022566781       2.9937666      0.96656923     0.033116339       1.0016674      -24.280118       -24.280118       2456.3812                                                 2456.3812
              4       1206.2127      0.42099955      0.30739076   9.2099999e-05     0.022645619       3.0141058      0.96529214     0.040022975        1.004061      -24.280118       -24.280118       2460.9856                                                 2460.9856
              6       1206.0064      0.49800814      0.30602832   9.2140253e-05     0.022653225       3.0132841       0.9688219     0.040280262       1.0048624      -24.280118       -24.280118       2460.5731                                                 2460.5731
              2       1205.9998      0.49430256      0.30561104   9.2038784e-05     0.022662259       3.0135409      0.96895862      0.04054236       1.0047976      -24.280118       -24.280118       2460.5599                                                 2460.5599
              2       1207.0307      0.49980772      0.30537902   9.2017689e-05      0.02267272       3.0106073      0.96844308     0.038662619       1.0053443      -24.280118       -24.280118       2462.6217                                                 2462.6217
              2       1206.9529      0.50083595      0.30565094   9.2123439e-05     0.022622033       3.0038017      0.97168805     0.036107556       1.0053678      -24.280118       -24.280118        2462.466                                                  2462.466
              1       1207.0017      0.51137009      0.30584984   9.2208862e-05     0.022623551       3.0044393      0.97180775     0.036420733       1.0054158      -24.280118       -24.280118       2462.5636                                                 2462.5636
              3       1207.0651      0.50170909      0.30623981   9.2213273e-05     0.022671252        3.004963      0.97156038     0.034765583        1.006375      -24.280118       -24.280118       2462.6904                                                 2462.6904
              1        1206.703      0.48534481      0.30561382   9.2018656e-05     0.022670712       3.0088882      0.97183536     0.036769978       1.0062755      -24.280118       -24.280118       2461.9662                                                 2461.9662
              2       1207.0751      0.54767039      0.30549172   9.2400202e-05     0.022756254       3.0045284       0.9748625     0.040349635        1.002153      -24.280118       -24.280118       2462.7103                                                 2462.7103
              5        1206.141      0.57478206      0.30671716   9.2747462e-05     0.022745158       3.0059119      0.97523582     0.041265082       1.0018084      -24.280118       -24.280118       2460.8422                                                 2460.8422
              3       1206.2316      0.46724748      0.30277173   9.1562102e-05       0.0226633       2.9793322      0.97569096     0.028125496       1.0011389      -24.280118       -24.280118       2461.0235                                                 2461.0235
             16       1206.1466      0.46024788      0.30619283   9.2510686e-05     0.022433339       2.9685885      0.97335915     0.027265744       0.9968247      -24.280118       -24.280118       2460.8535                                                 2460.8535
              2       1205.2357      0.55075745      0.30790239   9.3137944e-05      0.02248662       2.9771369       0.9756039     0.028586473      0.99999898      -24.280118       -24.280118       2459.0317                                                 2459.0317
              2       1205.5172      0.64531676      0.30987345   9.3955479e-05     0.022502866       2.9936202       0.9744391     0.035979987      0.99934481      -24.280118       -24.280118       2459.5946                                                 2459.5946
              1       1205.3999      0.60015701      0.30807761   9.3398052e-05     0.022508567       2.9950389      0.97430352     0.036246881      0.99968032      -24.280118       -24.280118         2459.36                                                   2459.36
              7       1204.4146      0.58963137       0.3088414   9.3436394e-05     0.022524729       3.0003568      0.97182702     0.038141316      0.99986822      -24.280118       -24.280118       2457.3894                                                 2457.3894
              5       1204.3344       0.5858156      0.31090113   9.3999496e-05     0.022409119       2.9894375      0.97250996     0.034526239      0.99886412      -24.280118       -24.280118       2457.2291                                                 2457.2291
              1       1204.8613      0.61202633      0.31105969      9.4148e-05     0.022429488       2.9921908      0.97166586     0.035297083      0.99928337      -24.280118       -24.280118       2458.2828                                                 2458.2828
              6       1203.8961      0.63759312      0.31260994   9.4463649e-05     0.022476533       3.0042963      0.97116173     0.039625266       1.0007489      -24.280118       -24.280118       2456.3524                                                 2456.3524
              7       1203.3631      0.61616536      0.31251744   9.4313328e-05     0.022490109       3.0110501      0.97055633     0.042992337       1.0006368      -24.280118       -24.280118       2455.2864                                                 2455.2864
              4       1203.4119      0.62473501      0.31198711   9.4262297e-05     0.022488345       3.0140053      0.97153727     0.044982014       1.0003541      -24.280118       -24.280118       2455.3841                                                 2455.3841
              1       1203.0398      0.58791571      0.30913236    9.351212e-05     0.022514401        3.010854      0.97202074     0.044025768      0.99998079      -24.280118       -24.280118       2454.6398                                                 2454.6398
              5       1204.2475      0.57170797      0.30825272   9.3340333e-05     0.022489109       3.0132124      0.97170647      0.04449793       1.0005153      -24.280118       -24.280118       2457.0553                                                 2457.0553
              1       1204.5357      0.62209098      0.30959285   9.3850962e-05     0.022491947        3.014087      0.97175581     0.045543366       1.0001708      -24.280118       -24.280118       2457.6316                                                 2457.6316
              1       1205.3951      0.69259586       0.3122257   9.4448586e-05     0.022651622       3.0133719      0.97322511     0.043219294        1.001364      -24.280118       -24.280118       2459.3504                                                 2459.3504
              2       1204.5169      0.67000295      0.31243558    9.431312e-05      0.02269457       3.0060578      0.97421239     0.040893031       1.0011759      -24.280118       -24.280118       2457.5939                                                 2457.5939
              4       1205.6453       0.6376114      0.31106686   9.3758216e-05     0.022807364       3.0159554      0.97230875     0.046253603       1.0001607      -24.280118       -24.280118       2459.8508                                                 2459.8508
              4       1204.8629      0.51198121       0.3084519   9.2694426e-05     0.022717519        2.998654      0.96651757     0.037223345      0.99914402      -24.280118       -24.280118        2458.286                                                  2458.286
              2       1204.7512      0.60034211      0.31109084   9.3700132e-05     0.022645638       2.9947546      0.96644744     0.035560357      0.99963626      -24.280118       -24.280118       2458.0626                                                 2458.0626
              2       1204.0148      0.60158798      0.31065683   9.3847355e-05     0.022509532       3.0007173      0.96753383     0.039301409      0.99915026      -24.280118       -24.280118       2456.5899                                                 2456.5899
              2       1204.2754      0.61379702      0.30976371   9.3679134e-05     0.022555035       2.9949461      0.96853995     0.037257395      0.99839837      -24.280118       -24.280118        2457.111                                                  2457.111
              3       1204.9831      0.53704569       0.3076136   9.2857365e-05     0.022590589       2.9962708      0.96633665     0.038487807      0.99729563      -24.280118       -24.280118       2458.5265                                                 2458.5265
              3       1205.1073      0.53122899      0.30726791   9.2770888e-05     0.022589136       2.9965392      0.96626735     0.038454466      0.99745186      -24.280118       -24.280118       2458.7749                                                 2458.7749
              1       1207.8948      0.47659123      0.30413568   9.2076707e-05     0.022536577       2.9898939      0.96500462     0.035800278      0.99728282      -24.280118       -24.280118       2464.3499                                                 2464.3499
              1       1207.8027      0.46819374      0.30400878   9.2019216e-05     0.022527958        2.989739      0.96491697      0.03568768      0.99729552      -24.280118       -24.280118       2464.1657                                                 2464.1657
              2       1207.7987      0.46639401      0.30397656   9.2004032e-05     0.022530572       2.9910297      0.96483293     0.036224104      0.99739386      -24.280118       -24.280118       2464.1577                                                 2464.1577
              2       1207.8686      0.46969486      0.30470961   9.2182389e-05     0.022518025       2.9898204      0.96450698     0.035826852      0.99723015      -24.280118       -24.280118       2464.2974                                                 2464.2974
              5        1208.361      0.47588243      0.30488332   9.2241734e-05     0.022517649       2.9906818      0.96408711     0.036726667      0.99673229      -24.280118       -24.280118       2465.2822                                                 2465.2822
              5       1208.9804      0.44065057       0.3047705   9.2057049e-05     0.022518299       2.9879076      0.96337296     0.035077011      0.99640758      -24.280118       -24.280118       2466.5211                                                 2466.5211
              4       1210.2043      0.53496263      0.30598534   9.2775084e-05     0.022519213       2.9842242      0.96438906     0.032421425      0.99791285      -24.280118       -24.280118       2468.9688                                                 2468.9688
              4       1209.7182      0.64005433      0.30851419   9.3290677e-05     0.022846659       3.0197811       0.9671702     0.046095299       1.0023379      -24.280118       -24.280118       2467.9966                                                 2467.9966
              1       1209.0241       0.6761653      0.30981917    9.374886e-05     0.022812964       3.0291076       0.9683519     0.050414322       1.0027709      -24.280118       -24.280118       2466.6085                                                 2466.6085
              3       1208.6516      0.50458311      0.30858141   9.3418561e-05     0.022323002       3.0152086      0.96737326     0.050006132      0.99789425      -24.280118       -24.280118       2465.8634                                                 2465.8634
              3        1207.472      0.47774986      0.31167195   9.3830562e-05     0.022327135       3.0138619      0.96795046     0.049546573      0.99660781      -24.280118       -24.280118       2463.5042                                                 2463.5042
              6       1206.9473      0.25500328      0.30589544   9.1257728e-05     0.022473885       3.0044795       0.9615204     0.042981206      0.99607923      -24.280118       -24.280118       2462.4549                                                 2462.4549
              6       1205.9878      0.29642384      0.30198031   9.0643907e-05     0.022528064       3.0093466      0.96247663     0.042194524      0.99979091      -24.280118       -24.280118       2460.5358                                                 2460.5358
              1       1204.8164      0.31218889      0.30381241   9.0984942e-05     0.022597684       3.0049963      0.96364001     0.040599208      0.99888411      -24.280118       -24.280118        2458.193                                                  2458.193
              1       1205.0815      0.23577369      0.30193865   9.0223525e-05     0.022602609       3.0164329          0.9652     0.046210764      0.99869543      -24.280118       -24.280118       2458.7232                                                 2458.7232
              1       1204.4561      0.26145898      0.30400091   9.0768101e-05     0.022504331       3.0052382      0.96709617     0.037740429       1.0006055      -24.280118       -24.280118       2457.4724                                                 2457.4724
              3       1204.0265      0.41272751      0.30527753   9.1564728e-05     0.022627903       3.0147917      0.97135441     0.042055512       1.0021188      -24.280118       -24.280118       2456.6132                                                 2456.6132
              4       1203.3654      0.50561834      0.30645619   9.2259772e-05      0.02265888       3.0072903      0.97514727     0.042654485      0.99876197      -24.280118       -24.280118        2455.291                                                  2455.291
              1       1203.1422      0.51802253      0.30936619   9.3069404e-05     0.022551915       3.0179365      0.97510116     0.048067343      0.99904938      -24.280118       -24.280118       2454.8447                                                 2454.8447
              2       1203.4444      0.56063463       0.3103611   9.3374304e-05     0.022611093       3.0224709      0.97478757     0.050554831      0.99904931      -24.280118       -24.280118        2455.449                                                  2455.449
              1       1207.1208      0.61430443      0.31018867    9.372444e-05     0.022518771       3.0401851      0.97274708     0.062658647      0.99717512      -24.280118       -24.280118       2462.8019                                                 2462.8019
              2       1207.1224      0.61932136      0.31034682   9.3783092e-05     0.022514751       3.0405694      0.97278679     0.062585574      0.99750793      -24.280118       -24.280118       2462.8051                                                 2462.8051
              2       1206.7613      0.60899424      0.30984394   9.3630084e-05     0.022522247       3.0393146      0.97258935     0.061918156      0.99755174      -24.280118       -24.280118       2462.0829                                                 2462.0829
              2       1207.5199      0.65139009      0.30703319   9.3375816e-05     0.022415213       3.0206504      0.97566052     0.052972725      0.99790734      -24.280118       -24.280118          2463.6                                                    2463.6
              1       1207.6322      0.67969505      0.30767986    9.360264e-05     0.022455525       3.0252067      0.97552354      0.05523458       0.9979299      -24.280118       -24.280118       2463.8246                                                 2463.8246
              3       1206.7649       0.6384097      0.30713325   9.3326818e-05     0.022448546       3.0239478       0.9751971     0.055612825      0.99696254      -24.280118       -24.280118         2462.09                                                   2462.09
              1       1206.6255      0.56945278      0.30624566   9.2747165e-05     0.022476203       3.0374644      0.97402743     0.060381508      0.99814047      -24.280118       -24.280118       2461.8112                                                 2461.8112
              1       1204.9618      0.57574344      0.31252193    9.401252e-05     0.022478266       3.0124433      0.96654002     0.041360347       1.0031408      -24.280118       -24.280118       2458.4838                                                 2458.4838
              5       1207.3791      0.69831807      0.32012532    9.605567e-05      0.02239908       3.0204931      0.96891946     0.046316107       1.0019799      -24.280118       -24.280118       2463.3184                                                 2463.3184
              5       1205.6554      0.62153776      0.31838652   9.5372724e-05      0.02236846        3.010508      0.96730198     0.042767143       0.9998583      -24.280118       -24.280118        2459.871                                                  2459.871
              1       1206.1923      0.65219565      0.31923534   9.5688544e-05     0.022397784       3.0171195      0.96653217     0.045549603       1.0004967      -24.280118       -24.280118       2460.9448                                                 2460.9448
              2       1206.5045      0.65229586       0.3183055   9.5505636e-05     0.022402486       3.0254696      0.96732891     0.050652897      0.99981173      -24.280118       -24.280118       2461.5692                                                 2461.5692
              2       1206.5647      0.70725715       0.3184011   9.5732135e-05     0.022446721       3.0198941      0.96767662     0.048411341        0.999519      -24.280118       -24.280118       2461.6896                                                 2461.6896
              1       1205.7795      0.69590962      0.31831039   9.5664822e-05     0.022460037        3.018914      0.96789443     0.048458852      0.99879945      -24.280118       -24.280118       2460.1192                                                 2460.1192
              2       1205.2453      0.62422894      0.31573024   9.4879799e-05     0.022452745       3.0065734      0.96658708     0.045011829      0.99684492      -24.280118       -24.280118       2459.0508                                                 2459.0508
              4       1205.3374      0.62791865      0.31574735   9.4893481e-05     0.022457191       3.0067889      0.96656755     0.045103346       0.9968786      -24.280118       -24.280118        2459.235                                                  2459.235
              1       1204.7166      0.61168347      0.31095058   9.3931897e-05     0.022539515       2.9971561      0.96707868     0.040058162       0.9975154      -24.280118       -24.280118       2457.9934                                                 2457.9934
              1       1205.2623      0.73544653      0.31513665   9.5278195e-05     0.022599366       3.0191455       0.9696466     0.050630581      0.99788825      -24.280118       -24.280118       2459.0848                                                 2459.0848
              1       1204.6343      0.61274297      0.30956943    9.352935e-05     0.022661929       3.0314251      0.97316673      0.05510499      0.99991291      -24.280118       -24.280118       2457.8288                                                 2457.8288
              1       1204.9886      0.65999601      0.31118787   9.3972095e-05     0.022726078       3.0198208      0.97495553     0.048192556        1.001259      -24.280118       -24.280118       2458.5374                                                 2458.5374
              1       1204.0608      0.72443959       0.3162208    9.549052e-05      0.02255349       3.0110017      0.97336754     0.045232439      0.99952456      -24.280118       -24.280118       2456.6819                                                 2456.6819
              3       1204.0238      0.63981077      0.31329083   9.4606709e-05     0.022430081       2.9987549      0.97009808     0.036374975       1.0017111      -24.280118       -24.280118       2456.6078                                                 2456.6078
              1       1204.1241      0.64636541      0.31362027   9.4698378e-05     0.022428623         2.99983      0.97005355     0.036797553       1.0018243      -24.280118       -24.280118       2456.8084                                                 2456.8084
              1       1203.6395      0.59498469      0.31438964   9.4492165e-05      0.02244751        2.989007      0.96906368     0.031820393        1.000759      -24.280118       -24.280118       2455.8393                                                 2455.8393
              3       1203.3045      0.55077424      0.31446517   9.4239976e-05     0.022453008       3.0006385      0.96889592     0.036841067        1.000359      -24.280118       -24.280118       2455.1692                                                 2455.1692
             10       1203.3072      0.55250171      0.31455351   9.4262086e-05     0.022451067       3.0012699      0.96880093      0.03734848       1.0001894      -24.280118       -24.280118       2455.1746                                                 2455.1746
              4       1202.8781      0.47078223      0.31068413    9.314961e-05     0.022475307       3.0030843      0.96673389     0.037884203       1.0010547      -24.280118       -24.280118       2454.3165                                                 2454.3165
              1       1202.5302      0.38583314      0.30638853   9.1928111e-05     0.022453777       2.9983085       0.9691634     0.035167811       1.0015529      -24.280118       -24.280118       2453.6206                                                 2453.6206
              1       1202.6503      0.39570616      0.30761392   9.2323331e-05     0.022396696       2.9993265      0.96890945     0.035983616       1.0017134      -24.280118       -24.280118       2453.8608                                                 2453.8608
              1       1204.4228      0.19552886      0.29861909   8.9771221e-05     0.022421875       3.0089209      0.97066143     0.039687416       1.0030091      -24.280118       -24.280118       2457.4058                                                 2457.4058
              3       1204.3388      0.18463551      0.29928247   8.9854872e-05     0.022418804       3.0103958      0.96996302     0.040341552       1.0026728      -24.280118       -24.280118       2457.2379                                                 2457.2379
              7       1204.3835      0.21048594      0.29706152   8.9554904e-05     0.022490208       3.0010103      0.97188608     0.042164114      0.99726387      -24.280118       -24.280118       2457.3273                                                 2457.3273
              6       1204.4506      0.25154468      0.29713486   8.9641296e-05       0.0225562       3.0074864      0.97363147     0.045825272      0.99686621      -24.280118       -24.280118       2457.4615                                                 2457.4615
              4       1204.0549      0.24200094      0.29866025   8.9793543e-05     0.022594984       3.0139638      0.97123821     0.047871135      0.99699044      -24.280118       -24.280118       2456.6701                                                 2456.6701
              2       1204.0942      0.17428035      0.29741461   8.9270196e-05     0.022559552       3.0156626      0.97105554     0.047619886      0.99795674      -24.280118       -24.280118       2456.7487                                                 2456.7487
              2       1203.8569      0.25003514      0.29986866   9.0205339e-05      0.02250989       3.0141125      0.96947819     0.043918136       1.0010897      -24.280118       -24.280118       2456.2741                                                 2456.2741
              5       1203.7974      0.26685474      0.30012403   9.0357274e-05     0.022494086       3.0145751      0.96944459     0.044636588       1.0007593      -24.280118       -24.280118       2456.1549                                                 2456.1549
              1         1202.95      0.27824272       0.3010081   9.0572392e-05     0.022472864       3.0073364      0.96943653     0.041296737       1.0005186      -24.280118       -24.280118       2454.4601                                                 2454.4601
              5       1203.0099      0.34498162      0.30237021   9.0999625e-05     0.022570541        3.010259      0.97003201     0.041669531       1.0015574      -24.280118       -24.280118       2454.5801                                                 2454.5801
              1       1203.2312      0.38736316      0.30381808   9.1485843e-05     0.022515015       3.0227956      0.96940178     0.047597834       1.0016673      -24.280118       -24.280118       2455.0227                                                 2455.0227
              8       1203.9848       0.3356778      0.30209636   9.0884712e-05     0.022524777       3.0176051      0.96839926     0.043465963       1.0026262      -24.280118       -24.280118       2456.5298                                                 2456.5298
              6       1204.6339      0.40417329      0.30351777   9.1370959e-05     0.022607338       3.0236414      0.97034144     0.045588583       1.0036055      -24.280118       -24.280118       2457.8281                                                 2457.8281
              4       1203.6287      0.41624908      0.30306549   9.1299485e-05     0.022650831       3.0204777      0.97079344     0.046224318       1.0015265      -24.280118       -24.280118       2455.8177                                                 2455.8177
              4       1203.3891      0.41671093      0.30313945   9.1316002e-05     0.022649902       3.0186032      0.97171201      0.04543765       1.0014853      -24.280118       -24.280118       2455.3384                                                 2455.3384
              8       1203.3758      0.45459992      0.30447175   9.1760415e-05     0.022638481       3.0214732      0.97203059     0.046940463       1.0015043      -24.280118       -24.280118       2455.3118                                                 2455.3118
              2       1202.9262      0.46238913       0.3075629   9.2407106e-05     0.022585565       3.0108195      0.97468966     0.042756459       1.0006596      -24.280118       -24.280118       2454.4126                                                 2454.4126
              2       1203.4595      0.48153461       0.3086368   9.2698745e-05     0.022555253       3.0089699      0.97385042     0.039704626       1.0027449      -24.280118       -24.280118       2455.4792                                                 2455.4792
              2       1203.3438       0.4605965      0.30696034   9.2203294e-05     0.022627471       3.0020613      0.97401765      0.03736495       1.0018617      -24.280118       -24.280118       2455.2479                                                 2455.2479
              6       1204.6829      0.42286998      0.30561906   9.1739005e-05     0.022677293        3.007375      0.97493961     0.039019051       1.0026738      -24.280118       -24.280118       2457.9261                                                 2457.9261
              4       1204.2876      0.48234618      0.31001516   9.2848378e-05      0.02264795       3.0211879       0.9731484     0.046550738       1.0013248      -24.280118       -24.280118       2457.1354                                                 2457.1354
              1       1204.2209      0.42691964      0.30936294   9.2488819e-05      0.02262269        3.020571      0.97199688     0.046317867       1.0010775      -24.280118       -24.280118       2457.0021                                                 2457.0021
              1       1203.9615      0.42783204      0.30727542   9.2037657e-05     0.022717622       3.0109853      0.97088337     0.044869878      0.99800284      -24.280118       -24.280118       2456.4831                                                 2456.4831
              3       1203.6677      0.45384085      0.30788162   9.2309291e-05      0.02268795        3.010645      0.97209392     0.045673979      0.99759948      -24.280118       -24.280118       2455.8957                                                 2455.8957
              4       1203.7982      0.44516189      0.30855121    9.239871e-05     0.022673872       3.0111252      0.97200437     0.045714404      0.99748677      -24.280118       -24.280118       2456.1567                                                 2456.1567
              6       1203.5567      0.35015792      0.30280481   9.0892672e-05     0.022635995       2.9962702      0.97432591     0.038574886      0.99732027      -24.280118       -24.280118       2455.6737                                                 2455.6737
              7       1203.3484      0.36475428      0.30276509   9.0966263e-05     0.022635293       2.9963956       0.9742666     0.038593517      0.99741756      -24.280118       -24.280118        2455.257                                                  2455.257
              1       1203.1906      0.41550248      0.30397709    9.141236e-05     0.022602259       2.9997151      0.97191183     0.039165718      0.99775055      -24.280118       -24.280118       2454.9415                                                 2454.9415
              6        1204.208      0.36330472      0.30159814   9.0759176e-05     0.022557847       3.0027961      0.97428795     0.040934949      0.99772185      -24.280118       -24.280118       2456.9762                                                 2456.9762
              1       1204.2213      0.36404467      0.30159945   9.0769562e-05     0.022554026       3.0023841      0.97427623     0.040818854      0.99764319      -24.280118       -24.280118       2457.0029                                                 2457.0029
              7       1204.0868      0.31611825      0.30381691    9.106771e-05     0.022527659       3.0122676      0.97008587     0.045127921      0.99720379      -24.280118       -24.280118       2456.7338                                                 2456.7338
              2       1203.6609      0.39151837      0.30506611     9.16349e-05     0.022536154       3.0185306      0.97010533     0.046944441      0.99885016      -24.280118       -24.280118       2455.8821                                                 2455.8821
              1       1204.8748      0.48220925      0.30671902    9.265167e-05     0.022418596       3.0204161      0.96993183     0.052203135      0.99620485      -24.280118       -24.280118       2458.3099                                                 2458.3099
              2       1205.6974      0.38349576      0.30345836   9.1671785e-05     0.022406356        3.027813      0.97033473     0.053986244       0.9985389      -24.280118       -24.280118       2459.9551                                                 2459.9551
              3       1205.6744      0.42798922      0.30203992   9.1507267e-05     0.022499857       3.0279792      0.97484779     0.055249777      0.99830999      -24.280118       -24.280118        2459.909                                                  2459.909
              1       1204.4799      0.43711853      0.30158094   9.1424159e-05     0.022512989       3.0223481      0.97457413     0.051421872       0.9993154      -24.280118       -24.280118         2457.52                                                   2457.52
              6       1202.8967      0.45628733      0.30524609   9.2129953e-05     0.022519205       3.0149612      0.97350047     0.047889988      0.99808908      -24.280118       -24.280118       2454.3537                                                 2454.3537
              5       1203.0233      0.58284373      0.30978418   9.3617526e-05     0.022509501       3.0182941      0.97271757     0.047209264        1.000755      -24.280118       -24.280118       2454.6069                                                 2454.6069
              1        1203.762      0.61457606      0.30680454   9.3103221e-05     0.022574905       3.0084282      0.97506215     0.042636499       1.0015612      -24.280118       -24.280118       2456.0841                                                 2456.0841
              3       1203.6027      0.60414092      0.30676215   9.3022583e-05     0.022580701       3.0084767      0.97483975      0.04229644       1.0017615      -24.280118       -24.280118       2455.7656                                                 2455.7656
              8         1203.12      0.60049524      0.30759566   9.3173772e-05     0.022561697       3.0118408      0.97393036     0.043786072       1.0016268      -24.280118       -24.280118       2454.8002                                                 2454.8002
              1       1203.7451      0.61828938       0.3076941   9.3249586e-05     0.022578998       3.0109387      0.97576551     0.043121127       1.0018174      -24.280118       -24.280118       2456.0505                                                 2456.0505
              5       1204.6676      0.62631491      0.30768836   9.3201484e-05     0.022613968       3.0133325      0.97761263     0.044405579       1.0021812      -24.280118       -24.280118       2457.8955                                                 2457.8955
              2       1204.7291      0.48485629      0.30447346   9.2083396e-05     0.022449353       3.0182906      0.97846093     0.049193743      0.99975574      -24.280118       -24.280118       2458.0184                                                 2458.0184
              3        1204.755      0.48601383      0.30449809   9.2088705e-05     0.022452409       3.0181562      0.97854455     0.049161943      0.99973386      -24.280118       -24.280118       2458.0702                                                 2458.0702
              3       1205.4752      0.46369923      0.30431941    9.184186e-05     0.022495926       2.9854286      0.97721266     0.031126344       1.0000738      -24.280118       -24.280118       2459.5106                                                 2459.5106
              1       1204.2747      0.57538684      0.31088445   9.3802274e-05     0.022428689       2.9806213       0.9745989     0.030281475       0.9988044      -24.280118       -24.280118       2457.1095                                                 2457.1095
              2       1204.4042      0.55764073      0.30983569   9.3469513e-05     0.022450194       2.9762598      0.97454649     0.028045921      0.99877754      -24.280118       -24.280118       2457.3686                                                 2457.3686
              2       1204.2779      0.56400911      0.30945444   9.3403549e-05     0.022471688       2.9789252      0.97498216     0.029453705      0.99886186      -24.280118       -24.280118        2457.116                                                  2457.116
              1        1206.708      0.56064136      0.31261185   9.3868663e-05     0.022537804       2.9729929      0.97633214     0.028534372      0.99693861      -24.280118       -24.280118       2461.9763                                                 2461.9763
              4       1206.9184      0.63994704      0.31485192   9.4564476e-05     0.022625293       2.9726394      0.97531412     0.026517114      0.99850157      -24.280118       -24.280118        2462.397                                                  2462.397
              1       1206.8847      0.63796035      0.31459268   9.4501278e-05     0.022625552       2.9720872      0.97526568     0.026232582      0.99851876      -24.280118       -24.280118       2462.3296                                                 2462.3296
              1       1204.9344      0.59779017      0.31509639   9.4661475e-05     0.022412903       3.0004266      0.97548116     0.041576802      0.99766914      -24.280118       -24.280118       2458.4291                                                 2458.4291
              1       1204.6887      0.54356215      0.31441853    9.452837e-05     0.022293772       2.9889225      0.96963407     0.036766427      0.99644669      -24.280118       -24.280118       2457.9377                                                 2457.9377
              1       1204.8316      0.54326301      0.31465444   9.4588569e-05      0.02227615       2.9876638      0.96978348     0.035834092       0.9966983      -24.280118       -24.280118       2458.2234                                                 2458.2234
              1       1204.8018      0.54263787      0.31474576    9.459597e-05     0.022278559        2.988006      0.96968044     0.036037111      0.99655296      -24.280118       -24.280118       2458.1639                                                 2458.1639
              8       1205.3689      0.58599825      0.31616498   9.5074289e-05      0.02226985       2.9882025      0.96969791     0.036360262      0.99645178      -24.280118       -24.280118       2459.2981                                                 2459.2981
              2       1206.2297       0.5482732      0.31609932   9.4764458e-05     0.022313153        2.966899      0.96709314     0.025078881      0.99625774      -24.280118       -24.280118       2461.0195                                                 2461.0195
              5       1206.1764       0.5651203      0.31694951    9.493137e-05     0.022349175       2.9673268      0.96824614     0.025428952      0.99601849      -24.280118       -24.280118       2460.9131                                                 2460.9131
              2       1205.6412      0.48944737      0.31501492   9.4187079e-05     0.022362935       2.9624404      0.96769986     0.022323933      0.99626367      -24.280118       -24.280118       2459.8426                                                 2459.8426
              3       1206.5932      0.39647756      0.31557707   9.3934649e-05     0.022266528       2.9910727      0.96685843     0.036257016      0.99538885      -24.280118       -24.280118       2461.7466                                                 2461.7466
              2       1206.5999       0.3954843      0.31556894   9.3939578e-05      0.02226459       2.9930689      0.96669724     0.037198803      0.99544131      -24.280118       -24.280118       2461.7601                                                 2461.7601
              5       1205.8443      0.50471525      0.31622796    9.450903e-05     0.022357354       3.0008644      0.97403198     0.039218636      0.99862382      -24.280118       -24.280118       2460.2489                                                 2460.2489
              4       1207.1729       0.4144015      0.30737512   9.2438831e-05     0.022370819       2.9711338      0.97659877      0.02555554      0.99783345      -24.280118       -24.280118       2462.9061                                                 2462.9061
             10       1207.2643      0.47994337      0.31052483   9.3480001e-05     0.022313228       2.9702514       0.9699698      0.02477137      0.99726181      -24.280118       -24.280118       2463.0888                                                 2463.0888
              3       1206.5375      0.56559538      0.31127745   9.3924643e-05     0.022412723         2.97479      0.97393935     0.024656902       1.0005545      -24.280118       -24.280118       2461.6353                                                 2461.6353
              1       1205.3753      0.65165437      0.31408105   9.4849946e-05     0.022492281       2.9913422      0.97564184     0.034826096      0.99992405      -24.280118       -24.280118       2459.3109                                                 2459.3109
              8       1206.0953      0.66186225      0.31372297   9.4809124e-05     0.022522324       2.9826175      0.97559177     0.031128107      0.99940496      -24.280118       -24.280118       2460.7508                                                 2460.7508
              3       1204.3166      0.50328188      0.30843349   9.3164771e-05     0.022365093        2.996095      0.97005669     0.034480342       1.0023988      -24.280118       -24.280118       2457.1935                                                 2457.1935
              1       1205.3133      0.45810945      0.30676589   9.2583977e-05     0.022413435        2.987978      0.96730452     0.029974758       1.0019102      -24.280118       -24.280118       2459.1868                                                 2459.1868
              1       1204.6834      0.49791466      0.30663362   9.2626051e-05     0.022443507       2.9856316       0.9694706     0.029313972       1.0013415      -24.280118       -24.280118        2457.927                                                  2457.927
             12       1205.0376      0.45936379       0.3042906   9.2030452e-05       0.0225156       3.0052127      0.96908021     0.038780939       1.0018985      -24.280118       -24.280118       2458.6354                                                 2458.6354
              1       1204.6948       0.5375986      0.30783479   9.2854285e-05     0.022583566       3.0320964      0.96828868     0.053798312       1.0001552      -24.280118       -24.280118       2457.9498                                                 2457.9498
              1       1204.7997      0.52580018       0.3075889   9.2686831e-05     0.022618064       3.0331721      0.96864027     0.053463327       1.0006923      -24.280118       -24.280118       2458.1595                                                 2458.1595
              1       1204.7241      0.62540079      0.31003579   9.3658089e-05     0.022523971       3.0250773      0.97249392     0.050932821      0.99961594      -24.280118       -24.280118       2458.0085                                                 2458.0085
              2       1204.6511       0.5878207      0.30717569   9.2898389e-05     0.022545745       3.0207115      0.97163256     0.048442551      0.99995468      -24.280118       -24.280118       2457.8624                                                 2457.8624
             13       1203.5634      0.54220514      0.30607421   9.2496153e-05     0.022553127       3.0216481      0.97414917     0.049737659      0.99935612      -24.280118       -24.280118        2455.687                                                  2455.687
              3       1203.8049      0.51619408      0.30467904   9.1987496e-05     0.022610984       3.0197942      0.97429937     0.048120783      0.99987864      -24.280118       -24.280118       2456.1701                                                 2456.1701
              1       1204.9846      0.57269775      0.30469508   9.2189826e-05      0.02267591       3.0234569      0.97564517      0.05153444       1.0000149      -24.280118       -24.280118       2458.5294                                                 2458.5294
              2       1204.9116      0.56876337      0.30465248    9.217989e-05      0.02266978       3.0250312      0.97563286     0.052185848       1.0001761      -24.280118       -24.280118       2458.3835                                                 2458.3835
              7       1204.7807      0.57015512      0.30562296    9.234206e-05     0.022696998       3.0263158      0.97501744     0.052975797      0.99972314      -24.280118       -24.280118       2458.1216                                                 2458.1216
              4       1205.0397      0.54712999      0.30451355   9.1996568e-05     0.022722731       3.0295157       0.9740859      0.05454884       0.9995553      -24.280118       -24.280118       2458.6396                                                 2458.6396
              3       1204.3773      0.50662805      0.30391208   9.1661479e-05     0.022738359       3.0224123      0.97315435     0.050718281      0.99946572      -24.280118       -24.280118       2457.3148                                                 2457.3148
              3       1204.1503      0.53090326      0.30512963   9.2045318e-05     0.022712645       3.0221971      0.97305034     0.050959752      0.99924351      -24.280118       -24.280118       2456.8608                                                 2456.8608
              7       1204.7786      0.58307693      0.30639984   9.2505555e-05     0.022731079        3.026562      0.97383937     0.051910668       1.0004632      -24.280118       -24.280118       2458.1175                                                 2458.1175
              3       1204.8589      0.58759183      0.30664104   9.2573113e-05     0.022728088       3.0270238      0.97374962     0.052089909       1.0004748      -24.280118       -24.280118       2458.2781                                                 2458.2781
              2       1206.5363        0.617672      0.30555561    9.253232e-05     0.022749917       3.0379345      0.97638043     0.056862899       1.0015715      -24.280118       -24.280118       2461.6328                                                 2461.6328
              2       1205.8528      0.60668595      0.30564541   9.2535128e-05     0.022726291       3.0368192      0.97580477     0.056413042       1.0013037      -24.280118       -24.280118       2460.2659                                                 2460.2659
              3       1205.1014      0.56937136      0.30395645   9.2008822e-05     0.022740715       3.0305792      0.97540065     0.053757351       1.0007837      -24.280118       -24.280118        2458.763                                                  2458.763
              3       1205.2835      0.56376375      0.30374556   9.1931577e-05     0.022750582       3.0318564      0.97504672     0.054182279       1.0009048      -24.280118       -24.280118       2459.1272                                                 2459.1272
              3       1206.8627      0.58276647      0.30524477   9.2235728e-05     0.022750954         3.03147      0.97333878     0.050645584       1.0028874      -24.280118       -24.280118       2462.2857                                                 2462.2857
              3       1207.1004      0.53455987      0.30230937   9.1495535e-05     0.022734687       3.0324976      0.97406979     0.051131399       1.0030942      -24.280118       -24.280118        2462.761                                                  2462.761
              2       1206.3694      0.45033626      0.30318588   9.1336085e-05     0.022648894       3.0344132      0.97260573     0.053727065       1.0003459      -24.280118       -24.280118        2461.299                                                  2461.299
              5       1206.4662      0.44137796        0.303353   9.1339113e-05     0.022641115        3.035752       0.9719663     0.053929415       1.0006972      -24.280118       -24.280118       2461.4927                                                 2461.4927
              3       1206.4681      0.38930643      0.30440801   9.1271043e-05     0.022673189       3.0353344      0.96987327     0.057836016      0.99698367      -24.280118       -24.280118       2461.4964                                                 2461.4964
              3       1206.4446      0.38897081      0.30440303   9.1268165e-05     0.022673221       3.0351982       0.9698819     0.057778605      0.99697916      -24.280118       -24.280118       2461.4495                                                 2461.4495
              1       1209.6505      0.24720208      0.29901923    8.974781e-05     0.022552613       3.0342275      0.96838395     0.060347321      0.99421349      -24.280118       -24.280118       2467.8612                                                 2467.8612
              2        1209.273     0.043354955      0.29707043   8.8831214e-05     0.022356948       3.0293218      0.96610514     0.055022957      0.99662077      -24.280118       -24.280118       2467.1062                                                 2467.1062
              1       1208.6364      0.12998974      0.29767606   8.9517201e-05     0.022204143       3.0117235      0.97455265     0.047613963      0.99664575      -24.280118       -24.280118       2465.8331                                                 2465.8331
              4        1206.971      0.10495418      0.29309205   8.7951673e-05     0.022588382       3.0126922      0.96861543     0.044478215      0.99890874      -24.280118       -24.280118       2462.5022                                                 2462.5022
              1       1207.2857     0.098626422      0.29244017   8.7793986e-05     0.022595163       3.0118804      0.96887981     0.044297704       0.9987212      -24.280118       -24.280118       2463.1317                                                 2463.1317
              1       1207.5782      0.16282305      0.29135101   8.7835804e-05      0.02270854       2.9961404      0.97331953     0.038198994      0.99925156      -24.280118       -24.280118       2463.7167                                                 2463.7167
              2       1207.5745      0.18607822      0.29145449    8.796433e-05     0.022695143       2.9969715      0.97401433     0.038524657      0.99962843      -24.280118       -24.280118       2463.7092                                                 2463.7092
              2       1207.9542      0.18137226      0.29110037     8.79175e-05     0.022672312       2.9905219      0.97312654     0.035057168      0.99994861      -24.280118       -24.280118       2464.4686                                                 2464.4686
              3       1209.1845      0.19918357       0.2893431   8.7590311e-05      0.02272781       2.9972375      0.97201441     0.037795436       1.0003801      -24.280118       -24.280118       2466.9293                                                 2466.9293
              1       1204.0973       0.3768214       0.3001452   9.0453778e-05     0.022670142       2.9992986      0.96842141     0.038223416      0.99947557      -24.280118       -24.280118       2456.7548                                                 2456.7548
              7        1205.049      0.32927431      0.29906231   8.9979014e-05     0.022705631       2.9970628      0.96744038     0.036756389      0.99926837      -24.280118       -24.280118       2458.6583                                                 2458.6583
              3       1205.3239      0.38704715      0.30114348   9.0649008e-05     0.022714147       2.9988509      0.96625898     0.037962444      0.99912116      -24.280118       -24.280118        2459.208                                                  2459.208
              5       1204.1321      0.43878945        0.303211   9.1308069e-05     0.022690237       2.9974608      0.96792032     0.038650795      0.99830681      -24.280118       -24.280118       2456.8244                                                 2456.8244
              2       1203.8672      0.55668897      0.30645271     9.27284e-05     0.022538789        3.013081      0.96859472      0.04490176       1.0008124      -24.280118       -24.280118       2456.2946                                                 2456.2946
              1       1204.4102      0.57290208      0.30560289     9.26179e-05     0.022583489       3.0176475       0.9690858     0.047687807       1.0005574      -24.280118       -24.280118       2457.3807                                                 2457.3807
              2       1204.4032      0.57298452      0.30559835   9.2617831e-05     0.022583951       3.0175795      0.96912496     0.047641577       1.0005764      -24.280118       -24.280118       2457.3667                                                 2457.3667
              6       1203.7274      0.50553102      0.30514778   9.2226072e-05     0.022561058        3.017604      0.96791754     0.046863547       1.0005694      -24.280118       -24.280118        2456.015                                                  2456.015
              6       1203.2779      0.48715462      0.30567211   9.2316201e-05     0.022505329       3.0139405      0.96838558     0.044177414       1.0015502      -24.280118       -24.280118        2455.116                                                  2455.116
              8       1202.9029      0.53537083      0.30807519   9.3147236e-05     0.022429339       3.0034497      0.97327922     0.043961913      0.99741695      -24.280118       -24.280118        2454.366                                                  2454.366
              6       1202.5851      0.51152359      0.30687424   9.2780456e-05     0.022436648       3.0041194      0.97340455     0.043741476      0.99790571      -24.280118       -24.280118       2453.7305                                                 2453.7305
              3       1203.2636      0.30617005      0.30339164   9.1191655e-05     0.022373863       3.0147358      0.97079707     0.048764657      0.99717014      -24.280118       -24.280118       2455.0873                                                 2455.0873
              1       1205.5286      0.31052242       0.3049604   9.1696946e-05     0.022183793        3.007022      0.96928547     0.043774821      0.99769394      -24.280118       -24.280118       2459.6174                                                 2459.6174
              1       1205.0132      0.32441413      0.30494985   9.1726574e-05     0.022217258       3.0098258      0.96903389     0.045238402      0.99764468      -24.280118       -24.280118       2458.5866                                                 2458.5866
              3       1205.2637      0.35997054      0.30322208   9.1518804e-05     0.022245051       3.0038433      0.96932373     0.041250006       0.9988935      -24.280118       -24.280118       2459.0876                                                 2459.0876
              2       1205.1289       0.3343571      0.30046254   9.0899832e-05     0.022303895       3.0026085      0.97164591     0.039599507        1.000365      -24.280118       -24.280118        2458.818                                                  2458.818
              4       1205.0122       0.3362262       0.3010115   9.0974192e-05     0.022318401       3.0071027      0.97157984       0.0409067       1.0009267      -24.280118       -24.280118       2458.5847                                                 2458.5847
              8       1204.9813      0.41036328      0.30342734    9.151403e-05      0.02244164       3.0072676      0.96878024     0.039017537       1.0017239      -24.280118       -24.280118       2458.5228                                                 2458.5228
              1       1205.8438      0.34333387      0.30086852   9.0890093e-05     0.022331055       3.0223528        0.972884     0.048084204       1.0012939      -24.280118       -24.280118       2460.2478                                                 2460.2478
              1       1206.4624      0.10327887      0.29496409   8.8728149e-05     0.022398993        3.012996      0.96771631     0.041571603        1.002929      -24.280118       -24.280118        2461.485                                                  2461.485
              1       1206.3611      0.11143234      0.29526999   8.8845641e-05     0.022393831       3.0130647      0.96757772     0.041979357       1.0025873      -24.280118       -24.280118       2461.2824                                                 2461.2824
              6       1206.3151      0.10037843      0.29502498   8.8761176e-05     0.022383264       3.0104607      0.96765297     0.040747506       1.0024614      -24.280118       -24.280118       2461.1905                                                 2461.1905
              7       1207.3478     0.028567405      0.29219233   8.7914889e-05     0.022375102       3.0154946      0.96981001     0.043986476        1.001588      -24.280118       -24.280118       2463.2559                                                 2463.2559
              2       1205.5364      0.16033932      0.29748347   8.9416862e-05     0.022440401       3.0187477      0.96909237     0.044243646       1.0030606      -24.280118       -24.280118        2459.633                                                  2459.633
              4       1207.7624       0.2938929      0.30292362   9.1094256e-05     0.022282658         3.03676      0.96901877     0.058046655      0.99839692      -24.280118       -24.280118        2464.085                                                  2464.085
              6        1207.894      0.29236464      0.30249248   9.0984209e-05      0.02229598       3.0381396      0.96960795     0.058920423      0.99829514      -24.280118       -24.280118       2464.3482                                                 2464.3482
              2        1207.724      0.33346044      0.30438724   9.1551175e-05     0.022258965       3.0329986      0.97402334     0.053930506       1.0018491      -24.280118       -24.280118       2464.0083                                                 2464.0083
              8       1206.8742      0.35267017      0.30423032   9.1611564e-05     0.022266455       3.0297323      0.97411675     0.052096862        1.002061      -24.280118       -24.280118       2462.3086                                                 2462.3086
             11       1207.7759      0.35447268      0.30419039   9.1618974e-05     0.022254286       3.0315396      0.97481673     0.053204791       1.0020938      -24.280118       -24.280118        2464.112                                                  2464.112
              3       1207.5757      0.31987587      0.30341615   9.1316978e-05       0.0222498       3.0287433      0.97434102     0.051906533       1.0019559      -24.280118       -24.280118       2463.7117                                                 2463.7117
              5       1206.4866      0.41597188      0.30857669   9.2790413e-05     0.022320885       3.0215126      0.97518083      0.04721697       1.0030557      -24.280118       -24.280118       2461.5334                                                 2461.5334
              2        1206.151      0.39328247      0.30795067   9.2554989e-05     0.022333268        3.018286      0.97474245     0.045262566       1.0032453      -24.280118       -24.280118       2460.8621                                                 2460.8621
              4       1205.4931      0.37014085      0.30628571   9.2117179e-05     0.022337677       3.0134583      0.97577363      0.04377784       1.0022881      -24.280118       -24.280118       2459.5465                                                 2459.5465
              2       1204.8284      0.33477044      0.30477209   9.1550719e-05      0.02242289       3.0101847       0.9759941      0.04199165       1.0018755      -24.280118       -24.280118        2458.217                                                  2458.217
              1       1204.8314      0.33615444      0.30392609   9.1303562e-05     0.022440385       3.0166085      0.97671103     0.045561106       1.0014442      -24.280118       -24.280118       2458.2231                                                 2458.2231
             10       1203.4566      0.32334627      0.30156368   9.0818889e-05     0.022462237       3.0152708      0.97525336     0.045690451       1.0009031      -24.280118       -24.280118       2455.4734                                                 2455.4734
              4       1203.2521      0.39282085      0.30553598    9.196023e-05     0.022398849       3.0063178       0.9738011     0.040896531       1.0015994      -24.280118       -24.280118       2455.0644                                                 2455.0644
              7       1203.0362      0.37494143      0.30555706   9.1891422e-05     0.022381446       3.0075386      0.97347398     0.041796991       1.0010582      -24.280118       -24.280118       2454.6327                                                 2454.6327
              2       1203.0601      0.36966795      0.30546273   9.1853828e-05     0.022377717       3.0080497      0.97338207     0.041972818       1.0010961      -24.280118       -24.280118       2454.6804                                                 2454.6804
              3       1202.9324      0.39999051      0.30654941   9.2200937e-05     0.022393097       3.0124957      0.97413874     0.045190048      0.99976719      -24.280118       -24.280118       2454.4251                                                 2454.4251
              5       1203.1531      0.31584294      0.30282032   9.1073665e-05     0.022403722       3.0153907      0.97240924     0.049043169      0.99743346      -24.280118       -24.280118       2454.8665                                                 2454.8665
              1       1202.1346      0.37534404      0.30476063   9.1619209e-05     0.022437461        3.006535      0.97096543     0.044176882      0.99731145      -24.280118       -24.280118       2452.8294                                                 2452.8294
              5       1202.7953      0.33844325       0.3042587   9.1427609e-05     0.022364497       3.0012306      0.96977998      0.04173094      0.99719139      -24.280118       -24.280118       2454.1508                                                 2454.1508
              5       1202.9086      0.33418629      0.30418607   9.1393198e-05      0.02235893       3.0018849      0.97005353     0.042044893      0.99723995      -24.280118       -24.280118       2454.3774                                                 2454.3774
              2       1202.8903      0.40158734        0.303991   9.1672071e-05     0.022378395       2.9969506      0.97331209      0.03867044      0.99874707      -24.280118       -24.280118       2454.3408                                                 2454.3408
              4       1202.1257      0.38876999      0.30393618   9.1432372e-05     0.022491033       3.0007627      0.97266242     0.038778609      0.99993714      -24.280118       -24.280118       2452.8117                                                 2452.8117
             12       1203.0926      0.49673637      0.30507924   9.2146488e-05     0.022642972       3.0092636      0.97244236      0.04611879       0.9974304      -24.280118       -24.280118       2454.7455                                                 2454.7455
              1       1203.4183      0.65045813      0.31012794   9.3801693e-05      0.02257805       3.0053858      0.97469214     0.043825484      0.99793645      -24.280118       -24.280118       2455.3969                                                 2455.3969
              1       1203.3403      0.64090861      0.31039306   9.3836598e-05     0.022554568       3.0087263      0.97435806     0.045544433      0.99761849      -24.280118       -24.280118       2455.2408                                                 2455.2408
              2       1203.2979      0.64236905      0.31125521   9.3959082e-05     0.022587764       3.0050796      0.97313382      0.04304373       0.9977142      -24.280118       -24.280118        2455.156                                                  2455.156
              1       1205.8481      0.59691342      0.30779593   9.3084946e-05     0.022608136       3.0199825      0.97249314     0.043304515       1.0047642      -24.280118       -24.280118       2460.2565                                                 2460.2565
             14       1205.8804      0.59816225      0.30781537   9.3095916e-05     0.022607662        3.020022      0.97240612     0.043333078       1.0047582      -24.280118       -24.280118       2460.3211                                                 2460.3211
              4       1205.1046      0.43856771      0.30350654   9.1400112e-05     0.022731346       3.0164421      0.97261608     0.042465731       1.0035966      -24.280118       -24.280118       2458.7694                                                 2458.7694
              2       1202.1994      0.45794125       0.3091616   9.2746779e-05     0.022538432       2.9992647      0.97184198     0.039229267      0.99795662      -24.280118       -24.280118       2452.9591                                                 2452.9591
              1       1203.7982      0.47417089      0.31004552   9.3116226e-05     0.022429426       2.9905685      0.97271277     0.038701127      0.99487609      -24.280118       -24.280118       2456.1566                                                 2456.1566
              1       1204.2118      0.45978632      0.31092546   9.3225639e-05     0.022397714       2.9930748      0.97282292     0.039742085      0.99492796      -24.280118       -24.280118       2456.9838                                                 2456.9838
              2       1206.7925      0.25629604      0.30593414   9.1422535e-05      0.02230914        2.982864      0.97028899     0.034400277      0.99351027      -24.280118       -24.280118       2462.1451                                                 2462.1451
              1       1207.2019      0.11745722       0.3001862   8.9862427e-05     0.022262629       2.9946365      0.97158531     0.040860119      0.99398875      -24.280118       -24.280118        2462.964                                                  2462.964
              4       1207.5899      0.16164262      0.30206838   9.0521307e-05     0.022208042       2.9970223      0.97169674     0.041818309      0.99430315      -24.280118       -24.280118       2463.7401                                                 2463.7401
              6        1207.546      0.16208822      0.30208915   9.0526604e-05     0.022207895       2.9970945      0.97168861     0.041819548      0.99434349      -24.280118       -24.280118       2463.6522                                                 2463.6522
              1       1208.1026      0.28585313      0.30552565    9.175053e-05      0.02223247       2.9930917      0.97290068     0.041379326      0.99321709      -24.280118       -24.280118       2464.7654                                                 2464.7654
              4       1207.1927      0.29325834      0.30144576   9.0869923e-05     0.022336172       2.9997801       0.9754281     0.045895427      0.99329787      -24.280118       -24.280118       2462.9456                                                 2462.9456
              7       1208.5797        0.308783       0.3028286   9.1269732e-05     0.022288805       3.0097007      0.97528843     0.051322195      0.99294804      -24.280118       -24.280118       2465.7196                                                 2465.7196
              4       1208.2349      0.23299447      0.29993218   9.0296656e-05     0.022358246       2.9958629      0.97405426     0.045186152      0.99201213      -24.280118       -24.280118       2465.0301                                                 2465.0301
              4       1208.2208        0.236483       0.3022346   9.0719313e-05     0.022378504       2.9971689      0.97256566     0.045814829      0.99162205      -24.280118       -24.280118       2465.0018                                                 2465.0018
              1       1208.4446       0.2797946      0.30349778   9.1180059e-05     0.022349156        2.990777       0.9735039     0.042972312      0.99190638      -24.280118       -24.280118       2465.4494                                                 2465.4494
              4       1208.6413      0.27924152      0.30345266   9.1177995e-05     0.022346292       2.9912457      0.97362628     0.043320169      0.99185813      -24.280118       -24.280118       2465.8428                                                 2465.8428
              5       1207.9239      0.26407294      0.30315648   9.1005374e-05     0.022368508        2.988644      0.97389957     0.041139232      0.99262616      -24.280118       -24.280118        2464.408                                                  2464.408
              2       1207.1715      0.19471286      0.30458181   9.1299703e-05     0.022187641       3.0028559      0.96659131     0.042404612      0.99719723      -24.280118       -24.280118       2462.9032                                                 2462.9032
              2       1210.2811       0.1973394      0.30325756   9.1114642e-05      0.02217871       3.0071337      0.96812508     0.048530154      0.99443308      -24.280118       -24.280118       2469.1224                                                 2469.1224
              4       1209.8513      0.19632087      0.29672292   8.9843158e-05     0.022193817       3.0070871      0.97052768     0.046732741      0.99782755      -24.280118       -24.280118       2468.2628                                                 2468.2628
              5       1209.1843      0.31192547      0.29607121   8.9783451e-05     0.022410288       3.0054237      0.97252678     0.049499678      0.99247514      -24.280118       -24.280118       2466.9288                                                 2466.9288
              4       1208.3482      0.44762979      0.29782311   9.0577026e-05     0.022552006       3.0120753      0.97514894     0.052717472      0.99322845      -24.280118       -24.280118       2465.2565                                                 2465.2565
              1        1204.725      0.46079711      0.29965687   9.0901866e-05     0.022580783       3.0058318       0.9738531     0.046149365      0.99609386      -24.280118       -24.280118       2458.0102                                                 2458.0102
              4       1204.9385      0.40669535      0.29740717   9.0221728e-05     0.022651675       3.0138575      0.97450912     0.045175041       1.0006391      -24.280118       -24.280118       2458.4372                                                 2458.4372
              1       1204.4476      0.41641981      0.29901778   9.0666826e-05     0.022580136       3.0202746      0.97491592     0.048718799       1.0003456      -24.280118       -24.280118       2457.4554                                                 2457.4554
              3       1204.8975      0.52116984      0.30157281   9.1591445e-05      0.02263319       3.0282417      0.97542359     0.052467281       1.0011463      -24.280118       -24.280118       2458.3552                                                 2458.3552
              2        1205.568       0.3337719      0.29756683   8.9917662e-05     0.022673031       3.0179658      0.97263401     0.044158506        1.003289      -24.280118       -24.280118       2459.6963                                                 2459.6963
              6        1206.073       0.3453198      0.30574798   9.1910157e-05      0.02245115       3.0254923      0.96935119     0.051056096      0.99992031      -24.280118       -24.280118       2460.7061                                                 2460.7061
              1       1204.5703      0.35367581       0.3054518   9.1810516e-05     0.022448858       3.0279371      0.97059953     0.051837851       1.0003399      -24.280118       -24.280118       2457.7008                                                 2457.7008
              8       1205.3428      0.39324618      0.31047074   9.3023129e-05     0.022355333       3.0229289       0.9673519     0.047761644       1.0007806      -24.280118       -24.280118       2459.2459                                                 2459.2459
              6       1205.0082      0.42459524        0.312077   9.3436501e-05     0.022360398        3.009163       0.9685124     0.038763964       1.0027747      -24.280118       -24.280118       2458.5767                                                 2458.5767
              6       1204.1201      0.44061641      0.30861357   9.2737111e-05      0.02247915       3.0061177      0.97081919     0.037360386       1.0033242      -24.280118       -24.280118       2456.8005                                                 2456.8005
              1       1203.8979      0.43115454      0.30848704   9.2710314e-05     0.022435665       3.0059536      0.97120723     0.037655776       1.0030337      -24.280118       -24.280118       2456.3561                                                 2456.3561
              3       1204.2726      0.29578364      0.30255572   9.0746921e-05     0.022516575       3.0128172      0.96846317     0.039775428        1.003824      -24.280118       -24.280118       2457.1054                                                 2457.1054
              3       1204.0127      0.29788934      0.30196178   9.0617708e-05     0.022502493       3.0124474      0.96913835      0.04026382       1.0032035      -24.280118       -24.280118       2456.5857                                                 2456.5857
              4       1203.4866      0.32775428      0.30193536   9.0745845e-05     0.022535188       3.0132169      0.96917719     0.041346679        1.002564      -24.280118       -24.280118       2455.5334                                                 2455.5334
              2       1204.0045       0.4582597      0.31224981   9.3408165e-05     0.022467476       3.0077555      0.96805998     0.041750869       1.0004401      -24.280118       -24.280118       2456.5692                                                 2456.5692
              1       1204.2908      0.43951501      0.31168685   9.3187678e-05     0.022488001       3.0091343      0.96763192     0.041501487       1.0012144      -24.280118       -24.280118       2457.1419                                                 2457.1419
              1       1204.5122      0.44865583      0.31268877   9.3443869e-05     0.022449925       3.0110829      0.96730744     0.041912456       1.0015661      -24.280118       -24.280118       2457.5847                                                 2457.5847
              7       1204.7059       0.2928407      0.30733495   9.1832329e-05     0.022413336       3.0045272      0.96572507     0.036855834       1.0027427      -24.280118       -24.280118       2457.9721                                                 2457.9721
              4       1204.7055      0.29235428      0.30729965   9.1821396e-05       0.0224146       3.0043681      0.96576329     0.036761141       1.0027645      -24.280118       -24.280118       2457.9712                                                 2457.9712
              1       1204.6012      0.24991951      0.30492891   9.1231907e-05     0.022387968       3.0012569      0.96534262     0.035839926        1.002325      -24.280118       -24.280118       2457.7625                                                 2457.7625
              5       1204.0183      0.30871212      0.30663619   9.1883647e-05     0.022289314       3.0124415      0.96822569     0.042884725       1.0013596      -24.280118       -24.280118       2456.5968                                                 2456.5968
              6        1203.676      0.28392708      0.30552615   9.1397376e-05     0.022381539       3.0119042      0.96920315     0.040967529       1.0019608      -24.280118       -24.280118       2455.9123                                                 2455.9123
              5       1203.3682      0.26803771      0.30448007   9.1121834e-05     0.022407124       3.0127057      0.96924492     0.041796805       1.0016063      -24.280118       -24.280118       2455.2965                                                 2455.2965
              5       1204.3739      0.30413638      0.30715111    9.170104e-05     0.022382818       3.0069057      0.96882771      0.03855896       1.0011246      -24.280118       -24.280118        2457.308                                                  2457.308
              5       1205.0467      0.46386852      0.31200203   9.3417559e-05      0.02240664        2.983395      0.97014127     0.025850684       1.0022361      -24.280118       -24.280118       2458.6536                                                 2458.6536
              2       1205.0445      0.46054809      0.31177733   9.3336077e-05     0.022418537       2.9823371      0.97040941     0.025402038       1.0021321      -24.280118       -24.280118       2458.6492                                                 2458.6492
              4       1205.9848      0.48218674      0.31339883   9.3949034e-05     0.022237749       2.9780725      0.97101932     0.025953823       1.0010706      -24.280118       -24.280118       2460.5299                                                 2460.5299
              1       1205.1766      0.38617707      0.30807526   9.2367412e-05      0.02230591       2.9771832      0.97187028     0.030134607      0.99653765      -24.280118       -24.280118       2458.9134                                                 2458.9134
              1       1205.0919      0.38294922      0.30811452   9.2351939e-05     0.022310387       2.9780831      0.97191393     0.030552731      0.99655341      -24.280118       -24.280118        2458.744                                                  2458.744
              2       1204.3966      0.38958251      0.30652229   9.2039011e-05     0.022388221       2.9710697      0.97205768     0.027085248      0.99705143      -24.280118       -24.280118       2457.3535                                                 2457.3535
              1       1204.2805      0.35736857      0.30550241    9.173508e-05     0.022375274       2.9686142      0.97126952      0.02552197      0.99730998      -24.280118       -24.280118       2457.1212                                                 2457.1212
              1       1204.2868       0.3186574      0.30452177   9.1401953e-05     0.022338065       2.9758983      0.97116124     0.028868759      0.99772382      -24.280118       -24.280118       2457.1339                                                 2457.1339
              3       1202.9321      0.39055775      0.30400028   9.1556352e-05      0.02245105       2.9926341      0.96820894     0.037570975      0.99742825      -24.280118       -24.280118       2454.4244                                                 2454.4244
              1       1203.5592      0.35878852      0.30478566   9.1476223e-05      0.02245236       3.0040897      0.96658473     0.040352341      0.99832966      -24.280118       -24.280118       2455.6786                                                 2455.6786
              1       1203.7151      0.31906365      0.30048008   9.0269295e-05     0.022639333        3.010502      0.96948228     0.041911289       1.0001573      -24.280118       -24.280118       2455.9904                                                 2455.9904
              1       1204.4251      0.48268316      0.30763216   9.2583052e-05     0.022578277       3.0257828      0.97076241     0.047307115        1.002897      -24.280118       -24.280118       2457.4103                                                 2457.4103
              5       1207.0322      0.69782537      0.31684537   9.5439516e-05     0.022407222       3.0041245      0.97524628     0.039301835       1.0006006      -24.280118       -24.280118       2462.6247                                                 2462.6247
              1       1205.9695      0.58814602      0.31845753   9.5379488e-05      0.02229693       2.9907181      0.97016662     0.035784736      0.99664104      -24.280118       -24.280118       2460.4993                                                 2460.4993
              4       1208.3341      0.80578231      0.32376802   9.7363633e-05     0.022479606       2.9783026      0.96950611     0.028699321       0.9979035      -24.280118       -24.280118       2465.2283                                                 2465.2283
              2        1207.595      0.71092845      0.31883607   9.5833173e-05     0.022636887       2.9869663      0.96861021     0.033474034      0.99686953      -24.280118       -24.280118       2463.7502                                                 2463.7502
              3       1207.5739      0.71066038       0.3188258   9.5829077e-05     0.022637347       2.9870364      0.96864788     0.033497579        0.996885      -24.280118       -24.280118        2463.708                                                  2463.708
              6       1207.7286      0.73463591      0.31982496   9.6109022e-05     0.022640833       2.9890569      0.96912768      0.03510979      0.99624343      -24.280118       -24.280118       2464.0175                                                 2464.0175
             15       1208.1288      0.70781546      0.31965975   9.5946155e-05     0.022649176       2.9857179      0.96899078     0.033022667      0.99649719      -24.280118       -24.280118       2464.8178                                                 2464.8178
              3       1208.6133      0.74676357      0.32030088   9.6175632e-05     0.022667569       2.9990585      0.97024496     0.037097236      0.99835915      -24.280118       -24.280118       2465.7868                                                 2465.7868
              1       1208.6193      0.73853624      0.32021651   9.6129781e-05      0.02266473       3.0000601        0.969776     0.037313671      0.99856985      -24.280118       -24.280118       2465.7988                                                 2465.7988
              1       1209.0659      0.74658561      0.32016549   9.6116921e-05     0.022690919       2.9978532      0.96879682     0.036382854      0.99829833      -24.280118       -24.280118       2466.6919                                                 2466.6919
              1       1208.8476      0.79884057      0.32042421   9.6504094e-05     0.022618784       3.0042929      0.96907695     0.040289287      0.99812197      -24.280118       -24.280118       2466.2554                                                 2466.2554
              2       1208.7846      0.79858768      0.32033108   9.6482643e-05     0.022620479       3.0043149      0.96913458      0.04026708       0.9981859      -24.280118       -24.280118       2466.1294                                                 2466.1294
              3       1208.0117      0.78072424      0.31984226   9.6391492e-05      0.02258605       3.0004151      0.96878138      0.03913915      0.99770909      -24.280118       -24.280118       2464.5837                                                 2464.5837
              5        1210.159      0.29259831      0.30216502   9.0753272e-05     0.022558728       3.0005665      0.96674129     0.041511887      0.99411696      -24.280118       -24.280118       2468.8783                                                 2468.8783
              1       1209.7469      0.26191112      0.30079543   9.0480314e-05     0.022466711       3.0064075      0.96743422     0.044372069      0.99462699      -24.280118       -24.280118       2468.0541                                                 2468.0541
              1       1210.0089      0.28808917      0.30131667   9.0666266e-05     0.022490314       3.0129415      0.96709453     0.047686251       0.9946177      -24.280118       -24.280118       2468.5781                                                 2468.5781
              5       1209.2064      0.40362059      0.30268164   9.1463192e-05     0.022484253       2.9998719      0.96599754     0.039477174      0.99689905      -24.280118       -24.280118        2466.973                                                  2466.973
              1       1209.3533      0.41532316      0.30372245   9.1717868e-05     0.022486946       2.9987051      0.96548224     0.038925509       0.9967358      -24.280118       -24.280118       2467.2668                                                 2467.2668
              1       1209.6998      0.53361336      0.30539316   9.2561568e-05     0.022542193       2.9928818      0.97036225      0.03721471      0.99626731      -24.280118       -24.280118       2467.9599                                                 2467.9599
              3       1209.4231       0.5566372      0.30606648   9.2787356e-05     0.022556479       3.0000638      0.97042254     0.040393471      0.99669746      -24.280118       -24.280118       2467.4064                                                 2467.4064
              2       1208.3566      0.68475268      0.30624185   9.3251526e-05      0.02271837       3.0087503      0.97346535     0.045256277      0.99767535      -24.280118       -24.280118       2465.2734                                                 2465.2734
              4       1207.6721      0.67355324      0.30646226   9.3222108e-05     0.022723421       3.0108083      0.97286359     0.045295297      0.99850102      -24.280118       -24.280118       2463.9044                                                 2463.9044
              2       1208.2364      0.50890987        0.297503   9.0681145e-05     0.022679572         3.02495      0.97744985     0.052036307      0.99964185      -24.280118       -24.280118       2465.0331                                                 2465.0331
             11       1208.3348      0.51218724      0.29758509   9.0708822e-05     0.022681534       3.0256669      0.97740135     0.052306891       0.9997007      -24.280118       -24.280118       2465.2298                                                 2465.2298
              7        1207.039      0.49630195      0.29819754   9.0821877e-05     0.022633618       3.0199753      0.97657277     0.049966336      0.99920732      -24.280118       -24.280118       2462.6382                                                 2462.6382
              1       1207.2222      0.48374451      0.29819732   9.0703229e-05     0.022676613       3.0192874      0.97618499     0.047930791       1.0003969      -24.280118       -24.280118       2463.0046                                                 2463.0046
              3       1206.2585      0.37774142      0.29578687   8.9737936e-05     0.022636088       3.0051907      0.97674439     0.041976328      0.99937445      -24.280118       -24.280118       2461.0773                                                 2461.0773
              4       1205.7947      0.41842228      0.29813761   9.0449641e-05     0.022574742       3.0010898      0.97711601     0.039529534      0.99989752      -24.280118       -24.280118       2460.1497                                                 2460.1497
              1       1205.6038      0.41739317      0.29843313   9.0524337e-05      0.02255833       3.0014632      0.97688124     0.039939483      0.99963561      -24.280118       -24.280118       2459.7678                                                 2459.7678
              3       1205.6114      0.21945129      0.29599059   8.9257468e-05     0.022512165       2.9735849      0.97103568     0.025193397      0.99944477      -24.280118       -24.280118       2459.7831                                                 2459.7831
              7       1205.8029      0.18423972      0.29546546   8.8998257e-05     0.022494372       2.9763159      0.97094507      0.02561701       1.0000188      -24.280118       -24.280118        2460.166                                                  2460.166
              2       1207.3498      0.14008958      0.29395596   8.8477582e-05     0.022514401       2.9764984      0.96819809     0.024739829       1.0003323      -24.280118       -24.280118       2463.2598                                                 2463.2598
              4       1207.2007      0.13754386      0.29411799   8.8584207e-05     0.022486967       2.9790737      0.96747062     0.026528107       1.0000278      -24.280118       -24.280118       2462.9617                                                 2462.9617
              5       1207.8912      0.11310059      0.29619588   8.9037542e-05     0.022403728       2.9806958      0.96783729     0.025535921          1.0013      -24.280118       -24.280118       2464.3426                                                 2464.3426
              7       1207.8852      0.12044539      0.29625687   8.9077072e-05     0.022410014       2.9814812       0.9680091     0.025870038        1.001394      -24.280118       -24.280118       2464.3306                                                 2464.3306
              1       1207.5521        0.124814      0.29817795   8.9366699e-05     0.022447746       2.9956368      0.96530222     0.032110267       1.0013171      -24.280118       -24.280118       2463.6645                                                 2463.6645
              3       1206.7686      0.11583618      0.29669433   8.9024958e-05     0.022435918       2.9977022      0.96711002     0.033544503       1.0013755      -24.280118       -24.280118       2462.0974                                                 2462.0974
              1       1206.1496      0.16529037      0.29777549   8.9503146e-05     0.022414919       2.9931959      0.96704092     0.033088384      0.99995722      -24.280118       -24.280118       2460.8593                                                 2460.8593
              3       1205.8026      0.12568451      0.29744179   8.9365297e-05     0.022350787       2.9923588      0.96716101     0.033293409      0.99979369      -24.280118       -24.280118       2460.1654                                                 2460.1654
              4       1206.9068      0.11732541      0.29740246   8.9370701e-05     0.022306369       2.9965234       0.9659082     0.034665993       1.0004145      -24.280118       -24.280118       2462.3738                                                 2462.3738
              2       1206.8561       0.1110574      0.29738531   8.9339012e-05     0.022305845       2.9968243      0.96583193     0.034804815       1.0003937      -24.280118       -24.280118       2462.2724                                                 2462.2724
              6       1204.8882      0.13105477      0.29489083    8.870832e-05     0.022448565       3.0109866       0.9704998     0.042965637       1.0000389      -24.280118       -24.280118       2458.3365                                                 2458.3365
              1       1203.3185      0.35507229      0.30379879   9.1290146e-05     0.022527602       2.9824543      0.97303427     0.031658613      0.99731516      -24.280118       -24.280118       2455.1973                                                 2455.1973
              1       1203.9687      0.32543505      0.30246001   9.0884266e-05     0.022540385        2.978565      0.97218348     0.030552466      0.99625642      -24.280118       -24.280118       2456.4977                                                 2456.4977
              1       1205.0229      0.30523952      0.29997446   9.0300525e-05     0.022557331        2.971368      0.97377841     0.026538298      0.99708478      -24.280118       -24.280118        2458.606                                                  2458.606
              3       1204.9608      0.31590439      0.30009571   9.0359338e-05     0.022562401       2.9718955      0.97372113     0.026676904       0.9972117      -24.280118       -24.280118       2458.4818                                                 2458.4818
              3       1204.3333      0.43148969      0.30221051   9.1243487e-05     0.022544739       2.9806881      0.97128631     0.029471599      0.99885667      -24.280118       -24.280118       2457.2268                                                 2457.2268
              3       1203.5073      0.38565308      0.30433721   9.1491918e-05     0.022488735        3.005503      0.96951188     0.038781558       1.0006851      -24.280118       -24.280118       2455.5749                                                 2455.5749
              7       1204.6217      0.36262502       0.3035155   9.1266932e-05     0.022475119       3.0031131      0.96827523     0.038534847      0.99926933      -24.280118       -24.280118       2457.8036                                                 2457.8036
              1       1204.5757      0.37855021      0.30467165   9.1714486e-05     0.022469592       2.9943191      0.96525858     0.036231384      0.99807576      -24.280118       -24.280118       2457.7117                                                 2457.7117
              2       1204.8567      0.34287647      0.30360951   9.1342502e-05     0.022479164       2.9933267       0.9649482     0.035106942      0.99853888      -24.280118       -24.280118       2458.2736                                                 2458.2736
              6        1204.839      0.49570214      0.30583554   9.2464887e-05     0.022531725        2.993097      0.96985024     0.036403822       0.9979529      -24.280118       -24.280118       2458.2382                                                 2458.2382
              5       1204.2385       0.5209599      0.30686484    9.274586e-05     0.022543542       2.9968741      0.97000053     0.037841145      0.99836915      -24.280118       -24.280118       2457.0372                                                 2457.0372
              1        1204.751      0.60891609      0.30653159   9.3083719e-05     0.022586358       3.0026109      0.97335943     0.042329851      0.99798907      -24.280118       -24.280118       2458.0622                                                 2458.0622
              6       1211.6232      0.66034621      0.30683348   9.3221868e-05     0.022638393        2.970588      0.97611561     0.030137547      0.99370478      -24.280118       -24.280118       2471.8067                                                 2471.8067
              3       1206.8521      0.59207452      0.30928514    9.344061e-05     0.022601461       2.9901678      0.97303428     0.038316228      0.99432593      -24.280118       -24.280118       2462.2643                                                 2462.2643
              2       1205.4339      0.60292423      0.30787798   9.3064945e-05     0.022729004       2.9845125      0.97380752     0.031691389      0.99901757      -24.280118       -24.280118       2459.4281                                                 2459.4281
              1       1207.0859      0.66338511      0.30965735   9.4092152e-05     0.022574159        3.015832      0.97223691      0.04619442       1.0023004      -24.280118       -24.280118        2462.732                                                  2462.732
              1       1208.6184      0.79215603      0.31324708   9.5190128e-05     0.022592972       3.0334529      0.97435427        0.056018       1.0019576      -24.280118       -24.280118       2465.7969                                                 2465.7969
              1       1208.1309      0.59657918      0.31014659   9.3723101e-05     0.022543386        3.038079      0.97321297     0.060027016      0.99997005      -24.280118       -24.280118        2464.822                                                  2464.822
              7       1207.9465      0.53298393      0.30739055   9.2966272e-05     0.022479091       3.0392758      0.97402706     0.060142484       1.0006299      -24.280118       -24.280118       2464.4533                                                 2464.4533
              2       1208.3345      0.53861176      0.30848977   9.3202232e-05     0.022480979       3.0378875      0.97248832      0.05952629       1.0004815      -24.280118       -24.280118       2465.2292                                                 2465.2292
              4       1208.4941      0.53261641      0.30793553   9.3091374e-05     0.022476602        3.038547      0.97209111     0.059638194       1.0007305      -24.280118       -24.280118       2465.5484                                                 2465.5484
              3       1206.7017      0.51523957      0.30761712   9.2933483e-05     0.022453799       3.0262902      0.97074333     0.056911074      0.99684272      -24.280118       -24.280118       2461.9637                                                 2461.9637
              4       1205.7006      0.59796979      0.30883049   9.3515758e-05      0.02245244       3.0302376      0.97183134     0.057377124      0.99810716      -24.280118       -24.280118       2459.9615                                                 2459.9615
              1       1206.4362      0.66781581      0.31133155   9.4475424e-05     0.022466812       3.0240854      0.97232369     0.055798049      0.99636907      -24.280118       -24.280118       2461.4327                                                 2461.4327
              3        1205.467      0.71699769      0.31202206   9.4874616e-05     0.022443981       3.0115059      0.97574241     0.046904916      0.99935708      -24.280118       -24.280118       2459.4942                                                 2459.4942
              6       1205.6922      0.70423165       0.3116907   9.4764711e-05     0.022420573       3.0065381      0.97634745     0.045433232      0.99855289      -24.280118       -24.280118       2459.9447                                                 2459.9447
              1       1206.4716      0.69600066      0.31224829   9.4873051e-05     0.022379635        3.000845      0.97730244     0.042994258      0.99833576      -24.280118       -24.280118       2461.5033                                                 2461.5033
              7       1205.9837      0.71022423      0.31371964   9.5101817e-05     0.022500825       2.9930751      0.97625558     0.036526677       1.0000776      -24.280118       -24.280118       2460.5277                                                 2460.5277
              6       1206.7545      0.61735034      0.31054967   9.4053765e-05     0.022509462       2.9928577      0.97680643     0.036223212      0.99935494      -24.280118       -24.280118       2462.0692                                                 2462.0692
              4       1206.6414      0.72477911      0.31174634    9.456906e-05     0.022661687       3.0018399      0.97699574     0.039994408      0.99979856      -24.280118       -24.280118       2461.8431                                                 2461.8431
              1        1209.958      0.45874735       0.2977236   9.0563956e-05     0.022659159       2.9898944      0.98236208     0.036468393      0.99936674      -24.280118       -24.280118       2468.4762                                                 2468.4762
              9       1209.0166      0.47283555      0.30032195   9.1315436e-05     0.022501399       2.9982799      0.98168149     0.039244371        1.001609      -24.280118       -24.280118       2466.5934                                                 2466.5934
              1       1205.9551      0.40630647      0.30738066   9.2429864e-05     0.022337407        3.014112      0.97653907     0.050136304      0.99598922      -24.280118       -24.280118       2460.4704                                                 2460.4704
              6       1206.9835      0.47608366       0.3157784   9.4534226e-05     0.022310157       2.9864345      0.97125983     0.033373415      0.99745855      -24.280118       -24.280118       2462.5272                                                 2462.5272
              2       1207.1581      0.43729694      0.31432741    9.413131e-05     0.022293791       2.9893836      0.97030009     0.035387744      0.99713553      -24.280118       -24.280118       2462.8764                                                 2462.8764
              1       1209.0339      0.43984739      0.31457333   9.4210357e-05     0.022330104       2.9891513      0.97132541     0.034261447      0.99830758      -24.280118       -24.280118       2466.6279                                                 2466.6279
              2       1208.8535      0.26741676      0.30889183   9.2402545e-05      0.02227025       2.9751892       0.9694205     0.024961268        1.000086      -24.280118       -24.280118       2466.2672                                                 2466.2672
              4       1208.5478      0.27578886      0.30816562   9.2274019e-05     0.022299626       2.9719531      0.96958088     0.023791957      0.99976865      -24.280118       -24.280118       2465.6559                                                 2465.6559
              3       1207.3838     0.084377612      0.29471733   8.8708121e-05     0.022302806        3.018315      0.97424394     0.048754383      0.99974358      -24.280118       -24.280118       2463.3278                                                 2463.3278
              1       1207.9714     0.067765823      0.29747695   8.9114953e-05     0.022344976       3.0129361      0.97362778     0.049100079      0.99649486      -24.280118       -24.280118       2464.5031                                                 2464.5031
              1       1210.0423      0.17157275      0.29421998   8.8545665e-05     0.022662691       2.9662921        0.968338      0.02549215      0.99706952      -24.280118       -24.280118       2468.6449                                                 2468.6449
              1       1209.6976      0.22437596       0.2964272    8.923589e-05     0.022617388       2.9550479      0.96901127     0.021910005      0.99468812      -24.280118       -24.280118       2467.9554                                                 2467.9554
              3       1209.4897      0.24387149      0.29680372   8.9361617e-05     0.022644869       2.9572391      0.96917175     0.022868741      0.99474644      -24.280118       -24.280118       2467.5396                                                 2467.5396
              1       1207.8981      0.22398988       0.2989111   8.9626562e-05     0.022655126       2.9477674      0.96888069     0.014723814       0.9970839      -24.280118       -24.280118       2464.3564                                                 2464.3564
              3       1207.1793      0.42280216      0.31295283   9.3266549e-05     0.022477375       2.9651721      0.96328151     0.021328565      0.99836303      -24.280118       -24.280118       2462.9189                                                 2462.9189
              7       1207.7224      0.32894852      0.31104422   9.2494077e-05     0.022402141       2.9562274       0.9632246     0.017117103      0.99760224      -24.280118       -24.280118        2464.005                                                  2464.005
              1       1207.8007      0.34251441      0.31048737   9.2437263e-05     0.022405924       2.9623073      0.96266485      0.01841482       0.9995101      -24.280118       -24.280118       2464.1616                                                 2464.1616
              1       1207.0389      0.35913684      0.31195229   9.2814552e-05     0.022404598        2.967021      0.96308986     0.019671809       1.0004129      -24.280118       -24.280118        2462.638                                                  2462.638
              2       1207.2273      0.35287674      0.31210171   9.2812819e-05     0.022392973       2.9673796      0.96316108     0.019758856       1.0004395      -24.280118       -24.280118       2463.0149                                                 2463.0149
             13       1207.2967      0.35352352      0.31220024   9.2833899e-05     0.022393164       2.9667934      0.96304179     0.019401102       1.0004689      -24.280118       -24.280118       2463.1537                                                 2463.1537
              9       1206.7435       0.3084722       0.3091227   9.2073426e-05     0.022384899       2.9590561      0.96503441     0.016930069      0.99979143      -24.280118       -24.280118       2462.0473                                                 2462.0473
              2       1208.3163      0.23397486      0.30781758   9.1503632e-05     0.022365838       2.9615114      0.96275582     0.017490734       1.0001076      -24.280118       -24.280118       2465.1928                                                 2465.1928
              1       1208.3669      0.22345665      0.30748158   9.1396005e-05     0.022361035       2.9604349      0.96285398     0.017074727      0.99999193      -24.280118       -24.280118        2465.294                                                  2465.294
              2        1207.665       0.1794305      0.30564913   9.0878298e-05      0.02235837       2.9669883       0.9634341     0.017883016       1.0020913      -24.280118       -24.280118       2463.8902                                                 2463.8902
              7       1205.6234      0.25604051      0.30331265   9.1063373e-05     0.022366803       2.9765218      0.96476319     0.025979079       1.0004059      -24.280118       -24.280118       2459.8071                                                 2459.8071
             10       1205.2854      0.27706596      0.30388375   9.1252753e-05     0.022375367       2.9758265      0.96518287     0.026134738      0.99994555      -24.280118       -24.280118        2459.131                                                  2459.131
              2       1204.7695      0.13852898      0.29955725   8.9733897e-05     0.022369829       2.9854697      0.96550278     0.030895944      0.99968844      -24.280118       -24.280118       2458.0992                                                 2458.0992
              1       1204.3974      0.14758738      0.29861307   8.9560338e-05      0.02242081       2.9864752      0.96677159     0.031713922      0.99964935      -24.280118       -24.280118       2457.3551                                                 2457.3551
              1       1203.9945      0.17567904      0.30012242   8.9903751e-05      0.02246214       2.9912469       0.9665086     0.032858786       1.0005284      -24.280118       -24.280118       2456.5493                                                 2456.5493
              2       1206.0937      0.19391456      0.29867261   8.9645166e-05     0.022469371       2.9824917      0.96920951     0.027117036       1.0030278      -24.280118       -24.280118       2460.7476                                                 2460.7476
              2       1205.3793      0.25099141      0.29981178   9.0094874e-05     0.022481084       2.9897205      0.96980235     0.031869653       1.0023361      -24.280118       -24.280118       2459.3188                                                 2459.3188
              1        1206.917      0.21746705      0.29551067   8.9012475e-05     0.022615186       2.9868095      0.96964306     0.031383411       1.0015307      -24.280118       -24.280118       2462.3943                                                 2462.3943
              5       1206.9498      0.19143663      0.29421124   8.8704473e-05     0.022574771         2.98309      0.96926403     0.029694598       1.0012292      -24.280118       -24.280118       2462.4598                                                 2462.4598
              2       1206.8622      0.18069262      0.29363249   8.8522812e-05     0.022578474       2.9842184      0.97011265     0.030630258        1.000888      -24.280118       -24.280118       2462.2847                                                 2462.2847
              1        1205.724      0.21337511      0.29616305   8.9199817e-05     0.022535975       2.9937412      0.96971984     0.035061763       1.0013634      -24.280118       -24.280118       2460.0082                                                 2460.0082
              1       1206.0959      0.19424428      0.29847761   8.9599695e-05     0.022472332       2.9849782      0.97143424      0.02970894       1.0021362      -24.280118       -24.280118       2460.7521                                                 2460.7521
              5       1203.7125      0.29513056      0.30518553   9.1345078e-05     0.022433692       2.9788778      0.97056753     0.030353586      0.99740691      -24.280118       -24.280118       2455.9852                                                 2455.9852
              7       1203.7337      0.38232113      0.30735582    9.207601e-05     0.022518277        2.978726      0.97053691      0.02906746      0.99881035      -24.280118       -24.280118       2456.0276                                                 2456.0276
              5         1203.81      0.38001465       0.3074739   9.2104176e-05     0.022509384       2.9773217      0.97017809     0.028480079      0.99870489      -24.280118       -24.280118       2456.1802                                                 2456.1802
              1       1203.9032      0.38642037        0.307728   9.2177105e-05     0.022510698       2.9778614      0.97055806     0.029065577      0.99843217      -24.280118       -24.280118       2456.3666                                                 2456.3666
              2       1203.2485      0.51683727      0.31385578   9.4020925e-05     0.022495772         2.99696      0.96843264     0.037501905      0.99806324      -24.280118       -24.280118       2455.0572                                                 2455.0572
              5       1202.9436      0.54436915      0.31400933   9.4148514e-05      0.02251815       3.0027281       0.9689142     0.039992886      0.99870821      -24.280118       -24.280118       2454.4474                                                 2454.4474
              2       1203.6487      0.57010224      0.31432141   9.4362572e-05     0.022504268        3.005756      0.96864392     0.041770078      0.99801213      -24.280118       -24.280118       2455.8577                                                 2455.8577
              1       1204.6632      0.59807365      0.31576547   9.4671371e-05     0.022533987       3.0154343      0.96698237     0.046158484      0.99808827      -24.280118       -24.280118       2457.8867                                                 2457.8867
              3       1204.5093      0.59398742      0.31532075   9.4543414e-05     0.022544725       3.0139823      0.96692609     0.044922071      0.99851053      -24.280118       -24.280118       2457.5789                                                 2457.5789
              1       1204.4972      0.59346853       0.3152899   9.4536295e-05     0.022544403       3.0138426      0.96691945     0.044850123      0.99851483      -24.280118       -24.280118       2457.5546                                                 2457.5546
              1       1204.6708      0.54027249      0.31518623   9.4289904e-05     0.022501315       3.0130276      0.96531632     0.042778597      0.99998348      -24.280118       -24.280118       2457.9019                                                 2457.9019
              1       1204.2368      0.47819023      0.31295852   9.3636295e-05     0.022480116        3.018171      0.96560072     0.046399696      0.99936205      -24.280118       -24.280118       2457.0339                                                 2457.0339
              6       1203.7155         0.59998      0.31096692   9.3725202e-05     0.022563406       3.0240471      0.97089541     0.048660998       1.0021711      -24.280118       -24.280118       2455.9913                                                 2455.9913
              7       1204.3783      0.64617693      0.31256739   9.4223118e-05       0.0225572       3.0245165      0.97249858     0.050461677       1.0010197      -24.280118       -24.280118       2457.3169                                                 2457.3169
              3       1205.1064      0.63142554      0.31128738    9.393796e-05     0.022544013       3.0332189      0.97286984     0.054072628       1.0018769      -24.280118       -24.280118       2458.7731                                                 2458.7731
              8       1205.0576      0.63136948      0.31022066   9.3733978e-05     0.022573896       3.0303088      0.97275833     0.052110396       1.0027342      -24.280118       -24.280118       2458.6755                                                 2458.6755
              4       1205.3298      0.67804595      0.31380396   9.4903051e-05     0.022468208       3.0293108      0.97222123     0.053133993       1.0015093      -24.280118       -24.280118       2459.2198                                                 2459.2198
              4       1206.5742      0.59429903      0.30759679   9.3517083e-05     0.022407453       3.0013614      0.97639817     0.044792445      0.99674278      -24.280118       -24.280118       2461.7087                                                 2461.7087
              1       1205.2918      0.62354248      0.30753481   9.3449918e-05     0.022486596       2.9987788      0.97565335     0.043084497      0.99615854      -24.280118       -24.280118       2459.1439                                                 2459.1439
              2       1205.3859      0.63241899      0.30806668   9.3580448e-05     0.022488609       2.9963892       0.9755794     0.042342842      0.99577409      -24.280118       -24.280118        2459.332                                                  2459.332
              1       1205.3238      0.64129601      0.30812898   9.3632761e-05     0.022476039       2.9968027      0.97572343     0.042245534      0.99618385      -24.280118       -24.280118       2459.2078                                                 2459.2078
              3       1205.6415      0.65160734      0.30851815   9.3740825e-05     0.022479598       2.9952006      0.97589024     0.041817137      0.99583669      -24.280118       -24.280118       2459.8433                                                 2459.8433
              5       1206.7562      0.67057655      0.30808054   9.3773764e-05     0.022474646       2.9981157       0.9766793     0.044144398      0.99529692      -24.280118       -24.280118       2462.0726                                                 2462.0726
              2       1205.1916      0.48284621      0.30423598   9.2179366e-05     0.022426662       3.0020729      0.97482929     0.045489921      0.99483429      -24.280118       -24.280118       2458.9434                                                 2458.9434
              3       1204.4567      0.46156028      0.30396526   9.1944471e-05      0.02239368       3.0029825       0.9750003     0.045561046      0.99591966      -24.280118       -24.280118       2457.4736                                                 2457.4736
              4       1204.2393      0.47023869      0.30373856   9.1883911e-05     0.022430064       3.0039203       0.9750331      0.04582193      0.99600122      -24.280118       -24.280118       2457.0388                                                 2457.0388
             10        1206.832      0.66406368      0.31280838   9.4372456e-05     0.022486003       2.9905082      0.97675286     0.036999428      0.99764957      -24.280118       -24.280118       2462.2243                                                 2462.2243
              1       1205.9236      0.60991869      0.31184334    9.399939e-05     0.022446643       2.9810006      0.97456666     0.033002782      0.99685549      -24.280118       -24.280118       2460.4073                                                 2460.4073
              5       1205.9027      0.60510564      0.31163672   9.3932907e-05       0.0224447       2.9818462       0.9745041     0.033501174      0.99675406      -24.280118       -24.280118       2460.3656                                                 2460.3656
              4       1204.3447      0.55275479      0.31021864   9.3464004e-05     0.022422022       2.9848385      0.97329836      0.03464295      0.99688062      -24.280118       -24.280118       2457.2496                                                 2457.2496
              4       1204.4063      0.56332565      0.31077144   9.3552271e-05     0.022434569         2.99514      0.97283444     0.037760018      0.99900726      -24.280118       -24.280118       2457.3728                                                 2457.3728
              9       1204.7288      0.57671232      0.30940816   9.3286049e-05     0.022482906       3.0136614      0.97050085     0.043429109       1.0019254      -24.280118       -24.280118       2458.0178                                                 2458.0178
              5       1205.7458      0.63543251      0.30859407   9.3409985e-05     0.022494996       3.0023536      0.97373104     0.041450217      0.99913068      -24.280118       -24.280118       2460.0518                                                 2460.0518
              2       1204.2467      0.57921437      0.30564111   9.2698844e-05     0.022503317       3.0023418      0.97593935     0.043244925      0.99843805      -24.280118       -24.280118       2457.0537                                                 2457.0537
              7       1204.1193      0.56701572      0.30527287   9.2569291e-05     0.022502689       3.0032079      0.97559244     0.043673146      0.99844517      -24.280118       -24.280118       2456.7989                                                 2456.7989
              2       1203.9113       0.5644777      0.30476223   9.2475242e-05     0.022515897       3.0008579      0.97579083     0.042684319      0.99797601      -24.280118       -24.280118       2456.3828                                                 2456.3828
              2       1204.0031      0.33348091       0.2985217    9.038939e-05     0.022421504       3.0113236      0.97412119     0.047195519      0.99851735      -24.280118       -24.280118       2456.5664                                                 2456.5664
              1       1204.0045      0.33405448      0.29850783   9.0386936e-05     0.022423582       3.0115608      0.97416896     0.047283321      0.99855171      -24.280118       -24.280118       2456.5692                                                 2456.5692
              5       1205.1949      0.32705607      0.29596992   8.9754293e-05     0.022547265       3.0156734      0.97128961     0.049683259      0.99805927      -24.280118       -24.280118       2458.9501                                                 2458.9501
              6       1206.7529      0.27832327      0.29563714   8.9367514e-05     0.022619023       3.0266538      0.96825016     0.049928407       1.0019265      -24.280118       -24.280118        2462.066                                                  2462.066
              4         1206.99       0.2417412      0.30063922    9.008538e-05     0.022556406       3.0363757      0.96639308     0.054546317        1.001163      -24.280118       -24.280118       2462.5403                                                 2462.5403
              1       1206.2565      0.35804143      0.30322294   9.1022141e-05     0.022620255       3.0415093      0.96917652     0.058128186       1.0003015      -24.280118       -24.280118       2461.0732                                                 2461.0732
              4        1206.147      0.39104634      0.30374164    9.123504e-05       0.0226748       3.0389519       0.9700625     0.057265679       1.0005404      -24.280118       -24.280118       2460.8543                                                 2460.8543
              2       1206.5214      0.36067238      0.30150935   9.0613543e-05     0.022707523       3.0381636       0.9709624     0.056699575       1.0009291      -24.280118       -24.280118       2461.6031                                                 2461.6031
              5       1204.7753      0.44325904      0.30345382   9.1404599e-05     0.022674508       3.0313945      0.97407151     0.051326685       1.0029215      -24.280118       -24.280118       2458.1109                                                 2458.1109
              3       1204.6233      0.39064446      0.30269356   9.1064828e-05     0.022666173       3.0308277      0.97219865      0.05071393       1.0027217      -24.280118       -24.280118       2457.8068                                                 2457.8068
              2       1204.4652      0.33957984      0.30104986    9.055031e-05     0.022637631        3.024625      0.97351472     0.047417395       1.0029496      -24.280118       -24.280118       2457.4907                                                 2457.4907
              2       1206.1923      0.35392767       0.3006083   9.0448188e-05     0.022697507       3.0219508      0.97266688     0.043764215       1.0049823      -24.280118       -24.280118       2460.9448                                                 2460.9448
              1       1206.3876      0.36733352      0.30185889   9.0737041e-05     0.022674482       3.0205957      0.97374856     0.042698057        1.005251      -24.280118       -24.280118       2461.3354                                                 2461.3354
              3       1206.6332      0.40286973      0.30344465   9.1180274e-05     0.022720544       3.0184274      0.97559394     0.042856236       1.0045893      -24.280118       -24.280118       2461.8266                                                 2461.8266
              5       1206.0397      0.42119088      0.30862706   9.2298467e-05     0.022666798       3.0275739      0.97255976     0.048046717       1.0027571      -24.280118       -24.280118       2460.6396                                                 2460.6396
              2       1205.8312      0.46898093      0.30908855   9.2672118e-05     0.022668413       3.0263432      0.97204363     0.046905284       1.0034879      -24.280118       -24.280118       2460.2225                                                 2460.2225
              4       1205.8368      0.45032334      0.30957348   9.2722688e-05     0.022633968       3.0156261       0.9723209     0.041058954       1.0040158      -24.280118       -24.280118       2460.2339                                                 2460.2339
              1       1205.6567      0.43667357       0.3073625   9.2364791e-05     0.022533904       3.0158676      0.97273151     0.042829339       1.0045287      -24.280118       -24.280118       2459.8736                                                 2459.8736
              3       1205.7913      0.44190213      0.30753297   9.2413969e-05     0.022533108       3.0181542      0.97308673     0.043864168       1.0046348      -24.280118       -24.280118       2460.1427                                                 2460.1427
             12       1205.0805      0.47027297      0.30811637   9.2609665e-05     0.022541323        3.014088      0.97237888     0.041247952       1.0048483      -24.280118       -24.280118       2458.7212                                                 2458.7212
              2       1205.1919      0.46669269      0.30824659   9.2599996e-05     0.022535902       3.0161995      0.97214053     0.042227726       1.0048492      -24.280118       -24.280118        2458.944                                                  2458.944
             11       1205.0659      0.46180866      0.30826756   9.2588089e-05     0.022529771       3.0161333      0.97208133     0.042201459       1.0047756      -24.280118       -24.280118        2458.692                                                  2458.692
             11       1205.7211      0.40660235      0.30647063   9.2060153e-05     0.022490263       3.0086227      0.97420288     0.039070134        1.004611      -24.280118       -24.280118       2460.0024                                                 2460.0024
              2       1207.8612      0.40760694      0.30561457   9.1908884e-05     0.022506492       3.0180997      0.97755077     0.045660084       1.0037186      -24.280118       -24.280118       2464.2826                                                 2464.2826
              3       1208.5211      0.40721277      0.30481908   9.1779734e-05     0.022509448       3.0120991      0.97821837     0.041673224       1.0047696      -24.280118       -24.280118       2465.6023                                                 2465.6023
              4        1207.819      0.37622252      0.30440372   9.1560911e-05     0.022501331       3.0124323      0.97752228     0.041576512       1.0046341      -24.280118       -24.280118       2464.1982                                                 2464.1982
              2       1205.9147      0.43627708      0.31061258   9.3149457e-05     0.022495154       2.9905247      0.97346806     0.033592267       1.0002846      -24.280118       -24.280118       2460.3896                                                 2460.3896
              5       1204.8501        0.594436      0.31231553   9.4252877e-05     0.022505009       2.9924928      0.97280595     0.035212081       1.0004953      -24.280118       -24.280118       2458.2605                                                 2458.2605
              3       1205.2584      0.61247839      0.31045865   9.3818398e-05     0.022650668       3.0194055      0.97378376     0.048587838       0.9998353      -24.280118       -24.280118        2459.077                                                  2459.077
              4       1207.5238      0.73789663      0.31380339   9.4917244e-05     0.022762242       3.0204294      0.97547442     0.052725609      0.99665637      -24.280118       -24.280118       2463.6078                                                 2463.6078
              1       1207.4827      0.76440777      0.31346852   9.4949404e-05     0.022783785       3.0182197       0.9763425     0.051586018      0.99698231      -24.280118       -24.280118       2463.5257                                                 2463.5257
              2       1206.8654      0.73097861      0.31183327   9.4493709e-05     0.022702693        3.017317      0.97309604     0.053422366      0.99502585      -24.280118       -24.280118       2462.2911                                                 2462.2911
              4       1206.2758       0.6278657      0.31084445   9.3811467e-05     0.022672182       3.0041027      0.96892576     0.044883961      0.99466675      -24.280118       -24.280118       2461.1118                                                 2461.1118
              1        1204.778      0.39636363       0.3027923    9.114073e-05     0.022698649       3.0136345      0.96720729     0.045082196      0.99898257      -24.280118       -24.280118       2458.1162                                                 2458.1162
              8       1203.9747      0.39384892      0.30283177   9.1111092e-05     0.022697971       3.0088639      0.96794139     0.042854493      0.99889862      -24.280118       -24.280118       2456.5097                                                 2456.5097
              2       1204.2396      0.39611737      0.30278266   9.1104024e-05     0.022708178       3.0091466      0.96777782      0.04290162      0.99898207      -24.280118       -24.280118       2457.0395                                                 2457.0395
              1       1204.1485      0.41400932      0.30418632   9.1512039e-05     0.022674133       3.0059695       0.9670036     0.040352546       1.0000076      -24.280118       -24.280118       2456.8572                                                 2456.8572
              1       1203.7802       0.3843429      0.30331235   9.1230306e-05     0.022649561       3.0051443      0.96722133     0.039779595       1.0001736      -24.280118       -24.280118       2456.1206                                                 2456.1206
              2       1203.4403      0.38882442      0.30435037   9.1530979e-05     0.022560451       3.0095848      0.96579953     0.043280042      0.99904983      -24.280118       -24.280118       2455.4409                                                 2455.4409
              8       1203.1445        0.394752       0.3050988   9.1690883e-05     0.022557851        3.011301      0.96614424     0.044005746      0.99919594      -24.280118       -24.280118       2454.8492                                                 2454.8492
              1        1203.553      0.39756609      0.30496023   9.1665407e-05      0.02257929        3.016705      0.96630242     0.046792397      0.99926981      -24.280118       -24.280118       2455.6662                                                 2455.6662
              2       1203.6852      0.40635781      0.30582029   9.1887705e-05     0.022578796        3.018102      0.96639413     0.047082764      0.99943808      -24.280118       -24.280118       2455.9307                                                 2455.9307
              2       1208.0414      0.44488022      0.31184622    9.330562e-05     0.022509544       3.0113557      0.96047125     0.044441489      0.99782068      -24.280118       -24.280118        2464.643                                                  2464.643
              3       1208.8392      0.44945167      0.31226169   9.3411323e-05      0.02250418       3.0109886      0.95974261     0.044236308      0.99775252      -24.280118       -24.280118       2466.2386                                                 2466.2386
              1       1208.0257      0.46473037      0.31141617   9.3302196e-05      0.02251219       3.0084311      0.96034699     0.043595918      0.99744836      -24.280118       -24.280118       2464.6116                                                 2464.6116
              1       1208.1136       0.4561237      0.31120827   9.3185095e-05     0.022530907       3.0056009       0.9600287     0.041825657      0.99753775      -24.280118       -24.280118       2464.7874                                                 2464.7874
              2       1209.4698      0.42380484      0.31114756   9.2878571e-05     0.022570395       3.0091386      0.95986142     0.041536398       1.0001466      -24.280118       -24.280118       2467.4998                                                 2467.4998
              1       1209.1548      0.44414907      0.30844696   9.2294713e-05     0.022654654       3.0004673      0.96150984     0.039712378      0.99808747      -24.280118       -24.280118       2466.8699                                                 2466.8699
              7       1208.6648      0.43405966      0.30793834   9.2154784e-05     0.022656741       2.9989813      0.96183736     0.038894689      0.99815404      -24.280118       -24.280118       2465.8899                                                 2465.8899
              7       1207.3848      0.49355761      0.30955721   9.2830166e-05     0.022606987       2.9943895      0.96259106     0.038238206      0.99659141      -24.280118       -24.280118       2463.3298                                                 2463.3298
              1       1208.6202      0.61508259      0.30949626   9.3271436e-05     0.022681014       2.9977008      0.96618489     0.040602187      0.99722984      -24.280118       -24.280118       2465.8006                                                 2465.8006
              5       1208.6194      0.61372193      0.30946767   9.3260309e-05     0.022679866       2.9975684      0.96616551     0.040533906      0.99722485      -24.280118       -24.280118       2465.7991                                                 2465.7991
              2       1207.2868      0.59373355      0.30864709   9.2998418e-05     0.022701966       2.9981348      0.96639268     0.039876936      0.99783863      -24.280118       -24.280118       2463.1338                                                 2463.1338
              3       1206.9964       0.5459121      0.30652553    9.232555e-05     0.022714591       3.0107259      0.96681817     0.045685071         0.99832      -24.280118       -24.280118        2462.553                                                  2462.553
              1       1206.9703      0.54487268      0.30601704   9.2229993e-05     0.022716682       3.0102266      0.96703718     0.045378912      0.99853214      -24.280118       -24.280118       2462.5008                                                 2462.5008
              1       1206.3715      0.53458592      0.30797032   9.2668209e-05     0.022639681       3.0004144      0.96592361     0.040403512      0.99858726      -24.280118       -24.280118       2461.3032                                                 2461.3032
              1       1206.4258      0.41005991      0.30453083   9.1564027e-05     0.022529903       3.0028382      0.96383486     0.041686491      0.99814456      -24.280118       -24.280118       2461.4118                                                 2461.4118
              1       1206.6605        0.317242      0.30128339    9.050786e-05     0.022507157       2.9919709      0.96679559     0.038591362      0.99623398      -24.280118       -24.280118       2461.8812                                                 2461.8812
              1       1206.6061      0.33653119      0.30148437   9.0634134e-05     0.022511275        2.986071      0.96673826     0.035934843      0.99576427      -24.280118       -24.280118       2461.7725                                                 2461.7725
              2       1205.1679      0.28009009      0.29960031   9.0248468e-05     0.022527943       3.0001447      0.96846805     0.044178273      0.99431405      -24.280118       -24.280118        2458.896                                                  2458.896
              2       1203.7686      0.47118701      0.30289142    9.165856e-05     0.022573196       3.0038751      0.97217589     0.043584403      0.99665557      -24.280118       -24.280118       2456.0974                                                 2456.0974
             10       1203.9552      0.48319482      0.30149853   9.1393085e-05     0.022641284       3.0141197      0.97353023     0.047807103      0.99808179      -24.280118       -24.280118       2456.4707                                                 2456.4707
              3       1203.8543      0.44991887      0.30080726   9.1158715e-05      0.02259821       3.0143912      0.97317358     0.048145815      0.99789664      -24.280118       -24.280118       2456.2688                                                 2456.2688
              1       1203.4385      0.32519383      0.29815254   9.0107351e-05     0.022514154       3.0130555      0.97237364     0.045664933      0.99926745      -24.280118       -24.280118       2455.4372                                                 2455.4372
              1       1202.9413      0.31699908      0.29932527   9.0330674e-05     0.022472062       3.0105976      0.97302536     0.045585037      0.99831007      -24.280118       -24.280118       2454.4428                                                 2454.4428
              3       1202.9217      0.35905974      0.30042932    9.068262e-05     0.022487965       3.0121276      0.97393414     0.046223448      0.99843342      -24.280118       -24.280118       2454.4036                                                 2454.4036
              6       1202.8468      0.35947763      0.30070315    9.073656e-05     0.022489782       3.0122097      0.97392631     0.046056718      0.99854769      -24.280118       -24.280118       2454.2538                                                 2454.2538
              3       1202.8156      0.34731814      0.29985334    9.049755e-05     0.022509133       3.0133405      0.97299772     0.046068818      0.99903733      -24.280118       -24.280118       2454.1915                                                 2454.1915
              1       1203.3271      0.35947154       0.2986321   9.0162365e-05     0.022633422        3.009111      0.97443166     0.044956034      0.99835296      -24.280118       -24.280118       2455.2145                                                 2455.2145
              9       1203.9243       0.3992266      0.29998361   9.0559187e-05     0.022603562       2.9984765      0.97384362     0.040633695       0.9974211      -24.280118       -24.280118       2456.4089                                                 2456.4089
              1       1203.8072      0.40671526       0.3009616   9.0751613e-05     0.022609711       2.9990309      0.97298313     0.040853963      0.99715178      -24.280118       -24.280118       2456.1747                                                 2456.1747
              6       1205.1513      0.33705588      0.30238413   9.0887955e-05     0.022417212       2.9841663      0.96926662     0.031223249       0.9993608      -24.280118       -24.280118       2458.8629                                                 2458.8629
              5       1205.0203      0.37113001      0.30349415    9.143162e-05     0.022313495       2.9961916      0.96838577     0.036627962      0.99958091      -24.280118       -24.280118       2458.6008                                                 2458.6008
              5       1204.5322      0.37539915       0.3018825   9.1014582e-05     0.022393238       3.0007086      0.97211699      0.03937992      0.99946225      -24.280118       -24.280118       2457.6247                                                 2457.6247
              7       1206.4592      0.30894882      0.29917837   9.0506435e-05     0.022258066       3.0115762      0.97536816     0.045871697      0.99946251      -24.280118       -24.280118       2461.4785                                                 2461.4785
              1       1206.5088      0.30965925      0.29914918   9.0506181e-05     0.022257028        3.011249      0.97538651     0.045757599      0.99944142      -24.280118       -24.280118       2461.5778                                                 2461.5778
              3       1205.4521      0.38325929      0.30046148   9.1051878e-05     0.022327119       3.0211436      0.97152568     0.049085987       1.0008619      -24.280118       -24.280118       2459.4643                                                 2459.4643
              3       1205.4663      0.38250241      0.30045961   9.1048928e-05      0.02232616       3.0211776      0.97150417     0.049111431       1.0008517      -24.280118       -24.280118       2459.4928                                                 2459.4928
              2       1205.3319      0.41945209      0.30154844   9.1396125e-05     0.022335318       3.0226413      0.97190873     0.050202006       1.0005547      -24.280118       -24.280118       2459.2241                                                 2459.2241
              3       1205.0944      0.42996619      0.30200656   9.1491512e-05      0.02236579       3.0067589      0.96842779     0.043158403      0.99976061      -24.280118       -24.280118       2458.7491                                                 2458.7491
              3       1205.7501      0.42503354      0.30289575   9.1678217e-05     0.022324007       3.0054649      0.96791745     0.040802451        1.001385      -24.280118       -24.280118       2460.0605                                                 2460.0605
              1       1205.8622      0.47193965      0.30469488   9.2255075e-05     0.022321511       3.0097624       0.9678605     0.043080895       1.0014235      -24.280118       -24.280118       2460.2845                                                 2460.2845
              4       1206.6089      0.44957349      0.30362003   9.1968455e-05      0.02231291       3.0141845      0.96755199      0.04486543       1.0018937      -24.280118       -24.280118        2461.778                                                  2461.778
              5        1205.947      0.39288804      0.30102628   9.1259351e-05     0.022306686       3.0111549      0.96912283     0.044051253       1.0012587      -24.280118       -24.280118       2460.4543                                                 2460.4543
              6       1208.7117      0.46593791      0.30431499   9.1759058e-05     0.022459872       3.0084687      0.96601098     0.039589622       1.0017733      -24.280118       -24.280118       2465.9836                                                 2465.9836
              1       1206.8576      0.43087164      0.30617895   9.1947849e-05     0.022445741       3.0017059      0.96730243      0.03504602       1.0024935      -24.280118       -24.280118       2462.2755                                                 2462.2755
              5       1207.0299      0.43028793      0.30623496   9.1964681e-05     0.022439798       3.0014548       0.9671266     0.034734615       1.0026524      -24.280118       -24.280118       2462.6199                                                 2462.6199
              1       1206.7283      0.39343843      0.30171931   9.1205875e-05     0.022323151       3.0047218       0.9728559     0.038040812       1.0029252      -24.280118       -24.280118       2462.0169                                                 2462.0169
              2       1205.9848      0.37106618      0.30279038   9.1397972e-05     0.022264445       3.0045169      0.97139785     0.038842557       1.0019894      -24.280118       -24.280118       2460.5299                                                 2460.5299
              2       1205.4283      0.36617446      0.30270898   9.1356799e-05     0.022268722       3.0032911      0.97055679     0.039229499       1.0009467      -24.280118       -24.280118       2459.4167                                                 2459.4167
              4       1207.0772      0.20130753      0.30305113     9.07024e-05     0.022189784       2.9973843      0.96804417     0.035350034       1.0002935      -24.280118       -24.280118       2462.7146                                                 2462.7146
              4       1205.0423      0.25619468      0.30402762   9.0957627e-05     0.022308865       2.9977158      0.97076231     0.036320285       0.9998563      -24.280118       -24.280118       2458.6448                                                 2458.6448
             12       1206.1336       0.2776322      0.31037135   9.2315271e-05     0.022284437       2.9929358      0.97057411     0.035877299      0.99749491      -24.280118       -24.280118       2460.8274                                                 2460.8274
              2       1205.6015       0.2171866      0.30445014   9.0717318e-05     0.022508564       3.0114895       0.9699621     0.043266585       1.0003407      -24.280118       -24.280118       2459.7632                                                 2459.7632
              8       1204.8375      0.35056968      0.30395187   9.1249736e-05      0.02254981       3.0321878      0.97336313     0.056090941      0.99853151      -24.280118       -24.280118       2458.2353                                                 2458.2353
              1       1202.6696      0.47842624      0.30910128   9.2800692e-05     0.022582471       3.0117252       0.9720852      0.04660357      0.99757446      -24.280118       -24.280118       2453.8994                                                 2453.8994
              2       1202.1957      0.49369115      0.30892615   9.2886024e-05     0.022525943       3.0104932      0.97073987     0.044988519      0.99909578      -24.280118       -24.280118       2452.9516                                                 2452.9516
              6       1203.1443      0.40288266      0.30374322   9.1232594e-05     0.022621156        2.998236      0.97057603     0.037885599      0.99924999      -24.280118       -24.280118       2454.8487                                                 2454.8487
              1       1202.9702       0.3097581      0.30227275   9.0732162e-05     0.022514094       2.9873524      0.96787512     0.032714213      0.99875912      -24.280118       -24.280118       2454.5006                                                 2454.5006
              1       1203.0554      0.48246844       0.3080585   9.2763932e-05     0.022482959       3.0098463      0.96774775     0.042663119      0.99955313      -24.280118       -24.280118       2454.6711                                                 2454.6711
              2       1204.0343      0.33474677      0.30384496   9.1328404e-05     0.022439264       3.0217521      0.96967709     0.047150532       1.0007028      -24.280118       -24.280118       2456.6288                                                 2456.6288
              2       1205.0249      0.37920829      0.30614706   9.1940628e-05     0.022552253        3.023601      0.97055713     0.048540131       1.0004084      -24.280118       -24.280118         2458.61                                                   2458.61
              5         1205.78      0.36740504      0.30490149   9.1603707e-05      0.02259109       3.0166415      0.97102161     0.046895722      0.99808107      -24.280118       -24.280118       2460.1203                                                 2460.1203
              1       1205.0672       0.4424753      0.30836168     9.26202e-05     0.022540389       3.0023422      0.96998556     0.039662527      0.99776028      -24.280118       -24.280118       2458.6946                                                 2458.6946
              1       1205.1603      0.49519407      0.31168112   9.3523556e-05       0.0224969       3.0095513      0.97155552     0.043231673       0.9979025      -24.280118       -24.280118       2458.8809                                                 2458.8809
              1       1204.8497       0.5181877      0.31227949   9.3730817e-05      0.02251157       3.0098304      0.97150774     0.043216126      0.99818636      -24.280118       -24.280118       2458.2597                                                 2458.2597
              4       1204.2938      0.52624115      0.31164533   9.3584128e-05     0.022538465       3.0095555      0.97236922     0.043659447      0.99781361      -24.280118       -24.280118       2457.1479                                                 2457.1479
              8       1204.5367      0.41281864      0.30807581   9.2445957e-05     0.022479414       2.9945915      0.96522022     0.035783343      0.99770826      -24.280118       -24.280118       2457.6336                                                 2457.6336
             17       1206.0488      0.42243362      0.30777405   9.2448467e-05     0.022470691       2.9871524      0.96382279      0.03324977      0.99656932      -24.280118       -24.280118       2460.6578                                                 2460.6578
              4       1205.8175      0.39296527      0.30743017   9.2244936e-05     0.022468484       2.9895568      0.96317536     0.033319119      0.99755493      -24.280118       -24.280118       2460.1951                                                 2460.1951
             12       1203.9765      0.13349932      0.30050524   8.9875036e-05     0.022376756       2.9943071      0.96671103     0.036399884      0.99757695      -24.280118       -24.280118       2456.5132                                                 2456.5132
              4       1203.7679      0.15707844      0.30019348   8.9910799e-05       0.0224032       2.9979864      0.96661967     0.038036705      0.99799606      -24.280118       -24.280118       2456.0959                                                 2456.0959
              4       1203.8057      0.15957445      0.29878574   8.9632665e-05     0.022433097       2.9957012      0.96732384     0.037497889      0.99764819      -24.280118       -24.280118       2456.1717                                                 2456.1717
              8       1203.5762       0.2357285      0.30030869   9.0158937e-05     0.022503962       3.0012515      0.96617884     0.039872115      0.99809235      -24.280118       -24.280118       2455.7126                                                 2455.7126
              6       1205.9384      0.42813993      0.30787596   9.2337256e-05     0.022457124       2.9900158      0.96670647     0.027859469       1.0035902      -24.280118       -24.280118       2460.4369                                                 2460.4369
              1       1205.2835      0.38845433      0.30570084   9.1766497e-05     0.022391757       2.9983131      0.96995909     0.033786471       1.0026524      -24.280118       -24.280118       2459.1272                                                 2459.1272
              1       1205.0944      0.44383374      0.30762073   9.2425013e-05     0.022373542        3.001617      0.96986198     0.035840149       1.0023615      -24.280118       -24.280118        2458.749                                                  2458.749
              6          1204.3      0.49585295      0.31055334   9.3138175e-05     0.022424944       2.9914041       0.9699989     0.033358211      0.99990357      -24.280118       -24.280118       2457.1602                                                 2457.1602
              2       1203.8428      0.48182478      0.31021975   9.3031952e-05     0.022419095       2.9937962      0.97042313     0.034574697      0.99993678      -24.280118       -24.280118       2456.2458                                                 2456.2458
              1       1203.4142      0.47669447      0.31028024   9.3044916e-05     0.022429127       2.9890687      0.96935865     0.034732845      0.99751998      -24.280118       -24.280118       2455.3887                                                 2455.3887
              8        1205.945       0.6046504      0.31723029   9.5116803e-05       0.0223271       2.9845109      0.96977931     0.032666403      0.99764519      -24.280118       -24.280118       2460.4503                                                 2460.4503
              3        1206.492      0.56931701      0.31489077   9.4538743e-05     0.022282832       2.9790047      0.96939873     0.029813634      0.99771329      -24.280118       -24.280118       2461.5441                                                 2461.5441
              5       1206.5259      0.57257619      0.31496278   9.4559806e-05     0.022286759       2.9793819      0.96950999     0.029933821       0.9977946      -24.280118       -24.280118       2461.6121                                                 2461.6121
              6       1205.7734      0.56892853      0.31326802   9.4255516e-05     0.022282534       2.9859334       0.9710824     0.033071389      0.99825055      -24.280118       -24.280118        2460.107                                                  2460.107
              3       1205.6951      0.55519155      0.31353722   9.4220988e-05      0.02228698       2.9864109      0.97010374     0.033697579       0.9974608      -24.280118       -24.280118       2459.9504                                                 2459.9504
              2       1205.0258      0.55905939      0.31170205   9.3837613e-05      0.02233347       2.9947223      0.97103289     0.037459364      0.99783113      -24.280118       -24.280118       2458.6118                                                 2458.6118
              1       1204.8471      0.55412253      0.31115615   9.3714638e-05     0.022348706       2.9914025      0.97084777     0.035693586      0.99776611      -24.280118       -24.280118       2458.2545                                                 2458.2545
              5       1203.5227      0.46169447      0.30646494   9.2356054e-05     0.022389472       2.9935527      0.96933477     0.035961583      0.99881118      -24.280118       -24.280118       2455.6056                                                 2455.6056
              4       1203.6662      0.39981975       0.3048718   9.1817901e-05     0.022368174       2.9947312      0.96890916     0.038680041      0.99658491      -24.280118       -24.280118       2455.8926                                                 2455.8926
              6       1203.8991      0.45522924      0.30806143   9.2612353e-05     0.022376931       2.9903452      0.96999726     0.036419391      0.99642475      -24.280118       -24.280118       2456.3584                                                 2456.3584
             11       1203.6455      0.44885246      0.30895246   9.2772441e-05     0.022368426       2.9909242      0.97052819     0.036511488      0.99648508      -24.280118       -24.280118       2455.8512                                                 2455.8512
              3       1203.7636      0.49543548      0.31013303   9.3198851e-05     0.022407203       2.9958042      0.97121869     0.039817752       0.9955628      -24.280118       -24.280118       2456.0874                                                 2456.0874
              9       1203.9181      0.49100445       0.3101528   9.3187333e-05     0.022399617       2.9960812      0.97106409     0.040132316      0.99537087      -24.280118       -24.280118       2456.3964                                                 2456.3964
              1        1204.927      0.46234419      0.31067575   9.3009873e-05     0.022401733         2.99895      0.96975681     0.039651316      0.99667618      -24.280118       -24.280118       2458.4142                                                 2458.4142
              1       1204.7805      0.39360689      0.30646129   9.1872809e-05      0.02243882       3.0146183        0.968097     0.044709845      0.99903875      -24.280118       -24.280118       2458.1212                                                 2458.1212
              7       1204.1011       0.4193331      0.30750631   9.2241879e-05     0.022449521        3.015476      0.96644307     0.045704277      0.99870981      -24.280118       -24.280118       2456.7623                                                 2456.7623
              1       1210.5939      0.14085342      0.30806678    9.109363e-05     0.022369893       3.0080951       0.9630916     0.041882539      0.99609772      -24.280118       -24.280118       2469.7481                                                 2469.7481
              5        1212.673      0.12002606      0.30701059   9.0720077e-05     0.022430627       3.0178227      0.96136436     0.045696016      0.99673101      -24.280118       -24.280118       2473.9063                                                 2473.9063
              5       1213.6183      0.29585429      0.31494912   9.3050727e-05     0.022482515        3.017349      0.95993334      0.04669331      0.99552605      -24.280118       -24.280118       2475.7969                                                 2475.7969
              2       1212.3905       0.3132087       0.3150478   9.3169813e-05     0.022471739       3.0074056      0.96032992     0.042002395      0.99513004      -24.280118       -24.280118       2473.3412                                                 2473.3412
              1       1210.9508      0.57948292      0.31720187   9.4910395e-05     0.022489895        3.029531      0.96958697     0.057391925      0.99340797      -24.280118       -24.280118       2470.4619                                                 2470.4619
              5       1211.3163      0.60245111      0.31877535   9.5325093e-05     0.022482927       3.0270168      0.96957279     0.056561326      0.99301247      -24.280118       -24.280118       2471.1929                                                 2471.1929
              1       1210.4373      0.46981386      0.30860315   9.2733313e-05     0.022555972       3.0249265      0.96895168     0.054511162      0.99369102      -24.280118       -24.280118       2469.4348                                                 2469.4348
              9       1208.7774      0.50402251      0.30817198   9.2852996e-05     0.022524723       3.0224573      0.97187131     0.053931383      0.99390556      -24.280118       -24.280118        2466.115                                                  2466.115
              2       1211.0625      0.51595207       0.3075826   9.3138213e-05     0.022398895       3.0278077      0.97361466     0.058843136      0.99369393      -24.280118       -24.280118       2470.6852                                                 2470.6852
              1       1208.9341      0.78482659      0.32383348   9.7356938e-05     0.022477397       3.0052485      0.97330951     0.046732623      0.99466547      -24.280118       -24.280118       2466.4284                                                 2466.4284
              1       1207.2718      0.70863311      0.32119842   9.6370277e-05     0.022449445       3.0067048      0.97176098      0.04721834      0.99467887      -24.280118       -24.280118       2463.1038                                                 2463.1038
              4       1204.8674      0.56424991      0.31457497   9.4524944e-05     0.022419653       2.9934212      0.97206875     0.037209734      0.99912193      -24.280118       -24.280118       2458.2951                                                 2458.2951
              9       1204.4226      0.36484131      0.30969284    9.275139e-05     0.022382412       2.9970695      0.96849583     0.038692494      0.99826192      -24.280118       -24.280118       2457.4055                                                 2457.4055
              2       1204.2224       0.4643554       0.3122362   9.3461825e-05     0.022450338       3.0106632      0.96990306     0.045298317      0.99882453      -24.280118       -24.280118       2457.0051                                                 2457.0051
              2       1205.0126       0.4549909      0.31264962    9.367415e-05     0.022308784       3.0148029      0.97103285     0.047849864      0.99853375      -24.280118       -24.280118       2458.5854                                                 2458.5854
              4       1205.2992      0.47707003      0.31396518    9.408121e-05     0.022291426       3.0120529      0.97049799     0.046543918       0.9985316      -24.280118       -24.280118       2459.1586                                                 2459.1586
              8       1206.2122      0.52631923      0.31539017   9.4554832e-05     0.022312569       3.0132132      0.97335949     0.046067578      0.99994001      -24.280118       -24.280118       2460.9847                                                 2460.9847
              1       1204.4468      0.32897884      0.30295189   9.1199459e-05     0.022358909       2.9916639       0.9727923     0.036940629      0.99892919      -24.280118       -24.280118       2457.4538                                                 2457.4538
              1        1203.575      0.24970552      0.30203453   9.0375352e-05     0.022519489        2.993601      0.97048178     0.037792798      0.99683405      -24.280118       -24.280118       2455.7103                                                 2455.7103
              4       1203.3495      0.24388023      0.30173289    9.027817e-05     0.022540781       2.9989836      0.97112386      0.03953611      0.99774918      -24.280118       -24.280118       2455.2592                                                 2455.2592
              6       1203.2545       0.3100932      0.30641536   9.1531166e-05     0.022506685       3.0015539      0.97070135     0.041210408       0.9972505      -24.280118       -24.280118       2455.0693                                                 2455.0693
              2       1203.0692      0.32922248      0.30695202   9.1730491e-05      0.02250341       3.0027919      0.97095268     0.041720575      0.99742832      -24.280118       -24.280118       2454.6986                                                 2454.6986
              1       1203.0442      0.34156871      0.30699948   9.1765927e-05     0.022527822       3.0003283      0.97150145     0.040412993      0.99738837      -24.280118       -24.280118       2454.6487                                                 2454.6487
             15       1204.1428      0.38018028      0.30393088   9.1421441e-05     0.022454825       2.9817929      0.97282294     0.033984038      0.99574007      -24.280118       -24.280118       2456.8459                                                 2456.8459
              4       1204.9329      0.34466816      0.30279059   9.1121541e-05     0.022424594       2.9758755      0.97177307     0.032015695      0.99495524      -24.280118       -24.280118       2458.4261                                                 2458.4261
              4       1204.6368      0.34310609      0.30224808   9.1097788e-05     0.022411276       2.9739325      0.97119243      0.03007714      0.99536189      -24.280118       -24.280118       2457.8339                                                 2457.8339
              2        1204.721      0.34194494      0.30201261   9.1051178e-05     0.022410715       2.9747824      0.97144615     0.030672394      0.99525375      -24.280118       -24.280118       2458.0023                                                 2458.0023
              2       1205.9316      0.33863786      0.30094284   9.0756953e-05     0.022466627       2.9692568      0.97139449     0.028694413      0.99431022      -24.280118       -24.280118       2460.4235                                                 2460.4235
              2       1205.9578      0.28121797      0.30173408   9.0697986e-05     0.022397746       2.9695156      0.96807619     0.027492497      0.99453596      -24.280118       -24.280118       2460.4758                                                 2460.4758
              2       1204.8486      0.10495089      0.29860732   8.9294968e-05     0.022418563       2.9768418      0.96674856      0.02818492      0.99754867      -24.280118       -24.280118       2458.2575                                                 2458.2575
              2       1203.7214      0.18031475      0.29982577   8.9868642e-05     0.022451621       2.9826728      0.96724527     0.028866832      0.99992354      -24.280118       -24.280118        2456.003                                                  2456.003
              1       1204.0159      0.26291702      0.30595694   9.1416897e-05     0.022384899       2.9688081      0.96844803     0.021208256       1.0006252      -24.280118       -24.280118       2456.5921                                                 2456.5921
              4       1203.9116       0.2562766      0.30567775    9.124625e-05     0.022429358       2.9739437      0.96939197     0.023216179       1.0008024      -24.280118       -24.280118       2456.3834                                                 2456.3834
              1       1204.5133      0.32603217      0.30794324   9.1791433e-05     0.022584287       2.9791524      0.96719294     0.025749663       1.0004793      -24.280118       -24.280118       2457.5869                                                 2457.5869
              2       1204.4967       0.3239971      0.30685712   9.1563195e-05     0.022604881       2.9780054        0.967182     0.025234076       1.0004772      -24.280118       -24.280118       2457.5537                                                 2457.5537
              4       1204.2659      0.37401761      0.30819778   9.2006309e-05     0.022631081       2.9776763      0.96865369     0.026136815      0.99918581      -24.280118       -24.280118       2457.0921                                                 2457.0921
              4       1204.3602       0.3565012      0.30786185   9.1867472e-05     0.022629846       2.9770661      0.96819892     0.025798727      0.99912539      -24.280118       -24.280118       2457.2807                                                 2457.2807
              2       1204.7571        0.419441      0.31158957   9.3251343e-05     0.022449999       2.9973738      0.96874972     0.037140842       1.0000678      -24.280118       -24.280118       2458.0745                                                 2458.0745
              9       1205.3276      0.26691886       0.2975746   8.9977275e-05     0.022461147       3.0034515      0.97069271     0.039607124       1.0016024      -24.280118       -24.280118       2459.2154                                                 2459.2154
              1       1205.0078      0.27406265      0.29890737   9.0268901e-05     0.022439032       3.0047643      0.96993528     0.039160443       1.0022662      -24.280118       -24.280118       2458.5758                                                 2458.5758
              1       1203.5961      0.25484366      0.30072595   9.0497428e-05     0.022411181       2.9965639      0.96734123     0.037524996      0.99886377      -24.280118       -24.280118       2455.7524                                                 2455.7524
              1       1204.4921      0.24876112      0.29952629   9.0242082e-05     0.022422893        2.988984      0.96701589     0.033704534      0.99874968      -24.280118       -24.280118       2457.5444                                                 2457.5444
              7       1204.6751       0.1479859      0.29569875   8.8965333e-05     0.022431135       2.9901357      0.97161109     0.034480805      0.99829202      -24.280118       -24.280118       2457.9105                                                 2457.9105
              1       1203.6125       0.1797342      0.29665317   8.9219851e-05     0.022474126       2.9982815      0.97030202     0.039266238      0.99768949      -24.280118       -24.280118       2455.7852                                                 2455.7852
              4       1203.5965      0.24273052      0.29676083    8.940561e-05     0.022563125       3.0028299      0.97203925     0.041073054       0.9981889      -24.280118       -24.280118       2455.7533                                                 2455.7533
              5       1203.6962      0.27214439      0.29662686   8.9530039e-05     0.022576262       3.0048623      0.97280736     0.042066421      0.99858656      -24.280118       -24.280118       2455.9527                                                 2455.9527
              1       1203.7414      0.27946951      0.29675695    8.958036e-05     0.022575515       3.0049519      0.97338507     0.041988555      0.99872702      -24.280118       -24.280118        2456.043                                                  2456.043
              5       1204.4259       0.5419012      0.30802538   9.2853868e-05     0.022659407       3.0135381      0.97217708     0.046893813       0.9971107      -24.280118       -24.280118        2457.412                                                  2457.412
              3       1204.8295      0.47263568      0.30426031   9.1842563e-05     0.022687276       3.0081671      0.97247205     0.047435526      0.99533964      -24.280118       -24.280118       2458.2192                                                 2458.2192
             13       1203.4768      0.44308635      0.30631831   9.2089083e-05     0.022636973        3.001011      0.97280513      0.04268383      0.99640222      -24.280118       -24.280118       2455.5139                                                 2455.5139
              4       1203.4049      0.45115579      0.30773218   9.2432568e-05     0.022589697       3.0064051      0.97282322      0.04531713      0.99676989      -24.280118       -24.280118       2455.3701                                                 2455.3701
              2       1204.5254      0.44153073       0.3081792   9.2541456e-05     0.022574284       2.9911867      0.97161656     0.037419645      0.99743397      -24.280118       -24.280118       2457.6111                                                 2457.6111
              2       1206.1959      0.47579801      0.31037162    9.315531e-05     0.022541376       2.9865663      0.97268713     0.037630929       0.9950326      -24.280118       -24.280118        2460.952                                                  2460.952
              4       1206.9204         0.60976      0.31711019    9.498281e-05     0.022513274       2.9672856      0.97212482     0.025707552      0.99625797      -24.280118       -24.280118       2462.4011                                                 2462.4011
              4       1207.5017      0.60891131      0.31816487   9.5187231e-05     0.022515485       2.9635118      0.96902707      0.02409173       0.9955684      -24.280118       -24.280118       2463.5636                                                 2463.5636
              6       1208.2867      0.64632228      0.32025972   9.5726496e-05     0.022526753       2.9756577      0.96793161     0.031071047      0.99436186      -24.280118       -24.280118       2465.1337                                                 2465.1337
              1       1207.7565       0.6389481      0.32015277   9.5724398e-05     0.022486965       2.9785693      0.96769587     0.032590604      0.99428617      -24.280118       -24.280118       2464.0733                                                 2464.0733
              5       1208.3506      0.32750503      0.31154073   9.2683212e-05     0.022495603       3.0083088      0.96659778     0.044850516      0.99724764      -24.280118       -24.280118       2465.2614                                                 2465.2614
             17       1208.0706      0.32547338      0.31184077   9.2775235e-05      0.02247901       3.0060228      0.96672348     0.042922135      0.99799688      -24.280118       -24.280118       2464.7014                                                 2464.7014
              3       1208.0901      0.39530934      0.31391177   9.3503622e-05     0.022485684       3.0070626      0.96747095     0.043585194      0.99806135      -24.280118       -24.280118       2464.7405                                                 2464.7405
              1        1204.258      0.41673156       0.3100152   9.2797606e-05     0.022534832       3.0174884      0.96677856     0.047778028      0.99831648      -24.280118       -24.280118       2457.0762                                                 2457.0762
              6       1204.0699       0.4112035      0.30991645   9.2788082e-05     0.022507233       3.0174905       0.9669298     0.047829318      0.99837699      -24.280118       -24.280118          2456.7                                                    2456.7
              6       1204.9113      0.36803835      0.30877207   9.2331686e-05      0.02249994       3.0185587      0.96498669     0.048865402      0.99716183      -24.280118       -24.280118       2458.3829                                                 2458.3829
              4       1205.1653      0.36388163      0.30945875   9.2386931e-05     0.022527961       3.0110308      0.96411065      0.04543018      0.99663417      -24.280118       -24.280118       2458.8908                                                 2458.8908
              1       1205.0922      0.35462801      0.30940873   9.2303036e-05     0.022546765       3.0139856      0.96432551      0.04545629       0.9980809      -24.280118       -24.280118       2458.7447                                                 2458.7447
              1       1205.8482      0.39371861      0.30414549   9.1429406e-05     0.022689528       3.0066509      0.96530299     0.042168608      0.99912492      -24.280118       -24.280118       2460.2566                                                 2460.2566
              3       1205.6825      0.39692694      0.30422671   9.1461559e-05     0.022687641       3.0059303      0.96549886      0.04184526      0.99911975      -24.280118       -24.280118       2459.9252                                                 2459.9252
              5       1204.1135      0.21196588      0.29910484   8.9666243e-05     0.022545468       3.0068894      0.96755024     0.042085312      0.99944564      -24.280118       -24.280118       2456.7872                                                 2456.7872
             11        1203.544      0.29908567      0.29774094   8.9851167e-05     0.022540943       2.9939546      0.97197894     0.038636667      0.99732859      -24.280118       -24.280118       2455.6482                                                 2455.6482
              1       1203.7246      0.29259867      0.29754718   8.9831531e-05     0.022510793       2.9942236      0.97226676     0.039347774      0.99694965      -24.280118       -24.280118       2456.0095                                                 2456.0095
              1       1203.8738      0.24165875      0.29781711   8.9679729e-05     0.022476932       2.9899128      0.97250522     0.036801885      0.99719722      -24.280118       -24.280118       2456.3078                                                 2456.3078
              1       1202.3648      0.32497061      0.30454972   9.1416486e-05     0.022443038         3.00506      0.96945671     0.043275522      0.99768587      -24.280118       -24.280118       2453.2899                                                 2453.2899
              1        1206.779      0.44010737      0.30789659   9.2404179e-05     0.022535034       2.9936773      0.97020484     0.041301203      0.99541437      -24.280118       -24.280118       2462.1182                                                 2462.1182
              3       1207.2206      0.55060561      0.31015823    9.335184e-05     0.022571704       2.9949134      0.97340369     0.041852763      0.99625184      -24.280118       -24.280118       2463.0014                                                 2463.0014
              5       1206.6482      0.51243555      0.30744898   9.2604378e-05     0.022602285        2.990777      0.97363179     0.039814908      0.99606648      -24.280118       -24.280118       2461.8567                                                 2461.8567
              8       1207.3746      0.39706202      0.30752129     9.20718e-05     0.022573077       2.9827927      0.97005829      0.03556278      0.99514188      -24.280118       -24.280118       2463.3095                                                 2463.3095
              1       1207.1947      0.43736067      0.30829893   9.2409934e-05     0.022568051       2.9889107      0.97033824     0.039224069      0.99473713      -24.280118       -24.280118       2462.9497                                                 2462.9497
              2       1205.4324      0.40002494      0.30629556   9.2000735e-05     0.022477542       2.9933296       0.9685054      0.03868927      0.99777858      -24.280118       -24.280118       2459.4251                                                 2459.4251
              1       1206.8128      0.35236673      0.30530608   9.1733271e-05     0.022402244       3.0015272      0.96264855     0.041941417      0.99757045      -24.280118       -24.280118       2462.1858                                                 2462.1858
              1       1207.0414      0.35688914      0.30459355   9.1782203e-05     0.022324131       2.9960585      0.96452984     0.041171249      0.99636075      -24.280118       -24.280118        2462.643                                                  2462.643
              2       1206.5613      0.48108151      0.30570467   9.2511304e-05     0.022412584       3.0045529      0.96611239     0.044540911      0.99787856      -24.280118       -24.280118       2461.6828                                                 2461.6828
              4       1207.7725      0.56428682      0.30633586   9.2870849e-05      0.02248318       2.9864207      0.96632978     0.037246148      0.99546149      -24.280118       -24.280118       2464.1053                                                 2464.1053
              2       1207.4537      0.56442819      0.30488506   9.2601286e-05     0.022507735       2.9911674      0.96742972     0.039375226       0.9961706      -24.280118       -24.280118       2463.4676                                                 2463.4676
              4       1206.3082      0.49473899      0.30202556   9.1516669e-05     0.022626173       2.9851935      0.96879398     0.035190492      0.99711888      -24.280118       -24.280118       2461.1767                                                 2461.1767
              2       1206.2297      0.49355881      0.30203989   9.1516916e-05     0.022623339        2.985194      0.96882409     0.035155324      0.99715394      -24.280118       -24.280118       2461.0197                                                 2461.0197
              1       1205.1756      0.58778168      0.30806531   9.3183141e-05     0.022595071       2.9863779      0.96891849     0.035588447      0.99713599      -24.280118       -24.280118       2458.9115                                                 2458.9115
              6        1204.811      0.57284685      0.30784506   9.3068087e-05     0.022592841       2.9858607      0.96915228     0.035327909      0.99703536      -24.280118       -24.280118       2458.1823                                                 2458.1823
              1       1204.0754      0.53613703      0.30564299   9.2616304e-05     0.022527104       3.0000007       0.9710404     0.043063213      0.99704652      -24.280118       -24.280118       2456.7111                                                 2456.7111
              8       1204.2573      0.40215699      0.30318329   9.1495468e-05     0.022514314        2.998019      0.96842677     0.042468945      0.99588087      -24.280118       -24.280118       2457.0749                                                 2457.0749
              5       1204.3266      0.36886765       0.3033327   9.1424984e-05     0.022453535       2.9952925      0.96822619     0.041695063      0.99454924      -24.280118       -24.280118       2457.2134                                                 2457.2134
              1       1203.9804      0.30689189      0.30143142   9.0680966e-05     0.022475893       2.9970075       0.9678284     0.041810245       0.9949526      -24.280118       -24.280118       2456.5211                                                 2456.5211
              3       1205.1513      0.41286679        0.310677   9.2860558e-05     0.022476205       2.9910643      0.96584534     0.038785464       0.9940459      -24.280118       -24.280118       2458.8629                                                 2458.8629
              3       1205.5902      0.51686478      0.31017321   9.3107928e-05     0.022566084       2.9983943      0.96448369     0.040692259      0.99548121      -24.280118       -24.280118       2459.7405                                                 2459.7405
              1       1205.6977      0.52715804      0.31075535    9.330227e-05     0.022529491       2.9946339      0.96442176     0.038879108      0.99558127      -24.280118       -24.280118       2459.9556                                                 2459.9556
              2       1205.2026      0.44664072       0.3070439    9.225285e-05     0.022504843       2.9964822      0.96454138     0.039898034      0.99569918      -24.280118       -24.280118       2458.9654                                                 2458.9654
              4       1205.1454      0.44637106      0.30706668   9.2258504e-05     0.022503968       2.9967656      0.96450249     0.039972023      0.99576585      -24.280118       -24.280118        2458.851                                                  2458.851
              1       1209.5485       0.5228536      0.30827837   9.2811367e-05      0.02235412       3.0026913      0.96970741     0.039519526       1.0002119      -24.280118       -24.280118       2467.6571                                                 2467.6571
              6       1207.4598      0.45463689      0.30405849   9.1857628e-05         0.02232       2.9973979      0.97226011     0.035841118       1.0018423      -24.280118       -24.280118       2463.4799                                                 2463.4799
              5       1208.5513       0.4868506      0.30603319   9.2402764e-05     0.022280515       2.9992679       0.9720522     0.036927634       1.0016998      -24.280118       -24.280118       2465.6628                                                 2465.6628
              5       1209.8802      0.49131321      0.30501829   9.2290868e-05     0.022264077       3.0108444      0.97842521     0.047012187      0.99861462      -24.280118       -24.280118       2468.3205                                                 2468.3205
              8       1210.3418      0.49314979      0.30047283   9.1269606e-05     0.022382771        3.008628      0.97684295     0.045969014      0.99789452      -24.280118       -24.280118       2469.2438                                                 2469.2438
              1       1211.6713      0.54602267       0.3008361    9.146325e-05     0.022459179       3.0120152      0.97885611     0.048519004      0.99807132      -24.280118       -24.280118       2471.9029                                                 2471.9029
              7       1208.1535      0.54424314      0.30924859   9.2903427e-05     0.022585913       2.9985064      0.96925647     0.032867603       1.0046595      -24.280118       -24.280118       2464.8672                                                 2464.8672
              1       1207.8924      0.51098528      0.30923889   9.2820506e-05     0.022532877       2.9939068      0.96795475     0.030977753       1.0042863      -24.280118       -24.280118        2464.345                                                  2464.345
              3         1205.98      0.30164445       0.3031427   9.1043011e-05       0.0223144       3.0072483      0.96964866     0.037549594       1.0036489      -24.280118       -24.280118       2460.5202                                                 2460.5202
              3       1206.9399      0.21970225      0.30016827   9.0194698e-05     0.022270161       3.0104507      0.96990992     0.039577137        1.003562      -24.280118       -24.280118         2462.44                                                   2462.44
              1       1208.1199      0.16086464      0.29838011   8.9348665e-05     0.022503328       3.0264185      0.97301775      0.04552483       1.0044943      -24.280118       -24.280118       2464.8001                                                 2464.8001
              2       1206.9757      0.26907899      0.29972106   9.0216663e-05     0.022614876       2.9984645      0.97046678     0.038038817      0.99817083      -24.280118       -24.280118       2462.5117                                                 2462.5117
              2       1206.9623      0.25260689      0.29874287   8.9936406e-05     0.022622017       2.9955939      0.97069118     0.036748597      0.99804707      -24.280118       -24.280118       2462.4849                                                 2462.4849
              1       1208.9801      0.31917972      0.29738118    8.983462e-05     0.022729742       2.9872638      0.97277183     0.033857412      0.99720978      -24.280118       -24.280118       2466.5204                                                 2466.5204
              2       1209.7238       0.5863921      0.30645413   9.3021451e-05     0.022562749       2.9652962      0.96966984     0.021389266      0.99945798      -24.280118       -24.280118       2468.0078                                                 2468.0078
              1       1208.7287      0.46450987      0.30273123   9.1838189e-05     0.022406783       2.9525383      0.97138403     0.018942016      0.99768913      -24.280118       -24.280118       2466.0177                                                 2466.0177
              4       1208.9204      0.43814546      0.29960683   9.1101175e-05     0.022385921       2.9663908      0.97092199     0.025263536      0.99822067      -24.280118       -24.280118        2466.401                                                  2466.401
              5       1209.3211      0.47377405      0.30027813    9.133623e-05     0.022466785       2.9629844      0.97021271     0.022814498      0.99818768      -24.280118       -24.280118       2467.2023                                                 2467.2023
              1        1209.692      0.49594455      0.30124591   9.1645864e-05     0.022485904       2.9571913      0.97195393     0.021742818      0.99689062      -24.280118       -24.280118       2467.9443                                                 2467.9443
              4       1209.2203      0.57886054      0.30260956   9.2398131e-05     0.022451776       2.9785891       0.9757826     0.031753257      0.99822345      -24.280118       -24.280118       2467.0009                                                 2467.0009
              3       1208.8567      0.60793216      0.30362876   9.2691524e-05     0.022472943       2.9782809      0.97579368     0.031544019       0.9983443      -24.280118       -24.280118       2466.2737                                                 2466.2737
              1       1208.0877      0.61478702      0.31369115   9.4500649e-05     0.022560622       3.0035106      0.97020238     0.037688649       1.0003323      -24.280118       -24.280118       2464.7357                                                 2464.7357
              5        1207.797      0.51910109      0.31170003   9.3617982e-05     0.022561947       2.9957612      0.97381928      0.03318254       1.0011203      -24.280118       -24.280118       2464.1543                                                 2464.1543
              1       1207.0889      0.53617664      0.31216033   9.3788125e-05     0.022567396       2.9968562      0.97317025      0.03365686       1.0013888      -24.280118       -24.280118        2462.738                                                  2462.738
              2       1203.9686      0.47021008       0.3096246   9.2992826e-05     0.022484873       3.0026821       0.9717286     0.040568437      0.99743639      -24.280118       -24.280118       2456.4974                                                 2456.4974
              2       1203.7813      0.30324392      0.30738675   9.1822469e-05     0.022431745       2.9856763      0.96897418     0.031776778      0.99721249      -24.280118       -24.280118       2456.1228                                                 2456.1228
              7       1204.3646      0.33805564      0.30483127   9.1369987e-05      0.02257037       2.9835517      0.97166587     0.033411866      0.99543926      -24.280118       -24.280118       2457.2894                                                 2457.2894
              2        1204.465      0.31246501      0.30452415   9.1180234e-05     0.022562097       2.9793756      0.97192749     0.031233076      0.99558214      -24.280118       -24.280118       2457.4903                                                 2457.4903
              1       1204.6484      0.29632681      0.30320885   9.0864493e-05      0.02257143       2.9752921      0.97222466     0.028918587      0.99604747      -24.280118       -24.280118        2457.857                                                  2457.857
              4       1204.0014      0.27000022      0.30156697   9.0414218e-05     0.022513095       2.9773173      0.97240313     0.028359805      0.99758774      -24.280118       -24.280118       2456.5631                                                 2456.5631
              4       1203.3812      0.28130604      0.30061285   9.0265999e-05     0.022545236       2.9837047      0.97193668     0.031351738      0.99797155      -24.280118       -24.280118       2455.3227                                                 2455.3227
              2       1202.7109      0.30522252      0.30117427   9.0504513e-05     0.022549959       2.9897873       0.9717576     0.033772468      0.99872146      -24.280118       -24.280118        2453.982                                                  2453.982
             10       1203.2844      0.32211785      0.30427227   9.1005191e-05     0.022621733       2.9988887      0.96835993     0.037241412      0.99852947      -24.280118       -24.280118       2455.1291                                                 2455.1291
              5       1203.1288      0.42078169      0.30661048   9.2011877e-05     0.022607916       2.9935115      0.96867666      0.03318241        1.000316      -24.280118       -24.280118       2454.8179                                                 2454.8179
              1       1203.0907      0.44499858      0.30858413   9.2625477e-05     0.022534571       3.0100967      0.97372227     0.043263109      0.99930525      -24.280118       -24.280118       2454.7417                                                 2454.7417
              8       1203.0672       0.4261928      0.30730067   9.2295296e-05     0.022549416       3.0075448      0.97385969       0.0430949      0.99838227      -24.280118       -24.280118       2454.6946                                                 2454.6946
              7       1203.2373      0.49529206      0.30526357   9.2206856e-05     0.022589879       2.9968851      0.97502243     0.038899099      0.99813791      -24.280118       -24.280118       2455.0349                                                 2455.0349
              3       1203.2321      0.49521395      0.30525381   9.2204746e-05     0.022589804       2.9968668      0.97501525      0.03889159      0.99813752      -24.280118       -24.280118       2455.0243                                                 2455.0243
              3       1202.7926      0.54975543      0.30709821    9.281909e-05     0.022592973       3.0056506      0.97487736     0.042391121      0.99928403      -24.280118       -24.280118       2454.1455                                                 2454.1455
             13       1202.7896       0.4749636      0.30569585   9.2207256e-05     0.022599019       3.0053588      0.97424468     0.042771916      0.99862913      -24.280118       -24.280118       2454.1395                                                 2454.1395
              6       1203.5594      0.46428516      0.30663713    9.241614e-05     0.022571627       3.0025522      0.97376685     0.040945461      0.99868605      -24.280118       -24.280118        2455.679                                                  2455.679
              2       1203.4231      0.44950426      0.30428867   9.1802875e-05     0.022636684       3.0036399       0.9741829     0.041808877      0.99879542      -24.280118       -24.280118       2455.4064                                                 2455.4064
              3       1204.7399      0.35937207      0.29948937   9.0436573e-05     0.022670004       3.0004098      0.97290704     0.039295864      0.99891346      -24.280118       -24.280118         2458.04                                                   2458.04
              1       1204.7623      0.35998539      0.29931118   9.0410398e-05     0.022665429       3.0004495      0.97305467     0.039307914       0.9989653      -24.280118       -24.280118       2458.0849                                                 2458.0849
              2       1205.8715       0.2405317      0.29543436   8.8992491e-05     0.022678708        2.978323      0.97235547     0.027503119      0.99974403      -24.280118       -24.280118       2460.3032                                                 2460.3032
              3       1206.7229      0.15346579       0.2928073   8.8067982e-05     0.022658086       2.9913525      0.97423055      0.03475391      0.99920335      -24.280118       -24.280118       2462.0061                                                 2462.0061
              1       1206.8014      0.17012196      0.29282489   8.8122674e-05     0.022672311       2.9904145      0.97422674     0.035005705      0.99852937      -24.280118       -24.280118       2462.1631                                                 2462.1631
              2       1208.7854      0.39442055      0.30300529   9.1372073e-05      0.02249005       2.9647379      0.97920457     0.024287242      0.99683947      -24.280118       -24.280118       2466.1311                                                 2466.1311
              5       1210.1671       0.4816842      0.30454295   9.1941858e-05     0.022474578       2.9617822      0.97822576     0.023153176      0.99612492      -24.280118       -24.280118       2468.8943                                                 2468.8943
              1       1210.2132      0.48249411      0.30737738   9.2404869e-05      0.02246343       2.9717467      0.97843817     0.023421281       1.0001242      -24.280118       -24.280118       2468.9866                                                 2468.9866
              1       1207.6621      0.55164756      0.31017432   9.3173099e-05     0.022534122       2.9863006      0.97485492       0.0289681       1.0010574      -24.280118       -24.280118       2463.8845                                                 2463.8845
              5       1206.0427      0.49517303      0.30912004   9.2819862e-05     0.022485882       2.9879188      0.97383852     0.029060726       1.0017818      -24.280118       -24.280118       2460.6456                                                 2460.6456
              1       1206.8791      0.48663912      0.30752047   9.2407065e-05     0.022536839       2.9921965      0.97485461     0.029944358       1.0032437      -24.280118       -24.280118       2462.3185                                                 2462.3185
              4       1206.6386       0.4366798      0.30551051   9.1779928e-05     0.022547112       2.9953333      0.97473731     0.031767684        1.002754      -24.280118       -24.280118       2461.8374                                                 2461.8374
              4       1206.6895      0.43354725      0.30536053   9.1744482e-05     0.022540769       2.9954468      0.97493277     0.031856491       1.0028021      -24.280118       -24.280118       2461.9392                                                 2461.9392
              5         1207.36      0.47550995      0.31332733   9.3601819e-05     0.022394766       3.0027449      0.97105345     0.033636983       1.0040409      -24.280118       -24.280118       2463.2803                                                 2463.2803
              4        1206.436      0.47947455      0.31074369   9.3073103e-05     0.022460348        2.984515      0.97073073     0.026259975       1.0019524      -24.280118       -24.280118       2461.4322                                                 2461.4322
              1       1207.1329      0.40313193      0.30874808   9.2431173e-05     0.022380021       2.9977354      0.97245495     0.032488862       1.0025117      -24.280118       -24.280118       2462.8261                                                 2462.8261
              4       1209.3743      0.37995499      0.30915432   9.2530498e-05     0.022285125       2.9814179      0.97316548     0.026897205      0.99959965      -24.280118       -24.280118       2467.3089                                                 2467.3089
              9       1209.6523      0.38437527      0.30701364   9.2042159e-05     0.022345986       2.9826618      0.97504474     0.028690068       0.9987915      -24.280118       -24.280118       2467.8648                                                 2467.8648
              1       1207.6446      0.36639306      0.31293654   9.3215834e-05     0.022359064       2.9788525      0.97156032     0.028425617      0.99654075      -24.280118       -24.280118       2463.8495                                                 2463.8495
              6       1207.7328      0.34474895      0.31135858   9.2789906e-05     0.022395203       2.9774226      0.97284997     0.027392287      0.99703737      -24.280118       -24.280118       2464.0259                                                 2464.0259
              2       1208.1153      0.31014115      0.30998962   9.2412892e-05     0.022366529       2.9796565      0.97287643     0.028848918      0.99662433      -24.280118       -24.280118       2464.7908                                                 2464.7908
              2       1208.1093      0.24940271      0.30336058   9.0834411e-05     0.022516271       2.9854066      0.97554733     0.031684273      0.99770208      -24.280118       -24.280118       2464.7788                                                 2464.7788
              1       1209.4128     0.096702492      0.29701694   8.8916603e-05     0.022544477       2.9871121      0.97580939     0.034669515       0.9956545      -24.280118       -24.280118       2467.3858                                                 2467.3858
              7       1208.3214     0.070015897      0.29778332   8.8868835e-05     0.022448748       2.9811025      0.97305144     0.033486871       0.9942613      -24.280118       -24.280118       2465.2031                                                 2465.2031
             21       1207.2135      0.10199571      0.29875781   8.9266907e-05     0.022428534        2.978391      0.96868792     0.033019322      0.99297183      -24.280118       -24.280118       2462.9872                                                 2462.9872
              3       1207.1919      0.11242295      0.30027263   8.9833971e-05     0.022298915       2.9749495      0.96914518     0.031434221      0.99337371      -24.280118       -24.280118       2462.9441                                                 2462.9441
              1       1206.4491       0.2425977      0.30649119   9.1621459e-05     0.022287818       2.9787193      0.96742173     0.033117184      0.99342341      -24.280118       -24.280118       2461.4584                                                 2461.4584
              2        1206.532      0.23879009      0.30607003   9.1572978e-05     0.022276208       2.9803708      0.96744903     0.034025504      0.99364057      -24.280118       -24.280118       2461.6242                                                 2461.6242
              2       1207.0545      0.22950992        0.305208    9.142611e-05     0.022209557       2.9807187      0.96695905     0.034158285      0.99373344      -24.280118       -24.280118       2462.6692                                                 2462.6692
              4       1206.6501      0.23565595        0.304942   9.1378955e-05     0.022217897       2.9913693      0.96812163     0.039789023      0.99363261      -24.280118       -24.280118       2461.8604                                                 2461.8604
              1       1206.9647      0.11988646      0.30139513   9.0234031e-05      0.02216667       2.9881261      0.96543668     0.033925615      0.99830686      -24.280118       -24.280118       2462.4896                                                 2462.4896
              1       1207.0011      0.12395577      0.30140817   9.0262545e-05     0.022161599       2.9884974      0.96563329     0.034256852      0.99827008      -24.280118       -24.280118       2462.5624                                                 2462.5624
              3       1206.3279      0.28481998      0.30680834   9.2073841e-05     0.022195148       2.9841165      0.96577499     0.031608697      0.99896886      -24.280118       -24.280118       2461.2159                                                 2461.2159
              1        1206.224      0.38671792      0.31291208    9.348706e-05     0.022258815       2.9908509      0.96531742     0.033875422       0.9998692      -24.280118       -24.280118       2461.0083                                                 2461.0083
              3       1206.2195      0.38660409      0.31291285   9.3486674e-05     0.022258733       2.9908364      0.96531461     0.033861212      0.99987322      -24.280118       -24.280118       2460.9992                                                 2460.9992
              2       1205.4889       0.3796784      0.31241363   9.3356092e-05     0.022258703       2.9928003      0.96631806     0.035300731       0.9994072      -24.280118       -24.280118       2459.5379                                                 2459.5379
              1       1205.2138      0.39292762      0.30793915   9.2442161e-05     0.022300475       3.0048267      0.96439991      0.04070638       0.9997978      -24.280118       -24.280118       2458.9879                                                 2458.9879
              2       1204.7734      0.36143558      0.30571054   9.1846004e-05     0.022339297       2.9969536      0.96439036     0.037327733      0.99926809      -24.280118       -24.280118       2458.1071                                                 2458.1071
              5       1204.4234      0.41924705      0.30701164   9.2332245e-05      0.02242769       3.0074988      0.96419993     0.042241527       0.9997096      -24.280118       -24.280118        2457.407                                                  2457.407
             21       1204.4291      0.31567484      0.30146784   9.0843481e-05     0.022442267       3.0088131      0.96561593     0.044661938       0.9978458      -24.280118       -24.280118       2457.4184                                                 2457.4184
              1       1204.3419      0.30844499      0.30099647   9.0706265e-05     0.022456982       3.0066017       0.9656518     0.043269045      0.99809518      -24.280118       -24.280118        2457.244                                                  2457.244
              1       1203.7571      0.22318926      0.30271404   9.0476639e-05     0.022492599       3.0091962      0.96606287     0.043865641      0.99788042      -24.280118       -24.280118       2456.0744                                                 2456.0744
              1       1203.9591      0.24863861      0.30315602   9.0605551e-05     0.022524709       3.0085707      0.96549487     0.043520835      0.99746321      -24.280118       -24.280118       2456.4784                                                 2456.4784
              3       1204.3081      0.25641445      0.30306877   9.0668274e-05     0.022547995       3.0068131      0.96730675     0.044769125      0.99531613      -24.280118       -24.280118       2457.1764                                                 2457.1764
              4         1204.26      0.30708458      0.30473556   9.1194455e-05     0.022529155       3.0066329      0.96638065     0.045312058       0.9950422      -24.280118       -24.280118       2457.0803                                                 2457.0803
              5       1204.1038      0.30291993      0.30726165   9.1819694e-05     0.022383323       3.0070006      0.96687863     0.045002382      0.99554872      -24.280118       -24.280118       2456.7679                                                 2456.7679
              1       1204.3433      0.30682532       0.3076451   9.1910525e-05     0.022383124       3.0078518      0.96746279     0.045755685      0.99520039      -24.280118       -24.280118       2457.2469                                                 2457.2469
             16       1204.4976      0.30182635      0.30724238   9.1824983e-05     0.022370921        3.008157       0.9675956     0.046206529      0.99500051      -24.280118       -24.280118       2457.5555                                                 2457.5555
              3        1205.129       0.4740016       0.3133979   9.3527204e-05     0.022526694       2.9993991      0.96525579     0.039201894      0.99618486      -24.280118       -24.280118       2458.8183                                                 2458.8183
             11       1204.6406       0.6123954      0.31583586   9.4735117e-05     0.022521945       2.9964626      0.96872781      0.03844779      0.99633513      -24.280118       -24.280118       2457.8414                                                 2457.8414
             11       1204.6342      0.61264995      0.31584899    9.473966e-05     0.022521363        2.996415      0.96875122     0.038439419       0.9963245      -24.280118       -24.280118       2457.8286                                                 2457.8286
              6       1203.8581      0.58691111      0.31459982   9.4252944e-05     0.022543881       3.0060395      0.97075162     0.041695568       0.9982384      -24.280118       -24.280118       2456.2765                                                 2456.2765
              3       1206.1012      0.58429376      0.31277449    9.373055e-05      0.02263131       3.0255951      0.97173242     0.051084542      0.99829831      -24.280118       -24.280118       2460.7626                                                 2460.7626
              1       1206.0957       0.5827876       0.3127649   9.3722373e-05     0.022630661        3.025418      0.97173411      0.05103655      0.99824409      -24.280118       -24.280118       2460.7517                                                 2460.7517
             11       1206.4119       0.5646369      0.31262311   9.3704578e-05     0.022604248       3.0305148       0.9700234     0.053043267      0.99831088      -24.280118       -24.280118       2461.3841                                                 2461.3841
              2       1204.7742      0.37720313      0.30857741   9.2080648e-05     0.022590641       3.0138398      0.96901115     0.044577205       0.9978434      -24.280118       -24.280118       2458.1087                                                 2458.1087
              3       1203.9944      0.44682307      0.30797686    9.227109e-05     0.022692977       3.0021607        0.968673     0.041337895      0.99648605      -24.280118       -24.280118       2456.5491                                                 2456.5491
              5       1204.3498      0.41859166      0.30478279   9.1629768e-05     0.022593601       2.9849535      0.96719402     0.032566466      0.99674272      -24.280118       -24.280118       2457.2599                                                 2457.2599
              2       1204.9585      0.38195898      0.30428371   9.1475415e-05     0.022500774       2.9798492      0.96707645      0.02987761      0.99660156      -24.280118       -24.280118       2458.4773                                                 2458.4773
              1       1205.3144       0.3606749      0.30335995   9.1196221e-05     0.022505232       2.9798551      0.96656069     0.029784728      0.99663263      -24.280118       -24.280118        2459.189                                                  2459.189
              4       1205.5172       0.3749611      0.30365737   9.1311552e-05     0.022517236       2.9823541      0.96644163      0.03080527       0.9967217      -24.280118       -24.280118       2459.5947                                                 2459.5947
              1       1204.4279      0.39994894      0.30753123     9.21542e-05     0.022469221       2.9809025      0.96743308     0.030697167      0.99606209      -24.280118       -24.280118        2457.416                                                  2457.416
              1       1203.1546      0.44297166      0.31015331   9.2913376e-05     0.022452645        2.990585       0.9676258     0.033060572      0.99863398      -24.280118       -24.280118       2454.8694                                                 2454.8694
              2       1203.5726      0.39645158      0.30943807   9.2565924e-05     0.022452026       2.9879855      0.96738079     0.031301624      0.99867368      -24.280118       -24.280118       2455.7054                                                 2455.7054
              8       1203.6459      0.39390804      0.30941511   9.2548828e-05     0.022448215       2.9882372      0.96725969     0.031299742      0.99875866      -24.280118       -24.280118        2455.852                                                  2455.852
              6       1203.7169      0.42028875      0.31217592    9.318533e-05     0.022459817       2.9874972      0.96698825     0.029819518      0.99999009      -24.280118       -24.280118        2455.994                                                  2455.994
              9       1204.8887      0.33591873      0.31105677   9.2847141e-05     0.022304192       2.9874803      0.96935166     0.029428349       1.0009628      -24.280118       -24.280118       2458.3376                                                 2458.3376
              7       1203.9463      0.35299037      0.31000191   9.2676167e-05     0.022355525       2.9863341       0.9688802      0.02907334       1.0008558      -24.280118       -24.280118       2456.4529                                                 2456.4529
              8       1203.9818      0.37427521       0.3104711   9.2876919e-05     0.022355407       2.9875868      0.96937528     0.029989495       1.0006524      -24.280118       -24.280118       2456.5238                                                 2456.5238
              2       1204.2059      0.30625634       0.3093305   9.2405478e-05     0.022330881       2.9850663       0.9675486     0.030219085      0.99903262      -24.280118       -24.280118       2456.9719                                                 2456.9719
              5        1204.692      0.22857776      0.30403778   9.1042953e-05     0.022367631        2.972202      0.96998861     0.024231339       1.0000944      -24.280118       -24.280118       2457.9442                                                 2457.9442
              1       1204.7714      0.23005232       0.3048807   9.1246654e-05     0.022328192        2.978256      0.96984684     0.026284349       1.0009721      -24.280118       -24.280118        2458.103                                                  2458.103
              1       1203.4512      0.29912786      0.30439693   9.1357946e-05     0.022401184       2.9867164      0.97065765     0.030270247       1.0014734      -24.280118       -24.280118       2455.4627                                                 2455.4627
              1       1203.5506       0.3082723      0.30464111   9.1455195e-05     0.022400633       2.9860933      0.97049105     0.029894945       1.0015483      -24.280118       -24.280118       2455.6614                                                 2455.6614
              7       1203.6852      0.34574986      0.30696628   9.2036049e-05     0.022427076        2.989374      0.96976201     0.031682212       1.0014858      -24.280118       -24.280118       2455.9306                                                 2455.9306
              1       1205.8046      0.28485856      0.30663067   9.1660307e-05     0.022431171       2.9820666      0.96956616     0.028277185       1.0015113      -24.280118       -24.280118       2460.1694                                                 2460.1694
              4       1205.8057      0.28474861      0.30664604   9.1662442e-05     0.022431858        2.982144      0.96955964     0.028300728       1.0015186      -24.280118       -24.280118       2460.1715                                                 2460.1715
              1       1205.7701      0.29221308      0.30637901   9.1634647e-05      0.02244395       2.9809607      0.96958296     0.027507389       1.0017682      -24.280118       -24.280118       2460.1004                                                 2460.1004
              7       1205.5671      0.27836422      0.30628553    9.155264e-05     0.022447164        2.978857      0.96895114     0.026413784       1.0015169      -24.280118       -24.280118       2459.6945                                                 2459.6945
              1        1204.039      0.15761442      0.29998638   8.9807275e-05     0.022433786       2.9815505      0.96870262     0.028408409       1.0003347      -24.280118       -24.280118       2456.6382                                                 2456.6382
              5       1204.0083      0.15904014      0.30004701   8.9824533e-05     0.022434121       2.9815067      0.96873617     0.028389183       1.0003221      -24.280118       -24.280118       2456.5769                                                 2456.5769
              2       1202.8337      0.31865492      0.30265104   9.1104804e-05      0.02244497       3.0004419      0.96944169     0.038411418       1.0004871      -24.280118       -24.280118       2454.2276                                                 2454.2276
              6       1203.2471      0.39913614      0.30599193   9.1903376e-05     0.022574039       3.0053334       0.9671064     0.040488246       1.0003423      -24.280118       -24.280118       2455.0545                                                 2455.0545
              1       1206.6636      0.42007985      0.30952514    9.260871e-05     0.022618077       3.0229976      0.96788042     0.044176646       1.0036238      -24.280118       -24.280118       2461.8874                                                 2461.8874
              1       1206.6559      0.41662301      0.30934696      9.2564e-05     0.022616797       3.0232352      0.96818299     0.044371293       1.0035289      -24.280118       -24.280118        2461.872                                                  2461.872
              5        1206.441      0.40986356      0.31140699   9.2912178e-05     0.022533054       3.0137548      0.96605905      0.03965684       1.0022775      -24.280118       -24.280118       2461.4423                                                 2461.4423
              4       1205.1566      0.37576478      0.31103044    9.269963e-05     0.022531622       3.0103023      0.96557297     0.041183251      0.99924221      -24.280118       -24.280118       2458.8734                                                 2458.8734
              6       1208.4733      0.62261182        0.312996    9.439574e-05     0.022553377        3.039482      0.97305823     0.054363208       1.0027525      -24.280118       -24.280118       2465.5069                                                 2465.5069
              2        1206.404      0.57819971      0.31020354    9.375371e-05     0.022408886       3.0270303      0.96971827     0.049068303       1.0020027      -24.280118       -24.280118       2461.3683                                                 2461.3683
              2       1206.5483      0.55949932      0.31013326    9.369158e-05     0.022389127       3.0262135       0.9692643     0.048621829       1.0019723      -24.280118       -24.280118       2461.6568                                                 2461.6568
             10       1204.7586      0.54352698      0.31194203   9.3873452e-05     0.022427465        3.019514      0.96660541      0.04582571        1.001126      -24.280118       -24.280118       2458.0775                                                 2458.0775
              1       1203.9052      0.59462494      0.31369262   9.4378943e-05     0.022446799       3.0191546      0.96901473     0.046282778       1.0006461      -24.280118       -24.280118       2456.3706                                                 2456.3706
              1       1202.5502      0.44145468      0.30703232   9.2457034e-05       0.0223993       3.0154806      0.97043689     0.046711319      0.99899043      -24.280118       -24.280118       2453.6607                                                 2453.6607
              1       1202.9327       0.4541271      0.30745977   9.2531811e-05     0.022427991       3.0185016      0.96872957     0.048882262      0.99820205      -24.280118       -24.280118       2454.4256                                                 2454.4256
              2       1202.6078      0.43555813      0.30984598   9.2809812e-05     0.022451677       3.0125311      0.96855248     0.045347571      0.99808271      -24.280118       -24.280118       2453.7759                                                 2453.7759
              1       1203.1812      0.61749092      0.31390039   9.4316739e-05     0.022563653       3.0050113      0.96947214     0.041579064      0.99838869      -24.280118       -24.280118       2454.9227                                                 2454.9227
              2       1203.5092      0.61213012      0.31362189   9.4194759e-05     0.022594274       3.0108517      0.96895362     0.043051424      0.99949743      -24.280118       -24.280118       2455.5785                                                 2455.5785
              2       1203.9082      0.59040941      0.31458876    9.435935e-05     0.022575256        3.008016      0.96685355     0.041652932      0.99913342      -24.280118       -24.280118       2456.3766                                                 2456.3766
              3       1204.1523      0.54793409      0.31587673   9.4486579e-05     0.022508592       3.0025117       0.9656146     0.039006766      0.99896236      -24.280118       -24.280118       2456.8649                                                 2456.8649
              5       1204.1694       0.5353311      0.31492923   9.4173036e-05     0.022532095       2.9925013      0.96566158     0.034947626      0.99800899      -24.280118       -24.280118       2456.8991                                                 2456.8991
              4       1204.4356      0.55096383      0.31560137   9.4381804e-05     0.022524877       2.9918824      0.96541631      0.03471094      0.99801623      -24.280118       -24.280118       2457.4314                                                 2457.4314
              2       1205.0427      0.55918723      0.31556412   9.4366585e-05     0.022564783       2.9918778      0.96473376     0.034535358      0.99803534      -24.280118       -24.280118       2458.6456                                                 2458.6456
              4       1204.9903      0.61976809      0.31349167   9.4225638e-05     0.022581125       2.9945881      0.96609017     0.036617502      0.99781488      -24.280118       -24.280118       2458.5408                                                 2458.5408
              1       1203.7487      0.56556685      0.31084139   9.3401953e-05     0.022585688       3.0075515      0.96840652     0.042999086      0.99786992      -24.280118       -24.280118       2456.0577                                                 2456.0577
              4       1203.1349      0.60333028      0.30986388   9.3474703e-05     0.022550947       3.0086318      0.97159111     0.043458311      0.99923888      -24.280118       -24.280118       2454.8301                                                 2454.8301
              7       1202.8023      0.56675923      0.30747112   9.2872269e-05     0.022571347       3.0074911      0.97175724      0.04253693      0.99934093      -24.280118       -24.280118       2454.1649                                                 2454.1649
              1       1202.5575      0.53788066      0.30800143   9.2925856e-05     0.022515369       3.0085353      0.97018293     0.043330723       0.9988145      -24.280118       -24.280118       2453.6753                                                 2453.6753
              1       1202.0263      0.51232864      0.30703691   9.2675304e-05     0.022493953       3.0107362      0.97116613     0.044635961      0.99920322      -24.280118       -24.280118       2452.6128                                                 2452.6128
              1       1202.1255      0.46713808      0.30517514   9.2117188e-05     0.022489921       3.0124336      0.97108351     0.045502232       0.9990888      -24.280118       -24.280118       2452.8113                                                 2452.8113
              3       1202.2374      0.47320933      0.30572615   9.2231318e-05     0.022493866       3.0138811      0.97066691     0.045771707      0.99927493      -24.280118       -24.280118        2453.035                                                  2453.035
              4        1202.529      0.47721879      0.30630289   9.2428433e-05     0.022454438       3.0109504      0.97069635     0.044574139      0.99889645      -24.280118       -24.280118       2453.6183                                                 2453.6183
              2       1202.7419      0.50475247      0.30558355   9.2348821e-05     0.022500221       3.0149968      0.97177932     0.047434022      0.99837418      -24.280118       -24.280118        2454.044                                                  2454.044
              4       1202.7309      0.48704603      0.30578717   9.2320252e-05     0.022489915       3.0150853      0.97173434     0.048119698      0.99761755      -24.280118       -24.280118        2454.022                                                  2454.022
              7       1202.6809      0.44784017      0.30423984   9.1851225e-05     0.022498399       3.0171575      0.97111225     0.049114518      0.99780884      -24.280118       -24.280118       2453.9221                                                 2453.9221
              2       1202.5584       0.4509895       0.3043056   9.1890933e-05      0.02249015       3.0072629      0.97142415     0.045100809      0.99694111      -24.280118       -24.280118        2453.677                                                  2453.677
              1       1202.5443       0.4022073       0.3057271   9.2031528e-05     0.022400887       3.0036461      0.96911813     0.043381594      0.99670664      -24.280118       -24.280118       2453.6488                                                 2453.6488
              1       1202.7085      0.38812181      0.30495394   9.1810775e-05     0.022402933       3.0040718      0.96970264     0.044042878      0.99627186      -24.280118       -24.280118       2453.9772                                                 2453.9772
              3       1203.4326      0.28826588      0.30185979    9.080493e-05     0.022411688       3.0038983      0.96818897      0.04393395      0.99610617      -24.280118       -24.280118       2455.4253                                                 2455.4253
              7       1203.4142      0.29138271        0.301731   9.0796761e-05      0.02241357       3.0052573      0.96838824     0.044592948      0.99620799      -24.280118       -24.280118       2455.3886                                                 2455.3886
              4       1202.9639      0.32477146       0.3021667   9.1004735e-05      0.02243631       3.0033983      0.96888365     0.043392278      0.99656173      -24.280118       -24.280118        2454.488                                                  2454.488
              2       1203.4783      0.32026029      0.30151016   9.0954482e-05     0.022411546       3.0027051      0.97074785     0.043568958      0.99667968      -24.280118       -24.280118       2455.5168                                                 2455.5168
             12       1204.7155      0.36250124      0.30271627   9.1385966e-05     0.022401968       2.9973849      0.96926656     0.043018735       0.9947586      -24.280118       -24.280118       2457.9911                                                 2457.9911
              3        1204.455       0.3847242      0.30355809   9.1642694e-05     0.022392387       2.9938799      0.96773089     0.039933243      0.99583696      -24.280118       -24.280118       2457.4703                                                 2457.4703
              5       1204.7479      0.39146937      0.30365898   9.1702701e-05     0.022379063       2.9925959      0.96711423     0.039044762      0.99632014      -24.280118       -24.280118       2458.0559                                                 2458.0559
              1       1206.4902      0.51208254      0.30583661   9.2564305e-05     0.022558479       2.9864676      0.97083804     0.037039905      0.99670195      -24.280118       -24.280118       2461.5407                                                 2461.5407
              7       1205.4051      0.55382594      0.30437713   9.2265786e-05     0.022674003       3.0077125      0.97262841     0.046444476      0.99818185      -24.280118       -24.280118       2459.3705                                                 2459.3705
              1        1205.098      0.52412274      0.30447737   9.2152757e-05     0.022659088       3.0080948      0.97115323     0.046401355       0.9980443      -24.280118       -24.280118       2458.7562                                                 2458.7562
              1       1205.5308      0.50228683      0.30313123    9.181828e-05     0.022658841       3.0085654      0.97073029     0.046250652      0.99851486      -24.280118       -24.280118       2459.6218                                                 2459.6218
              4       1204.5506      0.48941502      0.30180736   9.1513639e-05     0.022624858       3.0112976      0.97130923     0.047476887      0.99850524      -24.280118       -24.280118       2457.6614                                                 2457.6614
              2       1204.7975       0.4443846      0.30344678   9.1646497e-05     0.022520395       3.0021093      0.97201409     0.042115563      0.99966606      -24.280118       -24.280118       2458.1553                                                 2458.1553
              2       1204.9317      0.36567557      0.30073338   9.0736269e-05     0.022537377       3.0023984       0.9713888     0.041377626       1.0002389      -24.280118       -24.280118       2458.4236                                                 2458.4236
              1       1205.7219      0.43575741      0.30184719   9.1100903e-05     0.022660111       3.0011939      0.97376061      0.04045615       1.0006548      -24.280118       -24.280118        2460.004                                                  2460.004
              2       1204.8383      0.44422783      0.30224576   9.1248036e-05     0.022671549       2.9974772      0.97258332     0.038470876       1.0003951      -24.280118       -24.280118       2458.2369                                                 2458.2369
              1       1206.6689      0.39626151      0.30138356   9.0857818e-05     0.022681258       2.9927525      0.97183201     0.034284963        1.002193      -24.280118       -24.280118        2461.898                                                  2461.898
              8       1205.5832      0.40635284      0.30266212   9.1174881e-05     0.022646569       2.9999511      0.97219603     0.036149833       1.0035023      -24.280118       -24.280118       2459.7267                                                 2459.7267
              5       1204.9749      0.31679365      0.30126192   9.0454438e-05     0.022666292       2.9953672      0.96780555     0.037112167      0.99923993      -24.280118       -24.280118       2458.5101                                                 2458.5101
              4       1205.1578      0.25296263      0.30250899   9.0413464e-05     0.022682129       3.0031658      0.96614241     0.039127201      0.99937949      -24.280118       -24.280118       2458.8758                                                 2458.8758
              2       1205.1539      0.27123373      0.30329078   9.0649825e-05     0.022683829       3.0037382      0.96630973     0.039601958      0.99925471      -24.280118       -24.280118        2458.868                                                  2458.868
              1       1204.6496      0.28591521      0.30323823   9.0648728e-05     0.022708292       3.0034067      0.96901849     0.038985218      0.99985075      -24.280118       -24.280118       2457.8594                                                 2457.8594
              1       1205.5919      0.35396215      0.30425363    9.108724e-05      0.02277728       2.9980279      0.96864375      0.03585057       1.0001158      -24.280118       -24.280118       2459.7441                                                 2459.7441
              2       1205.5804      0.35836072      0.30436123   9.1121421e-05     0.022779889       2.9985697      0.96866747     0.036016498        1.000169      -24.280118       -24.280118        2459.721                                                  2459.721
              3       1203.4089      0.40372123       0.3071896   9.1992605e-05      0.02265978       2.9927004      0.96866548      0.03466917      0.99870159      -24.280118       -24.280118        2455.378                                                  2455.378
              1       1205.1463      0.35392841      0.30720359   9.1623946e-05     0.022674666       2.9779848      0.97000838      0.02740916      0.99819431      -24.280118       -24.280118       2458.8529                                                 2458.8529
              2       1205.8417      0.40208466      0.30975851   9.2403387e-05      0.02265945       2.9703923      0.97119037     0.022563736      0.99919454      -24.280118       -24.280118       2460.2437                                                 2460.2437
              1       1207.5389       0.2745132      0.30375021   9.0500654e-05     0.022744112       2.9756531      0.96965825     0.022618914       1.0015391      -24.280118       -24.280118        2463.638                                                  2463.638
              2       1207.4577      0.23114166      0.30079885   8.9871263e-05     0.022607968       2.9734536      0.97256738     0.022429518        1.001867      -24.280118       -24.280118       2463.4756                                                 2463.4756
              3       1207.3032      0.22817857       0.3007137   8.9850675e-05      0.02260838       2.9750676      0.97247926     0.023422551       1.0018046      -24.280118       -24.280118       2463.1667                                                 2463.1667
              4       1206.4348      0.27654431      0.29999652   8.9873863e-05     0.022651659       2.9821519      0.97320794     0.028032652       1.0009335      -24.280118       -24.280118       2461.4299                                                 2461.4299
              5       1205.2128      0.28971278       0.2992301   8.9817226e-05     0.022652989       2.9879488      0.97322477     0.031316578       1.0004462      -24.280118       -24.280118       2458.9859                                                 2458.9859
              2         1206.02      0.20107688      0.29941593     8.94698e-05     0.022662259       2.9854697       0.9726329     0.029286687       1.0000116      -24.280118       -24.280118       2460.6002                                                 2460.6002
              3       1207.2946      0.24684357      0.30582419   9.0810486e-05     0.022616022       3.0053455      0.96992883     0.038114734         1.00046      -24.280118       -24.280118       2463.1494                                                 2463.1494
              3       1206.5602      0.38686821      0.31157755   9.2817283e-05     0.022589585       3.0090345       0.9663778     0.045906365      0.99510051      -24.280118       -24.280118       2461.6805                                                 2461.6805
              2       1207.1061      0.33420538      0.31357978   9.3163701e-05     0.022428291       2.9930932      0.96499318      0.03758751      0.99557651      -24.280118       -24.280118       2462.7724                                                 2462.7724
              2       1209.3317      0.36335724      0.31645659   9.3873698e-05     0.022381449        2.986332      0.96783577     0.034815641       0.9955862      -24.280118       -24.280118       2467.2237                                                 2467.2237
              1       1208.9405      0.29973408      0.31001996   9.2676501e-05     0.022260136       2.9895966        0.972594     0.038265554      0.99548069      -24.280118       -24.280118       2466.4412                                                 2466.4412
              1       1209.0101       0.3198412      0.31019045   9.2789335e-05     0.022266189       2.9895538      0.97299487      0.03886173       0.9949858      -24.280118       -24.280118       2466.5805                                                 2466.5805
              1       1212.5884      0.35869652       0.3119239   9.3473073e-05     0.022074022       2.9906971      0.96895611     0.039071692      0.99680056      -24.280118       -24.280118       2473.7371                                                 2473.7371
              3        1213.376      0.30220989      0.30756527   9.2209231e-05     0.022160674       3.0181217      0.97170996     0.051548759      0.99860687      -24.280118       -24.280118       2475.3123                                                 2475.3123
              2       1209.7911      0.58246182      0.31704709   9.5103475e-05     0.022281097       3.0236262       0.9711345     0.052695724      0.99920229      -24.280118       -24.280118       2468.1424                                                 2468.1424
              6       1211.3187      0.60518522      0.31792996   9.5391861e-05     0.022283069       3.0284244       0.9718111     0.055338709      0.99920066      -24.280118       -24.280118       2471.1976                                                 2471.1976
              3       1210.7483       0.3750067      0.31201843   9.3266958e-05      0.02217047       3.0072964      0.96430243     0.043329928      0.99947947      -24.280118       -24.280118       2470.0568                                                 2470.0568
              2       1211.7565      0.27692513      0.31017805   9.2555545e-05      0.02207406        3.012671      0.96579765     0.044285946       1.0006773      -24.280118       -24.280118       2472.0733                                                 2472.0733
              1       1212.0755      0.33124247      0.31195061   9.3151715e-05     0.022059688       3.0156342       0.9652844      0.04526356       1.0010202      -24.280118       -24.280118       2472.7111                                                 2472.7111
              1       1210.4499      0.33578545      0.31363631   9.3352778e-05     0.022142442       3.0146551       0.9641041     0.043357313       1.0012482      -24.280118       -24.280118       2469.4601                                                 2469.4601
              1       1211.3855      0.30933751      0.31296393   9.3111018e-05      0.02211971        3.015728      0.96428059     0.043444506       1.0016199      -24.280118       -24.280118       2471.3312                                                 2471.3312
              2       1211.3073      0.31094583      0.31290796   9.3108223e-05     0.022120403       3.0156629      0.96436791     0.043411521       1.0016439      -24.280118       -24.280118       2471.1749                                                 2471.1749
              3       1211.3719        0.315443      0.31315265   9.3174168e-05      0.02211843       3.0151048      0.96460796     0.043221776       1.0016209      -24.280118       -24.280118        2471.304                                                  2471.304
              3       1213.0117      0.42089669      0.31263913   9.3026549e-05     0.022372801       3.0152546      0.96447193     0.041962196       1.0020327      -24.280118       -24.280118       2474.5837                                                 2474.5837
              8       1212.8956      0.42333096      0.31278334    9.306923e-05     0.022371832       3.0152944      0.96454739      0.04209794       1.0019709      -24.280118       -24.280118       2474.3514                                                 2474.3514
              1       1210.2779      0.50650695      0.31254078   9.3474609e-05     0.022376595       3.0018932      0.96538894     0.040242301      0.99809173      -24.280118       -24.280118        2469.116                                                  2469.116
              1       1210.4246      0.59084481      0.31547241   9.4427379e-05     0.022385266       2.9944475      0.96770484     0.035894263      0.99893016      -24.280118       -24.280118       2469.4095                                                 2469.4095
              3       1211.5162      0.41588005      0.30270213   9.0854803e-05       0.0226154       2.9817926      0.96995813     0.028130861      0.99945973      -24.280118       -24.280118       2471.5927                                                 2471.5927
              4       1211.4828      0.37124688      0.30287777   9.0702225e-05      0.02260161       2.9728393      0.96820879     0.023540868      0.99920773      -24.280118       -24.280118       2471.5257                                                 2471.5257
              4       1209.3283      0.49045546      0.30655776   9.2001617e-05     0.022611856       2.9884823      0.96742689     0.031756819      0.99869795      -24.280118       -24.280118       2467.2167                                                 2467.2167
              4       1207.4711      0.48948136      0.30524627   9.1839543e-05      0.02262136       2.9805391      0.96969335     0.031942851      0.99546929      -24.280118       -24.280118       2463.5024                                                 2463.5024
              3        1207.245      0.47783191      0.30526934   9.1791398e-05     0.022619716       2.9802896       0.9690863     0.031371507      0.99576677      -24.280118       -24.280118       2463.0502                                                 2463.0502
              2       1217.2463     0.098828782      0.29464601   8.8192977e-05     0.022525595       2.9358764      0.96957059     0.013594179       0.9927596      -24.280118       -24.280118       2483.0529                                                 2483.0529
              3       1217.5507     0.086129129      0.29401594   8.7961872e-05     0.022565892       2.9388845      0.96996942     0.014852274      0.99288768      -24.280118       -24.280118       2483.6616                                                 2483.6616
              4       1218.4366     0.094262682      0.29329522   8.7866183e-05     0.022586491       2.9460384      0.96795221     0.019179705      0.99259016      -24.280118       -24.280118       2485.4333                                                 2485.4333
              2       1216.5595      0.19773978      0.29624379   8.8861064e-05     0.022709259       2.9517072      0.97152928     0.022637724      0.99306544      -24.280118       -24.280118       2481.6792                                                 2481.6792
              3       1212.1613      0.20166691      0.29638538   8.9075007e-05     0.022623673       2.9571112      0.97252458     0.023820015       0.9948584      -24.280118       -24.280118       2472.8829                                                 2472.8829
              1       1209.9045      0.12103646      0.29419506   8.8184778e-05     0.022676373       2.9671292      0.97079519     0.026329497      0.99586447      -24.280118       -24.280118       2468.3692                                                 2468.3692
              2       1209.4176       0.1286858      0.29927524   8.9202889e-05     0.022615336       2.9750225      0.96768092     0.028446407      0.99719034      -24.280118       -24.280118       2467.3954                                                 2467.3954
              2       1209.5883      0.11355054        0.299136    8.912614e-05     0.022591366       2.9744211      0.96778029     0.028421155      0.99686851      -24.280118       -24.280118       2467.7368                                                 2467.7368
             11       1209.0819     0.041755801      0.29541568   8.8170958e-05     0.022620413        2.988054      0.96616828     0.035515122      0.99635626      -24.280118       -24.280118        2466.724                                                  2466.724
              1       1209.1397      0.19485555       0.3046004    9.091493e-05     0.022433241        2.993701      0.96329265     0.037175788      0.99835571      -24.280118       -24.280118       2466.8395                                                 2466.8395
              1       1208.2807      0.19044438      0.29935934   8.9912644e-05     0.022435998       3.0264185      0.96871319     0.049646173       1.0032052      -24.280118       -24.280118       2465.1217                                                 2465.1217
              2        1207.982      0.15733305      0.30290106   9.0558307e-05     0.022367682       3.0211596       0.9668441     0.043994347       1.0040574      -24.280118       -24.280118       2464.5242                                                 2464.5242
              3       1205.7353      0.31251369      0.30787022   9.2169287e-05     0.022336962       3.0161321      0.97029309      0.04227264       1.0034804      -24.280118       -24.280118       2460.0308                                                 2460.0308
              2       1205.6956      0.34957555      0.31265882   9.3104929e-05     0.022308382       3.0075975      0.96817059     0.038244388       1.0022083      -24.280118       -24.280118       2459.9514                                                 2459.9514
              3       1206.1897      0.30158033      0.31091716   9.2555343e-05     0.022290399       3.0071516      0.96824045     0.037368737       1.0024932      -24.280118       -24.280118       2460.9397                                                 2460.9397
              1       1205.9692      0.30193129      0.31100374   9.2575412e-05     0.022295834       3.0053067      0.96760085     0.036442013       1.0023476      -24.280118       -24.280118       2460.4987                                                 2460.4987
              6       1207.1262      0.32804124      0.31251547   9.3061729e-05     0.022209848       3.0095328      0.96709413     0.039561847       1.0013134      -24.280118       -24.280118       2462.8126                                                 2462.8126
              3       1205.1375      0.41895582       0.3109409   9.2914005e-05     0.022401942       3.0086858      0.96498331     0.040800123       0.9993206      -24.280118       -24.280118       2458.8351                                                 2458.8351
             10       1206.4581      0.47914213       0.3141697   9.3903707e-05     0.022335955        3.003005      0.96396043     0.038324045      0.99887103      -24.280118       -24.280118       2461.4765                                                 2461.4765
              2       1206.5985      0.46550175      0.31488101   9.3969265e-05      0.02234509       3.0035012      0.96284933     0.037980823      0.99940148      -24.280118       -24.280118       2461.7571                                                 2461.7571
              1       1206.2578      0.38207043      0.31487651   9.3592076e-05     0.022310062       3.0002401      0.96549386     0.037502281      0.99808484      -24.280118       -24.280118       2461.0759                                                 2461.0759
              5       1207.0475       0.4190459      0.31496456   9.3786812e-05     0.022319257       2.9858868      0.96505889     0.035055215      0.99438383      -24.280118       -24.280118       2462.6552                                                 2462.6552
              1       1207.7785      0.53488455      0.31732384   9.4777372e-05     0.022350718        2.975868       0.9662627     0.031044365       0.9935742      -24.280118       -24.280118       2464.1173                                                 2464.1173
             10       1209.0998      0.53804361      0.31888342   9.5133189e-05     0.022306101       2.9758495      0.96560325     0.030940737      0.99326425      -24.280118       -24.280118       2466.7599                                                 2466.7599
              1       1209.0678      0.52872901      0.31866585   9.5038637e-05     0.022309906       2.9751444      0.96556802      0.03056106      0.99327211      -24.280118       -24.280118       2466.6957                                                 2466.6957
              1       1208.6973      0.39179206      0.31140935   9.3154507e-05     0.022213461       2.9741898      0.96993404     0.031029106      0.99303645      -24.280118       -24.280118       2465.9547                                                 2465.9547
              5       1210.0806      0.48822091      0.31266939   9.3648211e-05     0.022336126       2.9673054      0.97253428     0.028544991      0.99221077      -24.280118       -24.280118       2468.7214                                                 2468.7214
              1       1207.9395      0.29627426      0.30702818   9.1263452e-05     0.022639136       2.9895872      0.97088292     0.031990547      0.99999944      -24.280118       -24.280118       2464.4392                                                 2464.4392
              4        1207.016      0.23819407      0.30382566   9.0411192e-05     0.022696619        2.985626      0.97091085       0.0295517       1.0000525      -24.280118       -24.280118       2462.5923                                                 2462.5923
              2       1207.0843       0.2556889      0.30433713   9.0587163e-05     0.022711948       2.9838306      0.97099266     0.028571819       1.0001576      -24.280118       -24.280118       2462.7287                                                 2462.7287
             10       1206.9783      0.27444183      0.30437102   9.0698113e-05     0.022708525       2.9810329      0.97166905     0.028842942      0.99893904      -24.280118       -24.280118       2462.5169                                                 2462.5169
              5       1206.4305      0.26777658      0.30665854   9.1179258e-05      0.02263043       2.9807961      0.96930369     0.029769424       0.9974956      -24.280118       -24.280118       2461.4212                                                 2461.4212
              1       1205.7232      0.29232207      0.30605781   9.1376925e-05     0.022558626        2.988592      0.96695702     0.034188493      0.99837868      -24.280118       -24.280118       2460.0067                                                 2460.0067
              4       1206.6435      0.28559334      0.30605824   9.1280214e-05     0.022569562       2.9929393      0.96646947      0.03623419      0.99847892      -24.280118       -24.280118       2461.8471                                                 2461.8471
              3       1206.1974      0.42039236      0.30455824    9.150707e-05     0.022638238       3.0056721      0.96848634     0.042769402      0.99959037      -24.280118       -24.280118       2460.9551                                                 2460.9551
              2       1206.1981      0.32977826      0.30163885   9.0583121e-05      0.02255696       3.0037003      0.96912307     0.040776448       1.0005025      -24.280118       -24.280118       2460.9564                                                 2460.9564
              1       1207.2644      0.33630464        0.301606   9.0338348e-05     0.022706069        3.014773      0.96786153     0.042822005        1.002061      -24.280118       -24.280118       2463.0891                                                 2463.0891
              2       1207.2889      0.33374641      0.30130243   9.0263448e-05     0.022710987       3.0126716      0.96779431     0.041916641       1.0019089      -24.280118       -24.280118       2463.1381                                                 2463.1381
              2       1206.9488      0.34805953      0.30247006   9.0581718e-05     0.022701105       3.0170374      0.96755758     0.044437678        1.001727      -24.280118       -24.280118       2462.4579                                                 2462.4579
              2       1206.9912      0.38577278       0.3029408   9.1072351e-05     0.022593736       3.0179994      0.96576977     0.042512702       1.0044373      -24.280118       -24.280118       2462.5426                                                 2462.5426
              2       1206.4689      0.22529022      0.29818293   8.9570261e-05       0.0225341       3.0190725      0.96523169     0.044183185       1.0028522      -24.280118       -24.280118        2461.498                                                  2461.498
              1       1205.5955      0.34841987       0.3042433   9.1288842e-05     0.022524873       3.0255506      0.96614213      0.04662288       1.0025262      -24.280118       -24.280118       2459.7512                                                 2459.7512
              2       1204.7708      0.39197764       0.3036032   9.1548208e-05     0.022424404       3.0231549      0.97524494      0.04709868       1.0030738      -24.280118       -24.280118       2458.1019                                                 2458.1019
              1        1204.451      0.20451996      0.30025704   8.9952394e-05     0.022451186       3.0246558       0.9705938     0.049540667       1.0003391      -24.280118       -24.280118       2457.4622                                                 2457.4622
              1       1204.6342      0.45966087      0.31078962   9.2905313e-05     0.022556666       3.0211518      0.96936332     0.048477519      0.99812911      -24.280118       -24.280118       2457.8286                                                 2457.8286
              4       1204.3736      0.46986846      0.31343038    9.351727e-05     0.022517375       3.0047441      0.96521066     0.039184444       0.9991426      -24.280118       -24.280118       2457.3074                                                 2457.3074
              2       1204.3677      0.46062522      0.31188115     9.31773e-05     0.022615292       2.9885237      0.96747739     0.033872761      0.99687269      -24.280118       -24.280118       2457.2956                                                 2457.2956
              2       1203.8249      0.48660432      0.31170526   9.3316066e-05     0.022602715       2.9875287      0.96888626     0.033349152      0.99728184      -24.280118       -24.280118       2456.2101                                                 2456.2101
              9       1203.8396       0.5339547      0.31218958   9.3714557e-05     0.022541981       2.9913507      0.96990424     0.038649089      0.99520936      -24.280118       -24.280118       2456.2395                                                 2456.2395
              1       1204.1379      0.43453504      0.31055748   9.2898579e-05     0.022577005       2.9918337      0.96555708     0.035050615      0.99795042      -24.280118       -24.280118       2456.8361                                                 2456.8361
              2       1204.9641      0.39283744       0.3071842   9.1929861e-05     0.022652147       2.9900922      0.96502862     0.035190819      0.99677242      -24.280118       -24.280118       2458.4884                                                 2458.4884
              4       1205.3311      0.30083602       0.3070495   9.1478095e-05      0.02255635       3.0142678      0.96484379     0.045718086      0.99728902      -24.280118       -24.280118       2459.2225                                                 2459.2225
              2       1206.0326      0.28922804       0.3049863   9.0977361e-05     0.022550069       3.0153533      0.96610627     0.047357484      0.99626795      -24.280118       -24.280118       2460.6255                                                 2460.6255
              6       1206.1796      0.29983747      0.30516719   9.1015267e-05      0.02257727       3.0126276      0.96580149     0.045923503        0.996237      -24.280118       -24.280118       2460.9193                                                 2460.9193
              2         1205.99      0.33371651      0.30657178   9.1396193e-05     0.022615742       3.0129583       0.9657604      0.04561621      0.99668583      -24.280118       -24.280118       2460.5401                                                 2460.5401
              1       1205.6495      0.59119293      0.31258195   9.3830012e-05     0.022559428       3.0184168      0.96804091     0.048828539      0.99733293      -24.280118       -24.280118       2459.8592                                                 2459.8592
              1       1205.6381      0.59568644      0.31236738   9.3794505e-05     0.022570412       3.0176852       0.9684286     0.048568809      0.99724622      -24.280118       -24.280118       2459.8364                                                 2459.8364
              4       1205.5639      0.59638081      0.31253724   9.3839263e-05     0.022567119       3.0176381      0.96851345     0.048635144      0.99714172      -24.280118       -24.280118       2459.6881                                                 2459.6881
              5       1205.4186      0.54625287      0.30794941   9.2777076e-05     0.022570667       3.0094288      0.96581821     0.043470603      0.99895685      -24.280118       -24.280118       2459.3975                                                 2459.3975
              2       1205.1369      0.61655036      0.31249905   9.4147457e-05     0.022428084       3.0002954      0.96842615     0.039561431      0.99859082      -24.280118       -24.280118        2458.834                                                  2458.834
              2       1207.7208      0.31828526      0.31246935   9.2951756e-05     0.022229824       3.0088893      0.96326966     0.039966771        1.000673      -24.280118       -24.280118       2464.0019                                                 2464.0019
              2       1208.2973      0.33932863      0.31312938   9.3278547e-05     0.022198688       3.0158219      0.96270239     0.044455697      0.99992432      -24.280118       -24.280118       2465.1548                                                 2465.1548
              1       1208.2905      0.35479608      0.31380526   9.3473764e-05     0.022207584        3.015655      0.96262654     0.044180793        1.000199      -24.280118       -24.280118       2465.1413                                                 2465.1413
              3        1207.685      0.10894809      0.30294332    9.051135e-05     0.022179824       2.9862556      0.96327428     0.031552042      0.99941258      -24.280118       -24.280118       2463.9302                                                 2463.9302
              2        1207.949     0.095171836      0.30263229   9.0375943e-05     0.022191791       2.9867573      0.96263905     0.031929501       0.9991967      -24.280118       -24.280118       2464.4583                                                 2464.4583
              1       1207.6959       0.1096705      0.30340718    9.052902e-05      0.02218097       2.9944304      0.96303808     0.036120531      0.99862282      -24.280118       -24.280118        2463.952                                                  2463.952
              2       1204.8029      0.26912293      0.30175146   9.0477142e-05     0.022515368       2.9858294      0.96862877     0.033412999      0.99849609      -24.280118       -24.280118        2458.166                                                  2458.166
              1       1204.7183      0.27052125      0.30177119   9.0486239e-05      0.02251773       2.9862539      0.96867191     0.033600797      0.99851423      -24.280118       -24.280118       2457.9967                                                 2457.9967
              1       1203.9661       0.3159183      0.30081278   9.0603179e-05      0.02251932       2.9856733      0.96955644     0.035205775      0.99684705      -24.280118       -24.280118       2456.4925                                                 2456.4925
              7       1204.0251      0.31385486      0.30080038   9.0595742e-05     0.022518595       2.9859143      0.96927968      0.03527131       0.9968904      -24.280118       -24.280118       2456.6103                                                 2456.6103
              2       1204.2064      0.40271789      0.30285482   9.1488237e-05     0.022476773       2.9938533      0.96968874     0.038934326      0.99808675      -24.280118       -24.280118        2456.973                                                  2456.973
              1       1203.7171      0.39465087      0.30213032    9.129735e-05     0.022487307       2.9979302      0.96995883     0.040126901       0.9988061      -24.280118       -24.280118       2455.9945                                                 2455.9945
              1       1203.4885      0.41478028      0.30325679   9.1575298e-05     0.022513458        3.005539      0.97050415     0.044404862      0.99832702      -24.280118       -24.280118       2455.5372                                                 2455.5372
              1       1203.9578      0.55349773      0.31579521   9.4726326e-05     0.022307682       3.0003189      0.97000005     0.039422944      0.99889509      -24.280118       -24.280118       2456.4759                                                 2456.4759
              6       1204.4773      0.50199135      0.31452957   9.4287796e-05     0.022260359       3.0006025      0.97083536     0.039743092      0.99899078      -24.280118       -24.280118       2457.5148                                                 2457.5148
              1       1205.2491      0.52850545      0.31534551   9.4512837e-05     0.022284073       3.0001256      0.97296112     0.040242334      0.99851113      -24.280118       -24.280118       2459.0584                                                 2459.0584
              2       1204.7745       0.4883678      0.31335967    9.394055e-05     0.022316284       3.0077595      0.97345822     0.043580469      0.99926327      -24.280118       -24.280118       2458.1092                                                 2458.1092
              4       1204.5908      0.41151492      0.31215536   9.3296271e-05     0.022355847       2.9962503       0.9718504     0.037402162      0.99924147      -24.280118       -24.280118       2457.7418                                                 2457.7418
              5       1204.3021      0.50807207      0.31532291   9.4392867e-05     0.022372188       3.0114838      0.96919829     0.043714711       1.0002705      -24.280118       -24.280118       2457.1645                                                 2457.1645
             11       1204.8904      0.63289604      0.31190768   9.4317444e-05      0.02244613       2.9863883      0.97098584     0.030202454       1.0021054      -24.280118       -24.280118        2458.341                                                  2458.341
              1       1205.0858      0.64144209      0.31241077   9.4470256e-05     0.022441291       2.9886906      0.97069807     0.031127308       1.0024282      -24.280118       -24.280118       2458.7319                                                 2458.7319
              2       1205.7226      0.62292253      0.31198115   9.4398039e-05     0.022337788       3.0063117      0.97676362     0.043757807       1.0001314      -24.280118       -24.280118       2460.0054                                                 2460.0054
              3         1207.74      0.62043824      0.31600445   9.5116935e-05     0.022237224       3.0096493      0.97417011     0.043242357       1.0011708      -24.280118       -24.280118       2464.0403                                                 2464.0403
              3       1208.2531      0.61632424      0.31638589   9.5184051e-05     0.022216003       3.0072483      0.97407432     0.041957763       1.0011814      -24.280118       -24.280118       2465.0664                                                 2465.0664
              1       1209.1475      0.60353106      0.31750481    9.545004e-05     0.022156589       3.0112102      0.97286189     0.043386165       1.0017449      -24.280118       -24.280118       2466.8553                                                 2466.8553
              4       1207.4882      0.63574529      0.31933173   9.5970323e-05     0.022190672       2.9989127       0.9713557     0.037914618       1.0005884      -24.280118       -24.280118       2463.5366                                                 2463.5366
              1       1207.5083      0.63804367      0.31942781   9.5993815e-05     0.022192743       2.9990097      0.97138179     0.037923331       1.0006179      -24.280118       -24.280118       2463.5768                                                 2463.5768
              5       1208.0401      0.64840471       0.3196203   9.6068558e-05     0.022218023       3.0085973      0.97145711     0.043607404       1.0004268      -24.280118       -24.280118       2464.6405                                                 2464.6405
              4       1204.1156      0.63980654      0.31551722   9.5067476e-05     0.022420316       3.0164381      0.97224114     0.047340186       1.0003141      -24.280118       -24.280118       2456.7915                                                 2456.7915
              1       1202.0745      0.52875459      0.30896475   9.3045876e-05     0.022579224        3.011035      0.97095376     0.043711908       1.0001985      -24.280118       -24.280118       2452.7092                                                 2452.7092
              4       1202.1428      0.52891775      0.30858365   9.2955547e-05     0.022589383       3.0134595      0.97097104     0.045322373      0.99998977      -24.280118       -24.280118       2452.8459                                                 2452.8459
              3       1203.2087      0.57849706      0.30680611   9.2920732e-05     0.022595734       3.0012013      0.97243313      0.04247796      0.99761885      -24.280118       -24.280118       2454.9776                                                 2454.9776
              3       1203.2566      0.58823838      0.30676495   9.2894087e-05     0.022628028       3.0005535      0.97307457     0.042099106      0.99754007      -24.280118       -24.280118       2455.0734                                                 2455.0734
             14       1203.2325      0.58786885      0.30678819   9.2897318e-05     0.022626214       3.0005462      0.97306891     0.042100584      0.99753291      -24.280118       -24.280118       2455.0253                                                 2455.0253
              1       1203.3886      0.59399888      0.30663458   9.2891396e-05     0.022635647       2.9997673      0.97329236      0.04142166      0.99784265      -24.280118       -24.280118       2455.3374                                                 2455.3374
              4       1203.0718      0.59657185      0.30967637   9.3443051e-05     0.022653556       3.0027323       0.9731157     0.041568015      0.99814787      -24.280118       -24.280118       2454.7039                                                 2454.7039
              3       1203.7803      0.62635136      0.31071038   9.3632306e-05     0.022722938       3.0092598      0.97249892      0.04296525      0.99935895      -24.280118       -24.280118       2456.1208                                                 2456.1208
              3       1204.0507      0.59885872      0.30943638   9.3199402e-05      0.02276948       3.0123572      0.97265032     0.045567896        0.998541      -24.280118       -24.280118       2456.6617                                                 2456.6617
              2       1204.7026      0.62971308      0.30879538   9.3183672e-05     0.022805553       3.0112882      0.97398881     0.045237532      0.99870914      -24.280118       -24.280118       2457.9654                                                 2457.9654
              3       1205.4803      0.68920532      0.30938287   9.3620701e-05     0.022785677       3.0065266       0.9716203     0.042919265      0.99932913      -24.280118       -24.280118       2459.5208                                                 2459.5208
              1       1205.2154      0.69261252      0.30996043   9.3765794e-05     0.022763476       3.0094298      0.97114521     0.044307899       0.9992306      -24.280118       -24.280118       2458.9911                                                 2458.9911
              3       1205.8735      0.70480255      0.31221724   9.4257197e-05     0.022781256       3.0161335      0.97046586     0.047308814      0.99970192      -24.280118       -24.280118       2460.3072                                                 2460.3072
              1       1205.6037      0.65929548      0.31293647   9.4649187e-05     0.022450618       3.0102255       0.9756205     0.044442594       1.0015713      -24.280118       -24.280118       2459.7676                                                 2459.7676
              6       1206.0435      0.64703089      0.31285158   9.4598985e-05     0.022447337       3.0113366      0.97574368     0.045021706       1.0016792      -24.280118       -24.280118       2460.6472                                                 2460.6472
              5       1205.6621      0.65185065      0.31152696   9.4353117e-05     0.022491163       3.0152817      0.97672243     0.047699868       1.0010059      -24.280118       -24.280118       2459.8844                                                 2459.8844
              2       1205.0766      0.68600641      0.31154793   9.4502283e-05     0.022522326        3.012614      0.97622592      0.04729936      0.99994999      -24.280118       -24.280118       2458.7134                                                 2458.7134
              2       1205.0239      0.67320776      0.31116477   9.4372296e-05     0.022524945       3.0119197      0.97606095     0.046968403      0.99991914      -24.280118       -24.280118       2458.6081                                                 2458.6081
              5       1204.9722      0.66667934      0.31088799   9.4290474e-05     0.022524627       3.0121821      0.97627742     0.047078647      0.99989366      -24.280118       -24.280118       2458.5045                                                 2458.5045
              7       1203.7655      0.60781725      0.31088888   9.3723887e-05     0.022576991       2.9996234       0.9721317     0.037933936       1.0012799      -24.280118       -24.280118       2456.0912                                                 2456.0912
              6       1203.8091      0.55389505       0.3103616   9.3280472e-05     0.022630507       3.0005036       0.9687564     0.035462141        1.002283      -24.280118       -24.280118       2456.1784                                                 2456.1784
              1       1204.0537      0.56393793      0.31040558   9.3317412e-05     0.022644753       3.0007517      0.96885705      0.03541899       1.0024204      -24.280118       -24.280118       2456.6677                                                 2456.6677
              1       1204.7699      0.44594631      0.30370847   9.1538654e-05     0.022614975       2.9927652      0.96749696     0.032227941       1.0013509      -24.280118       -24.280118       2458.1001                                                 2458.1001
             11       1205.6065      0.39982125      0.30198034   9.1013728e-05     0.022540043       3.0048055      0.97172147     0.036263403       1.0032786      -24.280118       -24.280118       2459.7732                                                 2459.7732
              1       1205.6898      0.19794075      0.29957092   8.9921627e-05     0.022343128       2.9979742      0.96911533     0.038409195      0.99711654      -24.280118       -24.280118       2459.9398                                                 2459.9398
              1       1206.1418      0.31265629      0.30339388   9.1009989e-05     0.022529223       2.9885589      0.96645547     0.035671152       0.9945574      -24.280118       -24.280118       2460.8439                                                 2460.8439
              1       1205.2058      0.40310565      0.31148202   9.3092549e-05     0.022393375       3.0000628      0.96538845     0.040580505      0.99537268      -24.280118       -24.280118       2458.9719                                                 2458.9719
              1       1205.4566      0.49920196      0.31149415   9.3464876e-05      0.02239224       3.0060494       0.9741752     0.044476169      0.99578072      -24.280118       -24.280118       2459.4733                                                 2459.4733
              2       1203.9653      0.61540141      0.31190239   9.3991158e-05     0.022540769       3.0194649      0.97588494     0.049558893      0.99857155      -24.280118       -24.280118       2456.4909                                                 2456.4909
              1       1204.3219      0.65955679      0.31336861   9.4436985e-05     0.022556384       3.0146362      0.97574311     0.047349143      0.99837522      -24.280118       -24.280118       2457.2041                                                 2457.2041
              5       1206.0074      0.47254634       0.3120815   9.3286122e-05     0.022536343       2.9972612      0.97506625     0.033572236       1.0025793      -24.280118       -24.280118        2460.575                                                  2460.575
              2        1205.641      0.43828217       0.3130538   9.3344195e-05     0.022530421       2.9982788      0.96891748     0.032876025       1.0034497      -24.280118       -24.280118       2459.8423                                                 2459.8423
              3       1204.7317      0.34827654      0.30783794    9.190123e-05     0.022615897       2.9977114      0.96906211     0.034438047       1.0018143      -24.280118       -24.280118       2458.0236                                                 2458.0236
              1       1204.8802      0.53654598      0.31009147   9.3111878e-05     0.022729282       2.9977796      0.96912209     0.034623056        1.001649      -24.280118       -24.280118       2458.3206                                                 2458.3206
              6       1205.2194      0.57678417      0.31160814   9.3576233e-05     0.022729206       2.9958675      0.96863353     0.033931277       1.0007472      -24.280118       -24.280118       2458.9989                                                 2458.9989
              1       1205.9136      0.62468558      0.31771398   9.5314834e-05     0.022469307       2.9851145      0.96505916     0.029007759       1.0005898      -24.280118       -24.280118       2460.3875                                                 2460.3875
              4       1206.0631      0.64037174       0.3184622   9.5512143e-05     0.022470458       2.9878953      0.96500815     0.030038858       1.0008915      -24.280118       -24.280118       2460.6863                                                 2460.6863
              1       1204.8537      0.65004537       0.3155478   9.4962192e-05     0.022555595       2.9897297      0.96872776      0.03117548        1.001494      -24.280118       -24.280118       2458.2676                                                 2458.2676
              2       1204.8419      0.64877624      0.31548075   9.4942813e-05     0.022556455       2.9896586      0.96870629     0.031164423       1.0014606      -24.280118       -24.280118        2458.244                                                  2458.244
              2        1205.861      0.68923814      0.31579733   9.5161296e-05     0.022574438        2.986841      0.96857835     0.029110014        1.002073      -24.280118       -24.280118       2460.2823                                                 2460.2823
              3       1206.1863      0.63767074      0.31534984   9.4904623e-05     0.022533546        2.986907      0.96670638     0.028905212        1.002553      -24.280118       -24.280118       2460.9327                                                 2460.9327
              2       1207.1437      0.63833776      0.31502527      9.4774e-05     0.022551618       2.9981604      0.96766795     0.031793417       1.0052827      -24.280118       -24.280118       2462.8477                                                 2462.8477
              2       1206.6106      0.51536024      0.30911349   9.3274938e-05     0.022426088        2.991807      0.96986497     0.029120176       1.0055003      -24.280118       -24.280118       2461.7814                                                 2461.7814
              2       1204.4494      0.40499475      0.30783381    9.242365e-05     0.022388653       2.9864018      0.96998814      0.02781055       1.0037196      -24.280118       -24.280118        2457.459                                                  2457.459
              7       1204.7596      0.39052433      0.30748717   9.2319407e-05     0.022369039       2.9850246      0.96965933     0.026766655       1.0039691      -24.280118       -24.280118       2458.0794                                                 2458.0794
              5       1207.0007      0.36472711      0.30537254     9.18971e-05     0.022346435       2.9643597      0.97091812     0.017531811       1.0040032      -24.280118       -24.280118       2462.5616                                                 2462.5616
              2         1207.24      0.33733157       0.3045761   9.1594494e-05      0.02238168       2.9687946      0.97067503     0.019981582       1.0040098      -24.280118       -24.280118       2463.0403                                                 2463.0403
              3       1207.3564      0.29182967      0.30498934   9.1441865e-05     0.022370287       2.9637996      0.96976811     0.016974409       1.0039886      -24.280118       -24.280118        2463.273                                                  2463.273
              4       1206.3239      0.30719851      0.30611122   9.1820122e-05     0.022346774       2.9564825      0.96978745     0.015922863       1.0012384      -24.280118       -24.280118        2461.208                                                  2461.208
              2       1206.3477      0.29728859      0.30580293   9.1712007e-05     0.022352288        2.956495      0.96970288      0.01591623       1.0012314      -24.280118       -24.280118       2461.2556                                                 2461.2556
              3       1205.8669      0.25444438      0.30300524    9.068519e-05     0.022554128       2.9601808      0.96973902     0.019213431      0.99920034      -24.280118       -24.280118        2460.294                                                  2460.294
              2       1204.5214      0.21508506      0.30366496   9.0697977e-05      0.02248242       2.9644028      0.96760768     0.021464014      0.99737923      -24.280118       -24.280118       2457.6031                                                 2457.6031
              3       1205.4361      0.35529317       0.3007925   9.0725377e-05      0.02259639       2.9884423      0.97566457     0.033111246      0.99907474      -24.280118       -24.280118       2459.4325                                                 2459.4325
              1       1204.4377      0.31438309      0.30080058   9.0395651e-05     0.022646217       2.9836235      0.97264251     0.028747796       1.0003902      -24.280118       -24.280118       2457.4355                                                 2457.4355
              6       1204.7615      0.25578548      0.29889726   8.9791669e-05     0.022612396       2.9830164       0.9732975     0.028099308       1.0009191      -24.280118       -24.280118       2458.0831                                                 2458.0831
              2       1203.8004      0.19546948      0.30280916   9.0344355e-05     0.022486082       2.9919974      0.97075293     0.033400839      0.99917542      -24.280118       -24.280118        2456.161                                                  2456.161
              1       1203.7388      0.20108741      0.30300066   9.0400328e-05     0.022492505        2.992541      0.97085783      0.03386185      0.99905248      -24.280118       -24.280118       2456.0378                                                 2456.0378
              1       1204.4587       0.1958006      0.30370923   9.0529098e-05     0.022500812       2.9921279      0.97160122     0.032903485      0.99968278      -24.280118       -24.280118       2457.4777                                                 2457.4777
              4        1203.874      0.26144394      0.30316736   9.0751007e-05     0.022542618       3.0051315      0.97226306     0.038437852       1.0012886      -24.280118       -24.280118       2456.3083                                                 2456.3083
              1       1204.0479      0.31493329      0.30590401   9.1476983e-05     0.022550586        3.006959      0.97152631     0.038383206       1.0019229      -24.280118       -24.280118       2456.6561                                                 2456.6561
              3       1204.2501      0.31124284      0.30644873   9.1523607e-05     0.022550986       3.0096702      0.97065637      0.03912269       1.0022326      -24.280118       -24.280118       2457.0604                                                 2457.0604
              2       1205.4902      0.34840442      0.30734542   9.1735503e-05     0.022699355       3.0099965      0.96766937     0.043041832      0.99825311      -24.280118       -24.280118       2459.5406                                                 2459.5406
              3       1205.5758      0.31275399      0.30639759   9.1394868e-05     0.022679683       3.0099015      0.96805014     0.043800144      0.99708672      -24.280118       -24.280118       2459.7118                                                 2459.7118
              2       1205.6741       0.4143135      0.31302361   9.3250272e-05      0.02254313       2.9978042      0.96719881     0.039739558      0.99506387      -24.280118       -24.280118       2459.9084                                                 2459.9084
              1       1206.1418      0.44187793      0.31340723   9.3383507e-05     0.022579218       3.0003367      0.96638653     0.041053331      0.99479804      -24.280118       -24.280118       2460.8439                                                 2460.8439
              8       1206.0163      0.40991248      0.31371294   9.3229959e-05     0.022559969       2.9925396      0.96485644     0.033958099       0.9973293      -24.280118       -24.280118       2460.5927                                                 2460.5927
              5        1205.847      0.51538844      0.31622721   9.4247684e-05     0.022575834       2.9914004      0.96496721     0.034286945      0.99711519      -24.280118       -24.280118       2460.2543                                                 2460.2543
              1       1205.6367      0.61620595      0.31478754   9.4332882e-05     0.022668766       3.0174895      0.97012141     0.047569103      0.99737852      -24.280118       -24.280118       2459.8335                                                 2459.8335
              4       1205.6659      0.61633839      0.31489271   9.4356036e-05     0.022667194       3.0177194      0.97011602       0.0476663      0.99738658      -24.280118       -24.280118        2459.892                                                  2459.892
              4       1203.3626      0.55614313      0.31073051   9.3596463e-05     0.022502728       3.0083653      0.97621418     0.044043442      0.99883795      -24.280118       -24.280118       2455.2855                                                 2455.2855
              9       1204.1285       0.5465278      0.30941752    9.336364e-05     0.022489675       3.0085984      0.97750837     0.045644937      0.99809106      -24.280118       -24.280118       2456.8173                                                 2456.8173
              2       1202.7809      0.46505342       0.3091473   9.3003025e-05     0.022407778       3.0057091      0.97394727      0.04215767      0.99921161      -24.280118       -24.280118        2454.122                                                  2454.122
              5       1203.6878      0.50787723       0.3064897   9.2622107e-05      0.02254362       2.9855724      0.97083796     0.033174146      0.99860588      -24.280118       -24.280118       2455.9358                                                 2455.9358
              2       1204.3383      0.33740465      0.29929359   9.0358146e-05      0.02258852       2.9988833      0.97668722     0.040250563      0.99871833      -24.280118       -24.280118       2457.2368                                                 2457.2368
              2       1204.3644      0.33723105      0.29926322   9.0351559e-05     0.022588827       2.9989516      0.97668679      0.04027273      0.99873282      -24.280118       -24.280118       2457.2889                                                 2457.2889
              1       1204.3688      0.34097205      0.29915694   9.0336622e-05     0.022591539       2.9984534      0.97677422     0.040056538      0.99872701      -24.280118       -24.280118       2457.2978                                                 2457.2978
              3       1205.0259      0.47581718       0.3020827   9.1419704e-05     0.022668513       3.0203299      0.97740416     0.052811766      0.99706632      -24.280118       -24.280118        2458.612                                                  2458.612
             10       1202.3658      0.38664863      0.30672344   9.2062755e-05     0.022518648       3.0069487      0.97105102     0.042125468      0.99917878      -24.280118       -24.280118       2453.2918                                                 2453.2918
              2       1202.5549      0.36919609      0.30589182   9.1868773e-05     0.022501062       3.0076347      0.97111273     0.042258698      0.99955027      -24.280118       -24.280118         2453.67                                                   2453.67
              3        1202.643      0.37131349      0.30584903   9.1870109e-05     0.022505801        3.007548       0.9713783     0.042305246      0.99947606      -24.280118       -24.280118       2453.8463                                                 2453.8463
              4        1202.455      0.35483769      0.30488151   9.1563864e-05     0.022523943       3.0045209      0.97206718      0.04141445      0.99890357      -24.280118       -24.280118       2453.4701                                                 2453.4701
              5       1202.3322      0.40121035      0.30680867   9.2117778e-05     0.022532758       3.0036737      0.97206409     0.040908996      0.99887597      -24.280118       -24.280118       2453.2247                                                 2453.2247
              2       1202.3277      0.40071934      0.30678557   9.2111113e-05     0.022532896       3.0036939      0.97204619     0.040894845      0.99889606      -24.280118       -24.280118       2453.2156                                                 2453.2156
              7       1204.2313      0.41228509       0.3042174   9.1607304e-05     0.022577416       3.0261695      0.97276716     0.053294702      0.99743873      -24.280118       -24.280118       2457.0228                                                 2457.0228
              3       1204.4747      0.40498351      0.30522911   9.1753424e-05     0.022567622       3.0275226      0.97278874     0.053949269      0.99726351      -24.280118       -24.280118       2457.5097                                                 2457.5097
              4       1204.1616      0.38700615      0.30475649   9.1572475e-05     0.022576072       3.0260558      0.97249245     0.053119881      0.99738253      -24.280118       -24.280118       2456.8835                                                 2456.8835
              5       1204.0809      0.38252188      0.30470586   9.1546217e-05     0.022569773       3.0256758      0.97249823      0.05275721      0.99751479      -24.280118       -24.280118       2456.7219                                                 2456.7219
              2        1204.256      0.33864035      0.30303337    9.093645e-05     0.022594146       3.0240406      0.97150716     0.052112647      0.99697195      -24.280118       -24.280118       2457.0723                                                 2457.0723
              8       1204.4725      0.32742501      0.30347411   9.0928222e-05     0.022581615       3.0280041      0.97158624     0.052378952      0.99853029      -24.280118       -24.280118       2457.5053                                                 2457.5053
              1       1203.4118      0.38901548      0.30765281    9.218848e-05     0.022462321         3.01396      0.97055075     0.048927107      0.99574326      -24.280118       -24.280118       2455.3838                                                 2455.3838
              1       1203.3635      0.43415787      0.30873283    9.256432e-05     0.022488477       3.0153544      0.97088719     0.049587681      0.99586464      -24.280118       -24.280118       2455.2871                                                 2455.2871
              2       1202.6809      0.45655953      0.31034754   9.3065502e-05     0.022443353       3.0136457      0.97174717     0.046401545      0.99878773      -24.280118       -24.280118        2453.922                                                  2453.922
              3       1202.6618      0.46380534      0.31050989    9.314231e-05     0.022456823       3.0134157      0.97197287     0.046496894      0.99857822      -24.280118       -24.280118       2453.8839                                                 2453.8839
              2       1202.3426      0.46701655      0.31087993   9.3223389e-05     0.022457034       3.0099529      0.97114196     0.044380973      0.99869224      -24.280118       -24.280118       2453.2455                                                 2453.2455
              8       1202.1595      0.47270499      0.31008613   9.3121937e-05     0.022451213       3.0089818      0.97203126     0.043488301      0.99938504      -24.280118       -24.280118       2452.8792                                                 2452.8792
             10       1202.1028      0.48477715      0.31019551   9.3202256e-05     0.022461535       3.0090713      0.97197131     0.043965485      0.99893288      -24.280118       -24.280118       2452.7658                                                 2452.7658
              1       1202.1126      0.48316057      0.31013781   9.3185418e-05     0.022460025       3.0092045      0.97200646     0.044053964      0.99893051      -24.280118       -24.280118       2452.7854                                                 2452.7854
              9       1202.9054      0.52540665      0.30998947   9.3456914e-05     0.022386843       3.0101522      0.97036278     0.046588975      0.99712142      -24.280118       -24.280118       2454.3711                                                 2454.3711
              5       1202.9169       0.5019503       0.3092335   9.3221957e-05     0.022368839       3.0086348      0.97007339     0.045855809      0.99714074      -24.280118       -24.280118       2454.3941                                                 2454.3941
              3       1203.0124      0.50890934      0.30942234   9.3250032e-05     0.022384015       3.0066758      0.96874901     0.044686872      0.99711297      -24.280118       -24.280118        2454.585                                                  2454.585
              1         1203.06      0.43649751      0.30648652   9.2339383e-05      0.02239942       3.0083537      0.96824162     0.045312709      0.99693469      -24.280118       -24.280118       2454.6803                                                 2454.6803
              6       1202.4997      0.42706551      0.30564345   9.2113359e-05     0.022423574        3.003984      0.96861014     0.042448107      0.99769212      -24.280118       -24.280118       2453.5597                                                 2453.5597
              2       1202.5331      0.50058034      0.30976854   9.3309916e-05     0.022363405       2.9991668      0.97102029     0.039319811      0.99925004      -24.280118       -24.280118       2453.6264                                                 2453.6264
              1       1203.3454      0.48362376       0.3068359   9.2624868e-05     0.022399612       3.0051765      0.97262555     0.044465898      0.99828981      -24.280118       -24.280118       2455.2511                                                 2455.2511
              2       1204.5038      0.43399628      0.30538568    9.219257e-05     0.022330339       2.9931427      0.97270051     0.039795549       0.9970196      -24.280118       -24.280118       2457.5678                                                 2457.5678
              2       1204.5956      0.48001413      0.30638221   9.2459718e-05      0.02240707       3.0025548      0.97377626      0.04390098      0.99793153      -24.280118       -24.280118       2457.7514                                                 2457.7514
              1       1205.0086      0.53158512      0.30908092   9.3189796e-05     0.022411507       2.9959932      0.97363781     0.040703073      0.99766384      -24.280118       -24.280118       2458.5774                                                 2458.5774
              2       1207.0501      0.55654332      0.30971329    9.336464e-05     0.022378666       2.9991792      0.97245133     0.043532112      0.99601525      -24.280118       -24.280118       2462.6605                                                 2462.6605
              1       1205.6798      0.46419511      0.30737927   9.2294594e-05     0.022451436       2.9981041      0.96949383     0.037252164       0.9997703      -24.280118       -24.280118       2459.9198                                                 2459.9198
              1       1205.6979      0.48012038      0.30822873   9.2546945e-05     0.022444835       2.9999376      0.96870855      0.03785991       1.0000456      -24.280118       -24.280118       2459.9561                                                 2459.9561
              1       1204.5179      0.36787563      0.30311223   9.1267743e-05     0.022356109        2.995025      0.97245382     0.036210284      0.99949103      -24.280118       -24.280118       2457.5961                                                 2457.5961
              3       1204.5892      0.27306243      0.30018876   8.9980527e-05     0.022626176       2.9954584      0.97430284     0.037875531         0.99748      -24.280118       -24.280118       2457.7386                                                 2457.7386
              2       1204.9185      0.24584696      0.29914838   8.9642057e-05     0.022634046       2.9937008      0.97345837     0.036807035       0.9974162      -24.280118       -24.280118       2458.3972                                                 2458.3972
              2       1204.9117      0.21995884      0.29902509   8.9539505e-05     0.022606274       2.9947277      0.97282981      0.03797714       0.9967348      -24.280118       -24.280118       2458.3836                                                 2458.3836
              1       1203.5749      0.30808719      0.29977215      9.0378e-05      0.02243586        3.006884      0.97395978     0.041675106       0.9999554      -24.280118       -24.280118       2455.7101                                                 2455.7101
              2       1205.9486      0.27622819      0.30041533   9.0507363e-05     0.022343094       3.0037003       0.9753588     0.042722393       0.9970119      -24.280118       -24.280118       2460.4575                                                 2460.4575
              1       1206.7076      0.26969031      0.30005897   9.0411848e-05     0.022335647       2.9968119      0.97652069     0.038920701      0.99750338      -24.280118       -24.280118       2461.9755                                                 2461.9755
              8       1206.3334      0.30668401      0.30134872   9.0850402e-05      0.02232794       2.9932992      0.97633358     0.037817508      0.99705418      -24.280118       -24.280118       2461.2271                                                 2461.2271
              1       1204.1698      0.38441302      0.30473665   9.1869294e-05       0.0223953       3.0040448      0.97416626      0.04437738      0.99627734      -24.280118       -24.280118       2456.8998                                                 2456.8998
              1       1205.0459      0.36361962      0.30848169   9.2452201e-05     0.022303578       3.0229651      0.97179834     0.051291113      0.99785709      -24.280118       -24.280118       2458.6521                                                 2458.6521
              6       1205.0852      0.36907751      0.30848529   9.2464763e-05     0.022319453       3.0249573      0.97234031     0.051765687      0.99843243      -24.280118       -24.280118       2458.7306                                                 2458.7306
              3       1205.7242      0.34891576      0.30467907   9.1441978e-05     0.022486646       3.0386236      0.96844063     0.057022872      0.99955498      -24.280118       -24.280118       2460.0087                                                 2460.0087
              8       1205.7664      0.28925766      0.30509167   9.1344146e-05     0.022455795       3.0260916      0.96533251     0.052928234      0.99726443      -24.280118       -24.280118       2460.0931                                                 2460.0931
              9       1205.9882      0.35573782      0.30640084   9.1893432e-05     0.022463026        3.027768      0.96510326     0.053888249      0.99723263      -24.280118       -24.280118       2460.5365                                                 2460.5365
              6       1204.9921      0.39659623      0.30746926   9.2290519e-05     0.022446327       3.0178902      0.96549577     0.044814637       1.0004396      -24.280118       -24.280118       2458.5445                                                 2458.5445
              6       1204.1812      0.22667816      0.30247259    9.075108e-05     0.022366636       3.0025088      0.96800134     0.038395243       0.9998487      -24.280118       -24.280118       2456.9227                                                 2456.9227
              1       1203.7925      0.18428344      0.29889771   8.9637825e-05     0.022554279       3.0103467      0.96953128     0.043672574      0.99943782      -24.280118       -24.280118       2456.1452                                                 2456.1452
              6       1205.7414      0.23257154      0.29635742   8.9500515e-05     0.022528426       3.0222397      0.97139889     0.050808138      0.99981554      -24.280118       -24.280118       2460.0429                                                 2460.0429
              1       1205.1859       0.2520496      0.29794184   8.9867228e-05     0.022530303        3.022462      0.97123285      0.05054053        1.000078      -24.280118       -24.280118        2458.932                                                  2458.932
              4       1205.8088      0.46327596      0.30408796   9.2161085e-05     0.022480538       3.0049649      0.97510293     0.043934533      0.99897963      -24.280118       -24.280118       2460.1778                                                 2460.1778
              1       1204.5206      0.48513137      0.30403871   9.2106214e-05     0.022548655       3.0190343      0.97334432     0.050115828      0.99963592      -24.280118       -24.280118       2457.6014                                                 2457.6014
              8       1204.6245      0.48082827      0.30374432   9.2029438e-05     0.022551646       3.0190712      0.97339687     0.050240027      0.99956363      -24.280118       -24.280118       2457.8093                                                 2457.8093
              2       1203.6006      0.62425773      0.31102728   9.3870655e-05     0.022651941       3.0072414      0.97387331     0.043217611      0.99871308      -24.280118       -24.280118       2455.7613                                                 2455.7613
              1       1204.9407      0.68172302      0.31477887   9.4900089e-05     0.022608366       2.9950144      0.97564431     0.038809422      0.99797229      -24.280118       -24.280118       2458.4415                                                 2458.4415
              2       1206.8923      0.67736997      0.31442344   9.5046116e-05     0.022519091       2.9825583      0.97642655     0.031885315      0.99896158      -24.280118       -24.280118       2462.3448                                                 2462.3448
              2       1208.3167      0.64336056       0.3136084   9.4750994e-05     0.022533843       2.9689867       0.9729674     0.027451738       0.9962562      -24.280118       -24.280118       2465.1936                                                 2465.1936
              4       1208.4594      0.68714968      0.31586965   9.5421094e-05     0.022518575       2.9716895       0.9728828     0.028797102      0.99622391      -24.280118       -24.280118        2465.479                                                  2465.479
              2       1208.2283      0.77652021      0.31707292   9.5903596e-05     0.022622635       2.9745432      0.97206892      0.02863744       0.9971738      -24.280118       -24.280118       2465.0169                                                 2465.0169
              2       1207.7752      0.71324029      0.32222894   9.6259272e-05     0.022675863       3.0001123      0.96980051     0.036438166       1.0005235      -24.280118       -24.280118       2464.1106                                                 2464.1106
              3       1207.6794       0.5807001      0.32077285   9.5539288e-05     0.022514607       2.9798877      0.96946899     0.025516026       1.0013184      -24.280118       -24.280118       2463.9191                                                 2463.9191
              5       1206.8901      0.50678152      0.31224258     9.38752e-05     0.022473952       2.9843318      0.97020128     0.029438939       1.0018398      -24.280118       -24.280118       2462.3405                                                 2462.3405
              1       1206.9677      0.50705923      0.31226401   9.3879342e-05     0.022475338       2.9844826      0.97019226     0.029517877       1.0018494      -24.280118       -24.280118       2462.4956                                                 2462.4956
              6       1212.3001      0.66509512      0.31932866   9.6128404e-05     0.022422836       2.9779235       0.9739521      0.02564598       1.0031579      -24.280118       -24.280118       2473.1604                                                 2473.1604
              3       1212.7703      0.68370949      0.31794214   9.5958723e-05     0.022457454       2.9716794      0.97403948      0.02371102       1.0024598      -24.280118       -24.280118       2474.1008                                                 2474.1008
              3       1212.7723      0.59260416      0.31715642   9.5400608e-05     0.022378452       2.9649815      0.97300027     0.018379116       1.0037977      -24.280118       -24.280118       2474.1049                                                 2474.1049
              2       1212.7239      0.59504549      0.31720678   9.5422547e-05     0.022377774       2.9644635      0.97291164     0.018128042       1.0037838      -24.280118       -24.280118        2474.008                                                  2474.008
              1       1210.1081      0.65097203      0.31993343   9.6120139e-05     0.022399823       2.9761837      0.97206314     0.022750536       1.0034741      -24.280118       -24.280118       2468.7765                                                 2468.7765
              3       1210.2602      0.66475949      0.31887653   9.6071135e-05     0.022366437       2.9803367       0.9705971     0.024520753       1.0039049      -24.280118       -24.280118       2469.0806                                                 2469.0806
              2       1209.5879      0.68699096      0.31992932    9.637942e-05     0.022336734       2.9816353      0.97071614     0.025563253       1.0035112      -24.280118       -24.280118        2467.736                                                  2467.736
              1       1209.9391      0.67668448      0.31944851   9.6241832e-05     0.022326272       2.9807818      0.97101693     0.024601388       1.0040622      -24.280118       -24.280118       2468.4385                                                 2468.4385
              5       1209.2103      0.69053863      0.31785825   9.5942601e-05     0.022368014       2.9856995      0.97136399     0.027383877       1.0049056      -24.280118       -24.280118       2466.9808                                                 2466.9808
              3       1209.2423      0.69146602      0.31792229   9.5958638e-05     0.022367857       2.9857983      0.97135376     0.027409464       1.0049228      -24.280118       -24.280118       2467.0448                                                 2467.0448
              6       1208.4286      0.70019756      0.31786899   9.5958737e-05     0.022379598       2.9883132       0.9714453     0.029162216       1.0044818      -24.280118       -24.280118       2465.4174                                                 2465.4174
              2       1209.2257      0.21871548      0.29607394   8.9473453e-05     0.022446852       3.0234712       0.9664828     0.048532122       1.0030339      -24.280118       -24.280118       2467.0116                                                 2467.0116
              2       1208.5221       0.2024708      0.29547145   8.9248888e-05     0.022482069       3.0181492      0.96637945     0.046787821       1.0020105      -24.280118       -24.280118       2465.6045                                                 2465.6045
              5       1208.0956      0.31653133      0.29704474   8.9858737e-05     0.022600773       3.0286895      0.96772364     0.053463147       1.0008292      -24.280118       -24.280118       2464.7514                                                 2464.7514
              7       1205.0056      0.41370627      0.31039995   9.2879504e-05     0.022495834       3.0151676      0.96610085     0.047079279      0.99870956      -24.280118       -24.280118       2458.5715                                                 2458.5715
              1        1204.968      0.41229266      0.31049724   9.2895291e-05     0.022494489       3.0147409      0.96609524     0.046818505      0.99871447      -24.280118       -24.280118       2458.4963                                                 2458.4963
              1       1205.6113      0.40803743      0.31058813   9.2828605e-05     0.022531909       3.0119664      0.96387991     0.044850615      0.99864793      -24.280118       -24.280118       2459.7829                                                 2459.7829
              2       1205.0207      0.44591698      0.30995736   9.2787255e-05      0.02260311       3.0216486      0.96565086     0.049545102      0.99852366      -24.280118       -24.280118       2458.6016                                                 2458.6016
              1       1206.5465      0.46496949      0.31238412   9.3392078e-05     0.022530314       3.0083425      0.96491597       0.0473083      0.99423831      -24.280118       -24.280118       2461.6532                                                 2461.6532
             12       1206.9248      0.42956041      0.30765618   9.2206233e-05     0.022618821       3.0146895       0.9708482     0.052414369      0.99363403      -24.280118       -24.280118       2462.4098                                                 2462.4098
              1       1206.6596      0.42749049      0.30685256   9.2020518e-05     0.022640834       3.0122575      0.97085721      0.05106957      0.99391407      -24.280118       -24.280118       2461.8795                                                 2461.8795
              5       1206.6192      0.42723791      0.30689711   9.2029723e-05     0.022638787       3.0120262      0.97082079     0.050932187      0.99392794      -24.280118       -24.280118       2461.7987                                                 2461.7987
              1       1206.5868      0.43539252      0.30680344   9.2044815e-05     0.022650871       3.0129492      0.97093281     0.051345321      0.99402385      -24.280118       -24.280118       2461.7339                                                 2461.7339
              1       1205.3792      0.40937958      0.30591022     9.17498e-05     0.022634136       3.0112284      0.96787682     0.047943831      0.99634829      -24.280118       -24.280118       2459.3185                                                 2459.3185
              1       1205.7739      0.40329868      0.30377529   9.1116225e-05     0.022708214        3.015321      0.96817367      0.04890723      0.99631834      -24.280118       -24.280118       2460.1081                                                 2460.1081
              5       1204.5527      0.42060182      0.30497189   9.1474679e-05     0.022673345       3.0146815      0.96852641     0.047922637      0.99684131      -24.280118       -24.280118       2457.6656                                                 2457.6656
              1       1205.1683      0.29484065      0.30170154   9.0496509e-05     0.022544693       3.0147397      0.96731061     0.049725266      0.99567943      -24.280118       -24.280118       2458.8969                                                 2458.8969
              9       1204.4214      0.26284538      0.29990071   9.0027717e-05     0.022552522       3.0166934      0.96815157     0.049603547      0.99679705      -24.280118       -24.280118       2457.4031                                                 2457.4031
              2       1206.6271      0.20431886      0.29972088   8.9723333e-05     0.022474873       3.0118013      0.97002243     0.045729997      0.99895254      -24.280118       -24.280118       2461.8145                                                 2461.8145
              4       1204.9712      0.25702303      0.30231881    9.047893e-05     0.022482452       3.0022612      0.96895722     0.039596663       1.0001555      -24.280118       -24.280118       2458.5026                                                 2458.5026
              2       1206.8507      0.16312558      0.30119049     8.98539e-05     0.022510017       3.0070099      0.96896581     0.043095237      0.99890603      -24.280118       -24.280118       2462.2617                                                 2462.2617
              4       1206.4656      0.14852067       0.3002355   8.9658924e-05     0.022475144       3.0085878      0.96975138     0.044613506      0.99828854      -24.280118       -24.280118       2461.4915                                                 2461.4915
              2       1206.0858      0.15375204      0.29985854    8.957854e-05      0.02248877       3.0071133      0.96974827     0.043539276      0.99852363      -24.280118       -24.280118       2460.7318                                                 2460.7318
              1       1206.7809      0.10095951      0.29886935   8.9215132e-05     0.022446834        2.998802      0.96823205     0.039598008      0.99813493      -24.280118       -24.280118        2462.122                                                  2462.122
              1        1206.745      0.10020522      0.29882882   8.9205653e-05      0.02244633       2.9986208        0.968321     0.039488673      0.99816852      -24.280118       -24.280118       2462.0502                                                 2462.0502
              1       1203.8803      0.25762832      0.30555646   9.1324448e-05     0.022421415       3.0011038      0.96693468     0.037891759       1.0006057      -24.280118       -24.280118       2456.3208                                                 2456.3208
              4       1203.7881      0.41390267      0.31012914   9.2986824e-05     0.022398568       2.9859065      0.96973268     0.035058569      0.99608824      -24.280118       -24.280118       2456.1364                                                 2456.1364
              2       1203.7668      0.35139678      0.30670255   9.2034853e-05     0.022421688       2.9875087       0.9672809      0.03569953      0.99584725      -24.280118       -24.280118       2456.0939                                                 2456.0939
              6       1203.9179      0.35747289      0.30936442   9.2602879e-05     0.022360002       2.9933383      0.96569144     0.036994334      0.99669396      -24.280118       -24.280118       2456.3961                                                 2456.3961
              1       1204.1675      0.37686731      0.30968413   9.2765889e-05     0.022360808       2.9933119      0.96546629     0.037220885      0.99653912      -24.280118       -24.280118       2456.8953                                                 2456.8953
              4       1202.9229      0.43055555      0.30874331   9.2784713e-05     0.022389904       2.9916846      0.96760814     0.035276521      0.99807637      -24.280118       -24.280118        2454.406                                                  2454.406
              1       1202.9825      0.38811676      0.30708681   9.2307869e-05     0.022371011       2.9917769      0.96705483     0.034906898      0.99878626      -24.280118       -24.280118       2454.5253                                                 2454.5253
              1       1203.6545      0.38381241      0.30819961   9.2505896e-05     0.022363108       2.9928201      0.96569609     0.033641838       1.0000613      -24.280118       -24.280118       2455.8692                                                 2455.8692
              3       1205.6899      0.39444767      0.30546874   9.2196685e-05     0.022340809       3.0165318      0.96939793     0.044682303       1.0019156      -24.280118       -24.280118       2459.9401                                                 2459.9401
              3       1206.3351      0.46950734      0.30666629   9.2723208e-05     0.022387783       3.0206183      0.96879672     0.047095827       1.0013128      -24.280118       -24.280118       2461.2304                                                 2461.2304
              4       1206.1912      0.47300542      0.30681627   9.2743264e-05     0.022405667       3.0224907      0.96883128     0.047982906       1.0013598      -24.280118       -24.280118       2460.9426                                                 2460.9426
              1       1204.9029      0.44280849      0.30553562   9.2274473e-05     0.022422257       3.0147757      0.96839502      0.04316402       1.0021794      -24.280118       -24.280118       2458.3659                                                 2458.3659
              1       1204.8133      0.47962049      0.30705138   9.2735042e-05     0.022405475       3.0144661      0.96846811     0.043122029       1.0019899      -24.280118       -24.280118       2458.1868                                                 2458.1868
              1       1207.6798      0.37791963      0.30249343   9.1485219e-05      0.02229897       3.0267803      0.96866278     0.048880936       1.0026209      -24.280118       -24.280118       2463.9199                                                 2463.9199
              7       1207.5001      0.38307305      0.30265835   9.1535013e-05      0.02230013       3.0277899      0.96957891     0.049216102       1.0028933      -24.280118       -24.280118       2463.5605                                                 2463.5605
              1        1204.413       0.3610515      0.30048813   9.0869255e-05     0.022385168       3.0198719      0.97382754     0.047754706       1.0010141      -24.280118       -24.280118       2457.3863                                                 2457.3863
              1       1203.8576      0.43819921      0.30385181   9.1822497e-05      0.02237491       3.0170186      0.97334613     0.046461748       1.0007878      -24.280118       -24.280118       2456.2754                                                 2456.2754
              5       1203.4319      0.42896605      0.30439521   9.1853387e-05     0.022393903       3.0144247      0.97287389     0.044146034       1.0015328      -24.280118       -24.280118       2455.4239                                                 2455.4239
             11       1202.8186      0.33846958       0.3053476   9.1674973e-05      0.02236102       2.9946943      0.97123879     0.035945776       1.0001203      -24.280118       -24.280118       2454.1974                                                 2454.1974
              8       1202.5899      0.38312588      0.30676705    9.214625e-05     0.022367488       2.9925435      0.97117652     0.035023097      0.99989077      -24.280118       -24.280118         2453.74                                                   2453.74
              2       1202.5785      0.38300513      0.30675548   9.2142995e-05      0.02236819       2.9925255      0.97114677     0.035003726      0.99989197      -24.280118       -24.280118       2453.7172                                                 2453.7172
              1       1202.5269      0.42198419      0.30807949   9.2573189e-05     0.022374295       2.9935804       0.9717107     0.035638005      0.99981552      -24.280118       -24.280118        2453.614                                                  2453.614
              3       1202.4952      0.42755843      0.30857048   9.2663661e-05     0.022394263       2.9922188      0.97135023     0.034519873       1.0001394      -24.280118       -24.280118       2453.5506                                                 2453.5506
              2       1203.4066      0.36522746      0.30804466   9.2085636e-05     0.022448072       2.9995891      0.97160594      0.03951971      0.99815269      -24.280118       -24.280118       2455.3734                                                 2455.3734
              1       1203.6208      0.35273854      0.30693939   9.1808233e-05     0.022465242        2.995437      0.97266054     0.037895358      0.99789562      -24.280118       -24.280118       2455.8019                                                 2455.8019
              1       1203.9776      0.36521788      0.30965098   9.2451066e-05     0.022400037       2.9920649      0.97201433     0.034644651       0.9989041      -24.280118       -24.280118       2456.5155                                                 2456.5155
              1       1203.6979      0.29187615      0.30787315   9.1768385e-05     0.022423188       2.9899645      0.96965513     0.032676144      0.99937971      -24.280118       -24.280118        2455.956                                                  2455.956
              2       1203.7672      0.29342369      0.30755731   9.1776256e-05     0.022426168       2.9896353      0.97116654     0.032559672       0.9998072      -24.280118       -24.280118       2456.0947                                                 2456.0947
              3       1203.8342      0.30297895      0.30812972   9.1914974e-05     0.022436295       2.9902572      0.97111735     0.032854876      0.99976517      -24.280118       -24.280118       2456.2286                                                 2456.2286
              2       1206.5818      0.41590737      0.30696627   9.1892642e-05     0.022657534       2.9735295      0.97374402     0.021407013       1.0028542      -24.280118       -24.280118       2461.7238                                                 2461.7238
              2       1205.1369      0.42204104      0.30815094   9.2312644e-05     0.022631939        2.977912      0.97276902     0.025178294       1.0009222      -24.280118       -24.280118        2458.834                                                  2458.834
              4       1206.0556      0.43273787      0.31026045   9.2700449e-05     0.022627498        2.968567      0.97257848     0.022445594      0.99833897      -24.280118       -24.280118       2460.6714                                                 2460.6714
              6       1206.0221      0.46579581      0.31130927   9.3098787e-05      0.02261084       2.9692265      0.97337286     0.024448526      0.99754082      -24.280118       -24.280118       2460.6044                                                 2460.6044
              2       1204.7067      0.42660182      0.30648169    9.193525e-05     0.022625294       2.9804237       0.9745534     0.030522568      0.99710291      -24.280118       -24.280118       2457.9737                                                 2457.9737
              3       1204.8036      0.42983823      0.30644103   9.1945454e-05     0.022624622        2.978914      0.97467406     0.029694775      0.99717606      -24.280118       -24.280118       2458.1674                                                 2458.1674
              3       1205.2272      0.29755362      0.30350876   9.0755616e-05     0.022585493       2.9708211      0.97059707     0.026646668      0.99584907      -24.280118       -24.280118       2459.0147                                                 2459.0147
              2       1205.3695      0.29563481      0.30326999    9.070312e-05     0.022586586       2.9698509      0.97077045     0.026312945      0.99576229      -24.280118       -24.280118       2459.2993                                                 2459.2993
              7       1205.3928      0.26299971      0.30165165   9.0238446e-05     0.022596497       2.9741806       0.9711449     0.028368688       0.9960066      -24.280118       -24.280118       2459.3459                                                 2459.3459
              7       1205.5121      0.28111383       0.3057962   9.1175035e-05     0.022536368       2.9639214      0.97034702     0.021881026      0.99717141      -24.280118       -24.280118       2459.5845                                                 2459.5845
              1       1203.5987      0.37882493      0.30527708   9.1545524e-05      0.02253996       2.9901663      0.97357445     0.036457409      0.99699899      -24.280118       -24.280118       2455.7576                                                 2455.7576
              4       1204.8522      0.46333141      0.30618647   9.2203592e-05     0.022562896       2.9849061      0.97551415     0.033272936      0.99913024      -24.280118       -24.280118       2458.2646                                                 2458.2646
              4       1205.6715      0.48764975      0.30587592   9.2240489e-05     0.022590433       2.9767041       0.9746385     0.030663193      0.99784974      -24.280118       -24.280118       2459.9033                                                 2459.9033
              1       1205.7125      0.52382552      0.30673947   9.2587777e-05      0.02257477       2.9805914       0.9752637     0.033326527       0.9973845      -24.280118       -24.280118       2459.9852                                                 2459.9852
              1       1205.7668      0.32360691      0.29722789   8.9743718e-05     0.022616645       3.0116313      0.96869054     0.047422395      0.99786116      -24.280118       -24.280118       2460.0939                                                 2460.0939
              1       1205.6469      0.33325961       0.2978094   8.9899318e-05      0.02261015        3.010511      0.96826335     0.046797116      0.99779859      -24.280118       -24.280118       2459.8541                                                 2459.8541
              8       1205.9761      0.34233372      0.29802722   9.0039141e-05     0.022582515       2.9938834      0.96928962     0.039201423      0.99771596      -24.280118       -24.280118       2460.5125                                                 2460.5125
              6       1204.9183      0.28349785      0.29983522   9.0178013e-05      0.02251002       2.9822739      0.96757151     0.031919154      0.99808711      -24.280118       -24.280118       2458.3968                                                 2458.3968
              2       1205.0287      0.26097003      0.29850663   8.9804521e-05     0.022539116       2.9826936      0.96837705     0.031451604      0.99889004      -24.280118       -24.280118       2458.6176                                                 2458.6176
              4        1206.699      0.20613831      0.29857697   8.9451139e-05     0.022552174       2.9791707      0.96838661     0.029299602      0.99874429      -24.280118       -24.280118       2461.9583                                                 2461.9583
              7       1206.2352      0.20147432      0.29944842   8.9571595e-05     0.022543499        2.988029      0.96640901     0.032350539      0.99924614      -24.280118       -24.280118       2461.0306                                                 2461.0306
              5       1203.7894       0.1980942      0.30233767    9.023596e-05     0.022499137       2.9882444      0.96715191      0.03252022      0.99860518      -24.280118       -24.280118        2456.139                                                  2456.139
              4       1203.3852      0.26128016      0.30313226   9.0664823e-05     0.022541766       2.9840187      0.96722871     0.031790433      0.99721064      -24.280118       -24.280118       2455.3307                                                 2455.3307
              1       1203.4665      0.25831857      0.30305987   9.0635955e-05     0.022542803       2.9834476      0.96723299      0.03145423      0.99723555      -24.280118       -24.280118       2455.4932                                                 2455.4932
              1       1202.5276      0.35905994      0.30251742   9.0953151e-05     0.022613902       2.9948871      0.97107423     0.035306883      0.99986992      -24.280118       -24.280118       2453.6155                                                 2453.6155
              1       1202.6086      0.35826183      0.30198728   9.0910989e-05     0.022575639       2.9896149      0.97159413     0.033182583      0.99985289      -24.280118       -24.280118       2453.7774                                                 2453.7774
              7       1202.7628      0.35669344      0.30161904   9.0795165e-05     0.022589593       2.9879913      0.97168553     0.032712254      0.99948067      -24.280118       -24.280118       2454.0858                                                 2454.0858
              8       1202.8417      0.35871397      0.30183157   9.0843217e-05     0.022594166       2.9879975      0.97270664     0.033003064      0.99925588      -24.280118       -24.280118       2454.2436                                                 2454.2436
              4       1202.8591      0.31485296      0.30095775   9.0469583e-05     0.022592216       2.9894235      0.97209933     0.033669026      0.99928364      -24.280118       -24.280118       2454.2785                                                 2454.2785
              5        1202.348      0.47999326      0.30503605   9.1973077e-05     0.022603517       3.0195374      0.97306826     0.049088217      0.99926648      -24.280118       -24.280118       2453.2562                                                 2453.2562
              1       1202.2922      0.47992923       0.3047238   9.1908909e-05     0.022601689       3.0171173      0.97346817     0.047733176      0.99941394      -24.280118       -24.280118       2453.1447                                                 2453.1447
              2       1202.3028      0.49787789        0.305777   9.2153784e-05     0.022633445       3.0139464       0.9730301     0.046290881      0.99891485      -24.280118       -24.280118       2453.1657                                                 2453.1657
              3       1203.2356      0.47221393      0.30596079   9.2184169e-05     0.022576039       3.0211868      0.97184088      0.04801189      0.99995444      -24.280118       -24.280118       2455.0315                                                 2455.0315
              5       1204.2629      0.40208035      0.30556857   9.1655518e-05     0.022582981       3.0230409      0.96925907     0.046753733       1.0011261      -24.280118       -24.280118       2457.0861                                                 2457.0861
              1       1202.5702      0.32806403      0.30314429   9.1017345e-05     0.022500816       3.0037918      0.97012506     0.038212306       1.0007667      -24.280118       -24.280118       2453.7006                                                 2453.7006
              5       1203.6748      0.22317681      0.30097569   9.0030073e-05     0.022550406       3.0001716      0.96695123     0.036556764       1.0003254      -24.280118       -24.280118       2455.9099                                                 2455.9099
             13       1204.8304      0.23121088      0.29954882   9.0106804e-05     0.022372472       2.9700858      0.96908145      0.02358688       1.0000638      -24.280118       -24.280118       2458.2211                                                 2458.2211
              4       1204.3084      0.30486374      0.30097726   9.0495643e-05     0.022475682       2.9787769      0.96811626     0.026521125         1.00072      -24.280118       -24.280118       2457.1771                                                 2457.1771
              3       1205.0425      0.50163059      0.31066246   9.3395616e-05     0.022359839       2.9820219      0.97075788     0.033706377      0.99492517      -24.280118       -24.280118       2458.6452                                                 2458.6452
              9       1206.2483      0.53954016      0.31156471   9.3601969e-05     0.022440443       2.9744076      0.97407966      0.02939415      0.99544372      -24.280118       -24.280118       2461.0569                                                 2461.0569
              1       1207.5193      0.58442462      0.31263557   9.3768872e-05     0.022758008       2.9885658      0.97513479     0.036545857       0.9956576      -24.280118       -24.280118       2463.5988                                                 2463.5988
              9        1206.076      0.51107336      0.30924274   9.2833043e-05     0.022732037       2.9966451      0.97611329     0.038800773      0.99802077      -24.280118       -24.280118       2460.7122                                                 2460.7122
              1       1205.1075      0.43867619      0.30576533   9.1937358e-05     0.022656977       2.9940184      0.97594745      0.03732502      0.99740048      -24.280118       -24.280118       2458.7753                                                 2458.7753
              1       1205.8234       0.4193028      0.30899043   9.2462259e-05     0.022635666       2.9942124      0.97385961     0.035511809      0.99810789      -24.280118       -24.280118        2460.207                                                  2460.207
              1       1206.9448      0.53635666      0.31053569   9.3150306e-05     0.022716408       2.9941503      0.97445167     0.031960506       1.0015299      -24.280118       -24.280118       2462.4497                                                 2462.4497
              6       1207.2462      0.41071687      0.30774992    9.211366e-05     0.022543869       3.0152704      0.97506525     0.040011975       1.0044465      -24.280118       -24.280118       2463.0526                                                 2463.0526
              3       1206.1962      0.41257874      0.30817429   9.2220965e-05     0.022523212       3.0109905      0.97498708     0.039171497       1.0032182      -24.280118       -24.280118       2460.9527                                                 2460.9527
              5       1206.8174       0.3492665      0.30629432   9.1628728e-05      0.02247275       3.0154983      0.97539127     0.041632846       1.0030893      -24.280118       -24.280118       2462.1951                                                 2462.1951
              5       1207.5295      0.31721019      0.30637951   9.1484738e-05     0.022457795       3.0178087      0.97461194     0.042688462       1.0027521      -24.280118       -24.280118       2463.6192                                                 2463.6192
              2       1207.9053      0.31285848      0.30614591   9.1422109e-05     0.022458614       3.0182268       0.9748498     0.042646645       1.0029519      -24.280118       -24.280118       2464.3708                                                 2464.3708
              3       1205.2033      0.37218245      0.30641486   9.1659019e-05      0.02254717       3.0128387      0.97376592     0.041515059       1.0013365      -24.280118       -24.280118       2458.9669                                                 2458.9669
              3       1208.6572      0.26066279      0.30502329   9.0760399e-05     0.022583702       2.9895664      0.96966708     0.026368822       1.0044248      -24.280118       -24.280118       2465.8745                                                 2465.8745
              5        1207.039      0.17276374      0.30597308   9.0965201e-05     0.022355577        2.986127      0.96342025     0.026646798       1.0027851      -24.280118       -24.280118       2462.6382                                                 2462.6382
              1       1207.7613       0.1605246      0.30500228   9.0664766e-05      0.02239551       2.9862785      0.96206351     0.026069962       1.0029426      -24.280118       -24.280118       2464.0828                                                 2464.0828
              1       1208.0052      0.19984147      0.30053193   8.9717929e-05     0.022513052       2.9935619      0.96607153     0.032054213       1.0015839      -24.280118       -24.280118       2464.5707                                                 2464.5707
              1       1207.9113      0.57393178      0.31255487   9.3635699e-05     0.022685172        3.035704      0.96669433     0.056167053      0.99844962      -24.280118       -24.280118       2464.3828                                                 2464.3828
              1       1207.7808      0.54115974       0.3118616   9.3380409e-05     0.022668136       3.0305651       0.9658018     0.055244402      0.99676631      -24.280118       -24.280118       2464.1219                                                 2464.1219
              1       1208.1013      0.48275378      0.30545542   9.1817077e-05     0.022867409        3.025171      0.97018791     0.053766551      0.99633901      -24.280118       -24.280118       2464.7627                                                 2464.7627
              2       1208.0883      0.26072557      0.30462746   9.0598505e-05     0.022794365       3.0055372      0.96768568     0.040667311      0.99839161      -24.280118       -24.280118       2464.7368                                                 2464.7368
              5        1207.286       0.2876911      0.30535182   9.0862912e-05     0.022766794       3.0037929      0.96901077     0.040435404      0.99812959      -24.280118       -24.280118       2463.1322                                                 2463.1322
              1       1207.4291      0.26347428       0.3051497   9.0720084e-05     0.022735626       3.0144545      0.96929497      0.04487161      0.99868252      -24.280118       -24.280118       2463.4185                                                 2463.4185
              2       1205.4478      0.32816579      0.30962208   9.2099119e-05     0.022614289       3.0045391      0.96839028     0.041171574      0.99771061      -24.280118       -24.280118       2459.4558                                                 2459.4558
              3       1206.8369      0.31420607      0.31037846   9.2196383e-05     0.022606254       3.0106608      0.96818813     0.044062136      0.99784388      -24.280118       -24.280118       2462.2341                                                 2462.2341
              5       1205.8293      0.37700821      0.31079434   9.2651337e-05     0.022506463       3.0266834      0.96924501     0.051311868      0.99947625      -24.280118       -24.280118       2460.2189                                                 2460.2189
              7       1205.8656      0.37464369      0.31076088   9.2639546e-05     0.022504546       3.0270012      0.96922635     0.051488806      0.99943007      -24.280118       -24.280118       2460.2914                                                 2460.2914
              2       1205.8089      0.34134778      0.30661025   9.1569693e-05     0.022604599       3.0329362      0.97146014     0.053442719       1.0000813      -24.280118       -24.280118       2460.1781                                                 2460.1781
              1        1205.739      0.34340246      0.30667742   9.1606673e-05     0.022591935       3.0336488      0.97132322     0.053715604       1.0001239      -24.280118       -24.280118       2460.0382                                                 2460.0382
              6       1205.3678      0.41698632      0.30862559   9.2240495e-05     0.022664567       3.0304354      0.96953312     0.052114979       0.9996702      -24.280118       -24.280118       2459.2958                                                 2459.2958
              7       1206.1593      0.22658066      0.30564467   9.0931816e-05     0.022522919       3.0241374      0.96932468     0.049092427      0.99963388      -24.280118       -24.280118       2460.8788                                                 2460.8788
              4       1205.7924       0.3050891      0.30878844   9.1914161e-05     0.022501581       3.0241581      0.96967145     0.048154477       1.0007509      -24.280118       -24.280118       2460.1451                                                 2460.1451
              4       1204.0796      0.34104707      0.30873953   9.2054191e-05     0.022527631       3.0157363       0.9698348     0.045093224      0.99990719      -24.280118       -24.280118       2456.7194                                                 2456.7194
              3       1202.9368      0.28004465      0.29961499   9.0158681e-05      0.02250877       3.0152858      0.97125234     0.045206782       1.0010563      -24.280118       -24.280118       2454.4338                                                 2454.4338
              2       1203.7994      0.40459733      0.30440636    9.176222e-05     0.022464556        3.017708      0.97091443     0.045747879       1.0026962      -24.280118       -24.280118       2456.1589                                                 2456.1589
              1       1203.7749      0.44533891      0.30500437   9.2028374e-05     0.022494626       3.0145002      0.97257957     0.043756943       1.0032311      -24.280118       -24.280118         2456.11                                                   2456.11
              1       1204.0625      0.45889542       0.3054543   9.2156606e-05      0.02251793       3.0177038      0.97170504     0.044196122       1.0039871      -24.280118       -24.280118       2456.6851                                                 2456.6851
              6       1204.5459      0.38902534       0.3041856   9.1654202e-05     0.022464034       3.0205546      0.97145722     0.045100055       1.0042994      -24.280118       -24.280118        2457.652                                                  2457.652
              1       1205.5309      0.49530745      0.31003286   9.3391265e-05     0.022394586       3.0261903      0.97366958     0.050404852        1.002479      -24.280118       -24.280118       2459.6221                                                 2459.6221
              1       1204.2961      0.41442635      0.30623969   9.2277284e-05     0.022440489       3.0202566      0.97379339     0.050414938        0.999144      -24.280118       -24.280118       2457.1523                                                 2457.1523
              1       1204.1948      0.39464796      0.30513245   9.1882664e-05     0.022492927       3.0289181      0.97153142      0.05311737        1.000132      -24.280118       -24.280118       2456.9499                                                 2456.9499
              5       1203.8096      0.47136942       0.3074351   9.2585655e-05     0.022525406       3.0303424      0.97233396     0.054612517      0.99897122      -24.280118       -24.280118       2456.1794                                                 2456.1794
              1       1203.6968      0.48756884      0.30694719   9.2549726e-05      0.02253387       3.0300909      0.97378462      0.05305539       1.0004556      -24.280118       -24.280118       2455.9539                                                 2455.9539
              3       1202.8084      0.56186732      0.30608039   9.2606445e-05     0.022618831       3.0189243       0.9737155     0.048550536       1.0003552      -24.280118       -24.280118       2454.1771                                                 2454.1771
              8       1205.0979      0.65169321       0.3105447   9.3907636e-05     0.022526972       3.0217589      0.97256121     0.046999239       1.0031988      -24.280118       -24.280118        2458.756                                                  2458.756
              3       1205.2134      0.51333204      0.30509214   9.2292231e-05     0.022422565       3.0101636      0.97148195     0.043053904       1.0019389      -24.280118       -24.280118       2458.9871                                                 2458.9871
              2       1205.1909       0.5193477      0.30535349   9.2359505e-05     0.022422373        3.008376      0.97151833      0.04220109       1.0017665      -24.280118       -24.280118       2458.9421                                                 2458.9421
              1       1205.4592      0.47464935       0.3072983   9.2545767e-05     0.022370374       3.0018148      0.97168626      0.03827931       1.0021418      -24.280118       -24.280118       2459.4785                                                 2459.4785
              8       1205.6284      0.42188826      0.30428782   9.1652584e-05     0.022432783       3.0193827      0.97202962     0.044593915        1.004074      -24.280118       -24.280118       2459.8171                                                 2459.8171
              5        1206.129       0.4255096      0.30399612   9.1641793e-05      0.02241826       3.0211516      0.97243826     0.045230941       1.0044861      -24.280118       -24.280118       2460.8182                                                 2460.8182
              1       1205.9775      0.43594759       0.3043383   9.1740646e-05      0.02243073        3.020357       0.9721261     0.044123115       1.0047365      -24.280118       -24.280118       2460.5153                                                 2460.5153
              2       1206.9392       0.4929515      0.30027506    9.109137e-05     0.022633463       3.0120763      0.97574319     0.040899015       1.0050951      -24.280118       -24.280118       2462.4386                                                 2462.4386
              2       1207.4928      0.46725673      0.30088844   9.1059976e-05     0.022572344       3.0094945      0.97471993     0.039326023       1.0050885      -24.280118       -24.280118       2463.5459                                                 2463.5459
              2        1207.058      0.43061359      0.30023517   9.0819006e-05     0.022541113       3.0081175      0.97447259     0.038903347       1.0049047      -24.280118       -24.280118       2462.6762                                                 2462.6762
              3       1207.2751      0.44100053      0.30057066   9.0926864e-05     0.022544962       3.0087802      0.97471252     0.039246049       1.0050503      -24.280118       -24.280118       2463.1105                                                 2463.1105
              1       1205.0797      0.56212258      0.30460908   9.2392267e-05     0.022493103       2.9980846      0.97413822     0.037914142       1.0013378      -24.280118       -24.280118       2458.7197                                                 2458.7197
              7       1203.0196      0.45011427      0.30331805   9.1676611e-05     0.022492713       2.9964065       0.9739906     0.036675286       1.0001661      -24.280118       -24.280118       2454.5995                                                 2454.5995
              4       1203.3059      0.46763327      0.30332086   9.1820095e-05     0.022494854       3.0153991      0.97629774      0.04862172      0.99892961      -24.280118       -24.280118        2455.172                                                  2455.172
              5       1203.6858       0.3597515      0.30732287   9.2192754e-05     0.022410897       3.0033386      0.96869418     0.044219782      0.99581446      -24.280118       -24.280118       2455.9319                                                 2455.9319
              5       1204.6364      0.34644829      0.30723378   9.2138999e-05     0.022422162       3.0012119      0.96784102     0.043630179      0.99529182      -24.280118       -24.280118        2457.833                                                  2457.833
              1       1204.2495      0.37908808       0.3079678   9.2420096e-05     0.022446628       3.0043794       0.9676919     0.043923958      0.99631318      -24.280118       -24.280118       2457.0593                                                 2457.0593
              2       1204.1668        0.370454      0.30742579   9.2264839e-05     0.022452594       3.0067572      0.96685342     0.044427309      0.99680612      -24.280118       -24.280118       2456.8938                                                 2456.8938
             16       1206.6605      0.33060537      0.30564559   9.1363631e-05     0.022649818       3.0010302       0.9704249     0.038994754      0.99676073      -24.280118       -24.280118       2461.8812                                                 2461.8812
              2       1206.3486      0.29070565      0.29936827   8.9950898e-05      0.02266841       2.9977492      0.96990355     0.035387783      0.99931297      -24.280118       -24.280118       2461.2574                                                 2461.2574
              4       1210.5785      0.56205088        0.308516   9.3084172e-05     0.022407573       3.0007163      0.97300707     0.039186266      0.99764619      -24.280118       -24.280118       2469.7173                                                 2469.7173
              3       1211.3575      0.58598383      0.31035857   9.3746821e-05     0.022232884       2.9970905      0.97330653      0.03950285      0.99725992      -24.280118       -24.280118       2471.2753                                                 2471.2753
              2       1211.0895      0.45374554      0.31239739   9.3808222e-05     0.022101103       2.9742689      0.97052472     0.030552579      0.99394765      -24.280118       -24.280118       2470.7392                                                 2470.7392
              1       1210.8006      0.45017545      0.31244363   9.3791661e-05     0.022105719       2.9749789      0.97056403     0.030842485      0.99400397      -24.280118       -24.280118       2470.1615                                                 2470.1615
              1       1208.7642      0.45751206      0.31062217   9.3446626e-05     0.022181164       2.9690065      0.97102308      0.02851212       0.9940284      -24.280118       -24.280118       2466.0887                                                 2466.0887
              1       1209.4347      0.46503331      0.31193079   9.3653114e-05     0.022195357       2.9600452      0.96985586     0.023851103       0.9937864      -24.280118       -24.280118       2467.4297                                                 2467.4297
              1       1209.1968      0.42940379      0.31077997   9.3305356e-05     0.022185709        2.957551      0.96918223     0.022327574      0.99399508      -24.280118       -24.280118       2466.9538                                                 2466.9538
              1       1208.6106      0.38658816      0.30967682   9.2925252e-05     0.022149033       2.9651212      0.96900611     0.025517672      0.99472843      -24.280118       -24.280118       2465.7813                                                 2465.7813
              2       1208.2374      0.48463973      0.30890375    9.315712e-05     0.022279853       2.9886443      0.96595838     0.038877458      0.99331519      -24.280118       -24.280118        2465.035                                                  2465.035
              2       1208.2846      0.51363191      0.30884007   9.3264899e-05     0.022282779       2.9881276      0.96613409     0.037893214      0.99421869      -24.280118       -24.280118       2465.1294                                                 2465.1294
             14       1204.0927      0.45753929        0.302584   9.1567568e-05     0.022504489       2.9987998        0.970203     0.041721101      0.99609444      -24.280118       -24.280118       2456.7456                                                 2456.7456
              1       1204.1388      0.45864551      0.30257992    9.157158e-05     0.022505612       2.9988239      0.97020543     0.041732459      0.99610026      -24.280118       -24.280118       2456.8378                                                 2456.8378
              3       1205.8973       0.4774324      0.30825713   9.2619994e-05     0.022598495       2.9692097      0.96664421      0.02622974      0.99545456      -24.280118       -24.280118       2460.3549                                                 2460.3549
              8       1206.2794      0.48024161      0.30759493   9.2352374e-05     0.022661579       2.9710863      0.96696615     0.027071658      0.99540089      -24.280118       -24.280118       2461.1191                                                 2461.1191
              6        1206.119      0.40044363      0.30758801   9.1928986e-05     0.022608122       2.9792774      0.96536096     0.030205304        0.995623      -24.280118       -24.280118       2460.7983                                                 2460.7983
              1       1206.3082      0.38883592       0.3070545   9.1656547e-05     0.022739365       3.0013532       0.9689163     0.040445978      0.99576731      -24.280118       -24.280118       2461.1765                                                 2461.1765
              2       1204.0559        0.333121      0.30606256   9.1514601e-05      0.02255626       3.0038423      0.97249372      0.04358856      0.99553203      -24.280118       -24.280118       2456.6721                                                 2456.6721
              3       1202.7897      0.53820261      0.31042384   9.3276275e-05     0.022557965       3.0023271      0.97405559     0.041268238      0.99816838      -24.280118       -24.280118       2454.1397                                                 2454.1397
              1       1203.2916      0.58786769      0.31105118   9.3686994e-05     0.022540277       3.0039343      0.97494535     0.043192091       0.9971606      -24.280118       -24.280118       2455.1435                                                 2455.1435
              4       1204.4257      0.68305965      0.31680132   9.5197797e-05     0.022610966       3.0016801      0.97217989     0.041159485      0.99721457      -24.280118       -24.280118       2457.4115                                                 2457.4115
              1       1204.4915      0.69779064      0.31727387   9.5406246e-05     0.022581339       2.9950099      0.97191966     0.037885227       0.9973668      -24.280118       -24.280118       2457.5432                                                 2457.5432
              1       1204.9697      0.68443981      0.31619386   9.5044784e-05     0.022533525       3.0031135      0.97125749     0.040372295       0.9990535      -24.280118       -24.280118       2458.4996                                                 2458.4996
              2       1204.9121      0.68085738      0.31619871     9.50299e-05     0.022532129       3.0028944      0.97117339      0.04027097      0.99903246      -24.280118       -24.280118       2458.3845                                                 2458.3845
              6        1204.522      0.66200705      0.31564661   9.4907609e-05     0.022483528       3.0041696      0.97087418      0.04194011      0.99804908      -24.280118       -24.280118       2457.6043                                                 2457.6043
              7       1205.5135      0.71507462      0.31737659    9.559605e-05     0.022442696         3.00376      0.97144996     0.041836478      0.99790502      -24.280118       -24.280118       2459.5873                                                 2459.5873
              5       1205.9216      0.74381195       0.3169218   9.5820058e-05     0.022388789       3.0008208      0.97287594     0.041942092       0.9983506      -24.280118       -24.280118       2460.4035                                                 2460.4035
              2       1205.8395      0.74124243      0.31684024   9.5798179e-05     0.022387167       3.0007675      0.97283929     0.041905228      0.99835046      -24.280118       -24.280118       2460.2392                                                 2460.2392
              1       1205.1197       0.5984483      0.30854285   9.3451865e-05     0.022513982        3.007848      0.97424521     0.046314923      0.99887387      -24.280118       -24.280118       2458.7996                                                 2458.7996
              1       1204.9812      0.57885149      0.30899624   9.3433587e-05     0.022509463       3.0066481       0.9735748     0.045769163      0.99859311      -24.280118       -24.280118       2458.5226                                                 2458.5226
              2       1205.9661      0.61945041      0.31078638   9.3877281e-05     0.022532994       3.0161418      0.97288075     0.047210633       1.0017335      -24.280118       -24.280118       2460.4924                                                 2460.4924
              3        1206.135      0.62513407       0.3107422   9.3891193e-05     0.022533256       3.0159125      0.97244236     0.047303227       1.0015674      -24.280118       -24.280118       2460.8302                                                 2460.8302
              2        1206.127       0.6286235       0.3108267   9.3920751e-05     0.022534843       3.0166668      0.97239083     0.047604632       1.0016116      -24.280118       -24.280118       2460.8143                                                 2460.8143
              2       1206.5876      0.67129176      0.31150394   9.4215768e-05     0.022608563       3.0155397       0.9722994     0.047932859       1.0008239      -24.280118       -24.280118       2461.7355                                                 2461.7355
              1       1205.7528      0.67894798      0.31455193   9.4909484e-05     0.022545946       3.0111097      0.97112928      0.04634788      0.99960004      -24.280118       -24.280118       2460.0659                                                 2460.0659
              4        1204.505      0.60585861      0.31232049   9.4082543e-05     0.022578143       3.0075065      0.96989937     0.044188686      0.99929865      -24.280118       -24.280118       2457.5703                                                 2457.5703
              1       1203.4779      0.47984781      0.30609086   9.2200927e-05     0.022576228       2.9914365      0.97015322      0.03177734       1.0023872      -24.280118       -24.280118       2455.5159                                                 2455.5159
              5       1203.8277      0.50457328       0.3062908   9.2349873e-05     0.022596302       2.9877383      0.97010583      0.03030958       1.0020911      -24.280118       -24.280118       2456.2157                                                 2456.2157
              4       1203.3178      0.51859044      0.30734231   9.2649608e-05     0.022541988         2.98745      0.96910782     0.031714743      0.99998796      -24.280118       -24.280118       2455.1959                                                 2455.1959
              1       1203.8171      0.54483344      0.30928647   9.3071169e-05     0.022578995       2.9890103      0.96749781     0.033299033      0.99876117      -24.280118       -24.280118       2456.1944                                                 2456.1944
              1       1203.9413      0.51033808      0.30826943   9.2701018e-05     0.022568189       2.9911154      0.96664907     0.033773951      0.99931408      -24.280118       -24.280118       2456.4428                                                 2456.4428
              1       1203.9396      0.51013329      0.30826731   9.2698686e-05     0.022568873       2.9911035       0.9666446     0.033749473      0.99932643      -24.280118       -24.280118       2456.4394                                                 2456.4394
              3       1204.3841      0.39957654      0.30983961   9.2536161e-05      0.02246924       2.9751174      0.96725063      0.02659704      0.99815805      -24.280118       -24.280118       2457.3284                                                 2457.3284
              2       1203.6941      0.45652258      0.31182357   9.3286723e-05     0.022483294       2.9881638      0.97016191     0.031114671      0.99926034      -24.280118       -24.280118       2455.9484                                                 2455.9484
              2       1203.7449      0.44942685      0.31167165   9.3217621e-05     0.022485842       2.9890637       0.9696116     0.031369714      0.99929836      -24.280118       -24.280118         2456.05                                                   2456.05
              5       1203.5145      0.40226158      0.31071908   9.3073997e-05     0.022371097       2.9985053      0.96853267     0.037740961      0.99852308      -24.280118       -24.280118       2455.5892                                                 2455.5892
              3       1203.6832      0.32500364      0.30941176   9.2384491e-05     0.022419677       3.0036095      0.96703984     0.040544368       0.9984414      -24.280118       -24.280118       2455.9266                                                 2455.9266
              4       1203.7815      0.35835842      0.30898304   9.2457562e-05     0.022439367       2.9886415      0.96711168     0.034773714      0.99745019      -24.280118       -24.280118       2456.1232                                                 2456.1232
              5       1203.0915      0.38406778       0.3072604   9.2165032e-05     0.022506644       2.9919687      0.96766921     0.033771646       1.0002887      -24.280118       -24.280118       2454.7433                                                 2454.7433
              3       1203.2925      0.37608447      0.30540884   9.1829796e-05     0.022504795        3.002254      0.96935352      0.03955383       1.0004989      -24.280118       -24.280118       2455.1453                                                 2455.1453
              3       1204.7539      0.28466745      0.29782485   8.9922015e-05     0.022589086       3.0177769      0.97285803     0.047618689       1.0004101      -24.280118       -24.280118        2458.068                                                  2458.068
              2       1204.7016      0.28276132      0.29838198   9.0045176e-05     0.022569271       3.0176863      0.97300905     0.047162401       1.0006839      -24.280118       -24.280118       2457.9635                                                 2457.9635
              1       1205.7699      0.27237801      0.29530063   8.9367996e-05     0.022506023       3.0047235      0.97719396     0.040709342       1.0015597      -24.280118       -24.280118       2460.0999                                                 2460.0999
              2        1205.138      0.23099938       0.2948591   8.8979735e-05     0.022522849       3.0039022      0.97494024     0.039853616       1.0006538      -24.280118       -24.280118       2458.8362                                                 2458.8362
              1       1205.2744      0.39836495      0.29977376    9.069452e-05     0.022626758       3.0294094      0.97602817     0.052146855       1.0015366      -24.280118       -24.280118       2459.1091                                                 2459.1091
              4       1204.8138      0.57566536      0.30596447    9.284821e-05     0.022532697       3.0180438      0.97458789     0.052956962      0.99585591      -24.280118       -24.280118       2458.1878                                                 2458.1878
              4       1204.8712      0.54022629      0.30568456   9.2658228e-05     0.022501951       3.0225292      0.97280224      0.05476974      0.99602345      -24.280118       -24.280118       2458.3026                                                 2458.3026
              5       1204.9103      0.53526747       0.3056072   9.2623089e-05     0.022499068       3.0217758       0.9728024     0.054576652      0.99582839      -24.280118       -24.280118       2458.3808                                                 2458.3808
              1        1206.102      0.52163516       0.3045779   9.2406033e-05     0.022490789       3.0225737      0.97189345     0.055959463      0.99556872      -24.280118       -24.280118       2460.7643                                                 2460.7643
              4       1205.7787      0.51951572      0.30498352   9.2480999e-05     0.022485094       3.0209002         0.97163     0.054950523      0.99558009      -24.280118       -24.280118       2460.1177                                                 2460.1177
              8       1205.3313       0.4433895      0.30240816   9.1611548e-05     0.022440763       3.0253961       0.9723412     0.056102165      0.99610089      -24.280118       -24.280118       2459.2229                                                 2459.2229
              6       1205.5235      0.36013601      0.29975515   9.0688095e-05     0.022477038       3.0275022      0.97038252     0.056151277      0.99688739      -24.280118       -24.280118       2459.6073                                                 2459.6073
              2       1205.0398      0.37463787      0.30452409   9.1548558e-05     0.022495878       3.0010154      0.96458428     0.043023217      0.99559262      -24.280118       -24.280118       2458.6399                                                 2458.6399
              7       1205.7942      0.42090505      0.30568912   9.2151147e-05     0.022398589       2.9885991      0.96576919     0.038509739      0.99451105      -24.280118       -24.280118       2460.1486                                                 2460.1486
              1       1203.3096      0.37069405      0.30595365   9.1840164e-05     0.022412234        2.986003       0.9674563     0.034318042      0.99618459      -24.280118       -24.280118       2455.1795                                                 2455.1795
              2        1203.169      0.35937168      0.30621987   9.1847441e-05     0.022410485       2.9859802      0.96669501     0.033581198      0.99679837      -24.280118       -24.280118       2454.8983                                                 2454.8983
              1       1202.9693       0.3201385      0.30417596   9.1247438e-05      0.02243598       2.9872732      0.96733353     0.034306215      0.99698781      -24.280118       -24.280118       2454.4988                                                 2454.4988
              5       1204.0938      0.33483778      0.30710445   9.1981666e-05     0.022316139       2.9859716      0.96837877     0.034117029      0.99719445      -24.280118       -24.280118       2456.7479                                                 2456.7479
              4       1204.1383      0.33966044       0.3072583   9.2032529e-05     0.022310977       2.9856691      0.96850042     0.033980972      0.99714888      -24.280118       -24.280118       2456.8369                                                 2456.8369
              3       1204.2365      0.30940102      0.30683699   9.1863293e-05     0.022300546       2.9887081      0.96805672     0.035732657      0.99702234      -24.280118       -24.280118       2457.0332                                                 2457.0332
              4       1204.0256      0.33330739      0.30762506   9.2116422e-05     0.022302295       2.9927306      0.96828825     0.037343102      0.99749951      -24.280118       -24.280118       2456.6114                                                 2456.6114
              5        1205.026      0.31535677      0.30769512   9.2056421e-05     0.022274934       2.9921251      0.96658266     0.036806514      0.99759243      -24.280118       -24.280118       2458.6122                                                 2458.6122
              1       1204.8666      0.31160873      0.30754336   9.2005187e-05     0.022283947       2.9924955      0.96666354     0.037014394      0.99755363      -24.280118       -24.280118       2458.2935                                                 2458.2935
              5       1204.6905       0.3165172      0.30664666   9.1875768e-05     0.022287966       2.9861013      0.96694783     0.034743483       0.9966918      -24.280118       -24.280118       2457.9413                                                 2457.9413
              3       1205.0456      0.25763914       0.3033969   9.0941136e-05      0.02228906       2.9778305      0.96725043     0.029006117      0.99741289      -24.280118       -24.280118       2458.6515                                                 2458.6515
              9       1205.0996      0.25825567      0.30338132   9.0937146e-05     0.022288238       2.9777704      0.96738857     0.029035553      0.99737929      -24.280118       -24.280118       2458.7593                                                 2458.7593
              5       1202.0912      0.39434761      0.30421293   9.1660698e-05     0.022478587        2.996076      0.97016932      0.03800595      0.99882238      -24.280118       -24.280118       2452.7427                                                 2452.7427
              4       1201.9763      0.40900093      0.30478281   9.1823916e-05     0.022483497       2.9952516      0.97068117     0.037466786      0.99891342      -24.280118       -24.280118       2452.5128                                                 2452.5128
              2       1201.8447      0.43678195      0.30704182   9.2410206e-05      0.02242294       3.0004949      0.97018449     0.039711266      0.99918175      -24.280118       -24.280118       2452.2497                                                 2452.2497
              3       1203.5337      0.45142922      0.30925859   9.2920746e-05     0.022461589       2.9778569      0.97148721     0.029562172       0.9974894      -24.280118       -24.280118       2455.6277                                                 2455.6277
              4       1203.7109      0.46685385       0.3126337   9.3597421e-05     0.022441574       2.9769356      0.97038957     0.027655234      0.99835997      -24.280118       -24.280118       2455.9821                                                 2455.9821
              1       1203.0889      0.26696584      0.30166386   9.0321414e-05     0.022578284       2.9960215      0.96817985     0.036690934       0.9983213      -24.280118       -24.280118        2454.738                                                  2454.738
              1       1204.6446      0.45039768       0.3041754   9.1548313e-05     0.022671963       2.9997367      0.96712549     0.035773849       1.0017006      -24.280118       -24.280118       2457.8495                                                 2457.8495
              4       1204.5204      0.45049979       0.3039412   9.1520176e-05     0.022663264       3.0002603       0.9673091     0.036087818       1.0017205      -24.280118       -24.280118        2457.601                                                  2457.601
              1       1204.7442      0.44974852      0.30343234   9.1433973e-05     0.022654187       2.9950764      0.96701889     0.034692228        1.000844      -24.280118       -24.280118       2458.0486                                                 2458.0486
              1       1206.3915      0.34122332       0.3022137    9.078478e-05     0.022547077       2.9899053      0.96541854     0.029925805       1.0030139      -24.280118       -24.280118       2461.3433                                                 2461.3433
              2       1205.1376      0.60448844      0.30669623   9.2640368e-05     0.022782409       3.0107509      0.97117735     0.042223056       1.0010768      -24.280118       -24.280118       2458.8354                                                 2458.8354
              1       1206.3501      0.62977465      0.30746335   9.2871947e-05     0.022798384       3.0146113      0.97030285      0.04318213       1.0018727      -24.280118       -24.280118       2461.2605                                                 2461.2605
              5       1208.1141      0.63082547       0.3067414   9.2572083e-05      0.02287911       3.0165598      0.97036524     0.045286657       1.0010501      -24.280118       -24.280118       2464.7885                                                 2464.7885
              5       1206.0755       0.6220985      0.31330041   9.4201043e-05      0.02254406       3.0084829      0.96679104      0.04349318      0.99951877      -24.280118       -24.280118       2460.7113                                                 2460.7113
              3       1206.1692      0.51601489       0.3136678   9.3792612e-05     0.022499195       3.0115507      0.96326372     0.042116127       1.0006004      -24.280118       -24.280118       2460.8987                                                 2460.8987
              2       1204.1707      0.53524444      0.31151499   9.3560814e-05     0.022540894       3.0111827      0.96611893     0.040880525       1.0015212      -24.280118       -24.280118       2456.9017                                                 2456.9017
              3       1206.1327      0.63394659      0.31455624   9.4586951e-05     0.022550063       3.0244134      0.96610123     0.047916773       1.0009846      -24.280118       -24.280118       2460.8257                                                 2460.8257
              5       1206.5304      0.58366771      0.31230676   9.4034531e-05     0.022487377        3.031368      0.96589108     0.051208896       1.0016425      -24.280118       -24.280118       2461.6211                                                 2461.6211
              6        1206.332      0.50226111      0.31044236   9.3240445e-05     0.022526489       3.0206421      0.96386793     0.046063466       1.0004966      -24.280118       -24.280118       2461.2243                                                 2461.2243
              8       1205.0973      0.32976253      0.30718149   9.1757808e-05     0.022515115       3.0071654      0.96301353     0.038482682       1.0010762      -24.280118       -24.280118       2458.7548                                                 2458.7548
              2       1207.9162       0.3713665      0.30334301    9.078487e-05     0.022759009       3.0073034      0.96445932     0.040416125      0.99910295      -24.280118       -24.280118       2464.3925                                                 2464.3925
              1       1207.6948        0.376426       0.3030648   9.0759342e-05     0.022759332       3.0087572      0.96490142     0.041099829      0.99922011      -24.280118       -24.280118       2463.9498                                                 2463.9498
              1       1207.2702      0.36743191      0.30286434   9.0672486e-05     0.022819488       3.0088487      0.96618812     0.042325782      0.99808755      -24.280118       -24.280118       2463.1006                                                 2463.1006
              5       1207.6231      0.46196457      0.30689832   9.1929046e-05     0.022759224       3.0234059      0.96689106     0.052495086      0.99581858      -24.280118       -24.280118       2463.8064                                                 2463.8064
              2       1207.9199      0.39919026      0.30239661   9.0811569e-05     0.022750966       3.0252191      0.96744717     0.053632587      0.99562742      -24.280118       -24.280118       2464.4001                                                 2464.4001
              1       1207.6972      0.40618192      0.30169169   9.0710438e-05     0.022761732       3.0204848      0.96873221     0.052828646      0.99458213      -24.280118       -24.280118       2463.9546                                                 2463.9546
              1       1205.6613      0.36166764      0.30147609   9.0605329e-05      0.02266677       3.0086181      0.96724714     0.046708914      0.99494847      -24.280118       -24.280118       2459.8828                                                 2459.8828
              5        1206.929      0.36251259      0.30051692   9.0409764e-05     0.022674573       3.0142809      0.96655604     0.049787072       0.9951355      -24.280118       -24.280118       2462.4182                                                 2462.4182
              3       1205.7176      0.54157827      0.30275321   9.1893452e-05     0.022557124       2.9872311      0.97291786     0.037121633       0.9961239      -24.280118       -24.280118       2459.9955                                                 2459.9955
              1       1204.6139      0.54347722      0.30408434    9.216972e-05     0.022546847       2.9866195      0.97185559     0.034757649      0.99785454      -24.280118       -24.280118       2457.7881                                                 2457.7881
              2        1206.505      0.60631519      0.30441433   9.2543362e-05     0.022528964       3.0271878      0.97879491     0.052658802       1.0011701      -24.280118       -24.280118       2461.5703                                                 2461.5703
              4       1204.8794      0.60333019      0.30704341   9.2959706e-05     0.022642225       3.0069866      0.97725567     0.042264634       1.0016861      -24.280118       -24.280118       2458.3191                                                 2458.3191
              4       1205.3691      0.62155433      0.30718467   9.3031215e-05     0.022669694       3.0086132      0.97777648     0.042797332       1.0019599      -24.280118       -24.280118       2459.2984                                                 2459.2984
              3       1205.7339      0.64842544      0.30755651   9.3207985e-05     0.022697636       3.0134501      0.97810413     0.045285073       1.0019611      -24.280118       -24.280118        2460.028                                                  2460.028
              6       1205.8978      0.63559479      0.30654023   9.2898659e-05     0.022692131       3.0201552      0.97835801     0.048467969       1.0019632      -24.280118       -24.280118       2460.3558                                                 2460.3558
              5       1206.1388      0.63645285      0.30660923   9.2904609e-05     0.022686903        3.019402      0.97820896     0.047610551       1.0023931      -24.280118       -24.280118       2460.8378                                                 2460.8378
              1       1205.1156      0.50441112       0.3041047   9.1898266e-05     0.022587896       3.0164353      0.97772522       0.0469719       1.0015812      -24.280118       -24.280118       2458.7915                                                 2458.7915
              1       1206.9774       0.5271412      0.30858476   9.2890689e-05     0.022559974       3.0276377      0.97731271     0.050379376       1.0034032      -24.280118       -24.280118        2462.515                                                  2462.515
              2       1207.1479      0.54660857      0.30801871   9.2734438e-05     0.022620906       3.0356387      0.97452414     0.052584649        1.004389      -24.280118       -24.280118       2462.8561                                                 2462.8561
              6       1203.0816       0.5545438       0.3059707   9.2552142e-05     0.022564406       3.0053975      0.97345346     0.040599181       1.0007311      -24.280118       -24.280118       2454.7234                                                 2454.7234
              1       1203.7781      0.60159807      0.30936427   9.3471577e-05     0.022553198       3.0095216      0.97443819      0.04401462      0.99865879      -24.280118       -24.280118       2456.1164                                                 2456.1164
              3        1203.858      0.61186169      0.30970457    9.357358e-05     0.022555583       3.0102049      0.97445865     0.044361441      0.99865271      -24.280118       -24.280118       2456.2762                                                 2456.2762
              1       1204.3007       0.6810146      0.31200838   9.4390618e-05     0.022556906       3.0161479      0.97545049     0.046473082       1.0000924      -24.280118       -24.280118       2457.1616                                                 2457.1616
             14       1204.2991      0.69052323      0.31209615   9.4465155e-05     0.022553511       3.0150163       0.9754742     0.046359499      0.99977896      -24.280118       -24.280118       2457.1585                                                 2457.1585
              3       1204.3396      0.69121229      0.31222979   9.4493849e-05     0.022551678       3.0156181      0.97546662     0.046594304      0.99981839      -24.280118       -24.280118       2457.2395                                                 2457.2395
              9       1203.7186      0.65137887      0.31135031   9.4161321e-05     0.022532492       3.0149746      0.97502508     0.046374109      0.99967675      -24.280118       -24.280118       2455.9974                                                 2455.9974
             12       1203.8908      0.63719519      0.31128525   9.4177043e-05     0.022452455        3.016777      0.97373574        0.048126      0.99888003      -24.280118       -24.280118       2456.3418                                                 2456.3418
              6       1204.1947      0.50947357      0.30916089   9.3278198e-05     0.022349319       3.0103441      0.97510623     0.043219398       1.0005282      -24.280118       -24.280118       2456.9497                                                 2456.9497
              1       1203.9693      0.49925732      0.30982936   9.3327281e-05     0.022343083       2.9894755      0.97451011     0.033643502      0.99980755      -24.280118       -24.280118       2456.4989                                                 2456.4989
             14       1202.6009      0.50660773      0.31007697   9.3294019e-05     0.022411393       2.9943499      0.97266716     0.035532026       1.0000582      -24.280118       -24.280118       2453.7621                                                 2453.7621
              7       1202.4351      0.50195903      0.30965126    9.321151e-05      0.02241023       2.9959413      0.97270659     0.036682711      0.99982776      -24.280118       -24.280118       2453.4304                                                 2453.4304
              9       1202.0178      0.47689552      0.30856619   9.2817453e-05      0.02244892       2.9967682      0.97254134     0.037515413      0.99926115      -24.280118       -24.280118       2452.5958                                                 2452.5958
              4       1202.1833      0.41756237      0.30811525   9.2471027e-05     0.022428572       3.0001478      0.97216041     0.037999527       1.0002048      -24.280118       -24.280118       2452.9268                                                 2452.9268
              6       1202.4248      0.41984461      0.30732638   9.2268087e-05     0.022456744       3.0029432      0.97317506     0.039564782       1.0003321      -24.280118       -24.280118       2453.4099                                                 2453.4099
              6       1202.4438      0.42277114      0.30809822   9.2428073e-05     0.022459543       3.0012837      0.97292086     0.038986225       1.0000073      -24.280118       -24.280118       2453.4478                                                 2453.4478
              1       1201.9217      0.40648214      0.30653949   9.2008922e-05     0.022540649       3.0095731      0.97090693     0.043302526      0.99971007      -24.280118       -24.280118       2452.4036                                                 2452.4036
              1       1201.9995      0.40321143      0.30645552   9.1966191e-05     0.022545634       3.0092372      0.97085012     0.043010888      0.99985539      -24.280118       -24.280118       2452.5593                                                 2452.5593
              2       1202.4035      0.37100285      0.30799493   9.2208633e-05     0.022475763       2.9979182      0.96790442     0.037287487      0.99944476      -24.280118       -24.280118       2453.3672                                                 2453.3672
              4       1202.3892      0.36091141      0.30741556   9.2018257e-05     0.022499951       2.9943302      0.96802141     0.035821319      0.99897648      -24.280118       -24.280118       2453.3387                                                 2453.3387
              2       1202.7476      0.30145068      0.30532139   9.1375168e-05     0.022464597       3.0065164      0.96627758     0.040937658      0.99933007      -24.280118       -24.280118       2454.0555                                                 2454.0555
              1       1203.8505      0.44688695      0.30961721   9.3084583e-05     0.022339864       2.9984762      0.96568023     0.037685883      0.99911414      -24.280118       -24.280118       2456.2612                                                 2456.2612
              4       1206.5129      0.31140912      0.29987633   9.0697704e-05      0.02236754       2.9844696      0.96941864     0.030291089       1.0001194      -24.280118       -24.280118        2461.586                                                  2461.586
              1       1206.4286      0.33519363      0.29990357   9.0780673e-05     0.022382081       2.9860066      0.97026962     0.031507448      0.99970668      -24.280118       -24.280118       2461.4174                                                 2461.4174
              5       1207.2847      0.23283557      0.30476511   9.1397659e-05     0.022287063       3.0122056      0.96546122     0.044420886      0.99865754      -24.280118       -24.280118       2463.1296                                                 2463.1296
              2       1206.5429      0.20289759      0.30458129   9.1231869e-05     0.022247445       3.0113603      0.96600371     0.043765671      0.99893807      -24.280118       -24.280118       2461.6459                                                 2461.6459
              1       1207.0946      0.23946264       0.3054508   9.1644048e-05     0.022225843       3.0110917       0.9669734     0.043950162      0.99944317      -24.280118       -24.280118       2462.7494                                                 2462.7494
              3       1206.6617      0.19562962      0.30101007   9.0511207e-05     0.022270271       3.0173304      0.96800179     0.047060077      0.99920724      -24.280118       -24.280118       2461.8836                                                 2461.8836
              2       1206.6183       0.1226711      0.29827284   8.9668826e-05      0.02227345       2.9987462      0.96674634     0.038836648      0.99799787      -24.280118       -24.280118       2461.7969                                                 2461.7969
              4         1204.94       0.1398415      0.29845159   8.9676311e-05     0.022308414       2.9965446      0.96792121     0.038538232      0.99744576      -24.280118       -24.280118       2458.4402                                                 2458.4402
              6       1204.5938      0.20442385      0.30068192   9.0362841e-05     0.022328893       3.0039525      0.96778959     0.038701422       1.0016648      -24.280118       -24.280118       2457.7478                                                 2457.7478
              5       1204.2911      0.21585444      0.30072752   9.0385763e-05     0.022361436        3.005453      0.96821848     0.039184045       1.0018269      -24.280118       -24.280118       2457.1424                                                 2457.1424
              1       1204.7661      0.15318014      0.30031342   9.0036495e-05      0.02235746       2.9966631      0.96637523     0.036303715       1.0002587      -24.280118       -24.280118       2458.0925                                                 2458.0925
              2       1204.3923      0.13965549      0.29959678   8.9849144e-05     0.022331288       2.9881291      0.96813885      0.03314377      0.99923621      -24.280118       -24.280118       2457.3448                                                 2457.3448
              2       1204.1307      0.13271239      0.29957267   8.9794288e-05     0.022353352       2.9907473      0.96850163     0.034523678      0.99899751      -24.280118       -24.280118       2456.8217                                                 2456.8217
              1       1204.9614     0.069687923      0.29965624   8.9424279e-05     0.022409663       3.0074023      0.96698467     0.042489866      0.99826882      -24.280118       -24.280118       2458.4831                                                 2458.4831
              3       1205.1644       0.1912505      0.30630146   9.1167506e-05     0.022331032       3.0094169      0.96912261     0.042931356      0.99826235      -24.280118       -24.280118        2458.889                                                  2458.889
              3        1204.293      0.23419621      0.30595912   9.1220534e-05      0.02239568       3.0128991      0.97013448     0.044492515      0.99856321      -24.280118       -24.280118       2457.1462                                                 2457.1462
              7       1203.3202      0.27321756      0.30660148   9.1509794e-05     0.022402993       2.9994532      0.97056764     0.038933839      0.99788898      -24.280118       -24.280118       2455.2006                                                 2455.2006
              2         1204.11      0.58948341      0.31547799   9.4730743e-05     0.022431043       3.0085816      0.97387429     0.041764467       1.0003609      -24.280118       -24.280118       2456.7802                                                 2456.7802
              1       1204.2219      0.60816932      0.31671738   9.5017163e-05     0.022430319       3.0056317      0.97231689     0.041966536      0.99811944      -24.280118       -24.280118        2457.004                                                  2457.004
              3       1204.7175       0.5914446      0.31784581   9.5220728e-05     0.022428768       2.9937389      0.97048513     0.038207813      0.99683361      -24.280118       -24.280118       2457.9953                                                 2457.9953
              1       1204.4252       0.6833652      0.31551679   9.5088463e-05     0.022563714       2.9997128      0.97290317     0.042664374      0.99638675      -24.280118       -24.280118       2457.4106                                                 2457.4106
              1       1204.5035      0.69039781      0.31577824   9.5178255e-05      0.02255894       3.0006865      0.97297783     0.043200235      0.99638361      -24.280118       -24.280118       2457.5672                                                 2457.5672
              8       1205.6303      0.69443458      0.31676083   9.5366669e-05     0.022599948       3.0026676       0.9740577     0.044613023      0.99568726      -24.280118       -24.280118       2459.8209                                                 2459.8209
              1       1205.9768      0.53335118      0.31103666   9.3629123e-05     0.022561636       2.9963728      0.97219463     0.041921726      0.99455812      -24.280118       -24.280118       2460.5138                                                 2460.5138
              1        1206.101      0.72723146      0.31502655   9.5244434e-05      0.02251785       2.9987573      0.97528037      0.04408491      0.99465452      -24.280118       -24.280118       2460.7622                                                 2460.7622
              1       1206.4009      0.56279771      0.30832668   9.3264291e-05     0.022459169       3.0122298      0.97665207     0.051929532      0.99512858      -24.280118       -24.280118        2461.362                                                  2461.362
              1       1207.5256      0.56956205      0.31087065    9.389032e-05     0.022379267       3.0091328      0.97379825     0.051367646      0.99404385      -24.280118       -24.280118       2463.6114                                                 2463.6114
              4        1207.876      0.57183682       0.3112639   9.3971354e-05     0.022380999       3.0077809        0.974065     0.050934326      0.99382038      -24.280118       -24.280118       2464.3121                                                 2464.3121
              2       1207.2642      0.40371361      0.30974935   9.2933974e-05     0.022238648       2.9853395      0.97189444     0.036866679       0.9955636      -24.280118       -24.280118       2463.0886                                                 2463.0886
              1       1205.9994        0.372629      0.30569037   9.1945596e-05     0.022291189        2.988482      0.97273672     0.038493125      0.99560047      -24.280118       -24.280118       2460.5591                                                 2460.5591
              1       1206.4565       0.3911087      0.30643828    9.205758e-05     0.022320879       2.9880418      0.97361522     0.035197673       0.9986657      -24.280118       -24.280118       2461.4732                                                 2461.4732
              9       1204.8143      0.44374957       0.3075342   9.2428169e-05     0.022420126       2.9937268      0.97452715      0.03765671      0.99897825      -24.280118       -24.280118       2458.1888                                                 2458.1888
              1       1205.3865      0.42608591      0.30554564   9.1988162e-05     0.022463285       3.0021211      0.97467969     0.043867864      0.99776773      -24.280118       -24.280118       2459.3332                                                 2459.3332
              1       1207.1581      0.61097814      0.31612846   9.4730662e-05     0.022543758       3.0099513      0.97112105     0.046698963      0.99776721      -24.280118       -24.280118       2462.8764                                                 2462.8764
              2       1208.6605       0.4139857      0.31384584   9.3577198e-05     0.022417644       3.0128615      0.96535592     0.044973079       1.0000746      -24.280118       -24.280118       2465.8813                                                 2465.8813
              3       1208.4721      0.63415189      0.32027318   9.5727635e-05     0.022554964        3.029631      0.96860636     0.051504384        1.001226      -24.280118       -24.280118       2465.5044                                                 2465.5044
              2       1208.8725      0.70941257      0.32401616   9.7076408e-05     0.022411501       3.0074383       0.9650295     0.039516247       1.0018538      -24.280118       -24.280118       2466.3052                                                 2466.3052
              6       1204.7127       0.6642251      0.31634043   9.5402865e-05     0.022437406       2.9970291      0.96973963     0.036827217      0.99995433      -24.280118       -24.280118       2457.9857                                                 2457.9857
              2       1204.3556      0.59673857      0.31549707   9.4899144e-05     0.022406748       2.9844223      0.96910381     0.032556672      0.99821733      -24.280118       -24.280118       2457.2714                                                 2457.2714
              2       1204.3667      0.59884863      0.31553716   9.4917621e-05     0.022405731       2.9846243      0.96904426     0.032689248        0.998194      -24.280118       -24.280118       2457.2935                                                 2457.2935
              5       1203.1456      0.64844092      0.31123291   9.3972803e-05     0.022613427       3.0049882      0.97332012      0.04338152      0.99831406      -24.280118       -24.280118       2454.8515                                                 2454.8515
              4       1203.1005       0.5315939      0.30560132   9.2313099e-05     0.022624719       2.9951019      0.97437915      0.03831232      0.99863646      -24.280118       -24.280118       2454.7613                                                 2454.7613
              2       1202.8893      0.54510763      0.30687128   9.2626002e-05     0.022616111       2.9959029      0.97418684     0.038678802       0.9985177      -24.280118       -24.280118       2454.3389                                                 2454.3389
              3       1203.2489      0.59427687      0.30812909   9.3167641e-05     0.022569571       2.9969633      0.97493858     0.037782497       1.0000773      -24.280118       -24.280118       2455.0581                                                 2455.0581
              1        1203.617      0.31330529      0.30456743   9.1510148e-05     0.022326463          2.9752      0.96935126     0.026621756      0.99932006      -24.280118       -24.280118       2455.7942                                                 2455.7942
              2       1203.9522       0.3522348      0.30574632    9.192453e-05     0.022322769       2.9753141      0.96787461     0.026842752      0.99932726      -24.280118       -24.280118       2456.4647                                                 2456.4647
              1       1203.5278      0.46338706       0.3074648   9.2838082e-05     0.022309188       3.0009691      0.97031813     0.039277812       1.0002321      -24.280118       -24.280118       2455.6158                                                 2455.6158
              1       1203.6777      0.50737724      0.30889689   9.3320052e-05     0.022315299       2.9968863      0.97247085      0.03928342       0.9984388      -24.280118       -24.280118       2455.9156                                                 2455.9156
              1       1203.1355      0.54540822      0.31007024   9.3577264e-05     0.022399746       2.9979617      0.97392376     0.037803736      0.99998439      -24.280118       -24.280118       2454.8312                                                 2454.8312
              4       1203.6688      0.48781655      0.30882553   9.3136373e-05     0.022404347        2.998136      0.97397143     0.037668802       1.0002252      -24.280118       -24.280118       2455.8977                                                 2455.8977
              2       1204.2637      0.43294587      0.30730019   9.2616824e-05     0.022376607       2.9957984      0.97338201     0.036489813      0.99952331      -24.280118       -24.280118       2457.0876                                                 2457.0876
              5       1204.0428       0.4496354      0.30812827   9.2846972e-05     0.022373259       2.9969143      0.97352309     0.036698533       1.0000074      -24.280118       -24.280118       2456.6458                                                 2456.6458
              1       1203.0642      0.43249342      0.30725594   9.2425996e-05     0.022493866       2.9878401      0.97174328     0.031916062      0.99991546      -24.280118       -24.280118       2454.6887                                                 2454.6887
              5       1202.8013      0.43134134      0.30774651   9.2252125e-05     0.022552616        3.002172      0.97221728     0.039165254      0.99876368      -24.280118       -24.280118       2454.1629                                                 2454.1629
              1       1202.7281      0.43345527       0.3077965    9.226962e-05     0.022560983       3.0014197      0.97172603     0.038682196      0.99880069      -24.280118       -24.280118       2454.0164                                                 2454.0164
              2       1203.0605      0.31685196       0.3059476   9.1597662e-05      0.02241832       3.0125883      0.96920594     0.043369492      0.99954218      -24.280118       -24.280118       2454.6812                                                 2454.6812
              1       1204.1714      0.13764944      0.29953566    8.956511e-05     0.022409387       2.9976494      0.96802851     0.038818981      0.99739289      -24.280118       -24.280118       2456.9029                                                 2456.9029
              2       1203.5815      0.19614702      0.30344261   9.0687955e-05     0.022367086       3.0030572      0.97037867     0.041324553      0.99766136      -24.280118       -24.280118       2455.7232                                                 2455.7232
              2       1203.1071      0.25544406      0.30452968    9.116282e-05     0.022380948        3.002957      0.97119374     0.039803979      0.99975336      -24.280118       -24.280118       2454.7744                                                 2454.7744
              2        1202.866      0.31470582      0.30576775    9.156721e-05       0.0224395       3.0059044       0.9723556     0.041999131      0.99921107      -24.280118       -24.280118       2454.2921                                                 2454.2921
              9       1202.7734      0.32262132      0.30615188   9.1638882e-05     0.022445125       3.0061761      0.97240354     0.041236089      0.99971173      -24.280118       -24.280118       2454.1071                                                 2454.1071
              1       1203.7592      0.34478989      0.30559758    9.163522e-05     0.022454608       3.0191908      0.97426235     0.048127581       1.0000011      -24.280118       -24.280118       2456.0786                                                 2456.0786
              3       1203.4599      0.49274523      0.31047683   9.3355591e-05     0.022434527       3.0078293      0.97367685     0.046275789      0.99631896      -24.280118       -24.280118       2455.4801                                                 2455.4801
              1       1204.5278      0.44158576      0.31137055   9.3367297e-05     0.022388091       3.0148619      0.97042039     0.048625264      0.99638673      -24.280118       -24.280118       2457.6159                                                 2457.6159
              7       1204.2973      0.57745758      0.31588131   9.4858021e-05     0.022342692       3.0140444      0.97004738     0.045789079      0.99871516      -24.280118       -24.280118       2457.1549                                                 2457.1549
              1       1205.3405      0.44934078      0.31448644   9.4136991e-05     0.022195124       2.9951367      0.96892398     0.035171226       1.0000127      -24.280118       -24.280118       2459.2412                                                 2459.2412
              3       1205.2722      0.44832745      0.31430728   9.4103893e-05     0.022195311        2.994978      0.96888926     0.035152198      0.99999908      -24.280118       -24.280118       2459.1045                                                 2459.1045
              1       1205.2428      0.44528749      0.31419408   9.4062765e-05     0.022196703       2.9953543      0.96879268     0.035374995      0.99997047      -24.280118       -24.280118       2459.0459                                                 2459.0459
              2       1203.7006      0.50413624      0.31189741   9.3826916e-05     0.022318198       2.9931466      0.96964476      0.03377739       1.0009212      -24.280118       -24.280118       2455.9615                                                 2455.9615
              2       1205.5475      0.33631775      0.30334128   9.1420495e-05     0.022251409       2.9738086      0.96986985     0.026577262      0.99863175      -24.280118       -24.280118       2459.6551                                                 2459.6551
              2        1206.091      0.46095564      0.30470521   9.2144252e-05     0.022333398        2.976052      0.97421182     0.031003361      0.99706095      -24.280118       -24.280118       2460.7423                                                 2460.7423
              2       1205.7535       0.4738186      0.30494383   9.2188265e-05     0.022365121       2.9783116      0.97438212     0.032250147      0.99659722      -24.280118       -24.280118       2460.0673                                                 2460.0673
              1       1204.8848      0.36717181      0.30193504   9.1115355e-05     0.022396148       2.9795862      0.97458997      0.03276326      0.99647152      -24.280118       -24.280118       2458.3298                                                 2458.3298
              1       1205.5827      0.50209601      0.30918305   9.3293766e-05     0.022324852        2.989887      0.97708052     0.037083624      0.99763905      -24.280118       -24.280118       2459.7255                                                 2459.7255
              1       1206.3052      0.48558069       0.3168023   9.4620081e-05     0.022368922       2.9702905      0.96687452     0.021910526       1.0005761      -24.280118       -24.280118       2461.1707                                                 2461.1707
              2       1208.8786      0.51805207      0.31126302   9.3785368e-05     0.022455897       3.0043632      0.96523528     0.036325034        1.004314      -24.280118       -24.280118       2466.3174                                                 2466.3174
              1       1208.8472       0.5310227      0.31148483   9.3870418e-05     0.022473865       3.0046336      0.96537733     0.036768903       1.0041674      -24.280118       -24.280118       2466.2547                                                 2466.2547
              2       1208.3342      0.56238366       0.3120547    9.396869e-05     0.022549008       3.0123849      0.96622173       0.0390761       1.0053721      -24.280118       -24.280118       2465.2287                                                 2465.2287
              2       1211.4807      0.51305631      0.31154685   9.3788792e-05     0.022429849       3.0253561      0.96570687     0.043056013       1.0068759      -24.280118       -24.280118       2471.5216                                                 2471.5216
              2        1212.167      0.64534976      0.31403679   9.4822867e-05     0.022502543       3.0271325      0.96714568     0.044001563       1.0068613      -24.280118       -24.280118       2472.8942                                                 2472.8942
              3       1209.0659      0.60407975      0.31130378   9.4080266e-05      0.02247572        3.016024      0.96775674     0.040750992       1.0042812      -24.280118       -24.280118       2466.6919                                                 2466.6919
              2       1208.8706      0.57641453       0.3148252   9.4507379e-05      0.02250852       3.0120244      0.96863945     0.037986566       1.0037088      -24.280118       -24.280118       2466.3015                                                 2466.3015
              1        1208.379      0.50990679      0.30913766   9.2977094e-05     0.022600769       3.0285853      0.96949756     0.046465732       1.0038433      -24.280118       -24.280118       2465.3182                                                 2465.3182
              3       1208.9795      0.55893517       0.3093706   9.3187002e-05     0.022673034       3.0267687      0.96910371     0.045118935       1.0045648      -24.280118       -24.280118       2466.5193                                                 2466.5193
              1       1208.2062      0.39289339       0.3028626   9.1251883e-05     0.022660508        3.008569      0.96882649     0.037548386       1.0031729      -24.280118       -24.280118       2464.9726                                                 2464.9726
              2       1208.3798      0.46543433      0.30682375   9.2694821e-05     0.022507852        3.015467      0.96782538     0.050129097      0.99732998      -24.280118       -24.280118       2465.3199                                                 2465.3199
              3       1207.3296      0.44602123      0.30626855   9.2506239e-05     0.022471828       3.0046923      0.96710925     0.045073406      0.99702999      -24.280118       -24.280118       2463.2194                                                 2463.2194
              3       1207.4736      0.39289174      0.30278854    9.151306e-05     0.022547972       2.9988501      0.96715652     0.041586893      0.99668109      -24.280118       -24.280118       2463.5075                                                 2463.5075
              3       1205.0299      0.33651809      0.30608062   9.1843336e-05     0.022469327       3.0020648      0.96483325     0.040956295      0.99719629      -24.280118       -24.280118       2458.6201                                                 2458.6201
              2       1204.4709      0.36809361        0.306711   9.2130692e-05     0.022460584       3.0042555      0.96593782     0.042151864      0.99764649      -24.280118       -24.280118       2457.5021                                                 2457.5021
              1       1204.8773      0.37065073      0.30661204   9.2161022e-05     0.022445402       3.0048853      0.96585884     0.042555542       0.9976202      -24.280118       -24.280118       2458.3148                                                 2458.3148
              2       1204.6794       0.3521869      0.30534111   9.1825087e-05     0.022457828       3.0036192      0.96608646     0.041317793      0.99829414      -24.280118       -24.280118        2457.919                                                  2457.919
              7       1204.4808      0.43845548      0.30738289   9.2557181e-05     0.022432076        3.004295      0.96460616     0.040329885      0.99952486      -24.280118       -24.280118       2457.5219                                                 2457.5219
              1       1204.0563      0.44213292      0.30750885   9.2573049e-05     0.022446427       3.0028373      0.96504462      0.03945723      0.99964937      -24.280118       -24.280118       2456.6728                                                 2456.6728
              7       1204.9542      0.41368827      0.30726731   9.2453262e-05     0.022422581       2.9954804      0.96457196     0.036178283       0.9987842      -24.280118       -24.280118       2458.4687                                                 2458.4687
              3       1204.8727      0.42312356      0.30749211   9.2521177e-05     0.022439129       2.9951488      0.96469764     0.036116716      0.99869837      -24.280118       -24.280118       2458.3057                                                 2458.3057
              1       1205.2133      0.45858719      0.30847835   9.2877183e-05     0.022453845        2.994628      0.96465243     0.035958416      0.99879383      -24.280118       -24.280118       2458.9868                                                 2458.9868
              2       1205.1973      0.45580737      0.30843906   9.2848659e-05     0.022454374       2.9938766      0.96442923     0.035627948      0.99873256      -24.280118       -24.280118       2458.9548                                                 2458.9548
              1       1205.9684      0.44994202      0.30706293   9.2529696e-05     0.022490402       2.9948013      0.96421521     0.036502752      0.99825854      -24.280118       -24.280118       2460.4971                                                 2460.4971
              1       1205.7622      0.49454599      0.30482834    9.206364e-05     0.022636449       3.0075232      0.96643373     0.039136292       1.0023407      -24.280118       -24.280118       2460.0847                                                 2460.0847
              2        1204.691      0.50153321      0.30363667   9.1848462e-05     0.022652902       3.0002987      0.96884609      0.03688726        1.001579      -24.280118       -24.280118       2457.9423                                                 2457.9423
              1       1204.4812      0.55941402       0.3047638   9.2333019e-05     0.022637521       3.0059492       0.9695126      0.04036011       1.0012053      -24.280118       -24.280118       2457.5227                                                 2457.5227
              1       1204.6804      0.56538896      0.30459101    9.232909e-05     0.022646045       3.0063709      0.96972509     0.040666669       1.0012338      -24.280118       -24.280118        2457.921                                                  2457.921
              6       1204.7036        0.558142      0.30438067    9.226558e-05     0.022640544       3.0066327      0.96961587     0.040667468       1.0013635      -24.280118       -24.280118       2457.9674                                                 2457.9674
              2       1204.6175      0.60594305      0.30597838   9.2878951e-05     0.022570051       3.0050406         0.97375     0.039209411       1.0026447      -24.280118       -24.280118       2457.7953                                                 2457.7953
              1       1206.3613      0.57881307      0.30306948   9.2328034e-05     0.022525217       3.0045994      0.97311876     0.039985345       1.0019616      -24.280118       -24.280118       2461.2829                                                 2461.2829
              4       1208.4436      0.61550111       0.3014471   9.2055149e-05     0.022657261       3.0000377      0.97466658     0.038462422       1.0012956      -24.280118       -24.280118       2465.4474                                                 2465.4474
              2       1208.9028      0.71259264      0.30466609   9.3215687e-05     0.022619597       2.9970015      0.97660173     0.038920134       1.0002325      -24.280118       -24.280118       2466.3658                                                 2466.3658
              1        1204.887       0.6300664      0.30807084   9.3624926e-05     0.022487717       3.0001875      0.97255261     0.039822574      0.99992944      -24.280118       -24.280118       2458.3341                                                 2458.3341
              1       1204.2409      0.57841478       0.3070654   9.3079315e-05      0.02252043       2.9923424      0.97084876      0.03479624       1.0004216      -24.280118       -24.280118       2457.0421                                                 2457.0421
              2       1203.7855       0.5364648      0.30485448   9.2433018e-05     0.022498321       3.0037431      0.97176902     0.039404757        1.001528      -24.280118       -24.280118       2456.1312                                                 2456.1312
              1       1204.0573      0.62093866      0.30842052    9.336531e-05     0.022574878        3.011188      0.97215899     0.042676477       1.0010822      -24.280118       -24.280118       2456.6749                                                 2456.6749
              2       1204.3411      0.63488509      0.30875627   9.3489384e-05     0.022584075       3.0128451      0.97198783     0.043060978       1.0015676      -24.280118       -24.280118       2457.2424                                                 2457.2424
              4       1203.7859      0.54484096      0.30517927   9.2289978e-05     0.022689268       3.0204316      0.97202328     0.047455131       1.0010803      -24.280118       -24.280118        2456.132                                                  2456.132
              3       1205.2025      0.55558963       0.3066201   9.2476721e-05     0.022803738       3.0244099      0.97292193     0.049597121       1.0005855      -24.280118       -24.280118       2458.9653                                                 2458.9653
             11       1204.7976      0.54529472       0.3068614   9.2435605e-05     0.022794467       3.0191483      0.97353755     0.046485883         1.00073      -24.280118       -24.280118       2458.1555                                                 2458.1555
              4       1207.0925      0.41744799      0.30015636   9.1129461e-05     0.022448937       2.9906753      0.97673502     0.041187849      0.99476956      -24.280118       -24.280118       2462.7452                                                 2462.7452
              2       1208.2379      0.47242757       0.3011213   9.1744949e-05     0.022369488       3.0048892      0.97163203     0.047131916      0.99591571      -24.280118       -24.280118        2465.036                                                  2465.036
              1       1208.4711      0.48454578      0.30117013   9.1812941e-05     0.022377068        3.006397      0.97204003     0.047925249      0.99602444      -24.280118       -24.280118       2465.5024                                                 2465.5024
              3       1207.9626        0.354382      0.30172795   9.1280155e-05     0.022265265        2.994981      0.97089986     0.043939267       0.9928706      -24.280118       -24.280118       2464.4854                                                 2464.4854
              1       1208.3358      0.24815416      0.29999258   9.0554204e-05     0.022242144       2.9964371      0.97104363     0.044222155      0.99302142      -24.280118       -24.280118       2465.2319                                                 2465.2319
              1       1207.4064      0.29215864      0.30242447   9.1175763e-05     0.022271869       2.9960116      0.97206071     0.044369513      0.99303825      -24.280118       -24.280118       2463.3731                                                 2463.3731
              1       1206.1116      0.16708143      0.30037768   9.0116519e-05     0.022293704       2.9955263      0.96741924     0.041638332      0.99483637      -24.280118       -24.280118       2460.7834                                                 2460.7834
              1       1206.3423      0.16382171      0.29999233   9.0007645e-05     0.022313186        2.996796      0.96724959     0.042672079      0.99441248      -24.280118       -24.280118       2461.2449                                                 2461.2449
              1       1206.3033      0.16395361      0.29997816   9.0002312e-05     0.022315316       2.9967024      0.96726856     0.042597637      0.99442772      -24.280118       -24.280118       2461.1667                                                 2461.1667
              2       1207.2568     0.067990207      0.29487813   8.8502764e-05     0.022335329       2.9989495       0.9670541     0.040362338      0.99771082      -24.280118       -24.280118       2463.0738                                                 2463.0738
              6       1206.3779       0.1100304      0.29540569   8.8666459e-05     0.022407849       2.9994767      0.96797116     0.040741826      0.99761126      -24.280118       -24.280118        2461.316                                                  2461.316
              5       1204.9283      0.10382685      0.29762313   8.9054571e-05     0.022427975       3.0054099      0.96628662     0.040804512      0.99919727      -24.280118       -24.280118       2458.4169                                                 2458.4169
              1       1206.2569      0.06480138      0.29727576    8.879574e-05     0.022484191       2.9970689      0.96458588     0.039444948      0.99587048      -24.280118       -24.280118       2461.0741                                                 2461.0741
              2       1204.8933      0.17031246       0.3033292   9.0614849e-05     0.022395791       2.9857362        0.967144     0.034444816      0.99582291      -24.280118       -24.280118       2458.3469                                                 2458.3469
              4       1204.5698       0.1351303      0.29992622   8.9856017e-05     0.022384574       2.9994683      0.96949702     0.039045823       0.9977838      -24.280118       -24.280118       2457.6999                                                 2457.6999
              1        1205.546      0.15472658      0.30261755   9.0606882e-05     0.022258755       2.9931631      0.96823988     0.035124441      0.99839203      -24.280118       -24.280118       2459.6522                                                 2459.6522
              9       1206.3397     0.094562705      0.30119066   9.0058093e-05     0.022186457       3.0004945      0.96940972     0.039633426      0.99785488      -24.280118       -24.280118       2461.2396                                                 2461.2396
              3        1204.511      0.22777344      0.30300496   9.0894696e-05     0.022326139       2.9939243      0.97212871     0.034574409       1.0010193      -24.280118       -24.280118       2457.5823                                                 2457.5823
              6       1204.9777      0.22179119      0.30283605   9.0811383e-05     0.022323278       2.9899829      0.97277483     0.032376197       1.0013694      -24.280118       -24.280118       2458.5157                                                 2458.5157
              3        1204.847      0.21604685       0.3023917   9.0685369e-05     0.022335948       2.9894218      0.97274023     0.032027486       1.0013811      -24.280118       -24.280118       2458.2542                                                 2458.2542
              1       1205.1233       0.1214726      0.29923039    8.960349e-05     0.022310594       2.9968776      0.96753789      0.03471688       1.0004774      -24.280118       -24.280118       2458.8068                                                 2458.8068
              2       1205.2407       0.1743569      0.30253771   9.0323493e-05     0.022340896       2.9983596      0.96529917     0.038779228      0.99725862      -24.280118       -24.280118       2459.0416                                                 2459.0416
              1        1203.696      0.31475698       0.3043777    9.129257e-05     0.022382755       2.9924729       0.9659229     0.036106756      0.99746588      -24.280118       -24.280118       2455.9523                                                 2455.9523
              2       1205.1843      0.32968029       0.3062022   9.1901221e-05     0.022292278       2.9959791       0.9635153      0.03780077      0.99794712      -24.280118       -24.280118       2458.9289                                                 2458.9289
              2       1204.9372      0.37320004      0.31070473   9.2981743e-05     0.022248494       2.9931474      0.96440073     0.035286507      0.99884097      -24.280118       -24.280118       2458.4347                                                 2458.4347
              6       1205.5082       0.2002252      0.30443243   9.1023508e-05     0.022214673       3.0024182      0.96824908       0.0411357       0.9982646      -24.280118       -24.280118       2459.5766                                                 2459.5766
              3       1205.7496      0.19167434      0.30392513   9.0911632e-05     0.022200702       3.0003994      0.96868128     0.040406872      0.99813746      -24.280118       -24.280118       2460.0594                                                 2460.0594
              1       1205.4398      0.31624048      0.30213501   9.1060257e-05     0.022260905       2.9948514      0.96884861     0.034373935       1.0012884      -24.280118       -24.280118       2459.4399                                                 2459.4399
              1       1205.5694      0.34298911      0.30218404   9.1244212e-05     0.022252797       3.0011695      0.96922458     0.037655142       1.0015603      -24.280118       -24.280118        2459.699                                                  2459.699
              1         1205.11      0.39570096      0.30378741   9.1787807e-05     0.022260309       3.0006993      0.96989939     0.038186953       1.0007793      -24.280118       -24.280118       2458.7803                                                 2458.7803
              4       1206.0709      0.37592678      0.30477017   9.1977994e-05     0.022207146       2.9965782       0.9682967     0.035951397       1.0005243      -24.280118       -24.280118       2460.7021                                                 2460.7021
              2       1204.0014      0.44863409      0.30601281   9.2359661e-05     0.022329722       3.0039044      0.96936392     0.038704355       1.0017846      -24.280118       -24.280118       2456.5629                                                 2456.5629
              5       1204.4991       0.3382595      0.30631554    9.180074e-05     0.022352008       2.9768739      0.96620477       0.0244822       1.0012011      -24.280118       -24.280118       2457.5585                                                 2457.5585
              3       1204.1221      0.31629718      0.30529985   9.1466661e-05     0.022401521       2.9892988      0.96559139      0.02977682       1.0019174      -24.280118       -24.280118       2456.8045                                                 2456.8045
              9        1207.026      0.23447806      0.30328397   9.0945027e-05     0.022292462       2.9823199      0.96240064     0.026439053       1.0018087      -24.280118       -24.280118       2462.6123                                                 2462.6123
              1       1207.8269      0.33584355      0.30431305   9.1758255e-05     0.022283931       2.9881701      0.96549913     0.029143107       1.0030224      -24.280118       -24.280118       2464.2141                                                 2464.2141
              1       1207.1572      0.34841434      0.30420439   9.1796969e-05     0.022286155       2.9714623      0.96769965     0.022703444        1.001882      -24.280118       -24.280118       2462.8747                                                 2462.8747
              1       1207.0348       0.4197279      0.30870339   9.2978453e-05     0.022257466       2.9695703       0.9679758     0.020594379        1.002627      -24.280118       -24.280118       2462.6298                                                 2462.6298
              2       1207.6303      0.40594418        0.308803   9.2932507e-05     0.022255399       2.9673517      0.96729119     0.018552201       1.0033185      -24.280118       -24.280118       2463.8209                                                 2463.8209
              7       1207.6524      0.40476294      0.31189016   9.3483439e-05     0.022235058       2.9833114      0.96685636     0.025055892       1.0033532      -24.280118       -24.280118        2463.865                                                  2463.865
              1       1206.3731      0.63061699      0.31535823   9.4791102e-05     0.022456351       2.9914385       0.9761174     0.031940654       1.0018584      -24.280118       -24.280118       2461.3065                                                 2461.3065
              1       1208.7264      0.80397181      0.31048055     9.45688e-05     0.022662982       3.0166829      0.97574835     0.046699101       1.0025396      -24.280118       -24.280118       2466.0129                                                 2466.0129
              3        1208.503      0.56006522      0.30496087   9.2666529e-05     0.022493723       3.0070835      0.97619618      0.04866605      0.99743111      -24.280118       -24.280118       2465.5662                                                 2465.5662
              1       1208.1168      0.57942871      0.30732644   9.3165511e-05      0.02250453       3.0107318      0.97446183     0.050676771      0.99678928      -24.280118       -24.280118       2464.7939                                                 2464.7939
              7       1208.2105      0.51935196      0.30334545   9.2018957e-05     0.022560798        2.997793      0.97302298     0.046661237      0.99357209      -24.280118       -24.280118       2464.9812                                                 2464.9812
              1       1207.4907      0.52422728      0.30369413   9.2089423e-05     0.022571902        2.998237      0.97326648     0.046450004      0.99383113      -24.280118       -24.280118       2463.5417                                                 2463.5417
              2       1209.0707      0.35566492      0.29785428   9.0237292e-05     0.022561387       3.0054257      0.97350013     0.051046281      0.99249249      -24.280118       -24.280118       2466.7017                                                 2466.7017
              1       1211.2378      0.38607125      0.30356269   9.1456464e-05     0.022567593       2.9968064      0.96784108      0.04680549      0.98946278      -24.280118       -24.280118       2471.0358                                                 2471.0358
              4       1210.5862      0.40466739      0.30480647   9.1826538e-05     0.022551675       2.9993108      0.96820859     0.047498696       0.9900548      -24.280118       -24.280118       2469.7326                                                 2469.7326
              2       1208.3161      0.40881168      0.30613592   9.2188468e-05     0.022455962       2.9865738      0.96652531     0.039400808      0.99166877      -24.280118       -24.280118       2465.1924                                                 2465.1924
              2       1207.9182      0.37452902      0.31005918   9.2847719e-05     0.022365473       2.9871341      0.96658375     0.038584948      0.99192505      -24.280118       -24.280118       2464.3966                                                 2464.3966
              1       1205.8839      0.58674356      0.31567161   9.4817941e-05     0.022411291       3.0175578      0.96715962     0.050068161      0.99587412      -24.280118       -24.280118        2460.328                                                  2460.328
             13       1206.0705        0.604339       0.3161043    9.498836e-05     0.022398378        3.016392      0.96747082     0.049724163      0.99563765      -24.280118       -24.280118       2460.7012                                                 2460.7012
              2       1205.5157      0.57313053      0.31614946   9.4873595e-05     0.022395541       3.0114507      0.96738733     0.047269431      0.99566416      -24.280118       -24.280118       2459.5917                                                 2459.5917
              7        1202.508      0.53813448      0.31210099   9.3854319e-05     0.022418431       3.0112444      0.97029115     0.045575684      0.99815368      -24.280118       -24.280118       2453.5763                                                 2453.5763
              4       1202.3952      0.52407903      0.31219232   9.3725003e-05     0.022477799       2.9973813      0.97110976      0.03638582       1.0001736      -24.280118       -24.280118       2453.3507                                                 2453.3507
              8       1203.0034       0.5384305      0.31064648     9.35692e-05     0.022493389       2.9902251      0.97265722     0.035223178      0.99894018      -24.280118       -24.280118        2454.567                                                  2454.567
              2       1202.9053      0.51770286      0.30913933   9.3174598e-05     0.022512427       2.9889571      0.97143267     0.034781137      0.99868019      -24.280118       -24.280118       2454.3709                                                 2454.3709
              4       1202.9852      0.52402392      0.30914418   9.3186219e-05      0.02251381       2.9854505      0.97159078     0.032723264      0.99892364      -24.280118       -24.280118       2454.5306                                                 2454.5306
              4       1202.7145      0.49067906       0.3079434   9.2794151e-05     0.022516194       2.9917482      0.97076994     0.035110882      0.99985391      -24.280118       -24.280118       2453.9893                                                 2453.9893
              2       1202.3563       0.3849741      0.30318576   9.1310731e-05     0.022522392       2.9969509      0.97361368     0.037964591      0.99956046      -24.280118       -24.280118       2453.2728                                                 2453.2728
              1       1202.9734      0.39079845      0.30278331   9.1263693e-05     0.022491316       3.0002958      0.97307137     0.037890758       1.0015748      -24.280118       -24.280118       2454.5069                                                 2454.5069
              1       1203.4375      0.48542469       0.3040627   9.2036897e-05     0.022493213       2.9954024       0.9727634      0.03620815       1.0013989      -24.280118       -24.280118       2455.4353                                                 2455.4353
              1       1203.4804       0.4995266      0.30430117   9.2129184e-05     0.022500465       2.9956114      0.97292189     0.036550831       1.0012182      -24.280118       -24.280118        2455.521                                                  2455.521
              2       1204.3115      0.48108504       0.3085997   9.3039634e-05     0.022296197       2.9829396      0.96926043      0.03088933      0.99924667      -24.280118       -24.280118       2457.1833                                                 2457.1833
              7       1203.9161      0.46940336      0.30783103   9.2799177e-05     0.022328336       2.9900975      0.96775985     0.034309784      0.99900969      -24.280118       -24.280118       2456.3924                                                 2456.3924
              1        1202.594      0.37943703      0.30479662   9.1743666e-05     0.022411108       2.9869709       0.9691904     0.032675075      0.99877184      -24.280118       -24.280118       2453.7483                                                 2453.7483
              1       1205.3006      0.31412003      0.30593941   9.1551467e-05     0.022428846       2.9570293      0.96475847     0.014522053       1.0008991      -24.280118       -24.280118       2459.1614                                                 2459.1614
              6       1205.0752      0.35522948      0.30707709   9.1903039e-05     0.022462858       2.9565884      0.96517028     0.014750962       1.0004626      -24.280118       -24.280118       2458.7107                                                 2458.7107
              2       1205.4292      0.36077125      0.30744607   9.2014649e-05     0.022438718        2.948139      0.96562584     0.012329414      0.99887015      -24.280118       -24.280118       2459.4187                                                 2459.4187
              5       1205.1641      0.35674649      0.30768036   9.2008094e-05     0.022440749       2.9499509      0.96669277     0.012949876      0.99905966      -24.280118       -24.280118       2458.8885                                                 2458.8885
              1       1205.0551      0.31845451      0.30591724   9.1494095e-05      0.02245369       2.9498071      0.96685507     0.012333521      0.99961421      -24.280118       -24.280118       2458.6705                                                 2458.6705
              3       1204.7962      0.30930221      0.30615784   9.1616056e-05     0.022362637       2.9554561        0.968323     0.014823249      0.99973016      -24.280118       -24.280118       2458.1526                                                 2458.1526
              1       1204.9029       0.3069164      0.30623728   9.1626295e-05     0.022357551       2.9549817      0.96820407     0.014483749      0.99978077      -24.280118       -24.280118        2458.366                                                  2458.366
              9       1205.1065      0.34368173      0.30538768   9.1676075e-05     0.022348108       2.9631502      0.96815018     0.017798412       1.0008978      -24.280118       -24.280118       2458.7733                                                 2458.7733
              5       1205.2243      0.33465278      0.30341462   9.1279558e-05     0.022349726       2.9635352       0.9696437     0.018659474       1.0008836      -24.280118       -24.280118       2459.0089                                                 2459.0089
              2       1205.3553      0.42140189      0.30494536   9.1720842e-05     0.022473087       2.9716469      0.96855674     0.024623828      0.99962965      -24.280118       -24.280118       2459.2708                                                 2459.2708
              2       1204.9972      0.38229372      0.30379151   9.1271255e-05     0.022517333       2.9741501      0.96786038     0.025769337      0.99945167      -24.280118       -24.280118       2458.5546                                                 2458.5546
              3       1206.0194      0.31035869      0.30127168   9.0609771e-05     0.022444568        2.967559      0.96587526     0.023642435      0.99797223      -24.280118       -24.280118       2460.5991                                                 2460.5991
              1       1205.8445      0.28845066      0.30098083    9.053036e-05     0.022401856       2.9720066      0.96608407      0.02694597      0.99743051      -24.280118       -24.280118       2460.2492                                                 2460.2492
              4       1206.4337      0.33559087      0.30120359   9.0728533e-05     0.022442809       2.9729925      0.96641726     0.028956189      0.99609183      -24.280118       -24.280118       2461.4276                                                 2461.4276
              1       1205.6275      0.37838523      0.30296602   9.1342244e-05     0.022405406       2.9766137      0.96671884     0.030142817      0.99607366      -24.280118       -24.280118       2459.8153                                                 2459.8153
              8       1205.3675      0.30828943      0.29704027   9.0052027e-05     0.022356486       3.0125252      0.97131202     0.047112481      0.99890021      -24.280118       -24.280118       2459.2953                                                 2459.2953
              4       1204.8519      0.24711462      0.29704262   8.9714422e-05     0.022378324       3.0097607      0.97039163     0.046183707      0.99719671      -24.280118       -24.280118       2458.2641                                                 2458.2641
              1       1203.9015      0.23295376      0.29697431   8.9552229e-05     0.022449328       3.0105111      0.97040373     0.046141079       0.9974318      -24.280118       -24.280118       2456.3631                                                 2456.3631
              2       1204.6292      0.16883755      0.29569651   8.9092869e-05     0.022413014       3.0092828      0.96924189     0.043287168      0.99924005      -24.280118       -24.280118       2457.8186                                                 2457.8186
              4       1205.6547      0.13280642      0.29400547   8.8631614e-05     0.022407993       3.0153477      0.96955852     0.046767347      0.99898545      -24.280118       -24.280118       2459.8697                                                 2459.8697
              8       1206.7059      0.25682086      0.30197832   9.1021536e-05       0.0222534       3.0149966      0.97310485     0.046896186        1.000275      -24.280118       -24.280118       2461.9721                                                 2461.9721
              1       1207.3147      0.15701141      0.29700525   8.9531351e-05     0.022281656       3.0124257      0.97468065     0.045923617        1.000524      -24.280118       -24.280118       2463.1896                                                 2463.1896
              7       1206.5883      0.25018992        0.298104    9.004102e-05     0.022406013       3.0265215      0.97426777     0.051142071       1.0020641      -24.280118       -24.280118       2461.7368                                                 2461.7368
              2       1205.0029        0.173725      0.29964163    8.971088e-05     0.022536174       3.0188609      0.96922206     0.050407769      0.99674229      -24.280118       -24.280118        2458.566                                                  2458.566
              2       1203.3317      0.22961126      0.30044884   9.0165934e-05     0.022516484       3.0081071       0.9717642     0.044199862      0.99764761      -24.280118       -24.280118       2455.2237                                                 2455.2237
              1       1204.3217      0.24135252      0.30190736   9.0600277e-05     0.022474173       3.0137286      0.97278693     0.046455121      0.99860541      -24.280118       -24.280118       2457.2036                                                 2457.2036
              5       1205.0655      0.26109993      0.30051112     9.04543e-05     0.022511128       3.0035231      0.97270127     0.042199696      0.99888838      -24.280118       -24.280118       2458.6913                                                 2458.6913
              1       1205.1764      0.26597936      0.30060591   9.0494291e-05     0.022513872       3.0049528      0.97290766     0.042972377      0.99886933      -24.280118       -24.280118        2458.913                                                  2458.913
              7       1205.2071      0.25581228      0.30045234   9.0420946e-05     0.022511695       3.0052372      0.97275571      0.04303193      0.99891797      -24.280118       -24.280118       2458.9744                                                 2458.9744
              1       1205.0011      0.26933438      0.30118969    9.062752e-05     0.022503802       3.0052677      0.97264509      0.04277477      0.99912618      -24.280118       -24.280118       2458.5625                                                 2458.5625
              8       1205.6465       0.1793947      0.30169861   9.0396943e-05     0.022395199       3.0091242      0.97021248     0.045627681      0.99793634      -24.280118       -24.280118       2459.8532                                                 2459.8532
              1       1205.7875      0.18340379       0.3018027   9.0437141e-05     0.022403972       3.0080175      0.97034654     0.045198791      0.99782946      -24.280118       -24.280118       2460.1351                                                 2460.1351
              4         1207.17      0.22047538      0.30394999   9.0860276e-05     0.022484988       3.0093752      0.96955064     0.046499519      0.99723514      -24.280118       -24.280118       2462.9002                                                 2462.9002
              1        1207.868      0.13118732      0.30201959   8.9985623e-05     0.022530977       3.0032987      0.96837667     0.039604403       1.0004282      -24.280118       -24.280118       2464.2963                                                 2464.2963
              2       1207.3971        0.129074        0.301482   8.9903026e-05     0.022512423       3.0037252      0.96927878     0.041067951      0.99940482      -24.280118       -24.280118       2463.3544                                                 2463.3544
             10       1207.5098     0.085277135      0.30117958   8.9694942e-05     0.022448671       3.0037079      0.96827111     0.040659385      0.99951436      -24.280118       -24.280118       2463.5799                                                 2463.5799
              3       1207.4949     0.092940538      0.30100991   8.9676436e-05     0.022467218       3.0070153      0.96945744     0.043098387      0.99881082      -24.280118       -24.280118       2463.5501                                                 2463.5501
             11       1206.8005      0.24359403      0.30336819   9.0858081e-05     0.022445232       3.0181051      0.97034842     0.049908379      0.99871134      -24.280118       -24.280118       2462.1613                                                 2462.1613
              3       1205.7788      0.36641527      0.29769644   9.0387312e-05     0.022520058       2.9942095      0.97345966     0.038764573       0.9983605      -24.280118       -24.280118       2460.1179                                                 2460.1179
              3       1205.8299      0.37115763      0.29777959   9.0423063e-05     0.022524652        2.994591      0.97355143     0.038976935      0.99836605      -24.280118       -24.280118         2460.22                                                   2460.22
              1       1205.6788      0.40612927      0.29830349   9.0681403e-05     0.022518181         2.99723      0.97403289     0.039607486      0.99919159      -24.280118       -24.280118       2459.9179                                                 2459.9179
              1       1205.3437      0.30546174      0.29711125   8.9952676e-05     0.022448644       2.9895837      0.96934801     0.035074269      0.99835342      -24.280118       -24.280118       2459.2476                                                 2459.2476
              7       1204.2897      0.30304369      0.29814762   9.0074721e-05     0.022474767       2.9904792      0.96849653     0.034514307      0.99923483      -24.280118       -24.280118       2457.1397                                                 2457.1397
              4        1204.267      0.32373235      0.29717278    8.996889e-05     0.022486798       3.0011117      0.97007556     0.040292502      0.99912045      -24.280118       -24.280118       2457.0942                                                 2457.0942
              1       1204.1167      0.32686647      0.29744298   9.0039409e-05     0.022485684       3.0016869      0.97000706     0.040587436      0.99909082      -24.280118       -24.280118       2456.7937                                                 2456.7937
              7       1204.1884      0.54805403       0.3040593   9.1970645e-05     0.022684065       2.9978108      0.97270193     0.039659737      0.99780251      -24.280118       -24.280118       2456.9371                                                 2456.9371
              4       1204.1824      0.59986813      0.30793679   9.2973186e-05     0.022626492        3.003223      0.97232781     0.041820114      0.99785889      -24.280118       -24.280118       2456.9249                                                 2456.9249
              8        1204.794      0.60307882      0.30693017   9.2733743e-05     0.022675369       3.0053731      0.97258384     0.042449098      0.99823068      -24.280118       -24.280118       2458.1482                                                 2458.1482
              2       1204.6884      0.64306476      0.30893617   9.3370322e-05     0.022633439       3.0119995      0.97328161      0.04632074      0.99800222      -24.280118       -24.280118        2457.937                                                  2457.937
              3       1204.8082      0.63786772      0.30891127   9.3326028e-05     0.022632995       3.0113152       0.9731068     0.046317792      0.99767304      -24.280118       -24.280118       2458.1766                                                 2458.1766
              1       1205.0127      0.63999673      0.30871925   9.3308319e-05     0.022624114       3.0115846      0.97303077     0.046449394      0.99772112      -24.280118       -24.280118       2458.5856                                                 2458.5856
              4       1204.6613      0.66414127      0.30879981   9.3504573e-05     0.022633513       3.0062314      0.97209229     0.044324505      0.99810681      -24.280118       -24.280118       2457.8829                                                 2457.8829
              1       1203.0495      0.51277749      0.30727956   9.2774711e-05     0.022441384       2.9997431      0.97130446     0.042224274      0.99734509      -24.280118       -24.280118       2454.6593                                                 2454.6593
              2       1202.8406       0.4808098      0.31177237   9.3482897e-05     0.022460974       2.9897788      0.97106566     0.035255938      0.99755244      -24.280118       -24.280118       2454.2413                                                 2454.2413
              4       1205.0931      0.46392505      0.31365106   9.3788373e-05     0.022359843       2.9756488      0.96723858     0.028619822      0.99570593      -24.280118       -24.280118       2458.7463                                                 2458.7463
              4       1206.0316      0.56438923      0.31278274   9.3996565e-05     0.022491119       2.9785375      0.96791871     0.031351065      0.99463827      -24.280118       -24.280118       2460.6235                                                 2460.6235
              9       1206.0795      0.56460377      0.31284883   9.4134427e-05     0.022436355       2.9847377       0.9682096     0.034902671       0.9944455      -24.280118       -24.280118       2460.7192                                                 2460.7192
              4        1205.515      0.60906471      0.31308763   9.4390018e-05     0.022436764       2.9821543      0.97002321     0.034463318      0.99456256      -24.280118       -24.280118       2459.5902                                                 2459.5902
              1       1205.1476      0.61333066      0.31395289   9.4547824e-05      0.02245249       2.9813082      0.96936819     0.033443761      0.99506509      -24.280118       -24.280118       2458.8554                                                 2458.8554
              5       1206.3049      0.64414486      0.31530516   9.4836642e-05     0.022440744       2.9864936      0.96889432     0.036074908      0.99481055      -24.280118       -24.280118         2461.17                                                   2461.17
              3       1204.1807      0.58624982       0.3134432   9.4358728e-05     0.022418404       2.9952252      0.96876123     0.038597754      0.99640591      -24.280118       -24.280118       2456.9216                                                 2456.9216
              8       1205.0478       0.6478179      0.31503281   9.4968712e-05     0.022418486       3.0021537      0.96866034     0.042646558      0.99607374      -24.280118       -24.280118       2458.6558                                                 2458.6558
              3       1204.7776      0.60348378      0.31573073    9.490019e-05     0.022400431       2.9998603      0.96590779     0.040011298       0.9972425      -24.280118       -24.280118       2458.1155                                                 2458.1155
              1       1205.3766      0.71781955      0.31709823   9.5553017e-05     0.022555081       2.9930462       0.9676856     0.035073249      0.99910626      -24.280118       -24.280118       2459.3134                                                 2459.3134
              1       1205.2529      0.60803098      0.31543554   9.4848618e-05     0.022527587       2.9852079      0.97064857      0.03093432       1.0000402      -24.280118       -24.280118        2459.066                                                  2459.066
              2       1207.0049      0.64955145      0.31729305   9.5347921e-05     0.022544348       2.9870868      0.96918815     0.029578413       1.0027792      -24.280118       -24.280118         2462.57                                                   2462.57
              6       1206.3025      0.59704903      0.31380572   9.4303708e-05     0.022631962       3.0054744      0.97027432     0.037867501       1.0036544      -24.280118       -24.280118       2461.1652                                                 2461.1652
              2       1206.9075      0.73904311      0.32010446    9.622434e-05     0.022556553       2.9961736      0.96889986     0.032486378         1.00328      -24.280118       -24.280118       2462.3752                                                 2462.3752
              3       1205.8274       0.6254913      0.31711832   9.5106726e-05     0.022519313       2.9882198      0.96786727     0.028064945        1.003153      -24.280118       -24.280118        2460.215                                                  2460.215
              3        1207.055      0.67256574      0.31519854   9.4868606e-05     0.022615245       2.9725993      0.96818586     0.021657513       1.0023836      -24.280118       -24.280118       2462.6702                                                 2462.6702
              5       1206.7823      0.59283287      0.31574197   9.4584436e-05     0.022571003       2.9744671      0.96625078     0.021306508       1.0030283      -24.280118       -24.280118       2462.1248                                                 2462.1248
              2       1206.2804      0.55875272       0.3147327   9.4251034e-05     0.022555644       2.9704303      0.96582054     0.020035094       1.0022615      -24.280118       -24.280118       2461.1211                                                 2461.1211
              2       1203.5005      0.53593818      0.30965067    9.310976e-05     0.022590142       2.9868733      0.96977695     0.029901085       1.0014618      -24.280118       -24.280118       2455.5612                                                 2455.5612
              4       1204.5551      0.62899911      0.31287253   9.4257632e-05     0.022498482       2.9896641      0.96925774     0.031664083       1.0012096      -24.280118       -24.280118       2457.6704                                                 2457.6704
              1       1204.2818      0.57874392      0.31168712   9.3865489e-05     0.022474619       2.9900221      0.96711355     0.035125378      0.99867701      -24.280118       -24.280118       2457.1239                                                 2457.1239
              1       1203.7118      0.54390531      0.31237489   9.3873573e-05     0.022438242       2.9966138      0.96665584     0.037821597      0.99897973      -24.280118       -24.280118       2455.9838                                                 2455.9838
              4       1203.7355      0.55135488      0.31313504   9.4040078e-05     0.022440612       2.9981698      0.96673266     0.038533117      0.99897313      -24.280118       -24.280118       2456.0313                                                 2456.0313
              2       1203.2166      0.50645178      0.31126387   9.3540394e-05     0.022407011       3.0112493       0.9668084     0.045262734      0.99841884      -24.280118       -24.280118       2454.9934                                                 2454.9934
             10       1203.7052       0.6105521      0.31363516   9.4520456e-05     0.022413059       3.0154515      0.96834988     0.047098507      0.99920341      -24.280118       -24.280118       2455.9707                                                 2455.9707
              2       1202.3055       0.5323047      0.30832904   9.2883764e-05     0.022543573       3.0061841      0.97063553     0.042970442      0.99886268      -24.280118       -24.280118       2453.1712                                                 2453.1712
              3       1204.1549      0.50033659      0.30850048   9.2786377e-05     0.022539484       3.0227966       0.9758724     0.051591362      0.99785693      -24.280118       -24.280118       2456.8701                                                 2456.8701
              4        1204.002      0.48298226      0.30828846   9.2682124e-05     0.022525085       3.0213804      0.97575898     0.050692201      0.99800669      -24.280118       -24.280118       2456.5642                                                 2456.5642
              3       1203.8802      0.48116779      0.30924407   9.2872648e-05     0.022496568       3.0143572      0.97623142     0.046107672      0.99914254      -24.280118       -24.280118       2456.3207                                                 2456.3207
              5       1204.2198      0.46157462      0.30607822   9.2199924e-05     0.022469483       3.0118323      0.97754985     0.045638185      0.99900476      -24.280118       -24.280118       2456.9997                                                 2456.9997
              4       1204.3783      0.33928778      0.30622908   9.1711635e-05     0.022365764       2.9993016      0.97294211      0.03732024      0.99940708      -24.280118       -24.280118       2457.3168                                                 2457.3168
              2       1203.9397      0.33019734      0.30481359   9.1377266e-05     0.022382448       3.0022186      0.97197046      0.03914725      0.99909121      -24.280118       -24.280118       2456.4397                                                 2456.4397
              8       1203.9868      0.32637314       0.3046187   9.1314358e-05     0.022386398        3.001886      0.97203578     0.039049659       0.9989975      -24.280118       -24.280118       2456.5337                                                 2456.5337
             10       1204.6624      0.32769627      0.30432147    9.130937e-05     0.022360798       3.0009747      0.97186052     0.038557329      0.99877866      -24.280118       -24.280118        2457.885                                                  2457.885
              1       1204.8353      0.32090998      0.30412733   9.1291489e-05     0.022330353       3.0011914      0.97209577      0.03920259      0.99844605      -24.280118       -24.280118       2458.2309                                                 2458.2309
              1       1205.4356      0.26761977      0.30442915    9.113112e-05     0.022299052       2.9962273      0.97230783     0.036189283      0.99881986      -24.280118       -24.280118       2459.4314                                                 2459.4314
              1       1205.2445      0.35477552      0.31124924   9.2903189e-05     0.022270229       3.0099277      0.96958507     0.042242505      0.99914013      -24.280118       -24.280118       2459.0492                                                 2459.0492
              1       1205.6913      0.47522452      0.31460103   9.3908774e-05      0.02236205        2.999941      0.97028958     0.040849877      0.99709542      -24.280118       -24.280118       2459.9428                                                 2459.9428
              2       1205.9536      0.59082099       0.3168489   9.4885543e-05     0.022396908       3.0022827      0.97338874     0.041591358      0.99823785      -24.280118       -24.280118       2460.4674                                                 2460.4674
              1       1205.0937      0.56902088      0.31575481   9.4619229e-05     0.022395343       2.9996029      0.97257747     0.039817596      0.99893234      -24.280118       -24.280118       2458.7476                                                 2458.7476
              4       1204.0532       0.5290897       0.3130128   9.3854482e-05     0.022424318       2.9958591      0.97276575     0.038003011      0.99868026      -24.280118       -24.280118       2456.6666                                                 2456.6666
              8       1203.2767      0.50623162      0.30981397   9.3096124e-05     0.022543089       3.0021627      0.97119434     0.042647695      0.99768693      -24.280118       -24.280118       2455.1136                                                 2455.1136
              4        1203.046      0.56317982      0.30908129   9.3229748e-05     0.022542644         3.00543       0.9712215     0.045008693      0.99717464      -24.280118       -24.280118       2454.6522                                                 2454.6522
             15       1203.0223      0.52762692      0.30772536   9.2801368e-05     0.022548689       3.0037005      0.97127678       0.0446225      0.99665484      -24.280118       -24.280118       2454.6048                                                 2454.6048
              1       1202.7963      0.46566235      0.30544356   9.2072459e-05     0.022537839       3.0060668      0.96986447      0.04511411      0.99703466      -24.280118       -24.280118       2454.1528                                                 2454.1528
              3       1202.8942      0.46435082      0.30543946   9.2068095e-05     0.022530943       3.0060142       0.9697073     0.045234838       0.9968688      -24.280118       -24.280118       2454.3486                                                 2454.3486
              5       1204.3634      0.45211481      0.30635362   9.2385668e-05     0.022460099       2.9952654      0.96742578     0.041030544      0.99581248      -24.280118       -24.280118       2457.2871                                                 2457.2871
              4       1204.2901      0.44613042      0.30616369   9.2319825e-05      0.02245862       2.9957162      0.96724793     0.041059095      0.99598561      -24.280118       -24.280118       2457.1403                                                 2457.1403
              6        1204.429      0.55394754      0.30985658   9.3138136e-05     0.022596582       3.0023293      0.96920964     0.043141446      0.99645957      -24.280118       -24.280118       2457.4183                                                 2457.4183
              5       1204.6282      0.56499976      0.31015838   9.3228471e-05     0.022610071       3.0038727      0.96856346     0.043732446      0.99633756      -24.280118       -24.280118       2457.8167                                                 2457.8167
              1       1205.2114      0.52260499      0.30973847   9.2956925e-05     0.022577425          2.9992      0.96729689     0.041574218      0.99588924      -24.280118       -24.280118       2458.9829                                                 2458.9829
              1       1205.2719      0.54393978      0.31032456   9.3160222e-05     0.022586342       2.9992906      0.96762632     0.041649501      0.99592777      -24.280118       -24.280118        2459.104                                                  2459.104
              2       1205.7346      0.54453338      0.31079105   9.3281201e-05     0.022581443       2.9962557      0.96681207     0.040807035       0.9952862      -24.280118       -24.280118       2460.0295                                                 2460.0295
              3       1205.4704      0.43851182      0.30647299   9.1937469e-05     0.022657337         2.99482      0.96931412     0.041798047      0.99344245      -24.280118       -24.280118        2459.501                                                  2459.501
              4       1205.7709      0.33692658      0.30794176   9.1846388e-05      0.02256694        2.975697      0.96923368     0.029637468      0.99592988      -24.280118       -24.280118        2460.102                                                  2460.102
              5       1206.9479      0.28562095      0.30655783    9.132911e-05      0.02257517       2.9730688      0.96889034     0.028548748      0.99568643      -24.280118       -24.280118        2462.456                                                  2462.456
              1       1206.6483      0.12404817      0.30514377   9.0593146e-05     0.022407029       2.9560442      0.96850625     0.016906657      0.99758021      -24.280118       -24.280118       2461.8568                                                 2461.8568
              2       1206.4498      0.10833517      0.30422645   9.0325508e-05     0.022412835       2.9567813      0.96858006     0.016669516      0.99794286      -24.280118       -24.280118       2461.4599                                                 2461.4599
              5       1206.6041      0.13369396      0.30711565   9.0994024e-05      0.02237731       2.9606672      0.96658213     0.017561778      0.99841855      -24.280118       -24.280118       2461.7684                                                 2461.7684
              3       1206.4943      0.14304726      0.30601541   9.0780727e-05     0.022439363       2.9572774      0.96421498     0.016746086      0.99727763      -24.280118       -24.280118       2461.5489                                                 2461.5489
              7        1205.045      0.39992601      0.30335677   9.1298601e-05     0.022635516       2.9790012      0.96978704     0.030789515      0.99584783      -24.280118       -24.280118       2458.6502                                                 2458.6502
              1       1205.1688      0.39890955      0.30345878   9.1294776e-05     0.022633049       2.9793161       0.9690006     0.031074205      0.99557991      -24.280118       -24.280118       2458.8978                                                 2458.8978
              4       1204.5341      0.38209063      0.30296808   9.1102328e-05     0.022630084       2.9843389      0.96926482      0.03263327      0.99634558      -24.280118       -24.280118       2457.6285                                                 2457.6285
              1       1203.4509      0.36405173      0.30578097   9.1713957e-05     0.022479802        2.979092      0.96895285     0.030120485      0.99634101      -24.280118       -24.280118       2455.4621                                                 2455.4621
              1       1203.4389      0.36519835      0.30575907    9.171445e-05     0.022479597       2.9788244       0.9689833      0.02996455      0.99637437      -24.280118       -24.280118       2455.4381                                                 2455.4381
              8       1202.4854      0.39425293       0.3065589   9.2131585e-05     0.022434341       2.9966131      0.97254183     0.036420154       1.0005824      -24.280118       -24.280118       2453.5311                                                 2453.5311
              1       1203.2668      0.49058295      0.30848872    9.292585e-05     0.022493397       3.0012262      0.97256049      0.03863202       1.0015283      -24.280118       -24.280118       2455.0939                                                 2455.0939
              1       1204.5982      0.52665233      0.31016959   9.3125337e-05     0.022691967       3.0144721      0.97380583     0.045651909       1.0003268      -24.280118       -24.280118       2457.7566                                                 2457.7566
              2       1205.2405      0.54568443      0.31005728   9.3304075e-05     0.022674337       3.0100879       0.9737534     0.047431561      0.99677951      -24.280118       -24.280118       2459.0412                                                 2459.0412
              1       1205.6518      0.64720419      0.31212171   9.4083415e-05     0.022679205       3.0071959      0.97582273     0.047224305      0.99602274      -24.280118       -24.280118       2459.8639                                                 2459.8639
              3       1205.4595       0.6403682      0.31131782   9.3870998e-05     0.022695669       3.0074743      0.97544554      0.04739176      0.99594288      -24.280118       -24.280118       2459.4793                                                 2459.4793
             10       1206.2754      0.51646086      0.30542285   9.2045165e-05     0.022691988       3.0388297      0.97100323     0.058104669      0.99879929      -24.280118       -24.280118       2461.1111                                                 2461.1111
              1       1205.6738      0.39677744      0.30284614   9.1005943e-05     0.022647127       3.0367805      0.97103218     0.055308553       1.0004186      -24.280118       -24.280118       2459.9078                                                 2459.9078
              1       1205.2548      0.39901044      0.30309982   9.1042103e-05     0.022621367       3.0267885      0.96917024     0.050631748       1.0000118      -24.280118       -24.280118       2459.0699                                                 2459.0699
              2       1203.8257      0.41357692      0.31058354   9.2723901e-05     0.022475616       2.9931641      0.97004593     0.035692043      0.99730563      -24.280118       -24.280118       2456.2115                                                 2456.2115
              3        1204.628      0.43246728      0.31062595   9.2830502e-05     0.022438759       2.9962079      0.97154533      0.03800791      0.99680116      -24.280118       -24.280118       2457.8162                                                 2457.8162
              1       1204.8993      0.38264298      0.31004777   9.2406938e-05     0.022501394       2.9904542      0.97022491     0.034606321        0.996722      -24.280118       -24.280118       2458.3589                                                 2458.3589
              1       1206.1446      0.35176926      0.31034551   9.2359123e-05       0.0224762       2.9925537      0.97234515     0.035359461      0.99694586      -24.280118       -24.280118       2460.8494                                                 2460.8494
              4       1205.8225      0.22461185      0.30679576   9.1176937e-05     0.022452454       3.0107432      0.97050211     0.043128061      0.99854298      -24.280118       -24.280118       2460.2052                                                 2460.2052
              1       1206.1634      0.21578491      0.30821762   9.1791341e-05     0.022320685       2.9995253      0.96784923     0.037631759      0.99782248      -24.280118       -24.280118       2460.8871                                                 2460.8871
              1       1206.1022      0.21969648      0.30813302   9.1781734e-05     0.022330257       2.9996207        0.967888     0.037517892       0.9979501      -24.280118       -24.280118       2460.7646                                                 2460.7646
              3        1206.248      0.24600566      0.30890279   9.2080141e-05     0.022312377       2.9961662       0.9680169      0.03597427      0.99785596      -24.280118       -24.280118       2461.0562                                                 2461.0562
              2       1206.0338        0.281611      0.31104952   9.2546456e-05     0.022389572       2.9865984      0.96460042     0.031401742      0.99758769      -24.280118       -24.280118       2460.6278                                                 2460.6278
              2       1205.8069      0.31090922      0.31154076    9.261365e-05     0.022443762       2.9810373      0.96614877      0.03020608      0.99580141      -24.280118       -24.280118        2460.174                                                  2460.174
              1        1205.285      0.31313165      0.30890658   9.2017248e-05     0.022554436       2.9796631      0.96487771     0.025851488      0.99948747      -24.280118       -24.280118       2459.1302                                                 2459.1302
              1       1205.0201      0.31706073      0.30804702   9.1800441e-05     0.022572938       2.9762315      0.96500194     0.024599084      0.99905099      -24.280118       -24.280118       2458.6005                                                 2458.6005
              3        1205.354      0.11830082      0.29863029   8.9170133e-05     0.022522483       2.9819939      0.96776031     0.027134109      0.99967991      -24.280118       -24.280118       2459.2683                                                 2459.2683
              1       1205.5597      0.14717165      0.29972726   8.9484545e-05     0.022520108       2.9885947      0.96766353     0.029533366        1.000225      -24.280118       -24.280118       2459.6796                                                 2459.6796
              1       1208.5042      0.17281875      0.30329369    9.053243e-05     0.022320819       2.9594749      0.96716365     0.013656143       1.0008984      -24.280118       -24.280118       2465.5686                                                 2465.5686
              1       1207.8083       0.2828099      0.30423143   9.1265997e-05      0.02232153       2.9641867      0.96986021      0.01670107       1.0013706      -24.280118       -24.280118       2464.1768                                                 2464.1768
              1        1207.706      0.37730529      0.30616525   9.1776708e-05     0.022505316        2.988063       0.9743432     0.029878319      0.99985783      -24.280118       -24.280118       2463.9722                                                 2463.9722
              1       1206.0166      0.29345352      0.30457309   9.1038727e-05     0.022593884       2.9942256      0.97122784     0.032555514      0.99993197      -24.280118       -24.280118       2460.5935                                                 2460.5935
              1       1206.7124      0.28114332      0.30367783   9.0789262e-05     0.022610109       2.9941715       0.9711629     0.032135295       1.0001367      -24.280118       -24.280118        2461.985                                                  2461.985
              4       1207.1503      0.33305632      0.30423494   9.1095821e-05     0.022660539       2.9928839      0.97251037     0.030644213        1.001448      -24.280118       -24.280118       2462.8609                                                 2462.8609
              2       1207.3159      0.35107435       0.3034792   9.1050327e-05     0.022684102       2.9884974      0.97303279     0.030122253       1.0000969      -24.280118       -24.280118       2463.1921                                                 2463.1921
              2       1207.2998      0.35125279      0.30349887   9.1055131e-05     0.022683798       2.9884088      0.97302127     0.030073874       1.0001004      -24.280118       -24.280118       2463.1598                                                 2463.1598
              7       1207.2988       0.3435193      0.30327919   9.0975971e-05     0.022677554       2.9878862      0.97310569      0.02971862       1.0001563      -24.280118       -24.280118       2463.1579                                                 2463.1579
             12       1207.2294      0.24934494      0.30537428   9.1106661e-05     0.022544603       2.9982697      0.96906371     0.035146559      0.99875691      -24.280118       -24.280118        2463.019                                                  2463.019
              6       1206.9015      0.28404166      0.31032799    9.219661e-05     0.022514826       2.9920974      0.96726057     0.033060262      0.99766765      -24.280118       -24.280118       2462.3633                                                 2462.3633
              1        1205.197      0.35682168      0.30829718   9.2133325e-05     0.022553252       2.9840065      0.96841048     0.029890532      0.99768995      -24.280118       -24.280118       2458.9542                                                 2458.9542
              2       1204.5165      0.36427368      0.30845639   9.2218855e-05     0.022526727       2.9888096      0.96799209     0.031632803      0.99843239      -24.280118       -24.280118       2457.5932                                                 2457.5932
              5       1205.9937      0.53215756      0.31291407    9.376632e-05     0.022545797       2.9982515      0.97151766     0.037092257      0.99768956      -24.280118       -24.280118       2460.5476                                                 2460.5476
              1       1206.3524      0.53232886      0.31267019   9.3712763e-05     0.022559124        2.998687      0.97132363     0.036854663      0.99800394      -24.280118       -24.280118        2461.265                                                  2461.265
              1       1207.0358       0.3878351      0.30273592   9.1258566e-05     0.022425746       2.9895484      0.96901753     0.032698042       0.9984714      -24.280118       -24.280118       2462.6319                                                 2462.6319
              5       1206.7803      0.23201823       0.3001357   9.0113329e-05      0.02238024       2.9853562      0.96694609     0.030090757      0.99857493      -24.280118       -24.280118       2462.1208                                                 2462.1208
              3       1207.0851     0.090225395      0.29725465   8.8892858e-05     0.022415816       2.9828359       0.9662463     0.030138917      0.99702407      -24.280118       -24.280118       2462.7304                                                 2462.7304
              2       1207.4636     0.067284623      0.29597736   8.8645278e-05     0.022359679       2.9863335       0.9676646     0.032684719      0.99665149      -24.280118       -24.280118       2463.4874                                                 2463.4874
              2       1207.1882      0.24354227      0.30688662   9.1439247e-05     0.022386738       2.9921742      0.96735751     0.039719397      0.99235578      -24.280118       -24.280118       2462.9365                                                 2462.9365
              4       1204.9931      0.30622232      0.30856927   9.2002996e-05        0.022442       2.9901369      0.96790752     0.037562424      0.99399925      -24.280118       -24.280118       2458.5465                                                 2458.5465
              1       1204.9287       0.3230862      0.30877595   9.2060429e-05      0.02245693        2.990286      0.96972157     0.037211944      0.99437481      -24.280118       -24.280118       2458.4176                                                 2458.4176
              4       1204.9572       0.3238744      0.30890381   9.2093694e-05      0.02245551        2.989998      0.96972841     0.037037772      0.99437756      -24.280118       -24.280118       2458.4747                                                 2458.4747
              8       1204.5047      0.31225118        0.307783   9.1826147e-05     0.022490451       2.9897167      0.97037039     0.036441588       0.9949681      -24.280118       -24.280118       2457.5696                                                 2457.5696
              1       1204.4312      0.31451595      0.30782161   9.1846305e-05     0.022491069       2.9900788      0.97033119      0.03661606      0.99498869      -24.280118       -24.280118       2457.4225                                                 2457.4225
              6       1204.3882      0.31595209      0.30757651   9.1795784e-05     0.022497532       2.9903951      0.97036228     0.036813448      0.99494943      -24.280118       -24.280118       2457.3367                                                 2457.3367
              5       1205.1497      0.31074303      0.30757852   9.1724656e-05     0.022537629       2.9883942      0.97074996     0.035813328      0.99476669      -24.280118       -24.280118       2458.8597                                                 2458.8597
              4       1206.4611      0.24643443      0.30843486   9.1755785e-05     0.022455336       2.9958851      0.97162118     0.038988979      0.99589778      -24.280118       -24.280118       2461.4825                                                 2461.4825
              2       1204.7585      0.28492332      0.30559546   9.1436387e-05     0.022410793       3.0006582      0.97502542     0.037889809       1.0002788      -24.280118       -24.280118       2458.0773                                                 2458.0773
              1       1204.4663       0.2622604      0.30353047   9.0821565e-05     0.022490244       3.0062841      0.97479659     0.040089126       1.0004837      -24.280118       -24.280118       2457.4928                                                 2457.4928
              8       1204.3463      0.28469272      0.30211467   9.0735292e-05      0.02247336       3.0164787      0.97564504     0.047010925      0.99930292      -24.280118       -24.280118       2457.2529                                                 2457.2529
             10       1204.4394      0.28377724      0.30211573   9.0730852e-05     0.022472056       3.0167724      0.97571933     0.047158875      0.99928896      -24.280118       -24.280118        2457.439                                                  2457.439
              4       1202.8241      0.47542504      0.30510825   9.2131859e-05     0.022444059       3.0053371      0.97425055     0.043506194      0.99852747      -24.280118       -24.280118       2454.2085                                                 2454.2085
             10       1202.4273      0.41679129      0.30481294   9.1887672e-05     0.022428749       2.9992454      0.97118488     0.041384353      0.99754141      -24.280118       -24.280118       2453.4148                                                 2453.4148
              4       1202.4498      0.38902833      0.30330401   9.1447908e-05     0.022448482       2.9998161      0.97104197     0.041884396      0.99724862      -24.280118       -24.280118       2453.4598                                                 2453.4598
              1        1202.909      0.38013505      0.30388366   9.1526581e-05     0.022464455       3.0051087      0.97182492     0.043333064      0.99896779      -24.280118       -24.280118       2454.3782                                                 2454.3782
              3       1203.1229      0.35697976      0.30302423   9.1143413e-05     0.022528543       2.9991217       0.9712789     0.040167828      0.99885592      -24.280118       -24.280118        2454.806                                                  2454.806
              3       1204.5786      0.34237713      0.29991765   9.0515703e-05     0.022617838       3.0033635      0.97051305     0.042836812      0.99852687      -24.280118       -24.280118       2457.7174                                                 2457.7174
              1       1205.1344      0.25517815      0.30067763   9.0240752e-05     0.022551967       2.9732011      0.97124631     0.028936937      0.99645361      -24.280118       -24.280118        2458.829                                                  2458.829
              3        1205.098      0.37592657       0.3040629   9.1456455e-05     0.022523848       2.9745826      0.97228943     0.031393559      0.99515342      -24.280118       -24.280118       2458.7561                                                 2458.7561
              2       1205.8674      0.35464318      0.30283411   9.1240507e-05     0.022413138       2.9690826      0.97302485     0.027024554      0.99760139      -24.280118       -24.280118       2460.2951                                                 2460.2951
              8       1204.7437      0.51154388       0.3094109     9.30211e-05     0.022493615       2.9717196      0.97226435     0.023901519       1.0007265      -24.280118       -24.280118       2458.0476                                                 2458.0476
              7        1203.292       0.2787792      0.30545206   9.1330773e-05     0.022453086       3.0032805      0.97157421     0.037971655       1.0009501      -24.280118       -24.280118       2455.1442                                                 2455.1442
              4       1203.3246      0.28383149      0.30685381   9.1674606e-05     0.022432842       3.0036527      0.96658241     0.040160996      0.99906432      -24.280118       -24.280118       2455.2095                                                 2455.2095
              1       1207.1659      0.23249975       0.3074927   9.1511385e-05     0.022441602        3.019825      0.96737801     0.049810701      0.99771531      -24.280118       -24.280118        2462.892                                                  2462.892
              7       1207.7889      0.19913047      0.30652463   9.1198867e-05     0.022410871       3.0245216      0.96644141     0.052438868      0.99694981      -24.280118       -24.280118       2464.1381                                                 2464.1381
              8       1207.8991      0.19046508       0.3060706   9.1055384e-05      0.02242047       3.0244858       0.9663153     0.052454191      0.99691728      -24.280118       -24.280118       2464.3584                                                 2464.3584
              1       1207.0857      0.23000808      0.30693034   9.1450872e-05     0.022411834       3.0213073      0.96595946     0.051817868      0.99579147      -24.280118       -24.280118       2462.7317                                                 2462.7317
              4       1208.1211      0.14657351      0.30848382   9.1560682e-05     0.022202512       3.0053176      0.96508401      0.04240646       0.9965023      -24.280118       -24.280118       2464.8024                                                 2464.8024
              3       1209.2032     0.047361396      0.30547547   9.0701705e-05     0.022200924       2.9976726      0.96843278     0.039377923      0.99643917      -24.280118       -24.280118       2466.9666                                                 2466.9666
              2        1209.207     0.047510751      0.30548894   9.0705011e-05      0.02220094       2.9976609      0.96842592     0.039373381      0.99643628      -24.280118       -24.280118       2466.9743                                                 2466.9743
              1       1206.6906      0.21634447      0.30733729    9.167109e-05     0.022296862        3.015076      0.96744241     0.048601116      0.99621559      -24.280118       -24.280118       2461.9414                                                 2461.9414
              2       1207.4419      0.21903053      0.30821852   9.1888619e-05     0.022252358       3.0159476      0.96736829      0.04912481      0.99605955      -24.280118       -24.280118        2463.444                                                  2463.444
              1       1208.1582      0.14360673      0.30663835    9.120493e-05     0.022248368       3.0153766      0.96557811      0.04835768      0.99601912      -24.280118       -24.280118       2464.8766                                                 2464.8766
              1       1209.3955      0.20561245      0.30796059   9.1714992e-05     0.022336265       3.0261919      0.96563476     0.053570465       0.9964364      -24.280118       -24.280118       2467.3513                                                 2467.3513
              2       1206.0436      0.13347234      0.29999175    8.954989e-05     0.022591604       2.9981795      0.96639293     0.038833024      0.99789899      -24.280118       -24.280118       2460.6474                                                 2460.6474
              2       1206.2944      0.13584931      0.30127412    8.988305e-05     0.022560251        2.990316      0.96570005     0.034706085      0.99786419      -24.280118       -24.280118       2461.1491                                                 2461.1491
              2       1206.6457     0.054975785      0.29721097    8.877109e-05     0.022568185       2.9911479      0.96670626     0.036486945      0.99644682      -24.280118       -24.280118       2461.8516                                                 2461.8516
              2       1206.5275     0.063078175      0.29782352   8.8862058e-05     0.022597881       2.9916641      0.96660097     0.036046504      0.99661001      -24.280118       -24.280118       2461.6153                                                 2461.6153
              1       1206.7604      0.10004352      0.29897256   8.9122526e-05     0.022522539       2.9890055      0.96581535     0.034170286      0.99569528      -24.280118       -24.280118        2462.081                                                  2462.081
              9       1210.5467      0.04098422      0.30166485   8.9211868e-05     0.022566182       2.9731515      0.96670269     0.022066231      0.99841023      -24.280118       -24.280118       2469.6536                                                 2469.6536
              4       1210.4454     0.021205709      0.29967206   8.8769317e-05     0.022588695       2.9831967      0.96634084     0.025930207      0.99942678      -24.280118       -24.280118        2469.451                                                  2469.451
              9       1208.4073     0.061165289      0.30028755   8.9107208e-05     0.022589008       2.9874469      0.96811279     0.028601295       0.9995019      -24.280118       -24.280118       2465.3747                                                 2465.3747
              1       1208.3679      0.11915978       0.3011204    8.947758e-05     0.022684032       2.9878141      0.97136827     0.030268125      0.99894998      -24.280118       -24.280118        2465.296                                                  2465.296
              1       1208.8447      0.11348415      0.30123722     8.94697e-05     0.022677993       2.9826233      0.97159591      0.02731059      0.99921844      -24.280118       -24.280118       2466.2495                                                 2466.2495
              6       1209.0508      0.10859486      0.30110458   8.9417152e-05     0.022675295        2.984049      0.97189816     0.027908874      0.99931709      -24.280118       -24.280118       2466.6617                                                 2466.6617
              3       1206.4326      0.18181527      0.30294213   9.0246115e-05     0.022601505       3.0072687      0.97215773     0.040053559      0.99947623      -24.280118       -24.280118       2461.4254                                                 2461.4254
              3       1206.4349      0.19437393      0.30171991   9.0088344e-05     0.022598977       3.0063941      0.97368707     0.040064931      0.99929765      -24.280118       -24.280118       2461.4299                                                 2461.4299
              2       1206.8913       0.1973307      0.30049634   8.9820704e-05     0.022659717       3.0099996      0.97451047     0.042422121      0.99915859      -24.280118       -24.280118       2462.3429                                                 2462.3429
              1       1206.0243      0.22216136      0.30038045   8.9816761e-05     0.022698536       2.9990731      0.97345329     0.036439386      0.99956228      -24.280118       -24.280118       2460.6089                                                 2460.6089
              8       1205.6956      0.29499656      0.30160977   9.0520952e-05     0.022615177        2.996526      0.97661969     0.035168598       1.0013441      -24.280118       -24.280118       2459.9514                                                 2459.9514
              2       1203.8883      0.33679755      0.30252532   9.0985146e-05     0.022554671       2.9954369      0.97543823     0.036078168      0.99987376      -24.280118       -24.280118       2456.3369                                                 2456.3369
              5        1203.165      0.36271003      0.30339685    9.123008e-05     0.022547281       3.0057342      0.97573794     0.042384926      0.99922799      -24.280118       -24.280118       2454.8902                                                 2454.8902
              3        1203.037      0.47624977      0.30631331   9.2265078e-05     0.022563768       2.9997418      0.97605007     0.038727835       0.9997292      -24.280118       -24.280118       2454.6342                                                 2454.6342
              1       1203.2985      0.58072126      0.30836648   9.3158032e-05     0.022569051       3.0081933      0.97444637     0.042981715       1.0010444      -24.280118       -24.280118       2455.1572                                                 2455.1572
              2       1203.7388      0.50831428      0.31017458   9.3250055e-05     0.022412014       2.9998309      0.97197146     0.038754237       1.0004639      -24.280118       -24.280118       2456.0378                                                 2456.0378
              2       1203.8829      0.51766491      0.31044836   9.3326768e-05      0.02242006       3.0008386      0.97219227     0.039448245       1.0002899      -24.280118       -24.280118        2456.326                                                  2456.326
              8        1204.677      0.53448913      0.31314227   9.3837124e-05     0.022484363       3.0110996      0.97194312     0.041422324       1.0026699      -24.280118       -24.280118       2457.9141                                                 2457.9141
              1       1204.2582      0.57455975      0.31149664   9.3868829e-05     0.022534297       2.9937767      0.97454184     0.035787036       1.0006984      -24.280118       -24.280118       2457.0767                                                 2457.0767
              3       1205.4255      0.46791018      0.30690511   9.2582485e-05     0.022507454       3.0019331      0.97528668     0.038987062       1.0021405      -24.280118       -24.280118       2459.4111                                                 2459.4111
              8        1205.835      0.53176692      0.30673949   9.2734262e-05     0.022611189       3.0198845      0.97690768     0.049648775       1.0008229      -24.280118       -24.280118       2460.2302                                                 2460.2302
              4         1204.55      0.55861519      0.31026012   9.3700733e-05     0.022425863       3.0165582      0.97645207     0.049746419       0.9986156      -24.280118       -24.280118       2457.6602                                                 2457.6602
              4       1202.7287      0.42851143      0.30709529   9.2425004e-05     0.022394612       3.0138395      0.97387555     0.046192391      0.99936903      -24.280118       -24.280118       2454.0175                                                 2454.0175
              2       1202.2595      0.48044006      0.31007013   9.3166933e-05     0.022443917       3.0089581      0.97121398     0.044654798      0.99768335      -24.280118       -24.280118       2453.0793                                                 2453.0793
              2       1203.0238      0.41271251      0.30773745   9.2452381e-05      0.02240676       3.0038981      0.97145647     0.044354632      0.99559871      -24.280118       -24.280118       2454.6078                                                 2454.6078
              4       1203.2522      0.42029678       0.3060188   9.2104123e-05      0.02244071       3.0053774        0.971837     0.045744717      0.99504862      -24.280118       -24.280118       2455.0646                                                 2455.0646
              3       1205.1252      0.53775364      0.30892584    9.317346e-05     0.022451045       3.0070501      0.97523093     0.048785614       0.9941241      -24.280118       -24.280118       2458.8107                                                 2458.8107
              3       1206.6792      0.32344999      0.30159714   9.0782523e-05     0.022412389       3.0104702      0.97601186     0.050105022      0.99504573      -24.280118       -24.280118       2461.9187                                                 2461.9187
              1        1206.934      0.30437734      0.30032118   9.0539595e-05     0.022399891       3.0158049      0.97721281     0.052262751      0.99587943      -24.280118       -24.280118       2462.4281                                                 2462.4281
              2       1207.6701       0.3378039      0.30241762   9.1203024e-05     0.022360001       3.0079921      0.97677391      0.05018683      0.99433785      -24.280118       -24.280118       2463.9005                                                 2463.9005
              1       1207.5534      0.31926275      0.30219233   9.1097996e-05      0.02234148       3.0088885      0.97594317     0.050535224       0.9943014      -24.280118       -24.280118        2463.667                                                  2463.667
             15       1204.4109      0.53033469      0.30956735   9.3546561e-05     0.022300278       2.9955446       0.9745463     0.038910623       0.9987802      -24.280118       -24.280118        2457.382                                                  2457.382
              4       1205.1479      0.55532845      0.31086952   9.3926991e-05     0.022280051       2.9983019      0.97549347     0.040851607      0.99827995      -24.280118       -24.280118        2458.856                                                  2458.856
              4       1205.2393      0.47763113      0.30735042   9.2918161e-05     0.022248955       2.9942009      0.97483221     0.037196764       0.9995175      -24.280118       -24.280118       2459.0389                                                 2459.0389
              2       1207.4938      0.45723473      0.29868256   9.0586031e-05     0.022639602       2.9844467      0.97902142     0.033908249      0.99837402      -24.280118       -24.280118       2463.5478                                                 2463.5478
              1       1207.5155      0.48437962      0.29896307   9.0760532e-05      0.02265451       2.9863442      0.97907497     0.034620724      0.99874115      -24.280118       -24.280118       2463.5913                                                 2463.5913
              1        1207.283      0.23387291      0.29534057   8.9171284e-05     0.022444406       2.9925117       0.9764552     0.039240302       0.9956694      -24.280118       -24.280118       2463.1263                                                 2463.1263
              1       1207.4561      0.30259497      0.30024449   9.0450582e-05      0.02231986       3.0049206      0.96686461     0.042596601      0.99767371      -24.280118       -24.280118       2463.4724                                                 2463.4724
              2       1207.7964      0.29093068      0.29921462   9.0224237e-05      0.02231612       3.0044899      0.96684064     0.042491629      0.99774259      -24.280118       -24.280118        2464.153                                                  2464.153
              4       1206.8277      0.34159446      0.30174224   9.0987206e-05     0.022322566       2.9993626      0.96574281     0.039717119      0.99748744      -24.280118       -24.280118       2462.2156                                                 2462.2156
              3       1205.4391      0.33530001       0.3032481   9.1201701e-05     0.022352459       3.0004874      0.96555233     0.040150533      0.99718822      -24.280118       -24.280118       2459.4384                                                 2459.4384
              6       1205.4575      0.33779648      0.30318649   9.1200213e-05     0.022356445       3.0007977      0.96560964     0.040405246      0.99708696      -24.280118       -24.280118       2459.4752                                                 2459.4752
              1       1206.3432      0.51292908      0.30617841   9.2593681e-05     0.022536454       3.0051216      0.96512526     0.043569159      0.99709958      -24.280118       -24.280118       2461.2467                                                 2461.2467
              1       1206.3431      0.51316902      0.30616841   9.2593665e-05      0.02253593       3.0051208      0.96511892     0.043556807      0.99711977      -24.280118       -24.280118       2461.2465                                                 2461.2465
              1       1206.1684      0.45019158      0.30378227   9.1743293e-05     0.022592335       3.0068449      0.96491237     0.045108729      0.99688495      -24.280118       -24.280118       2460.8971                                                 2460.8971
              1       1206.2196      0.45257431       0.3037256   9.1743163e-05     0.022593027       3.0070499      0.96500263      0.04530513      0.99682542      -24.280118       -24.280118       2460.9995                                                 2460.9995
              1       1205.8494      0.62734662      0.30886199   9.3346704e-05     0.022678533       3.0075478      0.96679854     0.044310597      0.99814351      -24.280118       -24.280118        2460.259                                                  2460.259
              1       1205.7728      0.62731233      0.30887062   9.3350979e-05     0.022677269       3.0074151      0.96687163     0.044253038      0.99815629      -24.280118       -24.280118       2460.1059                                                 2460.1059
              5       1205.6874      0.61942311      0.30821626   9.3174675e-05     0.022690395       3.0074106       0.9671074     0.044025329      0.99835903      -24.280118       -24.280118       2459.9349                                                 2459.9349
              2       1205.5867      0.55685709      0.30623918   9.2589712e-05     0.022573929       3.0045426      0.96727679     0.044704999      0.99677163      -24.280118       -24.280118       2459.7336                                                 2459.7336
              2       1205.1549      0.53561737      0.30671412   9.2668519e-05     0.022527176        3.006954      0.96670081     0.045589216      0.99716215      -24.280118       -24.280118       2458.8701                                                 2458.8701
              1       1206.3479      0.58388757       0.3077449   9.3288842e-05     0.022423626       3.0119091      0.97225233     0.051825846      0.99492889      -24.280118       -24.280118       2461.2561                                                 2461.2561
              3       1205.4815       0.4172759      0.30238296   9.1524443e-05     0.022423911       3.0062904      0.97224115     0.049040096      0.99437226      -24.280118       -24.280118       2459.5232                                                 2459.5232
              3       1206.0191      0.42497293        0.302254   9.1549976e-05     0.022452106       3.0074295      0.97232121     0.049655575      0.99468404      -24.280118       -24.280118       2460.5985                                                 2460.5985
              2         1205.49      0.40901461       0.3016852   9.1351342e-05     0.022451618       3.0106147      0.97299685     0.050338696      0.99570961      -24.280118       -24.280118       2459.5402                                                 2459.5402
              1       1205.6385       0.3257147       0.3021701   9.1163637e-05     0.022348248        3.007965      0.96984103      0.04887684      0.99483281      -24.280118       -24.280118       2459.8373                                                 2459.8373
              3       1203.1772      0.26801993      0.30526031   9.1122014e-05     0.022523099       3.0009614      0.96697012     0.037127072       1.0001796      -24.280118       -24.280118       2454.9146                                                 2454.9146
              4       1204.0937      0.22145739      0.30392824   9.0721234e-05     0.022539457       3.0062056      0.96689485     0.039464361       1.0005072      -24.280118       -24.280118       2456.7477                                                 2456.7477
             10       1202.9503      0.31183448      0.30118593    9.065177e-05     0.022469066       2.9831544      0.97166726     0.031861285      0.99797336      -24.280118       -24.280118       2454.4609                                                 2454.4609
              5       1202.8604      0.32306517      0.30130788   9.0713918e-05     0.022495805       2.9844955      0.97104602      0.03330387       0.9973228      -24.280118       -24.280118        2454.281                                                  2454.281
              2        1204.836      0.55589527      0.30890647   9.3018151e-05     0.022714672       2.9851426      0.97073942     0.034190906      0.99663294      -24.280118       -24.280118       2458.2323                                                 2458.2323
              2       1208.1147      0.49950188      0.30512675   9.2044002e-05     0.022742091       2.9778422      0.97088767     0.034063094      0.99351564      -24.280118       -24.280118       2464.7895                                                 2464.7895
              1       1208.3021      0.49908697      0.30527121   9.2073166e-05      0.02273766       2.9744759       0.9711408     0.032372223      0.99357291      -24.280118       -24.280118       2465.1645                                                 2465.1645
              1        1208.443      0.46627247      0.30437533   9.1731959e-05     0.022751185       2.9737483      0.97052211     0.031636892      0.99384312      -24.280118       -24.280118       2465.4463                                                 2465.4463
              2        1208.484      0.46852916      0.30423521   9.1716156e-05     0.022754283       2.9741402       0.9706834     0.031812202      0.99393083      -24.280118       -24.280118       2465.5283                                                 2465.5283
              1       1208.4924      0.46791326      0.30425268    9.171423e-05     0.022756344       2.9740561      0.97069185     0.031730626      0.99397106      -24.280118       -24.280118       2465.5451                                                 2465.5451
              1       1207.2337      0.64317122      0.31304845   9.4380539e-05     0.022549178       2.9563418      0.97410582      0.01972917        0.997467      -24.280118       -24.280118       2463.0276                                                 2463.0276
              2       1205.5729      0.62932418      0.31430988    9.485024e-05     0.022420942         2.98186      0.97101482     0.028759652       1.0016078      -24.280118       -24.280118        2459.706                                                  2459.706
              7       1205.2424      0.59712411      0.31362554   9.4572142e-05     0.022405094       2.9826282      0.97098386     0.029070328       1.0016269      -24.280118       -24.280118       2459.0451                                                 2459.0451
              5       1205.2009        0.599214      0.31367981    9.459228e-05     0.022405553       2.9829207      0.97099138     0.029264897       1.0015888      -24.280118       -24.280118        2458.962                                                  2458.962
              3       1205.0699      0.59604542      0.31065694    9.385629e-05     0.022536855       2.9842618      0.97227392     0.029867566        1.001804      -24.280118       -24.280118       2458.7001                                                 2458.7001
              2       1203.7288       0.5523156      0.31037185   9.3502162e-05     0.022573797        2.988027      0.96902567     0.033300648       0.9993816      -24.280118       -24.280118       2456.0179                                                 2456.0179
              4       1204.8293      0.53055104      0.30981113   9.3374111e-05     0.022573068       2.9992434      0.96945906     0.039700517      0.99931444      -24.280118       -24.280118       2458.2189                                                 2458.2189
              5       1205.4839      0.56735987      0.30761819   9.3142847e-05     0.022597147       2.9998288       0.9720809     0.039615893       1.0005983      -24.280118       -24.280118        2459.528                                                  2459.528
              5       1202.9968      0.51939575      0.30480983   9.2199097e-05     0.022612841       3.0038854      0.97208518     0.039579652       1.0013974      -24.280118       -24.280118       2454.5539                                                 2454.5539
              8       1203.0009      0.52032393      0.30483075   9.2207444e-05     0.022612795       3.0039047      0.97208522     0.039606341       1.0013862      -24.280118       -24.280118       2454.5621                                                 2454.5621
              9       1205.3025      0.53835316      0.30851373   9.3305156e-05     0.022469563       2.9927576      0.97234553     0.033478352        1.001524      -24.280118       -24.280118       2459.1652                                                 2459.1652
              4       1205.0937      0.47367979      0.30577813   9.2450169e-05     0.022500583       2.9975788      0.97063315     0.036705107       1.0003157      -24.280118       -24.280118       2458.7476                                                 2458.7476
              6       1206.5329      0.59444837      0.31395002   9.4501112e-05     0.022536406       3.0079833      0.96754447      0.03839967       1.0029587      -24.280118       -24.280118        2461.626                                                  2461.626
              1       1206.5632      0.53795047      0.31290501   9.4060244e-05     0.022489633       3.0125325      0.96725342     0.039789392       1.0035437      -24.280118       -24.280118       2461.6867                                                 2461.6867
              1       1206.4091       0.5274094      0.31216022   9.3815436e-05     0.022511448       3.0096275      0.96692507      0.03785955       1.0039596      -24.280118       -24.280118       2461.3784                                                 2461.3784
              8       1204.3077      0.61761578      0.31320858   9.4508242e-05     0.022464765       3.0156557      0.96745234     0.046801967      0.99952113      -24.280118       -24.280118       2457.1756                                                 2457.1756
              7       1204.1611      0.56061187      0.31221989   9.4083542e-05     0.022444023       3.0182848      0.96781939      0.04797754      0.99963574      -24.280118       -24.280118       2456.8825                                                 2456.8825
              6       1204.2738      0.59049293      0.31289268   9.4267218e-05     0.022486498        3.023101      0.96815313     0.049242604       1.0008877      -24.280118       -24.280118       2457.1079                                                 2457.1079
              4       1204.8814      0.63587432      0.31808168   9.5342345e-05     0.022437088       3.0076083      0.97238127     0.044396829      0.99723382      -24.280118       -24.280118        2458.323                                                  2458.323
              4       1205.0223      0.65333859      0.31844162   9.5469791e-05     0.022457096       3.0095847      0.97258623     0.045137752      0.99744956      -24.280118       -24.280118       2458.6048                                                 2458.6048
              4         1204.69      0.65900983       0.3170396   9.5302604e-05     0.022428802       3.0103434      0.97324726     0.045391263      0.99765136      -24.280118       -24.280118       2457.9402                                                 2457.9402
              3        1204.531      0.65647685      0.31706608   9.5290053e-05     0.022435842       3.0105007      0.97298928     0.045576202      0.99755632      -24.280118       -24.280118       2457.6223                                                 2457.6223
              1       1204.5155      0.59705958       0.3149042   9.4764337e-05     0.022375234       3.0123933      0.97317149     0.047721899      0.99674167      -24.280118       -24.280118       2457.5913                                                 2457.5913
              2       1204.8735      0.62897291      0.31615023   9.5171635e-05     0.022365178       3.0100325      0.97272628     0.046769492      0.99647852      -24.280118       -24.280118       2458.3073                                                 2458.3073
              7       1205.1097      0.43954592      0.31256427   9.3710452e-05     0.022246163       2.9800788      0.97025084      0.03149814      0.99648697      -24.280118       -24.280118       2458.7797                                                 2458.7797
              1       1204.1515      0.42841587       0.3109402   9.3054943e-05     0.022430774       2.9647431       0.9701109     0.019374906       1.0000305      -24.280118       -24.280118       2456.8633                                                 2456.8633
              1       1204.2371      0.37948939      0.30907475   9.2498231e-05     0.022420987       2.9651183      0.97118925     0.019501408       1.0002988      -24.280118       -24.280118       2457.0344                                                 2457.0344
              1       1204.2837      0.31061757      0.30428622   9.1219096e-05      0.02251816       2.9624469       0.9702834     0.018860741      0.99980238      -24.280118       -24.280118       2457.1275                                                 2457.1275
              3       1204.9828       0.2078462      0.30099459   8.9998364e-05     0.022545632       2.9637496      0.97027241     0.018832258       0.9996027      -24.280118       -24.280118       2458.5258                                                 2458.5258
              2       1204.7991      0.22879542      0.30143442   9.0143544e-05     0.022569092       2.9667076      0.97036375     0.020439162      0.99950704      -24.280118       -24.280118       2458.1585                                                 2458.1585
              2        1204.845      0.23401363      0.30198266    9.026316e-05     0.022570524        2.965256      0.96965642     0.019549535      0.99945216      -24.280118       -24.280118       2458.2502                                                 2458.2502
              5       1204.7744      0.22556754      0.30241341   9.0337043e-05     0.022561831       2.9650254      0.96911786       0.0195764      0.99918657      -24.280118       -24.280118       2458.1091                                                 2458.1091
              1       1204.7772      0.24259384      0.30205038   9.0341075e-05      0.02258736       2.9662403      0.97029141     0.022666962      0.99783738      -24.280118       -24.280118       2458.1146                                                 2458.1146
              5       1204.9371      0.23787262      0.30022601   9.0003957e-05     0.022597687       2.9654665      0.97028035     0.022321592      0.99815014      -24.280118       -24.280118       2458.4344                                                 2458.4344
              1       1204.6773      0.22569737      0.29969799   8.9881007e-05     0.022577257       2.9667711      0.96980988     0.022429154      0.99875338      -24.280118       -24.280118       2457.9147                                                 2457.9147
              7       1204.3199      0.28023756      0.30642355   9.1318992e-05     0.022538253       2.9991513      0.96545094     0.037052149      0.99796852      -24.280118       -24.280118       2457.1999                                                 2457.1999
              1       1204.6356       0.2874269      0.30699646   9.1436838e-05     0.022545353       2.9997699      0.96547528     0.037339041      0.99781818      -24.280118       -24.280118       2457.8315                                                 2457.8315
              1       1204.7656      0.24347208      0.30689749   9.1288277e-05     0.022473066       3.0055294      0.96568373     0.040621486       0.9977093      -24.280118       -24.280118       2458.0915                                                 2458.0915
              1        1206.615      0.29256902      0.30619083    9.138839e-05     0.022517392       3.0312937      0.96648235     0.052185442      0.99902056      -24.280118       -24.280118       2461.7902                                                 2461.7902
              3       1206.3831      0.34021469      0.30785508   9.1920438e-05     0.022512719       3.0322361      0.96635776      0.05198049      0.99982224      -24.280118       -24.280118       2461.3265                                                 2461.3265
              2       1206.9488      0.30407269      0.30912963   9.2029737e-05     0.022433131       3.0249474       0.9678868     0.047260022       1.0003219      -24.280118       -24.280118       2462.4579                                                 2462.4579
              1       1207.8794      0.39083851      0.31460938   9.3386778e-05     0.022455771       3.0148118      0.96546958     0.042631233      0.99914064      -24.280118       -24.280118        2464.319                                                  2464.319
              1       1207.6033      0.39978947       0.3104559    9.272449e-05     0.022392852       2.9932334      0.96942258     0.040158443      0.99257203      -24.280118       -24.280118       2463.7668                                                 2463.7668
              4       1207.3341       0.4071388      0.31139474   9.2922128e-05     0.022387131       2.9973968      0.97061284     0.042687788       0.9930137      -24.280118       -24.280118       2463.2285                                                 2463.2285
              7       1207.1724      0.43781124      0.31211834   9.3479477e-05     0.022282258       2.9976118      0.96925988     0.044456863      0.99280787      -24.280118       -24.280118        2462.905                                                  2462.905
              1       1207.1154      0.45895132      0.31074255   9.3205392e-05     0.022357944       3.0085494      0.97302081     0.049164258      0.99477691      -24.280118       -24.280118       2462.7911                                                 2462.7911
              1       1205.6723       0.4538325      0.31026531   9.3072205e-05     0.022382804       3.0088238      0.97275121     0.048228859       0.9956614      -24.280118       -24.280118       2459.9049                                                 2459.9049
              3        1205.658      0.45774801      0.30912874   9.2790888e-05     0.022391472       3.0080456      0.97237601     0.047448053      0.99594851      -24.280118       -24.280118       2459.8762                                                 2459.8762
              4       1205.5786      0.44144251      0.30757726     9.23633e-05     0.022442557       3.0041988      0.97277965     0.046367144      0.99511927      -24.280118       -24.280118       2459.7173                                                 2459.7173
              4       1205.0532      0.42138807      0.30795531   9.2523973e-05     0.022334463       3.0162693      0.97035015     0.050096161      0.99740131      -24.280118       -24.280118       2458.6667                                                 2458.6667
              3       1205.3901      0.46918611       0.3114216   9.3511008e-05     0.022278618       3.0068228      0.97078527      0.04523614      0.99777637      -24.280118       -24.280118       2459.3405                                                 2459.3405
              1        1204.534      0.37499398      0.30775405   9.2399257e-05      0.02226888        2.986033      0.96788663     0.031698126       1.0001325      -24.280118       -24.280118       2457.6283                                                 2457.6283
              7       1204.0222      0.44504707      0.30767929   9.2743299e-05     0.022352766       2.9845515      0.96763581     0.033539013      0.99741053      -24.280118       -24.280118       2456.6047                                                 2456.6047
              3       1204.0305      0.43587195      0.30709462   9.2587471e-05     0.022366335       2.9841943      0.96800989     0.033745412      0.99717646      -24.280118       -24.280118       2456.6212                                                 2456.6212
              1       1205.1152       0.2258801       0.3017415   9.0410767e-05      0.02246151       2.9904368      0.96440533     0.032283973       1.0009336      -24.280118       -24.280118       2458.7906                                                 2458.7906
              3       1205.5987      0.21570827      0.30156716   9.0405495e-05     0.022420886       2.9930088      0.96426139     0.033633567       1.0011723      -24.280118       -24.280118       2459.7577                                                 2459.7577
              2        1205.353      0.28594506      0.30405399   9.1192488e-05     0.022448805        2.997433      0.96530471     0.034881735       1.0022835      -24.280118       -24.280118       2459.2662                                                 2459.2662
              2       1205.3768      0.26163451      0.30379248   9.0985529e-05     0.022489507        3.005074      0.96494446     0.039000115       1.0016422      -24.280118       -24.280118       2459.3139                                                 2459.3139
              4       1206.8432     0.031775442      0.29779157   8.9197513e-05     0.022239685       2.9982401      0.96981361     0.039220521       0.9986084      -24.280118       -24.280118       2462.2467                                                 2462.2467
              7       1206.8592     0.037689192      0.29780012   8.9216658e-05      0.02224551       2.9976164      0.97004166     0.039345171      0.99830456      -24.280118       -24.280118       2462.2786                                                 2462.2786
              1       1207.8709     0.089292987      0.30082551    9.005225e-05     0.022229173       2.9915121      0.96802243     0.038611321      0.99612254      -24.280118       -24.280118        2464.302                                                  2464.302
              1       1208.0675     0.079508837      0.30011229   8.9869213e-05     0.022237288       2.9888413      0.96831078     0.037548621      0.99596836      -24.280118       -24.280118       2464.6952                                                 2464.6952
              2       1209.4742      0.11201946       0.3038675    9.074443e-05     0.022211392       2.9822312      0.96769636     0.035564738      0.99409015      -24.280118       -24.280118       2467.5086                                                 2467.5086
              1       1209.6085      0.22583589      0.30998496   9.2523054e-05     0.022134754       2.9551498      0.96594721     0.015719073      0.99884382      -24.280118       -24.280118       2467.7772                                                 2467.7772
              4       1210.0173      0.27442511      0.30861883    9.248067e-05     0.022167817       2.9547194      0.96799176     0.016895047       0.9976506      -24.280118       -24.280118       2468.5947                                                 2468.5947
              2       1210.3939      0.27692517       0.3085355   9.2490557e-05     0.022144186       2.9551682      0.96582497     0.017492328      0.99706082      -24.280118       -24.280118        2469.348                                                  2469.348
              4       1209.8563      0.36762541      0.30987938   9.3149596e-05     0.022136518       2.9617075      0.96767878     0.019717168      0.99847745      -24.280118       -24.280118       2468.2728                                                 2468.2728
              3       1209.5924      0.37565326      0.31018876   9.3225771e-05     0.022148657       2.9617585      0.96774708     0.019727156      0.99844015      -24.280118       -24.280118        2467.745                                                  2467.745
              1       1209.8955      0.27489748      0.30863561   9.2513502e-05     0.022065503       2.9617504      0.96730881     0.019862943      0.99812749      -24.280118       -24.280118       2468.3513                                                 2468.3513
              3       1209.4637      0.22309766       0.3067602   9.1958976e-05     0.022078111       2.9738717      0.96618792     0.025235232      0.99901954      -24.280118       -24.280118       2467.4876                                                 2467.4876
             10        1208.834      0.19977396      0.30571585   9.1611216e-05     0.022102638        2.974506       0.9662214     0.025464261      0.99886871      -24.280118       -24.280118       2466.2282                                                 2466.2282
              1       1207.3339      0.19096548      0.30349575      9.0929e-05     0.022267859       2.9685264      0.96323965     0.021019526      0.99994245      -24.280118       -24.280118        2463.228                                                  2463.228
              5       1207.9643       0.2237568      0.30343462   9.1056088e-05     0.022267798       2.9678532      0.96428985     0.018963654       1.0015795      -24.280118       -24.280118       2464.4888                                                 2464.4888
              1         1208.29      0.23263567      0.30206083   9.0837237e-05     0.022278163       2.9669494      0.96536362     0.019038108       1.0012962      -24.280118       -24.280118       2465.1402                                                 2465.1402
              1       1207.1163      0.50395798      0.30880839   9.3206104e-05     0.022423384       2.9718478       0.9656339     0.026766028      0.99699933      -24.280118       -24.280118       2462.7928                                                 2462.7928
              6       1206.0754      0.57378282      0.30744188   9.2859365e-05     0.022544182       2.9760526      0.97218914     0.026742488       1.0005485      -24.280118       -24.280118       2460.7111                                                 2460.7111
              2       1207.5527      0.63499908      0.30811598   9.3203403e-05       0.0225664       2.9876704      0.97111594     0.033368532      0.99968379      -24.280118       -24.280118       2463.6656                                                 2463.6656
              3       1205.6724      0.60883437       0.3139284   9.4209185e-05     0.022565634       2.9868453      0.96623178     0.032861532      0.99796317      -24.280118       -24.280118        2459.905                                                  2459.905
              4       1206.3262      0.61030033      0.31432853   9.4187028e-05     0.022609932       2.9870682      0.96671545     0.031936961      0.99867897      -24.280118       -24.280118       2461.2127                                                 2461.2127
              3       1208.7632      0.54076905        0.304842   9.1947164e-05     0.022688598        2.986307      0.96814237     0.031434743        1.000401      -24.280118       -24.280118       2466.0866                                                 2466.0866
              3       1207.8233      0.50997469      0.30481087   9.1842672e-05      0.02264795       2.9862082       0.9679115     0.031824286      0.99991323      -24.280118       -24.280118       2464.2068                                                 2464.2068
              6        1209.063      0.67284134      0.30789592   9.3185545e-05     0.022657291       3.0065842      0.97353055     0.042760851       1.0002806      -24.280118       -24.280118       2466.6863                                                 2466.6863
              2       1207.0953      0.55981975      0.30887214   9.2919029e-05     0.022576152       2.9866216      0.96765981     0.030883357        1.000424      -24.280118       -24.280118       2462.7508                                                 2462.7508
              2       1207.2025      0.42562258      0.30387395   9.1253425e-05      0.02280486       2.9695974      0.96934528     0.023725387      0.99879506      -24.280118       -24.280118       2462.9652                                                 2462.9652
              1       1207.5743      0.38715028      0.30205289   9.0816253e-05     0.022799406         2.98216       0.9682846     0.027671141       1.0015222      -24.280118       -24.280118       2463.7088                                                 2463.7088
              5       1207.2552      0.39926606      0.30460094   9.1398273e-05     0.022756889       2.9837468      0.97074381     0.025382467       1.0037022      -24.280118       -24.280118       2463.0707                                                 2463.0707
              1       1206.6044      0.31498758      0.30866279   9.1821928e-05     0.022530002       2.9689882      0.96449383      0.01971522       1.0010508      -24.280118       -24.280118        2461.769                                                  2461.769
              4       1206.6337      0.32530431      0.30886896    9.189822e-05      0.02253427       2.9690687      0.96436693     0.019534485       1.0011907      -24.280118       -24.280118       2461.8277                                                 2461.8277
              6       1206.4836      0.36082907      0.30964915   9.2179608e-05     0.022578498       2.9732561      0.96439483     0.021726516       1.0011367      -24.280118       -24.280118       2461.5274                                                 2461.5274
              9        1208.436      0.51466909      0.31917174   9.4717582e-05     0.022510811       2.9743999      0.96593762     0.022727982       1.0002983      -24.280118       -24.280118       2465.4322                                                 2465.4322
              2       1209.4592      0.65255883        0.325371   9.6853372e-05      0.02237151       2.9938171      0.96748965     0.033543261      0.99866511      -24.280118       -24.280118       2467.4786                                                 2467.4786
              1       1206.3923      0.48982612      0.31577657   9.4271314e-05     0.022371352       2.9885031      0.96766199     0.033677862      0.99603724      -24.280118       -24.280118       2461.3449                                                 2461.3449
              7       1206.2842       0.4952866      0.31578086   9.4289692e-05     0.022382052       2.9906512       0.9674018     0.034726473        0.996042      -24.280118       -24.280118       2461.1286                                                 2461.1286
              6       1205.3404      0.48085214      0.31624165   9.4478141e-05     0.022376344       2.9989555        0.965345     0.038538551      0.99772161      -24.280118       -24.280118       2459.2411                                                 2459.2411
              8        1208.105      0.29663883      0.30830889    9.194534e-05     0.022541802       2.9637246      0.97213374     0.018424971       1.0009709      -24.280118       -24.280118       2464.7702                                                 2464.7702
              1       1204.8509      0.43174712      0.30855589   9.2547051e-05     0.022524487        2.973287       0.9729521     0.029252838      0.99602796      -24.280118       -24.280118       2458.2621                                                 2458.2621
              6       1203.7569      0.34774792      0.30315905   9.1174559e-05     0.022520715       2.9743436       0.9677941     0.026976008      0.99789526      -24.280118       -24.280118        2456.074                                                  2456.074
              6       1203.1574        0.557586      0.30970836    9.344329e-05     0.022518599       2.9979835      0.96838179     0.038096917      0.99889642      -24.280118       -24.280118       2454.8751                                                 2454.8751
              3       1205.4534      0.51965837      0.30814007   9.3023306e-05     0.022500173       3.0124687      0.96680261     0.043431568      0.99999354      -24.280118       -24.280118        2459.467                                                  2459.467
              1       1205.0034      0.51045842      0.30781216   9.2835652e-05     0.022528505       3.0163045      0.96697048     0.045032878       1.0001103      -24.280118       -24.280118       2458.5671                                                 2458.5671
              3       1204.1568      0.42447678      0.30806017   9.2492107e-05     0.022460953       3.0251804      0.96676769      0.04916811       1.0003586      -24.280118       -24.280118       2456.8738                                                 2456.8738
              4         1204.53      0.39409066      0.30654496   9.2073162e-05     0.022471964       3.0286485      0.96737193     0.050639559       1.0006818      -24.280118       -24.280118       2457.6203                                                 2457.6203
              5       1204.6736      0.32761857      0.30321278   9.1210696e-05      0.02242614       3.0084445      0.97293927     0.048216293      0.99424785      -24.280118       -24.280118       2457.9075                                                 2457.9075
              6       1205.9584      0.25245287      0.30233817   9.0642896e-05     0.022447748       3.0018926      0.97273387     0.045212407      0.99315752      -24.280118       -24.280118       2460.4771                                                 2460.4771
              6        1206.435      0.24074751      0.30415366   9.0842623e-05     0.022481071       3.0041328      0.97037836     0.045279095      0.99310943      -24.280118       -24.280118       2461.4302                                                 2461.4302
              2       1203.7262      0.33366037      0.30709922   9.1941774e-05     0.022449657       3.0017306      0.96912549     0.040894647      0.99648403      -24.280118       -24.280118       2456.0125                                                 2456.0125
              2       1203.7952      0.35428952      0.30740817   9.2119127e-05     0.022436974       3.0028109      0.96912912     0.041929992      0.99615945      -24.280118       -24.280118       2456.1507                                                 2456.1507
              8       1203.8435      0.35013192      0.30396485   9.1226918e-05     0.022499996       3.0136431      0.96854132     0.045363024      0.99786946      -24.280118       -24.280118       2456.2473                                                 2456.2473
              3        1203.716      0.33222967      0.30338046    9.103469e-05      0.02251783       3.0125581      0.96766354     0.044996902      0.99773014      -24.280118       -24.280118       2455.9922                                                 2455.9922
              1       1204.0458      0.34670049      0.30353163   9.1075909e-05     0.022552928       3.0083579      0.96754816     0.042493355      0.99784722      -24.280118       -24.280118       2456.6518                                                 2456.6518
              1       1203.9552      0.33992215      0.30479575   9.1332152e-05     0.022530507        3.011359      0.96733622     0.044004227      0.99769328      -24.280118       -24.280118       2456.4706                                                 2456.4706
             12       1203.1458      0.34799112      0.30347495   9.1142208e-05     0.022537257        3.017268      0.96872207     0.048100537       0.9975932      -24.280118       -24.280118       2454.8519                                                 2454.8519
              2       1203.5086      0.44887306      0.30563295   9.1932929e-05       0.0226265       3.0118926      0.96841081     0.044382503      0.99836323      -24.280118       -24.280118       2455.5773                                                 2455.5773
              1       1204.6367      0.46057793      0.30426142   9.1735753e-05     0.022657736        3.022587       0.9685397     0.049666704      0.99882143      -24.280118       -24.280118       2457.8336                                                 2457.8336
              1       1204.0999      0.46918791      0.30455524    9.183033e-05     0.022658604       3.0207595      0.96940118     0.048867468      0.99881095      -24.280118       -24.280118       2456.7601                                                 2456.7601
              3       1204.1166      0.40048851       0.3042501   9.1498287e-05     0.022617581        3.029478      0.96943196     0.053409648      0.99891615      -24.280118       -24.280118       2456.7934                                                 2456.7934
              4       1204.3944      0.44596649      0.30586485   9.2026457e-05     0.022612668       3.0321673      0.96958311     0.054791941      0.99895268      -24.280118       -24.280118       2457.3491                                                 2457.3491
              4       1205.1873      0.53788982      0.30491814   9.2192939e-05      0.02271782       3.0354633      0.97333003     0.055976492       1.0004662      -24.280118       -24.280118       2458.9349                                                 2458.9349
              2       1203.6591      0.54744324      0.30860455   9.2964396e-05      0.02266687       3.0187635      0.97543429     0.048570234      0.99973298      -24.280118       -24.280118       2455.8784                                                 2455.8784
              1        1203.535      0.57092507      0.30988973   9.3314124e-05     0.022636505       3.0162618      0.97452131     0.045058767        1.001928      -24.280118       -24.280118       2455.6303                                                 2455.6303
              9       1204.7303      0.36883841      0.30014928   9.0566056e-05     0.022531271       3.0112882      0.97726167      0.04367855       1.0014806      -24.280118       -24.280118       2458.0208                                                 2458.0208
              3       1203.5581      0.44178566      0.30540512   9.1896131e-05      0.02250987       3.0192332      0.97549283     0.048391911       1.0000024      -24.280118       -24.280118       2455.6764                                                 2455.6764
              1        1203.784       0.4608394      0.30593048   9.2021107e-05     0.022545118       3.0192775      0.97537599     0.048066129       1.0003666      -24.280118       -24.280118       2456.1283                                                 2456.1283
              1        1203.769      0.39355428      0.30515401   9.1594217e-05     0.022513726       3.0168896      0.97426064     0.046972349       1.0001515      -24.280118       -24.280118       2456.0983                                                 2456.0983
              1       1203.6438      0.39466188      0.30265419   9.1061555e-05      0.02260901       3.0109028      0.97352433     0.047701961      0.99680164      -24.280118       -24.280118       2455.8479                                                 2455.8479
              4       1204.3851      0.42623532      0.30337797   9.1377609e-05     0.022583551       3.0111301      0.97461617     0.048737649      0.99648507      -24.280118       -24.280118       2457.3305                                                 2457.3305
              7       1205.4663      0.49918154      0.30662262   9.2345112e-05     0.022595372         2.98118      0.97487528     0.033139485      0.99726968      -24.280118       -24.280118       2459.4929                                                 2459.4929
              6       1206.1368      0.54096863      0.30732708   9.2620665e-05     0.022633409       2.9842611      0.97555733      0.03487111      0.99728212      -24.280118       -24.280118       2460.8338                                                 2460.8338
              1       1207.0071      0.55281549      0.31085122   9.3221633e-05      0.02258492       2.9962235      0.97135379     0.040248671      0.99643684      -24.280118       -24.280118       2462.5743                                                 2462.5743
              1       1206.5154      0.54794287      0.31031435   9.3113874e-05     0.022593379       2.9885844      0.97115002     0.036634543      0.99616073      -24.280118       -24.280118       2461.5911                                                 2461.5911
              1       1210.4382      0.54680733      0.30693421   9.2586409e-05     0.022466811       2.9912026       0.9749224     0.041292325      0.99309645      -24.280118       -24.280118       2469.4367                                                 2469.4367
              9       1211.0629       0.5668266      0.30630538   9.2677214e-05     0.022428639       2.9915629      0.97613368     0.043163024      0.99273174      -24.280118       -24.280118        2470.686                                                  2470.686
              1       1206.6447       0.6785173      0.31316929   9.4548139e-05     0.022535006       2.9958173      0.97480458     0.043564703      0.99416585      -24.280118       -24.280118       2461.8497                                                 2461.8497
              3       1204.7374      0.65116249      0.30964693   9.3756513e-05     0.022558562       3.0097097       0.9773727     0.047637632      0.99757796      -24.280118       -24.280118       2458.0349                                                 2458.0349
              5       1205.0041      0.67811262      0.30996908   9.3951278e-05     0.022558141       3.0064032        0.977204     0.045745884      0.99794282      -24.280118       -24.280118       2458.5685                                                 2458.5685
              1       1205.6284      0.69763078      0.31083828   9.4263146e-05     0.022590311       3.0031236      0.97827911     0.043315747      0.99912852      -24.280118       -24.280118        2459.817                                                  2459.817
              7       1206.7648      0.66694565      0.30672002   9.3266535e-05     0.022685568        3.032094       0.9774885     0.053202292       1.0026274      -24.280118       -24.280118       2462.0898                                                 2462.0898
              1       1206.9134      0.65833939      0.30598593   9.3071783e-05      0.02269423       3.0322504       0.9777295     0.053225863       1.0029075      -24.280118       -24.280118        2462.387                                                  2462.387
              3       1204.1354      0.64634793      0.30993132   9.3795379e-05     0.022573128       3.0218679       0.9746408      0.05294516      0.99808064      -24.280118       -24.280118        2456.831                                                  2456.831
              1         1206.43      0.75544974      0.31240553   9.4789989e-05       0.0225464       3.0062238      0.97692634     0.045454995       0.9978896      -24.280118       -24.280118       2461.4201                                                 2461.4201
              4       1205.8891      0.73733307      0.31234156   9.4691345e-05     0.022543071       3.0048153      0.97675125     0.044866971      0.99756921      -24.280118       -24.280118       2460.3384                                                 2460.3384
              1       1204.2882      0.59800637       0.3081461   9.3234799e-05     0.022480727       2.9942165      0.97219722     0.036279555      0.99964558      -24.280118       -24.280118       2457.1366                                                 2457.1366
              2       1204.9787      0.51327448      0.30559836   9.2332393e-05     0.022470579       2.9817959      0.97347246     0.030537073       1.0000465      -24.280118       -24.280118       2458.5177                                                 2458.5177
              3       1204.4606      0.41997159      0.30888874   9.2450548e-05     0.022519347       2.9819821      0.97398268     0.027523855       1.0009071      -24.280118       -24.280118       2457.4814                                                 2457.4814
              5       1205.1876      0.38320225      0.31075133   9.2683943e-05     0.022524339       2.9894171      0.97201278     0.035009623      0.99762609      -24.280118       -24.280118       2458.9355                                                 2458.9355
              6       1204.9962      0.35570251      0.30975611   9.2358551e-05     0.022573814       2.9859571      0.96993619     0.032984025      0.99730631      -24.280118       -24.280118       2458.5525                                                 2458.5525
              7       1205.4152      0.37782917      0.31023067   9.2526189e-05     0.022597089       2.9847587      0.97023877     0.032642057      0.99719063      -24.280118       -24.280118       2459.3907                                                 2459.3907
              2       1205.5405      0.38220127      0.31316403   9.3305579e-05     0.022447248       3.0020184      0.96898599     0.039367715      0.99757581      -24.280118       -24.280118       2459.6413                                                 2459.6413
              5       1205.5303      0.38131208       0.3131283   9.3299512e-05     0.022447326       3.0026334      0.96891314     0.039608345      0.99767261      -24.280118       -24.280118       2459.6207                                                 2459.6207
              1       1207.8778      0.43495089      0.31293716   9.3742071e-05     0.022403639       3.0140362      0.97197917     0.044597746      0.99975884      -24.280118       -24.280118       2464.3158                                                 2464.3158
              3       1207.8549      0.43381675      0.31283298   9.3718634e-05      0.02240225       3.0137821       0.9720415     0.044520045      0.99972577      -24.280118       -24.280118         2464.27                                                   2464.27
              5       1208.4884      0.32868135      0.30702764   9.2070947e-05     0.022403965       2.9886126      0.97628604     0.031765752      0.99998776      -24.280118       -24.280118        2465.537                                                  2465.537
              1       1207.1719      0.45430992       0.3107417   9.3208238e-05     0.022421291       2.9913496      0.97673047     0.033250277      0.99953277      -24.280118       -24.280118        2462.904                                                  2462.904
              2       1206.8192      0.56513426      0.31190779   9.3798115e-05      0.02257747       2.9735728      0.97487933     0.026078298      0.99785873      -24.280118       -24.280118       2462.1986                                                 2462.1986
              1       1206.6833       0.5370082      0.31147165   9.3518652e-05     0.022676491       2.9750868      0.97283689     0.025682015      0.99928899      -24.280118       -24.280118       2461.9268                                                 2461.9268
              1       1206.7737      0.47057057      0.30455994   9.1996209e-05     0.022635854        2.965396      0.97104017     0.022905618      0.99826169      -24.280118       -24.280118       2462.1075                                                 2462.1075
              3       1209.0861      0.69519952      0.31129495   9.4084393e-05     0.022747414       2.9838968      0.96677015     0.032783024        0.996723      -24.280118       -24.280118       2466.7324                                                 2466.7324
              2        1208.607      0.55477366      0.31042578   9.3189928e-05     0.022681625       2.9725288      0.96383204     0.026611613      0.99628461      -24.280118       -24.280118       2465.7743                                                 2465.7743
              1       1209.3652      0.42862849      0.30303324    9.097527e-05     0.022814236       2.9893142      0.96487366     0.033189179      0.99746479      -24.280118       -24.280118       2467.2906                                                 2467.2906
              4       1209.3565      0.42885315      0.30307294   9.0983077e-05     0.022815623       2.9887554      0.96491483     0.032927431      0.99744611      -24.280118       -24.280118       2467.2732                                                 2467.2732
              2       1212.3949      0.30305026      0.30026736   8.9772732e-05     0.022953516       3.0110629      0.96456816     0.044793937      0.99677607      -24.280118       -24.280118         2473.35                                                   2473.35
              2       1210.0256      0.60463116       0.3066364   9.2769681e-05     0.022819335       3.0226776      0.97050332      0.05508863       0.9966697      -24.280118       -24.280118       2468.6114                                                 2468.6114
              2       1209.4999      0.59998519      0.30676034   9.2782894e-05     0.022806865        3.021701      0.97034253     0.054455724      0.99672149      -24.280118       -24.280118         2467.56                                                   2467.56
              6       1209.6062      0.63202872      0.30770485   9.3171025e-05     0.022834153       3.0264875      0.97279531     0.056682041       0.9963914      -24.280118       -24.280118       2467.7725                                                 2467.7725
              3        1208.715      0.62482165      0.30873356     9.33633e-05     0.022779633       3.0287277      0.97213213     0.057856023       0.9962694      -24.280118       -24.280118       2465.9903                                                 2465.9903
              1       1208.9878      0.64416774      0.30871198   9.3440434e-05     0.022787871        3.030991      0.97169274      0.05881137      0.99647222      -24.280118       -24.280118       2466.5358                                                 2466.5358
              4       1207.2839       0.6034922      0.30797471   9.3143567e-05     0.022750524       3.0163727      0.97005675     0.051590468      0.99613306      -24.280118       -24.280118       2463.1279                                                 2463.1279
              1        1205.509      0.43392723      0.30754654   9.2454248e-05     0.022586093       3.0025584      0.96816005     0.044178197      0.99533437      -24.280118       -24.280118       2459.5782                                                 2459.5782
              3       1205.0532      0.46154892      0.30976221   9.2981733e-05     0.022573642       3.0031204      0.96892945     0.044369549      0.99562087      -24.280118       -24.280118       2458.6665                                                 2458.6665
              7       1204.6026      0.44477188      0.30917998   9.2763821e-05     0.022591998       3.0018743      0.96884378     0.042587912      0.99664668      -24.280118       -24.280118       2457.7654                                                 2457.7654
              1       1206.4416      0.49359619      0.31201869   9.3203826e-05     0.022738927       3.0108075      0.96844095     0.045495251      0.99732394      -24.280118       -24.280118       2461.4435                                                 2461.4435
              4       1205.7674      0.52180985      0.31299337   9.3530255e-05     0.022710774        3.008854      0.96866132     0.044525157      0.99744629      -24.280118       -24.280118        2460.095                                                  2460.095
              3       1206.2531      0.55125674      0.31569615   9.4241525e-05     0.022651497        3.016025      0.96598573     0.046000115      0.99899353      -24.280118       -24.280118       2461.0665                                                 2461.0665
              2       1208.5279      0.68242487      0.31582569   9.4631494e-05      0.02278718       3.0223131      0.96763908     0.048193003      0.99989243      -24.280118       -24.280118       2465.6161                                                 2465.6161
              2       1208.4635        0.600916      0.31531937   9.4126125e-05     0.022758958       3.0073158      0.96843571     0.037115221       1.0027568      -24.280118       -24.280118       2465.4872                                                 2465.4872
              1          1208.5      0.70973032      0.31952692    9.562165e-05     0.022645118       2.9991206      0.97047227     0.034194973       1.0013293      -24.280118       -24.280118       2465.5603                                                 2465.5603
             12       1207.8078      0.70723022      0.31947156   9.5646384e-05     0.022632366       2.9952871      0.97044409     0.032786586        1.000953      -24.280118       -24.280118       2464.1759                                                 2464.1759
              2       1209.6942      0.65846529      0.32003466   9.5711979e-05      0.02260419       3.0079031      0.97142541     0.036170635       1.0033751      -24.280118       -24.280118       2467.9487                                                 2467.9487
              6       1207.8404      0.68223276      0.32050992    9.604377e-05     0.022569061       3.0062428      0.97219407     0.038550408       1.0009832      -24.280118       -24.280118       2464.2411                                                 2464.2411
              1       1207.8257      0.69294746        0.320779    9.616181e-05     0.022551204       3.0065813       0.9721137     0.038474145       1.0012162      -24.280118       -24.280118       2464.2116                                                 2464.2116
              3       1207.6484      0.82370499      0.32073906    9.665178e-05      0.02262778       2.9995596      0.97401093     0.036113903       1.0016489      -24.280118       -24.280118        2463.857                                                  2463.857
              5        1208.082      0.69682924      0.32171409   9.6387341e-05     0.022491385       2.9756359      0.96854735     0.021987979       1.0030904      -24.280118       -24.280118       2464.7243                                                 2464.7243
              3       1206.8948      0.67744397      0.31784614   9.5530246e-05     0.022519464       2.9759075      0.96883685     0.023212905       1.0029734      -24.280118       -24.280118       2462.3498                                                 2462.3498
              6       1205.6313      0.52777504      0.31727745   9.4788357e-05     0.022385886       2.9742576       0.9656964     0.022828047       1.0009778      -24.280118       -24.280118       2459.8228                                                 2459.8228
              1       1205.1224      0.43696351      0.31453212    9.391838e-05     0.022346846       2.9713386      0.96680629     0.022125315       1.0007258      -24.280118       -24.280118        2458.805                                                  2458.805
              3       1204.5024      0.48081112      0.31438607   9.4156439e-05     0.022305055        3.001746      0.96907001     0.036772494       1.0020406      -24.280118       -24.280118        2457.565                                                  2457.565
              4       1203.8671      0.45606487      0.31262555   9.3653812e-05      0.02234344       3.0046353      0.96957173     0.038017391       1.0021808      -24.280118       -24.280118       2456.2945                                                 2456.2945
              4       1206.5056      0.68182392       0.3191122   9.5658542e-05     0.022452367       3.0106122      0.97026739     0.041619422       1.0006531      -24.280118       -24.280118       2461.5715                                                 2461.5715
             10       1206.6049      0.67968332       0.3190752   9.5633727e-05     0.022454383        3.012552      0.97014664     0.042622502       1.0005742      -24.280118       -24.280118       2461.7699                                                 2461.7699
              2       1207.5689      0.39509161      0.31217062   9.2928685e-05     0.022471601       3.0283821      0.96584976     0.049008649       1.0002625      -24.280118       -24.280118       2463.6981                                                 2463.6981
              3       1207.9984      0.36011891      0.31177098   9.2818288e-05     0.022453013       3.0180317      0.96608441     0.045443228      0.99794606      -24.280118       -24.280118        2464.557                                                  2464.557
              3       1206.8558      0.34588226      0.31094183    9.262823e-05     0.022438886       3.0163354      0.96608266     0.043954464      0.99890938      -24.280118       -24.280118       2462.2719                                                 2462.2719
              8       1207.3889       0.4029905      0.31456808   9.3508764e-05     0.022481789        3.003659      0.96413378     0.037317537      0.99878773      -24.280118       -24.280118       2463.3381                                                 2463.3381
              3       1207.1541      0.46385933      0.31475282   9.3936641e-05     0.022473275       3.0142698      0.96397116     0.043497794      0.99874926      -24.280118       -24.280118       2462.8684                                                 2462.8684
              3        1207.804      0.40857172      0.31217388   9.3086269e-05     0.022527057       3.0259085      0.96333789     0.046559961       1.0017278      -24.280118       -24.280118       2464.1681                                                 2464.1681
              4       1207.9497      0.30328627      0.30860062   9.2014533e-05     0.022464503       3.0345774      0.96444707     0.051788416       1.0013472      -24.280118       -24.280118       2464.4597                                                 2464.4597
              3       1206.6183      0.28745553      0.30740535   9.1986971e-05     0.022364267        3.017685       0.9641768     0.044599609       1.0009429      -24.280118       -24.280118       2461.7967                                                 2461.7967
              6       1206.5802      0.28704465      0.30739989   9.1983735e-05     0.022364209       3.0175433      0.96418266     0.044539403       1.0009394      -24.280118       -24.280118       2461.7207                                                 2461.7207
              2       1205.2806      0.34136097      0.30772497   9.2373812e-05      0.02229179       3.0121291       0.9680772     0.042282233        1.001065      -24.280118       -24.280118       2459.1215                                                 2459.1215
              1       1204.2059      0.33109404      0.30785063   9.2296162e-05     0.022307834       3.0098648      0.96847755     0.041265716       1.0011744      -24.280118       -24.280118        2456.972                                                  2456.972
              1       1203.9429      0.32893329       0.3063612    9.182149e-05     0.022414298       3.0111333      0.96579125     0.040830788       1.0016512      -24.280118       -24.280118       2456.4461                                                 2456.4461
              2       1203.9506      0.45850169      0.30955585   9.3049696e-05     0.022394997       3.0008319      0.96621498     0.035895475        1.001949      -24.280118       -24.280118       2456.4615                                                 2456.4615
              7       1204.7626      0.40542851      0.30582735   9.2199082e-05     0.022398831       2.9941009      0.96583845     0.034979702       1.0005839      -24.280118       -24.280118       2458.0855                                                 2458.0855
              6       1205.0657      0.39994593      0.30508358   9.1766549e-05     0.022426503       2.9825753      0.96805875     0.025937543       1.0032921      -24.280118       -24.280118       2458.6916                                                 2458.6916
              3       1205.0423      0.38983525      0.30483284   9.1655945e-05     0.022432409       2.9830585      0.96787759     0.026197942       1.0032212      -24.280118       -24.280118       2458.6448                                                 2458.6448
              2        1205.189      0.33374696      0.30436173   9.1406713e-05     0.022378412       2.9742881      0.96547577     0.023249693       1.0014039      -24.280118       -24.280118       2458.9383                                                 2458.9383
              8       1204.3051      0.33428574      0.30420551   9.1291313e-05     0.022476554       2.9650113      0.96698682     0.019461905        1.000572      -24.280118       -24.280118       2457.1705                                                 2457.1705
              3       1203.9813      0.39088571      0.30473473   9.1662104e-05     0.022501789       2.9716665      0.96744456     0.023325953         1.00025      -24.280118       -24.280118       2456.5228                                                 2456.5228
              2       1203.9417      0.39100858      0.30469963   9.1655423e-05     0.022503084       2.9719424      0.96745106     0.023460772       1.0002592      -24.280118       -24.280118       2456.4437                                                 2456.4437
             10       1203.8931      0.46386052      0.30606128   9.2186236e-05     0.022544505       2.9739302      0.96939265     0.024502806       1.0008201      -24.280118       -24.280118       2456.3463                                                 2456.3463
              3       1203.9561      0.46053824      0.30606168   9.2176406e-05     0.022541453       2.9734699      0.96927052     0.024155544       1.0009383      -24.280118       -24.280118       2456.4724                                                 2456.4724
              2       1204.3489      0.48481876       0.3076072   9.2519933e-05     0.022611286       2.9725146      0.96962024      0.02323602       1.0010574      -24.280118       -24.280118        2457.258                                                  2457.258
              4       1204.5009      0.45492271      0.30479761   9.1785729e-05     0.022661648       2.9751957      0.96984533     0.025136608       1.0002306      -24.280118       -24.280118        2457.562                                                  2457.562
              2        1204.239       0.4057767      0.30396814   9.1397286e-05     0.022639211       2.9728738      0.97061587      0.02366216       1.0003093      -24.280118       -24.280118       2457.0382                                                 2457.0382
             19       1205.2561      0.38213797      0.30486412   9.1322185e-05      0.02271365       2.9719558      0.97037695      0.02370179      0.99971462      -24.280118       -24.280118       2459.0724                                                 2459.0724
              1       1206.4667      0.32781005      0.30357433   9.0810597e-05     0.022713092       2.9801931      0.97341853     0.025822435       1.0006532      -24.280118       -24.280118       2461.4936                                                 2461.4936
              4       1206.5618      0.34210643      0.30126433   9.0415003e-05     0.022759412        2.989335      0.97277466     0.029719926       1.0013997      -24.280118       -24.280118       2461.6839                                                 2461.6839
              3       1205.5075      0.28341673      0.30210529   9.0532207e-05     0.022600107       2.9632557      0.97082171     0.018584258      0.99945719      -24.280118       -24.280118       2459.5751                                                 2459.5751
              2       1205.7473      0.33713525      0.29880845   9.0108182e-05     0.022648237        2.967505      0.97054993     0.024173926       0.9977944      -24.280118       -24.280118       2460.0548                                                 2460.0548
              7       1205.7506      0.32181086      0.29837566   8.9973923e-05     0.022647725       2.9682854      0.97063542     0.024741351      0.99770114      -24.280118       -24.280118       2460.0615                                                 2460.0615
              1       1205.0032      0.35947134      0.29669239   8.9842675e-05     0.022650545       2.9915724      0.97367746     0.036463472      0.99810869      -24.280118       -24.280118       2458.5667                                                 2458.5667
              1       1205.0405      0.37254294      0.30051118   9.0777558e-05     0.022613994       2.9909073      0.97455861     0.035642199      0.99824703      -24.280118       -24.280118       2458.6413                                                 2458.6413
              1       1205.0153      0.66975457      0.31292046   9.4273211e-05     0.022705289       3.0077309       0.9736503     0.039379253       1.0023171      -24.280118       -24.280118       2458.5907                                                 2458.5907
              3       1205.6532       0.7050986      0.31411192   9.4652349e-05     0.022714908       3.0086487      0.97453997     0.040096942       1.0021473      -24.280118       -24.280118       2459.8665                                                 2459.8665
              8       1206.9103      0.56768722      0.31155421   9.3569264e-05     0.022676358       3.0167458      0.97603263     0.041901984       1.0042058      -24.280118       -24.280118       2462.3808                                                 2462.3808
              5       1207.0008      0.53723327      0.31072626   9.3289242e-05     0.022665546       3.0160519      0.97604477     0.041421738       1.0042767      -24.280118       -24.280118       2462.5618                                                 2462.5618
              4       1207.0198      0.56075954      0.31053224    9.335915e-05     0.022675139        3.013827      0.97621557     0.040228619       1.0043253      -24.280118       -24.280118       2462.5999                                                 2462.5999
              1        1207.228      0.65118055      0.31187728   9.4023799e-05     0.022714689       3.0213501      0.97883467     0.046918223       1.0020486      -24.280118       -24.280118       2463.0162                                                 2463.0162
              3       1208.8158      0.65103381      0.31199617   9.4029649e-05     0.022731486       3.0227075      0.97978372      0.04684933       1.0026844      -24.280118       -24.280118       2466.1919                                                 2466.1919
              5       1208.9904      0.65324136      0.31194926   9.4037473e-05     0.022718437       3.0247534      0.98037377     0.048021665       1.0028035      -24.280118       -24.280118        2466.541                                                  2466.541
              2       1208.2109      0.66137005      0.31090526   9.3840108e-05     0.022729718       3.0216727      0.98043712     0.047120775       1.0023395      -24.280118       -24.280118        2464.982                                                  2464.982
              1       1212.2447      0.58301875      0.31466306   9.3787792e-05      0.02284548       3.0226255      0.97250649     0.043496191       1.0043488      -24.280118       -24.280118       2473.0496                                                 2473.0496
              2       1211.7607      0.57265021      0.31434824   9.3711226e-05     0.022834355       3.0253851      0.97265351     0.045066789       1.0042538      -24.280118       -24.280118       2472.0816                                                 2472.0816
              8       1211.3817      0.50116771       0.3123749    9.302125e-05     0.022827389       3.0202522      0.97194808      0.04276538        1.004183      -24.280118       -24.280118       2471.3236                                                 2471.3236
              1       1211.5977      0.47350554      0.31174707   9.2769778e-05     0.022831989       3.0163265       0.9715257       0.0405067       1.0043266      -24.280118       -24.280118       2471.7557                                                 2471.7557
              1       1210.0242       0.4933198      0.30384113   9.1819234e-05     0.022749115       3.0190907      0.97566511     0.043142392       1.0064337      -24.280118       -24.280118       2468.6086                                                 2468.6086
              3       1208.3423      0.46710396      0.30213565    9.137848e-05     0.022731599       3.0142804       0.9764835     0.041936101       1.0052199      -24.280118       -24.280118       2465.2448                                                 2465.2448
              1       1208.2632      0.46405963      0.30295217   9.1573929e-05     0.022679737       3.0120877      0.97660658     0.040275294       1.0057378      -24.280118       -24.280118       2465.0867                                                 2465.0867
              2       1207.1819      0.53371002      0.30407425   9.2043623e-05     0.022689355       3.0125521      0.97750293     0.041929472       1.0047699      -24.280118       -24.280118       2462.9241                                                 2462.9241
              3       1205.5046      0.53007689      0.30590526    9.239954e-05     0.022677309       3.0164581       0.9769967     0.045210404       1.0029641      -24.280118       -24.280118       2459.5694                                                 2459.5694
              4       1206.2391      0.35777459      0.30052667   9.0613564e-05     0.022620382       3.0103045       0.9782565     0.043380205       1.0018783      -24.280118       -24.280118       2461.0383                                                 2461.0383
              5        1206.874      0.30869769      0.30291223   9.1114935e-05     0.022401751       3.0081855      0.97829485     0.044782462      0.99949642      -24.280118       -24.280118       2462.3082                                                 2462.3082
              1       1205.4942      0.36862054      0.30743083    9.217628e-05     0.022434738       3.0087425      0.97443294      0.04590292      0.99815264      -24.280118       -24.280118       2459.5486                                                 2459.5486
              2       1205.5251      0.37417185      0.30754137   9.2229817e-05     0.022429205       3.0057626      0.97446884     0.044521501      0.99815489      -24.280118       -24.280118       2459.6104                                                 2459.6104
              3       1206.3556       0.3727452      0.30795194    9.231719e-05     0.022417425       3.0044364      0.97498931     0.044457543      0.99763761      -24.280118       -24.280118       2461.2714                                                 2461.2714
              4       1205.9225      0.43089638      0.30746913   9.2476131e-05     0.022464698       3.0024078      0.97613362     0.044613874      0.99686127      -24.280118       -24.280118       2460.4053                                                 2460.4053
              2       1205.9322      0.43566857      0.30753911   9.2508042e-05     0.022469342        3.003006      0.97622609      0.04498232      0.99678538      -24.280118       -24.280118       2460.4246                                                 2460.4246
              3       1205.2564      0.52177338      0.31050665   9.3424689e-05     0.022466431        3.012706      0.97527514     0.049058541      0.99749937      -24.280118       -24.280118       2459.0729                                                 2459.0729
              5       1206.1489      0.65949049      0.31207067   9.4450655e-05      0.02247606       3.0080765      0.97647922     0.046608052      0.99878755      -24.280118       -24.280118       2460.8581                                                 2460.8581
              4       1206.4322      0.62716952      0.31282382   9.4449263e-05     0.022490226       3.0024305       0.9762735     0.043554559      0.99870416      -24.280118       -24.280118       2461.4246                                                 2461.4246
              8       1206.1917      0.65792233      0.31635517   9.5326375e-05     0.022411402        2.998343      0.97536624     0.041174105      0.99836071      -24.280118       -24.280118       2460.9436                                                 2460.9436
              2       1204.7316      0.56293862      0.30631065   9.2678904e-05     0.022560492       2.9859213      0.97577765      0.03445187      0.99874877      -24.280118       -24.280118       2458.0235                                                 2458.0235
              5       1205.8449      0.68198965      0.30982235   9.3987228e-05     0.022568639       2.9881235      0.97314958     0.036501465      0.99822609      -24.280118       -24.280118         2460.25                                                   2460.25
              3       1204.9844      0.68238506         0.31024   9.3993381e-05     0.022602424       2.9973404      0.97246566       0.0417759      0.99697435      -24.280118       -24.280118       2458.5291                                                 2458.5291
              9        1207.188      0.81078685      0.31514595   9.5535278e-05     0.022695606       3.0099676      0.97252599     0.047722896      0.99597103      -24.280118       -24.280118       2462.9362                                                 2462.9362
              1       1206.1878      0.78883231      0.31595335   9.5645001e-05       0.0226444       3.0060424      0.97170271     0.045511375      0.99616713      -24.280118       -24.280118       2460.9358                                                 2460.9358
              2       1205.6004      0.75822191      0.31519776   9.5384547e-05     0.022633491       3.0102731      0.97127874     0.046637672      0.99692827      -24.280118       -24.280118       2459.7611                                                 2459.7611
              1        1207.808      0.71514261      0.31261444   9.4762133e-05     0.022438551        3.021005      0.97475761     0.053241058      0.99597578      -24.280118       -24.280118       2464.1762                                                 2464.1762
              1       1207.8257      0.71528411      0.31257384    9.475927e-05     0.022436904       3.0206997      0.97478098     0.053102896      0.99597272      -24.280118       -24.280118       2464.2116                                                 2464.2116
             10        1209.018      0.46163503      0.30123446   9.1212278e-05     0.022492709        3.000976      0.96766671     0.043003821      0.99515578      -24.280118       -24.280118       2466.5962                                                 2466.5962
              2       1208.0906      0.28278416      0.29972924   9.0205471e-05     0.022412172       3.0106253      0.96313752     0.044609746      0.99878834      -24.280118       -24.280118       2464.7414                                                 2464.7414
              1       1206.8031      0.32575968      0.30177325   9.0785764e-05     0.022438825       3.0098479      0.96296275     0.043673438      0.99919368      -24.280118       -24.280118       2462.1664                                                 2462.1664
              2       1207.5971      0.26918481       0.2996094   8.9910756e-05     0.022575088       3.0324426      0.96552621     0.054068272      0.99955695      -24.280118       -24.280118       2463.7544                                                 2463.7544
              9       1208.1461      0.20902193       0.2979784   8.9400806e-05     0.022545182       3.0321411      0.96478157     0.053564887      0.99957786      -24.280118       -24.280118       2464.8524                                                 2464.8524
              1       1207.5223      0.16097417      0.29566841   8.8758065e-05     0.022570667       3.0345035      0.96803716      0.05556378      0.99926679      -24.280118       -24.280118       2463.6049                                                 2463.6049
              9       1206.7832      0.21194651      0.29770097   8.9491904e-05     0.022520179       3.0379032      0.96842221     0.056886382       0.9997402      -24.280118       -24.280118       2462.1266                                                 2462.1266
              5       1207.9571      0.28882355      0.29909292   9.0100126e-05     0.022527643       3.0438309      0.96956243     0.062126849      0.99781353      -24.280118       -24.280118       2464.4743                                                 2464.4743
              4       1208.1401      0.34939229      0.29977147   9.0519678e-05     0.022515428        3.046691       0.9696798     0.063318972      0.99882269      -24.280118       -24.280118       2464.8405                                                 2464.8405
              4       1207.9382      0.33696411      0.29998105   9.0518156e-05     0.022508004       3.0458771      0.96910199     0.062467443      0.99910104      -24.280118       -24.280118       2464.4366                                                 2464.4366
              2       1207.9722      0.36345177      0.29993849   9.0487214e-05     0.022624149       3.0470922      0.96951612     0.062473984       0.9996627      -24.280118       -24.280118       2464.5046                                                 2464.5046
              1        1206.401       0.4095533      0.30005729   9.0744251e-05     0.022602978       3.0407043      0.97097543     0.057781006       1.0019656      -24.280118       -24.280118       2461.3623                                                 2461.3623
              2       1206.5319      0.34079397      0.29678087   8.9861972e-05     0.022626987       3.0330413      0.97114704     0.053446029       1.0025377      -24.280118       -24.280118       2461.6241                                                 2461.6241
              4       1206.6914       0.3339239       0.2965245   8.9784774e-05     0.022623214       3.0334399      0.97111682     0.053595959       1.0025992      -24.280118       -24.280118       2461.9431                                                 2461.9431
              3       1205.7207      0.25781453       0.2950178   8.9159248e-05     0.022599329       3.0271866       0.9711853     0.052084703       1.0009422      -24.280118       -24.280118       2460.0017                                                 2460.0017
              1        1205.754      0.23957148      0.29567548   8.9257741e-05     0.022497944       3.0252011      0.96939398     0.052950112      0.99797715      -24.280118       -24.280118       2460.0682                                                 2460.0682
             13       1205.5248      0.61173367      0.31282495   9.4366442e-05     0.022512115       2.9967989      0.97047296     0.043141896      0.99390456      -24.280118       -24.280118       2459.6098                                                 2459.6098
              7       1205.4859      0.60805881      0.31209484   9.4085673e-05     0.022584234       2.9914405      0.97011652     0.040418366      0.99400894      -24.280118       -24.280118       2459.5321                                                 2459.5321
              3       1206.1426      0.75703189      0.31452908   9.5223824e-05     0.022644465       3.0051414      0.97461635      0.04704482      0.99523425      -24.280118       -24.280118       2460.8453                                                 2460.8453
              2       1207.9165      0.62544175      0.31241798   9.4159734e-05     0.022616464       2.9876071       0.9706538     0.038498068      0.99261148      -24.280118       -24.280118       2464.3933                                                 2464.3933
              4       1207.7698      0.63277671      0.31364086   9.4454968e-05     0.022619662       2.9823681      0.97066262     0.033581218      0.99450429      -24.280118       -24.280118       2464.0999                                                 2464.0999
              1       1204.7864      0.44494436      0.30897798   9.2842337e-05      0.02240058       2.9901747      0.97216654     0.034845686      0.99703516      -24.280118       -24.280118        2458.133                                                  2458.133
              2       1205.5897      0.37587015        0.307384   9.2217752e-05     0.022458575       2.9768354      0.97319453     0.026066209      0.99925317      -24.280118       -24.280118       2459.7396                                                 2459.7396
              6        1205.077      0.44728279      0.30967171   9.2861261e-05     0.022540836       2.9723095      0.97017053     0.022928484      0.99971971      -24.280118       -24.280118       2458.7143                                                 2458.7143
              2       1205.0774      0.44721915      0.30966521    9.285935e-05     0.022541146       2.9722905      0.97018014     0.022923746      0.99971613      -24.280118       -24.280118        2458.715                                                  2458.715
              2       1205.0553      0.45542706      0.30465789   9.1892953e-05     0.022567714       2.9845915      0.97284011     0.029350226       1.0001441      -24.280118       -24.280118       2458.6708                                                 2458.6708
             11       1204.9099      0.44985674       0.3046903   9.1858258e-05     0.022558821       2.9825813      0.97277227     0.028277038        1.000173      -24.280118       -24.280118       2458.3801                                                 2458.3801
              1       1207.8595      0.37857127      0.30176439   9.0973476e-05     0.022548099        2.975143      0.97174264     0.025381736      0.99849398      -24.280118       -24.280118       2464.2791                                                 2464.2791
              4       1209.0601      0.48963771      0.30104889   9.1109301e-05     0.022717212       3.0119015      0.97841173     0.047129644      0.99632703      -24.280118       -24.280118       2466.6805                                                 2466.6805
              3       1207.6576       0.5355713      0.30181362   9.1510633e-05     0.022696812       3.0197622      0.97977325     0.049336487      0.99897038      -24.280118       -24.280118       2463.8755                                                 2463.8755
              1        1206.776      0.37038244      0.30270211   9.1250162e-05     0.022544657       3.0320029      0.97466685     0.058662609      0.99617733      -24.280118       -24.280118       2462.1122                                                 2462.1122
              1       1206.8173      0.36024342      0.30238334    9.115285e-05     0.022545779       3.0312371      0.97448038     0.058167684      0.99618217      -24.280118       -24.280118       2462.1948                                                 2462.1948
              5        1205.427      0.37965689      0.30090509   9.0680188e-05     0.022721829       3.0236426      0.97439308      0.05328472       0.9969157      -24.280118       -24.280118       2459.4141                                                 2459.4141
              2       1205.1887      0.39361019      0.30145686   9.0849688e-05      0.02272007       3.0247409      0.97365602     0.053570036      0.99709138      -24.280118       -24.280118       2458.9377                                                 2458.9377
              3       1205.2307       0.4746129      0.30268812   9.1556664e-05     0.022649901        3.027887      0.97313553     0.056330016      0.99632039      -24.280118       -24.280118       2459.0217                                                 2459.0217
              1       1204.9499      0.44967646      0.30631225   9.2254978e-05     0.022516007       2.9719248      0.96897266     0.029532188      0.99491804      -24.280118       -24.280118       2458.4601                                                 2458.4601
              2       1205.7208      0.49891165      0.31075266   9.3362396e-05     0.022480611         2.97966      0.96824054     0.034484715      0.99425063      -24.280118       -24.280118       2460.0019                                                 2460.0019
              1       1205.3475      0.47787201      0.30963482   9.3112885e-05     0.022432192       2.9797236      0.96966926     0.034276865      0.99507227      -24.280118       -24.280118       2459.2553                                                 2459.2553
              3        1205.823      0.45761166      0.31346569   9.3989608e-05     0.022304835       2.9794422      0.96782897     0.031594205      0.99662034      -24.280118       -24.280118       2460.2063                                                 2460.2063
              3       1205.8979      0.45480458      0.31335343   9.3957519e-05     0.022304924       2.9798079      0.96794628      0.03205118      0.99638256      -24.280118       -24.280118        2460.356                                                  2460.356
              3       1204.6298       0.3906666      0.31187272   9.3331849e-05     0.022262447       2.9871383      0.96812561     0.034966223      0.99642743      -24.280118       -24.280118       2457.8199                                                 2457.8199
              2       1204.5683      0.39619261      0.31187544   9.3359417e-05     0.022264645       2.9872451      0.96863957     0.034981128      0.99657129      -24.280118       -24.280118       2457.6968                                                 2457.6968
              1         1204.45      0.39409184      0.31174456   9.3319156e-05     0.022271068       2.9876835      0.96863942     0.035159913      0.99658405      -24.280118       -24.280118       2457.4602                                                 2457.4602
              7       1205.3925      0.53542037       0.3170165    9.495015e-05     0.022289186       2.9881853      0.96891183     0.035010983      0.99635209      -24.280118       -24.280118       2459.3452                                                 2459.3452
              1       1206.9066      0.43008909        0.312272   9.3556498e-05     0.022244415        2.993928      0.97450486     0.040165417       0.9955669      -24.280118       -24.280118       2462.3734                                                 2462.3734
              3        1204.476      0.30586217      0.30429263   9.1355687e-05     0.022320916       3.0118347      0.97298331     0.048081136      0.99668511      -24.280118       -24.280118       2457.5122                                                 2457.5122
              6       1204.8117      0.29955259      0.30444941   9.1379503e-05     0.022307869       3.0114816       0.9724282     0.048294562      0.99642832      -24.280118       -24.280118       2458.1837                                                 2458.1837
              2       1206.0227      0.26898578      0.30336749   9.1035613e-05     0.022299605       3.0137044      0.97291583     0.049990984       0.9960701      -24.280118       -24.280118       2460.6057                                                 2460.6057
              1       1205.8061      0.24323295      0.30191859    9.063654e-05     0.022311928       3.0074171      0.97395419     0.045743725      0.99758785      -24.280118       -24.280118       2460.1725                                                 2460.1725
             10        1205.428      0.28950244      0.30270639   9.0910384e-05     0.022383396       3.0161266      0.97415266     0.049459646      0.99836601      -24.280118       -24.280118       2459.4162                                                 2459.4162
              1       1204.6616      0.34035541      0.29860217     9.03141e-05     0.022528966       3.0131525       0.9723366     0.049293437      0.99770254      -24.280118       -24.280118       2457.8834                                                 2457.8834
              4       1204.8931       0.3368639      0.29849573    9.022269e-05     0.022570851       3.0000743       0.9731737     0.040730631      0.99985545      -24.280118       -24.280118       2458.3465                                                 2458.3465
              9       1205.0586       0.3321835      0.29920898   9.0411322e-05     0.022526397        2.995248      0.97255034     0.038744119      0.99948938      -24.280118       -24.280118       2458.6774                                                 2458.6774
              4       1204.7366      0.33418704      0.29921806   9.0400851e-05     0.022535257       2.9949519      0.97263049     0.038620088      0.99931487      -24.280118       -24.280118       2458.0335                                                 2458.0335
              4       1205.1951       0.1996539      0.29555411   8.8904801e-05     0.022666067       3.0044595      0.96939157     0.042405446      0.99849509      -24.280118       -24.280118       2458.9505                                                 2458.9505
              2       1205.4008      0.16305374      0.29544615   8.8825969e-05     0.022590292       2.9989768      0.96759845      0.04089685      0.99704606      -24.280118       -24.280118       2459.3618                                                 2459.3618
              5       1205.8926      0.17304091      0.29513141   8.8741148e-05     0.022657926       2.9993084      0.96827368     0.041282613      0.99668834      -24.280118       -24.280118       2460.3454                                                 2460.3454
              4       1208.4177     0.085092757      0.29220414    8.764901e-05     0.022694569       2.9927697      0.96632529     0.036265502      0.99754121      -24.280118       -24.280118       2465.3956                                                 2465.3956
              9       1208.5838     0.092548108      0.29249734   8.7741685e-05     0.022703448       2.9913125      0.96588503     0.035359972      0.99776875      -24.280118       -24.280118       2465.7278                                                 2465.7278
              1        1208.489     0.093753564      0.29044876   8.7384753e-05     0.022683976       2.9962911      0.96730143     0.037640873      0.99838472      -24.280118       -24.280118       2465.5383                                                 2465.5383
              1       1208.8081      0.14028002       0.2923572   8.7974743e-05     0.022679462       3.0057937      0.96460643     0.040945679      0.99941923      -24.280118       -24.280118       2466.1765                                                 2466.1765
              1       1207.6355      0.27513907      0.29589575   8.9186603e-05     0.022752803       3.0022708      0.96617764     0.038026953       1.0003645      -24.280118       -24.280118       2463.8312                                                 2463.8312
             13       1206.0719      0.26993242       0.2976132   8.9537064e-05     0.022698377       3.0048011      0.96631705     0.039010322       1.0002317      -24.280118       -24.280118       2460.7041                                                 2460.7041
             13       1205.7869      0.13342492      0.29643695   8.8867293e-05     0.022607427       2.9941664      0.96946946     0.033285355       1.0001132      -24.280118       -24.280118        2460.134                                                  2460.134
              1       1206.2543      0.08755429      0.29610771   8.8629272e-05     0.022581738       2.9940983       0.9681006      0.03418888      0.99868846      -24.280118       -24.280118       2461.0687                                                 2461.0687
              1       1204.3576     0.097242729      0.29849386   8.9305575e-05     0.022409738       3.0015983      0.96639972     0.038978113       0.9986432      -24.280118       -24.280118       2457.2753                                                 2457.2753
              1       1205.9006     0.099146566      0.29856516   8.9462882e-05     0.022359957       2.9963481      0.96441309     0.035139616      0.99974889      -24.280118       -24.280118       2460.3614                                                 2460.3614
              3        1206.563      0.15492186      0.29697674   8.9406056e-05     0.022351827       2.9935956      0.96554972     0.035578918      0.99841721      -24.280118       -24.280118       2461.6862                                                 2461.6862
              1       1206.5726      0.15390115      0.29683867   8.9404348e-05     0.022340468       2.9944804      0.96608196     0.036201318      0.99837357      -24.280118       -24.280118       2461.7054                                                 2461.7054
              1       1208.4622     0.081616941      0.29351072   8.8406931e-05     0.022342234       3.0059804      0.96586304     0.040508014      0.99952468      -24.280118       -24.280118       2465.4846                                                 2465.4846
              2        1205.746      0.11091295       0.2970703   8.9202482e-05     0.022312608       2.9897531      0.96680356      0.03422718       0.9977803      -24.280118       -24.280118       2460.0522                                                 2460.0522
              2       1205.6978      0.13034702      0.29709701   8.9265502e-05     0.022328875       2.9892647      0.96679643     0.034085618      0.99771226      -24.280118       -24.280118       2459.9558                                                 2459.9558
              4       1204.4035      0.27832512      0.30318238   9.1010414e-05     0.022458732       2.9896332      0.96590452     0.032139395      0.99955989      -24.280118       -24.280118       2457.3671                                                 2457.3671
              8       1203.2984      0.42542811      0.30837194   9.2749048e-05     0.022356243       2.9980001      0.96843375     0.038058419       0.9983709      -24.280118       -24.280118        2455.157                                                  2455.157
              5       1203.6537      0.36681021      0.30466703   9.1790231e-05     0.022356601       2.9900865       0.9691285      0.03670632      0.99649225      -24.280118       -24.280118       2455.8676                                                 2455.8676
              5       1204.7277      0.25457439      0.30033138   9.0454935e-05     0.022408753       3.0066506      0.96831424     0.044909431      0.99636243      -24.280118       -24.280118       2458.0156                                                 2458.0156
              2       1203.7129      0.25688327      0.30240005   9.0746667e-05     0.022371126       2.9933379      0.96592899     0.036638179      0.99809327      -24.280118       -24.280118        2455.986                                                  2455.986
              2       1203.2822      0.30252289      0.30481904   9.1421146e-05     0.022360845       2.9999602      0.96679586      0.04040435       0.9978566      -24.280118       -24.280118       2455.1246                                                 2455.1246
              2       1205.0003      0.40663125      0.30882462   9.2789948e-05     0.022290991       3.0067646      0.96427783     0.042613761      0.99888242      -24.280118       -24.280118       2458.5608                                                 2458.5608
              5       1205.1851      0.39668972      0.30860639   9.2723894e-05     0.022282962       3.0051392       0.9639957     0.041903565      0.99839816      -24.280118       -24.280118       2458.9303                                                 2458.9303
              3        1204.644      0.30661668      0.30660029    9.179363e-05     0.022329844       3.0098261      0.96398834     0.043501774      0.99836136      -24.280118       -24.280118       2457.8483                                                 2457.8483
              1       1204.1504       0.3976961       0.3119365   9.3341755e-05     0.022269331       3.0035772      0.96730802     0.041598618      0.99761459      -24.280118       -24.280118        2456.861                                                  2456.861
              1        1204.488      0.37772405      0.30734575   9.2153892e-05     0.022398557       3.0185371      0.97165287     0.051688437      0.99620038      -24.280118       -24.280118       2457.5362                                                 2457.5362
              1       1203.9731      0.37116602      0.30754313   9.2090814e-05     0.022422952       3.0124024      0.97151597     0.048236453      0.99621744      -24.280118       -24.280118       2456.5064                                                 2456.5064
              2       1202.8527      0.40797832      0.30381028   9.1555007e-05     0.022472073       3.0095202      0.97540266     0.045649885      0.99809075      -24.280118       -24.280118       2454.2656                                                 2454.2656
              1       1202.8965      0.41005981       0.3038297   9.1569677e-05     0.022468819       3.0095635      0.97540742     0.045810893      0.99791645      -24.280118       -24.280118       2454.3532                                                 2454.3532
             13       1202.8676      0.41151998      0.30386655   9.1579022e-05     0.022475436       3.0097503      0.97538742     0.045923572       0.9978642      -24.280118       -24.280118       2454.2955                                                 2454.2955
              1       1202.8119      0.39624574      0.30347602   9.1445939e-05     0.022470171       3.0089873      0.97535925     0.045274903      0.99815333      -24.280118       -24.280118        2454.184                                                  2454.184
              2       1203.6444      0.39895838       0.3040229   9.1521078e-05     0.022515744       3.0224969      0.97546617      0.05192741      0.99848624      -24.280118       -24.280118       2455.8491                                                 2455.8491
              3       1203.3264      0.34499491      0.30457977   9.1427454e-05     0.022475595       3.0210478      0.97302203     0.051006385      0.99789503      -24.280118       -24.280118        2455.213                                                  2455.213
              2       1203.4489      0.30766637      0.30452625   9.1287187e-05     0.022436884       3.0201796      0.97226536     0.049619413      0.99817558      -24.280118       -24.280118        2455.458                                                  2455.458
              2       1203.4392      0.30853035      0.30437575   9.1261026e-05     0.022443478       3.0213573      0.97211995     0.050077271      0.99831028      -24.280118       -24.280118       2455.4387                                                 2455.4387
              2       1204.4256       0.5541963      0.30811684   9.3145881e-05     0.022474967       3.0207207      0.97606011     0.050573415      0.99830212      -24.280118       -24.280118       2457.4114                                                 2457.4114
              2        1203.466      0.59809207       0.3103871   9.3729974e-05     0.022487361        3.012024      0.97420151     0.045225164      0.99890824      -24.280118       -24.280118       2455.4922                                                 2455.4922
              1       1204.0957      0.37301544      0.30269791   9.1385817e-05     0.022308754       3.0015024      0.97354161     0.040973142      0.99866019      -24.280118       -24.280118       2456.7516                                                 2456.7516
              2        1205.796       0.4989678      0.30690415   9.2757555e-05     0.022284659       2.9949341      0.97001698     0.039774377      0.99671816      -24.280118       -24.280118       2460.1523                                                 2460.1523
              8       1205.8743      0.32906726       0.3047677   9.1536607e-05     0.022346276       2.9965085      0.96679114     0.042830701      0.99436052      -24.280118       -24.280118       2460.3088                                                 2460.3088
              3       1205.4559       0.3628512      0.30446771    9.170587e-05     0.022334864       2.9968325      0.96727383     0.042829461      0.99490665      -24.280118       -24.280118       2459.4721                                                 2459.4721
              1       1204.6867      0.41728413      0.30807773   9.2646386e-05     0.022393077       2.9963984        0.968278     0.042353499      0.99488445      -24.280118       -24.280118       2457.9337                                                 2457.9337
              1       1204.6893      0.39785076      0.30996353   9.2819317e-05     0.022396965       2.9938505      0.96744986     0.040213175      0.99520588      -24.280118       -24.280118       2457.9389                                                 2457.9389
              7       1204.7374      0.34663822      0.30831195   9.2307212e-05     0.022367908       2.9994727      0.96910196     0.042989338      0.99552915      -24.280118       -24.280118        2458.035                                                  2458.035
             15       1205.4035      0.25216048      0.30694424   9.1566366e-05     0.022336363       2.9937537       0.9652038      0.03464815      0.99753794      -24.280118       -24.280118       2459.3673                                                 2459.3673
              1       1205.3546      0.24404649      0.30746635   9.1513623e-05      0.02240236       2.9899102      0.96400553     0.031947097      0.99802426      -24.280118       -24.280118       2459.2695                                                 2459.2695
              2       1205.0671      0.25168067      0.30660377   9.1344615e-05     0.022433956       2.9926119      0.96456465      0.03281959      0.99855403      -24.280118       -24.280118       2458.6945                                                 2458.6945
              1       1204.3275       0.2627002      0.30584405   9.1218704e-05      0.02247867       2.9893307      0.96488799     0.032172441      0.99800018      -24.280118       -24.280118       2457.2153                                                 2457.2153
             18       1205.2462      0.28090659      0.30520349    9.123616e-05     0.022460546       2.9876656      0.96441153     0.032410255      0.99686137      -24.280118       -24.280118       2459.0526                                                 2459.0526
              2       1204.8276      0.29871714      0.30585976   9.1496438e-05     0.022420945       2.9906378      0.96515895      0.03363812      0.99729294      -24.280118       -24.280118       2458.2155                                                 2458.2155
              1       1204.8747       0.2972219      0.30568258   9.1450257e-05     0.022419812       2.9907678      0.96499796     0.033596465      0.99739235      -24.280118       -24.280118       2458.3096                                                 2458.3096
              2       1204.8573      0.30028708      0.30577451   9.1479903e-05     0.022421179       2.9907685      0.96502005     0.033610412      0.99738746      -24.280118       -24.280118       2458.2748                                                 2458.2748
              4       1204.3328      0.25992629      0.30747238   9.1682451e-05     0.022383056       2.9894459      0.96536105     0.032452311      0.99790434      -24.280118       -24.280118       2457.2258                                                 2457.2258
              7       1203.1105      0.30113816      0.30596161   9.1568777e-05     0.022434491       3.0077193      0.96839413     0.041095587      0.99923991      -24.280118       -24.280118       2454.7812                                                 2454.7812
              1       1203.1008      0.30371727      0.30597909   9.1585299e-05     0.022434878       3.0079374      0.96850377     0.041236305      0.99923675      -24.280118       -24.280118       2454.7618                                                 2454.7618
              3       1202.7319      0.33575954      0.30445367    9.140904e-05     0.022460425       3.0149347      0.96850605     0.043858016        1.000955      -24.280118       -24.280118       2454.0241                                                 2454.0241
              1       1203.9549      0.41704035       0.3056256   9.1786989e-05     0.022601265        3.013848      0.96842145     0.040907444       1.0028318      -24.280118       -24.280118       2456.4699                                                 2456.4699
              1        1203.913      0.42446802      0.30591694   9.1874694e-05     0.022606345       3.0140476       0.9682653     0.041153183       1.0027029      -24.280118       -24.280118       2456.3863                                                 2456.3863
              2        1203.937      0.40711846      0.30359757   9.1277736e-05     0.022655076       3.0122051      0.96892402     0.042045098       1.0006695      -24.280118       -24.280118       2456.4342                                                 2456.4342
              2        1204.494      0.40067191      0.30329828   9.1214712e-05     0.022623055       3.0099472      0.96738625     0.040845557       1.0005854      -24.280118       -24.280118       2457.5482                                                 2457.5482
              4       1204.1514       0.4918439      0.30451849   9.1837574e-05     0.022624937       3.0147227      0.96926919     0.044107762       1.0005494      -24.280118       -24.280118        2456.863                                                  2456.863
              3        1205.565      0.35673616      0.30272119   9.0964537e-05      0.02248788       3.0043029      0.96542991     0.038212338       1.0010308      -24.280118       -24.280118       2459.6902                                                 2459.6902
              7       1206.4003      0.23112326      0.29785305   8.9490243e-05     0.022476224       3.0142827      0.96683798     0.043730226       1.0009705      -24.280118       -24.280118       2461.3609                                                 2461.3609
              2       1207.1416      0.32274483      0.30009615   9.0128718e-05     0.022612637        3.008986      0.96871314     0.037455455       1.0042441      -24.280118       -24.280118       2462.8435                                                 2462.8435
              2       1207.1449      0.13294761      0.29960096   8.9292574e-05     0.022600099       3.0016336      0.97171156     0.034345248       1.0022678      -24.280118       -24.280118         2462.85                                                   2462.85
              1       1207.1394       0.1377205      0.29932478   8.9262385e-05     0.022588275       2.9992173      0.97234703     0.033389407       1.0022292      -24.280118       -24.280118        2462.839                                                  2462.839
              8       1207.0417      0.14564789      0.29920376   8.9265403e-05     0.022598435       3.0002561      0.97252522     0.033906141       1.0022945      -24.280118       -24.280118       2462.6436                                                 2462.6436
              6       1206.9933       0.1427184      0.29980969   8.9388864e-05     0.022582385       2.9996403      0.97240455     0.033600139       1.0022782      -24.280118       -24.280118       2462.5469                                                 2462.5469
              2       1204.5945      0.25993931      0.30410055   9.0937928e-05      0.02250359       2.9982734      0.97260212     0.035171946       1.0003732      -24.280118       -24.280118       2457.7492                                                 2457.7492
              2       1206.2817       0.3025585       0.3044454    9.130124e-05     0.022492934        2.991526      0.97487528     0.030748518       1.0026537      -24.280118       -24.280118       2461.1236                                                 2461.1236
              1       1205.9889      0.30497498      0.30434843   9.1290361e-05     0.022498902       2.9915587      0.97456385     0.030825044       1.0026344      -24.280118       -24.280118        2460.538                                                  2460.538
              3       1207.1147     0.093436831      0.29734768    8.911926e-05     0.022374522       2.9588956      0.97378281     0.018180001       0.9992534      -24.280118       -24.280118       2462.7897                                                 2462.7897
              6       1207.0375      0.13019074      0.29938301   8.9659276e-05     0.022382841       2.9494745      0.97322922     0.013636959      0.99928271      -24.280118       -24.280118       2462.6352                                                 2462.6352
              4       1205.5647      0.65581484      0.31441913    9.482651e-05      0.02244769       2.9815431      0.97372594     0.034373896      0.99540218      -24.280118       -24.280118       2459.6897                                                 2459.6897
              2       1205.6589      0.65512678      0.31457552   9.4859711e-05     0.022433508       2.9809093      0.97390706     0.033697357      0.99566203      -24.280118       -24.280118        2459.878                                                  2459.878
              1       1205.9259      0.63544332      0.31422949   9.4743138e-05     0.022416506       2.9765356       0.9742482     0.031658119      0.99568231      -24.280118       -24.280118       2460.4121                                                 2460.4121
              1       1205.3127      0.62817868      0.31481865   9.4788315e-05     0.022431669       2.9806638      0.97445639     0.032836081      0.99653795      -24.280118       -24.280118       2459.1856                                                 2459.1856
              4       1205.5872      0.60792084      0.31439974   9.4584382e-05     0.022440832       2.9797842      0.97481092     0.032900865      0.99587774      -24.280118       -24.280118       2459.7347                                                 2459.7347
              1       1203.8424      0.46889603      0.31135316   9.3349123e-05      0.02245553       2.9743079      0.97197028     0.026787952      0.99809436      -24.280118       -24.280118        2456.245                                                  2456.245
              1       1202.7731      0.50982439      0.30926433    9.297219e-05     0.022534397       2.9830675      0.97017688     0.030728379      0.99873261      -24.280118       -24.280118       2454.1064                                                 2454.1064
              2       1202.3281      0.48272898      0.30912978   9.2844866e-05     0.022506134       2.9881424      0.96989794     0.033084463      0.99888237      -24.280118       -24.280118       2453.2164                                                 2453.2164
              4       1202.1497       0.5053956      0.30869429   9.2815308e-05     0.022589495       2.9964442      0.97080826     0.037189101      0.99932596      -24.280118       -24.280118       2452.8597                                                 2452.8597
              6       1207.6823       0.7518601      0.32163086   9.6553574e-05     0.022478145         3.01494      0.96833656     0.048487209      0.99733447      -24.280118       -24.280118       2463.9248                                                 2463.9248
              2       1207.5136      0.72683837      0.32149825   9.6451754e-05     0.022442337       3.0142425      0.96917817     0.048570879      0.99715854      -24.280118       -24.280118       2463.5874                                                 2463.5874
              6       1205.5154      0.64136296      0.31637045   9.5133657e-05      0.02243338        3.021963      0.96944313     0.052032898      0.99810276      -24.280118       -24.280118       2459.5911                                                 2459.5911
