#        weight    minuslogpost           alpha        omega_m0        omega_r0           ombh2            logA              ns             tau        A_planck   minuslogprior minuslogprior__0            chi2 chi2__likelihoods.kgb_joint_likelihood.KGBJointLikelihood
              3       1248.5016      0.38342379      0.29337897   9.0588183e-05     0.021935381       3.0098717      0.97406113     0.037451757       1.0082661      -24.280118       -24.280118       2545.5635                                                 2545.5635
              1       1246.9622      0.45725333      0.29773754   9.1649832e-05     0.022012383       3.0134492      0.97281951      0.03628153       1.0099583      -24.280118       -24.280118       2542.4846                                                 2542.4846
              3       1247.0973      0.41371423      0.29720065   9.1376447e-05     0.021992049       3.0056012      0.97379052     0.031325271       1.0114054      -24.280118       -24.280118       2542.7549                                                 2542.7549
              3       1239.3448       0.4309747      0.29800412   9.1373246e-05     0.022099514       2.9815454        0.978908     0.022560637        1.007063      -24.280118       -24.280118       2527.2499                                                 2527.2499
              4       1237.6299      0.44628738      0.29819275   9.1346929e-05      0.02215742         2.97958      0.97575049     0.019928002       1.0079968      -24.280118       -24.280118         2523.82                                                   2523.82
              2       1237.8767      0.46170005       0.2970979   9.1180433e-05      0.02219848       2.9877078      0.97763453     0.023894961        1.008725      -24.280118       -24.280118       2524.3136                                                 2524.3136
              1       1227.4829      0.41068099      0.29545272   9.0388722e-05       0.0222783       2.9987291       0.9762885     0.029042542       1.0092434      -24.280118       -24.280118        2503.526                                                  2503.526
              3       1226.4002       0.3864188      0.29455646   9.0111596e-05     0.022295052       2.9973328      0.97487161     0.029572651       1.0075885      -24.280118       -24.280118       2501.3606                                                 2501.3606
              2        1222.961      0.36841606      0.29457935   9.0081894e-05     0.022343848       2.9984268      0.97675069     0.031259698       1.0072175      -24.280118       -24.280118       2494.4823                                                 2494.4823
              1       1217.8452      0.39742327      0.29686835   9.0162322e-05     0.022604715       2.9602648      0.97598127     0.011185308       1.0067361      -24.280118       -24.280118       2484.2507                                                 2484.2507
              3       1217.4112      0.40364231      0.29602186   9.0056056e-05     0.022628236       2.9572829      0.97451884     0.010401827       1.0067545      -24.280118       -24.280118       2483.3827                                                 2483.3827
              1       1216.4106      0.42879567      0.29747067    9.034914e-05     0.022700418       2.9620684      0.97228511     0.012287367         1.00679      -24.280118       -24.280118       2481.3815                                                 2481.3815
              2       1214.7122      0.42844244      0.30072959   9.1177238e-05     0.022423143       2.9591125      0.96974091     0.012849786       1.0035729      -24.280118       -24.280118       2477.9846                                                 2477.9846
              1       1213.3801      0.39560686      0.29932669   9.0779049e-05     0.022348939       2.9618293      0.96725461     0.015493703       1.0037777      -24.280118       -24.280118       2475.3204                                                 2475.3204
              6       1212.5402      0.32161697      0.29679037   8.9963054e-05     0.022372736       2.9716074       0.9677698     0.019801072       1.0039671      -24.280118       -24.280118       2473.6407                                                 2473.6407
              1       1211.8371      0.32607926      0.29868292   9.0307164e-05     0.022354548       2.9572803      0.96548409     0.014382283       1.0025245      -24.280118       -24.280118       2472.2344                                                 2472.2344
              1       1212.2312      0.32282827      0.29843872   9.0275617e-05     0.022349382       2.9546483      0.96533131     0.012988157        1.002698      -24.280118       -24.280118       2473.0226                                                 2473.0226
              1        1212.264      0.33026384      0.29871804   9.0390515e-05     0.022330379       2.9546045      0.96554529      0.01310812        1.002701      -24.280118       -24.280118       2473.0882                                                 2473.0882
              1       1211.5509      0.34808071      0.29907459   9.0545854e-05     0.022381176       2.9513484      0.96474726     0.013598518       1.0002305      -24.280118       -24.280118        2471.662                                                  2471.662
              4       1211.5921      0.34858734      0.29914245   9.0554558e-05     0.022388113       2.9516592      0.96448384     0.013731937       1.0002251      -24.280118       -24.280118       2471.7444                                                 2471.7444
              1       1211.3281      0.33797803      0.29860662   9.0441814e-05     0.022329746       2.9686981      0.96555146     0.021184603       1.0024504      -24.280118       -24.280118       2471.2164                                                 2471.2164
              1       1209.6718      0.33315427        0.298123   9.0335655e-05      0.02233114       2.9782523      0.96602939     0.027245372       1.0007303      -24.280118       -24.280118       2467.9038                                                 2467.9038
              3       1210.4791      0.33918984       0.2979219   9.0375066e-05     0.022317137       2.9771266      0.96579717     0.027421474       1.0003888      -24.280118       -24.280118       2469.5183                                                 2469.5183
              3       1210.0904      0.36746565       0.2999374   9.0918111e-05     0.022305969       2.9793245      0.96458831     0.029474505      0.99908602      -24.280118       -24.280118        2468.741                                                  2468.741
              3       1210.6075      0.38178951      0.30043453   9.1078416e-05     0.022278746       2.9800583      0.96470917     0.029684979      0.99927777      -24.280118       -24.280118       2469.7751                                                 2469.7751
              6       1210.6422      0.38175439      0.30041567    9.108049e-05     0.022276647       2.9802717      0.96470081      0.02981609      0.99929141      -24.280118       -24.280118       2469.8446                                                 2469.8446
              1       1208.2992      0.42927856      0.30273833   9.1566536e-05     0.022391988       2.9742178      0.96495284     0.025844881      0.99946905      -24.280118       -24.280118       2465.1585                                                 2465.1585
              2        1207.722      0.40467634      0.30268988   9.1394306e-05     0.022379572       2.9744873      0.96558363     0.025773423      0.99933508      -24.280118       -24.280118       2464.0042                                                 2464.0042
              1       1207.0646      0.40484646      0.30292622   9.1432475e-05     0.022393018       2.9783006      0.96543137     0.027046229       1.0000268      -24.280118       -24.280118       2462.6895                                                 2462.6895
              5       1206.6298      0.33364082      0.29978011   9.0497193e-05     0.022508729       2.9736787      0.97210811     0.022627089       1.0016647      -24.280118       -24.280118       2461.8198                                                 2461.8198
              1       1206.6893      0.40419559      0.30291484   9.1213724e-05     0.022593384       2.9625881      0.97594182     0.018212006       1.0015451      -24.280118       -24.280118       2461.9389                                                 2461.9389
              5       1206.7235      0.39303304      0.30327156   9.1100638e-05     0.022669174       2.9632801      0.97506057     0.018820942       1.0003914      -24.280118       -24.280118       2462.0072                                                 2462.0072
              1       1206.8884      0.42721712      0.30440598   9.1426581e-05     0.022766783       2.9660445      0.97113525     0.019683905       1.0002795      -24.280118       -24.280118        2462.337                                                  2462.337
              3       1206.8586      0.45391853      0.30575621   9.1803762e-05     0.022767311       2.9728387      0.97261841     0.023437519      0.99967643      -24.280118       -24.280118       2462.2774                                                 2462.2774
              3       1206.9562      0.49282466      0.30750418   9.2278951e-05     0.022818121       2.9788652      0.96943412     0.026485664      0.99975557      -24.280118       -24.280118       2462.4726                                                 2462.4726
              2          1207.8      0.51418727      0.30851796   9.2647055e-05     0.022784007       2.9797571      0.97410352     0.027259866       1.0012805      -24.280118       -24.280118       2464.1603                                                 2464.1603
              4       1208.0688      0.52249146      0.30837105   9.2666123e-05     0.022740137       2.9699401       0.9726032     0.023389394       1.0008408      -24.280118       -24.280118       2464.6979                                                 2464.6979
              3        1207.593      0.52640405      0.30831238   9.2689809e-05     0.022723265       2.9672121      0.97271477     0.022963845      0.99988641      -24.280118       -24.280118       2463.7463                                                 2463.7463
              4       1205.3454      0.45700493      0.30468353   9.1896819e-05     0.022591156       2.9676163      0.97139866     0.022050131       1.0010235      -24.280118       -24.280118        2459.251                                                  2459.251
              1       1205.2937      0.53152186      0.30674507   9.2742842e-05      0.02245769        2.977363      0.97317011     0.025169382        1.002346      -24.280118       -24.280118       2459.1476                                                 2459.1476
              1       1206.8644      0.56536372      0.30787725   9.3086602e-05     0.022446009       2.9702764      0.97320478     0.021655543       1.0027965      -24.280118       -24.280118        2462.289                                                  2462.289
              3       1206.9188      0.58028971      0.30968796   9.3632968e-05     0.022394373       2.9660056       0.9740684     0.020331544       1.0022048      -24.280118       -24.280118       2462.3978                                                 2462.3978
              2       1207.8934      0.58783452      0.31141924   9.3916545e-05     0.022348513       2.9743644      0.97202644     0.023930289       1.0025382      -24.280118       -24.280118       2464.3471                                                 2464.3471
              5        1208.109      0.61595561      0.31252791   9.4182449e-05      0.02244072       2.9851558      0.97274715     0.027394589       1.0047563      -24.280118       -24.280118       2464.7783                                                 2464.7783
              1          1205.9      0.60022337      0.31284008   9.4319891e-05     0.022372666       2.9890588      0.97245966     0.031261058       1.0029786      -24.280118       -24.280118       2460.3603                                                 2460.3603
              3       1204.6003      0.57721335      0.30995341   9.3742454e-05      0.02242612       2.9839907      0.96971001     0.030450127       1.0007143      -24.280118       -24.280118       2457.7608                                                 2457.7608
              4       1205.8386      0.60350466      0.31157252   9.3888696e-05     0.022554917       2.9812876      0.97013642     0.028810721      0.99852128      -24.280118       -24.280118       2460.2375                                                 2460.2375
              5       1206.3393       0.6226283      0.31272886   9.4216624e-05     0.022535569       2.9673654      0.97029156     0.023432927      0.99738971      -24.280118       -24.280118       2461.2389                                                 2461.2389
              6       1205.5037      0.62176432      0.31558038   9.4855513e-05     0.022509439       2.9920563      0.97563442     0.037051077      0.99701645      -24.280118       -24.280118       2459.5676                                                 2459.5676
              1        1205.431      0.61943324      0.31550728   9.4840135e-05     0.022502664       2.9919544      0.97561434      0.03704501      0.99703028      -24.280118       -24.280118       2459.4222                                                 2459.4222
              2       1204.8011      0.59697813      0.31434916   9.4512106e-05     0.022471089       2.9878396      0.97496007     0.035421572      0.99667153      -24.280118       -24.280118       2458.1624                                                 2458.1624
              1       1204.8029      0.59668638      0.31432333   9.4513609e-05     0.022468852        2.987584       0.9749194     0.035369913      0.99661994      -24.280118       -24.280118       2458.1659                                                 2458.1659
              7       1204.4844      0.60736061      0.31490088   9.4672847e-05     0.022458384       2.9886228      0.97428108      0.03622902      0.99657258      -24.280118       -24.280118        2457.529                                                  2457.529
             12       1205.9383       0.6430476      0.31738713   9.5400352e-05     0.022417279       2.9931359      0.97608154     0.037524357      0.99771496      -24.280118       -24.280118       2460.4368                                                 2460.4368
              2       1206.3198      0.67330969      0.31885756   9.5793166e-05     0.022426578       2.9933077      0.97551568     0.037559019       0.9972446      -24.280118       -24.280118       2461.1999                                                 2461.1999
              1       1204.7298      0.65475329      0.31903697    9.575038e-05     0.022466453       3.0022672      0.97162744      0.03885337       1.0003536      -24.280118       -24.280118       2458.0198                                                 2458.0198
              2       1204.3347      0.63156961      0.31793663   9.5317037e-05     0.022523881       3.0062963      0.97180341     0.040685662       1.0002162      -24.280118       -24.280118       2457.2297                                                 2457.2297
              2       1204.2934      0.63210513      0.31793972   9.5318189e-05       0.0225231       3.0060209       0.9717453     0.040582925       1.0002105      -24.280118       -24.280118        2457.147                                                  2457.147
              2       1204.5049      0.63288316      0.31806617   9.5336923e-05     0.022526877       3.0058252      0.97219997     0.040386755       1.0003755      -24.280118       -24.280118         2457.57                                                   2457.57
              2       1204.4013      0.60130831      0.31753364   9.5167647e-05     0.022425483       3.0045029      0.97211825     0.038967042       1.0008735      -24.280118       -24.280118       2457.3628                                                 2457.3628
              9       1204.2609      0.60250447      0.31744012   9.5092105e-05     0.022436085       3.0083446      0.97071945      0.04082501       1.0003338      -24.280118       -24.280118        2457.082                                                  2457.082
              3        1204.247      0.59784727      0.31733658   9.5003081e-05     0.022481401       3.0139061      0.96998605     0.043780714       0.9999956      -24.280118       -24.280118       2457.0543                                                 2457.0543
              2       1203.5085      0.53456068      0.31504948   9.4212965e-05     0.022503166       3.0035314      0.96920227     0.040709174      0.99876979      -24.280118       -24.280118       2455.5773                                                 2455.5773
              2       1203.6215      0.53517998        0.315362   9.4239681e-05      0.02251595       3.0003576      0.96901248      0.03954373      0.99787663      -24.280118       -24.280118       2455.8033                                                 2455.8033
              2       1203.6805      0.52963793      0.31482055   9.4126358e-05     0.022512289       2.9937287      0.96821544     0.036974301      0.99723573      -24.280118       -24.280118       2455.9213                                                 2455.9213
              4       1203.7928      0.54531919      0.31494708   9.4243862e-05     0.022503382       2.9887387      0.97034581     0.031898644       0.9991173      -24.280118       -24.280118       2456.1458                                                 2456.1458
             13       1203.6904      0.53873781      0.31476861    9.429903e-05     0.022483401       2.9882598      0.97089254     0.032037744      0.99933854      -24.280118       -24.280118        2455.941                                                  2455.941
              6       1204.4736      0.55864516      0.31444034   9.4532093e-05     0.022342782        2.987493      0.96961865     0.031992971      0.99911613      -24.280118       -24.280118       2457.5074                                                 2457.5074
              2        1204.385      0.55882316       0.3143919   9.4516627e-05     0.022346397       2.9872611      0.96946004     0.031868852      0.99913183      -24.280118       -24.280118       2457.3302                                                 2457.3302
              1       1205.3905      0.55821718      0.31404191   9.4555421e-05     0.022318698       2.9855705      0.96886519     0.031622296      0.99877048      -24.280118       -24.280118       2459.3412                                                 2459.3412
              4       1206.4117      0.52528563      0.31248063   9.4199997e-05     0.022218566       2.9931801       0.9680524     0.036011681      0.99831687      -24.280118       -24.280118       2461.3835                                                 2461.3835
              1       1204.6052      0.46452979       0.3115051   9.3644822e-05     0.022279419       2.9831856      0.97118671     0.032848654      0.99716561      -24.280118       -24.280118       2457.7706                                                 2457.7706
              2       1205.7397      0.43094073      0.31037976   9.3360388e-05     0.022289163       2.9983816      0.97151235     0.041589212      0.99635292      -24.280118       -24.280118       2460.0397                                                 2460.0397
              4       1205.6354      0.50430735      0.31457894   9.4274623e-05     0.022421879       2.9976846       0.9684347     0.040967616      0.99509926      -24.280118       -24.280118        2459.831                                                  2459.831
              1        1205.596      0.51949471      0.31606314   9.4650045e-05     0.022413282       2.9904939      0.96806139     0.036338371      0.99642393      -24.280118       -24.280118       2459.7523                                                 2459.7523
              1       1205.5661      0.51927229      0.31606489    9.464753e-05     0.022413147       2.9904729      0.96807224     0.036335701      0.99641564      -24.280118       -24.280118       2459.6924                                                 2459.6924
             18       1205.5666      0.51926797      0.31606427    9.464748e-05     0.022413109       2.9904749      0.96807439     0.036337933      0.99641569      -24.280118       -24.280118       2459.6935                                                 2459.6935
              3        1205.638      0.54312547      0.31773515   9.4868706e-05     0.022463722        3.011835      0.97228524     0.042887863        1.000347      -24.280118       -24.280118       2459.8362                                                 2459.8362
              4       1205.8592      0.54187324      0.31795725   9.4848511e-05     0.022484849       3.0112213      0.97222566     0.042829759      0.99971556      -24.280118       -24.280118       2460.2786                                                 2460.2786
              2       1205.8125       0.5391902      0.31791117   9.4823373e-05     0.022490145       3.0107646      0.97212194     0.042659446      0.99965961      -24.280118       -24.280118       2460.1853                                                 2460.1853
              3       1205.6478      0.50470464      0.31632393   9.4283639e-05     0.022512694       3.0137289      0.96933539     0.043467935      0.99902799      -24.280118       -24.280118       2459.8558                                                 2459.8558
              1       1205.8244      0.50012692      0.31708692   9.4414835e-05     0.022480176       3.0103926      0.96929614     0.042852107      0.99804686      -24.280118       -24.280118       2460.2091                                                 2460.2091
              1       1205.8017      0.49852149       0.3171398   9.4412215e-05     0.022483147       3.0111994      0.96886205     0.042998034      0.99826206      -24.280118       -24.280118       2460.1636                                                 2460.1636
              4       1205.6248      0.50232427      0.31734844   9.4551191e-05     0.022448471       3.0099998      0.96803011     0.042721528      0.99799213      -24.280118       -24.280118       2459.8099                                                 2459.8099
              2       1205.3081      0.50244704      0.31731223   9.4545747e-05     0.022452778       3.0078791      0.96800496     0.041769269       0.9980371      -24.280118       -24.280118       2459.1764                                                 2459.1764
              2       1204.6462      0.42876487      0.31264964   9.3543463e-05     0.022348476       3.0093556      0.96853775     0.045473332       0.9961137      -24.280118       -24.280118       2457.8526                                                 2457.8526
              1       1204.6466       0.4294408      0.31264108   9.3544545e-05     0.022350112       3.0093481      0.96868012     0.045460745      0.99613331      -24.280118       -24.280118       2457.8534                                                 2457.8534
              3       1204.5928      0.43038799      0.31275243   9.3582225e-05     0.022332983       3.0114828      0.96927718     0.046669942      0.99634347      -24.280118       -24.280118       2457.7458                                                 2457.7458
              1       1206.9789      0.43802369      0.31268879   9.3451529e-05      0.02250593       3.0172225      0.96788183     0.051303411      0.99474835      -24.280118       -24.280118       2462.5181                                                 2462.5181
              1       1206.2081      0.44950631      0.31253326   9.3437941e-05     0.022526075       3.0166435      0.96673408     0.050012977      0.99597102      -24.280118       -24.280118       2460.9765                                                 2460.9765
              1       1204.1333      0.48892149      0.31479943    9.417369e-05     0.022346686       3.0058994      0.96828001     0.043855607      0.99677627      -24.280118       -24.280118       2456.8269                                                 2456.8269
              1       1203.6886      0.43395515      0.31272931   9.3551344e-05     0.022353787       3.0020663      0.96938776     0.041423931      0.99676517      -24.280118       -24.280118       2455.9375                                                 2455.9375
              2        1205.023      0.40168476      0.31184343   9.3459756e-05     0.022255377       2.9993965      0.96700049     0.040279608      0.99736046      -24.280118       -24.280118       2458.6063                                                 2458.6063
              1       1205.3436      0.37852151      0.31167344   9.3318401e-05      0.02224329       2.9993157       0.9678172     0.041101145      0.99679866      -24.280118       -24.280118       2459.2475                                                 2459.2475
              9       1204.9766       0.3684286      0.31123769   9.3156572e-05     0.022234861       3.0045954      0.96748124     0.042677498      0.99773707      -24.280118       -24.280118       2458.5133                                                 2458.5133
              2       1204.7212      0.35960979      0.31041902   9.2818679e-05     0.022336786       3.0097527      0.96771023     0.044885918      0.99839713      -24.280118       -24.280118       2458.0026                                                 2458.0026
              3       1204.4786      0.35514193      0.31027574   9.2816076e-05     0.022307841       3.0076763      0.96789364     0.044497609      0.99754858      -24.280118       -24.280118       2457.5174                                                 2457.5174
             10       1203.3166      0.30739682      0.30717879   9.1974292e-05     0.022299547       3.0040282      0.96891194     0.041647887      0.99843917      -24.280118       -24.280118       2455.1934                                                 2455.1934
              3       1204.0701      0.29253099      0.30683661   9.1692454e-05     0.022378794       3.0147121      0.96927409     0.044967317       1.0004504      -24.280118       -24.280118       2456.7004                                                 2456.7004
              1       1204.1502      0.30687707      0.30708061   9.1790133e-05      0.02237216       3.0142703      0.96914724     0.044111912       1.0010847      -24.280118       -24.280118       2456.8606                                                 2456.8606
              2       1205.2958      0.29019772      0.30633467   9.1530689e-05     0.022386347       3.0186789      0.96771122     0.046170922       1.0012779      -24.280118       -24.280118       2459.1519                                                 2459.1519
              1       1205.0598      0.26209304      0.30433703   9.0950224e-05     0.022393339       3.0061593      0.96820667     0.042195599      0.99895812      -24.280118       -24.280118       2458.6798                                                 2458.6798
              7       1204.9275      0.26514648      0.30440128   9.0985731e-05     0.022393787       3.0056694      0.96783146     0.042083493      0.99883506      -24.280118       -24.280118       2458.4152                                                 2458.4152
              1       1205.8797      0.31960576      0.30426856   9.0894776e-05     0.022609805       3.0146541      0.96780492     0.040844029       1.0025183      -24.280118       -24.280118       2460.3197                                                 2460.3197
              1       1205.5193      0.32881739      0.30515148   9.1218725e-05     0.022588167       3.0137477      0.96602456     0.040222397       1.0022223      -24.280118       -24.280118       2459.5988                                                 2459.5988
              2       1205.8376      0.33440109      0.30486827   9.1151396e-05     0.022713169       3.0148503      0.96630669     0.041841167       1.0020818      -24.280118       -24.280118       2460.2354                                                 2460.2354
              1        1206.018      0.35124715      0.30556864   9.1378859e-05     0.022692506       3.0109252      0.96552083     0.039396242       1.0027919      -24.280118       -24.280118       2460.5962                                                 2460.5962
              3       1206.0405      0.35779302       0.3057894    9.146212e-05     0.022682379       3.0106634      0.96544254     0.039067369       1.0030654      -24.280118       -24.280118       2460.6411                                                 2460.6411
              1       1205.9855      0.36654515      0.30626011   9.1580754e-05     0.022680669       3.0105133      0.96524725     0.039381837       1.0027673      -24.280118       -24.280118       2460.5313                                                 2460.5313
              3        1204.639      0.36149071      0.30584219   9.1576832e-05     0.022587634       3.0247274      0.96994607       0.0465935       1.0033742      -24.280118       -24.280118       2457.8381                                                 2457.8381
              1        1203.316      0.32654318      0.30139447    9.068281e-05     0.022478573       3.0078797      0.97197574     0.043258738       1.0000307      -24.280118       -24.280118       2455.1923                                                 2455.1923
              1       1204.7615      0.34042895       0.3027495   9.1223597e-05     0.022426581       3.0020502      0.97001624     0.036291044       1.0040012      -24.280118       -24.280118       2458.0833                                                 2458.0833
              2       1205.0646      0.37294881      0.30396354     9.15582e-05     0.022425394       2.9952672      0.97047314      0.03313022       1.0040332      -24.280118       -24.280118       2458.6895                                                 2458.6895
              2       1204.7092      0.37180488      0.30395227   9.1572151e-05       0.0224477        2.991965      0.97108372     0.032367186       1.0032034      -24.280118       -24.280118       2457.9787                                                 2457.9787
              3       1205.4236      0.32070268      0.30181032   9.1044275e-05     0.022361818       2.9798222      0.96933106     0.027660449        1.001847      -24.280118       -24.280118       2459.4074                                                 2459.4074
              4       1204.8588       0.3047705      0.30096517   9.0735692e-05     0.022469598       2.9893837      0.97270422     0.031224435       1.0023158      -24.280118       -24.280118       2458.2777                                                 2458.2777
              2       1205.0633      0.29558984      0.30079102    9.068188e-05     0.022467712       2.9902913      0.97184246      0.03148156       1.0023654      -24.280118       -24.280118       2458.6869                                                 2458.6869
              1       1205.2219      0.34656471       0.3007617   9.0744508e-05     0.022483853       3.0217158      0.96871937     0.045060158       1.0041498      -24.280118       -24.280118        2459.004                                                  2459.004
              1       1207.9857      0.35642688      0.29965567   9.0698906e-05       0.0224909         3.01831       0.9688463     0.042633486       1.0057755      -24.280118       -24.280118       2464.5317                                                 2464.5317
              2       1208.0511      0.37930219      0.30034092   9.0873727e-05     0.022533528       3.0207014      0.96992618     0.043258033        1.006412      -24.280118       -24.280118       2464.6624                                                 2464.6624
              3       1209.0961       0.3894091      0.30176123   9.0712706e-05     0.022736168       3.0246575      0.96804652     0.043411402       1.0050062      -24.280118       -24.280118       2466.7525                                                 2466.7525
              1       1208.4012      0.43035676      0.30390177   9.1260967e-05     0.022730679       3.0211792       0.9662876     0.042520438       1.0044105      -24.280118       -24.280118       2465.3626                                                 2465.3626
              1       1207.6491      0.43581836      0.30463311   9.1457254e-05     0.022725376       3.0143236      0.96699304     0.038981479       1.0043692      -24.280118       -24.280118       2463.8585                                                 2463.8585
              5       1206.0771      0.44480715      0.30423106   9.1420369e-05     0.022669598       3.0091818      0.96986477     0.038073136       1.0030914      -24.280118       -24.280118       2460.7145                                                 2460.7145
              2       1204.2961      0.41546338      0.30298548   9.1197457e-05     0.022581756       3.0150002      0.97141658     0.042301886       1.0026408      -24.280118       -24.280118       2457.1524                                                 2457.1524
              2       1203.8676       0.4156285      0.30327523    9.121899e-05     0.022608079       3.0132309      0.97224276     0.041900621       1.0024098      -24.280118       -24.280118       2456.2954                                                 2456.2954
              1       1202.8373      0.44410312       0.3049432   9.1837107e-05     0.022555734       3.0019899       0.9695516     0.037018138         1.00156      -24.280118       -24.280118       2454.2348                                                 2454.2348
              1       1202.8005      0.45095354      0.30499659   9.1826523e-05     0.022595316       3.0000588       0.9697876     0.036416692       1.0011326      -24.280118       -24.280118       2454.1612                                                 2454.1612
              2       1202.9366      0.44141455       0.3048452    9.179991e-05     0.022621894       3.0028851      0.97136974     0.037472881        1.001852      -24.280118       -24.280118       2454.4335                                                 2454.4335
              6       1203.1322      0.44220828      0.30479001    9.180769e-05     0.022608844       3.0020034      0.97222893     0.036903853       1.0018585      -24.280118       -24.280118       2454.8247                                                 2454.8247
              1       1203.6928        0.447036      0.30548043   9.1843223e-05     0.022638794       2.9971481      0.97398099      0.03562986       1.0017309      -24.280118       -24.280118       2455.9459                                                 2455.9459
              1       1203.7221      0.46143729      0.30764115   9.2383275e-05     0.022606428       3.0194503      0.97062618     0.047600762        1.001014      -24.280118       -24.280118       2456.0045                                                 2456.0045
              1       1204.2817      0.46347156      0.30737852   9.2459119e-05     0.022570546       3.0160876       0.9701748     0.047096426       1.0005712      -24.280118       -24.280118       2457.1236                                                 2457.1236
              1       1204.6793      0.53497162      0.30931705   9.3131038e-05     0.022480089       3.0138372      0.96929431      0.04736713      0.99910011      -24.280118       -24.280118       2457.9189                                                 2457.9189
              2       1204.8096      0.62493887       0.3128112   9.4152035e-05     0.022551137       3.0159642      0.97145664       0.0471118       1.0003789      -24.280118       -24.280118       2458.1794                                                 2458.1794
              1       1205.0068      0.58571461       0.3113062   9.3595722e-05     0.022600246       3.0118316      0.97406461     0.045283705       1.0002085      -24.280118       -24.280118       2458.5738                                                 2458.5738
              1       1206.2189      0.61102226       0.3127301   9.3895696e-05     0.022619809          3.0201      0.97562014     0.048559851       1.0003425      -24.280118       -24.280118       2460.9981                                                 2460.9981
              4       1206.4705      0.61596035      0.31290236   9.3951998e-05     0.022616556       3.0194818      0.97579533     0.048347552       1.0003232      -24.280118       -24.280118       2461.5013                                                 2461.5013
              3       1205.8502      0.56865645      0.31246396   9.3905748e-05     0.022413085       3.0068505      0.97532002     0.046003207       0.9961779      -24.280118       -24.280118       2460.2606                                                 2460.2606
              1        1205.615      0.51379115      0.31042618   9.3353688e-05     0.022362942       2.9947417      0.97499968     0.040492888      0.99625586      -24.280118       -24.280118       2459.7902                                                 2459.7902
              2       1205.2169      0.51251373      0.31144527   9.3483732e-05     0.022397972        3.001967       0.9688515     0.042998392      0.99702272      -24.280118       -24.280118        2458.994                                                  2458.994
              9       1205.2353      0.41478574      0.30866773   9.2110411e-05     0.022640292       3.0127424      0.97069122     0.041744555       1.0008378      -24.280118       -24.280118       2459.0309                                                 2459.0309
              2       1205.8532      0.37018484      0.30785533    9.205298e-05     0.022486955       3.0069233      0.97648825      0.04399251      0.99700156      -24.280118       -24.280118       2460.2667                                                 2460.2667
              2       1204.2383      0.33249019      0.30671963   9.1845219e-05      0.02246322       2.9962556      0.97368408     0.039073552      0.99649943      -24.280118       -24.280118       2457.0368                                                 2457.0368
              1       1203.0582      0.37292326      0.30605939   9.1985999e-05     0.022405614       2.9896707      0.97226276     0.036985521      0.99636043      -24.280118       -24.280118       2454.6767                                                 2454.6767
              2       1203.1526      0.36749305      0.30576402   9.1909678e-05     0.022403936       2.9896046       0.9723829     0.037002439      0.99625079      -24.280118       -24.280118       2454.8653                                                 2454.8653
              8       1202.8914      0.36812627      0.30589289    9.191304e-05     0.022424847       2.9863298      0.97167538     0.034452317      0.99684315      -24.280118       -24.280118       2454.3431                                                 2454.3431
              3       1204.8717      0.34713386       0.3057434   9.1902449e-05     0.022454481       2.9931798      0.97194032     0.037258936      0.99759378      -24.280118       -24.280118       2458.3036                                                 2458.3036
              1       1205.6722      0.34283373      0.30613927   9.2010225e-05     0.022407877        2.995766      0.96950632     0.039159805      0.99613576      -24.280118       -24.280118       2459.9047                                                 2459.9047
              3       1206.5487      0.31143391      0.30707128   9.2147882e-05     0.022266695       2.9923776      0.96429157     0.036578579      0.99653649      -24.280118       -24.280118       2461.6577                                                 2461.6577
              3       1206.0056      0.36140341       0.3091899    9.261015e-05     0.022349183       2.9915588      0.96264815      0.03591616      0.99637403      -24.280118       -24.280118       2460.5715                                                 2460.5715
              1       1208.2283      0.38518043      0.30986271   9.2971758e-05     0.022274091       2.9922027      0.96208897     0.038403666      0.99471373      -24.280118       -24.280118       2465.0169                                                 2465.0169
              1       1207.0013        0.403172      0.31152929   9.3437907e-05     0.022248863       2.9992233       0.9637274      0.04109539      0.99611802      -24.280118       -24.280118       2462.5628                                                 2462.5628
              2       1207.5977      0.45419381      0.31283911   9.3859964e-05     0.022258147       3.0059377      0.96417096      0.04191173      0.99736265      -24.280118       -24.280118       2463.7556                                                 2463.7556
              4       1208.0884      0.39916158       0.3109342   9.3290734e-05     0.022252296       3.0030766      0.96482527     0.038669166      0.99895168      -24.280118       -24.280118        2464.737                                                  2464.737
              2       1209.6424      0.39132725      0.31071371   9.3248478e-05     0.022246728       3.0021964      0.96409799      0.03864141      0.99833507      -24.280118       -24.280118       2467.8451                                                 2467.8451
              1       1208.1015      0.42402108      0.31169256   9.3463479e-05     0.022311321       3.0015622      0.96656421      0.03928299      0.99719916      -24.280118       -24.280118       2464.7633                                                 2464.7633
              4       1207.2776       0.4714081      0.31365495   9.4065862e-05      0.02215725       3.0125226      0.96740755     0.045306675      0.99817117      -24.280118       -24.280118       2463.1153                                                 2463.1153
              1       1206.1606      0.48123326      0.31468792   9.4177108e-05     0.022230403       3.0138837      0.96750198      0.04402173      0.99981941      -24.280118       -24.280118       2460.8814                                                 2460.8814
              3       1204.8047      0.47946611      0.31377348   9.3877783e-05     0.022322139       3.0087015      0.96590481     0.042936495      0.99891277      -24.280118       -24.280118       2458.1696                                                 2458.1696
              5        1205.267      0.46215568       0.3113758   9.3306357e-05     0.022322978       3.0084899      0.96557718     0.042682305       0.9992232      -24.280118       -24.280118       2459.0942                                                 2459.0942
              3       1204.9304       0.4639445      0.31132888   9.3333078e-05      0.02233176       3.0108696      0.96515714     0.043366882      0.99964116      -24.280118       -24.280118       2458.4211                                                 2458.4211
              3       1204.0265      0.44218543      0.30842606   9.2516725e-05     0.022433023       3.0169985      0.97060174      0.04389099       1.0017047      -24.280118       -24.280118       2456.6132                                                 2456.6132
              1       1204.9433      0.43739316      0.30848422   9.2597664e-05     0.022356997       3.0095989      0.97132532      0.04020417       1.0016151      -24.280118       -24.280118       2458.4468                                                 2458.4468
              1       1203.3204      0.39338975      0.30637334   9.2080462e-05     0.022351007       3.0047876      0.97174152      0.03901031       1.0011815      -24.280118       -24.280118        2455.201                                                  2455.201
              1       1203.3153      0.39590872        0.306634   9.2109758e-05     0.022363763       3.0033455      0.97256545     0.038567196       1.0010252      -24.280118       -24.280118       2455.1908                                                 2455.1908
              1       1204.0191      0.37883007      0.30602423   9.1765949e-05     0.022407641       2.9989787      0.97050579     0.035867493       1.0009083      -24.280118       -24.280118       2456.5984                                                 2456.5984
              1       1203.1532      0.33281453      0.30369853   9.1103669e-05     0.022488594       2.9989856      0.96956559     0.035365264       1.0008957      -24.280118       -24.280118       2454.8667                                                 2454.8667
              9        1203.427        0.327355      0.30361245   9.1062884e-05     0.022482697       2.9994726      0.96964834     0.035172163        1.001282      -24.280118       -24.280118       2455.4143                                                 2455.4143
              1       1202.9695      0.36938025      0.30329121    9.123772e-05       0.0224721       2.9977915      0.97027375     0.035069544       1.0014521      -24.280118       -24.280118       2454.4993                                                 2454.4993
              3       1204.2697      0.42116303      0.30628117   9.2178147e-05     0.022370313       2.9775966      0.96817501     0.026482651       1.0000382      -24.280118       -24.280118       2457.0996                                                 2457.0996
              4       1204.0261      0.43316858      0.30680992   9.2196209e-05     0.022437487       2.9732082      0.97056744     0.025186917      0.99955538      -24.280118       -24.280118       2456.6124                                                 2456.6124
              2        1204.377      0.43288566       0.3053104   9.1886802e-05     0.022444113       2.9765768      0.97016648     0.027171295       0.9992696      -24.280118       -24.280118       2457.3142                                                 2457.3142
              1        1204.206       0.4352994      0.30523353   9.1882462e-05     0.022466789       2.9732017      0.97013715     0.026087418      0.99876744      -24.280118       -24.280118       2456.9722                                                 2456.9722
              3       1204.3388      0.43537367      0.30524734   9.1886732e-05     0.022460577       2.9725772      0.97021642     0.025962282      0.99858507      -24.280118       -24.280118       2457.2377                                                 2457.2377
              4       1204.3372      0.43858721      0.30603987   9.2098792e-05     0.022444084       2.9708555      0.97279646     0.026077475      0.99766939      -24.280118       -24.280118       2457.2347                                                 2457.2347
              1       1204.4716      0.44251881      0.30568932   9.1996369e-05     0.022597977       2.9684491      0.97279625      0.02475523      0.99783666      -24.280118       -24.280118       2457.5033                                                 2457.5033
              1       1203.2243      0.46091031      0.30742016   9.2387433e-05     0.022619456       2.9854253      0.97167914     0.030736995      0.99981752      -24.280118       -24.280118       2455.0088                                                 2455.0088
              3       1204.2273      0.55940515      0.31059233    9.336657e-05     0.022631401       2.9822558      0.97151777     0.027850098       1.0004714      -24.280118       -24.280118       2457.0148                                                 2457.0148
              4       1203.8528      0.55097614      0.31065285   9.3359794e-05     0.022608465       2.9838235      0.97132943     0.028609797         1.00054      -24.280118       -24.280118       2456.2659                                                 2456.2659
              1        1204.432      0.56423336      0.31113635   9.3431667e-05     0.022635043       2.9826409      0.97157385     0.027592091       1.0012916      -24.280118       -24.280118       2457.4242                                                 2457.4242
              2       1204.7294      0.54635478      0.31070985   9.3292181e-05     0.022638704       2.9796307      0.97242541     0.025781442       1.0016455      -24.280118       -24.280118       2458.0191                                                 2458.0191
              1       1205.6253      0.51104414       0.3092642   9.2850343e-05     0.022709445        2.979842      0.97199533     0.026358998       1.0016451      -24.280118       -24.280118       2459.8109                                                 2459.8109
              3       1207.6143      0.51903659       0.3080767   9.2440753e-05     0.022753181       2.9931726      0.97376389     0.034259803       1.0014422      -24.280118       -24.280118       2463.7888                                                 2463.7888
              5       1207.1796      0.52269319       0.3079063   9.2449153e-05     0.022753229       2.9953924      0.97429772      0.03525804       1.0016201      -24.280118       -24.280118       2462.9195                                                 2462.9195
              8       1205.2033      0.53259365      0.30776166   9.2555058e-05     0.022692593       3.0046805      0.97385786     0.040026148       1.0016166      -24.280118       -24.280118       2458.9669                                                 2458.9669
              1       1204.8277        0.552092      0.30837213   9.2782052e-05     0.022632967       3.0015592      0.97282824     0.038501162       1.0012768      -24.280118       -24.280118       2458.2157                                                 2458.2157
              3       1204.8674      0.54869201      0.30824053    9.273385e-05     0.022634315       3.0011899      0.97304241     0.038517921       1.0010716      -24.280118       -24.280118        2458.295                                                  2458.295
              1       1204.5278      0.54295739      0.30810092   9.2710594e-05     0.022623197       3.0007621      0.97227854     0.038857427       1.0006429      -24.280118       -24.280118       2457.6158                                                 2457.6158
              1       1203.6457      0.51861015      0.30736372   9.2499201e-05     0.022612381       2.9978107      0.97214223     0.037020111       1.0007739      -24.280118       -24.280118       2455.8516                                                 2455.8516
              1       1203.5233      0.52616178       0.3075658   9.2546792e-05     0.022638489       2.9970229      0.97188313     0.036744221       1.0004445      -24.280118       -24.280118       2455.6069                                                 2455.6069
              3       1203.8963      0.53562741      0.30680833   9.2435617e-05     0.022703636       2.9971276       0.9718927      0.03836726       0.9992919      -24.280118       -24.280118       2456.3529                                                 2456.3529
              2        1205.344      0.56310394      0.30684191   9.2410646e-05      0.02272274       3.0038414      0.97401778     0.041573463      0.99908395      -24.280118       -24.280118       2459.2482                                                 2459.2482
              4       1203.3791      0.47334808      0.30283758   9.1448564e-05     0.022622577       3.0087046      0.97347341     0.044767589      0.99769829      -24.280118       -24.280118       2455.3184                                                 2455.3184
              3       1203.1582      0.46666356       0.3025917   9.1407357e-05     0.022603679       3.0088158      0.97182547     0.044051983      0.99842735      -24.280118       -24.280118       2454.8767                                                 2454.8767
              1       1204.5878      0.44848356      0.30219648   9.1246944e-05     0.022595622       3.0157356      0.97125967     0.046962911      0.99817218      -24.280118       -24.280118       2457.7358                                                 2457.7358
              5       1206.0541      0.43733359      0.30181611   9.1294503e-05     0.022446122       3.0083015      0.97107334     0.045305481       0.9965624      -24.280118       -24.280118       2460.6685                                                 2460.6685
              5       1204.8449      0.36968988      0.29999883   9.0679516e-05     0.022463072       3.0022549      0.97152668     0.041952488      0.99691427      -24.280118       -24.280118       2458.2501                                                 2458.2501
              1       1205.6124      0.33652572       0.2983764   9.0230047e-05     0.022442545       3.0063993      0.97145225     0.044819906      0.99634388      -24.280118       -24.280118        2459.785                                                  2459.785
              1       1205.4868      0.34334544      0.29820599   9.0172743e-05     0.022497739       2.9991416      0.97146818     0.040896267       0.9964432      -24.280118       -24.280118       2459.5338                                                 2459.5338
              3       1205.3011      0.36610068      0.29847262   9.0229937e-05     0.022569828       3.0065125      0.97079977     0.044004565      0.99680769      -24.280118       -24.280118       2459.1624                                                 2459.1624
              2        1206.254      0.28276211      0.29407997   8.9149675e-05     0.022579835       3.0069732      0.97257022     0.047218959      0.99560357      -24.280118       -24.280118       2461.0682                                                 2461.0682
              1       1207.4846      0.31445707      0.29615659   8.9477872e-05     0.022704065       3.0052811      0.97739842     0.047718057      0.99462995      -24.280118       -24.280118       2463.5294                                                 2463.5294
              2       1207.5009      0.30548572       0.2959603   8.9427587e-05     0.022704975       3.0080444      0.97835684     0.047989505      0.99574537      -24.280118       -24.280118       2463.5621                                                 2463.5621
              1       1207.3495      0.28718572      0.29592088   8.9389389e-05     0.022673277       3.0122496      0.97933793     0.048166751      0.99784599      -24.280118       -24.280118       2463.2591                                                 2463.2591
              1       1207.1367      0.28740609      0.29510314   8.9281246e-05     0.022668569       3.0153491      0.97807138     0.049461266      0.99853855      -24.280118       -24.280118       2462.8336                                                 2462.8336
              1       1208.0313      0.30181042      0.29609702   8.9620448e-05     0.022689244       3.0106757      0.97672994     0.046641176      0.99858875      -24.280118       -24.280118       2464.6229                                                 2464.6229
              2       1208.0139      0.24677568       0.2957223   8.9372519e-05     0.022638217       3.0192831      0.97121855     0.051856346      0.99724581      -24.280118       -24.280118       2464.5881                                                 2464.5881
              1       1205.8056      0.29214842      0.29783625   8.9719824e-05     0.022698633       3.0116191      0.96645088      0.04453692      0.99909204      -24.280118       -24.280118       2460.1715                                                 2460.1715
              2       1205.8782      0.39417683      0.30269692   9.1223359e-05     0.022586093       3.0067625      0.96562892     0.043522639      0.99921158      -24.280118       -24.280118       2460.3167                                                 2460.3167
              1       1205.9102      0.42706386      0.30411712   9.1694469e-05     0.022457902       3.0029401      0.96681429     0.041978845      0.99928638      -24.280118       -24.280118       2460.3807                                                 2460.3807
              3       1206.1662      0.53198477      0.30823842   9.2888782e-05     0.022505256        3.009139      0.96521062     0.042905225       1.0005826      -24.280118       -24.280118       2460.8927                                                 2460.8927
              5        1204.813      0.46444878       0.3075453   9.2700389e-05     0.022370772       3.0080119      0.96855578     0.038692616       1.0027563      -24.280118       -24.280118       2458.1863                                                 2458.1863
              1        1204.815      0.41975256      0.30618612    9.224338e-05     0.022436554       3.0067189      0.97089047     0.040160644       1.0001746      -24.280118       -24.280118       2458.1902                                                 2458.1902
              2       1204.8527      0.40605307       0.3057656   9.2105516e-05     0.022428829       3.0056027      0.97078781     0.039522326       1.0002228      -24.280118       -24.280118       2458.2656                                                 2458.2656
              4       1205.4814      0.39065006      0.30356209   9.1710477e-05     0.022419972       2.9968147      0.96862819     0.038129448      0.99806739      -24.280118       -24.280118        2459.523                                                  2459.523
              4       1204.9358      0.40860543      0.30491105   9.2105368e-05      0.02239217       2.9935852      0.97032389     0.038332231       0.9970103      -24.280118       -24.280118       2458.4319                                                 2458.4319
              1        1205.776       0.4085337      0.30480845   9.2105358e-05     0.022397154       2.9934604      0.97075804      0.03836007      0.99682063      -24.280118       -24.280118       2460.1123                                                 2460.1123
              3       1206.0253      0.39849331      0.30421939   9.1977486e-05     0.022377607       2.9954174      0.97122389     0.039696793      0.99667254      -24.280118       -24.280118       2460.6108                                                 2460.6108
              3       1205.9725      0.41242809      0.30474173   9.2116829e-05     0.022402293       2.9970063      0.97206943     0.041303265      0.99606807      -24.280118       -24.280118       2460.5052                                                 2460.5052
              2       1205.2048      0.46202857      0.30623514    9.253794e-05     0.022465802       2.9920997      0.97069687     0.038161437      0.99655014      -24.280118       -24.280118       2458.9698                                                 2458.9698
              2       1204.9443      0.46598711      0.30637165   9.2563231e-05     0.022473152       2.9943782       0.9706018      0.03894097      0.99675408      -24.280118       -24.280118       2458.4488                                                 2458.4488
              1       1206.2393      0.43683443      0.30528197   9.2180603e-05     0.022548838       2.9993946      0.96921568     0.039756431      0.99817922      -24.280118       -24.280118       2461.0387                                                 2461.0387
              1        1206.836      0.43921304      0.30407004   9.1888961e-05     0.022616101       3.0003341      0.97165033     0.040660645      0.99794472      -24.280118       -24.280118       2462.2322                                                 2462.2322
              5       1207.1261       0.4715614      0.30486086    9.231077e-05     0.022549935       3.0130812      0.97151731      0.04670528      0.99891244      -24.280118       -24.280118       2462.8125                                                 2462.8125
              1       1207.7172      0.40411985      0.30307369   9.1683763e-05     0.022483564       3.0183101      0.97684515     0.049069595       1.0008839      -24.280118       -24.280118       2463.9947                                                 2463.9947
              2       1207.6903      0.36789625       0.3001676   9.0530265e-05     0.022742894       3.0332443      0.96860247     0.053582878       1.0011575      -24.280118       -24.280118       2463.9408                                                 2463.9408
              6       1207.7599      0.35792908      0.29883828   9.0353143e-05     0.022652133       3.0375611      0.96902417     0.057632876      0.99968698      -24.280118       -24.280118         2464.08                                                   2464.08
              3       1208.1359      0.37861086      0.30027401   9.0721432e-05     0.022665589       3.0377478      0.96845711     0.057598978      0.99967432      -24.280118       -24.280118        2464.832                                                  2464.832
              1       1207.6105      0.38444974      0.30054706   9.0759832e-05     0.022677867       3.0363571      0.96811841     0.056630423       0.9998889      -24.280118       -24.280118       2463.7813                                                 2463.7813
              2       1209.9202      0.37179096      0.30084613   9.1135603e-05     0.022419777       3.0351432      0.96861009      0.05668865       1.0017464      -24.280118       -24.280118       2468.4006                                                 2468.4006
              2       1208.4524      0.32039548       0.3003691   9.0718834e-05     0.022435464       3.0387903       0.9737104     0.057080271       1.0029171      -24.280118       -24.280118       2465.4649                                                 2465.4649
              3       1208.4095      0.32017191      0.30046168   9.0731722e-05     0.022433279       3.0388734      0.97386274     0.057140352       1.0028785      -24.280118       -24.280118       2465.3793                                                 2465.3793
              1       1206.8591      0.33988849      0.30073106   9.0923313e-05     0.022385374       3.0373899      0.97420884     0.056045557       1.0020484      -24.280118       -24.280118       2462.2784                                                 2462.2784
              1       1207.8195      0.38264501      0.30185868   9.0942665e-05     0.022732215       3.0231242      0.97767421     0.050473414      0.99960453      -24.280118       -24.280118       2464.1992                                                 2464.1992
              1       1208.1826      0.38554396      0.30289125   9.1250137e-05     0.022704644       3.0181868      0.97644812     0.047781855      0.99973476      -24.280118       -24.280118       2464.9254                                                 2464.9254
              3       1207.1473      0.42777581      0.30430719   9.1686398e-05     0.022681068       3.0118249      0.97780251     0.043284003       1.0013458      -24.280118       -24.280118       2462.8548                                                 2462.8548
              1       1207.5612      0.43752243      0.30463333   9.1768099e-05     0.022703359       3.0101945      0.97792676     0.042413745       1.0013956      -24.280118       -24.280118       2463.6826                                                 2463.6826
              2       1206.5797      0.44134955      0.30482947   9.1882022e-05     0.022622857       2.9981424      0.97872606     0.037655528       1.0001629      -24.280118       -24.280118       2461.7196                                                 2461.7196
              1       1206.1944       0.4383207      0.30488185    9.184539e-05     0.022640011       2.9974473      0.97796534     0.037146341       1.0000151      -24.280118       -24.280118       2460.9491                                                 2460.9491
              2       1206.1375      0.40837428      0.30138687   9.0901304e-05      0.02273314       2.9947778      0.97719342     0.039607909      0.99702472      -24.280118       -24.280118       2460.8352                                                 2460.8352
              1       1205.6456      0.55588244      0.30504636   9.2041868e-05     0.022705847       3.0056647      0.97313366     0.040707237       1.0000641      -24.280118       -24.280118       2459.8514                                                 2459.8514
              4       1207.5786      0.45232924      0.30282106    9.120724e-05     0.022645886       3.0194956      0.96973704     0.046784339      0.99910899      -24.280118       -24.280118       2463.7174                                                 2463.7174
              3       1207.7637      0.45294775      0.30281441   9.1202291e-05     0.022646121       3.0190937      0.96978496     0.046677057      0.99898249      -24.280118       -24.280118       2464.0876                                                 2464.0876
              1       1207.3055      0.43437251       0.3011556   9.0796494e-05      0.02270426       3.0291183      0.97031501     0.055047081      0.99661117      -24.280118       -24.280118       2463.1712                                                 2463.1712
              5       1207.0877       0.4427203      0.30153246   9.0899907e-05     0.022714804        3.031026      0.97113398     0.055864097      0.99682188      -24.280118       -24.280118       2462.7357                                                 2462.7357
              2       1207.6611      0.42685738      0.30163984   9.0834311e-05     0.022685712       3.0380531      0.97034655     0.057663944      0.99860558      -24.280118       -24.280118       2463.8825                                                 2463.8825
              1       1207.9021       0.4090969      0.30069385   9.0585344e-05     0.022674606       3.0390069      0.97146262     0.057920083      0.99878467      -24.280118       -24.280118       2464.3644                                                 2464.3644
              1       1205.6208      0.41168799      0.29981489   9.0474501e-05     0.022687754        3.024142      0.97444242     0.053070949      0.99698659      -24.280118       -24.280118       2459.8017                                                 2459.8017
              1       1207.2273      0.40754782      0.29938645   9.0454849e-05     0.022620324       3.0273773      0.97531907      0.05545287      0.99615525      -24.280118       -24.280118       2463.0148                                                 2463.0148
              3       1207.1734      0.36826822      0.29721924    8.992048e-05     0.022598243       3.0274553      0.97487253     0.055261127      0.99664133      -24.280118       -24.280118       2462.9071                                                 2462.9071
              2       1207.0588      0.37806915         0.29742   9.0124222e-05      0.02259374       3.0330419      0.97570074     0.057616098      0.99751054      -24.280118       -24.280118       2462.6778                                                 2462.6778
              2       1207.0136      0.45030982       0.2999429   9.1127073e-05     0.022382425       3.0285561      0.97584725     0.055141063      0.99958136      -24.280118       -24.280118       2462.5874                                                 2462.5874
              2       1207.0433      0.45116827      0.30002273   9.1149059e-05     0.022380594       3.0290038      0.97577841     0.055189374      0.99974062      -24.280118       -24.280118       2462.6469                                                 2462.6469
              6       1209.3167      0.41676208      0.29852745   9.0784751e-05     0.022366937       3.0301557      0.97201617     0.056960539      0.99963882      -24.280118       -24.280118       2467.1936                                                 2467.1936
              2       1209.5934      0.41448809      0.29825149   9.0682057e-05     0.022370682       3.0328057      0.97231835     0.057832961      0.99991347      -24.280118       -24.280118        2467.747                                                  2467.747
              4       1209.9625      0.39734972      0.29751265   9.0477187e-05      0.02239681       3.0391345       0.9725712     0.062028888      0.99870714      -24.280118       -24.280118       2468.4853                                                 2468.4853
              2        1208.205      0.42988794       0.2990212   9.0787744e-05     0.022436922       3.0248557      0.97046361     0.054964261      0.99641589      -24.280118       -24.280118       2464.9703                                                 2464.9703
              3       1207.4905      0.37103408      0.29821156   9.0560812e-05     0.022394005       2.9952584      0.97472475     0.044336336      0.99414064      -24.280118       -24.280118       2463.5412                                                 2463.5412
              2       1207.4342      0.37052011      0.29808511   9.0532974e-05     0.022393764       2.9946511      0.97464535     0.043893054      0.99434566      -24.280118       -24.280118       2463.4286                                                 2463.4286
              3       1207.1297      0.40648448      0.29989329   9.0835081e-05     0.022468997       2.9880134      0.97229361     0.040760056      0.99346649      -24.280118       -24.280118       2462.8196                                                 2462.8196
              1       1206.5622      0.41670098      0.30044148   9.0962102e-05     0.022533526       2.9901037      0.97208906     0.041769883      0.99350121      -24.280118       -24.280118       2461.6846                                                 2461.6846
              2       1205.1307      0.42192228      0.30228859   9.1438684e-05     0.022420958       3.0163574        0.970949     0.052198697      0.99609741      -24.280118       -24.280118       2458.8217                                                 2458.8217
              2        1205.216      0.42212077       0.3021971   9.1434919e-05     0.022416339       3.0165753      0.97094817     0.052305081      0.99617732      -24.280118       -24.280118       2458.9922                                                 2458.9922
              4       1204.6759      0.40946436      0.30130979   9.1090592e-05     0.022482432       3.0203195      0.97114246     0.052980875      0.99708124      -24.280118       -24.280118        2457.912                                                  2457.912
              1       1204.6504      0.40582982      0.30119201   9.1030024e-05     0.022487789       3.0192708       0.9712132     0.052548495      0.99692037      -24.280118       -24.280118        2457.861                                                  2457.861
              2       1205.2731      0.40613447      0.30145464   9.1128092e-05     0.022455146       3.0176093      0.97154735     0.052500162      0.99652484      -24.280118       -24.280118       2459.1064                                                 2459.1064
              1       1204.7862      0.40580025      0.30146153    9.112969e-05      0.02244959       3.0158829      0.97315268     0.050716766      0.99769465      -24.280118       -24.280118       2458.1326                                                 2458.1326
              3       1204.7766      0.40827633      0.30157231   9.1152591e-05     0.022455476       3.0161197      0.97322033     0.050830815      0.99768601      -24.280118       -24.280118       2458.1135                                                 2458.1135
              2       1202.7031      0.37231147      0.30199908   9.1178044e-05     0.022434399       3.0130444       0.9703024     0.045739239      0.99935921      -24.280118       -24.280118       2453.9664                                                 2453.9664
              1       1202.7137      0.37241425      0.30204548   9.1185262e-05     0.022430596       3.0128914      0.96993226     0.045321846      0.99980082      -24.280118       -24.280118       2453.9876                                                 2453.9876
              3       1204.7948      0.43480409       0.3032435   9.1843013e-05     0.022408686       3.0187158      0.96943694     0.047403045       1.0010609      -24.280118       -24.280118       2458.1499                                                 2458.1499
              2       1205.1742      0.55897149      0.30847292   9.2994683e-05     0.022548242       3.0196964       0.9721149     0.043788201       1.0035262      -24.280118       -24.280118       2458.9087                                                 2458.9087
              5       1205.9637      0.60295542      0.30875241   9.3191297e-05     0.022595229       3.0183507      0.97212865     0.043697939       1.0027262      -24.280118       -24.280118       2460.4877                                                 2460.4877
              1       1206.0094      0.62537213       0.3097727   9.3519326e-05     0.022576538       3.0221997      0.97088043      0.04579751       1.0027651      -24.280118       -24.280118        2460.579                                                  2460.579
              1       1204.9512      0.59228397      0.30710727   9.3046914e-05     0.022493219        3.010693      0.97588004     0.046218248       1.0001234      -24.280118       -24.280118       2458.4625                                                 2458.4625
              2        1204.076      0.53321821      0.30670647    9.256263e-05     0.022572474        2.992356      0.97644031     0.037479285      0.99839084      -24.280118       -24.280118       2456.7122                                                 2456.7122
              3       1203.8351      0.53111962      0.30665239   9.2542948e-05     0.022576852       2.9929224      0.97631136     0.037503359      0.99858191      -24.280118       -24.280118       2456.2304                                                 2456.2304
              2       1203.7797      0.51769724      0.30718587   9.2811498e-05      0.02244233       2.9874097      0.97191566     0.035753092      0.99800953      -24.280118       -24.280118       2456.1197                                                 2456.1197
              1         1205.16      0.48928329      0.30542974   9.2486055e-05     0.022395282       2.9819464      0.97361232     0.033713052      0.99792599      -24.280118       -24.280118       2458.8802                                                 2458.8802
              1       1204.9596      0.48305402      0.30547349   9.2419938e-05       0.0224165       2.9817045      0.97357199     0.033451961      0.99801814      -24.280118       -24.280118       2458.4794                                                 2458.4794
              2       1203.6146      0.49477155      0.30644662   9.2632998e-05      0.02245056       2.9867168      0.97263204     0.035149949      0.99818076      -24.280118       -24.280118       2455.7893                                                 2455.7893
              1       1204.8766      0.48184462      0.30668881   9.2753587e-05     0.022371863       2.9835519       0.9708614     0.031233714       1.0005641      -24.280118       -24.280118       2458.3135                                                 2458.3135
              6       1205.5863      0.44398764      0.30355183   9.1766931e-05     0.022502812       2.9881119      0.96609707     0.031809485       1.0009904      -24.280118       -24.280118       2459.7328                                                 2459.7328
              3       1204.2934      0.43409635      0.30312794   9.1670206e-05     0.022512422       2.9857238      0.96908735     0.031975411       0.9998132      -24.280118       -24.280118       2457.1471                                                 2457.1471
              1       1203.4974      0.37988747      0.30133998   9.1163369e-05     0.022425908       2.9998492      0.97044344     0.039939234      0.99972927      -24.280118       -24.280118       2455.5551                                                 2455.5551
              2       1204.7756      0.32768852      0.29687691   8.9924585e-05      0.02253348        2.998477      0.97309096     0.038622957       1.0009023      -24.280118       -24.280118       2458.1114                                                 2458.1114
              2       1204.8213      0.32781162      0.29690086   8.9922787e-05     0.022538596       2.9982802      0.97298583     0.038521138       1.0009212      -24.280118       -24.280118       2458.2029                                                 2458.2029
              1       1204.8851      0.34720637      0.29749733   9.0113043e-05     0.022539557       2.9955442      0.97329464     0.036913823       1.0011893      -24.280118       -24.280118       2458.3305                                                 2458.3305
              2       1204.6362      0.35724338      0.29767523   9.0165356e-05     0.022585446       2.9954122      0.97221808     0.036851843       1.0007203      -24.280118       -24.280118       2457.8326                                                 2457.8326
              2        1203.947      0.41692748      0.30151445   9.0919876e-05     0.022714014       3.0069103      0.97539009     0.041698848       1.0007724      -24.280118       -24.280118       2456.4543                                                 2456.4543
              1        1203.856      0.41195718      0.30172318   9.0955819e-05     0.022704571       3.0056604      0.97508758     0.040572888       1.0010884      -24.280118       -24.280118       2456.2723                                                 2456.2723
              1       1204.3929       0.4118869      0.30140655   9.0881628e-05     0.022729189       3.0044986      0.97582352     0.040993397       1.0002798      -24.280118       -24.280118        2457.346                                                  2457.346
              1        1205.259      0.39467277       0.3004684   9.0642453e-05     0.022716974       3.0152975      0.97765615     0.045957429        1.000867      -24.280118       -24.280118       2459.0782                                                 2459.0782
              1        1205.791      0.45599759      0.30294542   9.1283312e-05     0.022787161       3.0303393      0.97186269     0.054022466       1.0000683      -24.280118       -24.280118       2460.1423                                                 2460.1423
              1       1205.5249      0.47237264      0.30360106   9.1499714e-05     0.022765474       3.0299977      0.97238353     0.053986584       1.0001883      -24.280118       -24.280118         2459.61                                                   2459.61
              1       1206.9606      0.43443895       0.3063704   9.1770444e-05     0.022726206       3.0296281      0.97364701     0.056197213      0.99635464      -24.280118       -24.280118       2462.4813                                                 2462.4813
              1       1206.7294      0.43621673      0.30689911   9.2206615e-05     0.022629932       3.0305952      0.97337254     0.057322823      0.99590871      -24.280118       -24.280118        2462.019                                                  2462.019
              2       1207.0801      0.46027249      0.30761482    9.239316e-05     0.022654619       3.0310654       0.9735005      0.05701617      0.99585426      -24.280118       -24.280118       2462.7203                                                 2462.7203
              1       1206.6362      0.45090955      0.30743919   9.2262645e-05     0.022648081       3.0261226      0.97210948     0.054779603      0.99502453      -24.280118       -24.280118       2461.8326                                                 2461.8326
              1       1206.5934      0.45037165      0.30758741   9.2338864e-05     0.022633066       3.0249484      0.97135111     0.054045832       0.9950945      -24.280118       -24.280118       2461.7471                                                 2461.7471
              2       1205.1794      0.36331983      0.30410431    9.163436e-05     0.022409098       3.0033993      0.97396094     0.046720057      0.99469886      -24.280118       -24.280118        2458.919                                                  2458.919
              5        1203.171      0.39943487      0.30295122   9.1468147e-05     0.022474646       3.0013019      0.97110366      0.04332651      0.99710799      -24.280118       -24.280118       2454.9022                                                 2454.9022
              2       1202.6691      0.45754825      0.30628354   9.2080151e-05     0.022604446        3.015795      0.97399773     0.046101827      0.99955762      -24.280118       -24.280118       2453.8985                                                 2453.8985
              5       1207.3154      0.42948896      0.30651286   9.2258615e-05     0.022392425       3.0073285      0.98020224     0.044480999      0.99801091      -24.280118       -24.280118       2463.1909                                                 2463.1909
              4       1207.5434       0.4181839      0.30634413   9.2193448e-05     0.022392544       3.0043396      0.98009354     0.043573384      0.99727311      -24.280118       -24.280118       2463.6471                                                 2463.6471
              2       1205.1358      0.46854881      0.31160133   9.3555696e-05     0.022278081       3.0044256      0.97352339     0.039210001        1.000601      -24.280118       -24.280118       2458.8318                                                 2458.8318
              3       1205.0577      0.47427379      0.31137608   9.3571853e-05     0.022277833       3.0017612      0.97291075     0.037694819       1.0007356      -24.280118       -24.280118       2458.6757                                                 2458.6757
              5       1205.1121      0.47542987      0.31142148   9.3579171e-05     0.022279503       3.0016315      0.97268935     0.037461231       1.0008176      -24.280118       -24.280118       2458.7844                                                 2458.7844
              2       1204.2992      0.44526296       0.3110911   9.3384802e-05     0.022288341       3.0012003      0.97073871     0.037953754      0.99980903      -24.280118       -24.280118       2457.1585                                                 2457.1585
              4       1204.8246      0.40662872      0.30506901   9.1784926e-05       0.0225151       3.0061504      0.97837872     0.042352863      0.99989366      -24.280118       -24.280118       2458.2095                                                 2458.2095
              1       1203.8325      0.41785894      0.30519328   9.1838574e-05     0.022527265        3.010007      0.97707076      0.04325401       1.0006983      -24.280118       -24.280118       2456.2253                                                 2456.2253
              6       1203.1718        0.405229      0.30369457   9.1610758e-05      0.02245019       3.0000298      0.97593641      0.03972264      0.99921713      -24.280118       -24.280118       2454.9037                                                 2454.9037
              2       1204.2512      0.39180249      0.30204446   9.1193575e-05     0.022466975       3.0103133      0.97781353     0.044390836       1.0004939      -24.280118       -24.280118       2457.0626                                                 2457.0626
              1       1203.5927      0.36589394       0.3010859   9.0943938e-05     0.022399644       3.0115947      0.97451515     0.045885778      0.99969398      -24.280118       -24.280118       2455.7455                                                 2455.7455
              1       1203.8809      0.38400717      0.30139181   9.1104782e-05     0.022377999       3.0077701      0.97409065     0.043526395       1.0002677      -24.280118       -24.280118       2456.3221                                                 2456.3221
              1       1203.4383      0.40237677       0.3023678   9.1097193e-05      0.02257735       3.0111392      0.96999119     0.042656858        1.001803      -24.280118       -24.280118       2455.4369                                                 2455.4369
              2       1204.0233      0.37538514      0.30208014   9.1053391e-05     0.022512965       3.0076718      0.97519923     0.043520129       1.0004642      -24.280118       -24.280118       2456.6069                                                 2456.6069
              6       1205.6127      0.35775658       0.3019018    9.075468e-05     0.022730088       2.9941807      0.97566273     0.036810322      0.99840489      -24.280118       -24.280118       2459.7857                                                 2459.7857
              1       1205.6835      0.29066941      0.29829121    9.010211e-05     0.022552095        2.989364      0.97346636     0.032760032       1.0006077      -24.280118       -24.280118       2459.9272                                                 2459.9272
              2       1204.6881      0.32596929      0.29803601    9.017241e-05     0.022514856       2.9915853      0.97530589     0.034618427       1.0007332      -24.280118       -24.280118       2457.9365                                                 2457.9365
              1       1205.1793      0.32398001       0.2981524   9.0184514e-05     0.022508215       2.9943842      0.97637043     0.035117296       1.0016052      -24.280118       -24.280118       2458.9187                                                 2458.9187
              2       1206.9803      0.35553851      0.29877998   9.0561383e-05     0.022517248       2.9998881      0.97709956     0.038160049       1.0018131      -24.280118       -24.280118       2462.5208                                                 2462.5208
              1       1206.8482      0.35938668      0.29891045   9.0598947e-05       0.0225172       2.9998573      0.97700809     0.038035078       1.0018069      -24.280118       -24.280118       2462.2565                                                 2462.2565
              1        1207.269      0.36885286       0.2985596   9.0249754e-05     0.022729241       3.0162576      0.97209848     0.042563632       1.0044423      -24.280118       -24.280118       2463.0983                                                 2463.0983
              1       1207.7921       0.3974819      0.30174745   9.0958497e-05     0.022747234       3.0111783        0.970572     0.040724549       1.0041576      -24.280118       -24.280118       2464.1445                                                 2464.1445
              1       1207.7592      0.41191311      0.30233365   9.1093048e-05     0.022765461       3.0120769      0.97023492     0.040658346        1.004385      -24.280118       -24.280118       2464.0787                                                 2464.0787
              4       1207.9769      0.41455939      0.30243126   9.1144391e-05     0.022759504       3.0126683      0.97025439       0.0408551        1.004541      -24.280118       -24.280118       2464.5141                                                 2464.5141
              3       1208.5465      0.35868866      0.30178388    9.083413e-05     0.022668226       3.0167832       0.9698336     0.039831726       1.0069676      -24.280118       -24.280118       2465.6532                                                 2465.6532
              5       1208.7607      0.36959074      0.30174756   9.1133522e-05     0.022387681       3.0132266      0.96672625     0.040019236       1.0059943      -24.280118       -24.280118       2466.0817                                                 2466.0817
              3       1210.2476      0.35829589      0.30186323   9.1105754e-05     0.022375182       3.0192097      0.96676488     0.042372093       1.0068399      -24.280118       -24.280118       2469.0554                                                 2469.0554
              3          1208.5      0.37259227      0.30127545   9.1058776e-05     0.022382558        3.011006      0.97204134     0.039439499        1.006449      -24.280118       -24.280118       2465.5602                                                 2465.5602
              1       1209.1181      0.28807763      0.29721327    8.991651e-05     0.022523863       3.0170813      0.97286357     0.043122342       1.0059081      -24.280118       -24.280118       2466.7964                                                 2466.7964
              2       1208.9844      0.30013101       0.2971352     8.99714e-05      0.02251064       3.0226934      0.97294914     0.046200781       1.0057065      -24.280118       -24.280118        2466.529                                                  2466.529
              2       1207.4729      0.36738262      0.30137013   9.1145059e-05     0.022545718       3.0118328      0.97223683     0.044559125      0.99976087      -24.280118       -24.280118       2463.5061                                                 2463.5061
              1       1207.4784      0.36507221      0.30140068   9.1114105e-05     0.022564977       3.0117908      0.97145245     0.044228639      0.99991268      -24.280118       -24.280118        2463.517                                                  2463.517
              1       1207.7508      0.35107598      0.30056809   9.0858438e-05     0.022602806       3.0119085      0.97177385     0.045479894      0.99900186      -24.280118       -24.280118       2464.0618                                                 2464.0618
              1       1207.4646      0.38961548       0.3024951   9.1301442e-05     0.022657103       3.0055932      0.97201869     0.042817234      0.99802604      -24.280118       -24.280118       2463.4895                                                 2463.4895
              1       1205.4565      0.43669749      0.30432908   9.1827797e-05     0.022658707       3.0086927      0.97182604     0.044100268       0.9991405      -24.280118       -24.280118       2459.4732                                                 2459.4732
              3       1204.8895      0.42065197      0.30460447   9.1539108e-05     0.022726636       3.0253024      0.97394838     0.050493826       0.9999568      -24.280118       -24.280118       2458.3392                                                 2458.3392
              5       1204.7978      0.48255091      0.30497175   9.2030903e-05     0.022596973        3.022427       0.9723691     0.049746383      0.99857273      -24.280118       -24.280118       2458.1559                                                 2458.1559
              5       1205.5732      0.43686129      0.30463695   9.1946402e-05     0.022411924       3.0110925      0.97308923     0.043517957      0.99915854      -24.280118       -24.280118       2459.7065                                                 2459.7065
              5       1203.7629      0.43492642      0.30307301   9.1498347e-05     0.022537243       3.0000752      0.97114453     0.039451162      0.99797959      -24.280118       -24.280118       2456.0861                                                 2456.0861
              7       1203.9328       0.4299827      0.30203121   9.1222972e-05     0.022589242       3.0031608      0.97623344     0.040381179      0.99940803      -24.280118       -24.280118       2456.4258                                                 2456.4258
              5       1205.1418      0.43114231      0.30158032   9.1223588e-05     0.022530747       3.0097843      0.97778799     0.044816705      0.99854187      -24.280118       -24.280118       2458.8438                                                 2458.8438
             11       1205.1354      0.41309599      0.30093701   9.1084279e-05     0.022511426       3.0024006      0.97694339     0.043302587      0.99664107      -24.280118       -24.280118       2458.8311                                                 2458.8311
              1       1204.9922      0.39960823      0.30146437    9.102929e-05      0.02251298       2.9975636      0.97570205     0.042701443      0.99469879      -24.280118       -24.280118       2458.5446                                                 2458.5446
              3       1204.6272      0.34405394      0.29946633   9.0465444e-05     0.022436408       3.0005246      0.97371177     0.042128035      0.99842722      -24.280118       -24.280118       2457.8146                                                 2457.8146
              4       1204.9203      0.28950021      0.29698788   8.9645215e-05     0.022519169       3.0021194      0.97492964     0.044434889      0.99577129      -24.280118       -24.280118       2458.4008                                                 2458.4008
              2       1205.0593      0.34828209      0.29777948   8.9957046e-05     0.022572609       2.9990656       0.9744908     0.041795669      0.99621471      -24.280118       -24.280118       2458.6788                                                 2458.6788
              1       1205.0234      0.38851809      0.29939483     9.04513e-05      0.02262359        2.989377      0.97333542      0.03785777      0.99521634      -24.280118       -24.280118       2458.6071                                                 2458.6071
              2       1204.6194      0.38884326      0.29963613   9.0575206e-05     0.022591756       2.9913358      0.97392777     0.038923548      0.99537168      -24.280118       -24.280118        2457.799                                                  2457.799
              1       1204.2884      0.44636136      0.30159202   9.1071304e-05     0.022655243       3.0000385      0.97427421     0.043008294      0.99553268      -24.280118       -24.280118       2457.1371                                                 2457.1371
              2       1203.9271      0.44947613      0.30240295    9.120625e-05     0.022671461       3.0025211       0.9726712     0.042840657      0.99625326      -24.280118       -24.280118       2456.4144                                                 2456.4144
              1       1206.5457      0.42594239      0.30400746   9.1268148e-05     0.022718046        2.994558      0.97337345      0.04010325      0.99623737      -24.280118       -24.280118       2461.6517                                                 2461.6517
              2       1208.1624      0.39428895       0.3033588   9.0976747e-05      0.02273366       2.9963394      0.97333104      0.04352843      0.99300686      -24.280118       -24.280118       2464.8851                                                 2464.8851
              2       1206.7562      0.37673353      0.30273776   9.0989211e-05     0.022616209       2.9964176      0.97313502     0.044611596       0.9924918      -24.280118       -24.280118       2462.0726                                                 2462.0726
              1       1206.7205      0.37303171      0.30392903   9.1207199e-05     0.022606951       2.9940674      0.97306584      0.04322323      0.99234514      -24.280118       -24.280118       2462.0013                                                 2462.0013
              2       1206.6867      0.40401077      0.30523504   9.1651395e-05     0.022591466       2.9839582      0.97141806     0.037757102      0.99345063      -24.280118       -24.280118       2461.9337                                                 2461.9337
              3        1206.676      0.40313697      0.30520903   9.1642561e-05     0.022592301       2.9841349      0.97136659     0.037818937      0.99347429      -24.280118       -24.280118       2461.9123                                                 2461.9123
              3       1207.1303      0.36771597      0.30249949   9.0802726e-05     0.022662349       2.9910937      0.97149341     0.040927274      0.99332628      -24.280118       -24.280118       2462.8208                                                 2462.8208
              1       1209.5495      0.36268646      0.30705132   9.1834482e-05     0.022338043       2.9822028      0.96594303     0.026674551       1.0005116      -24.280118       -24.280118       2467.6593                                                 2467.6593
              4       1209.4753       0.3766834      0.30815352    9.204396e-05     0.022397139       2.9885389       0.9647286     0.027529399       1.0028685      -24.280118       -24.280118       2467.5108                                                 2467.5108
              6       1209.6514      0.42928627         0.30861   9.2599955e-05     0.022299697       2.9945744      0.96410797     0.031261106       1.0021091      -24.280118       -24.280118        2467.863                                                  2467.863
              3       1209.4678      0.42880498      0.30803761   9.2507447e-05     0.022297554       2.9883426      0.96412057     0.028562387       1.0020067      -24.280118       -24.280118       2467.4958                                                 2467.4958
              1       1209.9618      0.39783641      0.30850521   9.2444566e-05     0.022288006       3.0041468      0.96191449     0.036805383       1.0014792      -24.280118       -24.280118       2468.4838                                                 2468.4838
              2       1209.4857      0.42027399      0.31001745    9.288158e-05      0.02228599        3.010595      0.96280144     0.038869801       1.0022724      -24.280118       -24.280118       2467.5316                                                 2467.5316
              4         1211.25      0.59737465       0.3181448   9.4740869e-05     0.022593965       3.0043977      0.96520866     0.033900243       1.0035741      -24.280118       -24.280118       2471.0602                                                 2471.0602
              1       1211.4112      0.59714743      0.31837485    9.479945e-05     0.022584397        3.002347      0.96497824     0.032616068       1.0037445      -24.280118       -24.280118       2471.3827                                                 2471.3827
              3       1212.1799      0.54654752      0.31114649   9.3048288e-05     0.022761646       2.9996036      0.97091926     0.029008233       1.0072238      -24.280118       -24.280118       2472.9201                                                 2472.9201
              2       1211.1544      0.56210149      0.31036236   9.3054571e-05     0.022736637       3.0023574      0.97023026     0.030337387       1.0072386      -24.280118       -24.280118        2470.869                                                  2470.869
              9       1209.9318      0.53477851      0.31183803   9.3430309e-05     0.022623675       3.0079334      0.96991238     0.032600971       1.0079344      -24.280118       -24.280118       2468.4239                                                 2468.4239
              6       1210.2884      0.48062784      0.30946193   9.2654769e-05     0.022668473       3.0139723      0.96909782     0.035296324       1.0077195      -24.280118       -24.280118       2469.1371                                                 2469.1371
              5       1210.4832      0.48574499      0.30883981   9.2520918e-05     0.022687523       3.0135382      0.96924257     0.035122124       1.0077123      -24.280118       -24.280118       2469.5267                                                 2469.5267
              3       1205.4158      0.46419623      0.30400562   9.1590624e-05     0.022688825       2.9859795      0.96914246       0.0285166       1.0015314      -24.280118       -24.280118       2459.3919                                                 2459.3919
              1       1204.8696      0.50414453      0.30780256   9.2473527e-05     0.022711053       2.9761964      0.97089855     0.025522763      0.99978326      -24.280118       -24.280118       2458.2994                                                 2458.2994
              1       1203.6804      0.59017473      0.31173139   9.3894603e-05     0.022565241       2.9858103      0.96991749     0.032454139      0.99935201      -24.280118       -24.280118        2455.921                                                  2455.921
              1       1204.5246      0.58065598      0.31084229   9.3629572e-05     0.022606481       2.9888002      0.97295019     0.037156493      0.99681403      -24.280118       -24.280118       2457.6094                                                 2457.6094
              2       1203.9876      0.56372993      0.30966864   9.3267702e-05     0.022638269       2.9924685      0.97242624     0.038869123       0.9966181      -24.280118       -24.280118       2456.5355                                                 2456.5355
              2       1204.0826      0.53212178      0.30927692   9.3169894e-05     0.022543498       2.9881883       0.9717774     0.038098909      0.99533826      -24.280118       -24.280118       2456.7255                                                 2456.7255
              6       1204.1049      0.54346963      0.30959127   9.3255306e-05     0.022541308        2.988683      0.97188977     0.038353268      0.99532821      -24.280118       -24.280118       2456.7699                                                 2456.7699
              3       1203.7854      0.54722588      0.31073824   9.3628774e-05     0.022468309       2.9905822       0.9725292     0.039080931      0.99548379      -24.280118       -24.280118        2456.131                                                  2456.131
              2       1203.2849      0.53066552      0.31023244   9.3474788e-05      0.02243596       2.9903969      0.97208314      0.03740315      0.99734227      -24.280118       -24.280118       2455.1301                                                 2455.1301
              3       1203.1744      0.53327449       0.3104204   9.3498511e-05     0.022461267       2.9905073       0.9714281     0.036600883      0.99815229      -24.280118       -24.280118        2454.909                                                  2454.909
              4       1203.5279      0.53894159      0.31100328   9.3596466e-05     0.022470561       2.9924032      0.97163248     0.037925347      0.99787074      -24.280118       -24.280118       2455.6161                                                 2455.6161
              2       1203.0709      0.54569367      0.31091785   9.3556043e-05      0.02249325       2.9946063      0.97127352     0.038797275      0.99778903      -24.280118       -24.280118       2454.7021                                                 2454.7021
              4       1202.9302      0.55782903      0.31075764   9.3545322e-05     0.022525392       2.9928941      0.97316183     0.037627931       0.9979699      -24.280118       -24.280118       2454.4207                                                 2454.4207
              3       1202.6164      0.55935442      0.31223174   9.3956204e-05     0.022487264       2.9948332      0.97113436      0.03767468      0.99802093      -24.280118       -24.280118       2453.7931                                                 2453.7931
              2       1202.8741      0.54752974      0.30914304   9.3231835e-05     0.022539526       2.9992166      0.97244516     0.041155571      0.99659709      -24.280118       -24.280118       2454.3084                                                 2454.3084
              1       1202.6804      0.54166143      0.30775092   9.2933322e-05     0.022545116       2.9982706      0.97175648     0.041477917      0.99650456      -24.280118       -24.280118        2453.921                                                  2453.921
              2       1202.9551      0.45814954        0.305183   9.2106262e-05     0.022534907       3.0000408      0.97068081     0.042640982      0.99615167      -24.280118       -24.280118       2454.4705                                                 2454.4705
              4        1204.772      0.46058247       0.3058901   9.2390807e-05     0.022500956       2.9974421      0.96941237     0.041619321      0.99576328      -24.280118       -24.280118       2458.1042                                                 2458.1042
              2       1204.5038      0.43598757      0.30538818    9.226598e-05     0.022447931       3.0031633      0.96920438     0.043406667      0.99744118      -24.280118       -24.280118       2457.5678                                                 2457.5678
              3       1204.1248      0.38560785      0.30275153   9.1516547e-05     0.022360895       2.9917016      0.96887274     0.037400709       0.9979402      -24.280118       -24.280118       2456.8098                                                 2456.8098
              3       1204.1562      0.38416369      0.30271466   9.1505438e-05     0.022359724       2.9917239      0.96884647     0.037441263      0.99790876      -24.280118       -24.280118       2456.8727                                                 2456.8727
              1       1203.9597      0.43415899       0.3039404   9.1908719e-05     0.022443977       2.9885723      0.97043074     0.036645746      0.99739308      -24.280118       -24.280118       2456.4797                                                 2456.4797
              1       1203.9006      0.41030153      0.30279085   9.1555592e-05     0.022464369       2.9900496      0.97150016     0.037900753      0.99692322      -24.280118       -24.280118       2456.3615                                                 2456.3615
              4       1202.8645      0.43746155       0.3039773   9.1796932e-05     0.022498213       3.0011431      0.97124425     0.043211485      0.99699793      -24.280118       -24.280118       2454.2893                                                 2454.2893
              3       1203.3083      0.45017903      0.30359777   9.1664669e-05     0.022562157       3.0031453      0.97310377     0.040393009       1.0011652      -24.280118       -24.280118       2455.1768                                                 2455.1768
              1       1204.4961      0.43077836      0.30577281   9.2281116e-05     0.022457267        2.994748      0.97032906     0.037286197      0.99997027      -24.280118       -24.280118       2457.5524                                                 2457.5524
              6         1204.09      0.49268748      0.31041361   9.3501118e-05     0.022361686       2.9896922      0.97079359     0.037638405       0.9965379      -24.280118       -24.280118       2456.7401                                                 2456.7401
              5       1203.7696      0.52292795      0.31229293   9.3928559e-05     0.022385356        2.981394      0.97155895     0.031410451      0.99810008      -24.280118       -24.280118       2456.0993                                                 2456.0993
              2       1202.9934      0.53748678      0.31281388   9.4003049e-05     0.022420737        2.985312      0.97044234     0.032092587      0.99875897      -24.280118       -24.280118        2454.547                                                  2454.547
              3       1203.6345       0.5802473       0.3135301   9.4173363e-05     0.022485771       2.9831695      0.97073278      0.03059644      0.99937232      -24.280118       -24.280118       2455.8293                                                 2455.8293
              7       1204.6617      0.62737431      0.31646916    9.496689e-05     0.022449191       2.9881438      0.97199022       0.0333058      0.99908896      -24.280118       -24.280118       2457.8836                                                 2457.8836
              7        1206.317      0.54529684      0.31194221   9.3948713e-05     0.022326998       2.9978492       0.9746738     0.038560519      0.99777182      -24.280118       -24.280118       2461.1941                                                 2461.1941
              3       1205.7921      0.64022368       0.3152228   9.4882231e-05     0.022478585       3.0007449      0.97560874     0.040131689      0.99770307      -24.280118       -24.280118       2460.1444                                                 2460.1444
              1       1206.0843      0.65126987      0.31703072   9.5277662e-05     0.022465074       2.9927671      0.97412069     0.035068227      0.99835187      -24.280118       -24.280118       2460.7289                                                 2460.7289
              1       1206.7354      0.64615904       0.3185411   9.5599854e-05     0.022426909       2.9956963      0.97433571     0.035842087      0.99898053      -24.280118       -24.280118       2462.0311                                                 2462.0311
              1        1206.752      0.64923111      0.31861352   9.5641793e-05     0.022418973       2.9955784      0.97430636     0.035749809      0.99906614      -24.280118       -24.280118       2462.0642                                                 2462.0642
              5       1206.1737      0.67336007      0.31964188   9.5843579e-05     0.022411828         2.99641      0.97317436     0.037563099      0.99920692      -24.280118       -24.280118       2460.9077                                                 2460.9077
              3       1207.4445      0.66809696      0.31544389   9.4943081e-05     0.022429703        3.016291       0.9739416       0.0469583       1.0009438      -24.280118       -24.280118       2463.4492                                                 2463.4492
              4       1209.4586      0.63552259      0.31340394   9.4168873e-05     0.022578552       3.0188564      0.97780269     0.045958993       1.0029739      -24.280118       -24.280118       2467.4775                                                 2467.4775
              5        1209.323      0.64605363      0.31426799   9.4419808e-05     0.022548587        3.017937      0.97676486     0.045253645       1.0032054      -24.280118       -24.280118       2467.2063                                                 2467.2063
              1        1206.491      0.63013423      0.31734276   9.4984658e-05     0.022542488       3.0133408      0.97364752     0.043194295        1.001738      -24.280118       -24.280118       2461.5422                                                 2461.5422
              1       1206.7249      0.66866505      0.31738249   9.5163853e-05     0.022608648        3.004394      0.97593281     0.038181365       1.0016158      -24.280118       -24.280118         2462.01                                                   2462.01
              2       1207.3455      0.67485262      0.31769909   9.5232454e-05     0.022624692       3.0082718      0.97655506     0.040134331       1.0015349      -24.280118       -24.280118       2463.2512                                                 2463.2512
              4       1207.4326      0.70508169      0.31754785   9.5260746e-05     0.022703955       3.0113052      0.97600029     0.041653232       1.0017635      -24.280118       -24.280118       2463.4254                                                 2463.4254
             11       1205.5069       0.6373888      0.31439371   9.4757787e-05     0.022517059       2.9858033      0.97324594     0.033471738      0.99716521      -24.280118       -24.280118        2459.574                                                  2459.574
              4       1207.6158      0.60125113      0.31139655   9.3946564e-05     0.022582442       2.9877172      0.97480368     0.035660288      0.99558498      -24.280118       -24.280118       2463.7918                                                 2463.7918
              1       1207.6996      0.59698529      0.30931154   9.3519138e-05     0.022634586       2.9898454      0.97623171     0.036711312      0.99635812      -24.280118       -24.280118       2463.9594                                                 2463.9594
              1        1207.355      0.59810834      0.31032728   9.3659191e-05     0.022652447       2.9813718      0.97569934     0.031351296      0.99726229      -24.280118       -24.280118       2463.2702                                                 2463.2702
              1       1207.4311      0.59708243      0.31046825   9.3662328e-05     0.022669551       2.9826302      0.97524461     0.031942569      0.99714984      -24.280118       -24.280118       2463.4224                                                 2463.4224
              1       1205.9436      0.66801294      0.32058084   9.6158103e-05     0.022361112       2.9893114      0.97034954     0.036224472      0.99681178      -24.280118       -24.280118       2460.4474                                                 2460.4474
              9       1206.3349      0.65971378      0.32099602   9.6229422e-05     0.022355065       2.9891058      0.97120977     0.036281495      0.99662571      -24.280118       -24.280118       2461.2301                                                 2461.2301
              2       1207.0585        0.760489      0.32281832   9.6784197e-05      0.02254411       3.0014953      0.96971518     0.041700611      0.99724676      -24.280118       -24.280118       2462.6773                                                 2462.6773
              8       1207.0587      0.76032596      0.32291599   9.6812007e-05     0.022541507       3.0015751      0.96969731     0.041821368      0.99716125      -24.280118       -24.280118       2462.6777                                                 2462.6777
              4        1207.639      0.77297843      0.32315881   9.6883135e-05      0.02254998       3.0015172       0.9685702     0.041379167      0.99744811      -24.280118       -24.280118       2463.8383                                                 2463.8383
              1       1204.5395      0.58696506      0.31649847   9.5050645e-05       0.0223834       2.9946094      0.96688791     0.037636388      0.99760199      -24.280118       -24.280118       2457.6393                                                 2457.6393
              5       1205.7686      0.59078424      0.31654003   9.5094332e-05     0.022393433       2.9894517      0.96570985     0.036147689       0.9964305      -24.280118       -24.280118       2460.0974                                                 2460.0974
              4       1205.8226      0.59156812      0.31660192   9.5109263e-05     0.022393718       2.9893295      0.96572166     0.036086875      0.99641711      -24.280118       -24.280118       2460.2055                                                 2460.2055
              2       1206.7396      0.58579774       0.3170225   9.5229525e-05     0.022346185       2.9868369      0.96448985     0.034067765      0.99694763      -24.280118       -24.280118       2462.0394                                                 2462.0394
             15         1206.43      0.57189639      0.31636305   9.4986335e-05     0.022384651       2.9882669      0.96424323     0.033986411      0.99742108      -24.280118       -24.280118       2461.4203                                                 2461.4203
              2       1206.3686      0.55486206      0.31541463    9.473142e-05      0.02239287       2.9891146      0.96426041     0.034306781      0.99754701      -24.280118       -24.280118       2461.2973                                                 2461.2973
              1       1207.6141      0.59100841      0.31760989   9.4992162e-05     0.022555718       2.9973346      0.96311727     0.032672366       1.0025187      -24.280118       -24.280118       2463.7883                                                 2463.7883
              7       1206.5935      0.59241861      0.31659199   9.4720114e-05     0.022591907       3.0033432      0.96411862     0.036445486       1.0020956      -24.280118       -24.280118       2461.7473                                                 2461.7473
              4       1206.4628      0.59870865      0.31548151   9.4509774e-05     0.022634203       3.0033419      0.96723918     0.034896413       1.0039936      -24.280118       -24.280118       2461.4859                                                 2461.4859
              2       1206.2317      0.57287714       0.3145001   9.4142674e-05     0.022690116        2.996679      0.96885364     0.032304444       1.0030342      -24.280118       -24.280118       2461.0236                                                 2461.0236
              3       1205.9837      0.56422352      0.31387208   9.4010128e-05     0.022682451       2.9977927      0.96904875     0.032864561       1.0030419      -24.280118       -24.280118       2460.5276                                                 2460.5276
              1        1205.968      0.55896453      0.31373768   9.3968079e-05     0.022683959        2.997681      0.96899879     0.033077345       1.0028823      -24.280118       -24.280118       2460.4962                                                 2460.4962
              2       1206.1435      0.48864751      0.31142534   9.2960364e-05     0.022752188       3.0067367      0.97232086     0.039054486       1.0008238      -24.280118       -24.280118       2460.8473                                                 2460.8473
              2       1206.7836      0.50835525      0.31166511   9.3040481e-05     0.022785793       3.0104268      0.97251729      0.04081235       1.0010003      -24.280118       -24.280118       2462.1275                                                 2462.1275
              3       1204.5351      0.49152817      0.31281725   9.3434251e-05     0.022602284       3.0227881      0.96984088     0.048880376      0.99919308      -24.280118       -24.280118       2457.6304                                                 2457.6304
              3       1204.9561      0.49125656      0.30974762   9.3180932e-05     0.022360673       3.0302977      0.97060351     0.054716509      0.99928088      -24.280118       -24.280118       2458.4725                                                 2458.4725
              3       1203.4261      0.50940297      0.30950319       9.319e-05     0.022367704       3.0156017      0.97092449     0.047507573      0.99907622      -24.280118       -24.280118       2455.4123                                                 2455.4123
              8       1204.0054      0.46260373      0.30940766   9.3078127e-05     0.022296457       3.0085482      0.97156773     0.044178277      0.99953544      -24.280118       -24.280118       2456.5711                                                 2456.5711
              7       1203.9583      0.44407484      0.31004174   9.3076874e-05     0.022297569       3.0155487      0.96976238     0.046090758       1.0001164      -24.280118       -24.280118       2456.4769                                                 2456.4769
              2       1202.3363      0.46687102      0.30818745   9.2645955e-05     0.022493155       3.0207001       0.9705802     0.048547684      0.99958143      -24.280118       -24.280118       2453.2328                                                 2453.2328
              7       1202.2731      0.46129147      0.30798856   9.2594964e-05      0.02249969       3.0209101      0.97082594     0.048917336      0.99955273      -24.280118       -24.280118       2453.1064                                                 2453.1064
              1       1202.2516      0.46074726      0.30792883   9.2593887e-05     0.022497793       3.0208095      0.97143175     0.049211698      0.99940905      -24.280118       -24.280118       2453.0633                                                 2453.0633
              6        1202.262      0.46131422        0.307977   9.2605173e-05     0.022498245       3.0207685       0.9714305     0.049185371      0.99940769      -24.280118       -24.280118       2453.0842                                                 2453.0842
             12       1203.3877        0.479697       0.3124108   9.3481212e-05     0.022428587       3.0090862      0.97138454      0.04200559        1.000176      -24.280118       -24.280118       2455.3356                                                 2455.3356
              1       1204.5143      0.51730587      0.31345137   9.3814736e-05     0.022427542       3.0103323      0.97199412     0.041462428       1.0013069      -24.280118       -24.280118       2457.5887                                                 2457.5887
              1        1204.507       0.5173337      0.31344509   9.3813654e-05     0.022427611       3.0102923      0.97199054     0.041446725       1.0013021      -24.280118       -24.280118       2457.5742                                                 2457.5742
              1       1204.1568      0.51817352      0.31367565   9.3958835e-05     0.022389371        3.007025      0.97252396     0.040515849       1.0009612      -24.280118       -24.280118       2456.8737                                                 2456.8737
              4       1204.1035      0.56353528      0.31538693   9.4532615e-05     0.022391884       3.0141093      0.97177188     0.045033641       1.0001512      -24.280118       -24.280118       2456.7672                                                 2456.7672
              7       1206.2546      0.49832932      0.31216355   9.3597425e-05     0.022364524       3.0118152      0.97314523      0.04965871      0.99448917      -24.280118       -24.280118       2461.0694                                                 2461.0694
              4        1205.828      0.55003946      0.30865773   9.2941764e-05     0.022568358       3.0140569      0.97534705      0.05135431      0.99422194      -24.280118       -24.280118       2460.2162                                                 2460.2162
              3       1205.9264      0.54966403      0.30854241   9.2914529e-05     0.022570594       3.0139392      0.97545976     0.051360107      0.99416795      -24.280118       -24.280118        2460.413                                                  2460.413
              1       1205.4369      0.58253678      0.30866495   9.2982725e-05     0.022640999       3.0224264      0.97581539     0.051446818      0.99763003      -24.280118       -24.280118       2459.4341                                                 2459.4341
              2        1206.749      0.41310749      0.30322079   9.1252697e-05     0.022717471       2.9934887      0.97389016     0.033974255      0.99930429      -24.280118       -24.280118       2462.0583                                                 2462.0583
              7       1205.6264      0.40360835      0.30269529   9.1097158e-05     0.022710245       2.9947428      0.97307387     0.034556095       0.9994815      -24.280118       -24.280118        2459.813                                                  2459.813
              4       1206.0091      0.26999542      0.30151459   9.0485306e-05     0.022510641       2.9938353      0.96858553     0.037018531      0.99572545      -24.280118       -24.280118       2460.5783                                                 2460.5783
              3       1206.1327      0.35821192      0.31006154   9.2561555e-05     0.022485814       2.9835585      0.97063581     0.032782662      0.99509097      -24.280118       -24.280118       2460.8256                                                 2460.8256
              3       1205.3594      0.35654304      0.30992519   9.2520813e-05     0.022480675       2.9846165      0.97047851     0.033192476       0.9953765      -24.280118       -24.280118       2459.2789                                                 2459.2789
              4       1206.0747      0.29831859       0.3056108   9.1111317e-05     0.022609713       2.9904868      0.97035004     0.035116489      0.99554022      -24.280118       -24.280118       2460.7097                                                 2460.7097
              1       1206.2108      0.22485652      0.30210143   9.0204569e-05     0.022579883       2.9832525      0.97051685     0.032109741      0.99519863      -24.280118       -24.280118       2460.9818                                                 2460.9818
              2       1209.3772       0.2759586      0.29576948   8.9142053e-05     0.022679799       2.9951558      0.97790452     0.040628562      0.99457735      -24.280118       -24.280118       2467.3146                                                 2467.3146
              2       1209.0545      0.25867854      0.29512076   8.8969827e-05     0.022689395       2.9950446      0.97500722     0.040834077      0.99390119      -24.280118       -24.280118       2466.6692                                                 2466.6692
              4       1209.7721      0.28732687      0.29551239   8.9039731e-05     0.022739248       2.9952074      0.97522673     0.041792864      0.99322346      -24.280118       -24.280118       2468.1044                                                 2468.1044
              1       1210.2178      0.32368554      0.30429567   9.0651926e-05     0.022763375       2.9765542      0.96925628     0.024066336      0.99889617      -24.280118       -24.280118       2468.9958                                                 2468.9958
              1       1208.9336      0.28722994      0.30360887   9.0611032e-05     0.022651779       2.9805615      0.96541359     0.028375572      0.99624255      -24.280118       -24.280118       2466.4273                                                 2466.4273
              1       1209.1234      0.25736674      0.30175469   9.0054077e-05     0.022708694       2.9825435       0.9649596     0.029770952      0.99616937      -24.280118       -24.280118        2466.807                                                  2466.807
              6       1207.9381      0.33095446      0.30348896   9.0769503e-05     0.022754961       2.9783606       0.9659831     0.028681654      0.99593656      -24.280118       -24.280118       2464.4365                                                 2464.4365
              2       1207.7161      0.34931808      0.30806706    9.197228e-05     0.022614877       2.9703323      0.96447224     0.027491003      0.99401372      -24.280118       -24.280118       2463.9924                                                 2463.9924
              3       1209.2287      0.35658361      0.30872721   9.2105771e-05     0.022616558       2.9618641      0.96112157     0.020991673      0.99572182      -24.280118       -24.280118       2467.0177                                                 2467.0177
              3       1206.7437      0.45262375      0.31341533   9.3640116e-05     0.022369094       2.9653732      0.96250217     0.019991365      0.99871076      -24.280118       -24.280118       2462.0476                                                 2462.0476
              1       1205.1805      0.49931394      0.31448898   9.4066031e-05     0.022385231       2.9764936      0.96611163      0.02481276      0.99947752      -24.280118       -24.280118       2458.9212                                                 2458.9212
             13       1205.6819      0.56707553       0.3158155    9.457661e-05     0.022404759       2.9716883      0.96716786     0.022242349       1.0005503      -24.280118       -24.280118        2459.924                                                  2459.924
              1       1206.6994      0.51271917      0.31143792   9.3251859e-05     0.022534413       2.9780633      0.96819951     0.022283494       1.0033878      -24.280118       -24.280118        2461.959                                                  2461.959
              4        1206.085      0.47247131      0.30996262   9.2866452e-05     0.022497588       2.9778527      0.96689626     0.022263611       1.0031649      -24.280118       -24.280118       2460.7302                                                 2460.7302
              1       1206.1922      0.46555807      0.30999717   9.2846576e-05     0.022503811       2.9772329      0.96689854     0.021570098        1.003312      -24.280118       -24.280118       2460.9447                                                 2460.9447
              1       1206.2143      0.45272546      0.31111827    9.324746e-05     0.022384294       2.9737063      0.96406127     0.021051814       1.0022912      -24.280118       -24.280118       2460.9888                                                 2460.9888
              2        1205.649      0.66720874      0.31941778   9.5887175e-05     0.022424607        2.979143      0.97150344     0.029216889      0.99806886      -24.280118       -24.280118       2459.8582                                                 2459.8582
              1       1205.9359      0.65705047      0.32115394   9.6207413e-05     0.022373863        2.990682      0.97140641     0.033449429       0.9998966      -24.280118       -24.280118       2460.4321                                                 2460.4321
              2       1207.7574      0.60994017      0.32194311    9.626529e-05     0.022361185       2.9826599      0.96754982     0.030687162      0.99812228      -24.280118       -24.280118       2464.0751                                                 2464.0751
              1       1208.9142      0.60362631      0.32163638   9.6260789e-05     0.022332691       2.9895326      0.96830432     0.034595421      0.99875886      -24.280118       -24.280118       2466.3887                                                 2466.3887
              1        1209.056      0.60175818      0.32152947    9.624782e-05     0.022325903       2.9884912      0.96844389     0.034225308      0.99866209      -24.280118       -24.280118       2466.6722                                                 2466.6722
              1       1209.2088      0.62360891      0.32188847   9.6400149e-05     0.022357549       2.9885103      0.96867549      0.03399264      0.99894272      -24.280118       -24.280118       2466.9779                                                 2466.9779
              2       1209.8829      0.66409109      0.32387878   9.7006313e-05     0.022312724       2.9864961      0.96822859     0.033977829      0.99813495      -24.280118       -24.280118       2468.3261                                                 2468.3261
              2       1210.4345      0.67649792      0.32504458   9.7299462e-05     0.022298292       2.9859662      0.96775739     0.032739723      0.99894191      -24.280118       -24.280118       2469.4292                                                 2469.4292
              1       1210.5345      0.67615539      0.32506794   9.7307313e-05     0.022298238       2.9856307      0.96782621     0.032533885      0.99897897      -24.280118       -24.280118       2469.6293                                                 2469.6293
              1       1208.3119      0.67769104      0.32172434   9.6325731e-05     0.022537081       2.9847479      0.96783727     0.027707397       1.0022538      -24.280118       -24.280118       2465.1841                                                 2465.1841
              1       1209.5526      0.66772593       0.3223458   9.6492374e-05     0.022451748       2.9791774      0.96535097     0.023592941       1.0032682      -24.280118       -24.280118       2467.6655                                                 2467.6655
              3       1209.5049       0.6530118      0.32189269   9.6337196e-05     0.022451461       2.9812573      0.96524039     0.024335208       1.0035291      -24.280118       -24.280118       2467.5701                                                 2467.5701
              2       1208.7506       0.6275172      0.31999858   9.5879442e-05     0.022446879       2.9789692      0.96597207     0.024093197       1.0031642      -24.280118       -24.280118       2466.0614                                                 2466.0614
              1       1208.9866      0.57782373      0.32126112   9.5814404e-05     0.022339677       3.0020728      0.96420166     0.033666664       1.0039525      -24.280118       -24.280118       2466.5334                                                 2466.5334
              2       1209.4609      0.53120038      0.31899929   9.5123751e-05     0.022368461       3.0016541      0.96495415     0.031893706       1.0056923      -24.280118       -24.280118        2467.482                                                  2467.482
              6       1212.3107       0.5187176      0.31998769   9.5328497e-05     0.022343139       3.0036574      0.96386509     0.035159986       1.0047959      -24.280118       -24.280118       2473.1816                                                 2473.1816
              3       1212.0272      0.52266692      0.31850457   9.5377209e-05     0.022203753       2.9984424      0.96611022     0.039957433      0.99930055      -24.280118       -24.280118       2472.6146                                                 2472.6146
              4       1211.9846      0.52328187      0.31860585   9.5396855e-05     0.022201153       2.9982002      0.96610903     0.039905885      0.99920012      -24.280118       -24.280118       2472.5295                                                 2472.5295
              1       1211.0823      0.49551239      0.31332448   9.3906848e-05     0.022437745        2.977364      0.96652367     0.025294313       1.0032974      -24.280118       -24.280118       2470.7249                                                 2470.7249
              5        1206.745      0.48503512      0.30890776   9.2768192e-05     0.022479462       2.9904685      0.97091314     0.033444536       1.0015551      -24.280118       -24.280118       2462.0502                                                 2462.0502
              2         1204.09      0.34877632      0.30363036   9.1113817e-05     0.022531183       2.9977928      0.96757508     0.035575372       1.0016425      -24.280118       -24.280118       2456.7402                                                 2456.7402
              1        1203.683      0.34450099      0.30296154   9.0964618e-05     0.022549486       2.9987365      0.96789683     0.036244655       1.0014507      -24.280118       -24.280118       2455.9263                                                 2455.9263
              4       1203.6628      0.33964226      0.30564983   9.1373817e-05     0.022588013       2.9980314        0.971292     0.034323079       1.0012413      -24.280118       -24.280118       2455.8858                                                 2455.8858
              4       1203.0729      0.23515516      0.30266797   9.0626181e-05     0.022408602       2.9968463      0.97080979     0.035965787      0.99945183      -24.280118       -24.280118       2454.7061                                                 2454.7061
              1        1203.194      0.19157794       0.3005568   9.0052472e-05     0.022421757       2.9947605       0.9707394     0.035788482       0.9987898      -24.280118       -24.280118       2454.9482                                                 2454.9482
              2        1203.896      0.22745423      0.29852013   8.9704754e-05     0.022540618       3.0034919      0.97450978     0.041523826      0.99807871      -24.280118       -24.280118       2456.3523                                                 2456.3523
              4       1203.1508      0.25000447      0.29920106   8.9993212e-05     0.022494715        3.002855      0.97230556     0.042793941      0.99668986      -24.280118       -24.280118       2454.8619                                                 2454.8619
              2        1202.838      0.26425908      0.29963021    9.012057e-05     0.022503108       3.0025841      0.97211674      0.04254822      0.99694824      -24.280118       -24.280118       2454.2362                                                 2454.2362
              1       1203.3725      0.24375733      0.29756447   8.9654862e-05     0.022499086       3.0041822      0.97322379      0.04352823      0.99729946      -24.280118       -24.280118       2455.3053                                                 2455.3053
              1       1203.1814      0.25123721      0.29788228   8.9755736e-05     0.022482051       3.0028675      0.97289406     0.042494755      0.99753187      -24.280118       -24.280118        2454.923                                                  2454.923
              2       1203.6559      0.27323398      0.29911565   9.0213985e-05     0.022420742       2.9989759       0.9733493     0.041977477      0.99656752      -24.280118       -24.280118       2455.8719                                                 2455.8719
              1       1204.0496      0.26495138       0.2987128   9.0120572e-05     0.022397888       3.0023061      0.97272743     0.044224074      0.99604642      -24.280118       -24.280118       2456.6595                                                 2456.6595
              1       1205.0734      0.22857962      0.29575087   8.9255867e-05      0.02250787       3.0044541      0.97606289     0.044646731      0.99675589      -24.280118       -24.280118        2458.707                                                  2458.707
              3        1205.639      0.19913421      0.29432135   8.8751179e-05     0.022558601       3.0082648        0.975192     0.046871358      0.99682416      -24.280118       -24.280118       2459.8383                                                 2459.8383
              3       1205.6947      0.21612157       0.2959594   8.8847252e-05     0.022723178       2.9950601      0.97107547     0.036893855      0.99770325      -24.280118       -24.280118       2459.9496                                                 2459.9496
              1        1205.382       0.1881491       0.2969277   8.9003643e-05     0.022681393       2.9981938      0.96859303     0.034521858       1.0013441      -24.280118       -24.280118       2459.3242                                                 2459.3242
              2       1205.7473      0.18239064      0.29563628   8.8734687e-05     0.022716282       2.9972646      0.97000809     0.034955941       1.0006106      -24.280118       -24.280118       2460.0548                                                 2460.0548
              5       1208.2329      0.17193124      0.29498582   8.8812451e-05     0.022628866       3.0267552      0.96701931     0.053617005      0.99829803      -24.280118       -24.280118        2465.026                                                  2465.026
              5       1207.5143      0.25596216      0.30031121   9.0172425e-05     0.022643237        3.031835      0.96807786     0.055506391      0.99836964      -24.280118       -24.280118       2463.5888                                                 2463.5888
              4       1208.1601      0.24508367      0.29805184   8.9760768e-05     0.022599892       3.0370491      0.96973675     0.059372287      0.99768045      -24.280118       -24.280118       2464.8804                                                 2464.8804
              2       1207.0406      0.26379811      0.29967997   9.0155848e-05     0.022591847       3.0326473      0.96907424     0.056795741      0.99765504      -24.280118       -24.280118       2462.6415                                                 2462.6415
              1       1207.1335      0.26150059      0.30059801    9.024489e-05     0.022642781       3.0316237      0.96857238     0.054484357      0.99958262      -24.280118       -24.280118       2462.8272                                                 2462.8272
              3       1206.7653      0.26793401      0.30071297   9.0276665e-05     0.022648296       3.0310747      0.96940893     0.054530768      0.99934955      -24.280118       -24.280118       2462.0909                                                 2462.0909
              1       1208.2359      0.25804303       0.2993517    9.001514e-05     0.022662677       3.0190341      0.96901579     0.052146907      0.99650653      -24.280118       -24.280118        2465.032                                                  2465.032
              1       1208.8129      0.25029261      0.30209646   9.0809094e-05     0.022381321       3.0132211      0.96688418      0.05006653      0.99669077      -24.280118       -24.280118       2466.1861                                                 2466.1861
              3       1211.4963      0.16046953      0.29301001    8.856711e-05     0.022515946       2.9900195      0.97328112     0.043689022      0.99163292      -24.280118       -24.280118       2471.5529                                                 2471.5529
              1       1208.2745      0.12715832      0.29123554   8.8010106e-05     0.022533493       2.9901638      0.97199353     0.040245077       0.9943421      -24.280118       -24.280118       2465.1093                                                 2465.1093
              1       1206.6699      0.28052994       0.2946658   8.9176007e-05     0.022572895       2.9976955      0.97615188     0.043510013      0.99576755      -24.280118       -24.280118       2461.9001                                                 2461.9001
              1       1206.6022      0.28019945      0.29481764   8.9199195e-05     0.022572058       2.9976361      0.97626282     0.043422179      0.99576722      -24.280118       -24.280118       2461.7646                                                 2461.7646
              2       1206.9544      0.36786901      0.29985377     9.03803e-05      0.02271457        2.981703        0.974602     0.033268345      0.99753595      -24.280118       -24.280118       2462.4691                                                 2462.4691
              2       1207.3093      0.44367654       0.3031698   9.1406255e-05      0.02259703       3.0028697      0.97032585      0.03807516       1.0035285      -24.280118       -24.280118       2463.1789                                                 2463.1789
              1       1205.6528        0.423761       0.3025044   9.1212388e-05     0.022581211       3.0010082      0.97085947     0.034982443       1.0046459      -24.280118       -24.280118       2459.8658                                                 2459.8658
              4       1205.3557      0.41332473       0.3006812   9.0854663e-05     0.022554952        3.000662      0.97183902      0.03631295       1.0035981      -24.280118       -24.280118       2459.2716                                                 2459.2716
              4       1205.1006       0.3862545      0.30017076   9.0684548e-05     0.022517022       3.0038783      0.97230704     0.038207404       1.0034585      -24.280118       -24.280118       2458.7615                                                 2458.7615
              5       1204.1427      0.40107482      0.30295138   9.1403544e-05     0.022493183       2.9983933      0.97015488     0.038627396       1.0006715      -24.280118       -24.280118       2456.8456                                                 2456.8456
              5       1206.0589      0.54103995      0.31116666    9.375227e-05     0.022303412       3.0078133       0.9744485     0.045927032      0.99828869      -24.280118       -24.280118       2460.6781                                                 2460.6781
              7       1206.9063      0.49304331      0.31011849   9.3408479e-05     0.022273514       3.0231708      0.97357598     0.052186915      0.99982425      -24.280118       -24.280118       2462.3727                                                 2462.3727
              4       1207.3562      0.51003983      0.31134093   9.3692328e-05     0.022351536        3.017788      0.97426074     0.048058913       1.0016175      -24.280118       -24.280118       2463.2726                                                 2463.2726
              1       1211.1096      0.57057916      0.31035055   9.4067754e-05     0.022148998       3.0268741      0.97184103     0.058066423      0.99578203      -24.280118       -24.280118       2470.7795                                                 2470.7795
              2        1209.702      0.53348595       0.3084344   9.3439501e-05     0.022151807       3.0121882      0.96753696     0.046700974      0.99869288      -24.280118       -24.280118       2467.9643                                                 2467.9643
              2       1209.4639      0.54489124       0.3090159   9.3602863e-05     0.022152141        3.010759      0.96790177     0.045885597      0.99868702      -24.280118       -24.280118       2467.4881                                                 2467.4881
              4       1211.2033      0.68108985      0.31400791   9.5110497e-05     0.022222639       3.0168199      0.96665184     0.046518185       1.0013615      -24.280118       -24.280118       2470.9668                                                 2470.9668
              2       1209.9118      0.63416622      0.31020429    9.415899e-05     0.022297326       3.0063475       0.9653525     0.043777093      0.99820127      -24.280118       -24.280118       2468.3839                                                 2468.3839
              3       1207.3758      0.68502945       0.3101081   9.4041031e-05     0.022508981       3.0146741      0.96757811     0.047792531      0.99830448      -24.280118       -24.280118       2463.3119                                                 2463.3119
              1       1206.0061       0.6043656      0.30742065   9.3109405e-05     0.022541722       3.0188236      0.96734195     0.048933695      0.99871794      -24.280118       -24.280118       2460.5725                                                 2460.5725
              5        1206.529      0.55376031      0.30351315    9.227918e-05     0.022550148       3.0226222      0.96952115      0.05385542      0.99758931      -24.280118       -24.280118       2461.6182                                                 2461.6182
              1       1206.7237      0.51912021      0.30248631   9.1877947e-05     0.022576737       3.0210849      0.96850856     0.052969201      0.99708878      -24.280118       -24.280118       2462.0076                                                 2462.0076
              1       1205.8599      0.48437694      0.30047829   9.1186467e-05     0.022642684       3.0290271      0.97226527     0.053339721      0.99963612      -24.280118       -24.280118         2460.28                                                   2460.28
              3       1205.8646      0.48434779      0.30047424   9.1185588e-05     0.022642788       3.0290297       0.9722643     0.053339456       0.9996377      -24.280118       -24.280118       2460.2895                                                 2460.2895
              6       1205.9547       0.4868207      0.29986178   9.1002704e-05     0.022704597       3.0266199      0.97379901     0.053257642      0.99862663      -24.280118       -24.280118       2460.4696                                                 2460.4696
              2       1205.5268      0.77639409      0.31629148   9.5578451e-05      0.02263512       3.0224054      0.97230682      0.05071272      0.99881275      -24.280118       -24.280118       2459.6138                                                 2459.6138
              1         1205.18      0.78235216      0.31695963   9.5755517e-05     0.022656104       3.0179231      0.97229888     0.047715785      0.99977476      -24.280118       -24.280118       2458.9202                                                 2458.9202
              1        1206.531      0.76430069      0.31500248   9.5179365e-05     0.022698676       3.0102498         0.96874     0.042448564       1.0009437      -24.280118       -24.280118       2461.6223                                                 2461.6223
              2       1207.0311      0.75436803      0.31403482   9.4922882e-05     0.022726841       3.0075936      0.96914027     0.040239997       1.0011854      -24.280118       -24.280118       2462.6225                                                 2462.6225
              1       1207.6511      0.77249528      0.31527734   9.5171655e-05     0.022771544       2.9986457      0.96969247     0.037652745      0.99901299      -24.280118       -24.280118       2463.8625                                                 2463.8625
              2       1207.8826      0.78361541       0.3151451   9.5173568e-05     0.022786475       2.9990994      0.97035482     0.038030847       0.9990289      -24.280118       -24.280118       2464.3255                                                 2464.3255
              1       1207.5588      0.78641048      0.31596343   9.5377668e-05     0.022767406       2.9935085      0.97040804     0.035693074      0.99896909      -24.280118       -24.280118       2463.6778                                                 2463.6778
              2       1207.9404      0.76925781      0.31520332   9.5102597e-05     0.022819134       2.9930964      0.97079706     0.034691561      0.99951478      -24.280118       -24.280118       2464.4411                                                 2464.4411
              7       1204.7325      0.49123178      0.30595428   9.2098547e-05        0.022724       2.9925654      0.96857317     0.034107747      0.99913977      -24.280118       -24.280118       2458.0251                                                 2458.0251
              3       1204.1239      0.45300568      0.30415259   9.1595245e-05     0.022703856       2.9941532       0.9716368      0.03680379      0.99748396      -24.280118       -24.280118       2456.8081                                                 2456.8081
              1       1202.6971      0.50203045      0.30725169   9.2457246e-05     0.022641415       2.9981893      0.97141009     0.038429871      0.99811174      -24.280118       -24.280118       2453.9544                                                 2453.9544
              1       1203.7235      0.51184786      0.30840829   9.2651646e-05     0.022629048       2.9868141      0.97168474     0.031359866      0.99914452      -24.280118       -24.280118       2456.0072                                                 2456.0072
              4       1202.8328      0.43760804      0.30692628   9.2227105e-05     0.022533801       2.9790701      0.97092184     0.028722155      0.99912372      -24.280118       -24.280118       2454.2258                                                 2454.2258
              4       1202.8165      0.44625396      0.30714525   9.2298215e-05     0.022536897       2.9802036      0.97112326     0.029097822       0.9993564      -24.280118       -24.280118       2454.1932                                                 2454.1932
              2       1202.7043       0.4667467       0.3082215   9.2629922e-05     0.022528812       2.9805909      0.97081088     0.029214245      0.99931136      -24.280118       -24.280118       2453.9688                                                 2453.9688
              1       1202.8756        0.443198       0.3038299   9.1577915e-05     0.022632583        2.995988      0.97353076     0.036710167       1.0002879      -24.280118       -24.280118       2454.3114                                                 2454.3114
              4       1202.7356      0.47901727      0.30539282    9.202468e-05      0.02263233       2.9976229      0.97397803     0.037132023       1.0004124      -24.280118       -24.280118       2454.0314                                                 2454.0314
              9       1202.9512      0.47471733      0.30512018   9.1944257e-05     0.022645141       2.9961219      0.97422796     0.036367703       1.0003712      -24.280118       -24.280118       2454.4626                                                 2454.4626
              1       1203.1562      0.47097613       0.3049215   9.1891716e-05      0.02265127       2.9950167        0.974528     0.035866105       1.0003018      -24.280118       -24.280118       2454.8727                                                 2454.8727
              1       1203.9743      0.49101859      0.30482678   9.2104303e-05     0.022647822       3.0078793      0.96994219     0.041874074       1.0003943      -24.280118       -24.280118       2456.5089                                                 2456.5089
              1       1204.0314      0.51052623      0.30611997   9.2449627e-05     0.022644546       3.0101242        0.970331     0.042242434       1.0010631      -24.280118       -24.280118        2456.623                                                  2456.623
              4       1206.2663      0.43774957      0.30308944   9.1676133e-05     0.022577386       3.0207907      0.97328458     0.052680822      0.99634489      -24.280118       -24.280118       2461.0929                                                 2461.0929
              3       1206.7875      0.43648303      0.30089941   9.1184636e-05     0.022614386       3.0319931      0.97441444     0.058351934      0.99711919      -24.280118       -24.280118       2462.1352                                                 2462.1352
              1       1206.2547      0.37229066      0.30409993   9.1414858e-05      0.02248712       3.0231006      0.97683971     0.046729433       1.0023408      -24.280118       -24.280118       2461.0697                                                 2461.0697
              3       1207.2053      0.32395424      0.30211821   9.0812793e-05     0.022504957       3.0262374      0.97793614     0.049340009       1.0013773      -24.280118       -24.280118       2462.9709                                                 2462.9709
              6         1207.81      0.32872605      0.30211444   9.0855783e-05     0.022475088       3.0241304      0.97822387     0.049527785       0.9999122      -24.280118       -24.280118       2464.1802                                                 2464.1802
             10       1206.8535      0.32683084      0.29973821   9.0723636e-05     0.022325706       3.0270997      0.97463206     0.050055788       1.0028399      -24.280118       -24.280118       2462.2671                                                 2462.2671
              3       1207.1212      0.31664813       0.2988279   9.0517701e-05     0.022341837        3.029958      0.97464423     0.052590474       1.0018294      -24.280118       -24.280118       2462.8027                                                 2462.8027
              9       1205.2838      0.32447266      0.29929641   9.0538135e-05     0.022407477       3.0255092      0.97571508     0.051950714       1.0003686      -24.280118       -24.280118       2459.1278                                                 2459.1278
              1       1206.8072      0.32578169      0.29934337   9.0638788e-05     0.022370514       3.0304258      0.97590196     0.055032393      0.99998836      -24.280118       -24.280118       2462.1746                                                 2462.1746
              2       1206.3527      0.33225103      0.30037426   9.0895344e-05      0.02234131       3.0291649      0.97442427     0.054607092      0.99949209      -24.280118       -24.280118       2461.2656                                                 2461.2656
              7       1206.9161      0.32874188      0.30163504   9.1238194e-05     0.022236305       3.0240683      0.97402896     0.051681853       1.0002438      -24.280118       -24.280118       2462.3925                                                 2462.3925
              6        1205.823      0.32270333      0.30229147   9.1291558e-05     0.022274077       3.0216908      0.97360944     0.049630665       1.0007289      -24.280118       -24.280118       2460.2063                                                 2460.2063
              4       1205.8095      0.29145637      0.30068214   9.0793243e-05     0.022301905       3.0238677      0.97374621     0.050225594       1.0011971      -24.280118       -24.280118       2460.1793                                                 2460.1793
              1       1206.3256      0.38483299      0.30123437   9.1115038e-05      0.02249076       3.0176933      0.97789819     0.047273755        1.002282      -24.280118       -24.280118       2461.2115                                                 2461.2115
              2       1206.2342       0.3840519      0.30096763   9.1060529e-05     0.022490352       3.0170708      0.97782382     0.046783856       1.0024385      -24.280118       -24.280118       2461.0287                                                 2461.0287
              2        1206.258      0.40059735      0.30180793   9.1493025e-05     0.022372275       3.0163789      0.97440451     0.047508469       1.0017739      -24.280118       -24.280118       2461.0763                                                 2461.0763
              4        1206.648      0.62203326      0.31238317   9.4611303e-05     0.022290163       2.9986146       0.9751347     0.037324068       1.0022816      -24.280118       -24.280118       2461.8562                                                 2461.8562
              2       1206.6713      0.70995469      0.31831008    9.608542e-05     0.022352478       3.0182476      0.97245352     0.045027689       1.0031077      -24.280118       -24.280118       2461.9029                                                 2461.9029
              2       1207.6915      0.66686535      0.31667095   9.5657624e-05     0.022308108       3.0218157      0.97105286     0.046190619       1.0036928      -24.280118       -24.280118       2463.9432                                                 2463.9432
              1       1207.7525      0.66767868      0.31668628   9.5669898e-05     0.022307143       3.0216053      0.97111557     0.046080197       1.0037438      -24.280118       -24.280118       2464.0653                                                 2464.0653
              4       1207.7392      0.66781827      0.31669691   9.5667355e-05      0.02231291       3.0215109      0.97102365     0.045944627       1.0037979      -24.280118       -24.280118       2464.0386                                                 2464.0386
             11        1207.384      0.60588541       0.3116529   9.4297053e-05     0.022344111        3.000663      0.97094595     0.034263053       1.0046422      -24.280118       -24.280118       2463.3281                                                 2463.3281
             11       1209.1418      0.55384389       0.3077459    9.331141e-05     0.022477814       3.0139337      0.97701883     0.043775917       1.0022106      -24.280118       -24.280118       2466.8438                                                 2466.8438
              1       1209.5898      0.56231087      0.30814704   9.3433806e-05     0.022495974       3.0108694      0.97683245     0.042609801        1.001857      -24.280118       -24.280118       2467.7399                                                 2467.7399
              4       1209.6253      0.70969019      0.31334141   9.5018492e-05     0.022556542       3.0271298      0.97910821     0.050240467       1.0039255      -24.280118       -24.280118       2467.8108                                                 2467.8108
              6       1209.5515      0.72295837      0.31440921   9.5312703e-05     0.022436074       3.0205152      0.97917757     0.045493812       1.0052726      -24.280118       -24.280118       2467.6633                                                 2467.6633
              1        1209.125      0.70257613      0.31387181   9.4996026e-05     0.022567572       3.0197873      0.97900158     0.045163801       1.0048883      -24.280118       -24.280118       2466.8101                                                 2466.8101
              3       1207.3517      0.72297565      0.31759142   9.5830697e-05     0.022499767       3.0205591      0.97650144     0.045937844       1.0037375      -24.280118       -24.280118       2463.2636                                                 2463.2636
              5       1208.6131      0.74855356      0.31857944   9.6155523e-05      0.02249919       3.0261753      0.97691868      0.04830467       1.0042924      -24.280118       -24.280118       2465.7865                                                 2465.7865
              5       1208.6329      0.73847225      0.31793253   9.5973336e-05     0.022505026        3.027578      0.97707578     0.048962336       1.0044132      -24.280118       -24.280118       2465.8261                                                 2465.8261
              1       1205.8264      0.60925019        0.312661   9.3880922e-05     0.022641562       3.0106607      0.97438329     0.048057746      0.99509909      -24.280118       -24.280118       2460.2131                                                 2460.2131
              3       1205.7646      0.60696467      0.31275339   9.3894252e-05     0.022634766       3.0103715      0.97434843     0.047898757      0.99511597      -24.280118       -24.280118       2460.0895                                                 2460.0895
             15       1205.5217      0.59449926       0.3123528   9.3745651e-05     0.022644681       3.0109161      0.97384603     0.047920195      0.99525638      -24.280118       -24.280118       2459.6037                                                 2459.6037
              7       1205.6928      0.57870958       0.3114471   9.3516809e-05     0.022657859       3.0109708      0.97502769     0.048639823      0.99490635      -24.280118       -24.280118       2459.9458                                                 2459.9458
              4       1205.4274      0.57588721      0.31081465   9.3329779e-05     0.022694959       3.0061438      0.97557091     0.044814388      0.99598497      -24.280118       -24.280118        2459.415                                                  2459.415
              2         1205.54      0.39200865      0.30196425   9.0755433e-05     0.022762339       3.0122735      0.97403721     0.048219093      0.99550508      -24.280118       -24.280118       2459.6403                                                 2459.6403
              1       1205.5934      0.40788716      0.30043196   9.0511792e-05     0.022781135       3.0189129      0.97540741     0.051139224       0.9970218      -24.280118       -24.280118       2459.7469                                                 2459.7469
              3       1205.3961      0.41002427      0.30058896   9.0563136e-05     0.022776197       3.0184606      0.97522164     0.050879821       0.9970714      -24.280118       -24.280118       2459.3524                                                 2459.3524
              6       1205.5239      0.40173242      0.30010949   9.0448144e-05     0.022758402       3.0201804      0.97559065     0.051953383       0.9969365      -24.280118       -24.280118        2459.608                                                  2459.608
              3       1204.1436      0.52345753      0.30337082   9.1804194e-05     0.022650596       3.0176242       0.9764544     0.046350599        1.001162      -24.280118       -24.280118       2456.8475                                                 2456.8475
              1       1207.8126      0.73028823      0.31195016   9.4322931e-05     0.022639801       3.0129813      0.97228046     0.044029043        1.001668      -24.280118       -24.280118       2464.1855                                                 2464.1855
              2       1207.2903      0.72371395      0.31001356   9.3967851e-05     0.022672312       3.0250156      0.97159109      0.05010624       1.0019196      -24.280118       -24.280118       2463.1408                                                 2463.1408
              3       1207.1246      0.73868943      0.31035135    9.423752e-05     0.022601802       3.0253197      0.97319159     0.052431422       1.0006865      -24.280118       -24.280118       2462.8095                                                 2462.8095
              1        1205.436       0.6931242      0.30853996   9.3726882e-05      0.02263274       3.0291081      0.97267081     0.053327332       1.0010947      -24.280118       -24.280118       2459.4322                                                 2459.4322
              5       1205.9251      0.72911168      0.30863361   9.3858744e-05     0.022687052       3.0275191      0.97402142     0.053009036       1.0006312      -24.280118       -24.280118       2460.4104                                                 2460.4104
              1        1205.684      0.68749167      0.30960474   9.4022073e-05     0.022639341       3.0143653      0.97572253     0.050880037      0.99684864      -24.280118       -24.280118       2459.9282                                                 2459.9282
              4       1205.1539      0.69662352      0.31074612   9.4223177e-05     0.022653447       3.0133328      0.97469404     0.050164412      0.99664169      -24.280118       -24.280118       2458.8681                                                 2458.8681
              3       1204.9435       0.6230164      0.31102522   9.3972561e-05     0.022649884       3.0092334      0.97359974     0.045837379      0.99828966      -24.280118       -24.280118       2458.4473                                                 2458.4473
              3       1204.8905      0.60664782        0.310052   9.3676334e-05     0.022667971        3.006986      0.97406046     0.044795163      0.99804014      -24.280118       -24.280118       2458.3413                                                 2458.3413
              2       1204.8305      0.60362904      0.30904039   9.3530546e-05     0.022632091       3.0073182       0.9751225     0.044654417      0.99884663      -24.280118       -24.280118       2458.2213                                                 2458.2213
              7       1204.9902      0.55350585      0.30701419   9.2924855e-05     0.022624303        3.003731      0.97482272     0.043372593      0.99815135      -24.280118       -24.280118       2458.5406                                                 2458.5406
              5       1205.8362      0.56929141      0.30664262   9.2706383e-05     0.022757986       3.0149336      0.97512861     0.049568728      0.99759445      -24.280118       -24.280118       2460.2325                                                 2460.2325
              2       1205.9941      0.52931658      0.30667959   9.2759437e-05     0.022599285       3.0181587      0.97406066     0.052615724      0.99687631      -24.280118       -24.280118       2460.5485                                                 2460.5485
              1       1205.2345       0.4909823      0.30638852   9.2514704e-05     0.022596233       3.0152006       0.9739126     0.050014086      0.99762759      -24.280118       -24.280118       2459.0292                                                 2459.0292
              5       1204.7495      0.50159723      0.30712534   9.2684813e-05     0.022579151       3.0285351      0.97347473     0.054785056       0.9989151      -24.280118       -24.280118       2458.0592                                                 2458.0592
              3       1204.9263      0.52188418      0.30797592    9.293901e-05     0.022577554       3.0296879      0.97293703     0.055577112       0.9987908      -24.280118       -24.280118       2458.4128                                                 2458.4128
              1       1204.1594      0.51274475      0.30595794   9.2367156e-05     0.022634462       3.0286235      0.97365066      0.05541849      0.99833204      -24.280118       -24.280118        2456.879                                                  2456.879
              5       1204.9603      0.48990305      0.30538247   9.2126038e-05     0.022654884       3.0315051      0.97339796     0.057348415      0.99735492      -24.280118       -24.280118       2458.4807                                                 2458.4807
              9       1204.9696      0.52303741      0.30702176   9.2491449e-05     0.022716458       3.0319341      0.97393297     0.055273017      0.99890281      -24.280118       -24.280118       2458.4994                                                 2458.4994
              3       1205.3233      0.55539975      0.30927075   9.3107735e-05     0.022686817       3.0339544      0.97345415     0.056918333      0.99825441      -24.280118       -24.280118       2459.2068                                                 2459.2068
              7       1204.3799      0.58850656      0.31114433   9.3683327e-05     0.022651691       3.0271835      0.97346295     0.053609068       0.9983046      -24.280118       -24.280118         2457.32                                                   2457.32
              1       1204.0537       0.5876994      0.31088866   9.3637115e-05     0.022635621       3.0282708      0.97267224     0.053642788       0.9986365      -24.280118       -24.280118       2456.6677                                                 2456.6677
              1       1204.5331      0.57178258      0.31222816   9.4054477e-05     0.022501017       3.0245401      0.97180863     0.048654785       1.0025937      -24.280118       -24.280118       2457.6265                                                 2457.6265
              4       1204.3119      0.56979149      0.31313131    9.424561e-05     0.022471769       3.0214888      0.97088701     0.047526424       1.0021246      -24.280118       -24.280118       2457.1841                                                 2457.1841
              3       1203.4796      0.56185764       0.3117114   9.3851758e-05     0.022493485       3.0224692      0.97106028     0.047516387        1.002307      -24.280118       -24.280118       2455.5194                                                 2455.5194
              2         1204.72      0.58662719       0.3120544   9.4076832e-05      0.02245866       3.0213117      0.96990554     0.046195745        1.003635      -24.280118       -24.280118       2458.0002                                                 2458.0002
              1       1205.0346      0.60183631       0.3119067   9.4076258e-05     0.022517472       3.0228714      0.96871638     0.046733939       1.0035789      -24.280118       -24.280118       2458.6295                                                 2458.6295
              1       1203.8971      0.64882104      0.31364945   9.4663077e-05     0.022498026       2.9994106      0.97110046     0.036693839       1.0020591      -24.280118       -24.280118       2456.3545                                                 2456.3545
              2        1204.841      0.66575593      0.31491317   9.5117692e-05     0.022389567       2.9993606      0.97028137     0.038619073       1.0008723      -24.280118       -24.280118       2458.2423                                                 2458.2423
              2       1205.1961      0.69186937      0.31585163   9.5341683e-05     0.022417233       2.9998152      0.97056958     0.038711013        1.000967      -24.280118       -24.280118       2458.9524                                                 2458.9524
              1       1206.6646      0.77593522      0.31565953   9.5677793e-05     0.022557131       3.0068125      0.97316922     0.045500893       0.9989197      -24.280118       -24.280118       2461.8894                                                 2461.8894
              4       1206.1204      0.71153696       0.3110831   9.4425307e-05     0.022600582       3.0053391      0.97304822      0.04652902      0.99714338      -24.280118       -24.280118        2460.801                                                  2460.801
              3       1205.6909      0.70455883      0.31109172   9.4383429e-05     0.022593012       3.0047767      0.97297294     0.046005227      0.99723898      -24.280118       -24.280118        2459.942                                                  2459.942
              1       1206.1915      0.68277111      0.30993139   9.4126368e-05       0.0225481       3.0024058       0.9724356     0.045629484      0.99668342      -24.280118       -24.280118       2460.9432                                                 2460.9432
              3       1206.1681      0.66055736      0.30849925   9.3742535e-05     0.022558533        3.006377      0.97279024     0.048427869      0.99570726      -24.280118       -24.280118       2460.8965                                                 2460.8965
              4       1206.1438      0.66044287      0.30842722   9.3744018e-05     0.022548793       3.0061486      0.97296733     0.048267347      0.99578367      -24.280118       -24.280118       2460.8478                                                 2460.8478
              2       1206.1416      0.66489118      0.30752038   9.3562489e-05     0.022617047       3.0083479       0.9718119     0.047001615      0.99785564      -24.280118       -24.280118       2460.8434                                                 2460.8434
              4       1206.2579       0.6854962       0.3081771   9.3775243e-05     0.022627775       3.0092254      0.97236725     0.047408826      0.99805279      -24.280118       -24.280118        2461.076                                                  2461.076
              3       1206.2167      0.67941967      0.30883319   9.3867764e-05     0.022626735       3.0075415      0.97119923     0.047047193      0.99712009      -24.280118       -24.280118       2460.9935                                                 2460.9935
             20       1204.3265       0.5461203      0.30756133   9.2837396e-05     0.022665812       3.0152563      0.96971819     0.045796438       1.0010723      -24.280118       -24.280118       2457.2132                                                 2457.2132
              7       1205.0159      0.59238588      0.30924509   9.3370474e-05     0.022670108       3.0178647      0.97000707     0.047036696       1.0014776      -24.280118       -24.280118        2458.592                                                  2458.592
              3       1205.3405      0.49181358      0.30790708   9.2817781e-05     0.022567986       3.0093645      0.96796563     0.045859705      0.99838792      -24.280118       -24.280118       2459.2412                                                 2459.2412
              2       1205.3485      0.49143212      0.30789138   9.2812637e-05     0.022568398       3.0093775      0.96795019     0.045855375      0.99839533      -24.280118       -24.280118       2459.2572                                                 2459.2572
              4       1205.4875      0.48153045      0.30967266   9.3219393e-05       0.0224335       3.0096061      0.96621699     0.043283744       1.0009653      -24.280118       -24.280118       2459.5353                                                 2459.5353
              4       1206.1495      0.46885894      0.30877242   9.3000303e-05     0.022441069          3.0076      0.96582059     0.042862201       1.0005877      -24.280118       -24.280118       2460.8592                                                 2460.8592
              2       1206.9324      0.44290625      0.30938202   9.2801231e-05     0.022523259       3.0043986      0.96560534     0.040999983       1.0005622      -24.280118       -24.280118        2462.425                                                  2462.425
              2       1204.9722      0.41233143      0.31131593   9.2980389e-05     0.022467415       3.0071566      0.96775212     0.038820529       1.0027072      -24.280118       -24.280118       2458.5046                                                 2458.5046
              1       1205.8462      0.34748735      0.30544105   9.1266154e-05     0.022712904        3.022838       0.9696398     0.046460976       1.0022244      -24.280118       -24.280118       2460.2526                                                 2460.2526
              5       1205.8199      0.36877641       0.3066416   9.1629694e-05     0.022689657       3.0240963      0.96799157     0.046124006          1.0027      -24.280118       -24.280118       2460.2001                                                 2460.2001
              3       1205.5335      0.36625486        0.306323   9.1603435e-05     0.022675649       3.0260401       0.9688055     0.047455949        1.002607      -24.280118       -24.280118       2459.6272                                                 2459.6272
              4       1205.7465      0.41361945      0.31351811   9.3292899e-05     0.022561234       3.0176787      0.96836471     0.044625789       1.0005262      -24.280118       -24.280118       2460.0533                                                 2460.0533
              3       1205.8063      0.43852273      0.31417077   9.3502755e-05     0.022581059       3.0156412      0.96906022     0.043467937        1.000579      -24.280118       -24.280118       2460.1728                                                 2460.1728
             13       1205.9869      0.37494121      0.30989246   9.2547627e-05       0.0225877       3.0158501      0.96807995     0.047638309      0.99718366      -24.280118       -24.280118        2460.534                                                  2460.534
              3       1205.9302      0.49896259      0.31585154   9.4346572e-05     0.022451255        2.992257      0.96806524     0.032974632        1.001413      -24.280118       -24.280118       2460.4207                                                 2460.4207
              1       1206.8543      0.25835672      0.30258298   9.0260003e-05     0.022722335         2.99658      0.97118528     0.037205818      0.99887767      -24.280118       -24.280118       2462.2687                                                 2462.2687
              2       1210.3749      0.29937104      0.30076466   9.0059455e-05     0.022666282       2.9895581      0.97106281     0.037466579      0.99657621      -24.280118       -24.280118         2469.31                                                   2469.31
              1       1210.4383      0.28488505      0.30016035   8.9921302e-05     0.022650032       2.9876369      0.97155563      0.03711886      0.99618067      -24.280118       -24.280118       2469.4368                                                 2469.4368
              1       1208.8658      0.34165849      0.29807219   8.9735604e-05     0.022768067        2.980323      0.97263241     0.034936448      0.99389568      -24.280118       -24.280118       2466.2919                                                 2466.2919
              3       1208.8639      0.33755304      0.29801395    8.970953e-05     0.022764184       2.9798468       0.9724224     0.034696912      0.99385175      -24.280118       -24.280118        2466.288                                                  2466.288
              1       1208.5763      0.13648981      0.29125568   8.7995461e-05     0.022535193       2.9935704       0.9716771     0.041416438      0.99575084      -24.280118       -24.280118       2465.7128                                                 2465.7128
              6       1208.8709      0.20703805      0.29580671   8.9484497e-05     0.022359163       2.9917336       0.9683678     0.041824076       0.9938753      -24.280118       -24.280118       2466.3021                                                 2466.3021
              1       1209.4697      0.19641597      0.29573491   8.9416477e-05     0.022370833       2.9914032      0.96837625     0.042335895      0.99303267      -24.280118       -24.280118       2467.4997                                                 2467.4997
              1       1209.4722      0.20521727       0.2966618   8.9613432e-05     0.022381396       3.0003196      0.96455288     0.043370258      0.99490048      -24.280118       -24.280118       2467.5046                                                 2467.5046
              1       1209.6067      0.23277535      0.29709013   8.9701054e-05     0.022428616        2.998734      0.96382819     0.043303398      0.99404944      -24.280118       -24.280118       2467.7736                                                 2467.7736
              2       1209.7799      0.15616998      0.30084619   8.9654267e-05     0.022418685       2.9972798       0.9658136     0.036131423      0.99765168      -24.280118       -24.280118       2468.1201                                                 2468.1201
              1       1210.1414      0.16132364      0.30453096   9.0483613e-05     0.022336148       2.9958919      0.96196888     0.034436595      0.99881023      -24.280118       -24.280118        2468.843                                                  2468.843
             17       1208.5841      0.22263549      0.30585759   9.0921201e-05     0.022418594       3.0177541      0.96443522      0.04504587      0.99977422      -24.280118       -24.280118       2465.7284                                                 2465.7284
              1       1208.7434      0.11472277      0.30251357   8.9888519e-05     0.022392141       3.0153474      0.96562359     0.044937118      0.99904023      -24.280118       -24.280118        2466.047                                                  2466.047
              4       1208.8888      0.12596067      0.30338784   9.0063423e-05     0.022409998       3.0138914      0.96580405     0.043597722      0.99954071      -24.280118       -24.280118       2466.3379                                                 2466.3379
              3       1209.1691      0.12559102       0.3016422   8.9639462e-05     0.022511497       3.0261326      0.96761873     0.049289669       1.0001053      -24.280118       -24.280118       2466.8985                                                 2466.8985
              2       1207.9867      0.12961438      0.30136405   8.9692871e-05     0.022477623       3.0258919      0.96718226     0.048291203       1.0011746      -24.280118       -24.280118       2464.5336                                                 2464.5336
              3       1205.2103      0.30059227      0.30880444   9.2093801e-05     0.022355505       3.0196729      0.96866528     0.047607024      0.99982353      -24.280118       -24.280118       2458.9808                                                 2458.9808
              1       1205.2668      0.28172831      0.30603048   9.1427117e-05     0.022419366       3.0208497      0.97294796     0.048645735      0.99996319      -24.280118       -24.280118       2459.0939                                                 2459.0939
              2       1205.3758      0.30379211      0.30773689   9.1828396e-05     0.022442394       3.0182146      0.97251221     0.046514011       1.0006121      -24.280118       -24.280118       2459.3118                                                 2459.3118
              2       1205.4413      0.30333453      0.30789309   9.1861604e-05     0.022437667       3.0184513      0.97245373     0.046502146       1.0006935      -24.280118       -24.280118       2459.4429                                                 2459.4429
              2       1204.7198      0.31180412      0.30656432   9.1490074e-05     0.022524816       3.0106904       0.9732069      0.04167942       1.0000869      -24.280118       -24.280118       2457.9998                                                 2457.9998
              3       1204.6031      0.27464448      0.30427779   9.0917717e-05     0.022470755       3.0171732      0.97153223     0.045399173      0.99961264      -24.280118       -24.280118       2457.7665                                                 2457.7665
              5       1205.2468      0.36566559      0.31091667   9.2603124e-05     0.022422049       3.0043285      0.96942283     0.041109883      0.99685632      -24.280118       -24.280118       2459.0538                                                 2459.0538
              2       1205.0555      0.34786015      0.31033026   9.2416635e-05     0.022408984       3.0034468      0.96901433      0.04097536      0.99683024      -24.280118       -24.280118       2458.6712                                                 2458.6712
              3       1205.4477      0.39276394      0.31200736   9.2767292e-05     0.022540889       2.9978936      0.96894618     0.037483178      0.99731852      -24.280118       -24.280118       2459.4556                                                 2459.4556
              1       1205.5191      0.28039457      0.30731508   9.1450521e-05     0.022580059       2.9864727      0.96547068     0.028941897      0.99914368      -24.280118       -24.280118       2459.5985                                                 2459.5985
              1       1206.0068      0.18033945      0.30242715   8.9974506e-05     0.022621098       2.9899108      0.96771344     0.030134905       1.0000298      -24.280118       -24.280118       2460.5739                                                 2460.5739
              5       1205.7962      0.29775681      0.30205173   9.0560837e-05     0.022669565       3.0129011      0.97278196     0.040465474       1.0028695      -24.280118       -24.280118       2460.1526                                                 2460.1526
              4       1205.9542      0.30652747      0.30366257   9.0895053e-05     0.022662657       3.0110523      0.97252669     0.039068333       1.0031939      -24.280118       -24.280118       2460.4687                                                 2460.4687
              2       1205.8371      0.41224862      0.30831273   9.2501705e-05     0.022594747       2.9988893      0.97295151     0.039320066      0.99816547      -24.280118       -24.280118       2460.2344                                                 2460.2344
              6       1205.0623      0.42612831       0.3077993   9.2386658e-05     0.022485174       3.0007915      0.97654322     0.043366652      0.99536789      -24.280118       -24.280118       2458.6848                                                 2458.6848
              5       1204.2595      0.43954286      0.30761464    9.237134e-05     0.022524133       3.0007162        0.976033     0.042476721      0.99596917      -24.280118       -24.280118       2457.0792                                                 2457.0792
              1       1204.4263      0.45988565      0.30836671   9.2595651e-05     0.022522249       2.9986908      0.97628847     0.041669537      0.99593641      -24.280118       -24.280118       2457.4129                                                 2457.4129
              1       1205.2111      0.54828742      0.31351789   9.4044157e-05     0.022520051       2.9924884      0.97577203     0.037232489      0.99688026      -24.280118       -24.280118       2458.9825                                                 2458.9825
              1       1204.9459      0.49817667       0.3141528   9.3973713e-05     0.022481846       2.9943388      0.97413368      0.03578843       0.9994267      -24.280118       -24.280118       2458.4519                                                 2458.4519
              5       1204.9963      0.50471169      0.31460706   9.4050713e-05     0.022501165       2.9948935      0.97386413     0.035926443      0.99939443      -24.280118       -24.280118       2458.5528                                                 2458.5528
             11       1203.7144      0.33505955      0.30657373   9.1871036e-05     0.022382942       3.0020549      0.97086485      0.04333236      0.99654326      -24.280118       -24.280118        2455.989                                                  2455.989
              2       1203.5915      0.34293701      0.30698171   9.1937611e-05     0.022413674       3.0017241       0.9704088     0.043227982       0.9962488      -24.280118       -24.280118       2455.7432                                                 2455.7432
              2       1202.5696      0.36930332      0.30672072   9.1949855e-05     0.022465243       3.0019476      0.97004288     0.041337192      0.99825511      -24.280118       -24.280118       2453.6995                                                 2453.6995
              1        1202.613      0.35719681      0.30603167   9.1753941e-05     0.022461869        3.002459      0.97004426     0.041621855      0.99825247      -24.280118       -24.280118       2453.7863                                                 2453.7863
              5       1202.5607       0.3486563      0.30655049   9.1818555e-05     0.022446696       3.0009814      0.96971459     0.039848817      0.99900418      -24.280118       -24.280118       2453.6816                                                 2453.6816
              5       1202.4915      0.34429127      0.30620908   9.1742068e-05     0.022445791       3.0015122      0.96985924     0.040101258      0.99905146      -24.280118       -24.280118       2453.5431                                                 2453.5431
              8       1203.0929      0.34005003      0.30622772   9.1641498e-05     0.022494682       3.0009751      0.96876314      0.04001581      0.99874765      -24.280118       -24.280118        2454.746                                                  2454.746
              4       1203.5821      0.34341692      0.31000194   9.2667829e-05     0.022344057       2.9984423      0.96935491     0.038954846       0.9978113      -24.280118       -24.280118       2455.7245                                                 2455.7245
              1       1203.3133      0.27165095      0.30602041   9.1481672e-05     0.022429284       3.0037282      0.96884187     0.039994248      0.99850903      -24.280118       -24.280118       2455.1868                                                 2455.1868
              8       1203.3594      0.34971548       0.3088123   9.2350605e-05     0.022463992        3.002832      0.96857338     0.040115645      0.99816883      -24.280118       -24.280118       2455.2791                                                 2455.2791
              4       1202.3863      0.34518611      0.30538262   9.1697152e-05     0.022444823       2.9959524      0.97161151      0.03821946      0.99796337      -24.280118       -24.280118       2453.3329                                                 2453.3329
              5       1202.5445      0.34048812       0.3053806   9.1716847e-05     0.022424537       2.9953076      0.97151101     0.037592167      0.99822269      -24.280118       -24.280118       2453.6492                                                 2453.6492
              2       1202.7337      0.34889407      0.30681905   9.2009057e-05     0.022427437       2.9992066      0.97189235     0.039310501      0.99830789      -24.280118       -24.280118       2454.0277                                                 2454.0277
              2       1202.7197      0.34960676       0.3068569   9.2018848e-05     0.022427993       2.9991553      0.97188233     0.039273248      0.99830537      -24.280118       -24.280118       2453.9997                                                 2453.9997
              1       1204.0012      0.30546133      0.30748599   9.2045513e-05     0.022283882       2.9930671      0.97138927     0.035642101      0.99825093      -24.280118       -24.280118       2456.5626                                                 2456.5626
              1       1203.9649      0.29882654      0.30746401   9.2006444e-05     0.022282214       2.9917415      0.97069112     0.035757784       0.9974181      -24.280118       -24.280118         2456.49                                                   2456.49
              3       1204.0615      0.30504032      0.30752119   9.2076273e-05     0.022267365       2.9939943      0.97060459     0.036968386      0.99741382      -24.280118       -24.280118       2456.6833                                                 2456.6833
              1       1204.7607      0.43126646      0.31305274   9.3373121e-05     0.022464256       3.0095814      0.97231848     0.043594321      0.99880408      -24.280118       -24.280118       2458.0816                                                 2458.0816
             10       1204.6868      0.44922992      0.31326598   9.3449302e-05     0.022495517       3.0113255      0.96882635     0.046602978      0.99628745      -24.280118       -24.280118       2457.9338                                                 2457.9338
             19       1203.4951      0.39676274      0.30669344    9.198376e-05     0.022521681       3.0040987       0.9717282     0.036173297       1.0033344      -24.280118       -24.280118       2455.5504                                                 2455.5504
              7       1203.5044      0.42706361      0.30655754   9.2084948e-05     0.022543513       3.0029628      0.97109796     0.035451689       1.0036074      -24.280118       -24.280118        2455.569                                                  2455.569
              6       1204.0741       0.4396933      0.30624497   9.2154171e-05     0.022491328       3.0143238      0.97152321     0.040971508       1.0035308      -24.280118       -24.280118       2456.7084                                                 2456.7084
              4        1204.071      0.40619258      0.30553213   9.1836933e-05     0.022474962       3.0138379      0.96939471     0.040663023       1.0034001      -24.280118       -24.280118       2456.7022                                                 2456.7022
              3       1204.5235      0.39177933      0.30563186   9.1929384e-05      0.02248917       3.0193916       0.9706853     0.043796051       1.0042624      -24.280118       -24.280118       2457.6072                                                 2457.6072
              2       1203.8041      0.37308403      0.30457391   9.1717348e-05     0.022439127       3.0142839      0.97108937     0.042873745       1.0031849      -24.280118       -24.280118       2456.1684                                                 2456.1684
              2       1206.7596       0.4103221      0.31098656   9.3196944e-05     0.022290306       3.0112444      0.96951496     0.039106399       1.0050427      -24.280118       -24.280118       2462.0794                                                 2462.0794
              2       1206.6899      0.42475228      0.31171947   9.3349364e-05     0.022313791       3.0097097      0.96938639     0.038674017       1.0048151      -24.280118       -24.280118         2461.94                                                   2461.94
              1       1206.3137      0.33787673      0.30865819   9.2198083e-05      0.02235209       3.0219208       0.9676003     0.044827814        1.003585      -24.280118       -24.280118       2461.1876                                                 2461.1876
             11       1205.5403      0.26608705      0.30580253   9.1433656e-05     0.022301122       3.0198976      0.96808577     0.047092333       1.0009121      -24.280118       -24.280118       2459.6409                                                 2459.6409
              3       1204.5465      0.24226354      0.30317722    9.051479e-05     0.022527899       3.0013963       0.9657287     0.040814944      0.99643999      -24.280118       -24.280118       2457.6532                                                 2457.6532
              2       1204.6897      0.31912299      0.30343969   9.0933871e-05     0.022626679        2.992432      0.96767991     0.038883139       0.9946053      -24.280118       -24.280118       2457.9396                                                 2457.9396
              3       1204.6422      0.31502187      0.30386075   9.0901544e-05     0.022689139       2.9926538       0.9693336     0.037512169      0.99615517      -24.280118       -24.280118       2457.8447                                                 2457.8447
              1       1204.0459      0.38878474      0.30657513   9.1788472e-05     0.022650017       2.9942008      0.97085588     0.039043529      0.99585324      -24.280118       -24.280118       2456.6521                                                 2456.6521
              5       1202.6906      0.39864476      0.30538022   9.1745342e-05     0.022599438       2.9994257      0.97167384      0.04049204      0.99771744      -24.280118       -24.280118       2453.9414                                                 2453.9414
              1       1202.7394      0.39834589      0.30529446   9.1729535e-05     0.022601375       2.9996044      0.97171181     0.040655736      0.99766695      -24.280118       -24.280118       2454.0389                                                 2454.0389
              5        1202.994      0.42656228      0.30709038   9.2195104e-05     0.022599768       3.0037137       0.9726821     0.042657725      0.99769367      -24.280118       -24.280118       2454.5481                                                 2454.5481
              2       1203.1536      0.43895934      0.30598948   9.2034542e-05      0.02261734       3.0072528      0.97333571     0.045260894       0.9972341      -24.280118       -24.280118       2454.8674                                                 2454.8674
              2       1203.5564      0.38426253      0.30413664   9.1419611e-05     0.022640363       3.0157682      0.96902488     0.047368986      0.99813297      -24.280118       -24.280118        2455.673                                                  2455.673
              3       1203.6189      0.38782202       0.3042278   9.1455768e-05      0.02264193        3.016056      0.96923947     0.047480146       0.9981253      -24.280118       -24.280118        2455.798                                                  2455.798
              2       1203.4006      0.35402038       0.3005134   9.0438026e-05     0.022698229        3.016125      0.97083134     0.047098186      0.99882881      -24.280118       -24.280118       2455.3614                                                 2455.3614
              4       1204.4435      0.34122359      0.29913126   9.0136913e-05     0.022661361       3.0237346      0.97157217     0.051969247      0.99761419      -24.280118       -24.280118       2457.4472                                                 2457.4472
              7       1205.9927      0.32651219       0.2969563   8.9650895e-05     0.022700912       3.0204584       0.9721397     0.052753822      0.99564049      -24.280118       -24.280118       2460.5456                                                 2460.5456
              1       1206.2118      0.32499753      0.29684257   8.9625241e-05     0.022705171       3.0210455      0.97190122     0.053073367      0.99559348      -24.280118       -24.280118       2460.9839                                                 2460.9839
              1       1205.7118      0.28762538      0.29843938   8.9683719e-05     0.022715734       3.0197987      0.97047067     0.051071007       0.9960593      -24.280118       -24.280118       2459.9839                                                 2459.9839
              6       1205.8124      0.30188545      0.29738299   8.9572868e-05     0.022736408       3.0205903      0.97190495     0.050869707      0.99685526      -24.280118       -24.280118        2460.185                                                  2460.185
              2       1205.7325      0.29515158      0.29720331   8.9504389e-05     0.022729551       3.0201936      0.97177091     0.050443142       0.9970064      -24.280118       -24.280118       2460.0253                                                 2460.0253
              3       1205.0407      0.31991619      0.29943769   9.0007106e-05     0.022720647       3.0154119      0.97142993     0.048258359      0.99651593      -24.280118       -24.280118       2458.6417                                                 2458.6417
             15       1202.1703      0.39354543      0.30419019   9.1634579e-05     0.022487429       3.0092181      0.97313353      0.04510691      0.99855617      -24.280118       -24.280118       2452.9008                                                 2452.9008
              6       1202.0525      0.39745533      0.30467992   9.1737681e-05     0.022478662       3.0091571      0.97331423     0.044519535      0.99890201      -24.280118       -24.280118       2452.6652                                                 2452.6652
              4       1202.0514      0.39539159      0.30432099   9.1649457e-05     0.022484401       3.0099592      0.97343148     0.044808284      0.99902423      -24.280118       -24.280118        2452.663                                                  2452.663
              2       1202.6884      0.36628898      0.30393487   9.1465443e-05     0.022501304       3.0068082      0.97356634     0.041171122       1.0007622      -24.280118       -24.280118        2453.937                                                  2453.937
              4       1202.6799      0.35052947      0.30367318   9.1363952e-05      0.02247991       3.0077853      0.97332462     0.041537009       1.0008427      -24.280118       -24.280118       2453.9201                                                 2453.9201
              1       1202.6164      0.38862494      0.30404156   9.1560135e-05     0.022536508       3.0046455      0.97339094     0.040712274       1.0004493      -24.280118       -24.280118       2453.7931                                                 2453.7931
              2       1203.9566      0.38613846      0.30348121   9.1535276e-05     0.022515408       3.0061686      0.97411319     0.041222103       1.0013255      -24.280118       -24.280118       2456.4735                                                 2456.4735
              1       1203.9943      0.40128456      0.30431653   9.1781414e-05     0.022505772        3.006611      0.97404738     0.041566965       1.0012328      -24.280118       -24.280118       2456.5489                                                 2456.5489
              3       1204.9321      0.47214303      0.30550689   9.2306132e-05     0.022509766       3.0031595      0.97756007      0.04003025       1.0013698      -24.280118       -24.280118       2458.4245                                                 2458.4245
              4       1203.9875      0.51047689      0.30354199    9.208616e-05     0.022523014       3.0129054      0.97649049     0.047854543      0.99831547      -24.280118       -24.280118       2456.5352                                                 2456.5352
              3         1204.32       0.5082171      0.30331631   9.2060316e-05     0.022540589       3.0065699      0.97521725      0.04506354       0.9979126      -24.280118       -24.280118       2457.2003                                                 2457.2003
              2       1204.1748      0.52629577      0.30824068   9.3256703e-05     0.022322573       3.0093714      0.96977359     0.043074482       1.0009146      -24.280118       -24.280118       2456.9099                                                 2456.9099
              5       1205.0173      0.61675254      0.31514418   9.4857097e-05     0.022391377       3.0037915      0.96604771     0.042951261      0.99751097      -24.280118       -24.280118       2458.5949                                                 2458.5949
              6       1205.0524      0.58184277      0.31787073   9.5020049e-05     0.022446753       3.0001784      0.96654128     0.037296232        1.000289      -24.280118       -24.280118        2458.665                                                  2458.665
              3       1204.2799      0.55785342      0.31544466   9.4483555e-05     0.022434394        2.997216       0.9663243     0.036689973      0.99978148      -24.280118       -24.280118         2457.12                                                   2457.12
              1       1203.9847      0.41212971      0.31056077   9.3140519e-05     0.022277787       2.9910987      0.96736798     0.034188126      0.99980154      -24.280118       -24.280118       2456.5296                                                 2456.5296
              5       1205.3614      0.40306339      0.30818672   9.2598876e-05     0.022356004       3.0213132      0.97450839     0.047190775       1.0013235      -24.280118       -24.280118        2459.283                                                  2459.283
              3       1205.7681      0.33816056      0.30758124    9.207126e-05     0.022402028       3.0198683      0.97346863     0.044277147       1.0027986      -24.280118       -24.280118       2460.0965                                                 2460.0965
              4       1207.0763      0.22421585      0.30431364   9.0640716e-05     0.022528832       3.0204601      0.97109213     0.046437191      0.99900233      -24.280118       -24.280118       2462.7129                                                 2462.7129
              1       1207.3842       0.2185797       0.3043322   9.0607906e-05     0.022533861       3.0229351      0.97116379     0.047445065      0.99928247      -24.280118       -24.280118       2463.3286                                                 2463.3286
              2       1207.3176      0.22094774      0.30451005   9.0645187e-05     0.022535664       3.0221482      0.97118972     0.047073027      0.99925622      -24.280118       -24.280118       2463.1953                                                 2463.1953
              8       1207.0005      0.20130381      0.30206438    9.002974e-05     0.022616725       3.0168829      0.97349086     0.044451626      0.99994881      -24.280118       -24.280118       2462.5611                                                 2462.5611
             13        1206.971      0.21246029      0.30105678    8.990047e-05     0.022620453        3.015279      0.97453634     0.043465785       1.0002981      -24.280118       -24.280118       2462.5022                                                 2462.5022
              1       1206.5628      0.30405925      0.30384255   9.0771623e-05     0.022714193       3.0201159      0.97424892     0.045950759       1.0007441      -24.280118       -24.280118       2461.6858                                                 2461.6858
              7       1206.4142      0.39395081      0.30821154   9.2097678e-05      0.02266673       3.0174266      0.97498101     0.046114775       0.9992548      -24.280118       -24.280118       2461.3886                                                 2461.3886
              7       1206.5909      0.41426511      0.31048671   9.2769148e-05     0.022554711       3.0115144      0.97598351     0.043017175      0.99961441      -24.280118       -24.280118        2461.742                                                  2461.742
              1       1203.6239      0.33942408      0.30408338   9.1067342e-05     0.022618958       3.0049181      0.97142498     0.043605018      0.99585966      -24.280118       -24.280118        2455.808                                                  2455.808
              3       1202.3999      0.47163362      0.30704513   9.2260654e-05     0.022654937       3.0046295       0.9712355     0.041647918      0.99890237      -24.280118       -24.280118         2453.36                                                   2453.36
              4       1202.3696      0.52022873      0.30810631   9.2818455e-05     0.022611431       2.9996344      0.97272802      0.03951708      0.99866872      -24.280118       -24.280118       2453.2994                                                 2453.2994
              1       1202.3447      0.53693483      0.30936233   9.3123952e-05     0.022598247       2.9997499      0.97259774     0.038284266      0.99977919      -24.280118       -24.280118       2453.2496                                                 2453.2496
              1        1203.373      0.55060758      0.30967859   9.3224776e-05     0.022650136       2.9957819      0.97293751     0.035805031       1.0005044      -24.280118       -24.280118       2455.3062                                                 2455.3062
              2       1204.3936      0.32283276      0.30361032   9.1392339e-05     0.022398285       2.9926992      0.96961355     0.032881355       1.0024245      -24.280118       -24.280118       2457.3474                                                 2457.3474
              7       1204.3871      0.32269755      0.30360266   9.1389853e-05     0.022398411       2.9926733      0.96961072     0.032867808       1.0024221      -24.280118       -24.280118       2457.3344                                                 2457.3344
              3       1204.3429      0.32464911      0.30338869   9.1359144e-05     0.022403235       2.9934218      0.96979729     0.033425622       1.0022764      -24.280118       -24.280118        2457.246                                                  2457.246
              9       1204.3838      0.35470249      0.30456135   9.1709364e-05     0.022418612       2.9903361       0.9692886     0.032308139       1.0018721      -24.280118       -24.280118       2457.3278                                                 2457.3278
             10       1204.3711      0.35395052      0.30457554    9.170853e-05     0.022417387       2.9901923      0.96925478     0.032203341       1.0018898      -24.280118       -24.280118       2457.3024                                                 2457.3024
              3       1204.2105      0.42079638      0.30027901    9.071917e-05     0.022642262       2.9902787      0.97199703     0.036493332       0.9978193      -24.280118       -24.280118       2456.9811                                                 2456.9811
              1       1203.7869      0.44970051      0.30223587   9.1242553e-05     0.022618998       2.9905536      0.97129178     0.036276783      0.99808793      -24.280118       -24.280118       2456.1339                                                 2456.1339
              1       1205.1593      0.49444822      0.30459262   9.1904335e-05     0.022561674        2.988094      0.97430355     0.033646221      0.99811083      -24.280118       -24.280118       2458.8789                                                 2458.8789
              1       1205.3007      0.48569378       0.3047086    9.187813e-05     0.022572921       2.9876294      0.97390324     0.034467528      0.99679705      -24.280118       -24.280118       2459.1617                                                 2459.1617
              1       1205.4262      0.46432843      0.30692342   9.2256509e-05     0.022525905       2.9725699      0.97328056     0.026812349      0.99665472      -24.280118       -24.280118       2459.4126                                                 2459.4126
              1       1206.3875      0.48642152      0.30785423   9.2403857e-05     0.022619953       2.9689492      0.97194306     0.023105351      0.99771052      -24.280118       -24.280118       2461.3353                                                 2461.3353
              1       1207.8818      0.50056684      0.31022375   9.2837006e-05     0.022724363       2.9900212      0.97614487     0.031337139       1.0000594      -24.280118       -24.280118       2464.3238                                                 2464.3238
              1       1207.2006      0.47633443      0.30976786   9.2706151e-05     0.022691896         2.99183      0.97541807     0.031688544       1.0004951      -24.280118       -24.280118       2462.9615                                                 2462.9615
              2       1208.2905      0.60356761      0.31249635   9.3947811e-05     0.022711325       2.9895141      0.97700557     0.031843701        1.000179      -24.280118       -24.280118       2465.1413                                                 2465.1413
              2       1208.0756      0.62692004      0.31592037   9.4669469e-05      0.02269803       2.9903515      0.97548781     0.032956428      0.99892676      -24.280118       -24.280118       2464.7113                                                 2464.7113
              4       1204.2505      0.54634421      0.31367153   9.4129118e-05     0.022410113       3.0132264       0.9701135     0.041413013       1.0022386      -24.280118       -24.280118       2457.0612                                                 2457.0612
              5       1204.3644       0.6087743      0.31187176   9.3868748e-05     0.022561275       3.0207585      0.97110394     0.046589373       1.0024717      -24.280118       -24.280118       2457.2891                                                 2457.2891
             11       1204.1264      0.54657435      0.30984237   9.3145861e-05     0.022569338       3.0171538      0.97032735     0.044771072       1.0023495      -24.280118       -24.280118        2456.813                                                  2456.813
              2       1203.2827      0.46876644      0.30440981   9.1818179e-05      0.02264118       3.0243341      0.97218405     0.049288156        1.000883      -24.280118       -24.280118       2455.1256                                                 2455.1256
              2       1204.4647      0.54021128      0.30627299   9.2413445e-05     0.022689152       3.0224229      0.97307017     0.047260901       1.0013697      -24.280118       -24.280118       2457.4897                                                 2457.4897
              3       1204.5786      0.54366032      0.30717247    9.257419e-05     0.022667256       3.0256786      0.97159203     0.049042648       1.0008722      -24.280118       -24.280118       2457.7174                                                 2457.7174
              3       1204.5787      0.54719957      0.30735342   9.2634514e-05     0.022668453       3.0254882      0.97154072     0.049176421       1.0006227      -24.280118       -24.280118       2457.7176                                                 2457.7176
             10       1205.2117      0.48464519      0.30355203   9.1706444e-05     0.022673192       3.0204217      0.97115127     0.047525532       0.9998405      -24.280118       -24.280118       2458.9836                                                 2458.9836
              4       1204.9872      0.50082327       0.3042595   9.1888858e-05     0.022707876       3.0194026      0.97094467     0.046786841       1.0002241      -24.280118       -24.280118       2458.5346                                                 2458.5346
              1       1204.6912      0.49959694      0.30414809   9.1921148e-05     0.022593452       2.9841562      0.96921846     0.034288804      0.99640186      -24.280118       -24.280118       2457.9426                                                 2457.9426
              3       1207.7221      0.56075066      0.30952656   9.3694212e-05     0.022371436       2.9869479      0.96485929     0.034379206       0.9977647      -24.280118       -24.280118       2464.0045                                                 2464.0045
              1       1205.1418      0.46869374      0.31237426   9.3715932e-05     0.022325522       3.0008369      0.96444797     0.037284952      0.99983309      -24.280118       -24.280118       2458.8439                                                 2458.8439
              1       1205.2907       0.4992362      0.31425819   9.4200604e-05     0.022349489       2.9973286      0.96494835     0.037215655      0.99790258      -24.280118       -24.280118       2459.1417                                                 2459.1417
              6       1205.2661      0.51231844      0.31510338   9.4447473e-05     0.022332922       2.9948837      0.96547453     0.035739036      0.99825407      -24.280118       -24.280118       2459.0925                                                 2459.0925
              2       1205.3223      0.50461808        0.315087   9.4401959e-05     0.022331634       2.9956829      0.96527246     0.036040622        0.998237      -24.280118       -24.280118       2459.2049                                                 2459.2049
              2       1205.6457      0.52320061      0.31544115   9.4559678e-05     0.022316078       2.9970948      0.96596303     0.037296218      0.99763667      -24.280118       -24.280118       2459.8517                                                 2459.8517
              5       1206.0429      0.49640659      0.31187822   9.3696332e-05      0.02240214       3.0012843      0.96574576     0.040266562      0.99665094      -24.280118       -24.280118       2460.6461                                                 2460.6461
              2       1205.8867      0.49621703      0.31193354   9.3707574e-05     0.022402121       3.0003035      0.96591582     0.039542802      0.99688847      -24.280118       -24.280118       2460.3336                                                 2460.3336
              3       1207.8802      0.53943037      0.31386566   9.4635976e-05     0.022154762       3.0032565      0.96642715     0.043340305      0.99749731      -24.280118       -24.280118       2464.3205                                                 2464.3205
              1       1206.4524      0.53647289      0.31219074   9.4247598e-05     0.022210698       3.0017357      0.96708016     0.041616931      0.99854927      -24.280118       -24.280118       2461.4651                                                 2461.4651
              4       1203.6826      0.39733865      0.30702173   9.2065808e-05      0.02254012       3.0100003      0.96759927     0.047220595      0.99538668      -24.280118       -24.280118       2455.9255                                                 2455.9255
              3       1203.6981      0.33121842      0.30898445   9.2216938e-05     0.022478132       3.0030123      0.96809969     0.041483274      0.99751888      -24.280118       -24.280118       2455.9565                                                 2455.9565
              4       1203.9998      0.31672487      0.30969017   9.2259312e-05     0.022470558       2.9976227      0.96733719     0.038254426      0.99764482      -24.280118       -24.280118       2456.5598                                                 2456.5598
              1       1203.9996      0.31605578      0.30963274   9.2244407e-05     0.022471349       2.9976101       0.9673547      0.03822786      0.99765796      -24.280118       -24.280118       2456.5595                                                 2456.5595
              3       1204.0909      0.37770954      0.31138776   9.2923711e-05     0.022440334       2.9927697      0.96532037      0.03558527      0.99805389      -24.280118       -24.280118        2456.742                                                  2456.742
             11       1204.2312      0.36545887      0.31103179   9.2849274e-05        0.022421       2.9932935      0.96501864     0.035285182      0.99871294      -24.280118       -24.280118       2457.0225                                                 2457.0225
              7       1204.6883      0.46344618      0.31378348    9.373978e-05     0.022488253       3.0016919      0.96459251     0.037171146       1.0006353      -24.280118       -24.280118       2457.9368                                                 2457.9368
              4        1204.683       0.4616366      0.31393316   9.3790072e-05     0.022464913       3.0020784      0.96467907     0.037300027       1.0007922      -24.280118       -24.280118       2457.9263                                                 2457.9263
              5       1204.8251      0.44670093       0.3135138   9.3672957e-05     0.022443426        2.993755       0.9641555     0.033903414       1.0001742      -24.280118       -24.280118       2458.2105                                                 2458.2105
              1       1204.7826       0.4486607      0.31350395   9.3680171e-05      0.02244524       2.9934757      0.96426286     0.033814402       1.0001423      -24.280118       -24.280118       2458.1255                                                 2458.1255
              2       1204.8237      0.43618315      0.31198068   9.3290519e-05     0.022484379       2.9940751      0.96375146     0.033533241       1.0005768      -24.280118       -24.280118       2458.2076                                                 2458.2076
              2       1205.7433      0.26598925      0.30888273   9.1815856e-05     0.022481292        2.974942      0.96345006     0.022206126       1.0010122      -24.280118       -24.280118       2460.0469                                                 2460.0469
              2       1205.4036      0.39920945       0.3119833   9.2946966e-05     0.022584042       2.9787546      0.96684189      0.02582621       1.0001817      -24.280118       -24.280118       2459.3674                                                 2459.3674
              1       1205.3229      0.43185175       0.3123437   9.3187907e-05     0.022550633       2.9705925      0.96723994     0.021479112       1.0009339      -24.280118       -24.280118        2459.206                                                  2459.206
              2       1205.1838      0.45343423      0.31265534   9.3320094e-05     0.022568459       2.9717571      0.96742139      0.02133451       1.0013259      -24.280118       -24.280118       2458.9278                                                 2458.9278
              4       1204.9622      0.48703293      0.31235678   9.3499336e-05     0.022497844       2.9687158      0.96621874     0.025218432      0.99628521      -24.280118       -24.280118       2458.4847                                                 2458.4847
              9        1204.374      0.49528205      0.31377755   9.3862325e-05      0.02247637        2.970553      0.96697948     0.024605143      0.99771449      -24.280118       -24.280118       2457.3082                                                 2457.3082
              3       1204.5031      0.48570511      0.31357195   9.3814472e-05      0.02244736        2.966263      0.96717569     0.022761807       0.9975207      -24.280118       -24.280118       2457.5664                                                 2457.5664
              2       1204.4505      0.48083132      0.30996873   9.3099205e-05     0.022510201       2.9685291      0.96877386     0.025143746      0.99760473      -24.280118       -24.280118       2457.4612                                                 2457.4612
              4       1203.7899      0.48854515      0.31037821   9.3274673e-05     0.022412688       2.9724088      0.97019201     0.027479345      0.99724132      -24.280118       -24.280118       2456.1401                                                 2456.1401
             25       1204.0298      0.45174976      0.30921963   9.2910467e-05     0.022380162       2.9672061      0.96965439      0.02380525      0.99820594      -24.280118       -24.280118       2456.6198                                                 2456.6198
              3       1203.4758      0.45210901      0.31022996   9.3138634e-05     0.022343214       2.9783619      0.97046307     0.028774273      0.99880916      -24.280118       -24.280118       2455.5118                                                 2455.5118
              1       1203.8326      0.46747566       0.3108987   9.3351772e-05     0.022330727       2.9781824      0.96986198      0.02875265       0.9989276      -24.280118       -24.280118       2456.2255                                                 2456.2255
              6       1204.3866      0.49645172      0.31267617   9.3777667e-05     0.022329278       2.9789988      0.97035158     0.029574776      0.99832457      -24.280118       -24.280118       2457.3335                                                 2457.3335
              3       1204.1949      0.48609053       0.3123964     9.36856e-05     0.022331371       2.9796693      0.97008658     0.030535927      0.99769018      -24.280118       -24.280118         2456.95                                                   2456.95
              4       1207.4502      0.58970908      0.31573839   9.4982726e-05      0.02227084       2.9833274      0.96763142     0.029095799       1.0019789      -24.280118       -24.280118       2463.4606                                                 2463.4606
              1       1207.6166      0.57164333      0.31525854   9.4772063e-05     0.022278512       2.9847097      0.96759549     0.029413112       1.0023836      -24.280118       -24.280118       2463.7935                                                 2463.7935
              1       1207.4927      0.56644205      0.31507452   9.4710478e-05     0.022287124       2.9828612      0.96778963      0.02838869       1.0024861      -24.280118       -24.280118       2463.5456                                                 2463.5456
              4       1206.5703      0.54851448      0.31178156   9.4003944e-05     0.022300815       2.9762155      0.96849836     0.023849698       1.0030116      -24.280118       -24.280118       2461.7008                                                 2461.7008
              3       1209.8885       0.5711384      0.31472064   9.4985596e-05     0.022226331       2.9754202      0.96983892     0.023753097       1.0030969      -24.280118       -24.280118       2468.3373                                                 2468.3373
              1       1209.5985      0.68639739      0.31617038   9.5517513e-05     0.022469714       2.9572169      0.97427059     0.017871044        1.000269      -24.280118       -24.280118       2467.7572                                                 2467.7572
              4         1209.59       0.6876127      0.31617232   9.5520124e-05     0.022471966       2.9573922      0.97433413     0.017982598       1.0002471      -24.280118       -24.280118       2467.7403                                                 2467.7403
              2       1209.8653      0.64571161      0.31540795   9.5054323e-05     0.022543009       2.9492362       0.9718697     0.015862609      0.99687586      -24.280118       -24.280118       2468.2908                                                 2468.2908
              1       1209.8314      0.64622267      0.31544257   9.5066316e-05     0.022540247        2.949454      0.97184172     0.016004399      0.99685071      -24.280118       -24.280118        2468.223                                                  2468.223
              3       1209.5815      0.43265331      0.30663376   9.2210801e-05     0.022669325       2.9653126      0.97031666     0.026078573      0.99550582      -24.280118       -24.280118       2467.7232                                                 2467.7232
              6       1208.2899       0.3771089      0.30635987   9.1953005e-05     0.022623249       2.9694559      0.96842233     0.025946119      0.99743161      -24.280118       -24.280118       2465.1401                                                 2465.1401
              2        1208.345      0.35987971      0.30502312   9.1652186e-05     0.022620849       2.9680553      0.96939094     0.025060945      0.99749387      -24.280118       -24.280118       2465.2503                                                 2465.2503
              2       1207.4243      0.29651157      0.30393526   9.1254799e-05     0.022539072       2.9773507      0.97034887     0.031329513      0.99592641      -24.280118       -24.280118       2463.4088                                                 2463.4088
              1       1205.2359      0.29282565      0.30084166   9.0470376e-05     0.022623102       2.9905509      0.97269528     0.037458228      0.99638212      -24.280118       -24.280118        2459.032                                                  2459.032
              6       1203.6302      0.35565639      0.30380412   9.1462229e-05     0.022494759       2.9894958      0.97291193     0.035677177      0.99809547      -24.280118       -24.280118       2455.8205                                                 2455.8205
              3       1203.5921        0.361802      0.30727839   9.1940223e-05      0.02257538       2.9980588      0.97269052     0.037612436      0.99907451      -24.280118       -24.280118       2455.7445                                                 2455.7445
              3       1202.7586      0.33311143      0.30518222   9.1333845e-05     0.022516868       3.0041105      0.96912392     0.038403328       1.0003128      -24.280118       -24.280118       2454.0774                                                 2454.0774
              3       1204.4077      0.41487641      0.30851386    9.256554e-05     0.022323761       3.0116318       0.9712868      0.04262248       1.0003631      -24.280118       -24.280118       2457.3757                                                 2457.3757
              3       1203.6466      0.55124338      0.31009093   9.3527343e-05     0.022389439       3.0032444      0.97353109     0.040049048      0.99967176      -24.280118       -24.280118       2455.8534                                                 2455.8534
              1       1203.9588      0.56866992      0.31101649   9.3753623e-05     0.022416081       3.0062826      0.97353853     0.040965823      0.99989321      -24.280118       -24.280118       2456.4779                                                 2456.4779
              5       1203.9972      0.56954343      0.31104009   9.3764416e-05      0.02241369       3.0065598      0.97355234     0.041031878      0.99997328      -24.280118       -24.280118       2456.5546                                                 2456.5546
              9       1205.1709      0.72017331      0.31388458   9.5187781e-05     0.022402881       3.0030854      0.97463199     0.041309534      0.99990878      -24.280118       -24.280118        2458.902                                                  2458.902
              1       1207.4328      0.68791991      0.32084601   9.6204252e-05     0.022373253       3.0141796      0.97336953     0.048633274      0.99663053      -24.280118       -24.280118       2463.4258                                                 2463.4258
              7       1206.9845      0.64251216      0.31921292   9.5461664e-05     0.022465227       3.0153377      0.97364135     0.046269694      0.99875477      -24.280118       -24.280118       2462.5292                                                 2462.5292
              1       1207.4245      0.63892307      0.31947648   9.5468432e-05     0.022469579       3.0149621      0.97354928     0.046025753      0.99880571      -24.280118       -24.280118       2463.4092                                                 2463.4092
              1       1204.9735      0.51506193      0.31720952   9.4533438e-05     0.022442138       3.0073306      0.96726558     0.040497934      0.99980708      -24.280118       -24.280118       2458.5072                                                 2458.5072
              4       1204.5044      0.53765341      0.31395414   9.4003184e-05      0.02251504       3.0162399      0.96719252     0.048907695      0.99633462      -24.280118       -24.280118        2457.569                                                  2457.569
              1       1204.4906      0.48387666      0.31102908   9.3290509e-05     0.022448219       3.0226949      0.96680974     0.051841645      0.99731716      -24.280118       -24.280118       2457.5413                                                 2457.5413
              2       1203.6347      0.44611716       0.3075715   9.2364444e-05     0.022546605        3.028353      0.96939039     0.053763869      0.99817989      -24.280118       -24.280118       2455.8296                                                 2455.8296
              4       1204.9428      0.41158909      0.30682252    9.203438e-05     0.022532302       3.0340224      0.96941129     0.056151153      0.99802113      -24.280118       -24.280118       2458.4459                                                 2458.4459
              3       1204.6766      0.42329682      0.30681858   9.2066596e-05     0.022563746       3.0314546      0.97062402     0.056415655      0.99708516      -24.280118       -24.280118       2457.9135                                                 2457.9135
              5       1204.4464      0.41872059      0.30665745    9.203553e-05     0.022553621       3.0300912      0.97044422      0.05587644      0.99699579      -24.280118       -24.280118       2457.4531                                                 2457.4531
             11       1204.3399      0.55429602      0.30949332   9.3190343e-05     0.022623742       3.0306698      0.97443356     0.052749311        1.000475      -24.280118       -24.280118       2457.2401                                                 2457.2401
              5        1204.228      0.55420787      0.30951711   9.3178232e-05     0.022633025       3.0293286      0.97434486     0.052097241       1.0003944      -24.280118       -24.280118       2457.0163                                                 2457.0163
              3       1204.1251      0.67128965      0.31326934    9.452037e-05     0.022516691       3.0157103      0.97466297     0.046631382       1.0001519      -24.280118       -24.280118       2456.8104                                                 2456.8104
              1        1205.383      0.72105746      0.31635721   9.5531902e-05     0.022441592       3.0080223      0.97618313     0.043889149      0.99895818      -24.280118       -24.280118       2459.3262                                                 2459.3262
             13       1205.2764      0.73128665      0.31577931   9.5446601e-05     0.022478503       3.0063692      0.97659397     0.043674449      0.99854954      -24.280118       -24.280118       2459.1129                                                 2459.1129
              7       1204.5002      0.65210472      0.31306208    9.457696e-05     0.022448572       3.0050439      0.97696392     0.042482496      0.99915421      -24.280118       -24.280118       2457.5606                                                 2457.5606
             10       1204.8008      0.48046468      0.30931389   9.3235401e-05     0.022315708       3.0054352      0.97540467     0.045643284      0.99647281      -24.280118       -24.280118       2458.1619                                                 2458.1619
              4       1204.5072      0.51145062      0.31004713   9.3494564e-05     0.022329678       3.0032033       0.9756491     0.044081987      0.99710666      -24.280118       -24.280118       2457.5747                                                 2457.5747
              5       1202.2926       0.4646027      0.30702001   9.2533429e-05     0.022424657       3.0003266      0.97351564     0.041134106      0.99781516      -24.280118       -24.280118       2453.1455                                                 2453.1455
              2       1202.2806      0.46696826      0.30740091   9.2637138e-05     0.022412281       3.0020686      0.97333827     0.041346647      0.99829884      -24.280118       -24.280118       2453.1214                                                 2453.1214
              1         1203.05      0.52759987      0.30920468    9.328183e-05     0.022443696       2.9876107      0.97043626     0.032365013       1.0004132      -24.280118       -24.280118       2454.6603                                                 2454.6603
             11       1204.4681      0.59557256      0.31126735   9.3902212e-05     0.022439734       2.9942962      0.96925955     0.036546167       1.0001492      -24.280118       -24.280118       2457.4964                                                 2457.4964
              1       1203.6188      0.62380062      0.31085326   9.3951622e-05     0.022540349       2.9945344      0.97220074     0.037329546      0.99979618      -24.280118       -24.280118       2455.7979                                                 2455.7979
              3       1202.8928      0.60250822      0.31002558   9.3642002e-05     0.022562464       2.9951805      0.97237391     0.037009951      0.99986436      -24.280118       -24.280118       2454.3458                                                 2454.3458
              1       1203.2799      0.52579487      0.30600024   9.2391608e-05     0.022630453       3.0013894      0.97222708     0.040675836      0.99978644      -24.280118       -24.280118         2455.12                                                   2455.12
              7       1203.5885       0.5369986      0.30520047   9.2256502e-05     0.022670271         3.00174       0.9719846     0.040783998      0.99978882      -24.280118       -24.280118       2455.7373                                                 2455.7373
              3       1204.4768       0.5584593      0.30651804   9.2631594e-05     0.022627009       3.0038584      0.97205385     0.039391349       1.0024744      -24.280118       -24.280118       2457.5139                                                 2457.5139
              1       1203.7282      0.57874095      0.30782746   9.2987269e-05     0.022584304       3.0002955      0.97325637     0.037171372       1.0022928      -24.280118       -24.280118       2456.0166                                                 2456.0166
             10       1202.8883      0.44793097      0.30414806   9.1740615e-05     0.022546749        3.006662       0.9735214     0.039875976       1.0024916      -24.280118       -24.280118       2454.3369                                                 2454.3369
             12       1204.1662      0.58221206      0.30967939   9.3331185e-05     0.022555755       3.0060757      0.97441289     0.039212219       1.0026995      -24.280118       -24.280118       2456.8926                                                 2456.8926
              1       1203.5912      0.56595954      0.30888324   9.3118742e-05     0.022550956       3.0078877       0.9749976     0.040873006       1.0019451      -24.280118       -24.280118       2455.7426                                                 2455.7426
              4       1203.9383       0.4473722      0.30450596   9.1579975e-05     0.022598189       2.9956967      0.96946318     0.037539741      0.99811237      -24.280118       -24.280118       2456.4369                                                 2456.4369
              9       1204.9148      0.39426068      0.30289875   9.1230374e-05      0.02253553       3.0128987       0.9661532     0.046635915        0.998754      -24.280118       -24.280118       2458.3898                                                 2458.3898
              2       1204.9174      0.43505228      0.30489468      9.1939e-05     0.022492012       3.0029596      0.96585668     0.044446762      0.99588466      -24.280118       -24.280118       2458.3951                                                 2458.3951
              1        1204.588      0.36901315      0.30620294   9.1853198e-05     0.022519692       3.0081204      0.96380145     0.043706847      0.99754877      -24.280118       -24.280118       2457.7363                                                 2457.7363
              7       1203.6234      0.44668742      0.30823659   9.2731461e-05     0.022494646       2.9996013      0.96784754     0.037222975       1.0003628      -24.280118       -24.280118        2455.807                                                  2455.807
             13       1202.7902      0.42235276      0.30692091   9.2353319e-05     0.022482698       3.0015886      0.96848616     0.038691284       1.0000392      -24.280118       -24.280118       2454.1406                                                 2454.1406
              5       1203.6644      0.39348784      0.30382187   9.1331416e-05     0.022625447       3.0230072      0.96979308     0.046734254       1.0020878      -24.280118       -24.280118       2455.8891                                                 2455.8891
              5       1203.5062       0.3760487      0.30349404   9.1209784e-05     0.022603896       3.0209105      0.96943961     0.045626022       1.0020929      -24.280118       -24.280118       2455.5727                                                 2455.5727
              7       1204.6993      0.32850722      0.30100377    9.054093e-05     0.022634682       3.0304088      0.97031525     0.051142459       1.0017521      -24.280118       -24.280118       2457.9589                                                 2457.9589
              1       1205.6168      0.49393436      0.30178397    9.141069e-05     0.022728174       3.0271226      0.97350557      0.05494214      0.99751235      -24.280118       -24.280118       2459.7939                                                 2459.7939
              1       1206.9415       0.4795066      0.30179786    9.132533e-05     0.022746193       3.0318459      0.97352015     0.057666524      0.99679772      -24.280118       -24.280118       2462.4433                                                 2462.4433
              1       1206.4132      0.49511067      0.30313469   9.1768607e-05     0.022676349       3.0298698      0.97270029     0.057137881       0.9965069      -24.280118       -24.280118       2461.3867                                                 2461.3867
              3       1206.5568      0.44637995      0.30395523   9.1527973e-05     0.022658903       3.0079907      0.97026968     0.047041604      0.99368365      -24.280118       -24.280118       2461.6739                                                 2461.6739
              2       1206.4862      0.45446082      0.30432698   9.1632428e-05     0.022662105       3.0078458      0.97016225     0.046817892       0.9937965      -24.280118       -24.280118       2461.5327                                                 2461.5327
              1       1206.2043      0.36178743      0.29942802   9.0616346e-05     0.022481462       3.0000981       0.9660753     0.040876572      0.99735996      -24.280118       -24.280118       2460.9688                                                 2460.9688
              1       1205.9241      0.29132636      0.30357485   9.1114122e-05     0.022476374       3.0145555      0.96363249     0.044209028       1.0010161      -24.280118       -24.280118       2460.4084                                                 2460.4084
              2        1205.944      0.26262531      0.30421165   9.1052242e-05     0.022433968       3.0142426      0.96336541     0.041307577        1.002858      -24.280118       -24.280118       2460.4483                                                 2460.4483
              1       1205.9727      0.20729989      0.30275307   9.0574025e-05     0.022397295        3.015229      0.96319651     0.042595161       1.0018882      -24.280118       -24.280118       2460.5057                                                 2460.5057
              3       1205.6832      0.22181175      0.30376204   9.0865583e-05     0.022379802       3.0118063      0.96322819     0.040975878       1.0018293      -24.280118       -24.280118       2459.9266                                                 2459.9266
              1       1205.6538       0.2129275      0.30232573   9.0429294e-05     0.022425182       3.0215666       0.9645401      0.04601551       1.0012636      -24.280118       -24.280118       2459.8678                                                 2459.8678
             10        1205.342       0.3915249      0.31226741   9.3205389e-05      0.02236023       3.0086331       0.9660872     0.046166225      0.99520934      -24.280118       -24.280118       2459.2442                                                 2459.2442
              1        1205.388       0.3897724      0.31239583   9.3216551e-05     0.022370889       3.0077575      0.96564385     0.045575362      0.99521476      -24.280118       -24.280118       2459.3363                                                 2459.3363
              7        1205.674      0.49262503      0.31473168   9.3883656e-05     0.022540255       3.0033638      0.96867919     0.043922251      0.99434743      -24.280118       -24.280118       2459.9083                                                 2459.9083
              2        1205.656      0.57070965      0.31423479   9.4180831e-05     0.022573754       3.0113098      0.97115693     0.048836017      0.99398701      -24.280118       -24.280118       2459.8723                                                 2459.8723
              5       1206.2071       0.4996582      0.30681539   9.2135322e-05     0.022737678       3.0025918      0.97503396     0.044462844      0.99459162      -24.280118       -24.280118       2460.9744                                                 2460.9744
              8       1208.2712      0.46294179       0.3049309   9.1530216e-05     0.022800518       3.0011841      0.97600021     0.044287849      0.99383695      -24.280118       -24.280118       2465.1027                                                 2465.1027
              1       1205.2154      0.48638246       0.3081848   9.2588166e-05     0.022547623       3.0035604      0.97131061     0.045396258      0.99350877      -24.280118       -24.280118        2458.991                                                  2458.991
              4       1205.5973      0.44417932      0.30458296   9.1806016e-05     0.022516321        2.997573      0.97315863      0.04273641      0.99358679      -24.280118       -24.280118       2459.7549                                                 2459.7549
              5       1205.6952      0.43660741      0.30289732   9.1467557e-05     0.022475199       3.0091342      0.97491487     0.048639872       0.9943052      -24.280118       -24.280118       2459.9507                                                 2459.9507
              3       1205.5542      0.46193116       0.3054159    9.185582e-05     0.022752332       3.0071798      0.97682224      0.04411266      0.99805964      -24.280118       -24.280118       2459.6687                                                 2459.6687
              2       1205.5435      0.46305836      0.30547938   9.1872939e-05     0.022751989       3.0072201       0.9768258     0.044098935      0.99808445      -24.280118       -24.280118       2459.6472                                                 2459.6472
              6       1207.0643      0.52090794      0.30744712   9.2593629e-05     0.022740544       3.0035045      0.97852869     0.041267423      0.99960414      -24.280118       -24.280118       2462.6888                                                 2462.6888
              4       1206.6047      0.33309311      0.30116278   9.0599097e-05     0.022571921       2.9967928       0.9782444     0.034587906       1.0029139      -24.280118       -24.280118       2461.7696                                                 2461.7696
              4        1205.386      0.38681902      0.30330785    9.122062e-05     0.022618401       2.9843005      0.97464395     0.027028907       1.0032855      -24.280118       -24.280118       2459.3321                                                 2459.3321
              5        1202.995      0.32474845      0.30621991   9.1565617e-05     0.022493722       2.9837494      0.96862642     0.029787111      0.99963751      -24.280118       -24.280118       2454.5502                                                 2454.5502
             15       1202.8623       0.3428029      0.30707126   9.1788152e-05     0.022511545       2.9832604      0.96905186      0.02954091      0.99931309      -24.280118       -24.280118       2454.2848                                                 2454.2848
              6       1202.4681      0.34652122      0.30613521   9.1673267e-05     0.022489882       2.9834603      0.96952393     0.029949006      0.99927429      -24.280118       -24.280118       2453.4964                                                 2453.4964
             11       1203.2411      0.48120576      0.30953761   9.2961381e-05     0.022530343       2.9848733      0.96851419      0.03380419      0.99699699      -24.280118       -24.280118       2455.0424                                                 2455.0424
              9       1202.6406      0.44651839      0.30631415   9.2161667e-05     0.022533612        2.986971      0.97084051     0.034755596       0.9975189      -24.280118       -24.280118       2453.8414                                                 2453.8414
              1       1202.3583       0.4420025       0.3060886   9.2098572e-05     0.022521396       2.9896805      0.97038436     0.035126998      0.99844752      -24.280118       -24.280118       2453.2768                                                 2453.2768
              2       1202.3925      0.44036462       0.3057541   9.1985858e-05     0.022548032        2.993017       0.9706938     0.036868381      0.99847358      -24.280118       -24.280118       2453.3452                                                 2453.3452
              9       1202.3311      0.46552097      0.30487975   9.1826256e-05     0.022613855       3.0077351      0.97246195     0.044202539      0.99772977      -24.280118       -24.280118       2453.2224                                                 2453.2224
              6       1202.3324      0.51530653      0.30646324   9.2397853e-05     0.022607247       3.0037874      0.97319775     0.042451777      0.99777887      -24.280118       -24.280118       2453.2251                                                 2453.2251
              1       1202.4227      0.52146533       0.3058635   9.2304377e-05     0.022627261       3.0103926      0.97440075      0.04526702      0.99875811      -24.280118       -24.280118       2453.4057                                                 2453.4057
              1       1202.9001      0.56421612      0.30879854   9.2993142e-05     0.022655334        3.007358      0.97376935     0.044164024      0.99812085      -24.280118       -24.280118       2454.3604                                                 2454.3604
              1       1203.1161      0.62799141      0.31535737   9.4892452e-05     0.022458531       2.9980541      0.97125874     0.039287791      0.99817483      -24.280118       -24.280118       2454.7925                                                 2454.7925
              1         1203.31       0.6359842      0.31553059   9.5001535e-05     0.022430746       3.0027683      0.97147877     0.042031967       0.9982378      -24.280118       -24.280118       2455.1801                                                 2455.1801
              4       1203.7277      0.64086805      0.31528758   9.5003568e-05     0.022410454       2.9976711      0.97127369     0.040353465      0.99766217      -24.280118       -24.280118       2456.0157                                                 2456.0157
              2       1203.9157      0.43382799      0.31232069   9.3472595e-05     0.022312275       2.9938633      0.96890197     0.038182179      0.99687513      -24.280118       -24.280118       2456.3916                                                 2456.3916
              3        1205.167       0.5191311      0.31539824   9.4475123e-05      0.02229258       2.9949276      0.96612845     0.036751749      0.99888755      -24.280118       -24.280118       2458.8942                                                 2458.8942
              8       1204.0739      0.59556129      0.31619105   9.4889886e-05     0.022465749       2.9925062      0.96831671     0.032804363       1.0007189      -24.280118       -24.280118        2456.708                                                  2456.708
              3       1205.0055      0.62023759      0.31659577   9.5182804e-05     0.022452105       3.0017767      0.96773104     0.037322867       1.0018086      -24.280118       -24.280118       2458.5713                                                 2458.5713
              1       1204.5798      0.60381068      0.31606786   9.4967613e-05     0.022482811       3.0065011       0.9683515     0.039916646       1.0013507      -24.280118       -24.280118       2457.7198                                                 2457.7198
              4       1205.5235       0.6093208      0.31558598   9.4909872e-05     0.022514274       3.0036794      0.96790266     0.039305884       1.0011804      -24.280118       -24.280118       2459.6073                                                 2459.6073
              1       1205.7058      0.64972683      0.31750003   9.5440795e-05     0.022525482       2.9998935      0.96711827     0.038251591        1.000075      -24.280118       -24.280118       2459.9719                                                 2459.9719
              8        1205.982      0.67530174      0.31777679   9.5719101e-05     0.022468437       3.0003447      0.96734069     0.039266638      0.99979925      -24.280118       -24.280118       2460.5242                                                 2460.5242
              1       1206.0387      0.75652872       0.3176614   9.6100735e-05     0.022515743       3.0077426      0.97049464     0.044760709      0.99865826      -24.280118       -24.280118       2460.6377                                                 2460.6377
              2       1208.0762      0.76566612      0.31699987   9.6087212e-05     0.022520768       2.9907167      0.97249519     0.034190446        1.000818      -24.280118       -24.280118       2464.7127                                                 2464.7127
              2       1209.4745      0.73121523        0.314032   9.5351834e-05     0.022587756       3.0054425      0.97176444     0.043159361      0.99991471      -24.280118       -24.280118       2467.5093                                                 2467.5093
              1       1209.2058       0.7278982      0.31734986   9.6091502e-05     0.022463258       3.0047971       0.9710107     0.044338808       0.9984907      -24.280118       -24.280118       2466.9718                                                 2466.9718
              4       1209.1722      0.72955066      0.31737671   9.6104903e-05     0.022462742       3.0048253      0.97100574     0.044378189      0.99847117      -24.280118       -24.280118       2466.9046                                                 2466.9046
              2       1205.1799      0.37789825      0.30426474   9.1498599e-05     0.022534729       3.0027483      0.96611367     0.045018947      0.99500445      -24.280118       -24.280118         2458.92                                                   2458.92
              3       1205.2639      0.37713616      0.30468581   9.1529029e-05     0.022557998       3.0038456      0.96523322     0.044934711      0.99514847      -24.280118       -24.280118        2459.088                                                  2459.088
              2       1206.7718       0.3604518      0.30425965   9.1540821e-05     0.022524817       3.0016755      0.96452169     0.044226289      0.99485098      -24.280118       -24.280118       2462.1039                                                 2462.1039
              3       1206.8742      0.36312079      0.30399418   9.1503125e-05      0.02252884       3.0051754      0.96474498     0.046022929      0.99489658      -24.280118       -24.280118       2462.3087                                                 2462.3087
              1       1206.8829      0.36099585      0.30394763    9.148048e-05     0.022530978       3.0052655      0.96475337     0.046100338      0.99484495      -24.280118       -24.280118        2462.326                                                  2462.326
              2       1206.4291      0.36475877      0.30229265   9.1142467e-05     0.022548658       3.0070991      0.96730919     0.047442526      0.99392192      -24.280118       -24.280118       2461.4183                                                 2461.4183
              3       1204.2304      0.28120659      0.30268023   9.0897835e-05     0.022497886       2.9918653      0.96886272     0.037072267      0.99618463      -24.280118       -24.280118       2457.0211                                                 2457.0211
              6       1203.0169      0.30341875      0.30454674   9.1347023e-05      0.02244689        2.994066       0.9695085     0.038015711      0.99639911      -24.280118       -24.280118        2454.594                                                  2454.594
              1       1203.0709      0.25318855      0.30390538   9.0892079e-05     0.022476041       2.9921747      0.96997769     0.035052603      0.99766833      -24.280118       -24.280118       2454.7021                                                 2454.7021
              2       1203.1891      0.23834963       0.3041514   9.0928449e-05     0.022426835       2.9915654      0.96961167     0.034658302      0.99774804      -24.280118       -24.280118       2454.9385                                                 2454.9385
              4       1204.2399      0.30967166      0.30652401   9.1649643e-05      0.02249967       2.9926089      0.96964631     0.037750648      0.99516125      -24.280118       -24.280118         2457.04                                                   2457.04
              8       1204.8836      0.28486058      0.30716589   9.1700017e-05     0.022459739       2.9918082      0.96899335     0.037401294      0.99480745      -24.280118       -24.280118       2458.3275                                                 2458.3275
             10       1204.9759      0.30442569       0.3069246   9.1689719e-05     0.022488093       2.9899731      0.96796996     0.036225995      0.99470576      -24.280118       -24.280118        2458.512                                                  2458.512
              7       1204.5093      0.30607701       0.3068605   9.1684994e-05     0.022480308       2.9900201      0.96802816     0.036172965      0.99494667      -24.280118       -24.280118       2457.5788                                                 2457.5788
              1       1204.8871      0.26028791      0.30413569   9.0918614e-05     0.022428173       2.9939067      0.96703724     0.038494987      0.99471034      -24.280118       -24.280118       2458.3345                                                 2458.3345
              1       1206.6479      0.29978029      0.30362809   9.0871884e-05     0.022542348       2.9885432      0.96503004      0.03607919      0.99397779      -24.280118       -24.280118        2461.856                                                  2461.856
              1       1206.0968      0.29409595      0.30293496   9.0675601e-05     0.022571076       2.9910554      0.96528854     0.036697767      0.99470894      -24.280118       -24.280118       2460.7539                                                 2460.7539
              1       1207.1081       0.4172343      0.30736346   9.2190567e-05     0.022562912       2.9850012      0.96129931     0.030909407      0.99798816      -24.280118       -24.280118       2462.7764                                                 2462.7764
              1       1207.3921      0.43424455      0.30667607   9.2387658e-05     0.022508915       3.0027419      0.96795331     0.034104206       1.0045133      -24.280118       -24.280118       2463.3444                                                 2463.3444
              1       1207.4224      0.41565099      0.30495753    9.198416e-05     0.022534477       3.0011792      0.96853014     0.034325202       1.0039122      -24.280118       -24.280118       2463.4051                                                 2463.4051
              1       1208.8228      0.34718432      0.30535177    9.208215e-05     0.022295253       2.9959378      0.96633387     0.033059336       1.0033582      -24.280118       -24.280118       2466.2059                                                 2466.2059
              2       1210.1564      0.49488372       0.3097384   9.3723738e-05     0.022267263       2.9970823      0.96806538     0.036132366       1.0014535      -24.280118       -24.280118       2468.8731                                                 2468.8731
              1       1209.7134       0.5071984      0.31083984   9.3980917e-05     0.022269856       2.9966281      0.96824998     0.035889014        1.001549      -24.280118       -24.280118        2467.987                                                  2467.987
              2       1209.6106      0.58980643      0.30807552   9.3808167e-05     0.022226977       3.0058495      0.97218851     0.041668892        1.002624      -24.280118       -24.280118       2467.7815                                                 2467.7815
              6       1208.3165      0.59020218      0.31029223   9.4212652e-05      0.02225098       3.0058748      0.97266846     0.040999742       1.0027305      -24.280118       -24.280118       2465.1932                                                 2465.1932
              1       1207.2207      0.52791701      0.30643643    9.298665e-05     0.022342049       3.0221167      0.97543855      0.04885094       1.0034265      -24.280118       -24.280118       2463.0016                                                 2463.0016
              1       1206.7435      0.64498606      0.31124377    9.447989e-05     0.022323286       3.0175693      0.97563265     0.048720971       1.0013457      -24.280118       -24.280118       2462.0473                                                 2462.0473
              1       1205.1417      0.61170459       0.3127767   9.4498642e-05     0.022307282       3.0120588      0.97422695     0.044442552       1.0015371      -24.280118       -24.280118       2458.8436                                                 2458.8436
              3       1204.2342      0.58154643        0.311169   9.4027173e-05     0.022347958       3.0035111       0.9753374     0.041081732       1.0005103      -24.280118       -24.280118       2457.0286                                                 2457.0286
              6       1204.6056      0.58364908      0.31139385   9.4086393e-05     0.022339936       3.0035884      0.97580675     0.041154031       1.0005712      -24.280118       -24.280118       2457.7715                                                 2457.7715
              1        1203.476      0.48130191      0.30672855   9.2705391e-05     0.022390543       3.0069753      0.97498723     0.042900475       1.0003082      -24.280118       -24.280118       2455.5121                                                 2455.5121
              3       1203.5769      0.49369345       0.3069098   9.2761408e-05     0.022413833       3.0114646      0.97543332     0.044289489       1.0009989      -24.280118       -24.280118       2455.7141                                                 2455.7141
              1       1203.5304      0.43433897       0.3091694   9.2859672e-05     0.022372895       3.0112887      0.97131167     0.041417339       1.0028086      -24.280118       -24.280118       2455.6209                                                 2455.6209
              6        1205.604      0.48884449      0.30764552   9.2802283e-05      0.02256908       3.0086127      0.97110576     0.041653769       1.0022331      -24.280118       -24.280118       2459.7682                                                 2459.7682
              1       1207.1201      0.45314136      0.30884335   9.2947104e-05     0.022483609       2.9896591      0.96748217     0.033524805       1.0010515      -24.280118       -24.280118       2462.8005                                                 2462.8005
              2       1206.4473       0.3507603      0.30239141   9.1207484e-05     0.022533211       2.9710923       0.9696758     0.025693244        0.998787      -24.280118       -24.280118       2461.4549                                                 2461.4549
              6       1208.5472      0.48242601      0.30744597   9.2925925e-05     0.022459624       2.9641601      0.97220865     0.020542444       1.0007531      -24.280118       -24.280118       2465.6546                                                 2465.6546
              2       1207.5223       0.4758369      0.30785654   9.2965758e-05     0.022433563       2.9642118      0.97219033      0.02041606       1.0007993      -24.280118       -24.280118       2463.6049                                                 2463.6049
              8       1207.4216      0.38646874      0.31041148   9.2709296e-05     0.022532723       2.9427155        0.967966     0.011538358      0.99593029      -24.280118       -24.280118       2463.4035                                                 2463.4035
              1       1207.5108       0.3893793       0.3096935   9.2440139e-05     0.022553815       2.9551301      0.97026325     0.018045644      0.99514868      -24.280118       -24.280118       2463.5819                                                 2463.5819
              2       1207.1768      0.35372739      0.30739487   9.1931659e-05     0.022502441       2.9570572      0.97019379     0.019731603      0.99468953      -24.280118       -24.280118       2462.9139                                                 2462.9139
              7        1204.636      0.29235697      0.30995666   9.2292288e-05     0.022328533       2.9856701      0.96493929     0.029148008      0.99995647      -24.280118       -24.280118       2457.8322                                                 2457.8322
              1       1204.2594      0.28045928      0.30888592   9.2003933e-05     0.022348988       2.9885546      0.96564287     0.030648168      0.99992336      -24.280118       -24.280118        2457.079                                                  2457.079
              1       1204.2314      0.27391984       0.3081776   9.1777043e-05     0.022391245       2.9879383      0.96531326     0.030403474       0.9998579      -24.280118       -24.280118       2457.0229                                                 2457.0229
              1       1203.5552      0.28492082      0.30646428   9.1610961e-05     0.022369152       2.9890302      0.96612101     0.034843738      0.99715034      -24.280118       -24.280118       2455.6707                                                 2455.6707
              2       1205.0168       0.1680458      0.30142884   9.0100307e-05     0.022381525       2.9774995      0.96632759     0.029930625      0.99574102      -24.280118       -24.280118       2458.5939                                                 2458.5939
              3        1204.803      0.17980228      0.30164073   9.0162074e-05     0.022402973       2.9771221      0.96744578      0.03008708      0.99541025      -24.280118       -24.280118       2458.1662                                                 2458.1662
              1       1204.3797      0.25613738      0.30336855   9.0934113e-05     0.022432998        2.973261       0.9668245     0.027832851      0.99626901      -24.280118       -24.280118       2457.3197                                                 2457.3197
              1       1204.2938      0.24387684      0.30282828   9.0759134e-05     0.022432561       2.9718718      0.96633369     0.026409014      0.99704596      -24.280118       -24.280118       2457.1478                                                 2457.1478
              2       1204.4983      0.35884059      0.30609595   9.1981061e-05     0.022350749        2.973795      0.96606485     0.025637946      0.99851002      -24.280118       -24.280118       2457.5569                                                 2457.5569
              1       1205.0682      0.40745421       0.3057348   9.1950185e-05     0.022485999       2.9647373      0.97178705     0.020270291      0.99916741      -24.280118       -24.280118       2458.6965                                                 2458.6965
              4       1206.4121      0.37500112      0.30947127   9.2553171e-05     0.022426705       2.9516173      0.96914594     0.011550669      0.99992165      -24.280118       -24.280118       2461.3843                                                 2461.3843
              3       1204.7601      0.41538215      0.30757247   9.2406905e-05     0.022367141       2.9697027      0.97104354     0.021963425       1.0000496      -24.280118       -24.280118       2458.0805                                                 2458.0805
              1       1204.9014      0.42076434      0.30783799   9.2505471e-05     0.022357149       2.9698195      0.97154966     0.022323671      0.99983344      -24.280118       -24.280118       2458.3631                                                 2458.3631
              1       1205.0521      0.43449946      0.30775006   9.2488277e-05     0.022404969       2.9777779       0.9722264     0.025447395       1.0003155      -24.280118       -24.280118       2458.6645                                                 2458.6645
              3       1205.4659       0.1791439      0.30475203   9.0784827e-05     0.022341461       3.0007123      0.96931588     0.034778051       1.0021871      -24.280118       -24.280118       2459.4919                                                 2459.4919
              3       1205.8284      0.15332728      0.30379925   9.0484469e-05     0.022339547       3.0010438      0.96896681     0.034727308       1.0023011      -24.280118       -24.280118       2460.2171                                                 2460.2171
              4        1209.261     0.049036105      0.29950116   8.9155995e-05     0.022320379        3.008741      0.97033386     0.044164763      0.99690017      -24.280118       -24.280118       2467.0823                                                 2467.0823
              3       1208.1615      0.10163939      0.29989911   8.9651295e-05     0.022260151       3.0238357      0.97035121     0.051538613       0.9975745      -24.280118       -24.280118       2464.8831                                                 2464.8831
              3       1207.2681      0.24792635      0.30718267   9.1826987e-05     0.022128322       3.0113636      0.96753838     0.043337332      0.99969161      -24.280118       -24.280118       2463.0964                                                 2463.0964
              1       1207.5441      0.27948314      0.30729011   9.1967409e-05     0.022132452       3.0160312      0.96942321     0.046094191      0.99970744      -24.280118       -24.280118       2463.6484                                                 2463.6484
             11        1205.276      0.36665986      0.31005807    9.283041e-05     0.022213747       3.0143739      0.97018216     0.045026085      0.99974897      -24.280118       -24.280118       2459.1123                                                 2459.1123
              2       1206.7105      0.42799249      0.31199092   9.3611946e-05     0.022156216       3.0182201      0.97097736     0.047378274      0.99982997      -24.280118       -24.280118       2461.9812                                                 2461.9812
              2       1206.1046      0.47141689      0.31315928   9.4023079e-05     0.022175987       3.0165637      0.97052706     0.046525132       1.0000885      -24.280118       -24.280118       2460.7695                                                 2460.7695
              6        1206.569      0.45188675      0.31200832   9.3636186e-05     0.022265892       3.0308365      0.97048086     0.055313291       0.9984557      -24.280118       -24.280118       2461.6983                                                 2461.6983
              2       1207.6079      0.48691779       0.3122354   9.3832423e-05     0.022280304       3.0384984      0.97114171     0.056282357       1.0017582      -24.280118       -24.280118       2463.7761                                                 2463.7761
              5       1205.3453      0.44467432      0.31013687   9.3115285e-05     0.022373891       3.0329527      0.97198655      0.05317942       1.0016998      -24.280118       -24.280118       2459.2509                                                 2459.2509
              1       1206.7769      0.53700131      0.31357118   9.4465457e-05     0.022254021       3.0169882      0.97428867     0.048916619      0.99956062      -24.280118       -24.280118       2462.1141                                                 2462.1141
              1       1205.0639      0.51143389      0.31238524   9.4032059e-05     0.022323408       3.0042089      0.97361746     0.042365901       0.9994838      -24.280118       -24.280118        2458.688                                                  2458.688
              3       1206.2513      0.44517793      0.30719499     9.26619e-05     0.022324501       3.0100812      0.97512424     0.047363617      0.99872097      -24.280118       -24.280118       2461.0629                                                 2461.0629
             11       1206.9522      0.45508635      0.30904553    9.306996e-05     0.022309665       3.0129107      0.97236626     0.048650737      0.99873245      -24.280118       -24.280118       2462.4646                                                 2462.4646
              1       1206.9047      0.35673394      0.30594878   9.2060214e-05     0.022279474       3.0098029      0.96865775     0.046472827      0.99886997      -24.280118       -24.280118       2462.3696                                                 2462.3696
              2       1205.4357       0.3308487      0.30581119   9.1899235e-05     0.022288427       3.0119449      0.96887604     0.048363689      0.99719853      -24.280118       -24.280118       2459.4315                                                 2459.4315
              3       1206.5675      0.41725866      0.30889316   9.2997986e-05     0.022279271       3.0068676       0.9679471     0.046302786      0.99705614      -24.280118       -24.280118       2461.6951                                                 2461.6951
              1       1206.0415      0.35573036      0.30685283   9.2186955e-05     0.022250604       3.0191359       0.9674857     0.046997775       1.0016731      -24.280118       -24.280118       2460.6432                                                 2460.6432
              2       1206.0133      0.36696517      0.31053841   9.2777391e-05     0.022250206       3.0079269       0.9680201     0.042489722      0.99948361      -24.280118       -24.280118       2460.5869                                                 2460.5869
              7       1206.5482      0.31163399      0.30720431    9.201307e-05     0.022178525       3.0082127      0.97081642     0.043572924        0.998007      -24.280118       -24.280118       2461.6567                                                 2461.6567
              8       1205.8509      0.38237919      0.30954403    9.280262e-05     0.022200753       2.9993025      0.97043265     0.041741985      0.99563926      -24.280118       -24.280118       2460.2621                                                 2460.2621
              5       1205.9391      0.38070385      0.30963072    9.280627e-05     0.022202604       3.0003079      0.97057902      0.04225761      0.99557588      -24.280118       -24.280118       2460.4385                                                 2460.4385
              3       1205.8433      0.39004219      0.30974068   9.2846658e-05     0.022222738       2.9979296      0.97145151     0.041105837      0.99545768      -24.280118       -24.280118       2460.2468                                                 2460.2468
              4       1206.6315      0.34789382      0.30835709   9.2334273e-05     0.022209157       2.9978218      0.97128824     0.039744573       0.9964065      -24.280118       -24.280118       2461.8232                                                 2461.8232
              1       1204.9656      0.41154622      0.30741371   9.2309228e-05     0.022328318       2.9842735      0.97051825     0.033435725      0.99737427      -24.280118       -24.280118       2458.4914                                                 2458.4914
              2       1204.6678      0.53833108      0.31030168   9.3421501e-05     0.022401929       2.9904491      0.97274911      0.03774939       0.9969906      -24.280118       -24.280118       2457.8958                                                 2457.8958
              4       1203.5052      0.47057506       0.3096757    9.295807e-05     0.022435899       2.9964715      0.97294388      0.04068612      0.99628614      -24.280118       -24.280118       2455.5707                                                 2455.5707
              4       1204.4267      0.53375427      0.31183677    9.360379e-05      0.02246236       2.9935487      0.97313826     0.039382263      0.99518424      -24.280118       -24.280118       2457.4137                                                 2457.4137
              5       1203.8891       0.3981903      0.30993472   9.2524314e-05     0.022503949       3.0052605      0.96940637     0.038281208       1.0002013      -24.280118       -24.280118       2456.3383                                                 2456.3383
              2       1203.6038      0.42585313      0.31217648   9.3201438e-05     0.022443701       3.0047889      0.96878319      0.03790628       1.0007562      -24.280118       -24.280118       2455.7679                                                 2455.7679
              1       1203.0337      0.48917429      0.31128908   9.3275525e-05      0.02253298       3.0161225      0.96729566      0.04606157      0.99917593      -24.280118       -24.280118       2454.6276                                                 2454.6276
              3       1203.8288      0.53056973      0.31410835   9.4051156e-05     0.022491898       3.0209579      0.96861679     0.049478107      0.99853281      -24.280118       -24.280118       2456.2178                                                 2456.2178
             20       1203.5102      0.47392255      0.30947674   9.2859263e-05     0.022552692        3.025075      0.97145521     0.052503185      0.99832209      -24.280118       -24.280118       2455.5807                                                 2455.5807
              1       1203.3952       0.4876216      0.30978781   9.2996639e-05     0.022551972       3.0240254      0.97161087     0.051893665      0.99857024      -24.280118       -24.280118       2455.3507                                                 2455.3507
              8       1203.4208      0.48283322      0.30896941   9.2734331e-05     0.022622127       3.0238385      0.97249674     0.050926663      0.99902274      -24.280118       -24.280118       2455.4018                                                 2455.4018
              2       1203.1429      0.48117717      0.30873693   9.2680225e-05     0.022618724       3.0232398      0.97216912     0.050073904      0.99953867      -24.280118       -24.280118        2454.846                                                  2454.846
              1       1203.1817      0.56733672      0.31182007   9.3624075e-05     0.022662343       3.0079852      0.97192165     0.043298525      0.99885181      -24.280118       -24.280118       2454.9237                                                 2454.9237
              3       1202.9428      0.61860419      0.31362093   9.4466496e-05     0.022498061       3.0045803      0.97086416     0.043839689      0.99720327      -24.280118       -24.280118       2454.4458                                                 2454.4458
              4       1202.9447      0.61853707      0.31362246   9.4466508e-05     0.022498156       3.0045663      0.97087148     0.043839065      0.99719668      -24.280118       -24.280118       2454.4496                                                 2454.4496
              1        1202.688      0.55555811      0.31035813   9.3531772e-05     0.022527569       3.0069416      0.97065205     0.045449101      0.99677001      -24.280118       -24.280118       2453.9362                                                 2453.9362
              2       1203.2131      0.47861709      0.30492823   9.2014207e-05     0.022532398       3.0010454      0.97544203     0.042915603      0.99651593      -24.280118       -24.280118       2454.9864                                                 2454.9864
              8       1204.7026      0.39973732      0.30471251   9.1959176e-05     0.022305524       2.9838889      0.97311014     0.035173758      0.99645639      -24.280118       -24.280118       2457.9654                                                 2457.9654
              3       1204.2426       0.2006268      0.29888588   8.9650615e-05     0.022526395       3.0062406        0.967235     0.044123258      0.99714876      -24.280118       -24.280118       2457.0454                                                 2457.0454
              7       1204.4812      0.18346935      0.29791955   8.9372202e-05     0.022522423       3.0049072      0.96738046     0.043724679      0.99674666      -24.280118       -24.280118       2457.5226                                                 2457.5226
              3       1204.3426      0.28204204      0.30243812    9.082797e-05      0.02241072       3.0183182      0.97076899      0.05103135      0.99725913      -24.280118       -24.280118       2457.2454                                                 2457.2454
              4       1205.1612      0.34675511      0.31114761   9.2771022e-05     0.022319986       2.9926291      0.96778327     0.035820652      0.99844194      -24.280118       -24.280118       2458.8826                                                 2458.8826
              4       1205.1488      0.35386862      0.31124987   9.2831935e-05     0.022318417       2.9921113      0.96796627     0.035670986      0.99843562      -24.280118       -24.280118       2458.8578                                                 2458.8578
              4       1204.8034      0.42311046      0.31217389   9.3326984e-05     0.022333551       3.0113028      0.97056009     0.045582897      0.99852645      -24.280118       -24.280118       2458.1671                                                 2458.1671
              2       1205.6662      0.52468577      0.31601492   9.4480024e-05     0.022352684       2.9927179      0.97042144     0.036072695       0.9988407      -24.280118       -24.280118       2459.8926                                                 2459.8926
              3       1205.6582      0.59411585      0.31742933   9.5138391e-05     0.022334496       2.9952132      0.97198861     0.038141603       0.9982522      -24.280118       -24.280118       2459.8766                                                 2459.8766
              4       1203.1462      0.52574198      0.30969531   9.3056479e-05     0.022622539       2.9938914      0.97392786      0.03601274      0.99873979      -24.280118       -24.280118       2454.8527                                                 2454.8527
              1       1203.2981      0.53281511      0.31029237   9.3210863e-05     0.022609276       2.9917605       0.9740024     0.035165812      0.99851813      -24.280118       -24.280118       2455.1565                                                 2455.1565
              1       1206.0467      0.39116764      0.30283797   9.1449525e-05     0.022430365       2.9593458      0.96844547     0.017766303       1.0002408      -24.280118       -24.280118       2460.6536                                                 2460.6536
              5       1206.5752      0.40878462      0.30071054   9.1134234e-05     0.022428481       2.9662182      0.97045114     0.022586022      0.99963527      -24.280118       -24.280118       2461.7106                                                 2461.7106
              1       1207.9035       0.4278823      0.30163671   9.1428508e-05     0.022434164       2.9656495      0.96805247     0.023923016      0.99890972      -24.280118       -24.280118       2464.3671                                                 2464.3671
              2       1207.6657      0.44368913      0.30232163   9.1607106e-05     0.022442805       2.9659193      0.96789537     0.023582971      0.99930065      -24.280118       -24.280118       2463.8917                                                 2463.8917
              3       1206.4556      0.44397256      0.30329538   9.1729873e-05      0.02244112       2.9694578      0.96776382     0.026778652      0.99741526      -24.280118       -24.280118       2461.4714                                                 2461.4714
              2       1206.7361      0.45344242      0.30432566   9.1972599e-05     0.022450595       2.9656097      0.96685975     0.024762133      0.99716361      -24.280118       -24.280118       2462.0324                                                 2462.0324
              2       1206.6556      0.44381213      0.30379473   9.1832245e-05     0.022450288       2.9671898      0.96688223      0.02551308      0.99724354      -24.280118       -24.280118       2461.8714                                                 2461.8714
              2       1207.4017      0.39236283      0.30227542   9.1307618e-05     0.022440005       2.9606184      0.96592153      0.02146487      0.99748007      -24.280118       -24.280118       2463.3636                                                 2463.3636
              1       1206.6081      0.39388113      0.30220333   9.1307077e-05     0.022441913        2.961749      0.96722988      0.02200771      0.99744814      -24.280118       -24.280118       2461.7765                                                 2461.7765
              1       1207.7856      0.37034008      0.30184888    9.120473e-05     0.022400382       2.9590168      0.96690672     0.022436897        0.995767      -24.280118       -24.280118       2464.1315                                                 2464.1315
              7       1212.2988      0.24278659      0.29637749     8.91875e-05     0.022508114       2.9684616      0.96787479      0.02898148      0.99258938      -24.280118       -24.280118       2473.1578                                                 2473.1578
              1       1211.3493      0.26110905      0.29673802   8.9324458e-05     0.022525883       2.9722139      0.96754152     0.030271099      0.99311123      -24.280118       -24.280118       2471.2589                                                 2471.2589
              5       1211.6161      0.26660235      0.29518179   8.9012729e-05     0.022575598       2.9741463      0.96922279     0.031567253      0.99299935      -24.280118       -24.280118       2471.7924                                                 2471.7924
              2       1210.8776       0.2614365      0.29427934   8.8863309e-05      0.02257215       2.9751173      0.97026246     0.032107829      0.99331673      -24.280118       -24.280118       2470.3154                                                 2470.3154
              1       1209.6095      0.32226314      0.29793506   8.9909207e-05     0.022567638       2.9715429      0.96980143     0.030433683      0.99270713      -24.280118       -24.280118       2467.7793                                                 2467.7793
              1       1209.6175      0.32213601      0.29792398   8.9906572e-05     0.022567853       2.9715772       0.9697943     0.030459385      0.99270109      -24.280118       -24.280118       2467.7952                                                 2467.7952
              2       1210.0787      0.70003277      0.31334447   9.4453597e-05     0.022692819       2.9744038      0.97389504     0.032682531      0.99402432      -24.280118       -24.280118       2468.7177                                                 2468.7177
              3       1209.6556      0.67061703       0.3196454   9.5731116e-05     0.022455046       2.9965358      0.97276353     0.041780509      0.99591427      -24.280118       -24.280118       2467.8714                                                 2467.8714
              5       1209.7004      0.66969972      0.31959811   9.5712087e-05     0.022456462       2.9964433      0.97281084     0.041691769      0.99596183      -24.280118       -24.280118        2467.961                                                  2467.961
              2       1211.0881      0.70668809      0.32166884   9.6398323e-05     0.022405146       2.9868009      0.97230704     0.037990755      0.99499909      -24.280118       -24.280118       2470.7364                                                 2470.7364
              2       1210.4311      0.64760059      0.32059656   9.5904452e-05     0.022470559       2.9976083      0.97396885      0.04439646      0.99345468      -24.280118       -24.280118       2469.4225                                                 2469.4225
              2       1208.2019      0.54321941      0.31189679   9.3668822e-05     0.022557567       2.9974159      0.97371556     0.046131242      0.99109259      -24.280118       -24.280118        2464.964                                                  2464.964
              1        1207.696       0.7054876      0.31853816   9.5720476e-05     0.022545173       3.0131393      0.97190403     0.051174621      0.99321354      -24.280118       -24.280118       2463.9522                                                 2463.9522
              5       1206.1351      0.69509778      0.31912868   9.5786521e-05     0.022549075       3.0152842      0.97123643     0.049854234       0.9953499      -24.280118       -24.280118       2460.8305                                                 2460.8305
              4       1203.4825       0.6014133      0.31311903   9.4265495e-05     0.022504799       3.0123878      0.97203051     0.048754204      0.99614627      -24.280118       -24.280118       2455.5251                                                 2455.5251
              2       1203.3843      0.59901479      0.31299258   9.4231755e-05      0.02250023       3.0122323       0.9721872     0.048592522      0.99631288      -24.280118       -24.280118       2455.3289                                                 2455.3289
              1       1204.2608      0.52556223      0.31288427   9.3680152e-05     0.022548187       3.0033801      0.97012764     0.044396804      0.99490251      -24.280118       -24.280118       2457.0819                                                 2457.0819
              2       1205.3734      0.53458359      0.31373401   9.3917109e-05     0.022577412       2.9921115      0.97146856     0.039649024      0.99416125      -24.280118       -24.280118        2459.307                                                  2459.307
              5       1204.7563      0.51093586      0.31387585   9.3852405e-05     0.022562804       2.9930442      0.97096461     0.038806348      0.99513937      -24.280118       -24.280118       2458.0728                                                 2458.0728
              2       1204.8607      0.50572474      0.31422846   9.3871066e-05     0.022568822       2.9935099      0.97072947     0.038518918      0.99544568      -24.280118       -24.280118       2458.2816                                                 2458.2816
              1       1203.9015      0.39704584      0.30901049    9.235464e-05     0.022594383        2.989842      0.96973726     0.035889446      0.99588141      -24.280118       -24.280118       2456.3632                                                 2456.3632
              3       1204.6234      0.34165129      0.30768872   9.1872489e-05     0.022537121       2.9943029      0.97111697     0.038644352      0.99491504      -24.280118       -24.280118        2457.807                                                  2457.807
             14       1206.6039      0.30022315      0.30477303   9.1079338e-05     0.022590292       2.9983127      0.97214182     0.042403734      0.99315766      -24.280118       -24.280118        2461.768                                                  2461.768
              3       1206.3135      0.28708927      0.30464966   9.1051713e-05     0.022545884       3.0005276      0.97178815     0.043807992      0.99301703      -24.280118       -24.280118       2461.1871                                                 2461.1871
              6       1205.1985      0.27935969      0.30481235   9.1140499e-05     0.022479138       3.0011479      0.97165107     0.043555277      0.99383473      -24.280118       -24.280118       2458.9572                                                 2458.9572
              2       1203.8751      0.35371975      0.30764983   9.2182895e-05     0.022397253       2.9975667      0.97141153      0.04078088       0.9953113      -24.280118       -24.280118       2456.3104                                                 2456.3104
              1       1205.1845      0.30110678      0.30478689   9.1428549e-05     0.022289703       3.0113233      0.97117963      0.04780581      0.99556673      -24.280118       -24.280118       2458.9292                                                 2458.9292
              1       1205.9166      0.31408133      0.30579405   9.1652493e-05     0.022300242       2.9986533      0.96534308     0.042305767      0.99468532      -24.280118       -24.280118       2460.3934                                                 2460.3934
              2       1205.3264      0.30392333      0.30455722   9.1311747e-05     0.022334068       2.9979777      0.96539989     0.040946324      0.99550556      -24.280118       -24.280118        2459.213                                                  2459.213
              5       1205.3913       0.2847028      0.30213923   9.0785089e-05     0.022393814       3.0185645      0.96586412     0.049343075      0.99869173      -24.280118       -24.280118       2459.3428                                                 2459.3428
              1       1204.6744      0.33865342      0.30661843   9.1938307e-05     0.022335904       3.0151413       0.9665925     0.047713572      0.99845539      -24.280118       -24.280118        2457.909                                                  2457.909
              7       1207.0064      0.29701645      0.30654931    9.200707e-05     0.022238217       3.0147879      0.96543493     0.047664356      0.99869921      -24.280118       -24.280118        2462.573                                                  2462.573
              1       1206.4274       0.2586862      0.30352868   9.1282725e-05     0.022267569       3.0096638      0.96845357     0.046400791      0.99806087      -24.280118       -24.280118       2461.4151                                                 2461.4151
              1       1206.2598      0.59905953      0.30862513   9.3595854e-05     0.022535389       3.0023987      0.97114239     0.039699517       1.0018581      -24.280118       -24.280118       2461.0799                                                 2461.0799
              2       1206.2733       0.5992874      0.30864225   9.3600598e-05      0.02253533       3.0024282      0.97114126     0.039706453       1.0018675      -24.280118       -24.280118       2461.1068                                                 2461.1068
              2       1206.8756      0.53241758      0.30556601   9.2584837e-05     0.022638088       3.0076018      0.97065264     0.041518849        1.001863      -24.280118       -24.280118       2462.3115                                                 2462.3115
              3       1208.3784      0.61488217      0.31220918   9.4162444e-05     0.022627094       2.9847575      0.96652875     0.027192593       1.0026892      -24.280118       -24.280118        2465.317                                                  2465.317
              3       1207.4824      0.57674112      0.31465117   9.4394987e-05      0.02260544       2.9838753      0.96622905     0.025671409       1.0031786      -24.280118       -24.280118       2463.5251                                                 2463.5251
              1       1207.2876      0.68669767        0.318791   9.5769067e-05      0.02252705       2.9882914      0.96863744     0.027536566       1.0039797      -24.280118       -24.280118       2463.1354                                                 2463.1354
              1       1204.9875      0.46140055      0.30390431   9.1700733e-05      0.02273107       3.0002588       0.9734706     0.039615285      0.99945582      -24.280118       -24.280118       2458.5353                                                 2458.5353
             13       1203.7888      0.35117726      0.29988874   9.0451638e-05     0.022671546       3.0017832      0.97257318     0.040011548      0.99927927      -24.280118       -24.280118       2456.1379                                                 2456.1379
              2       1203.6382       0.3410987      0.29820528   9.0125066e-05     0.022583837        3.008253      0.97044156     0.045543907      0.99725954      -24.280118       -24.280118       2455.8367                                                 2455.8367
              3       1203.5827      0.31645236      0.29776323   8.9954095e-05     0.022545657       3.0060016       0.9696802     0.043632578      0.99803028      -24.280118       -24.280118       2455.7255                                                 2455.7255
              4       1204.4408      0.39981498        0.302766   9.1407784e-05      0.02246713       2.9903675      0.96720603     0.037883175      0.99624157      -24.280118       -24.280118       2457.4417                                                 2457.4417
              1       1204.3008      0.39578487      0.30353873   9.1513456e-05     0.022470131       2.9948491      0.96640266     0.039798484      0.99645197      -24.280118       -24.280118       2457.1619                                                 2457.1619
              1       1206.0336      0.44589233      0.30796451   9.2797491e-05     0.022328769       2.9690815      0.96814266     0.028282135      0.99541665      -24.280118       -24.280118       2460.6274                                                 2460.6274
              1       1206.1082      0.42912641      0.30862384   9.2844909e-05     0.022320131       2.9693692      0.96763293     0.028411285      0.99536655      -24.280118       -24.280118       2460.7767                                                 2460.7767
              1       1205.9254      0.42137779      0.30826667   9.2743515e-05     0.022319501       2.9700046      0.96782075     0.028665523      0.99544574      -24.280118       -24.280118        2460.411                                                  2460.411
              4       1205.8117      0.42887025      0.30855677   9.2832703e-05     0.022321324       2.9706124       0.9679734     0.028940757      0.99548495      -24.280118       -24.280118       2460.1836                                                 2460.1836
              9       1204.6813      0.39047299      0.30966069   9.2519629e-05     0.022476417       2.9592263      0.96740054     0.019113827       0.9970759      -24.280118       -24.280118       2457.9228                                                 2457.9228
              2       1205.7382      0.38153224      0.30897013   9.2220844e-05     0.022534537        2.958682      0.96757364     0.019730445      0.99601714      -24.280118       -24.280118       2460.0366                                                 2460.0366
              1       1205.6202      0.37482095      0.30946999   9.2293519e-05     0.022505383       2.9658886       0.9676675     0.023432761      0.99574146      -24.280118       -24.280118       2459.8007                                                 2459.8007
              6       1205.3418      0.48353874       0.3118351   9.3302965e-05     0.022475973       2.9681101      0.96928923     0.025384742      0.99595955      -24.280118       -24.280118       2459.2438                                                 2459.2438
              2       1205.2638      0.47621452      0.31186311   9.3318859e-05     0.022442019       2.9682105      0.96878811     0.025343383      0.99595905      -24.280118       -24.280118       2459.0877                                                 2459.0877
              1       1207.9764      0.44157533      0.31818699    9.450331e-05     0.022331686       2.9699754      0.96917587     0.025223315      0.99614125      -24.280118       -24.280118       2464.5131                                                 2464.5131
              5       1205.7105      0.39412739      0.31309468   9.3456905e-05     0.022299453       2.9964376       0.9722078     0.034753625       1.0013047      -24.280118       -24.280118       2459.9812                                                 2459.9812
              1       1205.3062      0.29148936      0.30892578   9.2164869e-05     0.022305486       3.0012777      0.97163829      0.03801459       1.0006402      -24.280118       -24.280118       2459.1727                                                 2459.1727
              9       1204.9926      0.28700997      0.30868379   9.2125595e-05     0.022299699       2.9992358       0.9713502      0.03729091       1.0003667      -24.280118       -24.280118       2458.5455                                                 2458.5455
              2       1207.2376      0.12723855      0.30138157   8.9966569e-05     0.022284935       2.9930087      0.96776206     0.037046989      0.99775678      -24.280118       -24.280118       2463.0354                                                 2463.0354
              2       1204.6857      0.18878259      0.29816158   8.9490662e-05     0.022432056       2.9880769      0.96993387     0.035508601      0.99697706      -24.280118       -24.280118       2457.9316                                                 2457.9316
              1         1205.06      0.14429238      0.29577776   8.8823999e-05     0.022462256       2.9916667      0.97021955     0.036506848      0.99786527      -24.280118       -24.280118       2458.6801                                                 2458.6801
              3       1205.2699      0.15428248      0.30013235   8.9996134e-05     0.022280632       2.9917998      0.97015124     0.035881462      0.99910316      -24.280118       -24.280118       2459.1001                                                 2459.1001
              1       1204.8771      0.18464356      0.29933089   9.0073576e-05     0.022287499       2.9924793      0.97101547     0.036673107      0.99887976      -24.280118       -24.280118       2458.3144                                                 2458.3144
              1       1204.8752      0.18302489      0.29928109   9.0055744e-05     0.022288367        2.992458      0.97101396     0.036662579      0.99887139      -24.280118       -24.280118       2458.3107                                                 2458.3107
              7       1203.9434      0.21094077      0.30187935    9.063231e-05     0.022298389       2.9933831      0.97094649     0.036519604      0.99868959      -24.280118       -24.280118       2456.4469                                                 2456.4469
              3       1204.3855      0.18715481      0.30097832   9.0373686e-05     0.022266936       2.9958592      0.97109266     0.038403712      0.99805125      -24.280118       -24.280118       2457.3313                                                 2457.3313
              1       1204.6241      0.18630627      0.30025496   9.0133214e-05       0.0222748       2.9940822      0.97181021     0.037022887      0.99866853      -24.280118       -24.280118       2457.8085                                                 2457.8085
              4       1204.4963      0.17724453      0.30033411   9.0053965e-05     0.022301452       2.9935594      0.97108057     0.036504821      0.99884643      -24.280118       -24.280118       2457.5527                                                 2457.5527
              9       1203.3442      0.42330688      0.30620533   9.2114804e-05     0.022507267       2.9806034      0.97401158     0.029934194      0.99903365      -24.280118       -24.280118       2455.2487                                                 2455.2487
              3       1203.6071      0.44034402       0.3067767   9.2311911e-05     0.022487025       2.9755636      0.97369343     0.026508514      0.99981172      -24.280118       -24.280118       2455.7744                                                 2455.7744
              2       1203.0104      0.39029766      0.30713789   9.2141581e-05     0.022452099       2.9771266      0.97149333     0.026347181       1.0001728      -24.280118       -24.280118       2454.5811                                                 2454.5811
              5        1205.751      0.50616023      0.31225459   9.3412896e-05     0.022536141       2.9819963      0.97272599     0.026232507       1.0011456      -24.280118       -24.280118       2460.0622                                                 2460.0622
              2       1205.7757      0.54336634      0.31412856   9.3994594e-05     0.022499318       2.9811995      0.97239235     0.026152244       1.0009846      -24.280118       -24.280118       2460.1116                                                 2460.1116
              1       1205.5904      0.53104824      0.31339555   9.3800693e-05     0.022504244       2.9801244      0.97273075     0.025960476       1.0006664      -24.280118       -24.280118       2459.7411                                                 2459.7411
              4       1204.0967      0.38965001      0.30313394   9.1448814e-05     0.022482934       2.9986756       0.9692271     0.034802756       1.0033315      -24.280118       -24.280118       2456.7537                                                 2456.7537
              1       1204.1112      0.34726294      0.30119011   9.0791539e-05      0.02252183       2.9996003      0.96931061     0.034981117       1.0034519      -24.280118       -24.280118       2456.7826                                                 2456.7826
              4       1206.7954      0.38799913      0.30085767   9.0893498e-05     0.022576365       3.0365797      0.97625022     0.054514121       1.0037025      -24.280118       -24.280118        2462.151                                                  2462.151
              2       1206.7246      0.38087052      0.30078056   9.0849026e-05     0.022567702       3.0368947      0.97613178     0.055054494       1.0033745      -24.280118       -24.280118       2462.0094                                                 2462.0094
              1       1206.6294       0.3746608      0.30054036   9.0768346e-05     0.022562292       3.0358321      0.97638482     0.054463652       1.0034235      -24.280118       -24.280118        2461.819                                                  2461.819
              1       1205.0054      0.36889739      0.29971646   9.0628892e-05     0.022529928       3.0267529      0.97416005     0.050211267       1.0031658      -24.280118       -24.280118        2458.571                                                  2458.571
              2       1204.9955      0.35898714      0.29948236   9.0495743e-05     0.022547973       3.0275968      0.97379941      0.05031674       1.0032652      -24.280118       -24.280118       2458.5511                                                 2458.5511
             11       1204.5411      0.48448724      0.30664455   9.2266047e-05     0.022612229       3.0023118      0.97150443     0.037229319       1.0031747      -24.280118       -24.280118       2457.6424                                                 2457.6424
              3       1205.8681       0.5444345      0.31286838   9.3814956e-05      0.02256055       3.0176987        0.966843     0.045209402       1.0022509      -24.280118       -24.280118       2460.2965                                                 2460.2965
              1       1206.0744      0.55237698      0.31327557   9.3930583e-05     0.022558198       3.0173302      0.96683766     0.044975552       1.0023369      -24.280118       -24.280118       2460.7089                                                 2460.7089
              9       1206.7873      0.31076543      0.29903339   8.9889077e-05     0.022729423       3.0263618      0.96648451      0.05055725       1.0003737      -24.280118       -24.280118       2462.1349                                                 2462.1349
              1       1206.8269      0.30428285      0.29882991   8.9825452e-05     0.022725333       3.0249773      0.96621001     0.049866075       1.0003297      -24.280118       -24.280118       2462.2141                                                 2462.2141
              4       1206.5535      0.29775663      0.29878449   8.9803686e-05     0.022714167       3.0250944      0.96636148     0.049837604       1.0003982      -24.280118       -24.280118       2461.6672                                                 2461.6672
              2       1206.6412      0.37031993      0.30565577   9.1397608e-05     0.022747389       3.0158162      0.96442673     0.044828864      0.99940429      -24.280118       -24.280118       2461.8426                                                 2461.8426
              1       1205.7504      0.41526486      0.30754206   9.1986106e-05     0.022741136       3.0029419      0.96526116     0.039809679      0.99799119      -24.280118       -24.280118        2460.061                                                  2460.061
              3        1205.521      0.57258331      0.31344795    9.418541e-05     0.022606586       3.0164929      0.96754781     0.047684667      0.99884793      -24.280118       -24.280118       2459.6022                                                 2459.6022
              8       1205.5286       0.5725147      0.31344141   9.4183884e-05     0.022606537       3.0164965       0.9675567     0.047681374      0.99885427      -24.280118       -24.280118       2459.6174                                                 2459.6174
              9       1205.4531      0.57856229      0.31356634   9.4232578e-05     0.022608765       3.0161913      0.96761806     0.047480233      0.99891279      -24.280118       -24.280118       2459.4664                                                 2459.4664
              2        1207.433       0.6159883      0.31421154   9.4783309e-05     0.022417954       3.0218987       0.9737108     0.044676166        1.005305      -24.280118       -24.280118       2463.4263                                                 2463.4263
              4       1207.0104      0.58880121      0.31147633   9.4131256e-05     0.022433237       3.0231988      0.97431678     0.045913148       1.0050573      -24.280118       -24.280118        2462.581                                                  2462.581
              1       1206.6278      0.30149032      0.30269771   9.0901712e-05     0.022535325       2.9936478      0.97201846     0.029505114        1.005567      -24.280118       -24.280118       2461.8158                                                 2461.8158
              2       1205.9421      0.29723699      0.30824284   9.2067237e-05     0.022282526       2.9723537      0.97009296      0.02428438       1.0002804      -24.280118       -24.280118       2460.4444                                                 2460.4444
              2       1206.3461      0.36549083      0.30981544   9.2760963e-05     0.022328207       2.9496725      0.97098226     0.016036369      0.99701567      -24.280118       -24.280118       2461.2524                                                 2461.2524
              3       1205.7705      0.38516976      0.30989923   9.2799241e-05     0.022406692       2.9498928      0.97067783     0.013469322      0.99943957      -24.280118       -24.280118       2460.1013                                                 2460.1013
              3       1207.0492      0.41335332      0.31180971   9.3322092e-05     0.022384169        2.948213      0.97156026     0.012421136       1.0000757      -24.280118       -24.280118       2462.6587                                                 2462.6587
              9       1207.2933      0.45054134      0.31369267   9.3814102e-05     0.022409959       2.9483052      0.97142267     0.012674142      0.99964382      -24.280118       -24.280118       2463.1468                                                 2463.1468
              3       1207.9796      0.46512702      0.31517355   9.4143699e-05     0.022420773       2.9440949      0.97101885     0.010771698      0.99920769      -24.280118       -24.280118       2464.5193                                                 2464.5193
              1       1205.7709      0.39313156       0.3093026   9.2627681e-05      0.02246139        2.953815      0.97123451     0.015803032      0.99949841      -24.280118       -24.280118       2460.1021                                                 2460.1021
              2        1206.848      0.23681595      0.30504166   9.1205527e-05     0.022441808       2.9508305      0.96969349     0.014214324      0.99942943      -24.280118       -24.280118       2462.2562                                                 2462.2562
              5       1206.5936      0.16835518      0.30399644    9.071115e-05     0.022365354       2.9451467      0.96901513     0.011928602      0.99860895      -24.280118       -24.280118       2461.7475                                                 2461.7475
              1       1206.4124      0.18330837      0.30734677   9.1376762e-05     0.022372509       2.9548604      0.96843102     0.016511595       0.9977591      -24.280118       -24.280118       2461.3851                                                 2461.3851
              1       1206.9228       0.2354249      0.31057204   9.2105851e-05     0.022406919       2.9489077      0.96600586     0.012398411      0.99831283      -24.280118       -24.280118       2462.4058                                                 2462.4058
              4       1206.8827      0.25822715      0.31193912   9.2567148e-05     0.022343284       2.9539138       0.9654113     0.012793609       1.0005389      -24.280118       -24.280118       2462.3255                                                 2462.3255
              1       1205.6687       0.2805145      0.31068124   9.2403895e-05     0.022340714       2.9557755      0.96783865     0.016420891      0.99804333      -24.280118       -24.280118       2459.8977                                                 2459.8977
              3        1206.386      0.29170183      0.31176071    9.264188e-05     0.022343397       2.9555123      0.96867862     0.016426235      0.99799665      -24.280118       -24.280118       2461.3322                                                 2461.3322
              7       1207.7298      0.36832078      0.31599992   9.3920032e-05     0.022239074       2.9480805       0.9680412     0.011558566      0.99920594      -24.280118       -24.280118       2464.0198                                                 2464.0198
              2       1207.2833      0.34594634      0.31545967    9.369059e-05      0.02225412       2.9547503      0.96718709     0.014630993      0.99922818      -24.280118       -24.280118       2463.1268                                                 2463.1268
              2       1207.9147         0.33887       0.3157491   9.3733947e-05     0.022223916       2.9538108       0.9664804     0.014040969      0.99938692      -24.280118       -24.280118       2464.3896                                                 2464.3896
             10       1207.2536      0.33721423      0.31438122   9.3417671e-05     0.022241283       2.9559066      0.96704337     0.016046669        0.998574      -24.280118       -24.280118       2463.0675                                                 2463.0675
              1        1206.654      0.12936513      0.30420951   9.0520929e-05     0.022443317       2.9699713      0.96544469     0.019595274        1.002065      -24.280118       -24.280118       2461.8683                                                 2461.8683
              2       1206.5142      0.14984395      0.30299023   9.0193438e-05     0.022582699       2.9721877      0.96475542     0.022494513      0.99929856      -24.280118       -24.280118       2461.5886                                                 2461.5886
              4       1206.3415      0.17433267      0.30291405   9.0238062e-05     0.022624421       2.9765573      0.96629666     0.024406056      0.99974258      -24.280118       -24.280118       2461.2433                                                 2461.2433
              1       1205.7166     0.091987849      0.30014873   8.9326467e-05     0.022601967       2.9921771       0.9667401     0.032779243      0.99929407      -24.280118       -24.280118       2459.9934                                                 2459.9934
              1       1205.8563     0.088434751      0.29958569   8.9202474e-05      0.02261637       2.9929279      0.96678072     0.033280619      0.99917602      -24.280118       -24.280118       2460.2728                                                 2460.2728
              1       1205.8667     0.089336406      0.29962289   8.9213287e-05     0.022617538         2.99289      0.96678042     0.033292217       0.9991617      -24.280118       -24.280118       2460.2936                                                 2460.2936
              6       1206.5591     0.033970937      0.30111432   8.9660905e-05     0.022371147       2.9805028      0.96459935     0.029517598      0.99734736      -24.280118       -24.280118       2461.6785                                                 2461.6785
              2       1207.7817     0.031097105      0.30050666   8.9475089e-05     0.022421775       2.9702265      0.96355553     0.025864102      0.99568191      -24.280118       -24.280118       2464.1237                                                 2464.1237
              1       1208.4646     0.025297949      0.30185158   8.9645315e-05     0.022455011        2.967442       0.9621128     0.022440978      0.99721509      -24.280118       -24.280118       2465.4894                                                 2465.4894
              3       1208.0949     0.045937047       0.2991831   8.8949657e-05     0.022632521       2.9764296      0.96453141     0.025776217       0.9976026      -24.280118       -24.280118       2464.7501                                                 2464.7501
              1        1208.419     0.043372498      0.29947589   8.8954482e-05     0.022645267       2.9809981      0.96409341     0.028561432      0.99706513      -24.280118       -24.280118       2465.3981                                                 2465.3981
              1       1207.3887     0.065603513      0.30280223    8.979385e-05     0.022531587       2.9762782      0.96307388     0.024565012      0.99895446      -24.280118       -24.280118       2463.3376                                                 2463.3376
              1       1204.9665      0.34955786      0.30423784   9.1083682e-05     0.022568751       3.0059078      0.97166928     0.045064555      0.99560096      -24.280118       -24.280118       2458.4932                                                 2458.4932
             12       1204.0516      0.48250209      0.30866645   9.2498962e-05     0.022624887       3.0002644      0.97346791      0.03998072      0.99746235      -24.280118       -24.280118       2456.6635                                                 2456.6635
              2        1203.869      0.47218113      0.30838654   9.2410217e-05     0.022626776       3.0012049      0.97346986     0.040398736      0.99745219      -24.280118       -24.280118       2456.2982                                                 2456.2982
              6       1204.2146       0.3426797      0.30552603   9.1332388e-05     0.022567637       2.9997078      0.96997502      0.03456484       1.0023755      -24.280118       -24.280118       2456.9894                                                 2456.9894
              1       1204.4778      0.30299952      0.30899619   9.2311691e-05     0.022338068       2.9992189      0.96467349     0.036605241       1.0001523      -24.280118       -24.280118       2457.5158                                                 2457.5158
              1       1204.9762      0.10454561      0.29580872   8.8931127e-05     0.022435318       3.0046861      0.97067586     0.041585069       0.9991887      -24.280118       -24.280118       2458.5127                                                 2458.5127
             19       1205.1573      0.10012105      0.30003051   8.9710541e-05     0.022374028        2.982302      0.96911124     0.027213588       1.0014322      -24.280118       -24.280118       2458.8748                                                 2458.8748
              1       1205.0782      0.10112288      0.30032877   8.9755924e-05     0.022378151       2.9801426      0.96909764     0.026389884       1.0011499      -24.280118       -24.280118       2458.7167                                                 2458.7167
              2       1205.0616      0.10608251      0.30046029    8.985074e-05     0.022346038       2.9777676       0.9693026     0.025821108       1.0006477      -24.280118       -24.280118       2458.6834                                                 2458.6834
              3       1204.3112      0.17890678      0.30028964   9.0029998e-05     0.022421657       2.9836487       0.9718064     0.028983057       1.0005507      -24.280118       -24.280118       2457.1826                                                 2457.1826
              1       1205.0621      0.17423903      0.30271487   9.0554963e-05     0.022327368       3.0000995      0.97132906     0.035452495       1.0021677      -24.280118       -24.280118       2458.6844                                                 2458.6844
              7        1203.921      0.24622024      0.30431282   9.1134242e-05     0.022409805       3.0124973      0.96789847      0.04487515      0.99920554      -24.280118       -24.280118       2456.4023                                                 2456.4023
              1       1203.9976      0.22760323      0.30371778   9.0926875e-05      0.02240726       3.0143918      0.96814214     0.045948958      0.99902817      -24.280118       -24.280118       2456.5554                                                 2456.5554
              2       1203.5775      0.16997629      0.30280432   9.0329632e-05     0.022451179       2.9937608      0.96905758      0.03490763      0.99910625      -24.280118       -24.280118       2455.7153                                                 2455.7153
              1       1203.7989      0.20335324      0.30352946   9.0576709e-05     0.022472751       3.0007968      0.96960029     0.037578856        1.000405      -24.280118       -24.280118       2456.1581                                                 2456.1581
              1       1203.7954      0.20102055      0.30335294   9.0534067e-05     0.022471034       3.0007847      0.96957965     0.037575631        1.000424      -24.280118       -24.280118       2456.1511                                                 2456.1511
              4       1204.3793      0.18917627      0.30430326   9.0648641e-05     0.022451272        2.999487      0.96802979      0.03669675       1.0002988      -24.280118       -24.280118       2457.3188                                                 2457.3188
              7       1203.6957      0.23550034      0.30500414   9.1028132e-05     0.022425341        3.005367      0.96908705     0.038476298       1.0014285      -24.280118       -24.280118       2455.9517                                                 2455.9517
              3       1203.2808      0.23273403      0.30396481   9.0820112e-05     0.022420903       3.0026037      0.96943768     0.038080356       1.0007555      -24.280118       -24.280118       2455.1218                                                 2455.1218
              5       1203.6465      0.24769833      0.30474969   9.0976426e-05     0.022470991       2.9954848      0.97058251     0.034292902       1.0009428      -24.280118       -24.280118       2455.8533                                                 2455.8533
              5        1203.541       0.2458788      0.30386835   9.0818325e-05     0.022468943       2.9964412      0.97127673     0.034573735       1.0012629      -24.280118       -24.280118       2455.6422                                                 2455.6422
              3       1203.4052      0.32568507      0.30790647   9.2059033e-05     0.022411899       3.0085005      0.97038278     0.039992821       1.0016504      -24.280118       -24.280118       2455.3707                                                 2455.3707
             14       1204.5723      0.37375618      0.30439437   9.1693203e-05     0.022476078       3.0094565      0.96907022     0.043072417      0.99888663      -24.280118       -24.280118       2457.7048                                                 2457.7048
              4       1203.8794      0.38373608      0.30442285   9.1755392e-05     0.022457348       3.0037994      0.97020965      0.03867515       1.0009361      -24.280118       -24.280118       2456.3191                                                 2456.3191
              2       1203.6981      0.37439258      0.30265835   9.1326032e-05     0.022497808       3.0105558      0.96995439      0.04297176        1.000221      -24.280118       -24.280118       2455.9564                                                 2455.9564
              3       1203.6475      0.35516106      0.30202238   9.1105578e-05     0.022498402       3.0110282       0.9699125     0.042985333       1.0003775      -24.280118       -24.280118       2455.8552                                                 2455.8552
              2       1204.4363      0.38984973      0.30278661   9.1425787e-05     0.022519181       2.9977632      0.97045248     0.037463329      0.99927848      -24.280118       -24.280118       2457.4329                                                 2457.4329
              2       1204.7336      0.43632424      0.30364181   9.1818499e-05     0.022512035       3.0026439      0.97284957     0.039556915       0.9999241      -24.280118       -24.280118       2458.0274                                                 2458.0274
              7        1205.145        0.540942      0.30515114    9.220831e-05     0.022724014        3.004592      0.97277584     0.038948076       1.0007806      -24.280118       -24.280118       2458.8503                                                 2458.8503
              1        1205.688      0.55642369      0.30339548   9.1955685e-05     0.022737083       3.0073523      0.97346295     0.040410059       1.0013712      -24.280118       -24.280118       2459.9362                                                 2459.9362
              2       1205.1157      0.36432331      0.29809286   9.0074888e-05     0.022611295       2.9934496      0.97064702     0.034290836        1.000223      -24.280118       -24.280118       2458.7916                                                 2458.7916
              2       1205.0072      0.36527644      0.29817936   9.0086044e-05     0.022618043       2.9929848      0.97067961     0.034163305       1.0001617      -24.280118       -24.280118       2458.5746                                                 2458.5746
              2       1205.1858       0.3684648      0.29775762    9.003501e-05     0.022604601       2.9926626      0.97116329     0.034434413      0.99994165      -24.280118       -24.280118       2458.9318                                                 2458.9318
              5       1205.8143       0.4162283      0.29789795   9.0188317e-05     0.022696067       2.9939882      0.97340753     0.035534579      0.99962492      -24.280118       -24.280118       2460.1888                                                 2460.1888
              2       1205.3239      0.42240958      0.29795503   9.0279248e-05     0.022678294       2.9979988      0.97398331     0.037233308       1.0002322      -24.280118       -24.280118        2459.208                                                  2459.208
              3        1205.562      0.44449573      0.29838316   9.0432261e-05     0.022718045        2.997783      0.97391264     0.037095578       1.0003196      -24.280118       -24.280118       2459.6843                                                 2459.6843
              6       1205.8027      0.50459585      0.30341011   9.1882427e-05     0.022562953       2.9756536      0.96928169     0.026603469        1.000386      -24.280118       -24.280118       2460.1656                                                 2460.1656
             11       1206.1341      0.39111158       0.2992215   9.0520858e-05     0.022581898       2.9703355      0.97018304     0.024907416      0.99959158      -24.280118       -24.280118       2460.8285                                                 2460.8285
              1       1204.8138      0.46369005      0.30302426   9.1614577e-05     0.022593699       2.9798143      0.97219194      0.02787156       1.0015707      -24.280118       -24.280118       2458.1879                                                 2458.1879
              2       1204.1674      0.43166277      0.30432892   9.1720011e-05      0.02255906       2.9754592      0.97130459     0.025804171       1.0010314      -24.280118       -24.280118       2456.8951                                                 2456.8951
              2        1206.294      0.58035741      0.30688371   9.2921844e-05     0.022545386       2.9780841       0.9728121     0.025170942       1.0034105      -24.280118       -24.280118       2461.1483                                                 2461.1483
              1       1205.5424      0.56014637      0.30428655   9.2268434e-05     0.022539601       2.9867562      0.97575079     0.032221831       1.0008365      -24.280118       -24.280118        2459.645                                                  2459.645
              4       1205.9189      0.63623537      0.30656207   9.3072471e-05     0.022560886       2.9889514       0.9766384     0.034448607       1.0002077      -24.280118       -24.280118       2460.3981                                                 2460.3981
              3       1206.0715      0.63356319      0.30626051   9.3013055e-05     0.022557717       2.9877841      0.97670716     0.034037006       1.0001219      -24.280118       -24.280118       2460.7033                                                 2460.7033
              2       1205.8961        0.636116      0.30406942   9.2608727e-05     0.022640137       2.9989656      0.97634885     0.039714403       1.0005812      -24.280118       -24.280118       2460.3524                                                 2460.3524
              1       1206.2561      0.70131118      0.30889845   9.3931908e-05     0.022595251       2.9956095      0.97567619       0.0364022       1.0020831      -24.280118       -24.280118       2461.0724                                                 2461.0724
              9       1207.0736      0.70529127      0.31080053   9.4490609e-05      0.02247161       2.9910524       0.9735125     0.036913462       1.0000615      -24.280118       -24.280118       2462.7074                                                 2462.7074
              7        1208.513      0.73193436      0.31256259   9.5033974e-05     0.022423317       2.9939325      0.97325626     0.039236402      0.99967006      -24.280118       -24.280118       2465.5863                                                 2465.5863
              2       1210.2159      0.63607067      0.30569926   9.2956616e-05     0.022642836       2.9889139       0.9686254     0.040945704      0.99352064      -24.280118       -24.280118       2468.9921                                                 2468.9921
              1       1210.5194      0.62659575      0.30593755   9.2975757e-05      0.02261134       2.9744502      0.96836607      0.03282474      0.99396707      -24.280118       -24.280118       2469.5991                                                 2469.5991
              1       1208.7456      0.65187743       0.3084067   9.3670257e-05     0.022541473       2.9836778      0.96783064     0.036666041      0.99515055      -24.280118       -24.280118       2466.0515                                                 2466.0515
              1       1208.1951      0.54982848      0.30859744    9.338976e-05     0.022410335       2.9668414       0.9660331     0.025678856      0.99699593      -24.280118       -24.280118       2464.9505                                                 2464.9505
              1       1208.4264      0.64510665      0.31910521   9.5634749e-05     0.022434253       2.9620288      0.96469092     0.022151408       0.9958743      -24.280118       -24.280118        2465.413                                                  2465.413
              8       1207.7665      0.62009482      0.31808114   9.5284891e-05     0.022444128       2.9650297      0.96444744     0.023082212      0.99626007      -24.280118       -24.280118       2464.0932                                                 2464.0932
              1       1208.4356      0.55461129      0.31070905   9.3554912e-05     0.022406441       2.9876637      0.96742345     0.039426735      0.99224341      -24.280118       -24.280118       2465.4313                                                 2465.4313
              4       1206.4513      0.52591441      0.30901098   9.3112467e-05     0.022434391       2.9942371       0.9687888     0.042610917      0.99256978      -24.280118       -24.280118       2461.4629                                                 2461.4629
              1       1205.8291      0.55947817      0.31103858   9.3681803e-05     0.022419549       2.9960541      0.96840541     0.042767219      0.99345561      -24.280118       -24.280118       2460.2184                                                 2460.2184
              1        1205.283      0.51269671      0.31105929   9.3473285e-05     0.022416356       3.0000992      0.96796701     0.044130087      0.99346081      -24.280118       -24.280118       2459.1263                                                 2459.1263
              2       1205.5974      0.50787245      0.31079236   9.3303398e-05     0.022480095        3.000331      0.96758064     0.044503482      0.99302559      -24.280118       -24.280118       2459.7551                                                 2459.7551
              5        1205.999      0.48628031      0.30994298   9.3084567e-05     0.022463252       3.0008073      0.96673698     0.045215099      0.99272315      -24.280118       -24.280118       2460.5582                                                 2460.5582
              4        1205.992      0.36427994      0.30680278   9.2015805e-05      0.02232655       3.0109459      0.96675855     0.047503865      0.99493118      -24.280118       -24.280118       2460.5442                                                 2460.5442
              2       1205.3227      0.37564118      0.30932711   9.2809124e-05     0.022254632       3.0206569      0.96736383     0.050074907      0.99829649      -24.280118       -24.280118       2459.2056                                                 2459.2056
              2       1203.9985      0.23381268      0.30455124   9.1027923e-05     0.022399773       3.0111251      0.97135528      0.04454026      0.99796665      -24.280118       -24.280118       2456.5571                                                 2456.5571
              5       1204.8024      0.24063733      0.30511613   9.1204068e-05     0.022411901        2.998994      0.96891815     0.033184782        1.003176      -24.280118       -24.280118       2458.1649                                                 2458.1649
             13       1207.3662      0.28108207      0.30523571   9.1188183e-05     0.022481608       3.0176146      0.97096198     0.039565973       1.0055669      -24.280118       -24.280118       2463.2926                                                 2463.2926
              1       1203.5635      0.19190581      0.30252818   9.0366622e-05     0.022437143       2.9939292       0.9680045     0.032687527       1.0006842      -24.280118       -24.280118       2455.6872                                                 2455.6872
              1       1203.5641      0.19223339      0.30236696   9.0326917e-05     0.022440733       2.9937127      0.96807061     0.032631586       1.0006631      -24.280118       -24.280118       2455.6884                                                 2455.6884
              3       1205.1434      0.13520612      0.30290068   9.0053946e-05     0.022504228       3.0024899       0.9684688     0.038644691      0.99910258      -24.280118       -24.280118        2458.847                                                  2458.847
              1       1207.7536     0.086501728      0.30213977   8.9612906e-05     0.022552533       3.0061141      0.96940755     0.042341846      0.99661264      -24.280118       -24.280118       2464.0674                                                 2464.0674
             11       1209.1715      0.14711769      0.30514967   9.0554375e-05     0.022461936       3.0263697      0.97027407     0.052217217      0.99729413      -24.280118       -24.280118       2466.9032                                                 2466.9032
              2        1208.078     0.066623414      0.30141756   8.9550888e-05     0.022474485       3.0008511      0.97335517     0.039533218      0.99765067      -24.280118       -24.280118       2464.7163                                                 2464.7163
              1       1205.6266      0.24417975      0.30154636   9.0272855e-05     0.022609806        3.002247       0.9755625     0.039052429       0.9992593      -24.280118       -24.280118       2459.8134                                                 2459.8134
              1       1205.7648      0.22015265      0.30119864   8.9923517e-05     0.022668209       2.9821912      0.97241722     0.030113284      0.99769672      -24.280118       -24.280118       2460.0897                                                 2460.0897
              1       1205.8147      0.21343477      0.30093845   8.9826802e-05     0.022653173       2.9813946      0.97184845     0.030037627      0.99724021      -24.280118       -24.280118       2460.1897                                                 2460.1897
              1       1206.1699      0.22107671      0.30010693   8.9690227e-05     0.022663686       2.9826999      0.97311498     0.031472784      0.99678411      -24.280118       -24.280118       2460.9001                                                 2460.9001
              1       1204.8877      0.22932489      0.29905434   8.9690259e-05     0.022563378       2.9891838      0.97446051     0.032600972      0.99921652      -24.280118       -24.280118       2458.3356                                                 2458.3356
              1       1204.7076      0.23227465      0.29837067   8.9621336e-05     0.022560561       2.9841555      0.97408286     0.030895067      0.99862983      -24.280118       -24.280118       2457.9755                                                 2457.9755
              2       1202.2071      0.41065017      0.30244821   9.1336396e-05     0.022537552       3.0096349      0.97289611     0.044557124      0.99942494      -24.280118       -24.280118       2452.9743                                                 2452.9743
              2       1202.0745       0.5168886      0.30678832   9.2644429e-05     0.022540163       3.0036163      0.97335129     0.041284457      0.99963133      -24.280118       -24.280118       2452.7092                                                 2452.7092
              3       1201.8814      0.48753536      0.30634769   9.2427093e-05     0.022515243       3.0016984      0.97254206     0.040033816      0.99982321      -24.280118       -24.280118        2452.323                                                  2452.323
             14       1202.1208      0.45988924      0.30567742   9.2202526e-05      0.02249288       3.0079943      0.97347199     0.044136755       0.9993301      -24.280118       -24.280118       2452.8018                                                 2452.8018
              2       1201.6807      0.46278719      0.30576067   9.2180733e-05     0.022506257       3.0042802      0.97233858     0.042276776      0.99873587      -24.280118       -24.280118       2451.9217                                                 2451.9217
              4       1202.4694      0.56621611      0.30743785   9.2985942e-05     0.022526885       3.0067092      0.97392076     0.044576901      0.99825533      -24.280118       -24.280118        2453.499                                                  2453.499
              5       1202.5469      0.56048033       0.3064078   9.2750159e-05      0.02255634       3.0048723      0.97393984      0.04362917      0.99836293      -24.280118       -24.280118       2453.6539                                                 2453.6539
              1       1202.7338      0.57507629      0.30729273   9.2942799e-05     0.022584943       3.0084512      0.97331277     0.046016507      0.99784061      -24.280118       -24.280118       2454.0277                                                 2454.0277
              3       1203.0152      0.51831476      0.30544086   9.2334204e-05     0.022627025       3.0160059      0.97403105     0.048652952      0.99880688      -24.280118       -24.280118       2454.5906                                                 2454.5906
              1       1203.1797      0.54950412      0.30621468   9.2587194e-05      0.02264886       3.0203357      0.97415488     0.049852561      0.99971403      -24.280118       -24.280118       2454.9197                                                 2454.9197
              3       1202.9447      0.54907453      0.30651133   9.2652649e-05     0.022640179       3.0176954      0.97376385     0.048159483      0.99998114      -24.280118       -24.280118       2454.4497                                                 2454.4497
              2       1204.4033      0.37447908       0.3008143   9.0643006e-05     0.022710388       3.0244929      0.97044872     0.050311677       1.0001173      -24.280118       -24.280118       2457.3669                                                 2457.3669
              7       1204.3902      0.37268432      0.30077135    9.062446e-05     0.022709856       3.0245769      0.97049578     0.050349004       1.0000856      -24.280118       -24.280118       2457.3407                                                 2457.3407
              9       1208.8298         0.43531      0.29716711   9.0181273e-05     0.022802881       3.0298581      0.97748788     0.050906468       1.0033351      -24.280118       -24.280118       2466.2199                                                 2466.2199
              3       1209.2232      0.44498445      0.29638052   9.0060101e-05     0.022817539       3.0295725      0.97767609     0.051125051       1.0031149      -24.280118       -24.280118       2467.0067                                                 2467.0067
              5       1206.2218      0.64555821       0.3070731    9.318966e-05     0.022576177       3.0168326      0.97640176     0.044506179       1.0027463      -24.280118       -24.280118       2461.0039                                                 2461.0039
              2        1206.379       0.7204427      0.31207836   9.4445566e-05     0.022605404       3.0041489      0.97741227     0.039538149       1.0014206      -24.280118       -24.280118       2461.3183                                                 2461.3183
              1       1207.3913      0.70244661       0.3108957   9.4083627e-05     0.022647002       3.0075188      0.98071636     0.044487486      0.99861805      -24.280118       -24.280118       2463.3429                                                 2463.3429
              2        1207.184      0.67044632      0.30931939   9.3564763e-05      0.02268202       3.0110881      0.98027513     0.046463931      0.99802099      -24.280118       -24.280118       2462.9282                                                 2462.9282
              1       1206.2785      0.61068814      0.30870305   9.3251215e-05     0.022594894       3.0047512      0.97931897     0.044169397      0.99696435      -24.280118       -24.280118       2461.1172                                                 2461.1172
              3       1205.8134      0.54105388      0.30400566   9.2175282e-05     0.022524205       3.0265578      0.97906714     0.055365811      0.99818396      -24.280118       -24.280118        2460.187                                                  2460.187
              1       1205.9017      0.55939923      0.30200453   9.1840413e-05     0.022592878       3.0122963      0.97751136     0.050727822      0.99643075      -24.280118       -24.280118       2460.3637                                                 2460.3637
              3       1206.2648      0.58777527      0.30292786   9.2218823e-05     0.022563656       3.0061631      0.97751872     0.047676502      0.99687624      -24.280118       -24.280118       2461.0898                                                 2461.0898
              4       1206.0528      0.56407788      0.30181314   9.1880337e-05     0.022584403       3.0063539      0.97773776     0.047318672      0.99729735      -24.280118       -24.280118       2460.6659                                                 2460.6659
              2       1208.3691      0.56942273      0.30017745   9.1622218e-05     0.022610382       3.0059361      0.97893034      0.04913941      0.99562565      -24.280118       -24.280118       2465.2985                                                 2465.2985
              3       1207.2309      0.54247466      0.29953711   9.1230745e-05      0.02273678       3.0058857      0.97507089     0.045568101      0.99866463      -24.280118       -24.280118       2463.0221                                                 2463.0221
              1       1207.0688      0.53104545      0.29963306   9.1146579e-05     0.022748471        3.007465      0.97524684     0.046744994       0.9982438      -24.280118       -24.280118       2462.6978                                                 2462.6978
              2       1207.2316      0.61303328       0.3030624   9.2173017e-05     0.022754287       3.0075791      0.97427959     0.047527568      0.99743515      -24.280118       -24.280118       2463.0234                                                 2463.0234
              2       1208.6572      0.61023982      0.30160336   9.1881595e-05     0.022785248       3.0164951      0.97488997     0.052578487      0.99713784      -24.280118       -24.280118       2465.8747                                                 2465.8747
              1        1208.371       0.6163309      0.30141378   9.1886229e-05     0.022770173       3.0262009      0.97629992     0.057096481      0.99730382      -24.280118       -24.280118       2465.3022                                                 2465.3022
              3        1208.203       0.5818174        0.301636   9.1695611e-05      0.02281445       3.0286272      0.97643254     0.057826342      0.99726855      -24.280118       -24.280118       2464.9662                                                 2464.9662
              2       1207.0577      0.73188916      0.31386351   9.5090482e-05     0.022581959       3.0236824      0.97538857     0.052816209       1.0002824      -24.280118       -24.280118       2462.6756                                                 2462.6756
              6       1206.2514      0.61935331       0.3118461   9.4096101e-05     0.022551132       3.0205771      0.97297906     0.045143231         1.00505      -24.280118       -24.280118        2461.063                                                  2461.063
              1       1204.5145      0.56269487      0.31116386   9.3613267e-05     0.022537781       3.0200335      0.97298586      0.04474649       1.0040847      -24.280118       -24.280118       2457.5893                                                 2457.5893
              3       1205.2835      0.57040339      0.31004375   9.3110653e-05     0.022749062       3.0189597      0.97157561     0.045339373       1.0023638      -24.280118       -24.280118       2459.1272                                                 2459.1272
              1       1206.1101      0.59633966      0.31137711   9.3430324e-05     0.022784839       3.0175649      0.97200596     0.044301659       1.0024072      -24.280118       -24.280118       2460.7804                                                 2460.7804
              1       1205.0614       0.5382824      0.30840142   9.2611609e-05     0.022778198       3.0114077      0.97375719     0.041849267       1.0017925      -24.280118       -24.280118        2458.683                                                  2458.683
              5       1205.3865      0.57378443      0.31014672   9.3237876e-05     0.022750603       3.0041989      0.97342919     0.037765832       1.0027819      -24.280118       -24.280118       2459.3332                                                 2459.3332
              1       1205.1377      0.33619518      0.29914663   9.0006113e-05     0.022759988       2.9960131      0.97356308     0.038288346       0.9985368      -24.280118       -24.280118       2458.8357                                                 2458.8357
              2       1205.1546      0.33710644       0.2995373   9.0100298e-05     0.022744823       2.9923655      0.97381556     0.036451884      0.99857324      -24.280118       -24.280118       2458.8694                                                 2458.8694
              3       1205.0647      0.46652642      0.30382879   9.1545338e-05     0.022671907       2.9876253      0.97259662     0.036984139      0.99607511      -24.280118       -24.280118       2458.6897                                                 2458.6897
             10       1204.7852      0.45400703      0.30347337   9.1419553e-05     0.022656984       2.9895571      0.97268871     0.037589689      0.99641172      -24.280118       -24.280118       2458.1306                                                 2458.1306
              4       1202.7706      0.42275337      0.30280023   9.1326344e-05     0.022534837       2.9999795      0.97151467      0.04161617       0.9974554      -24.280118       -24.280118       2454.1013                                                 2454.1013
              1       1202.9909      0.35765956      0.30488292   9.1347555e-05      0.02256077        2.994808       0.9684259     0.033704844       1.0010649      -24.280118       -24.280118       2454.5419                                                 2454.5419
              1       1203.4115      0.35303643      0.30548053   9.1429076e-05     0.022538677       2.9937816       0.9679016     0.033216017       1.0009024      -24.280118       -24.280118       2455.3832                                                 2455.3832
              2       1203.8626      0.30219283       0.3051144   9.1139428e-05     0.022535311       2.9879068      0.96586541     0.031588906      0.99902253      -24.280118       -24.280118       2456.2854                                                 2456.2854
              9       1203.4332      0.39688566      0.30761044   9.2054726e-05     0.022549853        2.983831      0.96650894      0.02983393      0.99880753      -24.280118       -24.280118       2455.4266                                                 2455.4266
              7       1205.3396      0.27506875      0.30445311   9.0844556e-05     0.022571156       2.9665832      0.96981123     0.020375096      0.99878927      -24.280118       -24.280118       2459.2395                                                 2459.2395
              4       1204.8256      0.46907911       0.3025133   9.1200107e-05     0.022754591       3.0110727      0.97583698     0.042501694       1.0010584      -24.280118       -24.280118       2458.2115                                                 2458.2115
              5       1204.0882      0.49870008      0.30424199   9.1871353e-05     0.022656413       3.0140839      0.97760238     0.046567755      0.99909461      -24.280118       -24.280118       2456.7366                                                 2456.7366
              2       1204.1152      0.23045813      0.29710897   8.9381715e-05      0.02258403       2.9969965       0.9726675     0.040624228      0.99603864      -24.280118       -24.280118       2456.7906                                                 2456.7906
              2       1203.7187      0.24478165      0.30010856   9.0012132e-05      0.02259033       3.0023858      0.96937997     0.042122504      0.99612289      -24.280118       -24.280118       2455.9977                                                 2455.9977
              6       1203.7124      0.24655176      0.30015903   9.0033724e-05     0.022589258       3.0024425      0.96939512     0.042200401      0.99609639      -24.280118       -24.280118       2455.9849                                                 2455.9849
              2       1205.2085      0.28611594      0.29905242   8.9858858e-05     0.022668161       3.0051269      0.97049574     0.042196351      0.99677576      -24.280118       -24.280118       2458.9772                                                 2458.9772
              2       1205.4572       0.2597994      0.30048715   9.0227724e-05     0.022562238       2.9977348       0.9688428     0.033889873       1.0010754      -24.280118       -24.280118       2459.4746                                                 2459.4746
              2       1205.8216      0.25985246      0.30075802   9.0359377e-05     0.022516517       2.9936933      0.96860247     0.033045035      0.99985977      -24.280118       -24.280118       2460.2034                                                 2460.2034
              1       1206.7768      0.28237088      0.30029907   9.0325727e-05     0.022566355       3.0035531       0.9681786     0.037965751      0.99974801      -24.280118       -24.280118       2462.1137                                                 2462.1137
              5       1206.7446      0.21848092      0.29799584   8.9591032e-05     0.022559159       3.0080311      0.96876527      0.04081803      0.99913868      -24.280118       -24.280118       2462.0494                                                 2462.0494
              3       1208.0294      0.27779494      0.29859982   9.0000713e-05     0.022589065       3.0104456      0.97138936     0.042637565      0.99892762      -24.280118       -24.280118       2464.6191                                                 2464.6191
              1       1208.2641      0.26536071      0.29819487   8.9863623e-05     0.022593975        3.010209      0.97104188     0.042345506      0.99901916      -24.280118       -24.280118       2465.0884                                                 2465.0884
              3       1207.9017      0.26515285      0.29822543   8.9868251e-05      0.02259288       3.0089496      0.97084876     0.041969844      0.99881634      -24.280118       -24.280118       2464.3636                                                 2464.3636
              1       1207.9634       0.2761183      0.29848521   8.9944046e-05     0.022605363        3.009623      0.97073429     0.042235988      0.99881723      -24.280118       -24.280118       2464.4871                                                 2464.4871
             13       1208.5877      0.28486844      0.29813497   8.9932413e-05     0.022607766       3.0103012      0.97084995     0.043099689      0.99841045      -24.280118       -24.280118       2465.7357                                                 2465.7357
              2         1208.65      0.25675089       0.2976786    8.975578e-05      0.02258068       3.0084711      0.97034387      0.04211966      0.99839194      -24.280118       -24.280118       2465.8603                                                 2465.8603
              5       1208.5303      0.24780113      0.29755084   8.9686798e-05     0.022612617       3.0136741      0.96847989     0.044266054      0.99904109      -24.280118       -24.280118       2465.6207                                                 2465.6207
              2       1207.9853      0.39973494      0.29988796   9.0931779e-05     0.022575427       3.0104095      0.97025613     0.044270803      0.99899148      -24.280118       -24.280118       2464.5307                                                 2464.5307
              4        1207.996      0.39525733       0.2982078   9.0514928e-05     0.022618706        3.016432      0.97161762     0.046519971      0.99994109      -24.280118       -24.280118       2464.5523                                                 2464.5523
              4       1209.5033      0.40935852      0.29694229   9.0330117e-05     0.022646229       3.0209497      0.97198024     0.049605632      0.99952187      -24.280118       -24.280118       2467.5669                                                 2467.5669
              5       1209.1372      0.40485475      0.29694932   9.0296933e-05     0.022685492       3.0167587      0.97164711     0.046459183       1.0020115      -24.280118       -24.280118       2466.8346                                                 2466.8346
              4       1207.3526      0.50510303      0.30337692   9.2079122e-05     0.022584248        3.016279      0.97108724      0.04520824       1.0014392      -24.280118       -24.280118       2463.2654                                                 2463.2654
              3       1207.9469      0.62035683      0.30299389   9.2335477e-05     0.022711467       3.0247108      0.97628721     0.051364337       1.0001689      -24.280118       -24.280118        2464.454                                                  2464.454
              6       1206.8598      0.59944699      0.30651366   9.3121252e-05     0.022544143       3.0233461      0.97452232     0.047094373       1.0037364      -24.280118       -24.280118       2462.2799                                                 2462.2799
              2       1207.0043      0.63331164        0.306875   9.3401628e-05     0.022488268       3.0147055      0.97345629     0.043343261       1.0033889      -24.280118       -24.280118       2462.5688                                                 2462.5688
              1       1207.7698      0.63613739      0.30876319    9.373662e-05     0.022474334       3.0206331      0.97200043     0.044607172       1.0040359      -24.280118       -24.280118       2464.0998                                                 2464.0998
              5       1206.7333      0.58870297      0.30840362   9.3387387e-05     0.022496233       3.0135297      0.97090578     0.040746653       1.0037822      -24.280118       -24.280118       2462.0269                                                 2462.0269
              2       1205.7026      0.45617577       0.3076624   9.2738313e-05     0.022366231       3.0183787      0.97162649     0.043491765        1.003179      -24.280118       -24.280118       2459.9655                                                 2459.9655
              2       1207.1081      0.41878876      0.30582584    9.227134e-05     0.022373959       3.0100491      0.97152276     0.038855533       1.0035357      -24.280118       -24.280118       2462.7764                                                 2462.7764
              2        1206.276      0.45890112       0.3059885   9.2385365e-05     0.022467883       3.0102928      0.97277354     0.039861147       1.0027419      -24.280118       -24.280118       2461.1122                                                 2461.1122
              5        1206.233       0.4684081      0.30640476   9.2534565e-05     0.022455485       3.0098662      0.97292586     0.039989185       1.0025221      -24.280118       -24.280118       2461.0262                                                 2461.0262
              3       1206.3454      0.48696002      0.30668553   9.2678004e-05     0.022458422       3.0091985      0.97309186     0.039832214       1.0024366      -24.280118       -24.280118        2461.251                                                  2461.251
              8       1205.6422       0.5339372      0.30875116   9.2984874e-05     0.022570621       3.0113794      0.97244064     0.040932035       1.0011718      -24.280118       -24.280118       2459.8447                                                 2459.8447
              1       1205.2737      0.61508351      0.31412637   9.4451891e-05     0.022448652       3.0014079      0.97169364     0.037461044       1.0000424      -24.280118       -24.280118       2459.1076                                                 2459.1076
              3       1204.6971      0.59037753       0.3130397   9.4188204e-05     0.022439229       2.9930276      0.97026642     0.035458854      0.99790932      -24.280118       -24.280118       2457.9544                                                 2457.9544
              1       1204.8183      0.59974307      0.31338694   9.4289267e-05     0.022445949       2.9926296      0.97028574     0.035476099      0.99769095      -24.280118       -24.280118       2458.1968                                                 2458.1968
              2       1205.0467       0.6083194      0.31396789    9.443626e-05     0.022439431       2.9920919      0.97045094     0.035010315      0.99786275      -24.280118       -24.280118       2458.6536                                                 2458.6536
              9       1204.5608      0.61100264      0.31383245   9.4425528e-05     0.022449109       2.9937821      0.97105034     0.035872948      0.99805832      -24.280118       -24.280118       2457.6819                                                 2457.6819
              3       1205.0788      0.61567842      0.31470553   9.4608739e-05     0.022432286        2.995135      0.97049384     0.035817817      0.99852278      -24.280118       -24.280118       2458.7177                                                 2458.7177
             10       1204.2981       0.5185794       0.3122461   9.3675823e-05     0.022398353       2.9963166      0.96989306     0.037204724      0.99760458      -24.280118       -24.280118       2457.1565                                                 2457.1565
              1       1205.0122       0.4711873       0.3101388   9.3232801e-05     0.022335937       3.0082531      0.97063612     0.045283679      0.99588645      -24.280118       -24.280118       2458.5846                                                 2458.5846
              5       1205.4964      0.48078057      0.30538957   9.2369139e-05     0.022388273       3.0024016      0.97378357     0.043992083      0.99542432      -24.280118       -24.280118        2459.553                                                  2459.553
              4       1205.9478      0.46579796      0.30523557   9.2282929e-05     0.022369913       3.0025816      0.97392552     0.044336967       0.9950856      -24.280118       -24.280118       2460.4558                                                 2460.4558
              3       1206.5563      0.41895887      0.30485645   9.2205178e-05     0.022257317       3.0078312      0.97206384     0.044945494      0.99720811      -24.280118       -24.280118       2461.6728                                                 2461.6728
              6        1206.566      0.41955279      0.30484972   9.2207536e-05     0.022257187       3.0078858      0.97210312     0.044982408      0.99721414      -24.280118       -24.280118       2461.6922                                                 2461.6922
             10       1206.8248      0.45195273      0.31150312   9.3541231e-05     0.022177865       2.9865117      0.97117114     0.033053929      0.99758005      -24.280118       -24.280118       2462.2098                                                 2462.2098
              1       1204.8571      0.47461614      0.31080989   9.3356088e-05     0.022301122       2.9956332      0.97050432     0.036479955       0.9982539      -24.280118       -24.280118       2458.2745                                                 2458.2745
             10       1205.0504      0.43277413      0.31105486   9.3159674e-05     0.022300986        2.996609      0.96938243     0.035945191      0.99871375      -24.280118       -24.280118        2458.661                                                  2458.661
              1       1204.9996      0.43109876      0.31106143   9.3150392e-05     0.022303142       2.9965117      0.96932964     0.035915698      0.99867957      -24.280118       -24.280118       2458.5595                                                 2458.5595
              4       1205.7092      0.38928481      0.31023416    9.283674e-05     0.022284273       2.9779112      0.96871731     0.025744674      0.99934051      -24.280118       -24.280118       2459.9787                                                 2459.9787
              7       1206.2417      0.57845416      0.31504104   9.4824657e-05     0.022249201       2.9752625      0.97274665     0.027128754      0.99932843      -24.280118       -24.280118       2461.0437                                                 2461.0437
              2       1205.4829      0.55809048      0.31380635   9.4453924e-05     0.022287796       2.9791262      0.97286629     0.027834108       1.0000143      -24.280118       -24.280118       2459.5261                                                 2459.5261
              1        1203.739      0.32988738      0.30608302   9.1616658e-05     0.022462585       2.9929647      0.97109235     0.037026411      0.99599828      -24.280118       -24.280118       2456.0383                                                 2456.0383
             13       1203.4387       0.3395917      0.30599616   9.1650969e-05     0.022469172        2.996363      0.97122517     0.038599229      0.99624775      -24.280118       -24.280118       2455.4375                                                 2455.4375
              1       1204.5524      0.35589599      0.30504223      9.1517e-05     0.022408922       3.0131411        0.970999     0.046559169      0.99906438      -24.280118       -24.280118       2457.6651                                                 2457.6651
              1       1204.6588      0.36883005      0.30548535   9.1624059e-05     0.022419633       3.0122303      0.97114543     0.046050207      0.99900303      -24.280118       -24.280118       2457.8777                                                 2457.8777
              2       1204.0846      0.36125422      0.30561364   9.1720826e-05     0.022355247       3.0146758      0.96934214     0.047379199      0.99820501      -24.280118       -24.280118       2456.7294                                                 2456.7294
              1       1205.5179      0.27905436      0.30378929   9.0871702e-05     0.022381882       3.0022073      0.97073998     0.038344071      0.99947164      -24.280118       -24.280118       2459.5959                                                 2459.5959
              3       1204.6141        0.294172      0.30403564   9.0890837e-05     0.022554326       3.0161248      0.97052439     0.042900435       1.0011354      -24.280118       -24.280118       2457.7884                                                 2457.7884
              4       1204.5349      0.28475861      0.30259346   9.0561945e-05     0.022574424       3.0160817      0.97094496     0.043319542       1.0008443      -24.280118       -24.280118         2457.63                                                   2457.63
              1        1204.448       0.3568783      0.30503739   9.1730937e-05     0.022368014       2.9952229      0.96824852     0.035602382      0.99865086      -24.280118       -24.280118       2457.4562                                                 2457.4562
              3       1205.0515      0.35276246      0.30472249   9.1615972e-05     0.022433062       2.9876666      0.96741039     0.031564755      0.99863618      -24.280118       -24.280118       2458.6632                                                 2458.6632
              3       1204.9986      0.35619418      0.30479087   9.1640268e-05     0.022435528       2.9874743      0.96743012     0.031573646      0.99855053      -24.280118       -24.280118       2458.5573                                                 2458.5573
              9       1205.1423      0.35754564      0.30496666   9.1684907e-05     0.022431985       2.9868669        0.967241     0.031123843      0.99865165      -24.280118       -24.280118       2458.8449                                                 2458.8449
              3       1205.1742      0.38649369      0.31095004   9.3129174e-05     0.022304051       2.9757066      0.96528715     0.026773198      0.99795114      -24.280118       -24.280118       2458.9086                                                 2458.9086
              2       1205.9017       0.5448111      0.31611307   9.4798896e-05     0.022322093       2.9720789      0.96673909     0.025391471      0.99759496      -24.280118       -24.280118       2460.3637                                                 2460.3637
              1       1205.9764      0.51258623      0.31552074   9.4549173e-05     0.022275882       2.9669611       0.9675412     0.021987549      0.99842339      -24.280118       -24.280118        2460.513                                                  2460.513
              5        1206.563      0.59487842      0.31632764   9.5128184e-05     0.022295062       2.9842893      0.97201276     0.029353472       1.0001823      -24.280118       -24.280118       2461.6863                                                 2461.6863
              8       1208.6725      0.62070996      0.32094572   9.6203791e-05     0.022249941       2.9781819       0.9710334     0.024980314       1.0013709      -24.280118       -24.280118       2465.9053                                                 2465.9053
              1        1210.239      0.58661828      0.32252596   9.6293359e-05     0.022247298       2.9597196      0.96794083     0.016570617      0.99910983      -24.280118       -24.280118       2469.0383                                                 2469.0383
              1       1209.0589       0.5338554       0.3204906   9.5619055e-05     0.022239956       2.9580781      0.96767189     0.015795237      0.99905649      -24.280118       -24.280118       2466.6781                                                 2466.6781
              3       1209.7414      0.66115345      0.32198298    9.625156e-05     0.022384171       2.9597303      0.97087569     0.017860408       0.9980465      -24.280118       -24.280118       2468.0429                                                 2468.0429
              2       1209.2264      0.62576734       0.3210667   9.5914411e-05     0.022389075        2.959595      0.97083351     0.017735791       0.9979595      -24.280118       -24.280118        2467.013                                                  2467.013
              2        1209.887      0.61435231      0.32150967   9.5958954e-05     0.022359528       2.9572993       0.9709958     0.016487485      0.99795473      -24.280118       -24.280118       2468.3341                                                 2468.3341
              2       1209.9909      0.61120527      0.32183482   9.5988495e-05     0.022363691       2.9573767      0.97056832     0.016232431       0.9980662      -24.280118       -24.280118       2468.5421                                                 2468.5421
              2       1211.7568      0.53681191      0.32379468   9.6100615e-05     0.022334716       2.9457701      0.96608753     0.011561641      0.99610183      -24.280118       -24.280118       2472.0738                                                 2472.0738
              2       1210.6436      0.52933918      0.32351927   9.6071768e-05     0.022313307       2.9525988      0.96661323     0.014988425      0.99680305      -24.280118       -24.280118       2469.8474                                                 2469.8474
              4        1210.533      0.53871866      0.32357324    9.612481e-05     0.022321996       2.9530345      0.96668087      0.01519411       0.9968669      -24.280118       -24.280118       2469.6263                                                 2469.6263
              3       1210.6429      0.53128625      0.32340025   9.6060088e-05     0.022322391       2.9536381      0.96669394     0.015286274        0.996952      -24.280118       -24.280118        2469.846                                                  2469.846
              2       1208.4069      0.65178242      0.32136258   9.6482301e-05     0.022305832        2.986579      0.96638761     0.033734266      0.99703766      -24.280118       -24.280118        2465.374                                                  2465.374
              3       1206.9218      0.59379465      0.31009083   9.3727445e-05     0.022622104       2.9906222      0.96970715     0.036229852      0.99718583      -24.280118       -24.280118       2462.4037                                                 2462.4037
              3       1206.8528      0.54581436      0.31194322   9.4176738e-05     0.022320002       2.9830084      0.96641583     0.031366753      0.99852513      -24.280118       -24.280118       2462.2658                                                 2462.2658
              1       1205.6362      0.57410717      0.31532015   9.4923264e-05     0.022287721       2.9882638      0.96724423     0.033659351      0.99846205      -24.280118       -24.280118       2459.8326                                                 2459.8326
              6       1205.4307      0.57761428      0.31530448   9.4923383e-05      0.02229439       2.9881529      0.96744018     0.033129636      0.99899423      -24.280118       -24.280118       2459.4217                                                 2459.4217
              1       1206.0838      0.59624333      0.31471942   9.4892574e-05     0.022284788       2.9808253      0.96738049     0.029972761      0.99872332      -24.280118       -24.280118       2460.7279                                                 2460.7279
              1       1205.5469      0.57932187      0.31335593    9.453106e-05     0.022320408       2.9790735       0.9679531     0.029780483      0.99841384      -24.280118       -24.280118       2459.6541                                                 2459.6541
              3       1206.1149      0.29671888      0.30258048    9.109743e-05     0.022331322       2.9825286      0.96724628     0.033853128      0.99481479      -24.280118       -24.280118         2460.79                                                   2460.79
              2       1206.4655      0.28571272      0.30305944   9.1190751e-05     0.022286772       2.9813196      0.96676337     0.033583962      0.99460797      -24.280118       -24.280118       2461.4912                                                 2461.4912
              8       1206.3007      0.29359659      0.30331829   9.1269711e-05     0.022291476       2.9820606       0.9667381     0.033804001      0.99473797      -24.280118       -24.280118       2461.1616                                                 2461.1616
              4       1206.6166      0.28684528      0.30236505   9.1055207e-05      0.02231106       2.9841708      0.96694664     0.035009004      0.99459424      -24.280118       -24.280118       2461.7934                                                 2461.7934
              2       1207.6346      0.43607283      0.30526437   9.2473362e-05     0.022228925       2.9935935      0.97044805     0.039430678      0.99624219      -24.280118       -24.280118       2463.8294                                                 2463.8294
              2       1208.0163      0.44669693      0.30595489   9.2696075e-05     0.022229835       2.9889533      0.97061815     0.037574113      0.99610815      -24.280118       -24.280118       2464.5928                                                 2464.5928
              3       1206.7799      0.47029127       0.3069415   9.2945846e-05      0.02223003       2.9920767      0.97012566      0.03822536      0.99691359      -24.280118       -24.280118         2462.12                                                   2462.12
              3        1205.891      0.41910277      0.30687625   9.2671096e-05     0.022220731       2.9967637      0.96985872     0.041699591      0.99583725      -24.280118       -24.280118       2460.3422                                                 2460.3422
              3       1205.9327      0.44691906      0.30770753   9.2956677e-05     0.022223245       2.9969298      0.97043704      0.04197753      0.99578031      -24.280118       -24.280118       2460.4256                                                 2460.4256
              3       1206.5976      0.45847053      0.30767454   9.2996277e-05     0.022222684        2.989617      0.96961893     0.038660593      0.99527635      -24.280118       -24.280118       2461.7555                                                 2461.7555
              5       1206.5372      0.49149524      0.30760931   9.3049682e-05     0.022243057        2.994357       0.9686199      0.04121705      0.99591929      -24.280118       -24.280118       2461.6347                                                 2461.6347
              1       1206.4675      0.49040253      0.30745085   9.3008392e-05     0.022246479       2.9947019      0.96863714     0.041343137      0.99596734      -24.280118       -24.280118       2461.4952                                                 2461.4952
              3       1208.1268      0.58748353        0.312624   9.4461633e-05     0.022248638       3.0303024      0.96829937     0.056137984      0.99797292      -24.280118       -24.280118       2464.8138                                                 2464.8138
             10       1207.0145      0.45128446      0.31103373   9.3410823e-05     0.022255553       3.0276023      0.96774876     0.054383048      0.99695178      -24.280118       -24.280118       2462.5893                                                 2462.5893
              3       1205.3254      0.51311454      0.31136707   9.3831847e-05     0.022269314       3.0166097      0.96917512     0.050671647      0.99669388      -24.280118       -24.280118       2459.2111                                                 2459.2111
              4       1207.0534      0.49596303      0.31148898   9.3947481e-05     0.022203423       3.0115961      0.96751291     0.047966357      0.99674631      -24.280118       -24.280118        2462.667                                                  2462.667
              1       1209.5232      0.58881876      0.31437452   9.4934635e-05     0.022203797        3.017959      0.96483878     0.047225584       1.0011196      -24.280118       -24.280118       2467.6067                                                 2467.6067
              2       1210.6142        0.631275       0.3140919   9.5127495e-05      0.02220861       3.0145715      0.96584024     0.044364262       1.0028041      -24.280118       -24.280118       2469.7886                                                 2469.7886
              9       1205.3513       0.5182899      0.31054597   9.3793577e-05     0.022228571       2.9954368      0.96973714     0.036223503       1.0007688      -24.280118       -24.280118       2459.2629                                                 2459.2629
              9       1204.7359      0.42441769      0.30551109   9.2330114e-05     0.022247324       2.9992532      0.97117303     0.037991909       1.0010412      -24.280118       -24.280118       2458.0321                                                 2458.0321
             10       1203.5767      0.38995813      0.30268462   9.1446108e-05     0.022351447       3.0116818      0.97430964     0.045934469      0.99905174      -24.280118       -24.280118       2455.7137                                                 2455.7137
              6       1203.7123      0.38671311      0.30238135   9.1359556e-05     0.022357535       3.0118784      0.97460483     0.045981347      0.99904412      -24.280118       -24.280118       2455.9849                                                 2455.9849
              3        1204.365      0.48682046      0.30704389   9.2829673e-05     0.022306569       3.0040096      0.97479129     0.041151222      0.99994868      -24.280118       -24.280118       2457.2903                                                 2457.2903
              1       1204.5081      0.48501253      0.31142657   9.3544158e-05     0.022296093       2.9870455      0.97294616     0.033540434      0.99799398      -24.280118       -24.280118       2457.5764                                                 2457.5764
              7       1204.6903      0.54030525      0.31274424   9.4028619e-05     0.022327518       2.9875209      0.97412217     0.033069181      0.99904564      -24.280118       -24.280118       2457.9408                                                 2457.9408
              2       1205.3243      0.51872116      0.31169417   9.3732848e-05     0.022309112       2.9826844      0.97461385      0.03104961      0.99886739      -24.280118       -24.280118       2459.2087                                                 2459.2087
              5       1205.0977        0.517038      0.31190701   9.3753797e-05     0.022316297       2.9842282      0.97435886     0.031587931       0.9988536      -24.280118       -24.280118       2458.7557                                                 2458.7557
              2       1206.1568      0.49296301       0.3108126   9.3444755e-05     0.022288237       2.9988958         0.97529     0.035925114       1.0020613      -24.280118       -24.280118       2460.8738                                                 2460.8738
             11       1205.9428      0.50507601      0.31136422   9.3599407e-05     0.022304592       3.0003791      0.97534808     0.036506836       1.0022504      -24.280118       -24.280118       2460.4458                                                 2460.4458
              4        1205.942       0.5050501      0.31136208   9.3598771e-05     0.022304671       3.0004028      0.97534488     0.036516781       1.0022517      -24.280118       -24.280118       2460.4442                                                 2460.4442
              1       1203.8223      0.45385761       0.3086596    9.292065e-05     0.022325039       2.9993075      0.97472767     0.038068551       1.0004933      -24.280118       -24.280118       2456.2048                                                 2456.2048
              2       1204.2393      0.33692896      0.30463544   9.1580865e-05     0.022311372       3.0005548      0.97443872     0.038394304       1.0000615      -24.280118       -24.280118       2457.0388                                                 2457.0388
             13       1204.9056      0.37121884      0.30461827   9.1746958e-05     0.022321722       3.0068714      0.97595689     0.041702934       1.0000901      -24.280118       -24.280118       2458.3715                                                 2458.3715
              5        1205.203       0.4561595      0.30547558   9.2238494e-05     0.022391586       3.0183078      0.97819848     0.048106337       1.0002617      -24.280118       -24.280118       2458.9661                                                 2458.9661
              6       1205.5735      0.45759683      0.30606645   9.2345224e-05     0.022398026       3.0176736      0.97868189     0.047653751       1.0002295      -24.280118       -24.280118       2459.7072                                                 2459.7072
              1       1205.3124      0.23438824      0.30015845   9.0196022e-05     0.022346778       2.9847041      0.97153139     0.028775548       1.0008228      -24.280118       -24.280118       2459.1851                                                 2459.1851
              5         1205.33      0.23065656      0.29990858     9.01338e-05     0.022345998       2.9845137      0.97158674     0.028855746       1.0007038      -24.280118       -24.280118       2459.2202                                                 2459.2202
              6        1205.163      0.24465706      0.29986844   9.0192357e-05     0.022366475       2.9803241      0.97191072     0.026446191       1.0013382      -24.280118       -24.280118       2458.8861                                                 2458.8861
              3       1205.7071      0.43875457      0.30999017   9.2881687e-05     0.022457425       2.9810763      0.97465336     0.026480691       1.0009399      -24.280118       -24.280118       2459.9745                                                 2459.9745
              1        1204.574      0.34119813      0.30278439   9.0986305e-05     0.022527084        2.974223      0.97355257     0.027511998      0.99701984      -24.280118       -24.280118       2457.7083                                                 2457.7083
              1       1205.3497      0.31173409      0.30005075   9.0247885e-05     0.022609454       2.9820647      0.97404532     0.030584035      0.99753982      -24.280118       -24.280118       2459.2596                                                 2459.2596
              8       1210.9772      0.26381969      0.29641817   8.9320297e-05     0.022644087       2.9512061      0.97648526     0.013541614      0.99921957      -24.280118       -24.280118       2470.5147                                                 2470.5147
              1       1210.8037      0.28159608      0.29675631   8.9473453e-05     0.022648334       2.9514744      0.97658649     0.013886573      0.99917019      -24.280118       -24.280118       2470.1676                                                 2470.1676
              1       1209.7451      0.26640682      0.30315168   9.0523779e-05     0.022633333        2.948975      0.97623273     0.011317643       1.0005878      -24.280118       -24.280118       2468.0504                                                 2468.0504
              2       1209.0943      0.23782488      0.30279521   9.0645981e-05     0.022447037       2.9610339      0.97466863     0.014128078       1.0048729      -24.280118       -24.280118       2466.7489                                                 2466.7489
              4       1208.8813      0.18257039      0.29987443   8.9804907e-05     0.022450992        2.961013      0.97380933     0.015294151       1.0039993      -24.280118       -24.280118       2466.3229                                                 2466.3229
              1       1209.0007      0.18929783      0.29945777   8.9772854e-05     0.022450335       2.9621553      0.97424579     0.015936688       1.0041278      -24.280118       -24.280118       2466.5616                                                 2466.5616
              2       1208.5426       0.2743449      0.30631531    9.179998e-05     0.022190978       2.9691455      0.97224764     0.020795608       1.0029871      -24.280118       -24.280118       2465.6454                                                 2465.6454
              1       1207.0849      0.33471456      0.30766707   9.2308301e-05     0.022250959       2.9712661      0.97276023     0.023581545       1.0015344      -24.280118       -24.280118         2462.73                                                   2462.73
              3       1208.0226      0.12875013      0.30105478     9.01643e-05     0.022208172       2.9687952      0.97275188     0.025032674       0.9984977      -24.280118       -24.280118       2464.6055                                                 2464.6055
              1       1208.3913      0.11860101      0.29982485    8.994366e-05     0.022170069        2.973962      0.97224216     0.027150756      0.99928192      -24.280118       -24.280118       2465.3429                                                 2465.3429
              2       1208.6044      0.16012691      0.29709014   8.9102419e-05     0.022458326       2.9929953       0.9725047     0.035244013       1.0010554      -24.280118       -24.280118       2465.7691                                                 2465.7691
              5        1208.986      0.16384527      0.29707718   8.9123348e-05     0.022458986       2.9899475      0.97252788      0.03343964       1.0014477      -24.280118       -24.280118       2466.5323                                                 2466.5323
              2       1210.5198      0.13658978      0.29918719   8.9414971e-05     0.022417631       2.9765681      0.97028896     0.028112301      0.99963311      -24.280118       -24.280118       2469.5998                                                 2469.5998
              1       1209.6747      0.18548614      0.30140221   8.9867494e-05     0.022599198       2.9921453      0.97170396     0.036482692      0.99861786      -24.280118       -24.280118       2467.9097                                                 2467.9097
              1       1207.4547      0.31395689      0.30752348   9.1704722e-05     0.022541093        2.989095      0.97166358     0.034277398      0.99913536      -24.280118       -24.280118       2463.4696                                                 2463.4696
              2        1207.018       0.3115898      0.30716841   9.1623056e-05     0.022556049       2.9869996      0.97150742     0.033196824      0.99905807      -24.280118       -24.280118       2462.5963                                                 2462.5963
              1       1206.5023      0.51443525      0.30623214   9.2352069e-05       0.0226494       3.0188092      0.97773581     0.045700803       1.0037695      -24.280118       -24.280118       2461.5648                                                 2461.5648
              5       1206.3368      0.59376056      0.30791834   9.3109857e-05     0.022689509       3.0137373      0.97678368     0.044016223       1.0031949      -24.280118       -24.280118       2461.2338                                                 2461.2338
              1       1205.6579      0.52956019       0.3046688   9.2046005e-05     0.022748466       2.9976542      0.97582163     0.035024397       1.0026129      -24.280118       -24.280118        2459.876                                                  2459.876
              2       1203.8943      0.41371851      0.30280964   9.1413936e-05     0.022559928       3.0179095      0.97177968     0.045545632       1.0011627      -24.280118       -24.280118       2456.3489                                                 2456.3489
              1       1204.0874      0.40539841       0.3021722   9.1254535e-05     0.022561756        3.018291      0.97190413     0.045792513       1.0011235      -24.280118       -24.280118       2456.7351                                                 2456.7351
              1       1204.6032      0.44362833       0.3022714   9.1462195e-05     0.022549617       3.0276614      0.97559481     0.052155431       1.0003793      -24.280118       -24.280118       2457.7667                                                 2457.7667
              5       1205.3425      0.50317224      0.30307883    9.201138e-05     0.022540858        3.024266      0.97529716     0.052547321      0.99912963      -24.280118       -24.280118       2459.2452                                                 2459.2452
              6       1204.3789      0.51486844      0.30402306   9.2203539e-05     0.022556232       3.0195362      0.97575536     0.050265695      0.99906739      -24.280118       -24.280118       2457.3181                                                 2457.3181
              3       1204.1684      0.57456146      0.30659301   9.3004262e-05     0.022524349       3.0225249       0.9744955     0.049647739       1.0015777      -24.280118       -24.280118        2456.897                                                  2456.897
              6       1203.8687      0.55235236      0.30469307   9.2452555e-05     0.022568275       3.0223457      0.97466157     0.049795792       1.0012256      -24.280118       -24.280118       2456.2977                                                 2456.2977
              3       1204.0077      0.55538317       0.3046321    9.245202e-05     0.022568768       3.0238546      0.97511896     0.050766249       1.0011215      -24.280118       -24.280118       2456.5757                                                 2456.5757
              5       1202.9504      0.49444028      0.30418484   9.2119403e-05     0.022479222       3.0196482      0.97404218      0.04936035       1.0001634      -24.280118       -24.280118        2454.461                                                  2454.461
              7       1203.8173      0.63215796      0.30874935   9.3394436e-05     0.022576142       3.0054021      0.97243423     0.041768807      0.99964024      -24.280118       -24.280118       2456.1948                                                 2456.1948
              4       1203.8503      0.63663297      0.31005286   9.3699017e-05     0.022578397       3.0091098      0.97380051     0.041583347       1.0022558      -24.280118       -24.280118       2456.2607                                                 2456.2607
              8       1203.7119      0.60361988      0.31211449   9.4119027e-05     0.022420635       3.0154125       0.9703543     0.046490912       1.0003937      -24.280118       -24.280118        2455.984                                                  2455.984
             12       1203.5888       0.5972924      0.31191397   9.4043184e-05     0.022423933       3.0135164      0.97015039     0.045492004        1.000398      -24.280118       -24.280118       2455.7378                                                 2455.7378
              5       1202.6833      0.52753594      0.31024274   9.3397423e-05     0.022443439       3.0085635      0.96845747       0.0441008      0.99889648      -24.280118       -24.280118       2453.9268                                                 2453.9268
              1       1203.5688      0.60096509      0.31244069   9.4208964e-05     0.022397775       3.0132252      0.97091242     0.046302064      0.99960483      -24.280118       -24.280118       2455.6979                                                 2455.6979
              8       1203.1481      0.52224276      0.31008138   9.3448438e-05     0.022360145       3.0130043      0.97122495     0.045715716        1.000112      -24.280118       -24.280118       2454.8565                                                 2454.8565
              6       1203.1065      0.46795566      0.30823948   9.2823483e-05     0.022375017       3.0150865      0.97071072     0.045639877       1.0011269      -24.280118       -24.280118       2454.7731                                                 2454.7731
              6       1203.6682      0.50108393      0.30906251   9.3108108e-05     0.022402299       3.0192784      0.97083502     0.047801592       1.0013694      -24.280118       -24.280118       2455.8966                                                 2455.8966
              2       1205.1428      0.12277742      0.29788233   8.9119369e-05     0.022461954       2.9957978      0.96845654      0.03912533      0.99558652      -24.280118       -24.280118       2458.8459                                                 2458.8459
              5       1205.1428      0.12291435      0.29792956   8.9125124e-05     0.022464995       2.9961698      0.96848105     0.039313928      0.99557131      -24.280118       -24.280118       2458.8459                                                 2458.8459
              1       1205.4599     0.079917174      0.29573161   8.8538208e-05     0.022471432        2.993828      0.96961827     0.038298747       0.9960915      -24.280118       -24.280118         2459.48                                                   2459.48
              2       1206.1111     0.056006476      0.29452507   8.8244885e-05      0.02242154       2.9892934       0.9695316     0.034428958      0.99757035      -24.280118       -24.280118       2460.7825                                                 2460.7825
              8       1207.0949     0.065555422      0.29192579   8.7834301e-05     0.022473216       2.9786692      0.96937501     0.030914675      0.99640382      -24.280118       -24.280118       2462.7501                                                 2462.7501
              2       1205.8657     0.084069054       0.2951235   8.8430843e-05     0.022502724        2.988441      0.97191573     0.036286211      0.99579559      -24.280118       -24.280118       2460.2916                                                 2460.2916
              3       1205.7186     0.088051751      0.29522832   8.8476183e-05     0.022497054       2.9890432      0.97194079     0.036563062      0.99588826      -24.280118       -24.280118       2459.9974                                                 2459.9974
              2       1204.6891      0.40522775      0.30598143   9.2061661e-05     0.022528756       2.9801589      0.97290347     0.032149997      0.99638288      -24.280118       -24.280118       2457.9384                                                 2457.9384
              6       1204.1743      0.35198928       0.3051744   9.1656805e-05     0.022509925       2.9817856       0.9725757      0.03258411      0.99658504      -24.280118       -24.280118       2456.9089                                                 2456.9089
              1       1205.0092      0.35517683      0.30715062   9.2206903e-05     0.022401467       2.9795278      0.97227565      0.03155479       0.9963697      -24.280118       -24.280118       2458.5786                                                 2458.5786
              6       1205.0297      0.37294127       0.3074294   9.2338002e-05     0.022407472       2.9801982      0.97278363     0.031782599      0.99656971      -24.280118       -24.280118       2458.6197                                                 2458.6197
              1       1204.8804      0.38325708      0.30701127   9.2334812e-05     0.022408669       2.9814779      0.97252222     0.032149235      0.99733168      -24.280118       -24.280118        2458.321                                                  2458.321
              1       1205.2411      0.38255688      0.30721178   9.2364343e-05     0.022421363       2.9809224      0.97260331     0.031907525      0.99728377      -24.280118       -24.280118       2459.0425                                                 2459.0425
             10       1205.0934      0.37787173      0.30697194   9.2291461e-05     0.022430005       2.9842169      0.97255071     0.033528407      0.99746028      -24.280118       -24.280118       2458.7471                                                 2458.7471
              2        1205.132      0.37638239      0.30681688   9.2253635e-05      0.02243313       2.9849956      0.97268207      0.03407738      0.99729075      -24.280118       -24.280118       2458.8242                                                 2458.8242
              3       1205.1134      0.31535306       0.3036307   9.1385025e-05     0.022429711       2.9875672      0.97328179     0.034515319      0.99820335      -24.280118       -24.280118       2458.7871                                                 2458.7871
              3       1204.5015      0.25769265      0.30275635   9.0963515e-05     0.022389579       2.9864961       0.9720895     0.034434088      0.99747667      -24.280118       -24.280118       2457.5633                                                 2457.5633
              1       1204.5132      0.27368482      0.30373009   9.1238647e-05     0.022377788       2.9879619      0.97200006     0.034976316      0.99776125      -24.280118       -24.280118       2457.5866                                                 2457.5866
              2       1207.0689      0.17100896       0.3049212   9.1031828e-05     0.022394101       2.9918383      0.96642931     0.033025667      0.99924319      -24.280118       -24.280118       2462.6981                                                 2462.6981
              3       1207.6782      0.17714801      0.30576471   9.1256393e-05     0.022372183       2.9857409      0.96629712     0.029694659      0.99952236      -24.280118       -24.280118       2463.9166                                                 2463.9166
              2       1207.5242      0.18890483      0.30708166   9.1506081e-05     0.022384415       2.9848438      0.96541964     0.029457734      0.99889149      -24.280118       -24.280118       2463.6087                                                 2463.6087
              3       1207.7991       0.1579852      0.30650525    9.129727e-05      0.02235395       2.9841613      0.96489698     0.029711625      0.99819415      -24.280118       -24.280118       2464.1585                                                 2464.1585
              1       1208.2639      0.15605307      0.30585028   9.1141208e-05     0.022381928       2.9927914      0.96523672     0.033373006      0.99856746      -24.280118       -24.280118        2465.088                                                  2465.088
              1       1207.7452      0.12953792      0.30434568   9.0701259e-05     0.022405451       2.9943319      0.96478317     0.034066776      0.99867863      -24.280118       -24.280118       2464.0507                                                 2464.0507
              3       1207.7894     0.050731315      0.30063506   8.9503676e-05     0.022467603       2.9841562      0.96598154     0.028979108      0.99792049      -24.280118       -24.280118        2464.139                                                  2464.139
              1        1207.347     0.048684672       0.2999797   8.9400236e-05     0.022451356       2.9840877      0.96655234     0.028627235      0.99852743      -24.280118       -24.280118       2463.2543                                                 2463.2543
              6       1207.2078     0.061048889      0.30198007   8.9861062e-05      0.02241266       2.9784421      0.96542768       0.0252821       0.9989297      -24.280118       -24.280118       2462.9758                                                 2462.9758
              1       1206.0373     0.019298257      0.29829441   8.8819424e-05     0.022483281       2.9737255      0.96567291     0.024045157      0.99861182      -24.280118       -24.280118       2460.6349                                                 2460.6349
              6       1206.1596      0.18684097      0.30273054   9.0364921e-05     0.022555218       2.9608869       0.9666645     0.018007565      0.99837115      -24.280118       -24.280118       2460.8795                                                 2460.8795
              1       1207.3174      0.20557607      0.30673648   9.1191866e-05     0.022554513       2.9829263      0.96419695     0.029575482      0.99698531      -24.280118       -24.280118        2463.195                                                  2463.195
              2       1206.9836      0.12560822      0.30197759   8.9982678e-05     0.022563559       2.9926272      0.96365741      0.03420714      0.99796316      -24.280118       -24.280118       2462.5275                                                 2462.5275
              3       1206.6293     0.096037415      0.30353315   9.0329662e-05     0.022400963       2.9878175      0.96281089     0.032572194      0.99744495      -24.280118       -24.280118       2461.8188                                                 2461.8188
              7       1206.8615       0.2125944      0.30555156   9.1013102e-05     0.022423171       3.0133578      0.96590571     0.042305872       1.0020874      -24.280118       -24.280118       2462.2833                                                 2462.2833
              2       1205.7803      0.22547009      0.30541856   9.1107869e-05     0.022402673       3.0126103      0.96643572     0.042779011       1.0014833      -24.280118       -24.280118       2460.1208                                                 2460.1208
              9       1206.1541      0.29863505       0.3022148   9.0678464e-05     0.022499976        3.018923      0.97186204     0.047004833       1.0020875      -24.280118       -24.280118       2460.8684                                                 2460.8684
              4       1206.3134      0.29176654      0.30197219   9.0599952e-05     0.022499546       3.0193256      0.97188244     0.047357118       1.0019617      -24.280118       -24.280118       2461.1871                                                 2461.1871
              4       1206.3154      0.29278749      0.30201074   9.0611872e-05     0.022499806       3.0193937      0.97190057     0.047396561         1.00196      -24.280118       -24.280118       2461.1911                                                 2461.1911
              2       1206.0862      0.27262175      0.30057079   9.0247341e-05     0.022501739       3.0142862      0.97243114     0.045960946       1.0010284      -24.280118       -24.280118       2460.7327                                                 2460.7327
              1        1206.123      0.26862414      0.30037364   9.0195985e-05     0.022493865       3.0148185      0.97244497     0.046193069       1.0010484      -24.280118       -24.280118       2460.8062                                                 2460.8062
              8       1203.7023      0.40335882      0.30564678   9.1807192e-05     0.022516388       2.9810879      0.96902321     0.026679464       1.0020348      -24.280118       -24.280118       2455.9649                                                 2455.9649
              4       1205.7798      0.44121821      0.30682063   9.2278881e-05     0.022504979       2.9715596      0.97003803     0.021023971       1.0037097      -24.280118       -24.280118       2460.1199                                                 2460.1199
              4        1205.465      0.42712371       0.3062585   9.2189136e-05     0.022481478       2.9624399      0.96930036     0.018236053       1.0019555      -24.280118       -24.280118       2459.4902                                                 2459.4902
              1       1205.4667      0.42305174      0.30658757   9.2238289e-05     0.022461398        2.960346      0.96920706     0.017274087       1.0018485      -24.280118       -24.280118       2459.4936                                                 2459.4936
              1       1206.0204      0.45965932      0.30601217   9.2242016e-05     0.022518745       2.9577206       0.9707996     0.018839583      0.99957942      -24.280118       -24.280118        2460.601                                                  2460.601
              1       1206.6075       0.4984313      0.30948511   9.2958561e-05     0.022572182       2.9733372      0.97092571     0.025810006       1.0005181      -24.280118       -24.280118       2461.7753                                                 2461.7753
              6       1207.0136      0.49617417      0.30853239   9.2696326e-05      0.02261165       2.9728669      0.97090916     0.025222278       1.0008352      -24.280118       -24.280118       2462.5873                                                 2462.5873
              1        1207.393      0.48201198      0.30796567   9.2523556e-05     0.022613634       2.9707015      0.97093349     0.024133173       1.0009113      -24.280118       -24.280118       2463.3461                                                 2463.3461
              5        1207.515      0.43688255      0.30607114   9.1912079e-05     0.022655565       2.9791331      0.97059762     0.027896081       1.0013366      -24.280118       -24.280118       2463.5902                                                 2463.5902
              1       1207.4094      0.46261365       0.3062829   9.2064755e-05     0.022662009        2.981186      0.97086081     0.029101294       1.0013092      -24.280118       -24.280118        2463.379                                                  2463.379
              5       1206.1771      0.48866178      0.30946283   9.2733758e-05     0.022653017         2.96757      0.96887188     0.021882285       1.0001025      -24.280118       -24.280118       2460.9144                                                 2460.9144
              1       1207.8037      0.60627393      0.31326213   9.4082846e-05      0.02261314       2.9705432      0.96926988      0.02302878       1.0013144      -24.280118       -24.280118       2464.1677                                                 2464.1677
              2       1208.2334      0.60516487      0.31417155   9.4275421e-05     0.022598943       2.9653427      0.96869791     0.020236718       1.0013395      -24.280118       -24.280118       2465.0271                                                 2465.0271
              2       1208.0979      0.62994756      0.31559727   9.4664607e-05     0.022587091       2.9667555      0.96789896     0.020999767       1.0009469      -24.280118       -24.280118       2464.7561                                                 2464.7561
              2       1208.1535      0.63235673      0.31470465   9.4485035e-05      0.02263143       2.9691776      0.96757868     0.021312135       1.0017951      -24.280118       -24.280118       2464.8673                                                 2464.8673
              1       1207.9956      0.62735094      0.31662114   9.4807162e-05     0.022626923       2.9769452      0.96877502     0.023123522       1.0033286      -24.280118       -24.280118       2464.5514                                                 2464.5514
              6       1209.0436      0.64869183      0.31786177   9.5213641e-05     0.022586673       2.9716557      0.96879091      0.01985853       1.0041286      -24.280118       -24.280118       2466.6473                                                 2466.6473
              1       1212.2912      0.74083573       0.3211284   9.6174352e-05     0.022571664       2.9686496      0.97057489     0.018697994       1.0036544      -24.280118       -24.280118       2473.1425                                                 2473.1425
              4       1211.3211      0.71437892      0.32034664   9.5897083e-05     0.022573977       2.9676531      0.97105088      0.01815499       1.0035844      -24.280118       -24.280118       2471.2025                                                 2471.2025
              4       1212.1199      0.74239047      0.32071162   9.6118643e-05     0.022559264       2.9680012      0.97234323     0.018348088       1.0036955      -24.280118       -24.280118          2472.8                                                    2472.8
              3       1213.8958      0.89358676      0.31910303   9.6400772e-05     0.022767645       3.0237924      0.97181928     0.045538375       1.0041888      -24.280118       -24.280118       2476.3518                                                 2476.3518
              4       1209.9916      0.85894923      0.32181548   9.6820685e-05     0.022757732       3.0135213      0.97047308     0.044809102       1.0004284      -24.280118       -24.280118       2468.5435                                                 2468.5435
              1       1210.6276       0.8674511      0.32284962   9.7069989e-05     0.022750548       3.0064342      0.97085783     0.040404805       1.0012754      -24.280118       -24.280118       2469.8154                                                 2469.8154
              4       1209.1056      0.69699937      0.31808714   9.5388825e-05     0.022741116       3.0285605      0.97312741     0.048999512       1.0035973      -24.280118       -24.280118       2466.7714                                                 2466.7714
              1       1211.4394      0.76145454      0.31873057   9.5855941e-05     0.022758249       3.0359898      0.97473243     0.051023758       1.0056084      -24.280118       -24.280118       2471.4389                                                 2471.4389
              1       1209.7587      0.65983801      0.31680237   9.5074586e-05     0.022699698       3.0216404      0.97596859     0.044254466       1.0040318      -24.280118       -24.280118       2468.0777                                                 2468.0777
              3       1208.7011        0.705578       0.3204859    9.618059e-05     0.022534416       3.0193641      0.97436428     0.042913418       1.0043848      -24.280118       -24.280118       2465.9624                                                 2465.9624
              1       1208.5333      0.57165757      0.31602578   9.4935393e-05     0.022424754       3.0125297      0.97110433     0.039202706       1.0052276      -24.280118       -24.280118       2465.6268                                                 2465.6268
              4       1207.2425      0.60294842      0.31384272   9.4528086e-05     0.022544448       3.0169146      0.97084375     0.042060453       1.0049855      -24.280118       -24.280118       2463.0452                                                 2463.0452
              3       1206.0147      0.49153892       0.3075411   9.2780901e-05     0.022583047       3.0174009      0.97398385     0.045190252       1.0026467      -24.280118       -24.280118       2460.5896                                                 2460.5896
              1       1204.8849      0.51773369      0.30896434   9.3106186e-05     0.022596988       3.0195266      0.97230772     0.045792731       1.0025576      -24.280118       -24.280118         2458.33                                                   2458.33
              1        1204.192      0.48132062       0.3064806   9.2320421e-05      0.02266388       3.0092378      0.97142532     0.042570779       1.0013067      -24.280118       -24.280118       2456.9442                                                 2456.9442
              1       1205.0955      0.48897881      0.30567482   9.2349781e-05     0.022598135       3.0137419      0.97017435     0.045497695       1.0013397      -24.280118       -24.280118       2458.7512                                                 2458.7512
              2       1203.7646      0.27126341      0.30249885   9.0829035e-05     0.022449198       3.0105824      0.96806375     0.045351791      0.99878917      -24.280118       -24.280118       2456.0895                                                 2456.0895
              9       1203.7994      0.26882306      0.30237675   9.0792478e-05     0.022448742        3.011243      0.96810894     0.045547816      0.99893903      -24.280118       -24.280118       2456.1591                                                 2456.1591
              1       1204.0211        0.429675      0.30633215   9.2372523e-05     0.022401542       2.9928357      0.96870517     0.039863765       0.9955864      -24.280118       -24.280118       2456.6024                                                 2456.6024
              1       1203.8983      0.43221489      0.30666455   9.2474286e-05     0.022370013       2.9942775      0.96905191     0.040521128      0.99573138      -24.280118       -24.280118       2456.3569                                                 2456.3569
              6        1204.018      0.41798001      0.30658502   9.2413851e-05     0.022348548       2.9943978      0.96812916     0.040128826      0.99597575      -24.280118       -24.280118       2456.5962                                                 2456.5962
              4        1203.517      0.45969338      0.30843069   9.2945041e-05     0.022340573       2.9948813      0.96854159     0.039587549      0.99669583      -24.280118       -24.280118       2455.5942                                                 2455.5942
              6       1203.5571      0.49158157       0.3095148   9.3305059e-05     0.022359044       2.9934233       0.9690679     0.038755022      0.99708514      -24.280118       -24.280118       2455.6745                                                 2455.6745
              1       1205.1523      0.49249215      0.31213175   9.3913305e-05     0.022277626       2.9883207      0.96719284     0.036050036      0.99702536      -24.280118       -24.280118       2458.8649                                                 2458.8649
              9        1206.395       0.5085319      0.31499461   9.4532961e-05     0.022221099       2.9814698      0.96993052     0.031778975      0.99826934      -24.280118       -24.280118       2461.3501                                                 2461.3501
              5        1204.311       0.4536129      0.31087412   9.3344236e-05     0.022371491         2.97517      0.97120164     0.028508967      0.99792089      -24.280118       -24.280118       2457.1822                                                 2457.1822
              3        1204.072      0.44721316      0.30812415   9.2892253e-05     0.022369851       2.9905418        0.969788     0.036203744      0.99767075      -24.280118       -24.280118       2456.7043                                                 2456.7043
              1        1206.377      0.51718703      0.31565285    9.472787e-05     0.022275625       2.9990802      0.96742629     0.042264273      0.99540274      -24.280118       -24.280118       2461.3143                                                 2461.3143
              5       1206.4618       0.5542552      0.31939272   9.5407892e-05     0.022343176       2.9897877      0.96612171     0.035198907      0.99765063      -24.280118       -24.280118       2461.4838                                                 2461.4838
              2       1207.1603      0.55718045       0.3212834   9.5776515e-05     0.022347762       2.9961556      0.96685423     0.037545801      0.99810038      -24.280118       -24.280118       2462.8809                                                 2462.8809
              5       1207.7859      0.52926408      0.32097991   9.5572399e-05     0.022379738       2.9920196      0.96535547     0.034759385      0.99837293      -24.280118       -24.280118       2464.1321                                                 2464.1321
              2       1207.2092       0.5313632      0.32033401   9.5466341e-05     0.022381711       2.9954563      0.96573512     0.035232477      0.99977891      -24.280118       -24.280118       2462.9786                                                 2462.9786
             19       1205.5352       0.4398176      0.31628578   9.4187973e-05     0.022422722       2.9985061      0.96681785     0.037086872       0.9990559      -24.280118       -24.280118       2459.6306                                                 2459.6306
              1       1205.4634      0.38056656      0.31395758   9.3424826e-05     0.022421616       3.0079116      0.96841659     0.042769566      0.99828824      -24.280118       -24.280118       2459.4871                                                 2459.4871
              3       1206.0272      0.28668795       0.3113845    9.240111e-05     0.022479793        3.005789      0.96711888     0.040910423       0.9982393      -24.280118       -24.280118       2460.6146                                                 2460.6146
              1       1205.7657      0.34824095      0.31249325   9.2861878e-05      0.02251761       3.0003882      0.96476812     0.037999102      0.99853342      -24.280118       -24.280118       2460.0917                                                 2460.0917
              1        1204.946      0.37484177      0.30364031   9.1078547e-05     0.022702138       2.9967018      0.97115091     0.033578069       1.0010099      -24.280118       -24.280118       2458.4523                                                 2458.4523
              3       1204.9741      0.39111789      0.30474787    9.147515e-05     0.022655757       2.9935756      0.97106617     0.031228333       1.0020408      -24.280118       -24.280118       2458.5085                                                 2458.5085
              1       1208.3571      0.10684014      0.29695395    8.864176e-05     0.022609311       2.9736733      0.96827642     0.019767611        1.002838      -24.280118       -24.280118       2465.2743                                                 2465.2743
              2       1209.2363     0.099239145      0.29101228   8.7749993e-05     0.022420922       2.9896829       0.9701127      0.03190271       1.0014133      -24.280118       -24.280118       2467.0328                                                 2467.0328
              4       1210.6897      0.16391864      0.28966404   8.7780572e-05     0.022425034       3.0129617       0.9722751       0.0432857       1.0022794      -24.280118       -24.280118       2469.9396                                                 2469.9396
              2       1210.6969      0.13089177       0.2909238   8.7868289e-05     0.022466694       3.0335892      0.97009702     0.051685576       1.0039443      -24.280118       -24.280118       2469.9541                                                 2469.9541
              1       1207.9685      0.29838971       0.2963618   8.9570381e-05     0.022551259       3.0285756      0.96645527     0.049952296       1.0024685      -24.280118       -24.280118       2464.4972                                                 2464.4972
              2       1207.3857      0.33644946      0.29626298   8.9708221e-05     0.022607687       3.0306955      0.96807294     0.052111776       1.0017389      -24.280118       -24.280118       2463.3316                                                 2463.3316
              2       1208.4138      0.21267912      0.29491728   8.9081973e-05     0.022440531       3.0237993      0.96633638     0.047320808       1.0023982      -24.280118       -24.280118       2465.3879                                                 2465.3879
              4        1208.848      0.45465538      0.30654174   9.2536585e-05     0.022352759       3.0338988      0.97046534      0.04891328        1.006049      -24.280118       -24.280118       2466.2562                                                 2466.2562
              4       1207.6545      0.52588608       0.3091052   9.3399265e-05     0.022298979       3.0164115      0.97047798     0.041135178       1.0056008      -24.280118       -24.280118       2463.8692                                                 2463.8692
              4       1207.3231      0.49851343      0.30493907   9.2193691e-05     0.022436806       3.0250192      0.97183589     0.045375538       1.0054357      -24.280118       -24.280118       2463.2065                                                 2463.2065
              1        1207.474      0.59825361      0.30784603   9.3263568e-05     0.022358425       3.0152405      0.97284474     0.045184899       1.0012594      -24.280118       -24.280118       2463.5082                                                 2463.5082
              4       1206.2629       0.5617536      0.30780107   9.3079263e-05     0.022357428       3.0019018      0.97116786     0.038709862       1.0008176      -24.280118       -24.280118       2461.0861                                                 2461.0861
              4       1205.6758      0.47284206      0.30660942   9.2415476e-05     0.022357442       3.0075051      0.96864856     0.043058568      0.99812759      -24.280118       -24.280118       2459.9118                                                 2459.9118
              2       1206.2023      0.56537243      0.30768502   9.2800565e-05     0.022541834       3.0228449       0.9694973     0.049473639      0.99931628      -24.280118       -24.280118       2460.9648                                                 2460.9648
              4       1208.3587      0.63410805      0.31693751   9.4834948e-05     0.022512888       3.0064158      0.96844875     0.042309812      0.99683824      -24.280118       -24.280118       2465.2777                                                 2465.2777
              2       1209.2965      0.71604696      0.31883676    9.558607e-05     0.022548068       2.9930546      0.96859523     0.035094768      0.99775314      -24.280118       -24.280118       2467.1533                                                 2467.1533
              2       1208.5714      0.69915492      0.31781536   9.5325919e-05     0.022539644       2.9947128      0.96843282     0.035240442      0.99849614      -24.280118       -24.280118       2465.7031                                                 2465.7031
              7       1206.6518      0.59719277      0.31644541   9.4731032e-05     0.022439964        2.999988      0.96723365       0.0386717      0.99724489      -24.280118       -24.280118       2461.8638                                                 2461.8638
              3       1206.1248       0.5289342      0.31376776    9.382737e-05     0.022510236       2.9978678       0.9670027     0.038183769      0.99620821      -24.280118       -24.280118       2460.8099                                                 2460.8099
              1       1206.1304        0.549902      0.31512329   9.4229328e-05     0.022501033       2.9937754      0.96875762     0.035719931      0.99660649      -24.280118       -24.280118        2460.821                                                  2460.821
              5       1206.9225        0.430655      0.30748535    9.214808e-05     0.022490245       2.9797827      0.97135416     0.029094596      0.99677132      -24.280118       -24.280118       2462.4052                                                 2462.4052
              2       1207.8706      0.26881338      0.30130084   9.0194522e-05     0.022559829       2.9754554      0.97197105     0.026287989      0.99700138      -24.280118       -24.280118       2464.3015                                                 2464.3015
              2        1206.672      0.31279962      0.30183742   9.0588255e-05     0.022538397       2.9795653      0.97277973     0.027299282       0.9985006      -24.280118       -24.280118       2461.9043                                                 2461.9043
              1       1206.8354      0.32049878      0.30233562   9.0717224e-05     0.022540478       2.9771022      0.97252902     0.025946135      0.99850344      -24.280118       -24.280118       2462.2311                                                 2462.2311
              1       1206.9798      0.32222026       0.3028974   9.0879112e-05     0.022515869       2.9765737       0.9726593     0.026375746      0.99778884      -24.280118       -24.280118       2462.5198                                                 2462.5198
              1        1208.185      0.29706946      0.30204681   9.0529197e-05     0.022557263       2.9731713      0.97293154     0.024573316      0.99756716      -24.280118       -24.280118       2464.9302                                                 2464.9302
              6       1208.7358        0.344392      0.30212283   9.0804003e-05     0.022487541       2.9503429      0.97422079     0.014623976      0.99752105      -24.280118       -24.280118       2466.0318                                                 2466.0318
              6       1208.5364      0.34654809      0.30189875    9.076752e-05     0.022496823       2.9512314      0.97438921     0.014557096      0.99810386      -24.280118       -24.280118        2465.633                                                  2465.633
              1       1208.5636      0.34426351      0.30185967   9.0750373e-05      0.02249632       2.9512411      0.97443839     0.014595988      0.99806923      -24.280118       -24.280118       2465.6874                                                 2465.6874
              3       1207.0738      0.31396872      0.30202176   9.0701559e-05     0.022474886       2.9553118      0.97380787     0.014280195       1.0004473      -24.280118       -24.280118       2462.7078                                                 2462.7078
              1       1206.8866      0.39907519      0.30369391   9.1420432e-05     0.022486905       2.9487322      0.97341748     0.012757086      0.99917248      -24.280118       -24.280118       2462.3335                                                 2462.3335
              2       1209.6798      0.43882288      0.30391255   9.1869279e-05     0.022363019       2.9475106      0.97639114     0.012895612      0.99936032      -24.280118       -24.280118       2467.9197                                                 2467.9197
              3       1209.2283      0.42543646      0.30363575   9.1776784e-05     0.022365097       2.9467461      0.97644979     0.012896112      0.99922608      -24.280118       -24.280118       2467.0169                                                 2467.0169
              4       1208.7459      0.46135609      0.30568307   9.2361952e-05     0.022335754       2.9497164      0.97616875     0.014079252      0.99968651      -24.280118       -24.280118       2466.0521                                                 2466.0521
              2        1209.243      0.34687727      0.30181687     9.08481e-05     0.022465589       2.9555377      0.97768985      0.01535402       1.0002551      -24.280118       -24.280118       2467.0462                                                 2467.0462
              2       1208.6337       0.3461206      0.30037527   9.0536323e-05     0.022558613       2.9539258      0.97725346     0.014396137         1.00071      -24.280118       -24.280118       2465.8275                                                 2465.8275
              1       1209.0552       0.3158895      0.29913869   9.0269639e-05     0.022514155       2.9695493        0.977244     0.019668944       1.0033307      -24.280118       -24.280118       2466.6706                                                 2466.6706
              1       1207.6219      0.28644399      0.29935488   9.0237062e-05     0.022472103       2.9698774      0.97546671     0.020397759       1.0024342      -24.280118       -24.280118        2463.804                                                  2463.804
              1       1207.5584      0.28758591      0.29932487   9.0254572e-05     0.022456422       2.9737681      0.97629234     0.022993195       1.0019534      -24.280118       -24.280118       2463.6771                                                 2463.6771
              4       1207.7197      0.35563175      0.29562712   8.9830357e-05     0.022571718       3.0084768      0.97576075     0.040593963       1.0042419      -24.280118       -24.280118       2463.9997                                                 2463.9997
              5       1208.5068      0.37607959      0.29468657   8.9603018e-05     0.022641365       3.0228224      0.97612387     0.046363265       1.0048505      -24.280118       -24.280118       2465.5738                                                 2465.5738
              1       1208.4238      0.44618607      0.29982278   9.1257255e-05     0.022290453       3.0163524       0.9771218     0.048006197        1.001573      -24.280118       -24.280118       2465.4079                                                 2465.4079
              7       1208.4329       0.4457597      0.29981438   9.1253389e-05     0.022290418       3.0162742      0.97711982     0.047967675       1.0015677      -24.280118       -24.280118        2465.426                                                  2465.426
              4       1207.9514      0.40532303      0.29876496   9.0867908e-05     0.022297385        3.011467      0.97635644     0.045626427       1.0014852      -24.280118       -24.280118       2464.4631                                                 2464.4631
              3       1205.9009      0.42598238      0.30197477   9.1568392e-05     0.022286938       3.0080444      0.97448889     0.043581911       1.0010877      -24.280118       -24.280118       2460.3619                                                 2460.3619
              1       1205.3418      0.37924484      0.30036952   9.1035757e-05     0.022307884       3.0127219      0.97447392     0.045862272       1.0007926      -24.280118       -24.280118       2459.2439                                                 2459.2439
              1       1205.7237      0.37581166      0.29982069   9.0924146e-05     0.022302857       3.0137279      0.97431121     0.046290931       1.0009087      -24.280118       -24.280118       2460.0076                                                 2460.0076
             14       1205.7551      0.36205707      0.29905304   9.0714887e-05     0.022311357       3.0115488      0.97433442     0.045276042       1.0008937      -24.280118       -24.280118       2460.0705                                                 2460.0705
              3       1204.8001       0.3076997      0.29774653   9.0123276e-05     0.022374385       3.0111733      0.97498648     0.045354032       1.0002843      -24.280118       -24.280118       2458.1605                                                 2458.1605
              2       1204.3965      0.30407831      0.30406572   9.1356007e-05      0.02226084       2.9872736      0.97107443     0.034111675      0.99827527      -24.280118       -24.280118       2457.3532                                                 2457.3532
              1       1203.7396      0.36325665      0.30666213   9.2174997e-05     0.022263531        2.989205      0.97152733     0.035118183      0.99796912      -24.280118       -24.280118       2456.0394                                                 2456.0394
              4       1203.6993      0.35655336      0.30613642   9.2044149e-05     0.022262546       2.9909169      0.97152094       0.0359067      0.99811003      -24.280118       -24.280118       2455.9589                                                 2455.9589
              1       1204.0875      0.35854798      0.30616217   9.2076776e-05     0.022244304       2.9897235      0.97172063     0.035387064      0.99807982      -24.280118       -24.280118       2456.7352                                                 2456.7352
              3       1204.3083      0.30494747      0.30478183   9.1523861e-05     0.022259355       2.9939514      0.97269509     0.036155607      0.99888451      -24.280118       -24.280118       2457.1769                                                 2457.1769
              9       1204.1881      0.27395623      0.30082238   9.0598747e-05     0.022322927       3.0031912      0.97365062     0.041662404      0.99822016      -24.280118       -24.280118       2456.9364                                                 2456.9364
              2       1204.1784      0.24448846      0.29834287   8.9965541e-05     0.022395778       3.0169795      0.97292376     0.047751423       0.9991952      -24.280118       -24.280118        2456.917                                                  2456.917
              3       1204.4479      0.28830585      0.29770241   8.9974049e-05     0.022470982       3.0170138      0.97437132     0.048703468      0.99848789      -24.280118       -24.280118       2457.4561                                                 2457.4561
              1       1204.4102      0.28867703      0.29774203   8.9982722e-05     0.022471674       3.0169204      0.97437465     0.048611077      0.99852172      -24.280118       -24.280118       2457.3806                                                 2457.3806
              2       1203.3468      0.27490665      0.29742436   8.9711068e-05     0.022534663       3.0116071      0.97305025     0.045499359      0.99861125      -24.280118       -24.280118       2455.2539                                                 2455.2539
              1       1203.7323      0.25089145      0.29638322   8.9412125e-05     0.022516366       3.0125925      0.97372387     0.046183374      0.99880717      -24.280118       -24.280118       2456.0248                                                 2456.0248
              2       1204.3182      0.36321309      0.30468807   9.1723402e-05     0.022296942       2.9973616      0.96803564     0.040038775      0.99772585      -24.280118       -24.280118       2457.1966                                                 2457.1966
              6       1204.3512      0.35863727      0.30480561    9.174038e-05     0.022286795       2.9959331      0.96803637     0.039349223      0.99766677      -24.280118       -24.280118       2457.2626                                                 2457.2626
              4       1205.5617      0.21764804      0.30130909   9.0329726e-05     0.022289408       2.9963784      0.96950126     0.039227983      0.99716776      -24.280118       -24.280118       2459.6836                                                 2459.6836
              3       1205.1453      0.22177155      0.30455545   9.0934553e-05     0.022311618       3.0050424      0.96777814     0.042186048      0.99797623      -24.280118       -24.280118       2458.8509                                                 2458.8509
              2       1204.8724      0.22890541      0.30471088   9.0995269e-05     0.022314864       3.0033915      0.96832492     0.041482486      0.99788908      -24.280118       -24.280118        2458.305                                                  2458.305
              4       1204.5532      0.30409563      0.30629156   9.1669742e-05     0.022295109       3.0064313      0.96902347     0.042699621      0.99876743      -24.280118       -24.280118       2457.6666                                                 2457.6666
             15       1204.5145      0.41602699      0.30824639   9.2372772e-05     0.022428314       3.0205598      0.97006622     0.051464536      0.99669424      -24.280118       -24.280118       2457.5892                                                 2457.5892
              4       1205.4233      0.28132782      0.30375008    9.088228e-05     0.022448798       3.0295981      0.97130295     0.053043802      0.99910716      -24.280118       -24.280118       2459.4068                                                 2459.4068
              7       1205.1004      0.30495842      0.30383696   9.0985451e-05     0.022472561       3.0302295      0.97154567     0.053702731      0.99891994      -24.280118       -24.280118       2458.7611                                                 2458.7611
              4       1202.7087      0.32016655      0.30672423   9.1874031e-05     0.022343828       3.0060366      0.96951232     0.041559204      0.99883808      -24.280118       -24.280118       2453.9776                                                 2453.9776
              2       1202.7666      0.31430617      0.30657924    9.182406e-05     0.022338416       3.0058553      0.96937164     0.041596354      0.99872183      -24.280118       -24.280118       2454.0934                                                 2454.0934
              4       1203.0453       0.3097003      0.30621265    9.176279e-05     0.022326713       3.0082619      0.96999439     0.043319131      0.99828993      -24.280118       -24.280118       2454.6508                                                 2454.6508
             13       1203.1631      0.27312911       0.3051823   9.1397946e-05     0.022310346       3.0036614      0.96970544      0.04070266      0.99854139      -24.280118       -24.280118       2454.8865                                                 2454.8865
             11       1203.1481      0.27461234      0.30549624   9.1471744e-05     0.022309636       3.0032152      0.96940221     0.040459386      0.99856716      -24.280118       -24.280118       2454.8563                                                 2454.8563
              1       1203.2203       0.2528379      0.30535183    9.132691e-05     0.022320916       2.9997413      0.96751635     0.037907683      0.99897496      -24.280118       -24.280118       2455.0008                                                 2455.0008
              2         1203.09      0.26561351      0.30184415   9.0678517e-05     0.022416793        3.010509       0.9683266     0.043945685      0.99987912      -24.280118       -24.280118       2454.7403                                                 2454.7403
              1       1203.1151      0.25673404      0.30154317   9.0567748e-05     0.022422332       3.0113909      0.96832157     0.044390513      0.99981473      -24.280118       -24.280118       2454.7905                                                 2454.7905
              1       1203.1849      0.26211127      0.30182553   9.0655655e-05     0.022417667       3.0123068      0.96815757     0.045010103      0.99966139      -24.280118       -24.280118         2454.93                                                   2454.93
              1       1203.3233      0.26424451      0.30091475   9.0499117e-05     0.022414137       3.0148552      0.96859573     0.045680569       1.0003409      -24.280118       -24.280118       2455.2069                                                 2455.2069
              6       1203.7048      0.28991021      0.30255294   9.0945827e-05     0.022400657       3.0210244      0.96906189     0.048176803       1.0009884      -24.280118       -24.280118       2455.9698                                                 2455.9698
              1       1203.1019      0.32460608      0.30245068   9.1035182e-05     0.022427114       3.0208656      0.97097285     0.048973667       1.0004324      -24.280118       -24.280118       2454.7641                                                 2454.7641
              3       1203.0998      0.35384865      0.30268888    9.122402e-05     0.022419566       3.0219583      0.97107694      0.04979987       1.0002577      -24.280118       -24.280118       2454.7598                                                 2454.7598
              6       1203.1478      0.35487721       0.3024895   9.1188369e-05     0.022422797       3.0217618      0.97105975     0.049440386       1.0005838      -24.280118       -24.280118       2454.8558                                                 2454.8558
              7       1202.7657      0.40425578      0.30325542   9.1361948e-05     0.022616619       3.0072039      0.97423694     0.042444341      0.99969056      -24.280118       -24.280118       2454.0917                                                 2454.0917
              6       1203.7986      0.31531637      0.30079394   9.0385328e-05     0.022645337       3.0055089      0.97478145      0.04265041       0.9979051      -24.280118       -24.280118       2456.1575                                                 2456.1575
              3       1203.8769      0.32916437       0.3008169   9.0473877e-05     0.022635156       3.0059075      0.97534077     0.043203399      0.99769012      -24.280118       -24.280118        2456.314                                                  2456.314
              1        1203.883      0.33581293      0.30203354   9.0725384e-05     0.022627071       2.9993824      0.97538671     0.039108185      0.99833996      -24.280118       -24.280118       2456.3263                                                 2456.3263
              7       1204.3795      0.56181938      0.30732313   9.2860868e-05     0.022566264       2.9884035      0.97547702     0.035172236      0.99737203      -24.280118       -24.280118       2457.3193                                                 2457.3193
              3       1206.4964      0.51623615      0.30634517   9.2547049e-05     0.022527555       2.9860309      0.97877831      0.03294373      0.99855148      -24.280118       -24.280118       2461.5529                                                 2461.5529
              1       1207.7919       0.3166481      0.30027182   9.0388966e-05     0.022463264       2.9710356      0.97730642       0.0240685      0.99955729      -24.280118       -24.280118        2464.144                                                  2464.144
              2        1207.567      0.31218439       0.2994277   9.0324887e-05     0.022443705       2.9593553      0.97678769     0.019799307      0.99892296      -24.280118       -24.280118       2463.6942                                                 2463.6942
              2       1208.7413       0.4064546       0.3024815   9.1247287e-05      0.02248511       2.9528855      0.97805355     0.016825491      0.99893237      -24.280118       -24.280118       2466.0429                                                 2466.0429
              4       1208.7621      0.44272334      0.30617569   9.2227871e-05     0.022385784       2.9549051      0.97782836     0.016790602      0.99995393      -24.280118       -24.280118       2466.0845                                                 2466.0845
              7       1208.6352      0.43519603      0.30615049    9.218852e-05     0.022382134       2.9540466      0.97760402     0.016336891      0.99985652      -24.280118       -24.280118       2465.8305                                                 2465.8305
              2       1208.3582      0.39395534      0.30576996    9.188739e-05     0.022400003       2.9567724      0.97623112     0.021271987      0.99537931      -24.280118       -24.280118       2465.2765                                                 2465.2765
              6       1203.6798      0.56090619      0.31358185   9.4080682e-05     0.022514145       2.9887642      0.97370727     0.034240993      0.99823145      -24.280118       -24.280118       2455.9199                                                 2455.9199
              7       1204.1179      0.37799634      0.30530172   9.1760117e-05     0.022468313        3.005373        0.976176      0.04492392      0.99660194      -24.280118       -24.280118        2456.796                                                  2456.796
              5       1203.7982      0.42017707      0.30691206    9.222807e-05      0.02249312       3.0058893      0.97523804     0.045688413      0.99624538      -24.280118       -24.280118       2456.1566                                                 2456.1566
              3       1203.2505      0.29950388      0.30237249   9.0857167e-05     0.022443427       3.0125053      0.97412909     0.046444331      0.99878461      -24.280118       -24.280118       2455.0613                                                 2455.0613
              1       1203.7805      0.35889171      0.30301643   9.1282525e-05     0.022383563       3.0110983      0.97485361     0.045255926      0.99856214      -24.280118       -24.280118       2456.1213                                                 2456.1213
              4       1204.2537      0.51864819      0.31217779   9.3851576e-05     0.022313745       3.0038502       0.9730646     0.038640405       1.0015214      -24.280118       -24.280118       2457.0677                                                 2457.0677
              5       1206.1322      0.46464733       0.3099648   9.2922895e-05     0.022589502       2.9754698      0.97177022     0.021413976        1.003644      -24.280118       -24.280118       2460.8246                                                 2460.8246
              4       1205.9347      0.31059333      0.30635479   9.1411525e-05     0.022656924       2.9832563      0.97046151     0.027081948       1.0004286      -24.280118       -24.280118       2460.4297                                                 2460.4297
              1       1206.2145      0.36896585      0.31003617    9.242333e-05     0.022546417         2.96804      0.97312889     0.020738527      0.99992603      -24.280118       -24.280118       2460.9892                                                 2460.9892
              2       1206.0112      0.34373151      0.30902799   9.2080161e-05     0.022511789       2.9659753      0.97192678     0.018911394       1.0001737      -24.280118       -24.280118       2460.5827                                                 2460.5827
              1       1206.0204      0.34389209      0.30904289   9.2083792e-05     0.022511732       2.9659597      0.97192296     0.018894451       1.0001809      -24.280118       -24.280118       2460.6011                                                 2460.6011
              4       1205.8745       0.3325363      0.30993573    9.219478e-05     0.022477735       2.9841674      0.97103486     0.027463764       1.0010485      -24.280118       -24.280118       2460.3092                                                 2460.3092
              2       1205.8502       0.3310645      0.30982169   9.2170402e-05     0.022476129       2.9831955       0.9710192     0.026906856       1.0011125      -24.280118       -24.280118       2460.2606                                                 2460.2606
              1       1205.7305      0.32812156      0.30943499   9.2079437e-05     0.022476221       2.9834355      0.97103261     0.027200976       1.0009895      -24.280118       -24.280118       2460.0213                                                 2460.0213
              2       1204.8366      0.33390148      0.30885261   9.2000724e-05     0.022496343       2.9870625      0.97104469     0.029193762       1.0007469      -24.280118       -24.280118       2458.2335                                                 2458.2335
              2       1204.4894      0.45159493      0.31321385   9.3483849e-05     0.022428438       2.9900579      0.96989908     0.030294877       1.0017021      -24.280118       -24.280118        2457.539                                                  2457.539
              6       1204.8715       0.4841884      0.31456576   9.3943026e-05     0.022398425       2.9871954      0.96987396     0.028841548         1.00189      -24.280118       -24.280118       2458.3031                                                 2458.3031
              2       1208.4567      0.44486224      0.31252683   9.3266491e-05     0.022399869        2.972973      0.97067195     0.020976698        1.003342      -24.280118       -24.280118       2465.4736                                                 2465.4736
              5       1208.4616      0.44487192      0.31253731   9.3268356e-05     0.022399847       2.9729729      0.97067009     0.020979505       1.0033381      -24.280118       -24.280118       2465.4835                                                 2465.4835
              1       1210.0815      0.46036544      0.31344229   9.3596901e-05     0.022328882        2.977351      0.97339635     0.022869451       1.0038278      -24.280118       -24.280118       2468.7233                                                 2468.7233
              1       1210.3692      0.37693112      0.31062097   9.2602184e-05      0.02233298       2.9777532      0.97305872     0.023069681        1.003121      -24.280118       -24.280118       2469.2985                                                 2469.2985
              2       1206.8491      0.42752647      0.31051756   9.2745045e-05     0.022441888       3.0027964      0.97375842     0.035876672        1.002493      -24.280118       -24.280118       2462.2585                                                 2462.2585
              3       1205.6928       0.3041505      0.30613073   9.1537616e-05     0.022367426       2.9903274      0.97027187     0.028410368       1.0032258      -24.280118       -24.280118       2459.9459                                                 2459.9459
             12       1206.8738      0.29170766       0.3030346   9.0816707e-05     0.022472879       3.0036166      0.97135739     0.032896564       1.0060591      -24.280118       -24.280118       2462.3078                                                 2462.3078
              2       1207.3064       0.1833244      0.30053201   8.9936233e-05     0.022405236       2.9896811      0.97018974     0.026804295       1.0053998      -24.280118       -24.280118       2463.1731                                                 2463.1731
              1       1207.2042      0.18292708      0.30033382   8.9896478e-05      0.02237623       2.9933247      0.97016118     0.029603549       1.0046438      -24.280118       -24.280118       2462.9685                                                 2462.9685
              1       1207.0953      0.18114389      0.30128558   9.0082195e-05     0.022363054       2.9937535      0.97030333     0.029908269       1.0044694      -24.280118       -24.280118       2462.7509                                                 2462.7509
              7       1203.1379       0.3437442      0.30656169   9.1931143e-05     0.022371416       2.9780819      0.96939316     0.026522198       1.0004811      -24.280118       -24.280118       2454.8361                                                 2454.8361
              1       1203.2203      0.29091288      0.30215546   9.0716512e-05     0.022501863       2.9935291      0.97247228        0.034017       1.0013667      -24.280118       -24.280118       2455.0009                                                 2455.0009
              1       1202.8858      0.30691316      0.30112937   9.0561897e-05     0.022548804       2.9994638      0.97220307     0.036779273       1.0014612      -24.280118       -24.280118       2454.3319                                                 2454.3319
              2       1204.2624        0.239427      0.29669342   8.9415409e-05     0.022512423       3.0019966      0.97347503     0.037637324        1.002079      -24.280118       -24.280118       2457.0851                                                 2457.0851
              7       1204.7568      0.30969447       0.2974501   8.9949971e-05     0.022508777        2.999443      0.97500973     0.036725194       1.0024603      -24.280118       -24.280118       2458.0739                                                 2458.0739
              1       1207.7108      0.66295986      0.30225218    9.241146e-05     0.022652194       3.0205759      0.97693196     0.050983415       1.0010029      -24.280118       -24.280118       2463.9818                                                 2463.9818
              1       1207.8305      0.75991986      0.30928334   9.4240456e-05     0.022572167       3.0112014      0.97574323     0.045819063       1.0011931      -24.280118       -24.280118       2464.2212                                                 2464.2212
              1       1208.6403      0.77977493      0.30948028   9.4383433e-05     0.022577467       3.0120517      0.97624261     0.045995262       1.0016305      -24.280118       -24.280118       2465.8408                                                 2465.8408
              4        1210.063      0.76998949      0.30531987   9.3356557e-05     0.022702673        3.023658      0.97787354     0.051255808       1.0017246      -24.280118       -24.280118       2468.6862                                                 2468.6862
              1       1209.0784      0.54894203      0.29851529   9.0899821e-05     0.022780405       3.0212369      0.98009115     0.047737224       1.0037028      -24.280118       -24.280118       2466.7169                                                 2466.7169
              1       1209.6467        0.551017      0.29768735   9.0744554e-05     0.022793512        3.020833      0.98061998     0.048409369       1.0031501      -24.280118       -24.280118       2467.8537                                                 2467.8537
              1       1210.0257      0.51676964      0.29594935   9.0261478e-05     0.022821415       3.0170739      0.97909511     0.046247291       1.0033458      -24.280118       -24.280118       2468.6117                                                 2468.6117
              1       1207.5435       0.3868688      0.29378671    8.921939e-05     0.022802541       3.0232268      0.97616418     0.050744117       1.0002969      -24.280118       -24.280118       2463.6472                                                 2463.6472
              1       1206.3672      0.34270931      0.29338583   8.9090391e-05     0.022715361       3.0098929      0.97360829     0.044738607      0.99981866      -24.280118       -24.280118       2461.2947                                                 2461.2947
              2       1207.1816      0.34055336      0.29261079   8.8946249e-05     0.022727267       3.0138249      0.97372327     0.046840204      0.99988949      -24.280118       -24.280118       2462.9235                                                 2462.9235
              1       1207.2039      0.40369465      0.29481196   8.9579382e-05     0.022781148        3.011587      0.97290287     0.047059025      0.99872644      -24.280118       -24.280118        2462.968                                                  2462.968
              1       1205.1273      0.47512403      0.30738803   9.2655734e-05     0.022537533       3.0206331      0.97140791     0.051645015      0.99872502      -24.280118       -24.280118       2458.8148                                                 2458.8148
              9       1206.8342      0.63548179      0.31476016   9.4801237e-05     0.022629062       3.0122576      0.96877932     0.043550173       1.0010472      -24.280118       -24.280118       2462.2287                                                 2462.2287
              2       1206.8385      0.62544547       0.3143993    9.469659e-05     0.022624872       3.0115432      0.96871017     0.043555523       1.0006736      -24.280118       -24.280118       2462.2372                                                 2462.2372
              1       1208.0138      0.58547475      0.31692058   9.5160363e-05     0.022439185       2.9997087      0.96525823     0.034464523       1.0025725      -24.280118       -24.280118       2464.5878                                                 2464.5878
              1       1207.8398      0.60753057      0.31727378   9.5331954e-05     0.022440576       3.0013894      0.96538525      0.03556105       1.0023323      -24.280118       -24.280118       2464.2398                                                 2464.2398
              9       1208.7194      0.62590771      0.31662322   9.5331433e-05      0.02244214       2.9983916      0.96467247     0.034368303       1.0025226      -24.280118       -24.280118       2465.9991                                                 2465.9991
              5       1209.1732      0.74282298      0.31648772   9.5806679e-05     0.022443359       3.0004823      0.96410422     0.039392212      0.99962166      -24.280118       -24.280118       2466.9066                                                 2466.9066
              5       1208.9693      0.73353709      0.31563794   9.5565692e-05     0.022466364       2.9991659      0.96415132     0.038907137      0.99937122      -24.280118       -24.280118       2466.4988                                                 2466.4988
              5       1209.0018      0.78099489      0.31787826   9.6060408e-05     0.022543718       3.0100375      0.96438582     0.044327808      0.99917843      -24.280118       -24.280118       2466.5638                                                 2466.5638
              3       1212.0545      0.77468199      0.31813795   9.6026174e-05     0.022590851       3.0303754      0.96288083     0.052983814      0.99946098      -24.280118       -24.280118       2472.6693                                                 2472.6693
              1       1210.4178       0.6849091      0.31571006   9.5161081e-05     0.022532692       3.0365129      0.96368573     0.056192072      0.99920696      -24.280118       -24.280118       2469.3959                                                 2469.3959
              3       1213.6259      0.78740668      0.31319291   9.4971871e-05     0.022727068       3.0585397      0.97009172     0.068706699      0.99916823      -24.280118       -24.280118        2475.812                                                  2475.812
              2       1215.2724      0.69093229      0.30910828    9.366282e-05     0.022817414       3.0626584      0.96960933     0.070177075       0.9992955      -24.280118       -24.280118       2479.1051                                                 2479.1051
              1       1212.5532      0.66371403      0.31447227   9.4637476e-05     0.022823536         2.97528      0.96841484     0.026354768      0.99812268      -24.280118       -24.280118       2473.6666                                                 2473.6666
              3       1212.1863      0.64064132      0.31284245   9.4284544e-05     0.022794827       2.9744482      0.96799925     0.025528726      0.99908825      -24.280118       -24.280118       2472.9329                                                 2472.9329
              1        1212.122      0.67880948      0.31446328   9.4814066e-05     0.022743846       2.9996101       0.9653131     0.038943514      0.99728412      -24.280118       -24.280118       2472.8042                                                 2472.8042
             12       1212.0265      0.73276024      0.31748942   9.5517489e-05     0.022829476       3.0159552      0.96660109     0.047678702      0.99701045      -24.280118       -24.280118       2472.6132                                                 2472.6132
              1       1209.9239      0.62254465      0.31384526   9.4352913e-05     0.022782881       3.0113606      0.96705217     0.044572706      0.99799245      -24.280118       -24.280118       2468.4081                                                 2468.4081
              5       1209.7713      0.62561687      0.31436556   9.4469545e-05     0.022774809       3.0109997      0.96677688     0.044390222      0.99800382      -24.280118       -24.280118       2468.1028                                                 2468.1028
              6       1210.1175      0.57716896      0.31260325   9.3891713e-05     0.022783141       3.0123138      0.96679075     0.045510685      0.99745156      -24.280118       -24.280118       2468.7953                                                 2468.7953
              5       1209.0943       0.5485309      0.31217117   9.3693554e-05     0.022744526        3.012256      0.96633159     0.046037793       0.9969166      -24.280118       -24.280118       2466.7488                                                 2466.7488
              2       1209.1612       0.5454355      0.31264559   9.3781151e-05     0.022734775       3.0102438      0.96616042     0.045008932      0.99684577      -24.280118       -24.280118       2466.8826                                                 2466.8826
              2       1208.4361      0.52226027      0.31120741   9.3417397e-05     0.022727347       3.0117208      0.96703047     0.046338273      0.99684898      -24.280118       -24.280118       2465.4325                                                 2465.4325
              1       1209.1946      0.46581952      0.30778644    9.245611e-05      0.02278237       3.0136183      0.96783314     0.045841564      0.99813268      -24.280118       -24.280118       2466.9495                                                 2466.9495
              6       1207.5846      0.45729781      0.30662695   9.2164385e-05     0.022756607       3.0172579       0.9659981      0.04634041      0.99961193      -24.280118       -24.280118       2463.7295                                                 2463.7295
              4       1208.6395      0.43270059      0.30560302   9.1971335e-05     0.022713182        3.022989      0.96623983     0.048778887       1.0007687      -24.280118       -24.280118       2465.8393                                                 2465.8393
              1       1207.8436       0.4962401      0.30903895   9.2930851e-05     0.022679476       3.0328564      0.96876332     0.055102553      0.99970106      -24.280118       -24.280118       2464.2475                                                 2464.2475
              1       1206.6186      0.38489021      0.30765748   9.2357048e-05     0.022512482       3.0246374      0.96733588     0.052417839      0.99769766      -24.280118       -24.280118       2461.7974                                                 2461.7974
              7       1206.5333       0.4306601      0.31083481   9.3192407e-05     0.022419283       3.0310029      0.96555525     0.053663038      0.99950921      -24.280118       -24.280118       2461.6269                                                 2461.6269
              3       1206.7767      0.42615371      0.31065248   9.3139893e-05     0.022417938        3.032148      0.96554156     0.054235279      0.99949794      -24.280118       -24.280118       2462.1135                                                 2462.1135
              4       1206.8198      0.42020374      0.31084465   9.3150969e-05     0.022414076       3.0311941      0.96530542     0.053773025      0.99939899      -24.280118       -24.280118       2462.1999                                                 2462.1999
              1       1204.0917       0.4327259      0.31214628   9.3587973e-05     0.022246565       2.9971272      0.96919243     0.038232257      0.99800279      -24.280118       -24.280118       2456.7437                                                 2456.7437
              2        1204.153       0.3900595       0.3102369   9.3032748e-05     0.022265569       3.0014782      0.97131879     0.041628496      0.99754298      -24.280118       -24.280118       2456.8663                                                 2456.8663
              3       1204.5427      0.41554929       0.3112222   9.3366176e-05     0.022252838       3.0035403      0.97124122     0.042836809      0.99748647      -24.280118       -24.280118       2457.6457                                                 2457.6457
              2        1204.714       0.4158371      0.31186996   9.3485502e-05     0.022257817       3.0058987      0.97145883      0.04293278      0.99809876      -24.280118       -24.280118       2457.9882                                                 2457.9882
              1       1203.3644      0.44085668      0.31016984   9.3157488e-05     0.022332583       3.0165701      0.97061608     0.047296258       0.9989665      -24.280118       -24.280118        2455.289                                                  2455.289
              5       1203.3189      0.52561768      0.30906052   9.3353277e-05     0.022395284        3.013554      0.97333083     0.046025154      0.99962162      -24.280118       -24.280118       2455.1981                                                 2455.1981
             13       1203.9005      0.46670762      0.30789183   9.2860884e-05     0.022387834       3.0233566      0.97309414     0.051039481        0.999493      -24.280118       -24.280118       2456.3612                                                 2456.3612
              4       1203.5822      0.49145444      0.31042617    9.343202e-05     0.022406028       3.0182933      0.97254088     0.047307803         1.00027      -24.280118       -24.280118       2455.7247                                                 2455.7247
              1        1203.647      0.49062099      0.31065861   9.3430878e-05     0.022424273       3.0186695      0.97345321     0.048169677      0.99956079      -24.280118       -24.280118       2455.8542                                                 2455.8542
              2       1203.1954      0.55334434       0.3132719   9.4143159e-05     0.022466521       3.0160029      0.97081598     0.048530666      0.99781576      -24.280118       -24.280118       2454.9511                                                 2454.9511
              1       1202.8678      0.52347399      0.31242924    9.382516e-05      0.02246865       3.0110633       0.9705066     0.046188745       0.9973201      -24.280118       -24.280118       2454.2958                                                 2454.2958
              6       1203.4421      0.54958951      0.31376625   9.4193699e-05     0.022471127       3.0064352       0.9721619     0.044483657      0.99746818      -24.280118       -24.280118       2455.4445                                                 2455.4445
              1       1203.6089      0.56168258      0.31430213   9.4346751e-05     0.022470381        3.006455      0.97224598     0.044791603      0.99713254      -24.280118       -24.280118        2455.778                                                  2455.778
              2       1203.9333      0.44058875      0.31054232   9.3050499e-05     0.022450272       3.0090037      0.97289804     0.046691568      0.99622665      -24.280118       -24.280118       2456.4269                                                 2456.4269
              4       1203.8436      0.45600832      0.30966672   9.3033891e-05     0.022480894       2.9939149      0.97342118     0.038183454      0.99736339      -24.280118       -24.280118       2456.2474                                                 2456.2474
              4       1202.6406      0.38615455      0.30367485   9.1585103e-05      0.02246659       3.0029236      0.97354658     0.041735668       0.9988083      -24.280118       -24.280118       2453.8414                                                 2453.8414
              6       1203.3964      0.47243307      0.30345858   9.1632306e-05     0.022584336       3.0222391       0.9733291     0.049948329       1.0007054      -24.280118       -24.280118        2455.353                                                  2455.353
              2       1203.4368      0.46837848      0.30310873   9.1550881e-05      0.02258556       3.0222393      0.97328772     0.050007566       1.0007134      -24.280118       -24.280118       2455.4339                                                 2455.4339
              2       1203.9489      0.53699743      0.30578927   9.2607577e-05     0.022481416       3.0113957      0.97110069     0.044642278       1.0013572      -24.280118       -24.280118       2456.4581                                                 2456.4581
              6       1207.1153      0.46452975      0.30315187   9.1709646e-05      0.02241934       2.9953002      0.97122458     0.037678832       1.0008191      -24.280118       -24.280118       2462.7908                                                 2462.7908
              1       1207.3136      0.47897254      0.30412907   9.1931423e-05     0.022467404       2.9750719      0.97035177       0.0256009       1.0021118      -24.280118       -24.280118       2463.1875                                                 2463.1875
              5       1207.7079      0.48962323      0.30434824   9.2040638e-05     0.022452231       2.9743119      0.97070916     0.025224483       1.0022397      -24.280118       -24.280118       2463.9761                                                 2463.9761
              1       1207.6041      0.29582423      0.29562326   8.9544994e-05     0.022415712       2.9751687      0.97241355     0.026757311       1.0002051      -24.280118       -24.280118       2463.7684                                                 2463.7684
              1       1207.1687      0.37460049      0.29890817   9.0600528e-05     0.022394258       2.9665078      0.97330202     0.023729483      0.99907648      -24.280118       -24.280118       2462.8977                                                 2462.8977
              1       1207.2413      0.36532151      0.29868852   9.0518804e-05     0.022392657         2.96543      0.97306197     0.023387199      0.99886272      -24.280118       -24.280118       2463.0428                                                 2463.0428
              1       1207.4401      0.36198062      0.29858209   9.0439407e-05     0.022415691       2.9625484      0.97281788     0.021619366      0.99879854      -24.280118       -24.280118       2463.4405                                                 2463.4405
              6       1205.2222      0.50010879      0.30489962   9.2166832e-05     0.022482796       2.9725509      0.97012831     0.027340575      0.99775222      -24.280118       -24.280118       2459.0047                                                 2459.0047
              5       1205.0964      0.50740382      0.30490327   9.2227274e-05     0.022501257       2.9698177      0.97180358     0.026619348      0.99745192      -24.280118       -24.280118       2458.7529                                                 2458.7529
              1       1204.4537      0.47254088      0.30751583   9.2524441e-05     0.022468803       2.9652462      0.97181795     0.021777614      0.99874561      -24.280118       -24.280118       2457.4677                                                 2457.4677
              3       1204.5132      0.45321946      0.30703932   9.2331832e-05     0.022475498       2.9628464       0.9715029     0.020780053      0.99838148      -24.280118       -24.280118       2457.5866                                                 2457.5866
              3       1205.7563      0.47459251      0.30962326   9.3025378e-05     0.022389459        2.954417       0.9697902     0.018434825      0.99661218      -24.280118       -24.280118       2460.0729                                                 2460.0729
              1       1206.8542      0.52446893      0.30911002   9.2887378e-05     0.022570382       2.9682056      0.96925704     0.027603611      0.99427651      -24.280118       -24.280118       2462.2687                                                 2462.2687
              4       1206.5771      0.52887023      0.30938548   9.2968349e-05     0.022568109       2.9694982      0.96883508     0.027974469      0.99457259      -24.280118       -24.280118       2461.7145                                                 2461.7145
             10       1207.1769      0.45225823      0.30857326   9.2551946e-05     0.022529401       2.9673145      0.96708381     0.027600296      0.99292565      -24.280118       -24.280118       2462.9141                                                 2462.9141
              2       1210.6811      0.40820476      0.30166394   9.1170234e-05     0.022489283       2.9546284      0.97075621     0.024938305      0.99191583      -24.280118       -24.280118       2469.9225                                                 2469.9225
              1       1210.6326      0.42091814      0.30087626   9.1041875e-05     0.022535837       2.9532976      0.96939812     0.023014073      0.99323141      -24.280118       -24.280118       2469.8255                                                 2469.8255
              6       1209.5961      0.61901057      0.30299367   9.2400107e-05     0.022496279       2.9780291      0.97560172      0.03156664      0.99860984      -24.280118       -24.280118       2467.7524                                                 2467.7524
              2       1208.5372      0.41128598      0.29808211   9.0285337e-05     0.022554865       2.9748905      0.97108556     0.029739483      0.99718624      -24.280118       -24.280118       2465.6347                                                 2465.6347
              2       1206.7457      0.41240876      0.29975957   9.0597721e-05     0.022569194       2.9777782      0.97093329     0.031367295       0.9967007      -24.280118       -24.280118       2462.0517                                                 2462.0517
              1       1207.3199      0.44843479      0.30041542   9.0885122e-05     0.022571538       2.9776045      0.97156653      0.03150591      0.99693923      -24.280118       -24.280118          2463.2                                                    2463.2
              6       1207.8295      0.43215513       0.3019923   9.1124627e-05     0.022580558       2.9667643      0.96879219     0.025343957      0.99743267      -24.280118       -24.280118       2464.2193                                                 2464.2193
              4       1207.5516      0.35299603      0.29885599   9.0086645e-05     0.022616055       2.9720317       0.9692476     0.027041476       0.9979166      -24.280118       -24.280118       2463.6634                                                 2463.6634
              2       1207.4247      0.35020245      0.29814276   9.0016816e-05     0.022569753        2.975642      0.96880854     0.028038205      0.99896362      -24.280118       -24.280118       2463.4097                                                 2463.4097
              1       1205.6195      0.35247849       0.2995893   9.0367471e-05     0.022517307        2.985288      0.96827339     0.033860678      0.99760346      -24.280118       -24.280118       2459.7992                                                 2459.7992
              1       1204.2641      0.38049997      0.30104908   9.0798711e-05     0.022511565       2.9899398      0.96937501     0.035381543      0.99866258      -24.280118       -24.280118       2457.0884                                                 2457.0884
             11       1203.9606      0.43932544      0.30553111   9.1762386e-05     0.022696353       3.0035927      0.96734455     0.041661975      0.99719337      -24.280118       -24.280118       2456.4814                                                 2456.4814
              1       1204.7515      0.41157012      0.30297383   9.1015708e-05     0.022767847       3.0054457      0.96960125     0.043685841      0.99644374      -24.280118       -24.280118       2458.0633                                                 2458.0633
              1       1204.7342      0.43800792      0.30197292   9.0980542e-05     0.022766329       3.0049243       0.9702322     0.044015045      0.99643684      -24.280118       -24.280118       2458.0286                                                 2458.0286
              6       1204.8291      0.43056074      0.30165654   9.0882921e-05     0.022767851       3.0042627      0.97024588     0.043681429      0.99637499      -24.280118       -24.280118       2458.2185                                                 2458.2185
              1       1204.9213      0.42339108      0.30068064   9.0738214e-05     0.022743616       2.9968849      0.97076713      0.04077447      0.99595306      -24.280118       -24.280118       2458.4029                                                 2458.4029
              2       1204.1215      0.56302817      0.30522062   9.2368775e-05     0.022728637       3.0065714      0.97145732     0.044236604      0.99805741      -24.280118       -24.280118       2456.8033                                                 2456.8033
              5       1204.9216      0.61149323      0.30394153   9.2331656e-05     0.022670095       3.0046652       0.9737651     0.041628124       1.0003247      -24.280118       -24.280118       2458.4034                                                 2458.4034
              3       1204.0014      0.57258027        0.304899    9.237471e-05     0.022633264       2.9961263        0.974182     0.037090518        1.000646      -24.280118       -24.280118       2456.5631                                                 2456.5631
              2       1203.2996      0.57641968      0.30641039   9.2705403e-05     0.022626985       2.9952388      0.97430736     0.038822677      0.99802962      -24.280118       -24.280118       2455.1594                                                 2455.1594
              7       1202.3796       0.4544452       0.3083616   9.2714339e-05     0.022406108       3.0059673      0.97188486     0.040389237       1.0011063      -24.280118       -24.280118       2453.3194                                                 2453.3194
              2       1202.3393      0.35745647      0.30692859   9.1902183e-05      0.02242483       3.0055064      0.96970666      0.04137463      0.99890577      -24.280118       -24.280118       2453.2389                                                 2453.2389
              3       1202.4551       0.3341553      0.30244001   9.0876427e-05     0.022529918       3.0147532      0.97221731     0.047346308      0.99800816      -24.280118       -24.280118       2453.4705                                                 2453.4705
              8       1203.9072      0.50644333      0.30980629   9.3104518e-05     0.022598404       3.0105202      0.96956803     0.046018953      0.99635166      -24.280118       -24.280118       2456.3746                                                 2456.3746
              4       1203.4773      0.67735506      0.31546544   9.5046815e-05     0.022524016       3.0029762      0.97221756     0.042529881      0.99743396      -24.280118       -24.280118       2455.5149                                                 2455.5149
              4       1203.3838      0.66443752      0.31515156   9.4950629e-05     0.022520879       3.0032769      0.97184343     0.043146285      0.99716053      -24.280118       -24.280118       2455.3278                                                 2455.3278
              1       1205.0214      0.67402873      0.31256868   9.4518679e-05     0.022447621       3.0035708      0.97253644     0.044612911      0.99702995      -24.280118       -24.280118       2458.6031                                                 2458.6031
              1       1205.1994      0.69209377      0.31184638   9.4341373e-05     0.022541512       3.0055487      0.97177532     0.045164809      0.99735276      -24.280118       -24.280118       2458.9591                                                 2458.9591
              3       1205.3389      0.68570934       0.3125508   9.4439067e-05     0.022529449       3.0051323      0.97106671     0.045058043      0.99700387      -24.280118       -24.280118       2459.2381                                                 2459.2381
              7       1203.8248      0.58124479       0.3116643   9.3647681e-05      0.02261309        3.024624      0.97078058       0.0516881      0.99827219      -24.280118       -24.280118       2456.2098                                                 2456.2098
              3       1203.2433      0.58212983      0.31107988   9.3574721e-05     0.022596931        3.021198      0.97044226     0.050124543      0.99844309      -24.280118       -24.280118       2455.0469                                                 2455.0469
              5       1203.2839      0.56831393      0.31159143   9.3585342e-05      0.02260214       3.0175764      0.96935833     0.048216045      0.99820366      -24.280118       -24.280118       2455.1279                                                 2455.1279
              3       1202.9287      0.50229887      0.30963002   9.2900771e-05     0.022600765       3.0128232      0.96867862     0.046140111      0.99761309      -24.280118       -24.280118       2454.4177                                                 2454.4177
              3       1202.9837      0.51279929      0.31341545   9.3832378e-05     0.022492912       2.9986572      0.96749941     0.038711463       0.9981344      -24.280118       -24.280118       2454.5276                                                 2454.5276
              1       1202.9253      0.51738255      0.31156903   9.3470709e-05      0.02252638       2.9970828      0.96813454     0.038133027      0.99864589      -24.280118       -24.280118       2454.4109                                                 2454.4109
              2       1203.2619      0.52816571        0.311763    9.345635e-05      0.02261415        2.991038      0.96989519     0.034282193      0.99913294      -24.280118       -24.280118        2455.084                                                  2455.084
              2       1205.4673      0.55192476      0.31506361    9.412335e-05     0.022566964       2.9938137      0.96889454     0.031868374       1.0022039      -24.280118       -24.280118       2459.4949                                                 2459.4949
              3       1207.3901      0.63575029      0.31998386   9.5542525e-05     0.022516693        2.991311      0.96878306     0.030855201       1.0022717      -24.280118       -24.280118       2463.3405                                                 2463.3405
              4       1208.4056      0.50674111      0.31770959   9.4691611e-05     0.022323362       2.9712976      0.96781583     0.022091063       1.0013408      -24.280118       -24.280118       2465.3714                                                 2465.3714
              2       1208.7821      0.43249119      0.31497523   9.3641662e-05     0.022460627       2.9616417      0.96674418     0.017618404       1.0006536      -24.280118       -24.280118       2466.1245                                                 2466.1245
              4       1208.6716      0.32655314      0.30880978   9.2018214e-05     0.022432697        2.962772       0.9664983     0.016784509       1.0024647      -24.280118       -24.280118       2465.9034                                                 2465.9034
              1       1208.1529       0.3038255      0.30836953   9.1808852e-05     0.022471314       2.9622238      0.96649695     0.016122647       1.0025641      -24.280118       -24.280118       2464.8661                                                 2464.8661
              2       1208.2008      0.30316193       0.3084292   9.1822786e-05     0.022468038       2.9618087      0.96642661     0.015909367       1.0025793      -24.280118       -24.280118       2464.9619                                                 2464.9619
              1       1207.3494      0.30086869       0.3068007   9.1507824e-05     0.022477866       2.9526625      0.96710885     0.012512445       1.0015669      -24.280118       -24.280118       2463.2591                                                 2463.2591
             11       1207.7357      0.30040137      0.30823096   9.1790467e-05     0.022447586       2.9492004      0.96791029     0.011425479       1.0008416      -24.280118       -24.280118       2464.0317                                                 2464.0317
              1       1205.0547      0.29083955      0.30532197   9.1299506e-05     0.022459291       2.9601729      0.96729697     0.017289402       1.0006533      -24.280118       -24.280118       2458.6697                                                 2458.6697
              3       1205.2479      0.39699214      0.30868367   9.2372137e-05     0.022483076       2.9557216      0.96720527     0.016647533      0.99905705      -24.280118       -24.280118        2459.056                                                  2459.056
              1       1205.8803      0.39319337        0.309432   9.2556958e-05     0.022452126       2.9553892      0.96548566     0.016782982      0.99875679      -24.280118       -24.280118       2460.3209                                                 2460.3209
              5        1206.787      0.35352542      0.31089254   9.2700836e-05     0.022361671       2.9445619      0.96470874     0.010895402      0.99863356      -24.280118       -24.280118       2462.1342                                                 2462.1342
              5       1206.2645        0.354885      0.31341784   9.3291376e-05     0.022316701       2.9577669      0.96593382     0.017159623      0.99887033      -24.280118       -24.280118       2461.0891                                                 2461.0891
              1       1205.9002      0.29590936      0.31110051   9.2625492e-05      0.02231963       2.9552502      0.96531219     0.016386596      0.99809875      -24.280118       -24.280118       2460.3607                                                 2460.3607
              4       1204.8012      0.24382184      0.29910511   8.9976471e-05     0.022496909       2.9924405      0.97115344     0.031142118       1.0036302      -24.280118       -24.280118       2458.1627                                                 2458.1627
              1       1206.9328     0.099694915      0.29499612   8.8791883e-05      0.02236775        2.972157      0.97007259     0.023313709       1.0016796      -24.280118       -24.280118       2462.4259                                                 2462.4259
              2       1208.3511    0.0034811288      0.30004629   8.9467475e-05     0.022263491       2.9801369      0.96632714     0.023294056       1.0032388      -24.280118       -24.280118       2465.2625                                                 2465.2625
              2       1208.0656     0.010738543      0.29912888   8.9278203e-05     0.022316961       2.9796466      0.96710095     0.023318176       1.0026999      -24.280118       -24.280118       2464.6914                                                 2464.6914
              3        1207.193     0.083067071       0.3019601   9.0049447e-05     0.022331707       2.9823235      0.96766417     0.024239589       1.0029856      -24.280118       -24.280118       2462.9462                                                 2462.9462
              1       1207.1429     0.085018407      0.30152765   8.9957921e-05     0.022347316       2.9822581      0.96795568     0.024249795       1.0029455      -24.280118       -24.280118       2462.8461                                                 2462.8461
              4       1206.7988     0.097370289      0.30162455   9.0078714e-05     0.022312236       2.9833787      0.96779498     0.025932786       1.0018431      -24.280118       -24.280118       2462.1578                                                 2462.1578
              2       1206.8739     0.081125473       0.3014086   8.9934327e-05     0.022301274       2.9889199      0.96872547     0.028303333       1.0022189      -24.280118       -24.280118       2462.3081                                                 2462.3081
              1       1206.4623     0.070242957      0.29969252   8.9496936e-05     0.022327935        2.989858      0.96870251     0.029123955       1.0018568      -24.280118       -24.280118       2461.4848                                                 2461.4848
              1        1206.222      0.14835568      0.30318669   9.0442955e-05       0.0223574       2.9817707      0.96922729     0.025319479       1.0011734      -24.280118       -24.280118       2461.0042                                                 2461.0042
              3        1205.505      0.13411238      0.30344921   9.0456986e-05     0.022317442       2.9728193      0.96947866     0.027235221      0.99625206      -24.280118       -24.280118       2459.5702                                                 2459.5702
              4       1205.7162       0.2314542       0.3067677   9.1687421e-05     0.022217411       2.9828112      0.96909166     0.033298099      0.99555075      -24.280118       -24.280118       2459.9926                                                 2459.9926
              2       1205.3872      0.30299107      0.30751144   9.1968389e-05     0.022372001       2.9779484      0.97200787     0.031395965      0.99502827      -24.280118       -24.280118       2459.3347                                                 2459.3347
              1       1204.1036      0.41986923      0.30532067   9.1977216e-05     0.022482941        3.008071      0.97390958     0.047266253      0.99496009      -24.280118       -24.280118       2456.7674                                                 2456.7674
             11       1204.0014      0.41506896      0.30540816   9.1956353e-05     0.022483334       3.0093186      0.97391633     0.047837255      0.99500902      -24.280118       -24.280118       2456.5631                                                 2456.5631
              4       1203.9609      0.35717245      0.30358204   9.1370167e-05     0.022470636        3.011157      0.97384824     0.048620311      0.99534905      -24.280118       -24.280118        2456.482                                                  2456.482
              1       1203.6512      0.38239135      0.30525042   9.1845161e-05     0.022375044       2.9982759       0.9732889     0.042638055       0.9955492      -24.280118       -24.280118       2455.8626                                                 2455.8626
              7       1203.2485      0.44892449      0.30973914   9.3191874e-05     0.022292544       3.0009991      0.96988108     0.040791118      0.99858522      -24.280118       -24.280118       2455.0573                                                 2455.0573
              3       1202.6139      0.43206651      0.30654749   9.2398852e-05      0.02236359        2.999131      0.96975684     0.040508339      0.99806642      -24.280118       -24.280118        2453.788                                                  2453.788
              3       1203.9829      0.52004366      0.31071381   9.3639693e-05     0.022328813       3.0072833      0.96942046     0.046136386      0.99681813      -24.280118       -24.280118        2456.526                                                  2456.526
              1       1204.2502      0.47774085      0.31190606   9.3667328e-05     0.022342384       3.0038074      0.97029055     0.043905908      0.99735836      -24.280118       -24.280118       2457.0606                                                 2457.0606
              3       1205.4425      0.66164384      0.31678263   9.5409143e-05     0.022381911       2.9937178      0.97263802     0.038310713      0.99844338      -24.280118       -24.280118       2459.4453                                                 2459.4453
              1       1204.4712      0.67305156      0.31567975   9.5261864e-05     0.022425465       3.0042694      0.97451554     0.043839075      0.99811282      -24.280118       -24.280118       2457.5026                                                 2457.5026
              2       1206.4395      0.63101468       0.3168109   9.5173418e-05     0.022501587       3.0065428      0.97704833     0.042704108      0.99955769      -24.280118       -24.280118       2461.4393                                                 2461.4393
             13       1207.7494      0.50726933      0.31223569    9.369663e-05     0.022559353       3.0036173      0.97638326     0.044104704        0.997067      -24.280118       -24.280118       2464.0591                                                 2464.0591
              2       1207.4263      0.32330097       0.3026619   9.1137072e-05     0.022504454       2.9911162       0.9755889     0.039155238      0.99674345      -24.280118       -24.280118       2463.4129                                                 2463.4129
              3       1207.0389      0.33089596      0.30379294   9.1318543e-05     0.022518865       2.9895578      0.97557936     0.038295782      0.99649438      -24.280118       -24.280118        2462.638                                                  2462.638
             13        1206.216      0.29282421      0.29927135   9.0156832e-05     0.022578442       2.9884875      0.97743434     0.035161149       0.9989281      -24.280118       -24.280118       2460.9923                                                 2460.9923
              3       1206.6386      0.30317618      0.29948106    9.023772e-05     0.022581613        2.987459      0.97783494     0.034622035      0.99911352      -24.280118       -24.280118       2461.8373                                                 2461.8373
              1       1207.4069      0.44570462      0.31058235    9.295597e-05     0.022516254       2.9725995      0.97548154     0.029191328      0.99593282      -24.280118       -24.280118        2463.374                                                  2463.374
              3        1207.212        0.450704      0.31109763     9.31641e-05     0.022441888        2.982974      0.97603084     0.034592883      0.99616894      -24.280118       -24.280118       2462.9842                                                 2462.9842
              3       1205.9733      0.37711323      0.31022576   9.2667644e-05     0.022416163       2.9860935      0.97320474     0.035884012      0.99566878      -24.280118       -24.280118       2460.5069                                                 2460.5069
              3       1205.3165      0.53700829      0.31394764   9.4049517e-05     0.022532306       2.9774654      0.96998777     0.027767556      0.99968233      -24.280118       -24.280118       2459.1933                                                 2459.1933
              1       1205.4979      0.55625806      0.31390061   9.4068131e-05     0.022565273       2.9817272        0.970113     0.030235786      0.99949711      -24.280118       -24.280118        2459.556                                                  2459.556
              3       1206.0707      0.52845309      0.31319042   9.3718583e-05     0.022631493       2.9775318      0.96997191     0.028223034      0.99895185      -24.280118       -24.280118       2460.7017                                                 2460.7017
              3       1206.4333       0.5569301      0.31407041   9.3994322e-05     0.022643759       2.9795884      0.96985497     0.029147517      0.99912336      -24.280118       -24.280118       2461.4269                                                 2461.4269
              4       1204.6656      0.51001319      0.31011136     9.29688e-05      0.02272413       2.9985025      0.96787369     0.037609254       0.9992873      -24.280118       -24.280118       2457.8915                                                 2457.8915
              3       1203.0936      0.52342574      0.30814009   9.2772096e-05      0.02264983       3.0059283      0.96995207     0.039291194        1.001381      -24.280118       -24.280118       2454.7474                                                 2454.7474
              3       1202.8101      0.52978139      0.30782795   9.2702258e-05     0.022658096       3.0062987       0.9712462     0.039785164       1.0012212      -24.280118       -24.280118       2454.1805                                                 2454.1805
              6       1203.3584      0.46524194      0.30501721   9.1788087e-05     0.022710523       3.0072121      0.97104674     0.040525162       1.0003504      -24.280118       -24.280118        2455.277                                                  2455.277
              4       1202.9185      0.43977926      0.30434757   9.1562317e-05     0.022647812       3.0113747      0.97155161     0.042167308       1.0008494      -24.280118       -24.280118       2454.3972                                                 2454.3972
              1       1204.0351      0.41081117      0.30407076   9.1308802e-05     0.022651636       3.0145053      0.97069544     0.047417764      0.99671956      -24.280118       -24.280118       2456.6305                                                 2456.6305
              4       1204.2656      0.30339373      0.29846183   8.9891963e-05      0.02261584       3.0032448      0.97267621     0.044952738      0.99523128      -24.280118       -24.280118       2457.0915                                                 2457.0915
             25       1205.5974      0.30013181      0.29721231   8.9670533e-05     0.022649599       3.0057857      0.97382473     0.046486978       0.9946379      -24.280118       -24.280118       2459.7549                                                 2459.7549
              2       1205.7764      0.31803828        0.297652   8.9816486e-05     0.022656393       3.0050709      0.97456431     0.046348289      0.99447961      -24.280118       -24.280118       2460.1131                                                 2460.1131
              1       1204.8357      0.32712344      0.29758855   8.9736479e-05     0.022669798       3.0115807       0.9745355     0.048307902       0.9964338      -24.280118       -24.280118       2458.2316                                                 2458.2316
             10       1205.0385      0.52032792      0.30343771   9.1863188e-05     0.022713498       2.9948896      0.97415236     0.036469627       1.0008971      -24.280118       -24.280118       2458.6372                                                 2458.6372
              3       1205.0403      0.51464344      0.30328584   9.1800251e-05     0.022714292        2.994275      0.97420189     0.036081351       1.0009422      -24.280118       -24.280118       2458.6408                                                 2458.6408
              3       1206.7908      0.57349393      0.30351665   9.2120725e-05     0.022743303       3.0109942      0.97770228     0.042213639       1.0033567      -24.280118       -24.280118       2462.1419                                                 2462.1419
              2       1209.0864      0.58354008      0.30245166   9.2232887e-05      0.02257518       3.0331263      0.98012657     0.053990811        1.003748      -24.280118       -24.280118        2466.733                                                  2466.733
              2       1207.7897      0.54998076      0.30518828   9.2670449e-05     0.022473597       3.0161436      0.98159006     0.047889616       1.0013571      -24.280118       -24.280118       2464.1395                                                 2464.1395
              5       1208.3649      0.58411361       0.3057842   9.2956074e-05     0.022524354       3.0246656      0.98063544     0.054191492      0.99988454      -24.280118       -24.280118       2465.2901                                                 2465.2901
              1       1207.6749      0.55566478      0.30570374   9.2822953e-05     0.022497601       3.0259405      0.98001512     0.053983033       1.0003042      -24.280118       -24.280118       2463.9101                                                 2463.9101
              3       1207.9276      0.58205059      0.30641139   9.3090717e-05     0.022495846       3.0282436      0.98004651     0.055097287        1.000431      -24.280118       -24.280118       2464.4155                                                 2464.4155
              1       1207.3259      0.62422471      0.30892336   9.3748961e-05     0.022562372       3.0160017      0.97742253     0.046688373       1.0023207      -24.280118       -24.280118        2463.212                                                  2463.212
              1       1208.0643      0.60845192      0.30811715   9.3527797e-05     0.022530405       3.0110877      0.97960479     0.044386785       1.0024544      -24.280118       -24.280118       2464.6888                                                 2464.6888
              2       1208.6812      0.57814916      0.30436417   9.2490052e-05     0.022590704       3.0332757      0.98097644     0.059605899      0.99866243      -24.280118       -24.280118       2465.9226                                                 2465.9226
              4        1208.933      0.58123401      0.30421432   9.2487495e-05     0.022582571       3.0349742      0.98104898     0.060308992      0.99891161      -24.280118       -24.280118       2466.4262                                                 2466.4262
              3       1209.6006       0.5531534      0.30298742   9.2011853e-05     0.022648182       3.0421523      0.98173727     0.062255103      0.99988768      -24.280118       -24.280118       2467.7615                                                 2467.7615
              3       1210.7026      0.31928164      0.29429937   8.9393963e-05      0.02252819       3.0378868      0.97979378     0.062954252      0.99677901      -24.280118       -24.280118       2469.9654                                                 2469.9654
              2       1210.6484      0.24465156      0.29486872   8.9271037e-05     0.022431864       3.0398463      0.97911689     0.062113871      0.99819705      -24.280118       -24.280118       2469.8571                                                 2469.8571
              3       1209.8251      0.31140451      0.29607766   8.9985192e-05     0.022326184       3.0249728      0.97457343     0.052953168       1.0015757      -24.280118       -24.280118       2468.2105                                                 2468.2105
              1       1210.0311       0.3095322       0.2959831     8.99678e-05     0.022320388       3.0252663       0.9746341     0.053014832       1.0016835      -24.280118       -24.280118       2468.6224                                                 2468.6224
              3       1210.8351      0.39022849      0.30179245   9.1478666e-05     0.022268507       3.0153972      0.98055261     0.049062912       1.0007704      -24.280118       -24.280118       2470.2304                                                 2470.2304
              1       1210.8139      0.38966184      0.30178976   9.1475258e-05     0.022267636       3.0154485      0.98054519     0.049096534       1.0007529      -24.280118       -24.280118       2470.1881                                                 2470.1881
              3       1211.3817       0.3564518      0.30305099    9.149306e-05      0.02223683       2.9935962      0.97927622     0.035795241       1.0024426      -24.280118       -24.280118       2471.3237                                                 2471.3237
              1       1211.6199      0.26492917      0.30146596   9.0811169e-05     0.022183555       2.9739384      0.97825133     0.027696996      0.99988491      -24.280118       -24.280118       2471.8001                                                 2471.8001
              1       1208.9857      0.48056386      0.31339458   9.3860037e-05     0.022315129       2.9694573      0.97636226     0.026531754      0.99740158      -24.280118       -24.280118       2466.5316                                                 2466.5316
              3       1209.9828      0.53966983      0.31408088   9.4338057e-05      0.02235389        2.960565       0.9760295     0.023301307        0.997148      -24.280118       -24.280118       2468.5259                                                 2468.5259
              1       1207.4221      0.60353073      0.31471461   9.4810866e-05     0.022358806        2.967995        0.974611     0.026817388       0.9971256      -24.280118       -24.280118       2463.4045                                                 2463.4045
              1       1209.3604      0.67374823      0.31948328   9.6180062e-05     0.022289699       2.9801064      0.97475533       0.0342875      0.99583273      -24.280118       -24.280118        2467.281                                                  2467.281
              1       1210.7018       0.7159538      0.32037244   9.6751848e-05     0.022310562       2.9934208      0.97366274     0.035998236       1.0010971      -24.280118       -24.280118       2469.9638                                                 2469.9638
              3       1210.7456      0.83714292      0.32253047     9.74179e-05     0.022535681       3.0053886      0.97752912     0.040896598       1.0022886      -24.280118       -24.280118       2470.0515                                                 2470.0515
              7       1213.6063      0.72077595        0.319328   9.6320924e-05     0.022501074       2.9988867      0.98001234     0.037464711       1.0020412      -24.280118       -24.280118       2475.7728                                                 2475.7728
              5       1215.4582      0.45159334      0.31176581   9.3891169e-05     0.022204025       2.9812863      0.97950632     0.028813208       1.0022817      -24.280118       -24.280118       2479.4766                                                 2479.4766
              3       1215.4817      0.47786108      0.31867082   9.5162711e-05     0.022061547       2.9684181      0.97256851      0.01608024       1.0058823      -24.280118       -24.280118       2479.5237                                                 2479.5237
              3       1216.0535      0.44193558       0.3166469    9.457705e-05     0.022077017       2.9696426      0.97353308     0.016009565       1.0066701      -24.280118       -24.280118       2480.6673                                                 2480.6673
              3       1214.3996      0.40587329      0.31340999   9.3854258e-05     0.022093764       2.9708343      0.97184824     0.015908813       1.0074439      -24.280118       -24.280118       2477.3594                                                 2477.3594
              5       1214.6225      0.42935527      0.31148601   9.3553012e-05     0.022120376       2.9699371      0.97279174     0.015452574       1.0079525      -24.280118       -24.280118       2477.8053                                                 2477.8053
              4       1212.5639      0.36787915      0.30491256   9.1948704e-05     0.022222597       2.9842229      0.97565397     0.025016507       1.0045797      -24.280118       -24.280118       2473.6881                                                 2473.6881
              2       1211.8202      0.37026127      0.30468765   9.1934331e-05     0.022238376       2.9874867      0.97517856     0.026933379       1.0043212      -24.280118       -24.280118       2472.2005                                                 2472.2005
             10       1214.5235      0.44622537      0.30849025   9.3109286e-05     0.022198718       2.9713919      0.97515162     0.019442293       1.0035278      -24.280118       -24.280118       2477.6073                                                 2477.6073
              1       1214.9099      0.48971013      0.30874542   9.3283011e-05     0.022227993       2.9810502      0.97570756     0.024783598       1.0027128      -24.280118       -24.280118         2478.38                                                   2478.38
              3        1214.836      0.48905188      0.30871099   9.3272424e-05     0.022227368       2.9811239      0.97571093     0.024785777       1.0027698      -24.280118       -24.280118       2478.2322                                                 2478.2322
              4       1213.9948      0.47943687      0.30820134   9.3116877e-05     0.022232296       2.9835948       0.9746033     0.026197932       1.0024405      -24.280118       -24.280118       2476.5498                                                 2476.5498
              1       1212.6339      0.53957697      0.31241997   9.4281817e-05     0.022132681       2.9932648      0.97534691     0.034320765      0.99975707      -24.280118       -24.280118       2473.8281                                                 2473.8281
              1       1212.8163      0.58744138      0.31352773   9.4705487e-05     0.022122821       2.9921512      0.97588122     0.033820707       1.0002103      -24.280118       -24.280118       2474.1929                                                 2474.1929
              4       1212.7484      0.58452542      0.31323759    9.463889e-05     0.022123798       2.9920249      0.97589328     0.033766419       1.0002417      -24.280118       -24.280118       2474.0571                                                 2474.0571
              6       1213.4433      0.64467329      0.31588407   9.5433421e-05     0.022135067       2.9874055       0.9746211     0.030404138       1.0010442      -24.280118       -24.280118       2475.4469                                                 2475.4469
              2       1212.8958      0.60783162      0.31413465   9.4915146e-05     0.022142309       2.9888172      0.97483611     0.031247748       1.0008676      -24.280118       -24.280118       2474.3519                                                 2474.3519
              1       1211.8859      0.54334205      0.31387745   9.4523308e-05     0.022177711       2.9909198      0.97051189     0.029447836       1.0024886      -24.280118       -24.280118       2472.3321                                                 2472.3321
              6       1211.9596      0.59413166      0.31094646   9.4259618e-05     0.022321668       2.9949757      0.97199118     0.032361207       1.0028285      -24.280118       -24.280118       2472.4795                                                 2472.4795
              5       1212.1477      0.54530562       0.3098827   9.3825031e-05     0.022296512       2.9935101      0.97178056     0.030759742       1.0034888      -24.280118       -24.280118       2472.8556                                                 2472.8556
              6       1212.9567      0.43027931      0.30359705   9.1903676e-05     0.022379385       2.9933922      0.96828018      0.03140929       1.0015652      -24.280118       -24.280118       2474.4736                                                 2474.4736
              8       1213.6943      0.48722001      0.30638626    9.267991e-05     0.022404751       2.9901408      0.96693045      0.02897453       1.0020905      -24.280118       -24.280118       2475.9488                                                 2475.9488
              2         1212.68       0.2975407      0.30121082   9.0501815e-05     0.022576995       3.0060193       0.9698338     0.030791061       1.0081681      -24.280118       -24.280118       2473.9203                                                 2473.9203
              6       1212.9198      0.29289739      0.30111992   9.0479248e-05     0.022570581       3.0050765      0.96968724     0.030300483       1.0081122      -24.280118       -24.280118       2474.3999                                                 2474.3999
              5       1210.8122      0.23972768      0.29719403   8.9401684e-05     0.022634907        2.996726      0.97215552      0.02915273       1.0053032      -24.280118       -24.280118       2470.1846                                                 2470.1846
              6       1211.9489      0.22771989      0.29777498   8.9376222e-05      0.02267587       2.9983827      0.97076508     0.028467454       1.0063449      -24.280118       -24.280118       2472.4581                                                 2472.4581
              4        1210.283       0.1858464      0.29811002   8.9224993e-05     0.022679368       3.0177416      0.97010305     0.038931303       1.0054285      -24.280118       -24.280118       2469.1262                                                 2469.1262
              2       1210.8027       0.2349963      0.29958239   8.9585816e-05     0.022748671       3.0172213      0.96935559     0.038543332       1.0051842      -24.280118       -24.280118       2470.1657                                                 2470.1657
              1       1210.3094      0.17324095      0.30104971   8.9656326e-05     0.022639128        3.007973      0.96884556     0.033891298        1.004721      -24.280118       -24.280118        2469.179                                                  2469.179
              2       1205.8892      0.44903997      0.30854326   9.2701171e-05     0.022515874        2.976342      0.97191845     0.022361169        1.004174      -24.280118       -24.280118       2460.3385                                                 2460.3385
              1       1205.6127      0.48023817      0.30813921   9.2683059e-05     0.022542134       2.9701807      0.97324823     0.019948601       1.0034127      -24.280118       -24.280118       2459.7856                                                 2459.7856
              2       1205.4346      0.34523456      0.30340824   9.1003265e-05     0.022653678       2.9616365      0.97161915       0.0192361      0.99948546      -24.280118       -24.280118       2459.4294                                                 2459.4294
              3       1204.2924      0.56881239      0.31285982   9.3872823e-05     0.022605435       2.9866494       0.9702415     0.035602579      0.99573238      -24.280118       -24.280118       2457.1451                                                 2457.1451
              5       1205.2122      0.23142747       0.3064567   9.1302115e-05     0.022430455        2.997027       0.9726691      0.03776308      0.99750342      -24.280118       -24.280118       2458.9847                                                 2458.9847
              3        1205.368      0.23809539      0.30653885   9.1348673e-05     0.022432376       2.9961475      0.97305477     0.037567557      0.99728703      -24.280118       -24.280118       2459.2962                                                 2459.2962
              4       1204.4391      0.18218303      0.30387177    9.052502e-05     0.022489385       2.9894085      0.96764566     0.035348656       0.9960883      -24.280118       -24.280118       2457.4383                                                 2457.4383
              2       1203.4567      0.23780445      0.30108043   9.0222933e-05     0.022545257       3.0093936      0.96947928     0.045958663      0.99640815      -24.280118       -24.280118       2455.4736                                                 2455.4736
              1       1207.0637      0.33123761      0.30089175   9.0558625e-05     0.022568885       2.9962614       0.9732698     0.035540553       1.0029482      -24.280118       -24.280118       2462.6876                                                 2462.6876
              2       1207.4585      0.26478124      0.29741243   8.9582065e-05     0.022599817         3.00151      0.97272101     0.038973123       1.0022507      -24.280118       -24.280118       2463.4773                                                 2463.4773
              2       1206.2717        0.195914      0.29645101   8.9037975e-05     0.022588837       2.9936944      0.97198579     0.035801304       1.0004372      -24.280118       -24.280118       2461.1036                                                 2461.1036
              3       1207.4133       0.1652837       0.2946417    8.850699e-05     0.022617593       2.9945041      0.97279957     0.035288069       1.0012528      -24.280118       -24.280118       2463.3869                                                 2463.3869
              2       1205.4582       0.3476348      0.29651437   8.9626454e-05     0.022765648       3.0155501       0.9749425     0.046398134       1.0006822      -24.280118       -24.280118       2459.4767                                                 2459.4767
              5       1206.0334      0.35103043       0.2960606   8.9548285e-05     0.022779093       3.0180428      0.97505433     0.046958936       1.0014282      -24.280118       -24.280118       2460.6269                                                 2460.6269
              3        1203.957      0.39353926      0.30261258   9.1239204e-05     0.022595132       3.0237067      0.97123098     0.048302377       1.0025076      -24.280118       -24.280118       2456.4742                                                 2456.4742
              1         1203.03      0.39760312      0.30158334   9.1010121e-05     0.022617877       3.0170128      0.97203591     0.045777401       1.0014825      -24.280118       -24.280118       2454.6203                                                 2454.6203
              9       1203.3605      0.36629622       0.3005648   9.0638892e-05     0.022636171       3.0166579       0.9714365     0.044976523       1.0017953      -24.280118       -24.280118       2455.2812                                                 2455.2812
              3       1203.7932      0.36449046      0.30098627   9.0770018e-05     0.022618661       3.0163634      0.97086356     0.044364931       1.0023492      -24.280118       -24.280118       2456.1466                                                 2456.1466
              3       1203.4675      0.43375256       0.3032531   9.1568911e-05     0.022619751       3.0107212      0.97142528     0.043076121       1.0010077      -24.280118       -24.280118       2455.4952                                                 2455.4952
             10       1203.6165      0.48747488      0.30489464   9.2097656e-05     0.022571497       3.0211198       0.9694548     0.047738113       1.0019395      -24.280118       -24.280118       2455.7932                                                 2455.7932
              1       1203.0806      0.45529323      0.30915314   9.2977796e-05     0.022424213       3.0011095      0.96798412     0.037763799       1.0012056      -24.280118       -24.280118       2454.7215                                                 2454.7215
              1       1204.9001       0.3462527        0.304766   9.1743044e-05     0.022394059       3.0047703      0.96638527     0.039214192       1.0018015      -24.280118       -24.280118       2458.3605                                                 2458.3605
              4       1206.8347      0.37775906      0.30725669    9.237501e-05     0.022367508       3.0056865      0.96481865     0.036800245       1.0040673      -24.280118       -24.280118       2462.2296                                                 2462.2296
              2       1207.9463      0.44890888      0.30724734   9.2921226e-05     0.022220109       3.0022164      0.96784194     0.039711271       1.0018658      -24.280118       -24.280118       2464.4528                                                 2464.4528
              3       1207.9312      0.46052814      0.30705782   9.2906608e-05     0.022243462       2.9990662      0.96781908     0.038126846       1.0019711      -24.280118       -24.280118       2464.4227                                                 2464.4227
             10        1207.616      0.43929854      0.30654887   9.2697476e-05     0.022238046       2.9979474       0.9678645     0.037561341       1.0018933      -24.280118       -24.280118       2463.7923                                                 2463.7923
              7       1207.2689      0.44644788      0.30675745   9.2762308e-05     0.022252392       2.9990172      0.96797057     0.038304084       1.0016594      -24.280118       -24.280118        2463.098                                                  2463.098
              2       1206.8659       0.3430732      0.30661608   9.1638863e-05     0.022443004       2.9748365      0.96769506     0.027982205      0.99759997      -24.280118       -24.280118        2462.292                                                  2462.292
              6       1206.7778      0.48496305      0.31272578   9.3621858e-05     0.022373774       2.9661155      0.96497177     0.020302784        1.000519      -24.280118       -24.280118       2462.1157                                                 2462.1157
              4       1206.7975      0.47124061      0.31349164   9.3779117e-05     0.022308632       2.9621539      0.96579687     0.018250613       1.0004558      -24.280118       -24.280118       2462.1552                                                 2462.1552
              5       1207.3882      0.53057119      0.31591379   9.4401848e-05     0.022365671       2.9625701       0.9672033     0.015904953       1.0020522      -24.280118       -24.280118       2463.3366                                                 2463.3366
              1       1206.4081      0.54594044      0.31610789   9.4428788e-05     0.022445058        2.966829      0.96704369     0.018908733       1.0010437      -24.280118       -24.280118       2461.3765                                                 2461.3765
              1       1206.7173      0.47974028      0.30722442   9.2787784e-05     0.022265368       3.0285401       0.9712541     0.055461893      0.99856527      -24.280118       -24.280118       2461.9948                                                 2461.9948
              2       1209.0128      0.31500137      0.30758127   9.2354313e-05     0.022119355       3.0228199      0.96768329     0.052050584      0.99700888      -24.280118       -24.280118       2466.5857                                                 2466.5857
              3        1209.791      0.36100232      0.31095357   9.3270976e-05     0.022086452       3.0245068      0.96878449     0.052407376      0.99778152      -24.280118       -24.280118       2468.1421                                                 2468.1421
              3       1209.8761      0.31491006      0.30970291   9.2794813e-05     0.022103168       3.0287734      0.96806433     0.053455218      0.99873094      -24.280118       -24.280118       2468.3124                                                 2468.3124
              1       1209.4479      0.30351677      0.30935889   9.2665379e-05     0.022113309        3.027146      0.96767909     0.052593421      0.99862887      -24.280118       -24.280118       2467.4561                                                 2467.4561
              1        1210.207      0.42493155      0.31819055    9.457917e-05      0.02218366        3.019393      0.96545584     0.044340734       1.0012161      -24.280118       -24.280118       2468.9743                                                 2468.9743
              4       1212.3304      0.18548733      0.30446287   9.0519294e-05     0.022321789       3.0123909      0.96978654     0.041932148       1.0012005      -24.280118       -24.280118       2473.2211                                                 2473.2211
              3       1214.5562      0.25942039      0.30283632   9.0344902e-05     0.022444059       3.0196158      0.97173902     0.044260771       1.0033401      -24.280118       -24.280118       2477.6726                                                 2477.6726
              5       1214.5346      0.25983434       0.3028606   9.0352201e-05     0.022443784       3.0196625      0.97171643     0.044259601       1.0033612      -24.280118       -24.280118       2477.6294                                                 2477.6294
              1       1216.1256       0.2464319      0.29728673   8.9282765e-05      0.02243638       3.0239994      0.97337686     0.048074626       1.0031571      -24.280118       -24.280118       2480.8114                                                 2480.8114
              1       1213.2644       0.2412548      0.30352898   9.0860782e-05      0.02219897       2.9888243      0.96398609     0.038397302      0.99418049      -24.280118       -24.280118        2475.089                                                  2475.089
              3       1215.6201      0.18004928      0.30299094   9.0536233e-05     0.022154724       2.9803973      0.96408942     0.034283467      0.99446428      -24.280118       -24.280118       2479.8004                                                 2479.8004
              1       1216.1603      0.25575911      0.30541058   9.1331945e-05      0.02213899       2.9747293      0.96584131      0.03257942      0.99368385      -24.280118       -24.280118       2480.8808                                                 2480.8808
              3       1217.0169      0.34444657      0.30993211   9.3172965e-05     0.021843241       2.9658974      0.96886862     0.023863879      0.99819522      -24.280118       -24.280118        2482.594                                                  2482.594
              3       1217.3938      0.32280709       0.3095422   9.3029457e-05     0.021831374        2.967821      0.96848683     0.026064457      0.99698026      -24.280118       -24.280118       2483.3479                                                 2483.3479
              1       1219.4633      0.51109348      0.31780942   9.5564248e-05     0.021841747       2.9655817       0.9635843     0.024005078      0.99694138      -24.280118       -24.280118       2487.4869                                                 2487.4869
              1       1219.5485      0.51372139      0.31787313   9.5596014e-05     0.021838836       2.9666575      0.96359841     0.024483325      0.99706522      -24.280118       -24.280118       2487.6571                                                 2487.6571
              2       1219.0929      0.65010892      0.32245991   9.6841709e-05     0.021958871       2.9738404      0.96334757     0.029698085      0.99571656      -24.280118       -24.280118        2486.746                                                  2486.746
              1       1217.3843        0.628952      0.32145709   9.6550801e-05     0.021979573       2.9770583      0.96342238     0.031653191      0.99552816      -24.280118       -24.280118       2483.3289                                                 2483.3289
              9       1217.1693       0.5626251      0.31787252   9.4994134e-05     0.022229518       2.9861625      0.96188011     0.038190374      0.99226028      -24.280118       -24.280118       2482.8987                                                 2482.8987
              7       1213.2349      0.66049354      0.32368511   9.6912867e-05     0.022177508       2.9951946       0.9634635      0.04199605      0.99313024      -24.280118       -24.280118         2475.03                                                   2475.03
              1       1212.6373       0.7156308      0.32190847   9.6624671e-05     0.022317761       2.9908514      0.96436013      0.04062096      0.99229624      -24.280118       -24.280118       2473.8348                                                 2473.8348
              1       1211.8529       0.6787075      0.32541043   9.6862514e-05      0.02240574       2.9737113      0.96312026     0.025345178      0.99783756      -24.280118       -24.280118        2472.266                                                  2472.266
              2       1208.4444      0.68368015      0.32120195   9.5993615e-05     0.022545566       2.9953424      0.96639086     0.036729575      0.99888805      -24.280118       -24.280118       2465.4491                                                 2465.4491
              2       1206.8375      0.62097378      0.31931233   9.5277218e-05      0.02259067       3.0040058      0.96588307     0.040213971      0.99888185      -24.280118       -24.280118       2462.2352                                                 2462.2352
              6       1204.9312      0.57805282      0.31610405   9.4544522e-05     0.022577069       3.0007572       0.9659498     0.037343103       1.0003134      -24.280118       -24.280118       2458.4226                                                 2458.4226
              7        1204.704      0.56813163      0.31516824   9.4261249e-05     0.022614127       2.9959997      0.96684169     0.037252558      0.99805522      -24.280118       -24.280118       2457.9682                                                 2457.9682
              1       1204.6997      0.46976967      0.31252506   9.3250208e-05       0.0226008       2.9886844      0.96597946     0.033062584      0.99788314      -24.280118       -24.280118       2457.9596                                                 2457.9596
              1       1205.4509      0.46193632      0.31172065   9.2995895e-05     0.022648184       2.9879118      0.96556651     0.032763633      0.99782005      -24.280118       -24.280118        2459.462                                                  2459.462
              3       1205.2733      0.47505296      0.30968539   9.2759665e-05      0.02263321       2.9900397      0.96649507     0.037218397      0.99555644      -24.280118       -24.280118       2459.1068                                                 2459.1068
              1       1205.3023      0.48913561      0.30988987   9.2828164e-05     0.022658616       2.9897392      0.96755274      0.03728389      0.99540052      -24.280118       -24.280118       2459.1649                                                 2459.1649
              2       1205.3984      0.48226325      0.30984532   9.2784562e-05     0.022653126       2.9894623      0.96749233     0.037242437      0.99527327      -24.280118       -24.280118        2459.357                                                  2459.357
              2       1205.0918      0.49295528      0.31019419   9.2896643e-05     0.022629951       2.9896948       0.9676519     0.037212694      0.99528811      -24.280118       -24.280118       2458.7437                                                 2458.7437
              2       1205.7496      0.66036099      0.31253639   9.4086926e-05     0.022735026       2.9852673      0.97006116      0.03269285       0.9979113      -24.280118       -24.280118       2460.0594                                                 2460.0594
              1       1207.6839      0.55491523      0.30931542   9.2893425e-05     0.022797148       2.9751656       0.9704674     0.028368521      0.99586852      -24.280118       -24.280118       2463.9281                                                 2463.9281
              5       1206.9548      0.49224297      0.30485898   9.2221272e-05     0.022557867       2.9743122      0.97350229     0.029812332       0.9955545      -24.280118       -24.280118       2462.4698                                                 2462.4698
              5       1206.6489      0.46605463      0.30388619    9.189735e-05     0.022565774       2.9760719       0.9735439     0.030667559      0.99556348      -24.280118       -24.280118       2461.8581                                                 2461.8581
              2       1205.4909      0.46222918      0.30577484   9.2147257e-05      0.02251286       2.9656501      0.97370526     0.022973589      0.99754464      -24.280118       -24.280118        2459.542                                                  2459.542
              1       1205.3414      0.48733434      0.30610308   9.2341103e-05     0.022522643       2.9691253      0.97509874     0.024510949      0.99823479      -24.280118       -24.280118        2459.243                                                  2459.243
              2       1206.9064      0.38424542      0.30314793   9.1427706e-05     0.022480622       2.9709386      0.97572498     0.027620263      0.99594243      -24.280118       -24.280118       2462.3731                                                 2462.3731
              6       1208.0055      0.28095834      0.30152526   9.0765678e-05     0.022419054       2.9395522      0.97332251     0.011443383      0.99686611      -24.280118       -24.280118       2464.5712                                                 2464.5712
              1       1211.2218      0.31974646      0.30574446   9.1930281e-05     0.022278294       2.9346045       0.9743784     0.010002269      0.99535001      -24.280118       -24.280118       2471.0039                                                 2471.0039
              8       1209.9851      0.27346142      0.30594697   9.1660039e-05     0.022302208       2.9389127      0.97401528     0.010992901       0.9956658      -24.280118       -24.280118       2468.5304                                                 2468.5304
              1       1209.9141      0.25314363      0.30327956   9.1001292e-05     0.022351472       2.9383514      0.97500227     0.010490958      0.99611482      -24.280118       -24.280118       2468.3884                                                 2468.3884
              4       1208.0763      0.35201936      0.30273344   9.1289036e-05     0.022418256       2.9618048      0.97565018     0.024266089      0.99507653      -24.280118       -24.280118       2464.7127                                                 2464.7127
              3        1206.214      0.29892841      0.30016872   9.0507663e-05        0.022449       2.9695542      0.97469079     0.026100587      0.99686844      -24.280118       -24.280118       2460.9882                                                 2460.9882
              1       1207.6824      0.19641839      0.30430419   9.0941718e-05     0.022291159       3.0001171      0.97572624     0.040853785      0.99799607      -24.280118       -24.280118        2463.925                                                  2463.925
              2       1207.9939      0.27655712      0.30600721   9.1576919e-05     0.022324375       3.0008307       0.9774496     0.040364146      0.99923916      -24.280118       -24.280118        2464.548                                                  2464.548
              4       1208.9372       0.2474962      0.30480868   9.1255609e-05     0.022309377       2.9966436      0.97795017     0.038037042      0.99974156      -24.280118       -24.280118       2466.4347                                                 2466.4347
              3       1204.2859      0.24341776      0.30082035   9.0276404e-05     0.022491006       2.9753121      0.97291956     0.028869752        0.997117      -24.280118       -24.280118       2457.1321                                                 2457.1321
              3       1205.2516      0.27566326      0.30076171   9.0353313e-05     0.022532415       2.9742372      0.97423563     0.029809539      0.99605461      -24.280118       -24.280118       2459.0634                                                 2459.0634
             11       1204.9996      0.29452224      0.30209895    9.076348e-05     0.022508511       2.9913472      0.97583369     0.038487709      0.99599013      -24.280118       -24.280118       2458.5594                                                 2458.5594
              2       1205.0091      0.29446725      0.30209847   9.0763258e-05     0.022508525       2.9913611      0.97583346     0.038495512      0.99598882      -24.280118       -24.280118       2458.5784                                                 2458.5784
              5       1204.7542      0.30117642       0.3025464   9.0876478e-05     0.022506226       2.9925064      0.97556621     0.039055211      0.99593931      -24.280118       -24.280118       2458.0686                                                 2458.0686
              4       1203.9277      0.32699553      0.30148645   9.0872776e-05     0.022466932        2.995243      0.97198939     0.041362964      0.99592789      -24.280118       -24.280118       2456.4156                                                 2456.4156
              6       1203.8512      0.34476619      0.30389967   9.1504536e-05       0.0224152       2.9967619      0.97122505     0.041398991      0.99659311      -24.280118       -24.280118       2456.2626                                                 2456.2626
              3       1204.2631      0.35567969      0.30191809   9.1181074e-05     0.022455664       3.0052231      0.97070858     0.044527458       0.9981266      -24.280118       -24.280118       2457.0864                                                 2457.0864
              2       1205.2387      0.30438748      0.29946188   9.0204546e-05     0.022489723       3.0034501      0.97169621     0.041474737       1.0003512      -24.280118       -24.280118       2459.0376                                                 2459.0376
              1         1206.71      0.22928521      0.29885314   8.9716804e-05     0.022446867       2.9938277      0.97182603     0.037724945      0.99867206      -24.280118       -24.280118       2461.9801                                                 2461.9801
              2       1204.8189      0.32886096      0.29923485   9.0319871e-05     0.022449693       2.9922995      0.97368758      0.03921562      0.99680655      -24.280118       -24.280118       2458.1981                                                 2458.1981
             11       1204.4801      0.27746618      0.29762432   8.9760451e-05     0.022472604       3.0076933      0.97394294      0.04657283      0.99657373      -24.280118       -24.280118       2457.5205                                                 2457.5205
              3       1203.5476      0.30574853      0.30185934   9.0841329e-05     0.022416879       3.0037016      0.97300849     0.045041451       0.9960369      -24.280118       -24.280118       2455.6554                                                 2455.6554
              6       1203.1663      0.31499216      0.30124076    9.075817e-05     0.022436677       3.0056026      0.97344793     0.045266868      0.99686307      -24.280118       -24.280118       2454.8929                                                 2454.8929
              4       1205.4485      0.30237734      0.30129555    9.076336e-05     0.022491005       2.9936343      0.97089313     0.040588803      0.99618851      -24.280118       -24.280118       2459.4573                                                 2459.4573
              2       1205.1617      0.26385061      0.30187803   9.0636813e-05     0.022495872       2.9892933      0.97002983     0.037484891      0.99659767      -24.280118       -24.280118       2458.8836                                                 2458.8836
              2       1206.0003      0.27327823       0.3013687   9.0576351e-05      0.02250642       2.9794378      0.97246581     0.032570078      0.99693639      -24.280118       -24.280118       2460.5609                                                 2460.5609
              3       1206.1238       0.3624397      0.30178739   9.1336454e-05     0.022382732       2.9945899      0.97325401     0.041119941      0.99669248      -24.280118       -24.280118       2460.8077                                                 2460.8077
              3       1206.3042      0.35136032      0.30146888   9.1205813e-05     0.022410335       3.0009723      0.97363228       0.0444594      0.99644762      -24.280118       -24.280118       2461.1687                                                 2461.1687
              4       1205.9129      0.22319318      0.30207707   9.0797849e-05     0.022299844       3.0165433      0.96758462     0.046620633       1.0005553      -24.280118       -24.280118       2460.3859                                                 2460.3859
              1       1206.0017      0.25642769      0.30255395   9.0999095e-05     0.022332333       3.0207962      0.96877542     0.049057207       1.0006643      -24.280118       -24.280118       2460.5636                                                 2460.5636
              1        1205.494       0.2449585      0.30259466    9.099604e-05     0.022299562       3.0173164      0.97104938     0.047814403       0.9999476      -24.280118       -24.280118       2459.5482                                                 2459.5482
              7       1204.8766       0.1234477      0.29736041   8.9285189e-05     0.022426619       3.0103133      0.97156312     0.043810434       1.0000337      -24.280118       -24.280118       2458.3135                                                 2458.3135
              9       1204.0114      0.17049291      0.29899684   8.9789165e-05     0.022426458       2.9994356      0.97140227     0.038049801       1.0001725      -24.280118       -24.280118       2456.5831                                                 2456.5831
              2       1204.1417      0.23298349      0.30408633   9.1098906e-05     0.022362468       3.0026235      0.97003708       0.0397769        1.000019      -24.280118       -24.280118       2456.8437                                                 2456.8437
              5       1204.2581      0.18221526      0.30282483   9.0642209e-05     0.022332805       3.0019067      0.96961071     0.040088003      0.99924546      -24.280118       -24.280118       2457.0764                                                 2457.0764
              1       1204.3772      0.20090744       0.3037534   9.0924634e-05     0.022320774       3.0030399      0.96957814     0.040448106      0.99943636      -24.280118       -24.280118       2457.3146                                                 2457.3146
              1       1206.5897      0.21831931      0.30815724   9.1842191e-05     0.022283494       2.9833584      0.97044162      0.03070349      0.99907608      -24.280118       -24.280118       2461.7397                                                 2461.7397
              5       1205.8867      0.25078089      0.30953167   9.2060681e-05     0.022384946       2.9903331      0.96992383      0.03383202      0.99884417      -24.280118       -24.280118       2460.3336                                                 2460.3336
              2       1204.7426      0.38217644      0.30855346   9.2447677e-05     0.022433321       3.0123904      0.96738408     0.045198042      0.99996054      -24.280118       -24.280118       2458.0454                                                 2458.0454
              3       1203.7634      0.43970457      0.30727364   9.2625742e-05     0.022380912       3.0146424      0.97041752     0.047497464      0.99958472      -24.280118       -24.280118       2456.0871                                                 2456.0871
              4       1204.4566      0.35316741      0.30173895   9.1101304e-05     0.022426211         3.01754       0.9726926     0.046649617       1.0022494      -24.280118       -24.280118       2457.4734                                                 2457.4734
              3       1204.1985      0.35334395      0.30426805   9.1447533e-05     0.022474433       3.0161428      0.97130729     0.043263765       1.0037865      -24.280118       -24.280118       2456.9572                                                 2456.9572
              6       1204.4331      0.37611846      0.30419808   9.1530226e-05     0.022502649       3.0155644       0.9709034     0.042692788       1.0041839      -24.280118       -24.280118       2457.4264                                                 2457.4264
              6       1206.3703      0.50004063       0.2996996   9.1192987e-05     0.022649342       3.0049837      0.97229204     0.044629622      0.99876333      -24.280118       -24.280118       2461.3008                                                 2461.3008
              7       1205.9091      0.27976555      0.30256376   9.0518966e-05      0.02255632       2.9731558      0.96594222     0.025345915      0.99879606      -24.280118       -24.280118       2460.3783                                                 2460.3783
              1        1205.491      0.30500341      0.30340822   9.0806266e-05     0.022552846       2.9693821      0.96719651     0.023512459      0.99895637      -24.280118       -24.280118       2459.5422                                                 2459.5422
              4       1205.1046      0.25656024      0.30382534   9.0895492e-05     0.022350958       2.9835136      0.96852227      0.02760523       1.0017215      -24.280118       -24.280118       2458.7695                                                 2458.7695
              5       1204.8497      0.49857445      0.30648933   9.2531691e-05     0.022365524       3.0068893      0.97121786     0.042320254       1.0006434      -24.280118       -24.280118       2458.2596                                                 2458.2596
              2       1202.9978      0.46711516      0.30724381   9.2447475e-05     0.022484887       3.0121835      0.97316102     0.044421068      0.99905781      -24.280118       -24.280118       2454.5559                                                 2454.5559
              4       1203.0658      0.51461599      0.30816037   9.2883023e-05      0.02248231       3.0109505      0.97334269     0.044100718      0.99900798      -24.280118       -24.280118       2454.6918                                                 2454.6918
              2        1204.453      0.55527281      0.30651761   9.2697563e-05     0.022521388       3.0172763      0.97631881     0.045153623       1.0022005      -24.280118       -24.280118       2457.4663                                                 2457.4663
              4       1204.2475      0.48423755      0.30468305   9.1989115e-05     0.022522394       3.0012883      0.97599435     0.037119967       1.0020163      -24.280118       -24.280118       2457.0552                                                 2457.0552
              1       1203.9201      0.41120443      0.30123459   9.0942093e-05     0.022594126       3.0084713      0.97478451     0.040074065       1.0025325      -24.280118       -24.280118       2456.4005                                                 2456.4005
              1       1203.7178       0.4326618      0.30210903    9.117818e-05     0.022610098       3.0062081      0.97499379     0.039220682       1.0023044      -24.280118       -24.280118       2455.9959                                                 2455.9959
              1       1204.3494      0.41746631      0.30390288   9.1480915e-05     0.022568564       3.0067424      0.97549816     0.038352126       1.0029991      -24.280118       -24.280118       2457.2591                                                 2457.2591
              1       1205.0975      0.33734333      0.30426009   9.1203572e-05     0.022559927       3.0131621      0.97183877      0.04048595       1.0044906      -24.280118       -24.280118       2458.7552                                                 2458.7552
              1       1204.7808      0.33795151      0.30472195   9.1323734e-05     0.022544464       3.0108658      0.97152608     0.039558866       1.0042327      -24.280118       -24.280118       2458.1218                                                 2458.1218
              3       1205.0174      0.43705666      0.31062427   9.2903791e-05     0.022468208       3.0188744      0.96833995     0.043840869       1.0033563      -24.280118       -24.280118       2458.5951                                                 2458.5951
              3        1207.142      0.42514405      0.31144712   9.2934608e-05      0.02249247       3.0027595      0.96595602     0.032900329       1.0052272      -24.280118       -24.280118       2462.8442                                                 2462.8442
              1       1209.4895      0.49614711      0.31564237    9.412631e-05     0.022420706        3.000647      0.96585927     0.030650326       1.0062776      -24.280118       -24.280118       2467.5393                                                 2467.5393
              1          1210.5      0.54669135       0.3187312   9.5047655e-05     0.022443049       2.9872945      0.96523525      0.02361893       1.0066819      -24.280118       -24.280118       2469.5602                                                 2469.5602
              6       1210.4155      0.55501004      0.31891479   9.5129728e-05     0.022435786        2.986835      0.96556109     0.023720761        1.006599      -24.280118       -24.280118       2469.3913                                                 2469.3913
              2       1210.1424        0.552895      0.31896682   9.5121366e-05     0.022441265       2.9860221      0.96546441     0.023609949       1.0062596      -24.280118       -24.280118        2468.845                                                  2468.845
              3       1209.3614      0.56378972      0.31694093   9.4719532e-05     0.022508371       2.9890861      0.96735405     0.025680244       1.0064338      -24.280118       -24.280118        2467.283                                                  2467.283
              5        1207.749      0.54861242      0.31577643   9.4523017e-05     0.022448482       2.9871672      0.96834675     0.025800133       1.0057041      -24.280118       -24.280118       2464.0581                                                 2464.0581
              3        1211.177      0.46843365      0.31543825   9.4035379e-05     0.022454518       2.9854777      0.96899865     0.021322511        1.008091      -24.280118       -24.280118       2470.9143                                                 2470.9143
              1       1211.1027      0.48478112      0.31587672   9.4212145e-05     0.022413417       2.9811523      0.96995638     0.019485065       1.0078309      -24.280118       -24.280118       2470.7656                                                 2470.7656
              8        1212.513      0.41097204      0.31370832   9.3530344e-05     0.022375399       2.9864785      0.96846023     0.020370693       1.0087949      -24.280118       -24.280118       2473.5862                                                 2473.5862
              2       1212.5075       0.3446857      0.31182032   9.2936031e-05     0.022339262       2.9830439      0.96948788      0.01899167       1.0085861      -24.280118       -24.280118       2473.5753                                                 2473.5753
              3       1205.3156      0.37453067      0.30936113   9.2706757e-05     0.022351453       2.9887694      0.96775844     0.028292363       1.0038951      -24.280118       -24.280118       2459.1915                                                 2459.1915
              1       1205.2258      0.36665953      0.30902012   9.2597151e-05     0.022352088       2.9894134      0.96780288     0.028614375       1.0039211      -24.280118       -24.280118       2459.0119                                                 2459.0119
              3       1205.4205      0.42734089      0.31051913   9.3189844e-05     0.022338845        2.994336      0.96935234     0.031372043       1.0041717      -24.280118       -24.280118       2459.4013                                                 2459.4013
              3       1204.2744      0.33097899      0.30761825   9.2302752e-05     0.022234556       2.9977854      0.96688205      0.03695321      0.99997887      -24.280118       -24.280118        2457.109                                                  2457.109
              2       1205.7504      0.35589974      0.30472437   9.1992675e-05     0.022250309       2.9907395       0.9690996     0.034911878      0.99952777      -24.280118       -24.280118       2460.0611                                                 2460.0611
              7       1205.0666      0.43640893       0.3073856   9.2730034e-05     0.022333106       2.9790076      0.96882845     0.031618945        0.997146      -24.280118       -24.280118       2458.6933                                                 2458.6933
              3       1206.8062      0.29472758      0.29814358   8.9937042e-05     0.022678542       2.9889289      0.97414725     0.036031186      0.99699683      -24.280118       -24.280118       2462.1726                                                 2462.1726
              1       1207.3439      0.31447458      0.29945257   9.0214586e-05     0.022721766       2.9867576       0.9747575      0.03335383      0.99842488      -24.280118       -24.280118       2463.2479                                                 2463.2479
              2       1207.5455      0.31197908      0.29962544   9.0238532e-05     0.022726013       2.9864722      0.97434759      0.03313643      0.99838436      -24.280118       -24.280118       2463.6513                                                 2463.6513
              2       1208.5774      0.22854057      0.29867254    8.968657e-05     0.022693221       2.9717096      0.97442572     0.026806685      0.99700174      -24.280118       -24.280118        2465.715                                                  2465.715
              1       1207.9402      0.20351717      0.29820201   8.9488137e-05     0.022676572       2.9716714      0.97401812     0.026357619      0.99732886      -24.280118       -24.280118       2464.4406                                                 2464.4406
              2       1206.6147      0.33420916      0.30518005   9.1464792e-05     0.022592073       2.9543109      0.97134761     0.017666397      0.99720788      -24.280118       -24.280118       2461.7896                                                 2461.7896
              4       1206.4571      0.56357319      0.31424847   9.4465136e-05     0.022395163       2.9596312       0.9700329     0.020561625      0.99852439      -24.280118       -24.280118       2461.4744                                                 2461.4744
              2       1204.0173      0.47541975      0.31128479    9.345294e-05     0.022424271       3.0047281      0.96946681     0.043295512      0.99838964      -24.280118       -24.280118       2456.5948                                                 2456.5948
              3       1204.4107      0.57544882      0.31070922   9.3660415e-05     0.022554827       3.0107922      0.96992668     0.048312833      0.99676645      -24.280118       -24.280118       2457.3816                                                 2457.3816
             12       1204.3191      0.52426686      0.30584996   9.2692597e-05     0.022458932       3.0197846      0.97325579     0.052493104      0.99779335      -24.280118       -24.280118       2457.1983                                                 2457.1983
              3       1205.5176      0.32637176      0.29584144   8.9806677e-05     0.022449831       2.9993093      0.97209565     0.042299166      0.99756344      -24.280118       -24.280118       2459.5955                                                 2459.5955
             10       1205.3075      0.38870474      0.29702116   9.0199018e-05      0.02252514       2.9998926      0.97172308     0.042284519      0.99799563      -24.280118       -24.280118       2459.1753                                                 2459.1753
              2       1204.8594      0.34816505      0.29897995   9.0447112e-05     0.022450705       2.9889616      0.97114552     0.037495439      0.99708015      -24.280118       -24.280118        2458.279                                                  2458.279
              5       1204.7101      0.38590121      0.30237537   9.1378068e-05     0.022359843       2.9862872      0.96876386     0.035065646      0.99767447      -24.280118       -24.280118       2457.9804                                                 2457.9804
              8       1204.2931      0.39782465      0.30103372   9.1055869e-05     0.022435691       2.9927742      0.96924037     0.038265318      0.99742478      -24.280118       -24.280118       2457.1464                                                 2457.1464
              6       1204.3451      0.43077529      0.30239339     9.14985e-05     0.022409157        2.994203      0.96945805     0.038787168      0.99804022      -24.280118       -24.280118       2457.2504                                                 2457.2504
              1       1204.4901      0.42384524      0.30160282   9.1274729e-05     0.022428101       2.9960313      0.96969625     0.039700325      0.99807966      -24.280118       -24.280118       2457.5405                                                 2457.5405
              8       1204.4087      0.42081174      0.30102389    9.109885e-05      0.02253875       2.9929714      0.96971998     0.039105407      0.99722892      -24.280118       -24.280118       2457.3777                                                 2457.3777
              3       1204.5865      0.35810929      0.29910026   9.0394865e-05      0.02251306       2.9931041      0.97178514     0.039156696      0.99746997      -24.280118       -24.280118       2457.7332                                                 2457.7332
             14       1204.5386      0.48521477      0.30332773   9.1917574e-05     0.022377607       3.0077051      0.97351222     0.045141115      0.99842767      -24.280118       -24.280118       2457.6375                                                 2457.6375
              1       1204.5502       0.4560654       0.3018345   9.1559882e-05     0.022371563       3.0094079        0.972799     0.045735911      0.99910894      -24.280118       -24.280118       2457.6606                                                 2457.6606
              5       1203.9034      0.44434253      0.30163674   9.1451453e-05     0.022396937       3.0053108      0.97341728     0.043105734      0.99954694      -24.280118       -24.280118       2456.3671                                                 2456.3671
              3       1204.0349      0.42409815      0.30117745   9.1278425e-05     0.022382679       3.0061382      0.97359576     0.043343369      0.99971395      -24.280118       -24.280118       2456.6299                                                 2456.6299
              2       1204.9355       0.4268059      0.30029998   9.1154264e-05     0.022371179       3.0075979      0.97366884     0.043951857       1.0003194      -24.280118       -24.280118       2458.4312                                                 2458.4312
              4       1204.9346      0.42685377      0.30030427   9.1155333e-05     0.022371156       3.0075978      0.97366767     0.043951971       1.0003194      -24.280118       -24.280118       2458.4294                                                 2458.4294
              3       1205.2258      0.40132064      0.30086556   9.1200354e-05      0.02231883       3.0071178      0.97340807     0.044038751       1.0000662      -24.280118       -24.280118       2459.0119                                                 2459.0119
              2       1204.9597      0.39322945      0.30064136   9.1112298e-05     0.022327012       3.0074652      0.97373942     0.044302042      0.99988568      -24.280118       -24.280118       2458.4795                                                 2458.4795
              4       1204.7431      0.28316892      0.30424702   9.1239094e-05     0.022359778       2.9925917      0.96817896     0.030573629       1.0037921      -24.280118       -24.280118       2458.0464                                                 2458.0464
              7       1203.7758      0.21686724      0.29997398    8.975759e-05     0.022569222       2.9979956      0.96928895     0.037145809      0.99915917      -24.280118       -24.280118       2456.1119                                                 2456.1119
              1       1203.8268      0.22166068      0.30040786   8.9847256e-05      0.02256743       2.9991295      0.96888194     0.037504342      0.99912526      -24.280118       -24.280118       2456.2137                                                 2456.2137
              3       1203.9475      0.17699701      0.29926973   8.9489309e-05     0.022546127       2.9986163      0.96839432     0.037042378      0.99902869      -24.280118       -24.280118       2456.4552                                                 2456.4552
              1       1202.9267      0.43847339      0.30388132   9.1830667e-05     0.022448578       2.9994262      0.96974451      0.03990656       0.9982017      -24.280118       -24.280118       2454.4135                                                 2454.4135
              1        1203.186      0.43920697      0.30429879   9.1931188e-05     0.022446302       3.0033596      0.96828643     0.042292078      0.99791202      -24.280118       -24.280118       2454.9321                                                 2454.9321
              4       1203.3374      0.51796003      0.31145361   9.3751844e-05     0.022381888        2.996582      0.96741704     0.038280712      0.99810068      -24.280118       -24.280118        2455.235                                                  2455.235
              2       1204.4066      0.61784817      0.31371253   9.4621035e-05     0.022421717       3.0087368      0.96679891      0.04468049      0.99811241      -24.280118       -24.280118       2457.3734                                                 2457.3734
              2       1204.3748      0.58948141      0.31164161   9.4125025e-05      0.02242546       3.0153231       0.9678065     0.048348151      0.99815502      -24.280118       -24.280118       2457.3098                                                 2457.3098
              2       1204.4575      0.61478042      0.30748556   9.3318033e-05     0.022522461       3.0149755      0.96999392     0.048289497      0.99843037      -24.280118       -24.280118       2457.4751                                                 2457.4751
              2       1203.6818      0.52221988      0.30395222   9.2133296e-05     0.022547184       3.0120289      0.97022353     0.046948735      0.99801865      -24.280118       -24.280118       2455.9239                                                 2455.9239
              2       1203.3459      0.49777968      0.30913612   9.3057409e-05     0.022447589       2.9918439      0.96662675     0.036685027      0.99733799      -24.280118       -24.280118       2455.2521                                                 2455.2521
              4       1203.4992       0.5040766      0.30868746   9.2999155e-05     0.022470436         2.98619      0.96710555     0.033812308      0.99764123      -24.280118       -24.280118       2455.5587                                                 2455.5587
              1       1203.3147      0.54036542      0.30934625   9.3296184e-05     0.022505346       2.9929053      0.96838113     0.038164386      0.99705955      -24.280118       -24.280118       2455.1897                                                 2455.1897
              7       1203.4517      0.42692872      0.30960156   9.2893191e-05     0.022415351       3.0116385      0.96627597       0.0458519       0.9978893      -24.280118       -24.280118       2455.4636                                                 2455.4636
              6       1206.1012      0.73765895      0.31107962   9.4500434e-05     0.022645566       3.0193664       0.9716568     0.051389761      0.99744753      -24.280118       -24.280118       2460.7627                                                 2460.7627
              1       1206.1351      0.73758185      0.31103475   9.4495784e-05     0.022644747       3.0200466      0.97167782     0.051698135      0.99750485      -24.280118       -24.280118       2460.8305                                                 2460.8305
              1       1207.0508      0.71117782      0.31233708   9.4707455e-05      0.02262275       3.0152395       0.9706316     0.049516242      0.99657288      -24.280118       -24.280118       2462.6619                                                 2462.6619
              1       1206.8455      0.70581993      0.31295156   9.4845088e-05     0.022612062       3.0132812      0.97126757     0.048426564      0.99688623      -24.280118       -24.280118       2462.2513                                                 2462.2513
              1       1207.0578      0.70177894      0.31288913   9.4727349e-05     0.022599071       3.0279978      0.97604297     0.053276574      0.99892204      -24.280118       -24.280118       2462.6758                                                 2462.6758
              4       1205.5329      0.72175126      0.31580043   9.5404502e-05     0.022523631       3.0134057      0.97490432     0.044528065       1.0001631      -24.280118       -24.280118        2459.626                                                  2459.626
              8       1204.6453      0.60802842      0.30797522    9.321113e-05     0.022621467       3.0044244      0.97756284      0.04137278      0.99958907      -24.280118       -24.280118       2457.8507                                                 2457.8507
              1        1205.726      0.51250663      0.30473739   9.2194892e-05     0.022513277       2.9910023      0.97636793     0.032318748       1.0015061      -24.280118       -24.280118       2460.0123                                                 2460.0123
              2       1206.1419      0.52074721      0.30433836   9.2154424e-05     0.022523522       2.9934079      0.97696542     0.033216101       1.0020125      -24.280118       -24.280118        2460.844                                                  2460.844
              9       1205.8039      0.51979841      0.31020832   9.3086977e-05     0.022539696       2.9854872      0.97175508     0.026822732       1.0025642      -24.280118       -24.280118        2460.168                                                  2460.168
              3       1205.7986      0.52582591      0.31055786   9.3185206e-05     0.022541661       2.9846805       0.9718275     0.026461238       1.0025381      -24.280118       -24.280118       2460.1575                                                 2460.1575
              2       1205.8254      0.50770175      0.30934696   9.2882238e-05     0.022558326        2.991764      0.97272867     0.029253886       1.0033425      -24.280118       -24.280118        2460.211                                                  2460.211
              4       1204.6546       0.4207951      0.31046516   9.2818549e-05     0.022419475       3.0018849      0.97277322     0.037073949       1.0004568      -24.280118       -24.280118       2457.8695                                                 2457.8695
              2       1204.9944       0.2142397      0.30103775   9.0011774e-05     0.022494966       3.0000296      0.97390668     0.038981882      0.99814619      -24.280118       -24.280118       2458.5491                                                 2458.5491
              3       1205.0638      0.20015498      0.30012687    8.981927e-05     0.022448777       2.9893229      0.97208875     0.034314086      0.99737813      -24.280118       -24.280118       2458.6879                                                 2458.6879
              3       1204.6364      0.29799116      0.30059529   9.0305889e-05     0.022565929       2.9921327      0.97516835      0.03353846      0.99986078      -24.280118       -24.280118        2457.833                                                  2457.833
              1       1205.9707      0.24556916      0.29772555    8.975067e-05     0.022421179       2.9979345      0.97529119     0.034529157       1.0027381      -24.280118       -24.280118       2460.5015                                                 2460.5015
              9       1204.6466      0.39436023       0.3030958   9.1525668e-05     0.022395726       3.0045384      0.97312898     0.037692794       1.0027621      -24.280118       -24.280118       2457.8535                                                 2457.8535
              3        1204.822      0.39168109      0.30310299   9.1523792e-05     0.022392852       3.0035945      0.97312436     0.037095981         1.00286      -24.280118       -24.280118       2458.2042                                                 2458.2042
              8       1204.1408      0.39800332      0.29982533   9.0718692e-05     0.022563208       3.0098183      0.97314656     0.047838283      0.99575934      -24.280118       -24.280118       2456.8419                                                 2456.8419
              1       1204.4927      0.21830401      0.30000555   8.9759803e-05     0.022565684       2.9946028      0.96917562     0.037834901      0.99621286      -24.280118       -24.280118       2457.5455                                                 2457.5455
              2         1204.26      0.22278603      0.30014882    8.980805e-05     0.022567469       2.9958466      0.96915808     0.038175356      0.99651789      -24.280118       -24.280118       2457.0801                                                 2457.0801
             10       1206.4103      0.41161283      0.31136412   9.2889664e-05     0.022595828       2.9863802      0.96480912     0.033495168      0.99527947      -24.280118       -24.280118       2461.3809                                                 2461.3809
              3       1207.5196      0.40092549      0.31167307   9.2981315e-05     0.022494557       2.9893925      0.96226193     0.032274224      0.99703562      -24.280118       -24.280118       2463.5995                                                 2463.5995
              3       1207.5521      0.39784496      0.31147521   9.2922386e-05      0.02249622       2.9895998       0.9622705     0.032362942      0.99702302      -24.280118       -24.280118       2463.6644                                                 2463.6644
              1       1207.5652      0.39819414      0.31150833   9.2927026e-05     0.022497137       2.9889615      0.96228438     0.032076743      0.99698694      -24.280118       -24.280118       2463.6906                                                 2463.6906
              8       1206.3699      0.41313045      0.31051166   9.2785271e-05     0.022512872       2.9959964      0.96289911      0.03757972      0.99577546      -24.280118       -24.280118          2461.3                                                    2461.3
              1       1206.3458      0.42458899      0.31118289   9.3011977e-05     0.022513777       2.9947941      0.96306097     0.036452087      0.99633964      -24.280118       -24.280118       2461.2519                                                 2461.2519
              4       1205.3018      0.57274435      0.31365617   9.4003658e-05      0.02264667       3.0039106      0.96558083     0.040919084      0.99731224      -24.280118       -24.280118       2459.1639                                                 2459.1639
              5       1205.6716      0.57130127      0.31449379   9.4159964e-05     0.022634702       3.0015677      0.96497198      0.03944453      0.99740189      -24.280118       -24.280118       2459.9034                                                 2459.9034
              9       1205.9481      0.45910672      0.31103225   9.3143471e-05     0.022553248       2.9929994        0.963759     0.035842543      0.99660166      -24.280118       -24.280118       2460.4565                                                 2460.4565
              5       1205.8624      0.28671758      0.30837798   9.2100159e-05     0.022435428       3.0077803      0.96623574     0.042920403       0.9978085      -24.280118       -24.280118       2460.2851                                                 2460.2851
              2       1203.8442      0.19786861      0.30359831   9.0616617e-05     0.022494025       2.9938239      0.96952015     0.034020029      0.99954429      -24.280118       -24.280118       2456.2487                                                 2456.2487
              2       1205.8101      0.13395682      0.30233419   8.9969889e-05     0.022581966       2.9911008      0.96635057     0.030799898       1.0003448      -24.280118       -24.280118       2460.1804                                                 2460.1804
              3       1206.7239      0.12232432      0.30033193   8.9536703e-05     0.022576833        2.998632      0.96270104     0.037367247      0.99751232      -24.280118       -24.280118        2462.008                                                  2462.008
              4       1207.3116      0.10337194      0.29870531    8.909635e-05     0.022606417       2.9990086      0.96241657     0.036476666       0.9985717      -24.280118       -24.280118       2463.1835                                                 2463.1835
              1       1207.5341      0.13771539      0.30022964   8.9556468e-05     0.022586312       2.9834077        0.961804     0.028831669      0.99814464      -24.280118       -24.280118       2463.6283                                                 2463.6283
             17         1205.31      0.32538415      0.30158639   9.0862172e-05     0.022517011       2.9911161      0.96479682     0.034437568      0.99899511      -24.280118       -24.280118       2459.1803                                                 2459.1803
              5       1206.0105      0.55340472      0.30440524   9.2312862e-05     0.022621208       3.0088197      0.96685413     0.044054764      0.99931678      -24.280118       -24.280118       2460.5812                                                 2460.5812
              1       1206.3645      0.55270501       0.3044915   9.2293321e-05      0.02264922        3.010518      0.96658089     0.044654432      0.99912353      -24.280118       -24.280118       2461.2893                                                 2461.2893
              1       1206.3396      0.55210336      0.30446594   9.2286362e-05     0.022648349       3.0106627      0.96661501     0.044718783      0.99913275      -24.280118       -24.280118       2461.2394                                                 2461.2394
              3        1206.507      0.62714693      0.30652608   9.3117866e-05     0.022634617       3.0188599      0.96843873     0.048127119        1.000571      -24.280118       -24.280118       2461.5742                                                 2461.5742
              1       1208.8579      0.70401789      0.30954334   9.4045247e-05     0.022644404       3.0199455      0.96630525     0.048104251       1.0010306      -24.280118       -24.280118        2466.276                                                  2466.276
              3       1207.4727      0.69716486      0.31559085     9.52222e-05     0.022504994       3.0172367      0.96504206     0.044010543       1.0022303      -24.280118       -24.280118       2463.5057                                                 2463.5057
              2       1207.4319      0.67280479      0.31493572   9.4967972e-05     0.022510868       3.0173876      0.96482721     0.043383339       1.0029504      -24.280118       -24.280118        2463.424                                                  2463.424
              3       1207.1063      0.69347744      0.31578395   9.5224652e-05     0.022516132       3.0160433      0.96551498     0.042883794       1.0027149      -24.280118       -24.280118       2462.7728                                                 2462.7728
              1       1208.2591       0.7166568      0.31560824   9.5196412e-05     0.022546322       3.0208865      0.96525266     0.046136019       1.0014923      -24.280118       -24.280118       2465.0784                                                 2465.0784
              1       1208.2199      0.72458732      0.31276509   9.4550865e-05     0.022631539       3.0113884      0.96731059     0.041098174       1.0022998      -24.280118       -24.280118       2465.0001                                                 2465.0001
              2       1205.6146      0.65960962      0.31141122   9.3900126e-05     0.022646744       3.0222252      0.96947257     0.048470929        1.001006      -24.280118       -24.280118       2459.7894                                                 2459.7894
              2       1205.2896      0.63537227      0.31486648   9.4591634e-05     0.022557467       3.0225641      0.96711285     0.049493708      0.99983075      -24.280118       -24.280118       2459.1393                                                 2459.1393
              6       1204.2434      0.64651188       0.3145575   9.4674105e-05     0.022541009       3.0171437      0.96750711      0.04685741      0.99994173      -24.280118       -24.280118        2457.047                                                  2457.047
              4       1204.4737       0.6091836       0.3137117   9.4400132e-05      0.02250868       3.0301743       0.9689616      0.05287242       1.0004219      -24.280118       -24.280118       2457.5077                                                 2457.5077
              9       1205.7308      0.54919987       0.3166815   9.4801029e-05     0.022364116       3.0181847      0.96553373     0.044648427       1.0010751      -24.280118       -24.280118       2460.0219                                                 2460.0219
              2       1205.7135       0.6128468      0.31597819    9.511311e-05     0.022310913       3.0049402      0.96601011     0.040773315       1.0003813      -24.280118       -24.280118       2459.9873                                                 2459.9873
              2       1206.0897      0.34520352      0.30242101   9.1123627e-05     0.022588008       2.9855694      0.97308622     0.032761644      0.99861314      -24.280118       -24.280118       2460.7396                                                 2460.7396
              6       1203.7617      0.53241944      0.31002539   9.3135403e-05     0.022691023       3.0042502      0.96877122     0.041380986      0.99877342      -24.280118       -24.280118       2456.0836                                                 2456.0836
              5       1204.3915      0.53094439      0.31146852   9.3450659e-05     0.022663612         2.99995      0.96715155     0.037668167      0.99990381      -24.280118       -24.280118       2457.3431                                                 2457.3431
              1       1203.8389      0.50119545      0.30861467   9.2818098e-05     0.022614703       3.0052727      0.96622648     0.040092667      0.99980888      -24.280118       -24.280118        2456.238                                                  2456.238
              1       1204.8025      0.58236206      0.31170233   9.3782293e-05     0.022630831       3.0056186      0.96628101     0.039601052       1.0002062      -24.280118       -24.280118       2458.1651                                                 2458.1651
              1       1204.8576      0.64024011      0.31045925   9.4092516e-05     0.022535989       3.0133846      0.97035274     0.045053472       1.0005879      -24.280118       -24.280118       2458.2754                                                 2458.2754
              4       1204.3629      0.62233872      0.31128822   9.4203423e-05     0.022461323       3.0078437      0.97129146     0.040773633       1.0019377      -24.280118       -24.280118       2457.2859                                                 2457.2859
              2       1204.0062      0.59151104      0.31164767   9.4103109e-05      0.02245824       3.0123592      0.97114679     0.042907752       1.0014647      -24.280118       -24.280118       2456.5727                                                 2456.5727
              1       1204.3343       0.6425071      0.31402974   9.4785387e-05      0.02246524       3.0155777      0.97119802     0.043996717       1.0021387      -24.280118       -24.280118       2457.2288                                                 2457.2288
              1       1204.1846      0.64200839        0.314061   9.4777487e-05     0.022471744       3.0147732      0.97115141     0.043698512       1.0020103      -24.280118       -24.280118       2456.9293                                                 2456.9293
             27       1204.1831      0.64189086      0.31405857   9.4776589e-05     0.022471668       3.0147559      0.97115753     0.043688711       1.0020121      -24.280118       -24.280118       2456.9265                                                 2456.9265
              6       1205.1328      0.67847351      0.31422825   9.5101133e-05     0.022448305       3.0007687      0.97264721     0.038265754         1.00128      -24.280118       -24.280118       2458.8259                                                 2458.8259
              1       1204.8722      0.65153461         0.31292   9.4703769e-05     0.022449849       2.9965583      0.97260519     0.036430415       1.0009219      -24.280118       -24.280118       2458.3046                                                 2458.3046
              1       1204.8743       0.6600707      0.31304782   9.4767238e-05     0.022448751        2.996909      0.97288937     0.036671035       1.0008911      -24.280118       -24.280118       2458.3089                                                 2458.3089
              1       1205.2535       0.6835987      0.31323174   9.4881696e-05      0.02247527       2.9967665      0.97282714     0.035939713        1.001524      -24.280118       -24.280118       2459.0673                                                 2459.0673
              2        1205.627      0.65021716      0.31431715   9.4922486e-05      0.02245227       2.9939542      0.97230013     0.033156669       1.0020342      -24.280118       -24.280118       2459.8142                                                 2459.8142
              1        1206.086      0.65857887      0.31369588   9.4804069e-05     0.022492225       3.0066137      0.97010414     0.040669351       1.0000507      -24.280118       -24.280118       2460.7323                                                 2460.7323
              5       1207.0583      0.52871868      0.30591112    9.261003e-05     0.022559729       3.0314365       0.9727341     0.051594065       1.0019194      -24.280118       -24.280118       2462.6768                                                 2462.6768
              1       1207.0648      0.47340829       0.3070867   9.2103193e-05     0.022806475       2.9912117      0.97109324      0.03524974      0.99649081      -24.280118       -24.280118       2462.6898                                                 2462.6898
             13       1206.8943      0.63789577      0.31178489   9.3749131e-05     0.022820632       2.9965465      0.97237295       0.0389968      0.99623207      -24.280118       -24.280118       2462.3489                                                 2462.3489
              5       1206.1251      0.59855459      0.31089472   9.3397017e-05     0.022753498        2.997314      0.97415259     0.040369963       0.9955662      -24.280118       -24.280118       2460.8103                                                 2460.8103
              1       1205.8249       0.5206056      0.30793015   9.2604089e-05     0.022654942       2.9756421      0.97550892     0.026753873      0.99855005      -24.280118       -24.280118       2460.2101                                                 2460.2101
              1        1205.744      0.27050828      0.30734641   9.1532653e-05     0.022511591          2.9737       0.9719567     0.024565093      0.99834997      -24.280118       -24.280118       2460.0483                                                 2460.0483
              3       1204.8944      0.54282031       0.3120819   9.3822924e-05     0.022488153       2.9665547      0.97157506     0.023593786      0.99863242      -24.280118       -24.280118        2458.349                                                  2458.349
              2       1204.5289      0.54063636      0.31178362   9.3740289e-05     0.022462824       2.9690698      0.97155719     0.024831112       0.9986581      -24.280118       -24.280118       2457.6181                                                 2457.6181
              2       1204.3972       0.5438418      0.31155982    9.371914e-05     0.022463748       2.9699193      0.97167205     0.025541932      0.99839699      -24.280118       -24.280118       2457.3546                                                 2457.3546
              2       1205.2083      0.47853895      0.30982044   9.3072586e-05     0.022450522       2.9569393      0.97054843     0.019916037       0.9972185      -24.280118       -24.280118       2458.9767                                                 2458.9767
              1       1204.1611      0.43512381      0.31076376   9.3165359e-05     0.022362154       2.9709887      0.96832672     0.026883618       0.9966866      -24.280118       -24.280118       2456.8824                                                 2456.8824
              4       1207.3749      0.21143016      0.30218858   8.9972906e-05     0.022688247        3.003157      0.97293094     0.041477336      0.99679184      -24.280118       -24.280118       2463.3101                                                 2463.3101
              3        1207.045       0.2211714      0.30183374   8.9985426e-05     0.022695836       3.0081199      0.97320585     0.044275344      0.99710642      -24.280118       -24.280118       2462.6502                                                 2462.6502
              3        1207.917      0.21608182      0.30191267   8.9943673e-05     0.022706268       3.0104178      0.97261819     0.045877865       0.9966754      -24.280118       -24.280118       2464.3943                                                 2464.3943
              3       1207.6652      0.22803015      0.30227859   9.0073586e-05     0.022702859       3.0110421      0.97265951     0.046073042      0.99686711      -24.280118       -24.280118       2463.8907                                                 2463.8907
              2       1207.5936       0.2671209      0.30299705    9.036684e-05     0.022747205       3.0098417      0.97258703     0.045876838      0.99657091      -24.280118       -24.280118       2463.7475                                                 2463.7475
             10       1205.0856      0.18601548      0.30190554   8.9961698e-05     0.022616519        2.994604      0.96892174      0.03461252      0.99973087      -24.280118       -24.280118       2458.7314                                                 2458.7314
              8       1205.8859     0.085899734      0.29494331   8.8262591e-05     0.022611618        2.989312      0.97087242      0.03453129      0.99775862      -24.280118       -24.280118       2460.3319                                                 2460.3319
              1       1205.8692      0.18130644      0.29898233   8.9451893e-05     0.022479218       2.9967107      0.97306055     0.037726157      0.99816185      -24.280118       -24.280118       2460.2986                                                 2460.2986
              5       1205.6159      0.18142077      0.29771328   8.9232386e-05      0.02248862       3.0014514      0.97281373     0.040456409      0.99739657      -24.280118       -24.280118       2459.7921                                                 2459.7921
              1       1205.7467      0.22266851      0.30338839   9.0959039e-05     0.022256126       2.9915542      0.97365458     0.036406455      0.99712691      -24.280118       -24.280118       2460.0536                                                 2460.0536
              3       1207.4944      0.50801051      0.31805456   9.4948816e-05      0.02233721        2.997566      0.96900557     0.039550663       0.9952323      -24.280118       -24.280118       2463.5491                                                 2463.5491
              1        1207.312       0.6327158      0.31701632   9.5340749e-05      0.02239142       3.0143262      0.97212564     0.049883578      0.99465129      -24.280118       -24.280118       2463.1843                                                 2463.1843
              7       1207.3129      0.63252869       0.3170004    9.533281e-05     0.022395518       3.0142655      0.97219269     0.049883147      0.99462695      -24.280118       -24.280118       2463.1861                                                 2463.1861
              2       1207.8769      0.63817702      0.31788088   9.5486385e-05     0.022406699       3.0151612      0.97165455     0.050167607      0.99440359      -24.280118       -24.280118        2464.314                                                  2464.314
              2       1208.0023      0.64359114      0.31828532   9.5599525e-05     0.022400131       3.0153186      0.97161692     0.050216533      0.99444338      -24.280118       -24.280118       2464.5647                                                 2464.5647
              2       1207.4828      0.55295599      0.31439798   9.4413282e-05     0.022402615       3.0149708      0.97191939     0.049322641       0.9948181      -24.280118       -24.280118       2463.5258                                                 2463.5258
              4       1207.8855      0.52149668      0.31086891   9.3748532e-05     0.022414001       3.0179033      0.97085871     0.051183244       0.9953788      -24.280118       -24.280118       2464.3312                                                 2464.3312
              6       1207.9383      0.52084492      0.31090855   9.3752561e-05     0.022414648       3.0180114       0.9708056     0.051210376      0.99537788      -24.280118       -24.280118       2464.4369                                                 2464.4369
              5       1205.5681      0.52497386      0.31048811   9.3654453e-05     0.022430238       3.0164253      0.97038661     0.048293917      0.99767938      -24.280118       -24.280118       2459.6964                                                 2459.6964
              1       1205.7665      0.23925227      0.30658319   9.1647621e-05     0.022245611       3.0086491      0.96639025     0.042348345      0.99820017      -24.280118       -24.280118       2460.0932                                                 2460.0932
              3          1205.4      0.21967299      0.30542969   9.1327911e-05     0.022251298       3.0076032      0.96715632     0.042133595      0.99806716      -24.280118       -24.280118       2459.3602                                                 2459.3602
              5       1205.3775      0.20995105      0.30456684   9.1138284e-05      0.02225445       3.0084218      0.96720346     0.041909006       0.9988144      -24.280118       -24.280118       2459.3152                                                 2459.3152
              4       1205.1975      0.28252079      0.30748466   9.1796648e-05     0.022410432       3.0025091      0.96828935     0.035826632       1.0009852      -24.280118       -24.280118       2458.9553                                                 2458.9553
              6        1208.717      0.27693949       0.3089932   9.2219973e-05      0.02228673       2.9926779      0.97029644     0.030398564          1.0012      -24.280118       -24.280118       2465.9941                                                 2465.9941
              1       1207.0809      0.22905463      0.30652173   9.1612665e-05     0.022204891       2.9828151      0.97134797     0.027228264       1.0007489      -24.280118       -24.280118        2462.722                                                  2462.722
              1       1207.1746       0.2198249      0.30685902   9.1652722e-05     0.022190336       2.9846312      0.97116668     0.028655243       1.0001932      -24.280118       -24.280118       2462.9094                                                 2462.9094
              1       1205.3536      0.27239415      0.30930935   9.2155175e-05     0.022299925        2.986109      0.97085139     0.029387099        1.000153      -24.280118       -24.280118       2459.2675                                                 2459.2675
              1        1204.263      0.29972664      0.30783255   9.2017428e-05     0.022357164       2.9912208      0.97051315     0.032011098        1.000134      -24.280118       -24.280118       2457.0862                                                 2457.0862
              2       1203.9587      0.32496778      0.30823752   9.2209398e-05     0.022370796       2.9929873       0.9709957     0.033276502       1.0000518      -24.280118       -24.280118       2456.4777                                                 2456.4777
             10       1204.2094      0.19577611       0.3028045     9.02983e-05     0.022550381       3.0096797       0.9678574     0.040367667       1.0009961      -24.280118       -24.280118        2456.979                                                  2456.979
              3       1203.7159      0.16826126      0.30091283   9.0099417e-05     0.022387949        2.994882      0.97048343     0.034012204       1.0010102      -24.280118       -24.280118        2455.992                                                  2455.992
              4       1204.1202      0.16398048      0.30051907   8.9974846e-05     0.022391257       2.9987646      0.96774764     0.034706932         1.00215      -24.280118       -24.280118       2456.8006                                                 2456.8006
              2       1204.8967      0.18441628      0.30163362   9.0306184e-05     0.022378501       2.9956479      0.96821114     0.032262924       1.0034031      -24.280118       -24.280118       2458.3535                                                 2458.3535
              7       1204.9592      0.20614452       0.3011524    9.028483e-05     0.022393169       2.9998864      0.96934102     0.033811816       1.0040688      -24.280118       -24.280118       2458.4786                                                 2458.4786
              2       1203.2008      0.17362783      0.29867315   8.9610855e-05      0.02246908       2.9962073      0.97003508     0.037679167      0.99799008      -24.280118       -24.280118       2454.9617                                                 2454.9617
              6       1207.2716     0.068431697      0.29771661   8.8774522e-05     0.022593252       3.0163387      0.97285699     0.045627141      0.99902995      -24.280118       -24.280118       2463.1035                                                 2463.1035
              4       1205.7589      0.19766505      0.29891644   8.9511114e-05     0.022683725       3.0053159      0.97352705     0.039292392       1.0007516      -24.280118       -24.280118       2460.0781                                                 2460.0781
              1       1209.0108      0.19871208      0.29369623   8.8370637e-05     0.022793573       3.0039351      0.97746105     0.040311589       0.9993026      -24.280118       -24.280118       2466.5819                                                 2466.5819
              2       1208.4883      0.18765029      0.29349244   8.8255435e-05     0.022771717       2.9990826      0.97641079     0.037099149      0.99980699      -24.280118       -24.280118       2465.5369                                                 2465.5369
              5       1205.5292      0.29185348      0.29678011    8.943501e-05     0.022699002       2.9987779      0.97639495     0.039833769       0.9977421      -24.280118       -24.280118       2459.6186                                                 2459.6186
              2       1205.1105      0.34921518      0.30246537   9.1048891e-05     0.022598879       2.9968318      0.97442367     0.041568815       0.9954924      -24.280118       -24.280118       2458.7813                                                 2458.7813
              1       1205.9565      0.31244441      0.30003979   9.0382412e-05     0.022640774       2.9974061      0.97359984     0.042570766      0.99477054      -24.280118       -24.280118       2460.4733                                                 2460.4733
              6        1207.983      0.37633986       0.3042076   9.1278008e-05      0.02277458       3.0166801      0.97133056     0.050573409      0.99523985      -24.280118       -24.280118       2464.5262                                                 2464.5262
              2       1207.1016       0.2922032      0.30171056   9.0493829e-05     0.022707928       3.0106097      0.97071456     0.048358413      0.99447758      -24.280118       -24.280118       2462.7634                                                 2462.7634
              2       1206.6273      0.34663129      0.30718776   9.1811042e-05     0.022661475       2.9822061      0.96719743     0.032103442      0.99558243      -24.280118       -24.280118       2461.8148                                                 2461.8148
              6       1205.8753      0.35546814      0.30762211    9.196117e-05     0.022629675       2.9791114      0.96865658     0.030426545      0.99587789      -24.280118       -24.280118       2460.3109                                                 2460.3109
              4       1206.2691      0.43288389      0.30987434   9.2765002e-05     0.022640557       2.9785445      0.96985327     0.029936722      0.99638273      -24.280118       -24.280118       2461.0983                                                 2461.0983
              1       1205.7689      0.33410532      0.30461378   9.1119917e-05     0.022700474       2.9684332      0.96992762     0.023424268      0.99754887      -24.280118       -24.280118        2460.098                                                  2460.098
              4       1205.4981      0.36406725      0.30517182   9.1645802e-05     0.022518989       2.9537666      0.97244001     0.014789881      0.99968624      -24.280118       -24.280118       2459.5565                                                 2459.5565
             10       1206.6083      0.42229823      0.30486023   9.1816485e-05     0.022587176        2.966699      0.97281644     0.019255712       1.0014538      -24.280118       -24.280118       2461.7768                                                 2461.7768
              4       1205.7829      0.39666335      0.30521334   9.1819086e-05     0.022531289       2.9702933      0.97190007     0.021115968       1.0011017      -24.280118       -24.280118        2460.126                                                  2460.126
              1       1206.4224      0.39417007      0.30574966   9.1928556e-05     0.022527929       2.9689031      0.97204952     0.019682734       1.0017763      -24.280118       -24.280118        2461.405                                                  2461.405
              4       1204.9028      0.20590544      0.30407679   9.0606186e-05     0.022536026       2.9996231      0.96967727      0.03404273       1.0023694      -24.280118       -24.280118       2458.3659                                                 2458.3659
              6       1204.9965      0.21228936      0.30362353    9.054917e-05     0.022532717       3.0025509      0.97027132     0.035313262       1.0029087      -24.280118       -24.280118       2458.5533                                                 2458.5533
              5       1204.7509      0.24843476      0.30424592   9.1161852e-05     0.022314422       3.0002474      0.97156379      0.03509856       1.0025602      -24.280118       -24.280118        2458.062                                                  2458.062
              1       1205.0608      0.31564208       0.3018397   9.0921847e-05     0.022359052        2.997775      0.97395187     0.034338986        1.002671      -24.280118       -24.280118       2458.6818                                                 2458.6818
              1       1204.7319       0.2836664      0.29902147   9.0192875e-05     0.022393563       3.0064582      0.97478959     0.039832194        1.002248      -24.280118       -24.280118       2458.0241                                                 2458.0241
              2       1205.7016      0.25735089      0.30066051   9.0210926e-05      0.02241306       3.0000065      0.97313002     0.035545111       1.0025027      -24.280118       -24.280118       2459.9635                                                 2459.9635
              5       1202.7195        0.401751      0.30538675   9.1727374e-05     0.022478321       2.9924894      0.97049759     0.035528089      0.99896994      -24.280118       -24.280118       2453.9993                                                 2453.9993
              3       1203.9323      0.41145384      0.30523376   9.1771232e-05     0.022437273       2.9893752      0.96966128     0.034258314      0.99911637      -24.280118       -24.280118       2456.4248                                                 2456.4248
              3       1204.0063      0.37216673       0.3027434    9.115638e-05     0.022441415       2.9862572      0.96842344     0.033891873      0.99761068      -24.280118       -24.280118       2456.5728                                                 2456.5728
              3       1203.1591       0.4684208      0.30568342   9.2107716e-05     0.022553984       3.0027005      0.96838446     0.041260122      0.99742007      -24.280118       -24.280118       2454.8785                                                 2454.8785
              2       1203.2352      0.47974627      0.30617628   9.2291733e-05     0.022554566        2.998251      0.96795385     0.038220705      0.99830395      -24.280118       -24.280118       2455.0306                                                 2455.0306
              3       1203.2458      0.46807733      0.30567948   9.2141817e-05     0.022557496       2.9978409      0.96806737     0.038063224      0.99823239      -24.280118       -24.280118       2455.0518                                                 2455.0518
              7        1203.042      0.52918752      0.30810605   9.2812943e-05      0.02260203       3.0005414      0.97167756     0.037894983      0.99966433      -24.280118       -24.280118       2454.6442                                                 2454.6442
              5       1202.9965      0.51388681      0.30793339   9.2682543e-05     0.022594187       2.9991658      0.97128754     0.037748484      0.99892779      -24.280118       -24.280118       2454.5532                                                 2454.5532
              2       1203.6228       0.3589313      0.30472902   9.1534882e-05     0.022468916        2.975243      0.97102602     0.026528811       0.9982261      -24.280118       -24.280118       2455.8057                                                 2455.8057
              1       1205.2724      0.33324808      0.30300433   9.1138884e-05     0.022444993       2.9710967      0.96876032     0.022530071      0.99967537      -24.280118       -24.280118        2459.105                                                  2459.105
             10        1205.018      0.36897887      0.30525255   9.1745847e-05     0.022444607       2.9689696      0.96824895     0.020464625        1.000732      -24.280118       -24.280118       2458.5961                                                 2458.5961
              3       1205.3005      0.38983855      0.30736105   9.2269252e-05     0.022430489       2.9652918      0.96782286     0.017907881       1.0013498      -24.280118       -24.280118       2459.1611                                                 2459.1611
              2       1205.1905      0.37365092      0.30691377   9.2099548e-05     0.022432726       2.9655689      0.96779012     0.017858501       1.0015077      -24.280118       -24.280118       2458.9413                                                 2458.9413
              7        1205.353      0.40948293      0.30853821   9.2555984e-05     0.022441801       2.9663392      0.96669162     0.018192932       1.0013845      -24.280118       -24.280118       2459.2663                                                 2459.2663
              1       1205.5476      0.45350779      0.30922772   9.2904128e-05     0.022468425       2.9757531      0.96763351     0.022682838       1.0017894      -24.280118       -24.280118       2459.6555                                                 2459.6555
              3       1204.6388      0.64105825      0.31399787   9.4333541e-05     0.022627742       2.9903775      0.96970815     0.034462073      0.99855854      -24.280118       -24.280118       2457.8379                                                 2457.8379
              9        1204.598      0.63089243      0.31135632   9.3897515e-05     0.022693193       3.0188481      0.97363692     0.051311078      0.99678127      -24.280118       -24.280118       2457.7563                                                 2457.7563
              6       1204.9106      0.65497364      0.31196527   9.4282515e-05     0.022641222       3.0249649      0.97397235     0.052338924      0.99911521      -24.280118       -24.280118       2458.3815                                                 2458.3815
              2       1205.1722      0.64172955       0.3107095   9.3998435e-05     0.022641998       3.0266843      0.97421143     0.053458107      0.99924692      -24.280118       -24.280118       2458.9046                                                 2458.9046
              5       1205.2339      0.65572265      0.31282939   9.4536506e-05     0.022569001        3.031225      0.97352967     0.054919296        1.000138      -24.280118       -24.280118        2459.028                                                  2459.028
              7       1205.1114      0.65116754      0.31268228   9.4468287e-05     0.022573659       3.0309545      0.97415035     0.054627601       1.0002604      -24.280118       -24.280118       2458.7831                                                 2458.7831
              1       1204.8202      0.67228444      0.31208701   9.4557498e-05      0.02252866       3.0216219      0.97277019     0.052165595      0.99864431      -24.280118       -24.280118       2458.2006                                                 2458.2006
              3       1206.9957      0.37100228      0.30268917    9.117714e-05     0.022665018       3.0194679      0.96922633     0.051719682      0.99625878      -24.280118       -24.280118       2462.5516                                                 2462.5516
              4       1205.7085       0.3548481      0.30590081   9.1755045e-05     0.022604967       3.0024144      0.96766922     0.042309701      0.99628562      -24.280118       -24.280118       2459.9773                                                 2459.9773
              1       1204.6775      0.25509321      0.30041185   9.0396049e-05     0.022496837       3.0011297      0.96991655     0.042076147      0.99780701      -24.280118       -24.280118       2457.9153                                                 2457.9153
              2       1205.0613      0.23714764      0.30089139   9.0413855e-05     0.022497447       2.9946871      0.97100896     0.038672641      0.99784128      -24.280118       -24.280118       2458.6828                                                 2458.6828
              3       1204.5438      0.11836663      0.29734596   8.9192198e-05     0.022437407       2.9820744      0.97032491     0.031792808        0.997509      -24.280118       -24.280118       2457.6478                                                 2457.6478
              1       1205.9259      0.20174617      0.30407074   9.0970488e-05     0.022305426       2.9869175      0.96960115     0.027417272       1.0037142      -24.280118       -24.280118       2460.4121                                                 2460.4121
              1       1205.8889      0.30861943      0.30716275   9.2034836e-05     0.022235488       2.9924343      0.97320505     0.032308889       1.0020982      -24.280118       -24.280118        2460.338                                                  2460.338
              3            1206      0.26898165      0.30527541   9.1423339e-05     0.022317429       2.9917862      0.97168206     0.029558687       1.0043281      -24.280118       -24.280118       2460.5603                                                 2460.5603
              4        1207.045      0.41056216      0.30917289   9.2611381e-05     0.022452958        3.017876      0.97287758     0.043714492       1.0045042      -24.280118       -24.280118       2462.6502                                                 2462.6502
              8       1206.3528      0.47470694      0.31079525   9.3192808e-05     0.022471866       3.0137835      0.97249067     0.041913584       1.0043202      -24.280118       -24.280118       2461.2658                                                 2461.2658
              4       1206.9023      0.23790297      0.29881121   8.9541929e-05     0.022677305       3.0019566       0.9713948     0.034857364       1.0018759      -24.280118       -24.280118       2462.3649                                                 2462.3649
              3       1208.1517      0.35339036      0.30571625   9.1412733e-05     0.022690734       3.0147074      0.96993174     0.040758622       1.0014446      -24.280118       -24.280118       2464.8637                                                 2464.8637
              1       1208.5698      0.30278317      0.30406616   9.0867021e-05     0.022656743       3.0280657      0.96867662      0.04685422       1.0020134      -24.280118       -24.280118       2465.6998                                                 2465.6998
              1       1205.6279       0.3437953      0.30579468   9.1602564e-05     0.022499315       3.0297889      0.96986973      0.05350661        0.997651      -24.280118       -24.280118       2459.8161                                                 2459.8161
              3       1209.0154       0.3224209       0.3034543   9.1130122e-05     0.022480859        3.024988       0.9740267     0.054582054      0.99445481      -24.280118       -24.280118        2466.591                                                  2466.591
              2       1208.9286      0.32230082      0.30214108   9.0818293e-05     0.022496498       3.0210087      0.97463659     0.052082277      0.99483486      -24.280118       -24.280118       2466.4174                                                 2466.4174
              1        1208.818      0.23705569      0.29772559   8.9563232e-05     0.022532882        3.018891      0.97464294     0.051422795      0.99474066      -24.280118       -24.280118       2466.1962                                                 2466.1962
              2       1209.4643      0.10965734       0.2994732   8.9513147e-05     0.022361343       2.9905799      0.97221785     0.034701064      0.99597686      -24.280118       -24.280118       2467.4888                                                 2467.4888
              1       1208.6988      0.13399598      0.30065307   8.9834744e-05     0.022360917       2.9902501      0.97159196     0.034416575      0.99605895      -24.280118       -24.280118       2465.9579                                                 2465.9579
             15       1208.6797      0.13128597      0.30037262   8.9742093e-05      0.02237896       2.9917115      0.97169609     0.035104019      0.99606652      -24.280118       -24.280118       2465.9197                                                 2465.9197
              4       1208.8673      0.12866228      0.30103142   8.9872929e-05     0.022368818       2.9973529        0.970764     0.038763658      0.99510359      -24.280118       -24.280118       2466.2948                                                 2466.2948
              2       1208.5038      0.36243634      0.30827396   9.2298676e-05      0.02231767        2.991196      0.97140679     0.037983248      0.99357947      -24.280118       -24.280118       2465.5678                                                 2465.5678
              2        1208.515       0.3480606      0.30952163   9.2419471e-05     0.022326284       2.9833085      0.96816932     0.032939139      0.99392827      -24.280118       -24.280118       2465.5902                                                 2465.5902
              5       1208.9034      0.28084708      0.30771275   9.1747973e-05     0.022303144       2.9741584       0.9678355      0.02646559      0.99556558      -24.280118       -24.280118       2466.3671                                                 2466.3671
              1       1208.5201      0.31544975      0.31102685   9.2457979e-05     0.022381231       2.9751017      0.96297531     0.025380326      0.99630137      -24.280118       -24.280118       2465.6004                                                 2465.6004
              1       1208.6199      0.31740841      0.31120253   9.2511005e-05     0.022376406       2.9742589      0.96292261     0.024940829      0.99629213      -24.280118       -24.280118       2465.7999                                                 2465.7999
              5       1206.6513       0.2714148      0.30790233   9.1720823e-05     0.022405495       2.9813458      0.96369403     0.028027379      0.99722692      -24.280118       -24.280118       2461.8629                                                 2461.8629
              5       1206.6416      0.27138423      0.30790106   9.1720433e-05     0.022405557       2.9813471      0.96370393     0.028031471      0.99722668      -24.280118       -24.280118       2461.8434                                                 2461.8434
              6       1207.3006      0.35919929      0.30938564   9.2417962e-05      0.02240873       2.9647678      0.96835238     0.018573676      0.99871289      -24.280118       -24.280118       2463.1613                                                 2463.1613
              3        1207.277      0.35126263       0.3099337   9.2499713e-05     0.022381436       2.9637133      0.96842908     0.018236891      0.99852402      -24.280118       -24.280118       2463.1143                                                 2463.1143
              1       1207.5159      0.38662871      0.31051033   9.2718458e-05     0.022409074       2.9555867      0.96870324     0.015477746      0.99738806      -24.280118       -24.280118       2463.5921                                                 2463.5921
              3       1207.5549      0.40002401      0.31005269    9.273067e-05     0.022401895       2.9556061      0.96939641     0.015648991      0.99749746      -24.280118       -24.280118         2463.67                                                   2463.67
             10        1207.476      0.40572099      0.31022707     9.27954e-05     0.022397486       2.9563525      0.96934952     0.016126364      0.99743143      -24.280118       -24.280118       2463.5123                                                 2463.5123
              2        1207.455      0.39980535      0.30996849   9.2713849e-05     0.022399304       2.9543125      0.96923123     0.014705874      0.99780586      -24.280118       -24.280118       2463.4702                                                 2463.4702
              3       1207.4594       0.4037486      0.30994686   9.2741643e-05     0.022385863       2.9526756      0.96949532     0.014192015      0.99768825      -24.280118       -24.280118        2463.479                                                  2463.479
              7       1206.4491      0.42211716      0.30516586   9.1908269e-05     0.022463202       2.9782071      0.97524488     0.025478443       1.0008744      -24.280118       -24.280118       2461.4584                                                 2461.4584
              1       1208.0636      0.46163045      0.30342419   9.1410843e-05     0.022763248       2.9635697      0.97322709     0.017350093       1.0018646      -24.280118       -24.280118       2464.6874                                                 2464.6874
              5       1206.8593      0.33136314      0.30373959   9.1067659e-05     0.022639522       2.9527679      0.96852758     0.010842685       1.0022728      -24.280118       -24.280118       2462.2788                                                 2462.2788
              2       1206.9961      0.37049086      0.30434554     9.14074e-05     0.022543569       2.9635775       0.9683502     0.013990914       1.0050186      -24.280118       -24.280118       2462.5525                                                 2462.5525
              1       1207.3026      0.40977955      0.30375681   9.1354188e-05     0.022632782       2.9713617      0.96821257     0.018283275       1.0043429      -24.280118       -24.280118       2463.1654                                                 2463.1654
             11       1207.4628      0.45183098      0.30111112    9.107148e-05     0.022718705       2.9989178      0.96978428     0.034278226       1.0044784      -24.280118       -24.280118       2463.4858                                                 2463.4858
              2       1209.3356      0.66601794      0.31104811   9.3949975e-05     0.022746739       2.9988874      0.97013294     0.034388886       1.0048279      -24.280118       -24.280118       2467.2314                                                 2467.2314
              3        1207.962      0.70410138      0.31689395   9.5251897e-05       0.0226658       2.9891232      0.96762868     0.028331951       1.0037378      -24.280118       -24.280118       2464.4842                                                 2464.4842
              2       1206.3405       0.6852822      0.31615671   9.4991176e-05     0.022681646       3.0131492      0.96929552     0.040255547       1.0037256      -24.280118       -24.280118       2461.2413                                                 2461.2413
              1       1206.3149      0.68534631      0.31613981   9.4986918e-05     0.022682556       3.0131009       0.9693117     0.040270926        1.003687      -24.280118       -24.280118       2461.1901                                                 2461.1901
              2       1206.2853      0.68316164      0.31605107   9.4958601e-05     0.022682338        3.012861      0.96928534     0.040157286       1.0036624      -24.280118       -24.280118       2461.1309                                                 2461.1309
              6       1204.1214      0.65059653      0.31407006    9.448305e-05     0.022660959       3.0126766      0.97096336     0.042197395       1.0020168      -24.280118       -24.280118       2456.8031                                                 2456.8031
              2       1204.0336        0.633042      0.31345825   9.4296872e-05     0.022653572       3.0122732      0.97083367     0.041726481       1.0022388      -24.280118       -24.280118       2456.6274                                                 2456.6274
              2       1204.3495      0.58151416      0.31456729   9.4238084e-05     0.022607143       3.0144983      0.96826486     0.043056285       1.0005773      -24.280118       -24.280118       2457.2593                                                 2457.2593
             10       1203.6034      0.55386352      0.31405112   9.4057063e-05     0.022566085       3.0131857      0.96856805     0.043081412       1.0000936      -24.280118       -24.280118        2455.767                                                  2455.767
              1       1203.8022      0.55843474      0.31412253   9.4059865e-05     0.022585479       3.0159191      0.96874681     0.044445783       1.0001143      -24.280118       -24.280118       2456.1645                                                 2456.1645
              1       1203.7551      0.48759933      0.30959977   9.2879585e-05     0.022597879       3.0194356      0.97039672     0.043984621       1.0029352      -24.280118       -24.280118       2456.0704                                                 2456.0704
              3       1202.9488      0.38788965      0.30666611   9.1817966e-05     0.022604673       3.0156367      0.96994425     0.043887938       1.0009544      -24.280118       -24.280118       2454.4578                                                 2454.4578
              5       1203.7463      0.33324621      0.30639254    9.156763e-05     0.022554149       3.0162496      0.97057324     0.043455532       1.0010717      -24.280118       -24.280118       2456.0529                                                 2456.0529
              2        1204.638      0.39142354      0.30799718   9.2165849e-05     0.022423595       2.9788582      0.97097649     0.027409848      0.99887787      -24.280118       -24.280118       2457.8362                                                 2457.8362
              1       1204.6715      0.47979694      0.31053668   9.3068252e-05     0.022420259       2.9862407      0.97248279     0.032160692      0.99846743      -24.280118       -24.280118       2457.9033                                                 2457.9033
              1        1203.795      0.50913061      0.30723691   9.2574487e-05     0.022467325       2.9961465      0.97150955     0.039346201      0.99709372      -24.280118       -24.280118       2456.1502                                                 2456.1502
              2       1204.3289      0.56812591      0.30777521   9.3129707e-05     0.022402804       2.9956847      0.97315386     0.038222643      0.99852822      -24.280118       -24.280118        2457.218                                                  2457.218
              2       1204.6782      0.52531258      0.31036738   9.3652634e-05     0.022277111       2.9860961      0.97047133     0.035252702       0.9969605      -24.280118       -24.280118       2457.9167                                                 2457.9167
              4       1203.7654      0.42189693      0.30803421   9.2597556e-05     0.022372743       2.9857623      0.97299132     0.030313176       1.0014586      -24.280118       -24.280118        2456.091                                                  2456.091
              5       1204.4433      0.41277629      0.30994794   9.2860453e-05     0.022418485       2.9803885       0.9719757     0.029751969      0.99939118      -24.280118       -24.280118       2457.4467                                                 2457.4467
              6       1204.1764      0.44917211       0.3106872   9.3184457e-05     0.022417162       2.9798313      0.97110033      0.02973975      0.99921559      -24.280118       -24.280118       2456.9131                                                 2456.9131
              7       1204.1754      0.44275485      0.30926123   9.2976136e-05     0.022364073       2.9804418      0.97240902     0.030523031       0.9991159      -24.280118       -24.280118       2456.9111                                                 2456.9111
              1       1203.6383      0.20823912      0.30026578   9.0196938e-05     0.022361851       3.0061562      0.96750591     0.040589988       1.0003808      -24.280118       -24.280118       2455.8369                                                 2455.8369
              1       1203.7092      0.19980129      0.30045347   9.0197758e-05      0.02236129       3.0059431      0.96732321     0.040284714       1.0005218      -24.280118       -24.280118       2455.9787                                                 2455.9787
              2       1203.2685      0.19438822      0.30110286    9.026696e-05     0.022360848       2.9976394      0.96723814     0.037453356      0.99895725      -24.280118       -24.280118       2455.0972                                                 2455.0972
              5       1202.1906      0.49254877      0.30834249   9.2742125e-05     0.022536366       3.0061155      0.96913808     0.040493713       0.9999921      -24.280118       -24.280118       2452.9415                                                 2452.9415
              1       1202.7916       0.4624696      0.30700025   9.2341339e-05     0.022522395       2.9979487      0.96928275     0.035412437       1.0007184      -24.280118       -24.280118       2454.1434                                                 2454.1434
              8       1203.0949       0.4839639      0.30493517   9.2119523e-05     0.022559482       3.0037385      0.96884838     0.039459866       1.0007211      -24.280118       -24.280118       2454.7501                                                 2454.7501
              3       1204.9936      0.60259771      0.30505507   9.2786959e-05       0.0225236       3.0250369      0.97281715     0.053384003      0.99901254      -24.280118       -24.280118       2458.5474                                                 2458.5474
              1       1205.9489      0.63917635      0.30489212    9.288563e-05     0.022551896       3.0244311      0.97311074     0.052559758      0.99941847      -24.280118       -24.280118        2460.458                                                  2460.458
              1       1205.9884      0.61676439      0.30402249   9.2591845e-05     0.022553356       3.0273221      0.97323842      0.05366984      0.99970405      -24.280118       -24.280118        2460.537                                                  2460.537
              1       1206.9602      0.66173028      0.30627781   9.3238359e-05     0.022533405       3.0300821      0.97153692     0.055024675      0.99970712      -24.280118       -24.280118       2462.4807                                                 2462.4807
              4       1206.8422      0.69018619      0.30846147   9.3838406e-05     0.022479236       3.0275876      0.97205262     0.052896379       1.0005784      -24.280118       -24.280118       2462.2447                                                 2462.2447
              1       1206.5822      0.68308831      0.30838736   9.3792863e-05     0.022476771       3.0261678      0.97186857      0.05212422       1.0006996      -24.280118       -24.280118       2461.7246                                                 2461.7246
              1       1207.1909      0.66067906      0.30610995   9.3218361e-05     0.022509719       3.0291505      0.97170667     0.053778511       1.0006464      -24.280118       -24.280118        2462.942                                                  2462.942
             10        1207.051      0.59325567      0.30143617   9.1934651e-05     0.022633305       3.0093957      0.97524131     0.042788005       1.0014624      -24.280118       -24.280118       2462.6623                                                 2462.6623
              1       1206.0447      0.60283045      0.30202344   9.1958811e-05     0.022683322       3.0094424      0.97621516     0.043086873       1.0012686      -24.280118       -24.280118       2460.6495                                                 2460.6495
              1       1206.0588      0.60283638      0.30196598   9.1949437e-05     0.022685811       3.0098793      0.97625346      0.04324493       1.0013776      -24.280118       -24.280118       2460.6779                                                 2460.6779
              4       1205.2081      0.58133774      0.30228994   9.1962916e-05       0.0226285       3.0067281      0.97496264     0.041748117       1.0014242      -24.280118       -24.280118       2458.9764                                                 2458.9764
              5       1204.3967      0.56113646      0.30349047   9.2109335e-05     0.022628336        3.003192      0.97320142     0.039313946       1.0013372      -24.280118       -24.280118       2457.3537                                                 2457.3537
              3       1204.4288      0.57589744      0.30557168   9.2688734e-05     0.022597109       3.0207583       0.9722652     0.047177147       1.0022066      -24.280118       -24.280118       2457.4179                                                 2457.4179
             13       1203.7669      0.54943797      0.30551551   9.2552722e-05     0.022584205       3.0199386       0.9709859     0.047745154       1.0010347      -24.280118       -24.280118       2456.0941                                                 2456.0941
              8       1204.8863      0.46859825      0.30553397   9.2250566e-05     0.022478551        2.977512      0.96730428     0.030666773      0.99699837      -24.280118       -24.280118       2458.3329                                                 2458.3329
              2       1205.0705      0.50707841      0.30650871   9.2597529e-05     0.022513305       2.9782411      0.96764287     0.031241071      0.99693537      -24.280118       -24.280118       2458.7013                                                 2458.7013
              5       1205.1714      0.51437775      0.30680495   9.2681209e-05     0.022508839       2.9754798      0.96800336     0.029941387      0.99687408      -24.280118       -24.280118       2458.9031                                                 2458.9031
              2       1204.8483      0.49113317      0.30598052   9.2329807e-05      0.02254926       2.9710544       0.9687846     0.027272091      0.99687764      -24.280118       -24.280118       2458.2569                                                 2458.2569
              1       1204.2073       0.5471334      0.30863065   9.3246819e-05     0.022432929        2.980581      0.97121769     0.031865227      0.99688558      -24.280118       -24.280118       2456.9748                                                 2456.9748
              6       1204.1151      0.54766026      0.30895719   9.3313633e-05     0.022427723       2.9802754      0.97133138     0.031714458      0.99692665      -24.280118       -24.280118       2456.7904                                                 2456.7904
              1       1203.9959       0.5407232      0.30764979   9.3000203e-05     0.022453167       2.9834341      0.97172878     0.033080971      0.99710121      -24.280118       -24.280118       2456.5521                                                 2456.5521
              1       1204.2028      0.39765491      0.30334485   9.1544071e-05     0.022421269       2.9749073      0.97310468     0.025709639        1.000445      -24.280118       -24.280118       2456.9658                                                 2456.9658
              3        1204.685      0.31877238      0.29901569   9.0384294e-05     0.022384091        2.984907      0.97335121     0.033064336      0.99915796      -24.280118       -24.280118       2457.9303                                                 2457.9303
              1       1203.5434      0.32048672      0.30001444   9.0559796e-05     0.022403699       2.9931722       0.9719681     0.036114879        1.000006      -24.280118       -24.280118        2455.647                                                  2455.647
              2       1204.1512      0.35447835       0.3004754   9.0534792e-05     0.022555147       2.9902447      0.97304805     0.035311993      0.99934402      -24.280118       -24.280118       2456.8626                                                 2456.8626
              1       1204.0679      0.35966973      0.30101695    9.067938e-05     0.022539795       2.9906165      0.97319257      0.03544509      0.99944516      -24.280118       -24.280118       2456.6959                                                 2456.6959
              4       1203.5652      0.38636879      0.30016748   9.0730523e-05     0.022498975        2.996366      0.97479365      0.03789846      0.99985787      -24.280118       -24.280118       2455.6907                                                 2455.6907
              1       1203.4032      0.50104886      0.30653326   9.2368898e-05     0.022545781       2.9916069      0.97297677     0.032566039       1.0015238      -24.280118       -24.280118       2455.3666                                                 2455.3666
              3       1203.1862       0.4528251      0.30596941   9.1966641e-05     0.022579414       2.9944902      0.97348033     0.034636812        1.000193      -24.280118       -24.280118       2454.9326                                                 2454.9326
              4       1203.4052      0.39018296      0.30390545   9.1378294e-05      0.02252149       2.9953325      0.97476438     0.035659413      0.99974135      -24.280118       -24.280118       2455.3706                                                 2455.3706
              4        1203.991      0.36851473      0.30344085   9.1114275e-05     0.022554603       2.9931695      0.97546129     0.035969874       0.9985962      -24.280118       -24.280118       2456.5423                                                 2456.5423
              1       1203.9446      0.36500533      0.30256591   9.0920702e-05     0.022562452        2.993126      0.97523898     0.035876059      0.99864357      -24.280118       -24.280118       2456.4494                                                 2456.4494
              5       1204.5241      0.32468476      0.30189488   9.0543926e-05     0.022609749       2.9916642      0.97468761     0.033772886      0.99945534      -24.280118       -24.280118       2457.6085                                                 2457.6085
              9       1203.9305      0.51404754       0.3099636    9.314263e-05     0.022467486       3.0036174      0.97407858     0.037724922       1.0020565      -24.280118       -24.280118       2456.4213                                                 2456.4213
              1        1203.505      0.50270292      0.30855605   9.2866966e-05     0.022475439       3.0031705      0.97350539     0.037278962       1.0029274      -24.280118       -24.280118       2455.5703                                                 2455.5703
             11       1202.6759      0.50852751      0.30891287   9.2944286e-05     0.022526026       3.0064168      0.97318975     0.039441581       1.0021729      -24.280118       -24.280118       2453.9121                                                 2453.9121
              3       1204.3903      0.40991709      0.30715581   9.1981922e-05     0.022593439       3.0004726      0.97522726     0.037809438      0.99946349      -24.280118       -24.280118       2457.3408                                                 2457.3408
              5       1204.6344      0.41434604      0.30733773   9.2031685e-05     0.022594428       3.0003442      0.97542991     0.037742248      0.99939584      -24.280118       -24.280118        2457.829                                                  2457.829
              4       1204.6221      0.41576758      0.30762586   9.2089299e-05     0.022591501       3.0007161      0.97524257     0.037868469      0.99940178      -24.280118       -24.280118       2457.8044                                                 2457.8044
              4       1204.9389      0.46596731      0.31052017   9.2895388e-05     0.022587951        2.998829      0.97552655     0.037097454      0.99948678      -24.280118       -24.280118        2458.438                                                  2458.438
              8       1204.4824      0.68596716      0.31494862   9.4889476e-05     0.022614254       3.0261496      0.97103371      0.05264214      0.99882623      -24.280118       -24.280118        2457.525                                                  2457.525
              1       1203.6246      0.64073778      0.31357363   9.4377926e-05     0.022608765       3.0225446       0.9707249     0.050246297      0.99898713      -24.280118       -24.280118       2455.8095                                                 2455.8095
              5        1203.105      0.62260642      0.31081276   9.3874603e-05     0.022574568        3.021851      0.97212822     0.049966016      0.99941825      -24.280118       -24.280118       2454.7703                                                 2454.7703
              3       1202.5461      0.39498206      0.30817205   9.2487064e-05      0.02239349       3.0108672      0.96993944     0.042442279       1.0007383      -24.280118       -24.280118       2453.6524                                                 2453.6524
              1       1203.6991      0.42432721      0.31068822    9.309879e-05     0.022400821       2.9957071      0.97011016     0.033450945       1.0014104      -24.280118       -24.280118       2455.9584                                                 2455.9584
              5       1203.6362       0.4201874      0.31049356    9.303515e-05     0.022402719       2.9955487      0.97013191     0.033388771       1.0013542      -24.280118       -24.280118       2455.8327                                                 2455.8327
              6       1203.2815      0.40075373      0.30958995   9.2733077e-05     0.022433804       2.9977755      0.97123583     0.034913334       1.0012954      -24.280118       -24.280118       2455.1233                                                 2455.1233
              1       1203.4694      0.40108882      0.30971166   9.2763403e-05     0.022429926       2.9997508      0.97127002     0.035671365       1.0014016      -24.280118       -24.280118        2455.499                                                  2455.499
              9       1204.7471      0.44805074      0.31288581   9.3679701e-05     0.022402982       3.0177559      0.97075484     0.047587805      0.99917742      -24.280118       -24.280118       2458.0544                                                 2458.0544
              3       1204.3536      0.48511369      0.31306145   9.3913008e-05      0.02240699        3.015602       0.9697103     0.047403357      0.99830795      -24.280118       -24.280118       2457.2673                                                 2457.2673
              1       1204.3837      0.52106684      0.31504733   9.4486745e-05     0.022374438       3.0106562      0.96996961     0.044461391      0.99862205      -24.280118       -24.280118       2457.3277                                                 2457.3277
              1       1204.8402      0.51128757      0.31607079   9.4617377e-05     0.022382166       3.0068109      0.96900831      0.04134567       0.9992951      -24.280118       -24.280118       2458.2406                                                 2458.2406
              1       1205.5326      0.54713231       0.3161371   9.4754137e-05     0.022442315       3.0112114      0.96567639     0.044414267      0.99864421      -24.280118       -24.280118       2459.6254                                                 2459.6254
              1       1205.3471      0.54897158      0.31500944   9.4493983e-05     0.022504867       3.0123607      0.96658531      0.04491383      0.99895404      -24.280118       -24.280118       2459.2545                                                 2459.2545
              2       1208.6927      0.61443761      0.31761643   9.5514853e-05     0.022452099       3.0087907       0.9665831      0.04374824      0.99869866      -24.280118       -24.280118       2465.9456                                                 2465.9456
              8       1208.8231      0.66800102      0.31875733   9.5925978e-05     0.022497134       3.0156643       0.9669587     0.047106723      0.99847945      -24.280118       -24.280118       2466.2065                                                 2466.2065
              3        1206.479      0.54941823      0.31238208   9.4001426e-05     0.022546534        3.018909      0.96654871     0.049600478      0.99817281      -24.280118       -24.280118       2461.5182                                                 2461.5182
              1       1206.4112      0.62429235      0.31316252   9.4192383e-05     0.022582746       3.0340301      0.96873975     0.051397564       1.0036021      -24.280118       -24.280118       2461.3827                                                 2461.3827
             10       1206.0734      0.64667455      0.31136471   9.3984252e-05     0.022585015       3.0306159      0.97020865     0.049953631       1.0040812      -24.280118       -24.280118       2460.7071                                                 2460.7071
              4        1206.533      0.57651916      0.31144654   9.3632527e-05     0.022723658        3.006995      0.97299515     0.041520962       1.0013846      -24.280118       -24.280118       2461.6263                                                 2461.6263
              1       1206.4032      0.38303055      0.30313435   9.1110456e-05     0.022781314       3.0039187      0.97148905     0.040957098      0.99960694      -24.280118       -24.280118       2461.3666                                                 2461.3666
              2       1205.7604      0.45834543      0.30490078   9.1863351e-05     0.022733428       3.0053829      0.97118602     0.044939962       0.9969268      -24.280118       -24.280118       2460.0811                                                 2460.0811
              6       1206.5225      0.72716146      0.31123591   9.4286434e-05     0.022813853       3.0153054      0.97281198     0.047862846      0.99896062      -24.280118       -24.280118       2461.6052                                                 2461.6052
              8       1207.7198      0.72342331      0.31111876   9.4238054e-05     0.022849835       3.0154142      0.97255456     0.047443263       0.9991989      -24.280118       -24.280118       2463.9999                                                 2463.9999
              2       1206.3206      0.53429171      0.30538722   9.2135043e-05     0.022844828       3.0000149      0.97375768     0.040553626      0.99769904      -24.280118       -24.280118       2461.2014                                                 2461.2014
              9       1206.4558      0.42804253      0.30057354   9.0990018e-05     0.022709485       3.0019128       0.9740471       0.0438561      0.99633574      -24.280118       -24.280118       2461.4719                                                 2461.4719
              4       1205.7367      0.41651509      0.30298797    9.133678e-05     0.022709738       2.9955042      0.97205821     0.040670489      0.99546473      -24.280118       -24.280118       2460.0336                                                 2460.0336
              1        1204.123      0.45349981      0.30447445   9.1844769e-05     0.022645993       2.9989128      0.97132438     0.042213634      0.99579615      -24.280118       -24.280118       2456.8061                                                 2456.8061
              1       1204.1182      0.37343549       0.3003757   9.0612252e-05     0.022685739        3.006821      0.97343307     0.044912459      0.99686889      -24.280118       -24.280118       2456.7965                                                 2456.7965
             11       1206.7651      0.36564056      0.29961207   9.0734532e-05     0.022577185       3.0222432      0.97446393     0.051246133      0.99994256      -24.280118       -24.280118       2462.0905                                                 2462.0905
             10        1204.978      0.25467645      0.29582315   8.9413378e-05      0.02257854       3.0075748      0.97365417      0.04381021      0.99879837      -24.280118       -24.280118       2458.5163                                                 2458.5163
              1       1205.0786      0.26517633      0.29722902   8.9750946e-05     0.022572791       3.0095882      0.97388027     0.044383128      0.99903076      -24.280118       -24.280118       2458.7175                                                 2458.7175
             18       1204.4937      0.29083286      0.29865081   9.0173192e-05     0.022542142       3.0125126      0.97302355     0.045149677      0.99981603      -24.280118       -24.280118       2457.5477                                                 2457.5477
              2       1207.0204      0.23941302      0.29565538   8.9336139e-05     0.022630127       3.0156818      0.97294811     0.047182322      0.99979979      -24.280118       -24.280118        2462.601                                                  2462.601
              6       1206.7188      0.17294228      0.29609667   8.9102491e-05     0.022613905       3.0210837      0.97056172     0.049741612      0.99899613      -24.280118       -24.280118       2461.9979                                                 2461.9979
              4       1207.1864      0.16844524      0.29514604   8.8815226e-05     0.022674127       3.0178224      0.96979281     0.048922127      0.99797306      -24.280118       -24.280118        2462.933                                                  2462.933
              2       1206.7068      0.23221216      0.29413045   8.9015288e-05     0.022602029       3.0080669      0.97189402     0.046303518      0.99701865      -24.280118       -24.280118       2461.9738                                                 2461.9738
              5       1203.2345      0.24644425      0.29895084   8.9924249e-05      0.02247557       2.9989827      0.96883692     0.040007363      0.99718394      -24.280118       -24.280118       2455.0292                                                 2455.0292
              4       1202.6659      0.28389284      0.30080071    9.053662e-05     0.022443137       2.9969195      0.96865552     0.038390937       0.9982396      -24.280118       -24.280118       2453.8921                                                 2453.8921
              7       1203.3571      0.35429726      0.30319064   9.1374766e-05     0.022456321       3.0060195      0.96875495     0.043141725        0.999135      -24.280118       -24.280118       2455.2745                                                 2455.2745
              3       1204.1741      0.30566569      0.30161692   9.0671203e-05     0.022571058        3.000027      0.96756664     0.037691679       1.0010221      -24.280118       -24.280118       2456.9084                                                 2456.9084
             10       1204.6288      0.20291662      0.29806224   8.9511593e-05     0.022591523       2.9968705      0.96973291     0.035443027       1.0015146      -24.280118       -24.280118       2457.8178                                                 2457.8178
              3       1205.4187      0.15987013      0.30023774   8.9902225e-05     0.022475476       2.9800929      0.96703549     0.027339512       1.0008785      -24.280118       -24.280118       2459.3977                                                 2459.3977
              6       1206.0592      0.20875068       0.3012228   9.0263216e-05     0.022535957        2.976303      0.96781106     0.027581996       0.9990872      -24.280118       -24.280118       2460.6786                                                 2460.6786
              1       1204.7523      0.22125052      0.30153353   9.0349582e-05     0.022550114       2.9826942      0.96867588     0.031024538      0.99833986      -24.280118       -24.280118       2458.0649                                                 2458.0649
              1       1204.9915      0.25292279      0.30166503   9.0464467e-05     0.022574347       2.9762279      0.96794102     0.028821805      0.99722911      -24.280118       -24.280118       2458.5432                                                 2458.5432
              2       1204.7631      0.19863533       0.3000226   9.0010958e-05     0.022482249        2.969328      0.96810768      0.02509441       0.9974317      -24.280118       -24.280118       2458.0864                                                 2458.0864
              7       1206.0425      0.33854477      0.30273342   9.1261891e-05      0.02248257       2.9693742      0.97089054     0.025131585      0.99796911      -24.280118       -24.280118       2460.6452                                                 2460.6452
              9       1208.5768       0.3435598      0.30452627   9.1800506e-05     0.022340393       2.9486218      0.96843128     0.016276203       0.9975183      -24.280118       -24.280118       2465.7139                                                 2465.7139
              4       1208.5016      0.33656506       0.3046522   9.1778724e-05     0.022343277       2.9463893      0.96810188     0.015013329      0.99754793      -24.280118       -24.280118       2465.5634                                                 2465.5634
              2        1208.542      0.32610415      0.30440449   9.1694239e-05     0.022331481       2.9447958      0.96845226     0.014138258      0.99764105      -24.280118       -24.280118       2465.6442                                                 2465.6442
              3       1207.8775      0.38829403      0.30535563   9.2022442e-05     0.022409916       2.9504444      0.97054859     0.017209436      0.99799692      -24.280118       -24.280118       2464.3151                                                 2464.3151
              3       1207.4348      0.38806845       0.3058706   9.2102415e-05     0.022414112        2.947879      0.96924041     0.014665194      0.99882579      -24.280118       -24.280118       2463.4298                                                 2463.4298
              2        1207.299      0.42526694      0.30847968   9.2806968e-05     0.022391944       2.9486347      0.96897725     0.014903772      0.99872671      -24.280118       -24.280118       2463.1583                                                 2463.1583
              3       1207.9559       0.4816525      0.31030588   9.3261893e-05     0.022489281       2.9486745       0.9681874     0.015840104      0.99771575      -24.280118       -24.280118        2464.472                                                  2464.472
              2       1206.8299      0.31214912      0.30321333   9.1194402e-05      0.02246767       2.9559039      0.97317692     0.018454405      0.99871281      -24.280118       -24.280118       2462.2201                                                 2462.2201
              8       1206.1981      0.31530108      0.30235727   9.1039135e-05     0.022437611       2.9575088      0.97354706     0.018696928      0.99943637      -24.280118       -24.280118       2460.9564                                                 2460.9564
              7       1205.5781      0.32581053      0.30613249   9.1902424e-05     0.022361182       2.9640573      0.97131576     0.023176443      0.99788212      -24.280118       -24.280118       2459.7164                                                 2459.7164
              3       1204.0108      0.34935646      0.30569397   9.1882348e-05     0.022396071       2.9843614      0.97315135     0.033513514      0.99756635      -24.280118       -24.280118       2456.5818                                                 2456.5818
              3       1203.3286      0.28383113      0.30504901    9.133858e-05     0.022447693       2.9825725      0.97049074     0.031885429      0.99699717      -24.280118       -24.280118       2455.2174                                                 2455.2174
              2       1203.4761      0.23984048      0.30342618   9.0891696e-05     0.022410706       2.9802856        0.969938     0.030399889       0.9975167      -24.280118       -24.280118       2455.5125                                                 2455.5125
              8       1203.6335      0.25506454      0.30356478   9.1026072e-05     0.022364895       2.9823129       0.9705622      0.03253753      0.99698177      -24.280118       -24.280118       2455.8272                                                 2455.8272
              1       1203.8911      0.26316345      0.30004508   9.0366788e-05      0.02242033       2.9941143      0.97219292     0.039385701      0.99729492      -24.280118       -24.280118       2456.3424                                                 2456.3424
              5       1203.2962      0.34625481      0.30269836   9.1217616e-05     0.022455406       3.0023404      0.97380619     0.042487877      0.99838551      -24.280118       -24.280118       2455.1526                                                 2455.1526
              3       1203.6012      0.29317092      0.30111993   9.0684722e-05     0.022441376       3.0016337      0.97356645      0.04224341      0.99827007      -24.280118       -24.280118       2455.7627                                                 2455.7627
              5       1203.8014      0.29381097      0.30118297   9.0665927e-05     0.022462859        3.002282      0.97382394      0.04277627      0.99810133      -24.280118       -24.280118        2456.163                                                  2456.163
              2       1203.6581      0.25988642      0.30030189   9.0358072e-05     0.022456514       2.9982041      0.97308433     0.039949368       0.9986389      -24.280118       -24.280118       2455.8765                                                 2455.8765
              6       1203.6553      0.29734453      0.30190154   9.0895198e-05     0.022437654       2.9987258      0.97316412     0.040146544      0.99867383      -24.280118       -24.280118       2455.8709                                                 2455.8709
              1       1204.1063      0.28516638      0.29969028   9.0379231e-05     0.022483683       3.0053165      0.97426472     0.043088998      0.99930012      -24.280118       -24.280118       2456.7728                                                 2456.7728
              2       1204.1309      0.32438453      0.30369157   9.1122343e-05     0.022611888       3.0137832      0.97189727     0.045047196       1.0002409      -24.280118       -24.280118       2456.8221                                                 2456.8221
              4       1204.5717      0.31892004      0.30431808   9.1243311e-05     0.022594372       3.0101247      0.97258396     0.042240943       1.0011171      -24.280118       -24.280118       2457.7035                                                 2457.7035
              1       1204.5824      0.31224364      0.30198218    9.076314e-05     0.022551631       3.0059501      0.97038288     0.038371031       1.0035706      -24.280118       -24.280118       2457.7251                                                 2457.7251
             13       1204.4056      0.37229263      0.30428761   9.1441602e-05     0.022575074       3.0048489      0.96992279     0.037193841        1.003866      -24.280118       -24.280118       2457.3714                                                 2457.3714
              1       1204.4878      0.36128537      0.30401415   9.1361287e-05     0.022564353       3.0047204      0.96987101     0.036963521       1.0039976      -24.280118       -24.280118       2457.5358                                                 2457.5358
              1       1205.3744      0.24615544      0.29858206   8.9699857e-05     0.022544932        2.997419       0.9701463     0.032821575       1.0039759      -24.280118       -24.280118       2459.3091                                                 2459.3091
              6       1204.6292       0.3249681      0.30073069    9.045708e-05     0.022554058       3.0029545      0.97067952     0.035602801       1.0041271      -24.280118       -24.280118       2457.8186                                                 2457.8186
              1       1205.0863      0.33733141      0.30008079   9.0295437e-05     0.022611643       2.9966719      0.97246506     0.033234635       1.0035882      -24.280118       -24.280118       2458.7328                                                 2458.7328
              8       1205.2531      0.36955136       0.3035285    9.114912e-05     0.022524855       2.9816901       0.9703095     0.026625638        1.002604      -24.280118       -24.280118       2459.0664                                                 2459.0664
              2       1205.0938      0.36877336      0.30422224    9.131391e-05     0.022499516       2.9855396      0.97002599      0.02843874       1.0028241      -24.280118       -24.280118       2458.7479                                                 2458.7479
              1       1205.1434      0.35200179      0.30448036   9.1224252e-05     0.022519312       2.9975893      0.97063738      0.03399721       1.0029908      -24.280118       -24.280118       2458.8471                                                 2458.8471
              7       1206.2154      0.40458532      0.30098749    9.094803e-05     0.022410956       3.0195683      0.97161692     0.047044105       1.0013555      -24.280118       -24.280118       2460.9909                                                 2460.9909
              1       1207.7699      0.48595385      0.30624145   9.2276668e-05     0.022386287        2.987113      0.97397856     0.034917016      0.99687747      -24.280118       -24.280118       2464.1001                                                 2464.1001
              1       1208.3887      0.57363677      0.30573794   9.2526052e-05      0.02248151       2.9842024      0.97451594     0.033847161      0.99712521      -24.280118       -24.280118       2465.3376                                                 2465.3376
              1       1208.3134      0.58966402      0.30616395   9.2669865e-05     0.022495181       2.9862932      0.97519784     0.034413299       0.9975531      -24.280118       -24.280118       2465.1871                                                 2465.1871
              1       1207.8415      0.57825529      0.30593426   9.2592869e-05     0.022490011       2.9846968      0.97530363     0.033562368      0.99768969      -24.280118       -24.280118       2464.2432                                                 2464.2432
              2       1207.9808      0.70304981      0.31228524   9.4212186e-05     0.022657866       3.0047421      0.97372648     0.045702091      0.99602309      -24.280118       -24.280118       2464.5219                                                 2464.5219
              3       1206.5657      0.69866874      0.31278664   9.4357033e-05     0.022654612       3.0059608      0.97258383     0.046856719      0.99492998      -24.280118       -24.280118       2461.6916                                                 2461.6916
              1       1205.1989       0.5508525      0.30919371   9.3096386e-05     0.022631205       2.9977451      0.97406597     0.042873931      0.99388575      -24.280118       -24.280118        2458.958                                                  2458.958
              3       1206.5688      0.55927358      0.31355169   9.3950746e-05     0.022606656       2.9927046      0.97298975     0.040497145      0.99314653      -24.280118       -24.280118       2461.6978                                                 2461.6978
              1       1206.2005      0.55966527      0.31327001   9.3876629e-05      0.02262938       2.9951717      0.97374621     0.041097624      0.99392381      -24.280118       -24.280118       2460.9613                                                 2460.9613
              5       1206.5439      0.43641574      0.31127218   9.2833743e-05     0.022597763        2.971988      0.97183411     0.026443811      0.99574361      -24.280118       -24.280118        2461.648                                                  2461.648
              3       1206.7289      0.60864111      0.32010949   9.5646481e-05     0.022326999       2.9922723      0.96931493     0.035206146      0.99833562      -24.280118       -24.280118        2462.018                                                  2462.018
             19       1203.7168      0.49412069      0.31399756   9.4080483e-05     0.022320233       3.0013946      0.96691453     0.039994295      0.99822261      -24.280118       -24.280118       2455.9939                                                 2455.9939
              3       1203.4359      0.47654442      0.31326685   9.3903279e-05     0.022309155       2.9989793      0.96786716     0.038867354      0.99844729      -24.280118       -24.280118        2455.432                                                  2455.432
              2       1203.3382        0.515001      0.31457111   9.4285032e-05     0.022347522       3.0043006      0.96861286     0.039887152      0.99991587      -24.280118       -24.280118       2455.2367                                                 2455.2367
              1        1203.411      0.52759564      0.31459727   9.4334132e-05     0.022370845       2.9983983      0.96775933     0.036433577       1.0004894      -24.280118       -24.280118       2455.3823                                                 2455.3823
              4        1203.622      0.53701516      0.31486844   9.4462503e-05     0.022363132       2.9983418      0.96798816     0.036261209       1.0007321      -24.280118       -24.280118       2455.8042                                                 2455.8042
              2       1203.2584      0.47508182      0.31203496   9.3606455e-05      0.02242611       3.0026762      0.96726732     0.039137335      0.99962571      -24.280118       -24.280118       2455.0771                                                 2455.0771
              3       1203.9084      0.35358761      0.30878195   9.2393768e-05     0.022415527       3.0143306      0.96947588     0.042574217       1.0014949      -24.280118       -24.280118        2456.377                                                  2456.377
             10       1204.0786      0.31473558      0.30542725   9.1574321e-05     0.022445471        3.018275      0.96892678     0.044716786       1.0012903      -24.280118       -24.280118       2456.7174                                                 2456.7174
              7       1204.8035      0.34038983      0.30460513   9.1042645e-05     0.022661792       3.0115353      0.96702878     0.040871807       1.0012913      -24.280118       -24.280118       2458.1673                                                 2458.1673
              4       1207.4739      0.28233537      0.30581243   9.1184607e-05     0.022490712       3.0307365      0.96787496     0.052889028       0.9979928      -24.280118       -24.280118       2463.5081                                                 2463.5081
              2       1207.3872      0.28738181      0.30608372   9.1256787e-05     0.022490783       3.0302663      0.96799647     0.052608418      0.99802144      -24.280118       -24.280118       2463.3346                                                 2463.3346
              3       1205.4383      0.36144934      0.30707058   9.1887528e-05     0.022478044       3.0340378      0.96752276     0.054106194      0.99968211      -24.280118       -24.280118       2459.4368                                                 2459.4368
              2       1205.1398       0.3323778      0.30339113   9.1097406e-05     0.022553866       3.0064543      0.96679731     0.038538277        1.000642      -24.280118       -24.280118       2458.8399                                                 2458.8399
              2       1206.1277       0.2894433      0.30126996   9.0484554e-05     0.022566326       3.0112399       0.9656807     0.041372462       1.0000963      -24.280118       -24.280118       2460.8157                                                 2460.8157
              8       1205.9896      0.28959588      0.30085784   9.0371476e-05     0.022609429       3.0112951      0.96603497     0.042109869      0.99952101      -24.280118       -24.280118       2460.5393                                                 2460.5393
              5       1205.4831      0.30331699      0.30157247   9.0558608e-05     0.022605543       3.0109554      0.96615571     0.041908651      0.99959009      -24.280118       -24.280118       2459.5265                                                 2459.5265
              2       1206.5691      0.30016382      0.30410338    9.107722e-05     0.022521907        2.992723      0.96495997     0.035655417       0.9959588      -24.280118       -24.280118       2461.6983                                                 2461.6983
              4       1205.1212      0.27593797      0.30283168   9.0731064e-05     0.022463772       2.9831439      0.96522509     0.031573209      0.99619271      -24.280118       -24.280118       2458.8025                                                 2458.8025
              3       1205.0257      0.28947086      0.30419063   9.1079784e-05     0.022438681       2.9853279      0.96469046     0.032688303      0.99611396      -24.280118       -24.280118       2458.6117                                                 2458.6117
              2       1205.0697      0.24011978      0.30392578   9.0758093e-05     0.022434664       2.9858469      0.96504236     0.031622896      0.99701079      -24.280118       -24.280118       2458.6997                                                 2458.6997
              8       1203.2106      0.32769442      0.30548392   9.1544808e-05     0.022442444       2.9970748      0.96841556     0.036717655      0.99812923      -24.280118       -24.280118       2454.9813                                                 2454.9813
              7       1203.9321      0.41983645      0.31136319   9.3084314e-05       0.0223888       2.9867465      0.96641435     0.032077423      0.99748089      -24.280118       -24.280118       2456.4245                                                 2456.4245
              1       1203.9376      0.42003936      0.31132562   9.3078361e-05     0.022388609       2.9867687      0.96640245       0.0321074      0.99747228      -24.280118       -24.280118       2456.4354                                                 2456.4354
              4       1203.2094      0.48728278      0.31185344   9.3559298e-05     0.022387783       2.9944053      0.96826782     0.036319925      0.99779244      -24.280118       -24.280118       2454.9791                                                 2454.9791
              6       1203.2972      0.50297523       0.3121699   9.3694755e-05     0.022373927       2.9909574      0.96874375     0.034381717      0.99823159      -24.280118       -24.280118       2455.1547                                                 2455.1547
              5       1202.7639       0.5484938      0.31042415   9.3426561e-05     0.022534073       3.0041366      0.97154501     0.042252835      0.99725942      -24.280118       -24.280118        2454.088                                                  2454.088
              4       1202.7323      0.54720371      0.30926326   9.3191995e-05     0.022550515       3.0067477      0.97137442     0.043088255       0.9978127      -24.280118       -24.280118       2454.0248                                                 2454.0248
              4       1204.8371      0.63453274      0.30801632    9.314386e-05     0.022670499       3.0007854      0.97663081     0.040402402      0.99925054      -24.280118       -24.280118       2458.2345                                                 2458.2345
              2       1204.7806      0.59521382      0.30655372   9.2641285e-05     0.022673946       2.9985267      0.97596367     0.039463258      0.99888415      -24.280118       -24.280118       2458.1215                                                 2458.1215
              1       1204.2774      0.54405489      0.30448533   9.2053368e-05     0.022619807       3.0069102      0.97595413     0.042863679       0.9996441      -24.280118       -24.280118        2457.115                                                  2457.115
              2       1205.5762      0.60181748      0.30502272   9.2415477e-05     0.022633085       3.0106875      0.97713722     0.044887097         1.00001      -24.280118       -24.280118       2459.7126                                                 2459.7126
             12       1205.5631      0.60934205      0.30527271   9.2500462e-05     0.022633079       3.0105129      0.97693757     0.044639606       1.0001269      -24.280118       -24.280118       2459.6864                                                 2459.6864
              3       1204.3436      0.49598825      0.30588609   9.2362042e-05     0.022447267       3.0083022      0.97464094     0.043264652      0.99873289      -24.280118       -24.280118       2457.2475                                                 2457.2475
              5       1204.1262      0.52742541      0.30843137    9.293503e-05     0.022528078       3.0102277      0.97412371     0.045218887      0.99720016      -24.280118       -24.280118       2456.8126                                                 2456.8126
              1       1204.9695      0.36469333      0.30432748   9.1377547e-05     0.022501414       3.0157454      0.97433352     0.048884512      0.99607302      -24.280118       -24.280118       2458.4992                                                 2458.4992
              4       1206.2966      0.33773618      0.30265238    9.096635e-05     0.022485689       3.0202117      0.97496124     0.051757497       0.9955521      -24.280118       -24.280118       2461.1534                                                 2461.1534
              1       1208.6033      0.24048832      0.30216447   9.0383767e-05     0.022461249       3.0304831      0.97145525     0.055314278      0.99598863      -24.280118       -24.280118       2465.7668                                                 2465.7668
              3        1208.358      0.24908326      0.30400459   9.0864796e-05     0.022394891       3.0269265      0.97081373     0.053672369         0.99575      -24.280118       -24.280118       2465.2762                                                 2465.2762
              1       1206.2718      0.46143872      0.30841831    9.232259e-05     0.022638535       3.0318597      0.97074525     0.055752205      0.99734567      -24.280118       -24.280118       2461.1039                                                 2461.1039
              3       1205.7363      0.46484847      0.30865531   9.2378671e-05     0.022655928       3.0298309      0.97142027     0.054354344      0.99769238      -24.280118       -24.280118       2460.0328                                                 2460.0328
              2       1205.7351      0.46483319      0.30863982   9.2375347e-05     0.022656335       3.0298507      0.97142996       0.0543788      0.99768084      -24.280118       -24.280118       2460.0305                                                 2460.0305
              4       1204.3946      0.38082668      0.30287718   9.1241362e-05     0.022476947        2.997753      0.97227321     0.039995527      0.99908394      -24.280118       -24.280118       2457.3493                                                 2457.3493
              3       1205.7499      0.29757849      0.29999267    9.045366e-05     0.022403033       2.9882767      0.97275151     0.039893807       0.9934796      -24.280118       -24.280118         2460.06                                                   2460.06
              6       1205.9223      0.41238999      0.30450778   9.1965591e-05     0.022367712       3.0054034      0.97102186      0.04892045      0.99330441      -24.280118       -24.280118       2460.4048                                                 2460.4048
              3       1207.2569      0.47352603      0.30574297   9.2239337e-05     0.022463576       2.9889392      0.97606665     0.041764151      0.99259089      -24.280118       -24.280118       2463.0741                                                 2463.0741
              4       1207.3396      0.48338427      0.30472669   9.2120805e-05     0.022448848       2.9878405      0.97690666       0.0408981      0.99312157      -24.280118       -24.280118       2463.2394                                                 2463.2394
              2       1207.2909      0.49557934      0.30553399   9.2344925e-05     0.022436726       2.9872289      0.97683769     0.040430427      0.99314997      -24.280118       -24.280118        2463.142                                                  2463.142
              3       1206.1771      0.51450835      0.30613528   9.2592589e-05     0.022420061       2.9970087       0.9772083     0.044388152      0.99439886      -24.280118       -24.280118       2460.9144                                                 2460.9144
              1        1204.736      0.52137303      0.30610816   9.2493197e-05     0.022517166       2.9926921      0.97759161     0.039769584      0.99640316      -24.280118       -24.280118       2458.0323                                                 2458.0323
              6       1204.7519      0.52137038      0.30608987   9.2489758e-05     0.022517299       2.9927876      0.97760366     0.039830787      0.99639525      -24.280118       -24.280118        2458.064                                                  2458.064
              5       1204.7476      0.52349637      0.30612728   9.2505803e-05     0.022518643       2.9928511      0.97758531     0.039869677      0.99638863      -24.280118       -24.280118       2458.0554                                                 2458.0554
              4       1204.5664      0.52240846      0.30660957   9.2605926e-05     0.022506946       2.9932768       0.9774078     0.039950879      0.99645678      -24.280118       -24.280118        2457.693                                                  2457.693
              3       1203.2575      0.53944844      0.30668417   9.2559591e-05     0.022572741       3.0034332      0.97616148     0.041840835      0.99885975      -24.280118       -24.280118       2455.0752                                                 2455.0752
              9        1206.121      0.66318277      0.31045694   9.3983818e-05     0.022566472       3.0009343       0.9794432     0.038919597       1.0015434      -24.280118       -24.280118       2460.8022                                                 2460.8022
              3       1206.2718      0.62753307      0.31078016   9.3930411e-05     0.022527021       3.0000229      0.97884095     0.036768764       1.0028301      -24.280118       -24.280118       2461.1037                                                 2461.1037
              7       1206.4663      0.57798452      0.30942751   9.3489641e-05     0.022486502       3.0177885      0.97951383      0.04662231       1.0010053      -24.280118       -24.280118       2461.4928                                                 2461.4928
              4       1205.0154      0.64870263      0.31305756   9.4368987e-05     0.022620469       3.0136326      0.97653513     0.043786631       1.0011838      -24.280118       -24.280118       2458.5911                                                 2458.5911
              5       1205.1939        0.630906      0.31300565   9.4258076e-05     0.022643401       3.0115586      0.97662424     0.042801058       1.0013152      -24.280118       -24.280118        2458.948                                                  2458.948
              1       1204.8912      0.61340732      0.31172322   9.3888059e-05       0.0226608       3.0093866      0.97682841     0.042070416       1.0010044      -24.280118       -24.280118       2458.3427                                                 2458.3427
              1       1206.8896      0.47405909      0.31432848   9.3781219e-05     0.022568031       2.9817448      0.97201484     0.030165624      0.99675769      -24.280118       -24.280118       2462.3394                                                 2462.3394
              2       1206.7988      0.55849271      0.31526192   9.4391399e-05     0.022550956        2.969916      0.96959102     0.026908801      0.99463325      -24.280118       -24.280118       2462.1579                                                 2462.1579
              3       1206.7549      0.55379939       0.3124855   9.4248242e-05     0.022358127        2.981093      0.97289681     0.034083651      0.99508183      -24.280118       -24.280118       2462.0701                                                 2462.0701
              2       1206.3735      0.43462212      0.30806447   9.2844474e-05     0.022383407       3.0009666      0.96964934     0.043531349      0.99492916      -24.280118       -24.280118       2461.3072                                                 2461.3072
              3       1206.4522       0.3859333       0.3056991   9.2130728e-05     0.022439433       2.9996811      0.96983531     0.043979601      0.99465519      -24.280118       -24.280118       2461.4646                                                 2461.4646
              3       1205.2605      0.34960265       0.3067606   9.2152526e-05     0.022364613       2.9907804      0.96964684     0.038490779      0.99457544      -24.280118       -24.280118       2459.0813                                                 2459.0813
              2        1205.276      0.37142849      0.30426883   9.1357676e-05      0.02260517       3.0163466      0.97544113     0.050608957      0.99545378      -24.280118       -24.280118       2459.1121                                                 2459.1121
              8       1205.0452      0.45873785       0.3072389   9.2271147e-05     0.022635731       3.0001134       0.9759589     0.043112511      0.99516587      -24.280118       -24.280118       2458.6507                                                 2458.6507
              8       1204.9351      0.46734839       0.3028079   9.1431467e-05     0.022680989        2.996093      0.97798232     0.039682429      0.99748271      -24.280118       -24.280118       2458.4304                                                 2458.4304
              2        1204.926      0.46851887      0.30279683   9.1434075e-05     0.022682231        2.996089      0.97795727     0.039699695      0.99747558      -24.280118       -24.280118       2458.4122                                                 2458.4122
             11       1204.9718      0.48036817       0.3006165   9.1154405e-05      0.02270512       2.9998784      0.97596484     0.041045704      0.99827587      -24.280118       -24.280118       2458.5038                                                 2458.5038
              5       1205.1843      0.46502149      0.30103616   9.1102897e-05     0.022731294       2.9944322      0.97629515     0.038127374      0.99826219      -24.280118       -24.280118       2458.9288                                                 2458.9288
              1       1203.5538      0.45999356      0.30346784   9.1765053e-05     0.022505372       2.9980134      0.97649493     0.041450987      0.99717989      -24.280118       -24.280118       2455.6678                                                 2455.6678
              2       1204.6655      0.34892295      0.30299536   9.0957577e-05     0.022476251       2.9974041      0.97268752     0.035916164       1.0009943      -24.280118       -24.280118       2457.8913                                                 2457.8913
              1       1204.8585      0.37954717      0.30293513   9.1047286e-05     0.022500986       3.0013376      0.97345246     0.038119762       1.0009825      -24.280118       -24.280118       2458.2772                                                 2458.2772
              9        1203.868      0.42970529      0.30624533   9.1891314e-05     0.022515914       3.0118137      0.97171411     0.042891319       1.0004653      -24.280118       -24.280118       2456.2963                                                 2456.2963
              3       1202.8358      0.37665223      0.30350264   9.1393382e-05     0.022447002       3.0042514      0.96970243     0.039148303       1.0004398      -24.280118       -24.280118       2454.2318                                                 2454.2318
              1       1202.7855      0.37587826      0.30346172   9.1378801e-05     0.022452192       3.0058932      0.96959888     0.040043948       1.0003522      -24.280118       -24.280118       2454.1313                                                 2454.1313
              1       1202.5768      0.38350256      0.30396815   9.1491315e-05      0.02245312       3.0052051      0.97022232      0.04048341      0.99951192      -24.280118       -24.280118       2453.7139                                                 2453.7139
              4       1202.7381      0.32607348      0.30502641   9.1432694e-05      0.02245282       2.9963003      0.96972106     0.037262388      0.99946999      -24.280118       -24.280118       2454.0365                                                 2454.0365
             19       1202.7471      0.31715224      0.30483804   9.1359247e-05     0.022450601       2.9958118      0.96966904     0.037019925      0.99942191      -24.280118       -24.280118       2454.0544                                                 2454.0544
             12       1202.7305      0.31742996      0.30491308     9.13626e-05     0.022450596       2.9983645      0.96975686     0.038154411      0.99951238      -24.280118       -24.280118       2454.0212                                                 2454.0212
              1       1202.6424      0.31225169      0.30485659   9.1334464e-05     0.022446541       2.9972033      0.96984166     0.037462423      0.99951488      -24.280118       -24.280118        2453.845                                                  2453.845
              8        1204.198      0.24488978      0.30015396   9.0063473e-05     0.022601915       3.0107041      0.96971537     0.046847022      0.99678105      -24.280118       -24.280118       2456.9561                                                 2456.9561
              1       1204.8391        0.194822      0.30009017   8.9881046e-05     0.022555825       3.0039162      0.96946832     0.044595484      0.99549425      -24.280118       -24.280118       2458.2384                                                 2458.2384
              3       1205.3487      0.45159096      0.30580793   9.2056064e-05     0.022601629       3.0203669      0.97807304      0.05048578      0.99927529      -24.280118       -24.280118       2459.2575                                                 2459.2575
              1       1205.5365      0.67954265      0.31649845   9.5435749e-05     0.022467207       3.0241587      0.97535372     0.051134315      0.99983725      -24.280118       -24.280118       2459.6332                                                 2459.6332
              3       1205.6112      0.66471534      0.31618605   9.5428742e-05     0.022371509       3.0147169      0.97587167     0.047004728      0.99974362      -24.280118       -24.280118       2459.7826                                                 2459.7826
              1       1205.6333      0.65763325      0.31743497   9.5620172e-05     0.022351754       3.0116434       0.9752335     0.045135401      0.99973417      -24.280118       -24.280118       2459.8269                                                 2459.8269
              4       1205.2022      0.58538914      0.31623314    9.500864e-05     0.022364149       3.0223062      0.97173748     0.049056445      0.99999977      -24.280118       -24.280118       2458.9647                                                 2458.9647
              3       1205.4164      0.51367389      0.31651434   9.4460233e-05     0.022525517       2.9932939      0.96797723     0.032721825       1.0011108      -24.280118       -24.280118        2459.393                                                  2459.393
              2       1204.9891      0.52241562      0.31503646   9.4194858e-05     0.022573963       2.9945306      0.96825625     0.033792734       1.0008583      -24.280118       -24.280118       2458.5385                                                 2458.5385
              8       1203.7317      0.63290048      0.30881757   9.3439663e-05     0.022653742       3.0053505      0.97179437     0.044924988      0.99694362      -24.280118       -24.280118       2456.0236                                                 2456.0236
              1       1203.4579      0.56512031      0.30822053   9.3011877e-05      0.02263068       3.0128871      0.97039423     0.048701676      0.99671006      -24.280118       -24.280118        2455.476                                                  2455.476
              4       1205.2464      0.66296193       0.3110337   9.4175634e-05     0.022534453       3.0194834       0.9696368     0.052145233      0.99746485      -24.280118       -24.280118        2459.053                                                  2459.053
              1        1206.722      0.58407501      0.30808362   9.3271933e-05     0.022405586       3.0080974      0.96913855     0.048639704      0.99500392      -24.280118       -24.280118       2462.0042                                                 2462.0042
              3       1206.5134      0.57419373      0.30827752   9.3289149e-05     0.022387727       3.0051834      0.96907834     0.047285181      0.99491713      -24.280118       -24.280118        2461.587                                                  2461.587
             13        1207.542      0.57808448      0.30717579   9.3109899e-05     0.022390068       3.0071519      0.97011871     0.049318496      0.99457626      -24.280118       -24.280118       2463.6443                                                 2463.6443
              3       1207.7095      0.58214633      0.30720444   9.3140805e-05     0.022390769       3.0075453      0.97009989     0.049663096      0.99445903      -24.280118       -24.280118       2463.9793                                                 2463.9793
              4       1204.5007      0.51358222      0.31064639   9.3487689e-05     0.022342203        3.013346      0.96812409     0.048511322      0.99643741      -24.280118       -24.280118       2457.5616                                                 2457.5616
              3       1203.9503      0.39443162      0.30801279    9.249839e-05     0.022271775       2.9895328      0.96836219     0.034508169      0.99864897      -24.280118       -24.280118       2456.4607                                                 2456.4607
              3        1204.243      0.37786022      0.30913294    9.263987e-05      0.02224863       2.9890107      0.96773571     0.033538504      0.99874801      -24.280118       -24.280118       2457.0463                                                 2457.0463
              2       1203.7335      0.43603034      0.31119133   9.3254907e-05     0.022337607       2.9808083       0.9716303      0.02898726      0.99934819      -24.280118       -24.280118       2456.0272                                                 2456.0272
              1       1203.8644      0.42697608      0.31150779   9.3327242e-05     0.022316711        2.980599      0.97115719     0.029007554       0.9992872      -24.280118       -24.280118        2456.289                                                  2456.289
              5        1204.079      0.50456686      0.31144516   9.3654092e-05     0.022396429       3.0158491      0.97278605     0.043741474        1.002685      -24.280118       -24.280118       2456.7182                                                 2456.7182
              5       1204.5822       0.6784968      0.31697832   9.5383666e-05     0.022570055       2.9930731      0.97179771     0.035539414      0.99912808      -24.280118       -24.280118       2457.7246                                                 2457.7246
              3       1204.8779      0.60836403      0.31530796   9.4936635e-05     0.022442612       2.9884874       0.9711309     0.033167622      0.99926396      -24.280118       -24.280118       2458.3161                                                 2458.3161
              1       1204.4253      0.62305977      0.31416963    9.477657e-05      0.02245307       2.9887946      0.97135028     0.034280357      0.99874556      -24.280118       -24.280118       2457.4108                                                 2457.4108
              1       1205.3512      0.58868873      0.31504011   9.4812442e-05     0.022407506          2.9772      0.97105518     0.029687375      0.99777852      -24.280118       -24.280118       2459.2626                                                 2459.2626
              2       1206.3509      0.28856864      0.30166314    9.076941e-05     0.022556905       2.9958693      0.97271767     0.038917929      0.99846056      -24.280118       -24.280118        2461.262                                                  2461.262
              1       1205.8168      0.15584915      0.29862015      8.9547e-05     0.022463873       2.9909652      0.97428107     0.036216962      0.99857007      -24.280118       -24.280118       2460.1939                                                 2460.1939
              2       1207.0227      0.14047245      0.30359918   9.0536409e-05     0.022354948        2.975386      0.97129924     0.028073806      0.99811011      -24.280118       -24.280118       2462.6056                                                 2462.6056
              5       1207.7261      0.21160677      0.30609847   9.1358704e-05     0.022335246       2.9792033      0.97254303     0.032505779      0.99578769      -24.280118       -24.280118       2464.0125                                                 2464.0125
              2       1207.6216       0.1707218      0.29871256   8.9888746e-05      0.02232897       2.9882228      0.97364947     0.039145697      0.99484839      -24.280118       -24.280118       2463.8034                                                 2463.8034
              6       1207.3544      0.11373431      0.29747962   8.9434416e-05     0.022323738       2.9970595      0.97402504     0.041653571      0.99641183      -24.280118       -24.280118        2463.269                                                  2463.269
              8       1206.9997     0.057189395      0.29880678   8.9395349e-05      0.02229057       2.9926211      0.97180502     0.037866555      0.99737472      -24.280118       -24.280118       2462.5597                                                 2462.5597
              4       1206.7109     0.087900129      0.29989008   8.9732025e-05     0.022295099        2.993805      0.97201092     0.038352035      0.99752839      -24.280118       -24.280118       2461.9821                                                 2461.9821
              2       1206.6898     0.090812496        0.299843   8.9742238e-05     0.022292534       2.9935083      0.97210889     0.038167611      0.99760913      -24.280118       -24.280118       2461.9399                                                 2461.9399
              7       1207.1423      0.13946372      0.30094191   9.0181793e-05     0.022244439       2.9891673       0.9715647     0.039003488      0.99414531      -24.280118       -24.280118       2462.8449                                                 2462.8449
              4       1204.6555      0.18734322      0.30326435   9.0780475e-05     0.022288774        3.000887      0.96758526     0.041903527      0.99645996      -24.280118       -24.280118       2457.8712                                                 2457.8712
              4       1204.7601      0.19694427      0.30435193   9.1035411e-05     0.022273819       3.0003386      0.96694212     0.041359528      0.99654023      -24.280118       -24.280118       2458.0805                                                 2458.0805
              6       1204.7859      0.20100898      0.30452409    9.109319e-05     0.022267928       3.0007637      0.96714363      0.04150683      0.99667218      -24.280118       -24.280118       2458.1321                                                 2458.1321
              8       1203.7843      0.48142769      0.31060384   9.3518883e-05     0.022309065       2.9997648      0.96835933     0.041382987      0.99724741      -24.280118       -24.280118       2456.1288                                                 2456.1288
              4        1205.236       0.2689767      0.30343528   9.1117732e-05       0.0223651       2.9679442      0.97052355     0.023288494      0.99979951      -24.280118       -24.280118       2459.0323                                                 2459.0323
              4        1205.248      0.32885895       0.3062794   9.1860366e-05     0.022428584       2.9726649      0.97174147     0.025022679        1.000264      -24.280118       -24.280118       2459.0562                                                 2459.0562
              3       1208.4844      0.32413883      0.31341786   9.3215904e-05     0.022290308       2.9558418      0.96993126     0.019709578      0.99560042      -24.280118       -24.280118       2465.5291                                                 2465.5291
              2       1208.4808      0.32419883      0.31335809   9.3200922e-05      0.02229305       2.9561665      0.96996911     0.019911808      0.99556527      -24.280118       -24.280118       2465.5219                                                 2465.5219
              2       1207.2906      0.14752091       0.3057077   9.0888955e-05     0.022236695       2.9986174      0.96838559     0.038582194      0.99704693      -24.280118       -24.280118       2463.1414                                                 2463.1414
              1       1206.8449      0.15993193       0.3051315   9.0861963e-05     0.022250484       3.0041468      0.96906395     0.042727244      0.99601188      -24.280118       -24.280118         2462.25                                                   2462.25
              9       1206.5646      0.12927868      0.30230469   9.0127443e-05      0.02230679       3.0089667      0.97118085     0.044471545      0.99724793      -24.280118       -24.280118       2461.6894                                                 2461.6894
              1       1205.8433      0.18816508      0.30479093   9.0874768e-05     0.022309457       3.0094676      0.97146845     0.044348511      0.99731074      -24.280118       -24.280118       2460.2469                                                 2460.2469
              3       1205.5343      0.32956525      0.30437369   9.1383325e-05     0.022496704       2.9976125      0.97720692     0.039423666      0.99842853      -24.280118       -24.280118       2459.6288                                                 2459.6288
              1       1206.3635      0.30045972      0.30800762   9.1983494e-05     0.022435562       2.9914816       0.9747642     0.032902291       1.0007358      -24.280118       -24.280118       2461.2872                                                 2461.2872
              4       1206.2274      0.27189161       0.3074668   9.1774711e-05      0.02241672       2.9909724      0.97429326     0.032876471       1.0003295      -24.280118       -24.280118        2461.015                                                  2461.015
              2       1205.2709      0.42302231      0.31143857   9.3271146e-05     0.022405357       2.9875926      0.97332423     0.030990789       1.0001679      -24.280118       -24.280118       2459.1021                                                 2459.1021
              1       1205.5567      0.46285832      0.31391766   9.3991631e-05     0.022360901       2.9877341      0.97289506     0.031859982      0.99963914      -24.280118       -24.280118       2459.6736                                                 2459.6736
              1       1205.4868      0.45868105      0.31362327   9.3890283e-05     0.022377567        2.989226      0.97322045     0.032423568      0.99980698      -24.280118       -24.280118       2459.5339                                                 2459.5339
              4       1205.5792      0.46788237      0.31383085   9.3972539e-05     0.022374607       2.9889908      0.97349035     0.032378033      0.99976805      -24.280118       -24.280118       2459.7186                                                 2459.7186
              7       1206.0986       0.5400234      0.31387944   9.3798754e-05     0.022577947       2.9938194      0.96854911     0.039025406      0.99446367      -24.280118       -24.280118       2460.7574                                                 2460.7574
              2       1205.3036      0.50959335       0.3136478   9.3679298e-05     0.022524283       2.9915241      0.96792429     0.037172771       0.9952331      -24.280118       -24.280118       2459.1674                                                 2459.1674
              9       1205.5534      0.54389616      0.31456308   9.4032012e-05     0.022528174       2.9785086      0.96936657     0.030318141      0.99576178      -24.280118       -24.280118       2459.6671                                                 2459.6671
              3       1203.7421      0.51907057      0.31172484    9.347956e-05     0.022526775       2.9849682      0.97037281      0.03475507      0.99569797      -24.280118       -24.280118       2456.0444                                                 2456.0444
             14       1203.7619      0.51813557      0.31168977   9.3467842e-05     0.022527291       2.9849069      0.97038145     0.034753291       0.9956692      -24.280118       -24.280118        2456.084                                                  2456.084
              1        1203.679      0.51797904      0.31134466   9.3389928e-05     0.022525424       2.9810503      0.97025808      0.03206598      0.99631844      -24.280118       -24.280118       2455.9183                                                 2455.9183
              1        1203.613      0.51104096      0.31171511   9.3489303e-05     0.022476021       2.9821833      0.97256568     0.031676059      0.99741495      -24.280118       -24.280118       2455.7863                                                 2455.7863
              4       1204.0411       0.3708565      0.31208278   9.3109899e-05     0.022302126        2.991298      0.96782113     0.033582431       0.9985874      -24.280118       -24.280118       2456.6424                                                 2456.6424
              6       1204.1786      0.45727841      0.31329361   9.3851482e-05     0.022262345        2.995847      0.96834473     0.036499649      0.99856191      -24.280118       -24.280118       2456.9175                                                 2456.9175
              4       1204.6348      0.42703665       0.3130644   9.3680705e-05     0.022235266       2.9964989      0.96809486     0.037676712      0.99766614      -24.280118       -24.280118       2457.8298                                                 2457.8298
              2       1204.7837      0.40000232      0.31151673   9.3122497e-05     0.022278645       2.9870616      0.97098727     0.031652649      0.99900441      -24.280118       -24.280118       2458.1277                                                 2458.1277
             13       1204.8124      0.40189734      0.31150102   9.3108973e-05     0.022291804        2.988506      0.97121603     0.032416557      0.99877362      -24.280118       -24.280118       2458.1851                                                 2458.1851
              9       1204.9267      0.38918962      0.31139151   9.2944422e-05     0.022324256       2.9895502      0.97008496     0.031671569      0.99958411      -24.280118       -24.280118       2458.4136                                                 2458.4136
              4       1206.9607      0.46156987      0.31420956   9.3602478e-05     0.022589311       3.0003894      0.97121096     0.033238126       1.0035201      -24.280118       -24.280118       2462.4817                                                 2462.4817
              1       1205.9694      0.50445808      0.31289879   9.3626062e-05     0.022607601       3.0197968      0.97242999     0.043878833       1.0033491      -24.280118       -24.280118       2460.4991                                                 2460.4991
             12       1205.8881      0.52809961      0.31327814   9.3787914e-05     0.022622155       3.0193065      0.97301063     0.043936435       1.0031169      -24.280118       -24.280118       2460.3365                                                 2460.3365
             11       1205.9128      0.51863066      0.31571395   9.4385814e-05     0.022499366       3.0233454      0.97141371     0.047896613         1.00123      -24.280118       -24.280118       2460.3858                                                 2460.3858
              5        1206.578      0.50517333      0.31570969   9.4280379e-05      0.02251238        3.027097      0.97055282     0.048807217       1.0019016      -24.280118       -24.280118       2461.7162                                                 2461.7162
              2        1204.625      0.46774301      0.31360443   9.3872172e-05     0.022351486       3.0207174      0.96786823     0.049284541      0.99898623      -24.280118       -24.280118       2457.8102                                                 2457.8102
              4       1203.8978      0.51183112      0.31531024   9.4357923e-05     0.022388686       3.0070109      0.96684536     0.042997959      0.99762157      -24.280118       -24.280118       2456.3559                                                 2456.3559
              9       1205.0788      0.41008372      0.30688207   9.2412791e-05     0.022397845       3.0181063      0.96786301     0.046502055      0.99980515      -24.280118       -24.280118       2458.7178                                                 2458.7178
              1       1205.5928      0.42780749      0.30710663   9.2492433e-05     0.022448646        3.017917      0.96730486     0.045930705       1.0000804      -24.280118       -24.280118       2459.7458                                                 2459.7458
              6       1203.9716      0.44441148      0.30933844    9.295507e-05     0.022441049       2.9875494      0.96821029     0.029969006       1.0011464      -24.280118       -24.280118       2456.5034                                                 2456.5034
              6       1204.6443      0.67279098      0.31479454   9.5114627e-05     0.022466065       2.9957725      0.96966563     0.036294538       1.0005938      -24.280118       -24.280118       2457.8487                                                 2457.8487
              4       1207.2811      0.74900415       0.3188465   9.6323656e-05     0.022455311        2.977755      0.97024841     0.028675292      0.99889912      -24.280118       -24.280118       2463.1224                                                 2463.1224
              1       1206.1326      0.66230825      0.31431825   9.5173246e-05      0.02239627       3.0082278      0.97158021     0.044823418      0.99948502      -24.280118       -24.280118       2460.8254                                                 2460.8254
              1       1205.8015       0.6415395      0.31582509   9.5356599e-05     0.022356196       3.0054319      0.97057436      0.04311211      0.99943955      -24.280118       -24.280118       2460.1633                                                 2460.1633
              1       1208.4579      0.69335105      0.31379384   9.5193015e-05     0.022307886       2.9935043      0.97465382     0.036515022       1.0017232      -24.280118       -24.280118       2465.4761                                                 2465.4761
              4       1208.1048      0.69065862      0.31347519   9.5094358e-05     0.022322422       2.9937545      0.97475145     0.036870724       1.0014904      -24.280118       -24.280118       2464.7698                                                 2464.7698
              1       1207.3803      0.64677896      0.31300365   9.4750484e-05     0.022334772       2.9894734      0.97388876      0.03460267       1.0013201      -24.280118       -24.280118       2463.3208                                                 2463.3208
              5       1206.9599      0.61141964      0.31173616    9.437355e-05     0.022336632       2.9896884      0.97372944     0.035059299       1.0009838      -24.280118       -24.280118       2462.4801                                                 2462.4801
              2       1206.0969      0.64946389      0.31396128   9.4890851e-05     0.022401149        3.018412      0.97094383     0.048603491       1.0012289      -24.280118       -24.280118       2460.7541                                                 2460.7541
              6       1206.2999      0.40423575      0.30939614   9.2543869e-05     0.022479705       2.9921157      0.97144312     0.036545765      0.99895393      -24.280118       -24.280118       2461.1601                                                 2461.1601
              5       1206.9982      0.43948378      0.30975226   9.2743638e-05     0.022497053       3.0012149      0.97336389      0.04108343      0.99938356      -24.280118       -24.280118       2462.5567                                                 2462.5567
              1        1206.937       0.5171225      0.31120975    9.340502e-05     0.022531878       3.0045113      0.97336003     0.043950088      0.99862933      -24.280118       -24.280118       2462.4343                                                 2462.4343
              2       1206.6178      0.46991807      0.31375724   9.3776889e-05     0.022475554       2.9764422      0.97222598     0.030075042       0.9968412      -24.280118       -24.280118       2461.7958                                                 2461.7958
              1       1206.2562      0.45871177      0.31353903   9.3734348e-05     0.022451361       2.9751656        0.971243     0.028787487      0.99750779      -24.280118       -24.280118       2461.0727                                                 2461.0727
              7       1205.7456      0.41099548      0.31158116   9.3120053e-05     0.022491807        2.982213      0.97137522     0.031868387      0.99769457      -24.280118       -24.280118       2460.0515                                                 2460.0515
              2        1205.038      0.43180093      0.31270154   9.3530104e-05     0.022363062       2.9833783      0.97189815     0.032083322      0.99825749      -24.280118       -24.280118       2458.6363                                                 2458.6363
              1        1204.264       0.5099797      0.31263617   9.3878023e-05     0.022408916       2.9844816      0.97144366     0.032912319      0.99859648      -24.280118       -24.280118       2457.0882                                                 2457.0882
              3       1204.6433      0.56451415      0.31634239   9.4800554e-05     0.022428078       2.9830716      0.96978365     0.031736302      0.99828471      -24.280118       -24.280118       2457.8467                                                 2457.8467
              9       1204.7109      0.55796196      0.31620461   9.4732144e-05     0.022432044       2.9825557      0.96954353     0.031650443      0.99810604      -24.280118       -24.280118       2457.9821                                                 2457.9821
              3       1206.2055      0.18978534      0.30206656   9.0213826e-05     0.022539063       2.9679066      0.96751969     0.022529141      0.99950345      -24.280118       -24.280118       2460.9713                                                 2460.9713
              1       1206.3198      0.19478788      0.30314804   9.0441101e-05     0.022521922       2.9668135      0.96698296     0.021600377      0.99971641      -24.280118       -24.280118       2461.1997                                                 2461.1997
              2       1206.3544      0.17862057      0.30278739   9.0358527e-05     0.022473268       2.9667972      0.96704253     0.022059425      0.99947933      -24.280118       -24.280118        2461.269                                                  2461.269
              6       1205.9432      0.15271808      0.30286231   9.0281721e-05     0.022444953       2.9622927      0.96716957     0.019595151      0.99921243      -24.280118       -24.280118       2460.4466                                                 2460.4466
              2       1206.2347       0.1373749       0.3026175   9.0147817e-05     0.022449278        2.961138      0.96703432     0.019004954      0.99911954      -24.280118       -24.280118       2461.0297                                                 2461.0297
              4       1205.5984      0.17766685      0.30434417   9.0620979e-05     0.022434016       2.9585239      0.96709816     0.017543297      0.99881971      -24.280118       -24.280118        2459.757                                                  2459.757
              3       1205.9242      0.19566828      0.30536117   9.0914239e-05     0.022419829       2.9550065      0.96676823     0.016271204      0.99846783      -24.280118       -24.280118       2460.4087                                                 2460.4087
              1        1206.201      0.17263183      0.30394433   9.0480676e-05     0.022461161       2.9574162      0.96882721     0.017414881      0.99861258      -24.280118       -24.280118       2460.9622                                                 2460.9622
              1       1204.5256      0.27029642      0.30373207   9.0947749e-05     0.022510321       2.9730289      0.97037926     0.025500589      0.99945104      -24.280118       -24.280118       2457.6114                                                 2457.6114
              4        1204.593      0.27455585       0.3041086   9.1033656e-05     0.022520287       2.9728129      0.97022331     0.025527469       0.9992067      -24.280118       -24.280118       2457.7462                                                 2457.7462
              1       1205.0526      0.43672833       0.3073933   9.2570304e-05      0.02248673       2.9746896      0.97029398     0.027243611      0.99910805      -24.280118       -24.280118       2458.6654                                                 2458.6654
              1       1203.9768      0.42776346      0.30312667   9.1599354e-05     0.022557862       2.9873132      0.97040529      0.03450999      0.99840068      -24.280118       -24.280118       2456.5138                                                 2456.5138
              1       1205.4626      0.40588416      0.30566759    9.199589e-05     0.022568884       2.9989978       0.9672462     0.042135659      0.99565999      -24.280118       -24.280118       2459.4854                                                 2459.4854
              2       1204.6489      0.49329432      0.31149864   9.3460439e-05     0.022492477       2.9925195       0.9652897     0.038371044      0.99527959      -24.280118       -24.280118       2457.8581                                                 2457.8581
              1       1204.3241       0.5921537       0.3133964   9.4247412e-05     0.022508985       3.0128359       0.9710989     0.049501845      0.99487832      -24.280118       -24.280118       2457.2084                                                 2457.2084
              4       1205.0536      0.48934338      0.31133613   9.3588955e-05     0.022335287       3.0148784      0.97065525     0.050706955      0.99485796      -24.280118       -24.280118       2458.6675                                                 2458.6675
              2       1205.7892      0.44755459       0.3103537   9.3364398e-05     0.022297948       3.0031359      0.97057887     0.044657616      0.99486828      -24.280118       -24.280118       2460.1387                                                 2460.1387
              2       1205.1141          0.2543      0.30348704   9.0908214e-05     0.022482631       2.9992161       0.9711556      0.04258405      0.99437582      -24.280118       -24.280118       2458.7884                                                 2458.7884
              1        1205.286      0.25257665      0.30295175    9.079894e-05     0.022476876       2.9965624      0.97170261     0.041874862       0.9939433      -24.280118       -24.280118       2459.1323                                                 2459.1323
             11       1205.4316       0.2487739      0.30311606   9.0843936e-05     0.022464132       2.9960172      0.97115914     0.042064865      0.99375336      -24.280118       -24.280118       2459.4235                                                 2459.4235
              3       1205.3494      0.28729684      0.30300745   9.1063406e-05     0.022460521       2.9941414      0.97239876     0.040175731      0.99500071      -24.280118       -24.280118       2459.2589                                                 2459.2589
              2       1203.8859      0.57003114      0.31041724   9.3636612e-05     0.022525056        3.001334      0.97176987      0.04379038      0.99510637      -24.280118       -24.280118        2456.332                                                  2456.332
              1       1203.9143      0.57132545      0.31043436    9.364195e-05     0.022525399       3.0000248      0.97192602     0.043257418      0.99501967      -24.280118       -24.280118       2456.3889                                                 2456.3889
              2       1205.1407      0.59329572      0.30891243    9.322756e-05     0.022664566       3.0086065       0.9708765     0.048788148      0.99473521      -24.280118       -24.280118       2458.8417                                                 2458.8417
              6       1205.4768      0.60237005      0.31147007    9.370637e-05     0.022642401       3.0035466      0.96727482     0.044646065      0.99515365      -24.280118       -24.280118       2459.5139                                                 2459.5139
              1       1209.1939      0.58181495      0.31722518     9.50972e-05      0.02248919        2.984044      0.96576593     0.033009337      0.99820419      -24.280118       -24.280118       2466.9481                                                 2466.9481
              9       1209.5602      0.57322553      0.31849385   9.5645215e-05     0.022264383       2.9701032      0.96528317     0.024652472      0.99868644      -24.280118       -24.280118       2467.6806                                                 2467.6806
              1        1209.432      0.58799244      0.31853516   9.5716284e-05     0.022272745       2.9713813      0.96543622     0.025467871      0.99859865      -24.280118       -24.280118       2467.4243                                                 2467.4243
              2       1207.4559      0.57749795      0.31890402   9.5553783e-05     0.022256037        2.990622      0.96380701     0.033872154      0.99946204      -24.280118       -24.280118       2463.4721                                                 2463.4721
              1       1204.1397      0.50999507      0.31556062   9.4500603e-05     0.022335429       3.0110227      0.96906731     0.043321852      0.99982485      -24.280118       -24.280118       2456.8396                                                 2456.8396
              4       1203.9122       0.5437955      0.31573615   9.4460041e-05     0.022469251        3.000472      0.96888124     0.035940865       1.0008415      -24.280118       -24.280118       2456.3847                                                 2456.3847
             10       1204.9222      0.61833762      0.31843123   9.5328596e-05       0.0224511       2.9928422      0.96913352     0.034191705      0.99866612      -24.280118       -24.280118       2458.4046                                                 2458.4046
              2       1206.1792      0.48124461      0.31595806   9.4455917e-05      0.02231415       3.0072619      0.96951516     0.039121045        1.002731      -24.280118       -24.280118       2460.9187                                                 2460.9187
              7       1205.5947      0.51098451       0.3148205   9.4235981e-05     0.022432777       3.0091985      0.97136986     0.040846452       1.0025275      -24.280118       -24.280118       2459.7496                                                 2459.7496
              1       1205.5681       0.5063326      0.31463533   9.4172204e-05     0.022436877       3.0091229      0.97135539     0.040765089       1.0025395      -24.280118       -24.280118       2459.6964                                                 2459.6964
              2       1206.9616       0.4870885      0.31512913   9.4187328e-05     0.022397259       3.0101407      0.97113661     0.040164178       1.0035652      -24.280118       -24.280118       2462.4834                                                 2462.4834
              6       1206.5086      0.47245029       0.3078138   9.2674989e-05     0.022581445       3.0362365      0.96907163     0.056575966       1.0002998      -24.280118       -24.280118       2461.5774                                                 2461.5774
              1       1208.2597      0.56938902      0.30921215   9.3564229e-05     0.022523708       3.0416437      0.97312575     0.061116633      0.99964882      -24.280118       -24.280118       2465.0797                                                 2465.0797
              4       1206.5024      0.63831882      0.31394717   9.4758636e-05     0.022574001        3.017153      0.97171084     0.049354043      0.99795766      -24.280118       -24.280118        2461.565                                                  2461.565
              5       1206.8657      0.62786555      0.31474169   9.4827829e-05     0.022597298       3.0105572      0.97110337      0.04508153      0.99839537      -24.280118       -24.280118       2462.2916                                                 2462.2916
             13       1205.6102       0.6947323      0.31507648   9.5196186e-05     0.022564604       3.0185473      0.97098939     0.049291551      0.99818355      -24.280118       -24.280118       2459.7807                                                 2459.7807
              3       1208.7973      0.55275676      0.30698031   9.3158311e-05     0.022504578       2.9825534      0.97453834     0.032028666      0.99864611      -24.280118       -24.280118       2466.1549                                                 2466.1549
              2       1208.9119      0.52944603      0.30686575   9.2984104e-05     0.022545597       2.9828477      0.97297857     0.032816057       0.9976607      -24.280118       -24.280118        2466.384                                                  2466.384
              1       1208.9028      0.52098823      0.30696635   9.2998347e-05     0.022518676       2.9846204      0.97290716     0.034040335      0.99725976      -24.280118       -24.280118       2466.3658                                                 2466.3658
              2       1207.1791      0.46178437      0.30627707    9.259483e-05     0.022481243       2.9881323      0.97116264     0.033959669      0.99862241      -24.280118       -24.280118       2462.9184                                                 2462.9184
             10       1207.4191      0.43704142      0.30694725   9.2559262e-05     0.022524433       2.9991766      0.97296942     0.038467562      0.99956448      -24.280118       -24.280118       2463.3985                                                 2463.3985
              2       1207.2991      0.42817641      0.30664283   9.2451567e-05     0.022527314       2.9987511      0.97293666     0.038185678      0.99961496      -24.280118       -24.280118       2463.1584                                                 2463.1584
              1       1206.9447       0.6981523      0.30801986   9.3856924e-05     0.022607982       3.0046505       0.9755957     0.040834764       1.0014645      -24.280118       -24.280118       2462.4496                                                 2462.4496
              2       1206.8922      0.66628136      0.30565999   9.3182165e-05     0.022640259       3.0095025      0.97673983     0.044620506      0.99988562      -24.280118       -24.280118       2462.3446                                                 2462.3446
              2       1206.5206      0.76540396      0.31042545   9.4575271e-05     0.022612038       3.0130801      0.97396607     0.049350056      0.99719808      -24.280118       -24.280118       2461.6014                                                 2461.6014
              5       1207.4246      0.71983766      0.30817234   9.3892913e-05     0.022647662       2.9984163      0.97285202     0.042986971       0.9961087      -24.280118       -24.280118       2463.4094                                                 2463.4094
              1        1207.245       0.7296561      0.30854794   9.3968896e-05      0.02266164       2.9966535      0.97276576     0.041544226      0.99656087      -24.280118       -24.280118       2463.0502                                                 2463.0502
              3       1207.8537      0.53250819      0.29752659   9.0849523e-05     0.022668943       3.0266231      0.97512292     0.055244627      0.99843555      -24.280118       -24.280118       2464.2676                                                 2464.2676
              8       1205.9134      0.30535734      0.29894906    9.045028e-05     0.022301257        3.000423      0.96885909     0.040136816       1.0000598      -24.280118       -24.280118       2460.3871                                                 2460.3871
              1       1207.2468      0.29475308      0.29853272   9.0368423e-05     0.022254958       2.9994886      0.96856533     0.039455276       1.0003852      -24.280118       -24.280118       2463.0539                                                 2463.0539
              4       1206.1556      0.27441625      0.29997093   9.0452458e-05     0.022396559       3.0088872      0.97124933      0.04853439      0.99642553      -24.280118       -24.280118       2460.8715                                                 2460.8715
              3       1204.5657      0.26418128      0.30052362   9.0508331e-05     0.022420474       2.9933213      0.97337437     0.038809249      0.99765115      -24.280118       -24.280118       2457.6917                                                 2457.6917
              2       1204.4361      0.41277415      0.30475926   9.1888956e-05     0.022529189       3.0039042       0.9734365     0.041849289       1.0001663      -24.280118       -24.280118       2457.4325                                                 2457.4325
              3       1203.3767      0.40984951      0.30732898   9.2302329e-05     0.022500008       3.0121716      0.97297044     0.044311841       1.0008294      -24.280118       -24.280118       2455.3137                                                 2455.3137
              1        1203.571      0.57926266      0.30725846   9.2833281e-05     0.022613642       3.0166076      0.97249733     0.046749326       1.0011105      -24.280118       -24.280118       2455.7022                                                 2455.7022
              4       1203.7495      0.59854316      0.30868473   9.3216916e-05     0.022595919       3.0134293      0.97186567     0.044819032       1.0013993      -24.280118       -24.280118       2456.0593                                                 2456.0593
              7       1203.7111      0.59689823      0.30866443   9.3207345e-05     0.022594786       3.0135318      0.97188794     0.044875272        1.001398      -24.280118       -24.280118       2455.9825                                                 2455.9825
              5       1203.8704      0.54801308      0.30515658   9.2207238e-05     0.022707933       3.0149822      0.97250386     0.045192347        1.001628      -24.280118       -24.280118       2456.3011                                                 2456.3011
              1       1204.2383      0.53195658       0.3037455   9.1923312e-05     0.022683016       3.0200531      0.97330038     0.047197444       1.0025354      -24.280118       -24.280118       2457.0368                                                 2457.0368
             11       1204.1417      0.52519995      0.30358648   9.1866272e-05     0.022678255       3.0192225      0.97333092     0.046820031        1.002468      -24.280118       -24.280118       2456.8436                                                 2456.8436
              1       1204.1185      0.52498097      0.30355337   9.1856378e-05     0.022680112       3.0192979      0.97334518     0.046853077       1.0024695      -24.280118       -24.280118       2456.7972                                                 2456.7972
              1       1204.3383      0.50316793      0.30272068   9.1548454e-05     0.022667864       3.0111248      0.97331242     0.043493097        1.001908      -24.280118       -24.280118       2457.2369                                                 2457.2369
              4       1204.3283      0.50295656      0.30270913   9.1545775e-05     0.022668048       3.0110445      0.97332936     0.043479547       1.0018866      -24.280118       -24.280118       2457.2169                                                 2457.2169
              2       1203.7013      0.45504372      0.30058791   9.0927356e-05     0.022649253       3.0102643      0.97307596     0.043713753        1.000779      -24.280118       -24.280118       2455.9628                                                 2455.9628
              3       1203.6139      0.45162866      0.30059785   9.0913863e-05     0.022647835       3.0103438      0.97300105     0.043728191       1.0007336      -24.280118       -24.280118        2455.788                                                  2455.788
              1        1203.482      0.48105963      0.30240126   9.1469314e-05     0.022634452       3.0124201      0.97356021      0.04315303       1.0023768      -24.280118       -24.280118       2455.5241                                                 2455.5241
             12        1203.373       0.4923018      0.30275555   9.1599598e-05     0.022632399       3.0146326      0.97365432     0.044594023       1.0021348      -24.280118       -24.280118       2455.3062                                                 2455.3062
              4       1204.5027       0.3703779      0.29713359   8.9994872e-05     0.022600542       3.0065615      0.97416724     0.040727115       1.0020199      -24.280118       -24.280118       2457.5656                                                 2457.5656
              1       1203.7452      0.41297622      0.30004101   9.0871358e-05     0.022483628       3.0000887      0.97457681     0.039176524        1.000069      -24.280118       -24.280118       2456.0506                                                 2456.0506
              1       1203.5345       0.3993908      0.30001881   9.0806229e-05     0.022476093       2.9994678      0.97370433     0.039169303      0.99966099      -24.280118       -24.280118       2455.6293                                                 2455.6293
              2       1203.5814      0.35158063      0.29951813   9.0413787e-05     0.022490787        2.998804      0.97410392     0.038910353      0.99916417      -24.280118       -24.280118        2455.723                                                  2455.723
              1       1204.2496      0.45992716      0.30212751   9.1451634e-05     0.022518656        3.017643      0.97786243     0.049940543      0.99842782      -24.280118       -24.280118       2457.0594                                                 2457.0594
              1       1203.4167       0.4651472      0.30852631   9.2755451e-05     0.022467623       3.0069287      0.97335332     0.046547875      0.99521334      -24.280118       -24.280118       2455.3935                                                 2455.3935
              3       1204.0405      0.46154779      0.30700112   9.2422115e-05     0.022499675       3.0097296      0.97323751     0.048886874      0.99429336      -24.280118       -24.280118       2456.6413                                                 2456.6413
              1       1204.2853      0.49399077      0.30770152   9.2652629e-05     0.022524951       3.0057246      0.97373109     0.047305687      0.99393559      -24.280118       -24.280118       2457.1309                                                 2457.1309
              4       1204.8411      0.63830159      0.31113574   9.4099009e-05     0.022482274       3.0066102      0.97275535      0.04823374      0.99455307      -24.280118       -24.280118       2458.2424                                                 2458.2424
              5       1204.8949        0.662353      0.31191706   9.4377369e-05     0.022471582       3.0022578      0.97227454     0.045236322      0.99495696      -24.280118       -24.280118         2458.35                                                   2458.35
              1       1204.8798      0.65164236      0.31173104   9.4284582e-05     0.022454921       2.9988401      0.97236026     0.043255645       0.9951332      -24.280118       -24.280118       2458.3199                                                 2458.3199
              3       1203.7409      0.54938472       0.3040748    9.221759e-05     0.022573952       3.0111765      0.97508452     0.048172186      0.99684672      -24.280118       -24.280118       2456.0421                                                 2456.0421
              2       1204.3506      0.58730769      0.30827599   9.3056096e-05     0.022602787       3.0280771      0.97485216     0.054350828       0.9981781      -24.280118       -24.280118       2457.2615                                                 2457.2615
              5       1203.5531      0.54242672      0.30769361   9.2696575e-05      0.02262816       3.0242623       0.9730915     0.051789498      0.99819599      -24.280118       -24.280118       2455.6665                                                 2455.6665
              8       1203.2788       0.5266304      0.30771053   9.2658254e-05     0.022603523       3.0226566      0.97146953     0.050703031      0.99823455      -24.280118       -24.280118       2455.1177                                                 2455.1177
              1       1203.1596      0.52217838      0.30741106   9.2551142e-05     0.022621266       3.0212887      0.97240281     0.049959113      0.99835104      -24.280118       -24.280118       2454.8795                                                 2454.8795
              5       1203.5331      0.40478334      0.30144957   9.0992571e-05      0.02266693        3.009984       0.9714802     0.045275211      0.99896955      -24.280118       -24.280118       2455.6263                                                 2455.6263
              1       1203.3103      0.34390299      0.30305436   9.1378859e-05     0.022411874       3.0082409      0.97134475      0.04273033       1.0000497      -24.280118       -24.280118       2455.1808                                                 2455.1808
              5       1206.0427      0.17863626      0.29555101    8.901835e-05     0.022504415       3.0008848      0.97393482     0.040354181      0.99744955      -24.280118       -24.280118       2460.6457                                                 2460.6457
              4       1205.9633      0.21660583      0.29738082   8.9517639e-05     0.022512843       3.0029913      0.97300053     0.041456459      0.99696978      -24.280118       -24.280118       2460.4868                                                 2460.4868
              3       1204.9959      0.31299097       0.3008961   9.0568658e-05     0.022517007       3.0070084      0.97198754     0.043215667      0.99699362      -24.280118       -24.280118        2458.552                                                  2458.552
              1        1205.014      0.30488232      0.30060061   9.0455692e-05     0.022523307       3.0073753       0.9721601      0.04314357      0.99720103      -24.280118       -24.280118       2458.5882                                                 2458.5882
              3       1205.7826      0.27474385      0.30152133   9.0452023e-05     0.022545079       3.0041328       0.9707264     0.041226215      0.99666274      -24.280118       -24.280118       2460.1254                                                 2460.1254
              8       1204.8442      0.30321183      0.29914957   9.0175996e-05     0.022488114        3.000396      0.97362608     0.041721299       0.9960471      -24.280118       -24.280118       2458.2487                                                 2458.2487
              8       1203.5493      0.36167642      0.30220964   9.0964111e-05     0.022508721        3.000226       0.9737343     0.040942292      0.99677216      -24.280118       -24.280118       2455.6589                                                 2455.6589
              7       1203.6831       0.4504201      0.30428162   9.1758663e-05     0.022504075       3.0092516      0.97602654     0.046965361      0.99685302      -24.280118       -24.280118       2455.9264                                                 2455.9264
              1       1203.7685      0.61561274      0.31131409   9.3915086e-05     0.022494059       3.0086478      0.97266135     0.047036487      0.99646871      -24.280118       -24.280118       2456.0972                                                 2456.0972
              1       1203.1863      0.56594943       0.3102551   9.3594632e-05     0.022459857       2.9950559      0.97212629     0.039797093      0.99737668      -24.280118       -24.280118       2454.9328                                                 2454.9328
              7       1202.6372      0.56093659      0.31072214   9.3644671e-05       0.0224847        2.993943      0.97185808     0.038477634      0.99759552      -24.280118       -24.280118       2453.8346                                                 2453.8346
              4       1203.2324      0.53549186      0.31048716   9.3312402e-05      0.02253539       2.9880228      0.97228711     0.034731418      0.99804383      -24.280118       -24.280118        2455.025                                                  2455.025
              2        1203.395      0.59288619      0.31245018   9.3945209e-05      0.02253295       2.9985037      0.97243742     0.038878014      0.99924537      -24.280118       -24.280118       2455.3503                                                 2455.3503
              7       1205.6853      0.68284683      0.31650118   9.5167651e-05     0.022501519       3.0073352      0.97199714      0.04494434      0.99790474      -24.280118       -24.280118       2459.9308                                                 2459.9308
              1       1204.9384      0.69451175      0.31540249    9.502084e-05     0.022546919       3.0177699      0.97405052     0.050479249      0.99754966      -24.280118       -24.280118        2458.437                                                  2458.437
              2       1206.7419      0.65152712      0.31655237   9.4935785e-05     0.022619335       3.0204033      0.97682481     0.049591068      0.99901122      -24.280118       -24.280118       2462.0441                                                 2462.0441
             13       1208.1585      0.52499185       0.3121244   9.3482636e-05     0.022672127       3.0164441      0.97637373     0.050631498      0.99654265      -24.280118       -24.280118       2464.8772                                                 2464.8772
              9       1206.8103      0.33687581       0.3028018   9.0962996e-05      0.02261183       3.0012708      0.97571553     0.044228643      0.99636703      -24.280118       -24.280118       2462.1809                                                 2462.1809
              7       1203.9633      0.31640942      0.30108943   9.0546989e-05     0.022602509       3.0143042      0.97421436     0.047194638      0.99926649      -24.280118       -24.280118       2456.4867                                                 2456.4867
              4       1205.2983      0.37013206       0.3019475   9.0714061e-05     0.022717247        3.012075      0.97654117     0.044446131       1.0004564      -24.280118       -24.280118       2459.1568                                                 2459.1568
              2       1204.5063      0.40710889      0.30456601   9.1425221e-05     0.022685047       3.0083527      0.97567604     0.042478833       1.0004158      -24.280118       -24.280118       2457.5727                                                 2457.5727
              3       1203.8399      0.45476941      0.30420669   9.1618923e-05     0.022662744       3.0064676       0.9764681     0.043358986      0.99916318      -24.280118       -24.280118         2456.24                                                   2456.24
              9       1202.8262      0.37951949      0.30340084   9.1133304e-05     0.022632851       3.0087328      0.97352885     0.044179311      0.99865476      -24.280118       -24.280118       2454.2126                                                 2454.2126
              5       1202.8996      0.40852644      0.30435832   9.1419537e-05     0.022648596       3.0106009      0.97329659     0.044955575      0.99881268      -24.280118       -24.280118       2454.3595                                                 2454.3595
              5       1202.7546      0.37023982      0.30442921   9.1302232e-05     0.022581066       3.0068394      0.97200438     0.042361338      0.99938794      -24.280118       -24.280118       2454.0694                                                 2454.0694
              4       1203.4686      0.37872485      0.30830365   9.2056622e-05     0.022575342       3.0103783      0.96951929     0.040894659       1.0007214      -24.280118       -24.280118       2455.4973                                                 2455.4973
             11       1203.5608       0.3902926      0.30910634   9.2267213e-05     0.022577164       3.0128156      0.96915425     0.042318978       1.0005571      -24.280118       -24.280118       2455.6818                                                 2455.6818
              3        1204.745      0.36142189      0.30693301   9.1657594e-05     0.022629705       3.0083427      0.97301974     0.039567558       1.0011457      -24.280118       -24.280118       2458.0503                                                 2458.0503
              1       1205.5615       0.2887051      0.30615583   9.1267673e-05     0.022541149       3.0067808      0.97271492     0.037647435       1.0022423      -24.280118       -24.280118       2459.6832                                                 2459.6832
              3       1207.5666      0.43187606      0.30641859   9.1888274e-05     0.022528808       3.0064617      0.97549933     0.037479825       1.0039914      -24.280118       -24.280118       2463.6935                                                 2463.6935
              6       1206.6433      0.53926945      0.31136136   9.3448776e-05     0.022507952       3.0153047      0.97424429     0.041255915       1.0049282      -24.280118       -24.280118       2461.8469                                                 2461.8469
              2       1206.8476      0.51904788      0.31079196   9.3253393e-05     0.022504835       3.0177739      0.97428727     0.041888306       1.0053419      -24.280118       -24.280118       2462.2555                                                 2462.2555
              1        1206.384      0.49008579       0.3094205   9.2863283e-05      0.02246523       3.0154043      0.97413756     0.041157668       1.0043652      -24.280118       -24.280118       2461.3282                                                 2461.3282
             10       1206.3063      0.49115542      0.30780656   9.2472958e-05     0.022556747       3.0292724      0.97620354     0.049627798       1.0028849      -24.280118       -24.280118       2461.1729                                                 2461.1729
              1       1206.1871      0.50016781      0.30815765   9.2589112e-05     0.022555355       3.0290003       0.9760986     0.049438543       1.0030269      -24.280118       -24.280118       2460.9345                                                 2460.9345
              2       1206.6644      0.47447268      0.30683972   9.2115992e-05     0.022654316       3.0357087      0.97541087     0.052551273       1.0030282      -24.280118       -24.280118       2461.8891                                                 2461.8891
              1       1206.6771      0.47417114      0.30683938   9.2113946e-05     0.022654457       3.0356191      0.97541027     0.052494238       1.0030363      -24.280118       -24.280118       2461.9143                                                 2461.9143
              1       1206.7409      0.47471851      0.30708554   9.2134398e-05     0.022659027       3.0348325      0.97499632     0.052188027       1.0025279      -24.280118       -24.280118        2462.042                                                  2462.042
              2       1206.8094      0.44488857      0.31186302   9.3110541e-05     0.022642619       2.9845365      0.96933873     0.026141543       1.0019265      -24.280118       -24.280118       2462.1791                                                 2462.1791
              2       1205.2393      0.45162367      0.31321209    9.352281e-05     0.022531228       2.9815435      0.96712987     0.025518224       1.0012985      -24.280118       -24.280118       2459.0388                                                 2459.0388
              3       1205.0279      0.31512472      0.30694724   9.1657348e-05     0.022537089        2.975137      0.96673632     0.021267275       1.0022241      -24.280118       -24.280118       2458.6161                                                 2458.6161
              4       1205.4841      0.26001495      0.30442189   9.0667477e-05     0.022644275       2.9815298      0.96902895      0.02692762      0.99958473      -24.280118       -24.280118       2459.5284                                                 2459.5284
              2       1206.7313      0.25692239      0.30618987   9.1003091e-05     0.022594724       2.9742262      0.96694707     0.024009882      0.99787934      -24.280118       -24.280118       2462.0228                                                 2462.0228
              2       1207.1061      0.20305335       0.3035338   9.0288169e-05     0.022588136       2.9670576      0.96739487     0.021530959      0.99698739      -24.280118       -24.280118       2462.7725                                                 2462.7725
              1        1203.703      0.33118587      0.30879697   9.2182597e-05     0.022388584       2.9931808       0.9699735      0.03214937       1.0013248      -24.280118       -24.280118       2455.9663                                                 2455.9663
              3       1203.5392      0.32484296      0.30652539    9.164751e-05     0.022424566       3.0041798      0.97196052     0.038635769       1.0005165      -24.280118       -24.280118       2455.6387                                                 2455.6387
              1       1203.8266      0.22356644       0.3002606   9.0011492e-05     0.022518328       3.0111876      0.97359985     0.042767259       1.0010024      -24.280118       -24.280118       2456.2135                                                 2456.2135
              4       1203.9326      0.21048721      0.30000833   8.9906857e-05     0.022511143       3.0112212      0.97340608     0.042771471       1.0009702      -24.280118       -24.280118       2456.4255                                                 2456.4255
              4       1207.1278      0.29113637      0.29968834   9.0264583e-05     0.022625722       3.0286057      0.97550325     0.052332142       1.0003872      -24.280118       -24.280118       2462.8158                                                 2462.8158
              3       1206.9688      0.26652241      0.29740549   8.9756026e-05     0.022599112       3.0199497      0.97624513     0.048116743        1.000218      -24.280118       -24.280118       2462.4979                                                 2462.4979
              1       1207.4358      0.25065317      0.29662376   8.9539932e-05      0.02256667       3.0148012      0.97840516     0.045692183       1.0003676      -24.280118       -24.280118       2463.4319                                                 2463.4319
              3       1211.2237      0.22016511      0.29294757   8.8515237e-05     0.022626428       3.0369458      0.97944108     0.061184535      0.99639518      -24.280118       -24.280118       2471.0076                                                 2471.0076
              1       1210.3754      0.23266777      0.29711844   8.9456414e-05     0.022511106       3.0358228      0.97799856      0.06026182      0.99583614      -24.280118       -24.280118        2469.311                                                  2469.311
             10       1206.8617      0.39248804      0.30377207   9.1252358e-05     0.022573001       3.0334647      0.97684192     0.057371931      0.99774036      -24.280118       -24.280118       2462.2837                                                 2462.2837
              1       1206.6984      0.38515196      0.30388968   9.1241816e-05      0.02256654        3.031467      0.97681581     0.056183926      0.99778113      -24.280118       -24.280118        2461.957                                                  2461.957
              2       1208.1736       0.3511109      0.30492073   9.1333017e-05     0.022517668       3.0244285      0.97826633     0.052975984      0.99706279      -24.280118       -24.280118       2464.9075                                                 2464.9075
              5       1210.7291      0.36727126      0.29770104    9.035852e-05     0.022473441       3.0038567      0.98377336     0.042322106       1.0004075      -24.280118       -24.280118       2470.0184                                                 2470.0184
              3       1210.7378      0.36944565      0.29774706   9.0376593e-05     0.022474138       3.0039552      0.98380007     0.042367546        1.000414      -24.280118       -24.280118       2470.0359                                                 2470.0359
              3       1210.9178        0.507994       0.3024071   9.1994561e-05     0.022441366       3.0213086      0.98408039      0.05308953      0.99936391      -24.280118       -24.280118       2470.3957                                                 2470.3957
              2       1208.3245      0.57861235       0.3122855   9.3703901e-05     0.022538808       3.0127102      0.97716717     0.047081063      0.99870353      -24.280118       -24.280118       2465.2092                                                 2465.2092
              9        1205.416      0.60065815      0.31709436   9.4913875e-05      0.02244602       3.0128566      0.97203974     0.043994167       1.0006034      -24.280118       -24.280118       2459.3923                                                 2459.3923
              3       1204.8792      0.59933228      0.31578538   9.4562215e-05     0.022553014       2.9918266      0.97010709      0.03441003      0.99974145      -24.280118       -24.280118       2458.3187                                                 2458.3187
              5       1204.7186      0.63068573      0.31784807   9.5186892e-05     0.022517103       2.9848347      0.96996264       0.0309127      0.99913456      -24.280118       -24.280118       2457.9975                                                 2457.9975
              1       1205.1299      0.65347425       0.3184685   9.5430819e-05     0.022504243       2.9817511      0.97010596     0.029119564      0.99936769      -24.280118       -24.280118       2458.8201                                                 2458.8201
              1       1205.4406      0.68262201       0.3184048   9.5534368e-05     0.022572973       2.9803155      0.97129454     0.029578247      0.99835687      -24.280118       -24.280118       2459.4415                                                 2459.4415
              4       1206.3186      0.62276111      0.30728762   9.3027626e-05     0.022760144         3.00756       0.9750906     0.039085018       1.0035566      -24.280118       -24.280118       2461.1975                                                 2461.1975
              2         1206.88      0.61035896      0.30815055   9.3131898e-05     0.022756264       3.0086689      0.97531824     0.038644834       1.0041524      -24.280118       -24.280118       2462.3203                                                 2462.3203
              8       1206.6697      0.60222764      0.30802036   9.3079705e-05      0.02274589       3.0089131      0.97530671     0.038846068       1.0040477      -24.280118       -24.280118       2461.8996                                                 2461.8996
              5       1205.9212      0.56921719      0.30780182   9.2973233e-05      0.02267577       3.0109822      0.97527306     0.039993326        1.003835      -24.280118       -24.280118       2460.4026                                                 2460.4026
             13       1207.2284       0.6456458      0.31148764   9.4125957e-05     0.022637876       2.9954761      0.97539555     0.032828246       1.0029829      -24.280118       -24.280118        2463.017                                                  2463.017
              1       1206.4401      0.61785456      0.31007024   9.3686881e-05     0.022663208       3.0035202      0.97103453     0.037962919       1.0009607      -24.280118       -24.280118       2461.4404                                                 2461.4404
              3       1205.7122      0.57597988      0.31042756   9.3501424e-05     0.022667649       3.0031137      0.96984966      0.03685138       1.0014827      -24.280118       -24.280118       2459.9847                                                 2459.9847
              4       1204.0504      0.66116453      0.31606448   9.5077451e-05     0.022533397       3.0171068      0.97065875     0.048762345      0.99747437      -24.280118       -24.280118        2456.661                                                  2456.661
              1       1202.9166      0.52185667      0.31279418   9.3903973e-05     0.022460748       3.0076119      0.97059826     0.044650566      0.99745291      -24.280118       -24.280118       2454.3935                                                 2454.3935
             11       1202.9264      0.57264047      0.31237904   9.4138657e-05     0.022444825       3.0092703      0.97165531     0.045175649      0.99858424      -24.280118       -24.280118        2454.413                                                  2454.413
              2        1202.856      0.57251382      0.31197897    9.406727e-05     0.022436245       3.0077359       0.9717655     0.044123461      0.99907031      -24.280118       -24.280118       2454.2723                                                 2454.2723
             15       1202.7367       0.5905076      0.31281678   9.4283217e-05      0.02244325       3.0039879      0.97094961      0.04211464      0.99894851      -24.280118       -24.280118       2454.0336                                                 2454.0336
              4        1202.982      0.51674175      0.31333709   9.4059003e-05     0.022395541       2.9996366      0.97054753     0.038982158      0.99936546      -24.280118       -24.280118       2454.5243                                                 2454.5243
              5       1202.8881      0.50284923      0.31252419   9.3852646e-05     0.022386612       3.0002861      0.97064768     0.039490363      0.99928959      -24.280118       -24.280118       2454.3365                                                 2454.3365
              1       1202.8883      0.50284418      0.31252437   9.3852667e-05     0.022386604       3.0002868      0.97064769      0.03949047      0.99928974      -24.280118       -24.280118       2454.3368                                                 2454.3368
              5       1203.6409      0.50916206      0.31211976   9.3825647e-05     0.022390259       2.9889668      0.97305814     0.034690473      0.99839094      -24.280118       -24.280118        2455.842                                                  2455.842
              5       1203.6418      0.49969145      0.31189127   9.3743274e-05     0.022379489       2.9891741       0.9730828     0.035074399      0.99810991      -24.280118       -24.280118       2455.8439                                                 2455.8439
              4       1203.7009      0.49931682      0.31195133   9.3753585e-05     0.022378456       2.9888853       0.9730622     0.034935845      0.99809555      -24.280118       -24.280118        2455.962                                                  2455.962
             13       1204.4607      0.47547251       0.3088863   9.3066839e-05     0.022379586       2.9829082      0.97290434     0.034193025      0.99714959      -24.280118       -24.280118       2457.4817                                                 2457.4817
              2       1204.2036      0.43596996       0.3066305   9.2375055e-05      0.02246977       2.9833116       0.9721559     0.034562368      0.99673361      -24.280118       -24.280118       2456.9675                                                 2456.9675
              2       1204.1014      0.43462459      0.30616871   9.2240248e-05     0.022466531       2.9809901      0.97113649     0.033920925      0.99610341      -24.280118       -24.280118       2456.7629                                                 2456.7629
              7       1205.6155      0.58359015      0.31369469   9.4445225e-05     0.022420574       2.9827792      0.97133856     0.035826053      0.99515405      -24.280118       -24.280118       2459.7912                                                 2459.7912
              3       1205.5988      0.64880102      0.31422617   9.4821557e-05     0.022475479       2.9849391      0.97041746      0.03690437      0.99493923      -24.280118       -24.280118       2459.7579                                                 2459.7579
              2       1204.6805      0.63479899      0.31198393   9.4315007e-05     0.022515263       3.0030427      0.97182924     0.045764193       0.9956617      -24.280118       -24.280118       2457.9212                                                 2457.9212
              6       1202.7006      0.47460325      0.30733501   9.2609878e-05     0.022481975       3.0019475      0.96943799     0.037480892       1.0020533      -24.280118       -24.280118       2453.9615                                                 2453.9615
              4       1202.8133      0.48732222      0.30762186   9.2728014e-05     0.022485911       3.0026749      0.96929931     0.037830197       1.0020675      -24.280118       -24.280118       2454.1868                                                 2454.1868
              3       1203.1453      0.45680619      0.30598078   9.2289753e-05     0.022463038       3.0005278      0.96863338     0.036696024       1.0021184      -24.280118       -24.280118       2454.8509                                                 2454.8509
              7       1203.9503      0.48987213       0.3080062   9.2839295e-05     0.022427632       3.0008734      0.96825557     0.035659017       1.0031925      -24.280118       -24.280118       2456.4607                                                 2456.4607
              1       1203.6153      0.43739256      0.30638307   9.2237302e-05     0.022459278       2.9941517      0.96915948     0.032502278       1.0031459      -24.280118       -24.280118       2455.7909                                                 2455.7909
              2       1203.6659      0.43743744      0.30657852   9.2271147e-05     0.022454508        2.993809      0.96906493      0.03225743       1.0031892      -24.280118       -24.280118       2455.8921                                                 2455.8921
              4       1204.2906      0.45644991      0.30687525   9.2459873e-05     0.022430643       2.9906585      0.96924797     0.030768045       1.0034331      -24.280118       -24.280118       2457.1414                                                 2457.1414
              2       1204.9034       0.4467942      0.30429466   9.1845299e-05     0.022485612       2.9939169      0.96778135     0.034250247       1.0021563      -24.280118       -24.280118        2458.367                                                  2458.367
              3       1204.7705      0.43181334       0.3048975   9.1907404e-05     0.022446143       2.9946134      0.96729597     0.034674961       1.0018687      -24.280118       -24.280118       2458.1013                                                 2458.1013
              3       1204.8161      0.38949795      0.30314121   9.1343913e-05      0.02246036       2.9955346      0.96798096     0.035309482       1.0018245      -24.280118       -24.280118       2458.1924                                                 2458.1924
              3       1206.4686      0.43942771      0.30347793   9.1675767e-05     0.022424343       2.9987809      0.96941616     0.036056022       1.0033896      -24.280118       -24.280118       2461.4975                                                 2461.4975
              7       1206.4862      0.52420471      0.30820633   9.2788892e-05     0.022481917        2.993811      0.97138037     0.032876481       1.0032954      -24.280118       -24.280118       2461.5326                                                 2461.5326
              3       1206.5347      0.51373899      0.30748878    9.260795e-05     0.022478451       2.9945047      0.97149642     0.033118491        1.003439      -24.280118       -24.280118       2461.6296                                                 2461.6296
              1        1204.494      0.48345379      0.30485644   9.1876471e-05     0.022592187       2.9935285      0.96886007     0.033887905       1.0013331      -24.280118       -24.280118       2457.5483                                                 2457.5483
              1       1205.7444      0.52136146      0.30724696   9.2660921e-05     0.022486851       2.9773979       0.9677305     0.025794158       1.0012606      -24.280118       -24.280118       2460.0491                                                 2460.0491
              3       1206.7917      0.54825479      0.30905204   9.3192259e-05     0.022478888       2.9852054      0.96587058     0.027630957       1.0032841      -24.280118       -24.280118       2462.1437                                                 2462.1437
              1       1205.3581      0.43950217        0.307291    9.229013e-05     0.022486071        2.987585      0.96570446     0.027783928       1.0030911      -24.280118       -24.280118       2459.2765                                                 2459.2765
              2       1205.6977      0.34365656      0.30992638   9.2504116e-05     0.022414988       2.9593116      0.96456568     0.014307633       1.0021406      -24.280118       -24.280118       2459.9555                                                 2459.9555
              7       1205.6607      0.35743177      0.31025619   9.2627394e-05     0.022420763       2.9618461       0.9653723     0.015197066       1.0026698      -24.280118       -24.280118       2459.8816                                                 2459.8816
              3       1205.5232      0.35727292      0.31047618   9.2632369e-05     0.022438469       2.9616583      0.96557033     0.014997652       1.0025351      -24.280118       -24.280118       2459.6067                                                 2459.6067
              2       1205.5506      0.22824238      0.30238169    9.046308e-05     0.022449424        2.970629      0.96823017     0.018561128       1.0036461      -24.280118       -24.280118       2459.6614                                                 2459.6614
              1       1205.2086      0.23506587      0.30177287    9.036864e-05     0.022451548       2.9812549      0.96922724     0.024327715       1.0037459      -24.280118       -24.280118       2458.9775                                                 2458.9775
              2       1206.3343      0.20252963      0.30143907    9.023035e-05     0.022404904       2.9823131      0.96858968     0.023787112       1.0047975      -24.280118       -24.280118       2461.2289                                                 2461.2289
              2       1206.4769      0.17897723      0.30101122   9.0038138e-05     0.022398769       2.9819073      0.96854101      0.02366701       1.0045793      -24.280118       -24.280118        2461.514                                                  2461.514
              3       1206.7714      0.29085168      0.30584522   9.1570062e-05     0.022302777       2.9939489      0.96909986     0.029075814       1.0044195      -24.280118       -24.280118       2462.1031                                                 2462.1031
              3       1206.4316      0.33562337      0.30771487   9.2158543e-05      0.02229581       2.9981115      0.96836988     0.031353542       1.0042624      -24.280118       -24.280118       2461.4234                                                 2461.4234
              7       1205.9514      0.27478954      0.30318739   9.0754923e-05     0.022405749       3.0004292      0.96717051     0.037824941       1.0006531      -24.280118       -24.280118       2460.4631                                                 2460.4631
              5       1206.6565      0.24427922      0.30284584   9.0609731e-05     0.022358293       2.9971873      0.96710382     0.035837557       1.0010204      -24.280118       -24.280118       2461.8732                                                 2461.8732
              1       1206.1844       0.2534681      0.30447853   9.1091297e-05     0.022308403       3.0019578      0.96317241     0.037599601       1.0005213      -24.280118       -24.280118        2460.929                                                  2460.929
              4        1205.268      0.44322605      0.30635708   9.2194734e-05      0.02239211       2.9998749       0.9679729      0.04280673      0.99590673      -24.280118       -24.280118       2459.0963                                                 2459.0963
              1       1205.2065      0.44372971      0.30629929   9.2185074e-05     0.022393811       3.0000506       0.9680521     0.042864938      0.99593807      -24.280118       -24.280118       2458.9732                                                 2458.9732
              5       1205.5177       0.5497908      0.31390411   9.4250494e-05     0.022330735       3.0059157      0.97058142      0.04454523      0.99778709      -24.280118       -24.280118       2459.5956                                                 2459.5956
             11       1205.1054      0.53836902      0.31357978   9.4125966e-05     0.022339914       3.0042554      0.97022656     0.043663165      0.99769709      -24.280118       -24.280118        2458.771                                                  2458.771
              5       1204.1994       0.4473928      0.31097874   9.3025187e-05     0.022428366       3.0083596      0.96925704     0.045600913      0.99586966      -24.280118       -24.280118        2456.959                                                  2456.959
              1       1205.5272      0.47831363      0.31278659   9.3529911e-05     0.022388873       3.0017196      0.96947834     0.043290813      0.99491859      -24.280118       -24.280118       2459.6146                                                 2459.6146
              1       1205.1682      0.55994806      0.31412371   9.4173672e-05     0.022407583        3.005877      0.97216297     0.044483411      0.99607772      -24.280118       -24.280118       2458.8967                                                 2458.8967
              2       1206.0265      0.60451626      0.31381555   9.4410755e-05     0.022370002       3.0126721      0.97199979     0.048938638      0.99560587      -24.280118       -24.280118       2460.6132                                                 2460.6132
              2       1206.6099      0.55350367      0.31178423   9.4001867e-05     0.022234811       2.9999211      0.97325352     0.041336713      0.99867011      -24.280118       -24.280118       2461.7801                                                 2461.7801
              2        1205.911      0.43240843      0.31061108   9.3239994e-05     0.022234729       3.0075609      0.97138372      0.04690053      0.99615261      -24.280118       -24.280118       2460.3823                                                 2460.3823
              4       1206.1847      0.43089376        0.310475   9.3222889e-05     0.022228977       3.0048311       0.9711149     0.045983104      0.99588803      -24.280118       -24.280118       2460.9297                                                 2460.9297
              4       1206.9695       0.4564191      0.31261067   9.3780799e-05     0.022206799       3.0014963       0.9715324     0.044338708      0.99587185      -24.280118       -24.280118       2462.4993                                                 2462.4993
              5       1207.1157      0.58679356      0.31459505   9.4874295e-05     0.022179907       3.0164393      0.97164538     0.049876327      0.99758697      -24.280118       -24.280118       2462.7915                                                 2462.7915
              4       1208.6605      0.68456424       0.3166332   9.5697563e-05     0.022224282       3.0229889      0.97196871     0.054077586      0.99739092      -24.280118       -24.280118       2465.8813                                                 2465.8813
              1       1209.6031      0.84073159       0.3186837   9.6747944e-05     0.022350913       3.0115188      0.97455569     0.046657223       1.0000679      -24.280118       -24.280118       2467.7664                                                 2467.7664
              5       1206.6094      0.68284221      0.31973632   9.6231827e-05     0.022306293       2.9928631      0.97292709     0.033920049       1.0012619      -24.280118       -24.280118        2461.779                                                  2461.779
              1       1203.9038      0.58032392      0.31364775   9.4544302e-05     0.022332553        2.999729      0.97074883     0.039715477      0.99846965      -24.280118       -24.280118       2456.3678                                                 2456.3678
              3        1206.075      0.68360002      0.31414583   9.5053334e-05     0.022415533       3.0182943      0.97248643     0.052973528      0.99669643      -24.280118       -24.280118       2460.7102                                                 2460.7102
              1       1205.7969      0.65200285      0.31234155   9.4576534e-05     0.022420702       3.0095795      0.97327889     0.049529261      0.99605865      -24.280118       -24.280118       2460.1541                                                 2460.1541
              1       1206.4156      0.60431926      0.31059303   9.4094342e-05     0.022371883       3.0056778      0.97132618     0.046185724      0.99792796      -24.280118       -24.280118       2461.3915                                                 2461.3915
              2       1205.5397      0.50041908      0.30519828   9.2476678e-05     0.022446587        3.017759      0.97371476     0.050735513      0.99947257      -24.280118       -24.280118       2459.6396                                                 2459.6396
              2       1205.6467      0.49301232      0.30431738   9.2282693e-05     0.022459592       3.0199558      0.97430544     0.051395762      0.99989051      -24.280118       -24.280118       2459.8537                                                 2459.8537
              1        1206.756      0.53588841      0.30324582   9.2203374e-05     0.022522382       3.0028676      0.97691721     0.043807742      0.99964831      -24.280118       -24.280118       2462.0723                                                 2462.0723
              1       1205.9367      0.58988787        0.306149   9.2956252e-05     0.022559547       3.0044169      0.97778948     0.046127648      0.99747929      -24.280118       -24.280118       2460.4337                                                 2460.4337
              6       1205.7315      0.57002753      0.30501785   9.2677469e-05     0.022526126        3.001368      0.97744238     0.045142116      0.99679784      -24.280118       -24.280118       2460.0233                                                 2460.0233
              5       1205.7841      0.57488802      0.30424852   9.2515598e-05     0.022545564       3.0037301      0.97777765     0.046410412      0.99672307      -24.280118       -24.280118       2460.1284                                                 2460.1284
              1       1205.5853      0.54240875      0.30355642   9.2235694e-05     0.022533274       3.0060873      0.97874308     0.046761012      0.99733028      -24.280118       -24.280118       2459.7308                                                 2459.7308
              2       1206.2814      0.56202436      0.30394447    9.244129e-05     0.022498745       3.0087343      0.97925622     0.047983625      0.99800066      -24.280118       -24.280118        2461.123                                                  2461.123
              2       1207.6533      0.31422504      0.29389354   8.9223731e-05     0.022552133       2.9969999      0.97716148     0.039789494       1.0000849      -24.280118       -24.280118       2463.8668                                                 2463.8668
              1       1207.9841      0.33251857      0.29388465   8.9251606e-05     0.022587952       2.9989082      0.97771214      0.04079389        1.000117      -24.280118       -24.280118       2464.5285                                                 2464.5285
              2       1208.5914      0.44100649      0.29813975   9.0570911e-05     0.022654292       2.9991615      0.97665149     0.036712334       1.0041214      -24.280118       -24.280118       2465.7431                                                 2465.7431
              1       1208.8413      0.40870917      0.30543827   9.1791553e-05     0.022588697       3.0104649      0.96765505     0.039706671       1.0052122      -24.280118       -24.280118       2466.2428                                                 2466.2428
              2       1208.4704      0.34559796      0.30283886   9.1037882e-05     0.022585747       3.0179541      0.96716652     0.042567703       1.0056234      -24.280118       -24.280118       2465.5011                                                 2465.5011
              1       1208.0717      0.37466985      0.30424597     9.15451e-05     0.022525175       3.0107905       0.9659329     0.039482315       1.0051588      -24.280118       -24.280118       2464.7037                                                 2464.7037
              2       1210.5337        0.340262      0.30253645   9.1151396e-05     0.022481625       3.0124525      0.96636214     0.040099027       1.0061516      -24.280118       -24.280118       2469.6276                                                 2469.6276
              3       1210.7296      0.34637262       0.3013543   9.1002809e-05     0.022346099       3.0310035      0.96746737     0.052879916       1.0033447      -24.280118       -24.280118       2470.0195                                                 2470.0195
             11       1211.0738      0.40351788       0.3038058   9.1781316e-05     0.022269949       3.0223688      0.96928865     0.046902005       1.0051651      -24.280118       -24.280118       2470.7078                                                 2470.7078
              4       1209.5593      0.41536254       0.3057435   9.2216821e-05      0.02229755       3.0091135      0.96897759     0.040151397       1.0051175      -24.280118       -24.280118       2467.6788                                                 2467.6788
              2       1210.0561      0.25746256      0.30241223   9.0580329e-05     0.022419002       3.0032863      0.96519277     0.036254561       1.0044011      -24.280118       -24.280118       2468.6725                                                 2468.6725
              1       1209.8702      0.31649994       0.3041341   9.1131116e-05     0.022445055       3.0066215      0.96519928     0.037772525       1.0045603      -24.280118       -24.280118       2468.3006                                                 2468.3006
              2       1206.1789      0.35751783       0.3045936   9.1319861e-05     0.022482815       2.9840717      0.96715673     0.029367522       1.0011695      -24.280118       -24.280118        2460.918                                                  2460.918
              2       1205.5537      0.38650708      0.30297639   9.1143156e-05     0.022543217       2.9872975      0.96663101     0.030876702       1.0013576      -24.280118       -24.280118       2459.6676                                                 2459.6676
              1       1205.8364        0.384376      0.30443305   9.1461248e-05     0.022485554       2.9835846      0.96545671     0.027931747       1.0018912      -24.280118       -24.280118        2460.233                                                  2460.233
              3       1205.2999        0.384513      0.30473104   9.1493302e-05     0.022477303       2.9856164      0.96669027     0.028932946       1.0017865      -24.280118       -24.280118         2459.16                                                   2459.16
              2       1205.1309      0.38344411      0.30448275   9.1428768e-05     0.022491755        2.986501       0.9668487     0.029361895       1.0017966      -24.280118       -24.280118        2458.822                                                  2458.822
              1       1207.2597      0.47136617      0.30699576   9.2189744e-05     0.022555292       2.9858529      0.96660289     0.027591668       1.0031145      -24.280118       -24.280118       2463.0796                                                 2463.0796
             13       1207.0401      0.57783632      0.30962979   9.3221131e-05      0.02255683       2.9982294      0.96679042      0.03474058       1.0025335      -24.280118       -24.280118       2462.6405                                                 2462.6405
              1       1207.3512      0.62800742      0.31009964   9.3531408e-05     0.022614645       3.0044721      0.96536184     0.039536935       1.0004589      -24.280118       -24.280118       2463.2626                                                 2463.2626
              2       1206.7953      0.63549168      0.31065756   9.3751076e-05     0.022586276       3.0053314      0.96561267     0.039109255        1.001265      -24.280118       -24.280118       2462.1508                                                 2462.1508
              4       1204.9949      0.60558417      0.31233868   9.3994354e-05     0.022536558       3.0032385      0.96545261     0.039217531        0.999852      -24.280118       -24.280118       2458.5501                                                 2458.5501
              3       1205.2041      0.60335854      0.31233773   9.3962631e-05      0.02254343       3.0068706      0.96537048     0.040329849       1.0004902      -24.280118       -24.280118       2458.9684                                                 2458.9684
              1       1205.4661      0.66088502      0.31672892   9.5167349e-05     0.022478024       3.0124566      0.96648801     0.044124245       1.0001703      -24.280118       -24.280118       2459.4923                                                 2459.4923
              1       1205.6059      0.62112464      0.31660858   9.4971416e-05     0.022450776       3.0094052      0.96528231     0.042680153      0.99986295      -24.280118       -24.280118        2459.772                                                  2459.772
              6       1205.3902      0.60849415      0.31768718   9.5126937e-05     0.022438978       3.0039232      0.96524724     0.038989091       1.0003221      -24.280118       -24.280118       2459.3407                                                 2459.3407
              1       1205.5312      0.66944116      0.31450098   9.4887228e-05     0.022419683        3.010675      0.96739014     0.044669554      0.99933904      -24.280118       -24.280118       2459.6226                                                 2459.6226
              6       1207.3484       0.4716836      0.30670692   9.2624814e-05      0.02247822       2.9595212      0.96818061     0.020276769      0.99773894      -24.280118       -24.280118        2463.257                                                  2463.257
              5       1209.9351      0.32670263      0.29836154   9.0278667e-05     0.022559036       2.9479095      0.96805807     0.013295695      0.99939452      -24.280118       -24.280118       2468.4304                                                 2468.4304
              8        1209.904      0.32972589      0.29844528    9.031039e-05     0.022555457       2.9482582      0.96802272     0.013564206      0.99926496      -24.280118       -24.280118       2468.3683                                                 2468.3683
              5       1210.4987      0.69781155      0.31824423   9.6030007e-05     0.022484519       2.9989092      0.96459298      0.04098315      0.99707837      -24.280118       -24.280118       2469.5576                                                 2469.5576
              2        1211.002      0.67569866      0.31818163   9.5881225e-05     0.022526679       2.9980415      0.96514484     0.039892172      0.99745019      -24.280118       -24.280118       2470.5643                                                 2470.5643
              1       1209.7168      0.76271466      0.32030469   9.6797184e-05     0.022411717       2.9887284      0.96723185     0.034342464      0.99995517      -24.280118       -24.280118       2467.9938                                                 2467.9938
              1       1209.2996      0.77588316      0.31963567   9.6729681e-05     0.022427588       2.9837588      0.96861353     0.031900856      0.99986644      -24.280118       -24.280118       2467.1595                                                 2467.1595
              1       1209.1589      0.75301661      0.31766991   9.6270344e-05     0.022424297       2.9875586      0.96902509     0.034047309      0.99991238      -24.280118       -24.280118       2466.8781                                                 2466.8781
              1       1208.8387       0.8348818      0.31615737   9.6060609e-05     0.022658466       3.0030812      0.97334637     0.042624705       1.0001031      -24.280118       -24.280118       2466.2377                                                 2466.2377
              3       1208.8231       0.8205409      0.31585613   9.5940217e-05     0.022657102       3.0020589      0.97336883     0.042072788       1.0001321      -24.280118       -24.280118       2466.2065                                                 2466.2065
              4       1205.7718      0.60833123      0.30795049    9.308749e-05     0.022696768       2.9830204      0.97138053     0.032577733      0.99866484      -24.280118       -24.280118       2460.1039                                                 2460.1039
              1       1205.7308      0.59165775      0.30717993   9.2823987e-05      0.02272645       2.9853898      0.97091291     0.032967248      0.99924782      -24.280118       -24.280118       2460.0219                                                 2460.0219
              2         1204.76      0.55508692      0.30708051   9.2710428e-05     0.022663316       2.9831644      0.97045833     0.031044136      0.99981678      -24.280118       -24.280118       2458.0802                                                 2458.0802
              1       1204.2797      0.50623487      0.30657902   9.2345256e-05     0.022673337       2.9797142      0.96996298      0.02987503      0.99851267      -24.280118       -24.280118       2457.1197                                                 2457.1197
              6       1203.2397      0.49331429      0.30811138   9.2566164e-05     0.022658727       2.9929336      0.97043653     0.036119784      0.99879686      -24.280118       -24.280118       2455.0397                                                 2455.0397
              4       1204.4168      0.46100845      0.30515135   9.1912025e-05     0.022671575       2.9865641      0.97036344     0.035259223      0.99698935      -24.280118       -24.280118       2457.3938                                                 2457.3938
              1       1204.1888      0.50944709      0.30662633   9.2410159e-05     0.022680978       2.9899565      0.97054556     0.036832179      0.99710694      -24.280118       -24.280118       2456.9378                                                 2456.9378
              1       1204.3717      0.52062809      0.30718999   9.2573565e-05     0.022683321       2.9915437      0.97113909     0.037412378      0.99763541      -24.280118       -24.280118       2457.3037                                                 2457.3037
              6        1204.215      0.49486551      0.30665395   9.2356396e-05     0.022666895       2.9838186       0.9742196     0.032051669      0.99864332      -24.280118       -24.280118       2456.9902                                                 2456.9902
              1       1203.7008      0.38395102      0.30690055   9.1970077e-05     0.022550372        2.979935      0.97253067     0.030947987      0.99689364      -24.280118       -24.280118       2455.9618                                                 2455.9618
              1       1205.1326      0.34834311      0.30625837   9.1732505e-05     0.022495871        2.981201      0.97561036     0.028546745      0.99963247      -24.280118       -24.280118       2458.8254                                                 2458.8254
              3       1205.5663      0.35328812      0.30592453   9.1709998e-05     0.022488269       2.9778297      0.97630498     0.027634808      0.99904556      -24.280118       -24.280118       2459.6929                                                 2459.6929
              1         1205.41       0.3372969      0.30435732   9.1308689e-05     0.022499928       2.9826815      0.97686826     0.030363742      0.99891686      -24.280118       -24.280118       2459.3802                                                 2459.3802
              1       1205.3453      0.34262526      0.30453038   9.1373384e-05     0.022496343       2.9832577      0.97688656     0.030679515      0.99891962      -24.280118       -24.280118       2459.2509                                                 2459.2509
              1       1205.3528      0.34187682      0.30451388    9.136622e-05     0.022495844       2.9833043      0.97689075     0.030686404      0.99893317      -24.280118       -24.280118       2459.2658                                                 2459.2658
              7        1205.315      0.40848105      0.30731984    9.237844e-05     0.022386458       2.9901132      0.97723039     0.034507866      0.99906006      -24.280118       -24.280118       2459.1903                                                 2459.1903
              5       1202.9822      0.52911421      0.30587949   9.2402831e-05     0.022581434       3.0012967      0.97508666     0.042875606      0.99695452      -24.280118       -24.280118       2454.5245                                                 2454.5245
             13       1203.2935      0.54884415      0.30778426   9.2787719e-05     0.022593659       2.9989865          0.9749     0.041229632      0.99721455      -24.280118       -24.280118       2455.1473                                                 2455.1473
              1       1203.3321      0.54100546      0.30600685   9.2371092e-05     0.022627409       3.0013944      0.97492865     0.042138822       0.9973879      -24.280118       -24.280118       2455.2244                                                 2455.2244
              1       1203.5218      0.56431944      0.30858202   9.2883104e-05     0.022703941       2.9983722      0.97294294      0.03704526       1.0002094      -24.280118       -24.280118       2455.6039                                                 2455.6039
              2       1202.9122      0.56114281      0.31131177   9.3637046e-05      0.02252732       3.0044958      0.97083672     0.038189963       1.0015399      -24.280118       -24.280118       2454.3847                                                 2454.3847
              3       1203.1481      0.56258543      0.31166424   9.3697885e-05     0.022521981       3.0027765       0.9709155     0.037200957       1.0015158      -24.280118       -24.280118       2454.8564                                                 2454.8564
              2       1202.8755      0.56312379       0.3119619   9.3798458e-05     0.022526017       3.0034444      0.97135282     0.037770295        1.001602      -24.280118       -24.280118       2454.3113                                                 2454.3113
              9       1202.5996      0.51692508      0.31036832   9.3279457e-05     0.022517261       3.0059628      0.97084727     0.038685998       1.0020392      -24.280118       -24.280118       2453.7594                                                 2453.7594
              2       1203.2052      0.58922685      0.31335679   9.4204204e-05     0.022518614       3.0001569       0.9704284     0.035978274       1.0017551      -24.280118       -24.280118       2454.9707                                                 2454.9707
              2       1205.2183      0.62921934      0.31636387   9.5111982e-05     0.022406492       3.0077148       0.9727182     0.038779613        1.002778      -24.280118       -24.280118       2458.9968                                                 2458.9968
              8       1205.8734      0.64112541      0.31671853   9.5251777e-05     0.022393583       3.0051364      0.97320629     0.037199517       1.0031926      -24.280118       -24.280118       2460.3071                                                 2460.3071
              4       1203.9645      0.61912786      0.31544664   9.4791703e-05     0.022452153       2.9941402      0.96907153     0.033442271       1.0013271      -24.280118       -24.280118       2456.4893                                                 2456.4893
              4       1203.1836      0.54768435      0.31348435   9.4100995e-05     0.022412125       2.9894097       0.9696688     0.032502912      0.99978826      -24.280118       -24.280118       2454.9275                                                 2454.9275
              1       1203.2508      0.55183638       0.3134803   9.4127496e-05     0.022410952       2.9882322      0.96990319     0.031856831      0.99986326      -24.280118       -24.280118       2455.0618                                                 2455.0618
              3        1203.294      0.54937037      0.31310853   9.4026699e-05     0.022416118       2.9871795      0.97004066      0.03151215      0.99970451      -24.280118       -24.280118       2455.1483                                                 2455.1483
              1       1203.5674      0.57450571      0.31385317   9.4303967e-05     0.022431411       2.9810266      0.96959017     0.029506234      0.99905114      -24.280118       -24.280118        2455.695                                                  2455.695
              1       1203.5155      0.54144489      0.31317871   9.4020074e-05     0.022434841        2.978226      0.96872945     0.028204783      0.99854699      -24.280118       -24.280118       2455.5913                                                 2455.5913
              1       1203.0483      0.56562918      0.30981459   9.3508597e-05     0.022481847       2.9905167      0.96923857     0.035173296      0.99851691      -24.280118       -24.280118       2454.6568                                                 2454.6568
              4       1203.5463      0.41430574      0.30268811    9.124363e-05     0.022673712       2.9951337      0.97166911     0.035523943       1.0004937      -24.280118       -24.280118       2455.6529                                                 2455.6529
              1       1203.4053      0.41980302      0.30320308   9.1361608e-05     0.022664626       2.9944325        0.971003     0.034893904       1.0007153      -24.280118       -24.280118       2455.3708                                                 2455.3708
              5       1202.9801      0.28791707      0.30128717   9.0492442e-05     0.022562639       3.0061392       0.9700912     0.038982808       1.0017838      -24.280118       -24.280118       2454.5205                                                 2454.5205
              6       1204.6048      0.32620512       0.3058434   9.1431942e-05       0.0226266       2.9913538       0.9659332     0.031313944        1.001129      -24.280118       -24.280118       2457.7698                                                 2457.7698
              4       1206.6302      0.54050003      0.30926346   9.3162617e-05     0.022690064       2.9923143      0.96721201     0.035711778      0.99786551      -24.280118       -24.280118       2461.8206                                                 2461.8206
              2       1206.4443      0.53125634      0.30892701   9.3051966e-05      0.02268873       2.9926149      0.96727636     0.035952068      0.99778479      -24.280118       -24.280118       2461.4488                                                 2461.4488
              1       1207.0465       0.5903047      0.30671166   9.2811339e-05     0.022780208       2.9930814      0.97114572     0.036623892      0.99817145      -24.280118       -24.280118       2462.6533                                                 2462.6533
              1       1206.8509      0.54822048       0.3056013   9.2357885e-05     0.022764765       2.9881133      0.97049698      0.03207004      0.99954906      -24.280118       -24.280118       2462.2621                                                 2462.2621
              5       1206.9317      0.56039638      0.30503271    9.236607e-05     0.022735915       2.9952095      0.97076114     0.035830387      0.99944726      -24.280118       -24.280118       2462.4236                                                 2462.4236
              1       1207.0132      0.57665974      0.30775704   9.2943388e-05     0.022734078       2.9942838      0.97141175     0.032698771       1.0017027      -24.280118       -24.280118       2462.5866                                                 2462.5866
              1        1206.604        0.581762      0.30797263   9.3010421e-05     0.022731082       2.9954262      0.97227013     0.033852739       1.0012215      -24.280118       -24.280118       2461.7683                                                 2461.7683
              7       1206.4671      0.57935715      0.30786846   9.2968226e-05     0.022728737       2.9992934      0.97223128     0.035543451       1.0013214      -24.280118       -24.280118       2461.4945                                                 2461.4945
              5       1206.5289      0.59083009      0.30721284   9.2977497e-05     0.022682137       2.9986046      0.97195753     0.037046591      0.99964436      -24.280118       -24.280118        2461.618                                                  2461.618
              1       1206.9303      0.53442636      0.30588427   9.2645817e-05      0.02253916       2.9890055      0.96929194     0.032099798      0.99996157      -24.280118       -24.280118       2462.4208                                                 2462.4208
              3       1203.3715      0.45772482      0.30686249   9.2423442e-05     0.022501952        2.999299      0.96681157     0.036511599        1.000695      -24.280118       -24.280118       2455.3033                                                 2455.3033
              1        1204.535       0.5581088      0.31236837   9.3918601e-05     0.022481509       2.9898606      0.96529147     0.031996654       1.0000849      -24.280118       -24.280118       2457.6303                                                 2457.6303
              1       1205.0769      0.57615183       0.3100477   9.3519331e-05     0.022524988       2.9874646       0.9659954     0.035047193       0.9969773      -24.280118       -24.280118        2458.714                                                  2458.714
              3       1206.1717      0.39519165      0.29992017   9.0578364e-05     0.022740007       2.9812481      0.97254106     0.029064429       1.0003191      -24.280118       -24.280118       2460.9036                                                 2460.9036
              2       1205.9161      0.29531929      0.29992381   9.0065815e-05     0.022696281       2.9679069      0.97228024     0.023769442       0.9983119      -24.280118       -24.280118       2460.3924                                                 2460.3924
              1       1207.4122      0.33725781      0.30741982    9.185971e-05     0.022562872       2.9582596      0.96983025     0.014746167       1.0026197      -24.280118       -24.280118       2463.3847                                                 2463.3847
              3       1208.4501      0.29547769      0.30799236   9.1822775e-05     0.022483975       3.0087271      0.97428291     0.038740962       1.0038401      -24.280118       -24.280118       2465.4604                                                 2465.4604
              2       1208.8845      0.26373244      0.30480234   9.1048122e-05     0.022520278       3.0013772      0.97596085     0.036345914       1.0032849      -24.280118       -24.280118       2466.3292                                                 2466.3292
