a,z,k_over_H0,kinetic_L_zeta_dot_zeta,gradient_G,sound_speed_sq,constraint_discriminant,kinetic_numerator,kinetic_cancellation_scale,scalar_kinetic_degenerate,Q,m5_bar_hat
1e-07,9999999.0,0.0001,0.0,nan,nan,3.601200000000002e+52,0.0,4.3214400000000025e+39,1,1.0,-1.0383987420543768e-32
1e-07,9999999.0,0.0001539926526059492,0.0,nan,nan,3.601200000000002e+52,0.0,4.3214400000000025e+39,1,1.0,-1.0383987420543768e-32
1e-07,9999999.0,0.00023713737056616554,0.0,nan,nan,3.601200000000002e+52,0.0,4.3214400000000025e+39,1,1.0,-1.0383987420543768e-32
1e-07,9999999.0,0.0003651741272548377,0.0,nan,nan,3.601200000000002e+52,0.0,4.3214400000000025e+39,1,1.0,-1.0383987420543768e-32
1e-07,9999999.0,0.0005623413251903491,0.0,nan,nan,3.601200000000002e+52,0.0,4.3214400000000025e+39,1,1.0,-1.0383987420543768e-32
1e-07,9999999.0,0.0008659643233600654,0.0,nan,nan,3.601200000000002e+52,0.0,4.3214400000000025e+39,1,1.0,-1.0383987420543768e-32
1e-07,9999999.0,0.001333521432163324,0.0,nan,nan,3.601200000000002e+52,0.0,4.3214400000000025e+39,1,1.0,-1.0383987420543768e-32
1e-07,9999999.0,0.002053525026457146,0.0,nan,nan,3.601200000000002e+52,0.0,4.3214400000000025e+39,1,1.0,-1.0383987420543768e-32
1e-07,9999999.0,0.0031622776601683794,0.0,nan,nan,3.601200000000002e+52,0.0,4.3214400000000025e+39,1,1.0,-1.0383987420543768e-32
1e-07,9999999.0,0.004869675251658631,0.0,nan,nan,3.601200000000002e+52,0.0,4.3214400000000025e+39,1,1.0,-1.0383987420543768e-32
1e-07,9999999.0,0.007498942093324558,0.0,nan,nan,3.601200000000002e+52,0.0,4.3214400000000025e+39,1,1.0,-1.0383987420543768e-32
1e-07,9999999.0,0.011547819846894581,0.0,nan,nan,3.601200000000002e+52,0.0,4.3214400000000025e+39,1,1.0,-1.0383987420543768e-32
1e-07,9999999.0,0.01778279410038923,0.0,nan,nan,3.601200000000002e+52,0.0,4.3214400000000025e+39,1,1.0,-1.0383987420543768e-32
1e-07,9999999.0,0.027384196342643614,0.0,nan,nan,3.601200000000002e+52,0.0,4.3214400000000025e+39,1,1.0,-1.0383987420543768e-32
1e-07,9999999.0,0.042169650342858224,0.0,nan,nan,3.601200000000002e+52,0.0,4.3214400000000025e+39,1,1.0,-1.0383987420543768e-32
1e-07,9999999.0,0.06493816315762113,0.0,nan,nan,3.601200000000002e+52,0.0,4.3214400000000025e+39,1,1.0,-1.0383987420543768e-32
1e-07,9999999.0,0.1,0.0,nan,nan,3.601200000000002e+52,0.0,4.3214400000000025e+39,1,1.0,-1.0383987420543768e-32
1e-07,9999999.0,0.1539926526059492,0.0,nan,nan,3.601200000000002e+52,0.0,4.3214400000000025e+39,1,1.0,-1.0383987420543768e-32
1e-07,9999999.0,0.23713737056616552,0.0,nan,nan,3.601200000000002e+52,0.0,4.3214400000000025e+39,1,1.0,-1.0383987420543768e-32
1e-07,9999999.0,0.3651741272548377,0.0,nan,nan,3.601200000000002e+52,0.0,4.3214400000000025e+39,1,1.0,-1.0383987420543768e-32
1e-07,9999999.0,0.5623413251903491,0.0,nan,nan,3.601200000000002e+52,0.0,4.3214400000000025e+39,1,1.0,-1.0383987420543768e-32
1e-07,9999999.0,0.8659643233600653,0.0,nan,nan,3.601200000000002e+52,0.0,4.3214400000000025e+39,1,1.0,-1.0383987420543768e-32
1e-07,9999999.0,1.333521432163324,0.0,nan,nan,3.601200000000002e+52,0.0,4.3214400000000025e+39,1,1.0,-1.0383987420543768e-32
1e-07,9999999.0,2.053525026457146,0.0,nan,nan,3.601200000000002e+52,0.0,4.3214400000000025e+39,1,1.0,-1.0383987420543768e-32
1e-07,9999999.0,3.1622776601683795,0.0,nan,nan,3.601200000000002e+52,0.0,4.3214400000000025e+39,1,1.0,-1.0383987420543768e-32
1e-07,9999999.0,4.869675251658631,0.0,nan,nan,3.601200000000002e+52,0.0,4.3214400000000025e+39,1,1.0,-1.0383987420543768e-32
1e-07,9999999.0,7.498942093324558,0.0,nan,nan,3.601200000000002e+52,0.0,4.3214400000000025e+39,1,1.0,-1.0383987420543768e-32
1e-07,9999999.0,11.547819846894582,0.0,nan,nan,3.601200000000002e+52,0.0,4.3214400000000025e+39,1,1.0,-1.0383987420543768e-32
1e-07,9999999.0,17.78279410038923,0.0,nan,nan,3.601200000000002e+52,0.0,4.3214400000000025e+39,1,1.0,-1.0383987420543768e-32
1e-07,9999999.0,27.384196342643612,0.0,nan,nan,3.601200000000002e+52,0.0,4.3214400000000025e+39,1,1.0,-1.0383987420543768e-32
1e-07,9999999.0,42.169650342858226,0.0,nan,nan,3.601200000000002e+52,0.0,4.3214400000000025e+39,1,1.0,-1.0383987420543768e-32
1e-07,9999999.0,64.93816315762113,0.0,nan,nan,3.601200000000002e+52,0.0,4.3214400000000025e+39,1,1.0,-1.0383987420543768e-32
1e-07,9999999.0,100.0,0.0,nan,nan,3.601200000000002e+52,0.0,4.3214400000000025e+39,1,1.0,-1.0383987420543768e-32
1e-07,9999999.0,153.9926526059492,0.0,nan,nan,3.601200000000002e+52,0.0,4.3214400000000025e+39,1,1.0,-1.0383987420543768e-32
1e-07,9999999.0,237.13737056616552,0.0,nan,nan,3.601200000000002e+52,0.0,4.3214400000000025e+39,1,1.0,-1.0383987420543768e-32
1e-07,9999999.0,365.1741272548377,0.0,nan,nan,3.601200000000002e+52,0.0,4.3214400000000025e+39,1,1.0,-1.0383987420543768e-32
1e-07,9999999.0,562.341325190349,0.0,nan,nan,3.601200000000002e+52,0.0,4.3214400000000025e+39,1,1.0,-1.0383987420543768e-32
1e-07,9999999.0,865.9643233600654,0.0,nan,nan,3.601200000000002e+52,0.0,4.3214400000000025e+39,1,1.0,-1.0383987420543768e-32
1e-07,9999999.0,1333.521432163324,0.0,nan,nan,3.601200000000002e+52,0.0,4.3214400000000025e+39,1,1.0,-1.0383987420543768e-32
1e-07,9999999.0,2053.525026457146,0.0,nan,nan,3.601200000000002e+52,0.0,4.3214400000000025e+39,1,1.0,-1.0383987420543768e-32
1e-07,9999999.0,3162.2776601683795,0.0,nan,nan,3.601200000000002e+52,0.0,4.3214400000000025e+39,1,1.0,-1.0383987420543768e-32
1e-07,9999999.0,4869.675251658631,0.0,nan,nan,3.601200000000002e+52,0.0,4.3214400000000025e+39,1,1.0,-1.0383987420543768e-32
1e-07,9999999.0,7498.942093324558,0.0,nan,nan,3.601200000000002e+52,0.0,4.3214400000000025e+39,1,1.0,-1.0383987420543768e-32
1e-07,9999999.0,11547.819846894581,0.0,nan,nan,3.601200000000002e+52,0.0,4.3214400000000025e+39,1,1.0,-1.0383987420543768e-32
1e-07,9999999.0,17782.794100389227,0.0,nan,nan,3.601200000000002e+52,0.0,4.3214400000000025e+39,1,1.0,-1.0383987420543768e-32
1e-07,9999999.0,27384.196342643612,0.0,nan,nan,3.601200000000002e+52,0.0,4.3214400000000025e+39,1,1.0,-1.0383987420543768e-32
1e-07,9999999.0,42169.65034285822,0.0,nan,nan,3.601200000000002e+52,0.0,4.3214400000000025e+39,1,1.0,-1.0383987420543768e-32
1e-07,9999999.0,64938.16315762113,0.0,nan,nan,3.601200000000002e+52,0.0,4.3214400000000025e+39,1,1.0,-1.0383987420543768e-32
1e-07,9999999.0,100000.0,0.0,nan,nan,3.601200000000002e+52,0.0,4.3214400000000025e+39,1,1.0,-1.0383987420543768e-32
1.399050314137293e-07,7147704.7679418605,0.0001,0.0,nan,nan,2.4537952428685557e+51,0.0,5.763499142498735e+38,1,1.0,-5.951444907688521e-32
1.399050314137293e-07,7147704.7679418605,0.0001539926526059492,0.0,nan,nan,2.4537952428685557e+51,0.0,5.763499142498735e+38,1,1.0,-5.951444907688521e-32
1.399050314137293e-07,7147704.7679418605,0.00023713737056616554,0.0,nan,nan,2.4537952428685557e+51,0.0,5.763499142498735e+38,1,1.0,-5.951444907688521e-32
1.399050314137293e-07,7147704.7679418605,0.0003651741272548377,0.0,nan,nan,2.4537952428685557e+51,0.0,5.763499142498735e+38,1,1.0,-5.951444907688521e-32
1.399050314137293e-07,7147704.7679418605,0.0005623413251903491,0.0,nan,nan,2.4537952428685557e+51,0.0,5.763499142498735e+38,1,1.0,-5.951444907688521e-32
1.399050314137293e-07,7147704.7679418605,0.0008659643233600654,0.0,nan,nan,2.4537952428685557e+51,0.0,5.763499142498735e+38,1,1.0,-5.951444907688521e-32
1.399050314137293e-07,7147704.7679418605,0.001333521432163324,0.0,nan,nan,2.4537952428685557e+51,0.0,5.763499142498735e+38,1,1.0,-5.951444907688521e-32
1.399050314137293e-07,7147704.7679418605,0.002053525026457146,0.0,nan,nan,2.4537952428685557e+51,0.0,5.763499142498735e+38,1,1.0,-5.951444907688521e-32
1.399050314137293e-07,7147704.7679418605,0.0031622776601683794,0.0,nan,nan,2.4537952428685557e+51,0.0,5.763499142498735e+38,1,1.0,-5.951444907688521e-32
1.399050314137293e-07,7147704.7679418605,0.004869675251658631,0.0,nan,nan,2.4537952428685557e+51,0.0,5.763499142498735e+38,1,1.0,-5.951444907688521e-32
1.399050314137293e-07,7147704.7679418605,0.007498942093324558,0.0,nan,nan,2.4537952428685557e+51,0.0,5.763499142498735e+38,1,1.0,-5.951444907688521e-32
1.399050314137293e-07,7147704.7679418605,0.011547819846894581,0.0,nan,nan,2.4537952428685557e+51,0.0,5.763499142498735e+38,1,1.0,-5.951444907688521e-32
1.399050314137293e-07,7147704.7679418605,0.01778279410038923,0.0,nan,nan,2.4537952428685557e+51,0.0,5.763499142498735e+38,1,1.0,-5.951444907688521e-32
1.399050314137293e-07,7147704.7679418605,0.027384196342643614,0.0,nan,nan,2.4537952428685557e+51,0.0,5.763499142498735e+38,1,1.0,-5.951444907688521e-32
1.399050314137293e-07,7147704.7679418605,0.042169650342858224,0.0,nan,nan,2.4537952428685557e+51,0.0,5.763499142498735e+38,1,1.0,-5.951444907688521e-32
1.399050314137293e-07,7147704.7679418605,0.06493816315762113,0.0,nan,nan,2.4537952428685557e+51,0.0,5.763499142498735e+38,1,1.0,-5.951444907688521e-32
1.399050314137293e-07,7147704.7679418605,0.1,0.0,nan,nan,2.4537952428685557e+51,0.0,5.763499142498735e+38,1,1.0,-5.951444907688521e-32
1.399050314137293e-07,7147704.7679418605,0.1539926526059492,0.0,nan,nan,2.4537952428685557e+51,0.0,5.763499142498735e+38,1,1.0,-5.951444907688521e-32
1.399050314137293e-07,7147704.7679418605,0.23713737056616552,0.0,nan,nan,2.4537952428685557e+51,0.0,5.763499142498735e+38,1,1.0,-5.951444907688521e-32
1.399050314137293e-07,7147704.7679418605,0.3651741272548377,0.0,nan,nan,2.4537952428685557e+51,0.0,5.763499142498735e+38,1,1.0,-5.951444907688521e-32
1.399050314137293e-07,7147704.7679418605,0.5623413251903491,0.0,nan,nan,2.4537952428685557e+51,0.0,5.763499142498735e+38,1,1.0,-5.951444907688521e-32
1.399050314137293e-07,7147704.7679418605,0.8659643233600653,0.0,nan,nan,2.4537952428685557e+51,0.0,5.763499142498735e+38,1,1.0,-5.951444907688521e-32
1.399050314137293e-07,7147704.7679418605,1.333521432163324,0.0,nan,nan,2.4537952428685557e+51,0.0,5.763499142498735e+38,1,1.0,-5.951444907688521e-32
1.399050314137293e-07,7147704.7679418605,2.053525026457146,0.0,nan,nan,2.4537952428685557e+51,0.0,5.763499142498735e+38,1,1.0,-5.951444907688521e-32
1.399050314137293e-07,7147704.7679418605,3.1622776601683795,0.0,nan,nan,2.4537952428685557e+51,0.0,5.763499142498735e+38,1,1.0,-5.951444907688521e-32
1.399050314137293e-07,7147704.7679418605,4.869675251658631,0.0,nan,nan,2.4537952428685557e+51,0.0,5.763499142498735e+38,1,1.0,-5.951444907688521e-32
1.399050314137293e-07,7147704.7679418605,7.498942093324558,0.0,nan,nan,2.4537952428685557e+51,0.0,5.763499142498735e+38,1,1.0,-5.951444907688521e-32
1.399050314137293e-07,7147704.7679418605,11.547819846894582,0.0,nan,nan,2.4537952428685557e+51,0.0,5.763499142498735e+38,1,1.0,-5.951444907688521e-32
1.399050314137293e-07,7147704.7679418605,17.78279410038923,0.0,nan,nan,2.4537952428685557e+51,0.0,5.763499142498735e+38,1,1.0,-5.951444907688521e-32
1.399050314137293e-07,7147704.7679418605,27.384196342643612,0.0,nan,nan,2.4537952428685557e+51,0.0,5.763499142498735e+38,1,1.0,-5.951444907688521e-32
1.399050314137293e-07,7147704.7679418605,42.169650342858226,0.0,nan,nan,2.4537952428685557e+51,0.0,5.763499142498735e+38,1,1.0,-5.951444907688521e-32
1.399050314137293e-07,7147704.7679418605,64.93816315762113,0.0,nan,nan,2.4537952428685557e+51,0.0,5.763499142498735e+38,1,1.0,-5.951444907688521e-32
1.399050314137293e-07,7147704.7679418605,100.0,0.0,nan,nan,2.4537952428685557e+51,0.0,5.763499142498735e+38,1,1.0,-5.951444907688521e-32
1.399050314137293e-07,7147704.7679418605,153.9926526059492,0.0,nan,nan,2.4537952428685557e+51,0.0,5.763499142498735e+38,1,1.0,-5.951444907688521e-32
1.399050314137293e-07,7147704.7679418605,237.13737056616552,0.0,nan,nan,2.4537952428685557e+51,0.0,5.763499142498735e+38,1,1.0,-5.951444907688521e-32
1.399050314137293e-07,7147704.7679418605,365.1741272548377,0.0,nan,nan,2.4537952428685557e+51,0.0,5.763499142498735e+38,1,1.0,-5.951444907688521e-32
1.399050314137293e-07,7147704.7679418605,562.341325190349,0.0,nan,nan,2.4537952428685557e+51,0.0,5.763499142498735e+38,1,1.0,-5.951444907688521e-32
1.399050314137293e-07,7147704.7679418605,865.9643233600654,0.0,nan,nan,2.4537952428685557e+51,0.0,5.763499142498735e+38,1,1.0,-5.951444907688521e-32
1.399050314137293e-07,7147704.7679418605,1333.521432163324,0.0,nan,nan,2.4537952428685557e+51,0.0,5.763499142498735e+38,1,1.0,-5.951444907688521e-32
1.399050314137293e-07,7147704.7679418605,2053.525026457146,0.0,nan,nan,2.4537952428685557e+51,0.0,5.763499142498735e+38,1,1.0,-5.951444907688521e-32
1.399050314137293e-07,7147704.7679418605,3162.2776601683795,0.0,nan,nan,2.4537952428685557e+51,0.0,5.763499142498735e+38,1,1.0,-5.951444907688521e-32
1.399050314137293e-07,7147704.7679418605,4869.675251658631,0.0,nan,nan,2.4537952428685557e+51,0.0,5.763499142498735e+38,1,1.0,-5.951444907688521e-32
1.399050314137293e-07,7147704.7679418605,7498.942093324558,0.0,nan,nan,2.4537952428685557e+51,0.0,5.763499142498735e+38,1,1.0,-5.951444907688521e-32
1.399050314137293e-07,7147704.7679418605,11547.819846894581,0.0,nan,nan,2.4537952428685557e+51,0.0,5.763499142498735e+38,1,1.0,-5.951444907688521e-32
1.399050314137293e-07,7147704.7679418605,17782.794100389227,0.0,nan,nan,2.4537952428685557e+51,0.0,5.763499142498735e+38,1,1.0,-5.951444907688521e-32
1.399050314137293e-07,7147704.7679418605,27384.196342643612,0.0,nan,nan,2.4537952428685557e+51,0.0,5.763499142498735e+38,1,1.0,-5.951444907688521e-32
1.399050314137293e-07,7147704.7679418605,42169.65034285822,0.0,nan,nan,2.4537952428685557e+51,0.0,5.763499142498735e+38,1,1.0,-5.951444907688521e-32
1.399050314137293e-07,7147704.7679418605,64938.16315762113,0.0,nan,nan,2.4537952428685557e+51,0.0,5.763499142498735e+38,1,1.0,-5.951444907688521e-32
1.399050314137293e-07,7147704.7679418605,100000.0,0.0,nan,nan,2.4537952428685557e+51,0.0,5.763499142498735e+38,1,1.0,-5.951444907688521e-32
1.9573417814876615e-07,5108968.774506925,0.0001,1.0937568416799894e-15,nan,nan,1.6720622011913746e+50,1.4013174848468625e+22,7.687179260215456e+37,1,1.0,-3.410756712560139e-31
1.9573417814876615e-07,5108968.774506925,0.0001539926526059492,1.0937568416799894e-15,nan,nan,1.6720622011913746e+50,1.4013174848468625e+22,7.687179260215456e+37,1,1.0,-3.410756712560139e-31
1.9573417814876615e-07,5108968.774506925,0.00023713737056616554,1.0937568416799894e-15,nan,nan,1.6720622011913746e+50,1.4013174848468625e+22,7.687179260215456e+37,1,1.0,-3.410756712560139e-31
1.9573417814876615e-07,5108968.774506925,0.0003651741272548377,1.0937568416799894e-15,nan,nan,1.6720622011913746e+50,1.4013174848468625e+22,7.687179260215456e+37,1,1.0,-3.410756712560139e-31
1.9573417814876615e-07,5108968.774506925,0.0005623413251903491,1.0937568416799894e-15,nan,nan,1.6720622011913746e+50,1.4013174848468625e+22,7.687179260215456e+37,1,1.0,-3.410756712560139e-31
1.9573417814876615e-07,5108968.774506925,0.0008659643233600654,1.0937568416799894e-15,nan,nan,1.6720622011913746e+50,1.4013174848468625e+22,7.687179260215456e+37,1,1.0,-3.410756712560139e-31
1.9573417814876615e-07,5108968.774506925,0.001333521432163324,1.0937568416799894e-15,nan,nan,1.6720622011913746e+50,1.4013174848468625e+22,7.687179260215456e+37,1,1.0,-3.410756712560139e-31
1.9573417814876615e-07,5108968.774506925,0.002053525026457146,1.0937568416799894e-15,nan,nan,1.6720622011913746e+50,1.4013174848468625e+22,7.687179260215456e+37,1,1.0,-3.410756712560139e-31
1.9573417814876615e-07,5108968.774506925,0.0031622776601683794,1.0937568416799894e-15,nan,nan,1.6720622011913746e+50,1.4013174848468625e+22,7.687179260215456e+37,1,1.0,-3.410756712560139e-31
1.9573417814876615e-07,5108968.774506925,0.004869675251658631,1.0937568416799894e-15,nan,nan,1.6720622011913746e+50,1.4013174848468625e+22,7.687179260215456e+37,1,1.0,-3.410756712560139e-31
1.9573417814876615e-07,5108968.774506925,0.007498942093324558,1.0937568416799894e-15,nan,nan,1.6720622011913746e+50,1.4013174848468625e+22,7.687179260215456e+37,1,1.0,-3.410756712560139e-31
1.9573417814876615e-07,5108968.774506925,0.011547819846894581,1.0937568416799894e-15,nan,nan,1.6720622011913746e+50,1.4013174848468625e+22,7.687179260215456e+37,1,1.0,-3.410756712560139e-31
1.9573417814876615e-07,5108968.774506925,0.01778279410038923,1.0937568416799894e-15,nan,nan,1.6720622011913746e+50,1.4013174848468625e+22,7.687179260215456e+37,1,1.0,-3.410756712560139e-31
1.9573417814876615e-07,5108968.774506925,0.027384196342643614,1.0937568416799894e-15,nan,nan,1.6720622011913746e+50,1.4013174848468625e+22,7.687179260215456e+37,1,1.0,-3.410756712560139e-31
1.9573417814876615e-07,5108968.774506925,0.042169650342858224,1.0937568416799894e-15,nan,nan,1.6720622011913746e+50,1.4013174848468625e+22,7.687179260215456e+37,1,1.0,-3.410756712560139e-31
1.9573417814876615e-07,5108968.774506925,0.06493816315762113,1.0937568416799894e-15,nan,nan,1.6720622011913746e+50,1.4013174848468625e+22,7.687179260215456e+37,1,1.0,-3.410756712560139e-31
1.9573417814876615e-07,5108968.774506925,0.1,1.0937568416799894e-15,nan,nan,1.6720622011913746e+50,1.4013174848468625e+22,7.687179260215456e+37,1,1.0,-3.410756712560139e-31
1.9573417814876615e-07,5108968.774506925,0.1539926526059492,1.0937568416799894e-15,nan,nan,1.6720622011913746e+50,1.4013174848468625e+22,7.687179260215456e+37,1,1.0,-3.410756712560139e-31
1.9573417814876615e-07,5108968.774506925,0.23713737056616552,1.0937568416799894e-15,nan,nan,1.6720622011913746e+50,1.4013174848468625e+22,7.687179260215456e+37,1,1.0,-3.410756712560139e-31
1.9573417814876615e-07,5108968.774506925,0.3651741272548377,1.0937568416799894e-15,nan,nan,1.6720622011913746e+50,1.4013174848468625e+22,7.687179260215456e+37,1,1.0,-3.410756712560139e-31
1.9573417814876615e-07,5108968.774506925,0.5623413251903491,1.0937568416799894e-15,nan,nan,1.6720622011913746e+50,1.4013174848468625e+22,7.687179260215456e+37,1,1.0,-3.410756712560139e-31
1.9573417814876615e-07,5108968.774506925,0.8659643233600653,1.0937568416799894e-15,nan,nan,1.6720622011913746e+50,1.4013174848468625e+22,7.687179260215456e+37,1,1.0,-3.410756712560139e-31
1.9573417814876615e-07,5108968.774506925,1.333521432163324,1.0937568416799894e-15,nan,nan,1.6720622011913746e+50,1.4013174848468625e+22,7.687179260215456e+37,1,1.0,-3.410756712560139e-31
1.9573417814876615e-07,5108968.774506925,2.053525026457146,1.0937568416799894e-15,nan,nan,1.6720622011913746e+50,1.4013174848468625e+22,7.687179260215456e+37,1,1.0,-3.410756712560139e-31
1.9573417814876615e-07,5108968.774506925,3.1622776601683795,1.0937568416799894e-15,nan,nan,1.6720622011913746e+50,1.4013174848468625e+22,7.687179260215456e+37,1,1.0,-3.410756712560139e-31
1.9573417814876615e-07,5108968.774506925,4.869675251658631,1.0937568416799894e-15,nan,nan,1.6720622011913746e+50,1.4013174848468625e+22,7.687179260215456e+37,1,1.0,-3.410756712560139e-31
1.9573417814876615e-07,5108968.774506925,7.498942093324558,1.0937568416799894e-15,nan,nan,1.6720622011913746e+50,1.4013174848468625e+22,7.687179260215456e+37,1,1.0,-3.410756712560139e-31
1.9573417814876615e-07,5108968.774506925,11.547819846894582,1.0937568416799894e-15,nan,nan,1.6720622011913746e+50,1.4013174848468625e+22,7.687179260215456e+37,1,1.0,-3.410756712560139e-31
1.9573417814876615e-07,5108968.774506925,17.78279410038923,1.0937568416799894e-15,nan,nan,1.6720622011913746e+50,1.4013174848468625e+22,7.687179260215456e+37,1,1.0,-3.410756712560139e-31
1.9573417814876615e-07,5108968.774506925,27.384196342643612,1.0937568416799894e-15,nan,nan,1.6720622011913746e+50,1.4013174848468625e+22,7.687179260215456e+37,1,1.0,-3.410756712560139e-31
1.9573417814876615e-07,5108968.774506925,42.169650342858226,1.0937568416799894e-15,nan,nan,1.6720622011913746e+50,1.4013174848468625e+22,7.687179260215456e+37,1,1.0,-3.410756712560139e-31
1.9573417814876615e-07,5108968.774506925,64.93816315762113,1.0937568416799894e-15,nan,nan,1.6720622011913746e+50,1.4013174848468625e+22,7.687179260215456e+37,1,1.0,-3.410756712560139e-31
1.9573417814876615e-07,5108968.774506925,100.0,1.0937568416799894e-15,nan,nan,1.6720622011913746e+50,1.4013174848468625e+22,7.687179260215456e+37,1,1.0,-3.410756712560139e-31
1.9573417814876615e-07,5108968.774506925,153.9926526059492,1.0937568416799894e-15,nan,nan,1.6720622011913746e+50,1.4013174848468625e+22,7.687179260215456e+37,1,1.0,-3.410756712560139e-31
1.9573417814876615e-07,5108968.774506925,237.13737056616552,1.0937568416799894e-15,nan,nan,1.6720622011913746e+50,1.4013174848468625e+22,7.687179260215456e+37,1,1.0,-3.410756712560139e-31
1.9573417814876615e-07,5108968.774506925,365.1741272548377,1.0937568416799894e-15,nan,nan,1.6720622011913746e+50,1.4013174848468625e+22,7.687179260215456e+37,1,1.0,-3.410756712560139e-31
1.9573417814876615e-07,5108968.774506925,562.341325190349,1.0937568416799894e-15,nan,nan,1.6720622011913746e+50,1.4013174848468625e+22,7.687179260215456e+37,1,1.0,-3.410756712560139e-31
1.9573417814876615e-07,5108968.774506925,865.9643233600654,1.0937568416799894e-15,nan,nan,1.6720622011913746e+50,1.4013174848468625e+22,7.687179260215456e+37,1,1.0,-3.410756712560139e-31
1.9573417814876615e-07,5108968.774506925,1333.521432163324,1.0937568416799894e-15,nan,nan,1.6720622011913746e+50,1.4013174848468625e+22,7.687179260215456e+37,1,1.0,-3.410756712560139e-31
1.9573417814876615e-07,5108968.774506925,2053.525026457146,1.0937568416799894e-15,nan,nan,1.6720622011913746e+50,1.4013174848468625e+22,7.687179260215456e+37,1,1.0,-3.410756712560139e-31
1.9573417814876615e-07,5108968.774506925,3162.2776601683795,1.0937568416799894e-15,nan,nan,1.6720622011913746e+50,1.4013174848468625e+22,7.687179260215456e+37,1,1.0,-3.410756712560139e-31
1.9573417814876615e-07,5108968.774506925,4869.675251658631,1.0937568416799894e-15,nan,nan,1.6720622011913746e+50,1.4013174848468625e+22,7.687179260215456e+37,1,1.0,-3.410756712560139e-31
1.9573417814876615e-07,5108968.774506925,7498.942093324558,1.0937568416799894e-15,nan,nan,1.6720622011913746e+50,1.4013174848468625e+22,7.687179260215456e+37,1,1.0,-3.410756712560139e-31
1.9573417814876615e-07,5108968.774506925,11547.819846894581,1.0937568416799894e-15,nan,nan,1.6720622011913746e+50,1.4013174848468625e+22,7.687179260215456e+37,1,1.0,-3.410756712560139e-31
1.9573417814876615e-07,5108968.774506925,17782.794100389227,1.0937568416799894e-15,nan,nan,1.6720622011913746e+50,1.4013174848468625e+22,7.687179260215456e+37,1,1.0,-3.410756712560139e-31
1.9573417814876615e-07,5108968.774506925,27384.196342643612,1.0937568416799894e-15,nan,nan,1.6720622011913746e+50,1.4013174848468625e+22,7.687179260215456e+37,1,1.0,-3.410756712560139e-31
1.9573417814876615e-07,5108968.774506925,42169.65034285822,1.0937568416799894e-15,nan,nan,1.6720622011913746e+50,1.4013174848468625e+22,7.687179260215456e+37,1,1.0,-3.410756712560139e-31
1.9573417814876615e-07,5108968.774506925,64938.16315762113,1.0937568416799894e-15,nan,nan,1.6720622011913746e+50,1.4013174848468625e+22,7.687179260215456e+37,1,1.0,-3.410756712560139e-31
1.9573417814876615e-07,5108968.774506925,100000.0,1.0937568416799894e-15,nan,nan,1.6720622011913746e+50,1.4013174848468625e+22,7.687179260215456e+37,1,1.0,-3.410756712560139e-31
2.7384196342643614e-07,3651740.272548377,0.0001,0.0,nan,nan,1.1394591148486484e+49,0.0,1.0253685503953047e+37,1,1.0,-1.9545068480767087e-30
2.7384196342643614e-07,3651740.272548377,0.0001539926526059492,0.0,nan,nan,1.1394591148486484e+49,0.0,1.0253685503953047e+37,1,1.0,-1.9545068480767087e-30
2.7384196342643614e-07,3651740.272548377,0.00023713737056616554,0.0,nan,nan,1.1394591148486484e+49,0.0,1.0253685503953047e+37,1,1.0,-1.9545068480767087e-30
2.7384196342643614e-07,3651740.272548377,0.0003651741272548377,0.0,nan,nan,1.1394591148486484e+49,0.0,1.0253685503953047e+37,1,1.0,-1.9545068480767087e-30
2.7384196342643614e-07,3651740.272548377,0.0005623413251903491,0.0,nan,nan,1.1394591148486484e+49,0.0,1.0253685503953047e+37,1,1.0,-1.9545068480767087e-30
2.7384196342643614e-07,3651740.272548377,0.0008659643233600654,0.0,nan,nan,1.1394591148486484e+49,0.0,1.0253685503953047e+37,1,1.0,-1.9545068480767087e-30
2.7384196342643614e-07,3651740.272548377,0.001333521432163324,0.0,nan,nan,1.1394591148486484e+49,0.0,1.0253685503953047e+37,1,1.0,-1.9545068480767087e-30
2.7384196342643614e-07,3651740.272548377,0.002053525026457146,0.0,nan,nan,1.1394591148486484e+49,0.0,1.0253685503953047e+37,1,1.0,-1.9545068480767087e-30
2.7384196342643614e-07,3651740.272548377,0.0031622776601683794,0.0,nan,nan,1.1394591148486484e+49,0.0,1.0253685503953047e+37,1,1.0,-1.9545068480767087e-30
2.7384196342643614e-07,3651740.272548377,0.004869675251658631,0.0,nan,nan,1.1394591148486484e+49,0.0,1.0253685503953047e+37,1,1.0,-1.9545068480767087e-30
2.7384196342643614e-07,3651740.272548377,0.007498942093324558,0.0,nan,nan,1.1394591148486484e+49,0.0,1.0253685503953047e+37,1,1.0,-1.9545068480767087e-30
2.7384196342643614e-07,3651740.272548377,0.011547819846894581,0.0,nan,nan,1.1394591148486484e+49,0.0,1.0253685503953047e+37,1,1.0,-1.9545068480767087e-30
2.7384196342643614e-07,3651740.272548377,0.01778279410038923,0.0,nan,nan,1.1394591148486484e+49,0.0,1.0253685503953047e+37,1,1.0,-1.9545068480767087e-30
2.7384196342643614e-07,3651740.272548377,0.027384196342643614,0.0,nan,nan,1.1394591148486484e+49,0.0,1.0253685503953047e+37,1,1.0,-1.9545068480767087e-30
2.7384196342643614e-07,3651740.272548377,0.042169650342858224,0.0,nan,nan,1.1394591148486484e+49,0.0,1.0253685503953047e+37,1,1.0,-1.9545068480767087e-30
2.7384196342643614e-07,3651740.272548377,0.06493816315762113,0.0,nan,nan,1.1394591148486484e+49,0.0,1.0253685503953047e+37,1,1.0,-1.9545068480767087e-30
2.7384196342643614e-07,3651740.272548377,0.1,0.0,nan,nan,1.1394591148486484e+49,0.0,1.0253685503953047e+37,1,1.0,-1.9545068480767087e-30
2.7384196342643614e-07,3651740.272548377,0.1539926526059492,0.0,nan,nan,1.1394591148486484e+49,0.0,1.0253685503953047e+37,1,1.0,-1.9545068480767087e-30
2.7384196342643614e-07,3651740.272548377,0.23713737056616552,0.0,nan,nan,1.1394591148486484e+49,0.0,1.0253685503953047e+37,1,1.0,-1.9545068480767087e-30
2.7384196342643614e-07,3651740.272548377,0.3651741272548377,0.0,nan,nan,1.1394591148486484e+49,0.0,1.0253685503953047e+37,1,1.0,-1.9545068480767087e-30
2.7384196342643614e-07,3651740.272548377,0.5623413251903491,0.0,nan,nan,1.1394591148486484e+49,0.0,1.0253685503953047e+37,1,1.0,-1.9545068480767087e-30
2.7384196342643614e-07,3651740.272548377,0.8659643233600653,0.0,nan,nan,1.1394591148486484e+49,0.0,1.0253685503953047e+37,1,1.0,-1.9545068480767087e-30
2.7384196342643614e-07,3651740.272548377,1.333521432163324,0.0,nan,nan,1.1394591148486484e+49,0.0,1.0253685503953047e+37,1,1.0,-1.9545068480767087e-30
2.7384196342643614e-07,3651740.272548377,2.053525026457146,0.0,nan,nan,1.1394591148486484e+49,0.0,1.0253685503953047e+37,1,1.0,-1.9545068480767087e-30
2.7384196342643614e-07,3651740.272548377,3.1622776601683795,0.0,nan,nan,1.1394591148486484e+49,0.0,1.0253685503953047e+37,1,1.0,-1.9545068480767087e-30
2.7384196342643614e-07,3651740.272548377,4.869675251658631,0.0,nan,nan,1.1394591148486484e+49,0.0,1.0253685503953047e+37,1,1.0,-1.9545068480767087e-30
2.7384196342643614e-07,3651740.272548377,7.498942093324558,0.0,nan,nan,1.1394591148486484e+49,0.0,1.0253685503953047e+37,1,1.0,-1.9545068480767087e-30
2.7384196342643614e-07,3651740.272548377,11.547819846894582,0.0,nan,nan,1.1394591148486484e+49,0.0,1.0253685503953047e+37,1,1.0,-1.9545068480767087e-30
2.7384196342643614e-07,3651740.272548377,17.78279410038923,0.0,nan,nan,1.1394591148486484e+49,0.0,1.0253685503953047e+37,1,1.0,-1.9545068480767087e-30
2.7384196342643614e-07,3651740.272548377,27.384196342643612,0.0,nan,nan,1.1394591148486484e+49,0.0,1.0253685503953047e+37,1,1.0,-1.9545068480767087e-30
2.7384196342643614e-07,3651740.272548377,42.169650342858226,0.0,nan,nan,1.1394591148486484e+49,0.0,1.0253685503953047e+37,1,1.0,-1.9545068480767087e-30
2.7384196342643614e-07,3651740.272548377,64.93816315762113,0.0,nan,nan,1.1394591148486484e+49,0.0,1.0253685503953047e+37,1,1.0,-1.9545068480767087e-30
2.7384196342643614e-07,3651740.272548377,100.0,0.0,nan,nan,1.1394591148486484e+49,0.0,1.0253685503953047e+37,1,1.0,-1.9545068480767087e-30
2.7384196342643614e-07,3651740.272548377,153.9926526059492,0.0,nan,nan,1.1394591148486484e+49,0.0,1.0253685503953047e+37,1,1.0,-1.9545068480767087e-30
2.7384196342643614e-07,3651740.272548377,237.13737056616552,0.0,nan,nan,1.1394591148486484e+49,0.0,1.0253685503953047e+37,1,1.0,-1.9545068480767087e-30
2.7384196342643614e-07,3651740.272548377,365.1741272548377,0.0,nan,nan,1.1394591148486484e+49,0.0,1.0253685503953047e+37,1,1.0,-1.9545068480767087e-30
2.7384196342643614e-07,3651740.272548377,562.341325190349,0.0,nan,nan,1.1394591148486484e+49,0.0,1.0253685503953047e+37,1,1.0,-1.9545068480767087e-30
2.7384196342643614e-07,3651740.272548377,865.9643233600654,0.0,nan,nan,1.1394591148486484e+49,0.0,1.0253685503953047e+37,1,1.0,-1.9545068480767087e-30
2.7384196342643614e-07,3651740.272548377,1333.521432163324,0.0,nan,nan,1.1394591148486484e+49,0.0,1.0253685503953047e+37,1,1.0,-1.9545068480767087e-30
2.7384196342643614e-07,3651740.272548377,2053.525026457146,0.0,nan,nan,1.1394591148486484e+49,0.0,1.0253685503953047e+37,1,1.0,-1.9545068480767087e-30
2.7384196342643614e-07,3651740.272548377,3162.2776601683795,0.0,nan,nan,1.1394591148486484e+49,0.0,1.0253685503953047e+37,1,1.0,-1.9545068480767087e-30
2.7384196342643614e-07,3651740.272548377,4869.675251658631,0.0,nan,nan,1.1394591148486484e+49,0.0,1.0253685503953047e+37,1,1.0,-1.9545068480767087e-30
2.7384196342643614e-07,3651740.272548377,7498.942093324558,0.0,nan,nan,1.1394591148486484e+49,0.0,1.0253685503953047e+37,1,1.0,-1.9545068480767087e-30
2.7384196342643614e-07,3651740.272548377,11547.819846894581,0.0,nan,nan,1.1394591148486484e+49,0.0,1.0253685503953047e+37,1,1.0,-1.9545068480767087e-30
2.7384196342643614e-07,3651740.272548377,17782.794100389227,0.0,nan,nan,1.1394591148486484e+49,0.0,1.0253685503953047e+37,1,1.0,-1.9545068480767087e-30
2.7384196342643614e-07,3651740.272548377,27384.196342643612,0.0,nan,nan,1.1394591148486484e+49,0.0,1.0253685503953047e+37,1,1.0,-1.9545068480767087e-30
2.7384196342643614e-07,3651740.272548377,42169.65034285822,0.0,nan,nan,1.1394591148486484e+49,0.0,1.0253685503953047e+37,1,1.0,-1.9545068480767087e-30
2.7384196342643614e-07,3651740.272548377,64938.16315762113,0.0,nan,nan,1.1394591148486484e+49,0.0,1.0253685503953047e+37,1,1.0,-1.9545068480767087e-30
2.7384196342643614e-07,3651740.272548377,100000.0,0.0,nan,nan,1.1394591148486484e+49,0.0,1.0253685503953047e+37,1,1.0,-1.9545068480767087e-30
3.831186849557285e-07,2610156.2156825387,0.0001,-5.013793760947478e-16,nan,nan,7.765869734338043e+47,-1.1430184201672348e+20,1.3678485490211713e+36,1,1.0,-1.1198635318357217e-29
3.831186849557285e-07,2610156.2156825387,0.0001539926526059492,-5.013793760947478e-16,nan,nan,7.765869734338043e+47,-1.1430184201672348e+20,1.3678485490211713e+36,1,1.0,-1.1198635318357217e-29
3.831186849557285e-07,2610156.2156825387,0.00023713737056616554,-5.013793760947478e-16,nan,nan,7.765869734338043e+47,-1.1430184201672348e+20,1.3678485490211713e+36,1,1.0,-1.1198635318357217e-29
3.831186849557285e-07,2610156.2156825387,0.0003651741272548377,-5.013793760947478e-16,nan,nan,7.765869734338043e+47,-1.1430184201672348e+20,1.3678485490211713e+36,1,1.0,-1.1198635318357217e-29
3.831186849557285e-07,2610156.2156825387,0.0005623413251903491,-5.013793760947478e-16,nan,nan,7.765869734338043e+47,-1.1430184201672348e+20,1.3678485490211713e+36,1,1.0,-1.1198635318357217e-29
3.831186849557285e-07,2610156.2156825387,0.0008659643233600654,-5.013793760947478e-16,nan,nan,7.765869734338043e+47,-1.1430184201672348e+20,1.3678485490211713e+36,1,1.0,-1.1198635318357217e-29
3.831186849557285e-07,2610156.2156825387,0.001333521432163324,-5.013793760947478e-16,nan,nan,7.765869734338043e+47,-1.1430184201672348e+20,1.3678485490211713e+36,1,1.0,-1.1198635318357217e-29
3.831186849557285e-07,2610156.2156825387,0.002053525026457146,-5.013793760947478e-16,nan,nan,7.765869734338043e+47,-1.1430184201672348e+20,1.3678485490211713e+36,1,1.0,-1.1198635318357217e-29
3.831186849557285e-07,2610156.2156825387,0.0031622776601683794,-5.013793760947478e-16,nan,nan,7.765869734338043e+47,-1.1430184201672348e+20,1.3678485490211713e+36,1,1.0,-1.1198635318357217e-29
3.831186849557285e-07,2610156.2156825387,0.004869675251658631,-5.013793760947478e-16,nan,nan,7.765869734338043e+47,-1.1430184201672348e+20,1.3678485490211713e+36,1,1.0,-1.1198635318357217e-29
3.831186849557285e-07,2610156.2156825387,0.007498942093324558,-5.013793760947478e-16,nan,nan,7.765869734338043e+47,-1.1430184201672348e+20,1.3678485490211713e+36,1,1.0,-1.1198635318357217e-29
3.831186849557285e-07,2610156.2156825387,0.011547819846894581,-5.013793760947478e-16,nan,nan,7.765869734338043e+47,-1.1430184201672348e+20,1.3678485490211713e+36,1,1.0,-1.1198635318357217e-29
3.831186849557285e-07,2610156.2156825387,0.01778279410038923,-5.013793760947478e-16,nan,nan,7.765869734338043e+47,-1.1430184201672348e+20,1.3678485490211713e+36,1,1.0,-1.1198635318357217e-29
3.831186849557285e-07,2610156.2156825387,0.027384196342643614,-5.013793760947478e-16,nan,nan,7.765869734338043e+47,-1.1430184201672348e+20,1.3678485490211713e+36,1,1.0,-1.1198635318357217e-29
3.831186849557285e-07,2610156.2156825387,0.042169650342858224,-5.013793760947478e-16,nan,nan,7.765869734338043e+47,-1.1430184201672348e+20,1.3678485490211713e+36,1,1.0,-1.1198635318357217e-29
3.831186849557285e-07,2610156.2156825387,0.06493816315762113,-5.013793760947478e-16,nan,nan,7.765869734338043e+47,-1.1430184201672348e+20,1.3678485490211713e+36,1,1.0,-1.1198635318357217e-29
3.831186849557285e-07,2610156.2156825387,0.1,-5.013793760947478e-16,nan,nan,7.765869734338043e+47,-1.1430184201672348e+20,1.3678485490211713e+36,1,1.0,-1.1198635318357217e-29
3.831186849557285e-07,2610156.2156825387,0.1539926526059492,-5.013793760947478e-16,nan,nan,7.765869734338043e+47,-1.1430184201672348e+20,1.3678485490211713e+36,1,1.0,-1.1198635318357217e-29
3.831186849557285e-07,2610156.2156825387,0.23713737056616552,-5.013793760947478e-16,nan,nan,7.765869734338043e+47,-1.1430184201672348e+20,1.3678485490211713e+36,1,1.0,-1.1198635318357217e-29
3.831186849557285e-07,2610156.2156825387,0.3651741272548377,-5.013793760947478e-16,nan,nan,7.765869734338043e+47,-1.1430184201672348e+20,1.3678485490211713e+36,1,1.0,-1.1198635318357217e-29
3.831186849557285e-07,2610156.2156825387,0.5623413251903491,-5.013793760947478e-16,nan,nan,7.765869734338043e+47,-1.1430184201672348e+20,1.3678485490211713e+36,1,1.0,-1.1198635318357217e-29
3.831186849557285e-07,2610156.2156825387,0.8659643233600653,-5.013793760947478e-16,nan,nan,7.765869734338043e+47,-1.1430184201672348e+20,1.3678485490211713e+36,1,1.0,-1.1198635318357217e-29
3.831186849557285e-07,2610156.2156825387,1.333521432163324,-5.013793760947478e-16,nan,nan,7.765869734338043e+47,-1.1430184201672348e+20,1.3678485490211713e+36,1,1.0,-1.1198635318357217e-29
3.831186849557285e-07,2610156.2156825387,2.053525026457146,-5.013793760947478e-16,nan,nan,7.765869734338043e+47,-1.1430184201672348e+20,1.3678485490211713e+36,1,1.0,-1.1198635318357217e-29
3.831186849557285e-07,2610156.2156825387,3.1622776601683795,-5.013793760947478e-16,nan,nan,7.765869734338043e+47,-1.1430184201672348e+20,1.3678485490211713e+36,1,1.0,-1.1198635318357217e-29
3.831186849557285e-07,2610156.2156825387,4.869675251658631,-5.013793760947478e-16,nan,nan,7.765869734338043e+47,-1.1430184201672348e+20,1.3678485490211713e+36,1,1.0,-1.1198635318357217e-29
3.831186849557285e-07,2610156.2156825387,7.498942093324558,-5.013793760947478e-16,nan,nan,7.765869734338043e+47,-1.1430184201672348e+20,1.3678485490211713e+36,1,1.0,-1.1198635318357217e-29
3.831186849557285e-07,2610156.2156825387,11.547819846894582,-5.013793760947478e-16,nan,nan,7.765869734338043e+47,-1.1430184201672348e+20,1.3678485490211713e+36,1,1.0,-1.1198635318357217e-29
3.831186849557285e-07,2610156.2156825387,17.78279410038923,-5.013793760947478e-16,nan,nan,7.765869734338043e+47,-1.1430184201672348e+20,1.3678485490211713e+36,1,1.0,-1.1198635318357217e-29
3.831186849557285e-07,2610156.2156825387,27.384196342643612,-5.013793760947478e-16,nan,nan,7.765869734338043e+47,-1.1430184201672348e+20,1.3678485490211713e+36,1,1.0,-1.1198635318357217e-29
3.831186849557285e-07,2610156.2156825387,42.169650342858226,-5.013793760947478e-16,nan,nan,7.765869734338043e+47,-1.1430184201672348e+20,1.3678485490211713e+36,1,1.0,-1.1198635318357217e-29
3.831186849557285e-07,2610156.2156825387,64.93816315762113,-5.013793760947478e-16,nan,nan,7.765869734338043e+47,-1.1430184201672348e+20,1.3678485490211713e+36,1,1.0,-1.1198635318357217e-29
3.831186849557285e-07,2610156.2156825387,100.0,-5.013793760947478e-16,nan,nan,7.765869734338043e+47,-1.1430184201672348e+20,1.3678485490211713e+36,1,1.0,-1.1198635318357217e-29
3.831186849557285e-07,2610156.2156825387,153.9926526059492,-5.013793760947478e-16,nan,nan,7.765869734338043e+47,-1.1430184201672348e+20,1.3678485490211713e+36,1,1.0,-1.1198635318357217e-29
3.831186849557285e-07,2610156.2156825387,237.13737056616552,-5.013793760947478e-16,nan,nan,7.765869734338043e+47,-1.1430184201672348e+20,1.3678485490211713e+36,1,1.0,-1.1198635318357217e-29
3.831186849557285e-07,2610156.2156825387,365.1741272548377,-5.013793760947478e-16,nan,nan,7.765869734338043e+47,-1.1430184201672348e+20,1.3678485490211713e+36,1,1.0,-1.1198635318357217e-29
3.831186849557285e-07,2610156.2156825387,562.341325190349,-5.013793760947478e-16,nan,nan,7.765869734338043e+47,-1.1430184201672348e+20,1.3678485490211713e+36,1,1.0,-1.1198635318357217e-29
3.831186849557285e-07,2610156.2156825387,865.9643233600654,-5.013793760947478e-16,nan,nan,7.765869734338043e+47,-1.1430184201672348e+20,1.3678485490211713e+36,1,1.0,-1.1198635318357217e-29
3.831186849557285e-07,2610156.2156825387,1333.521432163324,-5.013793760947478e-16,nan,nan,7.765869734338043e+47,-1.1430184201672348e+20,1.3678485490211713e+36,1,1.0,-1.1198635318357217e-29
3.831186849557285e-07,2610156.2156825387,2053.525026457146,-5.013793760947478e-16,nan,nan,7.765869734338043e+47,-1.1430184201672348e+20,1.3678485490211713e+36,1,1.0,-1.1198635318357217e-29
3.831186849557285e-07,2610156.2156825387,3162.2776601683795,-5.013793760947478e-16,nan,nan,7.765869734338043e+47,-1.1430184201672348e+20,1.3678485490211713e+36,1,1.0,-1.1198635318357217e-29
3.831186849557285e-07,2610156.2156825387,4869.675251658631,-5.013793760947478e-16,nan,nan,7.765869734338043e+47,-1.1430184201672348e+20,1.3678485490211713e+36,1,1.0,-1.1198635318357217e-29
3.831186849557285e-07,2610156.2156825387,7498.942093324558,-5.013793760947478e-16,nan,nan,7.765869734338043e+47,-1.1430184201672348e+20,1.3678485490211713e+36,1,1.0,-1.1198635318357217e-29
3.831186849557285e-07,2610156.2156825387,11547.819846894581,-5.013793760947478e-16,nan,nan,7.765869734338043e+47,-1.1430184201672348e+20,1.3678485490211713e+36,1,1.0,-1.1198635318357217e-29
3.831186849557285e-07,2610156.2156825387,17782.794100389227,-5.013793760947478e-16,nan,nan,7.765869734338043e+47,-1.1430184201672348e+20,1.3678485490211713e+36,1,1.0,-1.1198635318357217e-29
3.831186849557285e-07,2610156.2156825387,27384.196342643612,-5.013793760947478e-16,nan,nan,7.765869734338043e+47,-1.1430184201672348e+20,1.3678485490211713e+36,1,1.0,-1.1198635318357217e-29
3.831186849557285e-07,2610156.2156825387,42169.65034285822,-5.013793760947478e-16,nan,nan,7.765869734338043e+47,-1.1430184201672348e+20,1.3678485490211713e+36,1,1.0,-1.1198635318357217e-29
3.831186849557285e-07,2610156.2156825387,64938.16315762113,-5.013793760947478e-16,nan,nan,7.765869734338043e+47,-1.1430184201672348e+20,1.3678485490211713e+36,1,1.0,-1.1198635318357217e-29
3.831186849557285e-07,2610156.2156825387,100000.0,-5.013793760947478e-16,nan,nan,7.765869734338043e+47,-1.1430184201672348e+20,1.3678485490211713e+36,1,1.0,-1.1198635318357217e-29
5.360023165391795e-07,1865662.5785769112,0.0001,-9.599504577380761e-16,nan,nan,5.293518289131343e+46,-2.9198232801695236e+19,1.824983731170553e+35,1,1.0,-6.415214134008979e-29
5.360023165391795e-07,1865662.5785769112,0.0001539926526059492,-9.599504577380761e-16,nan,nan,5.293518289131343e+46,-2.9198232801695236e+19,1.824983731170553e+35,1,1.0,-6.415214134008979e-29
5.360023165391795e-07,1865662.5785769112,0.00023713737056616554,-9.599504577380761e-16,nan,nan,5.293518289131343e+46,-2.9198232801695236e+19,1.824983731170553e+35,1,1.0,-6.415214134008979e-29
5.360023165391795e-07,1865662.5785769112,0.0003651741272548377,-9.599504577380761e-16,nan,nan,5.293518289131343e+46,-2.9198232801695236e+19,1.824983731170553e+35,1,1.0,-6.415214134008979e-29
5.360023165391795e-07,1865662.5785769112,0.0005623413251903491,-9.599504577380761e-16,nan,nan,5.293518289131343e+46,-2.9198232801695236e+19,1.824983731170553e+35,1,1.0,-6.415214134008979e-29
5.360023165391795e-07,1865662.5785769112,0.0008659643233600654,-9.599504577380761e-16,nan,nan,5.293518289131343e+46,-2.9198232801695236e+19,1.824983731170553e+35,1,1.0,-6.415214134008979e-29
5.360023165391795e-07,1865662.5785769112,0.001333521432163324,-9.599504577380761e-16,nan,nan,5.293518289131343e+46,-2.9198232801695236e+19,1.824983731170553e+35,1,1.0,-6.415214134008979e-29
5.360023165391795e-07,1865662.5785769112,0.002053525026457146,-9.599504577380761e-16,nan,nan,5.293518289131343e+46,-2.9198232801695236e+19,1.824983731170553e+35,1,1.0,-6.415214134008979e-29
5.360023165391795e-07,1865662.5785769112,0.0031622776601683794,-9.599504577380761e-16,nan,nan,5.293518289131343e+46,-2.9198232801695236e+19,1.824983731170553e+35,1,1.0,-6.415214134008979e-29
5.360023165391795e-07,1865662.5785769112,0.004869675251658631,-9.599504577380761e-16,nan,nan,5.293518289131343e+46,-2.9198232801695236e+19,1.824983731170553e+35,1,1.0,-6.415214134008979e-29
5.360023165391795e-07,1865662.5785769112,0.007498942093324558,-9.599504577380761e-16,nan,nan,5.293518289131343e+46,-2.9198232801695236e+19,1.824983731170553e+35,1,1.0,-6.415214134008979e-29
5.360023165391795e-07,1865662.5785769112,0.011547819846894581,-9.599504577380761e-16,nan,nan,5.293518289131343e+46,-2.9198232801695236e+19,1.824983731170553e+35,1,1.0,-6.415214134008979e-29
5.360023165391795e-07,1865662.5785769112,0.01778279410038923,-9.599504577380761e-16,nan,nan,5.293518289131343e+46,-2.9198232801695236e+19,1.824983731170553e+35,1,1.0,-6.415214134008979e-29
5.360023165391795e-07,1865662.5785769112,0.027384196342643614,-9.599504577380761e-16,nan,nan,5.293518289131343e+46,-2.9198232801695236e+19,1.824983731170553e+35,1,1.0,-6.415214134008979e-29
5.360023165391795e-07,1865662.5785769112,0.042169650342858224,-9.599504577380761e-16,nan,nan,5.293518289131343e+46,-2.9198232801695236e+19,1.824983731170553e+35,1,1.0,-6.415214134008979e-29
5.360023165391795e-07,1865662.5785769112,0.06493816315762113,-9.599504577380761e-16,nan,nan,5.293518289131343e+46,-2.9198232801695236e+19,1.824983731170553e+35,1,1.0,-6.415214134008979e-29
5.360023165391795e-07,1865662.5785769112,0.1,-9.599504577380761e-16,nan,nan,5.293518289131343e+46,-2.9198232801695236e+19,1.824983731170553e+35,1,1.0,-6.415214134008979e-29
5.360023165391795e-07,1865662.5785769112,0.1539926526059492,-9.599504577380761e-16,nan,nan,5.293518289131343e+46,-2.9198232801695236e+19,1.824983731170553e+35,1,1.0,-6.415214134008979e-29
5.360023165391795e-07,1865662.5785769112,0.23713737056616552,-9.599504577380761e-16,nan,nan,5.293518289131343e+46,-2.9198232801695236e+19,1.824983731170553e+35,1,1.0,-6.415214134008979e-29
5.360023165391795e-07,1865662.5785769112,0.3651741272548377,-9.599504577380761e-16,nan,nan,5.293518289131343e+46,-2.9198232801695236e+19,1.824983731170553e+35,1,1.0,-6.415214134008979e-29
5.360023165391795e-07,1865662.5785769112,0.5623413251903491,-9.599504577380761e-16,nan,nan,5.293518289131343e+46,-2.9198232801695236e+19,1.824983731170553e+35,1,1.0,-6.415214134008979e-29
5.360023165391795e-07,1865662.5785769112,0.8659643233600653,-9.599504577380761e-16,nan,nan,5.293518289131343e+46,-2.9198232801695236e+19,1.824983731170553e+35,1,1.0,-6.415214134008979e-29
5.360023165391795e-07,1865662.5785769112,1.333521432163324,-9.599504577380761e-16,nan,nan,5.293518289131343e+46,-2.9198232801695236e+19,1.824983731170553e+35,1,1.0,-6.415214134008979e-29
5.360023165391795e-07,1865662.5785769112,2.053525026457146,-9.599504577380761e-16,nan,nan,5.293518289131343e+46,-2.9198232801695236e+19,1.824983731170553e+35,1,1.0,-6.415214134008979e-29
5.360023165391795e-07,1865662.5785769112,3.1622776601683795,-9.599504577380761e-16,nan,nan,5.293518289131343e+46,-2.9198232801695236e+19,1.824983731170553e+35,1,1.0,-6.415214134008979e-29
5.360023165391795e-07,1865662.5785769112,4.869675251658631,-9.599504577380761e-16,nan,nan,5.293518289131343e+46,-2.9198232801695236e+19,1.824983731170553e+35,1,1.0,-6.415214134008979e-29
5.360023165391795e-07,1865662.5785769112,7.498942093324558,-9.599504577380761e-16,nan,nan,5.293518289131343e+46,-2.9198232801695236e+19,1.824983731170553e+35,1,1.0,-6.415214134008979e-29
5.360023165391795e-07,1865662.5785769112,11.547819846894582,-9.599504577380761e-16,nan,nan,5.293518289131343e+46,-2.9198232801695236e+19,1.824983731170553e+35,1,1.0,-6.415214134008979e-29
5.360023165391795e-07,1865662.5785769112,17.78279410038923,-9.599504577380761e-16,nan,nan,5.293518289131343e+46,-2.9198232801695236e+19,1.824983731170553e+35,1,1.0,-6.415214134008979e-29
5.360023165391795e-07,1865662.5785769112,27.384196342643612,-9.599504577380761e-16,nan,nan,5.293518289131343e+46,-2.9198232801695236e+19,1.824983731170553e+35,1,1.0,-6.415214134008979e-29
5.360023165391795e-07,1865662.5785769112,42.169650342858226,-9.599504577380761e-16,nan,nan,5.293518289131343e+46,-2.9198232801695236e+19,1.824983731170553e+35,1,1.0,-6.415214134008979e-29
5.360023165391795e-07,1865662.5785769112,64.93816315762113,-9.599504577380761e-16,nan,nan,5.293518289131343e+46,-2.9198232801695236e+19,1.824983731170553e+35,1,1.0,-6.415214134008979e-29
5.360023165391795e-07,1865662.5785769112,100.0,-9.599504577380761e-16,nan,nan,5.293518289131343e+46,-2.9198232801695236e+19,1.824983731170553e+35,1,1.0,-6.415214134008979e-29
5.360023165391795e-07,1865662.5785769112,153.9926526059492,-9.599504577380761e-16,nan,nan,5.293518289131343e+46,-2.9198232801695236e+19,1.824983731170553e+35,1,1.0,-6.415214134008979e-29
5.360023165391795e-07,1865662.5785769112,237.13737056616552,-9.599504577380761e-16,nan,nan,5.293518289131343e+46,-2.9198232801695236e+19,1.824983731170553e+35,1,1.0,-6.415214134008979e-29
5.360023165391795e-07,1865662.5785769112,365.1741272548377,-9.599504577380761e-16,nan,nan,5.293518289131343e+46,-2.9198232801695236e+19,1.824983731170553e+35,1,1.0,-6.415214134008979e-29
5.360023165391795e-07,1865662.5785769112,562.341325190349,-9.599504577380761e-16,nan,nan,5.293518289131343e+46,-2.9198232801695236e+19,1.824983731170553e+35,1,1.0,-6.415214134008979e-29
5.360023165391795e-07,1865662.5785769112,865.9643233600654,-9.599504577380761e-16,nan,nan,5.293518289131343e+46,-2.9198232801695236e+19,1.824983731170553e+35,1,1.0,-6.415214134008979e-29
5.360023165391795e-07,1865662.5785769112,1333.521432163324,-9.599504577380761e-16,nan,nan,5.293518289131343e+46,-2.9198232801695236e+19,1.824983731170553e+35,1,1.0,-6.415214134008979e-29
5.360023165391795e-07,1865662.5785769112,2053.525026457146,-9.599504577380761e-16,nan,nan,5.293518289131343e+46,-2.9198232801695236e+19,1.824983731170553e+35,1,1.0,-6.415214134008979e-29
5.360023165391795e-07,1865662.5785769112,3162.2776601683795,-9.599504577380761e-16,nan,nan,5.293518289131343e+46,-2.9198232801695236e+19,1.824983731170553e+35,1,1.0,-6.415214134008979e-29
5.360023165391795e-07,1865662.5785769112,4869.675251658631,-9.599504577380761e-16,nan,nan,5.293518289131343e+46,-2.9198232801695236e+19,1.824983731170553e+35,1,1.0,-6.415214134008979e-29
5.360023165391795e-07,1865662.5785769112,7498.942093324558,-9.599504577380761e-16,nan,nan,5.293518289131343e+46,-2.9198232801695236e+19,1.824983731170553e+35,1,1.0,-6.415214134008979e-29
5.360023165391795e-07,1865662.5785769112,11547.819846894581,-9.599504577380761e-16,nan,nan,5.293518289131343e+46,-2.9198232801695236e+19,1.824983731170553e+35,1,1.0,-6.415214134008979e-29
5.360023165391795e-07,1865662.5785769112,17782.794100389227,-9.599504577380761e-16,nan,nan,5.293518289131343e+46,-2.9198232801695236e+19,1.824983731170553e+35,1,1.0,-6.415214134008979e-29
5.360023165391795e-07,1865662.5785769112,27384.196342643612,-9.599504577380761e-16,nan,nan,5.293518289131343e+46,-2.9198232801695236e+19,1.824983731170553e+35,1,1.0,-6.415214134008979e-29
5.360023165391795e-07,1865662.5785769112,42169.65034285822,-9.599504577380761e-16,nan,nan,5.293518289131343e+46,-2.9198232801695236e+19,1.824983731170553e+35,1,1.0,-6.415214134008979e-29
5.360023165391795e-07,1865662.5785769112,64938.16315762113,-9.599504577380761e-16,nan,nan,5.293518289131343e+46,-2.9198232801695236e+19,1.824983731170553e+35,1,1.0,-6.415214134008979e-29
5.360023165391795e-07,1865662.5785769112,100000.0,-9.599504577380761e-16,nan,nan,5.293518289131343e+46,-2.9198232801695236e+19,1.824983731170553e+35,1,1.0,-6.415214134008979e-29
7.498942093324558e-07,1333520.432163324,0.0001,-4.593917464911813e-16,nan,nan,3.608998730511989e+45,-1.8646611106609733e+18,2.4353869544716793e+34,1,1.0,-3.6740310235560077e-28
7.498942093324558e-07,1333520.432163324,0.0001539926526059492,-4.593917464911813e-16,nan,nan,3.608998730511989e+45,-1.8646611106609733e+18,2.4353869544716793e+34,1,1.0,-3.6740310235560077e-28
7.498942093324558e-07,1333520.432163324,0.00023713737056616554,-4.593917464911813e-16,nan,nan,3.608998730511989e+45,-1.8646611106609733e+18,2.4353869544716793e+34,1,1.0,-3.6740310235560077e-28
7.498942093324558e-07,1333520.432163324,0.0003651741272548377,-4.593917464911813e-16,nan,nan,3.608998730511989e+45,-1.8646611106609733e+18,2.4353869544716793e+34,1,1.0,-3.6740310235560077e-28
7.498942093324558e-07,1333520.432163324,0.0005623413251903491,-4.593917464911813e-16,nan,nan,3.608998730511989e+45,-1.8646611106609733e+18,2.4353869544716793e+34,1,1.0,-3.6740310235560077e-28
7.498942093324558e-07,1333520.432163324,0.0008659643233600654,-4.593917464911813e-16,nan,nan,3.608998730511989e+45,-1.8646611106609733e+18,2.4353869544716793e+34,1,1.0,-3.6740310235560077e-28
7.498942093324558e-07,1333520.432163324,0.001333521432163324,-4.593917464911813e-16,nan,nan,3.608998730511989e+45,-1.8646611106609733e+18,2.4353869544716793e+34,1,1.0,-3.6740310235560077e-28
7.498942093324558e-07,1333520.432163324,0.002053525026457146,-4.593917464911813e-16,nan,nan,3.608998730511989e+45,-1.8646611106609733e+18,2.4353869544716793e+34,1,1.0,-3.6740310235560077e-28
7.498942093324558e-07,1333520.432163324,0.0031622776601683794,-4.593917464911813e-16,nan,nan,3.608998730511989e+45,-1.8646611106609733e+18,2.4353869544716793e+34,1,1.0,-3.6740310235560077e-28
7.498942093324558e-07,1333520.432163324,0.004869675251658631,-4.593917464911813e-16,nan,nan,3.608998730511989e+45,-1.8646611106609733e+18,2.4353869544716793e+34,1,1.0,-3.6740310235560077e-28
7.498942093324558e-07,1333520.432163324,0.007498942093324558,-4.593917464911813e-16,nan,nan,3.608998730511989e+45,-1.8646611106609733e+18,2.4353869544716793e+34,1,1.0,-3.6740310235560077e-28
7.498942093324558e-07,1333520.432163324,0.011547819846894581,-4.593917464911813e-16,nan,nan,3.608998730511989e+45,-1.8646611106609733e+18,2.4353869544716793e+34,1,1.0,-3.6740310235560077e-28
7.498942093324558e-07,1333520.432163324,0.01778279410038923,-4.593917464911813e-16,nan,nan,3.608998730511989e+45,-1.8646611106609733e+18,2.4353869544716793e+34,1,1.0,-3.6740310235560077e-28
7.498942093324558e-07,1333520.432163324,0.027384196342643614,-4.593917464911813e-16,nan,nan,3.608998730511989e+45,-1.8646611106609733e+18,2.4353869544716793e+34,1,1.0,-3.6740310235560077e-28
7.498942093324558e-07,1333520.432163324,0.042169650342858224,-4.593917464911813e-16,nan,nan,3.608998730511989e+45,-1.8646611106609733e+18,2.4353869544716793e+34,1,1.0,-3.6740310235560077e-28
7.498942093324558e-07,1333520.432163324,0.06493816315762113,-4.593917464911813e-16,nan,nan,3.608998730511989e+45,-1.8646611106609733e+18,2.4353869544716793e+34,1,1.0,-3.6740310235560077e-28
7.498942093324558e-07,1333520.432163324,0.1,-4.593917464911813e-16,nan,nan,3.608998730511989e+45,-1.8646611106609733e+18,2.4353869544716793e+34,1,1.0,-3.6740310235560077e-28
7.498942093324558e-07,1333520.432163324,0.1539926526059492,-4.593917464911813e-16,nan,nan,3.608998730511989e+45,-1.8646611106609733e+18,2.4353869544716793e+34,1,1.0,-3.6740310235560077e-28
7.498942093324558e-07,1333520.432163324,0.23713737056616552,-4.593917464911813e-16,nan,nan,3.608998730511989e+45,-1.8646611106609733e+18,2.4353869544716793e+34,1,1.0,-3.6740310235560077e-28
7.498942093324558e-07,1333520.432163324,0.3651741272548377,-4.593917464911813e-16,nan,nan,3.608998730511989e+45,-1.8646611106609733e+18,2.4353869544716793e+34,1,1.0,-3.6740310235560077e-28
7.498942093324558e-07,1333520.432163324,0.5623413251903491,-4.593917464911813e-16,nan,nan,3.608998730511989e+45,-1.8646611106609733e+18,2.4353869544716793e+34,1,1.0,-3.6740310235560077e-28
7.498942093324558e-07,1333520.432163324,0.8659643233600653,-4.593917464911813e-16,nan,nan,3.608998730511989e+45,-1.8646611106609733e+18,2.4353869544716793e+34,1,1.0,-3.6740310235560077e-28
7.498942093324558e-07,1333520.432163324,1.333521432163324,-4.593917464911813e-16,nan,nan,3.608998730511989e+45,-1.8646611106609733e+18,2.4353869544716793e+34,1,1.0,-3.6740310235560077e-28
7.498942093324558e-07,1333520.432163324,2.053525026457146,-4.593917464911813e-16,nan,nan,3.608998730511989e+45,-1.8646611106609733e+18,2.4353869544716793e+34,1,1.0,-3.6740310235560077e-28
7.498942093324558e-07,1333520.432163324,3.1622776601683795,-4.593917464911813e-16,nan,nan,3.608998730511989e+45,-1.8646611106609733e+18,2.4353869544716793e+34,1,1.0,-3.6740310235560077e-28
7.498942093324558e-07,1333520.432163324,4.869675251658631,-4.593917464911813e-16,nan,nan,3.608998730511989e+45,-1.8646611106609733e+18,2.4353869544716793e+34,1,1.0,-3.6740310235560077e-28
7.498942093324558e-07,1333520.432163324,7.498942093324558,-4.593917464911813e-16,nan,nan,3.608998730511989e+45,-1.8646611106609733e+18,2.4353869544716793e+34,1,1.0,-3.6740310235560077e-28
7.498942093324558e-07,1333520.432163324,11.547819846894582,-4.593917464911813e-16,nan,nan,3.608998730511989e+45,-1.8646611106609733e+18,2.4353869544716793e+34,1,1.0,-3.6740310235560077e-28
7.498942093324558e-07,1333520.432163324,17.78279410038923,-4.593917464911813e-16,nan,nan,3.608998730511989e+45,-1.8646611106609733e+18,2.4353869544716793e+34,1,1.0,-3.6740310235560077e-28
7.498942093324558e-07,1333520.432163324,27.384196342643612,-4.593917464911813e-16,nan,nan,3.608998730511989e+45,-1.8646611106609733e+18,2.4353869544716793e+34,1,1.0,-3.6740310235560077e-28
7.498942093324558e-07,1333520.432163324,42.169650342858226,-4.593917464911813e-16,nan,nan,3.608998730511989e+45,-1.8646611106609733e+18,2.4353869544716793e+34,1,1.0,-3.6740310235560077e-28
7.498942093324558e-07,1333520.432163324,64.93816315762113,-4.593917464911813e-16,nan,nan,3.608998730511989e+45,-1.8646611106609733e+18,2.4353869544716793e+34,1,1.0,-3.6740310235560077e-28
7.498942093324558e-07,1333520.432163324,100.0,-4.593917464911813e-16,nan,nan,3.608998730511989e+45,-1.8646611106609733e+18,2.4353869544716793e+34,1,1.0,-3.6740310235560077e-28
7.498942093324558e-07,1333520.432163324,153.9926526059492,-4.593917464911813e-16,nan,nan,3.608998730511989e+45,-1.8646611106609733e+18,2.4353869544716793e+34,1,1.0,-3.6740310235560077e-28
7.498942093324558e-07,1333520.432163324,237.13737056616552,-4.593917464911813e-16,nan,nan,3.608998730511989e+45,-1.8646611106609733e+18,2.4353869544716793e+34,1,1.0,-3.6740310235560077e-28
7.498942093324558e-07,1333520.432163324,365.1741272548377,-4.593917464911813e-16,nan,nan,3.608998730511989e+45,-1.8646611106609733e+18,2.4353869544716793e+34,1,1.0,-3.6740310235560077e-28
7.498942093324558e-07,1333520.432163324,562.341325190349,-4.593917464911813e-16,nan,nan,3.608998730511989e+45,-1.8646611106609733e+18,2.4353869544716793e+34,1,1.0,-3.6740310235560077e-28
7.498942093324558e-07,1333520.432163324,865.9643233600654,-4.593917464911813e-16,nan,nan,3.608998730511989e+45,-1.8646611106609733e+18,2.4353869544716793e+34,1,1.0,-3.6740310235560077e-28
7.498942093324558e-07,1333520.432163324,1333.521432163324,-4.593917464911813e-16,nan,nan,3.608998730511989e+45,-1.8646611106609733e+18,2.4353869544716793e+34,1,1.0,-3.6740310235560077e-28
7.498942093324558e-07,1333520.432163324,2053.525026457146,-4.593917464911813e-16,nan,nan,3.608998730511989e+45,-1.8646611106609733e+18,2.4353869544716793e+34,1,1.0,-3.6740310235560077e-28
7.498942093324558e-07,1333520.432163324,3162.2776601683795,-4.593917464911813e-16,nan,nan,3.608998730511989e+45,-1.8646611106609733e+18,2.4353869544716793e+34,1,1.0,-3.6740310235560077e-28
7.498942093324558e-07,1333520.432163324,4869.675251658631,-4.593917464911813e-16,nan,nan,3.608998730511989e+45,-1.8646611106609733e+18,2.4353869544716793e+34,1,1.0,-3.6740310235560077e-28
7.498942093324558e-07,1333520.432163324,7498.942093324558,-4.593917464911813e-16,nan,nan,3.608998730511989e+45,-1.8646611106609733e+18,2.4353869544716793e+34,1,1.0,-3.6740310235560077e-28
7.498942093324558e-07,1333520.432163324,11547.819846894581,-4.593917464911813e-16,nan,nan,3.608998730511989e+45,-1.8646611106609733e+18,2.4353869544716793e+34,1,1.0,-3.6740310235560077e-28
7.498942093324558e-07,1333520.432163324,17782.794100389227,-4.593917464911813e-16,nan,nan,3.608998730511989e+45,-1.8646611106609733e+18,2.4353869544716793e+34,1,1.0,-3.6740310235560077e-28
7.498942093324558e-07,1333520.432163324,27384.196342643612,-4.593917464911813e-16,nan,nan,3.608998730511989e+45,-1.8646611106609733e+18,2.4353869544716793e+34,1,1.0,-3.6740310235560077e-28
7.498942093324558e-07,1333520.432163324,42169.65034285822,-4.593917464911813e-16,nan,nan,3.608998730511989e+45,-1.8646611106609733e+18,2.4353869544716793e+34,1,1.0,-3.6740310235560077e-28
7.498942093324558e-07,1333520.432163324,64938.16315762113,-4.593917464911813e-16,nan,nan,3.608998730511989e+45,-1.8646611106609733e+18,2.4353869544716793e+34,1,1.0,-3.6740310235560077e-28
7.498942093324558e-07,1333520.432163324,100000.0,-4.593917464911813e-16,nan,nan,3.608998730511989e+45,-1.8646611106609733e+18,2.4353869544716793e+34,1,1.0,-3.6740310235560077e-28
1.0491397291363112e-06,953160.8832347863,0.0001,-4.39566536697415e-16,nan,nan,2.4612286955301665e+44,-2.381624313516352e+17,3.2508720951464884e+33,1,1.0,-2.103365145653491e-27
1.0491397291363112e-06,953160.8832347863,0.0001539926526059492,-4.39566536697415e-16,nan,nan,2.4612286955301665e+44,-2.381624313516352e+17,3.2508720951464884e+33,1,1.0,-2.103365145653491e-27
1.0491397291363112e-06,953160.8832347863,0.00023713737056616554,-4.39566536697415e-16,nan,nan,2.4612286955301665e+44,-2.381624313516352e+17,3.2508720951464884e+33,1,1.0,-2.103365145653491e-27
1.0491397291363112e-06,953160.8832347863,0.0003651741272548377,-4.39566536697415e-16,nan,nan,2.4612286955301665e+44,-2.381624313516352e+17,3.2508720951464884e+33,1,1.0,-2.103365145653491e-27
1.0491397291363112e-06,953160.8832347863,0.0005623413251903491,-4.39566536697415e-16,nan,nan,2.4612286955301665e+44,-2.381624313516352e+17,3.2508720951464884e+33,1,1.0,-2.103365145653491e-27
1.0491397291363112e-06,953160.8832347863,0.0008659643233600654,-4.39566536697415e-16,nan,nan,2.4612286955301665e+44,-2.381624313516352e+17,3.2508720951464884e+33,1,1.0,-2.103365145653491e-27
1.0491397291363112e-06,953160.8832347863,0.001333521432163324,-4.39566536697415e-16,nan,nan,2.4612286955301665e+44,-2.381624313516352e+17,3.2508720951464884e+33,1,1.0,-2.103365145653491e-27
1.0491397291363112e-06,953160.8832347863,0.002053525026457146,-4.39566536697415e-16,nan,nan,2.4612286955301665e+44,-2.381624313516352e+17,3.2508720951464884e+33,1,1.0,-2.103365145653491e-27
1.0491397291363112e-06,953160.8832347863,0.0031622776601683794,-4.39566536697415e-16,nan,nan,2.4612286955301665e+44,-2.381624313516352e+17,3.2508720951464884e+33,1,1.0,-2.103365145653491e-27
1.0491397291363112e-06,953160.8832347863,0.004869675251658631,-4.39566536697415e-16,nan,nan,2.4612286955301665e+44,-2.381624313516352e+17,3.2508720951464884e+33,1,1.0,-2.103365145653491e-27
1.0491397291363112e-06,953160.8832347863,0.007498942093324558,-4.39566536697415e-16,nan,nan,2.4612286955301665e+44,-2.381624313516352e+17,3.2508720951464884e+33,1,1.0,-2.103365145653491e-27
1.0491397291363112e-06,953160.8832347863,0.011547819846894581,-4.39566536697415e-16,nan,nan,2.4612286955301665e+44,-2.381624313516352e+17,3.2508720951464884e+33,1,1.0,-2.103365145653491e-27
1.0491397291363112e-06,953160.8832347863,0.01778279410038923,-4.39566536697415e-16,nan,nan,2.4612286955301665e+44,-2.381624313516352e+17,3.2508720951464884e+33,1,1.0,-2.103365145653491e-27
1.0491397291363112e-06,953160.8832347863,0.027384196342643614,-4.39566536697415e-16,nan,nan,2.4612286955301665e+44,-2.381624313516352e+17,3.2508720951464884e+33,1,1.0,-2.103365145653491e-27
1.0491397291363112e-06,953160.8832347863,0.042169650342858224,-4.39566536697415e-16,nan,nan,2.4612286955301665e+44,-2.381624313516352e+17,3.2508720951464884e+33,1,1.0,-2.103365145653491e-27
1.0491397291363112e-06,953160.8832347863,0.06493816315762113,-4.39566536697415e-16,nan,nan,2.4612286955301665e+44,-2.381624313516352e+17,3.2508720951464884e+33,1,1.0,-2.103365145653491e-27
1.0491397291363112e-06,953160.8832347863,0.1,-4.39566536697415e-16,nan,nan,2.4612286955301665e+44,-2.381624313516352e+17,3.2508720951464884e+33,1,1.0,-2.103365145653491e-27
1.0491397291363112e-06,953160.8832347863,0.1539926526059492,-4.39566536697415e-16,nan,nan,2.4612286955301665e+44,-2.381624313516352e+17,3.2508720951464884e+33,1,1.0,-2.103365145653491e-27
1.0491397291363112e-06,953160.8832347863,0.23713737056616552,-4.39566536697415e-16,nan,nan,2.4612286955301665e+44,-2.381624313516352e+17,3.2508720951464884e+33,1,1.0,-2.103365145653491e-27
1.0491397291363112e-06,953160.8832347863,0.3651741272548377,-4.39566536697415e-16,nan,nan,2.4612286955301665e+44,-2.381624313516352e+17,3.2508720951464884e+33,1,1.0,-2.103365145653491e-27
1.0491397291363112e-06,953160.8832347863,0.5623413251903491,-4.39566536697415e-16,nan,nan,2.4612286955301665e+44,-2.381624313516352e+17,3.2508720951464884e+33,1,1.0,-2.103365145653491e-27
1.0491397291363112e-06,953160.8832347863,0.8659643233600653,-4.39566536697415e-16,nan,nan,2.4612286955301665e+44,-2.381624313516352e+17,3.2508720951464884e+33,1,1.0,-2.103365145653491e-27
1.0491397291363112e-06,953160.8832347863,1.333521432163324,-4.39566536697415e-16,nan,nan,2.4612286955301665e+44,-2.381624313516352e+17,3.2508720951464884e+33,1,1.0,-2.103365145653491e-27
1.0491397291363112e-06,953160.8832347863,2.053525026457146,-4.39566536697415e-16,nan,nan,2.4612286955301665e+44,-2.381624313516352e+17,3.2508720951464884e+33,1,1.0,-2.103365145653491e-27
1.0491397291363112e-06,953160.8832347863,3.1622776601683795,-4.39566536697415e-16,nan,nan,2.4612286955301665e+44,-2.381624313516352e+17,3.2508720951464884e+33,1,1.0,-2.103365145653491e-27
1.0491397291363112e-06,953160.8832347863,4.869675251658631,-4.39566536697415e-16,nan,nan,2.4612286955301665e+44,-2.381624313516352e+17,3.2508720951464884e+33,1,1.0,-2.103365145653491e-27
1.0491397291363112e-06,953160.8832347863,7.498942093324558,-4.39566536697415e-16,nan,nan,2.4612286955301665e+44,-2.381624313516352e+17,3.2508720951464884e+33,1,1.0,-2.103365145653491e-27
1.0491397291363112e-06,953160.8832347863,11.547819846894582,-4.39566536697415e-16,nan,nan,2.4612286955301665e+44,-2.381624313516352e+17,3.2508720951464884e+33,1,1.0,-2.103365145653491e-27
1.0491397291363112e-06,953160.8832347863,17.78279410038923,-4.39566536697415e-16,nan,nan,2.4612286955301665e+44,-2.381624313516352e+17,3.2508720951464884e+33,1,1.0,-2.103365145653491e-27
1.0491397291363112e-06,953160.8832347863,27.384196342643612,-4.39566536697415e-16,nan,nan,2.4612286955301665e+44,-2.381624313516352e+17,3.2508720951464884e+33,1,1.0,-2.103365145653491e-27
1.0491397291363112e-06,953160.8832347863,42.169650342858226,-4.39566536697415e-16,nan,nan,2.4612286955301665e+44,-2.381624313516352e+17,3.2508720951464884e+33,1,1.0,-2.103365145653491e-27
1.0491397291363112e-06,953160.8832347863,64.93816315762113,-4.39566536697415e-16,nan,nan,2.4612286955301665e+44,-2.381624313516352e+17,3.2508720951464884e+33,1,1.0,-2.103365145653491e-27
1.0491397291363112e-06,953160.8832347863,100.0,-4.39566536697415e-16,nan,nan,2.4612286955301665e+44,-2.381624313516352e+17,3.2508720951464884e+33,1,1.0,-2.103365145653491e-27
1.0491397291363112e-06,953160.8832347863,153.9926526059492,-4.39566536697415e-16,nan,nan,2.4612286955301665e+44,-2.381624313516352e+17,3.2508720951464884e+33,1,1.0,-2.103365145653491e-27
1.0491397291363112e-06,953160.8832347863,237.13737056616552,-4.39566536697415e-16,nan,nan,2.4612286955301665e+44,-2.381624313516352e+17,3.2508720951464884e+33,1,1.0,-2.103365145653491e-27
1.0491397291363112e-06,953160.8832347863,365.1741272548377,-4.39566536697415e-16,nan,nan,2.4612286955301665e+44,-2.381624313516352e+17,3.2508720951464884e+33,1,1.0,-2.103365145653491e-27
1.0491397291363112e-06,953160.8832347863,562.341325190349,-4.39566536697415e-16,nan,nan,2.4612286955301665e+44,-2.381624313516352e+17,3.2508720951464884e+33,1,1.0,-2.103365145653491e-27
1.0491397291363112e-06,953160.8832347863,865.9643233600654,-4.39566536697415e-16,nan,nan,2.4612286955301665e+44,-2.381624313516352e+17,3.2508720951464884e+33,1,1.0,-2.103365145653491e-27
1.0491397291363112e-06,953160.8832347863,1333.521432163324,-4.39566536697415e-16,nan,nan,2.4612286955301665e+44,-2.381624313516352e+17,3.2508720951464884e+33,1,1.0,-2.103365145653491e-27
1.0491397291363112e-06,953160.8832347863,2053.525026457146,-4.39566536697415e-16,nan,nan,2.4612286955301665e+44,-2.381624313516352e+17,3.2508720951464884e+33,1,1.0,-2.103365145653491e-27
1.0491397291363112e-06,953160.8832347863,3162.2776601683795,-4.39566536697415e-16,nan,nan,2.4612286955301665e+44,-2.381624313516352e+17,3.2508720951464884e+33,1,1.0,-2.103365145653491e-27
1.0491397291363112e-06,953160.8832347863,4869.675251658631,-4.39566536697415e-16,nan,nan,2.4612286955301665e+44,-2.381624313516352e+17,3.2508720951464884e+33,1,1.0,-2.103365145653491e-27
1.0491397291363112e-06,953160.8832347863,7498.942093324558,-4.39566536697415e-16,nan,nan,2.4612286955301665e+44,-2.381624313516352e+17,3.2508720951464884e+33,1,1.0,-2.103365145653491e-27
1.0491397291363112e-06,953160.8832347863,11547.819846894581,-4.39566536697415e-16,nan,nan,2.4612286955301665e+44,-2.381624313516352e+17,3.2508720951464884e+33,1,1.0,-2.103365145653491e-27
1.0491397291363112e-06,953160.8832347863,17782.794100389227,-4.39566536697415e-16,nan,nan,2.4612286955301665e+44,-2.381624313516352e+17,3.2508720951464884e+33,1,1.0,-2.103365145653491e-27
1.0491397291363112e-06,953160.8832347863,27384.196342643612,-4.39566536697415e-16,nan,nan,2.4612286955301665e+44,-2.381624313516352e+17,3.2508720951464884e+33,1,1.0,-2.103365145653491e-27
1.0491397291363112e-06,953160.8832347863,42169.65034285822,-4.39566536697415e-16,nan,nan,2.4612286955301665e+44,-2.381624313516352e+17,3.2508720951464884e+33,1,1.0,-2.103365145653491e-27
1.0491397291363112e-06,953160.8832347863,64938.16315762113,-4.39566536697415e-16,nan,nan,2.4612286955301665e+44,-2.381624313516352e+17,3.2508720951464884e+33,1,1.0,-2.103365145653491e-27
1.0491397291363112e-06,953160.8832347863,100000.0,-4.39566536697415e-16,nan,nan,2.4612286955301665e+44,-2.381624313516352e+17,3.2508720951464884e+33,1,1.0,-2.103365145653491e-27
1.4677992676220705e-06,681291.0690579609,0.0001,-4.2043070401250405e-16,nan,nan,1.6791474849292876e+43,-3.0419116579964668e+16,4.341136309453743e+32,1,0.9999999999999999,-1.2035479689018186e-26
1.4677992676220705e-06,681291.0690579609,0.0001539926526059492,-4.2043070401250405e-16,nan,nan,1.6791474849292876e+43,-3.0419116579964668e+16,4.341136309453743e+32,1,0.9999999999999999,-1.2035479689018186e-26
1.4677992676220705e-06,681291.0690579609,0.00023713737056616554,-4.2043070401250405e-16,nan,nan,1.6791474849292876e+43,-3.0419116579964668e+16,4.341136309453743e+32,1,0.9999999999999999,-1.2035479689018186e-26
1.4677992676220705e-06,681291.0690579609,0.0003651741272548377,-4.2043070401250405e-16,nan,nan,1.6791474849292876e+43,-3.0419116579964668e+16,4.341136309453743e+32,1,0.9999999999999999,-1.2035479689018186e-26
1.4677992676220705e-06,681291.0690579609,0.0005623413251903491,-4.2043070401250405e-16,nan,nan,1.6791474849292876e+43,-3.0419116579964668e+16,4.341136309453743e+32,1,0.9999999999999999,-1.2035479689018186e-26
1.4677992676220705e-06,681291.0690579609,0.0008659643233600654,-4.2043070401250405e-16,nan,nan,1.6791474849292876e+43,-3.0419116579964668e+16,4.341136309453743e+32,1,0.9999999999999999,-1.2035479689018186e-26
1.4677992676220705e-06,681291.0690579609,0.001333521432163324,-4.2043070401250405e-16,nan,nan,1.6791474849292876e+43,-3.0419116579964668e+16,4.341136309453743e+32,1,0.9999999999999999,-1.2035479689018186e-26
1.4677992676220705e-06,681291.0690579609,0.002053525026457146,-4.2043070401250405e-16,nan,nan,1.6791474849292876e+43,-3.0419116579964668e+16,4.341136309453743e+32,1,0.9999999999999999,-1.2035479689018186e-26
1.4677992676220705e-06,681291.0690579609,0.0031622776601683794,-4.2043070401250405e-16,nan,nan,1.6791474849292876e+43,-3.0419116579964668e+16,4.341136309453743e+32,1,0.9999999999999999,-1.2035479689018186e-26
1.4677992676220705e-06,681291.0690579609,0.004869675251658631,-4.2043070401250405e-16,nan,nan,1.6791474849292876e+43,-3.0419116579964668e+16,4.341136309453743e+32,1,0.9999999999999999,-1.2035479689018186e-26
1.4677992676220705e-06,681291.0690579609,0.007498942093324558,-4.2043070401250405e-16,nan,nan,1.6791474849292876e+43,-3.0419116579964668e+16,4.341136309453743e+32,1,0.9999999999999999,-1.2035479689018186e-26
1.4677992676220705e-06,681291.0690579609,0.011547819846894581,-4.2043070401250405e-16,nan,nan,1.6791474849292876e+43,-3.0419116579964668e+16,4.341136309453743e+32,1,0.9999999999999999,-1.2035479689018186e-26
1.4677992676220705e-06,681291.0690579609,0.01778279410038923,-4.2043070401250405e-16,nan,nan,1.6791474849292876e+43,-3.0419116579964668e+16,4.341136309453743e+32,1,0.9999999999999999,-1.2035479689018186e-26
1.4677992676220705e-06,681291.0690579609,0.027384196342643614,-4.2043070401250405e-16,nan,nan,1.6791474849292876e+43,-3.0419116579964668e+16,4.341136309453743e+32,1,0.9999999999999999,-1.2035479689018186e-26
1.4677992676220705e-06,681291.0690579609,0.042169650342858224,-4.2043070401250405e-16,nan,nan,1.6791474849292876e+43,-3.0419116579964668e+16,4.341136309453743e+32,1,0.9999999999999999,-1.2035479689018186e-26
1.4677992676220705e-06,681291.0690579609,0.06493816315762113,-4.2043070401250405e-16,nan,nan,1.6791474849292876e+43,-3.0419116579964668e+16,4.341136309453743e+32,1,0.9999999999999999,-1.2035479689018186e-26
1.4677992676220705e-06,681291.0690579609,0.1,-4.2043070401250405e-16,nan,nan,1.6791474849292876e+43,-3.0419116579964668e+16,4.341136309453743e+32,1,0.9999999999999999,-1.2035479689018186e-26
1.4677992676220705e-06,681291.0690579609,0.1539926526059492,-4.2043070401250405e-16,nan,nan,1.6791474849292876e+43,-3.0419116579964668e+16,4.341136309453743e+32,1,0.9999999999999999,-1.2035479689018186e-26
1.4677992676220705e-06,681291.0690579609,0.23713737056616552,-4.2043070401250405e-16,nan,nan,1.6791474849292876e+43,-3.0419116579964668e+16,4.341136309453743e+32,1,0.9999999999999999,-1.2035479689018186e-26
1.4677992676220705e-06,681291.0690579609,0.3651741272548377,-4.2043070401250405e-16,nan,nan,1.6791474849292876e+43,-3.0419116579964668e+16,4.341136309453743e+32,1,0.9999999999999999,-1.2035479689018186e-26
1.4677992676220705e-06,681291.0690579609,0.5623413251903491,-4.2043070401250405e-16,nan,nan,1.6791474849292876e+43,-3.0419116579964668e+16,4.341136309453743e+32,1,0.9999999999999999,-1.2035479689018186e-26
1.4677992676220705e-06,681291.0690579609,0.8659643233600653,-4.2043070401250405e-16,nan,nan,1.6791474849292876e+43,-3.0419116579964668e+16,4.341136309453743e+32,1,0.9999999999999999,-1.2035479689018186e-26
1.4677992676220705e-06,681291.0690579609,1.333521432163324,-4.2043070401250405e-16,nan,nan,1.6791474849292876e+43,-3.0419116579964668e+16,4.341136309453743e+32,1,0.9999999999999999,-1.2035479689018186e-26
1.4677992676220705e-06,681291.0690579609,2.053525026457146,-4.2043070401250405e-16,nan,nan,1.6791474849292876e+43,-3.0419116579964668e+16,4.341136309453743e+32,1,0.9999999999999999,-1.2035479689018186e-26
1.4677992676220705e-06,681291.0690579609,3.1622776601683795,-4.2043070401250405e-16,nan,nan,1.6791474849292876e+43,-3.0419116579964668e+16,4.341136309453743e+32,1,0.9999999999999999,-1.2035479689018186e-26
1.4677992676220705e-06,681291.0690579609,4.869675251658631,-4.2043070401250405e-16,nan,nan,1.6791474849292876e+43,-3.0419116579964668e+16,4.341136309453743e+32,1,0.9999999999999999,-1.2035479689018186e-26
1.4677992676220705e-06,681291.0690579609,7.498942093324558,-4.2043070401250405e-16,nan,nan,1.6791474849292876e+43,-3.0419116579964668e+16,4.341136309453743e+32,1,0.9999999999999999,-1.2035479689018186e-26
1.4677992676220705e-06,681291.0690579609,11.547819846894582,-4.2043070401250405e-16,nan,nan,1.6791474849292876e+43,-3.0419116579964668e+16,4.341136309453743e+32,1,0.9999999999999999,-1.2035479689018186e-26
1.4677992676220705e-06,681291.0690579609,17.78279410038923,-4.2043070401250405e-16,nan,nan,1.6791474849292876e+43,-3.0419116579964668e+16,4.341136309453743e+32,1,0.9999999999999999,-1.2035479689018186e-26
1.4677992676220705e-06,681291.0690579609,27.384196342643612,-4.2043070401250405e-16,nan,nan,1.6791474849292876e+43,-3.0419116579964668e+16,4.341136309453743e+32,1,0.9999999999999999,-1.2035479689018186e-26
1.4677992676220705e-06,681291.0690579609,42.169650342858226,-4.2043070401250405e-16,nan,nan,1.6791474849292876e+43,-3.0419116579964668e+16,4.341136309453743e+32,1,0.9999999999999999,-1.2035479689018186e-26
1.4677992676220705e-06,681291.0690579609,64.93816315762113,-4.2043070401250405e-16,nan,nan,1.6791474849292876e+43,-3.0419116579964668e+16,4.341136309453743e+32,1,0.9999999999999999,-1.2035479689018186e-26
1.4677992676220705e-06,681291.0690579609,100.0,-4.2043070401250405e-16,nan,nan,1.6791474849292876e+43,-3.0419116579964668e+16,4.341136309453743e+32,1,0.9999999999999999,-1.2035479689018186e-26
1.4677992676220705e-06,681291.0690579609,153.9926526059492,-4.2043070401250405e-16,nan,nan,1.6791474849292876e+43,-3.0419116579964668e+16,4.341136309453743e+32,1,0.9999999999999999,-1.2035479689018186e-26
1.4677992676220705e-06,681291.0690579609,237.13737056616552,-4.2043070401250405e-16,nan,nan,1.6791474849292876e+43,-3.0419116579964668e+16,4.341136309453743e+32,1,0.9999999999999999,-1.2035479689018186e-26
1.4677992676220705e-06,681291.0690579609,365.1741272548377,-4.2043070401250405e-16,nan,nan,1.6791474849292876e+43,-3.0419116579964668e+16,4.341136309453743e+32,1,0.9999999999999999,-1.2035479689018186e-26
1.4677992676220705e-06,681291.0690579609,562.341325190349,-4.2043070401250405e-16,nan,nan,1.6791474849292876e+43,-3.0419116579964668e+16,4.341136309453743e+32,1,0.9999999999999999,-1.2035479689018186e-26
1.4677992676220705e-06,681291.0690579609,865.9643233600654,-4.2043070401250405e-16,nan,nan,1.6791474849292876e+43,-3.0419116579964668e+16,4.341136309453743e+32,1,0.9999999999999999,-1.2035479689018186e-26
1.4677992676220705e-06,681291.0690579609,1333.521432163324,-4.2043070401250405e-16,nan,nan,1.6791474849292876e+43,-3.0419116579964668e+16,4.341136309453743e+32,1,0.9999999999999999,-1.2035479689018186e-26
1.4677992676220705e-06,681291.0690579609,2053.525026457146,-4.2043070401250405e-16,nan,nan,1.6791474849292876e+43,-3.0419116579964668e+16,4.341136309453743e+32,1,0.9999999999999999,-1.2035479689018186e-26
1.4677992676220705e-06,681291.0690579609,3162.2776601683795,-4.2043070401250405e-16,nan,nan,1.6791474849292876e+43,-3.0419116579964668e+16,4.341136309453743e+32,1,0.9999999999999999,-1.2035479689018186e-26
1.4677992676220705e-06,681291.0690579609,4869.675251658631,-4.2043070401250405e-16,nan,nan,1.6791474849292876e+43,-3.0419116579964668e+16,4.341136309453743e+32,1,0.9999999999999999,-1.2035479689018186e-26
1.4677992676220705e-06,681291.0690579609,7498.942093324558,-4.2043070401250405e-16,nan,nan,1.6791474849292876e+43,-3.0419116579964668e+16,4.341136309453743e+32,1,0.9999999999999999,-1.2035479689018186e-26
1.4677992676220705e-06,681291.0690579609,11547.819846894581,-4.2043070401250405e-16,nan,nan,1.6791474849292876e+43,-3.0419116579964668e+16,4.341136309453743e+32,1,0.9999999999999999,-1.2035479689018186e-26
1.4677992676220705e-06,681291.0690579609,17782.794100389227,-4.2043070401250405e-16,nan,nan,1.6791474849292876e+43,-3.0419116579964668e+16,4.341136309453743e+32,1,0.9999999999999999,-1.2035479689018186e-26
1.4677992676220705e-06,681291.0690579609,27384.196342643612,-4.2043070401250405e-16,nan,nan,1.6791474849292876e+43,-3.0419116579964668e+16,4.341136309453743e+32,1,0.9999999999999999,-1.2035479689018186e-26
1.4677992676220705e-06,681291.0690579609,42169.65034285822,-4.2043070401250405e-16,nan,nan,1.6791474849292876e+43,-3.0419116579964668e+16,4.341136309453743e+32,1,0.9999999999999999,-1.2035479689018186e-26
1.4677992676220705e-06,681291.0690579609,64938.16315762113,-4.2043070401250405e-16,nan,nan,1.6791474849292876e+43,-3.0419116579964668e+16,4.341136309453743e+32,1,0.9999999999999999,-1.2035479689018186e-26
1.4677992676220705e-06,681291.0690579609,100000.0,-4.2043070401250405e-16,nan,nan,1.6791474849292876e+43,-3.0419116579964668e+16,4.341136309453743e+32,1,0.9999999999999999,-1.2035479689018186e-26
2.053525026457146e-06,486966.5251658631,0.0001,4.019062770900966e-16,nan,nan,1.1462125372395314e+42,3885258679356054.5,5.800245829678966e+31,1,0.9999999999999997,-6.881781294550086e-26
2.053525026457146e-06,486966.5251658631,0.0001539926526059492,4.019062770900966e-16,nan,nan,1.1462125372395314e+42,3885258679356054.5,5.800245829678966e+31,1,0.9999999999999997,-6.881781294550086e-26
2.053525026457146e-06,486966.5251658631,0.00023713737056616554,4.019062770900966e-16,nan,nan,1.1462125372395314e+42,3885258679356054.5,5.800245829678966e+31,1,0.9999999999999997,-6.881781294550086e-26
2.053525026457146e-06,486966.5251658631,0.0003651741272548377,4.019062770900966e-16,nan,nan,1.1462125372395314e+42,3885258679356054.5,5.800245829678966e+31,1,0.9999999999999997,-6.881781294550086e-26
2.053525026457146e-06,486966.5251658631,0.0005623413251903491,4.019062770900966e-16,nan,nan,1.1462125372395314e+42,3885258679356054.5,5.800245829678966e+31,1,0.9999999999999997,-6.881781294550086e-26
2.053525026457146e-06,486966.5251658631,0.0008659643233600654,4.019062770900966e-16,nan,nan,1.1462125372395314e+42,3885258679356054.5,5.800245829678966e+31,1,0.9999999999999997,-6.881781294550086e-26
2.053525026457146e-06,486966.5251658631,0.001333521432163324,4.019062770900966e-16,nan,nan,1.1462125372395314e+42,3885258679356054.5,5.800245829678966e+31,1,0.9999999999999997,-6.881781294550086e-26
2.053525026457146e-06,486966.5251658631,0.002053525026457146,4.019062770900966e-16,nan,nan,1.1462125372395314e+42,3885258679356054.5,5.800245829678966e+31,1,0.9999999999999997,-6.881781294550086e-26
2.053525026457146e-06,486966.5251658631,0.0031622776601683794,4.019062770900966e-16,nan,nan,1.1462125372395314e+42,3885258679356054.5,5.800245829678966e+31,1,0.9999999999999997,-6.881781294550086e-26
2.053525026457146e-06,486966.5251658631,0.004869675251658631,4.019062770900966e-16,nan,nan,1.1462125372395314e+42,3885258679356054.5,5.800245829678966e+31,1,0.9999999999999997,-6.881781294550086e-26
2.053525026457146e-06,486966.5251658631,0.007498942093324558,4.019062770900966e-16,nan,nan,1.1462125372395314e+42,3885258679356054.5,5.800245829678966e+31,1,0.9999999999999997,-6.881781294550086e-26
2.053525026457146e-06,486966.5251658631,0.011547819846894581,4.019062770900966e-16,nan,nan,1.1462125372395314e+42,3885258679356054.5,5.800245829678966e+31,1,0.9999999999999997,-6.881781294550086e-26
2.053525026457146e-06,486966.5251658631,0.01778279410038923,4.019062770900966e-16,nan,nan,1.1462125372395314e+42,3885258679356054.5,5.800245829678966e+31,1,0.9999999999999997,-6.881781294550086e-26
2.053525026457146e-06,486966.5251658631,0.027384196342643614,4.019062770900966e-16,nan,nan,1.1462125372395314e+42,3885258679356054.5,5.800245829678966e+31,1,0.9999999999999997,-6.881781294550086e-26
2.053525026457146e-06,486966.5251658631,0.042169650342858224,4.019062770900966e-16,nan,nan,1.1462125372395314e+42,3885258679356054.5,5.800245829678966e+31,1,0.9999999999999997,-6.881781294550086e-26
2.053525026457146e-06,486966.5251658631,0.06493816315762113,4.019062770900966e-16,nan,nan,1.1462125372395314e+42,3885258679356054.5,5.800245829678966e+31,1,0.9999999999999997,-6.881781294550086e-26
2.053525026457146e-06,486966.5251658631,0.1,4.019062770900966e-16,nan,nan,1.1462125372395314e+42,3885258679356054.5,5.800245829678966e+31,1,0.9999999999999997,-6.881781294550086e-26
2.053525026457146e-06,486966.5251658631,0.1539926526059492,4.019062770900966e-16,nan,nan,1.1462125372395314e+42,3885258679356054.5,5.800245829678966e+31,1,0.9999999999999997,-6.881781294550086e-26
2.053525026457146e-06,486966.5251658631,0.23713737056616552,4.019062770900966e-16,nan,nan,1.1462125372395314e+42,3885258679356054.5,5.800245829678966e+31,1,0.9999999999999997,-6.881781294550086e-26
2.053525026457146e-06,486966.5251658631,0.3651741272548377,4.019062770900966e-16,nan,nan,1.1462125372395314e+42,3885258679356054.5,5.800245829678966e+31,1,0.9999999999999997,-6.881781294550086e-26
2.053525026457146e-06,486966.5251658631,0.5623413251903491,4.019062770900966e-16,nan,nan,1.1462125372395314e+42,3885258679356054.5,5.800245829678966e+31,1,0.9999999999999997,-6.881781294550086e-26
2.053525026457146e-06,486966.5251658631,0.8659643233600653,4.019062770900966e-16,nan,nan,1.1462125372395314e+42,3885258679356054.5,5.800245829678966e+31,1,0.9999999999999997,-6.881781294550086e-26
2.053525026457146e-06,486966.5251658631,1.333521432163324,4.019062770900966e-16,nan,nan,1.1462125372395314e+42,3885258679356054.5,5.800245829678966e+31,1,0.9999999999999997,-6.881781294550086e-26
2.053525026457146e-06,486966.5251658631,2.053525026457146,4.019062770900966e-16,nan,nan,1.1462125372395314e+42,3885258679356054.5,5.800245829678966e+31,1,0.9999999999999997,-6.881781294550086e-26
2.053525026457146e-06,486966.5251658631,3.1622776601683795,4.019062770900966e-16,nan,nan,1.1462125372395314e+42,3885258679356054.5,5.800245829678966e+31,1,0.9999999999999997,-6.881781294550086e-26
2.053525026457146e-06,486966.5251658631,4.869675251658631,4.019062770900966e-16,nan,nan,1.1462125372395314e+42,3885258679356054.5,5.800245829678966e+31,1,0.9999999999999997,-6.881781294550086e-26
2.053525026457146e-06,486966.5251658631,7.498942093324558,4.019062770900966e-16,nan,nan,1.1462125372395314e+42,3885258679356054.5,5.800245829678966e+31,1,0.9999999999999997,-6.881781294550086e-26
2.053525026457146e-06,486966.5251658631,11.547819846894582,4.019062770900966e-16,nan,nan,1.1462125372395314e+42,3885258679356054.5,5.800245829678966e+31,1,0.9999999999999997,-6.881781294550086e-26
2.053525026457146e-06,486966.5251658631,17.78279410038923,4.019062770900966e-16,nan,nan,1.1462125372395314e+42,3885258679356054.5,5.800245829678966e+31,1,0.9999999999999997,-6.881781294550086e-26
2.053525026457146e-06,486966.5251658631,27.384196342643612,4.019062770900966e-16,nan,nan,1.1462125372395314e+42,3885258679356054.5,5.800245829678966e+31,1,0.9999999999999997,-6.881781294550086e-26
2.053525026457146e-06,486966.5251658631,42.169650342858226,4.019062770900966e-16,nan,nan,1.1462125372395314e+42,3885258679356054.5,5.800245829678966e+31,1,0.9999999999999997,-6.881781294550086e-26
2.053525026457146e-06,486966.5251658631,64.93816315762113,4.019062770900966e-16,nan,nan,1.1462125372395314e+42,3885258679356054.5,5.800245829678966e+31,1,0.9999999999999997,-6.881781294550086e-26
2.053525026457146e-06,486966.5251658631,100.0,4.019062770900966e-16,nan,nan,1.1462125372395314e+42,3885258679356054.5,5.800245829678966e+31,1,0.9999999999999997,-6.881781294550086e-26
2.053525026457146e-06,486966.5251658631,153.9926526059492,4.019062770900966e-16,nan,nan,1.1462125372395314e+42,3885258679356054.5,5.800245829678966e+31,1,0.9999999999999997,-6.881781294550086e-26
2.053525026457146e-06,486966.5251658631,237.13737056616552,4.019062770900966e-16,nan,nan,1.1462125372395314e+42,3885258679356054.5,5.800245829678966e+31,1,0.9999999999999997,-6.881781294550086e-26
2.053525026457146e-06,486966.5251658631,365.1741272548377,4.019062770900966e-16,nan,nan,1.1462125372395314e+42,3885258679356054.5,5.800245829678966e+31,1,0.9999999999999997,-6.881781294550086e-26
2.053525026457146e-06,486966.5251658631,562.341325190349,4.019062770900966e-16,nan,nan,1.1462125372395314e+42,3885258679356054.5,5.800245829678966e+31,1,0.9999999999999997,-6.881781294550086e-26
2.053525026457146e-06,486966.5251658631,865.9643233600654,4.019062770900966e-16,nan,nan,1.1462125372395314e+42,3885258679356054.5,5.800245829678966e+31,1,0.9999999999999997,-6.881781294550086e-26
2.053525026457146e-06,486966.5251658631,1333.521432163324,4.019062770900966e-16,nan,nan,1.1462125372395314e+42,3885258679356054.5,5.800245829678966e+31,1,0.9999999999999997,-6.881781294550086e-26
2.053525026457146e-06,486966.5251658631,2053.525026457146,4.019062770900966e-16,nan,nan,1.1462125372395314e+42,3885258679356054.5,5.800245829678966e+31,1,0.9999999999999997,-6.881781294550086e-26
2.053525026457146e-06,486966.5251658631,3162.2776601683795,4.019062770900966e-16,nan,nan,1.1462125372395314e+42,3885258679356054.5,5.800245829678966e+31,1,0.9999999999999997,-6.881781294550086e-26
2.053525026457146e-06,486966.5251658631,4869.675251658631,4.019062770900966e-16,nan,nan,1.1462125372395314e+42,3885258679356054.5,5.800245829678966e+31,1,0.9999999999999997,-6.881781294550086e-26
2.053525026457146e-06,486966.5251658631,7498.942093324558,4.019062770900966e-16,nan,nan,1.1462125372395314e+42,3885258679356054.5,5.800245829678966e+31,1,0.9999999999999997,-6.881781294550086e-26
2.053525026457146e-06,486966.5251658631,11547.819846894581,4.019062770900966e-16,nan,nan,1.1462125372395314e+42,3885258679356054.5,5.800245829678966e+31,1,0.9999999999999997,-6.881781294550086e-26
2.053525026457146e-06,486966.5251658631,17782.794100389227,4.019062770900966e-16,nan,nan,1.1462125372395314e+42,3885258679356054.5,5.800245829678966e+31,1,0.9999999999999997,-6.881781294550086e-26
2.053525026457146e-06,486966.5251658631,27384.196342643612,4.019062770900966e-16,nan,nan,1.1462125372395314e+42,3885258679356054.5,5.800245829678966e+31,1,0.9999999999999997,-6.881781294550086e-26
2.053525026457146e-06,486966.5251658631,42169.65034285822,4.019062770900966e-16,nan,nan,1.1462125372395314e+42,3885258679356054.5,5.800245829678966e+31,1,0.9999999999999997,-6.881781294550086e-26
2.053525026457146e-06,486966.5251658631,64938.16315762113,4.019062770900966e-16,nan,nan,1.1462125372395314e+42,3885258679356054.5,5.800245829678966e+31,1,0.9999999999999997,-6.881781294550086e-26
2.053525026457146e-06,486966.5251658631,100000.0,4.019062770900966e-16,nan,nan,1.1462125372395314e+42,3885258679356054.5,5.800245829678966e+31,1,0.9999999999999997,-6.881781294550086e-26
2.8729848333536687e-06,348069.0588428406,0.0001,3.839029965532754e-16,nan,nan,7.830240782381652e+40,496241728974268.06,7.755736216120985e+30,1,0.9999999999999991,-3.93101392169787e-25
2.8729848333536687e-06,348069.0588428406,0.0001539926526059492,3.839029965532754e-16,nan,nan,7.830240782381652e+40,496241728974268.06,7.755736216120985e+30,1,0.9999999999999991,-3.93101392169787e-25
2.8729848333536687e-06,348069.0588428406,0.00023713737056616554,3.839029965532754e-16,nan,nan,7.830240782381652e+40,496241728974268.06,7.755736216120985e+30,1,0.9999999999999991,-3.93101392169787e-25
2.8729848333536687e-06,348069.0588428406,0.0003651741272548377,3.839029965532754e-16,nan,nan,7.830240782381652e+40,496241728974268.06,7.755736216120985e+30,1,0.9999999999999991,-3.93101392169787e-25
2.8729848333536687e-06,348069.0588428406,0.0005623413251903491,3.839029965532754e-16,nan,nan,7.830240782381652e+40,496241728974268.06,7.755736216120985e+30,1,0.9999999999999991,-3.93101392169787e-25
2.8729848333536687e-06,348069.0588428406,0.0008659643233600654,3.839029965532754e-16,nan,nan,7.830240782381652e+40,496241728974268.06,7.755736216120985e+30,1,0.9999999999999991,-3.93101392169787e-25
2.8729848333536687e-06,348069.0588428406,0.001333521432163324,3.839029965532754e-16,nan,nan,7.830240782381652e+40,496241728974268.06,7.755736216120985e+30,1,0.9999999999999991,-3.93101392169787e-25
2.8729848333536687e-06,348069.0588428406,0.002053525026457146,3.839029965532754e-16,nan,nan,7.830240782381652e+40,496241728974268.06,7.755736216120985e+30,1,0.9999999999999991,-3.93101392169787e-25
2.8729848333536687e-06,348069.0588428406,0.0031622776601683794,3.839029965532754e-16,nan,nan,7.830240782381652e+40,496241728974268.06,7.755736216120985e+30,1,0.9999999999999991,-3.93101392169787e-25
2.8729848333536687e-06,348069.0588428406,0.004869675251658631,3.839029965532754e-16,nan,nan,7.830240782381652e+40,496241728974268.06,7.755736216120985e+30,1,0.9999999999999991,-3.93101392169787e-25
2.8729848333536687e-06,348069.0588428406,0.007498942093324558,3.839029965532754e-16,nan,nan,7.830240782381652e+40,496241728974268.06,7.755736216120985e+30,1,0.9999999999999991,-3.93101392169787e-25
2.8729848333536687e-06,348069.0588428406,0.011547819846894581,3.839029965532754e-16,nan,nan,7.830240782381652e+40,496241728974268.06,7.755736216120985e+30,1,0.9999999999999991,-3.93101392169787e-25
2.8729848333536687e-06,348069.0588428406,0.01778279410038923,3.839029965532754e-16,nan,nan,7.830240782381652e+40,496241728974268.06,7.755736216120985e+30,1,0.9999999999999991,-3.93101392169787e-25
2.8729848333536687e-06,348069.0588428406,0.027384196342643614,3.839029965532754e-16,nan,nan,7.830240782381652e+40,496241728974268.06,7.755736216120985e+30,1,0.9999999999999991,-3.93101392169787e-25
2.8729848333536687e-06,348069.0588428406,0.042169650342858224,3.839029965532754e-16,nan,nan,7.830240782381652e+40,496241728974268.06,7.755736216120985e+30,1,0.9999999999999991,-3.93101392169787e-25
2.8729848333536687e-06,348069.0588428406,0.06493816315762113,3.839029965532754e-16,nan,nan,7.830240782381652e+40,496241728974268.06,7.755736216120985e+30,1,0.9999999999999991,-3.93101392169787e-25
2.8729848333536687e-06,348069.0588428406,0.1,3.839029965532754e-16,nan,nan,7.830240782381652e+40,496241728974268.06,7.755736216120985e+30,1,0.9999999999999991,-3.93101392169787e-25
2.8729848333536687e-06,348069.0588428406,0.1539926526059492,3.839029965532754e-16,nan,nan,7.830240782381652e+40,496241728974268.06,7.755736216120985e+30,1,0.9999999999999991,-3.93101392169787e-25
2.8729848333536687e-06,348069.0588428406,0.23713737056616552,3.839029965532754e-16,nan,nan,7.830240782381652e+40,496241728974268.06,7.755736216120985e+30,1,0.9999999999999991,-3.93101392169787e-25
2.8729848333536687e-06,348069.0588428406,0.3651741272548377,3.839029965532754e-16,nan,nan,7.830240782381652e+40,496241728974268.06,7.755736216120985e+30,1,0.9999999999999991,-3.93101392169787e-25
2.8729848333536687e-06,348069.0588428406,0.5623413251903491,3.839029965532754e-16,nan,nan,7.830240782381652e+40,496241728974268.06,7.755736216120985e+30,1,0.9999999999999991,-3.93101392169787e-25
2.8729848333536687e-06,348069.0588428406,0.8659643233600653,3.839029965532754e-16,nan,nan,7.830240782381652e+40,496241728974268.06,7.755736216120985e+30,1,0.9999999999999991,-3.93101392169787e-25
2.8729848333536687e-06,348069.0588428406,1.333521432163324,3.839029965532754e-16,nan,nan,7.830240782381652e+40,496241728974268.06,7.755736216120985e+30,1,0.9999999999999991,-3.93101392169787e-25
2.8729848333536687e-06,348069.0588428406,2.053525026457146,3.839029965532754e-16,nan,nan,7.830240782381652e+40,496241728974268.06,7.755736216120985e+30,1,0.9999999999999991,-3.93101392169787e-25
2.8729848333536687e-06,348069.0588428406,3.1622776601683795,3.839029965532754e-16,nan,nan,7.830240782381652e+40,496241728974268.06,7.755736216120985e+30,1,0.9999999999999991,-3.93101392169787e-25
2.8729848333536687e-06,348069.0588428406,4.869675251658631,3.839029965532754e-16,nan,nan,7.830240782381652e+40,496241728974268.06,7.755736216120985e+30,1,0.9999999999999991,-3.93101392169787e-25
2.8729848333536687e-06,348069.0588428406,7.498942093324558,3.839029965532754e-16,nan,nan,7.830240782381652e+40,496241728974268.06,7.755736216120985e+30,1,0.9999999999999991,-3.93101392169787e-25
2.8729848333536687e-06,348069.0588428406,11.547819846894582,3.839029965532754e-16,nan,nan,7.830240782381652e+40,496241728974268.06,7.755736216120985e+30,1,0.9999999999999991,-3.93101392169787e-25
2.8729848333536687e-06,348069.0588428406,17.78279410038923,3.839029965532754e-16,nan,nan,7.830240782381652e+40,496241728974268.06,7.755736216120985e+30,1,0.9999999999999991,-3.93101392169787e-25
2.8729848333536687e-06,348069.0588428406,27.384196342643612,3.839029965532754e-16,nan,nan,7.830240782381652e+40,496241728974268.06,7.755736216120985e+30,1,0.9999999999999991,-3.93101392169787e-25
2.8729848333536687e-06,348069.0588428406,42.169650342858226,3.839029965532754e-16,nan,nan,7.830240782381652e+40,496241728974268.06,7.755736216120985e+30,1,0.9999999999999991,-3.93101392169787e-25
2.8729848333536687e-06,348069.0588428406,64.93816315762113,3.839029965532754e-16,nan,nan,7.830240782381652e+40,496241728974268.06,7.755736216120985e+30,1,0.9999999999999991,-3.93101392169787e-25
2.8729848333536687e-06,348069.0588428406,100.0,3.839029965532754e-16,nan,nan,7.830240782381652e+40,496241728974268.06,7.755736216120985e+30,1,0.9999999999999991,-3.93101392169787e-25
2.8729848333536687e-06,348069.0588428406,153.9926526059492,3.839029965532754e-16,nan,nan,7.830240782381652e+40,496241728974268.06,7.755736216120985e+30,1,0.9999999999999991,-3.93101392169787e-25
2.8729848333536687e-06,348069.0588428406,237.13737056616552,3.839029965532754e-16,nan,nan,7.830240782381652e+40,496241728974268.06,7.755736216120985e+30,1,0.9999999999999991,-3.93101392169787e-25
2.8729848333536687e-06,348069.0588428406,365.1741272548377,3.839029965532754e-16,nan,nan,7.830240782381652e+40,496241728974268.06,7.755736216120985e+30,1,0.9999999999999991,-3.93101392169787e-25
2.8729848333536687e-06,348069.0588428406,562.341325190349,3.839029965532754e-16,nan,nan,7.830240782381652e+40,496241728974268.06,7.755736216120985e+30,1,0.9999999999999991,-3.93101392169787e-25
2.8729848333536687e-06,348069.0588428406,865.9643233600654,3.839029965532754e-16,nan,nan,7.830240782381652e+40,496241728974268.06,7.755736216120985e+30,1,0.9999999999999991,-3.93101392169787e-25
2.8729848333536687e-06,348069.0588428406,1333.521432163324,3.839029965532754e-16,nan,nan,7.830240782381652e+40,496241728974268.06,7.755736216120985e+30,1,0.9999999999999991,-3.93101392169787e-25
2.8729848333536687e-06,348069.0588428406,2053.525026457146,3.839029965532754e-16,nan,nan,7.830240782381652e+40,496241728974268.06,7.755736216120985e+30,1,0.9999999999999991,-3.93101392169787e-25
2.8729848333536687e-06,348069.0588428406,3162.2776601683795,3.839029965532754e-16,nan,nan,7.830240782381652e+40,496241728974268.06,7.755736216120985e+30,1,0.9999999999999991,-3.93101392169787e-25
2.8729848333536687e-06,348069.0588428406,4869.675251658631,3.839029965532754e-16,nan,nan,7.830240782381652e+40,496241728974268.06,7.755736216120985e+30,1,0.9999999999999991,-3.93101392169787e-25
2.8729848333536687e-06,348069.0588428406,7498.942093324558,3.839029965532754e-16,nan,nan,7.830240782381652e+40,496241728974268.06,7.755736216120985e+30,1,0.9999999999999991,-3.93101392169787e-25
2.8729848333536687e-06,348069.0588428406,11547.819846894581,3.839029965532754e-16,nan,nan,7.830240782381652e+40,496241728974268.06,7.755736216120985e+30,1,0.9999999999999991,-3.93101392169787e-25
2.8729848333536687e-06,348069.0588428406,17782.794100389227,3.839029965532754e-16,nan,nan,7.830240782381652e+40,496241728974268.06,7.755736216120985e+30,1,0.9999999999999991,-3.93101392169787e-25
2.8729848333536687e-06,348069.0588428406,27384.196342643612,3.839029965532754e-16,nan,nan,7.830240782381652e+40,496241728974268.06,7.755736216120985e+30,1,0.9999999999999991,-3.93101392169787e-25
2.8729848333536687e-06,348069.0588428406,42169.65034285822,3.839029965532754e-16,nan,nan,7.830240782381652e+40,496241728974268.06,7.755736216120985e+30,1,0.9999999999999991,-3.93101392169787e-25
2.8729848333536687e-06,348069.0588428406,64938.16315762113,3.839029965532754e-16,nan,nan,7.830240782381652e+40,496241728974268.06,7.755736216120985e+30,1,0.9999999999999991,-3.93101392169787e-25
2.8729848333536687e-06,348069.0588428406,100000.0,3.839029965532754e-16,nan,nan,7.830240782381652e+40,496241728974268.06,7.755736216120985e+30,1,0.9999999999999991,-3.93101392169787e-25
4.0194503336151276e-06,248789.23672388348,0.0001,1.4652576701512121e-15,nan,nan,5.3548743185105224e+39,253528399417859.4,1.0381589719644139e+30,1,0.9999999999999976,-2.2423573978440994e-24
4.0194503336151276e-06,248789.23672388348,0.0001539926526059492,1.4652576701512121e-15,nan,nan,5.3548743185105224e+39,253528399417859.4,1.0381589719644139e+30,1,0.9999999999999976,-2.2423573978440994e-24
4.0194503336151276e-06,248789.23672388348,0.00023713737056616554,1.4652576701512121e-15,nan,nan,5.3548743185105224e+39,253528399417859.4,1.0381589719644139e+30,1,0.9999999999999976,-2.2423573978440994e-24
4.0194503336151276e-06,248789.23672388348,0.0003651741272548377,1.4652576701512121e-15,nan,nan,5.3548743185105224e+39,253528399417859.4,1.0381589719644139e+30,1,0.9999999999999976,-2.2423573978440994e-24
4.0194503336151276e-06,248789.23672388348,0.0005623413251903491,1.4652576701512121e-15,nan,nan,5.3548743185105224e+39,253528399417859.4,1.0381589719644139e+30,1,0.9999999999999976,-2.2423573978440994e-24
4.0194503336151276e-06,248789.23672388348,0.0008659643233600654,1.4652576701512121e-15,nan,nan,5.3548743185105224e+39,253528399417859.4,1.0381589719644139e+30,1,0.9999999999999976,-2.2423573978440994e-24
4.0194503336151276e-06,248789.23672388348,0.001333521432163324,1.4652576701512121e-15,nan,nan,5.3548743185105224e+39,253528399417859.4,1.0381589719644139e+30,1,0.9999999999999976,-2.2423573978440994e-24
4.0194503336151276e-06,248789.23672388348,0.002053525026457146,1.4652576701512121e-15,nan,nan,5.3548743185105224e+39,253528399417859.4,1.0381589719644139e+30,1,0.9999999999999976,-2.2423573978440994e-24
4.0194503336151276e-06,248789.23672388348,0.0031622776601683794,1.4652576701512121e-15,nan,nan,5.3548743185105224e+39,253528399417859.4,1.0381589719644139e+30,1,0.9999999999999976,-2.2423573978440994e-24
4.0194503336151276e-06,248789.23672388348,0.004869675251658631,1.4652576701512121e-15,nan,nan,5.3548743185105224e+39,253528399417859.4,1.0381589719644139e+30,1,0.9999999999999976,-2.2423573978440994e-24
4.0194503336151276e-06,248789.23672388348,0.007498942093324558,1.4652576701512121e-15,nan,nan,5.3548743185105224e+39,253528399417859.4,1.0381589719644139e+30,1,0.9999999999999976,-2.2423573978440994e-24
4.0194503336151276e-06,248789.23672388348,0.011547819846894581,1.4652576701512121e-15,nan,nan,5.3548743185105224e+39,253528399417859.4,1.0381589719644139e+30,1,0.9999999999999976,-2.2423573978440994e-24
4.0194503336151276e-06,248789.23672388348,0.01778279410038923,1.4652576701512121e-15,nan,nan,5.3548743185105224e+39,253528399417859.4,1.0381589719644139e+30,1,0.9999999999999976,-2.2423573978440994e-24
4.0194503336151276e-06,248789.23672388348,0.027384196342643614,1.4652576701512121e-15,nan,nan,5.3548743185105224e+39,253528399417859.4,1.0381589719644139e+30,1,0.9999999999999976,-2.2423573978440994e-24
4.0194503336151276e-06,248789.23672388348,0.042169650342858224,1.4652576701512121e-15,nan,nan,5.3548743185105224e+39,253528399417859.4,1.0381589719644139e+30,1,0.9999999999999976,-2.2423573978440994e-24
4.0194503336151276e-06,248789.23672388348,0.06493816315762113,1.4652576701512121e-15,nan,nan,5.3548743185105224e+39,253528399417859.4,1.0381589719644139e+30,1,0.9999999999999976,-2.2423573978440994e-24
4.0194503336151276e-06,248789.23672388348,0.1,1.4652576701512121e-15,nan,nan,5.3548743185105224e+39,253528399417859.4,1.0381589719644139e+30,1,0.9999999999999976,-2.2423573978440994e-24
4.0194503336151276e-06,248789.23672388348,0.1539926526059492,1.4652576701512121e-15,nan,nan,5.3548743185105224e+39,253528399417859.4,1.0381589719644139e+30,1,0.9999999999999976,-2.2423573978440994e-24
4.0194503336151276e-06,248789.23672388348,0.23713737056616552,1.4652576701512121e-15,nan,nan,5.3548743185105224e+39,253528399417859.4,1.0381589719644139e+30,1,0.9999999999999976,-2.2423573978440994e-24
4.0194503336151276e-06,248789.23672388348,0.3651741272548377,1.4652576701512121e-15,nan,nan,5.3548743185105224e+39,253528399417859.4,1.0381589719644139e+30,1,0.9999999999999976,-2.2423573978440994e-24
4.0194503336151276e-06,248789.23672388348,0.5623413251903491,1.4652576701512121e-15,nan,nan,5.3548743185105224e+39,253528399417859.4,1.0381589719644139e+30,1,0.9999999999999976,-2.2423573978440994e-24
4.0194503336151276e-06,248789.23672388348,0.8659643233600653,1.4652576701512121e-15,nan,nan,5.3548743185105224e+39,253528399417859.4,1.0381589719644139e+30,1,0.9999999999999976,-2.2423573978440994e-24
4.0194503336151276e-06,248789.23672388348,1.333521432163324,1.4652576701512121e-15,nan,nan,5.3548743185105224e+39,253528399417859.4,1.0381589719644139e+30,1,0.9999999999999976,-2.2423573978440994e-24
4.0194503336151276e-06,248789.23672388348,2.053525026457146,1.4652576701512121e-15,nan,nan,5.3548743185105224e+39,253528399417859.4,1.0381589719644139e+30,1,0.9999999999999976,-2.2423573978440994e-24
4.0194503336151276e-06,248789.23672388348,3.1622776601683795,1.4652576701512121e-15,nan,nan,5.3548743185105224e+39,253528399417859.4,1.0381589719644139e+30,1,0.9999999999999976,-2.2423573978440994e-24
4.0194503336151276e-06,248789.23672388348,4.869675251658631,1.4652576701512121e-15,nan,nan,5.3548743185105224e+39,253528399417859.4,1.0381589719644139e+30,1,0.9999999999999976,-2.2423573978440994e-24
4.0194503336151276e-06,248789.23672388348,7.498942093324558,1.4652576701512121e-15,nan,nan,5.3548743185105224e+39,253528399417859.4,1.0381589719644139e+30,1,0.9999999999999976,-2.2423573978440994e-24
4.0194503336151276e-06,248789.23672388348,11.547819846894582,1.4652576701512121e-15,nan,nan,5.3548743185105224e+39,253528399417859.4,1.0381589719644139e+30,1,0.9999999999999976,-2.2423573978440994e-24
4.0194503336151276e-06,248789.23672388348,17.78279410038923,1.4652576701512121e-15,nan,nan,5.3548743185105224e+39,253528399417859.4,1.0381589719644139e+30,1,0.9999999999999976,-2.2423573978440994e-24
4.0194503336151276e-06,248789.23672388348,27.384196342643612,1.4652576701512121e-15,nan,nan,5.3548743185105224e+39,253528399417859.4,1.0381589719644139e+30,1,0.9999999999999976,-2.2423573978440994e-24
4.0194503336151276e-06,248789.23672388348,42.169650342858226,1.4652576701512121e-15,nan,nan,5.3548743185105224e+39,253528399417859.4,1.0381589719644139e+30,1,0.9999999999999976,-2.2423573978440994e-24
4.0194503336151276e-06,248789.23672388348,64.93816315762113,1.4652576701512121e-15,nan,nan,5.3548743185105224e+39,253528399417859.4,1.0381589719644139e+30,1,0.9999999999999976,-2.2423573978440994e-24
4.0194503336151276e-06,248789.23672388348,100.0,1.4652576701512121e-15,nan,nan,5.3548743185105224e+39,253528399417859.4,1.0381589719644139e+30,1,0.9999999999999976,-2.2423573978440994e-24
4.0194503336151276e-06,248789.23672388348,153.9926526059492,1.4652576701512121e-15,nan,nan,5.3548743185105224e+39,253528399417859.4,1.0381589719644139e+30,1,0.9999999999999976,-2.2423573978440994e-24
4.0194503336151276e-06,248789.23672388348,237.13737056616552,1.4652576701512121e-15,nan,nan,5.3548743185105224e+39,253528399417859.4,1.0381589719644139e+30,1,0.9999999999999976,-2.2423573978440994e-24
4.0194503336151276e-06,248789.23672388348,365.1741272548377,1.4652576701512121e-15,nan,nan,5.3548743185105224e+39,253528399417859.4,1.0381589719644139e+30,1,0.9999999999999976,-2.2423573978440994e-24
4.0194503336151276e-06,248789.23672388348,562.341325190349,1.4652576701512121e-15,nan,nan,5.3548743185105224e+39,253528399417859.4,1.0381589719644139e+30,1,0.9999999999999976,-2.2423573978440994e-24
4.0194503336151276e-06,248789.23672388348,865.9643233600654,1.4652576701512121e-15,nan,nan,5.3548743185105224e+39,253528399417859.4,1.0381589719644139e+30,1,0.9999999999999976,-2.2423573978440994e-24
4.0194503336151276e-06,248789.23672388348,1333.521432163324,1.4652576701512121e-15,nan,nan,5.3548743185105224e+39,253528399417859.4,1.0381589719644139e+30,1,0.9999999999999976,-2.2423573978440994e-24
4.0194503336151276e-06,248789.23672388348,2053.525026457146,1.4652576701512121e-15,nan,nan,5.3548743185105224e+39,253528399417859.4,1.0381589719644139e+30,1,0.9999999999999976,-2.2423573978440994e-24
4.0194503336151276e-06,248789.23672388348,3162.2776601683795,1.4652576701512121e-15,nan,nan,5.3548743185105224e+39,253528399417859.4,1.0381589719644139e+30,1,0.9999999999999976,-2.2423573978440994e-24
4.0194503336151276e-06,248789.23672388348,4869.675251658631,1.4652576701512121e-15,nan,nan,5.3548743185105224e+39,253528399417859.4,1.0381589719644139e+30,1,0.9999999999999976,-2.2423573978440994e-24
4.0194503336151276e-06,248789.23672388348,7498.942093324558,1.4652576701512121e-15,nan,nan,5.3548743185105224e+39,253528399417859.4,1.0381589719644139e+30,1,0.9999999999999976,-2.2423573978440994e-24
4.0194503336151276e-06,248789.23672388348,11547.819846894581,1.4652576701512121e-15,nan,nan,5.3548743185105224e+39,253528399417859.4,1.0381589719644139e+30,1,0.9999999999999976,-2.2423573978440994e-24
4.0194503336151276e-06,248789.23672388348,17782.794100389227,1.4652576701512121e-15,nan,nan,5.3548743185105224e+39,253528399417859.4,1.0381589719644139e+30,1,0.9999999999999976,-2.2423573978440994e-24
4.0194503336151276e-06,248789.23672388348,27384.196342643612,1.4652576701512121e-15,nan,nan,5.3548743185105224e+39,253528399417859.4,1.0381589719644139e+30,1,0.9999999999999976,-2.2423573978440994e-24
4.0194503336151276e-06,248789.23672388348,42169.65034285822,1.4652576701512121e-15,nan,nan,5.3548743185105224e+39,253528399417859.4,1.0381589719644139e+30,1,0.9999999999999976,-2.2423573978440994e-24
4.0194503336151276e-06,248789.23672388348,64938.16315762113,1.4652576701512121e-15,nan,nan,5.3548743185105224e+39,253528399417859.4,1.0381589719644139e+30,1,0.9999999999999976,-2.2423573978440994e-24
4.0194503336151276e-06,248789.23672388348,100000.0,1.4652576701512121e-15,nan,nan,5.3548743185105224e+39,253528399417859.4,1.0381589719644139e+30,1,0.9999999999999976,-2.2423573978440994e-24
5.623413251903491e-06,177826.94100389228,0.0001,3.490134002879791e-16,nan,nan,3.6674809590228694e+38,8095430810030.99,1.3917111726973056e+29,1,0.9999999999999928,-1.2766367414054373e-23
5.623413251903491e-06,177826.94100389228,0.0001539926526059492,3.490134002879791e-16,nan,nan,3.6674809590228694e+38,8095430810030.99,1.3917111726973056e+29,1,0.9999999999999928,-1.2766367414054373e-23
5.623413251903491e-06,177826.94100389228,0.00023713737056616554,3.490134002879791e-16,nan,nan,3.6674809590228694e+38,8095430810030.99,1.3917111726973056e+29,1,0.9999999999999928,-1.2766367414054373e-23
5.623413251903491e-06,177826.94100389228,0.0003651741272548377,3.490134002879791e-16,nan,nan,3.6674809590228694e+38,8095430810030.99,1.3917111726973056e+29,1,0.9999999999999928,-1.2766367414054373e-23
5.623413251903491e-06,177826.94100389228,0.0005623413251903491,3.490134002879791e-16,nan,nan,3.6674809590228694e+38,8095430810030.99,1.3917111726973056e+29,1,0.9999999999999928,-1.2766367414054373e-23
5.623413251903491e-06,177826.94100389228,0.0008659643233600654,3.490134002879791e-16,nan,nan,3.6674809590228694e+38,8095430810030.99,1.3917111726973056e+29,1,0.9999999999999928,-1.2766367414054373e-23
5.623413251903491e-06,177826.94100389228,0.001333521432163324,3.490134002879791e-16,nan,nan,3.6674809590228694e+38,8095430810030.99,1.3917111726973056e+29,1,0.9999999999999928,-1.2766367414054373e-23
5.623413251903491e-06,177826.94100389228,0.002053525026457146,3.490134002879791e-16,nan,nan,3.6674809590228694e+38,8095430810030.99,1.3917111726973056e+29,1,0.9999999999999928,-1.2766367414054373e-23
5.623413251903491e-06,177826.94100389228,0.0031622776601683794,3.490134002879791e-16,nan,nan,3.6674809590228694e+38,8095430810030.99,1.3917111726973056e+29,1,0.9999999999999928,-1.2766367414054373e-23
5.623413251903491e-06,177826.94100389228,0.004869675251658631,3.490134002879791e-16,nan,nan,3.6674809590228694e+38,8095430810030.99,1.3917111726973056e+29,1,0.9999999999999928,-1.2766367414054373e-23
5.623413251903491e-06,177826.94100389228,0.007498942093324558,3.490134002879791e-16,nan,nan,3.6674809590228694e+38,8095430810030.99,1.3917111726973056e+29,1,0.9999999999999928,-1.2766367414054373e-23
5.623413251903491e-06,177826.94100389228,0.011547819846894581,3.490134002879791e-16,nan,nan,3.6674809590228694e+38,8095430810030.99,1.3917111726973056e+29,1,0.9999999999999928,-1.2766367414054373e-23
5.623413251903491e-06,177826.94100389228,0.01778279410038923,3.490134002879791e-16,nan,nan,3.6674809590228694e+38,8095430810030.99,1.3917111726973056e+29,1,0.9999999999999928,-1.2766367414054373e-23
5.623413251903491e-06,177826.94100389228,0.027384196342643614,3.490134002879791e-16,nan,nan,3.6674809590228694e+38,8095430810030.99,1.3917111726973056e+29,1,0.9999999999999928,-1.2766367414054373e-23
5.623413251903491e-06,177826.94100389228,0.042169650342858224,3.490134002879791e-16,nan,nan,3.6674809590228694e+38,8095430810030.99,1.3917111726973056e+29,1,0.9999999999999928,-1.2766367414054373e-23
5.623413251903491e-06,177826.94100389228,0.06493816315762113,3.490134002879791e-16,nan,nan,3.6674809590228694e+38,8095430810030.99,1.3917111726973056e+29,1,0.9999999999999928,-1.2766367414054373e-23
5.623413251903491e-06,177826.94100389228,0.1,3.490134002879791e-16,nan,nan,3.6674809590228694e+38,8095430810030.99,1.3917111726973056e+29,1,0.9999999999999928,-1.2766367414054373e-23
5.623413251903491e-06,177826.94100389228,0.1539926526059492,3.490134002879791e-16,nan,nan,3.6674809590228694e+38,8095430810030.99,1.3917111726973056e+29,1,0.9999999999999928,-1.2766367414054373e-23
5.623413251903491e-06,177826.94100389228,0.23713737056616552,3.490134002879791e-16,nan,nan,3.6674809590228694e+38,8095430810030.99,1.3917111726973056e+29,1,0.9999999999999928,-1.2766367414054373e-23
5.623413251903491e-06,177826.94100389228,0.3651741272548377,3.490134002879791e-16,nan,nan,3.6674809590228694e+38,8095430810030.99,1.3917111726973056e+29,1,0.9999999999999928,-1.2766367414054373e-23
5.623413251903491e-06,177826.94100389228,0.5623413251903491,3.490134002879791e-16,nan,nan,3.6674809590228694e+38,8095430810030.99,1.3917111726973056e+29,1,0.9999999999999928,-1.2766367414054373e-23
5.623413251903491e-06,177826.94100389228,0.8659643233600653,3.490134002879791e-16,nan,nan,3.6674809590228694e+38,8095430810030.99,1.3917111726973056e+29,1,0.9999999999999928,-1.2766367414054373e-23
5.623413251903491e-06,177826.94100389228,1.333521432163324,3.490134002879791e-16,nan,nan,3.6674809590228694e+38,8095430810030.99,1.3917111726973056e+29,1,0.9999999999999928,-1.2766367414054373e-23
5.623413251903491e-06,177826.94100389228,2.053525026457146,3.490134002879791e-16,nan,nan,3.6674809590228694e+38,8095430810030.99,1.3917111726973056e+29,1,0.9999999999999928,-1.2766367414054373e-23
5.623413251903491e-06,177826.94100389228,3.1622776601683795,3.490134002879791e-16,nan,nan,3.6674809590228694e+38,8095430810030.99,1.3917111726973056e+29,1,0.9999999999999928,-1.2766367414054373e-23
5.623413251903491e-06,177826.94100389228,4.869675251658631,3.490134002879791e-16,nan,nan,3.6674809590228694e+38,8095430810030.99,1.3917111726973056e+29,1,0.9999999999999928,-1.2766367414054373e-23
5.623413251903491e-06,177826.94100389228,7.498942093324558,3.490134002879791e-16,nan,nan,3.6674809590228694e+38,8095430810030.99,1.3917111726973056e+29,1,0.9999999999999928,-1.2766367414054373e-23
5.623413251903491e-06,177826.94100389228,11.547819846894582,3.490134002879791e-16,nan,nan,3.6674809590228694e+38,8095430810030.99,1.3917111726973056e+29,1,0.9999999999999928,-1.2766367414054373e-23
5.623413251903491e-06,177826.94100389228,17.78279410038923,3.490134002879791e-16,nan,nan,3.6674809590228694e+38,8095430810030.99,1.3917111726973056e+29,1,0.9999999999999928,-1.2766367414054373e-23
5.623413251903491e-06,177826.94100389228,27.384196342643612,3.490134002879791e-16,nan,nan,3.6674809590228694e+38,8095430810030.99,1.3917111726973056e+29,1,0.9999999999999928,-1.2766367414054373e-23
5.623413251903491e-06,177826.94100389228,42.169650342858226,3.490134002879791e-16,nan,nan,3.6674809590228694e+38,8095430810030.99,1.3917111726973056e+29,1,0.9999999999999928,-1.2766367414054373e-23
5.623413251903491e-06,177826.94100389228,64.93816315762113,3.490134002879791e-16,nan,nan,3.6674809590228694e+38,8095430810030.99,1.3917111726973056e+29,1,0.9999999999999928,-1.2766367414054373e-23
5.623413251903491e-06,177826.94100389228,100.0,3.490134002879791e-16,nan,nan,3.6674809590228694e+38,8095430810030.99,1.3917111726973056e+29,1,0.9999999999999928,-1.2766367414054373e-23
5.623413251903491e-06,177826.94100389228,153.9926526059492,3.490134002879791e-16,nan,nan,3.6674809590228694e+38,8095430810030.99,1.3917111726973056e+29,1,0.9999999999999928,-1.2766367414054373e-23
5.623413251903491e-06,177826.94100389228,237.13737056616552,3.490134002879791e-16,nan,nan,3.6674809590228694e+38,8095430810030.99,1.3917111726973056e+29,1,0.9999999999999928,-1.2766367414054373e-23
5.623413251903491e-06,177826.94100389228,365.1741272548377,3.490134002879791e-16,nan,nan,3.6674809590228694e+38,8095430810030.99,1.3917111726973056e+29,1,0.9999999999999928,-1.2766367414054373e-23
5.623413251903491e-06,177826.94100389228,562.341325190349,3.490134002879791e-16,nan,nan,3.6674809590228694e+38,8095430810030.99,1.3917111726973056e+29,1,0.9999999999999928,-1.2766367414054373e-23
5.623413251903491e-06,177826.94100389228,865.9643233600654,3.490134002879791e-16,nan,nan,3.6674809590228694e+38,8095430810030.99,1.3917111726973056e+29,1,0.9999999999999928,-1.2766367414054373e-23
5.623413251903491e-06,177826.94100389228,1333.521432163324,3.490134002879791e-16,nan,nan,3.6674809590228694e+38,8095430810030.99,1.3917111726973056e+29,1,0.9999999999999928,-1.2766367414054373e-23
5.623413251903491e-06,177826.94100389228,2053.525026457146,3.490134002879791e-16,nan,nan,3.6674809590228694e+38,8095430810030.99,1.3917111726973056e+29,1,0.9999999999999928,-1.2766367414054373e-23
5.623413251903491e-06,177826.94100389228,3162.2776601683795,3.490134002879791e-16,nan,nan,3.6674809590228694e+38,8095430810030.99,1.3917111726973056e+29,1,0.9999999999999928,-1.2766367414054373e-23
5.623413251903491e-06,177826.94100389228,4869.675251658631,3.490134002879791e-16,nan,nan,3.6674809590228694e+38,8095430810030.99,1.3917111726973056e+29,1,0.9999999999999928,-1.2766367414054373e-23
5.623413251903491e-06,177826.94100389228,7498.942093324558,3.490134002879791e-16,nan,nan,3.6674809590228694e+38,8095430810030.99,1.3917111726973056e+29,1,0.9999999999999928,-1.2766367414054373e-23
5.623413251903491e-06,177826.94100389228,11547.819846894581,3.490134002879791e-16,nan,nan,3.6674809590228694e+38,8095430810030.99,1.3917111726973056e+29,1,0.9999999999999928,-1.2766367414054373e-23
5.623413251903491e-06,177826.94100389228,17782.794100389227,3.490134002879791e-16,nan,nan,3.6674809590228694e+38,8095430810030.99,1.3917111726973056e+29,1,0.9999999999999928,-1.2766367414054373e-23
5.623413251903491e-06,177826.94100389228,27384.196342643612,3.490134002879791e-16,nan,nan,3.6674809590228694e+38,8095430810030.99,1.3917111726973056e+29,1,0.9999999999999928,-1.2766367414054373e-23
5.623413251903491e-06,177826.94100389228,42169.65034285822,3.490134002879791e-16,nan,nan,3.6674809590228694e+38,8095430810030.99,1.3917111726973056e+29,1,0.9999999999999928,-1.2766367414054373e-23
5.623413251903491e-06,177826.94100389228,64938.16315762113,3.490134002879791e-16,nan,nan,3.6674809590228694e+38,8095430810030.99,1.3917111726973056e+29,1,0.9999999999999928,-1.2766367414054373e-23
5.623413251903491e-06,177826.94100389228,100000.0,3.490134002879791e-16,nan,nan,3.6674809590228694e+38,8095430810030.99,1.3917111726973056e+29,1,0.9999999999999928,-1.2766367414054373e-23
7.86743807659941e-06,127105.17996147432,0.0001,0.0,nan,nan,2.5169717265933945e+37,0.0,1.869503359052421e+28,1,0.9999999999999789,-7.248871409257945e-23
7.86743807659941e-06,127105.17996147432,0.0001539926526059492,0.0,nan,nan,2.5169717265933945e+37,0.0,1.869503359052421e+28,1,0.9999999999999789,-7.248871409257945e-23
7.86743807659941e-06,127105.17996147432,0.00023713737056616554,0.0,nan,nan,2.5169717265933945e+37,0.0,1.869503359052421e+28,1,0.9999999999999789,-7.248871409257945e-23
7.86743807659941e-06,127105.17996147432,0.0003651741272548377,0.0,nan,nan,2.5169717265933945e+37,0.0,1.869503359052421e+28,1,0.9999999999999789,-7.248871409257945e-23
7.86743807659941e-06,127105.17996147432,0.0005623413251903491,0.0,nan,nan,2.5169717265933945e+37,0.0,1.869503359052421e+28,1,0.9999999999999789,-7.248871409257945e-23
7.86743807659941e-06,127105.17996147432,0.0008659643233600654,0.0,nan,nan,2.5169717265933945e+37,0.0,1.869503359052421e+28,1,0.9999999999999789,-7.248871409257945e-23
7.86743807659941e-06,127105.17996147432,0.001333521432163324,0.0,nan,nan,2.5169717265933945e+37,0.0,1.869503359052421e+28,1,0.9999999999999789,-7.248871409257945e-23
7.86743807659941e-06,127105.17996147432,0.002053525026457146,0.0,nan,nan,2.5169717265933945e+37,0.0,1.869503359052421e+28,1,0.9999999999999789,-7.248871409257945e-23
7.86743807659941e-06,127105.17996147432,0.0031622776601683794,0.0,nan,nan,2.5169717265933945e+37,0.0,1.869503359052421e+28,1,0.9999999999999789,-7.248871409257945e-23
7.86743807659941e-06,127105.17996147432,0.004869675251658631,0.0,nan,nan,2.5169717265933945e+37,0.0,1.869503359052421e+28,1,0.9999999999999789,-7.248871409257945e-23
7.86743807659941e-06,127105.17996147432,0.007498942093324558,0.0,nan,nan,2.5169717265933945e+37,0.0,1.869503359052421e+28,1,0.9999999999999789,-7.248871409257945e-23
7.86743807659941e-06,127105.17996147432,0.011547819846894581,0.0,nan,nan,2.5169717265933945e+37,0.0,1.869503359052421e+28,1,0.9999999999999789,-7.248871409257945e-23
7.86743807659941e-06,127105.17996147432,0.01778279410038923,0.0,nan,nan,2.5169717265933945e+37,0.0,1.869503359052421e+28,1,0.9999999999999789,-7.248871409257945e-23
7.86743807659941e-06,127105.17996147432,0.027384196342643614,0.0,nan,nan,2.5169717265933945e+37,0.0,1.869503359052421e+28,1,0.9999999999999789,-7.248871409257945e-23
7.86743807659941e-06,127105.17996147432,0.042169650342858224,0.0,nan,nan,2.5169717265933945e+37,0.0,1.869503359052421e+28,1,0.9999999999999789,-7.248871409257945e-23
7.86743807659941e-06,127105.17996147432,0.06493816315762113,0.0,nan,nan,2.5169717265933945e+37,0.0,1.869503359052421e+28,1,0.9999999999999789,-7.248871409257945e-23
7.86743807659941e-06,127105.17996147432,0.1,0.0,nan,nan,2.5169717265933945e+37,0.0,1.869503359052421e+28,1,0.9999999999999789,-7.248871409257945e-23
7.86743807659941e-06,127105.17996147432,0.1539926526059492,0.0,nan,nan,2.5169717265933945e+37,0.0,1.869503359052421e+28,1,0.9999999999999789,-7.248871409257945e-23
7.86743807659941e-06,127105.17996147432,0.23713737056616552,0.0,nan,nan,2.5169717265933945e+37,0.0,1.869503359052421e+28,1,0.9999999999999789,-7.248871409257945e-23
7.86743807659941e-06,127105.17996147432,0.3651741272548377,0.0,nan,nan,2.5169717265933945e+37,0.0,1.869503359052421e+28,1,0.9999999999999789,-7.248871409257945e-23
7.86743807659941e-06,127105.17996147432,0.5623413251903491,0.0,nan,nan,2.5169717265933945e+37,0.0,1.869503359052421e+28,1,0.9999999999999789,-7.248871409257945e-23
7.86743807659941e-06,127105.17996147432,0.8659643233600653,0.0,nan,nan,2.5169717265933945e+37,0.0,1.869503359052421e+28,1,0.9999999999999789,-7.248871409257945e-23
7.86743807659941e-06,127105.17996147432,1.333521432163324,0.0,nan,nan,2.5169717265933945e+37,0.0,1.869503359052421e+28,1,0.9999999999999789,-7.248871409257945e-23
7.86743807659941e-06,127105.17996147432,2.053525026457146,0.0,nan,nan,2.5169717265933945e+37,0.0,1.869503359052421e+28,1,0.9999999999999789,-7.248871409257945e-23
7.86743807659941e-06,127105.17996147432,3.1622776601683795,0.0,nan,nan,2.5169717265933945e+37,0.0,1.869503359052421e+28,1,0.9999999999999789,-7.248871409257945e-23
7.86743807659941e-06,127105.17996147432,4.869675251658631,0.0,nan,nan,2.5169717265933945e+37,0.0,1.869503359052421e+28,1,0.9999999999999789,-7.248871409257945e-23
7.86743807659941e-06,127105.17996147432,7.498942093324558,0.0,nan,nan,2.5169717265933945e+37,0.0,1.869503359052421e+28,1,0.9999999999999789,-7.248871409257945e-23
7.86743807659941e-06,127105.17996147432,11.547819846894582,0.0,nan,nan,2.5169717265933945e+37,0.0,1.869503359052421e+28,1,0.9999999999999789,-7.248871409257945e-23
7.86743807659941e-06,127105.17996147432,17.78279410038923,0.0,nan,nan,2.5169717265933945e+37,0.0,1.869503359052421e+28,1,0.9999999999999789,-7.248871409257945e-23
7.86743807659941e-06,127105.17996147432,27.384196342643612,0.0,nan,nan,2.5169717265933945e+37,0.0,1.869503359052421e+28,1,0.9999999999999789,-7.248871409257945e-23
7.86743807659941e-06,127105.17996147432,42.169650342858226,0.0,nan,nan,2.5169717265933945e+37,0.0,1.869503359052421e+28,1,0.9999999999999789,-7.248871409257945e-23
7.86743807659941e-06,127105.17996147432,64.93816315762113,0.0,nan,nan,2.5169717265933945e+37,0.0,1.869503359052421e+28,1,0.9999999999999789,-7.248871409257945e-23
7.86743807659941e-06,127105.17996147432,100.0,0.0,nan,nan,2.5169717265933945e+37,0.0,1.869503359052421e+28,1,0.9999999999999789,-7.248871409257945e-23
7.86743807659941e-06,127105.17996147432,153.9926526059492,0.0,nan,nan,2.5169717265933945e+37,0.0,1.869503359052421e+28,1,0.9999999999999789,-7.248871409257945e-23
7.86743807659941e-06,127105.17996147432,237.13737056616552,0.0,nan,nan,2.5169717265933945e+37,0.0,1.869503359052421e+28,1,0.9999999999999789,-7.248871409257945e-23
7.86743807659941e-06,127105.17996147432,365.1741272548377,0.0,nan,nan,2.5169717265933945e+37,0.0,1.869503359052421e+28,1,0.9999999999999789,-7.248871409257945e-23
7.86743807659941e-06,127105.17996147432,562.341325190349,0.0,nan,nan,2.5169717265933945e+37,0.0,1.869503359052421e+28,1,0.9999999999999789,-7.248871409257945e-23
7.86743807659941e-06,127105.17996147432,865.9643233600654,0.0,nan,nan,2.5169717265933945e+37,0.0,1.869503359052421e+28,1,0.9999999999999789,-7.248871409257945e-23
7.86743807659941e-06,127105.17996147432,1333.521432163324,0.0,nan,nan,2.5169717265933945e+37,0.0,1.869503359052421e+28,1,0.9999999999999789,-7.248871409257945e-23
7.86743807659941e-06,127105.17996147432,2053.525026457146,0.0,nan,nan,2.5169717265933945e+37,0.0,1.869503359052421e+28,1,0.9999999999999789,-7.248871409257945e-23
7.86743807659941e-06,127105.17996147432,3162.2776601683795,0.0,nan,nan,2.5169717265933945e+37,0.0,1.869503359052421e+28,1,0.9999999999999789,-7.248871409257945e-23
7.86743807659941e-06,127105.17996147432,4869.675251658631,0.0,nan,nan,2.5169717265933945e+37,0.0,1.869503359052421e+28,1,0.9999999999999789,-7.248871409257945e-23
7.86743807659941e-06,127105.17996147432,7498.942093324558,0.0,nan,nan,2.5169717265933945e+37,0.0,1.869503359052421e+28,1,0.9999999999999789,-7.248871409257945e-23
7.86743807659941e-06,127105.17996147432,11547.819846894581,0.0,nan,nan,2.5169717265933945e+37,0.0,1.869503359052421e+28,1,0.9999999999999789,-7.248871409257945e-23
7.86743807659941e-06,127105.17996147432,17782.794100389227,0.0,nan,nan,2.5169717265933945e+37,0.0,1.869503359052421e+28,1,0.9999999999999789,-7.248871409257945e-23
7.86743807659941e-06,127105.17996147432,27384.196342643612,0.0,nan,nan,2.5169717265933945e+37,0.0,1.869503359052421e+28,1,0.9999999999999789,-7.248871409257945e-23
7.86743807659941e-06,127105.17996147432,42169.65034285822,0.0,nan,nan,2.5169717265933945e+37,0.0,1.869503359052421e+28,1,0.9999999999999789,-7.248871409257945e-23
7.86743807659941e-06,127105.17996147432,64938.16315762113,0.0,nan,nan,2.5169717265933945e+37,0.0,1.869503359052421e+28,1,0.9999999999999789,-7.248871409257945e-23
7.86743807659941e-06,127105.17996147432,100000.0,0.0,nan,nan,2.5169717265933945e+37,0.0,1.869503359052421e+28,1,0.9999999999999789,-7.248871409257945e-23
1.1006941712522103e-05,90850.75756516862,0.0001,-6.292675267587821e-16,nan,nan,1.732279617394789e+36,-264129339285.74933,2.5184456027427265e+27,1,0.9999999999999387,-4.1008653213085696e-22
1.1006941712522103e-05,90850.75756516862,0.0001539926526059492,-6.292675267587821e-16,nan,nan,1.732279617394789e+36,-264129339285.74933,2.5184456027427265e+27,1,0.9999999999999387,-4.1008653213085696e-22
1.1006941712522103e-05,90850.75756516862,0.00023713737056616554,-6.292675267587821e-16,nan,nan,1.732279617394789e+36,-264129339285.74933,2.5184456027427265e+27,1,0.9999999999999387,-4.1008653213085696e-22
1.1006941712522103e-05,90850.75756516862,0.0003651741272548377,-6.292675267587821e-16,nan,nan,1.732279617394789e+36,-264129339285.74933,2.5184456027427265e+27,1,0.9999999999999387,-4.1008653213085696e-22
1.1006941712522103e-05,90850.75756516862,0.0005623413251903491,-6.292675267587821e-16,nan,nan,1.732279617394789e+36,-264129339285.74933,2.5184456027427265e+27,1,0.9999999999999387,-4.1008653213085696e-22
1.1006941712522103e-05,90850.75756516862,0.0008659643233600654,-6.292675267587821e-16,nan,nan,1.732279617394789e+36,-264129339285.74933,2.5184456027427265e+27,1,0.9999999999999387,-4.1008653213085696e-22
1.1006941712522103e-05,90850.75756516862,0.001333521432163324,-6.292675267587821e-16,nan,nan,1.732279617394789e+36,-264129339285.74933,2.5184456027427265e+27,1,0.9999999999999387,-4.1008653213085696e-22
1.1006941712522103e-05,90850.75756516862,0.002053525026457146,-6.292675267587821e-16,nan,nan,1.732279617394789e+36,-264129339285.74933,2.5184456027427265e+27,1,0.9999999999999387,-4.1008653213085696e-22
1.1006941712522103e-05,90850.75756516862,0.0031622776601683794,-6.292675267587821e-16,nan,nan,1.732279617394789e+36,-264129339285.74933,2.5184456027427265e+27,1,0.9999999999999387,-4.1008653213085696e-22
1.1006941712522103e-05,90850.75756516862,0.004869675251658631,-6.292675267587821e-16,nan,nan,1.732279617394789e+36,-264129339285.74933,2.5184456027427265e+27,1,0.9999999999999387,-4.1008653213085696e-22
1.1006941712522103e-05,90850.75756516862,0.007498942093324558,-6.292675267587821e-16,nan,nan,1.732279617394789e+36,-264129339285.74933,2.5184456027427265e+27,1,0.9999999999999387,-4.1008653213085696e-22
1.1006941712522103e-05,90850.75756516862,0.011547819846894581,-6.292675267587821e-16,nan,nan,1.732279617394789e+36,-264129339285.74933,2.5184456027427265e+27,1,0.9999999999999387,-4.1008653213085696e-22
1.1006941712522103e-05,90850.75756516862,0.01778279410038923,-6.292675267587821e-16,nan,nan,1.732279617394789e+36,-264129339285.74933,2.5184456027427265e+27,1,0.9999999999999387,-4.1008653213085696e-22
1.1006941712522103e-05,90850.75756516862,0.027384196342643614,-6.292675267587821e-16,nan,nan,1.732279617394789e+36,-264129339285.74933,2.5184456027427265e+27,1,0.9999999999999387,-4.1008653213085696e-22
1.1006941712522103e-05,90850.75756516862,0.042169650342858224,-6.292675267587821e-16,nan,nan,1.732279617394789e+36,-264129339285.74933,2.5184456027427265e+27,1,0.9999999999999387,-4.1008653213085696e-22
1.1006941712522103e-05,90850.75756516862,0.06493816315762113,-6.292675267587821e-16,nan,nan,1.732279617394789e+36,-264129339285.74933,2.5184456027427265e+27,1,0.9999999999999387,-4.1008653213085696e-22
1.1006941712522103e-05,90850.75756516862,0.1,-6.292675267587821e-16,nan,nan,1.732279617394789e+36,-264129339285.74933,2.5184456027427265e+27,1,0.9999999999999387,-4.1008653213085696e-22
1.1006941712522103e-05,90850.75756516862,0.1539926526059492,-6.292675267587821e-16,nan,nan,1.732279617394789e+36,-264129339285.74933,2.5184456027427265e+27,1,0.9999999999999387,-4.1008653213085696e-22
1.1006941712522103e-05,90850.75756516862,0.23713737056616552,-6.292675267587821e-16,nan,nan,1.732279617394789e+36,-264129339285.74933,2.5184456027427265e+27,1,0.9999999999999387,-4.1008653213085696e-22
1.1006941712522103e-05,90850.75756516862,0.3651741272548377,-6.292675267587821e-16,nan,nan,1.732279617394789e+36,-264129339285.74933,2.5184456027427265e+27,1,0.9999999999999387,-4.1008653213085696e-22
1.1006941712522103e-05,90850.75756516862,0.5623413251903491,-6.292675267587821e-16,nan,nan,1.732279617394789e+36,-264129339285.74933,2.5184456027427265e+27,1,0.9999999999999387,-4.1008653213085696e-22
1.1006941712522103e-05,90850.75756516862,0.8659643233600653,-6.292675267587821e-16,nan,nan,1.732279617394789e+36,-264129339285.74933,2.5184456027427265e+27,1,0.9999999999999387,-4.1008653213085696e-22
1.1006941712522103e-05,90850.75756516862,1.333521432163324,-6.292675267587821e-16,nan,nan,1.732279617394789e+36,-264129339285.74933,2.5184456027427265e+27,1,0.9999999999999387,-4.1008653213085696e-22
1.1006941712522103e-05,90850.75756516862,2.053525026457146,-6.292675267587821e-16,nan,nan,1.732279617394789e+36,-264129339285.74933,2.5184456027427265e+27,1,0.9999999999999387,-4.1008653213085696e-22
1.1006941712522103e-05,90850.75756516862,3.1622776601683795,-6.292675267587821e-16,nan,nan,1.732279617394789e+36,-264129339285.74933,2.5184456027427265e+27,1,0.9999999999999387,-4.1008653213085696e-22
1.1006941712522103e-05,90850.75756516862,4.869675251658631,-6.292675267587821e-16,nan,nan,1.732279617394789e+36,-264129339285.74933,2.5184456027427265e+27,1,0.9999999999999387,-4.1008653213085696e-22
1.1006941712522103e-05,90850.75756516862,7.498942093324558,-6.292675267587821e-16,nan,nan,1.732279617394789e+36,-264129339285.74933,2.5184456027427265e+27,1,0.9999999999999387,-4.1008653213085696e-22
1.1006941712522103e-05,90850.75756516862,11.547819846894582,-6.292675267587821e-16,nan,nan,1.732279617394789e+36,-264129339285.74933,2.5184456027427265e+27,1,0.9999999999999387,-4.1008653213085696e-22
1.1006941712522103e-05,90850.75756516862,17.78279410038923,-6.292675267587821e-16,nan,nan,1.732279617394789e+36,-264129339285.74933,2.5184456027427265e+27,1,0.9999999999999387,-4.1008653213085696e-22
1.1006941712522103e-05,90850.75756516862,27.384196342643612,-6.292675267587821e-16,nan,nan,1.732279617394789e+36,-264129339285.74933,2.5184456027427265e+27,1,0.9999999999999387,-4.1008653213085696e-22
1.1006941712522103e-05,90850.75756516862,42.169650342858226,-6.292675267587821e-16,nan,nan,1.732279617394789e+36,-264129339285.74933,2.5184456027427265e+27,1,0.9999999999999387,-4.1008653213085696e-22
1.1006941712522103e-05,90850.75756516862,64.93816315762113,-6.292675267587821e-16,nan,nan,1.732279617394789e+36,-264129339285.74933,2.5184456027427265e+27,1,0.9999999999999387,-4.1008653213085696e-22
1.1006941712522103e-05,90850.75756516862,100.0,-6.292675267587821e-16,nan,nan,1.732279617394789e+36,-264129339285.74933,2.5184456027427265e+27,1,0.9999999999999387,-4.1008653213085696e-22
1.1006941712522103e-05,90850.75756516862,153.9926526059492,-6.292675267587821e-16,nan,nan,1.732279617394789e+36,-264129339285.74933,2.5184456027427265e+27,1,0.9999999999999387,-4.1008653213085696e-22
1.1006941712522103e-05,90850.75756516862,237.13737056616552,-6.292675267587821e-16,nan,nan,1.732279617394789e+36,-264129339285.74933,2.5184456027427265e+27,1,0.9999999999999387,-4.1008653213085696e-22
1.1006941712522103e-05,90850.75756516862,365.1741272548377,-6.292675267587821e-16,nan,nan,1.732279617394789e+36,-264129339285.74933,2.5184456027427265e+27,1,0.9999999999999387,-4.1008653213085696e-22
1.1006941712522103e-05,90850.75756516862,562.341325190349,-6.292675267587821e-16,nan,nan,1.732279617394789e+36,-264129339285.74933,2.5184456027427265e+27,1,0.9999999999999387,-4.1008653213085696e-22
1.1006941712522103e-05,90850.75756516862,865.9643233600654,-6.292675267587821e-16,nan,nan,1.732279617394789e+36,-264129339285.74933,2.5184456027427265e+27,1,0.9999999999999387,-4.1008653213085696e-22
1.1006941712522103e-05,90850.75756516862,1333.521432163324,-6.292675267587821e-16,nan,nan,1.732279617394789e+36,-264129339285.74933,2.5184456027427265e+27,1,0.9999999999999387,-4.1008653213085696e-22
1.1006941712522103e-05,90850.75756516862,2053.525026457146,-6.292675267587821e-16,nan,nan,1.732279617394789e+36,-264129339285.74933,2.5184456027427265e+27,1,0.9999999999999387,-4.1008653213085696e-22
1.1006941712522103e-05,90850.75756516862,3162.2776601683795,-6.292675267587821e-16,nan,nan,1.732279617394789e+36,-264129339285.74933,2.5184456027427265e+27,1,0.9999999999999387,-4.1008653213085696e-22
1.1006941712522103e-05,90850.75756516862,4869.675251658631,-6.292675267587821e-16,nan,nan,1.732279617394789e+36,-264129339285.74933,2.5184456027427265e+27,1,0.9999999999999387,-4.1008653213085696e-22
1.1006941712522103e-05,90850.75756516862,7498.942093324558,-6.292675267587821e-16,nan,nan,1.732279617394789e+36,-264129339285.74933,2.5184456027427265e+27,1,0.9999999999999387,-4.1008653213085696e-22
1.1006941712522103e-05,90850.75756516862,11547.819846894581,-6.292675267587821e-16,nan,nan,1.732279617394789e+36,-264129339285.74933,2.5184456027427265e+27,1,0.9999999999999387,-4.1008653213085696e-22
1.1006941712522103e-05,90850.75756516862,17782.794100389227,-6.292675267587821e-16,nan,nan,1.732279617394789e+36,-264129339285.74933,2.5184456027427265e+27,1,0.9999999999999387,-4.1008653213085696e-22
1.1006941712522103e-05,90850.75756516862,27384.196342643612,-6.292675267587821e-16,nan,nan,1.732279617394789e+36,-264129339285.74933,2.5184456027427265e+27,1,0.9999999999999387,-4.1008653213085696e-22
1.1006941712522103e-05,90850.75756516862,42169.65034285822,-6.292675267587821e-16,nan,nan,1.732279617394789e+36,-264129339285.74933,2.5184456027427265e+27,1,0.9999999999999387,-4.1008653213085696e-22
1.1006941712522103e-05,90850.75756516862,64938.16315762113,-6.292675267587821e-16,nan,nan,1.732279617394789e+36,-264129339285.74933,2.5184456027427265e+27,1,0.9999999999999387,-4.1008653213085696e-22
1.1006941712522103e-05,90850.75756516862,100000.0,-6.292675267587821e-16,nan,nan,1.732279617394789e+36,-264129339285.74933,2.5184456027427265e+27,1,0.9999999999999387,-4.1008653213085696e-22
1.539926526059492e-05,64937.16315762114,0.0001,5.943168835280508e-16,nan,nan,1.1968560606807505e+35,33735720274.2806,3.405831590111832e+26,1,0.9999999999998225,-2.3082937035498648e-21
1.539926526059492e-05,64937.16315762114,0.0001539926526059492,5.943168835280508e-16,nan,nan,1.1968560606807505e+35,33735720274.2806,3.405831590111832e+26,1,0.9999999999998225,-2.3082937035498648e-21
1.539926526059492e-05,64937.16315762114,0.00023713737056616554,5.943168835280508e-16,nan,nan,1.1968560606807505e+35,33735720274.2806,3.405831590111832e+26,1,0.9999999999998225,-2.3082937035498648e-21
1.539926526059492e-05,64937.16315762114,0.0003651741272548377,5.943168835280508e-16,nan,nan,1.1968560606807505e+35,33735720274.2806,3.405831590111832e+26,1,0.9999999999998225,-2.3082937035498648e-21
1.539926526059492e-05,64937.16315762114,0.0005623413251903491,5.943168835280508e-16,nan,nan,1.1968560606807505e+35,33735720274.2806,3.405831590111832e+26,1,0.9999999999998225,-2.3082937035498648e-21
1.539926526059492e-05,64937.16315762114,0.0008659643233600654,5.943168835280508e-16,nan,nan,1.1968560606807505e+35,33735720274.2806,3.405831590111832e+26,1,0.9999999999998225,-2.3082937035498648e-21
1.539926526059492e-05,64937.16315762114,0.001333521432163324,5.943168835280508e-16,nan,nan,1.1968560606807505e+35,33735720274.2806,3.405831590111832e+26,1,0.9999999999998225,-2.3082937035498648e-21
1.539926526059492e-05,64937.16315762114,0.002053525026457146,5.943168835280508e-16,nan,nan,1.1968560606807505e+35,33735720274.2806,3.405831590111832e+26,1,0.9999999999998225,-2.3082937035498648e-21
1.539926526059492e-05,64937.16315762114,0.0031622776601683794,5.943168835280508e-16,nan,nan,1.1968560606807505e+35,33735720274.2806,3.405831590111832e+26,1,0.9999999999998225,-2.3082937035498648e-21
1.539926526059492e-05,64937.16315762114,0.004869675251658631,5.943168835280508e-16,nan,nan,1.1968560606807505e+35,33735720274.2806,3.405831590111832e+26,1,0.9999999999998225,-2.3082937035498648e-21
1.539926526059492e-05,64937.16315762114,0.007498942093324558,5.943168835280508e-16,nan,nan,1.1968560606807505e+35,33735720274.2806,3.405831590111832e+26,1,0.9999999999998225,-2.3082937035498648e-21
1.539926526059492e-05,64937.16315762114,0.011547819846894581,5.943168835280508e-16,nan,nan,1.1968560606807505e+35,33735720274.2806,3.405831590111832e+26,1,0.9999999999998225,-2.3082937035498648e-21
1.539926526059492e-05,64937.16315762114,0.01778279410038923,5.943168835280508e-16,nan,nan,1.1968560606807505e+35,33735720274.2806,3.405831590111832e+26,1,0.9999999999998225,-2.3082937035498648e-21
1.539926526059492e-05,64937.16315762114,0.027384196342643614,5.943168835280508e-16,nan,nan,1.1968560606807505e+35,33735720274.2806,3.405831590111832e+26,1,0.9999999999998225,-2.3082937035498648e-21
1.539926526059492e-05,64937.16315762114,0.042169650342858224,5.943168835280508e-16,nan,nan,1.1968560606807505e+35,33735720274.2806,3.405831590111832e+26,1,0.9999999999998225,-2.3082937035498648e-21
1.539926526059492e-05,64937.16315762114,0.06493816315762113,5.943168835280508e-16,nan,nan,1.1968560606807505e+35,33735720274.2806,3.405831590111832e+26,1,0.9999999999998225,-2.3082937035498648e-21
1.539926526059492e-05,64937.16315762114,0.1,5.943168835280508e-16,nan,nan,1.1968560606807505e+35,33735720274.2806,3.405831590111832e+26,1,0.9999999999998225,-2.3082937035498648e-21
1.539926526059492e-05,64937.16315762114,0.1539926526059492,5.943168835280508e-16,nan,nan,1.1968560606807505e+35,33735720274.2806,3.405831590111832e+26,1,0.9999999999998225,-2.3082937035498648e-21
1.539926526059492e-05,64937.16315762114,0.23713737056616552,5.943168835280508e-16,nan,nan,1.1968560606807505e+35,33735720274.2806,3.405831590111832e+26,1,0.9999999999998225,-2.3082937035498648e-21
1.539926526059492e-05,64937.16315762114,0.3651741272548377,5.943168835280508e-16,nan,nan,1.1968560606807505e+35,33735720274.2806,3.405831590111832e+26,1,0.9999999999998225,-2.3082937035498648e-21
1.539926526059492e-05,64937.16315762114,0.5623413251903491,5.943168835280508e-16,nan,nan,1.1968560606807505e+35,33735720274.2806,3.405831590111832e+26,1,0.9999999999998225,-2.3082937035498648e-21
1.539926526059492e-05,64937.16315762114,0.8659643233600653,5.943168835280508e-16,nan,nan,1.1968560606807505e+35,33735720274.2806,3.405831590111832e+26,1,0.9999999999998225,-2.3082937035498648e-21
1.539926526059492e-05,64937.16315762114,1.333521432163324,5.943168835280508e-16,nan,nan,1.1968560606807505e+35,33735720274.2806,3.405831590111832e+26,1,0.9999999999998225,-2.3082937035498648e-21
1.539926526059492e-05,64937.16315762114,2.053525026457146,5.943168835280508e-16,nan,nan,1.1968560606807505e+35,33735720274.2806,3.405831590111832e+26,1,0.9999999999998225,-2.3082937035498648e-21
1.539926526059492e-05,64937.16315762114,3.1622776601683795,5.943168835280508e-16,nan,nan,1.1968560606807505e+35,33735720274.2806,3.405831590111832e+26,1,0.9999999999998225,-2.3082937035498648e-21
1.539926526059492e-05,64937.16315762114,4.869675251658631,5.943168835280508e-16,nan,nan,1.1968560606807505e+35,33735720274.2806,3.405831590111832e+26,1,0.9999999999998225,-2.3082937035498648e-21
1.539926526059492e-05,64937.16315762114,7.498942093324558,5.943168835280508e-16,nan,nan,1.1968560606807505e+35,33735720274.2806,3.405831590111832e+26,1,0.9999999999998225,-2.3082937035498648e-21
1.539926526059492e-05,64937.16315762114,11.547819846894582,5.943168835280508e-16,nan,nan,1.1968560606807505e+35,33735720274.2806,3.405831590111832e+26,1,0.9999999999998225,-2.3082937035498648e-21
1.539926526059492e-05,64937.16315762114,17.78279410038923,5.943168835280508e-16,nan,nan,1.1968560606807505e+35,33735720274.2806,3.405831590111832e+26,1,0.9999999999998225,-2.3082937035498648e-21
1.539926526059492e-05,64937.16315762114,27.384196342643612,5.943168835280508e-16,nan,nan,1.1968560606807505e+35,33735720274.2806,3.405831590111832e+26,1,0.9999999999998225,-2.3082937035498648e-21
1.539926526059492e-05,64937.16315762114,42.169650342858226,5.943168835280508e-16,nan,nan,1.1968560606807505e+35,33735720274.2806,3.405831590111832e+26,1,0.9999999999998225,-2.3082937035498648e-21
1.539926526059492e-05,64937.16315762114,64.93816315762113,5.943168835280508e-16,nan,nan,1.1968560606807505e+35,33735720274.2806,3.405831590111832e+26,1,0.9999999999998225,-2.3082937035498648e-21
1.539926526059492e-05,64937.16315762114,100.0,5.943168835280508e-16,nan,nan,1.1968560606807505e+35,33735720274.2806,3.405831590111832e+26,1,0.9999999999998225,-2.3082937035498648e-21
1.539926526059492e-05,64937.16315762114,153.9926526059492,5.943168835280508e-16,nan,nan,1.1968560606807505e+35,33735720274.2806,3.405831590111832e+26,1,0.9999999999998225,-2.3082937035498648e-21
1.539926526059492e-05,64937.16315762114,237.13737056616552,5.943168835280508e-16,nan,nan,1.1968560606807505e+35,33735720274.2806,3.405831590111832e+26,1,0.9999999999998225,-2.3082937035498648e-21
1.539926526059492e-05,64937.16315762114,365.1741272548377,5.943168835280508e-16,nan,nan,1.1968560606807505e+35,33735720274.2806,3.405831590111832e+26,1,0.9999999999998225,-2.3082937035498648e-21
1.539926526059492e-05,64937.16315762114,562.341325190349,5.943168835280508e-16,nan,nan,1.1968560606807505e+35,33735720274.2806,3.405831590111832e+26,1,0.9999999999998225,-2.3082937035498648e-21
1.539926526059492e-05,64937.16315762114,865.9643233600654,5.943168835280508e-16,nan,nan,1.1968560606807505e+35,33735720274.2806,3.405831590111832e+26,1,0.9999999999998225,-2.3082937035498648e-21
1.539926526059492e-05,64937.16315762114,1333.521432163324,5.943168835280508e-16,nan,nan,1.1968560606807505e+35,33735720274.2806,3.405831590111832e+26,1,0.9999999999998225,-2.3082937035498648e-21
1.539926526059492e-05,64937.16315762114,2053.525026457146,5.943168835280508e-16,nan,nan,1.1968560606807505e+35,33735720274.2806,3.405831590111832e+26,1,0.9999999999998225,-2.3082937035498648e-21
1.539926526059492e-05,64937.16315762114,3162.2776601683795,5.943168835280508e-16,nan,nan,1.1968560606807505e+35,33735720274.2806,3.405831590111832e+26,1,0.9999999999998225,-2.3082937035498648e-21
1.539926526059492e-05,64937.16315762114,4869.675251658631,5.943168835280508e-16,nan,nan,1.1968560606807505e+35,33735720274.2806,3.405831590111832e+26,1,0.9999999999998225,-2.3082937035498648e-21
1.539926526059492e-05,64937.16315762114,7498.942093324558,5.943168835280508e-16,nan,nan,1.1968560606807505e+35,33735720274.2806,3.405831590111832e+26,1,0.9999999999998225,-2.3082937035498648e-21
1.539926526059492e-05,64937.16315762114,11547.819846894581,5.943168835280508e-16,nan,nan,1.1968560606807505e+35,33735720274.2806,3.405831590111832e+26,1,0.9999999999998225,-2.3082937035498648e-21
1.539926526059492e-05,64937.16315762114,17782.794100389227,5.943168835280508e-16,nan,nan,1.1968560606807505e+35,33735720274.2806,3.405831590111832e+26,1,0.9999999999998225,-2.3082937035498648e-21
1.539926526059492e-05,64937.16315762114,27384.196342643612,5.943168835280508e-16,nan,nan,1.1968560606807505e+35,33735720274.2806,3.405831590111832e+26,1,0.9999999999998225,-2.3082937035498648e-21
1.539926526059492e-05,64937.16315762114,42169.65034285822,5.943168835280508e-16,nan,nan,1.1968560606807505e+35,33735720274.2806,3.405831590111832e+26,1,0.9999999999998225,-2.3082937035498648e-21
1.539926526059492e-05,64937.16315762114,64938.16315762113,5.943168835280508e-16,nan,nan,1.1968560606807505e+35,33735720274.2806,3.405831590111832e+26,1,0.9999999999998225,-2.3082937035498648e-21
1.539926526059492e-05,64937.16315762114,100000.0,5.943168835280508e-16,nan,nan,1.1968560606807505e+35,33735720274.2806,3.405831590111832e+26,1,0.9999999999998225,-2.3082937035498648e-21
2.1544346900318867e-05,46414.888336127726,0.0001,-5.583560274029355e-16,nan,nan,8.312955544152821e+33,-4308869380.06155,4.630238595365882e+25,1,0.9999999999994881,-1.2904171862830408e-20
2.1544346900318867e-05,46414.888336127726,0.0001539926526059492,-5.583560274029355e-16,nan,nan,8.312955544152821e+33,-4308869380.06155,4.630238595365882e+25,1,0.9999999999994881,-1.2904171862830408e-20
2.1544346900318867e-05,46414.888336127726,0.00023713737056616554,-5.583560274029355e-16,nan,nan,8.312955544152821e+33,-4308869380.06155,4.630238595365882e+25,1,0.9999999999994881,-1.2904171862830408e-20
2.1544346900318867e-05,46414.888336127726,0.0003651741272548377,-5.583560274029355e-16,nan,nan,8.312955544152821e+33,-4308869380.06155,4.630238595365882e+25,1,0.9999999999994881,-1.2904171862830408e-20
2.1544346900318867e-05,46414.888336127726,0.0005623413251903491,-5.583560274029355e-16,nan,nan,8.312955544152821e+33,-4308869380.06155,4.630238595365882e+25,1,0.9999999999994881,-1.2904171862830408e-20
2.1544346900318867e-05,46414.888336127726,0.0008659643233600654,-5.583560274029355e-16,nan,nan,8.312955544152821e+33,-4308869380.06155,4.630238595365882e+25,1,0.9999999999994881,-1.2904171862830408e-20
2.1544346900318867e-05,46414.888336127726,0.001333521432163324,-5.583560274029355e-16,nan,nan,8.312955544152821e+33,-4308869380.06155,4.630238595365882e+25,1,0.9999999999994881,-1.2904171862830408e-20
2.1544346900318867e-05,46414.888336127726,0.002053525026457146,-5.583560274029355e-16,nan,nan,8.312955544152821e+33,-4308869380.06155,4.630238595365882e+25,1,0.9999999999994881,-1.2904171862830408e-20
2.1544346900318867e-05,46414.888336127726,0.0031622776601683794,-5.583560274029355e-16,nan,nan,8.312955544152821e+33,-4308869380.06155,4.630238595365882e+25,1,0.9999999999994881,-1.2904171862830408e-20
2.1544346900318867e-05,46414.888336127726,0.004869675251658631,-5.583560274029355e-16,nan,nan,8.312955544152821e+33,-4308869380.06155,4.630238595365882e+25,1,0.9999999999994881,-1.2904171862830408e-20
2.1544346900318867e-05,46414.888336127726,0.007498942093324558,-5.583560274029355e-16,nan,nan,8.312955544152821e+33,-4308869380.06155,4.630238595365882e+25,1,0.9999999999994881,-1.2904171862830408e-20
2.1544346900318867e-05,46414.888336127726,0.011547819846894581,-5.583560274029355e-16,nan,nan,8.312955544152821e+33,-4308869380.06155,4.630238595365882e+25,1,0.9999999999994881,-1.2904171862830408e-20
2.1544346900318867e-05,46414.888336127726,0.01778279410038923,-5.583560274029355e-16,nan,nan,8.312955544152821e+33,-4308869380.06155,4.630238595365882e+25,1,0.9999999999994881,-1.2904171862830408e-20
2.1544346900318867e-05,46414.888336127726,0.027384196342643614,-5.583560274029355e-16,nan,nan,8.312955544152821e+33,-4308869380.06155,4.630238595365882e+25,1,0.9999999999994881,-1.2904171862830408e-20
2.1544346900318867e-05,46414.888336127726,0.042169650342858224,-5.583560274029355e-16,nan,nan,8.312955544152821e+33,-4308869380.06155,4.630238595365882e+25,1,0.9999999999994881,-1.2904171862830408e-20
2.1544346900318867e-05,46414.888336127726,0.06493816315762113,-5.583560274029355e-16,nan,nan,8.312955544152821e+33,-4308869380.06155,4.630238595365882e+25,1,0.9999999999994881,-1.2904171862830408e-20
2.1544346900318867e-05,46414.888336127726,0.1,-5.583560274029355e-16,nan,nan,8.312955544152821e+33,-4308869380.06155,4.630238595365882e+25,1,0.9999999999994881,-1.2904171862830408e-20
2.1544346900318867e-05,46414.888336127726,0.1539926526059492,-5.583560274029355e-16,nan,nan,8.312955544152821e+33,-4308869380.06155,4.630238595365882e+25,1,0.9999999999994881,-1.2904171862830408e-20
2.1544346900318867e-05,46414.888336127726,0.23713737056616552,-5.583560274029355e-16,nan,nan,8.312955544152821e+33,-4308869380.06155,4.630238595365882e+25,1,0.9999999999994881,-1.2904171862830408e-20
2.1544346900318867e-05,46414.888336127726,0.3651741272548377,-5.583560274029355e-16,nan,nan,8.312955544152821e+33,-4308869380.06155,4.630238595365882e+25,1,0.9999999999994881,-1.2904171862830408e-20
2.1544346900318867e-05,46414.888336127726,0.5623413251903491,-5.583560274029355e-16,nan,nan,8.312955544152821e+33,-4308869380.06155,4.630238595365882e+25,1,0.9999999999994881,-1.2904171862830408e-20
2.1544346900318867e-05,46414.888336127726,0.8659643233600653,-5.583560274029355e-16,nan,nan,8.312955544152821e+33,-4308869380.06155,4.630238595365882e+25,1,0.9999999999994881,-1.2904171862830408e-20
2.1544346900318867e-05,46414.888336127726,1.333521432163324,-5.583560274029355e-16,nan,nan,8.312955544152821e+33,-4308869380.06155,4.630238595365882e+25,1,0.9999999999994881,-1.2904171862830408e-20
2.1544346900318867e-05,46414.888336127726,2.053525026457146,-5.583560274029355e-16,nan,nan,8.312955544152821e+33,-4308869380.06155,4.630238595365882e+25,1,0.9999999999994881,-1.2904171862830408e-20
2.1544346900318867e-05,46414.888336127726,3.1622776601683795,-5.583560274029355e-16,nan,nan,8.312955544152821e+33,-4308869380.06155,4.630238595365882e+25,1,0.9999999999994881,-1.2904171862830408e-20
2.1544346900318867e-05,46414.888336127726,4.869675251658631,-5.583560274029355e-16,nan,nan,8.312955544152821e+33,-4308869380.06155,4.630238595365882e+25,1,0.9999999999994881,-1.2904171862830408e-20
2.1544346900318867e-05,46414.888336127726,7.498942093324558,-5.583560274029355e-16,nan,nan,8.312955544152821e+33,-4308869380.06155,4.630238595365882e+25,1,0.9999999999994881,-1.2904171862830408e-20
2.1544346900318867e-05,46414.888336127726,11.547819846894582,-5.583560274029355e-16,nan,nan,8.312955544152821e+33,-4308869380.06155,4.630238595365882e+25,1,0.9999999999994881,-1.2904171862830408e-20
2.1544346900318867e-05,46414.888336127726,17.78279410038923,-5.583560274029355e-16,nan,nan,8.312955544152821e+33,-4308869380.06155,4.630238595365882e+25,1,0.9999999999994881,-1.2904171862830408e-20
2.1544346900318867e-05,46414.888336127726,27.384196342643612,-5.583560274029355e-16,nan,nan,8.312955544152821e+33,-4308869380.06155,4.630238595365882e+25,1,0.9999999999994881,-1.2904171862830408e-20
2.1544346900318867e-05,46414.888336127726,42.169650342858226,-5.583560274029355e-16,nan,nan,8.312955544152821e+33,-4308869380.06155,4.630238595365882e+25,1,0.9999999999994881,-1.2904171862830408e-20
2.1544346900318867e-05,46414.888336127726,64.93816315762113,-5.583560274029355e-16,nan,nan,8.312955544152821e+33,-4308869380.06155,4.630238595365882e+25,1,0.9999999999994881,-1.2904171862830408e-20
2.1544346900318867e-05,46414.888336127726,100.0,-5.583560274029355e-16,nan,nan,8.312955544152821e+33,-4308869380.06155,4.630238595365882e+25,1,0.9999999999994881,-1.2904171862830408e-20
2.1544346900318867e-05,46414.888336127726,153.9926526059492,-5.583560274029355e-16,nan,nan,8.312955544152821e+33,-4308869380.06155,4.630238595365882e+25,1,0.9999999999994881,-1.2904171862830408e-20
2.1544346900318867e-05,46414.888336127726,237.13737056616552,-5.583560274029355e-16,nan,nan,8.312955544152821e+33,-4308869380.06155,4.630238595365882e+25,1,0.9999999999994881,-1.2904171862830408e-20
2.1544346900318867e-05,46414.888336127726,365.1741272548377,-5.583560274029355e-16,nan,nan,8.312955544152821e+33,-4308869380.06155,4.630238595365882e+25,1,0.9999999999994881,-1.2904171862830408e-20
2.1544346900318867e-05,46414.888336127726,562.341325190349,-5.583560274029355e-16,nan,nan,8.312955544152821e+33,-4308869380.06155,4.630238595365882e+25,1,0.9999999999994881,-1.2904171862830408e-20
2.1544346900318867e-05,46414.888336127726,865.9643233600654,-5.583560274029355e-16,nan,nan,8.312955544152821e+33,-4308869380.06155,4.630238595365882e+25,1,0.9999999999994881,-1.2904171862830408e-20
2.1544346900318867e-05,46414.888336127726,1333.521432163324,-5.583560274029355e-16,nan,nan,8.312955544152821e+33,-4308869380.06155,4.630238595365882e+25,1,0.9999999999994881,-1.2904171862830408e-20
2.1544346900318867e-05,46414.888336127726,2053.525026457146,-5.583560274029355e-16,nan,nan,8.312955544152821e+33,-4308869380.06155,4.630238595365882e+25,1,0.9999999999994881,-1.2904171862830408e-20
2.1544346900318867e-05,46414.888336127726,3162.2776601683795,-5.583560274029355e-16,nan,nan,8.312955544152821e+33,-4308869380.06155,4.630238595365882e+25,1,0.9999999999994881,-1.2904171862830408e-20
2.1544346900318867e-05,46414.888336127726,4869.675251658631,-5.583560274029355e-16,nan,nan,8.312955544152821e+33,-4308869380.06155,4.630238595365882e+25,1,0.9999999999994881,-1.2904171862830408e-20
2.1544346900318867e-05,46414.888336127726,7498.942093324558,-5.583560274029355e-16,nan,nan,8.312955544152821e+33,-4308869380.06155,4.630238595365882e+25,1,0.9999999999994881,-1.2904171862830408e-20
2.1544346900318867e-05,46414.888336127726,11547.819846894581,-5.583560274029355e-16,nan,nan,8.312955544152821e+33,-4308869380.06155,4.630238595365882e+25,1,0.9999999999994881,-1.2904171862830408e-20
2.1544346900318867e-05,46414.888336127726,17782.794100389227,-5.583560274029355e-16,nan,nan,8.312955544152821e+33,-4308869380.06155,4.630238595365882e+25,1,0.9999999999994881,-1.2904171862830408e-20
2.1544346900318867e-05,46414.888336127726,27384.196342643612,-5.583560274029355e-16,nan,nan,8.312955544152821e+33,-4308869380.06155,4.630238595365882e+25,1,0.9999999999994881,-1.2904171862830408e-20
2.1544346900318867e-05,46414.888336127726,42169.65034285822,-5.583560274029355e-16,nan,nan,8.312955544152821e+33,-4308869380.06155,4.630238595365882e+25,1,0.9999999999994881,-1.2904171862830408e-20
2.1544346900318867e-05,46414.888336127726,64938.16315762113,-5.583560274029355e-16,nan,nan,8.312955544152821e+33,-4308869380.06155,4.630238595365882e+25,1,0.9999999999994881,-1.2904171862830408e-20
2.1544346900318867e-05,46414.888336127726,100000.0,-5.583560274029355e-16,nan,nan,8.312955544152821e+33,-4308869380.06155,4.630238595365882e+25,1,0.9999999999994881,-1.2904171862830408e-20
3.014162529877392e-05,33175.71127842855,0.0001,0.0,nan,nan,5.81497962991039e+32,0.0,6.339613434991325e+24,1,0.999999999998532,-7.147698804265754e-20
3.014162529877392e-05,33175.71127842855,0.0001539926526059492,0.0,nan,nan,5.81497962991039e+32,0.0,6.339613434991325e+24,1,0.999999999998532,-7.147698804265754e-20
3.014162529877392e-05,33175.71127842855,0.00023713737056616554,0.0,nan,nan,5.81497962991039e+32,0.0,6.339613434991325e+24,1,0.999999999998532,-7.147698804265754e-20
3.014162529877392e-05,33175.71127842855,0.0003651741272548377,0.0,nan,nan,5.81497962991039e+32,0.0,6.339613434991325e+24,1,0.999999999998532,-7.147698804265754e-20
3.014162529877392e-05,33175.71127842855,0.0005623413251903491,0.0,nan,nan,5.81497962991039e+32,0.0,6.339613434991325e+24,1,0.999999999998532,-7.147698804265754e-20
3.014162529877392e-05,33175.71127842855,0.0008659643233600654,0.0,nan,nan,5.81497962991039e+32,0.0,6.339613434991325e+24,1,0.999999999998532,-7.147698804265754e-20
3.014162529877392e-05,33175.71127842855,0.001333521432163324,0.0,nan,nan,5.81497962991039e+32,0.0,6.339613434991325e+24,1,0.999999999998532,-7.147698804265754e-20
3.014162529877392e-05,33175.71127842855,0.002053525026457146,0.0,nan,nan,5.81497962991039e+32,0.0,6.339613434991325e+24,1,0.999999999998532,-7.147698804265754e-20
3.014162529877392e-05,33175.71127842855,0.0031622776601683794,0.0,nan,nan,5.81497962991039e+32,0.0,6.339613434991325e+24,1,0.999999999998532,-7.147698804265754e-20
3.014162529877392e-05,33175.71127842855,0.004869675251658631,0.0,nan,nan,5.81497962991039e+32,0.0,6.339613434991325e+24,1,0.999999999998532,-7.147698804265754e-20
3.014162529877392e-05,33175.71127842855,0.007498942093324558,0.0,nan,nan,5.81497962991039e+32,0.0,6.339613434991325e+24,1,0.999999999998532,-7.147698804265754e-20
3.014162529877392e-05,33175.71127842855,0.011547819846894581,0.0,nan,nan,5.81497962991039e+32,0.0,6.339613434991325e+24,1,0.999999999998532,-7.147698804265754e-20
3.014162529877392e-05,33175.71127842855,0.01778279410038923,0.0,nan,nan,5.81497962991039e+32,0.0,6.339613434991325e+24,1,0.999999999998532,-7.147698804265754e-20
3.014162529877392e-05,33175.71127842855,0.027384196342643614,0.0,nan,nan,5.81497962991039e+32,0.0,6.339613434991325e+24,1,0.999999999998532,-7.147698804265754e-20
3.014162529877392e-05,33175.71127842855,0.042169650342858224,0.0,nan,nan,5.81497962991039e+32,0.0,6.339613434991325e+24,1,0.999999999998532,-7.147698804265754e-20
3.014162529877392e-05,33175.71127842855,0.06493816315762113,0.0,nan,nan,5.81497962991039e+32,0.0,6.339613434991325e+24,1,0.999999999998532,-7.147698804265754e-20
3.014162529877392e-05,33175.71127842855,0.1,0.0,nan,nan,5.81497962991039e+32,0.0,6.339613434991325e+24,1,0.999999999998532,-7.147698804265754e-20
3.014162529877392e-05,33175.71127842855,0.1539926526059492,0.0,nan,nan,5.81497962991039e+32,0.0,6.339613434991325e+24,1,0.999999999998532,-7.147698804265754e-20
3.014162529877392e-05,33175.71127842855,0.23713737056616552,0.0,nan,nan,5.81497962991039e+32,0.0,6.339613434991325e+24,1,0.999999999998532,-7.147698804265754e-20
3.014162529877392e-05,33175.71127842855,0.3651741272548377,0.0,nan,nan,5.81497962991039e+32,0.0,6.339613434991325e+24,1,0.999999999998532,-7.147698804265754e-20
3.014162529877392e-05,33175.71127842855,0.5623413251903491,0.0,nan,nan,5.81497962991039e+32,0.0,6.339613434991325e+24,1,0.999999999998532,-7.147698804265754e-20
3.014162529877392e-05,33175.71127842855,0.8659643233600653,0.0,nan,nan,5.81497962991039e+32,0.0,6.339613434991325e+24,1,0.999999999998532,-7.147698804265754e-20
3.014162529877392e-05,33175.71127842855,1.333521432163324,0.0,nan,nan,5.81497962991039e+32,0.0,6.339613434991325e+24,1,0.999999999998532,-7.147698804265754e-20
3.014162529877392e-05,33175.71127842855,2.053525026457146,0.0,nan,nan,5.81497962991039e+32,0.0,6.339613434991325e+24,1,0.999999999998532,-7.147698804265754e-20
3.014162529877392e-05,33175.71127842855,3.1622776601683795,0.0,nan,nan,5.81497962991039e+32,0.0,6.339613434991325e+24,1,0.999999999998532,-7.147698804265754e-20
3.014162529877392e-05,33175.71127842855,4.869675251658631,0.0,nan,nan,5.81497962991039e+32,0.0,6.339613434991325e+24,1,0.999999999998532,-7.147698804265754e-20
3.014162529877392e-05,33175.71127842855,7.498942093324558,0.0,nan,nan,5.81497962991039e+32,0.0,6.339613434991325e+24,1,0.999999999998532,-7.147698804265754e-20
3.014162529877392e-05,33175.71127842855,11.547819846894582,0.0,nan,nan,5.81497962991039e+32,0.0,6.339613434991325e+24,1,0.999999999998532,-7.147698804265754e-20
3.014162529877392e-05,33175.71127842855,17.78279410038923,0.0,nan,nan,5.81497962991039e+32,0.0,6.339613434991325e+24,1,0.999999999998532,-7.147698804265754e-20
3.014162529877392e-05,33175.71127842855,27.384196342643612,0.0,nan,nan,5.81497962991039e+32,0.0,6.339613434991325e+24,1,0.999999999998532,-7.147698804265754e-20
3.014162529877392e-05,33175.71127842855,42.169650342858226,0.0,nan,nan,5.81497962991039e+32,0.0,6.339613434991325e+24,1,0.999999999998532,-7.147698804265754e-20
3.014162529877392e-05,33175.71127842855,64.93816315762113,0.0,nan,nan,5.81497962991039e+32,0.0,6.339613434991325e+24,1,0.999999999998532,-7.147698804265754e-20
3.014162529877392e-05,33175.71127842855,100.0,0.0,nan,nan,5.81497962991039e+32,0.0,6.339613434991325e+24,1,0.999999999998532,-7.147698804265754e-20
3.014162529877392e-05,33175.71127842855,153.9926526059492,0.0,nan,nan,5.81497962991039e+32,0.0,6.339613434991325e+24,1,0.999999999998532,-7.147698804265754e-20
3.014162529877392e-05,33175.71127842855,237.13737056616552,0.0,nan,nan,5.81497962991039e+32,0.0,6.339613434991325e+24,1,0.999999999998532,-7.147698804265754e-20
3.014162529877392e-05,33175.71127842855,365.1741272548377,0.0,nan,nan,5.81497962991039e+32,0.0,6.339613434991325e+24,1,0.999999999998532,-7.147698804265754e-20
3.014162529877392e-05,33175.71127842855,562.341325190349,0.0,nan,nan,5.81497962991039e+32,0.0,6.339613434991325e+24,1,0.999999999998532,-7.147698804265754e-20
3.014162529877392e-05,33175.71127842855,865.9643233600654,0.0,nan,nan,5.81497962991039e+32,0.0,6.339613434991325e+24,1,0.999999999998532,-7.147698804265754e-20
3.014162529877392e-05,33175.71127842855,1333.521432163324,0.0,nan,nan,5.81497962991039e+32,0.0,6.339613434991325e+24,1,0.999999999998532,-7.147698804265754e-20
3.014162529877392e-05,33175.71127842855,2053.525026457146,0.0,nan,nan,5.81497962991039e+32,0.0,6.339613434991325e+24,1,0.999999999998532,-7.147698804265754e-20
3.014162529877392e-05,33175.71127842855,3162.2776601683795,0.0,nan,nan,5.81497962991039e+32,0.0,6.339613434991325e+24,1,0.999999999998532,-7.147698804265754e-20
3.014162529877392e-05,33175.71127842855,4869.675251658631,0.0,nan,nan,5.81497962991039e+32,0.0,6.339613434991325e+24,1,0.999999999998532,-7.147698804265754e-20
3.014162529877392e-05,33175.71127842855,7498.942093324558,0.0,nan,nan,5.81497962991039e+32,0.0,6.339613434991325e+24,1,0.999999999998532,-7.147698804265754e-20
3.014162529877392e-05,33175.71127842855,11547.819846894581,0.0,nan,nan,5.81497962991039e+32,0.0,6.339613434991325e+24,1,0.999999999998532,-7.147698804265754e-20
3.014162529877392e-05,33175.71127842855,17782.794100389227,0.0,nan,nan,5.81497962991039e+32,0.0,6.339613434991325e+24,1,0.999999999998532,-7.147698804265754e-20
3.014162529877392e-05,33175.71127842855,27384.196342643612,0.0,nan,nan,5.81497962991039e+32,0.0,6.339613434991325e+24,1,0.999999999998532,-7.147698804265754e-20
3.014162529877392e-05,33175.71127842855,42169.65034285822,0.0,nan,nan,5.81497962991039e+32,0.0,6.339613434991325e+24,1,0.999999999998532,-7.147698804265754e-20
3.014162529877392e-05,33175.71127842855,64938.16315762113,0.0,nan,nan,5.81497962991039e+32,0.0,6.339613434991325e+24,1,0.999999999998532,-7.147698804265754e-20
3.014162529877392e-05,33175.71127842855,100000.0,0.0,nan,nan,5.81497962991039e+32,0.0,6.339613434991325e+24,1,0.999999999998532,-7.147698804265754e-20
4.216965034285822e-05,23712.737056616555,0.0001,0.0,nan,nan,4.106035804132828e+31,0.0,8.762014712827389e+23,1,0.9999999999958219,-3.9110738418060827e-19
4.216965034285822e-05,23712.737056616555,0.0001539926526059492,0.0,nan,nan,4.106035804132828e+31,0.0,8.762014712827389e+23,1,0.9999999999958219,-3.9110738418060827e-19
4.216965034285822e-05,23712.737056616555,0.00023713737056616554,0.0,nan,nan,4.106035804132828e+31,0.0,8.762014712827389e+23,1,0.9999999999958219,-3.9110738418060827e-19
4.216965034285822e-05,23712.737056616555,0.0003651741272548377,0.0,nan,nan,4.106035804132828e+31,0.0,8.762014712827389e+23,1,0.9999999999958219,-3.9110738418060827e-19
4.216965034285822e-05,23712.737056616555,0.0005623413251903491,0.0,nan,nan,4.106035804132828e+31,0.0,8.762014712827389e+23,1,0.9999999999958219,-3.9110738418060827e-19
4.216965034285822e-05,23712.737056616555,0.0008659643233600654,0.0,nan,nan,4.106035804132828e+31,0.0,8.762014712827389e+23,1,0.9999999999958219,-3.9110738418060827e-19
4.216965034285822e-05,23712.737056616555,0.001333521432163324,0.0,nan,nan,4.106035804132828e+31,0.0,8.762014712827389e+23,1,0.9999999999958219,-3.9110738418060827e-19
4.216965034285822e-05,23712.737056616555,0.002053525026457146,0.0,nan,nan,4.106035804132828e+31,0.0,8.762014712827389e+23,1,0.9999999999958219,-3.9110738418060827e-19
4.216965034285822e-05,23712.737056616555,0.0031622776601683794,0.0,nan,nan,4.106035804132828e+31,0.0,8.762014712827389e+23,1,0.9999999999958219,-3.9110738418060827e-19
4.216965034285822e-05,23712.737056616555,0.004869675251658631,0.0,nan,nan,4.106035804132828e+31,0.0,8.762014712827389e+23,1,0.9999999999958219,-3.9110738418060827e-19
4.216965034285822e-05,23712.737056616555,0.007498942093324558,0.0,nan,nan,4.106035804132828e+31,0.0,8.762014712827389e+23,1,0.9999999999958219,-3.9110738418060827e-19
4.216965034285822e-05,23712.737056616555,0.011547819846894581,0.0,nan,nan,4.106035804132828e+31,0.0,8.762014712827389e+23,1,0.9999999999958219,-3.9110738418060827e-19
4.216965034285822e-05,23712.737056616555,0.01778279410038923,0.0,nan,nan,4.106035804132828e+31,0.0,8.762014712827389e+23,1,0.9999999999958219,-3.9110738418060827e-19
4.216965034285822e-05,23712.737056616555,0.027384196342643614,0.0,nan,nan,4.106035804132828e+31,0.0,8.762014712827389e+23,1,0.9999999999958219,-3.9110738418060827e-19
4.216965034285822e-05,23712.737056616555,0.042169650342858224,0.0,nan,nan,4.106035804132828e+31,0.0,8.762014712827389e+23,1,0.9999999999958219,-3.9110738418060827e-19
4.216965034285822e-05,23712.737056616555,0.06493816315762113,0.0,nan,nan,4.106035804132828e+31,0.0,8.762014712827389e+23,1,0.9999999999958219,-3.9110738418060827e-19
4.216965034285822e-05,23712.737056616555,0.1,0.0,nan,nan,4.106035804132828e+31,0.0,8.762014712827389e+23,1,0.9999999999958219,-3.9110738418060827e-19
4.216965034285822e-05,23712.737056616555,0.1539926526059492,0.0,nan,nan,4.106035804132828e+31,0.0,8.762014712827389e+23,1,0.9999999999958219,-3.9110738418060827e-19
4.216965034285822e-05,23712.737056616555,0.23713737056616552,0.0,nan,nan,4.106035804132828e+31,0.0,8.762014712827389e+23,1,0.9999999999958219,-3.9110738418060827e-19
4.216965034285822e-05,23712.737056616555,0.3651741272548377,0.0,nan,nan,4.106035804132828e+31,0.0,8.762014712827389e+23,1,0.9999999999958219,-3.9110738418060827e-19
4.216965034285822e-05,23712.737056616555,0.5623413251903491,0.0,nan,nan,4.106035804132828e+31,0.0,8.762014712827389e+23,1,0.9999999999958219,-3.9110738418060827e-19
4.216965034285822e-05,23712.737056616555,0.8659643233600653,0.0,nan,nan,4.106035804132828e+31,0.0,8.762014712827389e+23,1,0.9999999999958219,-3.9110738418060827e-19
4.216965034285822e-05,23712.737056616555,1.333521432163324,0.0,nan,nan,4.106035804132828e+31,0.0,8.762014712827389e+23,1,0.9999999999958219,-3.9110738418060827e-19
4.216965034285822e-05,23712.737056616555,2.053525026457146,0.0,nan,nan,4.106035804132828e+31,0.0,8.762014712827389e+23,1,0.9999999999958219,-3.9110738418060827e-19
4.216965034285822e-05,23712.737056616555,3.1622776601683795,0.0,nan,nan,4.106035804132828e+31,0.0,8.762014712827389e+23,1,0.9999999999958219,-3.9110738418060827e-19
4.216965034285822e-05,23712.737056616555,4.869675251658631,0.0,nan,nan,4.106035804132828e+31,0.0,8.762014712827389e+23,1,0.9999999999958219,-3.9110738418060827e-19
4.216965034285822e-05,23712.737056616555,7.498942093324558,0.0,nan,nan,4.106035804132828e+31,0.0,8.762014712827389e+23,1,0.9999999999958219,-3.9110738418060827e-19
4.216965034285822e-05,23712.737056616555,11.547819846894582,0.0,nan,nan,4.106035804132828e+31,0.0,8.762014712827389e+23,1,0.9999999999958219,-3.9110738418060827e-19
4.216965034285822e-05,23712.737056616555,17.78279410038923,0.0,nan,nan,4.106035804132828e+31,0.0,8.762014712827389e+23,1,0.9999999999958219,-3.9110738418060827e-19
4.216965034285822e-05,23712.737056616555,27.384196342643612,0.0,nan,nan,4.106035804132828e+31,0.0,8.762014712827389e+23,1,0.9999999999958219,-3.9110738418060827e-19
4.216965034285822e-05,23712.737056616555,42.169650342858226,0.0,nan,nan,4.106035804132828e+31,0.0,8.762014712827389e+23,1,0.9999999999958219,-3.9110738418060827e-19
4.216965034285822e-05,23712.737056616555,64.93816315762113,0.0,nan,nan,4.106035804132828e+31,0.0,8.762014712827389e+23,1,0.9999999999958219,-3.9110738418060827e-19
4.216965034285822e-05,23712.737056616555,100.0,0.0,nan,nan,4.106035804132828e+31,0.0,8.762014712827389e+23,1,0.9999999999958219,-3.9110738418060827e-19
4.216965034285822e-05,23712.737056616555,153.9926526059492,0.0,nan,nan,4.106035804132828e+31,0.0,8.762014712827389e+23,1,0.9999999999958219,-3.9110738418060827e-19
4.216965034285822e-05,23712.737056616555,237.13737056616552,0.0,nan,nan,4.106035804132828e+31,0.0,8.762014712827389e+23,1,0.9999999999958219,-3.9110738418060827e-19
4.216965034285822e-05,23712.737056616555,365.1741272548377,0.0,nan,nan,4.106035804132828e+31,0.0,8.762014712827389e+23,1,0.9999999999958219,-3.9110738418060827e-19
4.216965034285822e-05,23712.737056616555,562.341325190349,0.0,nan,nan,4.106035804132828e+31,0.0,8.762014712827389e+23,1,0.9999999999958219,-3.9110738418060827e-19
4.216965034285822e-05,23712.737056616555,865.9643233600654,0.0,nan,nan,4.106035804132828e+31,0.0,8.762014712827389e+23,1,0.9999999999958219,-3.9110738418060827e-19
4.216965034285822e-05,23712.737056616555,1333.521432163324,0.0,nan,nan,4.106035804132828e+31,0.0,8.762014712827389e+23,1,0.9999999999958219,-3.9110738418060827e-19
4.216965034285822e-05,23712.737056616555,2053.525026457146,0.0,nan,nan,4.106035804132828e+31,0.0,8.762014712827389e+23,1,0.9999999999958219,-3.9110738418060827e-19
4.216965034285822e-05,23712.737056616555,3162.2776601683795,0.0,nan,nan,4.106035804132828e+31,0.0,8.762014712827389e+23,1,0.9999999999958219,-3.9110738418060827e-19
4.216965034285822e-05,23712.737056616555,4869.675251658631,0.0,nan,nan,4.106035804132828e+31,0.0,8.762014712827389e+23,1,0.9999999999958219,-3.9110738418060827e-19
4.216965034285822e-05,23712.737056616555,7498.942093324558,0.0,nan,nan,4.106035804132828e+31,0.0,8.762014712827389e+23,1,0.9999999999958219,-3.9110738418060827e-19
4.216965034285822e-05,23712.737056616555,11547.819846894581,0.0,nan,nan,4.106035804132828e+31,0.0,8.762014712827389e+23,1,0.9999999999958219,-3.9110738418060827e-19
4.216965034285822e-05,23712.737056616555,17782.794100389227,0.0,nan,nan,4.106035804132828e+31,0.0,8.762014712827389e+23,1,0.9999999999958219,-3.9110738418060827e-19
4.216965034285822e-05,23712.737056616555,27384.196342643612,0.0,nan,nan,4.106035804132828e+31,0.0,8.762014712827389e+23,1,0.9999999999958219,-3.9110738418060827e-19
4.216965034285822e-05,23712.737056616555,42169.65034285822,0.0,nan,nan,4.106035804132828e+31,0.0,8.762014712827389e+23,1,0.9999999999958219,-3.9110738418060827e-19
4.216965034285822e-05,23712.737056616555,64938.16315762113,0.0,nan,nan,4.106035804132828e+31,0.0,8.762014712827389e+23,1,0.9999999999958219,-3.9110738418060827e-19
4.216965034285822e-05,23712.737056616555,100000.0,0.0,nan,nan,4.106035804132828e+31,0.0,8.762014712827389e+23,1,0.9999999999958219,-3.9110738418060827e-19
5.899746255923572e-05,16948.88151390344,0.0001,4.3942092539824546e-16,nan,nan,2.9349854886797684e+30,8978077.60412446,1.2258966860896794e+23,1,0.9999999999882249,-2.1063206624391612e-18
5.899746255923572e-05,16948.88151390344,0.0001539926526059492,4.3942092539824546e-16,nan,nan,2.9349854886797684e+30,8978077.60412446,1.2258966860896794e+23,1,0.9999999999882249,-2.1063206624391612e-18
5.899746255923572e-05,16948.88151390344,0.00023713737056616554,4.3942092539824546e-16,nan,nan,2.9349854886797684e+30,8978077.60412446,1.2258966860896794e+23,1,0.9999999999882249,-2.1063206624391612e-18
5.899746255923572e-05,16948.88151390344,0.0003651741272548377,4.3942092539824546e-16,nan,nan,2.9349854886797684e+30,8978077.60412446,1.2258966860896794e+23,1,0.9999999999882249,-2.1063206624391612e-18
5.899746255923572e-05,16948.88151390344,0.0005623413251903491,4.3942092539824546e-16,nan,nan,2.9349854886797684e+30,8978077.60412446,1.2258966860896794e+23,1,0.9999999999882249,-2.1063206624391612e-18
5.899746255923572e-05,16948.88151390344,0.0008659643233600654,4.3942092539824546e-16,nan,nan,2.9349854886797684e+30,8978077.60412446,1.2258966860896794e+23,1,0.9999999999882249,-2.1063206624391612e-18
5.899746255923572e-05,16948.88151390344,0.001333521432163324,4.3942092539824546e-16,nan,nan,2.9349854886797684e+30,8978077.60412446,1.2258966860896794e+23,1,0.9999999999882249,-2.1063206624391612e-18
5.899746255923572e-05,16948.88151390344,0.002053525026457146,4.3942092539824546e-16,nan,nan,2.9349854886797684e+30,8978077.60412446,1.2258966860896794e+23,1,0.9999999999882249,-2.1063206624391612e-18
5.899746255923572e-05,16948.88151390344,0.0031622776601683794,4.3942092539824546e-16,nan,nan,2.9349854886797684e+30,8978077.60412446,1.2258966860896794e+23,1,0.9999999999882249,-2.1063206624391612e-18
5.899746255923572e-05,16948.88151390344,0.004869675251658631,4.3942092539824546e-16,nan,nan,2.9349854886797684e+30,8978077.60412446,1.2258966860896794e+23,1,0.9999999999882249,-2.1063206624391612e-18
5.899746255923572e-05,16948.88151390344,0.007498942093324558,4.3942092539824546e-16,nan,nan,2.9349854886797684e+30,8978077.60412446,1.2258966860896794e+23,1,0.9999999999882249,-2.1063206624391612e-18
5.899746255923572e-05,16948.88151390344,0.011547819846894581,4.3942092539824546e-16,nan,nan,2.9349854886797684e+30,8978077.60412446,1.2258966860896794e+23,1,0.9999999999882249,-2.1063206624391612e-18
5.899746255923572e-05,16948.88151390344,0.01778279410038923,4.3942092539824546e-16,nan,nan,2.9349854886797684e+30,8978077.60412446,1.2258966860896794e+23,1,0.9999999999882249,-2.1063206624391612e-18
5.899746255923572e-05,16948.88151390344,0.027384196342643614,4.3942092539824546e-16,nan,nan,2.9349854886797684e+30,8978077.60412446,1.2258966860896794e+23,1,0.9999999999882249,-2.1063206624391612e-18
5.899746255923572e-05,16948.88151390344,0.042169650342858224,4.3942092539824546e-16,nan,nan,2.9349854886797684e+30,8978077.60412446,1.2258966860896794e+23,1,0.9999999999882249,-2.1063206624391612e-18
5.899746255923572e-05,16948.88151390344,0.06493816315762113,4.3942092539824546e-16,nan,nan,2.9349854886797684e+30,8978077.60412446,1.2258966860896794e+23,1,0.9999999999882249,-2.1063206624391612e-18
5.899746255923572e-05,16948.88151390344,0.1,4.3942092539824546e-16,nan,nan,2.9349854886797684e+30,8978077.60412446,1.2258966860896794e+23,1,0.9999999999882249,-2.1063206624391612e-18
5.899746255923572e-05,16948.88151390344,0.1539926526059492,4.3942092539824546e-16,nan,nan,2.9349854886797684e+30,8978077.60412446,1.2258966860896794e+23,1,0.9999999999882249,-2.1063206624391612e-18
5.899746255923572e-05,16948.88151390344,0.23713737056616552,4.3942092539824546e-16,nan,nan,2.9349854886797684e+30,8978077.60412446,1.2258966860896794e+23,1,0.9999999999882249,-2.1063206624391612e-18
5.899746255923572e-05,16948.88151390344,0.3651741272548377,4.3942092539824546e-16,nan,nan,2.9349854886797684e+30,8978077.60412446,1.2258966860896794e+23,1,0.9999999999882249,-2.1063206624391612e-18
5.899746255923572e-05,16948.88151390344,0.5623413251903491,4.3942092539824546e-16,nan,nan,2.9349854886797684e+30,8978077.60412446,1.2258966860896794e+23,1,0.9999999999882249,-2.1063206624391612e-18
5.899746255923572e-05,16948.88151390344,0.8659643233600653,4.3942092539824546e-16,nan,nan,2.9349854886797684e+30,8978077.60412446,1.2258966860896794e+23,1,0.9999999999882249,-2.1063206624391612e-18
5.899746255923572e-05,16948.88151390344,1.333521432163324,4.3942092539824546e-16,nan,nan,2.9349854886797684e+30,8978077.60412446,1.2258966860896794e+23,1,0.9999999999882249,-2.1063206624391612e-18
5.899746255923572e-05,16948.88151390344,2.053525026457146,4.3942092539824546e-16,nan,nan,2.9349854886797684e+30,8978077.60412446,1.2258966860896794e+23,1,0.9999999999882249,-2.1063206624391612e-18
5.899746255923572e-05,16948.88151390344,3.1622776601683795,4.3942092539824546e-16,nan,nan,2.9349854886797684e+30,8978077.60412446,1.2258966860896794e+23,1,0.9999999999882249,-2.1063206624391612e-18
5.899746255923572e-05,16948.88151390344,4.869675251658631,4.3942092539824546e-16,nan,nan,2.9349854886797684e+30,8978077.60412446,1.2258966860896794e+23,1,0.9999999999882249,-2.1063206624391612e-18
5.899746255923572e-05,16948.88151390344,7.498942093324558,4.3942092539824546e-16,nan,nan,2.9349854886797684e+30,8978077.60412446,1.2258966860896794e+23,1,0.9999999999882249,-2.1063206624391612e-18
5.899746255923572e-05,16948.88151390344,11.547819846894582,4.3942092539824546e-16,nan,nan,2.9349854886797684e+30,8978077.60412446,1.2258966860896794e+23,1,0.9999999999882249,-2.1063206624391612e-18
5.899746255923572e-05,16948.88151390344,17.78279410038923,4.3942092539824546e-16,nan,nan,2.9349854886797684e+30,8978077.60412446,1.2258966860896794e+23,1,0.9999999999882249,-2.1063206624391612e-18
5.899746255923572e-05,16948.88151390344,27.384196342643612,4.3942092539824546e-16,nan,nan,2.9349854886797684e+30,8978077.60412446,1.2258966860896794e+23,1,0.9999999999882249,-2.1063206624391612e-18
5.899746255923572e-05,16948.88151390344,42.169650342858226,4.3942092539824546e-16,nan,nan,2.9349854886797684e+30,8978077.60412446,1.2258966860896794e+23,1,0.9999999999882249,-2.1063206624391612e-18
5.899746255923572e-05,16948.88151390344,64.93816315762113,4.3942092539824546e-16,nan,nan,2.9349854886797684e+30,8978077.60412446,1.2258966860896794e+23,1,0.9999999999882249,-2.1063206624391612e-18
5.899746255923572e-05,16948.88151390344,100.0,4.3942092539824546e-16,nan,nan,2.9349854886797684e+30,8978077.60412446,1.2258966860896794e+23,1,0.9999999999882249,-2.1063206624391612e-18
5.899746255923572e-05,16948.88151390344,153.9926526059492,4.3942092539824546e-16,nan,nan,2.9349854886797684e+30,8978077.60412446,1.2258966860896794e+23,1,0.9999999999882249,-2.1063206624391612e-18
5.899746255923572e-05,16948.88151390344,237.13737056616552,4.3942092539824546e-16,nan,nan,2.9349854886797684e+30,8978077.60412446,1.2258966860896794e+23,1,0.9999999999882249,-2.1063206624391612e-18
5.899746255923572e-05,16948.88151390344,365.1741272548377,4.3942092539824546e-16,nan,nan,2.9349854886797684e+30,8978077.60412446,1.2258966860896794e+23,1,0.9999999999882249,-2.1063206624391612e-18
5.899746255923572e-05,16948.88151390344,562.341325190349,4.3942092539824546e-16,nan,nan,2.9349854886797684e+30,8978077.60412446,1.2258966860896794e+23,1,0.9999999999882249,-2.1063206624391612e-18
5.899746255923572e-05,16948.88151390344,865.9643233600654,4.3942092539824546e-16,nan,nan,2.9349854886797684e+30,8978077.60412446,1.2258966860896794e+23,1,0.9999999999882249,-2.1063206624391612e-18
5.899746255923572e-05,16948.88151390344,1333.521432163324,4.3942092539824546e-16,nan,nan,2.9349854886797684e+30,8978077.60412446,1.2258966860896794e+23,1,0.9999999999882249,-2.1063206624391612e-18
5.899746255923572e-05,16948.88151390344,2053.525026457146,4.3942092539824546e-16,nan,nan,2.9349854886797684e+30,8978077.60412446,1.2258966860896794e+23,1,0.9999999999882249,-2.1063206624391612e-18
5.899746255923572e-05,16948.88151390344,3162.2776601683795,4.3942092539824546e-16,nan,nan,2.9349854886797684e+30,8978077.60412446,1.2258966860896794e+23,1,0.9999999999882249,-2.1063206624391612e-18
5.899746255923572e-05,16948.88151390344,4869.675251658631,4.3942092539824546e-16,nan,nan,2.9349854886797684e+30,8978077.60412446,1.2258966860896794e+23,1,0.9999999999882249,-2.1063206624391612e-18
5.899746255923572e-05,16948.88151390344,7498.942093324558,4.3942092539824546e-16,nan,nan,2.9349854886797684e+30,8978077.60412446,1.2258966860896794e+23,1,0.9999999999882249,-2.1063206624391612e-18
5.899746255923572e-05,16948.88151390344,11547.819846894581,4.3942092539824546e-16,nan,nan,2.9349854886797684e+30,8978077.60412446,1.2258966860896794e+23,1,0.9999999999882249,-2.1063206624391612e-18
5.899746255923572e-05,16948.88151390344,17782.794100389227,4.3942092539824546e-16,nan,nan,2.9349854886797684e+30,8978077.60412446,1.2258966860896794e+23,1,0.9999999999882249,-2.1063206624391612e-18
5.899746255923572e-05,16948.88151390344,27384.196342643612,4.3942092539824546e-16,nan,nan,2.9349854886797684e+30,8978077.60412446,1.2258966860896794e+23,1,0.9999999999882249,-2.1063206624391612e-18
5.899746255923572e-05,16948.88151390344,42169.65034285822,4.3942092539824546e-16,nan,nan,2.9349854886797684e+30,8978077.60412446,1.2258966860896794e+23,1,0.9999999999882249,-2.1063206624391612e-18
5.899746255923572e-05,16948.88151390344,64938.16315762113,4.3942092539824546e-16,nan,nan,2.9349854886797684e+30,8978077.60412446,1.2258966860896794e+23,1,0.9999999999882249,-2.1063206624391612e-18
5.899746255923572e-05,16948.88151390344,100000.0,4.3942092539824546e-16,nan,nan,2.9349854886797684e+30,8978077.60412446,1.2258966860896794e+23,1,0.9999999999882249,-2.1063206624391612e-18
8.25404185268019e-05,12114.276586285876,0.0001,-1.1849209588027846e-15,nan,nan,2.1307144021228883e+29,-3440154.533376464,1.7419665882829919e+22,1,0.9999999999672234,-1.111721709903331e-17
8.25404185268019e-05,12114.276586285876,0.0001539926526059492,-1.1849209588027846e-15,nan,nan,2.1307144021228883e+29,-3440154.533376464,1.7419665882829919e+22,1,0.9999999999672234,-1.111721709903331e-17
8.25404185268019e-05,12114.276586285876,0.00023713737056616554,-1.1849209588027846e-15,nan,nan,2.1307144021228883e+29,-3440154.533376464,1.7419665882829919e+22,1,0.9999999999672234,-1.111721709903331e-17
8.25404185268019e-05,12114.276586285876,0.0003651741272548377,-1.1849209588027846e-15,nan,nan,2.1307144021228883e+29,-3440154.533376464,1.7419665882829919e+22,1,0.9999999999672234,-1.111721709903331e-17
8.25404185268019e-05,12114.276586285876,0.0005623413251903491,-1.1849209588027846e-15,nan,nan,2.1307144021228883e+29,-3440154.533376464,1.7419665882829919e+22,1,0.9999999999672234,-1.111721709903331e-17
8.25404185268019e-05,12114.276586285876,0.0008659643233600654,-1.1849209588027846e-15,nan,nan,2.1307144021228883e+29,-3440154.533376464,1.7419665882829919e+22,1,0.9999999999672234,-1.111721709903331e-17
8.25404185268019e-05,12114.276586285876,0.001333521432163324,-1.1849209588027846e-15,nan,nan,2.1307144021228883e+29,-3440154.533376464,1.7419665882829919e+22,1,0.9999999999672234,-1.111721709903331e-17
8.25404185268019e-05,12114.276586285876,0.002053525026457146,-1.1849209588027846e-15,nan,nan,2.1307144021228883e+29,-3440154.533376464,1.7419665882829919e+22,1,0.9999999999672234,-1.111721709903331e-17
8.25404185268019e-05,12114.276586285876,0.0031622776601683794,-1.1849209588027846e-15,nan,nan,2.1307144021228883e+29,-3440154.533376464,1.7419665882829919e+22,1,0.9999999999672234,-1.111721709903331e-17
8.25404185268019e-05,12114.276586285876,0.004869675251658631,-1.1849209588027846e-15,nan,nan,2.1307144021228883e+29,-3440154.533376464,1.7419665882829919e+22,1,0.9999999999672234,-1.111721709903331e-17
8.25404185268019e-05,12114.276586285876,0.007498942093324558,-1.1849209588027846e-15,nan,nan,2.1307144021228883e+29,-3440154.533376464,1.7419665882829919e+22,1,0.9999999999672234,-1.111721709903331e-17
8.25404185268019e-05,12114.276586285876,0.011547819846894581,-1.1849209588027846e-15,nan,nan,2.1307144021228883e+29,-3440154.533376464,1.7419665882829919e+22,1,0.9999999999672234,-1.111721709903331e-17
8.25404185268019e-05,12114.276586285876,0.01778279410038923,-1.1849209588027846e-15,nan,nan,2.1307144021228883e+29,-3440154.533376464,1.7419665882829919e+22,1,0.9999999999672234,-1.111721709903331e-17
8.25404185268019e-05,12114.276586285876,0.027384196342643614,-1.1849209588027846e-15,nan,nan,2.1307144021228883e+29,-3440154.533376464,1.7419665882829919e+22,1,0.9999999999672234,-1.111721709903331e-17
8.25404185268019e-05,12114.276586285876,0.042169650342858224,-1.1849209588027846e-15,nan,nan,2.1307144021228883e+29,-3440154.533376464,1.7419665882829919e+22,1,0.9999999999672234,-1.111721709903331e-17
8.25404185268019e-05,12114.276586285876,0.06493816315762113,-1.1849209588027846e-15,nan,nan,2.1307144021228883e+29,-3440154.533376464,1.7419665882829919e+22,1,0.9999999999672234,-1.111721709903331e-17
8.25404185268019e-05,12114.276586285876,0.1,-1.1849209588027846e-15,nan,nan,2.1307144021228883e+29,-3440154.533376464,1.7419665882829919e+22,1,0.9999999999672234,-1.111721709903331e-17
8.25404185268019e-05,12114.276586285876,0.1539926526059492,-1.1849209588027846e-15,nan,nan,2.1307144021228883e+29,-3440154.533376464,1.7419665882829919e+22,1,0.9999999999672234,-1.111721709903331e-17
8.25404185268019e-05,12114.276586285876,0.23713737056616552,-1.1849209588027846e-15,nan,nan,2.1307144021228883e+29,-3440154.533376464,1.7419665882829919e+22,1,0.9999999999672234,-1.111721709903331e-17
8.25404185268019e-05,12114.276586285876,0.3651741272548377,-1.1849209588027846e-15,nan,nan,2.1307144021228883e+29,-3440154.533376464,1.7419665882829919e+22,1,0.9999999999672234,-1.111721709903331e-17
8.25404185268019e-05,12114.276586285876,0.5623413251903491,-1.1849209588027846e-15,nan,nan,2.1307144021228883e+29,-3440154.533376464,1.7419665882829919e+22,1,0.9999999999672234,-1.111721709903331e-17
8.25404185268019e-05,12114.276586285876,0.8659643233600653,-1.1849209588027846e-15,nan,nan,2.1307144021228883e+29,-3440154.533376464,1.7419665882829919e+22,1,0.9999999999672234,-1.111721709903331e-17
8.25404185268019e-05,12114.276586285876,1.333521432163324,-1.1849209588027846e-15,nan,nan,2.1307144021228883e+29,-3440154.533376464,1.7419665882829919e+22,1,0.9999999999672234,-1.111721709903331e-17
8.25404185268019e-05,12114.276586285876,2.053525026457146,-1.1849209588027846e-15,nan,nan,2.1307144021228883e+29,-3440154.533376464,1.7419665882829919e+22,1,0.9999999999672234,-1.111721709903331e-17
8.25404185268019e-05,12114.276586285876,3.1622776601683795,-1.1849209588027846e-15,nan,nan,2.1307144021228883e+29,-3440154.533376464,1.7419665882829919e+22,1,0.9999999999672234,-1.111721709903331e-17
8.25404185268019e-05,12114.276586285876,4.869675251658631,-1.1849209588027846e-15,nan,nan,2.1307144021228883e+29,-3440154.533376464,1.7419665882829919e+22,1,0.9999999999672234,-1.111721709903331e-17
8.25404185268019e-05,12114.276586285876,7.498942093324558,-1.1849209588027846e-15,nan,nan,2.1307144021228883e+29,-3440154.533376464,1.7419665882829919e+22,1,0.9999999999672234,-1.111721709903331e-17
8.25404185268019e-05,12114.276586285876,11.547819846894582,-1.1849209588027846e-15,nan,nan,2.1307144021228883e+29,-3440154.533376464,1.7419665882829919e+22,1,0.9999999999672234,-1.111721709903331e-17
8.25404185268019e-05,12114.276586285876,17.78279410038923,-1.1849209588027846e-15,nan,nan,2.1307144021228883e+29,-3440154.533376464,1.7419665882829919e+22,1,0.9999999999672234,-1.111721709903331e-17
8.25404185268019e-05,12114.276586285876,27.384196342643612,-1.1849209588027846e-15,nan,nan,2.1307144021228883e+29,-3440154.533376464,1.7419665882829919e+22,1,0.9999999999672234,-1.111721709903331e-17
8.25404185268019e-05,12114.276586285876,42.169650342858226,-1.1849209588027846e-15,nan,nan,2.1307144021228883e+29,-3440154.533376464,1.7419665882829919e+22,1,0.9999999999672234,-1.111721709903331e-17
8.25404185268019e-05,12114.276586285876,64.93816315762113,-1.1849209588027846e-15,nan,nan,2.1307144021228883e+29,-3440154.533376464,1.7419665882829919e+22,1,0.9999999999672234,-1.111721709903331e-17
8.25404185268019e-05,12114.276586285876,100.0,-1.1849209588027846e-15,nan,nan,2.1307144021228883e+29,-3440154.533376464,1.7419665882829919e+22,1,0.9999999999672234,-1.111721709903331e-17
8.25404185268019e-05,12114.276586285876,153.9926526059492,-1.1849209588027846e-15,nan,nan,2.1307144021228883e+29,-3440154.533376464,1.7419665882829919e+22,1,0.9999999999672234,-1.111721709903331e-17
8.25404185268019e-05,12114.276586285876,237.13737056616552,-1.1849209588027846e-15,nan,nan,2.1307144021228883e+29,-3440154.533376464,1.7419665882829919e+22,1,0.9999999999672234,-1.111721709903331e-17
8.25404185268019e-05,12114.276586285876,365.1741272548377,-1.1849209588027846e-15,nan,nan,2.1307144021228883e+29,-3440154.533376464,1.7419665882829919e+22,1,0.9999999999672234,-1.111721709903331e-17
8.25404185268019e-05,12114.276586285876,562.341325190349,-1.1849209588027846e-15,nan,nan,2.1307144021228883e+29,-3440154.533376464,1.7419665882829919e+22,1,0.9999999999672234,-1.111721709903331e-17
8.25404185268019e-05,12114.276586285876,865.9643233600654,-1.1849209588027846e-15,nan,nan,2.1307144021228883e+29,-3440154.533376464,1.7419665882829919e+22,1,0.9999999999672234,-1.111721709903331e-17
8.25404185268019e-05,12114.276586285876,1333.521432163324,-1.1849209588027846e-15,nan,nan,2.1307144021228883e+29,-3440154.533376464,1.7419665882829919e+22,1,0.9999999999672234,-1.111721709903331e-17
8.25404185268019e-05,12114.276586285876,2053.525026457146,-1.1849209588027846e-15,nan,nan,2.1307144021228883e+29,-3440154.533376464,1.7419665882829919e+22,1,0.9999999999672234,-1.111721709903331e-17
8.25404185268019e-05,12114.276586285876,3162.2776601683795,-1.1849209588027846e-15,nan,nan,2.1307144021228883e+29,-3440154.533376464,1.7419665882829919e+22,1,0.9999999999672234,-1.111721709903331e-17
8.25404185268019e-05,12114.276586285876,4869.675251658631,-1.1849209588027846e-15,nan,nan,2.1307144021228883e+29,-3440154.533376464,1.7419665882829919e+22,1,0.9999999999672234,-1.111721709903331e-17
8.25404185268019e-05,12114.276586285876,7498.942093324558,-1.1849209588027846e-15,nan,nan,2.1307144021228883e+29,-3440154.533376464,1.7419665882829919e+22,1,0.9999999999672234,-1.111721709903331e-17
8.25404185268019e-05,12114.276586285876,11547.819846894581,-1.1849209588027846e-15,nan,nan,2.1307144021228883e+29,-3440154.533376464,1.7419665882829919e+22,1,0.9999999999672234,-1.111721709903331e-17
8.25404185268019e-05,12114.276586285876,17782.794100389227,-1.1849209588027846e-15,nan,nan,2.1307144021228883e+29,-3440154.533376464,1.7419665882829919e+22,1,0.9999999999672234,-1.111721709903331e-17
8.25404185268019e-05,12114.276586285876,27384.196342643612,-1.1849209588027846e-15,nan,nan,2.1307144021228883e+29,-3440154.533376464,1.7419665882829919e+22,1,0.9999999999672234,-1.111721709903331e-17
8.25404185268019e-05,12114.276586285876,42169.65034285822,-1.1849209588027846e-15,nan,nan,2.1307144021228883e+29,-3440154.533376464,1.7419665882829919e+22,1,0.9999999999672234,-1.111721709903331e-17
8.25404185268019e-05,12114.276586285876,64938.16315762113,-1.1849209588027846e-15,nan,nan,2.1307144021228883e+29,-3440154.533376464,1.7419665882829919e+22,1,0.9999999999672234,-1.111721709903331e-17
8.25404185268019e-05,12114.276586285876,100000.0,-1.1849209588027846e-15,nan,nan,2.1307144021228883e+29,-3440154.533376464,1.7419665882829919e+22,1,0.9999999999672234,-1.111721709903331e-17
0.00011547819846894582,8658.643233600653,0.0001,0.0,nan,nan,1.57662891051942e+28,0.0,2.5229621311772683e+21,1,0.9999999999101469,-5.723968505020101e-17
0.00011547819846894582,8658.643233600653,0.0001539926526059492,0.0,nan,nan,1.57662891051942e+28,0.0,2.5229621311772683e+21,1,0.9999999999101469,-5.723968505020101e-17
0.00011547819846894582,8658.643233600653,0.00023713737056616554,0.0,nan,nan,1.57662891051942e+28,0.0,2.5229621311772683e+21,1,0.9999999999101469,-5.723968505020101e-17
0.00011547819846894582,8658.643233600653,0.0003651741272548377,0.0,nan,nan,1.57662891051942e+28,0.0,2.5229621311772683e+21,1,0.9999999999101469,-5.723968505020101e-17
0.00011547819846894582,8658.643233600653,0.0005623413251903491,0.0,nan,nan,1.57662891051942e+28,0.0,2.5229621311772683e+21,1,0.9999999999101469,-5.723968505020101e-17
0.00011547819846894582,8658.643233600653,0.0008659643233600654,0.0,nan,nan,1.57662891051942e+28,0.0,2.5229621311772683e+21,1,0.9999999999101469,-5.723968505020101e-17
0.00011547819846894582,8658.643233600653,0.001333521432163324,0.0,nan,nan,1.57662891051942e+28,0.0,2.5229621311772683e+21,1,0.9999999999101469,-5.723968505020101e-17
0.00011547819846894582,8658.643233600653,0.002053525026457146,0.0,nan,nan,1.57662891051942e+28,0.0,2.5229621311772683e+21,1,0.9999999999101469,-5.723968505020101e-17
0.00011547819846894582,8658.643233600653,0.0031622776601683794,0.0,nan,nan,1.57662891051942e+28,0.0,2.5229621311772683e+21,1,0.9999999999101469,-5.723968505020101e-17
0.00011547819846894582,8658.643233600653,0.004869675251658631,0.0,nan,nan,1.57662891051942e+28,0.0,2.5229621311772683e+21,1,0.9999999999101469,-5.723968505020101e-17
0.00011547819846894582,8658.643233600653,0.007498942093324558,0.0,nan,nan,1.57662891051942e+28,0.0,2.5229621311772683e+21,1,0.9999999999101469,-5.723968505020101e-17
0.00011547819846894582,8658.643233600653,0.011547819846894581,0.0,nan,nan,1.57662891051942e+28,0.0,2.5229621311772683e+21,1,0.9999999999101469,-5.723968505020101e-17
0.00011547819846894582,8658.643233600653,0.01778279410038923,0.0,nan,nan,1.57662891051942e+28,0.0,2.5229621311772683e+21,1,0.9999999999101469,-5.723968505020101e-17
0.00011547819846894582,8658.643233600653,0.027384196342643614,0.0,nan,nan,1.57662891051942e+28,0.0,2.5229621311772683e+21,1,0.9999999999101469,-5.723968505020101e-17
0.00011547819846894582,8658.643233600653,0.042169650342858224,0.0,nan,nan,1.57662891051942e+28,0.0,2.5229621311772683e+21,1,0.9999999999101469,-5.723968505020101e-17
0.00011547819846894582,8658.643233600653,0.06493816315762113,0.0,nan,nan,1.57662891051942e+28,0.0,2.5229621311772683e+21,1,0.9999999999101469,-5.723968505020101e-17
0.00011547819846894582,8658.643233600653,0.1,0.0,nan,nan,1.57662891051942e+28,0.0,2.5229621311772683e+21,1,0.9999999999101469,-5.723968505020101e-17
0.00011547819846894582,8658.643233600653,0.1539926526059492,0.0,nan,nan,1.57662891051942e+28,0.0,2.5229621311772683e+21,1,0.9999999999101469,-5.723968505020101e-17
0.00011547819846894582,8658.643233600653,0.23713737056616552,0.0,nan,nan,1.57662891051942e+28,0.0,2.5229621311772683e+21,1,0.9999999999101469,-5.723968505020101e-17
0.00011547819846894582,8658.643233600653,0.3651741272548377,0.0,nan,nan,1.57662891051942e+28,0.0,2.5229621311772683e+21,1,0.9999999999101469,-5.723968505020101e-17
0.00011547819846894582,8658.643233600653,0.5623413251903491,0.0,nan,nan,1.57662891051942e+28,0.0,2.5229621311772683e+21,1,0.9999999999101469,-5.723968505020101e-17
0.00011547819846894582,8658.643233600653,0.8659643233600653,0.0,nan,nan,1.57662891051942e+28,0.0,2.5229621311772683e+21,1,0.9999999999101469,-5.723968505020101e-17
0.00011547819846894582,8658.643233600653,1.333521432163324,0.0,nan,nan,1.57662891051942e+28,0.0,2.5229621311772683e+21,1,0.9999999999101469,-5.723968505020101e-17
0.00011547819846894582,8658.643233600653,2.053525026457146,0.0,nan,nan,1.57662891051942e+28,0.0,2.5229621311772683e+21,1,0.9999999999101469,-5.723968505020101e-17
0.00011547819846894582,8658.643233600653,3.1622776601683795,0.0,nan,nan,1.57662891051942e+28,0.0,2.5229621311772683e+21,1,0.9999999999101469,-5.723968505020101e-17
0.00011547819846894582,8658.643233600653,4.869675251658631,0.0,nan,nan,1.57662891051942e+28,0.0,2.5229621311772683e+21,1,0.9999999999101469,-5.723968505020101e-17
0.00011547819846894582,8658.643233600653,7.498942093324558,0.0,nan,nan,1.57662891051942e+28,0.0,2.5229621311772683e+21,1,0.9999999999101469,-5.723968505020101e-17
0.00011547819846894582,8658.643233600653,11.547819846894582,0.0,nan,nan,1.57662891051942e+28,0.0,2.5229621311772683e+21,1,0.9999999999101469,-5.723968505020101e-17
0.00011547819846894582,8658.643233600653,17.78279410038923,0.0,nan,nan,1.57662891051942e+28,0.0,2.5229621311772683e+21,1,0.9999999999101469,-5.723968505020101e-17
0.00011547819846894582,8658.643233600653,27.384196342643612,0.0,nan,nan,1.57662891051942e+28,0.0,2.5229621311772683e+21,1,0.9999999999101469,-5.723968505020101e-17
0.00011547819846894582,8658.643233600653,42.169650342858226,0.0,nan,nan,1.57662891051942e+28,0.0,2.5229621311772683e+21,1,0.9999999999101469,-5.723968505020101e-17
0.00011547819846894582,8658.643233600653,64.93816315762113,0.0,nan,nan,1.57662891051942e+28,0.0,2.5229621311772683e+21,1,0.9999999999101469,-5.723968505020101e-17
0.00011547819846894582,8658.643233600653,100.0,0.0,nan,nan,1.57662891051942e+28,0.0,2.5229621311772683e+21,1,0.9999999999101469,-5.723968505020101e-17
0.00011547819846894582,8658.643233600653,153.9926526059492,0.0,nan,nan,1.57662891051942e+28,0.0,2.5229621311772683e+21,1,0.9999999999101469,-5.723968505020101e-17
0.00011547819846894582,8658.643233600653,237.13737056616552,0.0,nan,nan,1.57662891051942e+28,0.0,2.5229621311772683e+21,1,0.9999999999101469,-5.723968505020101e-17
0.00011547819846894582,8658.643233600653,365.1741272548377,0.0,nan,nan,1.57662891051942e+28,0.0,2.5229621311772683e+21,1,0.9999999999101469,-5.723968505020101e-17
0.00011547819846894582,8658.643233600653,562.341325190349,0.0,nan,nan,1.57662891051942e+28,0.0,2.5229621311772683e+21,1,0.9999999999101469,-5.723968505020101e-17
0.00011547819846894582,8658.643233600653,865.9643233600654,0.0,nan,nan,1.57662891051942e+28,0.0,2.5229621311772683e+21,1,0.9999999999101469,-5.723968505020101e-17
0.00011547819846894582,8658.643233600653,1333.521432163324,0.0,nan,nan,1.57662891051942e+28,0.0,2.5229621311772683e+21,1,0.9999999999101469,-5.723968505020101e-17
0.00011547819846894582,8658.643233600653,2053.525026457146,0.0,nan,nan,1.57662891051942e+28,0.0,2.5229621311772683e+21,1,0.9999999999101469,-5.723968505020101e-17
0.00011547819846894582,8658.643233600653,3162.2776601683795,0.0,nan,nan,1.57662891051942e+28,0.0,2.5229621311772683e+21,1,0.9999999999101469,-5.723968505020101e-17
0.00011547819846894582,8658.643233600653,4869.675251658631,0.0,nan,nan,1.57662891051942e+28,0.0,2.5229621311772683e+21,1,0.9999999999101469,-5.723968505020101e-17
0.00011547819846894582,8658.643233600653,7498.942093324558,0.0,nan,nan,1.57662891051942e+28,0.0,2.5229621311772683e+21,1,0.9999999999101469,-5.723968505020101e-17
0.00011547819846894582,8658.643233600653,11547.819846894581,0.0,nan,nan,1.57662891051942e+28,0.0,2.5229621311772683e+21,1,0.9999999999101469,-5.723968505020101e-17
0.00011547819846894582,8658.643233600653,17782.794100389227,0.0,nan,nan,1.57662891051942e+28,0.0,2.5229621311772683e+21,1,0.9999999999101469,-5.723968505020101e-17
0.00011547819846894582,8658.643233600653,27384.196342643612,0.0,nan,nan,1.57662891051942e+28,0.0,2.5229621311772683e+21,1,0.9999999999101469,-5.723968505020101e-17
0.00011547819846894582,8658.643233600653,42169.65034285822,0.0,nan,nan,1.57662891051942e+28,0.0,2.5229621311772683e+21,1,0.9999999999101469,-5.723968505020101e-17
0.00011547819846894582,8658.643233600653,64938.16315762113,0.0,nan,nan,1.57662891051942e+28,0.0,2.5229621311772683e+21,1,0.9999999999101469,-5.723968505020101e-17
0.00011547819846894582,8658.643233600653,100000.0,0.0,nan,nan,1.57662891051942e+28,0.0,2.5229621311772683e+21,1,0.9999999999101469,-5.723968505020101e-17
0.00016155980984398745,6188.658188912604,0.0001,-6.006121991711906e-16,nan,nan,1.1932805593346462e+27,-37413.934068657014,3.7375798342670615e+20,1,0.9999999997580887,-2.8618502097148505e-16
0.00016155980984398745,6188.658188912604,0.0001539926526059492,-6.006121991711906e-16,nan,nan,1.1932805593346462e+27,-37413.934068657014,3.7375798342670615e+20,1,0.9999999997580887,-2.8618502097148505e-16
0.00016155980984398745,6188.658188912604,0.00023713737056616554,-6.006121991711906e-16,nan,nan,1.1932805593346462e+27,-37413.934068657014,3.7375798342670615e+20,1,0.9999999997580887,-2.8618502097148505e-16
0.00016155980984398745,6188.658188912604,0.0003651741272548377,-6.006121991711906e-16,nan,nan,1.1932805593346462e+27,-37413.934068657014,3.7375798342670615e+20,1,0.9999999997580887,-2.8618502097148505e-16
0.00016155980984398745,6188.658188912604,0.0005623413251903491,-6.006121991711906e-16,nan,nan,1.1932805593346462e+27,-37413.934068657014,3.7375798342670615e+20,1,0.9999999997580887,-2.8618502097148505e-16
0.00016155980984398745,6188.658188912604,0.0008659643233600654,-6.006121991711906e-16,nan,nan,1.1932805593346462e+27,-37413.934068657014,3.7375798342670615e+20,1,0.9999999997580887,-2.8618502097148505e-16
0.00016155980984398745,6188.658188912604,0.001333521432163324,-6.006121991711906e-16,nan,nan,1.1932805593346462e+27,-37413.934068657014,3.7375798342670615e+20,1,0.9999999997580887,-2.8618502097148505e-16
0.00016155980984398745,6188.658188912604,0.002053525026457146,-6.006121991711906e-16,nan,nan,1.1932805593346462e+27,-37413.934068657014,3.7375798342670615e+20,1,0.9999999997580887,-2.8618502097148505e-16
0.00016155980984398745,6188.658188912604,0.0031622776601683794,-6.006121991711906e-16,nan,nan,1.1932805593346462e+27,-37413.934068657014,3.7375798342670615e+20,1,0.9999999997580887,-2.8618502097148505e-16
0.00016155980984398745,6188.658188912604,0.004869675251658631,-6.006121991711906e-16,nan,nan,1.1932805593346462e+27,-37413.934068657014,3.7375798342670615e+20,1,0.9999999997580887,-2.8618502097148505e-16
0.00016155980984398745,6188.658188912604,0.007498942093324558,-6.006121991711906e-16,nan,nan,1.1932805593346462e+27,-37413.934068657014,3.7375798342670615e+20,1,0.9999999997580887,-2.8618502097148505e-16
0.00016155980984398745,6188.658188912604,0.011547819846894581,-6.006121991711906e-16,nan,nan,1.1932805593346462e+27,-37413.934068657014,3.7375798342670615e+20,1,0.9999999997580887,-2.8618502097148505e-16
0.00016155980984398745,6188.658188912604,0.01778279410038923,-6.006121991711906e-16,nan,nan,1.1932805593346462e+27,-37413.934068657014,3.7375798342670615e+20,1,0.9999999997580887,-2.8618502097148505e-16
0.00016155980984398745,6188.658188912604,0.027384196342643614,-6.006121991711906e-16,nan,nan,1.1932805593346462e+27,-37413.934068657014,3.7375798342670615e+20,1,0.9999999997580887,-2.8618502097148505e-16
0.00016155980984398745,6188.658188912604,0.042169650342858224,-6.006121991711906e-16,nan,nan,1.1932805593346462e+27,-37413.934068657014,3.7375798342670615e+20,1,0.9999999997580887,-2.8618502097148505e-16
0.00016155980984398745,6188.658188912604,0.06493816315762113,-6.006121991711906e-16,nan,nan,1.1932805593346462e+27,-37413.934068657014,3.7375798342670615e+20,1,0.9999999997580887,-2.8618502097148505e-16
0.00016155980984398745,6188.658188912604,0.1,-6.006121991711906e-16,nan,nan,1.1932805593346462e+27,-37413.934068657014,3.7375798342670615e+20,1,0.9999999997580887,-2.8618502097148505e-16
0.00016155980984398745,6188.658188912604,0.1539926526059492,-6.006121991711906e-16,nan,nan,1.1932805593346462e+27,-37413.934068657014,3.7375798342670615e+20,1,0.9999999997580887,-2.8618502097148505e-16
0.00016155980984398745,6188.658188912604,0.23713737056616552,-6.006121991711906e-16,nan,nan,1.1932805593346462e+27,-37413.934068657014,3.7375798342670615e+20,1,0.9999999997580887,-2.8618502097148505e-16
0.00016155980984398745,6188.658188912604,0.3651741272548377,-6.006121991711906e-16,nan,nan,1.1932805593346462e+27,-37413.934068657014,3.7375798342670615e+20,1,0.9999999997580887,-2.8618502097148505e-16
0.00016155980984398745,6188.658188912604,0.5623413251903491,-6.006121991711906e-16,nan,nan,1.1932805593346462e+27,-37413.934068657014,3.7375798342670615e+20,1,0.9999999997580887,-2.8618502097148505e-16
0.00016155980984398745,6188.658188912604,0.8659643233600653,-6.006121991711906e-16,nan,nan,1.1932805593346462e+27,-37413.934068657014,3.7375798342670615e+20,1,0.9999999997580887,-2.8618502097148505e-16
0.00016155980984398745,6188.658188912604,1.333521432163324,-6.006121991711906e-16,nan,nan,1.1932805593346462e+27,-37413.934068657014,3.7375798342670615e+20,1,0.9999999997580887,-2.8618502097148505e-16
0.00016155980984398745,6188.658188912604,2.053525026457146,-6.006121991711906e-16,nan,nan,1.1932805593346462e+27,-37413.934068657014,3.7375798342670615e+20,1,0.9999999997580887,-2.8618502097148505e-16
0.00016155980984398745,6188.658188912604,3.1622776601683795,-6.006121991711906e-16,nan,nan,1.1932805593346462e+27,-37413.934068657014,3.7375798342670615e+20,1,0.9999999997580887,-2.8618502097148505e-16
0.00016155980984398745,6188.658188912604,4.869675251658631,-6.006121991711906e-16,nan,nan,1.1932805593346462e+27,-37413.934068657014,3.7375798342670615e+20,1,0.9999999997580887,-2.8618502097148505e-16
0.00016155980984398745,6188.658188912604,7.498942093324558,-6.006121991711906e-16,nan,nan,1.1932805593346462e+27,-37413.934068657014,3.7375798342670615e+20,1,0.9999999997580887,-2.8618502097148505e-16
0.00016155980984398745,6188.658188912604,11.547819846894582,-6.006121991711906e-16,nan,nan,1.1932805593346462e+27,-37413.934068657014,3.7375798342670615e+20,1,0.9999999997580887,-2.8618502097148505e-16
0.00016155980984398745,6188.658188912604,17.78279410038923,-6.006121991711906e-16,nan,nan,1.1932805593346462e+27,-37413.934068657014,3.7375798342670615e+20,1,0.9999999997580887,-2.8618502097148505e-16
0.00016155980984398745,6188.658188912604,27.384196342643612,-6.006121991711906e-16,nan,nan,1.1932805593346462e+27,-37413.934068657014,3.7375798342670615e+20,1,0.9999999997580887,-2.8618502097148505e-16
0.00016155980984398745,6188.658188912604,42.169650342858226,-6.006121991711906e-16,nan,nan,1.1932805593346462e+27,-37413.934068657014,3.7375798342670615e+20,1,0.9999999997580887,-2.8618502097148505e-16
0.00016155980984398745,6188.658188912604,64.93816315762113,-6.006121991711906e-16,nan,nan,1.1932805593346462e+27,-37413.934068657014,3.7375798342670615e+20,1,0.9999999997580887,-2.8618502097148505e-16
0.00016155980984398745,6188.658188912604,100.0,-6.006121991711906e-16,nan,nan,1.1932805593346462e+27,-37413.934068657014,3.7375798342670615e+20,1,0.9999999997580887,-2.8618502097148505e-16
0.00016155980984398745,6188.658188912604,153.9926526059492,-6.006121991711906e-16,nan,nan,1.1932805593346462e+27,-37413.934068657014,3.7375798342670615e+20,1,0.9999999997580887,-2.8618502097148505e-16
0.00016155980984398745,6188.658188912604,237.13737056616552,-6.006121991711906e-16,nan,nan,1.1932805593346462e+27,-37413.934068657014,3.7375798342670615e+20,1,0.9999999997580887,-2.8618502097148505e-16
0.00016155980984398745,6188.658188912604,365.1741272548377,-6.006121991711906e-16,nan,nan,1.1932805593346462e+27,-37413.934068657014,3.7375798342670615e+20,1,0.9999999997580887,-2.8618502097148505e-16
0.00016155980984398745,6188.658188912604,562.341325190349,-6.006121991711906e-16,nan,nan,1.1932805593346462e+27,-37413.934068657014,3.7375798342670615e+20,1,0.9999999997580887,-2.8618502097148505e-16
0.00016155980984398745,6188.658188912604,865.9643233600654,-6.006121991711906e-16,nan,nan,1.1932805593346462e+27,-37413.934068657014,3.7375798342670615e+20,1,0.9999999997580887,-2.8618502097148505e-16
0.00016155980984398745,6188.658188912604,1333.521432163324,-6.006121991711906e-16,nan,nan,1.1932805593346462e+27,-37413.934068657014,3.7375798342670615e+20,1,0.9999999997580887,-2.8618502097148505e-16
0.00016155980984398745,6188.658188912604,2053.525026457146,-6.006121991711906e-16,nan,nan,1.1932805593346462e+27,-37413.934068657014,3.7375798342670615e+20,1,0.9999999997580887,-2.8618502097148505e-16
0.00016155980984398745,6188.658188912604,3162.2776601683795,-6.006121991711906e-16,nan,nan,1.1932805593346462e+27,-37413.934068657014,3.7375798342670615e+20,1,0.9999999997580887,-2.8618502097148505e-16
0.00016155980984398745,6188.658188912604,4869.675251658631,-6.006121991711906e-16,nan,nan,1.1932805593346462e+27,-37413.934068657014,3.7375798342670615e+20,1,0.9999999997580887,-2.8618502097148505e-16
0.00016155980984398745,6188.658188912604,7498.942093324558,-6.006121991711906e-16,nan,nan,1.1932805593346462e+27,-37413.934068657014,3.7375798342670615e+20,1,0.9999999997580887,-2.8618502097148505e-16
0.00016155980984398745,6188.658188912604,11547.819846894581,-6.006121991711906e-16,nan,nan,1.1932805593346462e+27,-37413.934068657014,3.7375798342670615e+20,1,0.9999999997580887,-2.8618502097148505e-16
0.00016155980984398745,6188.658188912604,17782.794100389227,-6.006121991711906e-16,nan,nan,1.1932805593346462e+27,-37413.934068657014,3.7375798342670615e+20,1,0.9999999997580887,-2.8618502097148505e-16
0.00016155980984398745,6188.658188912604,27384.196342643612,-6.006121991711906e-16,nan,nan,1.1932805593346462e+27,-37413.934068657014,3.7375798342670615e+20,1,0.9999999997580887,-2.8618502097148505e-16
0.00016155980984398745,6188.658188912604,42169.65034285822,-6.006121991711906e-16,nan,nan,1.1932805593346462e+27,-37413.934068657014,3.7375798342670615e+20,1,0.9999999997580887,-2.8618502097148505e-16
0.00016155980984398745,6188.658188912604,64938.16315762113,-6.006121991711906e-16,nan,nan,1.1932805593346462e+27,-37413.934068657014,3.7375798342670615e+20,1,0.9999999997580887,-2.8618502097148505e-16
0.00016155980984398745,6188.658188912604,100000.0,-6.006121991711906e-16,nan,nan,1.1932805593346462e+27,-37413.934068657014,3.7375798342670615e+20,1,0.9999999997580887,-2.8618502097148505e-16
0.00022603030271419218,4423.185553847914,0.0001,-2.019038985178745e-15,nan,nan,9.265282723236091e+25,-19114.665822643117,5.680325924348106e+19,1,0.9999999993618885,-1.3840845512334063e-15
0.00022603030271419218,4423.185553847914,0.0001539926526059492,-2.019038985178745e-15,nan,nan,9.265282723236091e+25,-19114.665822643117,5.680325924348106e+19,1,0.9999999993618885,-1.3840845512334063e-15
0.00022603030271419218,4423.185553847914,0.00023713737056616554,-2.019038985178745e-15,nan,nan,9.265282723236091e+25,-19114.665822643117,5.680325924348106e+19,1,0.9999999993618885,-1.3840845512334063e-15
0.00022603030271419218,4423.185553847914,0.0003651741272548377,-2.019038985178745e-15,nan,nan,9.265282723236091e+25,-19114.665822643117,5.680325924348106e+19,1,0.9999999993618885,-1.3840845512334063e-15
0.00022603030271419218,4423.185553847914,0.0005623413251903491,-2.019038985178745e-15,nan,nan,9.265282723236091e+25,-19114.665822643117,5.680325924348106e+19,1,0.9999999993618885,-1.3840845512334063e-15
0.00022603030271419218,4423.185553847914,0.0008659643233600654,-2.019038985178745e-15,nan,nan,9.265282723236091e+25,-19114.665822643117,5.680325924348106e+19,1,0.9999999993618885,-1.3840845512334063e-15
0.00022603030271419218,4423.185553847914,0.001333521432163324,-2.019038985178745e-15,nan,nan,9.265282723236091e+25,-19114.665822643117,5.680325924348106e+19,1,0.9999999993618885,-1.3840845512334063e-15
0.00022603030271419218,4423.185553847914,0.002053525026457146,-2.019038985178745e-15,nan,nan,9.265282723236091e+25,-19114.665822643117,5.680325924348106e+19,1,0.9999999993618885,-1.3840845512334063e-15
0.00022603030271419218,4423.185553847914,0.0031622776601683794,-2.019038985178745e-15,nan,nan,9.265282723236091e+25,-19114.665822643117,5.680325924348106e+19,1,0.9999999993618885,-1.3840845512334063e-15
0.00022603030271419218,4423.185553847914,0.004869675251658631,-2.019038985178745e-15,nan,nan,9.265282723236091e+25,-19114.665822643117,5.680325924348106e+19,1,0.9999999993618885,-1.3840845512334063e-15
0.00022603030271419218,4423.185553847914,0.007498942093324558,-2.019038985178745e-15,nan,nan,9.265282723236091e+25,-19114.665822643117,5.680325924348106e+19,1,0.9999999993618885,-1.3840845512334063e-15
0.00022603030271419218,4423.185553847914,0.011547819846894581,-2.019038985178745e-15,nan,nan,9.265282723236091e+25,-19114.665822643117,5.680325924348106e+19,1,0.9999999993618885,-1.3840845512334063e-15
0.00022603030271419218,4423.185553847914,0.01778279410038923,-2.019038985178745e-15,nan,nan,9.265282723236091e+25,-19114.665822643117,5.680325924348106e+19,1,0.9999999993618885,-1.3840845512334063e-15
0.00022603030271419218,4423.185553847914,0.027384196342643614,-2.019038985178745e-15,nan,nan,9.265282723236091e+25,-19114.665822643117,5.680325924348106e+19,1,0.9999999993618885,-1.3840845512334063e-15
0.00022603030271419218,4423.185553847914,0.042169650342858224,-2.019038985178745e-15,nan,nan,9.265282723236091e+25,-19114.665822643117,5.680325924348106e+19,1,0.9999999993618885,-1.3840845512334063e-15
0.00022603030271419218,4423.185553847914,0.06493816315762113,-2.019038985178745e-15,nan,nan,9.265282723236091e+25,-19114.665822643117,5.680325924348106e+19,1,0.9999999993618885,-1.3840845512334063e-15
0.00022603030271419218,4423.185553847914,0.1,-2.019038985178745e-15,nan,nan,9.265282723236091e+25,-19114.665822643117,5.680325924348106e+19,1,0.9999999993618885,-1.3840845512334063e-15
0.00022603030271419218,4423.185553847914,0.1539926526059492,-2.019038985178745e-15,nan,nan,9.265282723236091e+25,-19114.665822643117,5.680325924348106e+19,1,0.9999999993618885,-1.3840845512334063e-15
0.00022603030271419218,4423.185553847914,0.23713737056616552,-2.019038985178745e-15,nan,nan,9.265282723236091e+25,-19114.665822643117,5.680325924348106e+19,1,0.9999999993618885,-1.3840845512334063e-15
0.00022603030271419218,4423.185553847914,0.3651741272548377,-2.019038985178745e-15,nan,nan,9.265282723236091e+25,-19114.665822643117,5.680325924348106e+19,1,0.9999999993618885,-1.3840845512334063e-15
0.00022603030271419218,4423.185553847914,0.5623413251903491,-2.019038985178745e-15,nan,nan,9.265282723236091e+25,-19114.665822643117,5.680325924348106e+19,1,0.9999999993618885,-1.3840845512334063e-15
0.00022603030271419218,4423.185553847914,0.8659643233600653,-2.019038985178745e-15,nan,nan,9.265282723236091e+25,-19114.665822643117,5.680325924348106e+19,1,0.9999999993618885,-1.3840845512334063e-15
0.00022603030271419218,4423.185553847914,1.333521432163324,-2.019038985178745e-15,nan,nan,9.265282723236091e+25,-19114.665822643117,5.680325924348106e+19,1,0.9999999993618885,-1.3840845512334063e-15
0.00022603030271419218,4423.185553847914,2.053525026457146,-2.019038985178745e-15,nan,nan,9.265282723236091e+25,-19114.665822643117,5.680325924348106e+19,1,0.9999999993618885,-1.3840845512334063e-15
0.00022603030271419218,4423.185553847914,3.1622776601683795,-2.019038985178745e-15,nan,nan,9.265282723236091e+25,-19114.665822643117,5.680325924348106e+19,1,0.9999999993618885,-1.3840845512334063e-15
0.00022603030271419218,4423.185553847914,4.869675251658631,-2.019038985178745e-15,nan,nan,9.265282723236091e+25,-19114.665822643117,5.680325924348106e+19,1,0.9999999993618885,-1.3840845512334063e-15
0.00022603030271419218,4423.185553847914,7.498942093324558,-2.019038985178745e-15,nan,nan,9.265282723236091e+25,-19114.665822643117,5.680325924348106e+19,1,0.9999999993618885,-1.3840845512334063e-15
0.00022603030271419218,4423.185553847914,11.547819846894582,-2.019038985178745e-15,nan,nan,9.265282723236091e+25,-19114.665822643117,5.680325924348106e+19,1,0.9999999993618885,-1.3840845512334063e-15
0.00022603030271419218,4423.185553847914,17.78279410038923,-2.019038985178745e-15,nan,nan,9.265282723236091e+25,-19114.665822643117,5.680325924348106e+19,1,0.9999999993618885,-1.3840845512334063e-15
0.00022603030271419218,4423.185553847914,27.384196342643612,-2.019038985178745e-15,nan,nan,9.265282723236091e+25,-19114.665822643117,5.680325924348106e+19,1,0.9999999993618885,-1.3840845512334063e-15
0.00022603030271419218,4423.185553847914,42.169650342858226,-2.019038985178745e-15,nan,nan,9.265282723236091e+25,-19114.665822643117,5.680325924348106e+19,1,0.9999999993618885,-1.3840845512334063e-15
0.00022603030271419218,4423.185553847914,64.93816315762113,-2.019038985178745e-15,nan,nan,9.265282723236091e+25,-19114.665822643117,5.680325924348106e+19,1,0.9999999993618885,-1.3840845512334063e-15
0.00022603030271419218,4423.185553847914,100.0,-2.019038985178745e-15,nan,nan,9.265282723236091e+25,-19114.665822643117,5.680325924348106e+19,1,0.9999999993618885,-1.3840845512334063e-15
0.00022603030271419218,4423.185553847914,153.9926526059492,-2.019038985178745e-15,nan,nan,9.265282723236091e+25,-19114.665822643117,5.680325924348106e+19,1,0.9999999993618885,-1.3840845512334063e-15
0.00022603030271419218,4423.185553847914,237.13737056616552,-2.019038985178745e-15,nan,nan,9.265282723236091e+25,-19114.665822643117,5.680325924348106e+19,1,0.9999999993618885,-1.3840845512334063e-15
0.00022603030271419218,4423.185553847914,365.1741272548377,-2.019038985178745e-15,nan,nan,9.265282723236091e+25,-19114.665822643117,5.680325924348106e+19,1,0.9999999993618885,-1.3840845512334063e-15
0.00022603030271419218,4423.185553847914,562.341325190349,-2.019038985178745e-15,nan,nan,9.265282723236091e+25,-19114.665822643117,5.680325924348106e+19,1,0.9999999993618885,-1.3840845512334063e-15
0.00022603030271419218,4423.185553847914,865.9643233600654,-2.019038985178745e-15,nan,nan,9.265282723236091e+25,-19114.665822643117,5.680325924348106e+19,1,0.9999999993618885,-1.3840845512334063e-15
0.00022603030271419218,4423.185553847914,1333.521432163324,-2.019038985178745e-15,nan,nan,9.265282723236091e+25,-19114.665822643117,5.680325924348106e+19,1,0.9999999993618885,-1.3840845512334063e-15
0.00022603030271419218,4423.185553847914,2053.525026457146,-2.019038985178745e-15,nan,nan,9.265282723236091e+25,-19114.665822643117,5.680325924348106e+19,1,0.9999999993618885,-1.3840845512334063e-15
0.00022603030271419218,4423.185553847914,3162.2776601683795,-2.019038985178745e-15,nan,nan,9.265282723236091e+25,-19114.665822643117,5.680325924348106e+19,1,0.9999999993618885,-1.3840845512334063e-15
0.00022603030271419218,4423.185553847914,4869.675251658631,-2.019038985178745e-15,nan,nan,9.265282723236091e+25,-19114.665822643117,5.680325924348106e+19,1,0.9999999993618885,-1.3840845512334063e-15
0.00022603030271419218,4423.185553847914,7498.942093324558,-2.019038985178745e-15,nan,nan,9.265282723236091e+25,-19114.665822643117,5.680325924348106e+19,1,0.9999999993618885,-1.3840845512334063e-15
0.00022603030271419218,4423.185553847914,11547.819846894581,-2.019038985178745e-15,nan,nan,9.265282723236091e+25,-19114.665822643117,5.680325924348106e+19,1,0.9999999993618885,-1.3840845512334063e-15
0.00022603030271419218,4423.185553847914,17782.794100389227,-2.019038985178745e-15,nan,nan,9.265282723236091e+25,-19114.665822643117,5.680325924348106e+19,1,0.9999999993618885,-1.3840845512334063e-15
0.00022603030271419218,4423.185553847914,27384.196342643612,-2.019038985178745e-15,nan,nan,9.265282723236091e+25,-19114.665822643117,5.680325924348106e+19,1,0.9999999993618885,-1.3840845512334063e-15
0.00022603030271419218,4423.185553847914,42169.65034285822,-2.019038985178745e-15,nan,nan,9.265282723236091e+25,-19114.665822643117,5.680325924348106e+19,1,0.9999999993618885,-1.3840845512334063e-15
0.00022603030271419218,4423.185553847914,64938.16315762113,-2.019038985178745e-15,nan,nan,9.265282723236091e+25,-19114.665822643117,5.680325924348106e+19,1,0.9999999993618885,-1.3840845512334063e-15
0.00022603030271419218,4423.185553847914,100000.0,-2.019038985178745e-15,nan,nan,9.265282723236091e+25,-19114.665822643117,5.680325924348106e+19,1,0.9999999993618885,-1.3840845512334063e-15
0.00031622776601683794,3161.277660168379,0.0001,4.12693429597478e-16,nan,nan,7.394733205352034e+24,610.3515614950165,8.873679838824674e+18,1,0.9999999983534351,-6.458717708541841e-15
0.00031622776601683794,3161.277660168379,0.0001539926526059492,4.12693429597478e-16,nan,nan,7.394733205352034e+24,610.3515614950165,8.873679838824674e+18,1,0.9999999983534351,-6.458717708541841e-15
0.00031622776601683794,3161.277660168379,0.00023713737056616554,4.12693429597478e-16,nan,nan,7.394733205352034e+24,610.3515614950165,8.873679838824674e+18,1,0.9999999983534351,-6.458717708541841e-15
0.00031622776601683794,3161.277660168379,0.0003651741272548377,4.12693429597478e-16,nan,nan,7.394733205352034e+24,610.3515614950165,8.873679838824674e+18,1,0.9999999983534351,-6.458717708541841e-15
0.00031622776601683794,3161.277660168379,0.0005623413251903491,4.12693429597478e-16,nan,nan,7.394733205352034e+24,610.3515614950165,8.873679838824674e+18,1,0.9999999983534351,-6.458717708541841e-15
0.00031622776601683794,3161.277660168379,0.0008659643233600654,4.12693429597478e-16,nan,nan,7.394733205352034e+24,610.3515614950165,8.873679838824674e+18,1,0.9999999983534351,-6.458717708541841e-15
0.00031622776601683794,3161.277660168379,0.001333521432163324,4.12693429597478e-16,nan,nan,7.394733205352034e+24,610.3515614950165,8.873679838824674e+18,1,0.9999999983534351,-6.458717708541841e-15
0.00031622776601683794,3161.277660168379,0.002053525026457146,4.12693429597478e-16,nan,nan,7.394733205352034e+24,610.3515614950165,8.873679838824674e+18,1,0.9999999983534351,-6.458717708541841e-15
0.00031622776601683794,3161.277660168379,0.0031622776601683794,4.12693429597478e-16,nan,nan,7.394733205352034e+24,610.3515614950165,8.873679838824674e+18,1,0.9999999983534351,-6.458717708541841e-15
0.00031622776601683794,3161.277660168379,0.004869675251658631,4.12693429597478e-16,nan,nan,7.394733205352034e+24,610.3515614950165,8.873679838824674e+18,1,0.9999999983534351,-6.458717708541841e-15
0.00031622776601683794,3161.277660168379,0.007498942093324558,4.12693429597478e-16,nan,nan,7.394733205352034e+24,610.3515614950165,8.873679838824674e+18,1,0.9999999983534351,-6.458717708541841e-15
0.00031622776601683794,3161.277660168379,0.011547819846894581,4.12693429597478e-16,nan,nan,7.394733205352034e+24,610.3515614950165,8.873679838824674e+18,1,0.9999999983534351,-6.458717708541841e-15
0.00031622776601683794,3161.277660168379,0.01778279410038923,4.12693429597478e-16,nan,nan,7.394733205352034e+24,610.3515614950165,8.873679838824674e+18,1,0.9999999983534351,-6.458717708541841e-15
0.00031622776601683794,3161.277660168379,0.027384196342643614,4.12693429597478e-16,nan,nan,7.394733205352034e+24,610.3515614950165,8.873679838824674e+18,1,0.9999999983534351,-6.458717708541841e-15
0.00031622776601683794,3161.277660168379,0.042169650342858224,4.12693429597478e-16,nan,nan,7.394733205352034e+24,610.3515614950165,8.873679838824674e+18,1,0.9999999983534351,-6.458717708541841e-15
0.00031622776601683794,3161.277660168379,0.06493816315762113,4.12693429597478e-16,nan,nan,7.394733205352034e+24,610.3515614950165,8.873679838824674e+18,1,0.9999999983534351,-6.458717708541841e-15
0.00031622776601683794,3161.277660168379,0.1,4.12693429597478e-16,nan,nan,7.394733205352034e+24,610.3515614950165,8.873679838824674e+18,1,0.9999999983534351,-6.458717708541841e-15
0.00031622776601683794,3161.277660168379,0.1539926526059492,4.12693429597478e-16,nan,nan,7.394733205352034e+24,610.3515614950165,8.873679838824674e+18,1,0.9999999983534351,-6.458717708541841e-15
0.00031622776601683794,3161.277660168379,0.23713737056616552,4.12693429597478e-16,nan,nan,7.394733205352034e+24,610.3515614950165,8.873679838824674e+18,1,0.9999999983534351,-6.458717708541841e-15
0.00031622776601683794,3161.277660168379,0.3651741272548377,4.12693429597478e-16,nan,nan,7.394733205352034e+24,610.3515614950165,8.873679838824674e+18,1,0.9999999983534351,-6.458717708541841e-15
0.00031622776601683794,3161.277660168379,0.5623413251903491,4.12693429597478e-16,nan,nan,7.394733205352034e+24,610.3515614950165,8.873679838824674e+18,1,0.9999999983534351,-6.458717708541841e-15
0.00031622776601683794,3161.277660168379,0.8659643233600653,4.12693429597478e-16,nan,nan,7.394733205352034e+24,610.3515614950165,8.873679838824674e+18,1,0.9999999983534351,-6.458717708541841e-15
0.00031622776601683794,3161.277660168379,1.333521432163324,4.12693429597478e-16,nan,nan,7.394733205352034e+24,610.3515614950165,8.873679838824674e+18,1,0.9999999983534351,-6.458717708541841e-15
0.00031622776601683794,3161.277660168379,2.053525026457146,4.12693429597478e-16,nan,nan,7.394733205352034e+24,610.3515614950165,8.873679838824674e+18,1,0.9999999983534351,-6.458717708541841e-15
0.00031622776601683794,3161.277660168379,3.1622776601683795,4.12693429597478e-16,nan,nan,7.394733205352034e+24,610.3515614950165,8.873679838824674e+18,1,0.9999999983534351,-6.458717708541841e-15
0.00031622776601683794,3161.277660168379,4.869675251658631,4.12693429597478e-16,nan,nan,7.394733205352034e+24,610.3515614950165,8.873679838824674e+18,1,0.9999999983534351,-6.458717708541841e-15
0.00031622776601683794,3161.277660168379,7.498942093324558,4.12693429597478e-16,nan,nan,7.394733205352034e+24,610.3515614950165,8.873679838824674e+18,1,0.9999999983534351,-6.458717708541841e-15
0.00031622776601683794,3161.277660168379,11.547819846894582,4.12693429597478e-16,nan,nan,7.394733205352034e+24,610.3515614950165,8.873679838824674e+18,1,0.9999999983534351,-6.458717708541841e-15
0.00031622776601683794,3161.277660168379,17.78279410038923,4.12693429597478e-16,nan,nan,7.394733205352034e+24,610.3515614950165,8.873679838824674e+18,1,0.9999999983534351,-6.458717708541841e-15
0.00031622776601683794,3161.277660168379,27.384196342643612,4.12693429597478e-16,nan,nan,7.394733205352034e+24,610.3515614950165,8.873679838824674e+18,1,0.9999999983534351,-6.458717708541841e-15
0.00031622776601683794,3161.277660168379,42.169650342858226,4.12693429597478e-16,nan,nan,7.394733205352034e+24,610.3515614950165,8.873679838824674e+18,1,0.9999999983534351,-6.458717708541841e-15
0.00031622776601683794,3161.277660168379,64.93816315762113,4.12693429597478e-16,nan,nan,7.394733205352034e+24,610.3515614950165,8.873679838824674e+18,1,0.9999999983534351,-6.458717708541841e-15
0.00031622776601683794,3161.277660168379,100.0,4.12693429597478e-16,nan,nan,7.394733205352034e+24,610.3515614950165,8.873679838824674e+18,1,0.9999999983534351,-6.458717708541841e-15
0.00031622776601683794,3161.277660168379,153.9926526059492,4.12693429597478e-16,nan,nan,7.394733205352034e+24,610.3515614950165,8.873679838824674e+18,1,0.9999999983534351,-6.458717708541841e-15
0.00031622776601683794,3161.277660168379,237.13737056616552,4.12693429597478e-16,nan,nan,7.394733205352034e+24,610.3515614950165,8.873679838824674e+18,1,0.9999999983534351,-6.458717708541841e-15
0.00031622776601683794,3161.277660168379,365.1741272548377,4.12693429597478e-16,nan,nan,7.394733205352034e+24,610.3515614950165,8.873679838824674e+18,1,0.9999999983534351,-6.458717708541841e-15
0.00031622776601683794,3161.277660168379,562.341325190349,4.12693429597478e-16,nan,nan,7.394733205352034e+24,610.3515614950165,8.873679838824674e+18,1,0.9999999983534351,-6.458717708541841e-15
0.00031622776601683794,3161.277660168379,865.9643233600654,4.12693429597478e-16,nan,nan,7.394733205352034e+24,610.3515614950165,8.873679838824674e+18,1,0.9999999983534351,-6.458717708541841e-15
0.00031622776601683794,3161.277660168379,1333.521432163324,4.12693429597478e-16,nan,nan,7.394733205352034e+24,610.3515614950165,8.873679838824674e+18,1,0.9999999983534351,-6.458717708541841e-15
0.00031622776601683794,3161.277660168379,2053.525026457146,4.12693429597478e-16,nan,nan,7.394733205352034e+24,610.3515614950165,8.873679838824674e+18,1,0.9999999983534351,-6.458717708541841e-15
0.00031622776601683794,3161.277660168379,3162.2776601683795,4.12693429597478e-16,nan,nan,7.394733205352034e+24,610.3515614950165,8.873679838824674e+18,1,0.9999999983534351,-6.458717708541841e-15
0.00031622776601683794,3161.277660168379,4869.675251658631,4.12693429597478e-16,nan,nan,7.394733205352034e+24,610.3515614950165,8.873679838824674e+18,1,0.9999999983534351,-6.458717708541841e-15
0.00031622776601683794,3161.277660168379,7498.942093324558,4.12693429597478e-16,nan,nan,7.394733205352034e+24,610.3515614950165,8.873679838824674e+18,1,0.9999999983534351,-6.458717708541841e-15
0.00031622776601683794,3161.277660168379,11547.819846894581,4.12693429597478e-16,nan,nan,7.394733205352034e+24,610.3515614950165,8.873679838824674e+18,1,0.9999999983534351,-6.458717708541841e-15
0.00031622776601683794,3161.277660168379,17782.794100389227,4.12693429597478e-16,nan,nan,7.394733205352034e+24,610.3515614950165,8.873679838824674e+18,1,0.9999999983534351,-6.458717708541841e-15
0.00031622776601683794,3161.277660168379,27384.196342643612,4.12693429597478e-16,nan,nan,7.394733205352034e+24,610.3515614950165,8.873679838824674e+18,1,0.9999999983534351,-6.458717708541841e-15
0.00031622776601683794,3161.277660168379,42169.65034285822,4.12693429597478e-16,nan,nan,7.394733205352034e+24,610.3515614950165,8.873679838824674e+18,1,0.9999999983534351,-6.458717708541841e-15
0.00031622776601683794,3161.277660168379,64938.16315762113,4.12693429597478e-16,nan,nan,7.394733205352034e+24,610.3515614950165,8.873679838824674e+18,1,0.9999999983534351,-6.458717708541841e-15
0.00031622776601683794,3161.277660168379,100000.0,4.12693429597478e-16,nan,nan,7.394733205352034e+24,610.3515614950165,8.873679838824674e+18,1,0.9999999983534351,-6.458717708541841e-15
0.0004424185553847919,2259.3030271419193,0.0001,-1.3123610454696295e-15,nan,nan,6.069646511695209e+23,-311.826767168071,1.4256447228643428e+18,1,0.9999999958454934,-2.9060281143977305e-14
0.0004424185553847919,2259.3030271419193,0.0001539926526059492,-1.3123610454696295e-15,nan,nan,6.069646511695209e+23,-311.826767168071,1.4256447228643428e+18,1,0.9999999958454934,-2.9060281143977305e-14
0.0004424185553847919,2259.3030271419193,0.00023713737056616554,-1.3123610454696295e-15,nan,nan,6.069646511695209e+23,-311.826767168071,1.4256447228643428e+18,1,0.9999999958454934,-2.9060281143977305e-14
0.0004424185553847919,2259.3030271419193,0.0003651741272548377,-1.3123610454696295e-15,nan,nan,6.069646511695209e+23,-311.826767168071,1.4256447228643428e+18,1,0.9999999958454934,-2.9060281143977305e-14
0.0004424185553847919,2259.3030271419193,0.0005623413251903491,-1.3123610454696295e-15,nan,nan,6.069646511695209e+23,-311.826767168071,1.4256447228643428e+18,1,0.9999999958454934,-2.9060281143977305e-14
0.0004424185553847919,2259.3030271419193,0.0008659643233600654,-1.3123610454696295e-15,nan,nan,6.069646511695209e+23,-311.826767168071,1.4256447228643428e+18,1,0.9999999958454934,-2.9060281143977305e-14
0.0004424185553847919,2259.3030271419193,0.001333521432163324,-1.3123610454696295e-15,nan,nan,6.069646511695209e+23,-311.826767168071,1.4256447228643428e+18,1,0.9999999958454934,-2.9060281143977305e-14
0.0004424185553847919,2259.3030271419193,0.002053525026457146,-1.3123610454696295e-15,nan,nan,6.069646511695209e+23,-311.826767168071,1.4256447228643428e+18,1,0.9999999958454934,-2.9060281143977305e-14
0.0004424185553847919,2259.3030271419193,0.0031622776601683794,-1.3123610454696295e-15,nan,nan,6.069646511695209e+23,-311.826767168071,1.4256447228643428e+18,1,0.9999999958454934,-2.9060281143977305e-14
0.0004424185553847919,2259.3030271419193,0.004869675251658631,-1.3123610454696295e-15,nan,nan,6.069646511695209e+23,-311.826767168071,1.4256447228643428e+18,1,0.9999999958454934,-2.9060281143977305e-14
0.0004424185553847919,2259.3030271419193,0.007498942093324558,-1.3123610454696295e-15,nan,nan,6.069646511695209e+23,-311.826767168071,1.4256447228643428e+18,1,0.9999999958454934,-2.9060281143977305e-14
0.0004424185553847919,2259.3030271419193,0.011547819846894581,-1.3123610454696295e-15,nan,nan,6.069646511695209e+23,-311.826767168071,1.4256447228643428e+18,1,0.9999999958454934,-2.9060281143977305e-14
0.0004424185553847919,2259.3030271419193,0.01778279410038923,-1.3123610454696295e-15,nan,nan,6.069646511695209e+23,-311.826767168071,1.4256447228643428e+18,1,0.9999999958454934,-2.9060281143977305e-14
0.0004424185553847919,2259.3030271419193,0.027384196342643614,-1.3123610454696295e-15,nan,nan,6.069646511695209e+23,-311.826767168071,1.4256447228643428e+18,1,0.9999999958454934,-2.9060281143977305e-14
0.0004424185553847919,2259.3030271419193,0.042169650342858224,-1.3123610454696295e-15,nan,nan,6.069646511695209e+23,-311.826767168071,1.4256447228643428e+18,1,0.9999999958454934,-2.9060281143977305e-14
0.0004424185553847919,2259.3030271419193,0.06493816315762113,-1.3123610454696295e-15,nan,nan,6.069646511695209e+23,-311.826767168071,1.4256447228643428e+18,1,0.9999999958454934,-2.9060281143977305e-14
0.0004424185553847919,2259.3030271419193,0.1,-1.3123610454696295e-15,nan,nan,6.069646511695209e+23,-311.826767168071,1.4256447228643428e+18,1,0.9999999958454934,-2.9060281143977305e-14
0.0004424185553847919,2259.3030271419193,0.1539926526059492,-1.3123610454696295e-15,nan,nan,6.069646511695209e+23,-311.826767168071,1.4256447228643428e+18,1,0.9999999958454934,-2.9060281143977305e-14
0.0004424185553847919,2259.3030271419193,0.23713737056616552,-1.3123610454696295e-15,nan,nan,6.069646511695209e+23,-311.826767168071,1.4256447228643428e+18,1,0.9999999958454934,-2.9060281143977305e-14
0.0004424185553847919,2259.3030271419193,0.3651741272548377,-1.3123610454696295e-15,nan,nan,6.069646511695209e+23,-311.826767168071,1.4256447228643428e+18,1,0.9999999958454934,-2.9060281143977305e-14
0.0004424185553847919,2259.3030271419193,0.5623413251903491,-1.3123610454696295e-15,nan,nan,6.069646511695209e+23,-311.826767168071,1.4256447228643428e+18,1,0.9999999958454934,-2.9060281143977305e-14
0.0004424185553847919,2259.3030271419193,0.8659643233600653,-1.3123610454696295e-15,nan,nan,6.069646511695209e+23,-311.826767168071,1.4256447228643428e+18,1,0.9999999958454934,-2.9060281143977305e-14
0.0004424185553847919,2259.3030271419193,1.333521432163324,-1.3123610454696295e-15,nan,nan,6.069646511695209e+23,-311.826767168071,1.4256447228643428e+18,1,0.9999999958454934,-2.9060281143977305e-14
0.0004424185553847919,2259.3030271419193,2.053525026457146,-1.3123610454696295e-15,nan,nan,6.069646511695209e+23,-311.826767168071,1.4256447228643428e+18,1,0.9999999958454934,-2.9060281143977305e-14
0.0004424185553847919,2259.3030271419193,3.1622776601683795,-1.3123610454696295e-15,nan,nan,6.069646511695209e+23,-311.826767168071,1.4256447228643428e+18,1,0.9999999958454934,-2.9060281143977305e-14
0.0004424185553847919,2259.3030271419193,4.869675251658631,-1.3123610454696295e-15,nan,nan,6.069646511695209e+23,-311.826767168071,1.4256447228643428e+18,1,0.9999999958454934,-2.9060281143977305e-14
0.0004424185553847919,2259.3030271419193,7.498942093324558,-1.3123610454696295e-15,nan,nan,6.069646511695209e+23,-311.826767168071,1.4256447228643428e+18,1,0.9999999958454934,-2.9060281143977305e-14
0.0004424185553847919,2259.3030271419193,11.547819846894582,-1.3123610454696295e-15,nan,nan,6.069646511695209e+23,-311.826767168071,1.4256447228643428e+18,1,0.9999999958454934,-2.9060281143977305e-14
0.0004424185553847919,2259.3030271419193,17.78279410038923,-1.3123610454696295e-15,nan,nan,6.069646511695209e+23,-311.826767168071,1.4256447228643428e+18,1,0.9999999958454934,-2.9060281143977305e-14
0.0004424185553847919,2259.3030271419193,27.384196342643612,-1.3123610454696295e-15,nan,nan,6.069646511695209e+23,-311.826767168071,1.4256447228643428e+18,1,0.9999999958454934,-2.9060281143977305e-14
0.0004424185553847919,2259.3030271419193,42.169650342858226,-1.3123610454696295e-15,nan,nan,6.069646511695209e+23,-311.826767168071,1.4256447228643428e+18,1,0.9999999958454934,-2.9060281143977305e-14
0.0004424185553847919,2259.3030271419193,64.93816315762113,-1.3123610454696295e-15,nan,nan,6.069646511695209e+23,-311.826767168071,1.4256447228643428e+18,1,0.9999999958454934,-2.9060281143977305e-14
0.0004424185553847919,2259.3030271419193,100.0,-1.3123610454696295e-15,nan,nan,6.069646511695209e+23,-311.826767168071,1.4256447228643428e+18,1,0.9999999958454934,-2.9060281143977305e-14
0.0004424185553847919,2259.3030271419193,153.9926526059492,-1.3123610454696295e-15,nan,nan,6.069646511695209e+23,-311.826767168071,1.4256447228643428e+18,1,0.9999999958454934,-2.9060281143977305e-14
0.0004424185553847919,2259.3030271419193,237.13737056616552,-1.3123610454696295e-15,nan,nan,6.069646511695209e+23,-311.826767168071,1.4256447228643428e+18,1,0.9999999958454934,-2.9060281143977305e-14
0.0004424185553847919,2259.3030271419193,365.1741272548377,-1.3123610454696295e-15,nan,nan,6.069646511695209e+23,-311.826767168071,1.4256447228643428e+18,1,0.9999999958454934,-2.9060281143977305e-14
0.0004424185553847919,2259.3030271419193,562.341325190349,-1.3123610454696295e-15,nan,nan,6.069646511695209e+23,-311.826767168071,1.4256447228643428e+18,1,0.9999999958454934,-2.9060281143977305e-14
0.0004424185553847919,2259.3030271419193,865.9643233600654,-1.3123610454696295e-15,nan,nan,6.069646511695209e+23,-311.826767168071,1.4256447228643428e+18,1,0.9999999958454934,-2.9060281143977305e-14
0.0004424185553847919,2259.3030271419193,1333.521432163324,-1.3123610454696295e-15,nan,nan,6.069646511695209e+23,-311.826767168071,1.4256447228643428e+18,1,0.9999999958454934,-2.9060281143977305e-14
0.0004424185553847919,2259.3030271419193,2053.525026457146,-1.3123610454696295e-15,nan,nan,6.069646511695209e+23,-311.826767168071,1.4256447228643428e+18,1,0.9999999958454934,-2.9060281143977305e-14
0.0004424185553847919,2259.3030271419193,3162.2776601683795,-1.3123610454696295e-15,nan,nan,6.069646511695209e+23,-311.826767168071,1.4256447228643428e+18,1,0.9999999958454934,-2.9060281143977305e-14
0.0004424185553847919,2259.3030271419193,4869.675251658631,-1.3123610454696295e-15,nan,nan,6.069646511695209e+23,-311.826767168071,1.4256447228643428e+18,1,0.9999999958454934,-2.9060281143977305e-14
0.0004424185553847919,2259.3030271419193,7498.942093324558,-1.3123610454696295e-15,nan,nan,6.069646511695209e+23,-311.826767168071,1.4256447228643428e+18,1,0.9999999958454934,-2.9060281143977305e-14
0.0004424185553847919,2259.3030271419193,11547.819846894581,-1.3123610454696295e-15,nan,nan,6.069646511695209e+23,-311.826767168071,1.4256447228643428e+18,1,0.9999999958454934,-2.9060281143977305e-14
0.0004424185553847919,2259.3030271419193,17782.794100389227,-1.3123610454696295e-15,nan,nan,6.069646511695209e+23,-311.826767168071,1.4256447228643428e+18,1,0.9999999958454934,-2.9060281143977305e-14
0.0004424185553847919,2259.3030271419193,27384.196342643612,-1.3123610454696295e-15,nan,nan,6.069646511695209e+23,-311.826767168071,1.4256447228643428e+18,1,0.9999999958454934,-2.9060281143977305e-14
0.0004424185553847919,2259.3030271419193,42169.65034285822,-1.3123610454696295e-15,nan,nan,6.069646511695209e+23,-311.826767168071,1.4256447228643428e+18,1,0.9999999958454934,-2.9060281143977305e-14
0.0004424185553847919,2259.3030271419193,64938.16315762113,-1.3123610454696295e-15,nan,nan,6.069646511695209e+23,-311.826767168071,1.4256447228643428e+18,1,0.9999999958454934,-2.9060281143977305e-14
0.0004424185553847919,2259.3030271419193,100000.0,-1.3123610454696295e-15,nan,nan,6.069646511695209e+23,-311.826767168071,1.4256447228643428e+18,1,0.9999999958454934,-2.9060281143977305e-14
0.000618965818891261,1614.598098439873,0.0001,5.077455564824165e-16,nan,nan,5.118553836831979e+22,19.91391898275266,2.3532163252580858e+17,1,0.9999999897419294,-1.262372233864154e-13
0.000618965818891261,1614.598098439873,0.0001539926526059492,5.077455564824165e-16,nan,nan,5.118553836831979e+22,19.91391898275266,2.3532163252580858e+17,1,0.9999999897419294,-1.262372233864154e-13
0.000618965818891261,1614.598098439873,0.00023713737056616554,5.077455564824165e-16,nan,nan,5.118553836831979e+22,19.91391898275266,2.3532163252580858e+17,1,0.9999999897419294,-1.262372233864154e-13
0.000618965818891261,1614.598098439873,0.0003651741272548377,5.077455564824165e-16,nan,nan,5.118553836831979e+22,19.91391898275266,2.3532163252580858e+17,1,0.9999999897419294,-1.262372233864154e-13
0.000618965818891261,1614.598098439873,0.0005623413251903491,5.077455564824165e-16,nan,nan,5.118553836831979e+22,19.91391898275266,2.3532163252580858e+17,1,0.9999999897419294,-1.262372233864154e-13
0.000618965818891261,1614.598098439873,0.0008659643233600654,5.077455564824165e-16,nan,nan,5.118553836831979e+22,19.91391898275266,2.3532163252580858e+17,1,0.9999999897419294,-1.262372233864154e-13
0.000618965818891261,1614.598098439873,0.001333521432163324,5.077455564824165e-16,nan,nan,5.118553836831979e+22,19.91391898275266,2.3532163252580858e+17,1,0.9999999897419294,-1.262372233864154e-13
0.000618965818891261,1614.598098439873,0.002053525026457146,5.077455564824165e-16,nan,nan,5.118553836831979e+22,19.91391898275266,2.3532163252580858e+17,1,0.9999999897419294,-1.262372233864154e-13
0.000618965818891261,1614.598098439873,0.0031622776601683794,5.077455564824165e-16,nan,nan,5.118553836831979e+22,19.91391898275266,2.3532163252580858e+17,1,0.9999999897419294,-1.262372233864154e-13
0.000618965818891261,1614.598098439873,0.004869675251658631,5.077455564824165e-16,nan,nan,5.118553836831979e+22,19.91391898275266,2.3532163252580858e+17,1,0.9999999897419294,-1.262372233864154e-13
0.000618965818891261,1614.598098439873,0.007498942093324558,5.077455564824165e-16,nan,nan,5.118553836831979e+22,19.91391898275266,2.3532163252580858e+17,1,0.9999999897419294,-1.262372233864154e-13
0.000618965818891261,1614.598098439873,0.011547819846894581,5.077455564824165e-16,nan,nan,5.118553836831979e+22,19.91391898275266,2.3532163252580858e+17,1,0.9999999897419294,-1.262372233864154e-13
0.000618965818891261,1614.598098439873,0.01778279410038923,5.077455564824165e-16,nan,nan,5.118553836831979e+22,19.91391898275266,2.3532163252580858e+17,1,0.9999999897419294,-1.262372233864154e-13
0.000618965818891261,1614.598098439873,0.027384196342643614,5.077455564824165e-16,nan,nan,5.118553836831979e+22,19.91391898275266,2.3532163252580858e+17,1,0.9999999897419294,-1.262372233864154e-13
0.000618965818891261,1614.598098439873,0.042169650342858224,5.077455564824165e-16,nan,nan,5.118553836831979e+22,19.91391898275266,2.3532163252580858e+17,1,0.9999999897419294,-1.262372233864154e-13
0.000618965818891261,1614.598098439873,0.06493816315762113,5.077455564824165e-16,nan,nan,5.118553836831979e+22,19.91391898275266,2.3532163252580858e+17,1,0.9999999897419294,-1.262372233864154e-13
0.000618965818891261,1614.598098439873,0.1,5.077455564824165e-16,nan,nan,5.118553836831979e+22,19.91391898275266,2.3532163252580858e+17,1,0.9999999897419294,-1.262372233864154e-13
0.000618965818891261,1614.598098439873,0.1539926526059492,5.077455564824165e-16,nan,nan,5.118553836831979e+22,19.91391898275266,2.3532163252580858e+17,1,0.9999999897419294,-1.262372233864154e-13
0.000618965818891261,1614.598098439873,0.23713737056616552,5.077455564824165e-16,nan,nan,5.118553836831979e+22,19.91391898275266,2.3532163252580858e+17,1,0.9999999897419294,-1.262372233864154e-13
0.000618965818891261,1614.598098439873,0.3651741272548377,5.077455564824165e-16,nan,nan,5.118553836831979e+22,19.91391898275266,2.3532163252580858e+17,1,0.9999999897419294,-1.262372233864154e-13
0.000618965818891261,1614.598098439873,0.5623413251903491,5.077455564824165e-16,nan,nan,5.118553836831979e+22,19.91391898275266,2.3532163252580858e+17,1,0.9999999897419294,-1.262372233864154e-13
0.000618965818891261,1614.598098439873,0.8659643233600653,5.077455564824165e-16,nan,nan,5.118553836831979e+22,19.91391898275266,2.3532163252580858e+17,1,0.9999999897419294,-1.262372233864154e-13
0.000618965818891261,1614.598098439873,1.333521432163324,5.077455564824165e-16,nan,nan,5.118553836831979e+22,19.91391898275266,2.3532163252580858e+17,1,0.9999999897419294,-1.262372233864154e-13
0.000618965818891261,1614.598098439873,2.053525026457146,5.077455564824165e-16,nan,nan,5.118553836831979e+22,19.91391898275266,2.3532163252580858e+17,1,0.9999999897419294,-1.262372233864154e-13
0.000618965818891261,1614.598098439873,3.1622776601683795,5.077455564824165e-16,nan,nan,5.118553836831979e+22,19.91391898275266,2.3532163252580858e+17,1,0.9999999897419294,-1.262372233864154e-13
0.000618965818891261,1614.598098439873,4.869675251658631,5.077455564824165e-16,nan,nan,5.118553836831979e+22,19.91391898275266,2.3532163252580858e+17,1,0.9999999897419294,-1.262372233864154e-13
0.000618965818891261,1614.598098439873,7.498942093324558,5.077455564824165e-16,nan,nan,5.118553836831979e+22,19.91391898275266,2.3532163252580858e+17,1,0.9999999897419294,-1.262372233864154e-13
0.000618965818891261,1614.598098439873,11.547819846894582,5.077455564824165e-16,nan,nan,5.118553836831979e+22,19.91391898275266,2.3532163252580858e+17,1,0.9999999897419294,-1.262372233864154e-13
0.000618965818891261,1614.598098439873,17.78279410038923,5.077455564824165e-16,nan,nan,5.118553836831979e+22,19.91391898275266,2.3532163252580858e+17,1,0.9999999897419294,-1.262372233864154e-13
0.000618965818891261,1614.598098439873,27.384196342643612,5.077455564824165e-16,nan,nan,5.118553836831979e+22,19.91391898275266,2.3532163252580858e+17,1,0.9999999897419294,-1.262372233864154e-13
0.000618965818891261,1614.598098439873,42.169650342858226,5.077455564824165e-16,nan,nan,5.118553836831979e+22,19.91391898275266,2.3532163252580858e+17,1,0.9999999897419294,-1.262372233864154e-13
0.000618965818891261,1614.598098439873,64.93816315762113,5.077455564824165e-16,nan,nan,5.118553836831979e+22,19.91391898275266,2.3532163252580858e+17,1,0.9999999897419294,-1.262372233864154e-13
0.000618965818891261,1614.598098439873,100.0,5.077455564824165e-16,nan,nan,5.118553836831979e+22,19.91391898275266,2.3532163252580858e+17,1,0.9999999897419294,-1.262372233864154e-13
0.000618965818891261,1614.598098439873,153.9926526059492,5.077455564824165e-16,nan,nan,5.118553836831979e+22,19.91391898275266,2.3532163252580858e+17,1,0.9999999897419294,-1.262372233864154e-13
0.000618965818891261,1614.598098439873,237.13737056616552,5.077455564824165e-16,nan,nan,5.118553836831979e+22,19.91391898275266,2.3532163252580858e+17,1,0.9999999897419294,-1.262372233864154e-13
0.000618965818891261,1614.598098439873,365.1741272548377,5.077455564824165e-16,nan,nan,5.118553836831979e+22,19.91391898275266,2.3532163252580858e+17,1,0.9999999897419294,-1.262372233864154e-13
0.000618965818891261,1614.598098439873,562.341325190349,5.077455564824165e-16,nan,nan,5.118553836831979e+22,19.91391898275266,2.3532163252580858e+17,1,0.9999999897419294,-1.262372233864154e-13
0.000618965818891261,1614.598098439873,865.9643233600654,5.077455564824165e-16,nan,nan,5.118553836831979e+22,19.91391898275266,2.3532163252580858e+17,1,0.9999999897419294,-1.262372233864154e-13
0.000618965818891261,1614.598098439873,1333.521432163324,5.077455564824165e-16,nan,nan,5.118553836831979e+22,19.91391898275266,2.3532163252580858e+17,1,0.9999999897419294,-1.262372233864154e-13
0.000618965818891261,1614.598098439873,2053.525026457146,5.077455564824165e-16,nan,nan,5.118553836831979e+22,19.91391898275266,2.3532163252580858e+17,1,0.9999999897419294,-1.262372233864154e-13
0.000618965818891261,1614.598098439873,3162.2776601683795,5.077455564824165e-16,nan,nan,5.118553836831979e+22,19.91391898275266,2.3532163252580858e+17,1,0.9999999897419294,-1.262372233864154e-13
0.000618965818891261,1614.598098439873,4869.675251658631,5.077455564824165e-16,nan,nan,5.118553836831979e+22,19.91391898275266,2.3532163252580858e+17,1,0.9999999897419294,-1.262372233864154e-13
0.000618965818891261,1614.598098439873,7498.942093324558,5.077455564824165e-16,nan,nan,5.118553836831979e+22,19.91391898275266,2.3532163252580858e+17,1,0.9999999897419294,-1.262372233864154e-13
0.000618965818891261,1614.598098439873,11547.819846894581,5.077455564824165e-16,nan,nan,5.118553836831979e+22,19.91391898275266,2.3532163252580858e+17,1,0.9999999897419294,-1.262372233864154e-13
0.000618965818891261,1614.598098439873,17782.794100389227,5.077455564824165e-16,nan,nan,5.118553836831979e+22,19.91391898275266,2.3532163252580858e+17,1,0.9999999897419294,-1.262372233864154e-13
0.000618965818891261,1614.598098439873,27384.196342643612,5.077455564824165e-16,nan,nan,5.118553836831979e+22,19.91391898275266,2.3532163252580858e+17,1,0.9999999897419294,-1.262372233864154e-13
0.000618965818891261,1614.598098439873,42169.65034285822,5.077455564824165e-16,nan,nan,5.118553836831979e+22,19.91391898275266,2.3532163252580858e+17,1,0.9999999897419294,-1.262372233864154e-13
0.000618965818891261,1614.598098439873,64938.16315762113,5.077455564824165e-16,nan,nan,5.118553836831979e+22,19.91391898275266,2.3532163252580858e+17,1,0.9999999897419294,-1.262372233864154e-13
0.000618965818891261,1614.598098439873,100000.0,5.077455564824165e-16,nan,nan,5.118553836831979e+22,19.91391898275266,2.3532163252580858e+17,1,0.9999999897419294,-1.262372233864154e-13
0.0008659643233600663,1153.781984689457,0.0001,1.1498860652141392e-15,nan,nan,4.424523637440431e+21,7.6304706519035825,3.9815095343121816e+16,1,0.9999999751673188,-5.310300166975732e-13
0.0008659643233600663,1153.781984689457,0.0001539926526059492,1.1498860652141392e-15,nan,nan,4.424523637440431e+21,7.6304706519035825,3.9815095343121816e+16,1,0.9999999751673188,-5.310300166975732e-13
0.0008659643233600663,1153.781984689457,0.00023713737056616554,1.1498860652141392e-15,nan,nan,4.424523637440431e+21,7.6304706519035825,3.9815095343121816e+16,1,0.9999999751673188,-5.310300166975732e-13
0.0008659643233600663,1153.781984689457,0.0003651741272548377,1.1498860652141392e-15,nan,nan,4.424523637440431e+21,7.6304706519035825,3.9815095343121816e+16,1,0.9999999751673188,-5.310300166975732e-13
0.0008659643233600663,1153.781984689457,0.0005623413251903491,1.1498860652141392e-15,nan,nan,4.424523637440431e+21,7.6304706519035825,3.9815095343121816e+16,1,0.9999999751673188,-5.310300166975732e-13
0.0008659643233600663,1153.781984689457,0.0008659643233600654,1.1498860652141392e-15,nan,nan,4.424523637440431e+21,7.6304706519035825,3.9815095343121816e+16,1,0.9999999751673188,-5.310300166975732e-13
0.0008659643233600663,1153.781984689457,0.001333521432163324,1.1498860652141392e-15,nan,nan,4.424523637440431e+21,7.6304706519035825,3.9815095343121816e+16,1,0.9999999751673188,-5.310300166975732e-13
0.0008659643233600663,1153.781984689457,0.002053525026457146,1.1498860652141392e-15,nan,nan,4.424523637440431e+21,7.6304706519035825,3.9815095343121816e+16,1,0.9999999751673188,-5.310300166975732e-13
0.0008659643233600663,1153.781984689457,0.0031622776601683794,1.1498860652141392e-15,nan,nan,4.424523637440431e+21,7.6304706519035825,3.9815095343121816e+16,1,0.9999999751673188,-5.310300166975732e-13
0.0008659643233600663,1153.781984689457,0.004869675251658631,1.1498860652141392e-15,nan,nan,4.424523637440431e+21,7.6304706519035825,3.9815095343121816e+16,1,0.9999999751673188,-5.310300166975732e-13
0.0008659643233600663,1153.781984689457,0.007498942093324558,1.1498860652141392e-15,nan,nan,4.424523637440431e+21,7.6304706519035825,3.9815095343121816e+16,1,0.9999999751673188,-5.310300166975732e-13
0.0008659643233600663,1153.781984689457,0.011547819846894581,1.1498860652141392e-15,nan,nan,4.424523637440431e+21,7.6304706519035825,3.9815095343121816e+16,1,0.9999999751673188,-5.310300166975732e-13
0.0008659643233600663,1153.781984689457,0.01778279410038923,1.1498860652141392e-15,nan,nan,4.424523637440431e+21,7.6304706519035825,3.9815095343121816e+16,1,0.9999999751673188,-5.310300166975732e-13
0.0008659643233600663,1153.781984689457,0.027384196342643614,1.1498860652141392e-15,nan,nan,4.424523637440431e+21,7.6304706519035825,3.9815095343121816e+16,1,0.9999999751673188,-5.310300166975732e-13
0.0008659643233600663,1153.781984689457,0.042169650342858224,1.1498860652141392e-15,nan,nan,4.424523637440431e+21,7.6304706519035825,3.9815095343121816e+16,1,0.9999999751673188,-5.310300166975732e-13
0.0008659643233600663,1153.781984689457,0.06493816315762113,1.1498860652141392e-15,nan,nan,4.424523637440431e+21,7.6304706519035825,3.9815095343121816e+16,1,0.9999999751673188,-5.310300166975732e-13
0.0008659643233600663,1153.781984689457,0.1,1.1498860652141392e-15,nan,nan,4.424523637440431e+21,7.6304706519035825,3.9815095343121816e+16,1,0.9999999751673188,-5.310300166975732e-13
0.0008659643233600663,1153.781984689457,0.1539926526059492,1.1498860652141392e-15,nan,nan,4.424523637440431e+21,7.6304706519035825,3.9815095343121816e+16,1,0.9999999751673188,-5.310300166975732e-13
0.0008659643233600663,1153.781984689457,0.23713737056616552,1.1498860652141392e-15,nan,nan,4.424523637440431e+21,7.6304706519035825,3.9815095343121816e+16,1,0.9999999751673188,-5.310300166975732e-13
0.0008659643233600663,1153.781984689457,0.3651741272548377,1.1498860652141392e-15,nan,nan,4.424523637440431e+21,7.6304706519035825,3.9815095343121816e+16,1,0.9999999751673188,-5.310300166975732e-13
0.0008659643233600663,1153.781984689457,0.5623413251903491,1.1498860652141392e-15,nan,nan,4.424523637440431e+21,7.6304706519035825,3.9815095343121816e+16,1,0.9999999751673188,-5.310300166975732e-13
0.0008659643233600663,1153.781984689457,0.8659643233600653,1.1498860652141392e-15,nan,nan,4.424523637440431e+21,7.6304706519035825,3.9815095343121816e+16,1,0.9999999751673188,-5.310300166975732e-13
0.0008659643233600663,1153.781984689457,1.333521432163324,1.1498860652141392e-15,nan,nan,4.424523637440431e+21,7.6304706519035825,3.9815095343121816e+16,1,0.9999999751673188,-5.310300166975732e-13
0.0008659643233600663,1153.781984689457,2.053525026457146,1.1498860652141392e-15,nan,nan,4.424523637440431e+21,7.6304706519035825,3.9815095343121816e+16,1,0.9999999751673188,-5.310300166975732e-13
0.0008659643233600663,1153.781984689457,3.1622776601683795,1.1498860652141392e-15,nan,nan,4.424523637440431e+21,7.6304706519035825,3.9815095343121816e+16,1,0.9999999751673188,-5.310300166975732e-13
0.0008659643233600663,1153.781984689457,4.869675251658631,1.1498860652141392e-15,nan,nan,4.424523637440431e+21,7.6304706519035825,3.9815095343121816e+16,1,0.9999999751673188,-5.310300166975732e-13
0.0008659643233600663,1153.781984689457,7.498942093324558,1.1498860652141392e-15,nan,nan,4.424523637440431e+21,7.6304706519035825,3.9815095343121816e+16,1,0.9999999751673188,-5.310300166975732e-13
0.0008659643233600663,1153.781984689457,11.547819846894582,1.1498860652141392e-15,nan,nan,4.424523637440431e+21,7.6304706519035825,3.9815095343121816e+16,1,0.9999999751673188,-5.310300166975732e-13
0.0008659643233600663,1153.781984689457,17.78279410038923,1.1498860652141392e-15,nan,nan,4.424523637440431e+21,7.6304706519035825,3.9815095343121816e+16,1,0.9999999751673188,-5.310300166975732e-13
0.0008659643233600663,1153.781984689457,27.384196342643612,1.1498860652141392e-15,nan,nan,4.424523637440431e+21,7.6304706519035825,3.9815095343121816e+16,1,0.9999999751673188,-5.310300166975732e-13
0.0008659643233600663,1153.781984689457,42.169650342858226,1.1498860652141392e-15,nan,nan,4.424523637440431e+21,7.6304706519035825,3.9815095343121816e+16,1,0.9999999751673188,-5.310300166975732e-13
0.0008659643233600663,1153.781984689457,64.93816315762113,1.1498860652141392e-15,nan,nan,4.424523637440431e+21,7.6304706519035825,3.9815095343121816e+16,1,0.9999999751673188,-5.310300166975732e-13
0.0008659643233600663,1153.781984689457,100.0,1.1498860652141392e-15,nan,nan,4.424523637440431e+21,7.6304706519035825,3.9815095343121816e+16,1,0.9999999751673188,-5.310300166975732e-13
0.0008659643233600663,1153.781984689457,153.9926526059492,1.1498860652141392e-15,nan,nan,4.424523637440431e+21,7.6304706519035825,3.9815095343121816e+16,1,0.9999999751673188,-5.310300166975732e-13
0.0008659643233600663,1153.781984689457,237.13737056616552,1.1498860652141392e-15,nan,nan,4.424523637440431e+21,7.6304706519035825,3.9815095343121816e+16,1,0.9999999751673188,-5.310300166975732e-13
0.0008659643233600663,1153.781984689457,365.1741272548377,1.1498860652141392e-15,nan,nan,4.424523637440431e+21,7.6304706519035825,3.9815095343121816e+16,1,0.9999999751673188,-5.310300166975732e-13
0.0008659643233600663,1153.781984689457,562.341325190349,1.1498860652141392e-15,nan,nan,4.424523637440431e+21,7.6304706519035825,3.9815095343121816e+16,1,0.9999999751673188,-5.310300166975732e-13
0.0008659643233600663,1153.781984689457,865.9643233600654,1.1498860652141392e-15,nan,nan,4.424523637440431e+21,7.6304706519035825,3.9815095343121816e+16,1,0.9999999751673188,-5.310300166975732e-13
0.0008659643233600663,1153.781984689457,1333.521432163324,1.1498860652141392e-15,nan,nan,4.424523637440431e+21,7.6304706519035825,3.9815095343121816e+16,1,0.9999999751673188,-5.310300166975732e-13
0.0008659643233600663,1153.781984689457,2053.525026457146,1.1498860652141392e-15,nan,nan,4.424523637440431e+21,7.6304706519035825,3.9815095343121816e+16,1,0.9999999751673188,-5.310300166975732e-13
0.0008659643233600663,1153.781984689457,3162.2776601683795,1.1498860652141392e-15,nan,nan,4.424523637440431e+21,7.6304706519035825,3.9815095343121816e+16,1,0.9999999751673188,-5.310300166975732e-13
0.0008659643233600663,1153.781984689457,4869.675251658631,1.1498860652141392e-15,nan,nan,4.424523637440431e+21,7.6304706519035825,3.9815095343121816e+16,1,0.9999999751673188,-5.310300166975732e-13
0.0008659643233600663,1153.781984689457,7498.942093324558,1.1498860652141392e-15,nan,nan,4.424523637440431e+21,7.6304706519035825,3.9815095343121816e+16,1,0.9999999751673188,-5.310300166975732e-13
0.0008659643233600663,1153.781984689457,11547.819846894581,1.1498860652141392e-15,nan,nan,4.424523637440431e+21,7.6304706519035825,3.9815095343121816e+16,1,0.9999999751673188,-5.310300166975732e-13
0.0008659643233600663,1153.781984689457,17782.794100389227,1.1498860652141392e-15,nan,nan,4.424523637440431e+21,7.6304706519035825,3.9815095343121816e+16,1,0.9999999751673188,-5.310300166975732e-13
0.0008659643233600663,1153.781984689457,27384.196342643612,1.1498860652141392e-15,nan,nan,4.424523637440431e+21,7.6304706519035825,3.9815095343121816e+16,1,0.9999999751673188,-5.310300166975732e-13
0.0008659643233600663,1153.781984689457,42169.65034285822,1.1498860652141392e-15,nan,nan,4.424523637440431e+21,7.6304706519035825,3.9815095343121816e+16,1,0.9999999751673188,-5.310300166975732e-13
0.0008659643233600663,1153.781984689457,64938.16315762113,1.1498860652141392e-15,nan,nan,4.424523637440431e+21,7.6304706519035825,3.9815095343121816e+16,1,0.9999999751673188,-5.310300166975732e-13
0.0008659643233600663,1153.781984689457,100000.0,1.1498860652141392e-15,nan,nan,4.424523637440431e+21,7.6304706519035825,3.9815095343121816e+16,1,0.9999999751673188,-5.310300166975732e-13
0.00121152765862859,824.4041852680174,0.0001,-1.1327550894208276e-15,nan,nan,3.907785396609608e+20,-1.2994614196800052,6883013240312498.0,1,0.9999999409111441,-2.1722122869993718e-12
0.00121152765862859,824.4041852680174,0.0001539926526059492,-1.1327550894208276e-15,nan,nan,3.907785396609608e+20,-1.2994614196800052,6883013240312498.0,1,0.9999999409111441,-2.1722122869993718e-12
0.00121152765862859,824.4041852680174,0.00023713737056616554,-1.1327550894208276e-15,nan,nan,3.907785396609608e+20,-1.2994614196800052,6883013240312498.0,1,0.9999999409111441,-2.1722122869993718e-12
0.00121152765862859,824.4041852680174,0.0003651741272548377,-1.1327550894208276e-15,nan,nan,3.907785396609608e+20,-1.2994614196800052,6883013240312498.0,1,0.9999999409111441,-2.1722122869993718e-12
0.00121152765862859,824.4041852680174,0.0005623413251903491,-1.1327550894208276e-15,nan,nan,3.907785396609608e+20,-1.2994614196800052,6883013240312498.0,1,0.9999999409111441,-2.1722122869993718e-12
0.00121152765862859,824.4041852680174,0.0008659643233600654,-1.1327550894208276e-15,nan,nan,3.907785396609608e+20,-1.2994614196800052,6883013240312498.0,1,0.9999999409111441,-2.1722122869993718e-12
0.00121152765862859,824.4041852680174,0.001333521432163324,-1.1327550894208276e-15,nan,nan,3.907785396609608e+20,-1.2994614196800052,6883013240312498.0,1,0.9999999409111441,-2.1722122869993718e-12
0.00121152765862859,824.4041852680174,0.002053525026457146,-1.1327550894208276e-15,nan,nan,3.907785396609608e+20,-1.2994614196800052,6883013240312498.0,1,0.9999999409111441,-2.1722122869993718e-12
0.00121152765862859,824.4041852680174,0.0031622776601683794,-1.1327550894208276e-15,nan,nan,3.907785396609608e+20,-1.2994614196800052,6883013240312498.0,1,0.9999999409111441,-2.1722122869993718e-12
0.00121152765862859,824.4041852680174,0.004869675251658631,-1.1327550894208276e-15,nan,nan,3.907785396609608e+20,-1.2994614196800052,6883013240312498.0,1,0.9999999409111441,-2.1722122869993718e-12
0.00121152765862859,824.4041852680174,0.007498942093324558,-1.1327550894208276e-15,nan,nan,3.907785396609608e+20,-1.2994614196800052,6883013240312498.0,1,0.9999999409111441,-2.1722122869993718e-12
0.00121152765862859,824.4041852680174,0.011547819846894581,-1.1327550894208276e-15,nan,nan,3.907785396609608e+20,-1.2994614196800052,6883013240312498.0,1,0.9999999409111441,-2.1722122869993718e-12
0.00121152765862859,824.4041852680174,0.01778279410038923,-1.1327550894208276e-15,nan,nan,3.907785396609608e+20,-1.2994614196800052,6883013240312498.0,1,0.9999999409111441,-2.1722122869993718e-12
0.00121152765862859,824.4041852680174,0.027384196342643614,-1.1327550894208276e-15,nan,nan,3.907785396609608e+20,-1.2994614196800052,6883013240312498.0,1,0.9999999409111441,-2.1722122869993718e-12
0.00121152765862859,824.4041852680174,0.042169650342858224,-1.1327550894208276e-15,nan,nan,3.907785396609608e+20,-1.2994614196800052,6883013240312498.0,1,0.9999999409111441,-2.1722122869993718e-12
0.00121152765862859,824.4041852680174,0.06493816315762113,-1.1327550894208276e-15,nan,nan,3.907785396609608e+20,-1.2994614196800052,6883013240312498.0,1,0.9999999409111441,-2.1722122869993718e-12
0.00121152765862859,824.4041852680174,0.1,-1.1327550894208276e-15,nan,nan,3.907785396609608e+20,-1.2994614196800052,6883013240312498.0,1,0.9999999409111441,-2.1722122869993718e-12
0.00121152765862859,824.4041852680174,0.1539926526059492,-1.1327550894208276e-15,nan,nan,3.907785396609608e+20,-1.2994614196800052,6883013240312498.0,1,0.9999999409111441,-2.1722122869993718e-12
0.00121152765862859,824.4041852680174,0.23713737056616552,-1.1327550894208276e-15,nan,nan,3.907785396609608e+20,-1.2994614196800052,6883013240312498.0,1,0.9999999409111441,-2.1722122869993718e-12
0.00121152765862859,824.4041852680174,0.3651741272548377,-1.1327550894208276e-15,nan,nan,3.907785396609608e+20,-1.2994614196800052,6883013240312498.0,1,0.9999999409111441,-2.1722122869993718e-12
0.00121152765862859,824.4041852680174,0.5623413251903491,-1.1327550894208276e-15,nan,nan,3.907785396609608e+20,-1.2994614196800052,6883013240312498.0,1,0.9999999409111441,-2.1722122869993718e-12
0.00121152765862859,824.4041852680174,0.8659643233600653,-1.1327550894208276e-15,nan,nan,3.907785396609608e+20,-1.2994614196800052,6883013240312498.0,1,0.9999999409111441,-2.1722122869993718e-12
0.00121152765862859,824.4041852680174,1.333521432163324,-1.1327550894208276e-15,nan,nan,3.907785396609608e+20,-1.2994614196800052,6883013240312498.0,1,0.9999999409111441,-2.1722122869993718e-12
0.00121152765862859,824.4041852680174,2.053525026457146,-1.1327550894208276e-15,nan,nan,3.907785396609608e+20,-1.2994614196800052,6883013240312498.0,1,0.9999999409111441,-2.1722122869993718e-12
0.00121152765862859,824.4041852680174,3.1622776601683795,-1.1327550894208276e-15,nan,nan,3.907785396609608e+20,-1.2994614196800052,6883013240312498.0,1,0.9999999409111441,-2.1722122869993718e-12
0.00121152765862859,824.4041852680174,4.869675251658631,-1.1327550894208276e-15,nan,nan,3.907785396609608e+20,-1.2994614196800052,6883013240312498.0,1,0.9999999409111441,-2.1722122869993718e-12
0.00121152765862859,824.4041852680174,7.498942093324558,-1.1327550894208276e-15,nan,nan,3.907785396609608e+20,-1.2994614196800052,6883013240312498.0,1,0.9999999409111441,-2.1722122869993718e-12
0.00121152765862859,824.4041852680174,11.547819846894582,-1.1327550894208276e-15,nan,nan,3.907785396609608e+20,-1.2994614196800052,6883013240312498.0,1,0.9999999409111441,-2.1722122869993718e-12
0.00121152765862859,824.4041852680174,17.78279410038923,-1.1327550894208276e-15,nan,nan,3.907785396609608e+20,-1.2994614196800052,6883013240312498.0,1,0.9999999409111441,-2.1722122869993718e-12
0.00121152765862859,824.4041852680174,27.384196342643612,-1.1327550894208276e-15,nan,nan,3.907785396609608e+20,-1.2994614196800052,6883013240312498.0,1,0.9999999409111441,-2.1722122869993718e-12
0.00121152765862859,824.4041852680174,42.169650342858226,-1.1327550894208276e-15,nan,nan,3.907785396609608e+20,-1.2994614196800052,6883013240312498.0,1,0.9999999409111441,-2.1722122869993718e-12
0.00121152765862859,824.4041852680174,64.93816315762113,-1.1327550894208276e-15,nan,nan,3.907785396609608e+20,-1.2994614196800052,6883013240312498.0,1,0.9999999409111441,-2.1722122869993718e-12
0.00121152765862859,824.4041852680174,100.0,-1.1327550894208276e-15,nan,nan,3.907785396609608e+20,-1.2994614196800052,6883013240312498.0,1,0.9999999409111441,-2.1722122869993718e-12
0.00121152765862859,824.4041852680174,153.9926526059492,-1.1327550894208276e-15,nan,nan,3.907785396609608e+20,-1.2994614196800052,6883013240312498.0,1,0.9999999409111441,-2.1722122869993718e-12
0.00121152765862859,824.4041852680174,237.13737056616552,-1.1327550894208276e-15,nan,nan,3.907785396609608e+20,-1.2994614196800052,6883013240312498.0,1,0.9999999409111441,-2.1722122869993718e-12
0.00121152765862859,824.4041852680174,365.1741272548377,-1.1327550894208276e-15,nan,nan,3.907785396609608e+20,-1.2994614196800052,6883013240312498.0,1,0.9999999409111441,-2.1722122869993718e-12
0.00121152765862859,824.4041852680174,562.341325190349,-1.1327550894208276e-15,nan,nan,3.907785396609608e+20,-1.2994614196800052,6883013240312498.0,1,0.9999999409111441,-2.1722122869993718e-12
0.00121152765862859,824.4041852680174,865.9643233600654,-1.1327550894208276e-15,nan,nan,3.907785396609608e+20,-1.2994614196800052,6883013240312498.0,1,0.9999999409111441,-2.1722122869993718e-12
0.00121152765862859,824.4041852680174,1333.521432163324,-1.1327550894208276e-15,nan,nan,3.907785396609608e+20,-1.2994614196800052,6883013240312498.0,1,0.9999999409111441,-2.1722122869993718e-12
0.00121152765862859,824.4041852680174,2053.525026457146,-1.1327550894208276e-15,nan,nan,3.907785396609608e+20,-1.2994614196800052,6883013240312498.0,1,0.9999999409111441,-2.1722122869993718e-12
0.00121152765862859,824.4041852680174,3162.2776601683795,-1.1327550894208276e-15,nan,nan,3.907785396609608e+20,-1.2994614196800052,6883013240312498.0,1,0.9999999409111441,-2.1722122869993718e-12
0.00121152765862859,824.4041852680174,4869.675251658631,-1.1327550894208276e-15,nan,nan,3.907785396609608e+20,-1.2994614196800052,6883013240312498.0,1,0.9999999409111441,-2.1722122869993718e-12
0.00121152765862859,824.4041852680174,7498.942093324558,-1.1327550894208276e-15,nan,nan,3.907785396609608e+20,-1.2994614196800052,6883013240312498.0,1,0.9999999409111441,-2.1722122869993718e-12
0.00121152765862859,824.4041852680174,11547.819846894581,-1.1327550894208276e-15,nan,nan,3.907785396609608e+20,-1.2994614196800052,6883013240312498.0,1,0.9999999409111441,-2.1722122869993718e-12
0.00121152765862859,824.4041852680174,17782.794100389227,-1.1327550894208276e-15,nan,nan,3.907785396609608e+20,-1.2994614196800052,6883013240312498.0,1,0.9999999409111441,-2.1722122869993718e-12
0.00121152765862859,824.4041852680174,27384.196342643612,-1.1327550894208276e-15,nan,nan,3.907785396609608e+20,-1.2994614196800052,6883013240312498.0,1,0.9999999409111441,-2.1722122869993718e-12
0.00121152765862859,824.4041852680174,42169.65034285822,-1.1327550894208276e-15,nan,nan,3.907785396609608e+20,-1.2994614196800052,6883013240312498.0,1,0.9999999409111441,-2.1722122869993718e-12
0.00121152765862859,824.4041852680174,64938.16315762113,-1.1327550894208276e-15,nan,nan,3.907785396609608e+20,-1.2994614196800052,6883013240312498.0,1,0.9999999409111441,-2.1722122869993718e-12
0.00121152765862859,824.4041852680174,100000.0,-1.1327550894208276e-15,nan,nan,3.907785396609608e+20,-1.2994614196800052,6883013240312498.0,1,0.9999999409111441,-2.1722122869993718e-12
0.0016949881513903479,588.9746255923559,0.0001,4.1101254195338475e-16,nan,nan,3.513891103005374e+19,0.08298635735547286,1211442614089899.0,1,0.9999998614033292,-8.680684933457805e-12
0.0016949881513903479,588.9746255923559,0.0001539926526059492,4.1101254195338475e-16,nan,nan,3.513891103005374e+19,0.08298635735547286,1211442614089899.0,1,0.9999998614033292,-8.680684933457805e-12
0.0016949881513903479,588.9746255923559,0.00023713737056616554,4.1101254195338475e-16,nan,nan,3.513891103005374e+19,0.08298635735547286,1211442614089899.0,1,0.9999998614033292,-8.680684933457805e-12
0.0016949881513903479,588.9746255923559,0.0003651741272548377,4.1101254195338475e-16,nan,nan,3.513891103005374e+19,0.08298635735547286,1211442614089899.0,1,0.9999998614033292,-8.680684933457805e-12
0.0016949881513903479,588.9746255923559,0.0005623413251903491,4.1101254195338475e-16,nan,nan,3.513891103005374e+19,0.08298635735547286,1211442614089899.0,1,0.9999998614033292,-8.680684933457805e-12
0.0016949881513903479,588.9746255923559,0.0008659643233600654,4.1101254195338475e-16,nan,nan,3.513891103005374e+19,0.08298635735547286,1211442614089899.0,1,0.9999998614033292,-8.680684933457805e-12
0.0016949881513903479,588.9746255923559,0.001333521432163324,4.1101254195338475e-16,nan,nan,3.513891103005374e+19,0.08298635735547286,1211442614089899.0,1,0.9999998614033292,-8.680684933457805e-12
0.0016949881513903479,588.9746255923559,0.002053525026457146,4.1101254195338475e-16,nan,nan,3.513891103005374e+19,0.08298635735547286,1211442614089899.0,1,0.9999998614033292,-8.680684933457805e-12
0.0016949881513903479,588.9746255923559,0.0031622776601683794,4.1101254195338475e-16,nan,nan,3.513891103005374e+19,0.08298635735547286,1211442614089899.0,1,0.9999998614033292,-8.680684933457805e-12
0.0016949881513903479,588.9746255923559,0.004869675251658631,4.1101254195338475e-16,nan,nan,3.513891103005374e+19,0.08298635735547286,1211442614089899.0,1,0.9999998614033292,-8.680684933457805e-12
0.0016949881513903479,588.9746255923559,0.007498942093324558,4.1101254195338475e-16,nan,nan,3.513891103005374e+19,0.08298635735547286,1211442614089899.0,1,0.9999998614033292,-8.680684933457805e-12
0.0016949881513903479,588.9746255923559,0.011547819846894581,4.1101254195338475e-16,nan,nan,3.513891103005374e+19,0.08298635735547286,1211442614089899.0,1,0.9999998614033292,-8.680684933457805e-12
0.0016949881513903479,588.9746255923559,0.01778279410038923,4.1101254195338475e-16,nan,nan,3.513891103005374e+19,0.08298635735547286,1211442614089899.0,1,0.9999998614033292,-8.680684933457805e-12
0.0016949881513903479,588.9746255923559,0.027384196342643614,4.1101254195338475e-16,nan,nan,3.513891103005374e+19,0.08298635735547286,1211442614089899.0,1,0.9999998614033292,-8.680684933457805e-12
0.0016949881513903479,588.9746255923559,0.042169650342858224,4.1101254195338475e-16,nan,nan,3.513891103005374e+19,0.08298635735547286,1211442614089899.0,1,0.9999998614033292,-8.680684933457805e-12
0.0016949881513903479,588.9746255923559,0.06493816315762113,4.1101254195338475e-16,nan,nan,3.513891103005374e+19,0.08298635735547286,1211442614089899.0,1,0.9999998614033292,-8.680684933457805e-12
0.0016949881513903479,588.9746255923559,0.1,4.1101254195338475e-16,nan,nan,3.513891103005374e+19,0.08298635735547286,1211442614089899.0,1,0.9999998614033292,-8.680684933457805e-12
0.0016949881513903479,588.9746255923559,0.1539926526059492,4.1101254195338475e-16,nan,nan,3.513891103005374e+19,0.08298635735547286,1211442614089899.0,1,0.9999998614033292,-8.680684933457805e-12
0.0016949881513903479,588.9746255923559,0.23713737056616552,4.1101254195338475e-16,nan,nan,3.513891103005374e+19,0.08298635735547286,1211442614089899.0,1,0.9999998614033292,-8.680684933457805e-12
0.0016949881513903479,588.9746255923559,0.3651741272548377,4.1101254195338475e-16,nan,nan,3.513891103005374e+19,0.08298635735547286,1211442614089899.0,1,0.9999998614033292,-8.680684933457805e-12
0.0016949881513903479,588.9746255923559,0.5623413251903491,4.1101254195338475e-16,nan,nan,3.513891103005374e+19,0.08298635735547286,1211442614089899.0,1,0.9999998614033292,-8.680684933457805e-12
0.0016949881513903479,588.9746255923559,0.8659643233600653,4.1101254195338475e-16,nan,nan,3.513891103005374e+19,0.08298635735547286,1211442614089899.0,1,0.9999998614033292,-8.680684933457805e-12
0.0016949881513903479,588.9746255923559,1.333521432163324,4.1101254195338475e-16,nan,nan,3.513891103005374e+19,0.08298635735547286,1211442614089899.0,1,0.9999998614033292,-8.680684933457805e-12
0.0016949881513903479,588.9746255923559,2.053525026457146,4.1101254195338475e-16,nan,nan,3.513891103005374e+19,0.08298635735547286,1211442614089899.0,1,0.9999998614033292,-8.680684933457805e-12
0.0016949881513903479,588.9746255923559,3.1622776601683795,4.1101254195338475e-16,nan,nan,3.513891103005374e+19,0.08298635735547286,1211442614089899.0,1,0.9999998614033292,-8.680684933457805e-12
0.0016949881513903479,588.9746255923559,4.869675251658631,4.1101254195338475e-16,nan,nan,3.513891103005374e+19,0.08298635735547286,1211442614089899.0,1,0.9999998614033292,-8.680684933457805e-12
0.0016949881513903479,588.9746255923559,7.498942093324558,4.1101254195338475e-16,nan,nan,3.513891103005374e+19,0.08298635735547286,1211442614089899.0,1,0.9999998614033292,-8.680684933457805e-12
0.0016949881513903479,588.9746255923559,11.547819846894582,4.1101254195338475e-16,nan,nan,3.513891103005374e+19,0.08298635735547286,1211442614089899.0,1,0.9999998614033292,-8.680684933457805e-12
0.0016949881513903479,588.9746255923559,17.78279410038923,4.1101254195338475e-16,nan,nan,3.513891103005374e+19,0.08298635735547286,1211442614089899.0,1,0.9999998614033292,-8.680684933457805e-12
0.0016949881513903479,588.9746255923559,27.384196342643612,4.1101254195338475e-16,nan,nan,3.513891103005374e+19,0.08298635735547286,1211442614089899.0,1,0.9999998614033292,-8.680684933457805e-12
0.0016949881513903479,588.9746255923559,42.169650342858226,4.1101254195338475e-16,nan,nan,3.513891103005374e+19,0.08298635735547286,1211442614089899.0,1,0.9999998614033292,-8.680684933457805e-12
0.0016949881513903479,588.9746255923559,64.93816315762113,4.1101254195338475e-16,nan,nan,3.513891103005374e+19,0.08298635735547286,1211442614089899.0,1,0.9999998614033292,-8.680684933457805e-12
0.0016949881513903479,588.9746255923559,100.0,4.1101254195338475e-16,nan,nan,3.513891103005374e+19,0.08298635735547286,1211442614089899.0,1,0.9999998614033292,-8.680684933457805e-12
0.0016949881513903479,588.9746255923559,153.9926526059492,4.1101254195338475e-16,nan,nan,3.513891103005374e+19,0.08298635735547286,1211442614089899.0,1,0.9999998614033292,-8.680684933457805e-12
0.0016949881513903479,588.9746255923559,237.13737056616552,4.1101254195338475e-16,nan,nan,3.513891103005374e+19,0.08298635735547286,1211442614089899.0,1,0.9999998614033292,-8.680684933457805e-12
0.0016949881513903479,588.9746255923559,365.1741272548377,4.1101254195338475e-16,nan,nan,3.513891103005374e+19,0.08298635735547286,1211442614089899.0,1,0.9999998614033292,-8.680684933457805e-12
0.0016949881513903479,588.9746255923559,562.341325190349,4.1101254195338475e-16,nan,nan,3.513891103005374e+19,0.08298635735547286,1211442614089899.0,1,0.9999998614033292,-8.680684933457805e-12
0.0016949881513903479,588.9746255923559,865.9643233600654,4.1101254195338475e-16,nan,nan,3.513891103005374e+19,0.08298635735547286,1211442614089899.0,1,0.9999998614033292,-8.680684933457805e-12
0.0016949881513903479,588.9746255923559,1333.521432163324,4.1101254195338475e-16,nan,nan,3.513891103005374e+19,0.08298635735547286,1211442614089899.0,1,0.9999998614033292,-8.680684933457805e-12
0.0016949881513903479,588.9746255923559,2053.525026457146,4.1101254195338475e-16,nan,nan,3.513891103005374e+19,0.08298635735547286,1211442614089899.0,1,0.9999998614033292,-8.680684933457805e-12
0.0016949881513903479,588.9746255923559,3162.2776601683795,4.1101254195338475e-16,nan,nan,3.513891103005374e+19,0.08298635735547286,1211442614089899.0,1,0.9999998614033292,-8.680684933457805e-12
0.0016949881513903479,588.9746255923559,4869.675251658631,4.1101254195338475e-16,nan,nan,3.513891103005374e+19,0.08298635735547286,1211442614089899.0,1,0.9999998614033292,-8.680684933457805e-12
0.0016949881513903479,588.9746255923559,7498.942093324558,4.1101254195338475e-16,nan,nan,3.513891103005374e+19,0.08298635735547286,1211442614089899.0,1,0.9999998614033292,-8.680684933457805e-12
0.0016949881513903479,588.9746255923559,11547.819846894581,4.1101254195338475e-16,nan,nan,3.513891103005374e+19,0.08298635735547286,1211442614089899.0,1,0.9999998614033292,-8.680684933457805e-12
0.0016949881513903479,588.9746255923559,17782.794100389227,4.1101254195338475e-16,nan,nan,3.513891103005374e+19,0.08298635735547286,1211442614089899.0,1,0.9999998614033292,-8.680684933457805e-12
0.0016949881513903479,588.9746255923559,27384.196342643612,4.1101254195338475e-16,nan,nan,3.513891103005374e+19,0.08298635735547286,1211442614089899.0,1,0.9999998614033292,-8.680684933457805e-12
0.0016949881513903479,588.9746255923559,42169.65034285822,4.1101254195338475e-16,nan,nan,3.513891103005374e+19,0.08298635735547286,1211442614089899.0,1,0.9999998614033292,-8.680684933457805e-12
0.0016949881513903479,588.9746255923559,64938.16315762113,4.1101254195338475e-16,nan,nan,3.513891103005374e+19,0.08298635735547286,1211442614089899.0,1,0.9999998614033292,-8.680684933457805e-12
0.0016949881513903479,588.9746255923559,100000.0,4.1101254195338475e-16,nan,nan,3.513891103005374e+19,0.08298635735547286,1211442614089899.0,1,0.9999998614033292,-8.680684933457805e-12
0.0023713737056616554,420.6965034285822,0.0001,5.879818506503067e-16,nan,nan,3.2056495593552046e+18,0.021198735697049515,216320270408423.16,1,0.9999996786459046,-3.40450859322843e-11
0.0023713737056616554,420.6965034285822,0.0001539926526059492,5.879818506503067e-16,nan,nan,3.2056495593552046e+18,0.021198735697049515,216320270408423.16,1,0.9999996786459046,-3.40450859322843e-11
0.0023713737056616554,420.6965034285822,0.00023713737056616554,5.879818506503067e-16,nan,nan,3.2056495593552046e+18,0.021198735697049515,216320270408423.16,1,0.9999996786459046,-3.40450859322843e-11
0.0023713737056616554,420.6965034285822,0.0003651741272548377,5.879818506503067e-16,nan,nan,3.2056495593552046e+18,0.021198735697049515,216320270408423.16,1,0.9999996786459046,-3.40450859322843e-11
0.0023713737056616554,420.6965034285822,0.0005623413251903491,5.879818506503067e-16,nan,nan,3.2056495593552046e+18,0.021198735697049515,216320270408423.16,1,0.9999996786459046,-3.40450859322843e-11
0.0023713737056616554,420.6965034285822,0.0008659643233600654,5.879818506503067e-16,nan,nan,3.2056495593552046e+18,0.021198735697049515,216320270408423.16,1,0.9999996786459046,-3.40450859322843e-11
0.0023713737056616554,420.6965034285822,0.001333521432163324,5.879818506503067e-16,nan,nan,3.2056495593552046e+18,0.021198735697049515,216320270408423.16,1,0.9999996786459046,-3.40450859322843e-11
0.0023713737056616554,420.6965034285822,0.002053525026457146,5.879818506503067e-16,nan,nan,3.2056495593552046e+18,0.021198735697049515,216320270408423.16,1,0.9999996786459046,-3.40450859322843e-11
0.0023713737056616554,420.6965034285822,0.0031622776601683794,5.879818506503067e-16,nan,nan,3.2056495593552046e+18,0.021198735697049515,216320270408423.16,1,0.9999996786459046,-3.40450859322843e-11
0.0023713737056616554,420.6965034285822,0.004869675251658631,5.879818506503067e-16,nan,nan,3.2056495593552046e+18,0.021198735697049515,216320270408423.16,1,0.9999996786459046,-3.40450859322843e-11
0.0023713737056616554,420.6965034285822,0.007498942093324558,5.879818506503067e-16,nan,nan,3.2056495593552046e+18,0.021198735697049515,216320270408423.16,1,0.9999996786459046,-3.40450859322843e-11
0.0023713737056616554,420.6965034285822,0.011547819846894581,5.879818506503067e-16,nan,nan,3.2056495593552046e+18,0.021198735697049515,216320270408423.16,1,0.9999996786459046,-3.40450859322843e-11
0.0023713737056616554,420.6965034285822,0.01778279410038923,5.879818506503067e-16,nan,nan,3.2056495593552046e+18,0.021198735697049515,216320270408423.16,1,0.9999996786459046,-3.40450859322843e-11
0.0023713737056616554,420.6965034285822,0.027384196342643614,5.879818506503067e-16,nan,nan,3.2056495593552046e+18,0.021198735697049515,216320270408423.16,1,0.9999996786459046,-3.40450859322843e-11
0.0023713737056616554,420.6965034285822,0.042169650342858224,5.879818506503067e-16,nan,nan,3.2056495593552046e+18,0.021198735697049515,216320270408423.16,1,0.9999996786459046,-3.40450859322843e-11
0.0023713737056616554,420.6965034285822,0.06493816315762113,5.879818506503067e-16,nan,nan,3.2056495593552046e+18,0.021198735697049515,216320270408423.16,1,0.9999996786459046,-3.40450859322843e-11
0.0023713737056616554,420.6965034285822,0.1,5.879818506503067e-16,nan,nan,3.2056495593552046e+18,0.021198735697049515,216320270408423.16,1,0.9999996786459046,-3.40450859322843e-11
0.0023713737056616554,420.6965034285822,0.1539926526059492,5.879818506503067e-16,nan,nan,3.2056495593552046e+18,0.021198735697049515,216320270408423.16,1,0.9999996786459046,-3.40450859322843e-11
0.0023713737056616554,420.6965034285822,0.23713737056616552,5.879818506503067e-16,nan,nan,3.2056495593552046e+18,0.021198735697049515,216320270408423.16,1,0.9999996786459046,-3.40450859322843e-11
0.0023713737056616554,420.6965034285822,0.3651741272548377,5.879818506503067e-16,nan,nan,3.2056495593552046e+18,0.021198735697049515,216320270408423.16,1,0.9999996786459046,-3.40450859322843e-11
0.0023713737056616554,420.6965034285822,0.5623413251903491,5.879818506503067e-16,nan,nan,3.2056495593552046e+18,0.021198735697049515,216320270408423.16,1,0.9999996786459046,-3.40450859322843e-11
0.0023713737056616554,420.6965034285822,0.8659643233600653,5.879818506503067e-16,nan,nan,3.2056495593552046e+18,0.021198735697049515,216320270408423.16,1,0.9999996786459046,-3.40450859322843e-11
0.0023713737056616554,420.6965034285822,1.333521432163324,5.879818506503067e-16,nan,nan,3.2056495593552046e+18,0.021198735697049515,216320270408423.16,1,0.9999996786459046,-3.40450859322843e-11
0.0023713737056616554,420.6965034285822,2.053525026457146,5.879818506503067e-16,nan,nan,3.2056495593552046e+18,0.021198735697049515,216320270408423.16,1,0.9999996786459046,-3.40450859322843e-11
0.0023713737056616554,420.6965034285822,3.1622776601683795,5.879818506503067e-16,nan,nan,3.2056495593552046e+18,0.021198735697049515,216320270408423.16,1,0.9999996786459046,-3.40450859322843e-11
0.0023713737056616554,420.6965034285822,4.869675251658631,5.879818506503067e-16,nan,nan,3.2056495593552046e+18,0.021198735697049515,216320270408423.16,1,0.9999996786459046,-3.40450859322843e-11
0.0023713737056616554,420.6965034285822,7.498942093324558,5.879818506503067e-16,nan,nan,3.2056495593552046e+18,0.021198735697049515,216320270408423.16,1,0.9999996786459046,-3.40450859322843e-11
0.0023713737056616554,420.6965034285822,11.547819846894582,5.879818506503067e-16,nan,nan,3.2056495593552046e+18,0.021198735697049515,216320270408423.16,1,0.9999996786459046,-3.40450859322843e-11
0.0023713737056616554,420.6965034285822,17.78279410038923,5.879818506503067e-16,nan,nan,3.2056495593552046e+18,0.021198735697049515,216320270408423.16,1,0.9999996786459046,-3.40450859322843e-11
0.0023713737056616554,420.6965034285822,27.384196342643612,5.879818506503067e-16,nan,nan,3.2056495593552046e+18,0.021198735697049515,216320270408423.16,1,0.9999996786459046,-3.40450859322843e-11
0.0023713737056616554,420.6965034285822,42.169650342858226,5.879818506503067e-16,nan,nan,3.2056495593552046e+18,0.021198735697049515,216320270408423.16,1,0.9999996786459046,-3.40450859322843e-11
0.0023713737056616554,420.6965034285822,64.93816315762113,5.879818506503067e-16,nan,nan,3.2056495593552046e+18,0.021198735697049515,216320270408423.16,1,0.9999996786459046,-3.40450859322843e-11
0.0023713737056616554,420.6965034285822,100.0,5.879818506503067e-16,nan,nan,3.2056495593552046e+18,0.021198735697049515,216320270408423.16,1,0.9999996786459046,-3.40450859322843e-11
0.0023713737056616554,420.6965034285822,153.9926526059492,5.879818506503067e-16,nan,nan,3.2056495593552046e+18,0.021198735697049515,216320270408423.16,1,0.9999996786459046,-3.40450859322843e-11
0.0023713737056616554,420.6965034285822,237.13737056616552,5.879818506503067e-16,nan,nan,3.2056495593552046e+18,0.021198735697049515,216320270408423.16,1,0.9999996786459046,-3.40450859322843e-11
0.0023713737056616554,420.6965034285822,365.1741272548377,5.879818506503067e-16,nan,nan,3.2056495593552046e+18,0.021198735697049515,216320270408423.16,1,0.9999996786459046,-3.40450859322843e-11
0.0023713737056616554,420.6965034285822,562.341325190349,5.879818506503067e-16,nan,nan,3.2056495593552046e+18,0.021198735697049515,216320270408423.16,1,0.9999996786459046,-3.40450859322843e-11
0.0023713737056616554,420.6965034285822,865.9643233600654,5.879818506503067e-16,nan,nan,3.2056495593552046e+18,0.021198735697049515,216320270408423.16,1,0.9999996786459046,-3.40450859322843e-11
0.0023713737056616554,420.6965034285822,1333.521432163324,5.879818506503067e-16,nan,nan,3.2056495593552046e+18,0.021198735697049515,216320270408423.16,1,0.9999996786459046,-3.40450859322843e-11
0.0023713737056616554,420.6965034285822,2053.525026457146,5.879818506503067e-16,nan,nan,3.2056495593552046e+18,0.021198735697049515,216320270408423.16,1,0.9999996786459046,-3.40450859322843e-11
0.0023713737056616554,420.6965034285822,3162.2776601683795,5.879818506503067e-16,nan,nan,3.2056495593552046e+18,0.021198735697049515,216320270408423.16,1,0.9999996786459046,-3.40450859322843e-11
0.0023713737056616554,420.6965034285822,4869.675251658631,5.879818506503067e-16,nan,nan,3.2056495593552046e+18,0.021198735697049515,216320270408423.16,1,0.9999996786459046,-3.40450859322843e-11
0.0023713737056616554,420.6965034285822,7498.942093324558,5.879818506503067e-16,nan,nan,3.2056495593552046e+18,0.021198735697049515,216320270408423.16,1,0.9999996786459046,-3.40450859322843e-11
0.0023713737056616554,420.6965034285822,11547.819846894581,5.879818506503067e-16,nan,nan,3.2056495593552046e+18,0.021198735697049515,216320270408423.16,1,0.9999996786459046,-3.40450859322843e-11
0.0023713737056616554,420.6965034285822,17782.794100389227,5.879818506503067e-16,nan,nan,3.2056495593552046e+18,0.021198735697049515,216320270408423.16,1,0.9999996786459046,-3.40450859322843e-11
0.0023713737056616554,420.6965034285822,27384.196342643612,5.879818506503067e-16,nan,nan,3.2056495593552046e+18,0.021198735697049515,216320270408423.16,1,0.9999996786459046,-3.40450859322843e-11
0.0023713737056616554,420.6965034285822,42169.65034285822,5.879818506503067e-16,nan,nan,3.2056495593552046e+18,0.021198735697049515,216320270408423.16,1,0.9999996786459046,-3.40450859322843e-11
0.0023713737056616554,420.6965034285822,64938.16315762113,5.879818506503067e-16,nan,nan,3.2056495593552046e+18,0.021198735697049515,216320270408423.16,1,0.9999996786459046,-3.40450859322843e-11
0.0023713737056616554,420.6965034285822,100000.0,5.879818506503067e-16,nan,nan,3.2056495593552046e+18,0.021198735697049515,216320270408423.16,1,0.9999996786459046,-3.40450859322843e-11
0.0033176711278428616,300.4162529877386,0.0001,-4.158554994476585e-16,nan,nan,2.957631136078349e+17,-0.0027075913691456325,39065353226394.805,1,0.999999261595084,-1.3157833539398595e-10
0.0033176711278428616,300.4162529877386,0.0001539926526059492,-4.158554994476585e-16,nan,nan,2.957631136078349e+17,-0.0027075913691456325,39065353226394.805,1,0.999999261595084,-1.3157833539398595e-10
0.0033176711278428616,300.4162529877386,0.00023713737056616554,-4.158554994476585e-16,nan,nan,2.957631136078349e+17,-0.0027075913691456325,39065353226394.805,1,0.999999261595084,-1.3157833539398595e-10
0.0033176711278428616,300.4162529877386,0.0003651741272548377,-4.158554994476585e-16,nan,nan,2.957631136078349e+17,-0.0027075913691456325,39065353226394.805,1,0.999999261595084,-1.3157833539398595e-10
0.0033176711278428616,300.4162529877386,0.0005623413251903491,-4.158554994476585e-16,nan,nan,2.957631136078349e+17,-0.0027075913691456325,39065353226394.805,1,0.999999261595084,-1.3157833539398595e-10
0.0033176711278428616,300.4162529877386,0.0008659643233600654,-4.158554994476585e-16,nan,nan,2.957631136078349e+17,-0.0027075913691456325,39065353226394.805,1,0.999999261595084,-1.3157833539398595e-10
0.0033176711278428616,300.4162529877386,0.001333521432163324,-4.158554994476585e-16,nan,nan,2.957631136078349e+17,-0.0027075913691456325,39065353226394.805,1,0.999999261595084,-1.3157833539398595e-10
0.0033176711278428616,300.4162529877386,0.002053525026457146,-4.158554994476585e-16,nan,nan,2.957631136078349e+17,-0.0027075913691456325,39065353226394.805,1,0.999999261595084,-1.3157833539398595e-10
0.0033176711278428616,300.4162529877386,0.0031622776601683794,-4.158554994476585e-16,nan,nan,2.957631136078349e+17,-0.0027075913691456325,39065353226394.805,1,0.999999261595084,-1.3157833539398595e-10
0.0033176711278428616,300.4162529877386,0.004869675251658631,-4.158554994476585e-16,nan,nan,2.957631136078349e+17,-0.0027075913691456325,39065353226394.805,1,0.999999261595084,-1.3157833539398595e-10
0.0033176711278428616,300.4162529877386,0.007498942093324558,-4.158554994476585e-16,nan,nan,2.957631136078349e+17,-0.0027075913691456325,39065353226394.805,1,0.999999261595084,-1.3157833539398595e-10
0.0033176711278428616,300.4162529877386,0.011547819846894581,-4.158554994476585e-16,nan,nan,2.957631136078349e+17,-0.0027075913691456325,39065353226394.805,1,0.999999261595084,-1.3157833539398595e-10
0.0033176711278428616,300.4162529877386,0.01778279410038923,-4.158554994476585e-16,nan,nan,2.957631136078349e+17,-0.0027075913691456325,39065353226394.805,1,0.999999261595084,-1.3157833539398595e-10
0.0033176711278428616,300.4162529877386,0.027384196342643614,-4.158554994476585e-16,nan,nan,2.957631136078349e+17,-0.0027075913691456325,39065353226394.805,1,0.999999261595084,-1.3157833539398595e-10
0.0033176711278428616,300.4162529877386,0.042169650342858224,-4.158554994476585e-16,nan,nan,2.957631136078349e+17,-0.0027075913691456325,39065353226394.805,1,0.999999261595084,-1.3157833539398595e-10
0.0033176711278428616,300.4162529877386,0.06493816315762113,-4.158554994476585e-16,nan,nan,2.957631136078349e+17,-0.0027075913691456325,39065353226394.805,1,0.999999261595084,-1.3157833539398595e-10
0.0033176711278428616,300.4162529877386,0.1,-4.158554994476585e-16,nan,nan,2.957631136078349e+17,-0.0027075913691456325,39065353226394.805,1,0.999999261595084,-1.3157833539398595e-10
0.0033176711278428616,300.4162529877386,0.1539926526059492,-4.158554994476585e-16,nan,nan,2.957631136078349e+17,-0.0027075913691456325,39065353226394.805,1,0.999999261595084,-1.3157833539398595e-10
0.0033176711278428616,300.4162529877386,0.23713737056616552,-4.158554994476585e-16,nan,nan,2.957631136078349e+17,-0.0027075913691456325,39065353226394.805,1,0.999999261595084,-1.3157833539398595e-10
0.0033176711278428616,300.4162529877386,0.3651741272548377,-4.158554994476585e-16,nan,nan,2.957631136078349e+17,-0.0027075913691456325,39065353226394.805,1,0.999999261595084,-1.3157833539398595e-10
0.0033176711278428616,300.4162529877386,0.5623413251903491,-4.158554994476585e-16,nan,nan,2.957631136078349e+17,-0.0027075913691456325,39065353226394.805,1,0.999999261595084,-1.3157833539398595e-10
0.0033176711278428616,300.4162529877386,0.8659643233600653,-4.158554994476585e-16,nan,nan,2.957631136078349e+17,-0.0027075913691456325,39065353226394.805,1,0.999999261595084,-1.3157833539398595e-10
0.0033176711278428616,300.4162529877386,1.333521432163324,-4.158554994476585e-16,nan,nan,2.957631136078349e+17,-0.0027075913691456325,39065353226394.805,1,0.999999261595084,-1.3157833539398595e-10
0.0033176711278428616,300.4162529877386,2.053525026457146,-4.158554994476585e-16,nan,nan,2.957631136078349e+17,-0.0027075913691456325,39065353226394.805,1,0.999999261595084,-1.3157833539398595e-10
0.0033176711278428616,300.4162529877386,3.1622776601683795,-4.158554994476585e-16,nan,nan,2.957631136078349e+17,-0.0027075913691456325,39065353226394.805,1,0.999999261595084,-1.3157833539398595e-10
0.0033176711278428616,300.4162529877386,4.869675251658631,-4.158554994476585e-16,nan,nan,2.957631136078349e+17,-0.0027075913691456325,39065353226394.805,1,0.999999261595084,-1.3157833539398595e-10
0.0033176711278428616,300.4162529877386,7.498942093324558,-4.158554994476585e-16,nan,nan,2.957631136078349e+17,-0.0027075913691456325,39065353226394.805,1,0.999999261595084,-1.3157833539398595e-10
0.0033176711278428616,300.4162529877386,11.547819846894582,-4.158554994476585e-16,nan,nan,2.957631136078349e+17,-0.0027075913691456325,39065353226394.805,1,0.999999261595084,-1.3157833539398595e-10
0.0033176711278428616,300.4162529877386,17.78279410038923,-4.158554994476585e-16,nan,nan,2.957631136078349e+17,-0.0027075913691456325,39065353226394.805,1,0.999999261595084,-1.3157833539398595e-10
0.0033176711278428616,300.4162529877386,27.384196342643612,-4.158554994476585e-16,nan,nan,2.957631136078349e+17,-0.0027075913691456325,39065353226394.805,1,0.999999261595084,-1.3157833539398595e-10
0.0033176711278428616,300.4162529877386,42.169650342858226,-4.158554994476585e-16,nan,nan,2.957631136078349e+17,-0.0027075913691456325,39065353226394.805,1,0.999999261595084,-1.3157833539398595e-10
0.0033176711278428616,300.4162529877386,64.93816315762113,-4.158554994476585e-16,nan,nan,2.957631136078349e+17,-0.0027075913691456325,39065353226394.805,1,0.999999261595084,-1.3157833539398595e-10
0.0033176711278428616,300.4162529877386,100.0,-4.158554994476585e-16,nan,nan,2.957631136078349e+17,-0.0027075913691456325,39065353226394.805,1,0.999999261595084,-1.3157833539398595e-10
0.0033176711278428616,300.4162529877386,153.9926526059492,-4.158554994476585e-16,nan,nan,2.957631136078349e+17,-0.0027075913691456325,39065353226394.805,1,0.999999261595084,-1.3157833539398595e-10
0.0033176711278428616,300.4162529877386,237.13737056616552,-4.158554994476585e-16,nan,nan,2.957631136078349e+17,-0.0027075913691456325,39065353226394.805,1,0.999999261595084,-1.3157833539398595e-10
0.0033176711278428616,300.4162529877386,365.1741272548377,-4.158554994476585e-16,nan,nan,2.957631136078349e+17,-0.0027075913691456325,39065353226394.805,1,0.999999261595084,-1.3157833539398595e-10
0.0033176711278428616,300.4162529877386,562.341325190349,-4.158554994476585e-16,nan,nan,2.957631136078349e+17,-0.0027075913691456325,39065353226394.805,1,0.999999261595084,-1.3157833539398595e-10
0.0033176711278428616,300.4162529877386,865.9643233600654,-4.158554994476585e-16,nan,nan,2.957631136078349e+17,-0.0027075913691456325,39065353226394.805,1,0.999999261595084,-1.3157833539398595e-10
0.0033176711278428616,300.4162529877386,1333.521432163324,-4.158554994476585e-16,nan,nan,2.957631136078349e+17,-0.0027075913691456325,39065353226394.805,1,0.999999261595084,-1.3157833539398595e-10
0.0033176711278428616,300.4162529877386,2053.525026457146,-4.158554994476585e-16,nan,nan,2.957631136078349e+17,-0.0027075913691456325,39065353226394.805,1,0.999999261595084,-1.3157833539398595e-10
0.0033176711278428616,300.4162529877386,3162.2776601683795,-4.158554994476585e-16,nan,nan,2.957631136078349e+17,-0.0027075913691456325,39065353226394.805,1,0.999999261595084,-1.3157833539398595e-10
0.0033176711278428616,300.4162529877386,4869.675251658631,-4.158554994476585e-16,nan,nan,2.957631136078349e+17,-0.0027075913691456325,39065353226394.805,1,0.999999261595084,-1.3157833539398595e-10
0.0033176711278428616,300.4162529877386,7498.942093324558,-4.158554994476585e-16,nan,nan,2.957631136078349e+17,-0.0027075913691456325,39065353226394.805,1,0.999999261595084,-1.3157833539398595e-10
0.0033176711278428616,300.4162529877386,11547.819846894581,-4.158554994476585e-16,nan,nan,2.957631136078349e+17,-0.0027075913691456325,39065353226394.805,1,0.999999261595084,-1.3157833539398595e-10
0.0033176711278428616,300.4162529877386,17782.794100389227,-4.158554994476585e-16,nan,nan,2.957631136078349e+17,-0.0027075913691456325,39065353226394.805,1,0.999999261595084,-1.3157833539398595e-10
0.0033176711278428616,300.4162529877386,27384.196342643612,-4.158554994476585e-16,nan,nan,2.957631136078349e+17,-0.0027075913691456325,39065353226394.805,1,0.999999261595084,-1.3157833539398595e-10
0.0033176711278428616,300.4162529877386,42169.65034285822,-4.158554994476585e-16,nan,nan,2.957631136078349e+17,-0.0027075913691456325,39065353226394.805,1,0.999999261595084,-1.3157833539398595e-10
0.0033176711278428616,300.4162529877386,64938.16315762113,-4.158554994476585e-16,nan,nan,2.957631136078349e+17,-0.0027075913691456325,39065353226394.805,1,0.999999261595084,-1.3157833539398595e-10
0.0033176711278428616,300.4162529877386,100000.0,-4.158554994476585e-16,nan,nan,2.957631136078349e+17,-0.0027075913691456325,39065353226394.805,1,0.999999261595084,-1.3157833539398595e-10
0.004641588833612782,214.4434690031882,0.0001,0.0,nan,nan,2.7524238350468156e+16,0.0,7115894635171.939,1,0.9999983149593882,-5.028605331584165e-10
0.004641588833612782,214.4434690031882,0.0001539926526059492,0.0,nan,nan,2.7524238350468156e+16,0.0,7115894635171.939,1,0.9999983149593882,-5.028605331584165e-10
0.004641588833612782,214.4434690031882,0.00023713737056616554,0.0,nan,nan,2.7524238350468156e+16,0.0,7115894635171.939,1,0.9999983149593882,-5.028605331584165e-10
0.004641588833612782,214.4434690031882,0.0003651741272548377,0.0,nan,nan,2.7524238350468156e+16,0.0,7115894635171.939,1,0.9999983149593882,-5.028605331584165e-10
0.004641588833612782,214.4434690031882,0.0005623413251903491,0.0,nan,nan,2.7524238350468156e+16,0.0,7115894635171.939,1,0.9999983149593882,-5.028605331584165e-10
0.004641588833612782,214.4434690031882,0.0008659643233600654,0.0,nan,nan,2.7524238350468156e+16,0.0,7115894635171.939,1,0.9999983149593882,-5.028605331584165e-10
0.004641588833612782,214.4434690031882,0.001333521432163324,0.0,nan,nan,2.7524238350468156e+16,0.0,7115894635171.939,1,0.9999983149593882,-5.028605331584165e-10
0.004641588833612782,214.4434690031882,0.002053525026457146,0.0,nan,nan,2.7524238350468156e+16,0.0,7115894635171.939,1,0.9999983149593882,-5.028605331584165e-10
0.004641588833612782,214.4434690031882,0.0031622776601683794,0.0,nan,nan,2.7524238350468156e+16,0.0,7115894635171.939,1,0.9999983149593882,-5.028605331584165e-10
0.004641588833612782,214.4434690031882,0.004869675251658631,0.0,nan,nan,2.7524238350468156e+16,0.0,7115894635171.939,1,0.9999983149593882,-5.028605331584165e-10
0.004641588833612782,214.4434690031882,0.007498942093324558,0.0,nan,nan,2.7524238350468156e+16,0.0,7115894635171.939,1,0.9999983149593882,-5.028605331584165e-10
0.004641588833612782,214.4434690031882,0.011547819846894581,0.0,nan,nan,2.7524238350468156e+16,0.0,7115894635171.939,1,0.9999983149593882,-5.028605331584165e-10
0.004641588833612782,214.4434690031882,0.01778279410038923,0.0,nan,nan,2.7524238350468156e+16,0.0,7115894635171.939,1,0.9999983149593882,-5.028605331584165e-10
0.004641588833612782,214.4434690031882,0.027384196342643614,0.0,nan,nan,2.7524238350468156e+16,0.0,7115894635171.939,1,0.9999983149593882,-5.028605331584165e-10
0.004641588833612782,214.4434690031882,0.042169650342858224,0.0,nan,nan,2.7524238350468156e+16,0.0,7115894635171.939,1,0.9999983149593882,-5.028605331584165e-10
0.004641588833612782,214.4434690031882,0.06493816315762113,0.0,nan,nan,2.7524238350468156e+16,0.0,7115894635171.939,1,0.9999983149593882,-5.028605331584165e-10
0.004641588833612782,214.4434690031882,0.1,0.0,nan,nan,2.7524238350468156e+16,0.0,7115894635171.939,1,0.9999983149593882,-5.028605331584165e-10
0.004641588833612782,214.4434690031882,0.1539926526059492,0.0,nan,nan,2.7524238350468156e+16,0.0,7115894635171.939,1,0.9999983149593882,-5.028605331584165e-10
0.004641588833612782,214.4434690031882,0.23713737056616552,0.0,nan,nan,2.7524238350468156e+16,0.0,7115894635171.939,1,0.9999983149593882,-5.028605331584165e-10
0.004641588833612782,214.4434690031882,0.3651741272548377,0.0,nan,nan,2.7524238350468156e+16,0.0,7115894635171.939,1,0.9999983149593882,-5.028605331584165e-10
0.004641588833612782,214.4434690031882,0.5623413251903491,0.0,nan,nan,2.7524238350468156e+16,0.0,7115894635171.939,1,0.9999983149593882,-5.028605331584165e-10
0.004641588833612782,214.4434690031882,0.8659643233600653,0.0,nan,nan,2.7524238350468156e+16,0.0,7115894635171.939,1,0.9999983149593882,-5.028605331584165e-10
0.004641588833612782,214.4434690031882,1.333521432163324,0.0,nan,nan,2.7524238350468156e+16,0.0,7115894635171.939,1,0.9999983149593882,-5.028605331584165e-10
0.004641588833612782,214.4434690031882,2.053525026457146,0.0,nan,nan,2.7524238350468156e+16,0.0,7115894635171.939,1,0.9999983149593882,-5.028605331584165e-10
0.004641588833612782,214.4434690031882,3.1622776601683795,0.0,nan,nan,2.7524238350468156e+16,0.0,7115894635171.939,1,0.9999983149593882,-5.028605331584165e-10
0.004641588833612782,214.4434690031882,4.869675251658631,0.0,nan,nan,2.7524238350468156e+16,0.0,7115894635171.939,1,0.9999983149593882,-5.028605331584165e-10
0.004641588833612782,214.4434690031882,7.498942093324558,0.0,nan,nan,2.7524238350468156e+16,0.0,7115894635171.939,1,0.9999983149593882,-5.028605331584165e-10
0.004641588833612782,214.4434690031882,11.547819846894582,0.0,nan,nan,2.7524238350468156e+16,0.0,7115894635171.939,1,0.9999983149593882,-5.028605331584165e-10
0.004641588833612782,214.4434690031882,17.78279410038923,0.0,nan,nan,2.7524238350468156e+16,0.0,7115894635171.939,1,0.9999983149593882,-5.028605331584165e-10
0.004641588833612782,214.4434690031882,27.384196342643612,0.0,nan,nan,2.7524238350468156e+16,0.0,7115894635171.939,1,0.9999983149593882,-5.028605331584165e-10
0.004641588833612782,214.4434690031882,42.169650342858226,0.0,nan,nan,2.7524238350468156e+16,0.0,7115894635171.939,1,0.9999983149593882,-5.028605331584165e-10
0.004641588833612782,214.4434690031882,64.93816315762113,0.0,nan,nan,2.7524238350468156e+16,0.0,7115894635171.939,1,0.9999983149593882,-5.028605331584165e-10
0.004641588833612782,214.4434690031882,100.0,0.0,nan,nan,2.7524238350468156e+16,0.0,7115894635171.939,1,0.9999983149593882,-5.028605331584165e-10
0.004641588833612782,214.4434690031882,153.9926526059492,0.0,nan,nan,2.7524238350468156e+16,0.0,7115894635171.939,1,0.9999983149593882,-5.028605331584165e-10
0.004641588833612782,214.4434690031882,237.13737056616552,0.0,nan,nan,2.7524238350468156e+16,0.0,7115894635171.939,1,0.9999983149593882,-5.028605331584165e-10
0.004641588833612782,214.4434690031882,365.1741272548377,0.0,nan,nan,2.7524238350468156e+16,0.0,7115894635171.939,1,0.9999983149593882,-5.028605331584165e-10
0.004641588833612782,214.4434690031882,562.341325190349,0.0,nan,nan,2.7524238350468156e+16,0.0,7115894635171.939,1,0.9999983149593882,-5.028605331584165e-10
0.004641588833612782,214.4434690031882,865.9643233600654,0.0,nan,nan,2.7524238350468156e+16,0.0,7115894635171.939,1,0.9999983149593882,-5.028605331584165e-10
0.004641588833612782,214.4434690031882,1333.521432163324,0.0,nan,nan,2.7524238350468156e+16,0.0,7115894635171.939,1,0.9999983149593882,-5.028605331584165e-10
0.004641588833612782,214.4434690031882,2053.525026457146,0.0,nan,nan,2.7524238350468156e+16,0.0,7115894635171.939,1,0.9999983149593882,-5.028605331584165e-10
0.004641588833612782,214.4434690031882,3162.2776601683795,0.0,nan,nan,2.7524238350468156e+16,0.0,7115894635171.939,1,0.9999983149593882,-5.028605331584165e-10
0.004641588833612782,214.4434690031882,4869.675251658631,0.0,nan,nan,2.7524238350468156e+16,0.0,7115894635171.939,1,0.9999983149593882,-5.028605331584165e-10
0.004641588833612782,214.4434690031882,7498.942093324558,0.0,nan,nan,2.7524238350468156e+16,0.0,7115894635171.939,1,0.9999983149593882,-5.028605331584165e-10
0.004641588833612782,214.4434690031882,11547.819846894581,0.0,nan,nan,2.7524238350468156e+16,0.0,7115894635171.939,1,0.9999983149593882,-5.028605331584165e-10
0.004641588833612782,214.4434690031882,17782.794100389227,0.0,nan,nan,2.7524238350468156e+16,0.0,7115894635171.939,1,0.9999983149593882,-5.028605331584165e-10
0.004641588833612782,214.4434690031882,27384.196342643612,0.0,nan,nan,2.7524238350468156e+16,0.0,7115894635171.939,1,0.9999983149593882,-5.028605331584165e-10
0.004641588833612782,214.4434690031882,42169.65034285822,0.0,nan,nan,2.7524238350468156e+16,0.0,7115894635171.939,1,0.9999983149593882,-5.028605331584165e-10
0.004641588833612782,214.4434690031882,64938.16315762113,0.0,nan,nan,2.7524238350468156e+16,0.0,7115894635171.939,1,0.9999983149593882,-5.028605331584165e-10
0.004641588833612782,214.4434690031882,100000.0,0.0,nan,nan,2.7524238350468156e+16,0.0,7115894635171.939,1,0.9999983149593882,-5.028605331584165e-10
0.006493816315762113,152.9926526059492,0.0001,0.0,nan,nan,2578082678781658.0,0.0,1304599546302.434,1,0.9999961745956213,-1.905708149181097e-09
0.006493816315762113,152.9926526059492,0.0001539926526059492,0.0,nan,nan,2578082678781658.0,0.0,1304599546302.434,1,0.9999961745956213,-1.905708149181097e-09
0.006493816315762113,152.9926526059492,0.00023713737056616554,0.0,nan,nan,2578082678781658.0,0.0,1304599546302.434,1,0.9999961745956213,-1.905708149181097e-09
0.006493816315762113,152.9926526059492,0.0003651741272548377,0.0,nan,nan,2578082678781658.0,0.0,1304599546302.434,1,0.9999961745956213,-1.905708149181097e-09
0.006493816315762113,152.9926526059492,0.0005623413251903491,0.0,nan,nan,2578082678781658.0,0.0,1304599546302.434,1,0.9999961745956213,-1.905708149181097e-09
0.006493816315762113,152.9926526059492,0.0008659643233600654,0.0,nan,nan,2578082678781658.0,0.0,1304599546302.434,1,0.9999961745956213,-1.905708149181097e-09
0.006493816315762113,152.9926526059492,0.001333521432163324,0.0,nan,nan,2578082678781658.0,0.0,1304599546302.434,1,0.9999961745956213,-1.905708149181097e-09
0.006493816315762113,152.9926526059492,0.002053525026457146,0.0,nan,nan,2578082678781658.0,0.0,1304599546302.434,1,0.9999961745956213,-1.905708149181097e-09
0.006493816315762113,152.9926526059492,0.0031622776601683794,0.0,nan,nan,2578082678781658.0,0.0,1304599546302.434,1,0.9999961745956213,-1.905708149181097e-09
0.006493816315762113,152.9926526059492,0.004869675251658631,0.0,nan,nan,2578082678781658.0,0.0,1304599546302.434,1,0.9999961745956213,-1.905708149181097e-09
0.006493816315762113,152.9926526059492,0.007498942093324558,0.0,nan,nan,2578082678781658.0,0.0,1304599546302.434,1,0.9999961745956213,-1.905708149181097e-09
0.006493816315762113,152.9926526059492,0.011547819846894581,0.0,nan,nan,2578082678781658.0,0.0,1304599546302.434,1,0.9999961745956213,-1.905708149181097e-09
0.006493816315762113,152.9926526059492,0.01778279410038923,0.0,nan,nan,2578082678781658.0,0.0,1304599546302.434,1,0.9999961745956213,-1.905708149181097e-09
0.006493816315762113,152.9926526059492,0.027384196342643614,0.0,nan,nan,2578082678781658.0,0.0,1304599546302.434,1,0.9999961745956213,-1.905708149181097e-09
0.006493816315762113,152.9926526059492,0.042169650342858224,0.0,nan,nan,2578082678781658.0,0.0,1304599546302.434,1,0.9999961745956213,-1.905708149181097e-09
0.006493816315762113,152.9926526059492,0.06493816315762113,0.0,nan,nan,2578082678781658.0,0.0,1304599546302.434,1,0.9999961745956213,-1.905708149181097e-09
0.006493816315762113,152.9926526059492,0.1,0.0,nan,nan,2578082678781658.0,0.0,1304599546302.434,1,0.9999961745956213,-1.905708149181097e-09
0.006493816315762113,152.9926526059492,0.1539926526059492,0.0,nan,nan,2578082678781658.0,0.0,1304599546302.434,1,0.9999961745956213,-1.905708149181097e-09
0.006493816315762113,152.9926526059492,0.23713737056616552,0.0,nan,nan,2578082678781658.0,0.0,1304599546302.434,1,0.9999961745956213,-1.905708149181097e-09
0.006493816315762113,152.9926526059492,0.3651741272548377,0.0,nan,nan,2578082678781658.0,0.0,1304599546302.434,1,0.9999961745956213,-1.905708149181097e-09
0.006493816315762113,152.9926526059492,0.5623413251903491,0.0,nan,nan,2578082678781658.0,0.0,1304599546302.434,1,0.9999961745956213,-1.905708149181097e-09
0.006493816315762113,152.9926526059492,0.8659643233600653,0.0,nan,nan,2578082678781658.0,0.0,1304599546302.434,1,0.9999961745956213,-1.905708149181097e-09
0.006493816315762113,152.9926526059492,1.333521432163324,0.0,nan,nan,2578082678781658.0,0.0,1304599546302.434,1,0.9999961745956213,-1.905708149181097e-09
0.006493816315762113,152.9926526059492,2.053525026457146,0.0,nan,nan,2578082678781658.0,0.0,1304599546302.434,1,0.9999961745956213,-1.905708149181097e-09
0.006493816315762113,152.9926526059492,3.1622776601683795,0.0,nan,nan,2578082678781658.0,0.0,1304599546302.434,1,0.9999961745956213,-1.905708149181097e-09
0.006493816315762113,152.9926526059492,4.869675251658631,0.0,nan,nan,2578082678781658.0,0.0,1304599546302.434,1,0.9999961745956213,-1.905708149181097e-09
0.006493816315762113,152.9926526059492,7.498942093324558,0.0,nan,nan,2578082678781658.0,0.0,1304599546302.434,1,0.9999961745956213,-1.905708149181097e-09
0.006493816315762113,152.9926526059492,11.547819846894582,0.0,nan,nan,2578082678781658.0,0.0,1304599546302.434,1,0.9999961745956213,-1.905708149181097e-09
0.006493816315762113,152.9926526059492,17.78279410038923,0.0,nan,nan,2578082678781658.0,0.0,1304599546302.434,1,0.9999961745956213,-1.905708149181097e-09
0.006493816315762113,152.9926526059492,27.384196342643612,0.0,nan,nan,2578082678781658.0,0.0,1304599546302.434,1,0.9999961745956213,-1.905708149181097e-09
0.006493816315762113,152.9926526059492,42.169650342858226,0.0,nan,nan,2578082678781658.0,0.0,1304599546302.434,1,0.9999961745956213,-1.905708149181097e-09
0.006493816315762113,152.9926526059492,64.93816315762113,0.0,nan,nan,2578082678781658.0,0.0,1304599546302.434,1,0.9999961745956213,-1.905708149181097e-09
0.006493816315762113,152.9926526059492,100.0,0.0,nan,nan,2578082678781658.0,0.0,1304599546302.434,1,0.9999961745956213,-1.905708149181097e-09
0.006493816315762113,152.9926526059492,153.9926526059492,0.0,nan,nan,2578082678781658.0,0.0,1304599546302.434,1,0.9999961745956213,-1.905708149181097e-09
0.006493816315762113,152.9926526059492,237.13737056616552,0.0,nan,nan,2578082678781658.0,0.0,1304599546302.434,1,0.9999961745956213,-1.905708149181097e-09
0.006493816315762113,152.9926526059492,365.1741272548377,0.0,nan,nan,2578082678781658.0,0.0,1304599546302.434,1,0.9999961745956213,-1.905708149181097e-09
0.006493816315762113,152.9926526059492,562.341325190349,0.0,nan,nan,2578082678781658.0,0.0,1304599546302.434,1,0.9999961745956213,-1.905708149181097e-09
0.006493816315762113,152.9926526059492,865.9643233600654,0.0,nan,nan,2578082678781658.0,0.0,1304599546302.434,1,0.9999961745956213,-1.905708149181097e-09
0.006493816315762113,152.9926526059492,1333.521432163324,0.0,nan,nan,2578082678781658.0,0.0,1304599546302.434,1,0.9999961745956213,-1.905708149181097e-09
0.006493816315762113,152.9926526059492,2053.525026457146,0.0,nan,nan,2578082678781658.0,0.0,1304599546302.434,1,0.9999961745956213,-1.905708149181097e-09
0.006493816315762113,152.9926526059492,3162.2776601683795,0.0,nan,nan,2578082678781658.0,0.0,1304599546302.434,1,0.9999961745956213,-1.905708149181097e-09
0.006493816315762113,152.9926526059492,4869.675251658631,0.0,nan,nan,2578082678781658.0,0.0,1304599546302.434,1,0.9999961745956213,-1.905708149181097e-09
0.006493816315762113,152.9926526059492,7498.942093324558,0.0,nan,nan,2578082678781658.0,0.0,1304599546302.434,1,0.9999961745956213,-1.905708149181097e-09
0.006493816315762113,152.9926526059492,11547.819846894581,0.0,nan,nan,2578082678781658.0,0.0,1304599546302.434,1,0.9999961745956213,-1.905708149181097e-09
0.006493816315762113,152.9926526059492,17782.794100389227,0.0,nan,nan,2578082678781658.0,0.0,1304599546302.434,1,0.9999961745956213,-1.905708149181097e-09
0.006493816315762113,152.9926526059492,27384.196342643612,0.0,nan,nan,2578082678781658.0,0.0,1304599546302.434,1,0.9999961745956213,-1.905708149181097e-09
0.006493816315762113,152.9926526059492,42169.65034285822,0.0,nan,nan,2578082678781658.0,0.0,1304599546302.434,1,0.9999961745956213,-1.905708149181097e-09
0.006493816315762113,152.9926526059492,64938.16315762113,0.0,nan,nan,2578082678781658.0,0.0,1304599546302.434,1,0.9999961745956213,-1.905708149181097e-09
0.006493816315762113,152.9926526059492,100000.0,0.0,nan,nan,2578082678781658.0,0.0,1304599546302.434,1,0.9999961745956213,-1.905708149181097e-09
0.00908517575651688,109.06941712522081,0.0001,-5.633807352703977e-16,nan,nan,242639245754363.84,-2.2566265937879916e-05,240329457589.34265,1,0.9999913487916698,-7.17720660673897e-09
0.00908517575651688,109.06941712522081,0.0001539926526059492,-5.633807352703977e-16,nan,nan,242639245754363.84,-2.2566265937879916e-05,240329457589.34265,1,0.9999913487916698,-7.17720660673897e-09
0.00908517575651688,109.06941712522081,0.00023713737056616554,-5.633807352703977e-16,nan,nan,242639245754363.84,-2.2566265937879916e-05,240329457589.34265,1,0.9999913487916698,-7.17720660673897e-09
0.00908517575651688,109.06941712522081,0.0003651741272548377,-5.633807352703977e-16,nan,nan,242639245754363.84,-2.2566265937879916e-05,240329457589.34265,1,0.9999913487916698,-7.17720660673897e-09
0.00908517575651688,109.06941712522081,0.0005623413251903491,-5.633807352703977e-16,nan,nan,242639245754363.84,-2.2566265937879916e-05,240329457589.34265,1,0.9999913487916698,-7.17720660673897e-09
0.00908517575651688,109.06941712522081,0.0008659643233600654,-5.633807352703977e-16,nan,nan,242639245754363.84,-2.2566265937879916e-05,240329457589.34265,1,0.9999913487916698,-7.17720660673897e-09
0.00908517575651688,109.06941712522081,0.001333521432163324,-5.633807352703977e-16,nan,nan,242639245754363.84,-2.2566265937879916e-05,240329457589.34265,1,0.9999913487916698,-7.17720660673897e-09
0.00908517575651688,109.06941712522081,0.002053525026457146,-5.633807352703977e-16,nan,nan,242639245754363.84,-2.2566265937879916e-05,240329457589.34265,1,0.9999913487916698,-7.17720660673897e-09
0.00908517575651688,109.06941712522081,0.0031622776601683794,-5.633807352703977e-16,nan,nan,242639245754363.84,-2.2566265937879916e-05,240329457589.34265,1,0.9999913487916698,-7.17720660673897e-09
0.00908517575651688,109.06941712522081,0.004869675251658631,-5.633807352703977e-16,nan,nan,242639245754363.84,-2.2566265937879916e-05,240329457589.34265,1,0.9999913487916698,-7.17720660673897e-09
0.00908517575651688,109.06941712522081,0.007498942093324558,-5.633807352703977e-16,nan,nan,242639245754363.84,-2.2566265937879916e-05,240329457589.34265,1,0.9999913487916698,-7.17720660673897e-09
0.00908517575651688,109.06941712522081,0.011547819846894581,-5.633807352703977e-16,nan,nan,242639245754363.84,-2.2566265937879916e-05,240329457589.34265,1,0.9999913487916698,-7.17720660673897e-09
0.00908517575651688,109.06941712522081,0.01778279410038923,-5.633807352703977e-16,nan,nan,242639245754363.84,-2.2566265937879916e-05,240329457589.34265,1,0.9999913487916698,-7.17720660673897e-09
0.00908517575651688,109.06941712522081,0.027384196342643614,-5.633807352703977e-16,nan,nan,242639245754363.84,-2.2566265937879916e-05,240329457589.34265,1,0.9999913487916698,-7.17720660673897e-09
0.00908517575651688,109.06941712522081,0.042169650342858224,-5.633807352703977e-16,nan,nan,242639245754363.84,-2.2566265937879916e-05,240329457589.34265,1,0.9999913487916698,-7.17720660673897e-09
0.00908517575651688,109.06941712522081,0.06493816315762113,-5.633807352703977e-16,nan,nan,242639245754363.84,-2.2566265937879916e-05,240329457589.34265,1,0.9999913487916698,-7.17720660673897e-09
0.00908517575651688,109.06941712522081,0.1,-5.633807352703977e-16,nan,nan,242639245754363.84,-2.2566265937879916e-05,240329457589.34265,1,0.9999913487916698,-7.17720660673897e-09
0.00908517575651688,109.06941712522081,0.1539926526059492,-5.633807352703977e-16,nan,nan,242639245754363.84,-2.2566265937879916e-05,240329457589.34265,1,0.9999913487916698,-7.17720660673897e-09
0.00908517575651688,109.06941712522081,0.23713737056616552,-5.633807352703977e-16,nan,nan,242639245754363.84,-2.2566265937879916e-05,240329457589.34265,1,0.9999913487916698,-7.17720660673897e-09
0.00908517575651688,109.06941712522081,0.3651741272548377,-5.633807352703977e-16,nan,nan,242639245754363.84,-2.2566265937879916e-05,240329457589.34265,1,0.9999913487916698,-7.17720660673897e-09
0.00908517575651688,109.06941712522081,0.5623413251903491,-5.633807352703977e-16,nan,nan,242639245754363.84,-2.2566265937879916e-05,240329457589.34265,1,0.9999913487916698,-7.17720660673897e-09
0.00908517575651688,109.06941712522081,0.8659643233600653,-5.633807352703977e-16,nan,nan,242639245754363.84,-2.2566265937879916e-05,240329457589.34265,1,0.9999913487916698,-7.17720660673897e-09
0.00908517575651688,109.06941712522081,1.333521432163324,-5.633807352703977e-16,nan,nan,242639245754363.84,-2.2566265937879916e-05,240329457589.34265,1,0.9999913487916698,-7.17720660673897e-09
0.00908517575651688,109.06941712522081,2.053525026457146,-5.633807352703977e-16,nan,nan,242639245754363.84,-2.2566265937879916e-05,240329457589.34265,1,0.9999913487916698,-7.17720660673897e-09
0.00908517575651688,109.06941712522081,3.1622776601683795,-5.633807352703977e-16,nan,nan,242639245754363.84,-2.2566265937879916e-05,240329457589.34265,1,0.9999913487916698,-7.17720660673897e-09
0.00908517575651688,109.06941712522081,4.869675251658631,-5.633807352703977e-16,nan,nan,242639245754363.84,-2.2566265937879916e-05,240329457589.34265,1,0.9999913487916698,-7.17720660673897e-09
0.00908517575651688,109.06941712522081,7.498942093324558,-5.633807352703977e-16,nan,nan,242639245754363.84,-2.2566265937879916e-05,240329457589.34265,1,0.9999913487916698,-7.17720660673897e-09
0.00908517575651688,109.06941712522081,11.547819846894582,-5.633807352703977e-16,nan,nan,242639245754363.84,-2.2566265937879916e-05,240329457589.34265,1,0.9999913487916698,-7.17720660673897e-09
0.00908517575651688,109.06941712522081,17.78279410038923,-5.633807352703977e-16,nan,nan,242639245754363.84,-2.2566265937879916e-05,240329457589.34265,1,0.9999913487916698,-7.17720660673897e-09
0.00908517575651688,109.06941712522081,27.384196342643612,-5.633807352703977e-16,nan,nan,242639245754363.84,-2.2566265937879916e-05,240329457589.34265,1,0.9999913487916698,-7.17720660673897e-09
0.00908517575651688,109.06941712522081,42.169650342858226,-5.633807352703977e-16,nan,nan,242639245754363.84,-2.2566265937879916e-05,240329457589.34265,1,0.9999913487916698,-7.17720660673897e-09
0.00908517575651688,109.06941712522081,64.93816315762113,-5.633807352703977e-16,nan,nan,242639245754363.84,-2.2566265937879916e-05,240329457589.34265,1,0.9999913487916698,-7.17720660673897e-09
0.00908517575651688,109.06941712522081,100.0,-5.633807352703977e-16,nan,nan,242639245754363.84,-2.2566265937879916e-05,240329457589.34265,1,0.9999913487916698,-7.17720660673897e-09
0.00908517575651688,109.06941712522081,153.9926526059492,-5.633807352703977e-16,nan,nan,242639245754363.84,-2.2566265937879916e-05,240329457589.34265,1,0.9999913487916698,-7.17720660673897e-09
0.00908517575651688,109.06941712522081,237.13737056616552,-5.633807352703977e-16,nan,nan,242639245754363.84,-2.2566265937879916e-05,240329457589.34265,1,0.9999913487916698,-7.17720660673897e-09
0.00908517575651688,109.06941712522081,365.1741272548377,-5.633807352703977e-16,nan,nan,242639245754363.84,-2.2566265937879916e-05,240329457589.34265,1,0.9999913487916698,-7.17720660673897e-09
0.00908517575651688,109.06941712522081,562.341325190349,-5.633807352703977e-16,nan,nan,242639245754363.84,-2.2566265937879916e-05,240329457589.34265,1,0.9999913487916698,-7.17720660673897e-09
0.00908517575651688,109.06941712522081,865.9643233600654,-5.633807352703977e-16,nan,nan,242639245754363.84,-2.2566265937879916e-05,240329457589.34265,1,0.9999913487916698,-7.17720660673897e-09
0.00908517575651688,109.06941712522081,1333.521432163324,-5.633807352703977e-16,nan,nan,242639245754363.84,-2.2566265937879916e-05,240329457589.34265,1,0.9999913487916698,-7.17720660673897e-09
0.00908517575651688,109.06941712522081,2053.525026457146,-5.633807352703977e-16,nan,nan,242639245754363.84,-2.2566265937879916e-05,240329457589.34265,1,0.9999913487916698,-7.17720660673897e-09
0.00908517575651688,109.06941712522081,3162.2776601683795,-5.633807352703977e-16,nan,nan,242639245754363.84,-2.2566265937879916e-05,240329457589.34265,1,0.9999913487916698,-7.17720660673897e-09
0.00908517575651688,109.06941712522081,4869.675251658631,-5.633807352703977e-16,nan,nan,242639245754363.84,-2.2566265937879916e-05,240329457589.34265,1,0.9999913487916698,-7.17720660673897e-09
0.00908517575651688,109.06941712522081,7498.942093324558,-5.633807352703977e-16,nan,nan,242639245754363.84,-2.2566265937879916e-05,240329457589.34265,1,0.9999913487916698,-7.17720660673897e-09
0.00908517575651688,109.06941712522081,11547.819846894581,-5.633807352703977e-16,nan,nan,242639245754363.84,-2.2566265937879916e-05,240329457589.34265,1,0.9999913487916698,-7.17720660673897e-09
0.00908517575651688,109.06941712522081,17782.794100389227,-5.633807352703977e-16,nan,nan,242639245754363.84,-2.2566265937879916e-05,240329457589.34265,1,0.9999913487916698,-7.17720660673897e-09
0.00908517575651688,109.06941712522081,27384.196342643612,-5.633807352703977e-16,nan,nan,242639245754363.84,-2.2566265937879916e-05,240329457589.34265,1,0.9999913487916698,-7.17720660673897e-09
0.00908517575651688,109.06941712522081,42169.65034285822,-5.633807352703977e-16,nan,nan,242639245754363.84,-2.2566265937879916e-05,240329457589.34265,1,0.9999913487916698,-7.17720660673897e-09
0.00908517575651688,109.06941712522081,64938.16315762113,-5.633807352703977e-16,nan,nan,242639245754363.84,-2.2566265937879916e-05,240329457589.34265,1,0.9999913487916698,-7.17720660673897e-09
0.00908517575651688,109.06941712522081,100000.0,-5.633807352703977e-16,nan,nan,242639245754363.84,-2.2566265937879916e-05,240329457589.34265,1,0.9999913487916698,-7.17720660673897e-09
0.012710617996147458,77.67438076599393,0.0001,-7.784666377908165e-16,nan,nan,22916853565605.574,-5.764455935844043e-06,44428859315.50361,1,0.9999804903618098,-2.690671454736612e-08
0.012710617996147458,77.67438076599393,0.0001539926526059492,-7.784666377908165e-16,nan,nan,22916853565605.574,-5.764455935844043e-06,44428859315.50361,1,0.9999804903618098,-2.690671454736612e-08
0.012710617996147458,77.67438076599393,0.00023713737056616554,-7.784666377908165e-16,nan,nan,22916853565605.574,-5.764455935844043e-06,44428859315.50361,1,0.9999804903618098,-2.690671454736612e-08
0.012710617996147458,77.67438076599393,0.0003651741272548377,-7.784666377908165e-16,nan,nan,22916853565605.574,-5.764455935844043e-06,44428859315.50361,1,0.9999804903618098,-2.690671454736612e-08
0.012710617996147458,77.67438076599393,0.0005623413251903491,-7.784666377908165e-16,nan,nan,22916853565605.574,-5.764455935844043e-06,44428859315.50361,1,0.9999804903618098,-2.690671454736612e-08
0.012710617996147458,77.67438076599393,0.0008659643233600654,-7.784666377908165e-16,nan,nan,22916853565605.574,-5.764455935844043e-06,44428859315.50361,1,0.9999804903618098,-2.690671454736612e-08
0.012710617996147458,77.67438076599393,0.001333521432163324,-7.784666377908165e-16,nan,nan,22916853565605.574,-5.764455935844043e-06,44428859315.50361,1,0.9999804903618098,-2.690671454736612e-08
0.012710617996147458,77.67438076599393,0.002053525026457146,-7.784666377908165e-16,nan,nan,22916853565605.574,-5.764455935844043e-06,44428859315.50361,1,0.9999804903618098,-2.690671454736612e-08
0.012710617996147458,77.67438076599393,0.0031622776601683794,-7.784666377908165e-16,nan,nan,22916853565605.574,-5.764455935844043e-06,44428859315.50361,1,0.9999804903618098,-2.690671454736612e-08
0.012710617996147458,77.67438076599393,0.004869675251658631,-7.784666377908165e-16,nan,nan,22916853565605.574,-5.764455935844043e-06,44428859315.50361,1,0.9999804903618098,-2.690671454736612e-08
0.012710617996147458,77.67438076599393,0.007498942093324558,-7.784666377908165e-16,nan,nan,22916853565605.574,-5.764455935844043e-06,44428859315.50361,1,0.9999804903618098,-2.690671454736612e-08
0.012710617996147458,77.67438076599393,0.011547819846894581,-7.784666377908165e-16,nan,nan,22916853565605.574,-5.764455935844043e-06,44428859315.50361,1,0.9999804903618098,-2.690671454736612e-08
0.012710617996147458,77.67438076599393,0.01778279410038923,-7.784666377908165e-16,nan,nan,22916853565605.574,-5.764455935844043e-06,44428859315.50361,1,0.9999804903618098,-2.690671454736612e-08
0.012710617996147458,77.67438076599393,0.027384196342643614,-7.784666377908165e-16,nan,nan,22916853565605.574,-5.764455935844043e-06,44428859315.50361,1,0.9999804903618098,-2.690671454736612e-08
0.012710617996147458,77.67438076599393,0.042169650342858224,-7.784666377908165e-16,nan,nan,22916853565605.574,-5.764455935844043e-06,44428859315.50361,1,0.9999804903618098,-2.690671454736612e-08
0.012710617996147458,77.67438076599393,0.06493816315762113,-7.784666377908165e-16,nan,nan,22916853565605.574,-5.764455935844043e-06,44428859315.50361,1,0.9999804903618098,-2.690671454736612e-08
0.012710617996147458,77.67438076599393,0.1,-7.784666377908165e-16,nan,nan,22916853565605.574,-5.764455935844043e-06,44428859315.50361,1,0.9999804903618098,-2.690671454736612e-08
0.012710617996147458,77.67438076599393,0.1539926526059492,-7.784666377908165e-16,nan,nan,22916853565605.574,-5.764455935844043e-06,44428859315.50361,1,0.9999804903618098,-2.690671454736612e-08
0.012710617996147458,77.67438076599393,0.23713737056616552,-7.784666377908165e-16,nan,nan,22916853565605.574,-5.764455935844043e-06,44428859315.50361,1,0.9999804903618098,-2.690671454736612e-08
0.012710617996147458,77.67438076599393,0.3651741272548377,-7.784666377908165e-16,nan,nan,22916853565605.574,-5.764455935844043e-06,44428859315.50361,1,0.9999804903618098,-2.690671454736612e-08
0.012710617996147458,77.67438076599393,0.5623413251903491,-7.784666377908165e-16,nan,nan,22916853565605.574,-5.764455935844043e-06,44428859315.50361,1,0.9999804903618098,-2.690671454736612e-08
0.012710617996147458,77.67438076599393,0.8659643233600653,-7.784666377908165e-16,nan,nan,22916853565605.574,-5.764455935844043e-06,44428859315.50361,1,0.9999804903618098,-2.690671454736612e-08
0.012710617996147458,77.67438076599393,1.333521432163324,-7.784666377908165e-16,nan,nan,22916853565605.574,-5.764455935844043e-06,44428859315.50361,1,0.9999804903618098,-2.690671454736612e-08
0.012710617996147458,77.67438076599393,2.053525026457146,-7.784666377908165e-16,nan,nan,22916853565605.574,-5.764455935844043e-06,44428859315.50361,1,0.9999804903618098,-2.690671454736612e-08
0.012710617996147458,77.67438076599393,3.1622776601683795,-7.784666377908165e-16,nan,nan,22916853565605.574,-5.764455935844043e-06,44428859315.50361,1,0.9999804903618098,-2.690671454736612e-08
0.012710617996147458,77.67438076599393,4.869675251658631,-7.784666377908165e-16,nan,nan,22916853565605.574,-5.764455935844043e-06,44428859315.50361,1,0.9999804903618098,-2.690671454736612e-08
0.012710617996147458,77.67438076599393,7.498942093324558,-7.784666377908165e-16,nan,nan,22916853565605.574,-5.764455935844043e-06,44428859315.50361,1,0.9999804903618098,-2.690671454736612e-08
0.012710617996147458,77.67438076599393,11.547819846894582,-7.784666377908165e-16,nan,nan,22916853565605.574,-5.764455935844043e-06,44428859315.50361,1,0.9999804903618098,-2.690671454736612e-08
0.012710617996147458,77.67438076599393,17.78279410038923,-7.784666377908165e-16,nan,nan,22916853565605.574,-5.764455935844043e-06,44428859315.50361,1,0.9999804903618098,-2.690671454736612e-08
0.012710617996147458,77.67438076599393,27.384196342643612,-7.784666377908165e-16,nan,nan,22916853565605.574,-5.764455935844043e-06,44428859315.50361,1,0.9999804903618098,-2.690671454736612e-08
0.012710617996147458,77.67438076599393,42.169650342858226,-7.784666377908165e-16,nan,nan,22916853565605.574,-5.764455935844043e-06,44428859315.50361,1,0.9999804903618098,-2.690671454736612e-08
0.012710617996147458,77.67438076599393,64.93816315762113,-7.784666377908165e-16,nan,nan,22916853565605.574,-5.764455935844043e-06,44428859315.50361,1,0.9999804903618098,-2.690671454736612e-08
0.012710617996147458,77.67438076599393,100.0,-7.784666377908165e-16,nan,nan,22916853565605.574,-5.764455935844043e-06,44428859315.50361,1,0.9999804903618098,-2.690671454736612e-08
0.012710617996147458,77.67438076599393,153.9926526059492,-7.784666377908165e-16,nan,nan,22916853565605.574,-5.764455935844043e-06,44428859315.50361,1,0.9999804903618098,-2.690671454736612e-08
0.012710617996147458,77.67438076599393,237.13737056616552,-7.784666377908165e-16,nan,nan,22916853565605.574,-5.764455935844043e-06,44428859315.50361,1,0.9999804903618098,-2.690671454736612e-08
0.012710617996147458,77.67438076599393,365.1741272548377,-7.784666377908165e-16,nan,nan,22916853565605.574,-5.764455935844043e-06,44428859315.50361,1,0.9999804903618098,-2.690671454736612e-08
0.012710617996147458,77.67438076599393,562.341325190349,-7.784666377908165e-16,nan,nan,22916853565605.574,-5.764455935844043e-06,44428859315.50361,1,0.9999804903618098,-2.690671454736612e-08
0.012710617996147458,77.67438076599393,865.9643233600654,-7.784666377908165e-16,nan,nan,22916853565605.574,-5.764455935844043e-06,44428859315.50361,1,0.9999804903618098,-2.690671454736612e-08
0.012710617996147458,77.67438076599393,1333.521432163324,-7.784666377908165e-16,nan,nan,22916853565605.574,-5.764455935844043e-06,44428859315.50361,1,0.9999804903618098,-2.690671454736612e-08
0.012710617996147458,77.67438076599393,2053.525026457146,-7.784666377908165e-16,nan,nan,22916853565605.574,-5.764455935844043e-06,44428859315.50361,1,0.9999804903618098,-2.690671454736612e-08
0.012710617996147458,77.67438076599393,3162.2776601683795,-7.784666377908165e-16,nan,nan,22916853565605.574,-5.764455935844043e-06,44428859315.50361,1,0.9999804903618098,-2.690671454736612e-08
0.012710617996147458,77.67438076599393,4869.675251658631,-7.784666377908165e-16,nan,nan,22916853565605.574,-5.764455935844043e-06,44428859315.50361,1,0.9999804903618098,-2.690671454736612e-08
0.012710617996147458,77.67438076599393,7498.942093324558,-7.784666377908165e-16,nan,nan,22916853565605.574,-5.764455935844043e-06,44428859315.50361,1,0.9999804903618098,-2.690671454736612e-08
0.012710617996147458,77.67438076599393,11547.819846894581,-7.784666377908165e-16,nan,nan,22916853565605.574,-5.764455935844043e-06,44428859315.50361,1,0.9999804903618098,-2.690671454736612e-08
0.012710617996147458,77.67438076599393,17782.794100389227,-7.784666377908165e-16,nan,nan,22916853565605.574,-5.764455935844043e-06,44428859315.50361,1,0.9999804903618098,-2.690671454736612e-08
0.012710617996147458,77.67438076599393,27384.196342643612,-7.784666377908165e-16,nan,nan,22916853565605.574,-5.764455935844043e-06,44428859315.50361,1,0.9999804903618098,-2.690671454736612e-08
0.012710617996147458,77.67438076599393,42169.65034285822,-7.784666377908165e-16,nan,nan,22916853565605.574,-5.764455935844043e-06,44428859315.50361,1,0.9999804903618098,-2.690671454736612e-08
0.012710617996147458,77.67438076599393,64938.16315762113,-7.784666377908165e-16,nan,nan,22916853565605.574,-5.764455935844043e-06,44428859315.50361,1,0.9999804903618098,-2.690671454736612e-08
0.012710617996147458,77.67438076599393,100000.0,-7.784666377908165e-16,nan,nan,22916853565605.574,-5.764455935844043e-06,44428859315.50361,1,0.9999804903618098,-2.690671454736612e-08
0.01778279410038923,55.2341325190349,0.0001,-5.364431397699788e-16,nan,nan,2170038200026.476,-7.362428164394725e-07,8234527979.981433,1,0.9999560944164826,-1.0053106783437448e-07
0.01778279410038923,55.2341325190349,0.0001539926526059492,-5.364431397699788e-16,nan,nan,2170038200026.476,-7.362428164394725e-07,8234527979.981433,1,0.9999560944164826,-1.0053106783437448e-07
0.01778279410038923,55.2341325190349,0.00023713737056616554,-5.364431397699788e-16,nan,nan,2170038200026.476,-7.362428164394725e-07,8234527979.981433,1,0.9999560944164826,-1.0053106783437448e-07
0.01778279410038923,55.2341325190349,0.0003651741272548377,-5.364431397699788e-16,nan,nan,2170038200026.476,-7.362428164394725e-07,8234527979.981433,1,0.9999560944164826,-1.0053106783437448e-07
0.01778279410038923,55.2341325190349,0.0005623413251903491,-5.364431397699788e-16,nan,nan,2170038200026.476,-7.362428164394725e-07,8234527979.981433,1,0.9999560944164826,-1.0053106783437448e-07
0.01778279410038923,55.2341325190349,0.0008659643233600654,-5.364431397699788e-16,nan,nan,2170038200026.476,-7.362428164394725e-07,8234527979.981433,1,0.9999560944164826,-1.0053106783437448e-07
0.01778279410038923,55.2341325190349,0.001333521432163324,-5.364431397699788e-16,nan,nan,2170038200026.476,-7.362428164394725e-07,8234527979.981433,1,0.9999560944164826,-1.0053106783437448e-07
0.01778279410038923,55.2341325190349,0.002053525026457146,-5.364431397699788e-16,nan,nan,2170038200026.476,-7.362428164394725e-07,8234527979.981433,1,0.9999560944164826,-1.0053106783437448e-07
0.01778279410038923,55.2341325190349,0.0031622776601683794,-5.364431397699788e-16,nan,nan,2170038200026.476,-7.362428164394725e-07,8234527979.981433,1,0.9999560944164826,-1.0053106783437448e-07
0.01778279410038923,55.2341325190349,0.004869675251658631,-5.364431397699788e-16,nan,nan,2170038200026.476,-7.362428164394725e-07,8234527979.981433,1,0.9999560944164826,-1.0053106783437448e-07
0.01778279410038923,55.2341325190349,0.007498942093324558,-5.364431397699788e-16,nan,nan,2170038200026.476,-7.362428164394725e-07,8234527979.981433,1,0.9999560944164826,-1.0053106783437448e-07
0.01778279410038923,55.2341325190349,0.011547819846894581,-5.364431397699788e-16,nan,nan,2170038200026.476,-7.362428164394725e-07,8234527979.981433,1,0.9999560944164826,-1.0053106783437448e-07
0.01778279410038923,55.2341325190349,0.01778279410038923,-5.364431397699788e-16,nan,nan,2170038200026.476,-7.362428164394725e-07,8234527979.981433,1,0.9999560944164826,-1.0053106783437448e-07
0.01778279410038923,55.2341325190349,0.027384196342643614,-5.364431397699788e-16,nan,nan,2170038200026.476,-7.362428164394725e-07,8234527979.981433,1,0.9999560944164826,-1.0053106783437448e-07
0.01778279410038923,55.2341325190349,0.042169650342858224,-5.364431397699788e-16,nan,nan,2170038200026.476,-7.362428164394725e-07,8234527979.981433,1,0.9999560944164826,-1.0053106783437448e-07
0.01778279410038923,55.2341325190349,0.06493816315762113,-5.364431397699788e-16,nan,nan,2170038200026.476,-7.362428164394725e-07,8234527979.981433,1,0.9999560944164826,-1.0053106783437448e-07
0.01778279410038923,55.2341325190349,0.1,-5.364431397699788e-16,nan,nan,2170038200026.476,-7.362428164394725e-07,8234527979.981433,1,0.9999560944164826,-1.0053106783437448e-07
0.01778279410038923,55.2341325190349,0.1539926526059492,-5.364431397699788e-16,nan,nan,2170038200026.476,-7.362428164394725e-07,8234527979.981433,1,0.9999560944164826,-1.0053106783437448e-07
0.01778279410038923,55.2341325190349,0.23713737056616552,-5.364431397699788e-16,nan,nan,2170038200026.476,-7.362428164394725e-07,8234527979.981433,1,0.9999560944164826,-1.0053106783437448e-07
0.01778279410038923,55.2341325190349,0.3651741272548377,-5.364431397699788e-16,nan,nan,2170038200026.476,-7.362428164394725e-07,8234527979.981433,1,0.9999560944164826,-1.0053106783437448e-07
0.01778279410038923,55.2341325190349,0.5623413251903491,-5.364431397699788e-16,nan,nan,2170038200026.476,-7.362428164394725e-07,8234527979.981433,1,0.9999560944164826,-1.0053106783437448e-07
0.01778279410038923,55.2341325190349,0.8659643233600653,-5.364431397699788e-16,nan,nan,2170038200026.476,-7.362428164394725e-07,8234527979.981433,1,0.9999560944164826,-1.0053106783437448e-07
0.01778279410038923,55.2341325190349,1.333521432163324,-5.364431397699788e-16,nan,nan,2170038200026.476,-7.362428164394725e-07,8234527979.981433,1,0.9999560944164826,-1.0053106783437448e-07
0.01778279410038923,55.2341325190349,2.053525026457146,-5.364431397699788e-16,nan,nan,2170038200026.476,-7.362428164394725e-07,8234527979.981433,1,0.9999560944164826,-1.0053106783437448e-07
0.01778279410038923,55.2341325190349,3.1622776601683795,-5.364431397699788e-16,nan,nan,2170038200026.476,-7.362428164394725e-07,8234527979.981433,1,0.9999560944164826,-1.0053106783437448e-07
0.01778279410038923,55.2341325190349,4.869675251658631,-5.364431397699788e-16,nan,nan,2170038200026.476,-7.362428164394725e-07,8234527979.981433,1,0.9999560944164826,-1.0053106783437448e-07
0.01778279410038923,55.2341325190349,7.498942093324558,-5.364431397699788e-16,nan,nan,2170038200026.476,-7.362428164394725e-07,8234527979.981433,1,0.9999560944164826,-1.0053106783437448e-07
0.01778279410038923,55.2341325190349,11.547819846894582,-5.364431397699788e-16,nan,nan,2170038200026.476,-7.362428164394725e-07,8234527979.981433,1,0.9999560944164826,-1.0053106783437448e-07
0.01778279410038923,55.2341325190349,17.78279410038923,-5.364431397699788e-16,nan,nan,2170038200026.476,-7.362428164394725e-07,8234527979.981433,1,0.9999560944164826,-1.0053106783437448e-07
0.01778279410038923,55.2341325190349,27.384196342643612,-5.364431397699788e-16,nan,nan,2170038200026.476,-7.362428164394725e-07,8234527979.981433,1,0.9999560944164826,-1.0053106783437448e-07
0.01778279410038923,55.2341325190349,42.169650342858226,-5.364431397699788e-16,nan,nan,2170038200026.476,-7.362428164394725e-07,8234527979.981433,1,0.9999560944164826,-1.0053106783437448e-07
0.01778279410038923,55.2341325190349,64.93816315762113,-5.364431397699788e-16,nan,nan,2170038200026.476,-7.362428164394725e-07,8234527979.981433,1,0.9999560944164826,-1.0053106783437448e-07
0.01778279410038923,55.2341325190349,100.0,-5.364431397699788e-16,nan,nan,2170038200026.476,-7.362428164394725e-07,8234527979.981433,1,0.9999560944164826,-1.0053106783437448e-07
0.01778279410038923,55.2341325190349,153.9926526059492,-5.364431397699788e-16,nan,nan,2170038200026.476,-7.362428164394725e-07,8234527979.981433,1,0.9999560944164826,-1.0053106783437448e-07
0.01778279410038923,55.2341325190349,237.13737056616552,-5.364431397699788e-16,nan,nan,2170038200026.476,-7.362428164394725e-07,8234527979.981433,1,0.9999560944164826,-1.0053106783437448e-07
0.01778279410038923,55.2341325190349,365.1741272548377,-5.364431397699788e-16,nan,nan,2170038200026.476,-7.362428164394725e-07,8234527979.981433,1,0.9999560944164826,-1.0053106783437448e-07
0.01778279410038923,55.2341325190349,562.341325190349,-5.364431397699788e-16,nan,nan,2170038200026.476,-7.362428164394725e-07,8234527979.981433,1,0.9999560944164826,-1.0053106783437448e-07
0.01778279410038923,55.2341325190349,865.9643233600654,-5.364431397699788e-16,nan,nan,2170038200026.476,-7.362428164394725e-07,8234527979.981433,1,0.9999560944164826,-1.0053106783437448e-07
0.01778279410038923,55.2341325190349,1333.521432163324,-5.364431397699788e-16,nan,nan,2170038200026.476,-7.362428164394725e-07,8234527979.981433,1,0.9999560944164826,-1.0053106783437448e-07
0.01778279410038923,55.2341325190349,2053.525026457146,-5.364431397699788e-16,nan,nan,2170038200026.476,-7.362428164394725e-07,8234527979.981433,1,0.9999560944164826,-1.0053106783437448e-07
0.01778279410038923,55.2341325190349,3162.2776601683795,-5.364431397699788e-16,nan,nan,2170038200026.476,-7.362428164394725e-07,8234527979.981433,1,0.9999560944164826,-1.0053106783437448e-07
0.01778279410038923,55.2341325190349,4869.675251658631,-5.364431397699788e-16,nan,nan,2170038200026.476,-7.362428164394725e-07,8234527979.981433,1,0.9999560944164826,-1.0053106783437448e-07
0.01778279410038923,55.2341325190349,7498.942093324558,-5.364431397699788e-16,nan,nan,2170038200026.476,-7.362428164394725e-07,8234527979.981433,1,0.9999560944164826,-1.0053106783437448e-07
0.01778279410038923,55.2341325190349,11547.819846894581,-5.364431397699788e-16,nan,nan,2170038200026.476,-7.362428164394725e-07,8234527979.981433,1,0.9999560944164826,-1.0053106783437448e-07
0.01778279410038923,55.2341325190349,17782.794100389227,-5.364431397699788e-16,nan,nan,2170038200026.476,-7.362428164394725e-07,8234527979.981433,1,0.9999560944164826,-1.0053106783437448e-07
0.01778279410038923,55.2341325190349,27384.196342643612,-5.364431397699788e-16,nan,nan,2170038200026.476,-7.362428164394725e-07,8234527979.981433,1,0.9999560944164826,-1.0053106783437448e-07
0.01778279410038923,55.2341325190349,42169.65034285822,-5.364431397699788e-16,nan,nan,2170038200026.476,-7.362428164394725e-07,8234527979.981433,1,0.9999560944164826,-1.0053106783437448e-07
0.01778279410038923,55.2341325190349,64938.16315762113,-5.364431397699788e-16,nan,nan,2170038200026.476,-7.362428164394725e-07,8234527979.981433,1,0.9999560944164826,-1.0053106783437448e-07
0.01778279410038923,55.2341325190349,100000.0,-5.364431397699788e-16,nan,nan,2170038200026.476,-7.362428164394725e-07,8234527979.981433,1,0.9999560944164826,-1.0053106783437448e-07
0.0248790236723884,39.19450333615119,0.0001,7.379113947925481e-16,nan,nan,205873169156.4108,1.880618175389904e-07,1529063011.0906029,1,0.9999013451876073,-3.746691139355964e-07
0.0248790236723884,39.19450333615119,0.0001539926526059492,7.379113947925481e-16,nan,nan,205873169156.4108,1.880618175389904e-07,1529063011.0906029,1,0.9999013451876073,-3.746691139355964e-07
0.0248790236723884,39.19450333615119,0.00023713737056616554,7.379113947925481e-16,nan,nan,205873169156.4108,1.880618175389904e-07,1529063011.0906029,1,0.9999013451876073,-3.746691139355964e-07
0.0248790236723884,39.19450333615119,0.0003651741272548377,7.379113947925481e-16,nan,nan,205873169156.4108,1.880618175389904e-07,1529063011.0906029,1,0.9999013451876073,-3.746691139355964e-07
0.0248790236723884,39.19450333615119,0.0005623413251903491,7.379113947925481e-16,nan,nan,205873169156.4108,1.880618175389904e-07,1529063011.0906029,1,0.9999013451876073,-3.746691139355964e-07
0.0248790236723884,39.19450333615119,0.0008659643233600654,7.379113947925481e-16,nan,nan,205873169156.4108,1.880618175389904e-07,1529063011.0906029,1,0.9999013451876073,-3.746691139355964e-07
0.0248790236723884,39.19450333615119,0.001333521432163324,7.379113947925481e-16,nan,nan,205873169156.4108,1.880618175389904e-07,1529063011.0906029,1,0.9999013451876073,-3.746691139355964e-07
0.0248790236723884,39.19450333615119,0.002053525026457146,7.379113947925481e-16,nan,nan,205873169156.4108,1.880618175389904e-07,1529063011.0906029,1,0.9999013451876073,-3.746691139355964e-07
0.0248790236723884,39.19450333615119,0.0031622776601683794,7.379113947925481e-16,nan,nan,205873169156.4108,1.880618175389904e-07,1529063011.0906029,1,0.9999013451876073,-3.746691139355964e-07
0.0248790236723884,39.19450333615119,0.004869675251658631,7.379113947925481e-16,nan,nan,205873169156.4108,1.880618175389904e-07,1529063011.0906029,1,0.9999013451876073,-3.746691139355964e-07
0.0248790236723884,39.19450333615119,0.007498942093324558,7.379113947925481e-16,nan,nan,205873169156.4108,1.880618175389904e-07,1529063011.0906029,1,0.9999013451876073,-3.746691139355964e-07
0.0248790236723884,39.19450333615119,0.011547819846894581,7.379113947925481e-16,nan,nan,205873169156.4108,1.880618175389904e-07,1529063011.0906029,1,0.9999013451876073,-3.746691139355964e-07
0.0248790236723884,39.19450333615119,0.01778279410038923,7.379113947925481e-16,nan,nan,205873169156.4108,1.880618175389904e-07,1529063011.0906029,1,0.9999013451876073,-3.746691139355964e-07
0.0248790236723884,39.19450333615119,0.027384196342643614,7.379113947925481e-16,nan,nan,205873169156.4108,1.880618175389904e-07,1529063011.0906029,1,0.9999013451876073,-3.746691139355964e-07
0.0248790236723884,39.19450333615119,0.042169650342858224,7.379113947925481e-16,nan,nan,205873169156.4108,1.880618175389904e-07,1529063011.0906029,1,0.9999013451876073,-3.746691139355964e-07
0.0248790236723884,39.19450333615119,0.06493816315762113,7.379113947925481e-16,nan,nan,205873169156.4108,1.880618175389904e-07,1529063011.0906029,1,0.9999013451876073,-3.746691139355964e-07
0.0248790236723884,39.19450333615119,0.1,7.379113947925481e-16,nan,nan,205873169156.4108,1.880618175389904e-07,1529063011.0906029,1,0.9999013451876073,-3.746691139355964e-07
0.0248790236723884,39.19450333615119,0.1539926526059492,7.379113947925481e-16,nan,nan,205873169156.4108,1.880618175389904e-07,1529063011.0906029,1,0.9999013451876073,-3.746691139355964e-07
0.0248790236723884,39.19450333615119,0.23713737056616552,7.379113947925481e-16,nan,nan,205873169156.4108,1.880618175389904e-07,1529063011.0906029,1,0.9999013451876073,-3.746691139355964e-07
0.0248790236723884,39.19450333615119,0.3651741272548377,7.379113947925481e-16,nan,nan,205873169156.4108,1.880618175389904e-07,1529063011.0906029,1,0.9999013451876073,-3.746691139355964e-07
0.0248790236723884,39.19450333615119,0.5623413251903491,7.379113947925481e-16,nan,nan,205873169156.4108,1.880618175389904e-07,1529063011.0906029,1,0.9999013451876073,-3.746691139355964e-07
0.0248790236723884,39.19450333615119,0.8659643233600653,7.379113947925481e-16,nan,nan,205873169156.4108,1.880618175389904e-07,1529063011.0906029,1,0.9999013451876073,-3.746691139355964e-07
0.0248790236723884,39.19450333615119,1.333521432163324,7.379113947925481e-16,nan,nan,205873169156.4108,1.880618175389904e-07,1529063011.0906029,1,0.9999013451876073,-3.746691139355964e-07
0.0248790236723884,39.19450333615119,2.053525026457146,7.379113947925481e-16,nan,nan,205873169156.4108,1.880618175389904e-07,1529063011.0906029,1,0.9999013451876073,-3.746691139355964e-07
0.0248790236723884,39.19450333615119,3.1622776601683795,7.379113947925481e-16,nan,nan,205873169156.4108,1.880618175389904e-07,1529063011.0906029,1,0.9999013451876073,-3.746691139355964e-07
0.0248790236723884,39.19450333615119,4.869675251658631,7.379113947925481e-16,nan,nan,205873169156.4108,1.880618175389904e-07,1529063011.0906029,1,0.9999013451876073,-3.746691139355964e-07
0.0248790236723884,39.19450333615119,7.498942093324558,7.379113947925481e-16,nan,nan,205873169156.4108,1.880618175389904e-07,1529063011.0906029,1,0.9999013451876073,-3.746691139355964e-07
0.0248790236723884,39.19450333615119,11.547819846894582,7.379113947925481e-16,nan,nan,205873169156.4108,1.880618175389904e-07,1529063011.0906029,1,0.9999013451876073,-3.746691139355964e-07
0.0248790236723884,39.19450333615119,17.78279410038923,7.379113947925481e-16,nan,nan,205873169156.4108,1.880618175389904e-07,1529063011.0906029,1,0.9999013451876073,-3.746691139355964e-07
0.0248790236723884,39.19450333615119,27.384196342643612,7.379113947925481e-16,nan,nan,205873169156.4108,1.880618175389904e-07,1529063011.0906029,1,0.9999013451876073,-3.746691139355964e-07
0.0248790236723884,39.19450333615119,42.169650342858226,7.379113947925481e-16,nan,nan,205873169156.4108,1.880618175389904e-07,1529063011.0906029,1,0.9999013451876073,-3.746691139355964e-07
0.0248790236723884,39.19450333615119,64.93816315762113,7.379113947925481e-16,nan,nan,205873169156.4108,1.880618175389904e-07,1529063011.0906029,1,0.9999013451876073,-3.746691139355964e-07
0.0248790236723884,39.19450333615119,100.0,7.379113947925481e-16,nan,nan,205873169156.4108,1.880618175389904e-07,1529063011.0906029,1,0.9999013451876073,-3.746691139355964e-07
0.0248790236723884,39.19450333615119,153.9926526059492,7.379113947925481e-16,nan,nan,205873169156.4108,1.880618175389904e-07,1529063011.0906029,1,0.9999013451876073,-3.746691139355964e-07
0.0248790236723884,39.19450333615119,237.13737056616552,7.379113947925481e-16,nan,nan,205873169156.4108,1.880618175389904e-07,1529063011.0906029,1,0.9999013451876073,-3.746691139355964e-07
0.0248790236723884,39.19450333615119,365.1741272548377,7.379113947925481e-16,nan,nan,205873169156.4108,1.880618175389904e-07,1529063011.0906029,1,0.9999013451876073,-3.746691139355964e-07
0.0248790236723884,39.19450333615119,562.341325190349,7.379113947925481e-16,nan,nan,205873169156.4108,1.880618175389904e-07,1529063011.0906029,1,0.9999013451876073,-3.746691139355964e-07
0.0248790236723884,39.19450333615119,865.9643233600654,7.379113947925481e-16,nan,nan,205873169156.4108,1.880618175389904e-07,1529063011.0906029,1,0.9999013451876073,-3.746691139355964e-07
0.0248790236723884,39.19450333615119,1333.521432163324,7.379113947925481e-16,nan,nan,205873169156.4108,1.880618175389904e-07,1529063011.0906029,1,0.9999013451876073,-3.746691139355964e-07
0.0248790236723884,39.19450333615119,2053.525026457146,7.379113947925481e-16,nan,nan,205873169156.4108,1.880618175389904e-07,1529063011.0906029,1,0.9999013451876073,-3.746691139355964e-07
0.0248790236723884,39.19450333615119,3162.2776601683795,7.379113947925481e-16,nan,nan,205873169156.4108,1.880618175389904e-07,1529063011.0906029,1,0.9999013451876073,-3.746691139355964e-07
0.0248790236723884,39.19450333615119,4869.675251658631,7.379113947925481e-16,nan,nan,205873169156.4108,1.880618175389904e-07,1529063011.0906029,1,0.9999013451876073,-3.746691139355964e-07
0.0248790236723884,39.19450333615119,7498.942093324558,7.379113947925481e-16,nan,nan,205873169156.4108,1.880618175389904e-07,1529063011.0906029,1,0.9999013451876073,-3.746691139355964e-07
0.0248790236723884,39.19450333615119,11547.819846894581,7.379113947925481e-16,nan,nan,205873169156.4108,1.880618175389904e-07,1529063011.0906029,1,0.9999013451876073,-3.746691139355964e-07
0.0248790236723884,39.19450333615119,17782.794100389227,7.379113947925481e-16,nan,nan,205873169156.4108,1.880618175389904e-07,1529063011.0906029,1,0.9999013451876073,-3.746691139355964e-07
0.0248790236723884,39.19450333615119,27384.196342643612,7.379113947925481e-16,nan,nan,205873169156.4108,1.880618175389904e-07,1529063011.0906029,1,0.9999013451876073,-3.746691139355964e-07
0.0248790236723884,39.19450333615119,42169.65034285822,7.379113947925481e-16,nan,nan,205873169156.4108,1.880618175389904e-07,1529063011.0906029,1,0.9999013451876073,-3.746691139355964e-07
0.0248790236723884,39.19450333615119,64938.16315762113,7.379113947925481e-16,nan,nan,205873169156.4108,1.880618175389904e-07,1529063011.0906029,1,0.9999013451876073,-3.746691139355964e-07
0.0248790236723884,39.19450333615119,100000.0,7.379113947925481e-16,nan,nan,205873169156.4108,1.880618175389904e-07,1529063011.0906029,1,0.9999013451876073,-3.746691139355964e-07
0.034807005884284134,27.729848333536623,0.0001,1.0135419010309291e-15,nan,nan,19558953367.130356,4.803420949812508e-08,284321817.62605596,1,0.9997785936434055,-1.3936046443819695e-06
0.034807005884284134,27.729848333536623,0.0001539926526059492,1.0135419010309291e-15,nan,nan,19558953367.130356,4.803420949812508e-08,284321817.62605596,1,0.9997785936434055,-1.3936046443819695e-06
0.034807005884284134,27.729848333536623,0.00023713737056616554,1.0135419010309291e-15,nan,nan,19558953367.130356,4.803420949812508e-08,284321817.62605596,1,0.9997785936434055,-1.3936046443819695e-06
0.034807005884284134,27.729848333536623,0.0003651741272548377,1.0135419010309291e-15,nan,nan,19558953367.130356,4.803420949812508e-08,284321817.62605596,1,0.9997785936434055,-1.3936046443819695e-06
0.034807005884284134,27.729848333536623,0.0005623413251903491,1.0135419010309291e-15,nan,nan,19558953367.130356,4.803420949812508e-08,284321817.62605596,1,0.9997785936434055,-1.3936046443819695e-06
0.034807005884284134,27.729848333536623,0.0008659643233600654,1.0135419010309291e-15,nan,nan,19558953367.130356,4.803420949812508e-08,284321817.62605596,1,0.9997785936434055,-1.3936046443819695e-06
0.034807005884284134,27.729848333536623,0.001333521432163324,1.0135419010309291e-15,nan,nan,19558953367.130356,4.803420949812508e-08,284321817.62605596,1,0.9997785936434055,-1.3936046443819695e-06
0.034807005884284134,27.729848333536623,0.002053525026457146,1.0135419010309291e-15,nan,nan,19558953367.130356,4.803420949812508e-08,284321817.62605596,1,0.9997785936434055,-1.3936046443819695e-06
0.034807005884284134,27.729848333536623,0.0031622776601683794,1.0135419010309291e-15,nan,nan,19558953367.130356,4.803420949812508e-08,284321817.62605596,1,0.9997785936434055,-1.3936046443819695e-06
0.034807005884284134,27.729848333536623,0.004869675251658631,1.0135419010309291e-15,nan,nan,19558953367.130356,4.803420949812508e-08,284321817.62605596,1,0.9997785936434055,-1.3936046443819695e-06
0.034807005884284134,27.729848333536623,0.007498942093324558,1.0135419010309291e-15,nan,nan,19558953367.130356,4.803420949812508e-08,284321817.62605596,1,0.9997785936434055,-1.3936046443819695e-06
0.034807005884284134,27.729848333536623,0.011547819846894581,1.0135419010309291e-15,nan,nan,19558953367.130356,4.803420949812508e-08,284321817.62605596,1,0.9997785936434055,-1.3936046443819695e-06
0.034807005884284134,27.729848333536623,0.01778279410038923,1.0135419010309291e-15,nan,nan,19558953367.130356,4.803420949812508e-08,284321817.62605596,1,0.9997785936434055,-1.3936046443819695e-06
0.034807005884284134,27.729848333536623,0.027384196342643614,1.0135419010309291e-15,nan,nan,19558953367.130356,4.803420949812508e-08,284321817.62605596,1,0.9997785936434055,-1.3936046443819695e-06
0.034807005884284134,27.729848333536623,0.042169650342858224,1.0135419010309291e-15,nan,nan,19558953367.130356,4.803420949812508e-08,284321817.62605596,1,0.9997785936434055,-1.3936046443819695e-06
0.034807005884284134,27.729848333536623,0.06493816315762113,1.0135419010309291e-15,nan,nan,19558953367.130356,4.803420949812508e-08,284321817.62605596,1,0.9997785936434055,-1.3936046443819695e-06
0.034807005884284134,27.729848333536623,0.1,1.0135419010309291e-15,nan,nan,19558953367.130356,4.803420949812508e-08,284321817.62605596,1,0.9997785936434055,-1.3936046443819695e-06
0.034807005884284134,27.729848333536623,0.1539926526059492,1.0135419010309291e-15,nan,nan,19558953367.130356,4.803420949812508e-08,284321817.62605596,1,0.9997785936434055,-1.3936046443819695e-06
0.034807005884284134,27.729848333536623,0.23713737056616552,1.0135419010309291e-15,nan,nan,19558953367.130356,4.803420949812508e-08,284321817.62605596,1,0.9997785936434055,-1.3936046443819695e-06
0.034807005884284134,27.729848333536623,0.3651741272548377,1.0135419010309291e-15,nan,nan,19558953367.130356,4.803420949812508e-08,284321817.62605596,1,0.9997785936434055,-1.3936046443819695e-06
0.034807005884284134,27.729848333536623,0.5623413251903491,1.0135419010309291e-15,nan,nan,19558953367.130356,4.803420949812508e-08,284321817.62605596,1,0.9997785936434055,-1.3936046443819695e-06
0.034807005884284134,27.729848333536623,0.8659643233600653,1.0135419010309291e-15,nan,nan,19558953367.130356,4.803420949812508e-08,284321817.62605596,1,0.9997785936434055,-1.3936046443819695e-06
0.034807005884284134,27.729848333536623,1.333521432163324,1.0135419010309291e-15,nan,nan,19558953367.130356,4.803420949812508e-08,284321817.62605596,1,0.9997785936434055,-1.3936046443819695e-06
0.034807005884284134,27.729848333536623,2.053525026457146,1.0135419010309291e-15,nan,nan,19558953367.130356,4.803420949812508e-08,284321817.62605596,1,0.9997785936434055,-1.3936046443819695e-06
0.034807005884284134,27.729848333536623,3.1622776601683795,1.0135419010309291e-15,nan,nan,19558953367.130356,4.803420949812508e-08,284321817.62605596,1,0.9997785936434055,-1.3936046443819695e-06
0.034807005884284134,27.729848333536623,4.869675251658631,1.0135419010309291e-15,nan,nan,19558953367.130356,4.803420949812508e-08,284321817.62605596,1,0.9997785936434055,-1.3936046443819695e-06
0.034807005884284134,27.729848333536623,7.498942093324558,1.0135419010309291e-15,nan,nan,19558953367.130356,4.803420949812508e-08,284321817.62605596,1,0.9997785936434055,-1.3936046443819695e-06
0.034807005884284134,27.729848333536623,11.547819846894582,1.0135419010309291e-15,nan,nan,19558953367.130356,4.803420949812508e-08,284321817.62605596,1,0.9997785936434055,-1.3936046443819695e-06
0.034807005884284134,27.729848333536623,17.78279410038923,1.0135419010309291e-15,nan,nan,19558953367.130356,4.803420949812508e-08,284321817.62605596,1,0.9997785936434055,-1.3936046443819695e-06
0.034807005884284134,27.729848333536623,27.384196342643612,1.0135419010309291e-15,nan,nan,19558953367.130356,4.803420949812508e-08,284321817.62605596,1,0.9997785936434055,-1.3936046443819695e-06
0.034807005884284134,27.729848333536623,42.169650342858226,1.0135419010309291e-15,nan,nan,19558953367.130356,4.803420949812508e-08,284321817.62605596,1,0.9997785936434055,-1.3936046443819695e-06
0.034807005884284134,27.729848333536623,64.93816315762113,1.0135419010309291e-15,nan,nan,19558953367.130356,4.803420949812508e-08,284321817.62605596,1,0.9997785936434055,-1.3936046443819695e-06
0.034807005884284134,27.729848333536623,100.0,1.0135419010309291e-15,nan,nan,19558953367.130356,4.803420949812508e-08,284321817.62605596,1,0.9997785936434055,-1.3936046443819695e-06
0.034807005884284134,27.729848333536623,153.9926526059492,1.0135419010309291e-15,nan,nan,19558953367.130356,4.803420949812508e-08,284321817.62605596,1,0.9997785936434055,-1.3936046443819695e-06
0.034807005884284134,27.729848333536623,237.13737056616552,1.0135419010309291e-15,nan,nan,19558953367.130356,4.803420949812508e-08,284321817.62605596,1,0.9997785936434055,-1.3936046443819695e-06
0.034807005884284134,27.729848333536623,365.1741272548377,1.0135419010309291e-15,nan,nan,19558953367.130356,4.803420949812508e-08,284321817.62605596,1,0.9997785936434055,-1.3936046443819695e-06
0.034807005884284134,27.729848333536623,562.341325190349,1.0135419010309291e-15,nan,nan,19558953367.130356,4.803420949812508e-08,284321817.62605596,1,0.9997785936434055,-1.3936046443819695e-06
0.034807005884284134,27.729848333536623,865.9643233600654,1.0135419010309291e-15,nan,nan,19558953367.130356,4.803420949812508e-08,284321817.62605596,1,0.9997785936434055,-1.3936046443819695e-06
0.034807005884284134,27.729848333536623,1333.521432163324,1.0135419010309291e-15,nan,nan,19558953367.130356,4.803420949812508e-08,284321817.62605596,1,0.9997785936434055,-1.3936046443819695e-06
0.034807005884284134,27.729848333536623,2053.525026457146,1.0135419010309291e-15,nan,nan,19558953367.130356,4.803420949812508e-08,284321817.62605596,1,0.9997785936434055,-1.3936046443819695e-06
0.034807005884284134,27.729848333536623,3162.2776601683795,1.0135419010309291e-15,nan,nan,19558953367.130356,4.803420949812508e-08,284321817.62605596,1,0.9997785936434055,-1.3936046443819695e-06
0.034807005884284134,27.729848333536623,4869.675251658631,1.0135419010309291e-15,nan,nan,19558953367.130356,4.803420949812508e-08,284321817.62605596,1,0.9997785936434055,-1.3936046443819695e-06
0.034807005884284134,27.729848333536623,7498.942093324558,1.0135419010309291e-15,nan,nan,19558953367.130356,4.803420949812508e-08,284321817.62605596,1,0.9997785936434055,-1.3936046443819695e-06
0.034807005884284134,27.729848333536623,11547.819846894581,1.0135419010309291e-15,nan,nan,19558953367.130356,4.803420949812508e-08,284321817.62605596,1,0.9997785936434055,-1.3936046443819695e-06
0.034807005884284134,27.729848333536623,17782.794100389227,1.0135419010309291e-15,nan,nan,19558953367.130356,4.803420949812508e-08,284321817.62605596,1,0.9997785936434055,-1.3936046443819695e-06
0.034807005884284134,27.729848333536623,27384.196342643612,1.0135419010309291e-15,nan,nan,19558953367.130356,4.803420949812508e-08,284321817.62605596,1,0.9997785936434055,-1.3936046443819695e-06
0.034807005884284134,27.729848333536623,42169.65034285822,1.0135419010309291e-15,nan,nan,19558953367.130356,4.803420949812508e-08,284321817.62605596,1,0.9997785936434055,-1.3936046443819695e-06
0.034807005884284134,27.729848333536623,64938.16315762113,1.0135419010309291e-15,nan,nan,19558953367.130356,4.803420949812508e-08,284321817.62605596,1,0.9997785936434055,-1.3936046443819695e-06
0.034807005884284134,27.729848333536623,100000.0,1.0135419010309291e-15,nan,nan,19558953367.130356,4.803420949812508e-08,284321817.62605596,1,0.9997785936434055,-1.3936046443819695e-06
0.04869675251658631,19.53525026457146,0.0001,-3.4758650336694057e-16,nan,nan,1860294250.8081129,-3.0667229565090454e-09,52923771.15456778,1,0.9995036484871952,-5.174440409938087e-06
0.04869675251658631,19.53525026457146,0.0001539926526059492,-3.4758650336694057e-16,nan,nan,1860294250.8081129,-3.0667229565090454e-09,52923771.15456778,1,0.9995036484871952,-5.174440409938087e-06
0.04869675251658631,19.53525026457146,0.00023713737056616554,-3.4758650336694057e-16,nan,nan,1860294250.8081129,-3.0667229565090454e-09,52923771.15456778,1,0.9995036484871952,-5.174440409938087e-06
0.04869675251658631,19.53525026457146,0.0003651741272548377,-3.4758650336694057e-16,nan,nan,1860294250.8081129,-3.0667229565090454e-09,52923771.15456778,1,0.9995036484871952,-5.174440409938087e-06
0.04869675251658631,19.53525026457146,0.0005623413251903491,-3.4758650336694057e-16,nan,nan,1860294250.8081129,-3.0667229565090454e-09,52923771.15456778,1,0.9995036484871952,-5.174440409938087e-06
0.04869675251658631,19.53525026457146,0.0008659643233600654,-3.4758650336694057e-16,nan,nan,1860294250.8081129,-3.0667229565090454e-09,52923771.15456778,1,0.9995036484871952,-5.174440409938087e-06
0.04869675251658631,19.53525026457146,0.001333521432163324,-3.4758650336694057e-16,nan,nan,1860294250.8081129,-3.0667229565090454e-09,52923771.15456778,1,0.9995036484871952,-5.174440409938087e-06
0.04869675251658631,19.53525026457146,0.002053525026457146,-3.4758650336694057e-16,nan,nan,1860294250.8081129,-3.0667229565090454e-09,52923771.15456778,1,0.9995036484871952,-5.174440409938087e-06
0.04869675251658631,19.53525026457146,0.0031622776601683794,-3.4758650336694057e-16,nan,nan,1860294250.8081129,-3.0667229565090454e-09,52923771.15456778,1,0.9995036484871952,-5.174440409938087e-06
0.04869675251658631,19.53525026457146,0.004869675251658631,-3.4758650336694057e-16,nan,nan,1860294250.8081129,-3.0667229565090454e-09,52923771.15456778,1,0.9995036484871952,-5.174440409938087e-06
0.04869675251658631,19.53525026457146,0.007498942093324558,-3.4758650336694057e-16,nan,nan,1860294250.8081129,-3.0667229565090454e-09,52923771.15456778,1,0.9995036484871952,-5.174440409938087e-06
0.04869675251658631,19.53525026457146,0.011547819846894581,-3.4758650336694057e-16,nan,nan,1860294250.8081129,-3.0667229565090454e-09,52923771.15456778,1,0.9995036484871952,-5.174440409938087e-06
0.04869675251658631,19.53525026457146,0.01778279410038923,-3.4758650336694057e-16,nan,nan,1860294250.8081129,-3.0667229565090454e-09,52923771.15456778,1,0.9995036484871952,-5.174440409938087e-06
0.04869675251658631,19.53525026457146,0.027384196342643614,-3.4758650336694057e-16,nan,nan,1860294250.8081129,-3.0667229565090454e-09,52923771.15456778,1,0.9995036484871952,-5.174440409938087e-06
0.04869675251658631,19.53525026457146,0.042169650342858224,-3.4758650336694057e-16,nan,nan,1860294250.8081129,-3.0667229565090454e-09,52923771.15456778,1,0.9995036484871952,-5.174440409938087e-06
0.04869675251658631,19.53525026457146,0.06493816315762113,-3.4758650336694057e-16,nan,nan,1860294250.8081129,-3.0667229565090454e-09,52923771.15456778,1,0.9995036484871952,-5.174440409938087e-06
0.04869675251658631,19.53525026457146,0.1,-3.4758650336694057e-16,nan,nan,1860294250.8081129,-3.0667229565090454e-09,52923771.15456778,1,0.9995036484871952,-5.174440409938087e-06
0.04869675251658631,19.53525026457146,0.1539926526059492,-3.4758650336694057e-16,nan,nan,1860294250.8081129,-3.0667229565090454e-09,52923771.15456778,1,0.9995036484871952,-5.174440409938087e-06
0.04869675251658631,19.53525026457146,0.23713737056616552,-3.4758650336694057e-16,nan,nan,1860294250.8081129,-3.0667229565090454e-09,52923771.15456778,1,0.9995036484871952,-5.174440409938087e-06
0.04869675251658631,19.53525026457146,0.3651741272548377,-3.4758650336694057e-16,nan,nan,1860294250.8081129,-3.0667229565090454e-09,52923771.15456778,1,0.9995036484871952,-5.174440409938087e-06
0.04869675251658631,19.53525026457146,0.5623413251903491,-3.4758650336694057e-16,nan,nan,1860294250.8081129,-3.0667229565090454e-09,52923771.15456778,1,0.9995036484871952,-5.174440409938087e-06
0.04869675251658631,19.53525026457146,0.8659643233600653,-3.4758650336694057e-16,nan,nan,1860294250.8081129,-3.0667229565090454e-09,52923771.15456778,1,0.9995036484871952,-5.174440409938087e-06
0.04869675251658631,19.53525026457146,1.333521432163324,-3.4758650336694057e-16,nan,nan,1860294250.8081129,-3.0667229565090454e-09,52923771.15456778,1,0.9995036484871952,-5.174440409938087e-06
0.04869675251658631,19.53525026457146,2.053525026457146,-3.4758650336694057e-16,nan,nan,1860294250.8081129,-3.0667229565090454e-09,52923771.15456778,1,0.9995036484871952,-5.174440409938087e-06
0.04869675251658631,19.53525026457146,3.1622776601683795,-3.4758650336694057e-16,nan,nan,1860294250.8081129,-3.0667229565090454e-09,52923771.15456778,1,0.9995036484871952,-5.174440409938087e-06
0.04869675251658631,19.53525026457146,4.869675251658631,-3.4758650336694057e-16,nan,nan,1860294250.8081129,-3.0667229565090454e-09,52923771.15456778,1,0.9995036484871952,-5.174440409938087e-06
0.04869675251658631,19.53525026457146,7.498942093324558,-3.4758650336694057e-16,nan,nan,1860294250.8081129,-3.0667229565090454e-09,52923771.15456778,1,0.9995036484871952,-5.174440409938087e-06
0.04869675251658631,19.53525026457146,11.547819846894582,-3.4758650336694057e-16,nan,nan,1860294250.8081129,-3.0667229565090454e-09,52923771.15456778,1,0.9995036484871952,-5.174440409938087e-06
0.04869675251658631,19.53525026457146,17.78279410038923,-3.4758650336694057e-16,nan,nan,1860294250.8081129,-3.0667229565090454e-09,52923771.15456778,1,0.9995036484871952,-5.174440409938087e-06
0.04869675251658631,19.53525026457146,27.384196342643612,-3.4758650336694057e-16,nan,nan,1860294250.8081129,-3.0667229565090454e-09,52923771.15456778,1,0.9995036484871952,-5.174440409938087e-06
0.04869675251658631,19.53525026457146,42.169650342858226,-3.4758650336694057e-16,nan,nan,1860294250.8081129,-3.0667229565090454e-09,52923771.15456778,1,0.9995036484871952,-5.174440409938087e-06
0.04869675251658631,19.53525026457146,64.93816315762113,-3.4758650336694057e-16,nan,nan,1860294250.8081129,-3.0667229565090454e-09,52923771.15456778,1,0.9995036484871952,-5.174440409938087e-06
0.04869675251658631,19.53525026457146,100.0,-3.4758650336694057e-16,nan,nan,1860294250.8081129,-3.0667229565090454e-09,52923771.15456778,1,0.9995036484871952,-5.174440409938087e-06
0.04869675251658631,19.53525026457146,153.9926526059492,-3.4758650336694057e-16,nan,nan,1860294250.8081129,-3.0667229565090454e-09,52923771.15456778,1,0.9995036484871952,-5.174440409938087e-06
0.04869675251658631,19.53525026457146,237.13737056616552,-3.4758650336694057e-16,nan,nan,1860294250.8081129,-3.0667229565090454e-09,52923771.15456778,1,0.9995036484871952,-5.174440409938087e-06
0.04869675251658631,19.53525026457146,365.1741272548377,-3.4758650336694057e-16,nan,nan,1860294250.8081129,-3.0667229565090454e-09,52923771.15456778,1,0.9995036484871952,-5.174440409938087e-06
0.04869675251658631,19.53525026457146,562.341325190349,-3.4758650336694057e-16,nan,nan,1860294250.8081129,-3.0667229565090454e-09,52923771.15456778,1,0.9995036484871952,-5.174440409938087e-06
0.04869675251658631,19.53525026457146,865.9643233600654,-3.4758650336694057e-16,nan,nan,1860294250.8081129,-3.0667229565090454e-09,52923771.15456778,1,0.9995036484871952,-5.174440409938087e-06
0.04869675251658631,19.53525026457146,1333.521432163324,-3.4758650336694057e-16,nan,nan,1860294250.8081129,-3.0667229565090454e-09,52923771.15456778,1,0.9995036484871952,-5.174440409938087e-06
0.04869675251658631,19.53525026457146,2053.525026457146,-3.4758650336694057e-16,nan,nan,1860294250.8081129,-3.0667229565090454e-09,52923771.15456778,1,0.9995036484871952,-5.174440409938087e-06
0.04869675251658631,19.53525026457146,3162.2776601683795,-3.4758650336694057e-16,nan,nan,1860294250.8081129,-3.0667229565090454e-09,52923771.15456778,1,0.9995036484871952,-5.174440409938087e-06
0.04869675251658631,19.53525026457146,4869.675251658631,-3.4758650336694057e-16,nan,nan,1860294250.8081129,-3.0667229565090454e-09,52923771.15456778,1,0.9995036484871952,-5.174440409938087e-06
0.04869675251658631,19.53525026457146,7498.942093324558,-3.4758650336694057e-16,nan,nan,1860294250.8081129,-3.0667229565090454e-09,52923771.15456778,1,0.9995036484871952,-5.174440409938087e-06
0.04869675251658631,19.53525026457146,11547.819846894581,-3.4758650336694057e-16,nan,nan,1860294250.8081129,-3.0667229565090454e-09,52923771.15456778,1,0.9995036484871952,-5.174440409938087e-06
0.04869675251658631,19.53525026457146,17782.794100389227,-3.4758650336694057e-16,nan,nan,1860294250.8081129,-3.0667229565090454e-09,52923771.15456778,1,0.9995036484871952,-5.174440409938087e-06
0.04869675251658631,19.53525026457146,27384.196342643612,-3.4758650336694057e-16,nan,nan,1860294250.8081129,-3.0667229565090454e-09,52923771.15456778,1,0.9995036484871952,-5.174440409938087e-06
0.04869675251658631,19.53525026457146,42169.65034285822,-3.4758650336694057e-16,nan,nan,1860294250.8081129,-3.0667229565090454e-09,52923771.15456778,1,0.9995036484871952,-5.174440409938087e-06
0.04869675251658631,19.53525026457146,64938.16315762113,-3.4758650336694057e-16,nan,nan,1860294250.8081129,-3.0667229565090454e-09,52923771.15456778,1,0.9995036484871952,-5.174440409938087e-06
0.04869675251658631,19.53525026457146,100000.0,-3.4758650336694057e-16,nan,nan,1860294250.8081129,-3.0667229565090454e-09,52923771.15456778,1,0.9995036484871952,-5.174440409938087e-06
0.06812920690579623,13.677992676220674,0.0001,4.761404877898172e-16,nan,nan,177124571.9803979,7.829077436648719e-10,9859971.976253413,1,0.9988886778724558,-1.9173245539613223e-05
0.06812920690579623,13.677992676220674,0.0001539926526059492,4.761404877898172e-16,nan,nan,177124571.9803979,7.829077436648719e-10,9859971.976253413,1,0.9988886778724558,-1.9173245539613223e-05
0.06812920690579623,13.677992676220674,0.00023713737056616554,4.761404877898172e-16,nan,nan,177124571.9803979,7.829077436648719e-10,9859971.976253413,1,0.9988886778724558,-1.9173245539613223e-05
0.06812920690579623,13.677992676220674,0.0003651741272548377,4.761404877898172e-16,nan,nan,177124571.9803979,7.829077436648719e-10,9859971.976253413,1,0.9988886778724558,-1.9173245539613223e-05
0.06812920690579623,13.677992676220674,0.0005623413251903491,4.761404877898172e-16,nan,nan,177124571.9803979,7.829077436648719e-10,9859971.976253413,1,0.9988886778724558,-1.9173245539613223e-05
0.06812920690579623,13.677992676220674,0.0008659643233600654,4.761404877898172e-16,nan,nan,177124571.9803979,7.829077436648719e-10,9859971.976253413,1,0.9988886778724558,-1.9173245539613223e-05
0.06812920690579623,13.677992676220674,0.001333521432163324,4.761404877898172e-16,nan,nan,177124571.9803979,7.829077436648719e-10,9859971.976253413,1,0.9988886778724558,-1.9173245539613223e-05
0.06812920690579623,13.677992676220674,0.002053525026457146,4.761404877898172e-16,nan,nan,177124571.9803979,7.829077436648719e-10,9859971.976253413,1,0.9988886778724558,-1.9173245539613223e-05
0.06812920690579623,13.677992676220674,0.0031622776601683794,4.761404877898172e-16,nan,nan,177124571.9803979,7.829077436648719e-10,9859971.976253413,1,0.9988886778724558,-1.9173245539613223e-05
0.06812920690579623,13.677992676220674,0.004869675251658631,4.761404877898172e-16,nan,nan,177124571.9803979,7.829077436648719e-10,9859971.976253413,1,0.9988886778724558,-1.9173245539613223e-05
0.06812920690579623,13.677992676220674,0.007498942093324558,4.761404877898172e-16,nan,nan,177124571.9803979,7.829077436648719e-10,9859971.976253413,1,0.9988886778724558,-1.9173245539613223e-05
0.06812920690579623,13.677992676220674,0.011547819846894581,4.761404877898172e-16,nan,nan,177124571.9803979,7.829077436648719e-10,9859971.976253413,1,0.9988886778724558,-1.9173245539613223e-05
0.06812920690579623,13.677992676220674,0.01778279410038923,4.761404877898172e-16,nan,nan,177124571.9803979,7.829077436648719e-10,9859971.976253413,1,0.9988886778724558,-1.9173245539613223e-05
0.06812920690579623,13.677992676220674,0.027384196342643614,4.761404877898172e-16,nan,nan,177124571.9803979,7.829077436648719e-10,9859971.976253413,1,0.9988886778724558,-1.9173245539613223e-05
0.06812920690579623,13.677992676220674,0.042169650342858224,4.761404877898172e-16,nan,nan,177124571.9803979,7.829077436648719e-10,9859971.976253413,1,0.9988886778724558,-1.9173245539613223e-05
0.06812920690579623,13.677992676220674,0.06493816315762113,4.761404877898172e-16,nan,nan,177124571.9803979,7.829077436648719e-10,9859971.976253413,1,0.9988886778724558,-1.9173245539613223e-05
0.06812920690579623,13.677992676220674,0.1,4.761404877898172e-16,nan,nan,177124571.9803979,7.829077436648719e-10,9859971.976253413,1,0.9988886778724558,-1.9173245539613223e-05
0.06812920690579623,13.677992676220674,0.1539926526059492,4.761404877898172e-16,nan,nan,177124571.9803979,7.829077436648719e-10,9859971.976253413,1,0.9988886778724558,-1.9173245539613223e-05
0.06812920690579623,13.677992676220674,0.23713737056616552,4.761404877898172e-16,nan,nan,177124571.9803979,7.829077436648719e-10,9859971.976253413,1,0.9988886778724558,-1.9173245539613223e-05
0.06812920690579623,13.677992676220674,0.3651741272548377,4.761404877898172e-16,nan,nan,177124571.9803979,7.829077436648719e-10,9859971.976253413,1,0.9988886778724558,-1.9173245539613223e-05
0.06812920690579623,13.677992676220674,0.5623413251903491,4.761404877898172e-16,nan,nan,177124571.9803979,7.829077436648719e-10,9859971.976253413,1,0.9988886778724558,-1.9173245539613223e-05
0.06812920690579623,13.677992676220674,0.8659643233600653,4.761404877898172e-16,nan,nan,177124571.9803979,7.829077436648719e-10,9859971.976253413,1,0.9988886778724558,-1.9173245539613223e-05
0.06812920690579623,13.677992676220674,1.333521432163324,4.761404877898172e-16,nan,nan,177124571.9803979,7.829077436648719e-10,9859971.976253413,1,0.9988886778724558,-1.9173245539613223e-05
0.06812920690579623,13.677992676220674,2.053525026457146,4.761404877898172e-16,nan,nan,177124571.9803979,7.829077436648719e-10,9859971.976253413,1,0.9988886778724558,-1.9173245539613223e-05
0.06812920690579623,13.677992676220674,3.1622776601683795,4.761404877898172e-16,nan,nan,177124571.9803979,7.829077436648719e-10,9859971.976253413,1,0.9988886778724558,-1.9173245539613223e-05
0.06812920690579623,13.677992676220674,4.869675251658631,4.761404877898172e-16,nan,nan,177124571.9803979,7.829077436648719e-10,9859971.976253413,1,0.9988886778724558,-1.9173245539613223e-05
0.06812920690579623,13.677992676220674,7.498942093324558,4.761404877898172e-16,nan,nan,177124571.9803979,7.829077436648719e-10,9859971.976253413,1,0.9988886778724558,-1.9173245539613223e-05
0.06812920690579623,13.677992676220674,11.547819846894582,4.761404877898172e-16,nan,nan,177124571.9803979,7.829077436648719e-10,9859971.976253413,1,0.9988886778724558,-1.9173245539613223e-05
0.06812920690579623,13.677992676220674,17.78279410038923,4.761404877898172e-16,nan,nan,177124571.9803979,7.829077436648719e-10,9859971.976253413,1,0.9988886778724558,-1.9173245539613223e-05
0.06812920690579623,13.677992676220674,27.384196342643612,4.761404877898172e-16,nan,nan,177124571.9803979,7.829077436648719e-10,9859971.976253413,1,0.9988886778724558,-1.9173245539613223e-05
0.06812920690579623,13.677992676220674,42.169650342858226,4.761404877898172e-16,nan,nan,177124571.9803979,7.829077436648719e-10,9859971.976253413,1,0.9988886778724558,-1.9173245539613223e-05
0.06812920690579623,13.677992676220674,64.93816315762113,4.761404877898172e-16,nan,nan,177124571.9803979,7.829077436648719e-10,9859971.976253413,1,0.9988886778724558,-1.9173245539613223e-05
0.06812920690579623,13.677992676220674,100.0,4.761404877898172e-16,nan,nan,177124571.9803979,7.829077436648719e-10,9859971.976253413,1,0.9988886778724558,-1.9173245539613223e-05
0.06812920690579623,13.677992676220674,153.9926526059492,4.761404877898172e-16,nan,nan,177124571.9803979,7.829077436648719e-10,9859971.976253413,1,0.9988886778724558,-1.9173245539613223e-05
0.06812920690579623,13.677992676220674,237.13737056616552,4.761404877898172e-16,nan,nan,177124571.9803979,7.829077436648719e-10,9859971.976253413,1,0.9988886778724558,-1.9173245539613223e-05
0.06812920690579623,13.677992676220674,365.1741272548377,4.761404877898172e-16,nan,nan,177124571.9803979,7.829077436648719e-10,9859971.976253413,1,0.9988886778724558,-1.9173245539613223e-05
0.06812920690579623,13.677992676220674,562.341325190349,4.761404877898172e-16,nan,nan,177124571.9803979,7.829077436648719e-10,9859971.976253413,1,0.9988886778724558,-1.9173245539613223e-05
0.06812920690579623,13.677992676220674,865.9643233600654,4.761404877898172e-16,nan,nan,177124571.9803979,7.829077436648719e-10,9859971.976253413,1,0.9988886778724558,-1.9173245539613223e-05
0.06812920690579623,13.677992676220674,1333.521432163324,4.761404877898172e-16,nan,nan,177124571.9803979,7.829077436648719e-10,9859971.976253413,1,0.9988886778724558,-1.9173245539613223e-05
0.06812920690579623,13.677992676220674,2053.525026457146,4.761404877898172e-16,nan,nan,177124571.9803979,7.829077436648719e-10,9859971.976253413,1,0.9988886778724558,-1.9173245539613223e-05
0.06812920690579623,13.677992676220674,3162.2776601683795,4.761404877898172e-16,nan,nan,177124571.9803979,7.829077436648719e-10,9859971.976253413,1,0.9988886778724558,-1.9173245539613223e-05
0.06812920690579623,13.677992676220674,4869.675251658631,4.761404877898172e-16,nan,nan,177124571.9803979,7.829077436648719e-10,9859971.976253413,1,0.9988886778724558,-1.9173245539613223e-05
0.06812920690579623,13.677992676220674,7498.942093324558,4.761404877898172e-16,nan,nan,177124571.9803979,7.829077436648719e-10,9859971.976253413,1,0.9988886778724558,-1.9173245539613223e-05
0.06812920690579623,13.677992676220674,11547.819846894581,4.761404877898172e-16,nan,nan,177124571.9803979,7.829077436648719e-10,9859971.976253413,1,0.9988886778724558,-1.9173245539613223e-05
0.06812920690579623,13.677992676220674,17782.794100389227,4.761404877898172e-16,nan,nan,177124571.9803979,7.829077436648719e-10,9859971.976253413,1,0.9988886778724558,-1.9173245539613223e-05
0.06812920690579623,13.677992676220674,27384.196342643612,4.761404877898172e-16,nan,nan,177124571.9803979,7.829077436648719e-10,9859971.976253413,1,0.9988886778724558,-1.9173245539613223e-05
0.06812920690579623,13.677992676220674,42169.65034285822,4.761404877898172e-16,nan,nan,177124571.9803979,7.829077436648719e-10,9859971.976253413,1,0.9988886778724558,-1.9173245539613223e-05
0.06812920690579623,13.677992676220674,64938.16315762113,4.761404877898172e-16,nan,nan,177124571.9803979,7.829077436648719e-10,9859971.976253413,1,0.9988886778724558,-1.9173245539613223e-05
0.06812920690579623,13.677992676220674,100000.0,4.761404877898172e-16,nan,nan,177124571.9803979,7.829077436648719e-10,9859971.976253413,1,0.9988886778724558,-1.9173245539613223e-05
0.09531618832347882,9.491397291363091,0.0001,-6.508818941949736e-16,nan,nan,16886960.609846815,-1.9971790886161562e-10,1838674.6798177417,1,0.9975166981153091,-7.081555501849414e-05
0.09531618832347882,9.491397291363091,0.0001539926526059492,-6.508818941949736e-16,nan,nan,16886960.609846815,-1.9971790886161562e-10,1838674.6798177417,1,0.9975166981153091,-7.081555501849414e-05
0.09531618832347882,9.491397291363091,0.00023713737056616554,-6.508818941949736e-16,nan,nan,16886960.609846815,-1.9971790886161562e-10,1838674.6798177417,1,0.9975166981153091,-7.081555501849414e-05
0.09531618832347882,9.491397291363091,0.0003651741272548377,-6.508818941949736e-16,nan,nan,16886960.609846815,-1.9971790886161562e-10,1838674.6798177417,1,0.9975166981153091,-7.081555501849414e-05
0.09531618832347882,9.491397291363091,0.0005623413251903491,-6.508818941949736e-16,nan,nan,16886960.609846815,-1.9971790886161562e-10,1838674.6798177417,1,0.9975166981153091,-7.081555501849414e-05
0.09531618832347882,9.491397291363091,0.0008659643233600654,-6.508818941949736e-16,nan,nan,16886960.609846815,-1.9971790886161562e-10,1838674.6798177417,1,0.9975166981153091,-7.081555501849414e-05
0.09531618832347882,9.491397291363091,0.001333521432163324,-6.508818941949736e-16,nan,nan,16886960.609846815,-1.9971790886161562e-10,1838674.6798177417,1,0.9975166981153091,-7.081555501849414e-05
0.09531618832347882,9.491397291363091,0.002053525026457146,-6.508818941949736e-16,nan,nan,16886960.609846815,-1.9971790886161562e-10,1838674.6798177417,1,0.9975166981153091,-7.081555501849414e-05
0.09531618832347882,9.491397291363091,0.0031622776601683794,-6.508818941949736e-16,nan,nan,16886960.609846815,-1.9971790886161562e-10,1838674.6798177417,1,0.9975166981153091,-7.081555501849414e-05
0.09531618832347882,9.491397291363091,0.004869675251658631,-6.508818941949736e-16,nan,nan,16886960.609846815,-1.9971790886161562e-10,1838674.6798177417,1,0.9975166981153091,-7.081555501849414e-05
0.09531618832347882,9.491397291363091,0.007498942093324558,-6.508818941949736e-16,nan,nan,16886960.609846815,-1.9971790886161562e-10,1838674.6798177417,1,0.9975166981153091,-7.081555501849414e-05
0.09531618832347882,9.491397291363091,0.011547819846894581,-6.508818941949736e-16,nan,nan,16886960.609846815,-1.9971790886161562e-10,1838674.6798177417,1,0.9975166981153091,-7.081555501849414e-05
0.09531618832347882,9.491397291363091,0.01778279410038923,-6.508818941949736e-16,nan,nan,16886960.609846815,-1.9971790886161562e-10,1838674.6798177417,1,0.9975166981153091,-7.081555501849414e-05
0.09531618832347882,9.491397291363091,0.027384196342643614,-6.508818941949736e-16,nan,nan,16886960.609846815,-1.9971790886161562e-10,1838674.6798177417,1,0.9975166981153091,-7.081555501849414e-05
0.09531618832347882,9.491397291363091,0.042169650342858224,-6.508818941949736e-16,nan,nan,16886960.609846815,-1.9971790886161562e-10,1838674.6798177417,1,0.9975166981153091,-7.081555501849414e-05
0.09531618832347882,9.491397291363091,0.06493816315762113,-6.508818941949736e-16,nan,nan,16886960.609846815,-1.9971790886161562e-10,1838674.6798177417,1,0.9975166981153091,-7.081555501849414e-05
0.09531618832347882,9.491397291363091,0.1,-6.508818941949736e-16,nan,nan,16886960.609846815,-1.9971790886161562e-10,1838674.6798177417,1,0.9975166981153091,-7.081555501849414e-05
0.09531618832347882,9.491397291363091,0.1539926526059492,-6.508818941949736e-16,nan,nan,16886960.609846815,-1.9971790886161562e-10,1838674.6798177417,1,0.9975166981153091,-7.081555501849414e-05
0.09531618832347882,9.491397291363091,0.23713737056616552,-6.508818941949736e-16,nan,nan,16886960.609846815,-1.9971790886161562e-10,1838674.6798177417,1,0.9975166981153091,-7.081555501849414e-05
0.09531618832347882,9.491397291363091,0.3651741272548377,-6.508818941949736e-16,nan,nan,16886960.609846815,-1.9971790886161562e-10,1838674.6798177417,1,0.9975166981153091,-7.081555501849414e-05
0.09531618832347882,9.491397291363091,0.5623413251903491,-6.508818941949736e-16,nan,nan,16886960.609846815,-1.9971790886161562e-10,1838674.6798177417,1,0.9975166981153091,-7.081555501849414e-05
0.09531618832347882,9.491397291363091,0.8659643233600653,-6.508818941949736e-16,nan,nan,16886960.609846815,-1.9971790886161562e-10,1838674.6798177417,1,0.9975166981153091,-7.081555501849414e-05
0.09531618832347882,9.491397291363091,1.333521432163324,-6.508818941949736e-16,nan,nan,16886960.609846815,-1.9971790886161562e-10,1838674.6798177417,1,0.9975166981153091,-7.081555501849414e-05
0.09531618832347882,9.491397291363091,2.053525026457146,-6.508818941949736e-16,nan,nan,16886960.609846815,-1.9971790886161562e-10,1838674.6798177417,1,0.9975166981153091,-7.081555501849414e-05
0.09531618832347882,9.491397291363091,3.1622776601683795,-6.508818941949736e-16,nan,nan,16886960.609846815,-1.9971790886161562e-10,1838674.6798177417,1,0.9975166981153091,-7.081555501849414e-05
0.09531618832347882,9.491397291363091,4.869675251658631,-6.508818941949736e-16,nan,nan,16886960.609846815,-1.9971790886161562e-10,1838674.6798177417,1,0.9975166981153091,-7.081555501849414e-05
0.09531618832347882,9.491397291363091,7.498942093324558,-6.508818941949736e-16,nan,nan,16886960.609846815,-1.9971790886161562e-10,1838674.6798177417,1,0.9975166981153091,-7.081555501849414e-05
0.09531618832347882,9.491397291363091,11.547819846894582,-6.508818941949736e-16,nan,nan,16886960.609846815,-1.9971790886161562e-10,1838674.6798177417,1,0.9975166981153091,-7.081555501849414e-05
0.09531618832347882,9.491397291363091,17.78279410038923,-6.508818941949736e-16,nan,nan,16886960.609846815,-1.9971790886161562e-10,1838674.6798177417,1,0.9975166981153091,-7.081555501849414e-05
0.09531618832347882,9.491397291363091,27.384196342643612,-6.508818941949736e-16,nan,nan,16886960.609846815,-1.9971790886161562e-10,1838674.6798177417,1,0.9975166981153091,-7.081555501849414e-05
0.09531618832347882,9.491397291363091,42.169650342858226,-6.508818941949736e-16,nan,nan,16886960.609846815,-1.9971790886161562e-10,1838674.6798177417,1,0.9975166981153091,-7.081555501849414e-05
0.09531618832347882,9.491397291363091,64.93816315762113,-6.508818941949736e-16,nan,nan,16886960.609846815,-1.9971790886161562e-10,1838674.6798177417,1,0.9975166981153091,-7.081555501849414e-05
0.09531618832347882,9.491397291363091,100.0,-6.508818941949736e-16,nan,nan,16886960.609846815,-1.9971790886161562e-10,1838674.6798177417,1,0.9975166981153091,-7.081555501849414e-05
0.09531618832347882,9.491397291363091,153.9926526059492,-6.508818941949736e-16,nan,nan,16886960.609846815,-1.9971790886161562e-10,1838674.6798177417,1,0.9975166981153091,-7.081555501849414e-05
0.09531618832347882,9.491397291363091,237.13737056616552,-6.508818941949736e-16,nan,nan,16886960.609846815,-1.9971790886161562e-10,1838674.6798177417,1,0.9975166981153091,-7.081555501849414e-05
0.09531618832347882,9.491397291363091,365.1741272548377,-6.508818941949736e-16,nan,nan,16886960.609846815,-1.9971790886161562e-10,1838674.6798177417,1,0.9975166981153091,-7.081555501849414e-05
0.09531618832347882,9.491397291363091,562.341325190349,-6.508818941949736e-16,nan,nan,16886960.609846815,-1.9971790886161562e-10,1838674.6798177417,1,0.9975166981153091,-7.081555501849414e-05
0.09531618832347882,9.491397291363091,865.9643233600654,-6.508818941949736e-16,nan,nan,16886960.609846815,-1.9971790886161562e-10,1838674.6798177417,1,0.9975166981153091,-7.081555501849414e-05
0.09531618832347882,9.491397291363091,1333.521432163324,-6.508818941949736e-16,nan,nan,16886960.609846815,-1.9971790886161562e-10,1838674.6798177417,1,0.9975166981153091,-7.081555501849414e-05
0.09531618832347882,9.491397291363091,2053.525026457146,-6.508818941949736e-16,nan,nan,16886960.609846815,-1.9971790886161562e-10,1838674.6798177417,1,0.9975166981153091,-7.081555501849414e-05
0.09531618832347882,9.491397291363091,3162.2776601683795,-6.508818941949736e-16,nan,nan,16886960.609846815,-1.9971790886161562e-10,1838674.6798177417,1,0.9975166981153091,-7.081555501849414e-05
0.09531618832347882,9.491397291363091,4869.675251658631,-6.508818941949736e-16,nan,nan,16886960.609846815,-1.9971790886161562e-10,1838674.6798177417,1,0.9975166981153091,-7.081555501849414e-05
0.09531618832347882,9.491397291363091,7498.942093324558,-6.508818941949736e-16,nan,nan,16886960.609846815,-1.9971790886161562e-10,1838674.6798177417,1,0.9975166981153091,-7.081555501849414e-05
0.09531618832347882,9.491397291363091,11547.819846894581,-6.508818941949736e-16,nan,nan,16886960.609846815,-1.9971790886161562e-10,1838674.6798177417,1,0.9975166981153091,-7.081555501849414e-05
0.09531618832347882,9.491397291363091,17782.794100389227,-6.508818941949736e-16,nan,nan,16886960.609846815,-1.9971790886161562e-10,1838674.6798177417,1,0.9975166981153091,-7.081555501849414e-05
0.09531618832347882,9.491397291363091,27384.196342643612,-6.508818941949736e-16,nan,nan,16886960.609846815,-1.9971790886161562e-10,1838674.6798177417,1,0.9975166981153091,-7.081555501849414e-05
0.09531618832347882,9.491397291363091,42169.65034285822,-6.508818941949736e-16,nan,nan,16886960.609846815,-1.9971790886161562e-10,1838674.6798177417,1,0.9975166981153091,-7.081555501849414e-05
0.09531618832347882,9.491397291363091,64938.16315762113,-6.508818941949736e-16,nan,nan,16886960.609846815,-1.9971790886161562e-10,1838674.6798177417,1,0.9975166981153091,-7.081555501849414e-05
0.09531618832347882,9.491397291363091,100000.0,-6.508818941949736e-16,nan,nan,16886960.609846815,-1.9971790886161562e-10,1838674.6798177417,1,0.9975166981153091,-7.081555501849414e-05
0.1333521432163324,6.498942093324558,0.0001,0.0,nan,nan,1613566.2770269958,0.0,343334.83601711097,1,0.9944720853729717,-0.0002599368507672564
0.1333521432163324,6.498942093324558,0.0001539926526059492,0.0,nan,nan,1613566.2770269958,0.0,343334.83601711097,1,0.9944720853729717,-0.0002599368507672564
0.1333521432163324,6.498942093324558,0.00023713737056616554,0.0,nan,nan,1613566.2770269958,0.0,343334.83601711097,1,0.9944720853729717,-0.0002599368507672564
0.1333521432163324,6.498942093324558,0.0003651741272548377,0.0,nan,nan,1613566.2770269958,0.0,343334.83601711097,1,0.9944720853729717,-0.0002599368507672564
0.1333521432163324,6.498942093324558,0.0005623413251903491,0.0,nan,nan,1613566.2770269958,0.0,343334.83601711097,1,0.9944720853729717,-0.0002599368507672564
0.1333521432163324,6.498942093324558,0.0008659643233600654,0.0,nan,nan,1613566.2770269958,0.0,343334.83601711097,1,0.9944720853729717,-0.0002599368507672564
0.1333521432163324,6.498942093324558,0.001333521432163324,0.0,nan,nan,1613566.2770269958,0.0,343334.83601711097,1,0.9944720853729717,-0.0002599368507672564
0.1333521432163324,6.498942093324558,0.002053525026457146,0.0,nan,nan,1613566.2770269958,0.0,343334.83601711097,1,0.9944720853729717,-0.0002599368507672564
0.1333521432163324,6.498942093324558,0.0031622776601683794,0.0,nan,nan,1613566.2770269958,0.0,343334.83601711097,1,0.9944720853729717,-0.0002599368507672564
0.1333521432163324,6.498942093324558,0.004869675251658631,0.0,nan,nan,1613566.2770269958,0.0,343334.83601711097,1,0.9944720853729717,-0.0002599368507672564
0.1333521432163324,6.498942093324558,0.007498942093324558,0.0,nan,nan,1613566.2770269958,0.0,343334.83601711097,1,0.9944720853729717,-0.0002599368507672564
0.1333521432163324,6.498942093324558,0.011547819846894581,0.0,nan,nan,1613566.2770269958,0.0,343334.83601711097,1,0.9944720853729717,-0.0002599368507672564
0.1333521432163324,6.498942093324558,0.01778279410038923,0.0,nan,nan,1613566.2770269958,0.0,343334.83601711097,1,0.9944720853729717,-0.0002599368507672564
0.1333521432163324,6.498942093324558,0.027384196342643614,0.0,nan,nan,1613566.2770269958,0.0,343334.83601711097,1,0.9944720853729717,-0.0002599368507672564
0.1333521432163324,6.498942093324558,0.042169650342858224,0.0,nan,nan,1613566.2770269958,0.0,343334.83601711097,1,0.9944720853729717,-0.0002599368507672564
0.1333521432163324,6.498942093324558,0.06493816315762113,0.0,nan,nan,1613566.2770269958,0.0,343334.83601711097,1,0.9944720853729717,-0.0002599368507672564
0.1333521432163324,6.498942093324558,0.1,0.0,nan,nan,1613566.2770269958,0.0,343334.83601711097,1,0.9944720853729717,-0.0002599368507672564
0.1333521432163324,6.498942093324558,0.1539926526059492,0.0,nan,nan,1613566.2770269958,0.0,343334.83601711097,1,0.9944720853729717,-0.0002599368507672564
0.1333521432163324,6.498942093324558,0.23713737056616552,0.0,nan,nan,1613566.2770269958,0.0,343334.83601711097,1,0.9944720853729717,-0.0002599368507672564
0.1333521432163324,6.498942093324558,0.3651741272548377,0.0,nan,nan,1613566.2770269958,0.0,343334.83601711097,1,0.9944720853729717,-0.0002599368507672564
0.1333521432163324,6.498942093324558,0.5623413251903491,0.0,nan,nan,1613566.2770269958,0.0,343334.83601711097,1,0.9944720853729717,-0.0002599368507672564
0.1333521432163324,6.498942093324558,0.8659643233600653,0.0,nan,nan,1613566.2770269958,0.0,343334.83601711097,1,0.9944720853729717,-0.0002599368507672564
0.1333521432163324,6.498942093324558,1.333521432163324,0.0,nan,nan,1613566.2770269958,0.0,343334.83601711097,1,0.9944720853729717,-0.0002599368507672564
0.1333521432163324,6.498942093324558,2.053525026457146,0.0,nan,nan,1613566.2770269958,0.0,343334.83601711097,1,0.9944720853729717,-0.0002599368507672564
0.1333521432163324,6.498942093324558,3.1622776601683795,0.0,nan,nan,1613566.2770269958,0.0,343334.83601711097,1,0.9944720853729717,-0.0002599368507672564
0.1333521432163324,6.498942093324558,4.869675251658631,0.0,nan,nan,1613566.2770269958,0.0,343334.83601711097,1,0.9944720853729717,-0.0002599368507672564
0.1333521432163324,6.498942093324558,7.498942093324558,0.0,nan,nan,1613566.2770269958,0.0,343334.83601711097,1,0.9944720853729717,-0.0002599368507672564
0.1333521432163324,6.498942093324558,11.547819846894582,0.0,nan,nan,1613566.2770269958,0.0,343334.83601711097,1,0.9944720853729717,-0.0002599368507672564
0.1333521432163324,6.498942093324558,17.78279410038923,0.0,nan,nan,1613566.2770269958,0.0,343334.83601711097,1,0.9944720853729717,-0.0002599368507672564
0.1333521432163324,6.498942093324558,27.384196342643612,0.0,nan,nan,1613566.2770269958,0.0,343334.83601711097,1,0.9944720853729717,-0.0002599368507672564
0.1333521432163324,6.498942093324558,42.169650342858226,0.0,nan,nan,1613566.2770269958,0.0,343334.83601711097,1,0.9944720853729717,-0.0002599368507672564
0.1333521432163324,6.498942093324558,64.93816315762113,0.0,nan,nan,1613566.2770269958,0.0,343334.83601711097,1,0.9944720853729717,-0.0002599368507672564
0.1333521432163324,6.498942093324558,100.0,0.0,nan,nan,1613566.2770269958,0.0,343334.83601711097,1,0.9944720853729717,-0.0002599368507672564
0.1333521432163324,6.498942093324558,153.9926526059492,0.0,nan,nan,1613566.2770269958,0.0,343334.83601711097,1,0.9944720853729717,-0.0002599368507672564
0.1333521432163324,6.498942093324558,237.13737056616552,0.0,nan,nan,1613566.2770269958,0.0,343334.83601711097,1,0.9944720853729717,-0.0002599368507672564
0.1333521432163324,6.498942093324558,365.1741272548377,0.0,nan,nan,1613566.2770269958,0.0,343334.83601711097,1,0.9944720853729717,-0.0002599368507672564
0.1333521432163324,6.498942093324558,562.341325190349,0.0,nan,nan,1613566.2770269958,0.0,343334.83601711097,1,0.9944720853729717,-0.0002599368507672564
0.1333521432163324,6.498942093324558,865.9643233600654,0.0,nan,nan,1613566.2770269958,0.0,343334.83601711097,1,0.9944720853729717,-0.0002599368507672564
0.1333521432163324,6.498942093324558,1333.521432163324,0.0,nan,nan,1613566.2770269958,0.0,343334.83601711097,1,0.9944720853729717,-0.0002599368507672564
0.1333521432163324,6.498942093324558,2053.525026457146,0.0,nan,nan,1613566.2770269958,0.0,343334.83601711097,1,0.9944720853729717,-0.0002599368507672564
0.1333521432163324,6.498942093324558,3162.2776601683795,0.0,nan,nan,1613566.2770269958,0.0,343334.83601711097,1,0.9944720853729717,-0.0002599368507672564
0.1333521432163324,6.498942093324558,4869.675251658631,0.0,nan,nan,1613566.2770269958,0.0,343334.83601711097,1,0.9944720853729717,-0.0002599368507672564
0.1333521432163324,6.498942093324558,7498.942093324558,0.0,nan,nan,1613566.2770269958,0.0,343334.83601711097,1,0.9944720853729717,-0.0002599368507672564
0.1333521432163324,6.498942093324558,11547.819846894581,0.0,nan,nan,1613566.2770269958,0.0,343334.83601711097,1,0.9944720853729717,-0.0002599368507672564
0.1333521432163324,6.498942093324558,17782.794100389227,0.0,nan,nan,1613566.2770269958,0.0,343334.83601711097,1,0.9944720853729717,-0.0002599368507672564
0.1333521432163324,6.498942093324558,27384.196342643612,0.0,nan,nan,1613566.2770269958,0.0,343334.83601711097,1,0.9944720853729717,-0.0002599368507672564
0.1333521432163324,6.498942093324558,42169.65034285822,0.0,nan,nan,1613566.2770269958,0.0,343334.83601711097,1,0.9944720853729717,-0.0002599368507672564
0.1333521432163324,6.498942093324558,64938.16315762113,0.0,nan,nan,1613566.2770269958,0.0,343334.83601711097,1,0.9944720853729717,-0.0002599368507672564
0.1333521432163324,6.498942093324558,100000.0,0.0,nan,nan,1613566.2770269958,0.0,343334.83601711097,1,0.9944720853729717,-0.0002599368507672564
0.1865663578576915,4.360023165391785,0.0001,-5.985349440276333e-16,nan,nan,154865.00814734443,-6.452670261757669e-12,64274.053149044754,1,0.9877930298330417,-0.0009417670824542636
0.1865663578576915,4.360023165391785,0.0001539926526059492,-5.985349440276333e-16,nan,nan,154865.00814734443,-6.452670261757669e-12,64274.053149044754,1,0.9877930298330417,-0.0009417670824542636
0.1865663578576915,4.360023165391785,0.00023713737056616554,-5.985349440276333e-16,nan,nan,154865.00814734443,-6.452670261757669e-12,64274.053149044754,1,0.9877930298330417,-0.0009417670824542636
0.1865663578576915,4.360023165391785,0.0003651741272548377,-5.985349440276333e-16,nan,nan,154865.00814734443,-6.452670261757669e-12,64274.053149044754,1,0.9877930298330417,-0.0009417670824542636
0.1865663578576915,4.360023165391785,0.0005623413251903491,-5.985349440276333e-16,nan,nan,154865.00814734443,-6.452670261757669e-12,64274.053149044754,1,0.9877930298330417,-0.0009417670824542636
0.1865663578576915,4.360023165391785,0.0008659643233600654,-5.985349440276333e-16,nan,nan,154865.00814734443,-6.452670261757669e-12,64274.053149044754,1,0.9877930298330417,-0.0009417670824542636
0.1865663578576915,4.360023165391785,0.001333521432163324,-5.985349440276333e-16,nan,nan,154865.00814734443,-6.452670261757669e-12,64274.053149044754,1,0.9877930298330417,-0.0009417670824542636
0.1865663578576915,4.360023165391785,0.002053525026457146,-5.985349440276333e-16,nan,nan,154865.00814734443,-6.452670261757669e-12,64274.053149044754,1,0.9877930298330417,-0.0009417670824542636
0.1865663578576915,4.360023165391785,0.0031622776601683794,-5.985349440276333e-16,nan,nan,154865.00814734443,-6.452670261757669e-12,64274.053149044754,1,0.9877930298330417,-0.0009417670824542636
0.1865663578576915,4.360023165391785,0.004869675251658631,-5.985349440276333e-16,nan,nan,154865.00814734443,-6.452670261757669e-12,64274.053149044754,1,0.9877930298330417,-0.0009417670824542636
0.1865663578576915,4.360023165391785,0.007498942093324558,-5.985349440276333e-16,nan,nan,154865.00814734443,-6.452670261757669e-12,64274.053149044754,1,0.9877930298330417,-0.0009417670824542636
0.1865663578576915,4.360023165391785,0.011547819846894581,-5.985349440276333e-16,nan,nan,154865.00814734443,-6.452670261757669e-12,64274.053149044754,1,0.9877930298330417,-0.0009417670824542636
0.1865663578576915,4.360023165391785,0.01778279410038923,-5.985349440276333e-16,nan,nan,154865.00814734443,-6.452670261757669e-12,64274.053149044754,1,0.9877930298330417,-0.0009417670824542636
0.1865663578576915,4.360023165391785,0.027384196342643614,-5.985349440276333e-16,nan,nan,154865.00814734443,-6.452670261757669e-12,64274.053149044754,1,0.9877930298330417,-0.0009417670824542636
0.1865663578576915,4.360023165391785,0.042169650342858224,-5.985349440276333e-16,nan,nan,154865.00814734443,-6.452670261757669e-12,64274.053149044754,1,0.9877930298330417,-0.0009417670824542636
0.1865663578576915,4.360023165391785,0.06493816315762113,-5.985349440276333e-16,nan,nan,154865.00814734443,-6.452670261757669e-12,64274.053149044754,1,0.9877930298330417,-0.0009417670824542636
0.1865663578576915,4.360023165391785,0.1,-5.985349440276333e-16,nan,nan,154865.00814734443,-6.452670261757669e-12,64274.053149044754,1,0.9877930298330417,-0.0009417670824542636
0.1865663578576915,4.360023165391785,0.1539926526059492,-5.985349440276333e-16,nan,nan,154865.00814734443,-6.452670261757669e-12,64274.053149044754,1,0.9877930298330417,-0.0009417670824542636
0.1865663578576915,4.360023165391785,0.23713737056616552,-5.985349440276333e-16,nan,nan,154865.00814734443,-6.452670261757669e-12,64274.053149044754,1,0.9877930298330417,-0.0009417670824542636
0.1865663578576915,4.360023165391785,0.3651741272548377,-5.985349440276333e-16,nan,nan,154865.00814734443,-6.452670261757669e-12,64274.053149044754,1,0.9877930298330417,-0.0009417670824542636
0.1865663578576915,4.360023165391785,0.5623413251903491,-5.985349440276333e-16,nan,nan,154865.00814734443,-6.452670261757669e-12,64274.053149044754,1,0.9877930298330417,-0.0009417670824542636
0.1865663578576915,4.360023165391785,0.8659643233600653,-5.985349440276333e-16,nan,nan,154865.00814734443,-6.452670261757669e-12,64274.053149044754,1,0.9877930298330417,-0.0009417670824542636
0.1865663578576915,4.360023165391785,1.333521432163324,-5.985349440276333e-16,nan,nan,154865.00814734443,-6.452670261757669e-12,64274.053149044754,1,0.9877930298330417,-0.0009417670824542636
0.1865663578576915,4.360023165391785,2.053525026457146,-5.985349440276333e-16,nan,nan,154865.00814734443,-6.452670261757669e-12,64274.053149044754,1,0.9877930298330417,-0.0009417670824542636
0.1865663578576915,4.360023165391785,3.1622776601683795,-5.985349440276333e-16,nan,nan,154865.00814734443,-6.452670261757669e-12,64274.053149044754,1,0.9877930298330417,-0.0009417670824542636
0.1865663578576915,4.360023165391785,4.869675251658631,-5.985349440276333e-16,nan,nan,154865.00814734443,-6.452670261757669e-12,64274.053149044754,1,0.9877930298330417,-0.0009417670824542636
0.1865663578576915,4.360023165391785,7.498942093324558,-5.985349440276333e-16,nan,nan,154865.00814734443,-6.452670261757669e-12,64274.053149044754,1,0.9877930298330417,-0.0009417670824542636
0.1865663578576915,4.360023165391785,11.547819846894582,-5.985349440276333e-16,nan,nan,154865.00814734443,-6.452670261757669e-12,64274.053149044754,1,0.9877930298330417,-0.0009417670824542636
0.1865663578576915,4.360023165391785,17.78279410038923,-5.985349440276333e-16,nan,nan,154865.00814734443,-6.452670261757669e-12,64274.053149044754,1,0.9877930298330417,-0.0009417670824542636
0.1865663578576915,4.360023165391785,27.384196342643612,-5.985349440276333e-16,nan,nan,154865.00814734443,-6.452670261757669e-12,64274.053149044754,1,0.9877930298330417,-0.0009417670824542636
0.1865663578576915,4.360023165391785,42.169650342858226,-5.985349440276333e-16,nan,nan,154865.00814734443,-6.452670261757669e-12,64274.053149044754,1,0.9877930298330417,-0.0009417670824542636
0.1865663578576915,4.360023165391785,64.93816315762113,-5.985349440276333e-16,nan,nan,154865.00814734443,-6.452670261757669e-12,64274.053149044754,1,0.9877930298330417,-0.0009417670824542636
0.1865663578576915,4.360023165391785,100.0,-5.985349440276333e-16,nan,nan,154865.00814734443,-6.452670261757669e-12,64274.053149044754,1,0.9877930298330417,-0.0009417670824542636
0.1865663578576915,4.360023165391785,153.9926526059492,-5.985349440276333e-16,nan,nan,154865.00814734443,-6.452670261757669e-12,64274.053149044754,1,0.9877930298330417,-0.0009417670824542636
0.1865663578576915,4.360023165391785,237.13737056616552,-5.985349440276333e-16,nan,nan,154865.00814734443,-6.452670261757669e-12,64274.053149044754,1,0.9877930298330417,-0.0009417670824542636
0.1865663578576915,4.360023165391785,365.1741272548377,-5.985349440276333e-16,nan,nan,154865.00814734443,-6.452670261757669e-12,64274.053149044754,1,0.9877930298330417,-0.0009417670824542636
0.1865663578576915,4.360023165391785,562.341325190349,-5.985349440276333e-16,nan,nan,154865.00814734443,-6.452670261757669e-12,64274.053149044754,1,0.9877930298330417,-0.0009417670824542636
0.1865663578576915,4.360023165391785,865.9643233600654,-5.985349440276333e-16,nan,nan,154865.00814734443,-6.452670261757669e-12,64274.053149044754,1,0.9877930298330417,-0.0009417670824542636
0.1865663578576915,4.360023165391785,1333.521432163324,-5.985349440276333e-16,nan,nan,154865.00814734443,-6.452670261757669e-12,64274.053149044754,1,0.9877930298330417,-0.0009417670824542636
0.1865663578576915,4.360023165391785,2053.525026457146,-5.985349440276333e-16,nan,nan,154865.00814734443,-6.452670261757669e-12,64274.053149044754,1,0.9877930298330417,-0.0009417670824542636
0.1865663578576915,4.360023165391785,3162.2776601683795,-5.985349440276333e-16,nan,nan,154865.00814734443,-6.452670261757669e-12,64274.053149044754,1,0.9877930298330417,-0.0009417670824542636
0.1865663578576915,4.360023165391785,4869.675251658631,-5.985349440276333e-16,nan,nan,154865.00814734443,-6.452670261757669e-12,64274.053149044754,1,0.9877930298330417,-0.0009417670824542636
0.1865663578576915,4.360023165391785,7498.942093324558,-5.985349440276333e-16,nan,nan,154865.00814734443,-6.452670261757669e-12,64274.053149044754,1,0.9877930298330417,-0.0009417670824542636
0.1865663578576915,4.360023165391785,11547.819846894581,-5.985349440276333e-16,nan,nan,154865.00814734443,-6.452670261757669e-12,64274.053149044754,1,0.9877930298330417,-0.0009417670824542636
0.1865663578576915,4.360023165391785,17782.794100389227,-5.985349440276333e-16,nan,nan,154865.00814734443,-6.452670261757669e-12,64274.053149044754,1,0.9877930298330417,-0.0009417670824542636
0.1865663578576915,4.360023165391785,27384.196342643612,-5.985349440276333e-16,nan,nan,154865.00814734443,-6.452670261757669e-12,64274.053149044754,1,0.9877930298330417,-0.0009417670824542636
0.1865663578576915,4.360023165391785,42169.65034285822,-5.985349440276333e-16,nan,nan,154865.00814734443,-6.452670261757669e-12,64274.053149044754,1,0.9877930298330417,-0.0009417670824542636
0.1865663578576915,4.360023165391785,64938.16315762113,-5.985349440276333e-16,nan,nan,154865.00814734443,-6.452670261757669e-12,64274.053149044754,1,0.9877930298330417,-0.0009417670824542636
0.1865663578576915,4.360023165391785,100000.0,-5.985349440276333e-16,nan,nan,154865.00814734443,-6.452670261757669e-12,64274.053149044754,1,0.9877930298330417,-0.0009417670824542636
0.26101572156825387,2.8311868495572847,0.0001,-3.97188721704329e-16,nan,nan,15008.059088752616,-8.122407383922403e-13,12100.795433371879,1,0.9735043815493516,-0.003317901934121343
0.26101572156825387,2.8311868495572847,0.0001539926526059492,-3.97188721704329e-16,nan,nan,15008.059088752616,-8.122407383922403e-13,12100.795433371879,1,0.9735043815493516,-0.003317901934121343
0.26101572156825387,2.8311868495572847,0.00023713737056616554,-3.97188721704329e-16,nan,nan,15008.059088752616,-8.122407383922403e-13,12100.795433371879,1,0.9735043815493516,-0.003317901934121343
0.26101572156825387,2.8311868495572847,0.0003651741272548377,-3.97188721704329e-16,nan,nan,15008.059088752616,-8.122407383922403e-13,12100.795433371879,1,0.9735043815493516,-0.003317901934121343
0.26101572156825387,2.8311868495572847,0.0005623413251903491,-3.97188721704329e-16,nan,nan,15008.059088752616,-8.122407383922403e-13,12100.795433371879,1,0.9735043815493516,-0.003317901934121343
0.26101572156825387,2.8311868495572847,0.0008659643233600654,-3.97188721704329e-16,nan,nan,15008.059088752616,-8.122407383922403e-13,12100.795433371879,1,0.9735043815493516,-0.003317901934121343
0.26101572156825387,2.8311868495572847,0.001333521432163324,-3.97188721704329e-16,nan,nan,15008.059088752616,-8.122407383922403e-13,12100.795433371879,1,0.9735043815493516,-0.003317901934121343
0.26101572156825387,2.8311868495572847,0.002053525026457146,-3.97188721704329e-16,nan,nan,15008.059088752616,-8.122407383922403e-13,12100.795433371879,1,0.9735043815493516,-0.003317901934121343
0.26101572156825387,2.8311868495572847,0.0031622776601683794,-3.97188721704329e-16,nan,nan,15008.059088752616,-8.122407383922403e-13,12100.795433371879,1,0.9735043815493516,-0.003317901934121343
0.26101572156825387,2.8311868495572847,0.004869675251658631,-3.97188721704329e-16,nan,nan,15008.059088752616,-8.122407383922403e-13,12100.795433371879,1,0.9735043815493516,-0.003317901934121343
0.26101572156825387,2.8311868495572847,0.007498942093324558,-3.97188721704329e-16,nan,nan,15008.059088752616,-8.122407383922403e-13,12100.795433371879,1,0.9735043815493516,-0.003317901934121343
0.26101572156825387,2.8311868495572847,0.011547819846894581,-3.97188721704329e-16,nan,nan,15008.059088752616,-8.122407383922403e-13,12100.795433371879,1,0.9735043815493516,-0.003317901934121343
0.26101572156825387,2.8311868495572847,0.01778279410038923,-3.97188721704329e-16,nan,nan,15008.059088752616,-8.122407383922403e-13,12100.795433371879,1,0.9735043815493516,-0.003317901934121343
0.26101572156825387,2.8311868495572847,0.027384196342643614,-3.97188721704329e-16,nan,nan,15008.059088752616,-8.122407383922403e-13,12100.795433371879,1,0.9735043815493516,-0.003317901934121343
0.26101572156825387,2.8311868495572847,0.042169650342858224,-3.97188721704329e-16,nan,nan,15008.059088752616,-8.122407383922403e-13,12100.795433371879,1,0.9735043815493516,-0.003317901934121343
0.26101572156825387,2.8311868495572847,0.06493816315762113,-3.97188721704329e-16,nan,nan,15008.059088752616,-8.122407383922403e-13,12100.795433371879,1,0.9735043815493516,-0.003317901934121343
0.26101572156825387,2.8311868495572847,0.1,-3.97188721704329e-16,nan,nan,15008.059088752616,-8.122407383922403e-13,12100.795433371879,1,0.9735043815493516,-0.003317901934121343
0.26101572156825387,2.8311868495572847,0.1539926526059492,-3.97188721704329e-16,nan,nan,15008.059088752616,-8.122407383922403e-13,12100.795433371879,1,0.9735043815493516,-0.003317901934121343
0.26101572156825387,2.8311868495572847,0.23713737056616552,-3.97188721704329e-16,nan,nan,15008.059088752616,-8.122407383922403e-13,12100.795433371879,1,0.9735043815493516,-0.003317901934121343
0.26101572156825387,2.8311868495572847,0.3651741272548377,-3.97188721704329e-16,nan,nan,15008.059088752616,-8.122407383922403e-13,12100.795433371879,1,0.9735043815493516,-0.003317901934121343
0.26101572156825387,2.8311868495572847,0.5623413251903491,-3.97188721704329e-16,nan,nan,15008.059088752616,-8.122407383922403e-13,12100.795433371879,1,0.9735043815493516,-0.003317901934121343
0.26101572156825387,2.8311868495572847,0.8659643233600653,-3.97188721704329e-16,nan,nan,15008.059088752616,-8.122407383922403e-13,12100.795433371879,1,0.9735043815493516,-0.003317901934121343
0.26101572156825387,2.8311868495572847,1.333521432163324,-3.97188721704329e-16,nan,nan,15008.059088752616,-8.122407383922403e-13,12100.795433371879,1,0.9735043815493516,-0.003317901934121343
0.26101572156825387,2.8311868495572847,2.053525026457146,-3.97188721704329e-16,nan,nan,15008.059088752616,-8.122407383922403e-13,12100.795433371879,1,0.9735043815493516,-0.003317901934121343
0.26101572156825387,2.8311868495572847,3.1622776601683795,-3.97188721704329e-16,nan,nan,15008.059088752616,-8.122407383922403e-13,12100.795433371879,1,0.9735043815493516,-0.003317901934121343
0.26101572156825387,2.8311868495572847,4.869675251658631,-3.97188721704329e-16,nan,nan,15008.059088752616,-8.122407383922403e-13,12100.795433371879,1,0.9735043815493516,-0.003317901934121343
0.26101572156825387,2.8311868495572847,7.498942093324558,-3.97188721704329e-16,nan,nan,15008.059088752616,-8.122407383922403e-13,12100.795433371879,1,0.9735043815493516,-0.003317901934121343
0.26101572156825387,2.8311868495572847,11.547819846894582,-3.97188721704329e-16,nan,nan,15008.059088752616,-8.122407383922403e-13,12100.795433371879,1,0.9735043815493516,-0.003317901934121343
0.26101572156825387,2.8311868495572847,17.78279410038923,-3.97188721704329e-16,nan,nan,15008.059088752616,-8.122407383922403e-13,12100.795433371879,1,0.9735043815493516,-0.003317901934121343
0.26101572156825387,2.8311868495572847,27.384196342643612,-3.97188721704329e-16,nan,nan,15008.059088752616,-8.122407383922403e-13,12100.795433371879,1,0.9735043815493516,-0.003317901934121343
0.26101572156825387,2.8311868495572847,42.169650342858226,-3.97188721704329e-16,nan,nan,15008.059088752616,-8.122407383922403e-13,12100.795433371879,1,0.9735043815493516,-0.003317901934121343
0.26101572156825387,2.8311868495572847,64.93816315762113,-3.97188721704329e-16,nan,nan,15008.059088752616,-8.122407383922403e-13,12100.795433371879,1,0.9735043815493516,-0.003317901934121343
0.26101572156825387,2.8311868495572847,100.0,-3.97188721704329e-16,nan,nan,15008.059088752616,-8.122407383922403e-13,12100.795433371879,1,0.9735043815493516,-0.003317901934121343
0.26101572156825387,2.8311868495572847,153.9926526059492,-3.97188721704329e-16,nan,nan,15008.059088752616,-8.122407383922403e-13,12100.795433371879,1,0.9735043815493516,-0.003317901934121343
0.26101572156825387,2.8311868495572847,237.13737056616552,-3.97188721704329e-16,nan,nan,15008.059088752616,-8.122407383922403e-13,12100.795433371879,1,0.9735043815493516,-0.003317901934121343
0.26101572156825387,2.8311868495572847,365.1741272548377,-3.97188721704329e-16,nan,nan,15008.059088752616,-8.122407383922403e-13,12100.795433371879,1,0.9735043815493516,-0.003317901934121343
0.26101572156825387,2.8311868495572847,562.341325190349,-3.97188721704329e-16,nan,nan,15008.059088752616,-8.122407383922403e-13,12100.795433371879,1,0.9735043815493516,-0.003317901934121343
0.26101572156825387,2.8311868495572847,865.9643233600654,-3.97188721704329e-16,nan,nan,15008.059088752616,-8.122407383922403e-13,12100.795433371879,1,0.9735043815493516,-0.003317901934121343
0.26101572156825387,2.8311868495572847,1333.521432163324,-3.97188721704329e-16,nan,nan,15008.059088752616,-8.122407383922403e-13,12100.795433371879,1,0.9735043815493516,-0.003317901934121343
0.26101572156825387,2.8311868495572847,2053.525026457146,-3.97188721704329e-16,nan,nan,15008.059088752616,-8.122407383922403e-13,12100.795433371879,1,0.9735043815493516,-0.003317901934121343
0.26101572156825387,2.8311868495572847,3162.2776601683795,-3.97188721704329e-16,nan,nan,15008.059088752616,-8.122407383922403e-13,12100.795433371879,1,0.9735043815493516,-0.003317901934121343
0.26101572156825387,2.8311868495572847,4869.675251658631,-3.97188721704329e-16,nan,nan,15008.059088752616,-8.122407383922403e-13,12100.795433371879,1,0.9735043815493516,-0.003317901934121343
0.26101572156825387,2.8311868495572847,7498.942093324558,-3.97188721704329e-16,nan,nan,15008.059088752616,-8.122407383922403e-13,12100.795433371879,1,0.9735043815493516,-0.003317901934121343
0.26101572156825387,2.8311868495572847,11547.819846894581,-3.97188721704329e-16,nan,nan,15008.059088752616,-8.122407383922403e-13,12100.795433371879,1,0.9735043815493516,-0.003317901934121343
0.26101572156825387,2.8311868495572847,17782.794100389227,-3.97188721704329e-16,nan,nan,15008.059088752616,-8.122407383922403e-13,12100.795433371879,1,0.9735043815493516,-0.003317901934121343
0.26101572156825387,2.8311868495572847,27384.196342643612,-3.97188721704329e-16,nan,nan,15008.059088752616,-8.122407383922403e-13,12100.795433371879,1,0.9735043815493516,-0.003317901934121343
0.26101572156825387,2.8311868495572847,42169.65034285822,-3.97188721704329e-16,nan,nan,15008.059088752616,-8.122407383922403e-13,12100.795433371879,1,0.9735043815493516,-0.003317901934121343
0.26101572156825387,2.8311868495572847,64938.16315762113,-3.97188721704329e-16,nan,nan,15008.059088752616,-8.122407383922403e-13,12100.795433371879,1,0.9735043815493516,-0.003317901934121343
0.26101572156825387,2.8311868495572847,100000.0,-3.97188721704329e-16,nan,nan,15008.059088752616,-8.122407383922403e-13,12100.795433371879,1,0.9735043815493516,-0.003317901934121343
0.3651741272548377,1.738419634264361,0.0001,2.5388365341061254e-15,nan,nan,1486.5362435157153,1.0065613195413787e-12,2310.1901741181027,1,0.9445393111781908,-0.011020003755989253
0.3651741272548377,1.738419634264361,0.0001539926526059492,2.5388365341061254e-15,nan,nan,1486.5362435157153,1.0065613195413787e-12,2310.1901741181027,1,0.9445393111781908,-0.011020003755989253
0.3651741272548377,1.738419634264361,0.00023713737056616554,2.5388365341061254e-15,nan,nan,1486.5362435157153,1.0065613195413787e-12,2310.1901741181027,1,0.9445393111781908,-0.011020003755989253
0.3651741272548377,1.738419634264361,0.0003651741272548377,2.5388365341061254e-15,nan,nan,1486.5362435157153,1.0065613195413787e-12,2310.1901741181027,1,0.9445393111781908,-0.011020003755989253
0.3651741272548377,1.738419634264361,0.0005623413251903491,2.5388365341061254e-15,nan,nan,1486.5362435157153,1.0065613195413787e-12,2310.1901741181027,1,0.9445393111781908,-0.011020003755989253
0.3651741272548377,1.738419634264361,0.0008659643233600654,2.5388365341061254e-15,nan,nan,1486.5362435157153,1.0065613195413787e-12,2310.1901741181027,1,0.9445393111781908,-0.011020003755989253
0.3651741272548377,1.738419634264361,0.001333521432163324,2.5388365341061254e-15,nan,nan,1486.5362435157153,1.0065613195413787e-12,2310.1901741181027,1,0.9445393111781908,-0.011020003755989253
0.3651741272548377,1.738419634264361,0.002053525026457146,2.5388365341061254e-15,nan,nan,1486.5362435157153,1.0065613195413787e-12,2310.1901741181027,1,0.9445393111781908,-0.011020003755989253
0.3651741272548377,1.738419634264361,0.0031622776601683794,2.5388365341061254e-15,nan,nan,1486.5362435157153,1.0065613195413787e-12,2310.1901741181027,1,0.9445393111781908,-0.011020003755989253
0.3651741272548377,1.738419634264361,0.004869675251658631,2.5388365341061254e-15,nan,nan,1486.5362435157153,1.0065613195413787e-12,2310.1901741181027,1,0.9445393111781908,-0.011020003755989253
0.3651741272548377,1.738419634264361,0.007498942093324558,2.5388365341061254e-15,nan,nan,1486.5362435157153,1.0065613195413787e-12,2310.1901741181027,1,0.9445393111781908,-0.011020003755989253
0.3651741272548377,1.738419634264361,0.011547819846894581,2.5388365341061254e-15,nan,nan,1486.5362435157153,1.0065613195413787e-12,2310.1901741181027,1,0.9445393111781908,-0.011020003755989253
0.3651741272548377,1.738419634264361,0.01778279410038923,2.5388365341061254e-15,nan,nan,1486.5362435157153,1.0065613195413787e-12,2310.1901741181027,1,0.9445393111781908,-0.011020003755989253
0.3651741272548377,1.738419634264361,0.027384196342643614,2.5388365341061254e-15,nan,nan,1486.5362435157153,1.0065613195413787e-12,2310.1901741181027,1,0.9445393111781908,-0.011020003755989253
0.3651741272548377,1.738419634264361,0.042169650342858224,2.5388365341061254e-15,nan,nan,1486.5362435157153,1.0065613195413787e-12,2310.1901741181027,1,0.9445393111781908,-0.011020003755989253
0.3651741272548377,1.738419634264361,0.06493816315762113,2.5388365341061254e-15,nan,nan,1486.5362435157153,1.0065613195413787e-12,2310.1901741181027,1,0.9445393111781908,-0.011020003755989253
0.3651741272548377,1.738419634264361,0.1,2.5388365341061254e-15,nan,nan,1486.5362435157153,1.0065613195413787e-12,2310.1901741181027,1,0.9445393111781908,-0.011020003755989253
0.3651741272548377,1.738419634264361,0.1539926526059492,2.5388365341061254e-15,nan,nan,1486.5362435157153,1.0065613195413787e-12,2310.1901741181027,1,0.9445393111781908,-0.011020003755989253
0.3651741272548377,1.738419634264361,0.23713737056616552,2.5388365341061254e-15,nan,nan,1486.5362435157153,1.0065613195413787e-12,2310.1901741181027,1,0.9445393111781908,-0.011020003755989253
0.3651741272548377,1.738419634264361,0.3651741272548377,2.5388365341061254e-15,nan,nan,1486.5362435157153,1.0065613195413787e-12,2310.1901741181027,1,0.9445393111781908,-0.011020003755989253
0.3651741272548377,1.738419634264361,0.5623413251903491,2.5388365341061254e-15,nan,nan,1486.5362435157153,1.0065613195413787e-12,2310.1901741181027,1,0.9445393111781908,-0.011020003755989253
0.3651741272548377,1.738419634264361,0.8659643233600653,2.5388365341061254e-15,nan,nan,1486.5362435157153,1.0065613195413787e-12,2310.1901741181027,1,0.9445393111781908,-0.011020003755989253
0.3651741272548377,1.738419634264361,1.333521432163324,2.5388365341061254e-15,nan,nan,1486.5362435157153,1.0065613195413787e-12,2310.1901741181027,1,0.9445393111781908,-0.011020003755989253
0.3651741272548377,1.738419634264361,2.053525026457146,2.5388365341061254e-15,nan,nan,1486.5362435157153,1.0065613195413787e-12,2310.1901741181027,1,0.9445393111781908,-0.011020003755989253
0.3651741272548377,1.738419634264361,3.1622776601683795,2.5388365341061254e-15,nan,nan,1486.5362435157153,1.0065613195413787e-12,2310.1901741181027,1,0.9445393111781908,-0.011020003755989253
0.3651741272548377,1.738419634264361,4.869675251658631,2.5388365341061254e-15,nan,nan,1486.5362435157153,1.0065613195413787e-12,2310.1901741181027,1,0.9445393111781908,-0.011020003755989253
0.3651741272548377,1.738419634264361,7.498942093324558,2.5388365341061254e-15,nan,nan,1486.5362435157153,1.0065613195413787e-12,2310.1901741181027,1,0.9445393111781908,-0.011020003755989253
0.3651741272548377,1.738419634264361,11.547819846894582,2.5388365341061254e-15,nan,nan,1486.5362435157153,1.0065613195413787e-12,2310.1901741181027,1,0.9445393111781908,-0.011020003755989253
0.3651741272548377,1.738419634264361,17.78279410038923,2.5388365341061254e-15,nan,nan,1486.5362435157153,1.0065613195413787e-12,2310.1901741181027,1,0.9445393111781908,-0.011020003755989253
0.3651741272548377,1.738419634264361,27.384196342643612,2.5388365341061254e-15,nan,nan,1486.5362435157153,1.0065613195413787e-12,2310.1901741181027,1,0.9445393111781908,-0.011020003755989253
0.3651741272548377,1.738419634264361,42.169650342858226,2.5388365341061254e-15,nan,nan,1486.5362435157153,1.0065613195413787e-12,2310.1901741181027,1,0.9445393111781908,-0.011020003755989253
0.3651741272548377,1.738419634264361,64.93816315762113,2.5388365341061254e-15,nan,nan,1486.5362435157153,1.0065613195413787e-12,2310.1901741181027,1,0.9445393111781908,-0.011020003755989253
0.3651741272548377,1.738419634264361,100.0,2.5388365341061254e-15,nan,nan,1486.5362435157153,1.0065613195413787e-12,2310.1901741181027,1,0.9445393111781908,-0.011020003755989253
0.3651741272548377,1.738419634264361,153.9926526059492,2.5388365341061254e-15,nan,nan,1486.5362435157153,1.0065613195413787e-12,2310.1901741181027,1,0.9445393111781908,-0.011020003755989253
0.3651741272548377,1.738419634264361,237.13737056616552,2.5388365341061254e-15,nan,nan,1486.5362435157153,1.0065613195413787e-12,2310.1901741181027,1,0.9445393111781908,-0.011020003755989253
0.3651741272548377,1.738419634264361,365.1741272548377,2.5388365341061254e-15,nan,nan,1486.5362435157153,1.0065613195413787e-12,2310.1901741181027,1,0.9445393111781908,-0.011020003755989253
0.3651741272548377,1.738419634264361,562.341325190349,2.5388365341061254e-15,nan,nan,1486.5362435157153,1.0065613195413787e-12,2310.1901741181027,1,0.9445393111781908,-0.011020003755989253
0.3651741272548377,1.738419634264361,865.9643233600654,2.5388365341061254e-15,nan,nan,1486.5362435157153,1.0065613195413787e-12,2310.1901741181027,1,0.9445393111781908,-0.011020003755989253
0.3651741272548377,1.738419634264361,1333.521432163324,2.5388365341061254e-15,nan,nan,1486.5362435157153,1.0065613195413787e-12,2310.1901741181027,1,0.9445393111781908,-0.011020003755989253
0.3651741272548377,1.738419634264361,2053.525026457146,2.5388365341061254e-15,nan,nan,1486.5362435157153,1.0065613195413787e-12,2310.1901741181027,1,0.9445393111781908,-0.011020003755989253
0.3651741272548377,1.738419634264361,3162.2776601683795,2.5388365341061254e-15,nan,nan,1486.5362435157153,1.0065613195413787e-12,2310.1901741181027,1,0.9445393111781908,-0.011020003755989253
0.3651741272548377,1.738419634264361,4869.675251658631,2.5388365341061254e-15,nan,nan,1486.5362435157153,1.0065613195413787e-12,2310.1901741181027,1,0.9445393111781908,-0.011020003755989253
0.3651741272548377,1.738419634264361,7498.942093324558,2.5388365341061254e-15,nan,nan,1486.5362435157153,1.0065613195413787e-12,2310.1901741181027,1,0.9445393111781908,-0.011020003755989253
0.3651741272548377,1.738419634264361,11547.819846894581,2.5388365341061254e-15,nan,nan,1486.5362435157153,1.0065613195413787e-12,2310.1901741181027,1,0.9445393111781908,-0.011020003755989253
0.3651741272548377,1.738419634264361,17782.794100389227,2.5388365341061254e-15,nan,nan,1486.5362435157153,1.0065613195413787e-12,2310.1901741181027,1,0.9445393111781908,-0.011020003755989253
0.3651741272548377,1.738419634264361,27384.196342643612,2.5388365341061254e-15,nan,nan,1486.5362435157153,1.0065613195413787e-12,2310.1901741181027,1,0.9445393111781908,-0.011020003755989253
0.3651741272548377,1.738419634264361,42169.65034285822,2.5388365341061254e-15,nan,nan,1486.5362435157153,1.0065613195413787e-12,2310.1901741181027,1,0.9445393111781908,-0.011020003755989253
0.3651741272548377,1.738419634264361,64938.16315762113,2.5388365341061254e-15,nan,nan,1486.5362435157153,1.0065613195413787e-12,2310.1901741181027,1,0.9445393111781908,-0.011020003755989253
0.3651741272548377,1.738419634264361,100000.0,2.5388365341061254e-15,nan,nan,1486.5362435157153,1.0065613195413787e-12,2310.1901741181027,1,0.9445393111781908,-0.011020003755989253
0.5108969774506935,0.9573417814876575,0.0001,-6.012413566269107e-16,nan,nan,154.72205343586458,-4.856213020183569e-14,457.39178489067467,1,0.8919575711349804,-0.03256840552004689
0.5108969774506935,0.9573417814876575,0.0001539926526059492,-6.012413566269107e-16,nan,nan,154.72205343586458,-4.856213020183569e-14,457.39178489067467,1,0.8919575711349804,-0.03256840552004689
0.5108969774506935,0.9573417814876575,0.00023713737056616554,-6.012413566269107e-16,nan,nan,154.72205343586458,-4.856213020183569e-14,457.39178489067467,1,0.8919575711349804,-0.03256840552004689
0.5108969774506935,0.9573417814876575,0.0003651741272548377,-6.012413566269107e-16,nan,nan,154.72205343586458,-4.856213020183569e-14,457.39178489067467,1,0.8919575711349804,-0.03256840552004689
0.5108969774506935,0.9573417814876575,0.0005623413251903491,-6.012413566269107e-16,nan,nan,154.72205343586458,-4.856213020183569e-14,457.39178489067467,1,0.8919575711349804,-0.03256840552004689
0.5108969774506935,0.9573417814876575,0.0008659643233600654,-6.012413566269107e-16,nan,nan,154.72205343586458,-4.856213020183569e-14,457.39178489067467,1,0.8919575711349804,-0.03256840552004689
0.5108969774506935,0.9573417814876575,0.001333521432163324,-6.012413566269107e-16,nan,nan,154.72205343586458,-4.856213020183569e-14,457.39178489067467,1,0.8919575711349804,-0.03256840552004689
0.5108969774506935,0.9573417814876575,0.002053525026457146,-6.012413566269107e-16,nan,nan,154.72205343586458,-4.856213020183569e-14,457.39178489067467,1,0.8919575711349804,-0.03256840552004689
0.5108969774506935,0.9573417814876575,0.0031622776601683794,-6.012413566269107e-16,nan,nan,154.72205343586458,-4.856213020183569e-14,457.39178489067467,1,0.8919575711349804,-0.03256840552004689
0.5108969774506935,0.9573417814876575,0.004869675251658631,-6.012413566269107e-16,nan,nan,154.72205343586458,-4.856213020183569e-14,457.39178489067467,1,0.8919575711349804,-0.03256840552004689
0.5108969774506935,0.9573417814876575,0.007498942093324558,-6.012413566269107e-16,nan,nan,154.72205343586458,-4.856213020183569e-14,457.39178489067467,1,0.8919575711349804,-0.03256840552004689
0.5108969774506935,0.9573417814876575,0.011547819846894581,-6.012413566269107e-16,nan,nan,154.72205343586458,-4.856213020183569e-14,457.39178489067467,1,0.8919575711349804,-0.03256840552004689
0.5108969774506935,0.9573417814876575,0.01778279410038923,-6.012413566269107e-16,nan,nan,154.72205343586458,-4.856213020183569e-14,457.39178489067467,1,0.8919575711349804,-0.03256840552004689
0.5108969774506935,0.9573417814876575,0.027384196342643614,-6.012413566269107e-16,nan,nan,154.72205343586458,-4.856213020183569e-14,457.39178489067467,1,0.8919575711349804,-0.03256840552004689
0.5108969774506935,0.9573417814876575,0.042169650342858224,-6.012413566269107e-16,nan,nan,154.72205343586458,-4.856213020183569e-14,457.39178489067467,1,0.8919575711349804,-0.03256840552004689
0.5108969774506935,0.9573417814876575,0.06493816315762113,-6.012413566269107e-16,nan,nan,154.72205343586458,-4.856213020183569e-14,457.39178489067467,1,0.8919575711349804,-0.03256840552004689
0.5108969774506935,0.9573417814876575,0.1,-6.012413566269107e-16,nan,nan,154.72205343586458,-4.856213020183569e-14,457.39178489067467,1,0.8919575711349804,-0.03256840552004689
0.5108969774506935,0.9573417814876575,0.1539926526059492,-6.012413566269107e-16,nan,nan,154.72205343586458,-4.856213020183569e-14,457.39178489067467,1,0.8919575711349804,-0.03256840552004689
0.5108969774506935,0.9573417814876575,0.23713737056616552,-6.012413566269107e-16,nan,nan,154.72205343586458,-4.856213020183569e-14,457.39178489067467,1,0.8919575711349804,-0.03256840552004689
0.5108969774506935,0.9573417814876575,0.3651741272548377,-6.012413566269107e-16,nan,nan,154.72205343586458,-4.856213020183569e-14,457.39178489067467,1,0.8919575711349804,-0.03256840552004689
0.5108969774506935,0.9573417814876575,0.5623413251903491,-6.012413566269107e-16,nan,nan,154.72205343586458,-4.856213020183569e-14,457.39178489067467,1,0.8919575711349804,-0.03256840552004689
0.5108969774506935,0.9573417814876575,0.8659643233600653,-6.012413566269107e-16,nan,nan,154.72205343586458,-4.856213020183569e-14,457.39178489067467,1,0.8919575711349804,-0.03256840552004689
0.5108969774506935,0.9573417814876575,1.333521432163324,-6.012413566269107e-16,nan,nan,154.72205343586458,-4.856213020183569e-14,457.39178489067467,1,0.8919575711349804,-0.03256840552004689
0.5108969774506935,0.9573417814876575,2.053525026457146,-6.012413566269107e-16,nan,nan,154.72205343586458,-4.856213020183569e-14,457.39178489067467,1,0.8919575711349804,-0.03256840552004689
0.5108969774506935,0.9573417814876575,3.1622776601683795,-6.012413566269107e-16,nan,nan,154.72205343586458,-4.856213020183569e-14,457.39178489067467,1,0.8919575711349804,-0.03256840552004689
0.5108969774506935,0.9573417814876575,4.869675251658631,-6.012413566269107e-16,nan,nan,154.72205343586458,-4.856213020183569e-14,457.39178489067467,1,0.8919575711349804,-0.03256840552004689
0.5108969774506935,0.9573417814876575,7.498942093324558,-6.012413566269107e-16,nan,nan,154.72205343586458,-4.856213020183569e-14,457.39178489067467,1,0.8919575711349804,-0.03256840552004689
0.5108969774506935,0.9573417814876575,11.547819846894582,-6.012413566269107e-16,nan,nan,154.72205343586458,-4.856213020183569e-14,457.39178489067467,1,0.8919575711349804,-0.03256840552004689
0.5108969774506935,0.9573417814876575,17.78279410038923,-6.012413566269107e-16,nan,nan,154.72205343586458,-4.856213020183569e-14,457.39178489067467,1,0.8919575711349804,-0.03256840552004689
0.5108969774506935,0.9573417814876575,27.384196342643612,-6.012413566269107e-16,nan,nan,154.72205343586458,-4.856213020183569e-14,457.39178489067467,1,0.8919575711349804,-0.03256840552004689
0.5108969774506935,0.9573417814876575,42.169650342858226,-6.012413566269107e-16,nan,nan,154.72205343586458,-4.856213020183569e-14,457.39178489067467,1,0.8919575711349804,-0.03256840552004689
0.5108969774506935,0.9573417814876575,64.93816315762113,-6.012413566269107e-16,nan,nan,154.72205343586458,-4.856213020183569e-14,457.39178489067467,1,0.8919575711349804,-0.03256840552004689
0.5108969774506935,0.9573417814876575,100.0,-6.012413566269107e-16,nan,nan,154.72205343586458,-4.856213020183569e-14,457.39178489067467,1,0.8919575711349804,-0.03256840552004689
0.5108969774506935,0.9573417814876575,153.9926526059492,-6.012413566269107e-16,nan,nan,154.72205343586458,-4.856213020183569e-14,457.39178489067467,1,0.8919575711349804,-0.03256840552004689
0.5108969774506935,0.9573417814876575,237.13737056616552,-6.012413566269107e-16,nan,nan,154.72205343586458,-4.856213020183569e-14,457.39178489067467,1,0.8919575711349804,-0.03256840552004689
0.5108969774506935,0.9573417814876575,365.1741272548377,-6.012413566269107e-16,nan,nan,154.72205343586458,-4.856213020183569e-14,457.39178489067467,1,0.8919575711349804,-0.03256840552004689
0.5108969774506935,0.9573417814876575,562.341325190349,-6.012413566269107e-16,nan,nan,154.72205343586458,-4.856213020183569e-14,457.39178489067467,1,0.8919575711349804,-0.03256840552004689
0.5108969774506935,0.9573417814876575,865.9643233600654,-6.012413566269107e-16,nan,nan,154.72205343586458,-4.856213020183569e-14,457.39178489067467,1,0.8919575711349804,-0.03256840552004689
0.5108969774506935,0.9573417814876575,1333.521432163324,-6.012413566269107e-16,nan,nan,154.72205343586458,-4.856213020183569e-14,457.39178489067467,1,0.8919575711349804,-0.03256840552004689
0.5108969774506935,0.9573417814876575,2053.525026457146,-6.012413566269107e-16,nan,nan,154.72205343586458,-4.856213020183569e-14,457.39178489067467,1,0.8919575711349804,-0.03256840552004689
0.5108969774506935,0.9573417814876575,3162.2776601683795,-6.012413566269107e-16,nan,nan,154.72205343586458,-4.856213020183569e-14,457.39178489067467,1,0.8919575711349804,-0.03256840552004689
0.5108969774506935,0.9573417814876575,4869.675251658631,-6.012413566269107e-16,nan,nan,154.72205343586458,-4.856213020183569e-14,457.39178489067467,1,0.8919575711349804,-0.03256840552004689
0.5108969774506935,0.9573417814876575,7498.942093324558,-6.012413566269107e-16,nan,nan,154.72205343586458,-4.856213020183569e-14,457.39178489067467,1,0.8919575711349804,-0.03256840552004689
0.5108969774506935,0.9573417814876575,11547.819846894581,-6.012413566269107e-16,nan,nan,154.72205343586458,-4.856213020183569e-14,457.39178489067467,1,0.8919575711349804,-0.03256840552004689
0.5108969774506935,0.9573417814876575,17782.794100389227,-6.012413566269107e-16,nan,nan,154.72205343586458,-4.856213020183569e-14,457.39178489067467,1,0.8919575711349804,-0.03256840552004689
0.5108969774506935,0.9573417814876575,27384.196342643612,-6.012413566269107e-16,nan,nan,154.72205343586458,-4.856213020183569e-14,457.39178489067467,1,0.8919575711349804,-0.03256840552004689
0.5108969774506935,0.9573417814876575,42169.65034285822,-6.012413566269107e-16,nan,nan,154.72205343586458,-4.856213020183569e-14,457.39178489067467,1,0.8919575711349804,-0.03256840552004689
0.5108969774506935,0.9573417814876575,64938.16315762113,-6.012413566269107e-16,nan,nan,154.72205343586458,-4.856213020183569e-14,457.39178489067467,1,0.8919575711349804,-0.03256840552004689
0.5108969774506935,0.9573417814876575,100000.0,-6.012413566269107e-16,nan,nan,154.72205343586458,-4.856213020183569e-14,457.39178489067467,1,0.8919575711349804,-0.03256840552004689
0.7147705767941861,0.39905031413729275,0.0001,3.0921176875989155e-16,nan,nan,17.920462076214047,5.6619828258804745e-15,99.2524266130538,1,0.8142198256451465,-0.07858319212156008
0.7147705767941861,0.39905031413729275,0.0001539926526059492,3.0921176875989155e-16,nan,nan,17.920462076214047,5.6619828258804745e-15,99.2524266130538,1,0.8142198256451465,-0.07858319212156008
0.7147705767941861,0.39905031413729275,0.00023713737056616554,3.0921176875989155e-16,nan,nan,17.920462076214047,5.6619828258804745e-15,99.2524266130538,1,0.8142198256451465,-0.07858319212156008
0.7147705767941861,0.39905031413729275,0.0003651741272548377,3.0921176875989155e-16,nan,nan,17.920462076214047,5.6619828258804745e-15,99.2524266130538,1,0.8142198256451465,-0.07858319212156008
0.7147705767941861,0.39905031413729275,0.0005623413251903491,3.0921176875989155e-16,nan,nan,17.920462076214047,5.6619828258804745e-15,99.2524266130538,1,0.8142198256451465,-0.07858319212156008
0.7147705767941861,0.39905031413729275,0.0008659643233600654,3.0921176875989155e-16,nan,nan,17.920462076214047,5.6619828258804745e-15,99.2524266130538,1,0.8142198256451465,-0.07858319212156008
0.7147705767941861,0.39905031413729275,0.001333521432163324,3.0921176875989155e-16,nan,nan,17.920462076214047,5.6619828258804745e-15,99.2524266130538,1,0.8142198256451465,-0.07858319212156008
0.7147705767941861,0.39905031413729275,0.002053525026457146,3.0921176875989155e-16,nan,nan,17.920462076214047,5.6619828258804745e-15,99.2524266130538,1,0.8142198256451465,-0.07858319212156008
0.7147705767941861,0.39905031413729275,0.0031622776601683794,3.0921176875989155e-16,nan,nan,17.920462076214047,5.6619828258804745e-15,99.2524266130538,1,0.8142198256451465,-0.07858319212156008
0.7147705767941861,0.39905031413729275,0.004869675251658631,3.0921176875989155e-16,nan,nan,17.920462076214047,5.6619828258804745e-15,99.2524266130538,1,0.8142198256451465,-0.07858319212156008
0.7147705767941861,0.39905031413729275,0.007498942093324558,3.0921176875989155e-16,nan,nan,17.920462076214047,5.6619828258804745e-15,99.2524266130538,1,0.8142198256451465,-0.07858319212156008
0.7147705767941861,0.39905031413729275,0.011547819846894581,3.0921176875989155e-16,nan,nan,17.920462076214047,5.6619828258804745e-15,99.2524266130538,1,0.8142198256451465,-0.07858319212156008
0.7147705767941861,0.39905031413729275,0.01778279410038923,3.0921176875989155e-16,nan,nan,17.920462076214047,5.6619828258804745e-15,99.2524266130538,1,0.8142198256451465,-0.07858319212156008
0.7147705767941861,0.39905031413729275,0.027384196342643614,3.0921176875989155e-16,nan,nan,17.920462076214047,5.6619828258804745e-15,99.2524266130538,1,0.8142198256451465,-0.07858319212156008
0.7147705767941861,0.39905031413729275,0.042169650342858224,3.0921176875989155e-16,nan,nan,17.920462076214047,5.6619828258804745e-15,99.2524266130538,1,0.8142198256451465,-0.07858319212156008
0.7147705767941861,0.39905031413729275,0.06493816315762113,3.0921176875989155e-16,nan,nan,17.920462076214047,5.6619828258804745e-15,99.2524266130538,1,0.8142198256451465,-0.07858319212156008
0.7147705767941861,0.39905031413729275,0.1,3.0921176875989155e-16,nan,nan,17.920462076214047,5.6619828258804745e-15,99.2524266130538,1,0.8142198256451465,-0.07858319212156008
0.7147705767941861,0.39905031413729275,0.1539926526059492,3.0921176875989155e-16,nan,nan,17.920462076214047,5.6619828258804745e-15,99.2524266130538,1,0.8142198256451465,-0.07858319212156008
0.7147705767941861,0.39905031413729275,0.23713737056616552,3.0921176875989155e-16,nan,nan,17.920462076214047,5.6619828258804745e-15,99.2524266130538,1,0.8142198256451465,-0.07858319212156008
0.7147705767941861,0.39905031413729275,0.3651741272548377,3.0921176875989155e-16,nan,nan,17.920462076214047,5.6619828258804745e-15,99.2524266130538,1,0.8142198256451465,-0.07858319212156008
0.7147705767941861,0.39905031413729275,0.5623413251903491,3.0921176875989155e-16,nan,nan,17.920462076214047,5.6619828258804745e-15,99.2524266130538,1,0.8142198256451465,-0.07858319212156008
0.7147705767941861,0.39905031413729275,0.8659643233600653,3.0921176875989155e-16,nan,nan,17.920462076214047,5.6619828258804745e-15,99.2524266130538,1,0.8142198256451465,-0.07858319212156008
0.7147705767941861,0.39905031413729275,1.333521432163324,3.0921176875989155e-16,nan,nan,17.920462076214047,5.6619828258804745e-15,99.2524266130538,1,0.8142198256451465,-0.07858319212156008
0.7147705767941861,0.39905031413729275,2.053525026457146,3.0921176875989155e-16,nan,nan,17.920462076214047,5.6619828258804745e-15,99.2524266130538,1,0.8142198256451465,-0.07858319212156008
0.7147705767941861,0.39905031413729275,3.1622776601683795,3.0921176875989155e-16,nan,nan,17.920462076214047,5.6619828258804745e-15,99.2524266130538,1,0.8142198256451465,-0.07858319212156008
0.7147705767941861,0.39905031413729275,4.869675251658631,3.0921176875989155e-16,nan,nan,17.920462076214047,5.6619828258804745e-15,99.2524266130538,1,0.8142198256451465,-0.07858319212156008
0.7147705767941861,0.39905031413729275,7.498942093324558,3.0921176875989155e-16,nan,nan,17.920462076214047,5.6619828258804745e-15,99.2524266130538,1,0.8142198256451465,-0.07858319212156008
0.7147705767941861,0.39905031413729275,11.547819846894582,3.0921176875989155e-16,nan,nan,17.920462076214047,5.6619828258804745e-15,99.2524266130538,1,0.8142198256451465,-0.07858319212156008
0.7147705767941861,0.39905031413729275,17.78279410038923,3.0921176875989155e-16,nan,nan,17.920462076214047,5.6619828258804745e-15,99.2524266130538,1,0.8142198256451465,-0.07858319212156008
0.7147705767941861,0.39905031413729275,27.384196342643612,3.0921176875989155e-16,nan,nan,17.920462076214047,5.6619828258804745e-15,99.2524266130538,1,0.8142198256451465,-0.07858319212156008
0.7147705767941861,0.39905031413729275,42.169650342858226,3.0921176875989155e-16,nan,nan,17.920462076214047,5.6619828258804745e-15,99.2524266130538,1,0.8142198256451465,-0.07858319212156008
0.7147705767941861,0.39905031413729275,64.93816315762113,3.0921176875989155e-16,nan,nan,17.920462076214047,5.6619828258804745e-15,99.2524266130538,1,0.8142198256451465,-0.07858319212156008
0.7147705767941861,0.39905031413729275,100.0,3.0921176875989155e-16,nan,nan,17.920462076214047,5.6619828258804745e-15,99.2524266130538,1,0.8142198256451465,-0.07858319212156008
0.7147705767941861,0.39905031413729275,153.9926526059492,3.0921176875989155e-16,nan,nan,17.920462076214047,5.6619828258804745e-15,99.2524266130538,1,0.8142198256451465,-0.07858319212156008
0.7147705767941861,0.39905031413729275,237.13737056616552,3.0921176875989155e-16,nan,nan,17.920462076214047,5.6619828258804745e-15,99.2524266130538,1,0.8142198256451465,-0.07858319212156008
0.7147705767941861,0.39905031413729275,365.1741272548377,3.0921176875989155e-16,nan,nan,17.920462076214047,5.6619828258804745e-15,99.2524266130538,1,0.8142198256451465,-0.07858319212156008
0.7147705767941861,0.39905031413729275,562.341325190349,3.0921176875989155e-16,nan,nan,17.920462076214047,5.6619828258804745e-15,99.2524266130538,1,0.8142198256451465,-0.07858319212156008
0.7147705767941861,0.39905031413729275,865.9643233600654,3.0921176875989155e-16,nan,nan,17.920462076214047,5.6619828258804745e-15,99.2524266130538,1,0.8142198256451465,-0.07858319212156008
0.7147705767941861,0.39905031413729275,1333.521432163324,3.0921176875989155e-16,nan,nan,17.920462076214047,5.6619828258804745e-15,99.2524266130538,1,0.8142198256451465,-0.07858319212156008
0.7147705767941861,0.39905031413729275,2053.525026457146,3.0921176875989155e-16,nan,nan,17.920462076214047,5.6619828258804745e-15,99.2524266130538,1,0.8142198256451465,-0.07858319212156008
0.7147705767941861,0.39905031413729275,3162.2776601683795,3.0921176875989155e-16,nan,nan,17.920462076214047,5.6619828258804745e-15,99.2524266130538,1,0.8142198256451465,-0.07858319212156008
0.7147705767941861,0.39905031413729275,4869.675251658631,3.0921176875989155e-16,nan,nan,17.920462076214047,5.6619828258804745e-15,99.2524266130538,1,0.8142198256451465,-0.07858319212156008
0.7147705767941861,0.39905031413729275,7498.942093324558,3.0921176875989155e-16,nan,nan,17.920462076214047,5.6619828258804745e-15,99.2524266130538,1,0.8142198256451465,-0.07858319212156008
0.7147705767941861,0.39905031413729275,11547.819846894581,3.0921176875989155e-16,nan,nan,17.920462076214047,5.6619828258804745e-15,99.2524266130538,1,0.8142198256451465,-0.07858319212156008
0.7147705767941861,0.39905031413729275,17782.794100389227,3.0921176875989155e-16,nan,nan,17.920462076214047,5.6619828258804745e-15,99.2524266130538,1,0.8142198256451465,-0.07858319212156008
0.7147705767941861,0.39905031413729275,27384.196342643612,3.0921176875989155e-16,nan,nan,17.920462076214047,5.6619828258804745e-15,99.2524266130538,1,0.8142198256451465,-0.07858319212156008
0.7147705767941861,0.39905031413729275,42169.65034285822,3.0921176875989155e-16,nan,nan,17.920462076214047,5.6619828258804745e-15,99.2524266130538,1,0.8142198256451465,-0.07858319212156008
0.7147705767941861,0.39905031413729275,64938.16315762113,3.0921176875989155e-16,nan,nan,17.920462076214047,5.6619828258804745e-15,99.2524266130538,1,0.8142198256451465,-0.07858319212156008
0.7147705767941861,0.39905031413729275,100000.0,3.0921176875989155e-16,nan,nan,17.920462076214047,5.6619828258804745e-15,99.2524266130538,1,0.8142198256451465,-0.07858319212156008
1.0,0.0,0.0001,1.0327439887305674e-15,nan,nan,2.5140178486462976,5.192673641501634e-15,25.94520722588523,1,0.7308038461538549,-0.14357128205127453
1.0,0.0,0.0001539926526059492,1.0327439887305674e-15,nan,nan,2.5140178486462976,5.192673641501634e-15,25.94520722588523,1,0.7308038461538549,-0.14357128205127453
1.0,0.0,0.00023713737056616554,1.0327439887305674e-15,nan,nan,2.5140178486462976,5.192673641501634e-15,25.94520722588523,1,0.7308038461538549,-0.14357128205127453
1.0,0.0,0.0003651741272548377,1.0327439887305674e-15,nan,nan,2.5140178486462976,5.192673641501634e-15,25.94520722588523,1,0.7308038461538549,-0.14357128205127453
1.0,0.0,0.0005623413251903491,1.0327439887305674e-15,nan,nan,2.5140178486462976,5.192673641501634e-15,25.94520722588523,1,0.7308038461538549,-0.14357128205127453
1.0,0.0,0.0008659643233600654,1.0327439887305674e-15,nan,nan,2.5140178486462976,5.192673641501634e-15,25.94520722588523,1,0.7308038461538549,-0.14357128205127453
1.0,0.0,0.001333521432163324,1.0327439887305674e-15,nan,nan,2.5140178486462976,5.192673641501634e-15,25.94520722588523,1,0.7308038461538549,-0.14357128205127453
1.0,0.0,0.002053525026457146,1.0327439887305674e-15,nan,nan,2.5140178486462976,5.192673641501634e-15,25.94520722588523,1,0.7308038461538549,-0.14357128205127453
1.0,0.0,0.0031622776601683794,1.0327439887305674e-15,nan,nan,2.5140178486462976,5.192673641501634e-15,25.94520722588523,1,0.7308038461538549,-0.14357128205127453
1.0,0.0,0.004869675251658631,1.0327439887305674e-15,nan,nan,2.5140178486462976,5.192673641501634e-15,25.94520722588523,1,0.7308038461538549,-0.14357128205127453
1.0,0.0,0.007498942093324558,1.0327439887305674e-15,nan,nan,2.5140178486462976,5.192673641501634e-15,25.94520722588523,1,0.7308038461538549,-0.14357128205127453
1.0,0.0,0.011547819846894581,1.0327439887305674e-15,nan,nan,2.5140178486462976,5.192673641501634e-15,25.94520722588523,1,0.7308038461538549,-0.14357128205127453
1.0,0.0,0.01778279410038923,1.0327439887305674e-15,nan,nan,2.5140178486462976,5.192673641501634e-15,25.94520722588523,1,0.7308038461538549,-0.14357128205127453
1.0,0.0,0.027384196342643614,1.0327439887305674e-15,nan,nan,2.5140178486462976,5.192673641501634e-15,25.94520722588523,1,0.7308038461538549,-0.14357128205127453
1.0,0.0,0.042169650342858224,1.0327439887305674e-15,nan,nan,2.5140178486462976,5.192673641501634e-15,25.94520722588523,1,0.7308038461538549,-0.14357128205127453
1.0,0.0,0.06493816315762113,1.0327439887305674e-15,nan,nan,2.5140178486462976,5.192673641501634e-15,25.94520722588523,1,0.7308038461538549,-0.14357128205127453
1.0,0.0,0.1,1.0327439887305674e-15,nan,nan,2.5140178486462976,5.192673641501634e-15,25.94520722588523,1,0.7308038461538549,-0.14357128205127453
1.0,0.0,0.1539926526059492,1.0327439887305674e-15,nan,nan,2.5140178486462976,5.192673641501634e-15,25.94520722588523,1,0.7308038461538549,-0.14357128205127453
1.0,0.0,0.23713737056616552,1.0327439887305674e-15,nan,nan,2.5140178486462976,5.192673641501634e-15,25.94520722588523,1,0.7308038461538549,-0.14357128205127453
1.0,0.0,0.3651741272548377,1.0327439887305674e-15,nan,nan,2.5140178486462976,5.192673641501634e-15,25.94520722588523,1,0.7308038461538549,-0.14357128205127453
1.0,0.0,0.5623413251903491,1.0327439887305674e-15,nan,nan,2.5140178486462976,5.192673641501634e-15,25.94520722588523,1,0.7308038461538549,-0.14357128205127453
1.0,0.0,0.8659643233600653,1.0327439887305674e-15,nan,nan,2.5140178486462976,5.192673641501634e-15,25.94520722588523,1,0.7308038461538549,-0.14357128205127453
1.0,0.0,1.333521432163324,1.0327439887305674e-15,nan,nan,2.5140178486462976,5.192673641501634e-15,25.94520722588523,1,0.7308038461538549,-0.14357128205127453
1.0,0.0,2.053525026457146,1.0327439887305674e-15,nan,nan,2.5140178486462976,5.192673641501634e-15,25.94520722588523,1,0.7308038461538549,-0.14357128205127453
1.0,0.0,3.1622776601683795,1.0327439887305674e-15,nan,nan,2.5140178486462976,5.192673641501634e-15,25.94520722588523,1,0.7308038461538549,-0.14357128205127453
1.0,0.0,4.869675251658631,1.0327439887305674e-15,nan,nan,2.5140178486462976,5.192673641501634e-15,25.94520722588523,1,0.7308038461538549,-0.14357128205127453
1.0,0.0,7.498942093324558,1.0327439887305674e-15,nan,nan,2.5140178486462976,5.192673641501634e-15,25.94520722588523,1,0.7308038461538549,-0.14357128205127453
1.0,0.0,11.547819846894582,1.0327439887305674e-15,nan,nan,2.5140178486462976,5.192673641501634e-15,25.94520722588523,1,0.7308038461538549,-0.14357128205127453
1.0,0.0,17.78279410038923,1.0327439887305674e-15,nan,nan,2.5140178486462976,5.192673641501634e-15,25.94520722588523,1,0.7308038461538549,-0.14357128205127453
1.0,0.0,27.384196342643612,1.0327439887305674e-15,nan,nan,2.5140178486462976,5.192673641501634e-15,25.94520722588523,1,0.7308038461538549,-0.14357128205127453
1.0,0.0,42.169650342858226,1.0327439887305674e-15,nan,nan,2.5140178486462976,5.192673641501634e-15,25.94520722588523,1,0.7308038461538549,-0.14357128205127453
1.0,0.0,64.93816315762113,1.0327439887305674e-15,nan,nan,2.5140178486462976,5.192673641501634e-15,25.94520722588523,1,0.7308038461538549,-0.14357128205127453
1.0,0.0,100.0,1.0327439887305674e-15,nan,nan,2.5140178486462976,5.192673641501634e-15,25.94520722588523,1,0.7308038461538549,-0.14357128205127453
1.0,0.0,153.9926526059492,1.0327439887305674e-15,nan,nan,2.5140178486462976,5.192673641501634e-15,25.94520722588523,1,0.7308038461538549,-0.14357128205127453
1.0,0.0,237.13737056616552,1.0327439887305674e-15,nan,nan,2.5140178486462976,5.192673641501634e-15,25.94520722588523,1,0.7308038461538549,-0.14357128205127453
1.0,0.0,365.1741272548377,1.0327439887305674e-15,nan,nan,2.5140178486462976,5.192673641501634e-15,25.94520722588523,1,0.7308038461538549,-0.14357128205127453
1.0,0.0,562.341325190349,1.0327439887305674e-15,nan,nan,2.5140178486462976,5.192673641501634e-15,25.94520722588523,1,0.7308038461538549,-0.14357128205127453
1.0,0.0,865.9643233600654,1.0327439887305674e-15,nan,nan,2.5140178486462976,5.192673641501634e-15,25.94520722588523,1,0.7308038461538549,-0.14357128205127453
1.0,0.0,1333.521432163324,1.0327439887305674e-15,nan,nan,2.5140178486462976,5.192673641501634e-15,25.94520722588523,1,0.7308038461538549,-0.14357128205127453
1.0,0.0,2053.525026457146,1.0327439887305674e-15,nan,nan,2.5140178486462976,5.192673641501634e-15,25.94520722588523,1,0.7308038461538549,-0.14357128205127453
1.0,0.0,3162.2776601683795,1.0327439887305674e-15,nan,nan,2.5140178486462976,5.192673641501634e-15,25.94520722588523,1,0.7308038461538549,-0.14357128205127453
1.0,0.0,4869.675251658631,1.0327439887305674e-15,nan,nan,2.5140178486462976,5.192673641501634e-15,25.94520722588523,1,0.7308038461538549,-0.14357128205127453
1.0,0.0,7498.942093324558,1.0327439887305674e-15,nan,nan,2.5140178486462976,5.192673641501634e-15,25.94520722588523,1,0.7308038461538549,-0.14357128205127453
1.0,0.0,11547.819846894581,1.0327439887305674e-15,nan,nan,2.5140178486462976,5.192673641501634e-15,25.94520722588523,1,0.7308038461538549,-0.14357128205127453
1.0,0.0,17782.794100389227,1.0327439887305674e-15,nan,nan,2.5140178486462976,5.192673641501634e-15,25.94520722588523,1,0.7308038461538549,-0.14357128205127453
1.0,0.0,27384.196342643612,1.0327439887305674e-15,nan,nan,2.5140178486462976,5.192673641501634e-15,25.94520722588523,1,0.7308038461538549,-0.14357128205127453
1.0,0.0,42169.65034285822,1.0327439887305674e-15,nan,nan,2.5140178486462976,5.192673641501634e-15,25.94520722588523,1,0.7308038461538549,-0.14357128205127453
1.0,0.0,64938.16315762113,1.0327439887305674e-15,nan,nan,2.5140178486462976,5.192673641501634e-15,25.94520722588523,1,0.7308038461538549,-0.14357128205127453
1.0,0.0,100000.0,1.0327439887305674e-15,nan,nan,2.5140178486462976,5.192673641501634e-15,25.94520722588523,1,0.7308038461538549,-0.14357128205127453
