xi_completion,a,z,E,H_km_s_Mpc,Omega_m,Omega_r,Omega_R,Q_tensor,c_T,dL_GW_over_dL_EM,gamma_PPN,beta_PPN,alpha1_PPN,alpha2_PPN,Cassini_minus_2loglike
1.0,1e-08,99999999.0,96021906495945.16,6468035621566866.0,3.40309191286526e-05,0.9999659690808715,2.914858628465226e-23,2.0,1.0,0.9316924531362331,1.0,1.0,0.0,0.0,0.8336483931947068
1.0,1.0633265716371605e-08,94044484.17263523,84925372251875.47,5720573074886332.0,3.618590258388836e-05,0.9999638140974162,3.54772608172416e-23,2.0,1.0,0.9316924531362331,1.0,1.0,0.0,0.0,0.8336483931947068
1.0,1.1306633979496399e-08,88443650.9138599,75111186680587.4,5059489534804368.0,3.847734356416789e-05,0.999961522656436,4.3179998007213036e-23,2.0,1.0,0.9316924531362331,1.0,1.0,0.0,0.0,0.8336483931947068
1.0,1.202264434617413e-08,83176376.11026709,66431157430350.17,4474802764508387.5,4.091388212546151e-05,0.9999590861178747,5.255512879255727e-23,2.0,1.0,0.9316924531362331,1.0,1.0,0.0,0.0,0.8336483931947068
1.0,1.2783997194630231e-08,78222794.63860029,58754217754105.05,3957684107916516.0,4.350470529493167e-05,0.9999564952947051,6.396575611236924e-23,2.0,1.0,0.9316924531362331,1.0,1.0,0.0,0.0,0.8336483931947068
1.0,1.359356390878527e-08,73564224.44596407,51964447416129.94,3500325177950512.5,4.625958168601977e-05,0.9999537404183135,7.785381773368141e-23,2.0,1.0,0.9316924531362331,1.0,1.0,0.0,0.0,0.8336483931947068
1.0,1.4454397707459279e-08,69183096.09189363,45959322309549.47,3095819950771252.0,4.91888983026195e-05,0.9999508111016977,9.475720226189678e-23,2.0,1.0,0.9316924531362331,1.0,1.0,0.0,0.0,0.8336483931947068
1.0,1.5369745159352708e-08,65062886.48655574,40648166354072.44,2738060485610319.5,5.230369967057652e-05,0.9999476963003295,1.1533058120184014e-22,2.0,1.0,0.9316924531362331,1.0,1.0,0.0,0.0,0.8336483931947068
1.0,1.634305842723136e-08,61188056.57518226,35950782297756.64,2421644695576887.5,5.561572944345702e-05,0.9999443842705569,1.403707638463347e-22,2.0,1.0,0.9316924531362331,1.0,1.0,0.0,0.0,0.8336483931947068
1.0,1.7378008287493763e-08,57543992.73371567,31796240748029.78,2141794776787286.0,5.913747463877683e-05,0.999940862525361,1.7084755692138473e-22,2.0,1.0,0.9316924531362331,1.0,1.0,0.0,0.0,0.8336483931947068
1.0,1.8478497974222906e-08,54116951.654646374,28121809146447.85,1894285064104727.2,6.288221267070852e-05,0.999937117787329,2.0794132409375958e-22,2.0,1.0,0.9316924531362331,1.0,1.0,0.0,0.0,0.8336483931947068
1.0,1.964867789993466e-08,50894008.51518094,24872004514806.953,1675378224117396.2,6.686406135572526e-05,0.9999331359386439,2.530886999026623e-22,2.0,1.0,0.9316924531362331,1.0,1.0,0.0,0.0,0.8336483931947068
1.0,2.0892961308540408e-08,47863008.2322638,21997755669165.367,1481768821874979.0,7.109803207873003e-05,0.9999289019679211,3.08038228458585e-22,2.0,1.0,0.9316924531362331,1.0,1.0,0.0,0.0,0.8336483931947068
1.0,2.2216040919558116e-08,45012519.62061337,19455662251284.68,1310533409246536.0,7.560008631900283e-05,0.999924399913681,3.7491808158669755e-22,2.0,1.0,0.9316924531362331,1.0,1.0,0.0,0.0,0.8336483931947068
1.0,2.3622906626344603e-08,42331792.28088211,17207339388934.066,1159086381238598.8,8.038719574781867e-05,0.9999196128042522,4.563184788604906e-22,2.0,1.0,0.9316924531362331,1.0,1.0,0.0,0.0,0.8336483931947068
1.0,2.511886431509582e-08,39810716.05534969,15218838089492.32,1025140933708202.8,8.547740612287984e-05,0.9999145225938771,5.553920012853507e-22,2.0,1.0,0.9316924531362331,1.0,1.0,0.0,0.0,0.8336483931947068
1.0,2.6709555875589852e-08,37439782.89823811,13460132614845.55,906674532935996.2,9.088990521883268e-05,0.9999091100947815,6.7597568329428755e-22,2.0,1.0,0.9316924531362331,1.0,1.0,0.0,0.0,0.8336483931947068
1.0,2.8400980479142137e-08,35210051.01684521,11904667096990.629,801898375653288.8,9.664509504813946e-05,0.9999033549049519,8.227396110364391e-22,2.0,1.0,0.9316924531362331,1.0,1.0,0.0,0.0,0.8336483931947068
1.0,3.0199517204020194e-08,33113111.148259073,10528954548285.445,709230378372507.6,0.00010276466864250034,0.9998972353313572,1.0013677813234563e-21,2.0,1.0,0.9316924531362331,1.0,1.0,0.0,0.0,0.8336483931947068
1.0,3.211194909364824e-08,31141054.844467584,9312222211439.48,627271288162563.4,0.00010927169168193906,0.9998907283083179,1.21877822478671e-21,2.0,1.0,0.9316924531362331,1.0,1.0,0.0,0.0,0.8336483931947068
1.0,3.4145488738336004e-08,29286444.646252375,8236097894064.547,554783554144187.9,0.00011619068927663024,0.9998838093107235,1.483390917151032e-21,2.0,1.0,0.9316924531362331,1.0,1.0,0.0,0.0,0.8336483931947068
1.0,3.6307805477010175e-08,27542286.033381633,7284332551469.805,490672640667006.06,0.00012354773822560822,0.9998764522617742,1.8054538529061857e-21,2.0,1.0,0.9316924531362331,1.0,1.0,0.0,0.0,0.8336483931947068
1.0,3.8607054321538154e-08,25902001.045313224,6442554928728.885,433970499999177.7,0.00013137056509674876,0.9998686294349028,2.1974399076883056e-21,2.0,1.0,0.9316924531362331,1.0,1.0,0.0,0.0,0.8336483931947068
1.0,4.1051906712730784e-08,24359403.472920272,5698054557139.396,383820954968909.75,0.00013968865049390568,0.9998603113495061,2.6745298565482768e-21,2.0,1.0,0.9316924531362331,1.0,1.0,0.0,0.0,0.8336483931947068
1.0,4.3651583224016566e-08,22908675.52767775,5039589828344.533,339466770837287.75,0.00014853333989988662,0.9998514666601002,3.2552002510802597e-21,2.0,1.0,0.9316924531362331,1.0,1.0,0.0,0.0,0.8336483931947068
1.0,4.641588833612782e-08,21544345.900318824,4457218248055.744,300238221189034.94,0.00015793796150816847,0.9998420620384916,3.961938918235636e-21,2.0,1.0,0.9316924531362331,1.0,1.0,0.0,0.0,0.8336483931947068
1.0,4.935524741394806e-08,20261269.126211435,3942146306226.0977,265542975187389.94,0.00016793795148193293,0.9998320620485177,4.822115784698467e-21,2.0,1.0,0.9316924531362331,1.0,1.0,0.0,0.0,0.8336483931947068
1.0,5.248074602497723e-08,19054606.17963248,3486596696729.949,234857153491729.38,0.0001785709871062617,0.9998214290128936,5.8690427441946595e-21,2.0,1.0,0.9316924531362331,1.0,1.0,0.0,0.0,0.8336483931947068
1.0,5.580417174769969e-08,17919806.223753322,3083690881581.0176,207717417783297.34,0.00018987712832823614,0.9998101228716716,7.143263603790748e-21,2.0,1.0,0.9316924531362331,1.0,1.0,0.0,0.0,0.8336483931947068
1.0,5.9338058627532806e-08,16852589.44750751,2727345226421.465,183713974451749.88,0.00020189896821035686,0.9997981010317899,8.694124052358912e-21,2.0,1.0,0.9316924531362331,1.0,1.0,0.0,0.0,0.8336483931947068
1.0,6.30957344480193e-08,15848930.924611142,2412179138939.593,162484386798970.97,0.00021468179285522149,0.9997853182071449,1.0581682434647055e-20,2.0,1.0,0.9316924531362331,1.0,1.0,0.0,0.0,0.8336483931947068
1.0,6.709137099554119e-08,14905045.433861947,2133433823117.0854,143708102325166.88,0.00022827375139387396,0.999771726248606,1.2879035307291739e-20,2.0,1.0,0.9316924531362331,1.0,1.0,0.0,0.0,0.8336483931947068
1.0,7.134003750712564e-08,14017373.183467694,1886900422504.3394,127101612459892.3,0.00024272603666679988,0.9997572739633329,1.5675147809161964e-20,2.0,1.0,0.9316924531362331,1.0,1.0,0.0,0.0,0.8336483931947068
1.0,7.585775750291836e-08,13182566.385564074,1668856467495.8809,112414171650522.53,0.0002580930772652932,0.9997419069227342,1.9078298418888405e-20,2.0,1.0,0.9316924531362331,1.0,1.0,0.0,0.0,0.8336483931947068
1.0,8.066156921766127e-08,12397476.630289454,1476009666967.6538,99424011166941.16,0.0002744327416419645,0.999725567258358,2.322027145335729e-20,2.0,1.0,0.9316924531362331,1.0,1.0,0.0,0.0,0.8336483931947068
1.0,8.576958985908945e-08,11659143.011798311,1305448195536.7583,87934990451356.03,0.0002918065550426703,0.999708193444957,2.826145960239115e-20,2.0,1.0,0.9316924531362331,1.0,1.0,0.0,0.0,0.8336483931947068
1.0,9.120108393559096e-08,10964780.961431852,1154596725787.6567,77773635449056.56,0.00031027993005821415,0.9996897200699414,3.439707401641826e-20,2.0,1.0,0.9316924531362331,1.0,1.0,0.0,0.0,0.8336483931947068
1.0,9.697653591082487e-08,10311771.745930558,1021177541557.1033,68786519199286.48,0.0003299224116429578,0.999670077588357,4.1864702328138163e-20,2.0,1.0,0.9316924531362331,1.0,1.0,0.0,0.0,0.8336483931947068
1.0,1.031177274593056e-07,9697652.591082485,903176145093.6604,60837945133508.96,0.00035080793749911747,0.9996491920625011,5.09535071539958e-20,2.0,1.0,0.9316924531362331,1.0,1.0,0.0,0.0,0.8336483931947068
1.0,1.0964781961431852e-07,9120107.393559096,798810838764.5315,53807898099178.84,0.00037301511478019146,0.9996269848852195,6.201542110426298e-20,2.0,1.0,0.9316924531362331,1.0,1.0,0.0,0.0,0.8336483931947068
1.0,1.1659144011798311e-07,8576957.985908946,706505821997.7039,47590232169765.33,0.00039662751412478824,0.9996033724858754,7.547877158677925e-20,2.0,1.0,0.9316924531362331,1.0,1.0,0.0,0.0,0.8336483931947068
1.0,1.2397477630289454e-07,8066155.9217661265,624867397227.1462,42091067877220.57,0.00042173398209325956,0.9995782660179068,9.186486270637927e-20,2.0,1.0,0.9316924531362331,1.0,1.0,0.0,0.0,0.8336483931947068
1.0,1.3182567385564074e-07,7585774.7502918355,552662925554.2761,37227374665336.04,0.00044842897314422293,0.9995515710268554,1.1180815597498873e-19,2.0,1.0,0.9316924531362331,1.0,1.0,0.0,0.0,0.8336483931947068
1.0,1.4017374183467694e-07,7134002.750712564,488802214359.3512,32925717159245.895,0.00047681290235637095,0.9995231870976435,1.3608083077965902e-19,2.0,1.0,0.9316924531362331,1.0,1.0,0.0,0.0,0.8336483931947068
1.0,1.4905046433861975e-07,6709136.099554106,432321055818.6511,29121146319944.34,0.0005069925201731235,0.9994930074798264,1.656226749897283e-19,2.0,1.0,0.9316924531362331,1.0,1.0,0.0,0.0,0.8336483931947068
1.0,1.584893192461114e-07,6309572.44480193,382366667761.6542,25756218740425.023,0.0005390813105239061,0.9994609186894762,2.015774622689065e-19,2.0,1.0,0.9316924531362331,1.0,1.0,0.0,0.0,0.8336483931947068
1.0,1.685259044750751e-07,5933804.86275328,338184817027.5458,22780129274975.484,0.0005731999137562481,0.9994268000862433,2.453372235618351e-19,2.0,1.0,0.9316924531362331,1.0,1.0,0.0,0.0,0.8336483931947068
1.0,1.791980722375336e-07,5580416.174769958,299108430885.9529,20147943904477.785,0.0006094765758977135,0.9993905234241023,2.98596125542971e-19,2.0,1.0,0.9316924531362331,1.0,1.0,0.0,0.0,0.8336483931947068
1.0,1.9054607179632483e-07,5248073.602497723,264547524556.33966,17819921254115.04,0.0006480476258560959,0.999351952374144,3.634160403449315e-19,2.0,1.0,0.9316924531362331,1.0,1.0,0.0,0.0,0.8336483931947068
1.0,2.0261270126211434e-07,4935523.741394807,233980292733.41968,15760912518523.148,0.0006890579822605473,0.9993109420177396,4.423063429759882e-19,2.0,1.0,0.9316924531362331,1.0,1.0,0.0,0.0,0.8336483931947068
1.0,2.1544346900318867e-07,4641587.833612773,206945230602.31305,13939830733371.807,0.000732661691745437,0.9992673383082546,5.383210229537027e-19,2.0,1.0,0.9316924531362331,1.0,1.0,0.0,0.0,0.8336483931947068
1.0,2.2908676527677748e-07,4365157.322401657,183034165372.28943,12329181379477.416,0.0007790225005831278,0.999220977499417,6.551768660678773e-19,2.0,1.0,0.9316924531362331,1.0,1.0,0.0,0.0,0.8336483931947068
1.0,2.435940447292027e-07,4105189.671273079,161886093106.65283,10904647231664.135,0.0008283144616815526,0.9991716855383181,7.973972766858752e-19,2.0,1.0,0.9316924531362331,1.0,1.0,0.0,0.0,0.8336483931947068
1.0,2.5902002045313226e-07,3860704.432153815,143181727786.20026,9644721183678.45,0.0008807225790776506,0.999119277420922,9.704873020683051e-19,2.0,1.0,0.9316924531362331,1.0,1.0,0.0,0.0,0.8336483931947068
1.0,2.754228703338169e-07,3630779.54770101,126638680298.27866,8530381504892.05,0.0009364434921786857,0.9990635565078212,1.1811466260222002e-18,2.0,1.0,0.9316924531362331,1.0,1.0,0.0,0.0,0.8336483931947068
1.0,2.928644564625237e-07,3414547.873833601,112007194555.26697,7544804625242.783,0.0009956862021301889,0.9990043137978698,1.437528766410238e-18,2.0,1.0,0.9316924531362331,1.0,1.0,0.0,0.0,0.8336483931947068
1.0,3.1141055844467585e-07,3211193.9093648237,99066376358.86105,6673111111532.881,0.0010586728428220585,0.9989413271571778,1.7495564961572324e-18,2.0,1.0,0.9316924531362331,1.0,1.0,0.0,0.0,0.8336483931947068
1.0,3.311311214825908e-07,3019950.720402019,87620858066.94116,5902140999389.156,0.0011256394991831402,0.9988743605008168,2.129305679294019e-18,2.0,1.0,0.9316924531362331,1.0,1.0,0.0,0.0,0.8336483931947068
1.0,3.521005201684521e-07,2840097.0479142135,77497848700.32843,5220255088454.123,0.0011968370755597187,0.9988031629244404,2.5914723559942853e-18,2.0,1.0,0.9316924531362331,1.0,1.0,0.0,0.0,0.8336483931947068
1.0,3.743978389823811e-07,2670954.587558985,68544524946.8282,4617159200418.348,0.0012725322171246213,0.9987274677828755,3.153941125342195e-18,2.0,1.0,0.9316924531362331,1.0,1.0,0.0,0.0,0.8336483931947068
1.0,3.981071705534969e-07,2511885.4315095823,60625723667.43501,4083748746238.4224,0.0013530082874212864,0.9986469917125785,3.838476785594233e-18,2.0,1.0,0.9316924531362331,1.0,1.0,0.0,0.0,0.8336483931947068
1.0,4.233179328088211e-07,2362289.6626344607,53621901062.21463,3611971255550.7773,0.0014385664053109268,0.9985614335946889,4.6715659496205495e-18,2.0,1.0,0.9316924531362331,1.0,1.0,0.0,0.0,0.8336483931947068
1.0,4.501252062061336e-07,2221603.0919558117,47427327679.87857,3194704792516.6206,0.0015295265447610505,0.9984704734552388,5.6854411412452075e-18,2.0,1.0,0.9316924531362331,1.0,1.0,0.0,0.0,0.8336483931947068
1.0,4.78630092322638e-07,2089295.130854041,41948492016.262695,2825650422215.455,0.001626228701089715,0.9983737712989105,6.919326919149265e-18,2.0,1.0,0.9316924531362331,1.0,1.0,0.0,0.0,0.8336483931947068
1.0,5.089400951518094e-07,1964866.789993466,37102688596.57739,2499237103865.453,0.0017290341274617807,0.9982709658725376,8.420956139776073e-18,2.0,1.0,0.9316924531362331,1.0,1.0,0.0,0.0,0.8336483931947068
1.0,5.411695265464637e-07,1847848.7974222908,32816769221.95598,2210537574790.9546,0.001838326645621015,0.998161673354379,1.0248414888705962e-17,2.0,1.0,0.9316924531362331,1.0,1.0,0.0,0.0,0.8336483931947068
1.0,5.754399373371567e-07,1737799.8287493763,29026038524.57543,1955193955015.4011,0.001954514035034558,0.9980454859649653,1.2472387281768047e-17,2.0,1.0,0.9316924531362331,1.0,1.0,0.0,0.0,0.8336483931947068
1.0,6.118805757518225e-07,1634304.842723136,25673277154.65345,1729351949137.4563,0.002078029504823514,0.9979219704951766,1.5178886749668813e-17,2.0,1.0,0.9316924531362331,1.0,1.0,0.0,0.0,0.8336483931947068
1.0,6.506288748655573e-07,1536973.515935271,22707877849.833,1529602651964.751,0.002209333253054767,0.9977906667469449,1.84725791651068e-17,2.0,1.0,0.9316924531362331,1.0,1.0,0.0,0.0,0.8336483931947068
1.0,6.918309709189363e-07,1445438.770745928,20085081341.962692,1352931079194.607,0.0023489141181736633,0.997651085881826,2.24808259687905e-17,2.0,1.0,0.9316924531362331,1.0,1.0,0.0,0.0,0.8336483931947068
1.0,7.356422544596422e-07,1359355.390878524,17765300563.803185,1196670645977.7825,0.0024972913275637396,0.9975027086724358,2.735860317512458e-17,2.0,1.0,0.9316924531362331,1.0,1.0,0.0,0.0,0.8336483931947068
1.0,7.82227956386003e-07,1278398.7194630231,15713522951.491852,1058462906012.4911,0.002655016348427547,0.9973449836515724,3.329448585262091e-17,2.0,1.0,0.9316924531362331,1.0,1.0,0.0,0.0,0.8336483931947068
1.0,8.317637711026709e-07,1202263.4346174132,13898781817.82314,936221943248.5667,0.0028226748463898847,0.9971773251536103,4.0517928670205395e-17,2.0,1.0,0.9316924531362331,1.0,1.0,0.0,0.0,0.8336483931947068
1.0,8.844365191386008e-07,1130662.3979496376,12293688814.352879,828102878534.8099,0.0030008887574299297,0.9969991112425701,4.9308122948376415e-17,2.0,1.0,0.9316924531362331,1.0,1.0,0.0,0.0,0.8336483931947068
1.0,9.404448517263523e-07,1063325.5716371606,10874020422.75542,732474015676.8052,0.0031903184789499775,0.9968096815210499,6.000477126107477e-17,2.0,1.0,0.9316924531362331,1.0,1.0,0.0,0.0,0.8336483931947068
1.0,1e-06,999999.0,9618352231.687473,647892206326.4681,0.0033916651859833484,0.9966083348140168,7.302119431750599e-17,2.0,1.0,0.9316924531362331,1.0,1.0,0.0,0.0,0.8336483931947068
1.0,1.0633265716371627e-06,940443.8517263504,8507735476.959099,573081061727.9648,0.0036056732787295145,0.9963943267212706,8.886027442807264e-17,2.0,1.0,0.9316924531362331,1.0,1.0,0.0,0.0,0.8336483931947068
1.0,1.13066339794964e-06,884435.5191385989,7525410960.97191,506911682331.0679,0.003833132967778083,0.9961668670322218,1.0813384874430967e-16,2.0,1.0,0.9316924531362331,1.0,1.0,0.0,0.0,0.8336483931947068
1.0,1.2022644346174132e-06,831762.7711026708,6656556031.798231,448385614301.92883,0.00407488300354084,0.995925116996459,1.315862978118352e-16,2.0,1.0,0.9316924531362331,1.0,1.0,0.0,0.0,0.8336483931947068
1.0,1.2783997194630257e-06,782226.9563860013,5888060801.463751,396619775586.59827,0.004331813556548323,0.9956681864434515,1.601232358303027e-16,2.0,1.0,0.9316924531362331,1.0,1.0,0.0,0.0,0.8336483931947068
1.0,1.3593563908785242e-06,735641.2544596421,5208330224.49534,350833123922.0061,0.004604869255380171,0.9953951307446194,1.948464044974391e-16,2.0,1.0,0.9316924531362331,1.0,1.0,0.0,0.0,0.8336483931947068
1.0,1.445439770745928e-06,691829.9709189363,4607109048.274889,310334865491.7965,0.004895052389080851,0.9951049476109189,2.370961098574702e-16,2.0,1.0,0.9316924531362331,1.0,1.0,0.0,0.0,0.8336483931947068
1.0,1.5369745159352741e-06,650627.874865556,4075326992.0953484,274514026187.54266,0.005203426280957401,0.9947965737190425,2.885028301980093e-16,2.0,1.0,0.9316924531362331,1.0,1.0,0.0,0.0,0.8336483931947068
1.0,1.634305842723136e-06,611879.5757518226,3604961817.257182,242830228010.4438,0.005531118840658491,0.9944688811593408,3.510499736907446e-16,2.0,1.0,0.9316924531362331,1.0,1.0,0.0,0.0,0.8336483931947068
1.0,1.7378008287493763e-06,575438.9373371566,3188918220.6909,214805531345.739,0.005879326301383608,0.9941206736986162,4.2715019043140063e-16,2.0,1.0,0.9316924531362331,1.0,1.0,0.0,0.0,0.8336483931947068
1.0,1.8478497974222906e-06,541168.5265464637,2820920723.5181313,190017219936.1813,0.006249317148960095,0.9937506828510394,5.197381609151955e-16,1.9999999999999998,1.0,0.9316924531362332,1.0,1.0,0.0,0.0,0.8336483931947068
1.0,1.964867789993466e-06,508939.0951518094,2495418937.278694,168091419615.09283,0.0066424362493446845,0.9933575637506548,6.323834113260202e-16,1.9999999999999998,1.0,0.9316924531362332,1.0,1.0,0.0,0.0,0.8336483931947068
1.0,2.0892961308540407e-06,478629.0923226381,2207503777.448141,148697454448.90677,0.007060109180840147,0.9929398908191593,7.694274690139368e-16,1.9999999999999996,1.0,0.9316924531362332,1.0,1.0,0.0,0.0,0.8336483931947068
1.0,2.2216040919558116e-06,450124.20620613365,1952833359.1667547,131542855073.4726,0.007503846776958078,0.9924961532230409,9.361505979100997e-16,1.9999999999999996,1.0,0.9316924531362332,1.0,1.0,0.0,0.0,0.8336483931947068
1.0,2.3622906626344603e-06,423316.93280882115,1727567456.296474,116368943856.1305,0.00797524988538809,0.992024750114611,1.1389744781917516e-15,1.9999999999999996,1.0,0.9316924531362332,1.0,1.0,0.0,0.0,0.8336483931947068
1.0,2.5118864315095823e-06,398106.1705534969,1528309534.222911,102946930225.25528,0.0084760143479365,0.9915239856520618,1.3857085594414873e-15,1.9999999999999996,1.0,0.9316924531362332,1.0,1.0,0.0,0.0,0.8336483931947068
1.0,2.6709555875589853e-06,374396.8389823811,1352055481.1775055,91074457212.11678,0.009007936205557152,0.990992063794441,1.685849472936585e-15,1.9999999999999993,1.0,0.9316924531362333,1.0,1.0,0.0,0.0,0.8336483931947068
1.0,2.8400980479142136e-06,352099.5201684521,1196148263.997579,80572547062.87692,0.009572917131691974,0.9904270828683057,2.0509448984250665e-15,1.9999999999999991,1.0,0.9316924531362333,1.0,1.0,0.0,0.0,0.8336483931947068
1.0,3.0199517204020193e-06,331130.12148259074,1058237823.6965082,71282899804.1968,0.010172970096047996,0.9898270299039496,2.4950357186920812e-15,1.9999999999999991,1.0,0.9316924531362333,1.0,1.0,0.0,0.0,0.8336483931947068
1.0,3.2111949093648238e-06,311409.5584446758,936245605.3327994,63065503975.21737,0.010810225259637119,0.9891897747403599,3.035193252031815e-15,1.9999999999999987,1.0,0.9316924531362334,1.0,1.0,0.0,0.0,0.8336483931947068
1.0,3.414548873833601e-06,292863.4564625237,828333186.6407032,55796523452.11777,0.011486936100368321,0.9885130638996281,3.692171938064168e-15,1.9999999999999987,1.0,0.9316924531362334,1.0,1.0,0.0,0.0,0.8336483931947068
1.0,3.6307805477010175e-06,275421.87033381633,732874531.7725825,49366428460.20116,0.012205485766679373,0.9877945142333159,4.491202198767162e-15,1.9999999999999982,1.0,0.9316924531362335,1.0,1.0,0.0,0.0,0.8336483931947068
1.0,3.860705432153815e-06,259019.02045313228,648431451.2387052,43678342555.43918,0.012968393654597456,0.9870316063453973,5.462953464420007e-15,1.9999999999999978,1.0,0.9316924531362336,1.0,1.0,0.0,0.0,0.8336483931947068
1.0,4.105190671273079e-06,243593.0447292027,573731897.540401,38646580618.32141,0.013778322201189398,0.9862216777988039,6.644703737036812e-15,1.9999999999999973,1.0,0.9316924531362337,1.0,1.0,0.0,0.0,0.8336483931947068
1.0,4.365158322401665e-06,229085.76527677703,507650768.808413,34195355786.9347,0.014638083884566735,0.985361916115425,8.081759795724482e-15,1.999999999999997,1.0,0.9316924531362338,1.0,1.0,0.0,0.0,0.8336483931947068
1.0,4.641588833612782e-06,215442.46900318822,449192930.62612116,30257635806.97552,0.015550648417410273,0.9844493515825801,9.82918151159499e-15,1.9999999999999962,1.0,0.931692453136234,1.0,1.0,0.0,0.0,0.8336483931947068
1.0,4.935524741394807e-06,202611.70126211434,397478199.7091806,26774131532.410404,0.016519150117331304,0.9834808498826563,1.1953875075111458e-14,1.9999999999999956,1.0,0.9316924531362341,1.0,1.0,0.0,0.0,0.8336483931947068
1.0,5.248074602497734e-06,190545.07179632442,351728062.7346065,23692402305.803093,0.01754689543324758,0.982453104566738,1.453713365693194e-14,1.9999999999999944,1.0,0.9316924531362344,1.0,1.0,0.0,0.0,0.8336483931947068
1.0,5.58041717476997e-06,179197.0722375332,311253929.81062603,20966064712.04377,0.01863737060227787,0.9813626293977044,1.7677720619674163e-14,1.9999999999999933,1.0,0.9316924531362346,1.0,1.0,0.0,0.0,0.8336483931947068
1.0,5.933805862753281e-06,168524.9044750751,275446745.2494296,18554092760.001575,0.019794249406401794,0.9802057505935766,2.1495610469112594e-14,1.9999999999999918,1.0,0.931692453136235,1.0,1.0,0.0,0.0,0.8336483931947068
1.0,6.309573444801943e-06,158488.3192461111,243767798.7981512,16420198927.043465,0.0210214009922407,0.9789785990077332,2.6136526997286612e-14,1.9999999999999898,1.0,0.9316924531362355,1.0,1.0,0.0,0.0,0.8336483931947068
1.0,6.709137099554105e-06,149049.46433861976,215740598.60828233,14532286722.253897,0.02232289771074763,0.9776771022892206,3.177744739083347e-14,1.9999999999999878,1.0,0.9316924531362359,1.0,1.0,0.0,0.0,0.8336483931947068
1.0,7.134003750712565e-06,140172.74183467694,190943683.25411522,12861966503.997202,0.02370302292629869,0.9762969770736624,3.8633276494251415e-14,1.9999999999999851,1.0,0.9316924531362365,1.0,1.0,0.0,0.0,0.8336483931947068
1.0,7.585775750291852e-06,131824.67385564046,169004264.28875124,11384127242.490284,0.02516627873660595,0.9748337212633467,4.696493817755948e-14,1.9999999999999818,1.0,0.9316924531362373,1.0,1.0,0.0,0.0,0.8336483931947068
1.0,8.066156921766128e-06,123973.77630289453,149592603.36560136,10076557762.706907,0.026717393535991542,0.9732826064639513,5.708918235891428e-14,1.999999999999978,1.0,0.9316924531362382,1.0,1.0,0.0,0.0,0.8336483931947068
1.0,8.576958985908945e-06,116590.44011798312,132417039.0437716,8919611749.988455,0.028361329344823206,0.9716386706551073,6.939046847180787e-14,1.9999999999999734,1.0,0.9316924531362393,1.0,1.0,0.0,0.0,0.8336483931947068
1.0,9.120108393559115e-06,109646.81961431829,117219588.20449042,7895911461.454474,0.030103288817292448,0.9698967111826229,8.433536119674367e-14,1.9999999999999676,1.0,0.9316924531362406,1.0,1.0,0.0,0.0,0.8336483931947068
1.0,9.697653591082486e-06,103116.72745930559,103772055.680976,6990085670.670544,0.03194872182819989,0.9680512781716974,1.0248996467696515e-13,1.9999999999999605,1.0,0.9316924531362424,1.0,1.0,0.0,0.0,0.8336483931947068
1.0,1.031177274593056e-05,96975.53591082487,91872593.3769272,6188537889.869816,0.033903331526981766,0.9660966684728937,1.2454103029094619e-13,1.999999999999952,1.0,0.9316924531362443,1.0,1.0,0.0,0.0,0.8336483931947068
1.0,1.0964781961431852e-05,91200.08393559096,81342656.93489751,5479241371.134696,0.03597307973388619,0.9640269202659626,1.5132150404666723e-13,1.9999999999999418,1.0,0.9316924531362466,1.0,1.0,0.0,0.0,0.8336483931947068
1.0,1.165914401179831e-05,85768.58985908946,72024314.01766852,4851557792.230151,0.03816419153901985,0.9618358084607964,1.8384143719432665e-13,1.9999999999999294,1.0,0.9316924531362495,1.0,1.0,0.0,0.0,0.8336483931947068
1.0,1.2397477630289454e-05,80660.56921766126,63777863.57407735,4296076890.349851,0.0404831589499793,0.9595168410497973,2.2332537297216102e-13,1.999999999999914,1.0,0.9316924531362532,1.0,1.0,0.0,0.0,0.8336483931947068
1.0,1.3182567385564074e-05,75856.75750291836,56479730.15560572,3804474623.281601,0.04293674341805951,0.9570632565816689,2.7125754975507593e-13,1.9999999999998956,1.0,0.9316924531362574,1.0,1.0,0.0,0.0,0.8336483931947068
1.0,1.4017374183467693e-05,71339.03750712564,50020601.50238089,3369387717.200377,0.04553197705670855,0.9544680229429624,3.294365337043799e-13,1.9999999999998734,1.0,0.9316924531362626,1.0,1.0,0.0,0.0,0.8336483931947068
1.0,1.4905046433861976e-05,67090.37099554106,44303781.28974332,2984302707.6771097,0.04827616234913813,0.9517238376504619,4.000412211561152e-13,1.9999999999998461,1.0,0.9316924531362689,1.0,1.0,0.0,0.0,0.8336483931947068
1.0,1.584893192461114e-05,63094.7344480193,39243732.174631566,2643457799.283182,0.05117687012502872,0.9488231298744856,4.857105429232644e-13,1.999999999999813,1.0,0.9316924531362767,1.0,1.0,0.0,0.0,0.8336483931947068
1.0,1.685259044750751e-05,59337.0586275328,34764787.15379679,2341756062.679752,0.05424193556934907,0.9457580644300614,5.8963967185377e-13,1.999999999999773,1.0,0.9316924531362859,1.0,1.0,0.0,0.0,0.8336483931947068
1.0,1.7919807223753358e-05,55803.17174769958,30800009.786648966,2074688659.2286744,0.05747945200978317,0.9425205479895011,7.156960960942408e-13,1.9999999999997247,1.0,0.9316924531362972,1.0,1.0,0.0,0.0,0.8336483931947068
1.0,1.9054607179632484e-05,52479.74602497723,27290186.08270903,1838266934.5312803,0.060897762213532824,0.9391022377855985,8.68559590947369e-13,1.999999999999666,1.0,0.9316924531363109,1.0,1.0,0.0,0.0,0.8336483931947068
1.0,2.0261270126211433e-05,49354.24741394806,24182932.841141142,1628962356.1792674,0.06450544690982475,0.9354945530891217,1.0538909225010264e-12,1.9999999999995945,1.0,0.9316924531363275,1.0,1.0,0.0,0.0,0.8336483931947068
1.0,2.1544346900318867e-05,46414.888336127726,21431908.987669177,1443653389.4093957,0.06831131024186213,0.9316886897568589,1.2785350705313687e-12,1.9999999999995084,1.0,0.9316924531363476,1.0,1.0,0.0,0.0,0.8336483931947068
1.0,2.290867652767775e-05,43650.58322401656,18996118.008876257,1279578509.0779047,0.07232436184189217,0.9276756381565573,1.5507658949942777e-12,1.9999999999994036,1.0,0.9316924531363721,1.0,1.0,0.0,0.0,0.8336483931947068
1.0,2.435940447292027e-05,41050.906712730786,16839290.95892871,1134294638.993438,0.07655379521625089,0.9234462047818686,1.880580523143526e-12,1.9999999999992766,1.0,0.9316924531364016,1.0,1.0,0.0,0.0,0.8336483931947068
1.0,2.590200204531328e-05,38606.05432153807,14929340.729914863,1005640391.5670651,0.08100896212454213,0.9189910378731776,2.280053342152221e-12,1.999999999999123,1.0,0.9316924531364374,1.0,1.0,0.0,0.0,0.8336483931947068
1.0,2.754228703338169e-05,36306.8054770101,13237879.352600649,891703553.1911798,0.08569934263943907,0.9143006573577972,2.7637613909717904e-12,1.9999999999989369,1.0,0.9316924531364807,1.0,1.0,0.0,0.0,0.8336483931947068
1.0,2.9286445646252374e-05,34144.488738336004,11739791.045725174,790792324.8400477,0.09063451058197881,0.9093654894146721,3.3492952087063097e-12,1.9999999999987117,1.0,0.9316924531365331,1.0,1.0,0.0,0.0,0.8336483931947068
1.0,3.1141055844467646e-05,32110.949093648174,10412854.57335198,701409884.0609893,0.09582409404272182,0.90417590595322,4.057871877648126e-12,1.9999999999984392,1.0,0.9316924531365967,1.0,1.0,0.0,0.0,0.8336483931947068
1.0,3.3113112148259076e-05,30198.51720402019,9237409.213954378,622231884.6519669,0.10127773072291539,0.8987222692721697,4.915070170311254e-12,1.9999999999981095,1.0,0.9316924531366735,1.0,1.0,0.0,0.0,0.8336483931947068
1.0,3.521005201684521e-05,28399.980479142137,8196059.303086858,552086554.6559308,0.10700501786297502,0.8929949821310734,5.951711456244577e-12,1.9999999999977107,1.0,0.9316924531367663,1.0,1.0,0.0,0.0,0.8336483931947068
1.0,3.743978389823818e-05,26708.5558755898,7273412.893615786,489937092.51395935,0.11301545656931306,0.886984543423482,7.204914444778033e-12,1.9999999999972289,1.0,0.9316924531368785,1.0,1.0,0.0,0.0,0.8336483931947068
1.0,3.9810717055349695e-05,25117.86431509582,6455850.592333488,434866095.89958376,0.11931839040591301,0.8806816095853676,8.719357048626192e-12,1.9999999999966462,1.0,0.9316924531370142,1.0,1.0,0.0,0.0,0.8336483931947068
1.0,4.233179328088211e-05,23621.906626344604,5731321.087143935,386061788.4300155,0.12592293818500672,0.8740770618044447,1.0548784783052271e-11,1.9999999999959428,1.0,0.9316924531371781,1.0,1.0,0.0,0.0,0.8336483931947068
1.0,4.5012520620613456e-05,22215.040919558072,5089160.281751772,342805836.57879937,0.13283792097258804,0.8671620790146543,1.2757812319527476e-11,1.9999999999950933,1.0,0.931692453137376,1.0,1.0,0.0,0.0,0.8336483931947068
1.0,4.7863009232263804e-05,20891.96130854041,4519931.310992096,304462573.1084276,0.1400717834198544,0.8599282165647213,1.542407326885112e-11,1.9999999999940676,1.0,0.931692453137615,1.0,1.0,0.0,0.0,0.8336483931947068
1.0,5.089400951518094e-05,19647.67789993466,4015283.024987323,270469464.5631461,0.1476325096412009,0.8523674903401585,1.864078318127952e-11,1.9999999999928306,1.0,0.931692453137903,1.0,1.0,0.0,0.0,0.8336483931947068
1.0,5.411695265464637e-05,18477.497974222908,3567824.808961387,240328679.131639,0.1555275339829515,0.8444724659945289,2.251979235657967e-11,1.9999999999913385,1.0,0.9316924531382506,1.0,1.0,0.0,0.0,0.8336483931947068
1.0,5.7543993733715664e-05,17377.00828749376,3171015.851987996,213599627.78991142,0.16376364716391825,0.8362363528088866,2.719521862744327e-11,1.9999999999895404,1.0,0.9316924531386693,1.0,1.0,0.0,0.0,0.8336483931947068
1.0,6.118805757518225e-05,16342.05842723136,2819067.195922791,189892366.3173592,0.1723468984178047,0.8276531015493672,3.282776612921934e-11,1.999999999987374,1.0,0.9316924531391739,1.0,1.0,0.0,0.0,0.8336483931947068
1.0,6.506288748655574e-05,15368.745159352708,2506855.0885540675,168861758.76500198,0.18128249442653332,0.8187175055338567,3.960985455911031e-11,1.9999999999847655,1.0,0.9316924531397816,1.0,1.0,0.0,0.0,0.8336483931947068
1.0,6.918309709189363e-05,14453.39770745928,2229844.3355178526,150202314.44048256,0.19057469600003313,0.8094253039521951,4.777170497546466e-11,1.9999999999816263,1.0,0.9316924531405127,1.0,1.0,0.0,0.0,0.8336483931947068
1.0,7.356422544596421e-05,13592.563908785241,1984020.496332855,133643620.6329811,0.20022671362840327,0.7997732863140082,5.7588553272717716e-11,1.9999999999778506,1.0,0.9316924531413923,1.0,1.0,0.0,0.0,0.8336483931947068
1.0,7.822279563860029e-05,12782.997194630232,1765829.903295428,118946302.28598003,0.2102406032023788,0.789759396728232,6.938919164338343e-11,1.999999999973312,1.0,0.9316924531424493,1.0,1.0,0.0,0.0,0.8336483931947068
1.0,8.317637711026709e-05,12021.644346174131,1572126.599948394,105898447.77252382,0.22061716336256565,0.7793828365538683,8.356607224369665e-11,1.999999999967859,1.0,0.9316924531437194,1.0,1.0,0.0,0.0,0.8336483931947068
1.0,8.844365191386007e-05,11305.633979496377,1400125.4001811096,94312446.95619954,0.23135583609113167,0.7686441638082812,1.0058724665092594e-10,1.9999999999613127,1.0,0.9316924531452443,1.0,1.0,0.0,0.0,0.8336483931947068
1.0,9.404448517263523e-05,10632.265716371605,1247360.3613057807,84022193.93755738,0.24245461229512458,0.757545387583865,1.2101046038934118e-10,1.9999999999534577,1.0,0.9316924531470738,1.0,1.0,0.0,0.0,0.8336483931947068
1.0,0.0001,9999.0,1111648.0460806377,74880612.38399176,0.25390994424139385,0.7460900556131065,1.4549977479261708e-10,1.9999999999440385,1.0,0.9316924531492679,1.0,1.0,0.0,0.0,0.8336483931947068
1.0,0.00010633265716371628,9403.448517263503,991055.02084581,66757466.20417376,0.26571666678210587,0.734283333043049,1.748451499022937e-10,1.999999999932752,1.0,0.9316924531518967,1.0,1.0,0.0,0.0,0.8336483931947068
1.0,0.00011306633979496398,8843.36519138599,883869.1007920068,59537422.62934958,0.2778679293500189,0.7221320704399954,2.0998549329458845e-10,1.9999999999192364,1.0,0.9316924531550448,1.0,1.0,0.0,0.0,0.8336483931947068
1.0,0.00012022644346174131,8316.63771102671,788573.9098595334,53118338.56813817,0.29035514069736196,0.7096448590506025,2.5203576221157446e-10,1.9999999999030633,1.0,0.9316924531588119,1.0,1.0,0.0,0.0,0.8336483931947068
1.0,0.00012783997194630256,7821.279563860015,703826.3727180159,47409744.46628555,0.30316792829547395,0.696832071402207,3.023188019231966e-10,1.9999999998837237,1.0,0.9316924531633165,1.0,1.0,0.0,0.0,0.8336483931947068
1.0,0.00013593563908785269,7355.422544596407,628436.8004590203,42331502.87891961,0.31629411419968745,0.6837058854379098,3.624027139258818e-10,1.9999999998606144,1.0,0.9316924531686992,1.0,1.0,0.0,0.0,0.8336483931947068
1.0,0.0001445439770745928,6917.309709189362,561351.2707116632,37812621.59513763,0.3297197090121831,0.670280290553672,4.341446757872274e-10,1.9999999998330211,1.0,0.9316924531751263,1.0,1.0,0.0,0.0,0.8336483931947068
1.0,0.0001536974515935271,6505.288748655574,501636.0374548377,33790203.48295787,0.34342892534365577,0.6565710741366018,5.197422829588254e-10,1.999999999800099,1.0,0.9316924531827947,1.0,1.0,0.0,0.0,0.8336483931947068
1.0,0.00016343058427231393,6117.805757518213,448463.7363702265,30208517.281898458,0.357404211883859,0.6425957874943474,6.217936549377547e-10,1.9999999997608486,1.0,0.9316924531919369,1.0,1.0,0.0,0.0,0.8336483931947068
1.0,0.00017378008287493763,5753.399373371566,401101.1786193843,27018175.391801726,0.3716263088452134,0.6283736904114189,7.433677475245969e-10,1.9999999997140894,1.0,0.9316924532028283,1.0,1.0,0.0,0.0,0.8336483931947068
1.0,0.00018478497974222906,5410.6952654646375,358898.5498435551,24175406.31746187,0.3860743251491599,0.6139256739627533,8.880865439767724e-10,1.9999999996584283,1.0,0.931692453215793,1.0,1.0,0.0,0.0,0.8336483931947068
1.0,0.000196486778999347,5088.400951518083,321279.85233761,21641410.853461407,0.4007258372908922,0.5992741616488866,1.0602210656743104e-09,1.9999999995922226,1.0,0.9316924532312139,1.0,1.0,0.0,0.0,0.8336483931947068
1.0,0.0002089296130854041,4785.30092322638,287734.44705844775,19381792.35385704,0.41555700935617035,0.5844429893790258,1.2648034534082797e-09,1.9999999995135371,1.0,0.9316924532495415,1.0,1.0,0.0,0.0,0.8336483931947068
1.0,0.00022216040919558117,4500.252062061336,257809.568675854,17366052.546005525,0.43054273318779107,0.5694572653044513,1.5077577304302977e-09,1.9999999994200932,1.0,0.9316924532713068,1.0,1.0,0.0,0.0,0.8336483931947068
1.0,0.00023622906626344652,4232.179328088203,231103.7015097777,15567145.333698625,0.4456567872243247,0.5543432109796227,1.7960522759291899e-09,1.9999999993092108,1.0,0.9316924532971339,1.0,1.0,0.0,0.0,0.8336483931947068
1.0,0.0002511886431509582,3980.071705534969,207260.7171429948,13961081.90675213,0.4608720120763518,0.5391279857857704,2.137877521871027e-09,1.9999999991777395,1.0,0.9316924533277566,1.0,1.0,0.0,0.0,0.8336483931947068
1.0,0.00026709555875589855,3742.97838982381,185964.68594763824,12526581.245432911,0.4761605004821459,0.5238394969750009,2.5428529478721327e-09,1.9999999990219797,1.0,0.9316924533640366,1.0,1.0,0.0,0.0,0.8336483931947068
1.0,0.0002840098047914219,3520.005201684514,166935.28489080042,11244760.790244317,0.49149379891160283,0.5085061980661287,3.022268100402517e-09,1.9999999988375892,1.0,0.9316924534069855,1.0,1.0,0.0,0.0,0.8336483931947068
1.0,0.0003019951720402019,3310.311214825908,149923.73294114968,10098862.650915843,0.5068431177787789,0.49315687863185803,3.58936311855074e-09,1.9999999986194759,1.0,0.9316924534577891,1.0,1.0,0.0,0.0,0.8336483931947068
1.0,0.0003211194909364824,3113.1055844467583,134709.1933204906,9074011.262068246,0.5221795469920051,0.47782044874833984,4.259655125519784e-09,1.999999998361671,1.0,0.9316924535178378,1.0,1.0,0.0,0.0,0.8336483931947068
1.0,0.0003414548873833601,2927.6445646252373,121095.58885100603,8156998.8650037665,0.5374742734256344,0.4625257215230479,5.051317862316017e-09,1.9999999980571854,1.0,0.9316924535887595,1.0,1.0,0.0,0.0,0.8336483931947068
1.0,0.0003630780547701018,2753.228703338163,108908.78284628197,7336095.612525553,0.5526987968450464,0.4473011971693305,5.985623120157642e-09,1.999999997697837,1.0,0.93169245367246,1.0,1.0,0.0,0.0,0.8336483931947068
1.0,0.0003860705432153815,2589.2002045313225,97994.08347577651,6600881.462928305,0.5678251408587459,0.4321748520538,7.0874538969305205e-09,1.999999997274056,1.0,0.9316924537711684,1.0,1.0,0.0,0.0,0.8336483931947068
1.0,0.00041051906712730787,2434.940447292027,88214.0343808542,5942097.355894338,0.5828260556065025,0.417173936007597,8.385900790641111e-09,1.9999999967746536,1.0,0.9316924538874908,1.0,1.0,0.0,0.0,0.8336483931947068
1.0,0.00043651583224016654,2289.86765276777,79446.45860914246,5351513.451911836,0.5976752091148783,0.40232478097016666,9.914954984100426e-09,1.9999999961865558,1.0,0.9316924540244724,1.0,1.0,0.0,0.0,0.8336483931947068
1.0,0.0004641588833612782,2153.4346900318824,71582.72672747381,4821812.472362636,0.6123473645521582,0.3876526237335287,1.1714313310391045e-08,1.999999995494495,1.0,0.9316924541856694,1.0,1.0,0.0,0.0,0.8336483931947068
1.0,0.0004935524741394807,2025.1270126211432,64526.22332938439,4346486.403467332,0.6268185409814763,0.3731814451882102,1.3830313364784914e-08,1.9999999946806488,1.0,0.931692454375233,1.0,1.0,0.0,0.0,0.8336483931947068
1.0,0.0005248074602497734,1904.4607179632444,58190.989121680585,3919745.0272364044,0.6410661556295376,0.3589338280534429,1.6317019499876933e-08,1.9999999937242232,1.0,0.9316924545980065,1.0,1.0,0.0,0.0,0.8336483931947068
1.0,0.000558041717476997,1790.980722375332,52500.51840074739,3536434.919474344,0.6550691461428207,0.34493083461969515,1.9237483869564474e-08,1.9999999926009677,1.0,0.9316924548596387,1.0,1.0,0.0,0.0,0.8336483931947068
1.0,0.0005933805862753281,1684.259044750751,47386.69405268456,3191967.711388832,0.6688080717770061,0.3311919055577831,2.2665210546884806e-08,1.9999999912826114,1.0,0.9316924551667144,1.0,1.0,0.0,0.0,0.8336483931947068
1.0,0.0006309573444801943,1583.8931924611109,42788.844267039865,2882256.5498278053,0.6822651929421099,0.3177347803720349,2.668585521492316e-08,1.9999999897362095,1.0,0.9316924555269072,1.0,1.0,0.0,0.0,0.8336483931947068
1.0,0.0006709137099554119,1489.5046433861946,38652.90697281074,2603659.8136885315,0.6954245289900016,0.30457543961080064,3.13991981167314e-08,1.9999999879233852,1.0,0.9316924559491558,1.0,1.0,0.0,0.0,0.8336483931947068
1.0,0.0007134003750712565,1400.7374183467693,34930.68961489592,2352931.252459389,0.7082718945686288,0.2917280685099373,3.6921433962672644e-08,1.9999999857994486,1.0,0.9316924564438698,1.0,1.0,0.0,0.0,0.8336483931947068
1.0,0.0007585775750291835,1317.2567385564075,31579.21331348938,2127175.8087966447,0.7207949152665374,0.279205041345633,4.338782946304722e-08,1.9999999833123732,1.0,0.9316924570231672,1.0,1.0,0.0,0.0,0.8336483931947068
1.0,0.0008066156921766143,1238.747763028943,28560.131709392743,1923810.471944695,0.732983023622789,0.2670169254214036,5.0955807232354675e-08,1.9999999804016126,1.0,0.9316924577011505,1.0,1.0,0.0,0.0,0.8336483931947068
1.0,0.0008576958985908946,1164.914401179831,25839.215913800115,1740529.5839535757,0.7448274368743385,0.25517250331713764,5.980852417534041e-08,1.9999999769967216,1.0,0.9316924584942283,1.0,1.0,0.0,0.0,0.8336483931947068
1.0,0.0009120108393559096,1095.4781961431852,23385.897968471705,1575274.087156254,0.7563211180513018,0.243678811789675,7.015902331835194e-08,1.9999999730157603,1.0,0.9316924594214863,1.0,1.0,0.0,0.0,0.8336483931947068
1.0,0.0009697653591082506,1030.1772745930539,21172.866096139704,1426204.2602359704,0.7674587222087764,0.23254119553617272,8.225505062919946e-08,1.9999999683634422,1.0,0.9316924605051187,1.0,1.0,0.0,0.0,0.8336483931947068
1.0,0.001031177274593056,968.7653591082485,19175.705794522684,1291675.542319048,0.7782365297028377,0.22176337391251968,9.638464294906099e-08,1.9999999629289835,1.0,0.9316924617709298,1.0,1.0,0.0,0.0,0.8336483931947068
1.0,0.0010964781961431851,911.0108393559096,17372.58151201134,1170217.090649084,0.7886523684808665,0.21134751863652376,1.128826100589397e-07,1.9999999565836115,1.0,0.9316924632489136,1.0,1.0,0.0,0.0,0.8336483931947068
1.0,0.0011659144011798334,856.6958985908929,15743.954249131162,1060512.7582214752,0.7987055273669661,0.20129434049498035,1.321380534892308e-07,1.9999999491776719,1.0,0.9316924649739282,1.0,1.0,0.0,0.0,0.8336483931947068
1.0,0.0012397477630289454,805.6156921766127,14272.330966304013,961384.2138902383,0.808396662287646,0.19160318310926633,1.5460308738114208e-07,1.9999999405372741,1.0,0.9316924669864766,1.0,1.0,0.0,0.0,0.8336483931947068
1.0,0.0013182567385564075,757.5775750291835,12942.042153207694,871775.9594400703,0.8177276973077914,0.1822721218892557,1.8080295301788168e-07,1.9999999304604028,1.0,0.931692469333613,1.0,1.0,0.0,0.0,0.8336483931947068
1.0,0.0014017374183467723,712.400375071255,11739.044335230872,790742.0264211516,0.8267017222391836,0.1732980664130674,2.1134774913512093e-07,1.9999999187124042,1.0,0.9316924720699935,1.0,1.0,0.0,0.0,0.8336483931947068
1.0,0.0014905046433861975,669.9137099554106,10650.744664385402,717434.1605930007,0.8353228884506747,0.16467686460328962,2.469460354588798e-07,1.9999999050207555,1.0,0.9316924752590952,1.0,1.0,0.0,0.0,0.8336483931947068
1.0,0.001584893192461114,629.957344480193,9665.84507110524,651091.323989649,0.8435963043574412,0.156403407221951,2.8842060787474545e-07,1.999999889068997,1.0,0.9316924789746288,1.0,1.0,0.0,0.0,0.8336483931947068
1.0,0.001685259044750751,592.3805862753281,8774.203744527771,591030.3642313906,0.8515279319030851,0.14847173137012362,3.36726791097606e-07,1.9999998704896957,1.0,0.9316924833021778,1.0,1.0,0.0,0.0,0.8336483931947068
1.0,0.0017919807223753359,557.0417174769958,7966.711966454057,536637.7180603453,0.8591244851786419,0.1408751218477085,3.9297364972012317e-07,1.9999998488562887,1.0,0.9316924883410989,1.0,1.0,0.0,0.0,0.8336483931947068
1.0,0.0019054607179632482,523.8074602497724,7235.184552066959,487362.0314272304,0.8663933321518945,0.1336062093995235,4.584485822692002e-07,1.999999823673622,1.0,0.9316924942067247,1.0,1.0,0.0,0.0,0.8336483931947068
1.0,0.0020261270126211432,492.55247413948064,6572.262352050049,442707.5920340913,0.8733424003132855,0.126657065040878,5.346458367815633e-07,1.9999997943669858,1.0,0.9316925010329187,1.0,1.0,0.0,0.0,0.8336483931947068
1.0,0.002154434690031887,463.1588833612772,5971.325449016886,402228.4822457774,0.8799800868846074,0.12001928981582033,6.23299572031202e-07,1.9999997602693953,1.0,0.931692508975037,1.0,1.0,0.0,0.0,0.8336483931947068
1.0,0.0022908676527677745,435.5158322401657,5426.415838799396,365523.3709015273,0.8863151740864263,0.11368409949138583,7.264221877676961e-07,1.999999720606851,1.0,0.9316925182133621,1.0,1.0,0.0,0.0,0.8336483931947068
1.0,0.002435940447292027,409.5190671273079,4932.168526528463,332230.87194695725,0.8923567498217941,0.10764240382944343,8.463487623159339e-07,1.9999996744812454,1.0,0.9316925289570841,1.0,1.0,0.0,0.0,0.8336483931947068
1.0,0.002590200204531328,385.0705432153807,4483.750090669057,302025.40610746766,0.8981141340086367,0.10188488020279428,9.85788569147991e-07,1.9999996208505504,1.0,0.9316925414489159,1.0,1.0,0.0,0.0,0.8336483931947068
1.0,0.002754228703338169,362.078054770101,4076.803877106334,274613.5091618826,0.9035968106819547,0.09640204143324661,1.1478847984683651e-06,1.9999995585058468,1.0,0.9316925559704428,1.0,1.0,0.0,0.0,0.8336483931947068
1.0,0.0029286445646252374,340.4548873833601,3707.401081669648,249730.5368612675,0.9088143658899359,0.09118429782627538,1.3362837888157716e-06,1.9999994860446966,1.0,0.9316925728483255,1.0,1.0,0.0,0.0,0.8336483931947068
1.0,0.0031141055844467647,320.1194909364817,3371.99706458954,227137.72227075143,0.9137764313249722,0.08622201345974645,1.5552152810731498e-06,1.9999994018402765,1.0,0.9316925924614894,1.0,1.0,0.0,0.0,0.8336483931947068
1.0,0.0033113112148259144,300.9951720402013,3067.392315602324,206619.54637897253,0.9184926335609839,0.0815055568535684,1.8095854476061383e-06,1.999999304005597,1.0,0.9316926152494586,1.0,1.0,0.0,0.0,0.8336483931947068
1.0,0.003521005201684521,283.00980479142135,2790.6975548964083,187981.38729782208,0.9229725487114615,0.07702534620381098,2.1050847277478294e-06,1.9999991903520278,1.0,0.9316926417220167,1.0,1.0,0.0,0.0,0.8336483931947068
1.0,0.0037439783898238106,266.09555875589854,2539.3025138489675,171047.41733286643,0.9272256622774073,0.0727718894097693,2.4483128235728937e-06,1.9999990583412217,1.0,0.9316926724704049,1.0,1.0,0.0,0.0,0.8336483931947068
1.0,0.003981071705534978,250.1886431509577,2310.847991429433,155658.7207026866,0.9312613339197089,0.06873581915670735,2.8469235838775853e-06,1.9999989050293907,1.0,0.931692708180301,1.0,1.0,0.0,0.0,0.8336483931947068
1.0,0.004233179328088211,235.22906626344604,2103.2008280444206,141671.60777707217,0.9350887668653166,0.0649079233417455,3.3097929376358907e-06,1.9999987270027164,1.0,0.9316927496468652,1.0,1.0,0.0,0.0,0.8336483931947068
1.0,0.004501252062061337,221.16040919558114,1914.4314791697225,128956.1044368725,0.9387169816397603,0.061279171146699535,3.847213540359665e-06,1.9999985203024844,1.0,0.9316927977921764,1.0,1.0,0.0,0.0,0.8336483931947068
1.0,0.00478630092322639,207.92961308540367,1742.7939069825525,117394.59757434473,0.9421547938088419,0.057840735070779394,4.471120378666534e-06,1.9999982803383158,1.0,0.9316928536854446,1.0,1.0,0.0,0.0,0.8336483931947068
1.0,0.0050894009515180935,195.48677899934663,1586.7075399204105,106880.61988903885,0.9454107954087577,0.054584009238989775,5.195352252601042e-06,1.9999980017875951,1.0,0.9316929185664362,1.0,1.0,0.0,0.0,0.8336483931947068
1.0,0.0054116952654646375,183.78497974222907,1444.741078139074,97317.75902344803,0.9484933397452954,0.05150062429986814,6.035954836509264e-06,1.999997678478909,1.0,0.9316929938726239,1.0,1.0,0.0,0.0,0.8336483931947068
1.0,0.005754399373371578,172.78008287493728,1315.5979476505454,88618.67775374073,0.9514105292482826,0.04858245921979251,7.011531924502802e-06,1.999997303256952,1.0,0.9316930812706548,1.0,1.0,0.0,0.0,0.8336483931947068
1.0,0.006118805757518225,162.4305842723136,1198.1032278715456,80704.23342942732,0.9541702060761535,0.045821650271331095,8.143652515419277e-06,1.9999968678259556,1.0,0.9316931826928198,1.0,1.0,0.0,0.0,0.8336483931947068
1.0,0.006506288748655574,152.6974515935271,1091.1918967397369,73502.68616438868,0.9567799451766341,0.04321059750075802,9.457322607453824e-06,1.9999963625682278,1.0,0.9316933003793215,1.0,1.0,0.0,0.0,0.8336483931947068
1.0,0.006918309709189377,143.5439770745925,993.8982547538706,66948.98644022072,0.9592470495224256,0.040741968945593864,1.0981531980658693e-05,1.9999957763338536,1.0,0.9316934369272596,1.0,1.0,0.0,0.0,0.8336483931947068
1.0,0.007356422544596421,134.93563908785242,905.3464045261753,60984.13380888317,0.961578547254711,0.038408702857412165,1.2749887876810993e-05,1.9999950961969706,1.0,0.9316935953474021,1.0,1.0,0.0,0.0,0.8336483931947068
1.0,0.00782227956386003,126.8399719463023,824.7416759310026,55554.59929071234,0.9637811904819288,0.03620400816869484,1.4801349376071415e-05,1.999994307173317,1.0,0.9316937791299782,1.0,1.0,0.0,0.0,0.8336483931947068
1.0,0.008317637711026726,119.22644346174106,751.3628988960572,50611.804869638414,0.9658614554959162,0.03412136342562478,1.7181078459308485e-05,1.9999933918929003,1.0,0.9316939923209259,1.0,1.0,0.0,0.0,0.8336483931947068
1.0,0.008844365191386008,112.06633979496375,684.5554364902434,46111.6542019828,0.967825544181999,0.03215451439171985,1.994142628130369e-05,1.999992330220661,1.0,0.9316942396102531,1.0,1.0,0.0,0.0,0.8336483931947068
1.0,0.009404448517263523,105.33265716371606,623.7249003734339,42014.109289154505,0.9696793864134623,0.030297470510419415,2.314307611808102e-05,1.9999910988168776,1.0,0.9316945264344384,1.0,1.0,0.0,0.0,0.8336483931947068
1.0,0.01,99.0,568.3314790275006,38282.80842729244,0.9714286432337904,0.028544500398354496,2.685636785472401e-05,1.9999896706277482,1.0,0.9316948590950958,1.0,1.0,0.0,0.0,0.8336483931947068
1.0,0.010633265716371628,93.04448517263504,517.8848166072253,34884.721246662695,0.9730787106419456,0.026890126525233,3.116283282160877e-05,1.9999880142950686,1.0,0.9316952448964886,1.0,1.0,0.0,0.0,0.8336483931947068
1.0,0.011306633979496399,87.4436519138599,471.9393868428159,31789.83709773208,0.9746347238064621,0.025329119221186067,3.615697235179792e-05,1.9999860934721725,1.0,0.9316956923048818,1.0,1.0,0.0,0.0,0.8336483931947068
1.0,0.012022644346174132,82.17637711026708,430.0903122877944,28970.88343570583,0.976101561543146,0.023856490138135594,4.194831871846958e-05,1.999983866031262,1.0,0.931696211133198,1.0,1.0,0.0,0.0,0.8336483931947068
1.0,0.012783997194630256,77.22279563860013,391.9695844214008,26403.07120662556,0.977483850898447,0.022467485278321233,4.8663823231987704e-05,1.9999812831449106,1.0,0.9316968127549908,1.0,1.0,0.0,0.0,0.8336483931947068
1.0,0.013593563908785269,72.56422544596407,357.2426447573273,24063.864550853566,0.9787859716860415,0.021157577690595897,5.64506233624438e-05,1.9999782882217838,1.0,0.9316975103523856,1.0,1.0,0.0,0.0,0.8336483931947068
1.0,0.01445439770745928,68.18309709189363,325.6052912462103,21932.772418344724,0.9800120608275659,0.01992245992347797,6.54792489562921e-05,1.9999748156734785,1.0,0.9316983192033724,1.0,1.0,0.0,0.0,0.8336483931947068
1.0,0.01536974515935274,64.06288748655561,296.7808779455527,19991.159938412427,0.9811660163496597,0.018758036313231176,7.594733710936635e-05,1.9999707894857273,1.0,0.9316992570146875,1.0,1.0,0.0,0.0,0.8336483931947068
1.0,0.016343058427231393,60.18805757518213,270.5177792185077,18222.07760815868,0.9822515008883475,0.017660415175408232,8.808393624409975e-05,1.999966121562983,1.0,0.9317003443075091,1.0,1.0,0.0,0.0,0.8336483931947068
1.0,0.017378008287493762,56.543993733715666,246.58709265732801,16610.106561397613,0.9832719445480363,0.01662590095931578,0.00010215449264766023,1.99996070981052,1.0,0.9317016048643284,1.0,1.0,0.0,0.0,0.8336483931947068
1.0,0.018478497974222945,53.11695265464626,224.78055754796105,15141.218356430656,0.9842305469558738,0.01565098641670002,0.00011846662742637983,1.9999544359125283,1.0,0.9317030662466825,1.0,1.0,0.0,0.0,0.8336483931947068
1.0,0.0196486778999347,49.894009515180834,204.90866803428645,13802.647878789536,0.985130278342603,0.014732344828570297,0.00013737682882658894,1.9999471627581435,1.0,0.9317047603949598,1.0,1.0,0.0,0.0,0.8336483931947068
1.0,0.02089296130854041,46.8630092322638,186.79896223493841,12582.778096145452,0.9859738794680573,0.013866822327428285,0.00015929820451430964,1.9999387314598023,1.0,0.9317067243232536,1.0,1.0,0.0,0.0,0.8336483931947068
1.0,0.022216040919558117,44.012520620613365,170.29447043994435,11471.03552883465,0.9867638601926941,0.0130514303462068,0.0001847094610991444,1.9999289578995771,1.0,0.9317090009242852,1.0,1.0,0.0,0.0,0.8336483931947068
1.0,0.023622906626344652,41.331793280882025,155.25230719272662,10457.795412502064,0.9875024964757146,0.012283338219893318,0.00021416530439213345,1.9999176287290799,1.0,0.9317116399017674,1.0,1.0,0.0,0.0,0.8336483931947068
1.0,0.025118864315095822,38.81071705534969,141.54239356693404,9534.295630668677,0.9881918255547961,0.01155986596107422,0.00024830848412940587,1.9999044967368733,1.0,0.9317146988503143,1.0,1.0,0.0,0.0,0.8336483931947068
1.0,0.026709555875589854,36.439783898238105,129.04629729600697,8692.55858585903,0.9888336390317909,0.010878477226436709,0.00028788374177215727,1.999889275483934,1.0,0.9317182445061384,1.0,1.0,0.0,0.0,0.8336483931947068
1.0,0.028400980479142194,34.21005201684514,117.6561796232634,7925.320259423022,0.9894294735522482,0.010236772487563271,0.0003337539601884027,1.9998716330922353,1.0,0.931722354195405,1.0,1.0,0.0,0.0,0.8336483931947068
1.0,0.030199517204020192,32.11311214825908,107.27383882647942,7225.965783351654,0.9899805987235967,0.009632482416101736,0.00038691886030149837,1.9998511850537302,1.0,0.9317271175112999,1.0,1.0,0.0,0.0,0.8336483931947068
1.0,0.032111949093648236,30.141055844467587,97.80984134673514,6588.470913116079,0.9904880018664279,0.009063461490553348,0.00044853664301898683,1.9998274859065313,1.0,0.9317326382556752,1.0,1.0,0.0,0.0,0.8336483931947068
1.0,0.034145488738336074,28.286445646252314,89.18273232844956,6007.348849644362,0.9909523691346479,0.00852768182945211,0.0005199490358999656,1.9998000196015768,1.0,0.9317390366866826,1.0,1.0,0.0,0.0,0.8336483931947068
1.0,0.03630780547701017,26.542287033381633,81.3183181664587,5477.601911692657,0.9913740624722717,0.008023227253573934,0.0006027102741544225,1.9997681883560945,1.0,0.9317464521201698,1.0,1.0,0.0,0.0,0.8336483931947068
1.0,0.03860705432153815,24.902002045313225,74.14901436601993,4994.677607695102,0.9917530917961429,0.007548287577980269,0.0006986206258767101,1.9997312997592782,1.0,0.9317550459399259,1.0,1.0,0.0,0.0,0.8336483931947068
1.0,0.04105190671273087,23.359404472920218,67.61325266100286,4554.4286992451525,0.992089081703676,0.007101153133138454,0.0008097651631854767,1.9996885518603134,1.0,0.9317650050802284,1.0,1.0,0.0,0.0,0.8336483931947068
1.0,0.04365158322401665,21.908676527677702,61.654941911586775,4153.076887164485,0.9923812319014057,0.006680209513038313,0.0009385585855559053,1.9996390159286324,1.0,0.9317765460537296,1.0,1.0,0.0,0.0,0.8336483931947068
1.0,0.04641588833612782,20.54434690031882,56.22297782210104,3787.1797860967263,0.9926282704323409,0.006283932547118782,0.0010877970205403094,1.9995816165305613,1.0,0.9317899196086332,1.0,1.0,0.0,0.0,0.8336483931947068
1.0,0.04935524741394806,19.261270126211436,51.27079698804941,3453.600885115008,0.992828398646328,0.005910883491904916,0.0012607178617668462,1.999515108514705,1.0,0.9318054161115523,1.0,1.0,0.0,0.0,0.8336483931947068
1.0,0.052480746024977334,18.054607179632445,46.755971204042936,3149.4822203043323,0.9929792267064426,0.005559704437512953,0.00146106885604424,1.999438050439983,1.0,0.931823371766532,1.0,1.0,0.0,0.0,0.8336483931947068
1.0,0.05580417174769969,16.91980722375332,42.63983834600501,2872.219510986897,0.9930776982544824,0.005229113923592453,0.001693187821925165,1.9993487739146443,1.0,0.9318441757966494,1.0,1.0,0.0,0.0,0.8336483931947068
1.0,0.05933805862753281,15.85259044750751,38.88716648573306,2619.439534478979,0.9931200026688932,0.004917902758822079,0.0019620945722846053,1.999245348241429,1.0,0.9318682787325104,1.0,1.0,0.0,0.0,0.8336483931947068
1.0,0.06309573444801943,14.84893192461111,35.46584820743968,2388.9795352531364,0.9931014731382529,0.00462493003774708,0.0022735968240002653,1.9991255396830767,1.0,0.931896201971981,1.0,1.0,0.0,0.0,0.8336483931947068
1.0,0.06709137099554119,13.905046433861946,32.346622377550624,2178.86848335181,0.9930164685428534,0.004349119348528944,0.0026344121086175364,1.9989867645736088,1.0,0.9319285487977091,1.0,1.0,0.0,0.0,0.8336483931947068
1.0,0.07134003750712564,13.017374183467695,29.502820873797226,1987.310014058981,0.9928582368871455,0.004089455165063073,0.003052307947791558,1.9988260354046954,1.0,0.9319660170634363,1.0,1.0,0.0,0.0,0.8336483931947068
1.0,0.07585775750291851,12.182567385564047,26.910138010165774,1812.6668963647664,0.9926187577595248,0.0038449794169013443,0.0035362628235737392,1.9986398989140102,1.0,0.9320094137866743,1.0,1.0,0.0,0.0,0.8336483931947068
1.0,0.08066156921766143,11.397477630289428,24.546420602935427,1653.4468918137304,0.9922885610183059,0.003614788230488278,0.004096650751205884,1.99842436509569,1.0,0.9320596719138157,1.0,1.0,0.0,0.0,0.8336483931947068
1.0,0.08576958985908946,10.659144011798311,22.39147681200086,1508.289878056378,0.9918565186218937,0.0033980288353806956,0.0047454525427255935,1.9981748259451055,1.0,0.9321178695536657,1.0,1.0,0.0,0.0,0.8336483931947068
1.0,0.09120108393559115,9.964781961431829,20.426902062855376,1375.9561229539381,0.991309606250004,0.0031938966293719928,0.00549649712062402,1.9978859626459138,1.0,0.9321852520059832,1.0,1.0,0.0,0.0,0.8336483931947068
1.0,0.09697653591082506,9.311772745930538,18.635920509724862,1255.3156055350667,0.9906326311200347,0.0030016323967861592,0.006365736483178993,1.997551639814162,1.0,0.9322632569416471,1.0,1.0,0.0,0.0,0.8336483931947068
1.0,0.1031177274593056,8.697653591082485,17.003240640951688,1145.3382895745058,0.9898079222155227,0.0028205196746504614,0.007371558109826541,1.9971647853423744,1.0,0.9323535431187112,1.0,1.0,0.0,0.0,0.8336483931947068
1.0,0.1096478196143185,8.120108393559097,15.514923755222753,1045.0852641518047,0.9888149790500069,0.002649882262008516,0.008535138687984476,1.9967172543507752,1.0,0.9324580230412121,1.0,1.0,0.0,0.0,0.8336483931947068
1.0,0.11659144011798335,7.576958985908929,14.158264152867602,953.7006733371617,0.9876300751420528,0.0024890818683089757,0.009880842989638636,1.9961996757732159,1.0,0.9325788999813865,1.0,1.0,0.0,0.0,0.8336483931947068
1.0,0.12397477630289454,7.066156921766128,12.921679991357118,870.4043642178154,0.9862258126468284,0.0023375158976153415,0.011436671455556064,1.9956012802094016,1.0,0.932718709785715,1.0,1.0,0.0,0.0,0.8336483931947068
1.0,0.13182567385564073,6.585775750291837,11.794613849320221,794.4851888902101,0.9845706251715922,0.002194615366346199,0.013234759462062193,1.9949097078992069,1.0,0.9328803678637857,1.0,1.0,0.0,0.0,0.8336483931947068
1.0,0.14017374183467723,6.13400375071255,10.767442129786767,725.2949018624366,0.9826282268219829,0.002059842953392113,0.015311930224625014,1.994110796067452,1.0,0.9330672217067539,1.0,1.0,0.0,0.0,0.8336483931947068
1.0,0.14905046433861976,5.7091370995541055,9.831392511776645,662.2425995932748,0.98035700714562,0.0019326911827837285,0.017710301671595728,1.9931883455109247,1.0,0.9332831091863878,1.0,1.0,0.0,0.0,0.8336483931947068
1.0,0.15848931924611143,5.30957344480193,8.978468730535447,604.7896536888677,0.9777093740661003,0.0018126807406210071,0.02047794519327891,1.9921238672333543,1.0,0.9335324227296334,1.0,1.0,0.0,0.0,0.8336483931947068
1.0,0.16852590447507546,4.933805862753268,8.201382031331551,552.4450936304933,0.9746310503931226,0.0016993589297246694,0.023669590677152692,1.9908963112780182,1.0,0.9338201792258273,1.0,1.0,0.0,0.0,0.8336483931947068
1.0,0.1791980722375336,4.580417174769957,7.493488700376494,504.76139885736063,0.9710603343691716,0.0015922982674308073,0.02734736736339724,1.9894817817833088,1.0,0.9341520951769117,1.0,1.0,0.0,0.0,0.8336483931947068
1.0,0.19054607179632482,4.248074602497723,6.848733129652592,461.3306636133986,0.9669273413446722,0.0014910952340890348,0.03158156342123734,1.9878532448379858,1.0,0.9345346661116175,1.0,1.0,0.0,0.0,0.8336483931947068
1.0,0.20261270126211475,3.9355247413947962,6.2615959207111,421.7811012190997,0.9621532524884756,0.001395369182075782,0.03645137832944966,1.985980239104058,1.0,0.9349752486119334,1.0,1.0,0.0,0.0,0.8336483931947068
1.0,0.21544346900318867,3.641588833612772,5.727046576272771,385.77385737773386,0.9566496078967479,0.0013047614173729216,0.042045630685876405,1.9838286035823551,1.0,0.9354821423969208,1.0,1.0,0.0,0.0,0.8336483931947068
1.0,0.22908676527677746,3.3651583224016566,5.240500368108442,353.0001047957847,0.950317696007823,0.0012189344677838397,0.04846336952439206,1.9813602424906185,1.0,0.9360646687225023,1.0,1.0,0.0,0.0,0.8336483931947068
1.0,0.2435940447292027,3.1051906712730784,4.797779005546255,323.17839381359573,0.9430481092220981,0.0011375715533473618,0.05581431922455534,1.9785329541444017,1.0,0.9367332398320682,1.0,1.0,0.0,0.0,0.8336483931947068
1.0,0.25902002045313277,2.8607054321538072,4.395074761348193,296.0522359244143,0.9347205572125391,0.0010603762750021797,0.06421906651246115,1.9753003590336689,1.0,0.9374994122829752,1.0,1.0,0.0,0.0,0.8336483931947068
1.0,0.2754228703338169,2.63078054770101,4.028917740903454,271.38789902725665,0.9252040543372335,0.0009870725364016263,0.0738088731263645,1.9716119718744753,1.0,0.9383759146471748,1.0,1.0,0.0,0.0,0.8336483931947068
1.0,0.29286445646252374,2.4145488738336005,3.6961460069475613,248.97239502798774,0.9143576249031203,0.0009174047101164467,0.08472497038675897,1.9674134729281696,1.0,0.9393766373463034,1.0,1.0,0.0,0.0,0.8336483931947068
1.0,0.31141055844467647,2.2111949093648176,3.39387829557585,228.61164198998924,0.9020316978126128,0.0008511380521944917,0.09711716413518932,1.9626472445633887,1.0,0.9405165693044785,1.0,1.0,0.0,0.0,0.8336483931947068
1.0,0.33113112148259144,2.019951720402013,3.1194890804152324,210.12878445677006,0.8880703868980367,0.0007880593568688924,0.11114155374510067,1.9572532485595766,1.0,0.9418116628644257,1.0,1.0,0.0,0.0,0.8336483931947068
1.0,0.3521005201684521,1.8400980479142133,2.8705857607124594,193.36265684159127,0.8723148695751224,0.0007279778247095079,0.12695715260015744,1.9511703259230164,1.0,0.9432786053528639,1.0,1.0,0.0,0.0,0.8336483931947068
1.0,0.3743978389823818,1.6709555875589799,2.6449877661034953,178.16637592473145,0.8546080764699717,0.000670726091389842,0.14472119743864081,1.944338000985138,1.0,0.9449344733608873,1.0,1.0,0.0,0.0,0.8336483931947068
1.0,0.39810717055349776,1.511886431509577,2.4407073863526176,164.40604954471232,0.8348008779321281,0.0006161613296654976,0.164582960738203,1.9366988612545373,1.0,0.9467962450730407,1.0,1.0,0.0,0.0,0.8336483931947068
1.0,0.42331793280882113,1.3622906626344604,2.2559321489309228,151.95958955198697,0.8127598871581515,0.0005641662943696275,0.18667594654747793,1.9282015590202009,1.0,0.9488801480155137,1.0,1.0,0.0,0.0,0.8336483931947068
1.0,0.45012520620613455,1.221604091955807,2.0890085816793706,140.7156180619224,0.7883768804872707,0.0005146501313216915,0.21110846938139638,1.918804434853309,1.0,0.951200825901443,1.0,1.0,0.0,0.0,0.8336483931947068
1.0,0.47863009232263903,1.0892961308540365,1.9384272129214697,130.57245706239019,0.7615796518220536,0.0004675487209299641,0.2379527994570163,1.9084796925165322,1.0,0.9537703205319891,1.0,1.0,0.0,0.0,0.8336483931947068
1.0,0.5089400951518094,0.9648677899934661,1.8028086784502817,121.43719258041098,0.7323438654318789,0.0004228242845436083,0.26723331028355074,1.8972179575832497,1.0,0.9565968845637973,1.0,1.0,0.0,0.0,0.8336483931947068
1.0,0.5411695265464638,0.8478497974222905,1.6808908251497625,113.224805982088,0.700705158474568,0.00038046395899067555,0.29891437756643957,1.8850329317052155,1.0,0.9596836693130291,1.0,1.0,0.0,0.0,0.8336483931947068
1.0,0.5754399373371578,0.7378008287493727,1.5715167259168614,105.85736665775978,0.6667704013063251,0.00034047705837377565,0.33288912163530493,1.8719657224479596,1.0,0.9630273680688296,1.0,1.0,0.0,0.0,0.8336483931947068
1.0,0.6118805757518225,0.6343058427231361,1.4736235508728952,99.26328238679822,0.6307267069719339,0.0003028908092038001,0.36897040221883454,1.8580883068389098,1.0,0.9666169365371974,1.0,1.0,0.0,0.0,0.8336483931947068
1.0,0.6506288748655573,0.536974515935271,1.386232275420555,93.37660607232858,0.5928465755221642,0.0002677444785891881,0.40688567999927183,1.8435055076925877,1.0,0.9704325514641833,1.0,1.0,0.0,0.0,0.8336483931947068
1.0,0.6918309709189376,0.445439770745925,1.3084382445867084,88.13640015536068,0.5534875655566629,0.00023508201791091072,0.4462773524253945,1.8283548644517713,1.0,0.9744449958789465,1.0,1.0,0.0,0.0,0.8336483931947068
1.0,0.7356422544596422,0.359356390878524,1.2394026509794143,83.48616256997335,0.5130851988450063,0.00020494360028348199,0.48670985755467827,1.8128039009405084,1.0,0.9786156617961117,1.0,1.0,0.0,0.0,0.8336483931947068
1.0,0.782227956386003,0.278399719463023,1.1783450137031217,79.37332012304228,0.4721384732034872,0.0001773566999379478,0.5276841700965432,1.797044549962868,1.0,0.9828973261560523,1.0,1.0,0.0,0.0,0.8336483931947068
1.0,0.8317637711026725,0.20226443461741073,1.124536758996769,75.74879608602235,0.43118834710980125,0.000152327585006214,0.5686593253051255,1.781284874882644,1.0,0.9872357763709714,1.0,1.0,0.0,0.0,0.8336483931947068
1.0,0.8844365191386008,0.13066339794963766,1.0772959916609395,72.56665799828089,0.3907907182490018,0.00012983420255464033,0.6090794475484802,1.7657386740198153,1.0,0.9915722424591839,1.0,1.0,0.0,0.0,0.8336483931947068
1.0,0.9404448517263523,0.06332657163716049,1.035983504262895,69.78384884714862,0.35148649863595527,0.00010982136958300491,0.6484036799943708,1.7506139692329343,1.0,0.995846452575488,1.0,1.0,0.0,0.0,0.8336483931947068
1.0,1.0,0.0,0.9999999999999558,67.35999999999703,0.31377210267378836,9.219892755014178e-05,0.6861356983987379,1.7361016544620238,1.0,1.0,1.0,1.0,0.0,0.0,0.8336483931947068
2.0,1e-08,99999999.0,96021906495945.16,6468035621566866.0,3.40309191286526e-05,0.9999659690808715,2.914858628465226e-23,3.0,1.0,0.955004651727244,1.0,1.0,0.0,0.0,0.8336483931947068
2.0,1.0633265716371605e-08,94044484.17263523,84925372251875.47,5720573074886332.0,3.618590258388836e-05,0.9999638140974162,3.54772608172416e-23,3.0,1.0,0.955004651727244,1.0,1.0,0.0,0.0,0.8336483931947068
2.0,1.1306633979496399e-08,88443650.9138599,75111186680587.4,5059489534804368.0,3.847734356416789e-05,0.999961522656436,4.3179998007213036e-23,3.0,1.0,0.955004651727244,1.0,1.0,0.0,0.0,0.8336483931947068
2.0,1.202264434617413e-08,83176376.11026709,66431157430350.17,4474802764508387.5,4.091388212546151e-05,0.9999590861178747,5.255512879255727e-23,3.0,1.0,0.955004651727244,1.0,1.0,0.0,0.0,0.8336483931947068
2.0,1.2783997194630231e-08,78222794.63860029,58754217754105.05,3957684107916516.0,4.350470529493167e-05,0.9999564952947051,6.396575611236924e-23,3.0,1.0,0.955004651727244,1.0,1.0,0.0,0.0,0.8336483931947068
2.0,1.359356390878527e-08,73564224.44596407,51964447416129.94,3500325177950512.5,4.625958168601977e-05,0.9999537404183135,7.785381773368141e-23,3.0,1.0,0.955004651727244,1.0,1.0,0.0,0.0,0.8336483931947068
2.0,1.4454397707459279e-08,69183096.09189363,45959322309549.47,3095819950771252.0,4.91888983026195e-05,0.9999508111016977,9.475720226189678e-23,3.0,1.0,0.955004651727244,1.0,1.0,0.0,0.0,0.8336483931947068
2.0,1.5369745159352708e-08,65062886.48655574,40648166354072.44,2738060485610319.5,5.230369967057652e-05,0.9999476963003295,1.1533058120184014e-22,3.0,1.0,0.955004651727244,1.0,1.0,0.0,0.0,0.8336483931947068
2.0,1.634305842723136e-08,61188056.57518226,35950782297756.64,2421644695576887.5,5.561572944345702e-05,0.9999443842705569,1.403707638463347e-22,3.0,1.0,0.955004651727244,1.0,1.0,0.0,0.0,0.8336483931947068
2.0,1.7378008287493763e-08,57543992.73371567,31796240748029.78,2141794776787286.0,5.913747463877683e-05,0.999940862525361,1.7084755692138473e-22,3.0,1.0,0.955004651727244,1.0,1.0,0.0,0.0,0.8336483931947068
2.0,1.8478497974222906e-08,54116951.654646374,28121809146447.85,1894285064104727.2,6.288221267070852e-05,0.999937117787329,2.0794132409375958e-22,3.0,1.0,0.955004651727244,1.0,1.0,0.0,0.0,0.8336483931947068
2.0,1.964867789993466e-08,50894008.51518094,24872004514806.953,1675378224117396.2,6.686406135572526e-05,0.9999331359386439,2.530886999026623e-22,3.0,1.0,0.955004651727244,1.0,1.0,0.0,0.0,0.8336483931947068
2.0,2.0892961308540408e-08,47863008.2322638,21997755669165.367,1481768821874979.0,7.109803207873003e-05,0.9999289019679211,3.08038228458585e-22,3.0,1.0,0.955004651727244,1.0,1.0,0.0,0.0,0.8336483931947068
2.0,2.2216040919558116e-08,45012519.62061337,19455662251284.68,1310533409246536.0,7.560008631900283e-05,0.999924399913681,3.7491808158669755e-22,3.0,1.0,0.955004651727244,1.0,1.0,0.0,0.0,0.8336483931947068
2.0,2.3622906626344603e-08,42331792.28088211,17207339388934.066,1159086381238598.8,8.038719574781867e-05,0.9999196128042522,4.563184788604906e-22,3.0,1.0,0.955004651727244,1.0,1.0,0.0,0.0,0.8336483931947068
2.0,2.511886431509582e-08,39810716.05534969,15218838089492.32,1025140933708202.8,8.547740612287984e-05,0.9999145225938771,5.553920012853507e-22,3.0,1.0,0.955004651727244,1.0,1.0,0.0,0.0,0.8336483931947068
2.0,2.6709555875589852e-08,37439782.89823811,13460132614845.55,906674532935996.2,9.088990521883268e-05,0.9999091100947815,6.7597568329428755e-22,3.0,1.0,0.955004651727244,1.0,1.0,0.0,0.0,0.8336483931947068
2.0,2.8400980479142137e-08,35210051.01684521,11904667096990.629,801898375653288.8,9.664509504813946e-05,0.9999033549049519,8.227396110364391e-22,3.0,1.0,0.955004651727244,1.0,1.0,0.0,0.0,0.8336483931947068
2.0,3.0199517204020194e-08,33113111.148259073,10528954548285.445,709230378372507.6,0.00010276466864250034,0.9998972353313572,1.0013677813234563e-21,3.0,1.0,0.955004651727244,1.0,1.0,0.0,0.0,0.8336483931947068
2.0,3.211194909364824e-08,31141054.844467584,9312222211439.48,627271288162563.4,0.00010927169168193906,0.9998907283083179,1.21877822478671e-21,3.0,1.0,0.955004651727244,1.0,1.0,0.0,0.0,0.8336483931947068
2.0,3.4145488738336004e-08,29286444.646252375,8236097894064.547,554783554144187.9,0.00011619068927663024,0.9998838093107235,1.483390917151032e-21,3.0,1.0,0.955004651727244,1.0,1.0,0.0,0.0,0.8336483931947068
2.0,3.6307805477010175e-08,27542286.033381633,7284332551469.805,490672640667006.06,0.00012354773822560822,0.9998764522617742,1.8054538529061857e-21,3.0,1.0,0.955004651727244,1.0,1.0,0.0,0.0,0.8336483931947068
2.0,3.8607054321538154e-08,25902001.045313224,6442554928728.885,433970499999177.7,0.00013137056509674876,0.9998686294349028,2.1974399076883056e-21,3.0,1.0,0.955004651727244,1.0,1.0,0.0,0.0,0.8336483931947068
2.0,4.1051906712730784e-08,24359403.472920272,5698054557139.396,383820954968909.75,0.00013968865049390568,0.9998603113495061,2.6745298565482768e-21,3.0,1.0,0.955004651727244,1.0,1.0,0.0,0.0,0.8336483931947068
2.0,4.3651583224016566e-08,22908675.52767775,5039589828344.533,339466770837287.75,0.00014853333989988662,0.9998514666601002,3.2552002510802597e-21,3.0,1.0,0.955004651727244,1.0,1.0,0.0,0.0,0.8336483931947068
2.0,4.641588833612782e-08,21544345.900318824,4457218248055.744,300238221189034.94,0.00015793796150816847,0.9998420620384916,3.961938918235636e-21,3.0,1.0,0.955004651727244,1.0,1.0,0.0,0.0,0.8336483931947068
2.0,4.935524741394806e-08,20261269.126211435,3942146306226.0977,265542975187389.94,0.00016793795148193293,0.9998320620485177,4.822115784698467e-21,3.0,1.0,0.955004651727244,1.0,1.0,0.0,0.0,0.8336483931947068
2.0,5.248074602497723e-08,19054606.17963248,3486596696729.949,234857153491729.38,0.0001785709871062617,0.9998214290128936,5.8690427441946595e-21,3.0,1.0,0.955004651727244,1.0,1.0,0.0,0.0,0.8336483931947068
2.0,5.580417174769969e-08,17919806.223753322,3083690881581.0176,207717417783297.34,0.00018987712832823614,0.9998101228716716,7.143263603790748e-21,3.0,1.0,0.955004651727244,1.0,1.0,0.0,0.0,0.8336483931947068
2.0,5.9338058627532806e-08,16852589.44750751,2727345226421.465,183713974451749.88,0.00020189896821035686,0.9997981010317899,8.694124052358912e-21,3.0,1.0,0.955004651727244,1.0,1.0,0.0,0.0,0.8336483931947068
2.0,6.30957344480193e-08,15848930.924611142,2412179138939.593,162484386798970.97,0.00021468179285522149,0.9997853182071449,1.0581682434647055e-20,3.0,1.0,0.955004651727244,1.0,1.0,0.0,0.0,0.8336483931947068
2.0,6.709137099554119e-08,14905045.433861947,2133433823117.0854,143708102325166.88,0.00022827375139387396,0.999771726248606,1.2879035307291739e-20,3.0,1.0,0.955004651727244,1.0,1.0,0.0,0.0,0.8336483931947068
2.0,7.134003750712564e-08,14017373.183467694,1886900422504.3394,127101612459892.3,0.00024272603666679988,0.9997572739633329,1.5675147809161964e-20,3.0,1.0,0.955004651727244,1.0,1.0,0.0,0.0,0.8336483931947068
2.0,7.585775750291836e-08,13182566.385564074,1668856467495.8809,112414171650522.53,0.0002580930772652932,0.9997419069227342,1.9078298418888405e-20,3.0,1.0,0.955004651727244,1.0,1.0,0.0,0.0,0.8336483931947068
2.0,8.066156921766127e-08,12397476.630289454,1476009666967.6538,99424011166941.16,0.0002744327416419645,0.999725567258358,2.322027145335729e-20,3.0,1.0,0.955004651727244,1.0,1.0,0.0,0.0,0.8336483931947068
2.0,8.576958985908945e-08,11659143.011798311,1305448195536.7583,87934990451356.03,0.0002918065550426703,0.999708193444957,2.826145960239115e-20,3.0,1.0,0.955004651727244,1.0,1.0,0.0,0.0,0.8336483931947068
2.0,9.120108393559096e-08,10964780.961431852,1154596725787.6567,77773635449056.56,0.00031027993005821415,0.9996897200699414,3.439707401641826e-20,3.0,1.0,0.955004651727244,1.0,1.0,0.0,0.0,0.8336483931947068
2.0,9.697653591082487e-08,10311771.745930558,1021177541557.1033,68786519199286.48,0.0003299224116429578,0.999670077588357,4.1864702328138163e-20,3.0,1.0,0.955004651727244,1.0,1.0,0.0,0.0,0.8336483931947068
2.0,1.031177274593056e-07,9697652.591082485,903176145093.6604,60837945133508.96,0.00035080793749911747,0.9996491920625011,5.09535071539958e-20,3.0,1.0,0.955004651727244,1.0,1.0,0.0,0.0,0.8336483931947068
2.0,1.0964781961431852e-07,9120107.393559096,798810838764.5315,53807898099178.84,0.00037301511478019146,0.9996269848852195,6.201542110426298e-20,3.0,1.0,0.955004651727244,1.0,1.0,0.0,0.0,0.8336483931947068
2.0,1.1659144011798311e-07,8576957.985908946,706505821997.7039,47590232169765.33,0.00039662751412478824,0.9996033724858754,7.547877158677925e-20,3.0,1.0,0.955004651727244,1.0,1.0,0.0,0.0,0.8336483931947068
2.0,1.2397477630289454e-07,8066155.9217661265,624867397227.1462,42091067877220.57,0.00042173398209325956,0.9995782660179068,9.186486270637927e-20,3.0,1.0,0.955004651727244,1.0,1.0,0.0,0.0,0.8336483931947068
2.0,1.3182567385564074e-07,7585774.7502918355,552662925554.2761,37227374665336.04,0.00044842897314422293,0.9995515710268554,1.1180815597498873e-19,3.0,1.0,0.955004651727244,1.0,1.0,0.0,0.0,0.8336483931947068
2.0,1.4017374183467694e-07,7134002.750712564,488802214359.3512,32925717159245.895,0.00047681290235637095,0.9995231870976435,1.3608083077965902e-19,3.0,1.0,0.955004651727244,1.0,1.0,0.0,0.0,0.8336483931947068
2.0,1.4905046433861975e-07,6709136.099554106,432321055818.6511,29121146319944.34,0.0005069925201731235,0.9994930074798264,1.656226749897283e-19,3.0,1.0,0.955004651727244,1.0,1.0,0.0,0.0,0.8336483931947068
2.0,1.584893192461114e-07,6309572.44480193,382366667761.6542,25756218740425.023,0.0005390813105239061,0.9994609186894762,2.015774622689065e-19,3.0,1.0,0.955004651727244,1.0,1.0,0.0,0.0,0.8336483931947068
2.0,1.685259044750751e-07,5933804.86275328,338184817027.5458,22780129274975.484,0.0005731999137562481,0.9994268000862433,2.453372235618351e-19,3.0,1.0,0.955004651727244,1.0,1.0,0.0,0.0,0.8336483931947068
2.0,1.791980722375336e-07,5580416.174769958,299108430885.9529,20147943904477.785,0.0006094765758977135,0.9993905234241023,2.98596125542971e-19,3.0,1.0,0.955004651727244,1.0,1.0,0.0,0.0,0.8336483931947068
2.0,1.9054607179632483e-07,5248073.602497723,264547524556.33966,17819921254115.04,0.0006480476258560959,0.999351952374144,3.634160403449315e-19,3.0,1.0,0.955004651727244,1.0,1.0,0.0,0.0,0.8336483931947068
2.0,2.0261270126211434e-07,4935523.741394807,233980292733.41968,15760912518523.148,0.0006890579822605473,0.9993109420177396,4.423063429759882e-19,3.0,1.0,0.955004651727244,1.0,1.0,0.0,0.0,0.8336483931947068
2.0,2.1544346900318867e-07,4641587.833612773,206945230602.31305,13939830733371.807,0.000732661691745437,0.9992673383082546,5.383210229537027e-19,3.0,1.0,0.955004651727244,1.0,1.0,0.0,0.0,0.8336483931947068
2.0,2.2908676527677748e-07,4365157.322401657,183034165372.28943,12329181379477.416,0.0007790225005831278,0.999220977499417,6.551768660678773e-19,3.0,1.0,0.955004651727244,1.0,1.0,0.0,0.0,0.8336483931947068
2.0,2.435940447292027e-07,4105189.671273079,161886093106.65283,10904647231664.135,0.0008283144616815526,0.9991716855383181,7.973972766858752e-19,3.0,1.0,0.955004651727244,1.0,1.0,0.0,0.0,0.8336483931947068
2.0,2.5902002045313226e-07,3860704.432153815,143181727786.20026,9644721183678.45,0.0008807225790776506,0.999119277420922,9.704873020683051e-19,3.0,1.0,0.955004651727244,1.0,1.0,0.0,0.0,0.8336483931947068
2.0,2.754228703338169e-07,3630779.54770101,126638680298.27866,8530381504892.05,0.0009364434921786857,0.9990635565078212,1.1811466260222002e-18,3.0,1.0,0.955004651727244,1.0,1.0,0.0,0.0,0.8336483931947068
2.0,2.928644564625237e-07,3414547.873833601,112007194555.26697,7544804625242.783,0.0009956862021301889,0.9990043137978698,1.437528766410238e-18,3.0,1.0,0.955004651727244,1.0,1.0,0.0,0.0,0.8336483931947068
2.0,3.1141055844467585e-07,3211193.9093648237,99066376358.86105,6673111111532.881,0.0010586728428220585,0.9989413271571778,1.7495564961572324e-18,3.0,1.0,0.955004651727244,1.0,1.0,0.0,0.0,0.8336483931947068
2.0,3.311311214825908e-07,3019950.720402019,87620858066.94116,5902140999389.156,0.0011256394991831402,0.9988743605008168,2.129305679294019e-18,3.0,1.0,0.955004651727244,1.0,1.0,0.0,0.0,0.8336483931947068
2.0,3.521005201684521e-07,2840097.0479142135,77497848700.32843,5220255088454.123,0.0011968370755597187,0.9988031629244404,2.5914723559942853e-18,3.0,1.0,0.955004651727244,1.0,1.0,0.0,0.0,0.8336483931947068
2.0,3.743978389823811e-07,2670954.587558985,68544524946.8282,4617159200418.348,0.0012725322171246213,0.9987274677828755,3.153941125342195e-18,3.0,1.0,0.955004651727244,1.0,1.0,0.0,0.0,0.8336483931947068
2.0,3.981071705534969e-07,2511885.4315095823,60625723667.43501,4083748746238.4224,0.0013530082874212864,0.9986469917125785,3.838476785594233e-18,3.0,1.0,0.955004651727244,1.0,1.0,0.0,0.0,0.8336483931947068
2.0,4.233179328088211e-07,2362289.6626344607,53621901062.21463,3611971255550.7773,0.0014385664053109268,0.9985614335946889,4.6715659496205495e-18,3.0,1.0,0.955004651727244,1.0,1.0,0.0,0.0,0.8336483931947068
2.0,4.501252062061336e-07,2221603.0919558117,47427327679.87857,3194704792516.6206,0.0015295265447610505,0.9984704734552388,5.6854411412452075e-18,3.0,1.0,0.955004651727244,1.0,1.0,0.0,0.0,0.8336483931947068
2.0,4.78630092322638e-07,2089295.130854041,41948492016.262695,2825650422215.455,0.001626228701089715,0.9983737712989105,6.919326919149265e-18,3.0,1.0,0.955004651727244,1.0,1.0,0.0,0.0,0.8336483931947068
2.0,5.089400951518094e-07,1964866.789993466,37102688596.57739,2499237103865.453,0.0017290341274617807,0.9982709658725376,8.420956139776073e-18,3.0,1.0,0.955004651727244,1.0,1.0,0.0,0.0,0.8336483931947068
2.0,5.411695265464637e-07,1847848.7974222908,32816769221.95598,2210537574790.9546,0.001838326645621015,0.998161673354379,1.0248414888705962e-17,3.0,1.0,0.955004651727244,1.0,1.0,0.0,0.0,0.8336483931947068
2.0,5.754399373371567e-07,1737799.8287493763,29026038524.57543,1955193955015.4011,0.001954514035034558,0.9980454859649653,1.2472387281768047e-17,3.0,1.0,0.955004651727244,1.0,1.0,0.0,0.0,0.8336483931947068
2.0,6.118805757518225e-07,1634304.842723136,25673277154.65345,1729351949137.4563,0.002078029504823514,0.9979219704951766,1.5178886749668813e-17,3.0,1.0,0.955004651727244,1.0,1.0,0.0,0.0,0.8336483931947068
2.0,6.506288748655573e-07,1536973.515935271,22707877849.833,1529602651964.751,0.002209333253054767,0.9977906667469449,1.84725791651068e-17,3.0,1.0,0.955004651727244,1.0,1.0,0.0,0.0,0.8336483931947068
2.0,6.918309709189363e-07,1445438.770745928,20085081341.962692,1352931079194.607,0.0023489141181736633,0.997651085881826,2.24808259687905e-17,3.0,1.0,0.955004651727244,1.0,1.0,0.0,0.0,0.8336483931947068
2.0,7.356422544596422e-07,1359355.390878524,17765300563.803185,1196670645977.7825,0.0024972913275637396,0.9975027086724358,2.735860317512458e-17,3.0,1.0,0.955004651727244,1.0,1.0,0.0,0.0,0.8336483931947068
2.0,7.82227956386003e-07,1278398.7194630231,15713522951.491852,1058462906012.4911,0.002655016348427547,0.9973449836515724,3.329448585262091e-17,3.0,1.0,0.955004651727244,1.0,1.0,0.0,0.0,0.8336483931947068
2.0,8.317637711026709e-07,1202263.4346174132,13898781817.82314,936221943248.5667,0.0028226748463898847,0.9971773251536103,4.0517928670205395e-17,3.0,1.0,0.955004651727244,1.0,1.0,0.0,0.0,0.8336483931947068
2.0,8.844365191386008e-07,1130662.3979496376,12293688814.352879,828102878534.8099,0.0030008887574299297,0.9969991112425701,4.9308122948376415e-17,3.0,1.0,0.955004651727244,1.0,1.0,0.0,0.0,0.8336483931947068
2.0,9.404448517263523e-07,1063325.5716371606,10874020422.75542,732474015676.8052,0.0031903184789499775,0.9968096815210499,6.000477126107477e-17,3.0,1.0,0.955004651727244,1.0,1.0,0.0,0.0,0.8336483931947068
2.0,1e-06,999999.0,9618352231.687473,647892206326.4681,0.0033916651859833484,0.9966083348140168,7.302119431750599e-17,3.0,1.0,0.955004651727244,1.0,1.0,0.0,0.0,0.8336483931947068
2.0,1.0633265716371627e-06,940443.8517263504,8507735476.959099,573081061727.9648,0.0036056732787295145,0.9963943267212706,8.886027442807264e-17,3.0,1.0,0.955004651727244,1.0,1.0,0.0,0.0,0.8336483931947068
2.0,1.13066339794964e-06,884435.5191385989,7525410960.97191,506911682331.0679,0.003833132967778083,0.9961668670322218,1.0813384874430967e-16,3.0,1.0,0.955004651727244,1.0,1.0,0.0,0.0,0.8336483931947068
2.0,1.2022644346174132e-06,831762.7711026708,6656556031.798231,448385614301.92883,0.00407488300354084,0.995925116996459,1.315862978118352e-16,3.0,1.0,0.955004651727244,1.0,1.0,0.0,0.0,0.8336483931947068
2.0,1.2783997194630257e-06,782226.9563860013,5888060801.463751,396619775586.59827,0.004331813556548323,0.9956681864434515,1.601232358303027e-16,3.0,1.0,0.955004651727244,1.0,1.0,0.0,0.0,0.8336483931947068
2.0,1.3593563908785242e-06,735641.2544596421,5208330224.49534,350833123922.0061,0.004604869255380171,0.9953951307446194,1.948464044974391e-16,3.0,1.0,0.955004651727244,1.0,1.0,0.0,0.0,0.8336483931947068
2.0,1.445439770745928e-06,691829.9709189363,4607109048.274889,310334865491.7965,0.004895052389080851,0.9951049476109189,2.370961098574702e-16,3.0,1.0,0.955004651727244,1.0,1.0,0.0,0.0,0.8336483931947068
2.0,1.5369745159352741e-06,650627.874865556,4075326992.0953484,274514026187.54266,0.005203426280957401,0.9947965737190425,2.885028301980093e-16,3.0,1.0,0.955004651727244,1.0,1.0,0.0,0.0,0.8336483931947068
2.0,1.634305842723136e-06,611879.5757518226,3604961817.257182,242830228010.4438,0.005531118840658491,0.9944688811593408,3.510499736907446e-16,3.0,1.0,0.955004651727244,1.0,1.0,0.0,0.0,0.8336483931947068
2.0,1.7378008287493763e-06,575438.9373371566,3188918220.6909,214805531345.739,0.005879326301383608,0.9941206736986162,4.2715019043140063e-16,3.0,1.0,0.955004651727244,1.0,1.0,0.0,0.0,0.8336483931947068
2.0,1.8478497974222906e-06,541168.5265464637,2820920723.5181313,190017219936.1813,0.006249317148960095,0.9937506828510394,5.197381609151955e-16,3.0,1.0,0.955004651727244,1.0,1.0,0.0,0.0,0.8336483931947068
2.0,1.964867789993466e-06,508939.0951518094,2495418937.278694,168091419615.09283,0.0066424362493446845,0.9933575637506548,6.323834113260202e-16,3.0,1.0,0.955004651727244,1.0,1.0,0.0,0.0,0.8336483931947068
2.0,2.0892961308540407e-06,478629.0923226381,2207503777.448141,148697454448.90677,0.007060109180840147,0.9929398908191593,7.694274690139368e-16,2.9999999999999996,1.0,0.955004651727244,1.0,1.0,0.0,0.0,0.8336483931947068
2.0,2.2216040919558116e-06,450124.20620613365,1952833359.1667547,131542855073.4726,0.007503846776958078,0.9924961532230409,9.361505979100997e-16,2.9999999999999996,1.0,0.955004651727244,1.0,1.0,0.0,0.0,0.8336483931947068
2.0,2.3622906626344603e-06,423316.93280882115,1727567456.296474,116368943856.1305,0.00797524988538809,0.992024750114611,1.1389744781917516e-15,2.9999999999999996,1.0,0.955004651727244,1.0,1.0,0.0,0.0,0.8336483931947068
2.0,2.5118864315095823e-06,398106.1705534969,1528309534.222911,102946930225.25528,0.0084760143479365,0.9915239856520618,1.3857085594414873e-15,2.9999999999999996,1.0,0.955004651727244,1.0,1.0,0.0,0.0,0.8336483931947068
2.0,2.6709555875589853e-06,374396.8389823811,1352055481.1775055,91074457212.11678,0.009007936205557152,0.990992063794441,1.685849472936585e-15,2.999999999999999,1.0,0.9550046517272441,1.0,1.0,0.0,0.0,0.8336483931947068
2.0,2.8400980479142136e-06,352099.5201684521,1196148263.997579,80572547062.87692,0.009572917131691974,0.9904270828683057,2.0509448984250665e-15,2.999999999999999,1.0,0.9550046517272441,1.0,1.0,0.0,0.0,0.8336483931947068
2.0,3.0199517204020193e-06,331130.12148259074,1058237823.6965082,71282899804.1968,0.010172970096047996,0.9898270299039496,2.4950357186920812e-15,2.999999999999999,1.0,0.9550046517272441,1.0,1.0,0.0,0.0,0.8336483931947068
2.0,3.2111949093648238e-06,311409.5584446758,936245605.3327994,63065503975.21737,0.010810225259637119,0.9891897747403599,3.035193252031815e-15,2.9999999999999987,1.0,0.9550046517272442,1.0,1.0,0.0,0.0,0.8336483931947068
2.0,3.414548873833601e-06,292863.4564625237,828333186.6407032,55796523452.11777,0.011486936100368321,0.9885130638996281,3.692171938064168e-15,2.9999999999999987,1.0,0.9550046517272442,1.0,1.0,0.0,0.0,0.8336483931947068
2.0,3.6307805477010175e-06,275421.87033381633,732874531.7725825,49366428460.20116,0.012205485766679373,0.9877945142333159,4.491202198767162e-15,2.9999999999999982,1.0,0.9550046517272442,1.0,1.0,0.0,0.0,0.8336483931947068
2.0,3.860705432153815e-06,259019.02045313228,648431451.2387052,43678342555.43918,0.012968393654597456,0.9870316063453973,5.462953464420007e-15,2.999999999999998,1.0,0.9550046517272444,1.0,1.0,0.0,0.0,0.8336483931947068
2.0,4.105190671273079e-06,243593.0447292027,573731897.540401,38646580618.32141,0.013778322201189398,0.9862216777988039,6.644703737036812e-15,2.9999999999999973,1.0,0.9550046517272444,1.0,1.0,0.0,0.0,0.8336483931947068
2.0,4.365158322401665e-06,229085.76527677703,507650768.808413,34195355786.9347,0.014638083884566735,0.985361916115425,8.081759795724482e-15,2.999999999999997,1.0,0.9550046517272445,1.0,1.0,0.0,0.0,0.8336483931947068
2.0,4.641588833612782e-06,215442.46900318822,449192930.62612116,30257635806.97552,0.015550648417410273,0.9844493515825801,9.82918151159499e-15,2.9999999999999964,1.0,0.9550046517272446,1.0,1.0,0.0,0.0,0.8336483931947068
2.0,4.935524741394807e-06,202611.70126211434,397478199.7091806,26774131532.410404,0.016519150117331304,0.9834808498826563,1.1953875075111458e-14,2.9999999999999956,1.0,0.9550046517272447,1.0,1.0,0.0,0.0,0.8336483931947068
2.0,5.248074602497734e-06,190545.07179632442,351728062.7346065,23692402305.803093,0.01754689543324758,0.982453104566738,1.453713365693194e-14,2.9999999999999947,1.0,0.9550046517272449,1.0,1.0,0.0,0.0,0.8336483931947068
2.0,5.58041717476997e-06,179197.0722375332,311253929.81062603,20966064712.04377,0.01863737060227787,0.9813626293977044,1.7677720619674163e-14,2.9999999999999933,1.0,0.955004651727245,1.0,1.0,0.0,0.0,0.8336483931947068
2.0,5.933805862753281e-06,168524.9044750751,275446745.2494296,18554092760.001575,0.019794249406401794,0.9802057505935766,2.1495610469112594e-14,2.999999999999992,1.0,0.9550046517272452,1.0,1.0,0.0,0.0,0.8336483931947068
2.0,6.309573444801943e-06,158488.3192461111,243767798.7981512,16420198927.043465,0.0210214009922407,0.9789785990077332,2.6136526997286612e-14,2.99999999999999,1.0,0.9550046517272456,1.0,1.0,0.0,0.0,0.8336483931947068
2.0,6.709137099554105e-06,149049.46433861976,215740598.60828233,14532286722.253897,0.02232289771074763,0.9776771022892206,3.177744739083347e-14,2.9999999999999876,1.0,0.955004651727246,1.0,1.0,0.0,0.0,0.8336483931947068
2.0,7.134003750712565e-06,140172.74183467694,190943683.25411522,12861966503.997202,0.02370302292629869,0.9762969770736624,3.8633276494251415e-14,2.999999999999985,1.0,0.9550046517272464,1.0,1.0,0.0,0.0,0.8336483931947068
2.0,7.585775750291852e-06,131824.67385564046,169004264.28875124,11384127242.490284,0.02516627873660595,0.9748337212633467,4.696493817755948e-14,2.999999999999982,1.0,0.9550046517272469,1.0,1.0,0.0,0.0,0.8336483931947068
2.0,8.066156921766128e-06,123973.77630289453,149592603.36560136,10076557762.706907,0.026717393535991542,0.9732826064639513,5.708918235891428e-14,2.999999999999978,1.0,0.9550046517272476,1.0,1.0,0.0,0.0,0.8336483931947068
2.0,8.576958985908945e-06,116590.44011798312,132417039.0437716,8919611749.988455,0.028361329344823206,0.9716386706551073,6.939046847180787e-14,2.9999999999999734,1.0,0.9550046517272482,1.0,1.0,0.0,0.0,0.8336483931947068
2.0,9.120108393559115e-06,109646.81961431829,117219588.20449042,7895911461.454474,0.030103288817292448,0.9698967111826229,8.433536119674367e-14,2.9999999999999676,1.0,0.9550046517272491,1.0,1.0,0.0,0.0,0.8336483931947068
2.0,9.697653591082486e-06,103116.72745930559,103772055.680976,6990085670.670544,0.03194872182819989,0.9680512781716974,1.0248996467696515e-13,2.9999999999999605,1.0,0.9550046517272502,1.0,1.0,0.0,0.0,0.8336483931947068
2.0,1.031177274593056e-05,96975.53591082487,91872593.3769272,6188537889.869816,0.033903331526981766,0.9660966684728937,1.2454103029094619e-13,2.999999999999952,1.0,0.9550046517272516,1.0,1.0,0.0,0.0,0.8336483931947068
2.0,1.0964781961431852e-05,91200.08393559096,81342656.93489751,5479241371.134696,0.03597307973388619,0.9640269202659626,1.5132150404666723e-13,2.999999999999942,1.0,0.9550046517272532,1.0,1.0,0.0,0.0,0.8336483931947068
2.0,1.165914401179831e-05,85768.58985908946,72024314.01766852,4851557792.230151,0.03816419153901985,0.9618358084607964,1.8384143719432665e-13,2.9999999999999294,1.0,0.9550046517272552,1.0,1.0,0.0,0.0,0.8336483931947068
2.0,1.2397477630289454e-05,80660.56921766126,63777863.57407735,4296076890.349851,0.0404831589499793,0.9595168410497973,2.2332537297216102e-13,2.999999999999914,1.0,0.9550046517272577,1.0,1.0,0.0,0.0,0.8336483931947068
2.0,1.3182567385564074e-05,75856.75750291836,56479730.15560572,3804474623.281601,0.04293674341805951,0.9570632565816689,2.7125754975507593e-13,2.9999999999998956,1.0,0.9550046517272606,1.0,1.0,0.0,0.0,0.8336483931947068
2.0,1.4017374183467693e-05,71339.03750712564,50020601.50238089,3369387717.200377,0.04553197705670855,0.9544680229429624,3.294365337043799e-13,2.9999999999998734,1.0,0.9550046517272641,1.0,1.0,0.0,0.0,0.8336483931947068
2.0,1.4905046433861976e-05,67090.37099554106,44303781.28974332,2984302707.6771097,0.04827616234913813,0.9517238376504619,4.000412211561152e-13,2.9999999999998463,1.0,0.9550046517272684,1.0,1.0,0.0,0.0,0.8336483931947068
2.0,1.584893192461114e-05,63094.7344480193,39243732.174631566,2643457799.283182,0.05117687012502872,0.9488231298744856,4.857105429232644e-13,2.999999999999813,1.0,0.9550046517272738,1.0,1.0,0.0,0.0,0.8336483931947068
2.0,1.685259044750751e-05,59337.0586275328,34764787.15379679,2341756062.679752,0.05424193556934907,0.9457580644300614,5.8963967185377e-13,2.999999999999773,1.0,0.9550046517272801,1.0,1.0,0.0,0.0,0.8336483931947068
2.0,1.7919807223753358e-05,55803.17174769958,30800009.786648966,2074688659.2286744,0.05747945200978317,0.9425205479895011,7.156960960942408e-13,2.9999999999997247,1.0,0.9550046517272879,1.0,1.0,0.0,0.0,0.8336483931947068
2.0,1.9054607179632484e-05,52479.74602497723,27290186.08270903,1838266934.5312803,0.060897762213532824,0.9391022377855985,8.68559590947369e-13,2.999999999999666,1.0,0.9550046517272971,1.0,1.0,0.0,0.0,0.8336483931947068
2.0,2.0261270126211433e-05,49354.24741394806,24182932.841141142,1628962356.1792674,0.06450544690982475,0.9354945530891217,1.0538909225010264e-12,2.9999999999995945,1.0,0.9550046517273085,1.0,1.0,0.0,0.0,0.8336483931947068
2.0,2.1544346900318867e-05,46414.888336127726,21431908.987669177,1443653389.4093957,0.06831131024186213,0.9316886897568589,1.2785350705313687e-12,2.9999999999995084,1.0,0.9550046517273222,1.0,1.0,0.0,0.0,0.8336483931947068
2.0,2.290867652767775e-05,43650.58322401656,18996118.008876257,1279578509.0779047,0.07232436184189217,0.9276756381565573,1.5507658949942777e-12,2.9999999999994036,1.0,0.955004651727339,1.0,1.0,0.0,0.0,0.8336483931947068
2.0,2.435940447292027e-05,41050.906712730786,16839290.95892871,1134294638.993438,0.07655379521625089,0.9234462047818686,1.880580523143526e-12,2.9999999999992766,1.0,0.9550046517273592,1.0,1.0,0.0,0.0,0.8336483931947068
2.0,2.590200204531328e-05,38606.05432153807,14929340.729914863,1005640391.5670651,0.08100896212454213,0.9189910378731776,2.280053342152221e-12,2.999999999999123,1.0,0.9550046517273836,1.0,1.0,0.0,0.0,0.8336483931947068
2.0,2.754228703338169e-05,36306.8054770101,13237879.352600649,891703553.1911798,0.08569934263943907,0.9143006573577972,2.7637613909717904e-12,2.999999999998937,1.0,0.9550046517274132,1.0,1.0,0.0,0.0,0.8336483931947068
2.0,2.9286445646252374e-05,34144.488738336004,11739791.045725174,790792324.8400477,0.09063451058197881,0.9093654894146721,3.3492952087063097e-12,2.9999999999987117,1.0,0.9550046517274491,1.0,1.0,0.0,0.0,0.8336483931947068
2.0,3.1141055844467646e-05,32110.949093648174,10412854.57335198,701409884.0609893,0.09582409404272182,0.90417590595322,4.057871877648126e-12,2.9999999999984395,1.0,0.9550046517274924,1.0,1.0,0.0,0.0,0.8336483931947068
2.0,3.3113112148259076e-05,30198.51720402019,9237409.213954378,622231884.6519669,0.10127773072291539,0.8987222692721697,4.915070170311254e-12,2.9999999999981095,1.0,0.9550046517275449,1.0,1.0,0.0,0.0,0.8336483931947068
2.0,3.521005201684521e-05,28399.980479142137,8196059.303086858,552086554.6559308,0.10700501786297502,0.8929949821310734,5.951711456244577e-12,2.9999999999977107,1.0,0.9550046517276084,1.0,1.0,0.0,0.0,0.8336483931947068
2.0,3.743978389823818e-05,26708.5558755898,7273412.893615786,489937092.51395935,0.11301545656931306,0.886984543423482,7.204914444778033e-12,2.999999999997229,1.0,0.9550046517276851,1.0,1.0,0.0,0.0,0.8336483931947068
2.0,3.9810717055349695e-05,25117.86431509582,6455850.592333488,434866095.89958376,0.11931839040591301,0.8806816095853676,8.719357048626192e-12,2.9999999999966462,1.0,0.9550046517277778,1.0,1.0,0.0,0.0,0.8336483931947068
2.0,4.233179328088211e-05,23621.906626344604,5731321.087143935,386061788.4300155,0.12592293818500672,0.8740770618044447,1.0548784783052271e-11,2.999999999995943,1.0,0.9550046517278897,1.0,1.0,0.0,0.0,0.8336483931947068
2.0,4.5012520620613456e-05,22215.040919558072,5089160.281751772,342805836.57879937,0.13283792097258804,0.8671620790146543,1.2757812319527476e-11,2.9999999999950933,1.0,0.955004651728025,1.0,1.0,0.0,0.0,0.8336483931947068
2.0,4.7863009232263804e-05,20891.96130854041,4519931.310992096,304462573.1084276,0.1400717834198544,0.8599282165647213,1.542407326885112e-11,2.999999999994068,1.0,0.9550046517281882,1.0,1.0,0.0,0.0,0.8336483931947068
2.0,5.089400951518094e-05,19647.67789993466,4015283.024987323,270469464.5631461,0.1476325096412009,0.8523674903401585,1.864078318127952e-11,2.9999999999928306,1.0,0.9550046517283851,1.0,1.0,0.0,0.0,0.8336483931947068
2.0,5.411695265464637e-05,18477.497974222908,3567824.808961387,240328679.131639,0.1555275339829515,0.8444724659945289,2.251979235657967e-11,2.9999999999913385,1.0,0.9550046517286226,1.0,1.0,0.0,0.0,0.8336483931947068
2.0,5.7543993733715664e-05,17377.00828749376,3171015.851987996,213599627.78991142,0.16376364716391825,0.8362363528088866,2.719521862744327e-11,2.9999999999895404,1.0,0.9550046517289088,1.0,1.0,0.0,0.0,0.8336483931947068
2.0,6.118805757518225e-05,16342.05842723136,2819067.195922791,189892366.3173592,0.1723468984178047,0.8276531015493672,3.282776612921934e-11,2.999999999987374,1.0,0.9550046517292536,1.0,1.0,0.0,0.0,0.8336483931947068
2.0,6.506288748655574e-05,15368.745159352708,2506855.0885540675,168861758.76500198,0.18128249442653332,0.8187175055338567,3.960985455911031e-11,2.9999999999847655,1.0,0.9550046517296688,1.0,1.0,0.0,0.0,0.8336483931947068
2.0,6.918309709189363e-05,14453.39770745928,2229844.3355178526,150202314.44048256,0.19057469600003313,0.8094253039521951,4.777170497546466e-11,2.9999999999816263,1.0,0.9550046517301686,1.0,1.0,0.0,0.0,0.8336483931947068
2.0,7.356422544596421e-05,13592.563908785241,1984020.496332855,133643620.6329811,0.20022671362840327,0.7997732863140082,5.7588553272717716e-11,2.9999999999778506,1.0,0.9550046517307694,1.0,1.0,0.0,0.0,0.8336483931947068
2.0,7.822279563860029e-05,12782.997194630232,1765829.903295428,118946302.28598003,0.2102406032023788,0.789759396728232,6.938919164338343e-11,2.999999999973312,1.0,0.9550046517314918,1.0,1.0,0.0,0.0,0.8336483931947068
2.0,8.317637711026709e-05,12021.644346174131,1572126.599948394,105898447.77252382,0.22061716336256565,0.7793828365538683,8.356607224369665e-11,2.999999999967859,1.0,0.9550046517323598,1.0,1.0,0.0,0.0,0.8336483931947068
2.0,8.844365191386007e-05,11305.633979496377,1400125.4001811096,94312446.95619954,0.23135583609113167,0.7686441638082812,1.0058724665092594e-10,2.9999999999613127,1.0,0.9550046517334018,1.0,1.0,0.0,0.0,0.8336483931947068
2.0,9.404448517263523e-05,10632.265716371605,1247360.3613057807,84022193.93755738,0.24245461229512458,0.757545387583865,1.2101046038934118e-10,2.9999999999534577,1.0,0.955004651734652,1.0,1.0,0.0,0.0,0.8336483931947068
2.0,0.0001,9999.0,1111648.0460806377,74880612.38399176,0.25390994424139385,0.7460900556131065,1.4549977479261708e-10,2.9999999999440385,1.0,0.9550046517361512,1.0,1.0,0.0,0.0,0.8336483931947068
2.0,0.00010633265716371628,9403.448517263503,991055.02084581,66757466.20417376,0.26571666678210587,0.734283333043049,1.748451499022937e-10,2.999999999932752,1.0,0.9550046517379477,1.0,1.0,0.0,0.0,0.8336483931947068
2.0,0.00011306633979496398,8843.36519138599,883869.1007920068,59537422.62934958,0.2778679293500189,0.7221320704399954,2.0998549329458845e-10,2.999999999919236,1.0,0.955004651740099,1.0,1.0,0.0,0.0,0.8336483931947068
2.0,0.00012022644346174131,8316.63771102671,788573.9098595334,53118338.56813817,0.29035514069736196,0.7096448590506025,2.5203576221157446e-10,2.9999999999030633,1.0,0.9550046517426731,1.0,1.0,0.0,0.0,0.8336483931947068
2.0,0.00012783997194630256,7821.279563860015,703826.3727180159,47409744.46628555,0.30316792829547395,0.696832071402207,3.023188019231966e-10,2.9999999998837237,1.0,0.9550046517457513,1.0,1.0,0.0,0.0,0.8336483931947068
2.0,0.00013593563908785269,7355.422544596407,628436.8004590203,42331502.87891961,0.31629411419968745,0.6837058854379098,3.624027139258818e-10,2.9999999998606146,1.0,0.9550046517494296,1.0,1.0,0.0,0.0,0.8336483931947068
2.0,0.0001445439770745928,6917.309709189362,561351.2707116632,37812621.59513763,0.3297197090121831,0.670280290553672,4.341446757872274e-10,2.999999999833021,1.0,0.9550046517538217,1.0,1.0,0.0,0.0,0.8336483931947068
2.0,0.0001536974515935271,6505.288748655574,501636.0374548377,33790203.48295787,0.34342892534365577,0.6565710741366018,5.197422829588254e-10,2.999999999800099,1.0,0.9550046517590617,1.0,1.0,0.0,0.0,0.8336483931947068
2.0,0.00016343058427231393,6117.805757518213,448463.7363702265,30208517.281898458,0.357404211883859,0.6425957874943474,6.217936549377547e-10,2.9999999997608486,1.0,0.9550046517653091,1.0,1.0,0.0,0.0,0.8336483931947068
2.0,0.00017378008287493763,5753.399373371566,401101.1786193843,27018175.391801726,0.3716263088452134,0.6283736904114189,7.433677475245969e-10,2.999999999714089,1.0,0.9550046517727517,1.0,1.0,0.0,0.0,0.8336483931947068
2.0,0.00018478497974222906,5410.6952654646375,358898.5498435551,24175406.31746187,0.3860743251491599,0.6139256739627533,8.880865439767724e-10,2.9999999996584283,1.0,0.9550046517816111,1.0,1.0,0.0,0.0,0.8336483931947068
2.0,0.000196486778999347,5088.400951518083,321279.85233761,21641410.853461407,0.4007258372908922,0.5992741616488866,1.0602210656743104e-09,2.9999999995922226,1.0,0.9550046517921489,1.0,1.0,0.0,0.0,0.8336483931947068
2.0,0.0002089296130854041,4785.30092322638,287734.44705844775,19381792.35385704,0.41555700935617035,0.5844429893790258,1.2648034534082797e-09,2.999999999513537,1.0,0.9550046518046731,1.0,1.0,0.0,0.0,0.8336483931947068
2.0,0.00022216040919558117,4500.252062061336,257809.568675854,17366052.546005525,0.43054273318779107,0.5694572653044513,1.5077577304302977e-09,2.999999999420093,1.0,0.9550046518195463,1.0,1.0,0.0,0.0,0.8336483931947068
2.0,0.00023622906626344652,4232.179328088203,231103.7015097777,15567145.333698625,0.4456567872243247,0.5543432109796227,1.7960522759291899e-09,2.999999999309211,1.0,0.9550046518371951,1.0,1.0,0.0,0.0,0.8336483931947068
2.0,0.0002511886431509582,3980.071705534969,207260.7171429948,13961081.90675213,0.4608720120763518,0.5391279857857704,2.137877521871027e-09,2.9999999991777395,1.0,0.9550046518581211,1.0,1.0,0.0,0.0,0.8336483931947068
2.0,0.00026709555875589855,3742.97838982381,185964.68594763824,12526581.245432911,0.4761605004821459,0.5238394969750009,2.5428529478721327e-09,2.9999999990219797,1.0,0.9550046518829131,1.0,1.0,0.0,0.0,0.8336483931947068
2.0,0.0002840098047914219,3520.005201684514,166935.28489080042,11244760.790244317,0.49149379891160283,0.5085061980661287,3.022268100402517e-09,2.9999999988375894,1.0,0.9550046519122619,1.0,1.0,0.0,0.0,0.8336483931947068
2.0,0.0003019951720402019,3310.311214825908,149923.73294114968,10098862.650915843,0.5068431177787789,0.49315687863185803,3.58936311855074e-09,2.999999998619476,1.0,0.9550046519469785,1.0,1.0,0.0,0.0,0.8336483931947068
2.0,0.0003211194909364824,3113.1055844467583,134709.1933204906,9074011.262068246,0.5221795469920051,0.47782044874833984,4.259655125519784e-09,2.999999998361671,1.0,0.9550046519880127,1.0,1.0,0.0,0.0,0.8336483931947068
2.0,0.0003414548873833601,2927.6445646252373,121095.58885100603,8156998.8650037665,0.5374742734256344,0.4625257215230479,5.051317862316017e-09,2.999999998057185,1.0,0.9550046520364769,1.0,1.0,0.0,0.0,0.8336483931947068
2.0,0.0003630780547701018,2753.228703338163,108908.78284628197,7336095.612525553,0.5526987968450464,0.4473011971693305,5.985623120157642e-09,2.999999997697837,1.0,0.9550046520936734,1.0,1.0,0.0,0.0,0.8336483931947068
2.0,0.0003860705432153815,2589.2002045313225,97994.08347577651,6600881.462928305,0.5678251408587459,0.4321748520538,7.0874538969305205e-09,2.999999997274056,1.0,0.9550046521611255,1.0,1.0,0.0,0.0,0.8336483931947068
2.0,0.00041051906712730787,2434.940447292027,88214.0343808542,5942097.355894338,0.5828260556065025,0.417173936007597,8.385900790641111e-09,2.999999996774654,1.0,0.955004652240614,1.0,1.0,0.0,0.0,0.8336483931947068
2.0,0.00043651583224016654,2289.86765276777,79446.45860914246,5351513.451911836,0.5976752091148783,0.40232478097016666,9.914954984100426e-09,2.9999999961865558,1.0,0.9550046523342202,1.0,1.0,0.0,0.0,0.8336483931947068
2.0,0.0004641588833612782,2153.4346900318824,71582.72672747381,4821812.472362636,0.6123473645521582,0.3876526237335287,1.1714313310391045e-08,2.9999999954944947,1.0,0.9550046524443738,1.0,1.0,0.0,0.0,0.8336483931947068
2.0,0.0004935524741394807,2025.1270126211432,64526.22332938439,4346486.403467332,0.6268185409814763,0.3731814451882102,1.3830313364784914e-08,2.999999994680649,1.0,0.9550046525739115,1.0,1.0,0.0,0.0,0.8336483931947068
2.0,0.0005248074602497734,1904.4607179632444,58190.989121680585,3919745.0272364044,0.6410661556295376,0.3589338280534429,1.6317019499876933e-08,2.999999993724223,1.0,0.9550046527261433,1.0,1.0,0.0,0.0,0.8336483931947068
2.0,0.000558041717476997,1790.980722375332,52500.51840074739,3536434.919474344,0.6550691461428207,0.34493083461969515,1.9237483869564474e-08,2.9999999926009675,1.0,0.9550046529049291,1.0,1.0,0.0,0.0,0.8336483931947068
2.0,0.0005933805862753281,1684.259044750751,47386.69405268456,3191967.711388832,0.6688080717770061,0.3311919055577831,2.2665210546884806e-08,2.9999999912826114,1.0,0.9550046531147685,1.0,1.0,0.0,0.0,0.8336483931947068
2.0,0.0006309573444801943,1583.8931924611109,42788.844267039865,2882256.5498278053,0.6822651929421099,0.3177347803720349,2.668585521492316e-08,2.9999999897362093,1.0,0.9550046533609053,1.0,1.0,0.0,0.0,0.8336483931947068
2.0,0.0006709137099554119,1489.5046433861946,38652.90697281074,2603659.8136885315,0.6954245289900016,0.30457543961080064,3.13991981167314e-08,2.999999987923385,1.0,0.9550046536494479,1.0,1.0,0.0,0.0,0.8336483931947068
2.0,0.0007134003750712565,1400.7374183467693,34930.68961489592,2352931.252459389,0.7082718945686288,0.2917280685099373,3.6921433962672644e-08,2.9999999857994486,1.0,0.9550046539875094,1.0,1.0,0.0,0.0,0.8336483931947068
2.0,0.0007585775750291835,1317.2567385564075,31579.21331348938,2127175.8087966447,0.7207949152665374,0.279205041345633,4.338782946304722e-08,2.999999983312373,1.0,0.9550046543833709,1.0,1.0,0.0,0.0,0.8336483931947068
2.0,0.0008066156921766143,1238.747763028943,28560.131709392743,1923810.471944695,0.732983023622789,0.2670169254214036,5.0955807232354675e-08,2.9999999804016126,1.0,0.9550046548466692,1.0,1.0,0.0,0.0,0.8336483931947068
2.0,0.0008576958985908946,1164.914401179831,25839.215913800115,1740529.5839535757,0.7448274368743385,0.25517250331713764,5.980852417534041e-08,2.9999999769967216,1.0,0.955004655388617,1.0,1.0,0.0,0.0,0.8336483931947068
2.0,0.0009120108393559096,1095.4781961431852,23385.897968471705,1575274.087156254,0.7563211180513018,0.243678811789675,7.015902331835194e-08,2.9999999730157603,1.0,0.9550046560222565,1.0,1.0,0.0,0.0,0.8336483931947068
2.0,0.0009697653591082506,1030.1772745930539,21172.866096139704,1426204.2602359704,0.7674587222087764,0.23254119553617272,8.225505062919946e-08,2.999999968363442,1.0,0.955004656762754,1.0,1.0,0.0,0.0,0.8336483931947068
2.0,0.001031177274593056,968.7653591082485,19175.705794522684,1291675.542319048,0.7782365297028377,0.22176337391251968,9.638464294906099e-08,2.9999999629289835,1.0,0.9550046576277429,1.0,1.0,0.0,0.0,0.8336483931947068
2.0,0.0010964781961431851,911.0108393559096,17372.58151201134,1170217.090649084,0.7886523684808665,0.21134751863652376,1.128826100589397e-07,2.9999999565836113,1.0,0.9550046586377196,1.0,1.0,0.0,0.0,0.8336483931947068
2.0,0.0011659144011798334,856.6958985908929,15743.954249131162,1060512.7582214752,0.7987055273669661,0.20129434049498035,1.321380534892308e-07,2.999999949177672,1.0,0.9550046598165041,1.0,1.0,0.0,0.0,0.8336483931947068
2.0,0.0012397477630289454,805.6156921766127,14272.330966304013,961384.2138902383,0.808396662287646,0.19160318310926633,1.5460308738114208e-07,2.999999940537274,1.0,0.9550046611917741,1.0,1.0,0.0,0.0,0.8336483931947068
2.0,0.0013182567385564075,757.5775750291835,12942.042153207694,871775.9594400703,0.8177276973077914,0.1822721218892557,1.8080295301788168e-07,2.999999930460403,1.0,0.955004662795684,1.0,1.0,0.0,0.0,0.8336483931947068
2.0,0.0014017374183467723,712.400375071255,11739.044335230872,790742.0264211516,0.8267017222391836,0.1732980664130674,2.1134774913512093e-07,2.9999999187124042,1.0,0.955004664665583,1.0,1.0,0.0,0.0,0.8336483931947068
2.0,0.0014905046433861975,669.9137099554106,10650.744664385402,717434.1605930007,0.8353228884506747,0.16467686460328962,2.469460354588798e-07,2.9999999050207555,1.0,0.9550046668448477,1.0,1.0,0.0,0.0,0.8336483931947068
2.0,0.001584893192461114,629.957344480193,9665.84507110524,651091.323989649,0.8435963043574412,0.156403407221951,2.8842060787474545e-07,2.999999889068997,1.0,0.9550046693838485,1.0,1.0,0.0,0.0,0.8336483931947068
2.0,0.001685259044750751,592.3805862753281,8774.203744527771,591030.3642313906,0.8515279319030851,0.14847173137012362,3.36726791097606e-07,2.9999998704896957,1.0,0.9550046723410685,1.0,1.0,0.0,0.0,0.8336483931947068
2.0,0.0017919807223753359,557.0417174769958,7966.711966454057,536637.7180603453,0.8591244851786419,0.1408751218477085,3.9297364972012317e-07,2.9999998488562887,1.0,0.9550046757844028,1.0,1.0,0.0,0.0,0.8336483931947068
2.0,0.0019054607179632482,523.8074602497724,7235.184552066959,487362.0314272304,0.8663933321518945,0.1336062093995235,4.584485822692002e-07,2.999999823673622,1.0,0.9550046797926638,1.0,1.0,0.0,0.0,0.8336483931947068
2.0,0.0020261270126211432,492.55247413948064,6572.262352050049,442707.5920340913,0.8733424003132855,0.126657065040878,5.346458367815633e-07,2.999999794366986,1.0,0.9550046844573266,1.0,1.0,0.0,0.0,0.8336483931947068
2.0,0.002154434690031887,463.1588833612772,5971.325449016886,402228.4822457774,0.8799800868846074,0.12001928981582033,6.23299572031202e-07,2.9999997602693953,1.0,0.9550046898845533,1.0,1.0,0.0,0.0,0.8336483931947068
2.0,0.0022908676527677745,435.5158322401657,5426.415838799396,365523.3709015273,0.8863151740864263,0.11368409949138583,7.264221877676961e-07,2.999999720606851,1.0,0.9550046961975399,1.0,1.0,0.0,0.0,0.8336483931947068
2.0,0.002435940447292027,409.5190671273079,4932.168526528463,332230.87194695725,0.8923567498217941,0.10764240382944343,8.463487623159339e-07,2.9999996744812454,1.0,0.9550047035392357,1.0,1.0,0.0,0.0,0.8336483931947068
2.0,0.002590200204531328,385.0705432153807,4483.750090669057,302025.40610746766,0.8981141340086367,0.10188488020279428,9.85788569147991e-07,2.9999996208505504,1.0,0.9550047120754978,1.0,1.0,0.0,0.0,0.8336483931947068
2.0,0.002754228703338169,362.078054770101,4076.803877106334,274613.5091618826,0.9035968106819547,0.09640204143324661,1.1478847984683651e-06,2.9999995585058468,1.0,0.9550047219987468,1.0,1.0,0.0,0.0,0.8336483931947068
2.0,0.0029286445646252374,340.4548873833601,3707.401081669648,249730.5368612675,0.9088143658899359,0.09118429782627538,1.3362837888157716e-06,2.999999486044697,1.0,0.9550047335322054,1.0,1.0,0.0,0.0,0.8336483931947068
2.0,0.0031141055844467647,320.1194909364817,3371.99706458954,227137.72227075143,0.9137764313249722,0.08622201345974645,1.5552152810731498e-06,2.9999994018402765,1.0,0.9550047469348113,1.0,1.0,0.0,0.0,0.8336483931947068
2.0,0.0033113112148259144,300.9951720402013,3067.392315602324,206619.54637897253,0.9184926335609839,0.0815055568535684,1.8095854476061383e-06,2.999999304005597,1.0,0.955004762506912,1.0,1.0,0.0,0.0,0.8336483931947068
2.0,0.003521005201684521,283.00980479142135,2790.6975548964083,187981.38729782208,0.9229725487114615,0.07702534620381098,2.1050847277478294e-06,2.999999190352028,1.0,0.9550047805968668,1.0,1.0,0.0,0.0,0.8336483931947068
2.0,0.0037439783898238106,266.09555875589854,2539.3025138489675,171047.41733286643,0.9272256622774073,0.0727718894097693,2.4483128235728937e-06,2.9999990583412215,1.0,0.9550048016086983,1.0,1.0,0.0,0.0,0.8336483931947068
2.0,0.003981071705534978,250.1886431509577,2310.847991429433,155658.7207026866,0.9312613339197089,0.06873581915670735,2.8469235838775853e-06,2.9999989050293907,1.0,0.9550048260109626,1.0,1.0,0.0,0.0,0.8336483931947068
2.0,0.004233179328088211,235.22906626344604,2103.2008280444206,141671.60777707217,0.9350887668653166,0.0649079233417455,3.3097929376358907e-06,2.9999987270027164,1.0,0.9550048543470298,1.0,1.0,0.0,0.0,0.8336483931947068
2.0,0.004501252062061337,221.16040919558114,1914.4314791697225,128956.1044368725,0.9387169816397603,0.061279171146699535,3.847213540359665e-06,2.9999985203024844,1.0,0.9550048872469995,1.0,1.0,0.0,0.0,0.8336483931947068
2.0,0.00478630092322639,207.92961308540367,1742.7939069825525,117394.59757434473,0.9421547938088419,0.057840735070779394,4.471120378666534e-06,2.999998280338316,1.0,0.9550049254415129,1.0,1.0,0.0,0.0,0.8336483931947068
2.0,0.0050894009515180935,195.48677899934663,1586.7075399204105,106880.61988903885,0.9454107954087577,0.054584009238989775,5.195352252601042e-06,2.999998001787595,1.0,0.9550049697777598,1.0,1.0,0.0,0.0,0.8336483931947068
2.0,0.0054116952654646375,183.78497974222907,1444.741078139074,97317.75902344803,0.9484933397452954,0.05150062429986814,6.035954836509264e-06,2.999997678478909,1.0,0.9550050212380319,1.0,1.0,0.0,0.0,0.8336483931947068
2.0,0.005754399373371578,172.78008287493728,1315.5979476505454,88618.67775374073,0.9514105292482826,0.04858245921979251,7.011531924502802e-06,2.999997303256952,1.0,0.9550050809612259,1.0,1.0,0.0,0.0,0.8336483931947068
2.0,0.006118805757518225,162.4305842723136,1198.1032278715456,80704.23342942732,0.9541702060761535,0.045821650271331095,8.143652515419277e-06,2.9999968678259554,1.0,0.9550051502677648,1.0,1.0,0.0,0.0,0.8336483931947068
2.0,0.006506288748655574,152.6974515935271,1091.1918967397369,73502.68616438868,0.9567799451766341,0.04321059750075802,9.457322607453824e-06,2.9999963625682278,1.0,0.955005230688481,1.0,1.0,0.0,0.0,0.8336483931947068
2.0,0.006918309709189377,143.5439770745925,993.8982547538706,66948.98644022072,0.9592470495224256,0.040741968945593864,1.0981531980658693e-05,2.9999957763338534,1.0,0.9550053239980901,1.0,1.0,0.0,0.0,0.8336483931947068
2.0,0.007356422544596421,134.93563908785242,905.3464045261753,60984.13380888317,0.961578547254711,0.038408702857412165,1.2749887876810993e-05,2.9999950961969706,1.0,0.9550054322539849,1.0,1.0,0.0,0.0,0.8336483931947068
2.0,0.00782227956386003,126.8399719463023,824.7416759310026,55554.59929071234,0.9637811904819288,0.03620400816869484,1.4801349376071415e-05,2.999994307173317,1.0,0.9550055578411942,1.0,1.0,0.0,0.0,0.8336483931947068
2.0,0.008317637711026726,119.22644346174106,751.3628988960572,50611.804869638414,0.9658614554959162,0.03412136342562478,1.7181078459308485e-05,2.9999933918929003,1.0,0.9550057035244848,1.0,1.0,0.0,0.0,0.8336483931947068
2.0,0.008844365191386008,112.06633979496375,684.5554364902434,46111.6542019828,0.967825544181999,0.03215451439171985,1.994142628130369e-05,2.9999923302206613,1.0,0.9550058725087425,1.0,1.0,0.0,0.0,0.8336483931947068
2.0,0.009404448517263523,105.33265716371606,623.7249003734339,42014.109289154505,0.9696793864134623,0.030297470510419415,2.314307611808102e-05,2.999991098816878,1.0,0.9550060685089446,1.0,1.0,0.0,0.0,0.8336483931947068
2.0,0.01,99.0,568.3314790275006,38282.80842729244,0.9714286432337904,0.028544500398354496,2.685636785472401e-05,2.9999896706277482,1.0,0.955006295831248,1.0,1.0,0.0,0.0,0.8336483931947068
2.0,0.010633265716371628,93.04448517263504,517.8848166072253,34884.721246662695,0.9730787106419456,0.026890126525233,3.116283282160877e-05,2.9999880142950683,1.0,0.9550065594669543,1.0,1.0,0.0,0.0,0.8336483931947068
2.0,0.011306633979496399,87.4436519138599,471.9393868428159,31789.83709773208,0.9746347238064621,0.025329119221186067,3.615697235179792e-05,2.9999860934721725,1.0,0.9550068652014002,1.0,1.0,0.0,0.0,0.8336483931947068
2.0,0.012022644346174132,82.17637711026708,430.0903122877944,28970.88343570583,0.976101561543146,0.023856490138135594,4.194831871846958e-05,2.999983866031262,1.0,0.9550072197401346,1.0,1.0,0.0,0.0,0.8336483931947068
2.0,0.012783997194630256,77.22279563860013,391.9695844214008,26403.07120662556,0.977483850898447,0.022467485278321233,4.8663823231987704e-05,2.9999812831449106,1.0,0.95500763085513,1.0,1.0,0.0,0.0,0.8336483931947068
2.0,0.013593563908785269,72.56422544596407,357.2426447573273,24063.864550853566,0.9787859716860415,0.021157577690595897,5.64506233624438e-05,2.999978288221784,1.0,0.955008107554201,1.0,1.0,0.0,0.0,0.8336483931947068
2.0,0.01445439770745928,68.18309709189363,325.6052912462103,21932.772418344724,0.9800120608275659,0.01992245992347797,6.54792489562921e-05,2.9999748156734785,1.0,0.9550086602773119,1.0,1.0,0.0,0.0,0.8336483931947068
2.0,0.01536974515935274,64.06288748655561,296.7808779455527,19991.159938412427,0.9811660163496597,0.018758036313231176,7.594733710936635e-05,2.9999707894857273,1.0,0.9550093011240318,1.0,1.0,0.0,0.0,0.8336483931947068
2.0,0.016343058427231393,60.18805757518213,270.5177792185077,18222.07760815868,0.9822515008883475,0.017660415175408232,8.808393624409975e-05,2.999966121562983,1.0,0.9550100441170729,1.0,1.0,0.0,0.0,0.8336483931947068
2.0,0.017378008287493762,56.543993733715666,246.58709265732801,16610.106561397613,0.9832719445480363,0.01662590095931578,0.00010215449264766023,2.9999607098105203,1.0,0.9550109055076255,1.0,1.0,0.0,0.0,0.8336483931947068
2.0,0.018478497974222945,53.11695265464626,224.78055754796105,15141.218356430656,0.9842305469558738,0.01565098641670002,0.00011846662742637983,2.999954435912528,1.0,0.9550119041291043,1.0,1.0,0.0,0.0,0.8336483931947068
2.0,0.0196486778999347,49.894009515180834,204.90866803428645,13802.647878789536,0.985130278342603,0.014732344828570297,0.00013737682882658894,2.9999471627581435,1.0,0.9550130618069618,1.0,1.0,0.0,0.0,0.8336483931947068
2.0,0.02089296130854041,46.8630092322638,186.79896223493841,12582.778096145452,0.9859738794680573,0.013866822327428285,0.00015929820451430964,2.9999387314598023,1.0,0.9550144038334342,1.0,1.0,0.0,0.0,0.8336483931947068
2.0,0.022216040919558117,44.012520620613365,170.29447043994435,11471.03552883465,0.9867638601926941,0.0130514303462068,0.0001847094610991444,2.999928957899577,1.0,0.9550159595174721,1.0,1.0,0.0,0.0,0.8336483931947068
2.0,0.023622906626344652,41.331793280882025,155.25230719272662,10457.795412502064,0.9875024964757146,0.012283338219893318,0.00021416530439213345,2.99991762872908,1.0,0.9550177628217219,1.0,1.0,0.0,0.0,0.8336483931947068
2.0,0.025118864315095822,38.81071705534969,141.54239356693404,9534.295630668677,0.9881918255547961,0.01155986596107422,0.00024830848412940587,2.9999044967368733,1.0,0.9550198531002804,1.0,1.0,0.0,0.0,0.8336483931947068
2.0,0.026709555875589854,36.439783898238105,129.04629729600697,8692.55858585903,0.9888336390317909,0.010878477226436709,0.00028788374177215727,2.999889275483934,1.0,0.9550222759530879,1.0,1.0,0.0,0.0,0.8336483931947068
2.0,0.028400980479142194,34.21005201684514,117.6561796232634,7925.320259423022,0.9894294735522482,0.010236772487563271,0.0003337539601884027,2.9998716330922353,1.0,0.9550250842153007,1.0,1.0,0.0,0.0,0.8336483931947068
2.0,0.030199517204020192,32.11311214825908,107.27383882647942,7225.965783351654,0.9899805987235967,0.009632482416101736,0.00038691886030149837,2.99985118505373,1.0,0.9550283391028289,1.0,1.0,0.0,0.0,0.8336483931947068
2.0,0.032111949093648236,30.141055844467587,97.80984134673514,6588.470913116079,0.9904880018664279,0.009063461490553348,0.00044853664301898683,2.9998274859065313,1.0,0.9550321115385093,1.0,1.0,0.0,0.0,0.8336483931947068
2.0,0.034145488738336074,28.286445646252314,89.18273232844956,6007.348849644362,0.9909523691346479,0.00852768182945211,0.0005199490358999656,2.999800019601577,1.0,0.9550364836871529,1.0,1.0,0.0,0.0,0.8336483931947068
2.0,0.03630780547701017,26.542287033381633,81.3183181664587,5477.601911692657,0.9913740624722717,0.008023227253573934,0.0006027102741544225,2.9997681883560947,1.0,0.9550415507320382,1.0,1.0,0.0,0.0,0.8336483931947068
2.0,0.03860705432153815,24.902002045313225,74.14901436601993,4994.677607695102,0.9917530917961429,0.007548287577980269,0.0006986206258767101,2.9997312997592784,1.0,0.9550474229303918,1.0,1.0,0.0,0.0,0.8336483931947068
2.0,0.04105190671273087,23.359404472920218,67.61325266100286,4554.4286992451525,0.992089081703676,0.007101153133138454,0.0008097651631854767,2.9996885518603134,1.0,0.9550542279910816,1.0,1.0,0.0,0.0,0.8336483931947068
2.0,0.04365158322401665,21.908676527677702,61.654941911586775,4153.076887164485,0.9923812319014057,0.006680209513038313,0.0009385585855559053,2.9996390159286324,1.0,0.9550621138242473,1.0,1.0,0.0,0.0,0.8336483931947068
2.0,0.04641588833612782,20.54434690031882,56.22297782210104,3787.1797860967263,0.9926282704323409,0.006283932547118782,0.0010877970205403094,2.9995816165305613,1.0,0.9550712517199956,1.0,1.0,0.0,0.0,0.8336483931947068
2.0,0.04935524741394806,19.261270126211436,51.27079698804941,3453.600885115008,0.992828398646328,0.005910883491904916,0.0012607178617668462,2.999515108514705,1.0,0.9550818400216967,1.0,1.0,0.0,0.0,0.8336483931947068
2.0,0.052480746024977334,18.054607179632445,46.755971204042936,3149.4822203043323,0.9929792267064426,0.005559704437512953,0.00146106885604424,2.999438050439983,1.0,0.9550941083689457,1.0,1.0,0.0,0.0,0.8336483931947068
2.0,0.05580417174769969,16.91980722375332,42.63983834600501,2872.219510986897,0.9930776982544824,0.005229113923592453,0.001693187821925165,2.9993487739146443,1.0,0.955108322595983,1.0,1.0,0.0,0.0,0.8336483931947068
2.0,0.05933805862753281,15.85259044750751,38.88716648573306,2619.439534478979,0.9931200026688932,0.004917902758822079,0.0019620945722846053,2.9992453482414287,1.0,0.9551247903834096,1.0,1.0,0.0,0.0,0.8336483931947068
2.0,0.06309573444801943,14.84893192461111,35.46584820743968,2388.9795352531364,0.9931014731382529,0.00462493003774708,0.0022735968240002653,2.9991255396830767,1.0,0.955143867774446,1.0,1.0,0.0,0.0,0.8336483931947068
2.0,0.06709137099554119,13.905046433861946,32.346622377550624,2178.86848335181,0.9930164685428534,0.004349119348528944,0.0026344121086175364,2.998986764573609,1.0,0.9551659666818174,1.0,1.0,0.0,0.0,0.8336483931947068
2.0,0.07134003750712564,13.017374183467695,29.502820873797226,1987.310014058981,0.9928582368871455,0.004089455165063073,0.003052307947791558,2.9988260354046954,1.0,0.9551915635275721,1.0,1.0,0.0,0.0,0.8336483931947068
2.0,0.07585775750291851,12.182567385564047,26.910138010165774,1812.6668963647664,0.9926187577595248,0.0038449794169013443,0.0035362628235737392,2.99863989891401,1.0,0.9552212091756884,1.0,1.0,0.0,0.0,0.8336483931947068
2.0,0.08066156921766143,11.397477630289428,24.546420602935427,1653.4468918137304,0.9922885610183059,0.003614788230488278,0.004096650751205884,2.99842436509569,1.0,0.955255540335956,1.0,1.0,0.0,0.0,0.8336483931947068
2.0,0.08576958985908946,10.659144011798311,22.39147681200086,1508.289878056378,0.9918565186218937,0.0033980288353806956,0.0047454525427255935,2.9981748259451058,1.0,0.9552952926369709,1.0,1.0,0.0,0.0,0.8336483931947068
2.0,0.09120108393559115,9.964781961431829,20.426902062855376,1375.9561229539381,0.991309606250004,0.0031938966293719928,0.00549649712062402,2.997885962645914,1.0,0.9553413155855356,1.0,1.0,0.0,0.0,0.8336483931947068
2.0,0.09697653591082506,9.311772745930538,18.635920509724862,1255.3156055350667,0.9906326311200347,0.0030016323967861592,0.006365736483178993,2.997551639814162,1.0,0.9553945896483664,1.0,1.0,0.0,0.0,0.8336483931947068
2.0,0.1031177274593056,8.697653591082485,17.003240640951688,1145.3382895745058,0.9898079222155227,0.0028205196746504614,0.007371558109826541,2.9971647853423744,1.0,0.95545624570838,1.0,1.0,0.0,0.0,0.8336483931947068
2.0,0.1096478196143185,8.120108393559097,15.514923755222753,1045.0852641518047,0.9888149790500069,0.002649882262008516,0.008535138687984476,2.9967172543507754,1.0,0.9555275871599785,1.0,1.0,0.0,0.0,0.8336483931947068
2.0,0.11659144011798335,7.576958985908929,14.158264152867602,953.7006733371617,0.9876300751420528,0.0024890818683089757,0.009880842989638636,2.996199675773216,1.0,0.9556101149128856,1.0,1.0,0.0,0.0,0.8336483931947068
2.0,0.12397477630289454,7.066156921766128,12.921679991357118,870.4043642178154,0.9862258126468284,0.0023375158976153415,0.011436671455556064,2.9956012802094016,1.0,0.9557055555683346,1.0,1.0,0.0,0.0,0.8336483931947068
2.0,0.13182567385564073,6.585775750291837,11.794613849320221,794.4851888902101,0.9845706251715922,0.002194615366346199,0.013234759462062193,2.9949097078992066,1.0,0.9558158930095986,1.0,1.0,0.0,0.0,0.8336483931947068
2.0,0.14017374183467723,6.13400375071255,10.767442129786767,725.2949018624366,0.9826282268219829,0.002059842953392113,0.015311930224625014,2.994110796067452,1.0,0.95594340360397,1.0,1.0,0.0,0.0,0.8336483931947068
2.0,0.14905046433861976,5.7091370995541055,9.831392511776645,662.2425995932748,0.98035700714562,0.0019326911827837285,0.017710301671595728,2.9931883455109247,1.0,0.9560906951361986,1.0,1.0,0.0,0.0,0.8336483931947068
2.0,0.15848931924611143,5.30957344480193,8.978468730535447,604.7896536888677,0.9777093740661003,0.0018126807406210071,0.02047794519327891,2.9921238672333543,1.0,0.9562607494721803,1.0,1.0,0.0,0.0,0.8336483931947068
2.0,0.16852590447507546,4.933805862753268,8.201382031331551,552.4450936304933,0.9746310503931226,0.0016993589297246694,0.023669590677152692,2.9908963112780182,1.0,0.9564569687711767,1.0,1.0,0.0,0.0,0.8336483931947068
2.0,0.1791980722375336,4.580417174769957,7.493488700376494,504.76139885736063,0.9710603343691716,0.0015922982674308073,0.02734736736339724,2.989481781783309,1.0,0.9566832248060851,1.0,1.0,0.0,0.0,0.8336483931947068
2.0,0.19054607179632482,4.248074602497723,6.848733129652592,461.3306636133986,0.9669273413446722,0.0014910952340890348,0.03158156342123734,2.9878532448379858,1.0,0.9569439105910981,1.0,1.0,0.0,0.0,0.8336483931947068
2.0,0.20261270126211475,3.9355247413947962,6.2615959207111,421.7811012190997,0.9621532524884756,0.001395369182075782,0.03645137832944966,2.985980239104058,1.0,0.9572439930270281,1.0,1.0,0.0,0.0,0.8336483931947068
2.0,0.21544346900318867,3.641588833612772,5.727046576272771,385.77385737773386,0.9566496078967479,0.0013047614173729216,0.042045630685876405,2.983828603582355,1.0,0.9575890646254113,1.0,1.0,0.0,0.0,0.8336483931947068
2.0,0.22908676527677746,3.3651583224016566,5.240500368108442,353.0001047957847,0.950317696007823,0.0012189344677838397,0.04846336952439206,2.9813602424906183,1.0,0.9579853915297485,1.0,1.0,0.0,0.0,0.8336483931947068
2.0,0.2435940447292027,3.1051906712730784,4.797779005546255,323.17839381359573,0.9430481092220981,0.0011375715533473618,0.05581431922455534,2.9785329541444017,1.0,0.9584399539834564,1.0,1.0,0.0,0.0,0.8336483931947068
2.0,0.25902002045313277,2.8607054321538072,4.395074761348193,296.0522359244143,0.9347205572125391,0.0010603762750021797,0.06421906651246115,2.975300359033669,1.0,0.9589604740736076,1.0,1.0,0.0,0.0,0.8336483931947068
2.0,0.2754228703338169,2.63078054770101,4.028917740903454,271.38789902725665,0.9252040543372335,0.0009870725364016263,0.0738088731263645,2.9716119718744753,1.0,0.9595554239980317,1.0,1.0,0.0,0.0,0.8336483931947068
2.0,0.29286445646252374,2.4145488738336005,3.6961460069475613,248.97239502798774,0.9143576249031203,0.0009174047101164467,0.08472497038675897,2.9674134729281696,1.0,0.9602340062824579,1.0,1.0,0.0,0.0,0.8336483931947068
2.0,0.31141055844467647,2.2111949093648176,3.39387829557585,228.61164198998924,0.9020316978126128,0.0008511380521944917,0.09711716413518932,2.9626472445633887,1.0,0.9610060953877169,1.0,1.0,0.0,0.0,0.8336483931947068
2.0,0.33113112148259144,2.019951720402013,3.1194890804152324,210.12878445677006,0.8880703868980367,0.0007880593568688924,0.11114155374510067,2.9572532485595766,1.0,0.9618821281486011,1.0,1.0,0.0,0.0,0.8336483931947068
2.0,0.3521005201684521,1.8400980479142133,2.8705857607124594,193.36265684159127,0.8723148695751224,0.0007279778247095079,0.12695715260015744,2.9511703259230164,1.0,0.9628729287454356,1.0,1.0,0.0,0.0,0.8336483931947068
2.0,0.3743978389823818,1.6709555875589799,2.6449877661034953,178.16637592473145,0.8546080764699717,0.000670726091389842,0.14472119743864081,2.9443380009851383,1.0,0.9639894528509038,1.0,1.0,0.0,0.0,0.8336483931947068
2.0,0.39810717055349776,1.511886431509577,2.4407073863526176,164.40604954471232,0.8348008779321281,0.0006161613296654976,0.164582960738203,2.9366988612545373,1.0,0.9652424358309597,1.0,1.0,0.0,0.0,0.8336483931947068
2.0,0.42331793280882113,1.3622906626344604,2.2559321489309228,151.95958955198697,0.8127598871581515,0.0005641662943696275,0.18667594654747793,2.928201559020201,1.0,0.966641932224383,1.0,1.0,0.0,0.0,0.8336483931947068
2.0,0.45012520620613455,1.221604091955807,2.0890085816793706,140.7156180619224,0.7883768804872707,0.0005146501313216915,0.21110846938139638,2.918804434853309,1.0,0.9681967391630051,1.0,1.0,0.0,0.0,0.8336483931947068
2.0,0.47863009232263903,1.0892961308540365,1.9384272129214697,130.57245706239019,0.7615796518220536,0.0004675487209299641,0.2379527994570163,2.908479692516532,1.0,0.9699137059551844,1.0,1.0,0.0,0.0,0.8336483931947068
2.0,0.5089400951518094,0.9648677899934661,1.8028086784502817,121.43719258041098,0.7323438654318789,0.0004228242845436083,0.26723331028355074,2.8972179575832495,1.0,0.9717969465727384,1.0,1.0,0.0,0.0,0.8336483931947068
2.0,0.5411695265464638,0.8478497974222905,1.6808908251497625,113.224805982088,0.700705158474568,0.00038046395899067555,0.29891437756643957,2.8850329317052155,1.0,0.9738469914868093,1.0,1.0,0.0,0.0,0.8336483931947068
2.0,0.5754399373371578,0.7378008287493727,1.5715167259168614,105.85736665775978,0.6667704013063251,0.00034047705837377565,0.33288912163530493,2.8719657224479596,1.0,0.9760599392608903,1.0,1.0,0.0,0.0,0.8336483931947068
2.0,0.6118805757518225,0.6343058427231361,1.4736235508728952,99.26328238679822,0.6307267069719339,0.0003028908092038001,0.36897040221883454,2.85808830683891,1.0,0.9784266938275594,1.0,1.0,0.0,0.0,0.8336483931947068
2.0,0.6506288748655573,0.536974515935271,1.386232275420555,93.37660607232858,0.5928465755221642,0.0002677444785891881,0.40688567999927183,2.843505507692588,1.0,0.9809323955413388,1.0,1.0,0.0,0.0,0.8336483931947068
2.0,0.6918309709189376,0.445439770745925,1.3084382445867084,88.13640015536068,0.5534875655566629,0.00023508201791091072,0.4462773524253945,2.8283548644517715,1.0,0.9835561659169282,1.0,1.0,0.0,0.0,0.8336483931947068
2.0,0.7356422544596422,0.359356390878524,1.2394026509794143,83.48616256997335,0.5130851988450063,0.00020494360028348199,0.48670985755467827,2.8128039009405086,1.0,0.9862712794421666,1.0,1.0,0.0,0.0,0.8336483931947068
2.0,0.782227956386003,0.278399719463023,1.1783450137031217,79.37332012304228,0.4721384732034872,0.0001773566999379478,0.5276841700965432,2.7970445499628678,1.0,0.989045844346705,1.0,1.0,0.0,0.0,0.8336483931947068
2.0,0.8317637711026725,0.20226443461741073,1.124536758996769,75.74879608602235,0.43118834710980125,0.000152327585006214,0.5686593253051255,2.781284874882644,1.0,0.9918440156699148,1.0,1.0,0.0,0.0,0.8336483931947068
2.0,0.8844365191386008,0.13066339794963766,1.0772959916609395,72.56665799828089,0.3907907182490018,0.00012983420255464033,0.6090794475484802,2.7657386740198153,1.0,0.9946276841024716,1.0,1.0,0.0,0.0,0.8336483931947068
2.0,0.9404448517263523,0.06332657163716049,1.035983504262895,69.78384884714862,0.35148649863595527,0.00010982136958300491,0.6484036799943708,2.7506139692329343,1.0,0.9973584975136907,1.0,1.0,0.0,0.0,0.8336483931947068
2.0,1.0,0.0,0.9999999999999558,67.35999999999703,0.31377210267378836,9.219892755014178e-05,0.6861356983987379,2.736101654462024,1.0,1.0,1.0,1.0,0.0,0.0,0.8336483931947068
