ell,TT,EE,BB,TE
0.000000000000000000e+00,0.000000000000000000e+00,0.000000000000000000e+00,0.000000000000000000e+00,0.000000000000000000e+00
1.000000000000000000e+00,0.000000000000000000e+00,0.000000000000000000e+00,0.000000000000000000e+00,0.000000000000000000e+00
2.000000000000000000e+00,1.036896915657502404e+03,3.115376861388098259e-02,1.837271222101527248e-06,2.615617847444442923e+00
3.000000000000000000e+00,9.790451972145929176e+02,4.003752040880832752e-02,3.675001682990338143e-06,2.947879515513662785e+00
4.000000000000000000e+00,9.248823671663036521e+02,3.473841160185561772e-02,6.126019678179157529e-06,2.768514598921737679e+00
5.000000000000000000e+00,8.845073771616258682e+02,2.322093339385587762e-02,9.190927368718569099e-06,2.359920536194481500e+00
6.000000000000000000e+00,8.569162801177769779e+02,1.301008938693966506e-02,1.287046875857671786e-05,1.903097894655876532e+00
7.000000000000000000e+00,8.391477789806542660e+02,7.034022278561010214e-03,1.716552396552410145e-05,1.495517613580629623e+00
8.000000000000000000e+00,8.283977391999904967e+02,4.532766322601728889e-03,2.207710253927879404e-05,1.181733710982261210e+00
9.000000000000000000e+00,8.233189765753357960e+02,3.637733386926224333e-03,2.760633571372223929e-05,9.711478010021664664e-01
1.000000000000000000e+01,8.222336885917153495e+02,3.108240953988287633e-03,3.375446781604066209e-05,8.531272247459662506e-01
1.100000000000000000e+01,8.239677441630482235e+02,2.625917620804973582e-03,4.052284681416326134e-05,8.090704367036423150e-01
1.200000000000000000e+01,8.283675606608130693e+02,2.303894269594265656e-03,4.791291410047867174e-05,8.176934594709655002e-01
1.300000000000000000e+01,8.347850778872159481e+02,2.222551284295673502e-03,5.592619358100972847e-05,8.582662882798176573e-01
1.400000000000000000e+01,8.422871431883486366e+02,2.321700683308473064e-03,6.456428025105065166e-05,9.139248883225107312e-01
1.500000000000000000e+01,8.507616819377442425e+02,2.514021644320296300e-03,7.382882824507571221e-05,9.750440551747000528e-01
1.600000000000000000e+01,8.604826162864684420e+02,2.781491761870345542e-03,8.372153843402806975e-05,1.037258781514378780e+00
1.700000000000000000e+01,8.714134666273572520e+02,3.165793843732896563e-03,9.424414591320316541e-05,1.099896427431437118e+00
1.800000000000000000e+01,8.823029739457233518e+02,3.703885660813609204e-03,1.053984071561572556e-04,1.162529440024264726e+00
1.900000000000000000e+01,8.954126858587663946e+02,4.410188594194223120e-03,1.171860871117722219e-04,1.230476718416985582e+00
2.000000000000000000e+01,9.084014767108895967e+02,5.265212353731596115e-03,1.296089465190544557e-04,1.300737068679151509e+00
2.100000000000000000e+01,9.217581417052232382e+02,6.255966016774998882e-03,1.426687290398356183e-04,1.375150683268218099e+00
2.200000000000000000e+01,9.356103594722105754e+02,7.388241202414185492e-03,1.563671489011565167e-04,1.451173223761774489e+00
2.300000000000000000e+01,9.495591723193451799e+02,8.661182276623618018e-03,1.707058788933291538e-04,1.527551403369558303e+00
2.400000000000000000e+01,9.639025328704341291e+02,1.007756692458531417e-02,1.856865388220688422e-04,1.602780709294620909e+00
2.500000000000000000e+01,9.788282012605260434e+02,1.163044449934458845e-02,2.013106844548235837e-04,1.668603638124154021e+00
2.600000000000000000e+01,9.938874904112396962e+02,1.332241533777122310e-02,2.175797965744273761e-04,1.727797735819276204e+00
2.700000000000000000e+01,1.009405163044561050e+03,1.517938024854511778e-02,2.344952719989262411e-04,1.781076994094929589e+00
2.800000000000000000e+01,1.025136108051527799e+03,1.721010610874031468e-02,2.520584141808091070e-04,1.823944468781319994e+00
2.900000000000000000e+01,1.041087883459716750e+03,1.943024709686862195e-02,2.702704253408274183e-04,1.862360971285726308e+00
3.000000000000000000e+01,1.057541503632354761e+03,2.185487440789870422e-02,2.891323996905867757e-04,1.890190687394710078e+00
3.100000000000000000e+01,1.073814048057429773e+03,2.448070396275271038e-02,3.086453164520861847e-04,1.916439863821665757e+00
3.200000000000000000e+01,1.090618050508785245e+03,2.733030631919275075e-02,3.288100357038740659e-04,1.934597222472709710e+00
3.300000000000000000e+01,1.107434311826217936e+03,3.038059177049739004e-02,3.496272946850175769e-04,1.945325327299729512e+00
3.400000000000000000e+01,1.124292443627703733e+03,3.366824427632100769e-02,3.710977036752150762e-04,1.951896094733911013e+00
3.500000000000000000e+01,1.141885684881385941e+03,3.717745663567877112e-02,3.932217451011809717e-04,1.943871165773002341e+00
3.600000000000000000e+01,1.159381840570632448e+03,4.091170346714275569e-02,4.159997733028098204e-04,1.929663314570914112e+00
3.700000000000000000e+01,1.177139113053216306e+03,4.489480788640146797e-02,4.394320142374804608e-04,1.902870006566925731e+00
3.800000000000000000e+01,1.195093322297381292e+03,4.912135673231103616e-02,4.635185675330663353e-04,1.865400078959212227e+00
3.900000000000000000e+01,1.213197415544440446e+03,5.359602285631989704e-02,4.882594089350757996e-04,1.817616568855160875e+00
4.000000000000000000e+01,1.231477334909411638e+03,5.832861865661679440e-02,5.136543968643922592e-04,1.758474693919318543e+00
4.100000000000000000e+01,1.249931793678175836e+03,6.332849331760223577e-02,5.397032730237753470e-04,1.687350969967094549e+00
4.200000000000000000e+01,1.268562011873890469e+03,6.860262497229636935e-02,5.664056709301782452e-04,1.605240134666805929e+00
4.300000000000000000e+01,1.287356837231599229e+03,7.415723139733333691e-02,5.937611224732867706e-04,1.513142237086237074e+00
4.400000000000000000e+01,1.306342260024097641e+03,7.999637554012004048e-02,6.217690671361962226e-04,1.410452842423756126e+00
4.500000000000000000e+01,1.325559127905544756e+03,8.612129697377773896e-02,6.504288577316727840e-04,1.296262993385802309e+00
4.600000000000000000e+01,1.344955649794571627e+03,9.253131334322532708e-02,6.797397719545724814e-04,1.170112686696068938e+00
4.700000000000000000e+01,1.364518037109844954e+03,9.922979317459379445e-02,7.097010219712639742e-04,1.031480527951468051e+00
4.800000000000000000e+01,1.384229002487267053e+03,1.062142460622889639e-01,7.403117650976660021e-04,8.798112334925433098e-01
4.900000000000000000e+01,1.404086115445945097e+03,1.134814382069125049e-01,7.715711142622381016e-04,7.146238420222682519e-01
5.000000000000000000e+01,1.424153800702244325e+03,1.210392777908531614e-01,8.034781528137640780e-04,5.355763406810816196e-01
5.100000000000000000e+01,1.444497082570246903e+03,1.288955681139097864e-01,8.360319415719339115e-04,3.426138419844954597e-01
5.200000000000000000e+01,1.465057101945088334e+03,1.370532375083733934e-01,8.692315342438452748e-04,1.366277952271529317e-01
5.300000000000000000e+01,1.485753313984576607e+03,1.455106524636768373e-01,9.030759889366989524e-04,-8.146366460381074259e-02
5.400000000000000000e+01,1.506557171777265012e+03,1.542669218676777088e-01,9.375643806307259369e-04,-3.116015306579508759e-01
5.500000000000000000e+01,1.527454984452289636e+03,1.633226398756466025e-01,9.726958134828858540e-04,-5.540963970576427977e-01
5.600000000000000000e+01,1.548552647988331273e+03,1.726724791775628154e-01,1.008469432904297164e-03,-8.098901824908862901e-01
5.700000000000000000e+01,1.569958993601470411e+03,1.823141698012667455e-01,1.044884435971993580e-03,-1.079885342007582683e+00
5.800000000000000000e+01,1.591642446843355629e+03,1.922484344115502897e-01,1.081940085841945733e-03,-1.364295194350013229e+00
5.900000000000000000e+01,1.613526861996043863e+03,2.024767382728238085e-01,1.119635720884810731e-03,-1.663045552691493789e+00
6.000000000000000000e+01,1.635602947216237226e+03,2.129931181126297757e-01,1.157970765596705743e-03,-1.975646215687564711e+00
6.100000000000000000e+01,1.657885139704596440e+03,2.237919604172396992e-01,1.196944740884099212e-03,-2.301604330098771189e+00
6.200000000000000000e+01,1.680371371627527878e+03,2.348690511676319592e-01,1.236557273162597684e-03,-2.640773073542558524e+00
6.300000000000000000e+01,1.703068447324610815e+03,2.462212690503984003e-01,1.276808103520335686e-03,-2.993106971935385552e+00
6.400000000000000000e+01,1.725968312818236882e+03,2.578447499544537225e-01,1.317697095137736934e-03,-3.358553102508357480e+00
6.500000000000000000e+01,1.749085197508550436e+03,2.697378583726477430e-01,1.359224241264091193e-03,-3.737117950702540270e+00
6.600000000000000000e+01,1.772449379139101666e+03,2.818925039786114861e-01,1.401389669786158023e-03,-4.128905940713756273e+00
6.700000000000000000e+01,1.796051337043032845e+03,2.943015187987638726e-01,1.444193650966739580e-03,-4.533573900434474169e+00
6.800000000000000000e+01,1.819867885447230947e+03,3.069549943501905243e-01,1.487636600710034313e-03,-4.950661177964396309e+00
6.900000000000000000e+01,1.843868408458419253e+03,3.198452510254885528e-01,1.531719084624023029e-03,-5.379736823422226699e+00
7.000000000000000000e+01,1.868037145122760194e+03,3.329653524956627253e-01,1.576441820395569010e-03,-5.820563014489577469e+00
7.100000000000000000e+01,1.892360182737023024e+03,3.463108388760582357e-01,1.621805679642622381e-03,-6.273121314048725417e+00
7.200000000000000000e+01,1.916935003755934531e+03,3.598774977260576491e-01,1.667811689831777801e-03,-6.738099998673151347e+00
7.300000000000000000e+01,1.941853510617465872e+03,3.736598790266737469e-01,1.714461033446079479e-03,-7.216146741573768786e+00
7.400000000000000000e+01,1.967103607260055696e+03,3.876465908260955939e-01,1.761755047755152962e-03,-7.706839531367640106e+00
7.500000000000000000e+01,1.992665767747637801e+03,4.018254991636054374e-01,1.809695223354670967e-03,-8.209422080593883564e+00
7.600000000000000000e+01,2.018480443831419961e+03,4.161824213178156318e-01,1.858283201497128081e-03,-8.723120942506652042e+00
7.700000000000000000e+01,2.044431999332572786e+03,4.307068622462823515e-01,1.907520771850585405e-03,-9.246559189274687895e+00
7.800000000000000000e+01,2.070520771310760665e+03,4.453870211402757295e-01,1.957409869160255719e-03,-9.779434704917100873e+00
7.900000000000000000e+01,2.096806522493607645e+03,4.602118411751560112e-01,2.007952565842060621e-03,-1.032174251444236290e+01
8.000000000000000000e+01,2.123326729542993689e+03,4.751702667501063737e-01,2.059151072918034408e-03,-1.087362621864729739e+01
8.100000000000000000e+01,2.150118464638923342e+03,4.902510583736092165e-01,2.111007730641194496e-03,-1.143499107429649619e+01
8.200000000000000000e+01,2.177194899782351968e+03,5.054437228152608430e-01,2.163525004232587715e-03,-1.200553176710095471e+01
8.300000000000000000e+01,2.204531661007932598e+03,5.207360974410149002e-01,2.216705478390858415e-03,-1.258507605982343414e+01
8.400000000000000000e+01,2.232126658917422901e+03,5.361167639953767772e-01,2.270551851186922588e-03,-1.317315459714515846e+01
8.500000000000000000e+01,2.259970375419621178e+03,5.515735630087331698e-01,2.325066927629051462e-03,-1.376966945896190531e+01
8.600000000000000000e+01,2.288057927679315526e+03,5.670963980070480304e-01,2.380253613667610360e-03,-1.437408728780625289e+01
8.700000000000000000e+01,2.316358404527948551e+03,5.826715341232944212e-01,2.436114909690356104e-03,-1.498584144066595414e+01
8.800000000000000000e+01,2.344852958684712576e+03,5.982858139632426520e-01,2.492653904695016007e-03,-1.560430125822038327e+01
8.900000000000000000e+01,2.373552456487771451e+03,6.139260820470719970e-01,2.549873770768320072e-03,-1.622891038944161224e+01
9.000000000000000000e+01,2.402460336276599264e+03,6.295747278691363746e-01,2.607777756498789318e-03,-1.685926107687594566e+01
9.100000000000000000e+01,2.431586731362387582e+03,6.452180625258087110e-01,2.666369182576045892e-03,-1.749474005540461263e+01
9.200000000000000000e+01,2.460931411873910747e+03,6.608409922311627716e-01,2.725651435497997415e-03,-1.813510048201816005e+01
9.300000000000000000e+01,2.490508271500795672e+03,6.764286307527240805e-01,2.785627964260680572e-03,-1.877981572613510153e+01
9.400000000000000000e+01,2.520308919709389556e+03,6.919683225997167453e-01,2.846302275753472780e-03,-1.942865632494703476e+01
9.500000000000000000e+01,2.550347251944005166e+03,7.074444432347080092e-01,2.907677930904579121e-03,-2.008109571722340903e+01
9.600000000000000000e+01,2.580614879615890914e+03,7.228428561370997540e-01,2.969758541898757064e-03,-2.073668166266144297e+01
9.700000000000000000e+01,2.611110843584796385e+03,7.381486843487362615e-01,3.032547769531758648e-03,-2.139496196023411301e+01
9.800000000000000000e+01,2.641841614229101651e+03,7.533463105210287392e-01,3.096049321489975290e-03,-2.205548445005415914e+01
9.900000000000000000e+01,2.672783949753822526e+03,7.684216054639302351e-01,3.160266951099744218e-03,-2.271772273174894252e+01
1.000000000000000000e+02,2.703951751390929530e+03,7.833626710210337407e-01,3.225204457032553908e-03,-2.338115044985333668e+01
1.010000000000000000e+02,2.735336636634008300e+03,7.981546402618017177e-01,3.290865682686652458e-03,-2.404524129571227320e+01
1.020000000000000000e+02,2.766937652664412326e+03,8.127752205039820987e-01,3.357254517291772405e-03,-2.470969185990187356e+01
1.030000000000000000e+02,2.798738991314177383e+03,8.272244067439707971e-01,3.424374896978345326e-03,-2.537367879912750368e+01
1.040000000000000000e+02,2.830739702469313215e+03,8.414724832301816448e-01,3.492230806723974762e-03,-2.603682452368688161e+01
1.050000000000000000e+02,2.862931409010207062e+03,8.555120219359024780e-01,3.560826282821104652e-03,-2.669852864788323643e+01
1.060000000000000000e+02,2.895305735142243975e+03,8.693281691757267504e-01,3.630165415398975068e-03,-2.735811655896831240e+01
1.070000000000000000e+02,2.927854306365826687e+03,8.829135023187433262e-01,3.700252351933379803e-03,-2.801513655308948358e+01
1.080000000000000000e+02,2.960561321086359385e+03,8.962457447463518800e-01,3.771091301003257762e-03,-2.866898841970985146e+01
1.090000000000000000e+02,2.993433263966327104e+03,9.093174792575319243e-01,3.842686536327113902e-03,-2.931899772703491536e+01
1.100000000000000000e+02,3.026454335766471559e+03,9.221064346677406709e-01,3.915042401031409991e-03,-2.996471295793389089e+01
1.110000000000000000e+02,3.059616304189111816e+03,9.346052091436776177e-01,3.988163312126306002e-03,-3.060560842797181280e+01
1.120000000000000000e+02,3.092918916328257183e+03,9.468064433085249254e-01,4.062053765302106774e-03,-3.124093587072055556e+01
1.130000000000000000e+02,3.126354629369988743e+03,9.586879337130813639e-01,4.136718339204814576e-03,-3.187031855717768281e+01
1.140000000000000000e+02,3.159915901353349000e+03,9.702349079294616541e-01,4.212161700439661857e-03,-3.249308269590596865e+01
1.150000000000000000e+02,3.193595191084560611e+03,9.814474528785618324e-01,4.288388607877853705e-03,-3.310870313581946789e+01
1.160000000000000000e+02,3.227392386398925282e+03,9.923108014011955413e-01,4.365403917144902030e-03,-3.371665480090453570e+01
1.170000000000000000e+02,3.261299947370529026e+03,1.002802760576553043e+00,4.443212584023144285e-03,-3.431633840839214145e+01
1.180000000000000000e+02,3.295302906222141246e+03,1.012923425085637374e+00,4.521819668498685933e-03,-3.490715475387776934e+01
1.190000000000000000e+02,3.329401152286714478e+03,1.022658035418423594e+00,4.601230337605650457e-03,-3.548865327988016105e+01
1.200000000000000000e+02,3.363587146869370827e+03,1.031999262877769219e+00,4.681449868189402168e-03,-3.606023494331496693e+01
1.210000000000000000e+02,3.397853351513502730e+03,1.040932352827743212e+00,4.762483648572751575e-03,-3.662130078390723753e+01
1.220000000000000000e+02,3.432184799570592531e+03,1.049449981338104188e+00,4.844337179566019815e-03,-3.717140049252135725e+01
1.230000000000000000e+02,3.466581381176307332e+03,1.057544826772746971e+00,4.927016075166454866e-03,-3.770993527838740533e+01
1.240000000000000000e+02,3.501035558131380640e+03,1.065202141373870148e+00,5.010526061881286075e-03,-3.823630643724796840e+01
1.250000000000000000e+02,3.535532363840509333e+03,1.072422036242157262e+00,5.094872977312979098e-03,-3.875006391940473094e+01
1.260000000000000000e+02,3.570071688310116315e+03,1.079189767860357474e+00,5.180062767829730387e-03,-3.925068348014671926e+01
1.270000000000000000e+02,3.604638564703347129e+03,1.085505451414196854e+00,5.266101485090273100e-03,-3.973756668057508534e+01
1.280000000000000000e+02,3.639225454356479531e+03,1.091354347306332739e+00,5.352995281686542296e-03,-4.021026373881952765e+01
1.290000000000000000e+02,3.673832246754935113e+03,1.096736574467811254e+00,5.440750405422288029e-03,-4.066825068011916500e+01
1.300000000000000000e+02,3.708443974469405475e+03,1.101637396862699569e+00,5.529373192550791037e-03,-4.111092933728647125e+01
1.310000000000000000e+02,3.743045741313384951e+03,1.106057017742495097e+00,5.618870061239416951e-03,-4.153785161993130970e+01
1.320000000000000000e+02,3.777645221780272095e+03,1.109995965705439236e+00,5.709247500522999542e-03,-4.194850091930065616e+01
1.330000000000000000e+02,3.812220448236875654e+03,1.113439995024309681e+00,5.800512061751373835e-03,-4.234243642020976495e+01
1.340000000000000000e+02,3.846771737950069110e+03,1.116404574680931683e+00,5.892670347283247324e-03,-4.271906883208619377e+01
1.350000000000000000e+02,3.881284551381287656e+03,1.118868033096286574e+00,5.985728997979399696e-03,-4.307810608977888478e+01
1.360000000000000000e+02,3.915759205645149905e+03,1.120838413159763070e+00,6.079694680406360664e-03,-4.341888480168987741e+01
1.370000000000000000e+02,3.950181161177734793e+03,1.122308902001009079e+00,6.174574072113117075e-03,-4.374096451730773083e+01
1.380000000000000000e+02,3.984543306867916726e+03,1.123287544259008452e+00,6.270373846715052331e-03,-4.404397915957510889e+01
1.390000000000000000e+02,4.018831103448304930e+03,1.123767528544829419e+00,6.367100657928333012e-03,-4.432748845711570596e+01
1.400000000000000000e+02,4.053052296997984740e+03,1.123749472351966094e+00,6.464761122515207473e-03,-4.459105222682872238e+01
1.410000000000000000e+02,4.087184920602134298e+03,1.123248850261393983e+00,6.563361802893762954e-03,-4.483430465634496187e+01
1.420000000000000000e+02,4.121221864573767562e+03,1.122251423690983074e+00,6.662909188662258404e-03,-4.505673145233609489e+01
1.430000000000000000e+02,4.155163448231754046e+03,1.120765239193606932e+00,6.763409677855834572e-03,-4.525804125670955358e+01
1.440000000000000000e+02,4.188987706635177346e+03,1.118798343248473381e+00,6.864869557827520292e-03,-4.543779422764690423e+01
1.450000000000000000e+02,4.222694960826283932e+03,1.116343925399039483e+00,6.967294985310533428e-03,-4.559547632152866470e+01
1.460000000000000000e+02,4.256255819525184052e+03,1.113417459837808376e+00,7.070691967059151983e-03,-4.573087070874447591e+01
1.470000000000000000e+02,4.289663177731938049e+03,1.110026991836163157e+00,7.175066339103978313e-03,-4.584338922034752528e+01
1.480000000000000000e+02,4.322902503478600011e+03,1.106173137570167331e+00,7.280423747148559444e-03,-4.593274089763752954e+01
1.490000000000000000e+02,4.355959266333984488e+03,1.101863940643504680e+00,7.386769626651691970e-03,-4.599848628909464310e+01
1.500000000000000000e+02,4.388818937558453399e+03,1.097107443556390116e+00,7.494109182727255736e-03,-4.604018601522658827e+01
1.510000000000000000e+02,4.421459416880644312e+03,1.091911717724924236e+00,7.602447370888904682e-03,-4.605754989959410750e+01
1.520000000000000000e+02,4.453887739319886350e+03,1.086284953906097250e+00,7.711788877674801562e-03,-4.605029009828984243e+01
1.530000000000000000e+02,4.486088511962767370e+03,1.080242799743559079e+00,7.822138102430502629e-03,-4.601811939865302037e+01
1.540000000000000000e+02,4.518061200884386380e+03,1.073800901018640230e+00,7.933499139351716037e-03,-4.596089921746391838e+01
1.550000000000000000e+02,4.549797846234878307e+03,1.066960044752558012e+00,8.045875760103663246e-03,-4.587826818082137947e+01
1.560000000000000000e+02,4.581305347420300677e+03,1.059743300757225448e+00,8.159271397576167359e-03,-4.577008782247458640e+01
1.570000000000000000e+02,4.612560893123055394e+03,1.052151451330833876e+00,8.273689130368269001e-03,-4.563607116355961324e+01
1.580000000000000000e+02,4.643571388216502783e+03,1.044214989504020474e+00,8.389131668442750128e-03,-4.547600556029424013e+01
1.590000000000000000e+02,4.674321455415564742e+03,1.035934692029611748e+00,8.505601340222386508e-03,-4.528967841760631075e+01
1.600000000000000000e+02,4.704803148768906794e+03,1.027333617625280526e+00,8.623100079548492655e-03,-4.507695146971629896e+01
1.610000000000000000e+02,4.734993668687358877e+03,1.018427393360043176e+00,8.741629415335216632e-03,-4.483753792666431082e+01
1.620000000000000000e+02,4.764885075411400976e+03,1.009231642790952455e+00,8.861190461819115627e-03,-4.457137388881649542e+01
1.630000000000000000e+02,4.794469432363784108e+03,9.997768424487281091e-01,8.981783909930577195e-03,-4.427809835930584370e+01
1.640000000000000000e+02,4.823723949488334256e+03,9.900637515194007365e-01,9.103410020705252764e-03,-4.395772179248173472e+01
1.650000000000000000e+02,4.852648125026233174e+03,9.801154100791505952e-01,9.226068619069736909e-03,-4.360995753928767726e+01
1.660000000000000000e+02,4.881226603775282456e+03,9.699548538246756113e-01,9.349759090161868444e-03,-4.323474182865590620e+01
1.670000000000000000e+02,4.909451462136455120e+03,9.596051138549837045e-01,9.474480375793483539e-03,-4.283193663035522292e+01
1.680000000000000000e+02,4.937314779744707266e+03,9.490892164517633622e-01,9.600230973398481138e-03,-4.240162678584241007e+01
1.690000000000000000e+02,4.964808639435364057e+03,9.384301828602630291e-01,9.727008935779334758e-03,-4.194367430407552888e+01
1.700000000000000000e+02,4.991925127196020185e+03,9.276436007202529810e-01,9.854811872065613945e-03,-4.145801549234099781e+01
1.710000000000000000e+02,5.018648903754044113e+03,9.167599088980920019e-01,9.983636950350203640e-03,-4.094458666955954840e+01
1.720000000000000000e+02,5.044986917901580455e+03,9.058021122184094498e-01,1.011348090122729873e-02,-4.040339844658993229e+01
1.730000000000000000e+02,5.070916407954612623e+03,8.947932095976793843e-01,1.024434002268012796e-02,-3.983438715601914737e+01
1.740000000000000000e+02,5.096429471752758218e+03,8.837561938288118757e-01,1.037621018617293500e-02,-3.923756341595787944e+01
1.750000000000000000e+02,5.121525638195505962e+03,8.727289080682554268e-01,1.050908684342210901e-02,-3.861308641032896105e+01
1.760000000000000000e+02,5.146189738279375888e+03,8.617269452328016888e-01,1.064296503446917307e-02,-3.796089452262396691e+01
1.770000000000000000e+02,5.170414658651250647e+03,8.507883419713588857e-01,1.077783939634976290e-02,-3.728100863015279032e+01
1.780000000000000000e+02,5.194186016127481707e+03,8.399363126271777169e-01,1.091370417282909282e-02,-3.657352593735427604e+01
1.790000000000000000e+02,5.217504286381039492e+03,8.291940643745948636e-01,1.105055322460274554e-02,-3.583846935107099796e+01
1.800000000000000000e+02,5.240362518732792523e+03,8.185996537187724131e-01,1.118838004010072433e-02,-3.507601032781757766e+01
1.810000000000000000e+02,5.262746335988013016e+03,8.081837012478384485e-01,1.132717774659772539e-02,-3.428632030352881088e+01
1.820000000000000000e+02,5.284656219319388583e+03,7.979768197894770987e-01,1.146693912203107513e-02,-3.346949640680126237e+01
1.830000000000000000e+02,5.306085223045560269e+03,7.880021858714741922e-01,1.160765660672619798e-02,-3.262571002263180731e+01
1.840000000000000000e+02,5.327018974458735102e+03,7.782978245876196466e-01,1.174932231532539381e-02,-3.175520678913883899e+01
1.850000000000000000e+02,5.347457958702697397e+03,7.689017527169530464e-01,1.189192804888164305e-02,-3.085793517675712394e+01
1.860000000000000000e+02,5.367387805200009097e+03,7.598371218484648582e-01,1.203546530645767734e-02,-2.993428931995418196e+01
1.870000000000000000e+02,5.386809000883456065e+03,7.511352460968364619e-01,1.217992529711720007e-02,-2.898436617887929856e+01
1.880000000000000000e+02,5.405714604979260912e+03,7.428370876086602959e-01,1.232529895106753912e-02,-2.800848552053548346e+01
1.890000000000000000e+02,5.424090248845767746e+03,7.349746855286553027e-01,1.247157693068980978e-02,-2.700681849790062117e+01
1.900000000000000000e+02,5.441936420868810274e+03,7.275830412083588161e-01,1.261874964087243700e-02,-2.597968478054845320e+01
1.910000000000000000e+02,5.459246181262629761e+03,7.206949182155157896e-01,1.276680723903446044e-02,-2.492740398423064008e+01
1.920000000000000000e+02,5.476005161929611859e+03,7.143460420409842859e-01,1.291573964414407215e-02,-2.385007281693113868e+01
1.930000000000000000e+02,5.492206423029639154e+03,7.085706429570916010e-01,1.306553654533133303e-02,-2.274801077641703984e+01
1.940000000000000000e+02,5.507857881209126390e+03,7.034051700692934839e-01,1.321618740904906449e-02,-2.162168586324496999e+01
1.950000000000000000e+02,5.522945167739337194e+03,6.988860626933590670e-01,1.336768148729448359e-02,-2.047134315973038099e+01
1.960000000000000000e+02,5.537468770168641640e+03,6.950497502489477730e-01,1.352000782151238124e-02,-1.929745052741692746e+01
1.970000000000000000e+02,5.551429175535084141e+03,6.919341378283543342e-01,1.367315524859394685e-02,-1.810032718599140011e+01
1.980000000000000000e+02,5.564826870291944033e+03,6.895756347643956508e-01,1.382711240501169857e-02,-1.688036656019223614e+01
1.990000000000000000e+02,5.577640055195442073e+03,6.880106402177125213e-01,1.398186772933888641e-02,-1.563788770918023019e+01
2.000000000000000000e+02,5.589884072058285710e+03,6.872755431020146633e-01,1.413740946464619834e-02,-1.437343245690037286e+01
2.010000000000000000e+02,5.601544503332655950e+03,6.874087552074749086e-01,1.429372565926490847e-02,-1.308724464604006954e+01
2.020000000000000000e+02,5.612614178150822227e+03,6.884456681843919013e-01,1.445080416707549519e-02,-1.177993641229938859e+01
2.030000000000000000e+02,5.623071022954064574e+03,6.904229536217649787e-01,1.460863264659814122e-02,-1.045174761922196183e+01
2.040000000000000000e+02,5.632922676827588475e+03,6.933765298220304629e-01,1.476719855919085035e-02,-9.103215163851380964e+00
2.050000000000000000e+02,5.642139636364582657e+03,6.973430474439562543e-01,1.492648916656210897e-02,-7.734801555488460600e+00
2.060000000000000000e+02,5.650729539196974656e+03,7.023576609802966164e-01,1.508649152761954750e-02,-6.346894911955073937e+00
2.070000000000000000e+02,5.658677737233034350e+03,7.084577429266045723e-01,1.524719249381041586e-02,-4.939890667709377681e+00
2.080000000000000000e+02,5.665977010108580544e+03,7.156791696089718213e-01,1.540857870495895496e-02,-3.514406992269010654e+00
2.090000000000000000e+02,5.672657278648009196e+03,7.240570640329545560e-01,1.557063658396301911e-02,-2.070995080826190549e+00
2.100000000000000000e+02,5.678703893080456510e+03,7.336287672484820277e-01,1.573335233070030995e-02,-6.102282907400286005e-01
2.110000000000000000e+02,5.684124488268864297e+03,7.444308670445031195e-01,1.589671191633047070e-02,8.673290612246352671e-01
2.120000000000000000e+02,5.688934127093118150e+03,7.564977123251929170e-01,1.606070107663155541e-02,2.361099417509721299e+00
2.130000000000000000e+02,5.693133015488622732e+03,7.698666130117755024e-01,1.622530530569720950e-02,3.870514268444415151e+00
2.140000000000000000e+02,5.696728787590858701e+03,7.845741259354090946e-01,1.639050984922639162e-02,5.394999299134036974e+00
2.150000000000000000e+02,5.699721649131927734e+03,8.006493694008116613e-01,1.655629969811771990e-02,6.933952107951216526e+00
2.160000000000000000e+02,5.702096949189308361e+03,8.181370511622870767e-01,1.672265958199672248e-02,8.486763009403786029e+00
2.170000000000000000e+02,5.703854893686517244e+03,8.370662694538630877e-01,1.688957396331560584e-02,1.005280018085938920e+01
2.180000000000000000e+02,5.704995688791600514e+03,8.574661126374092390e-01,1.705702703172402510e-02,1.163154337620549583e+01
2.190000000000000000e+02,5.705512112663881453e+03,8.793805160271589427e-01,1.722500269884391644e-02,1.322229422346802963e+01
2.200000000000000000e+02,5.705396943897942947e+03,9.028385486237997526e-01,1.739348459395102103e-02,1.482451793211658853e+01
2.210000000000000000e+02,5.704657818313251482e+03,9.278692699616389872e-01,1.756245606019110964e-02,1.643745702195302627e+01
2.220000000000000000e+02,5.703280087286215348e+03,9.545165869670584335e-01,1.773190015173087275e-02,1.806065131063089879e+01
2.230000000000000000e+02,5.701271387927967226e+03,9.828021123766707001e-01,1.790179963178783681e-02,1.969326936502811876e+01
2.240000000000000000e+02,5.698639358101697326e+03,1.012762306669361623e+00,1.807213697169020652e-02,2.133477705555051074e+01
2.250000000000000000e+02,5.695384208131231389e+03,1.044418764857277582e+00,1.824289435122949596e-02,2.298434329077205618e+01
2.260000000000000000e+02,5.691498720849590427e+03,1.077815358440721738e+00,1.841405365990009257e-02,2.464143428798750080e+01
2.270000000000000000e+02,5.686990536687103486e+03,1.112981093871603822e+00,1.858559649966162047e-02,2.630529359109355880e+01
2.280000000000000000e+02,5.681859868646021823e+03,1.149937541129769647e+00,1.875750418892500188e-02,2.797523920685760146e+01
2.290000000000000000e+02,5.676114359013632566e+03,1.188721119011239447e+00,1.892975776772410149e-02,2.965058932352816967e+01
2.300000000000000000e+02,5.669746794310787664e+03,1.229360810325715203e+00,1.910233800470148222e-02,3.133066231279699920e+01
2.310000000000000000e+02,5.662764818678328993e+03,1.271870733806030662e+00,1.927522540519030492e-02,3.301470244810273869e+01
2.320000000000000000e+02,5.655176077147797514e+03,1.316287286130176648e+00,1.944840022069983104e-02,3.470202847328177853e+01
2.330000000000000000e+02,5.646973358897655999e+03,1.362639428801792008e+00,1.962184246009015046e-02,3.639188503704486521e+01
2.340000000000000000e+02,5.638156882246158602e+03,1.410948688442536625e+00,1.979553190216215910e-02,3.808351697779347234e+01
2.350000000000000000e+02,5.628741722929113166e+03,1.461244013796225927e+00,1.996944810916748136e-02,3.977631789176779620e+01
2.360000000000000000e+02,5.618713243911410245e+03,1.513554347691971502e+00,2.014357044259880783e-02,4.146945871650418525e+01
2.370000000000000000e+02,5.608093950438083994e+03,1.567886342318210335e+00,2.031787807947034105e-02,4.316218486563960255e+01
2.380000000000000000e+02,5.596876634767018913e+03,1.624268929658926774e+00,2.049235003034472966e-02,4.485381622952964165e+01
2.390000000000000000e+02,5.585068946142082495e+03,1.682716180087481472e+00,2.066696515849685001e-02,4.654359860868368770e+01
2.400000000000000000e+02,5.572671105601287309e+03,1.743264444473002994e+00,2.084170220028064985e-02,4.823062943052462259e+01
2.410000000000000000e+02,5.559683334173976618e+03,1.805927784444233408e+00,2.101653978632096395e-02,4.991437773399042754e+01
2.420000000000000000e+02,5.546120709417137732e+03,1.870720257815124965e+00,2.119145646396822930e-02,5.159394133441589503e+01
2.430000000000000000e+02,5.531983451840039379e+03,1.937663347319495299e+00,2.136643072068157914e-02,5.326856680778022479e+01
2.440000000000000000e+02,5.517271781421227388e+03,2.006771104304869713e+00,2.154144100766687206e-02,5.493764949026224542e+01
2.450000000000000000e+02,5.502000774117519541e+03,2.078065005835916246e+00,2.171646576480314866e-02,5.660036206010993709e+01
2.460000000000000000e+02,5.486178076614950442e+03,2.151544241705770855e+00,2.189148344572456120e-02,5.825602595436409104e+01
2.470000000000000000e+02,5.469796477774674713e+03,2.227237713308831246e+00,2.206647254339162700e-02,5.990388851739388798e+01
2.480000000000000000e+02,5.452878478526422441e+03,2.305159463968700528e+00,2.224141161611399575e-02,6.154312299977467404e+01
2.490000000000000000e+02,5.435416864855609674e+03,2.385308679376354046e+00,2.241627931332994955e-02,6.317312569101397202e+01
2.500000000000000000e+02,5.417426706042772821e+03,2.467714258137398087e+00,2.259105440188197839e-02,6.479307021709408332e+01
2.510000000000000000e+02,5.398900816337210927e+03,2.552360206218998506e+00,2.276571579175928547e-02,6.640205972338620199e+01
2.520000000000000000e+02,5.379846992459780267e+03,2.639266381749998835e+00,2.294024256203880049e-02,6.799943485943101962e+01
2.530000000000000000e+02,5.360265632381616342e+03,2.728430036201554998e+00,2.311461398591842589e-02,6.958439150701460107e+01
2.540000000000000000e+02,5.340171988183577014e+03,2.819863279118527633e+00,2.328880955556258958e-02,7.115605144412904792e+01
2.550000000000000000e+02,5.319551595756575807e+03,2.913555936850250827e+00,2.346280900653167564e-02,7.271375947680913043e+01
2.560000000000000000e+02,5.298419701412404720e+03,3.009520123140942083e+00,2.363659234094431585e-02,7.425671201931284315e+01
2.570000000000000000e+02,5.276784119949582418e+03,3.107753097872990367e+00,2.381013985018997151e-02,7.578432850919811870e+01
2.580000000000000000e+02,5.254660091180484415e+03,3.208244695917696454e+00,2.398343213643779059e-02,7.729558285324010569e+01
2.590000000000000000e+02,5.232055423068148230e+03,3.311007041041945875e+00,2.415645013326962395e-02,7.879093479581526083e+01
2.600000000000000000e+02,5.208992776626093473e+03,3.416029976317475736e+00,2.432917512509226443e-02,8.026817003996457345e+01
2.610000000000000000e+02,5.185472524028889893e+03,3.523310778037502811e+00,2.450158876511604814e-02,8.172804579067447150e+01
2.620000000000000000e+02,5.161517318589127171e+03,3.632846727885995719e+00,2.467367309244140536e-02,8.316909090668453075e+01
2.630000000000000000e+02,5.137134952896049981e+03,3.744635113461640685e+00,2.484541054725617620e-02,8.459132007249030494e+01
2.640000000000000000e+02,5.112333215421042041e+03,3.858665800454543326e+00,2.501678398518368193e-02,8.599326245502007282e+01
2.650000000000000000e+02,5.087112462088011853e+03,3.974921233176770485e+00,2.518777668974272674e-02,8.737567587543850323e+01
2.660000000000000000e+02,5.061480472910595381e+03,4.093391291796103282e+00,2.535837238338129948e-02,8.873634696055472659e+01
2.670000000000000000e+02,5.035452451945242501e+03,4.214058436170971866e+00,2.552855523719318315e-02,9.007454814946331112e+01
2.680000000000000000e+02,5.009028742210084602e+03,4.336912563088572981e+00,2.569830987890775811e-02,9.139103768994444010e+01
2.690000000000000000e+02,4.982209682371651070e+03,4.461943578453461789e+00,2.586762139971545901e-02,9.268360262462609001e+01
2.700000000000000000e+02,4.955003035097819520e+03,4.589126541127451553e+00,2.603647535918600722e-02,9.395300146740927971e+01
2.710000000000000000e+02,4.927431415427040520e+03,4.718451376871481528e+00,2.620485778899218909e-02,9.519702151940819590e+01
2.720000000000000000e+02,4.899487720701732542e+03,4.849900593835946516e+00,2.637275519530707726e-02,9.641642154520614838e+01
2.730000000000000000e+02,4.871201985770878309e+03,4.983434426401599282e+00,2.654015455939417664e-02,9.760973192365270279e+01
2.740000000000000000e+02,4.842567099552707077e+03,5.119050262521711581e+00,2.670704333758567792e-02,9.877771165390316810e+01
2.750000000000000000e+02,4.813598231916030272e+03,5.256715789109462023e+00,2.687340945957928176e-02,9.991814850604987441e+01
2.760000000000000000e+02,4.784317977072391841e+03,5.396413562677670583e+00,2.703924132556941723e-02,1.010318016970456938e+02
2.770000000000000000e+02,4.754726640280103311e+03,5.538118724824083294e+00,2.720452780268813389e-02,1.021172020411689232e+02
2.780000000000000000e+02,4.724831951361668871e+03,5.681806431115697720e+00,2.736925822015922813e-02,1.031736232856796249e+02
2.790000000000000000e+02,4.694649064830480711e+03,5.827436994919538371e+00,2.753342236368349141e-02,1.042018249413159054e+02
2.800000000000000000e+02,4.664193131676353005e+03,5.974978172981523450e+00,2.769701046910010359e-02,1.052003381025546389e+02
2.810000000000000000e+02,4.633464442808680360e+03,6.124412594301008816e+00,2.786001321565323430e-02,1.061691796180354714e+02
2.820000000000000000e+02,4.602478142607628797e+03,6.275693190550020617e+00,2.802242171830737760e-02,1.071076235806967532e+02
2.830000000000000000e+02,4.571249372379062152e+03,6.428795195040849286e+00,2.818422752011928711e-02,1.080149441579222440e+02
2.840000000000000000e+02,4.539778413813291991e+03,6.583686429836365761e+00,2.834542258400689699e-02,1.088904155865721890e+02
2.850000000000000000e+02,4.508080402547796439e+03,6.740327306255798234e+00,2.850599928461832605e-02,1.097340550029474713e+02
2.860000000000000000e+02,4.476163043279214435e+03,6.898685682075479164e+00,2.866595040000688085e-02,1.105458796026104693e+02
2.870000000000000000e+02,4.444048894976522206e+03,7.058707148621828686e+00,2.882526910352197283e-02,1.113251638001115111e+02
2.880000000000000000e+02,4.411738229290451272e+03,7.220367029710671680e+00,2.898394895579857466e-02,1.120704392236445983e+02
2.890000000000000000e+02,4.379238744112107270e+03,7.383618383675892183e+00,2.914198389726995603e-02,1.127832088847317067e+02
2.900000000000000000e+02,4.346572992076429728e+03,7.548421717243650519e+00,2.929936824094159578e-02,1.134612616574595023e+02
2.910000000000000000e+02,4.313748667308759650e+03,7.714752414347983311e+00,2.945609666579411881e-02,1.141053577880681189e+02
2.920000000000000000e+02,4.280766033915816479e+03,7.882474454633863203e+00,2.961216421068236029e-02,1.147147718790668449e+02
2.930000000000000000e+02,4.247640211169187751e+03,8.051659832966542751e+00,2.976756626910898734e-02,1.152895213884759045e+02
2.940000000000000000e+02,4.214386316928566885e+03,8.222231999059106400e+00,2.992229858484792004e-02,1.158281381188206751e+02
2.950000000000000000e+02,4.181004611055014720e+03,8.394040141405385569e+00,3.007635724823829945e-02,1.163313823862279577e+02
2.960000000000000000e+02,4.147510208914899522e+03,8.567156321710386990e+00,3.022973869362132263e-02,1.167985288391760292e+02
2.970000000000000000e+02,4.113903368070271426e+03,8.741429774285887078e+00,3.038243969746877438e-02,1.172281092872990484e+02
2.980000000000000000e+02,4.080206630109277739e+03,8.916858323962619792e+00,3.053445737788932496e-02,1.176208840351733329e+02
2.990000000000000000e+02,4.046427678961363654e+03,9.093365535971877023e+00,3.068578919489900123e-02,1.179768705358124663e+02
3.000000000000000000e+02,4.012574197651103987e+03,9.270874999825551299e+00,3.083643295198504330e-02,1.182953433841731510e+02
3.010000000000000000e+02,3.978661219405708380e+03,9.449459090650851323e+00,3.098638679855648601e-02,1.185763237570472910e+02
3.020000000000000000e+02,3.944703467483111581e+03,9.628893850420048750e+00,3.113564923363553241e-02,1.188198479006381518e+02
3.030000000000000000e+02,3.910708158682700287e+03,9.809252674421284013e+00,3.128421911032115699e-02,1.190259557945582571e+02
3.040000000000000000e+02,3.876689937327992084e+03,9.990460416608652139e+00,3.143209564146551976e-02,1.191946873685954102e+02
3.050000000000000000e+02,3.842663446902681699e+03,1.017244195692263276e+01,3.157927840642673484e-02,1.193253396608059234e+02
3.060000000000000000e+02,3.808628473323638445e+03,1.035519648509453106e+01,3.172576735868364028e-02,1.194179524806193626e+02
3.070000000000000000e+02,3.774607086653336864e+03,1.053857465042725394e+01,3.187156283405616353e-02,1.194725655668109994e+02
3.080000000000000000e+02,3.740606499298086874e+03,1.072257569607893402e+01,3.201666556005100528e-02,1.194892185804472433e+02
3.090000000000000000e+02,3.706633922647029067e+03,1.090712460881457346e+01,3.216107666573820439e-02,1.194679510977867523e+02
3.100000000000000000e+02,3.672689138650221139e+03,1.109207211924997338e+01,3.230479769237168397e-02,1.194088026031432292e+02
3.110000000000000000e+02,3.638801641488993482e+03,1.127749183609036265e+01,3.244783060441405048e-02,1.193103268116677640e+02
3.120000000000000000e+02,3.604963782334586540e+03,1.146323454532810082e+01,3.259017780107120732e-02,1.191740486723079187e+02
3.130000000000000000e+02,3.571197624404161161e+03,1.164929962795178930e+01,3.273184212804024218e-02,1.189992645154268729e+02
3.140000000000000000e+02,3.537510372757111327e+03,1.183553792611607314e+01,3.287282688964258959e-02,1.187860133856903531e+02
3.150000000000000000e+02,3.503901802538387528e+03,1.202187459381226731e+01,3.301313586076637385e-02,1.185343341998299991e+02
3.160000000000000000e+02,3.470393972269134792e+03,1.220838338051623140e+01,3.315277329911452825e-02,1.182442657394417012e+02
3.170000000000000000e+02,3.436994081982936223e+03,1.239484093030153389e+01,3.329174395678300563e-02,1.179165894788273761e+02
3.180000000000000000e+02,3.403716758163273425e+03,1.258124676646651530e+01,3.343005309198212455e-02,1.175506010727639534e+02
3.190000000000000000e+02,3.370561768580063926e+03,1.276752615761551191e+01,3.356770648014412162e-02,1.171463388544589321e+02
3.200000000000000000e+02,3.337536307229636350e+03,1.295367868473598172e+01,3.370471042470173095e-02,1.167045838284757195e+02
3.210000000000000000e+02,3.304669850927743482e+03,1.313955539074433432e+01,3.384107176666233813e-02,1.162253739936627568e+02
3.220000000000000000e+02,3.271947304054467622e+03,1.332508163102632004e+01,3.397679789417273888e-02,1.157080043361957991e+02
3.230000000000000000e+02,3.239398138660304085e+03,1.351018278994827959e+01,3.411189675024652729e-02,1.151532553277658337e+02
3.240000000000000000e+02,3.207014682523699776e+03,1.369478428084951993e+01,3.424637684041331037e-02,1.145619072487224912e+02
3.250000000000000000e+02,3.174818974221994267e+03,1.387888582951703675e+01,3.438024723860009374e-02,1.139332545113052930e+02
3.260000000000000000e+02,3.142810764607915189e+03,1.406241290713112591e+01,3.451351759216112619e-02,1.132680769931213547e+02
3.270000000000000000e+02,3.111004658499686684e+03,1.424521673019479628e+01,3.464619812535281451e-02,1.125656686905273602e+02
3.280000000000000000e+02,3.079407829580754424e+03,1.442722282744587936e+01,3.477829964172209770e-02,1.118268090523232132e+02
3.290000000000000000e+02,3.048027448712993646e+03,1.460843103974238311e+01,3.490983352460239053e-02,1.110530201384396918e+02
3.300000000000000000e+02,3.016878112263217645e+03,1.478869266941717342e+01,3.504081173665506838e-02,1.102428524386522923e+02
3.310000000000000000e+02,2.985959557042657252e+03,1.496800761412755776e+01,3.517124681749955739e-02,1.093970847117273735e+02
3.320000000000000000e+02,2.955286373712738168e+03,1.514630151616408682e+01,3.530115187980877034e-02,1.085157526394321508e+02
3.330000000000000000e+02,2.924858293403859079e+03,1.532342576224319686e+01,3.543054060390656013e-02,1.076003773258640592e+02
3.340000000000000000e+02,2.894689901151506092e+03,1.549938033378359314e+01,3.555942723061254057e-02,1.066502511167298195e+02
3.350000000000000000e+02,2.864795779246403072e+03,1.567401667264107523e+01,3.568782655243074586e-02,1.056661517690292555e+02
3.360000000000000000e+02,2.835175650600285280e+03,1.584733481483879380e+01,3.581575390330320879e-02,1.046481139406980247e+02
3.370000000000000000e+02,2.805836663878495983e+03,1.601926053975551056e+01,3.594322514666901253e-02,1.035976576905637359e+02
3.380000000000000000e+02,2.776785965246976957e+03,1.618971965329917140e+01,3.607025666184015406e-02,1.025140742982683548e+02
3.390000000000000000e+02,2.748038126834858303e+03,1.635863798755279319e+01,3.619686532901859183e-02,1.013988832696354621e+02
3.400000000000000000e+02,2.719600290160969053e+03,1.652601568389775011e+01,3.632306851283417098e-02,1.002521181569349693e+02
3.410000000000000000e+02,2.691472166274976644e+03,1.669163005859934756e+01,3.644888404434667301e-02,9.907381222449726010e+01
3.420000000000000000e+02,2.663660892612493171e+03,1.685548130339182649e+01,3.657433020191981632e-02,9.786399844445395502e+01
3.430000000000000000e+02,2.636173604812132908e+03,1.701749535101302868e+01,3.669942569073317978e-02,9.662419516270624342e+01
3.440000000000000000e+02,2.609010008544391440e+03,1.717752387472346598e+01,3.682418962115729943e-02,9.535369191989718729e+01
3.450000000000000000e+02,2.582177236402145354e+03,1.733556713830731866e+01,3.694864148618821897e-02,9.405326362281365959e+01
3.460000000000000000e+02,2.555682419750188728e+03,1.749147686153043324e+01,3.707280113785871301e-02,9.272294203576788618e+01
3.470000000000000000e+02,2.529525260583454838e+03,1.764525335359279623e+01,3.719668876292432647e-02,9.136350144728406519e+01
3.480000000000000000e+02,2.503712888443441443e+03,1.779667409503326780e+01,3.732032485770269553e-02,8.997497299686448002e+01
3.490000000000000000e+02,2.478259860640345778e+03,1.794588800514134874e+01,3.744373020253524698e-02,8.855961601208493050e+01
3.500000000000000000e+02,2.453165877429341435e+03,1.809274688980140056e+01,3.756692583577325023e-02,8.711671816059342177e+01
3.510000000000000000e+02,2.428445464912961143e+03,1.823725170266644469e+01,3.768993302740374779e-02,8.564779279453037475e+01
3.520000000000000000e+02,2.404105598035520416e+03,1.837933137641863723e+01,3.781277325245343407e-02,8.415360011363786441e+01
3.530000000000000000e+02,2.380145793004213829e+03,1.851891542311370031e+01,3.793546816460573179e-02,8.263415465728159859e+01
3.540000000000000000e+02,2.356572994951724468e+03,1.865600765613539735e+01,3.805803956949847106e-02,8.109169914053472894e+01
3.550000000000000000e+02,2.333401578167154639e+03,1.879046333893288079e+01,3.818050939873401245e-02,7.952550460705333535e+01
3.560000000000000000e+02,2.310623632922607158e+03,1.892228631825248897e+01,3.830289968383767535e-02,7.793632743744885261e+01
3.570000000000000000e+02,2.288246107447341728e+03,1.905140617282904714e+01,3.842523253091120056e-02,7.632492367763092034e+01
3.580000000000000000e+02,2.266275951444211387e+03,1.917775249606484067e+01,3.854753009573515937e-02,7.469204903736965662e+01
3.590000000000000000e+02,2.244712687949152041e+03,1.930118061168155208e+01,3.866981455975901372e-02,7.303771605400143585e+01
3.600000000000000000e+02,2.223555841882806817e+03,1.942169442336113150e+01,3.879210810661475745e-02,7.136342259640210273e+01
3.610000000000000000e+02,2.202812368592683470e+03,1.953922356335054644e+01,3.891443289986666609e-02,6.966814055491701652e+01
3.620000000000000000e+02,2.182481797334089151e+03,1.965369767505682930e+01,3.903681106138856549e-02,6.795373853627448568e+01
3.630000000000000000e+02,2.162578516490908896e+03,1.976504641211974089e+01,3.915926465114532434e-02,6.622082198684294951e+01
3.640000000000000000e+02,2.143087203631911507e+03,1.987327372096845579e+01,3.928181564787894958e-02,6.447007029523851429e+01
3.650000000000000000e+02,2.124029680807859222e+03,1.997830927285255243e+01,3.940448593103465513e-02,6.270231107555588324e+01
3.660000000000000000e+02,2.105398059530553837e+03,2.008008274636323520e+01,3.952729726396937704e-02,6.091837160025806241e+01
3.670000000000000000e+02,2.087199310991580660e+03,2.017859810993804714e+01,3.965027127834578474e-02,5.911893023323254681e+01
3.680000000000000000e+02,2.069432981114366157e+03,2.027371077033970082e+01,3.977342945999514517e-02,5.730488784753305964e+01
3.690000000000000000e+02,2.052098618992548381e+03,2.036557327264264927e+01,3.989679313592871951e-02,5.547699640826487411e+01
3.700000000000000000e+02,2.035210633663764156e+03,2.045389246416566564e+01,4.002038346263897539e-02,5.363593325665559775e+01
3.710000000000000000e+02,2.018753724066608584e+03,2.053889517894836203e+01,4.014422141600386407e-02,5.178259824480554130e+01
3.720000000000000000e+02,2.002742305886354870e+03,2.062028826764846556e+01,4.026832778192674517e-02,4.991766803558709142e+01
3.730000000000000000e+02,1.987168513132441603e+03,2.069822428199460518e+01,4.039272314879781972e-02,4.804196752124797598e+01
3.740000000000000000e+02,1.972039339904804365e+03,2.077263292217392987e+01,4.051742790080770096e-02,4.615632125767589855e+01
3.750000000000000000e+02,1.957346926994285241e+03,2.084344388623981459e+01,4.064246221270172849e-02,4.426133061534229540e+01
3.760000000000000000e+02,1.943098275271931925e+03,2.091058686900383989e+01,4.076784604516806021e-02,4.235789376545553608e+01
3.770000000000000000e+02,1.929300388964374633e+03,2.097406584442201094e+01,4.089359914175330624e-02,4.044668569726696461e+01
3.780000000000000000e+02,1.915937990567306315e+03,2.103381049746689158e+01,4.101974102642112069e-02,3.852845535409531408e+01
3.790000000000000000e+02,1.903025519250678826e+03,2.108975050650118632e+01,4.114629100210299290e-02,3.660402563553561350e+01
3.800000000000000000e+02,1.890562560700827817e+03,2.114188982564639474e+01,4.127326814990904535e-02,3.467414483286101046e+01
3.810000000000000000e+02,1.878541275405543956e+03,2.119023240014221443e+01,4.140069132909474786e-02,3.273948663163116635e+01
3.820000000000000000e+02,1.866968683631932436e+03,2.123455931469794677e+01,4.152857917743139199e-02,3.080087296501331906e+01
3.830000000000000000e+02,1.855844380296206964e+03,2.127509734387114548e+01,4.165695011234134965e-02,2.885912544979970917e+01
3.840000000000000000e+02,1.845160534878862336e+03,2.131170183239524363e+01,4.178582233197795232e-02,2.691513967314494948e+01
3.850000000000000000e+02,1.834916748036188665e+03,2.134437667855117837e+01,4.191521381686800357e-02,2.496966234550922792e+01
3.860000000000000000e+02,1.825120051508387178e+03,2.137320004951958197e+01,4.204514233129123812e-02,2.302366272184108098e+01
3.870000000000000000e+02,1.815770051325542227e+03,2.139810152972849622e+01,4.217562542515498891e-02,2.107788690445506674e+01
3.880000000000000000e+02,1.806851499363452604e+03,2.141915925372083507e+01,4.230668043526562144e-02,1.913322926466279839e+01
3.890000000000000000e+02,1.798371435001834470e+03,2.143630277100453796e+01,4.243832448628372805e-02,1.719050959661237243e+01
3.900000000000000000e+02,1.790329471632361447e+03,2.144953589542161865e+01,4.257057449317189907e-02,1.525054740536901576e+01
3.910000000000000000e+02,1.782725224921250174e+03,2.145886242051519233e+01,4.270344715928726248e-02,1.331416191172653107e+01
3.920000000000000000e+02,1.775543456025533942e+03,2.146421183489717777e+01,4.283695897791563179e-02,1.138217205725409542e+01
3.930000000000000000e+02,1.768798641616884879e+03,2.146566217163336177e+01,4.297112623118462538e-02,9.455322226077425896e+00
3.940000000000000000e+02,1.762475547008517879e+03,2.146314287311654567e+01,4.310596498859908116e-02,7.534356533903039832e+00
3.950000000000000000e+02,1.756573796193144290e+03,2.145658335696125008e+01,4.324149110486782271e-02,5.620167400783809164e+00
3.960000000000000000e+02,1.751093015087365757e+03,2.144613586540812733e+01,4.337772021676550294e-02,3.713490994758413599e+00
3.970000000000000000e+02,1.746025403135557326e+03,2.143165547971098306e+01,4.351466773913335168e-02,1.815130088597424196e+00
3.980000000000000000e+02,1.741378018324699724e+03,2.141322010356702066e+01,4.365234885994644792e-02,-7.416478732377485006e-02
3.990000000000000000e+02,1.737143063758007656e+03,2.139075904452592880e+01,4.379077853415696414e-02,-1.953606198107999292e+00
4.000000000000000000e+02,1.733320172691369407e+03,2.136442443043282680e+01,4.392997147684928050e-02,-3.822426252848749151e+00
4.010000000000000000e+02,1.729908999667632088e+03,2.133407159271485654e+01,4.406994215493435091e-02,-5.679867886318748837e+00
4.020000000000000000e+02,1.726901850637421148e+03,2.129978015643984790e+01,4.421070477802668125e-02,-7.525181003221015352e+00
4.030000000000000000e+02,1.724298481218173265e+03,2.126163008217868011e+01,4.435227328800787905e-02,-9.357648603935468046e+00
4.040000000000000000e+02,1.722098648889164451e+03,2.121955272910795287e+01,4.449466134782267823e-02,-1.117650634758149053e+01
4.050000000000000000e+02,1.720287256335561779e+03,2.117355370450021113e+01,4.463788232901789998e-02,-1.298103465547880475e+01
4.060000000000000000e+02,1.718864064905654232e+03,2.112378714622056464e+01,4.478194929836525062e-02,-1.477058098790202045e+01
4.070000000000000000e+02,1.717828837977970807e+03,2.107018430422035138e+01,4.492687500332797484e-02,-1.654429241496689329e+01
4.080000000000000000e+02,1.717173912689623876e+03,2.101267639006263721e+01,4.507267185697620693e-02,-1.830146474038461690e+01
4.090000000000000000e+02,1.716884200025360542e+03,2.095149170996296206e+01,4.521935192170237205e-02,-2.004139392555321919e+01
4.100000000000000000e+02,1.716974326667701689e+03,2.088656139581267723e+01,4.536692689243961019e-02,-2.176330179696189049e+01
4.110000000000000000e+02,1.717414351602453280e+03,2.081789082174808314e+01,4.551540807890308571e-02,-2.346670745442830608e+01
4.120000000000000000e+02,1.718218906438032036e+03,2.074555960322029335e+01,4.566480638744688930e-02,-2.515083299362892078e+01
4.130000000000000000e+02,1.719380340376960703e+03,2.066957302907379201e+01,4.581513230239694229e-02,-2.681519776450285164e+01
4.140000000000000000e+02,1.720891005396820674e+03,2.059001062764899004e+01,4.596639586699574620e-02,-2.845909837696025235e+01
4.150000000000000000e+02,1.722735828035621353e+03,2.050695188239189548e+01,4.611860666378125861e-02,-3.008198010847139514e+01
4.160000000000000000e+02,1.724929451282998798e+03,2.042032766397553800e+01,4.627177379521373729e-02,-3.168328832699782183e+01
4.170000000000000000e+02,1.727449379571092095e+03,2.033029164695422253e+01,4.642590586389565982e-02,-3.326224563028991810e+01
4.180000000000000000e+02,1.730302834071929738e+03,2.023684889140798404e+01,4.658101095301979411e-02,-3.481837182008764842e+01
4.190000000000000000e+02,1.733474754391600527e+03,2.014000440912040801e+01,4.673709660694602003e-02,-3.635096390717404802e+01
4.200000000000000000e+02,1.736972368817245297e+03,2.003976316276756009e+01,4.689416981205309087e-02,-3.785946751835622592e+01
4.210000000000000000e+02,1.740780624359370904e+03,1.993627863212855900e+01,4.705223697799951199e-02,-3.934325403533335219e+01
4.220000000000000000e+02,1.744891900293760273e+03,1.982948139579560021e+01,4.721130391960182138e-02,-4.080162058398918390e+01
4.230000000000000000e+02,1.749313436648510560e+03,1.971937626442419145e+01,4.737137583918442363e-02,-4.223401287411859073e+01
4.240000000000000000e+02,1.754030192584243650e+03,1.960611656349363230e+01,4.753245730992883972e-02,-4.363987662157800429e+01
4.250000000000000000e+02,1.759034559920089350e+03,1.948970699857385114e+01,4.769455225991834496e-02,-4.501865753738676545e+01
4.260000000000000000e+02,1.764326363251063640e+03,1.937022650512871280e+01,4.785766395719286831e-02,-4.637009845079386849e+01
4.270000000000000000e+02,1.769883146655781957e+03,1.924782824783163093e+01,4.802179499592238582e-02,-4.769371931378204721e+01
4.280000000000000000e+02,1.775719600597505632e+03,1.912259105289654215e+01,4.818694728368796282e-02,-4.898911432407322053e+01
4.290000000000000000e+02,1.781805850159835927e+03,1.899451940743491818e+01,4.835312203004293180e-02,-5.025595191410666729e+01
4.300000000000000000e+02,1.788141738626204642e+03,1.886369202583948734e+01,4.852031973643258778e-02,-5.149367760599887589e+01
4.310000000000000000e+02,1.794727114143645622e+03,1.873033613268805198e+01,4.868854018736890749e-02,-5.270203398503077352e+01
4.320000000000000000e+02,1.801546973074165635e+03,1.859438176115290986e+01,4.885778244318223634e-02,-5.388061498761027934e+01
4.330000000000000000e+02,1.808608601784391112e+03,1.845590745346438410e+01,4.902804483419728743e-02,-5.502886589026597619e+01
4.340000000000000000e+02,1.815889578218260567e+03,1.831506597688171212e+01,4.919932495643714737e-02,-5.614652899967891386e+01
4.350000000000000000e+02,1.823397198709144504e+03,1.817178718918220426e+01,4.937161966884261177e-02,-5.723304937370978251e+01
4.360000000000000000e+02,1.831123907873873577e+03,1.802622373920183918e+01,4.954492509216531365e-02,-5.828809479500095136e+01
4.370000000000000000e+02,1.839062155294031527e+03,1.787837964887608067e+01,4.971923660930368388e-02,-5.931125862609452781e+01
4.380000000000000000e+02,1.847204395481964639e+03,1.772840744683147918e+01,4.989454886727252153e-02,-6.030213408211257331e+01
4.390000000000000000e+02,1.855550516182330284e+03,1.757631103398672323e+01,5.007085578069342402e-02,-6.126031421999028481e+01
4.400000000000000000e+02,1.864085553258117216e+03,1.742216853370159413e+01,5.024815053673528653e-02,-6.218561477827746131e+01
4.410000000000000000e+02,1.872801975663917574e+03,1.726613229144957273e+01,5.042642560172755362e-02,-6.307770274898550866e+01
4.420000000000000000e+02,1.881684828654105331e+03,1.710820602401545187e+01,5.060567272898609109e-02,-6.393631921752513136e+01
4.430000000000000000e+02,1.890734018728912815e+03,1.694854195324372270e+01,5.078588296805897767e-02,-6.476105650170356398e+01
4.440000000000000000e+02,1.899934600115989724e+03,1.678721795530367444e+01,5.096704667540281897e-02,-6.555172955882076735e+01
4.450000000000000000e+02,1.909279059691644534e+03,1.662423756049737023e+01,5.114915352616283134e-02,-6.630807884132561014e+01
4.460000000000000000e+02,1.918759888489771129e+03,1.645982708711396114e+01,5.133219252715243153e-02,-6.702984457007053720e+01
4.470000000000000000e+02,1.928369581550574821e+03,1.629398994029624959e+01,5.151615203080640859e-02,-6.771706385816322893e+01
4.480000000000000000e+02,1.938115494460251739e+03,1.612687802947288773e+01,5.170101975029056662e-02,-6.836955071638288928e+01
4.490000000000000000e+02,1.947982701430364159e+03,1.595856891780995035e+01,5.188678277528683408e-02,-6.898719317721945288e+01
4.500000000000000000e+02,1.957963708521945364e+03,1.578906582221010524e+01,5.207342758852487319e-02,-6.956995328500039477e+01
4.510000000000000000e+02,1.968058495536943838e+03,1.561859410900975220e+01,5.226094008320894546e-02,-7.011772203558552974e+01
4.520000000000000000e+02,1.978267213703667039e+03,1.544715367798778871e+01,5.244930558064838516e-02,-7.063032991611420641e+01
4.530000000000000000e+02,1.988567774208837363e+03,1.527489229506106838e+01,5.263850884865973329e-02,-7.110768491302903271e+01
4.540000000000000000e+02,1.998960376028448309e+03,1.510188338029822219e+01,5.282853411983189085e-02,-7.154962041914201620e+01
4.550000000000000000e+02,2.009430363978797232e+03,1.492820029163435969e+01,5.301936511050538148e-02,-7.195604379129281369e+01
4.560000000000000000e+02,2.019970513568827528e+03,1.475391632512864071e+01,5.321098503945621144e-02,-7.232678777410974647e+01
4.570000000000000000e+02,2.030573602451923080e+03,1.457910471526723661e+01,5.340337664670252726e-02,-7.266175905789546619e+01
4.580000000000000000e+02,2.041224981879287725e+03,1.440391291881500457e+01,5.359652221215281676e-02,-7.296071541911774716e+01
4.590000000000000000e+02,2.051910004856495107e+03,1.422841404820638900e+01,5.379040357398891942e-02,-7.322378569604526888e+01
4.600000000000000000e+02,2.062643739354518402e+03,1.405268115549089103e+01,5.398500214679473330e-02,-7.345109836247651458e+01
4.610000000000000000e+02,2.073396684621981422e+03,1.387678723282359883e+01,5.418029893922327728e-02,-7.364196440057945381e+01
4.620000000000000000e+02,2.084191339558833533e+03,1.370095378000876529e+01,5.437627457101943534e-02,-7.379866575101543447e+01
4.630000000000000000e+02,2.094998205639817570e+03,1.352525367107623921e+01,5.457290928968524385e-02,-7.391976978934286535e+01
4.640000000000000000e+02,2.105839783652283586e+03,1.334975972192140503e+01,5.477018298627903820e-02,-7.400607199798224656e+01
4.650000000000000000e+02,2.116686576635082929e+03,1.317461897449094188e+01,5.496807521056933099e-02,-7.405762461802102337e+01
4.660000000000000000e+02,2.127553658282912693e+03,1.299990413050953286e+01,5.516656518539745507e-02,-7.407522231131240176e+01
4.670000000000000000e+02,2.138426389304177064e+03,1.282576211926495446e+01,5.536563182019659662e-02,-7.405817364759788290e+01
4.680000000000000000e+02,2.149290130692060302e+03,1.265226553143143029e+01,5.556525372359312487e-02,-7.400727243695773439e+01
4.690000000000000000e+02,2.160145100305171127e+03,1.247948690344838596e+01,5.576540921528418127e-02,-7.392256921724457186e+01
4.700000000000000000e+02,2.170976659357015706e+03,1.230749871844468579e+01,5.596607633671550619e-02,-7.380411408178012778e+01
4.710000000000000000e+02,2.181770169017459466e+03,1.213644769071247254e+01,5.616723286111410807e-02,-7.365121383717089998e+01
4.720000000000000000e+02,2.192525847024732229e+03,1.196648048322311197e+01,5.636885630240520695e-02,-7.346540333642312248e+01
4.730000000000000000e+02,2.203229054206431101e+03,1.179759514168683232e+01,5.657092392339655579e-02,-7.324524562696343821e+01
4.740000000000000000e+02,2.213880007812875192e+03,1.162986394617085928e+01,5.677341274286075434e-02,-7.299301745924600482e+01
4.750000000000000000e+02,2.224471496408828898e+03,1.146350769575744977e+01,5.697629954196247598e-02,-7.270728093007808468e+01
4.760000000000000000e+02,2.235003736526241937e+03,1.129859857573387849e+01,5.717956086973718932e-02,-7.238882615659538544e+01
4.770000000000000000e+02,2.245462087575096120e+03,1.113513444233843330e+01,5.738317304784149031e-02,-7.203844276516915102e+01
4.780000000000000000e+02,2.255854193565085552e+03,1.097333595805648088e+01,5.758711217461766341e-02,-7.165617705057707099e+01
4.790000000000000000e+02,2.266180269683286951e+03,1.081327517543572903e+01,5.779135412850391895e-02,-7.124311477448000574e+01
4.800000000000000000e+02,2.276418245579910490e+03,1.065509838896226213e+01,5.799587457079195818e-02,-7.079870695397708857e+01
4.810000000000000000e+02,2.286583192163384865e+03,1.049872900245848584e+01,5.820064894799649446e-02,-7.032374119658619804e+01
4.820000000000000000e+02,2.296645609746738501e+03,1.034446179854968229e+01,5.840565249373427109e-02,-6.981855889130748949e+01
4.830000000000000000e+02,2.306613139904673972e+03,1.019229438862543802e+01,5.861086023017416519e-02,-6.928357518851463226e+01
4.840000000000000000e+02,2.316471138680188687e+03,1.004237291537437216e+01,5.881624696953225567e-02,-6.871920471208385095e+01
4.850000000000000000e+02,2.326204961647328219e+03,9.894769203831558002e+00,5.902178731507778248e-02,-6.812578727178792803e+01
4.860000000000000000e+02,2.335822248976337960e+03,9.749555046469218667e+00,5.922745566233340170e-02,-6.750381070997241295e+01
4.870000000000000000e+02,2.345308355348016448e+03,9.606802204817364910e+00,5.943322620014322016e-02,-6.685361376399367828e+01
4.880000000000000000e+02,2.354656063371021901e+03,9.466730978120082796e+00,5.963907291207597855e-02,-6.617575748046563433e+01
4.890000000000000000e+02,2.363873011947899613e+03,9.329264504001665514e+00,5.984496957778659421e-02,-6.547080236177956181e+01
4.900000000000000000e+02,2.372944554538110879e+03,9.194623028195591630e+00,6.005088977496486624e-02,-6.473923407992806744e+01
4.910000000000000000e+02,2.381870900921108841e+03,9.062878205265381126e+00,6.025680688161756671e-02,-6.398168632464484062e+01
4.920000000000000000e+02,2.390652260504276455e+03,8.934027383868354377e+00,6.046269407878779312e-02,-6.319856938383594525e+01
4.930000000000000000e+02,2.399288842327101065e+03,8.808216459048248126e+00,6.066852435399487653e-02,-6.239059012635796364e+01
4.940000000000000000e+02,2.407773426709968589e+03,8.685591307037970665e+00,6.087427050526200006e-02,-6.155808344907862306e+01
4.950000000000000000e+02,2.416098793597554504e+03,8.566223503586035903e+00,6.107990514590263403e-02,-6.070182939431432345e+01
4.960000000000000000e+02,2.424265150895558236e+03,8.450110325805225031e+00,6.128540071018815510e-02,-5.982223603054408301e+01
4.970000000000000000e+02,2.432257849399126371e+03,8.337397604547291508e+00,6.149072945981164107e-02,-5.891993372000644058e+01
4.980000000000000000e+02,2.440077096165114654e+03,8.228156875779610857e+00,6.169586349142396758e-02,-5.799555226810766584e+01
4.990000000000000000e+02,2.447715669424164844e+03,8.122459665987786792e+00,6.190077474497376886e-02,-5.704964664017667531e+01
5.000000000000000000e+02,2.455166346884927862e+03,8.020451777592580100e+00,6.210543501326451499e-02,-5.608269696206706101e+01
5.010000000000000000e+02,2.462421971698336165e+03,7.922129280990282574e+00,6.230981595240765725e-02,-5.509540034783245943e+01
5.020000000000000000e+02,2.469483078801707506e+03,7.827632172362820384e+00,6.251388909335919841e-02,-5.408843212866677419e+01
5.030000000000000000e+02,2.476342840085336775e+03,7.736950719757773598e+00,6.271762585473790452e-02,-5.306231320939249940e+01
5.040000000000000000e+02,2.483001854989421190e+03,7.650298041940992277e+00,6.292099755647387327e-02,-5.201793536225525116e+01
5.050000000000000000e+02,2.489468150410332782e+03,7.567590125847658555e+00,6.312397543471336137e-02,-5.095589267774472120e+01
5.060000000000000000e+02,2.495727467196329599e+03,7.488965813075789235e+00,6.332653065774632162e-02,-4.987685298479944151e+01
5.070000000000000000e+02,2.501787830136420325e+03,7.414504524559206722e+00,6.352863434288137656e-02,-4.878148357034402238e+01
5.080000000000000000e+02,2.507642406087436939e+03,7.344270832656669690e+00,6.373025757449270190e-02,-4.767052546617768627e+01
5.090000000000000000e+02,2.513284360544213996e+03,7.278314463144012869e+00,6.393137142293967012e-02,-4.654464488569917791e+01
5.100000000000000000e+02,2.518729142551851965e+03,7.216692582260459510e+00,6.413194696438283271e-02,-4.540458179498344293e+01
5.110000000000000000e+02,2.523955057757636951e+03,7.159454942006217237e+00,6.433195530150684349e-02,-4.425092706668436904e+01
5.120000000000000000e+02,2.528977551760498045e+03,7.106651310492583029e+00,6.453136758497445002e-02,-4.308441961879039184e+01
5.130000000000000000e+02,2.533782354799466248e+03,7.058346330643059829e+00,6.473015503570436757e-02,-4.190579785269682134e+01
5.140000000000000000e+02,2.538370051690429136e+03,7.014589808793243009e+00,6.492828896763495894e-02,-4.071565109160548701e+01
5.150000000000000000e+02,2.542741224956249425e+03,6.975424145041204227e+00,6.512574081112679214e-02,-3.951471672026277560e+01
5.160000000000000000e+02,2.546896454653647652e+03,6.940906620297020879e+00,6.532248213683237992e-02,-3.830380590750318959e+01
5.170000000000000000e+02,2.550828889847033224e+03,6.911072256528273172e+00,6.551848467991018554e-02,-3.708350647859909088e+01
5.180000000000000000e+02,2.554531676781000442e+03,6.885978388855542143e+00,6.571372036450666421e-02,-3.585462862294328801e+01
5.190000000000000000e+02,2.558012815402241813e+03,6.865660097441581122e+00,6.590816132841313679e-02,-3.461790776700936334e+01
5.200000000000000000e+02,2.561258017429886422e+03,6.850159922878980900e+00,6.610177994776558763e-02,-3.337400458161899763e+01
5.210000000000000000e+02,2.564275276279804984e+03,6.839527868172311287e+00,6.629454886167285288e-02,-3.212372784000790915e+01
5.220000000000000000e+02,2.567057725138397473e+03,6.833799115664087154e+00,6.648644099692248288e-02,-3.086773729165960845e+01
5.230000000000000000e+02,2.569598493491389945e+03,6.833008885706584934e+00,6.667742959206904296e-02,-2.960676652093592764e+01
5.240000000000000000e+02,2.571912992007149114e+03,6.837177581926090930e+00,6.686748822140056725e-02,-2.834162295547331922e+01
5.250000000000000000e+02,2.573986913922743497e+03,6.846333078231332081e+00,6.705659081859537129e-02,-2.707296502433887042e+01
5.260000000000000000e+02,2.575835661689945937e+03,6.860495864063456573e+00,6.724471169951456995e-02,-2.580152501746239224e+01
5.270000000000000000e+02,2.577452348374589292e+03,6.879693903038650582e+00,6.743182558464638765e-02,-2.452803481131378049e+01
5.280000000000000000e+02,2.578837510916637711e+03,6.903955206531525057e+00,6.761790762060360116e-02,-2.325330016183450610e+01
5.290000000000000000e+02,2.579991681647762562e+03,6.933292978898880854e+00,6.780293340088737464e-02,-2.197790358010001910e+01
5.300000000000000000e+02,2.580922816518929267e+03,6.967720476094281246e+00,6.798687898603697488e-02,-2.070279861024970813e+01
5.310000000000000000e+02,2.581616581586906705e+03,7.007265864272558709e+00,6.816972092232514990e-02,-1.942864128810649760e+01
5.320000000000000000e+02,2.582088351364293885e+03,7.051927651580652601e+00,6.835143625985820592e-02,-1.815638441956540561e+01
5.330000000000000000e+02,2.582331210277342052e+03,7.101719260139716106e+00,6.853200256941634205e-02,-1.688660903966089322e+01
5.340000000000000000e+02,2.582338237637992279e+03,7.156654171212499804e+00,6.871139795821813723e-02,-1.562026725839784191e+01
5.350000000000000000e+02,2.582124792627987517e+03,7.216753355408036974e+00,6.888960108457863052e-02,-1.435801372024623213e+01
5.360000000000000000e+02,2.581676515792801638e+03,7.282015561121030878e+00,6.906659117122103397e-02,-1.310079988338470969e+01
5.370000000000000000e+02,2.581008755801817188e+03,7.352439601407716019e+00,6.924234801761271207e-02,-1.184920547960354931e+01
5.380000000000000000e+02,2.580114570967303735e+03,7.428031784145573191e+00,6.941685201084138446e-02,-1.060403279394753184e+01
5.390000000000000000e+02,2.579001870978943316e+03,7.508776200424776448e+00,6.959008413549053196e-02,-9.366083826024643955e+00
5.400000000000000000e+02,2.577656275148272925e+03,7.594671868074430954e+00,6.976202598200158256e-02,-8.136011735006485779e+00
5.410000000000000000e+02,2.576100539218597078e+03,7.685725305068340951e+00,6.993265975409299062e-02,-6.914543702326599650e+00
5.420000000000000000e+02,2.574327700232566713e+03,7.781920817860386030e+00,7.010196827487379101e-02,-5.702480944052966016e+00
5.430000000000000000e+02,2.572330789964545147e+03,7.883250216501183516e+00,7.026993499172576318e-02,-4.500498157981898117e+00
5.440000000000000000e+02,2.570125120013795822e+03,7.989705387981476115e+00,7.043654398016072071e-02,-3.309314388419219988e+00
5.450000000000000000e+02,2.567711140106184303e+03,8.101248584501870909e+00,7.060177994644648014e-02,-2.129596470523719809e+00
5.460000000000000000e+02,2.565081866507289305e+03,8.217879280271382925e+00,7.076562822943392728e-02,-9.620184701740692734e-01
5.470000000000000000e+02,2.562245167145220876e+03,8.339559889626023903e+00,7.092807480113974550e-02,1.927308744510007332e-01
5.480000000000000000e+02,2.559201476640402234e+03,8.466208340272826760e+00,7.108910626651676612e-02,1.333992709582554781e+00
5.490000000000000000e+02,2.555951224743995681e+03,8.597965495465077268e+00,7.124870986247147653e-02,2.461068968653633782e+00
5.500000000000000000e+02,2.552494836432884313e+03,8.734600887519402335e+00,7.140687345588798973e-02,3.573292927920781459e+00
5.510000000000000000e+02,2.548847533526912684e+03,8.876255534191887619e+00,7.156358554116519499e-02,4.669970264981552432e+00
5.520000000000000000e+02,2.544994599140849004e+03,9.022773328164600315e+00,7.171883523694881635e-02,5.750439969102854043e+00
5.530000000000000000e+02,2.540950970148600391e+03,9.174146799966793608e+00,7.187261228244060107e-02,6.814046830308382319e+00
5.540000000000000000e+02,2.536724150728965469e+03,9.330368572531073212e+00,7.202490703321295928e-02,7.860150582760894622e+00
5.550000000000000000e+02,2.532306784130305459e+03,9.491357079060753321e+00,7.217571045655270245e-02,8.888088748577279929e+00
5.560000000000000000e+02,2.527698937837278208e+03,9.657105131366781947e+00,7.232501412674018082e-02,9.897206336661300341e+00
5.570000000000000000e+02,2.522922960387418243e+03,9.827531354155778942e+00,7.247281021985027549e-02,1.088692268315705114e+01
5.580000000000000000e+02,2.517964054684341136e+03,1.000262875328715850e+01,7.261909150873391283e-02,1.185655315621804640e+01
5.590000000000000000e+02,2.512829704913145633e+03,1.018231614997854884e+01,7.276385135759179390e-02,1.280564341682192442e+01
5.600000000000000000e+02,2.507519963250112141e+03,1.036658674897732624e+01,7.290708371696363876e-02,1.373359055784464822e+01
5.610000000000000000e+02,2.502049735020579192e+03,1.055528528917503372e+01,7.304878311851890904e-02,1.463979165589093157e+01
5.620000000000000000e+02,2.496404208700196250e+03,1.074847946219514228e+01,7.318894467028014272e-02,1.552386660652146588e+01
5.630000000000000000e+02,2.490598282814530194e+03,1.094601421240575512e+01,7.332756405193728566e-02,1.638506384085263790e+01
5.640000000000000000e+02,2.484639424279587729e+03,1.114788315541066943e+01,7.346463751043119661e-02,1.722292886160525782e+01
5.650000000000000000e+02,2.478512811786616567e+03,1.135400572846966760e+01,7.360016185620282814e-02,1.803700709353380560e+01
5.660000000000000000e+02,2.472233334332125651e+03,1.156437575837985499e+01,7.373413445947459011e-02,1.882684386778591801e+01
5.670000000000000000e+02,2.465808449537391425e+03,1.177876432828871778e+01,7.386655324719446081e-02,1.959183583918449401e+01
5.680000000000000000e+02,2.459230755361048978e+03,1.199723976298023942e+01,7.399741670056068921e-02,2.033160238796286023e+01
5.690000000000000000e+02,2.452507703554694217e+03,1.221972192857322881e+01,7.412672385282599585e-02,2.104568846992129494e+01
5.700000000000000000e+02,2.445639314658267267e+03,1.244605651668011248e+01,7.425447428798213900e-02,2.173363888404857036e+01
5.710000000000000000e+02,2.438633034738069910e+03,1.267623789551333857e+01,7.438066813960736434e-02,2.239492397310012706e+01
5.720000000000000000e+02,2.431496307065358906e+03,1.291011197641511998e+01,7.450530609061260801e-02,2.302931102516237161e+01
5.730000000000000000e+02,2.424229143786299119e+03,1.314767334834742485e+01,7.462838937345457613e-02,2.363626998966552151e+01
5.740000000000000000e+02,2.416831554283898186e+03,1.338884242780381761e+01,7.474991977080079619e-02,2.421556772942751579e+01
5.750000000000000000e+02,2.409325830232126464e+03,1.363346545916701302e+01,7.486989961691958850e-02,2.476689658716739473e+01
5.760000000000000000e+02,2.401697118789266824e+03,1.388153736551157635e+01,7.498833179947991812e-02,2.528987436954367851e+01
5.770000000000000000e+02,2.393967706088126761e+03,1.413290461482596605e+01,7.510521976183408277e-02,2.578411861471930777e+01
5.780000000000000000e+02,2.386130162064302112e+03,1.438748807068817648e+01,7.522056750582727103e-02,2.624924657645934190e+01
5.790000000000000000e+02,2.378191910531543272e+03,1.464528299236949671e+01,7.533437959493512193e-02,2.668509805878327867e+01
5.800000000000000000e+02,2.370160372449046008e+03,1.490606190086322158e+01,7.544666115783725535e-02,2.709128969915390428e+01
5.810000000000000000e+02,2.362042965883861143e+03,1.516982027987292980e+01,7.555741789228873073e-02,2.746743780325996553e+01
5.820000000000000000e+02,2.353839677618371752e+03,1.543640515820742998e+01,7.566665606920817966e-02,2.781323261287705151e+01
5.830000000000000000e+02,2.345550491454380790e+03,1.570573796012964607e+01,7.577438253690146897e-02,2.812843829032215126e+01
5.840000000000000000e+02,2.337190244864364104e+03,1.597781450513133983e+01,7.588060472557757452e-02,2.841267005250886868e+01
5.850000000000000000e+02,2.328758915539023292e+03,1.625233359012895917e+01,7.598533065171358958e-02,2.866569128964119528e+01
5.860000000000000000e+02,2.320256478035001692e+03,1.652936554062762653e+01,7.608856892252451043e-02,2.888719069952315266e+01
5.870000000000000000e+02,2.311690332071950706e+03,1.680875794227586439e+01,7.619032874029044167e-02,2.907707940653197909e+01
5.880000000000000000e+02,2.303075302479869151e+03,1.709035849088114389e+01,7.629061990643605518e-02,2.923511952922716617e+01
5.890000000000000000e+02,2.294396497396651739e+03,1.737408927535346592e+01,7.638945282558624872e-02,2.936114701615038669e+01
5.900000000000000000e+02,2.285676163371535949e+03,1.765987249357772271e+01,7.648683850897294856e-02,2.945492306429573048e+01
5.910000000000000000e+02,2.276914258517636426e+03,1.794755616821948863e+01,7.658278857762723657e-02,2.951635695528747050e+01
5.920000000000000000e+02,2.268110737521461033e+03,1.823706271297207238e+01,7.667731526516714802e-02,2.954513462374468347e+01
5.930000000000000000e+02,2.259272979957071584e+03,1.852824036472802050e+01,7.677043141981745866e-02,2.954123862789407795e+01
5.940000000000000000e+02,2.250400933555475149e+03,1.882101174969487545e+01,7.686215050600249399e-02,2.950457671838240259e+01
5.950000000000000000e+02,2.241509399232081705e+03,1.911522531543608139e+01,7.695248660508893779e-02,2.943505610834449016e+01
5.960000000000000000e+02,2.232598317669991957e+03,1.941080389685704333e+01,7.704145441557339047e-02,2.933258346021977303e+01
5.970000000000000000e+02,2.223667626013094377e+03,1.970759614811717242e+01,7.712906925231675925e-02,2.919699058932782521e+01
5.980000000000000000e+02,2.214724686217873568e+03,2.000545082498594240e+01,7.721534704484125933e-02,2.902833158522737023e+01
5.990000000000000000e+02,2.205776856714297992e+03,2.030436535063800463e+01,7.730030433507781296e-02,2.882643709833115508e+01
6.000000000000000000e+02,2.196824064076795366e+03,2.060411439686872370e+01,7.738395827378388714e-02,2.859136002884018524e+01
6.010000000000000000e+02,2.187881049640173842e+03,2.090462247970800291e+01,7.746632661621860594e-02,2.832315511002484953e+01
6.020000000000000000e+02,2.178932684040992172e+03,2.120574464582357876e+01,7.754742771668406143e-02,2.802196051696436285e+01
6.030000000000000000e+02,2.170008366173886770e+03,2.150741149976452604e+01,7.762728052212755636e-02,2.768769338466076135e+01
6.040000000000000000e+02,2.161092921520622895e+03,2.180947945600567195e+01,7.770590456463752349e-02,2.732049305264083827e+01
6.050000000000000000e+02,2.152193457379368738e+03,2.211180502087558608e+01,7.778331995295635626e-02,2.692042392043186183e+01
6.060000000000000000e+02,2.143324506252873562e+03,2.241431907442640892e+01,7.785954736290066902e-02,2.648762400438565479e+01
6.070000000000000000e+02,2.134478312547749738e+03,2.271695258524109562e+01,7.793460802670300336e-02,2.602208207732942924e+01
6.080000000000000000e+02,2.125669402787754279e+03,2.301948804168128149e+01,7.800852372143915470e-02,2.552400907658089935e+01
6.090000000000000000e+02,2.116904872335855543e+03,2.332185658409438389e+01,7.808131675628762758e-02,2.499361524429236425e+01
6.100000000000000000e+02,2.108169528827808790e+03,2.362391515244775420e+01,7.815300995898022407e-02,2.443096155165042305e+01
6.110000000000000000e+02,2.099492747469116239e+03,2.392544648441616673e+01,7.822362666118473640e-02,2.383618254094508160e+01
6.120000000000000000e+02,2.090859330986937948e+03,2.422645624742569481e+01,7.829319068297757589e-02,2.320941203398901465e+01
6.130000000000000000e+02,2.082276364946940703e+03,2.452680161912225287e+01,7.836172631660880128e-02,2.255085740790489623e+01
6.140000000000000000e+02,2.073765789576738371e+03,2.482633985230599194e+01,7.842925830917080177e-02,2.186079958777571264e+01
6.150000000000000000e+02,2.065304973146047359e+03,2.512492827280934904e+01,7.849581184483638008e-02,2.113951875616023202e+01
6.160000000000000000e+02,2.056923280709836945e+03,2.542249856082767323e+01,7.856141252616780091e-02,2.038744291348522353e+01
6.170000000000000000e+02,2.048612934102226063e+03,2.571898246519532805e+01,7.862608635486871556e-02,1.960477645429102722e+01
6.180000000000000000e+02,2.040381010591317818e+03,2.601431180111589470e+01,7.868985971203935892e-02,1.879194586237635889e+01
6.190000000000000000e+02,2.032227158036882201e+03,2.630819559733735602e+01,7.875275933778587423e-02,1.794922828778835111e+01
6.200000000000000000e+02,2.024158451803757771e+03,2.660071436180787785e+01,7.881481231059744852e-02,1.707697439220578772e+01
6.210000000000000000e+02,2.016189394978319115e+03,2.689172581124593009e+01,7.887604602625998551e-02,1.617545977718339500e+01
6.220000000000000000e+02,2.008312205186594610e+03,2.718093915218794976e+01,7.893648817652677840e-02,1.524510783028246053e+01
6.230000000000000000e+02,2.000526528216091720e+03,2.746843506300704263e+01,7.899616672756905322e-02,1.428626687056011768e+01
6.240000000000000000e+02,1.992846866587649401e+03,2.775399713984850436e+01,7.905510989841620095e-02,1.329921014493980636e+01
6.250000000000000000e+02,1.985272866375883723e+03,2.803755759506082512e+01,7.911334613927401005e-02,1.228428439196009592e+01
6.260000000000000000e+02,1.977811602480294141e+03,2.831890012056055639e+01,7.917090410987101534e-02,1.124190983889160123e+01
6.270000000000000000e+02,1.970455293792888824e+03,2.859795701917686017e+01,7.922781265800880879e-02,1.017235734871910680e+01
6.280000000000000000e+02,1.963225873515178591e+03,2.887458635143969587e+01,7.928410079808646815e-02,9.076045552013525253e+00
6.290000000000000000e+02,1.956108134217705356e+03,2.914872049984193580e+01,7.933979769017683592e-02,7.953540845165886886e+00
6.300000000000000000e+02,1.949116583199526531e+03,2.942029188255723327e+01,7.939493261914137845e-02,6.805260254982835377e+00
6.310000000000000000e+02,1.942250872588646871e+03,2.968901010011676078e+01,7.944953497425986944e-02,5.631620004668484114e+00
6.320000000000000000e+02,1.935510656238413048e+03,2.995495620057842245e+01,7.950363422929912494e-02,4.433184080177348108e+00
6.330000000000000000e+02,1.928910446617216621e+03,3.021791412511995745e+01,7.955725992293902205e-02,3.210292812420595165e+00
6.340000000000000000e+02,1.922442473239135779e+03,3.047774212263436056e+01,7.961044163983574395e-02,1.963508578370630753e+00
6.350000000000000000e+02,1.916113824589220030e+03,3.073444703028369318e+01,7.966320899229210883e-02,6.933632376131030339e-01
6.360000000000000000e+02,1.909931591588691845e+03,3.098781285300810850e+01,7.971559160228729179e-02,-5.996344384714837883e-01
6.370000000000000000e+02,1.903895439401651856e+03,3.123784646153291433e+01,7.976761908449347960e-02,-1.914931910352765332e+00
6.380000000000000000e+02,1.898005035933194222e+03,3.148433188831852192e+01,7.981932102959717057e-02,-3.251977438877686311e+00
6.390000000000000000e+02,1.892267480318170101e+03,3.172727602551365322e+01,7.987072698858237174e-02,-4.610242368374695587e+00
6.400000000000000000e+02,1.886682446349652764e+03,3.196646292085394592e+01,7.992186645746712781e-02,-5.989178039902902206e+00
6.410000000000000000e+02,1.881257039298739528e+03,3.220189947556690413e+01,7.997276886285462072e-02,-7.388230645259567630e+00
6.420000000000000000e+02,1.875983510973398324e+03,3.243336974022472674e+01,8.002346354820778773e-02,-8.806781797110632581e+00
6.430000000000000000e+02,1.870883829919883738e+03,3.266088061260682451e+01,8.007397976064196954e-02,-1.024420795234967230e+01
6.440000000000000000e+02,1.865935398010587733e+03,3.288429041701548527e+01,8.012434663856908557e-02,-1.169987297992805253e+01
6.450000000000000000e+02,1.861160190727981217e+03,3.310338318458932605e+01,8.017459319985258126e-02,-1.317315638438845049e+01
6.460000000000000000e+02,1.856557902084159878e+03,3.331816578410827390e+01,8.022474833067246014e-02,-1.466343844458796397e+01
6.470000000000000000e+02,1.852120801384287006e+03,3.352849650126191960e+01,8.027484077493765580e-02,-1.617001849688854520e+01
6.480000000000000000e+02,1.847856018331795440e+03,3.373423360242266256e+01,8.032489912433339596e-02,-1.769240463547837194e+01
6.490000000000000000e+02,1.843763258024049264e+03,3.393538389840828273e+01,8.037495180882918422e-02,-1.922974915203139901e+01
6.500000000000000000e+02,1.839857086041914499e+03,3.413180560722032197e+01,8.042502708768971276e-02,-2.078150222442362249e+01
6.510000000000000000e+02,1.836122319535260885e+03,3.432350684410199904e+01,8.047515304098243338e-02,-2.234689923204960493e+01
6.520000000000000000e+02,1.832565909165694848e+03,3.451042684568684393e+01,8.052535756142197021e-02,-2.392527980193050041e+01
6.530000000000000000e+02,1.829194770609519082e+03,3.469250617231280387e+01,8.057566834658433375e-02,-2.551606588247170393e+01
6.540000000000000000e+02,1.826008395066415687e+03,3.486968534544562459e+01,8.062611289147159077e-02,-2.711860586247745886e+01
6.550000000000000000e+02,1.823013705969525518e+03,3.504183056090688808e+01,8.067671848122358325e-02,-2.873224884660836409e+01
6.560000000000000000e+02,1.820195345590117313e+03,3.520903081961634484e+01,8.072751218413241892e-02,-3.035619607994090430e+01
6.570000000000000000e+02,1.817567673491802225e+03,3.537115222331339481e+01,8.077852084470475702e-02,-3.198994664015605949e+01
6.580000000000000000e+02,1.815130196428971203e+03,3.552813510530943120e+01,8.082977107690150764e-02,-3.363262887679892543e+01
6.590000000000000000e+02,1.812882425045426771e+03,3.567984546023308212e+01,8.088128925729695662e-02,-3.528366895319221896e+01
6.600000000000000000e+02,1.810823873871378282e+03,3.582629779129774761e+01,8.093310151827745602e-02,-3.694234513542109966e+01
6.610000000000000000e+02,1.808954061319993116e+03,3.596735797306336480e+01,8.098523374132475527e-02,-3.860793634894771742e+01
6.620000000000000000e+02,1.807279938034405404e+03,3.610296609872976603e+01,8.103771154982018776e-02,-4.027979645133347475e+01
6.630000000000000000e+02,1.805793601834571973e+03,3.623313647693780837e+01,8.109056030211019006e-02,-4.195713137056323916e+01
6.640000000000000000e+02,1.804502011117330085e+03,3.635773477808111664e+01,8.114380508409856085e-02,-4.363922194399773247e+01
6.650000000000000000e+02,1.803404699806727422e+03,3.647677516515496166e+01,8.119747070161432989e-02,-4.532542390643391172e+01
6.660000000000000000e+02,1.802493777357650742e+03,3.659019744010901576e+01,8.125158167269119769e-02,-4.701501931077810070e+01
6.670000000000000000e+02,1.801776213813248660e+03,3.669801560773650806e+01,8.130616221930411780e-02,-4.870721651534484664e+01
6.680000000000000000e+02,1.801258983114580133e+03,3.680009502207621352e+01,8.136123625893733335e-02,-5.040129873778490577e+01
6.690000000000000000e+02,1.800926778063876327e+03,3.689637523385686535e+01,8.141682739574922223e-02,-5.209662404163579907e+01
6.700000000000000000e+02,1.800794008794500769e+03,3.698694427096587845e+01,8.147295891138860158e-02,-5.379240247199710723e+01
6.710000000000000000e+02,1.800852804341876208e+03,3.707174150143679725e+01,8.152965375533666181e-02,-5.548791889185743997e+01
6.720000000000000000e+02,1.801102726071857887e+03,3.715063191398208176e+01,8.158693453502517678e-02,-5.718253296755572279e+01
6.730000000000000000e+02,1.801543339362688130e+03,3.722370324906841432e+01,8.164482350540314126e-02,-5.887538201988029130e+01
6.740000000000000000e+02,1.802174213642143741e+03,3.729089457850580658e+01,8.170334255823914760e-02,-6.056590099334899691e+01
6.750000000000000000e+02,1.803002350779897142e+03,3.735214486959284130e+01,8.176251321097573188e-02,-6.225322817261227470e+01
6.760000000000000000e+02,1.804019900083812672e+03,3.740746726579916981e+01,8.182235659520867288e-02,-6.393665086755864735e+01
6.770000000000000000e+02,1.805226443402590348e+03,3.745687480048492546e+01,8.188289344488236532e-02,-6.561553111357765999e+01
6.780000000000000000e+02,1.806614138481849295e+03,3.750023182716086723e+01,8.194414408412614703e-02,-6.728893423749578062e+01
6.790000000000000000e+02,1.808197432426199839e+03,3.753755115080860350e+01,8.200612841473169101e-02,-6.895614882523375400e+01
6.800000000000000000e+02,1.809968491663025134e+03,3.756884545823213273e+01,8.206886590355653988e-02,-7.061646385413934013e+01
6.810000000000000000e+02,1.811919487062418966e+03,3.759397874845774368e+01,8.213237556938811357e-02,-7.226894582502930575e+01
6.820000000000000000e+02,1.814050022360148660e+03,3.761303774770060215e+01,8.219667596998536663e-02,-7.391295872897597974e+01
6.830000000000000000e+02,1.816367134233488741e+03,3.762588620585516708e+01,8.226178518866116007e-02,-7.554764404478792983e+01
6.840000000000000000e+02,1.818870435679197271e+03,3.763261059506780981e+01,8.232772082089062637e-02,-7.717244070526513156e+01
6.850000000000000000e+02,1.821544687743917166e+03,3.763329725684074134e+01,8.239449996093735351e-02,-7.878663937767231573e+01
6.860000000000000000e+02,1.824396941357700371e+03,3.762788383269369774e+01,8.246213918832653866e-02,-8.038915959448088699e+01
6.870000000000000000e+02,1.827426824016345336e+03,3.761653067939934658e+01,8.253065455448964360e-02,-8.198018397144612379e+01
6.880000000000000000e+02,1.830633968215481673e+03,3.759910088224653890e+01,8.260006156939542210e-02,-8.355900396684103271e+01
6.890000000000000000e+02,1.834018011534283460e+03,3.757575452089998436e+01,8.267037518847301925e-02,-8.512416842906368686e+01
6.900000000000000000e+02,1.837571168368202962e+03,3.754657724978741840e+01,8.274160979965310136e-02,-8.667496924709732298e+01
6.910000000000000000e+02,1.841293086711098113e+03,3.751143172905577217e+01,8.281377921062887948e-02,-8.821144133074061244e+01
6.920000000000000000e+02,1.845183419884631121e+03,3.747040332360955972e+01,8.288689663656652329e-02,-8.973287692062002918e+01
6.930000000000000000e+02,1.849241826615311538e+03,3.742350296718799285e+01,8.296097468807871189e-02,-9.123856840312187444e+01
6.940000000000000000e+02,1.853460542758069778e+03,3.737081572752150294e+01,8.303602535972087750e-02,-9.272706545513139531e+01
6.950000000000000000e+02,1.857846666417007782e+03,3.731227795404168290e+01,8.311206001880008798e-02,-9.419840352874120981e+01
6.960000000000000000e+02,1.862377587909494650e+03,3.724782584317026135e+01,8.318908939486713283e-02,-9.565113249066706658e+01
6.970000000000000000e+02,1.867075273329295214e+03,3.717769257068081146e+01,8.326712356968095363e-02,-9.708528794175791177e+01
6.980000000000000000e+02,1.871917124398700480e+03,3.710173973859667029e+01,8.334617196783608573e-02,-9.849941985621296681e+01
6.990000000000000000e+02,1.876917690370406490e+03,3.702005164170110163e+01,8.342624334799010610e-02,-9.989356390091835181e+01
7.000000000000000000e+02,1.882061812917924954e+03,3.693271241559039453e+01,8.350734579472883501e-02,-1.012670129095404405e+02
7.010000000000000000e+02,1.887349227552048433e+03,3.683973164408951106e+01,8.358948671131627428e-02,-1.026190689405463843e+02
7.020000000000000000e+02,1.892772372436151272e+03,3.674111831831674380e+01,8.367267281298164383e-02,-1.039490709879226245e+02
7.030000000000000000e+02,1.898338579620287874e+03,3.663702972560927407e+01,8.375691012104687083e-02,-1.052571100635865520e+02
7.040000000000000000e+02,1.904047758724264668e+03,3.652740013857696511e+01,8.384220395797434278e-02,-1.065410485924196422e+02
7.050000000000000000e+02,1.909877540242018767e+03,3.641238651504479407e+01,8.392855894291625929e-02,-1.078017202364508051e+02
7.060000000000000000e+02,1.915850130690429523e+03,3.629199707954354892e+01,8.401597898837250000e-02,-1.090377300286923372e+02
7.070000000000000000e+02,1.921943172394440808e+03,3.616638845639995736e+01,8.410446729751654138e-02,-1.102491685272905784e+02
7.080000000000000000e+02,1.928156598618913904e+03,3.603541996787932078e+01,8.419402636225679915e-02,-1.114361261245266945e+02
7.090000000000000000e+02,1.934497776839185690e+03,3.589939646844660359e+01,8.428465796236986329e-02,-1.125964645208288744e+02
7.100000000000000000e+02,1.940951795302626579e+03,3.575825122555426816e+01,8.437636316513133505e-02,-1.137310165490810903e+02
7.110000000000000000e+02,1.947518604734015298e+03,3.561206590355509860e+01,8.446914232595736927e-02,-1.148391291436641808e+02
7.120000000000000000e+02,1.954205589931139230e+03,3.546092199617321938e+01,8.456299508975256840e-02,-1.159194061547391925e+02
7.130000000000000000e+02,1.960990427951290258e+03,3.530482654255926889e+01,8.465792039299811778e-02,-1.169719368326578319e+02
7.140000000000000000e+02,1.967880514843159290e+03,3.514393497743772343e+01,8.475391646655647260e-02,-1.179960673023101521e+02
7.150000000000000000e+02,1.974875823817902756e+03,3.497825399681966729e+01,8.485098083927559987e-02,-1.189918862126929326e+02
7.160000000000000000e+02,1.981961476813963600e+03,3.480779012481427515e+01,8.494911034218732837e-02,-1.199587390464839416e+02
7.170000000000000000e+02,1.989137457806263228e+03,3.463262399702207972e+01,8.504830111335211218e-02,-1.208952280997807804e+02
7.180000000000000000e+02,1.996403756007421407e+03,3.445283607700817896e+01,8.514854860336222575e-02,-1.218014409670374079e+02
7.190000000000000000e+02,2.003752937413188420e+03,3.426858093986606946e+01,8.524984758133401230e-02,-1.226767220159829179e+02
7.200000000000000000e+02,2.011185001393063885e+03,3.407986442185749354e+01,8.535219214156128387e-02,-1.235219008728299883e+02
7.210000000000000000e+02,2.018692523874839026e+03,3.388691503815916661e+01,8.545557571048202627e-02,-1.243355782274318670e+02
7.220000000000000000e+02,2.026275513925583937e+03,3.368973828216907407e+01,8.555999105424637319e-02,-1.251178399888452333e+02
7.230000000000000000e+02,2.033933985277852344e+03,3.348856232693045598e+01,8.566543028660952852e-02,-1.258687715958821656e+02
7.240000000000000000e+02,2.041660527852403220e+03,3.328346660811653379e+01,8.577188487718084842e-02,-1.265877151628586432e+02
7.250000000000000000e+02,2.049455164328741830e+03,3.307453039162106023e+01,8.587934566004434833e-02,-1.272740122955720636e+02
7.260000000000000000e+02,2.057310493312275412e+03,3.286183277423284466e+01,8.598780284257169504e-02,-1.279284897424902141e+02
7.270000000000000000e+02,2.065226545900643032e+03,3.264552696790189401e+01,8.609724601451852755e-02,-1.285497452009586539e+02
7.280000000000000000e+02,2.073203357198008689e+03,3.242561745008482887e+01,8.620766415732919463e-02,-1.291386043088843678e+02
7.290000000000000000e+02,2.081218681128110347e+03,3.220233138220000768e+01,8.631904565349531044e-02,-1.296929207813014671e+02
7.300000000000000000e+02,2.089287417099829781e+03,3.197559862614217963e+01,8.643137829611718947e-02,-1.302142619075523271e+02
7.310000000000000000e+02,2.097402183069032617e+03,3.174564601342448711e+01,8.654464929849774169e-02,-1.307019658532650226e+02
7.320000000000000000e+02,2.105548172103661727e+03,3.151247736187264081e+01,8.665884530376398442e-02,-1.311546273128091400e+02
7.330000000000000000e+02,2.113732865650536041e+03,3.127631917794130345e+01,8.677395239449622877e-02,-1.315730688320373361e+02
7.340000000000000000e+02,2.121948891651520171e+03,3.103710067358749569e+01,8.688995610234007128e-02,-1.319558837810185423e+02
7.350000000000000000e+02,2.130181452763213656e+03,3.079512231927335009e+01,8.700684141756637180e-02,-1.323046361823452344e+02
7.360000000000000000e+02,2.138445467980001013e+03,3.055046157751531410e+01,8.712459279857241723e-02,-1.326179180143214182e+02
7.370000000000000000e+02,2.146718717356295656e+03,3.030312147154728564e+01,8.724319418124217018e-02,-1.328958062047628346e+02
7.380000000000000000e+02,2.155008697036236299e+03,3.005332772107674444e+01,8.736262898824496970e-02,-1.331383769448665930e+02
7.390000000000000000e+02,2.163308049032824329e+03,2.980115732660647154e+01,8.748288013812320629e-02,-1.333449628383818606e+02
7.400000000000000000e+02,2.171609417812451738e+03,2.954676142186315957e+01,8.760393005440450520e-02,-1.335148957211132199e+02
7.410000000000000000e+02,2.179905450182455297e+03,2.929029099230283606e+01,8.772576067437559688e-02,-1.336497351507641724e+02
7.420000000000000000e+02,2.188196223532553176e+03,2.903182259370198182e+01,8.784835345786599914e-02,-1.337488113818523061e+02
7.430000000000000000e+02,2.196481817379473341e+03,2.877150692134125620e+01,8.797168939576353874e-02,-1.338114538561532640e+02
7.440000000000000000e+02,2.204747456565036373e+03,2.850949452876579571e+01,8.809574901851298379e-02,-1.338377340234053747e+02
7.450000000000000000e+02,2.212993224559407736e+03,2.824593583013128395e+01,8.822051240436468156e-02,-1.338277224922826747e+02
7.460000000000000000e+02,2.221211778316207528e+03,2.798090681912965394e+01,8.834595918754140076e-02,-1.337822318517424947e+02
7.470000000000000000e+02,2.229403204882348746e+03,2.771455763850345733e+01,8.847206856628596350e-02,-1.336998453175809232e+02
7.480000000000000000e+02,2.237560164610215907e+03,2.744696401563002652e+01,8.859881931085064610e-02,-1.335813737295773365e+02
7.490000000000000000e+02,2.245682747773978463e+03,2.717827583219439802e+01,8.872618977134226481e-02,-1.334268841987366159e+02
7.500000000000000000e+02,2.253763617787824842e+03,2.690864284343223645e+01,8.885415788550024563e-02,-1.332364429300097015e+02
7.510000000000000000e+02,2.261795495414089601e+03,2.663813871374643583e+01,8.898270118645101867e-02,-1.330093740222967824e+02
7.520000000000000000e+02,2.269771326496477741e+03,2.636690453550141555e+01,8.911179681052470991e-02,-1.327457500678339670e+02
7.530000000000000000e+02,2.277698970776908027e+03,2.609500531609404206e+01,8.924142150491613801e-02,-1.324471300351119964e+02
7.540000000000000000e+02,2.285571432485554396e+03,2.582258023170158978e+01,8.937155163550139503e-02,-1.321121006009443022e+02
7.550000000000000000e+02,2.293381716970231992e+03,2.554984263039262515e+01,8.950216319467498016e-02,-1.317414759852212001e+02
7.560000000000000000e+02,2.301122830626271480e+03,2.527685718479886035e+01,8.963323180925854283e-02,-1.313353266007888180e+02
7.570000000000000000e+02,2.308810065877741181e+03,2.500383702937126529e+01,8.976473274855011064e-02,-1.308937218788590826e+02
7.580000000000000000e+02,2.316429002656382636e+03,2.473077234617883846e+01,8.989664093247572152e-02,-1.304182159298591159e+02
7.590000000000000000e+02,2.323980078433597100e+03,2.445795035280076846e+01,9.002893093992998808e-02,-1.299073905245025173e+02
7.600000000000000000e+02,2.331456303099598244e+03,2.418543532124514783e+01,9.016157701733318319e-02,-1.293620549306137661e+02
7.610000000000000000e+02,2.338858115592826380e+03,2.391336571545514644e+01,9.029455308736884789e-02,-1.287822745651147329e+02
7.620000000000000000e+02,2.346178527126990502e+03,2.364180562785824691e+01,9.042783275794329112e-02,-1.281681138215792544e+02
7.630000000000000000e+02,2.353417977817358405e+03,2.337089334998157852e+01,9.056138933153617954e-02,-1.275203788982384623e+02
7.640000000000000000e+02,2.360562051553673427e+03,2.310069280911189793e+01,9.069519581464147162e-02,-1.268376464513189319e+02
7.650000000000000000e+02,2.367611189322370137e+03,2.283141642252047276e+01,9.082922492769007761e-02,-1.261214634341204146e+02
7.660000000000000000e+02,2.374565832424490054e+03,2.256312796722125924e+01,9.096344911523011889e-02,-1.253711472462148748e+02
7.670000000000000000e+02,2.381411565690514180e+03,2.229581686729058632e+01,9.109784055637404343e-02,-1.245867570683988106e+02
7.680000000000000000e+02,2.388156259143575880e+03,2.202976961524368349e+01,9.123237117577288890e-02,-1.237683510230049677e+02
7.690000000000000000e+02,2.394778069456062440e+03,2.176512407492911905e+01,9.136701265477166489e-02,-1.229174718397797932e+02
7.700000000000000000e+02,2.401292295006390304e+03,2.150194376898404158e+01,9.150173644302427023e-02,-1.220341755121079217e+02
7.710000000000000000e+02,2.407684520627266920e+03,2.124036644983348410e+01,9.163651377049716884e-02,-1.211185169638890784e+02
7.720000000000000000e+02,2.413947759253304412e+03,2.098060410372440998e+01,9.177131565977765526e-02,-1.201705500468733305e+02
7.730000000000000000e+02,2.420089880163356156e+03,2.072272010429017186e+01,9.190611293889119904e-02,-1.191918132085602196e+02
7.740000000000000000e+02,2.426096467117027714e+03,2.046685206716626482e+01,9.204087625428453157e-02,-1.181823581504661291e+02
7.750000000000000000e+02,2.431967959989301562e+03,2.021313757063029115e+01,9.217557608436589833e-02,-1.171422354970653998e+02
7.760000000000000000e+02,2.437712226299297527e+03,1.996171415977712016e+01,9.231018275334321177e-02,-1.160729804652595192e+02
7.770000000000000000e+02,2.443322276034206880e+03,1.971264506722248200e+01,9.244466644531897093e-02,-1.149738986892026844e+02
7.780000000000000000e+02,2.448798546570475992e+03,1.946606778434309604e+01,9.257899721887835609e-02,-1.138465232309391695e+02
7.790000000000000000e+02,2.454141474189862038e+03,1.922204549853432809e+01,9.271314502185230844e-02,-1.126901575712793715e+02
7.800000000000000000e+02,2.459344065591520121e+03,1.898078994800604491e+01,9.284707970645350583e-02,-1.115070754565433759e+02
7.810000000000000000e+02,2.464414182801302559e+03,1.874229000858255745e+01,9.298077104464896880e-02,-1.102965782204748280e+02
7.820000000000000000e+02,2.469337401275508455e+03,1.850668311554984058e+01,9.311418874380721078e-02,-1.090594517970520343e+02
7.830000000000000000e+02,2.474121579854082484e+03,1.827410670100609380e+01,9.324730246254722688e-02,-1.077949953835983905e+02
7.840000000000000000e+02,2.478752290507805355e+03,1.804462391473369465e+01,9.338008182681319103e-02,-1.065047356196685939e+02
7.850000000000000000e+02,2.483229959935548777e+03,1.781829791209362668e+01,9.351249644611790701e-02,-1.051879695812116324e+02
7.860000000000000000e+02,2.487540156006921279e+03,1.759526614193563177e+01,9.364451592985713335e-02,-1.038447361255361159e+02
7.870000000000000000e+02,2.491690729355198528e+03,1.737559178401481574e+01,9.377610990390668200e-02,-1.024765587317531441e+02
7.880000000000000000e+02,2.495674671466150812e+03,1.715941232043083176e+01,9.390724802706627850e-02,-1.010819884965962530e+02
7.890000000000000000e+02,2.499477542867184184e+03,1.694686525657012410e+01,9.403790000775290314e-02,-9.966328965616766311e+01
7.900000000000000000e+02,2.503114614716718734e+03,1.673801384205723508e+01,9.416803562065408084e-02,-9.821975407778465694e+01
7.910000000000000000e+02,2.506571441839976615e+03,1.653306992572363399e+01,9.429762472324809686e-02,-9.675438678282387173e+01
7.920000000000000000e+02,2.509855861018629639e+03,1.633217110956686824e+01,9.442663727248695738e-02,-9.526647760463687575e+01
7.930000000000000000e+02,2.512960849077991952e+03,1.613545503672384029e+01,9.455504334121649090e-02,-9.375754387745831764e+01
7.940000000000000000e+02,2.515886807777218564e+03,1.594298511244106464e+01,9.468281313461091031e-02,-9.222835910555437522e+01
7.950000000000000000e+02,2.518626706949689833e+03,1.575497335905524743e+01,9.480991700641441811e-02,-9.068043864305671775e+01
7.960000000000000000e+02,2.521188369396538747e+03,1.557140900295241082e+01,9.493632547500024943e-02,-8.911306836417816157e+01
7.970000000000000000e+02,2.523572185681002793e+03,1.539235561304595379e+01,9.506200923933588731e-02,-8.752776168420521685e+01
7.980000000000000000e+02,2.525771113976265497e+03,1.521787682173713030e+01,9.518693919458200148e-02,-8.592454539573678574e+01
7.990000000000000000e+02,2.527792964967212811e+03,1.504803632937057145e+01,9.531108644757799175e-02,-8.430418818563845207e+01
8.000000000000000000e+02,2.529630688303996067e+03,1.488289790868060614e+01,9.543442233200334635e-02,-8.266597214235594038e+01
8.010000000000000000e+02,2.531284689888787852e+03,1.472244952877265156e+01,9.555691842325761409e-02,-8.101214146552621287e+01
8.020000000000000000e+02,2.532762928871128224e+03,1.456667285219378805e+01,9.567854655304508515e-02,-7.934193485887432473e+01
8.030000000000000000e+02,2.534051106981767589e+03,1.441584516420229356e+01,9.579927882364498715e-02,-7.765606749452460633e+01
8.040000000000000000e+02,2.535157206128983489e+03,1.426987242258460675e+01,9.591908762181954040e-02,-7.595599650575640283e+01
8.050000000000000000e+02,2.536066918174628427e+03,1.412903209704856700e+01,9.603794563240614091e-02,-7.424094966172503973e+01
8.060000000000000000e+02,2.536773358218152225e+03,1.399330462204680714e+01,9.615582585155504902e-02,-7.251312522791884874e+01
8.070000000000000000e+02,2.537277064485308983e+03,1.386281910211302737e+01,9.627270159954016970e-02,-7.077100646666666250e+01
8.080000000000000000e+02,2.537578569872508069e+03,1.373770474915101580e+01,9.638854653329298472e-02,-6.901753283858678856e+01
8.090000000000000000e+02,2.537670973497211435e+03,1.361801660319670759e+01,9.650333465848433268e-02,-6.725192883391591181e+01
8.100000000000000000e+02,2.537554797305257125e+03,1.350380982015308895e+01,9.661704034123337614e-02,-6.547490383470793063e+01
8.110000000000000000e+02,2.537230557633723492e+03,1.339513967598786692e+01,9.672963831951537916e-02,-6.368805786424596249e+01
8.120000000000000000e+02,2.536713621830877400e+03,1.329191300388892394e+01,9.684110371409207496e-02,-6.189202451730862009e+01
8.130000000000000000e+02,2.535997066430762061e+03,1.319425961589728757e+01,9.695141203914432737e-02,-6.008773379792638991e+01
8.140000000000000000e+02,2.535088818836667087e+03,1.310216088947244195e+01,9.706053921250215599e-02,-5.827604072045552641e+01
8.150000000000000000e+02,2.533996800559205894e+03,1.301559833852980930e+01,9.716846156550816571e-02,-5.645779961202750030e+01
8.160000000000000000e+02,2.532721498810943558e+03,1.293470218443000697e+01,9.727515585261278797e-02,-5.463386413184354495e+01
8.170000000000000000e+02,2.531255966457493287e+03,1.285945422590233811e+01,9.738059926046892245e-02,-5.280471587329166283e+01
8.180000000000000000e+02,2.529600678675212293e+03,1.278991069343192954e+01,9.748476941685677022e-02,-5.097053866740031225e+01
8.190000000000000000e+02,2.527748676213861472e+03,1.272605368607788279e+01,9.758764439923102441e-02,-4.913173858761594204e+01
8.200000000000000000e+02,2.525692993715819739e+03,1.266808830924717455e+01,9.768920274288150907e-02,-4.728872111985073445e+01
8.210000000000000000e+02,2.523426659690659108e+03,1.261592269387871212e+01,9.778942344898969297e-02,-4.544181689981760286e+01
8.220000000000000000e+02,2.520950124845385744e+03,1.256968798459764436e+01,9.788828599218746263e-02,-4.359128173413613894e+01
8.230000000000000000e+02,2.518256405369114873e+03,1.252936692577173083e+01,9.798577032800381836e-02,-4.173759375570384833e+01
8.240000000000000000e+02,2.515353367973941658e+03,1.249501671551731086e+01,9.808185689999954215e-02,-3.988175057930922662e+01
8.250000000000000000e+02,2.512248873189259029e+03,1.246662044211941556e+01,9.817652664668620466e-02,-3.802489790595077324e+01
8.260000000000000000e+02,2.508943347010751950e+03,1.244423565438604484e+01,9.826976100817395865e-02,-3.616818097787875530e+01
8.270000000000000000e+02,2.505444637604292893e+03,1.242777151441120509e+01,9.836154193267064583e-02,-3.431274460084397049e+01
8.280000000000000000e+02,2.501753158612712014e+03,1.241728593477435005e+01,9.845185188274108157e-02,-3.245958459953062203e+01
8.290000000000000000e+02,2.497884174217404052e+03,1.241276273113855488e+01,9.854067384136906693e-02,-3.060991925768290400e+01
8.300000000000000000e+02,2.493838085751478957e+03,1.241426019227499289e+01,9.862799131788961560e-02,-2.876474363986772431e+01
8.310000000000000000e+02,2.489615288417428019e+03,1.242168823248634268e+01,9.871378835372281169e-02,-2.692438391338862047e+01
8.320000000000000000e+02,2.485208742956752758e+03,1.243510552845689077e+01,9.879804952790371964e-02,-2.508931448988136736e+01
8.330000000000000000e+02,2.480611404022548868e+03,1.245457095499447853e+01,9.888075996256255606e-02,-2.325971234749427907e+01
8.340000000000000000e+02,2.475831076904493784e+03,1.248006930417984961e+01,9.896190532816720453e-02,-2.143590275521436439e+01
8.350000000000000000e+02,2.470853275803988709e+03,1.251158557142379735e+01,9.904147184869867282e-02,-1.961828501278045067e+01
8.360000000000000000e+02,2.465670937263194901e+03,1.254917924142530872e+01,9.911944630661026490e-02,-1.780703534018270062e+01
8.370000000000000000e+02,2.460291848544708955e+03,1.259283572352132907e+01,9.919581604775817851e-02,-1.600270116927521258e+01
8.380000000000000000e+02,2.454723790961661052e+03,1.264254063744166068e+01,9.927056898609236402e-02,-1.420597831693444490e+01
8.390000000000000000e+02,2.448952254858502329e+03,1.269820553195484258e+01,9.934369360827773054e-02,-1.241793385929611304e+01
8.400000000000000000e+02,2.443007294795550479e+03,1.275981645391614450e+01,9.941517897820037475e-02,-1.063941188751872957e+01
8.410000000000000000e+02,2.436881817729084105e+03,1.282728538319905986e+01,9.948501474126751620e-02,-8.871479232627551781e+00
8.420000000000000000e+02,2.430583581496347961e+03,1.290059880152895211e+01,9.955319112863852959e-02,-7.114979788365391578e+00
8.430000000000000000e+02,2.424112909798293003e+03,1.297966912719809685e+01,9.961969896127306767e-02,-5.370905952599739130e+00
8.440000000000000000e+02,2.417492405634201987e+03,1.306440900017867435e+01,9.968452965380927844e-02,-3.640175800731088707e+00
8.450000000000000000e+02,2.410700096183065398e+03,1.315487985062795850e+01,9.974767521836115647e-02,-1.923261692110239451e+00
8.460000000000000000e+02,2.403751144689889315e+03,1.325106904977031519e+01,9.980912826804798355e-02,-2.208365604469900989e-01
8.470000000000000000e+02,2.396630995346857162e+03,1.335303847818036260e+01,9.986888202043903151e-02,1.466679191617511036e+00
8.480000000000000000e+02,2.389347371778292654e+03,1.346070167644222515e+01,9.992693030074324689e-02,3.138723966015280809e+00
8.490000000000000000e+02,2.381893135322410217e+03,1.357412098021454305e+01,9.998326754485613310e-02,4.794786596766852149e+00
8.500000000000000000e+02,2.374261141764570311e+03,1.369328467066632804e+01,1.000378888021383750e-01,6.434339470924457238e+00
8.510000000000000000e+02,2.366466493554865338e+03,1.381825588235733093e+01,1.000907897380410305e-01,8.056885495786719531e+00
8.520000000000000000e+02,2.358501871141847005e+03,1.394880220657672609e+01,1.001419666364821714e-01,9.662002479781799380e+00
8.530000000000000000e+02,2.350374773353064029e+03,1.408491465633911766e+01,1.001914164018998521e-01,1.124928384720185193e+01
8.540000000000000000e+02,2.342085265242103560e+03,1.422643590932698032e+01,1.002391365612300689e-01,1.281832282238636367e+01
8.550000000000000000e+02,2.333655691521651079e+03,1.437328315878682439e+01,1.002851252654313186e-01,1.436871240597178989e+01
8.560000000000000000e+02,2.325071249793618790e+03,1.452537383030581708e+01,1.003293812908234578e-01,1.590008249293598297e+01
8.570000000000000000e+02,2.316354274083937526e+03,1.468247701497717905e+01,1.003719040401495205e-01,1.741201813708629942e+01
8.580000000000000000e+02,2.307504808073132608e+03,1.484465917047762318e+01,1.004126935433171386e-01,1.890402981405095773e+01
8.590000000000000000e+02,2.298522890180041031e+03,1.501176413650527053e+01,1.004517504578123915e-01,2.037540483072177011e+01
8.600000000000000000e+02,2.289408553595324975e+03,1.518385883564385885e+01,1.004890760688176149e-01,2.182543015226867311e+01
8.610000000000000000e+02,2.280169254665891003e+03,1.536086185559427264e+01,1.005246722890194289e-01,2.325331809520756110e+01
8.620000000000000000e+02,2.270797587879135790e+03,1.554269201581941928e+01,1.005585416580694752e-01,2.465828058754043539e+01
8.630000000000000000e+02,2.261308427650150861e+03,1.572949121758850843e+01,1.005906873416603370e-01,2.603960342896729330e+01
8.640000000000000000e+02,2.251694358257295789e+03,1.592110445889421833e+01,1.006211131303572925e-01,2.739642341716398377e+01
8.650000000000000000e+02,2.241955387281542244e+03,1.611752553480146943e+01,1.006498234379521323e-01,2.872817402566356293e+01
8.660000000000000000e+02,2.232106373996492039e+03,1.631867418617372323e+01,1.006768232996104323e-01,3.003458538080834828e+01
8.670000000000000000e+02,2.222132459308229045e+03,1.652447038231057519e+01,1.007021183695164940e-01,3.131575852229574508e+01
8.680000000000000000e+02,2.212041064250146064e+03,1.673476003648254462e+01,1.007257149182836653e-01,3.257142254529355085e+01
8.690000000000000000e+02,2.201839604977157705e+03,1.694946357187675190e+01,1.007476198298921238e-01,3.380167741270827264e+01
8.700000000000000000e+02,2.191520636112181819e+03,1.716857592044180336e+01,1.007678405983865599e-01,3.500632538101574909e+01
8.710000000000000000e+02,2.181091564196289710e+03,1.739186938762806989e+01,1.007863853241681429e-01,3.618539096224859009e+01
8.720000000000000000e+02,2.170559791039644097e+03,1.761926506855665409e+01,1.008032627099003237e-01,3.733874948407795102e+01
8.730000000000000000e+02,2.159917857074863605e+03,1.785060999607545895e+01,1.008184820561535827e-01,3.846590421703315599e+01
8.740000000000000000e+02,2.149180583164672498e+03,1.808589998973823398e+01,1.008320532566170519e-01,3.956650633688749963e+01
8.750000000000000000e+02,2.138347928909693110e+03,1.832498252017469298e+01,1.008439867930662620e-01,4.063998348516498993e+01
8.760000000000000000e+02,2.127427277760991728e+03,1.856770527438511564e+01,1.008542937299281711e-01,4.168598544833519526e+01
8.770000000000000000e+02,2.116418580384192410e+03,1.881391615393984651e+01,1.008629857085915627e-01,4.270386415164685445e+01
8.780000000000000000e+02,2.105344068128021718e+03,1.906353755659186433e+01,1.008700749413842801e-01,4.369334218918431390e+01
8.790000000000000000e+02,2.094188826292817339e+03,1.931649209079533946e+01,1.008755742052333260e-01,4.465384425107304622e+01
8.800000000000000000e+02,2.082967649356334277e+03,1.957262829013557948e+01,1.008794968350696653e-01,4.558501708693243870e+01
8.810000000000000000e+02,2.071673042598630673e+03,1.983186917817818795e+01,1.008818567169249558e-01,4.648643235102090898e+01
8.820000000000000000e+02,2.060319792283320112e+03,2.009421226622512435e+01,1.008826682807794500e-01,4.735773514863010547e+01
8.830000000000000000e+02,2.048900395638971531e+03,2.035943241697287931e+01,1.008819464931795945e-01,4.819842116521469677e+01
8.840000000000000000e+02,2.037414774346155809e+03,2.062760182661038755e+01,1.008797068495462107e-01,4.900820806380546202e+01
8.850000000000000000e+02,2.025870274626655828e+03,2.089857003779409439e+01,1.008759653663068578e-01,4.978658976417360549e+01
8.860000000000000000e+02,2.014266810635318734e+03,2.117218678756024630e+01,1.008707385727882488e-01,5.053328212431973299e+01
8.870000000000000000e+02,2.002604292905789862e+03,2.144845057164674884e+01,1.008640435028747839e-01,5.124822292125930545e+01
8.880000000000000000e+02,1.990897485149596832e+03,2.172721150771191034e+01,1.008558976865495949e-01,5.193142326513126505e+01
8.890000000000000000e+02,1.979131434256285502e+03,2.200824561597752194e+01,1.008463191411226312e-01,5.258304186415984560e+01
8.900000000000000000e+02,1.967328325550329737e+03,2.229155195029083458e+01,1.008353263623931462e-01,5.320293930546250749e+01
8.910000000000000000e+02,1.955480627746485197e+03,2.257698117757536238e+01,1.008229383155699876e-01,5.379127230527403469e+01
8.920000000000000000e+02,1.943595663161786661e+03,2.286438414171008304e+01,1.008091744260888739e-01,5.434797370703320496e+01
8.930000000000000000e+02,1.931673322778115335e+03,2.315368614381688062e+01,1.007940545702146612e-01,5.487312388191745072e+01
8.940000000000000000e+02,1.919728351408996105e+03,2.344458980494579237e+01,1.007775990655873644e-01,5.536665357829198086e+01
8.950000000000000000e+02,1.907745777716796511e+03,2.373716933070040724e+01,1.007598286615564304e-01,5.582841818912677212e+01
8.960000000000000000e+02,1.895747769486232755e+03,2.403112767272815020e+01,1.007407645294179921e-01,5.625849487039499053e+01
8.970000000000000000e+02,1.883726778595829046e+03,2.432639079316510333e+01,1.007204282525303723e-01,5.665673682493895313e+01
8.980000000000000000e+02,1.871690111245485241e+03,2.462281052696036099e+01,1.006988418162936966e-01,5.702307042187211295e+01
8.990000000000000000e+02,1.859645071384283483e+03,2.492016457811963903e+01,1.006760275980780467e-01,5.735749518249954804e+01
9.000000000000000000e+02,1.847591532490680493e+03,2.521845364986820925e+01,1.006520083569628909e-01,5.765986091627785726e+01
9.010000000000000000e+02,1.835529314713646954e+03,2.551738342449833397e+01,1.006268072233735267e-01,5.793016640743979906e+01
9.020000000000000000e+02,1.823472887682820556e+03,2.581696473226879007e+01,1.006004476887326221e-01,5.816841553235140339e+01
9.030000000000000000e+02,1.811421811268334750e+03,2.611706194136333181e+01,1.005729535948038794e-01,5.837446398396593139e+01
9.040000000000000000e+02,1.799375643760660523e+03,2.641753955238415230e+01,1.005443491231842595e-01,5.854838911257494516e+01
9.050000000000000000e+02,1.787341370360160909e+03,2.671826219405376079e+01,1.005146587844452377e-01,5.869011849774523171e+01
9.060000000000000000e+02,1.775318546617285392e+03,2.701924318583266782e+01,1.004839074073431426e-01,5.879957850541507014e+01
9.070000000000000000e+02,1.763321583625287303e+03,2.732019883242897862e+01,1.004521201278914533e-01,5.887676856214324772e+01
9.080000000000000000e+02,1.751342606412078339e+03,2.762106840375311734e+01,1.004193223782688937e-01,5.892183543002547452e+01
9.090000000000000000e+02,1.739388595835587921e+03,2.792186556326384306e+01,1.003855398756803158e-01,5.893485034827979518e+01
9.100000000000000000e+02,1.727459103678002066e+03,2.822238122922409786e+01,1.003507986111292494e-01,5.891595759303375246e+01
9.110000000000000000e+02,1.715561109491996831e+03,2.852248070389343226e+01,1.003151248380083349e-01,5.886530018730278613e+01
9.120000000000000000e+02,1.703701592396838578e+03,2.882210366862804207e+01,1.002785450606678147e-01,5.878301989517780157e+01
9.130000000000000000e+02,1.691880102874969225e+03,2.912118989539841962e+01,1.002410860228023920e-01,5.866925721672647853e+01
9.140000000000000000e+02,1.680096191269445853e+03,2.941953067472575256e+01,1.002027746957679932e-01,5.852407710011171105e+01
9.150000000000000000e+02,1.668349407931355699e+03,2.971706594455743300e+01,1.001636382667853847e-01,5.834769178844388193e+01
9.160000000000000000e+02,1.656654160067830844e+03,3.001373571805347495e+01,1.001237041270331279e-01,5.814031224984820057e+01
9.170000000000000000e+02,1.645002570138277406e+03,3.030925722779929643e+01,1.000829998595700460e-01,5.790199960826089409e+01
9.180000000000000000e+02,1.633394189402699567e+03,3.060364490497469347e+01,1.000415532272384417e-01,5.763311084297571796e+01
9.190000000000000000e+02,1.621843426418987974e+03,3.089669038942223267e+01,9.999939216040169832e-02,5.733370451988427163e+01
9.200000000000000000e+02,1.610349833788551223e+03,3.118833394168293083e+01,9.995654474456354410e-02,5.700398649247894411e+01
9.210000000000000000e+02,1.598905536652661340e+03,3.147836730345021294e+01,9.991303920790986504e-02,5.664416133555972266e+01
9.220000000000000000e+02,1.587524946238896291e+03,3.176673082598786735e+01,9.986890390870402368e-02,5.625465519717290164e+01
9.230000000000000000e+02,1.576215046604806503e+03,3.205336489748072637e+01,9.982416732266380377e-02,5.583574438324379230e+01
9.240000000000000000e+02,1.564960538081185177e+03,3.233813565383942290e+01,9.977885803012288835e-02,5.538785249443841252e+01
9.250000000000000000e+02,1.553783264216827092e+03,3.262083497296309531e+01,9.973300470316605326e-02,5.491132757920619412e+01
9.260000000000000000e+02,1.542675356767907260e+03,3.290147760297142554e+01,9.968663609274258652e-02,5.440666498852705502e+01
9.270000000000000000e+02,1.531643805939869026e+03,3.317985545537563752e+01,9.963978101552520283e-02,5.387413596331709442e+01
9.280000000000000000e+02,1.520695603825958187e+03,3.345598330024733968e+01,9.959246834092046197e-02,5.331415905752647433e+01
9.290000000000000000e+02,1.509830316194545048e+03,3.372965305932990532e+01,9.954472697782623669e-02,5.272707729387229847e+01
9.300000000000000000e+02,1.499047510975375644e+03,3.400073093415193881e+01,9.949658586142082206e-02,5.211315817072051004e+01
9.310000000000000000e+02,1.488346758393902292e+03,3.426915740011207845e+01,9.944807393994667399e-02,5.147274223659985637e+01
9.320000000000000000e+02,1.477742487804342545e+03,3.453479863354539958e+01,9.939922016135759042e-02,5.080609453131840070e+01
9.330000000000000000e+02,1.467226846069111843e+03,3.479759507279052144e+01,9.935005346006020588e-02,5.011362744518924472e+01
9.340000000000000000e+02,1.456806839438800125e+03,3.505726427823762492e+01,9.930060274356067307e-02,4.939552931081659182e+01
9.350000000000000000e+02,1.446482048628086886e+03,3.531382091090434017e+01,9.925089687919855241e-02,4.865221011397330386e+01
9.360000000000000000e+02,1.436252057290522998e+03,3.556705674198207134e+01,9.920096468082831298e-02,4.788400436999994980e+01
9.370000000000000000e+02,1.426123880491087448e+03,3.581698634792477520e+01,9.915083489555950869e-02,4.709139398525050524e+01
9.380000000000000000e+02,1.416097108125697559e+03,3.606347568702503281e+01,9.910053619056911900e-02,4.627471113453213292e+01
9.390000000000000000e+02,1.406178761739349511e+03,3.630639066052714270e+01,9.905009713995822918e-02,4.543443540705843731e+01
9.400000000000000000e+02,1.396361009590573758e+03,3.654552282325679613e+01,9.899954621168029212e-02,4.457097096836110239e+01
9.410000000000000000e+02,1.386658308515391354e+03,3.678096079529442619e+01,9.894891175456697885e-02,4.368464657316678057e+01
9.420000000000000000e+02,1.377062833935967546e+03,3.701249598814916197e+01,9.889822198547600085e-02,4.277593842922178169e+01
9.430000000000000000e+02,1.367581621719416262e+03,3.723999401650286245e+01,9.884750497654033741e-02,4.184532164402697418e+01
9.440000000000000000e+02,1.358214283231954369e+03,3.746346897598583325e+01,9.879678864255000970e-02,4.089334452248574081e+01
9.450000000000000000e+02,1.348967862141626028e+03,3.768278630348588365e+01,9.874610072853554077e-02,3.992040573093078137e+01
9.460000000000000000e+02,1.339834549467064335e+03,3.789788562202483035e+01,9.869546879740789813e-02,3.892705144604094869e+01
9.470000000000000000e+02,1.330828825425512832e+03,3.810855788467355154e+01,9.864492021791455845e-02,3.791382680309995123e+01
9.480000000000000000e+02,1.321942889425346721e+03,3.831489107004695427e+01,9.859448215266417015e-02,3.688120162809939728e+01
9.490000000000000000e+02,1.313176373558325395e+03,3.851675019232715869e+01,9.854418154637778482e-02,3.582957045367151494e+01
9.500000000000000000e+02,1.304543771038329396e+03,3.871400014637590203e+01,9.849404511443256294e-02,3.475962395284828688e+01
9.510000000000000000e+02,1.296037265537435587e+03,3.890650740174975653e+01,9.844409933148436098e-02,3.367167206795990353e+01
9.520000000000000000e+02,1.287656357674697801e+03,3.909429366247678672e+01,9.839437042046519921e-02,3.256628757061382373e+01
9.530000000000000000e+02,1.279407952091555899e+03,3.927723362983230260e+01,9.834488434166377413e-02,3.144381110267151413e+01
9.540000000000000000e+02,1.271284101476986734e+03,3.945527614839381414e+01,9.829566678219542331e-02,3.030480523077222799e+01
9.550000000000000000e+02,1.263299148393573660e+03,3.962829563400431709e+01,9.824674314562677202e-02,2.914968304646115982e+01
9.560000000000000000e+02,1.255445155248170977e+03,3.979624063582557625e+01,9.819813854184675228e-02,2.797893103458821074e+01
9.570000000000000000e+02,1.247729046112704509e+03,3.995905954796558746e+01,9.814987777727071649e-02,2.679303480793972625e+01
9.580000000000000000e+02,1.240142893390153631e+03,4.011677488819465509e+01,9.810198534520639391e-02,2.559270197611734687e+01
9.590000000000000000e+02,1.232693631280012596e+03,4.026926044273650973e+01,9.805448541654508687e-02,2.437856503013107456e+01
9.600000000000000000e+02,1.225388199139787957e+03,4.041661267916574474e+01,9.800740183068172573e-02,2.315118136122983472e+01
9.610000000000000000e+02,1.218218684844084464e+03,4.055863075736296963e+01,9.796075808667185914e-02,2.191110756345870669e+01
9.620000000000000000e+02,1.211192038242850231e+03,4.069541079309572496e+01,9.791457733467351376e-02,2.065904801994050644e+01
9.630000000000000000e+02,1.204307786165581319e+03,4.082690015265396966e+01,9.786888236762515680e-02,1.939563207186517957e+01
9.640000000000000000e+02,1.197565460824311231e+03,4.095297173209277020e+01,9.782369561316184292e-02,1.812126547120128706e+01
9.650000000000000000e+02,1.190964599864196998e+03,4.107372108707313174e+01,9.777903912576267620e-02,1.683650181814493862e+01
9.660000000000000000e+02,1.184504746412021177e+03,4.118894644426595875e+01,9.773493457915963245e-02,1.554189401427180961e+01
9.670000000000000000e+02,1.178192877472922419e+03,4.129866868188200613e+01,9.769140325893958809e-02,1.423799428291645341e+01
9.680000000000000000e+02,1.172021118924175198e+03,4.140283419176554247e+01,9.764846605534974189e-02,1.292527990627355372e+01
9.690000000000000000e+02,1.165996458958834637e+03,4.150138915909139570e+01,9.760614345638675415e-02,1.160430181323378562e+01
9.700000000000000000e+02,1.160118463075796853e+03,4.159420527514809152e+01,9.756445554098636119e-02,1.027553603343991107e+01
9.710000000000000000e+02,1.154379274118850844e+03,4.168145115122677424e+01,9.752342197247952649e-02,8.939606569089221466e+00
9.720000000000000000e+02,1.148785897364764423e+03,4.176292376356561675e+01,9.748306199218072232e-02,7.597136849461048058e+00
9.730000000000000000e+02,1.143337915508211609e+03,4.183864271792705125e+01,9.744339441319925521e-02,6.248601185685796366e+00
9.740000000000000000e+02,1.138042345396333076e+03,4.190870167923996092e+01,9.740443761434644521e-02,4.894621926774828324e+00
9.750000000000000000e+02,1.132883924660226739e+03,4.197289695082393735e+01,9.736620953426776415e-02,3.535895198387525529e+00
9.760000000000000000e+02,1.127869681847394531e+03,4.203139602273783026e+01,9.732872766565614508e-02,2.172819507842224773e+00
9.770000000000000000e+02,1.123006651400430883e+03,4.208399473366979038e+01,9.729200904965246144e-02,8.061643184198499235e-01
9.780000000000000000e+02,1.118287016984465481e+03,4.213086010296576944e+01,9.725607027036090035e-02,-5.636727626187131301e-01
9.790000000000000000e+02,1.113710396564382563e+03,4.217193605970165038e+01,9.722092744946965459e-02,-1.936041979304767846e+00
9.800000000000000000e+02,1.109283842429809511e+03,4.220709200686837903e+01,9.718659624096596950e-02,-3.310427677600741081e+00
9.810000000000000000e+02,1.104999556167883611e+03,4.223656851965504444e+01,9.715309182605123828e-02,-4.686284857851224395e+00
9.820000000000000000e+02,1.100857173736026198e+03,4.226016022427749874e+01,9.712042890806238393e-02,-6.063061435719263592e+00
9.830000000000000000e+02,1.096856337132207955e+03,4.227803291394987184e+01,9.708862170754356535e-02,-7.440205646150338303e+00
9.840000000000000000e+02,1.093004122764175236e+03,4.229005499489419861e+01,9.705768395737103538e-02,-8.817189046599930080e+00
9.850000000000000000e+02,1.089292756416100019e+03,4.229624318497553759e+01,9.702762889808376479e-02,-1.019351020627941296e+01
9.860000000000000000e+02,1.085721898315106955e+03,4.229661394440609001e+01,9.699846927314939582e-02,-1.156867982425692531e+01
9.870000000000000000e+02,1.082298643145373489e+03,4.229118347354294372e+01,9.697021732447458353e-02,-1.294222070399220215e+01
9.880000000000000000e+02,1.079015235009740536e+03,4.227981914377063077e+01,9.694288478790871744e-02,-1.431364915673287896e+01
9.890000000000000000e+02,1.075871352491013113e+03,4.226268519649391209e+01,9.691648288890367113e-02,-1.568248166104381980e+01
9.900000000000000000e+02,1.072866680310375614e+03,4.223957418968417699e+01,9.689102233829598176e-02,-1.704817540976723222e+01
9.910000000000000000e+02,1.070000909334085009e+03,4.221057554756294650e+01,9.686651332811348214e-02,-1.841035113404763379e+01
9.920000000000000000e+02,1.067281164928353064e+03,4.217577842484603678e+01,9.684296552758019094e-02,-1.976831766219701336e+01
9.930000000000000000e+02,1.064692293560825419e+03,4.213504885458458915e+01,9.682038807926975077e-02,-2.112153245046481231e+01
9.940000000000000000e+02,1.062248861252550114e+03,4.208854973112705267e+01,9.679878959526307114e-02,-2.246930442186653565e+01
9.950000000000000000e+02,1.059935726773840770e+03,4.203629510764569233e+01,9.677817815362207976e-02,-2.381116535633114850e+01
9.960000000000000000e+02,1.057760040091420933e+03,4.197829876178226272e+01,9.675856129486080925e-02,-2.514642416213048648e+01
9.970000000000000000e+02,1.055721528960241585e+03,4.191449991088652638e+01,9.673994601869392862e-02,-2.647453826566013646e+01
9.980000000000000000e+02,1.053819927263866930e+03,4.184498606136748577e+01,9.672233878092557913e-02,-2.779489073304010560e+01
9.990000000000000000e+02,1.052047546651560879e+03,4.176984444063634072e+01,9.670574549052551871e-02,-2.910671595857697014e+01
1.000000000000000000e+03,1.050411561573469044e+03,4.168901342915602015e+01,9.669017150693011431e-02,-3.040947105411546048e+01
1.001000000000000000e+03,1.048896891549558859e+03,4.160250502829705255e+01,9.667562163753860849e-02,-3.170247392563484823e+01
1.002000000000000000e+03,1.047518271715976198e+03,4.151032943066491043e+01,9.666210013549302038e-02,-3.298508037902894330e+01
1.003000000000000000e+03,1.046260753881829260e+03,4.141249616493079344e+01,9.664961069765518054e-02,-3.425665552455763674e+01
1.004000000000000000e+03,1.045131680913942546e+03,4.130901447714846597e+01,9.663815646287134131e-02,-3.551663850950995283e+01
1.005000000000000000e+03,1.044116116603731598e+03,4.119989333037398183e+01,9.662774001053561768e-02,-3.676446820621720235e+01
1.006000000000000000e+03,1.043228844083838567e+03,4.108528997141038985e+01,9.661836335941685616e-02,-3.799980603407846758e+01
1.007000000000000000e+03,1.042454938987463720e+03,4.096536136366477621e+01,9.661002796683344773e-02,-3.922246164760236553e+01
1.008000000000000000e+03,1.041801767857818731e+03,4.084026418713490614e+01,9.660273472807784367e-02,-4.043231862449956537e+01
1.009000000000000000e+03,1.041269274701153336e+03,4.071015483852278294e+01,9.659648397627600136e-02,-4.162903730334381436e+01
1.010000000000000000e+03,1.040842552586804004e+03,4.057526371497993978e+01,9.659127548251328355e-02,-4.281242617285661112e+01
1.011000000000000000e+03,1.040536413695235524e+03,4.043559808047155002e+01,9.658710845635420927e-02,-4.398221899329866602e+01
1.012000000000000000e+03,1.040335962458797212e+03,4.029138776729902816e+01,9.658398154673153435e-02,-4.513829761902931637e+01
1.013000000000000000e+03,1.040241165602190904e+03,4.014256519222568187e+01,9.658189284318356715e-02,-4.628032055322414351e+01
1.014000000000000000e+03,1.040266852077646035e+03,3.998913677476972595e+01,9.658083987751800437e-02,-4.740779720381222262e+01
1.015000000000000000e+03,1.040390714544573257e+03,3.983096008761648932e+01,9.658081962584569302e-02,-4.852045927365325895e+01
1.016000000000000000e+03,1.040627592799723288e+03,3.966811527519156755e+01,9.658182851099872401e-02,-4.961796359944777635e+01
1.017000000000000000e+03,1.040977475249393819e+03,3.950038507034617652e+01,9.658386240537729373e-02,-5.069996640844032498e+01
1.018000000000000000e+03,1.041425498829742310e+03,3.932777478022138240e+01,9.658691663415971962e-02,-5.176604900842288259e+01
1.019000000000000000e+03,1.041979090674770532e+03,3.915036372073444682e+01,9.659098597897053384e-02,-5.281586632857513308e+01
1.020000000000000000e+03,1.042638254628571303e+03,3.896808236770870337e+01,9.659606468188199069e-02,-5.384877547613986337e+01
1.021000000000000000e+03,1.043395571155175276e+03,3.878130662667733475e+01,9.660214644984803367e-02,-5.486420712849900383e+01
1.022000000000000000e+03,1.044251053945611602e+03,3.859004071628685750e+01,9.660922445956056370e-02,-5.586159122463216420e+01
1.023000000000000000e+03,1.045189864770552958e+03,3.839451143839556835e+01,9.661729136261226758e-02,-5.684020837349108035e+01
1.024000000000000000e+03,1.046226883482174799e+03,3.819487104628959173e+01,9.662633929111970332e-02,-5.779956124733045186e+01
1.025000000000000000e+03,1.047339852759375162e+03,3.799134581406134714e+01,9.663635986365051722e-02,-5.873892885696889721e+01
1.026000000000000000e+03,1.048543661505004820e+03,3.778401318862262315e+01,9.664734419157337830e-02,-5.965781222955585861e+01
1.027000000000000000e+03,1.049823489585773586e+03,3.757295035937677596e+01,9.665928288568473303e-02,-6.055638008683117590e+01
1.028000000000000000e+03,1.051179377823498044e+03,3.735823426103155498e+01,9.667216606320046257e-02,-6.143465170435075606e+01
1.029000000000000000e+03,1.052626227882622743e+03,3.713994157655650952e+01,9.668598335504748065e-02,-6.229279402377269292e+01
1.030000000000000000e+03,1.054141803703946607e+03,3.691807445678127664e+01,9.670072391348719099e-02,-6.313097306466477221e+01
1.031000000000000000e+03,1.055741014890739962e+03,3.669278337414554869e+01,9.671637641998737100e-02,-6.394942818736785739e+01
1.032000000000000000e+03,1.057409061438446315e+03,3.646406999207152211e+01,9.673292909335512446e-02,-6.474817493890586206e+01
1.033000000000000000e+03,1.059160860417161757e+03,3.623201001899182927e+01,9.675036969813652354e-02,-6.552737645098699204e+01
1.034000000000000000e+03,1.060981619048836365e+03,3.599667892850305861e+01,9.676868555322282184e-02,-6.628652630254171640e+01
1.035000000000000000e+03,1.062878833037140566e+03,3.575830053016007071e+01,9.678786354062665631e-02,-6.702504276939221484e+01
1.036000000000000000e+03,1.064837716343193051e+03,3.551694983938583761e+01,9.680789011449447701e-02,-6.774241737349605330e+01
1.037000000000000000e+03,1.066850914463084791e+03,3.527277593202633454e+01,9.682875131030670157e-02,-6.843806629877434489e+01
1.038000000000000000e+03,1.068933361004386597e+03,3.502592766502021249e+01,9.685043275406991781e-02,-6.911147894154662197e+01
1.039000000000000000e+03,1.071070279110074125e+03,3.477655368069211050e+01,9.687291967178855712e-02,-6.976214361105820672e+01
1.040000000000000000e+03,1.073254323085285705e+03,3.452465384415901894e+01,9.689619689895093146e-02,-7.038947323060762074e+01
1.041000000000000000e+03,1.075493006623084739e+03,3.427045066536846463e+01,9.692024889005354527e-02,-7.099347387429972400e+01
1.042000000000000000e+03,1.077778989279133157e+03,3.401379503571475027e+01,9.694505972832286045e-02,-7.157415048485574971e+01
1.043000000000000000e+03,1.080104933048164867e+03,3.375483478430456330e+01,9.697061313530287718e-02,-7.213128400953324615e+01
1.044000000000000000e+03,1.082485787291159795e+03,3.349356898178798048e+01,9.699689248058646074e-02,-7.266554563968590230e+01
1.045000000000000000e+03,1.084906790160573109e+03,3.322992222880568391e+01,9.702388079144616539e-02,-7.317626829330178850e+01
1.046000000000000000e+03,1.087368038579499398e+03,3.296411607854090420e+01,9.705156076254088660e-02,-7.366426937629870508e+01
1.047000000000000000e+03,1.089869631419608822e+03,3.269600049032686684e+01,9.707991476557377430e-02,-7.412887943120607304e+01
1.048000000000000000e+03,1.092411669380443527e+03,3.242579666988801534e+01,9.710892485881320035e-02,-7.457017063159842962e+01
1.049000000000000000e+03,1.094986826519396573e+03,3.215379994062826086e+01,9.713857279665033539e-02,-7.498747110197413690e+01
1.050000000000000000e+03,1.097595206833427028e+03,3.188015689849937928e+01,9.716884003910700174e-02,-7.538233624834836633e+01
1.051000000000000000e+03,1.100229533445113248e+03,3.160508618449992824e+01,9.719970776115968714e-02,-7.575409343499755721e+01
1.052000000000000000e+03,1.102890143199380418e+03,3.132864938931249554e+01,9.723115686205284491e-02,-7.610207556866835432e+01
1.053000000000000000e+03,1.105577420184697985e+03,3.105120301027601215e+01,9.726316797454627461e-02,-7.642635883821363052e+01
1.054000000000000000e+03,1.108291749614208356e+03,3.077288055597058047e+01,9.729572147399653814e-02,-7.672701817640351862e+01
1.055000000000000000e+03,1.111018661011722770e+03,3.049374111892340622e+01,9.732879748736363024e-02,-7.700487008816048728e+01
1.056000000000000000e+03,1.113765969850489455e+03,3.021384366486473283e+01,9.736237590215218729e-02,-7.725924413921656253e+01
1.057000000000000000e+03,1.116526635690447165e+03,2.993332132203249785e+01,9.739643637521533392e-02,-7.748946862041121619e+01
1.058000000000000000e+03,1.119301047118408178e+03,2.965223282001405991e+01,9.743095834151997703e-02,-7.769709904752357943e+01
1.059000000000000000e+03,1.122082164937858806e+03,2.937063677913651816e+01,9.746592102273901603e-02,-7.788071831135722789e+01
1.060000000000000000e+03,1.124877807110801768e+03,2.908866599989429247e+01,9.750130343580244718e-02,-7.804039368364733775e+01
1.061000000000000000e+03,1.127680935248554078e+03,2.880637890190286399e+01,9.753708440142022651e-02,-7.817767681330940377e+01
1.062000000000000000e+03,1.130491939554913415e+03,2.852390809689296702e+01,9.757324255242048883e-02,-7.829040387799969380e+01
1.063000000000000000e+03,1.133303782018590482e+03,2.824123754421932020e+01,9.760975634215056373e-02,-7.838086676660816465e+01
1.064000000000000000e+03,1.136116853007050167e+03,2.795857397441328729e+01,9.764660405276824606e-02,-7.844764189167990764e+01
1.065000000000000000e+03,1.138924114459660359e+03,2.767597547773160116e+01,9.768376380347081056e-02,-7.849079003276186484e+01
1.066000000000000000e+03,1.141733384832278944e+03,2.739350007724056724e+01,9.772121355877445847e-02,-7.851185633504736927e+01
1.067000000000000000e+03,1.144530197239919062e+03,2.711128001841339596e+01,9.775893113671021983e-02,-7.850941329834128624e+01
1.068000000000000000e+03,1.147329797802376788e+03,2.682944749173526588e+01,9.779689421709712727e-02,-7.848426062181975738e+01
1.069000000000000000e+03,1.150110290385714961e+03,2.654806035531904485e+01,9.783508034976386158e-02,-7.843645386398375763e+01
1.070000000000000000e+03,1.152886919998233225e+03,2.626725070803666284e+01,9.787346696285099956e-02,-7.836604727820628113e+01
1.071000000000000000e+03,1.155645217531328399e+03,2.598707632864673300e+01,9.791203137114769250e-02,-7.827309381372414521e+01
1.072000000000000000e+03,1.158392998103892523e+03,2.570774353243882615e+01,9.795075078446009720e-02,-7.815838795212549428e+01
1.073000000000000000e+03,1.161115790852902819e+03,2.542931004336256251e+01,9.798960231611122951e-02,-7.802123720420978259e+01
1.074000000000000000e+03,1.163821408926371987e+03,2.515190785067487056e+01,9.802856299151814501e-02,-7.786243345249806680e+01
1.075000000000000000e+03,1.166502807622835235e+03,2.487566893157625003e+01,9.806760975684827852e-02,-7.768202444904632387e+01
1.076000000000000000e+03,1.169167797682302080e+03,2.460065097384462973e+01,9.810671948776633622e-02,-7.747931381881531365e+01
1.077000000000000000e+03,1.171801903424131979e+03,2.432691166547026640e+01,9.814586899841665213e-02,-7.725583240362610127e+01
1.078000000000000000e+03,1.174412932736780022e+03,2.405465726778810520e+01,9.818503505040680757e-02,-7.701162409138071041e+01
1.079000000000000000e+03,1.176986406863648199e+03,2.378394548758859273e+01,9.822419436207122101e-02,-7.674598865592723484e+01
1.080000000000000000e+03,1.179537558741270004e+03,2.351483405023614992e+01,9.826332361774973989e-02,-7.646045310250005400e+01
1.081000000000000000e+03,1.182051906082837149e+03,2.324752927277874193e+01,9.830239947736425787e-02,-7.615357182838975802e+01
1.082000000000000000e+03,1.184529821364332747e+03,2.298201465253041675e+01,9.834139858609820817e-02,-7.582686930949883219e+01
1.083000000000000000e+03,1.186971675007806880e+03,2.271842229066805174e+01,9.838029758417787818e-02,-7.548038309706323901e+01
1.084000000000000000e+03,1.189377835264340092e+03,2.245688433129875961e+01,9.841907311696579397e-02,-7.511414949509544670e+01
1.085000000000000000e+03,1.191741239746014344e+03,2.219745868401711419e+01,9.845770184512825374e-02,-7.472894640332971505e+01
1.086000000000000000e+03,1.194062252007969391e+03,2.194020331345352304e+01,9.849616045500324268e-02,-7.432332198557479330e+01
1.087000000000000000e+03,1.196341233079145468e+03,2.168517624530542776e+01,9.853442566909632883e-02,-7.389953735890414066e+01
1.088000000000000000e+03,1.198571112992568487e+03,2.143258413935743434e+01,9.857247425681794906e-02,-7.345688108796406368e+01
1.089000000000000000e+03,1.200752247366062875e+03,2.118248516146969962e+01,9.861028304526094079e-02,-7.299538337017855838e+01
1.090000000000000000e+03,1.202884988932025635e+03,2.093486327306055372e+01,9.864782893022025489e-02,-7.251581604638118961e+01
1.091000000000000000e+03,1.204969687417423529e+03,2.068992537107738983e+01,9.868508888728701189e-02,-7.201894977697651257e+01
1.092000000000000000e+03,1.206999261073677417e+03,2.044772987642439688e+01,9.872203998309020401e-02,-7.150406838363514339e+01
1.093000000000000000e+03,1.208974053257613150e+03,2.020840959038844531e+01,9.875865938656901155e-02,-7.097268303672450429e+01
1.094000000000000000e+03,1.210894403962168781e+03,1.997202313352887160e+01,9.879492438046134917e-02,-7.042407525802762791e+01
1.095000000000000000e+03,1.212760649698060206e+03,1.973870351855245886e+01,9.883081237275079256e-02,-6.985975394432564656e+01
1.096000000000000000e+03,1.214565695026108187e+03,1.950850958915173550e+01,9.886630090822098871e-02,-6.927899837124498106e+01
1.097000000000000000e+03,1.216317297491694262e+03,1.928157459282491359e+01,9.890136768001205059e-02,-6.868257238294343381e+01
1.098000000000000000e+03,1.218008354108808135e+03,1.905788333615312879e+01,9.893599054116825053e-02,-6.807123873718411744e+01
1.099000000000000000e+03,1.219631757947169035e+03,1.883764360806527094e+01,9.897014751627906948e-02,-6.744501628599525134e+01
1.100000000000000000e+03,1.221202683071385309e+03,1.862084048454121898e+01,9.900381681290404412e-02,-6.680466566196236045e+01
1.101000000000000000e+03,1.222699182214853408e+03,1.840745747482671746e+01,9.903697683314498235e-02,-6.614945326127036651e+01
1.102000000000000000e+03,1.224136543931336973e+03,1.819769424766138854e+01,9.906960618496349347e-02,-6.548084285013599981e+01
1.103000000000000000e+03,1.225500363581440524e+03,1.799160034928950580e+01,9.910168369346424033e-02,-6.479806115858271198e+01
1.104000000000000000e+03,1.226805945446953046e+03,1.778922548599614473e+01,9.913318841205903675e-02,-6.410241387068806773e+01
1.105000000000000000e+03,1.228038875829551216e+03,1.759054524611508086e+01,9.916409963345994283e-02,-6.339401716942532516e+01
1.106000000000000000e+03,1.229199593056094045e+03,1.739568395599716411e+01,9.919439690048169334e-02,-6.267313485917913596e+01
1.107000000000000000e+03,1.230295959035458736e+03,1.720469183491119480e+01,9.922406001662599506e-02,-6.194017838572573709e+01
1.108000000000000000e+03,1.231313545768094400e+03,1.701761928389920797e+01,9.925306905651148925e-02,-6.119555828970671740e+01
1.109000000000000000e+03,1.232267633711973986e+03,1.683459117457312360e+01,9.928140437598875767e-02,-6.043960994409239618e+01
1.110000000000000000e+03,1.233143784898596323e+03,1.665558400383956794e+01,9.930904662196740618e-02,-5.967274214262714338e+01
1.111000000000000000e+03,1.233949841306689677e+03,1.648072303307688458e+01,9.933597674202607197e-02,-5.889536283822828011e+01
1.112000000000000000e+03,1.234678783036991035e+03,1.630991087572105869e+01,9.936217599371607867e-02,-5.810773059832960996e+01
1.113000000000000000e+03,1.235338441643469650e+03,1.614334748680974130e+01,9.938762595344788342e-02,-5.731047461217914218e+01
1.114000000000000000e+03,1.235921786666838670e+03,1.598108446691811579e+01,9.941230852514226779e-02,-5.650377759550841006e+01
1.115000000000000000e+03,1.236429210624186680e+03,1.582302506703084255e+01,9.943620594844838900e-02,-5.568811864915442555e+01
1.116000000000000000e+03,1.236861100602037368e+03,1.566936989434628558e+01,9.945930080664569517e-02,-5.486397614902934805e+01
1.117000000000000000e+03,1.237217838204131567e+03,1.552002264895960693e+01,9.948157603418242290e-02,-5.403160491995896564e+01
1.118000000000000000e+03,1.237499799503707663e+03,1.537511011299362629e+01,9.950301492374716283e-02,-5.319140767788864110e+01
1.119000000000000000e+03,1.237699926650029965e+03,1.523468502110868705e+01,9.952360113307485989e-02,-5.234393505490632492e+01
1.120000000000000000e+03,1.237818584530155931e+03,1.509865178142329079e+01,9.954331869124927179e-02,-5.148936564005916239e+01
1.121000000000000000e+03,1.237863560734662087e+03,1.496721218085170513e+01,9.956215200464446635e-02,-5.062824884000433912e+01
1.122000000000000000e+03,1.237827780477018450e+03,1.484027112130260839e+01,9.958008586250188809e-02,-4.976091063688796368e+01
1.123000000000000000e+03,1.237711591618805642e+03,1.471788232480547443e+01,9.959710544209421368e-02,-4.888775074850758529e+01
1.124000000000000000e+03,1.237522764648430893e+03,1.460017405400873969e+01,9.961319631342957504e-02,-4.800916837119645209e+01
1.125000000000000000e+03,1.237246779262996142e+03,1.448705198205644784e+01,9.962834444368127984e-02,-4.712556220642541405e+01
1.126000000000000000e+03,1.236883966106450998e+03,1.437857061387024160e+01,9.964253620117545507e-02,-4.623747905460569285e+01
1.127000000000000000e+03,1.236449506760397753e+03,1.427478472279361732e+01,9.965575835902511226e-02,-4.534531670805340298e+01
1.128000000000000000e+03,1.235936291987408367e+03,1.417574935411794534e+01,9.966799809838387814e-02,-4.444962111213191491e+01
1.129000000000000000e+03,1.235337206779946200e+03,1.408144554497991585e+01,9.967924301139721721e-02,-4.355071497501110400e+01
1.130000000000000000e+03,1.234667415412726996e+03,1.399185461113517093e+01,9.968948110379695360e-02,-4.264914349607515476e+01
1.131000000000000000e+03,1.233912362995843068e+03,1.390703243360062302e+01,9.969870079715001387e-02,-4.174537725940830057e+01
1.132000000000000000e+03,1.233079773934472314e+03,1.382703517815788707e+01,9.970689093087954646e-02,-4.083973797787393778e+01
1.133000000000000000e+03,1.232169938538731458e+03,1.375184501472065257e+01,9.971404076397673288e-02,-3.993269565477457661e+01
1.134000000000000000e+03,1.231175713037228888e+03,1.368144440356893554e+01,9.972013997638094762e-02,-3.902464576104657823e+01
1.135000000000000000e+03,1.230104804643880698e+03,1.361581609794052561e+01,9.972517867023414362e-02,-3.811598354650092801e+01
1.136000000000000000e+03,1.228957486525534705e+03,1.355501742998310810e+01,9.972914737082169689e-02,-3.720702978407972950e+01
1.137000000000000000e+03,1.227726597822463646e+03,1.349903174605528378e+01,9.973203702735319864e-02,-3.629832793163123483e+01
1.138000000000000000e+03,1.226419828721533349e+03,1.344784269239007379e+01,9.973383901355585557e-02,-3.539019845865146152e+01
1.139000000000000000e+03,1.225037435429607513e+03,1.340143421710968852e+01,9.973454512809207251e-02,-3.448303600802932323e+01
1.140000000000000000e+03,1.223564811849005764e+03,1.335986485559546644e+01,9.973414759482872316e-02,-3.357730942374681860e+01
1.141000000000000000e+03,1.222024488056339806e+03,1.332304488169949686e+01,9.973263906301954584e-02,-3.267348749503013750e+01
1.142000000000000000e+03,1.220401846828309317e+03,1.329103344332479608e+01,9.973001260732924922e-02,-3.177196470044206222e+01
1.143000000000000000e+03,1.218704550473051995e+03,1.326381571333837250e+01,9.972626172783281839e-02,-3.087313551891022101e+01
1.144000000000000000e+03,1.216925399109150476e+03,1.324137717434432382e+01,9.972138034992432398e-02,-2.997746874067539125e+01
1.145000000000000000e+03,1.215072044097662229e+03,1.322370361980429010e+01,9.971536282412460372e-02,-2.908535892764319186e+01
1.146000000000000000e+03,1.213144703023049260e+03,1.321078115500757555e+01,9.970820392593067460e-02,-2.819727500764712147e+01
1.147000000000000000e+03,1.211143588075659864e+03,1.320259619789109173e+01,9.969989885558490361e-02,-2.731353745109220910e+01
1.148000000000000000e+03,1.209061477734162054e+03,1.319913547970932655e+01,9.969044323787613904e-02,-2.643454114849866343e+01
1.149000000000000000e+03,1.206906001849354652e+03,1.320031176205221080e+01,9.967983312192378598e-02,-2.556075543741564360e+01
1.150000000000000000e+03,1.204677356626806159e+03,1.320611240422142529e+01,9.966806498095787115e-02,-2.469250127869808153e+01
1.151000000000000000e+03,1.202375715183909506e+03,1.321659968291760912e+01,9.965513571214383581e-02,-2.383016540041483111e+01
1.152000000000000000e+03,1.200001174103230142e+03,1.323168890020118660e+01,9.964104263639321502e-02,-2.297417412461178188e+01
1.153000000000000000e+03,1.197561235297487428e+03,1.325137027553494029e+01,9.962578349823064672e-02,-2.212479674290560538e+01
1.154000000000000000e+03,1.195041110469828027e+03,1.327563434259944941e+01,9.960935646574960167e-02,-2.128237712644377666e+01
1.155000000000000000e+03,1.192455719600269731e+03,1.330432338192573205e+01,9.959176013043057052e-02,-2.044725946844791764e+01
1.156000000000000000e+03,1.189797692528963125e+03,1.333757712140405616e+01,9.957299350716257436e-02,-1.961986259359824913e+01
1.157000000000000000e+03,1.187074510742831990e+03,1.337523846761534330e+01,9.955305603419961624e-02,-1.880038284973679552e+01
1.158000000000000000e+03,1.184286222360658940e+03,1.341737348955889964e+01,9.953194757313990615e-02,-1.798931411792428037e+01
1.159000000000000000e+03,1.181432870519707194e+03,1.346382571670773665e+01,9.950966840894964749e-02,-1.718692785328361694e+01
1.160000000000000000e+03,1.178514493412723596e+03,1.351466183895549378e+01,9.948621924995315613e-02,-1.639349596068498727e+01
1.161000000000000000e+03,1.175531124325687870e+03,1.356980028789875981e+01,9.946160122785697999e-02,-1.560936510323782933e+01
1.162000000000000000e+03,1.172490220026675615e+03,1.362915980250137515e+01,9.943581589770557339e-02,-1.483473387657964437e+01
1.163000000000000000e+03,1.169384375754723123e+03,1.369273371112211635e+01,9.940886523783110107e-02,-1.406994996748403359e+01
1.164000000000000000e+03,1.166221038661578632e+03,1.376051564640476421e+01,9.938075164976831188e-02,-1.331536161125025863e+01
1.165000000000000000e+03,1.163000222802990493e+03,1.383235097653463974e+01,9.935147795807666715e-02,-1.257116904888357922e+01
1.166000000000000000e+03,1.159714509182184202e+03,1.390830822088302199e+01,9.932104741010147619e-02,-1.183772168507582023e+01
1.167000000000000000e+03,1.156371330845683588e+03,1.398823334699603826e+01,9.928946367564772668e-02,-1.111522097794493291e+01
1.168000000000000000e+03,1.152970687879385650e+03,1.407212118598448214e+01,9.925673084651477629e-02,-1.040401759656708514e+01
1.169000000000000000e+03,1.149520004157797757e+03,1.415996686327113174e+01,9.922285343586187412e-02,-9.704314310254602560e+00
1.170000000000000000e+03,1.146011842344096294e+03,1.425154294571184721e+01,9.918783637755212990e-02,-9.016388862109986135e+00
1.171000000000000000e+03,1.142453617344159966e+03,1.434699370712216471e+01,9.915168502517252014e-02,-8.340593991823524789e+00
1.172000000000000000e+03,1.138845311311232763e+03,1.444616657414066729e+01,9.911440515093010439e-02,-7.677060324203983654e+00
1.173000000000000000e+03,1.135186902054106895e+03,1.454898354100800795e+01,9.907600294434625032e-02,-7.026142092468920630e+00
1.174000000000000000e+03,1.131478363097716965e+03,1.465544116671555841e+01,9.903648501072549737e-02,-6.388082884484660440e+00
1.175000000000000000e+03,1.127719663746526521e+03,1.476546200503254092e+01,9.899585836933735838e-02,-5.763052806235331005e+00
1.176000000000000000e+03,1.123918197501070154e+03,1.487889460142290154e+01,9.895413045136729202e-02,-5.151297070252593535e+00
1.177000000000000000e+03,1.120073925426765072e+03,1.499573634035576930e+01,9.891130909759489331e-02,-4.553017163133231904e+00
1.178000000000000000e+03,1.116179376226329168e+03,1.511598487499083632e+01,9.886740255574676117e-02,-3.968452578199813008e+00
1.179000000000000000e+03,1.112249359716398430e+03,1.523948955675230543e+01,9.882241947755648903e-02,-3.397813980831917213e+00
1.180000000000000000e+03,1.108276396804895285e+03,1.536617428230525739e+01,9.877636891552499243e-02,-2.841327798715390873e+00
1.181000000000000000e+03,1.104260432974210971e+03,1.549596320641308367e+01,9.872926031932008351e-02,-2.299191671541375381e+00
1.182000000000000000e+03,1.100208838366728287e+03,1.562885502169225660e+01,9.868110353185387262e-02,-1.771581898797956134e+00
1.183000000000000000e+03,1.096121551173206626e+03,1.576470010425059698e+01,9.863190878500080472e-02,-1.258706200127260644e+00
1.184000000000000000e+03,1.091998506075273554e+03,1.590349764373778463e+01,9.858168669495516456e-02,-7.607472785502163992e-01
1.185000000000000000e+03,1.087839634341014062e+03,1.604502422176927112e+01,9.853044825725099098e-02,-2.779036946837630251e-01
1.186000000000000000e+03,1.083644863923860385e+03,1.618935379227730209e+01,9.847820484141142638e-02,1.896324004279417996e-01
1.187000000000000000e+03,1.079421547914989333e+03,1.633633769272531566e+01,9.842496818525423019e-02,6.416789620279562678e-01
1.188000000000000000e+03,1.075169607948147586e+03,1.648590177374942911e+01,9.837075038880255251e-02,1.078105633381579720e+00
1.189000000000000000e+03,1.070888962658322725e+03,1.663797211118827590e+01,9.831556390785654853e-02,1.498773559559961388e+00
1.190000000000000000e+03,1.066572099442899116e+03,1.679247500151742756e+01,9.825942154726111100e-02,1.903565084721446476e+00
1.191000000000000000e+03,1.062241216327178563e+03,1.694926267368487416e+01,9.820233645375740783e-02,2.292354023063428947e+00
1.192000000000000000e+03,1.057881366929133264e+03,1.710833613486119376e+01,9.814432210859158623e-02,2.665005643660000256e+00
1.193000000000000000e+03,1.053499887380977043e+03,1.726962231508112566e+01,9.808539231971317995e-02,3.021406369197821906e+00
1.194000000000000000e+03,1.049104111400398779e+03,1.743289977879773645e+01,9.802556121372572873e-02,3.361419191718681088e+00
1.195000000000000000e+03,1.044686513714278817e+03,1.759817013736082103e+01,9.796484322755291685e-02,3.684957942486929205e+00
1.196000000000000000e+03,1.040246995235687336e+03,1.776536090988366823e+01,9.790325309977075674e-02,3.991942708785135352e+00
1.197000000000000000e+03,1.035792883191979627e+03,1.793439980153470614e+01,9.784080586177303085e-02,4.282284964653943149e+00
1.198000000000000000e+03,1.031331502904263743e+03,1.810506613123589403e+01,9.777751682863532190e-02,4.555917272287060449e+00
1.199000000000000000e+03,1.026855321218035215e+03,1.827743652729706980e+01,9.771340158976259127e-02,4.812666988634576093e+00
1.200000000000000000e+03,1.022364231686247535e+03,1.845129065393313894e+01,9.764847599938591971e-02,5.052597958645161924e+00
1.201000000000000000e+03,1.017865517313221858e+03,1.862663319058897571e+01,9.758275616685525844e-02,5.275477318089816237e+00
1.202000000000000000e+03,1.013358881820033957e+03,1.880332840985685650e+01,9.751625844680487931e-02,5.481448998374810699e+00
1.203000000000000000e+03,1.008843990297408595e+03,1.898124273773328952e+01,9.744899942914657387e-02,5.670360202931838067e+00
1.204000000000000000e+03,1.004327935080130146e+03,1.916046559800516036e+01,9.738099592902420276e-02,5.842279728911339731e+00
1.205000000000000000e+03,9.998029508311183235e+02,1.934071513838733125e+01,9.731226497665863839e-02,5.997126541785827492e+00
1.206000000000000000e+03,9.952761280770693020e+02,1.952208105963613249e+01,9.724282380715414120e-02,6.134966902091988139e+00
1.207000000000000000e+03,9.907471282919379973e+02,1.970428177454627772e+01,9.717268985022502192e-02,6.255791508276299595e+00
1.208000000000000000e+03,9.862230407310545388e+02,1.988748152043616457e+01,9.710188072002609583e-02,6.359515490673107507e+00
1.209000000000000000e+03,9.817035258634100501e+02,2.007139895101443727e+01,9.703041420488353608e-02,6.446275540120887548e+00
1.210000000000000000e+03,9.771808155034203764e+02,2.025604996524280921e+01,9.695830825713200318e-02,6.515984202184132990e+00
1.211000000000000000e+03,9.726619979922313632e+02,2.044130200010317111e+01,9.688558098300296961e-02,6.568849857539935222e+00
1.212000000000000000e+03,9.681541616263866672e+02,2.062709687483423338e+01,9.681225063259045471e-02,6.604856733962781945e+00
1.213000000000000000e+03,9.636495380849482899e+02,2.081337650110835469e+01,9.673833558992486759e-02,6.623987753967679915e+00
1.214000000000000000e+03,9.591552159564223530e+02,2.100008287666393159e+01,9.666385436316332624e-02,6.626298816080884890e+00
1.215000000000000000e+03,9.546782841623517015e+02,2.118700951188910864e+01,9.658882557489527343e-02,6.611918793239586201e+00
1.216000000000000000e+03,9.502035470287107728e+02,2.137417284088240876e+01,9.651326795265499636e-02,6.580826681313305393e+00
1.217000000000000000e+03,9.457455228577431399e+02,2.156144079745104847e+01,9.643720031953066651e-02,6.533148732769416434e+00
1.218000000000000000e+03,9.413038739444116345e+02,2.174875565909525221e+01,9.636064158500250165e-02,6.468935606444359721e+00
1.219000000000000000e+03,9.368782633926309700e+02,2.193598547344927496e+01,9.628361073598283582e-02,6.388162368441503425e+00
1.220000000000000000e+03,9.324609268784839742e+02,2.212307261870522623e+01,9.620612682796512993e-02,6.291099911156091906e+00
1.221000000000000000e+03,9.280738145126305199e+02,2.230988523000287671e+01,9.612820897647940399e-02,6.177572120372014197e+00
1.222000000000000000e+03,9.236943074466364578e+02,2.249644004331149105e+01,9.604987634866270219e-02,6.047847280017357718e+00
1.223000000000000000e+03,9.193443581824660669e+02,2.268253097127454865e+01,9.597114815513191344e-02,5.902043807467427960e+00
1.224000000000000000e+03,9.150087788238976145e+02,2.286817479756846083e+01,9.589204364197717601e-02,5.740204540961200586e+00
1.225000000000000000e+03,9.107020963306342765e+02,2.305323975272348491e+01,9.581258208304745116e-02,5.562668161611682649e+00
1.226000000000000000e+03,9.064165541661510588e+02,2.323766835795809271e+01,9.573278277236964284e-02,5.369474930460309103e+00
1.227000000000000000e+03,9.021592541463265889e+02,2.342132885149752042e+01,9.565266501680752542e-02,5.160738111632746872e+00
1.228000000000000000e+03,8.979298714839247850e+02,2.360423803240497165e+01,9.557224812892307908e-02,4.936792545548165378e+00
1.229000000000000000e+03,8.937355115822523430e+02,2.378626411989895217e+01,9.549155142003318275e-02,4.697674671158792670e+00
1.230000000000000000e+03,8.895684250755790572e+02,2.396734959719505653e+01,9.541059419339845138e-02,4.443568234266495942e+00
1.231000000000000000e+03,8.854282929691603385e+02,2.414736263784559256e+01,9.532939573763686558e-02,4.174581444852879741e+00
1.232000000000000000e+03,8.813222267267251482e+02,2.432631994960532751e+01,9.524797532024005531e-02,3.891044119454482253e+00
1.233000000000000000e+03,8.772573400060275617e+02,2.450394106679155115e+01,9.516635218131770657e-02,3.592913422026799530e+00
1.234000000000000000e+03,8.732184636923350354e+02,2.468031689520186589e+01,9.508454552737496956e-02,3.280516708363715672e+00
1.235000000000000000e+03,8.692201444329684819e+02,2.485531543751262262e+01,9.500257452526734980e-02,2.953882984471226880e+00
1.236000000000000000e+03,8.652546462670160281e+02,2.502887892073380982e+01,9.492045829625865572e-02,2.613262901474436184e+00
1.237000000000000000e+03,8.613290924568423179e+02,2.520080093917578523e+01,9.483821591014263142e-02,2.258831632481969720e+00
1.238000000000000000e+03,8.574431805165133937e+02,2.537117214897098805e+01,9.475586637942121082e-02,1.890837450941947218e+00
1.239000000000000000e+03,8.535966106402607920e+02,2.553978599359585999e+01,9.467342865358484294e-02,1.509453175456568763e+00
1.240000000000000000e+03,8.497890857798461184e+02,2.570658439846598853e+01,9.459092161341174643e-02,1.114924749067145004e+00
1.241000000000000000e+03,8.460277400714419400e+02,2.587158348105474204e+01,9.450836406523512034e-02,7.074969684844653051e-01
1.242000000000000000e+03,8.423122822111319010e+02,2.603465069405042343e+01,9.442577473531364729e-02,2.874134972670039367e-01
1.243000000000000000e+03,8.386349955303807064e+02,2.619565338607236882e+01,9.434317226410908475e-02,-1.451574040655457254e-01
1.244000000000000000e+03,8.350030231218136123e+02,2.635460736243581792e+01,9.426057520061262296e-02,-5.900485804828000669e-01
1.245000000000000000e+03,8.314160828631358982e+02,2.651130546145073552e+01,9.417800199655414206e-02,-1.046885974165673305e+00
1.246000000000000000e+03,8.278813241920132668e+02,2.666583753280443858e+01,9.409547100062233549e-02,-1.515482312181227753e+00
1.247000000000000000e+03,8.243910431294747241e+02,2.681799616346288317e+01,9.401300045265630068e-02,-1.995591955624977265e+00
1.248000000000000000e+03,8.209523957548796034e+02,2.696779665616807264e+01,9.393060847761962318e-02,-2.486977739068686688e+00
1.249000000000000000e+03,8.175576848787429753e+02,2.711503132246360792e+01,9.384831307967433922e-02,-2.989403526106725106e+00
1.250000000000000000e+03,8.142215018676810132e+02,2.725971517781330888e+01,9.376613213606542485e-02,-3.502604479458268028e+00
1.251000000000000000e+03,8.109287073082630286e+02,2.740186474082687695e+01,9.368408339089030756e-02,-4.026293430042279020e+00
1.252000000000000000e+03,8.076863666582795531e+02,2.754128014368166077e+01,9.360218444888841749e-02,-4.560180017589269497e+00
1.253000000000000000e+03,8.045015281432484926e+02,2.767798586074943756e+01,9.352045276896915615e-02,-5.103981228518745361e+00
1.254000000000000000e+03,8.013663870870370829e+02,2.781200619690083897e+01,9.343890565777993040e-02,-5.657429848663104721e+00
1.255000000000000000e+03,7.982879993857804948e+02,2.794321671494990511e+01,9.335756026305290500e-02,-6.220229874781585622e+00
1.256000000000000000e+03,7.952659965297689268e+02,2.807156708068641393e+01,9.327643356696155297e-02,-6.792115922615090007e+00
1.257000000000000000e+03,7.923000140259769069e+02,2.819700677397510091e+01,9.319554237930034735e-02,-7.372813837524739178e+00
1.258000000000000000e+03,7.893896914699016634e+02,2.831963365044144609e+01,9.311490333057054203e-02,-7.962044983476652682e+00
1.259000000000000000e+03,7.865272442666076813e+02,2.843917395171559903e+01,9.303453286503982067e-02,-8.559536622925520533e+00
1.260000000000000000e+03,7.837346054526216221e+02,2.855579941880400341e+01,9.295444723368634365e-02,-9.165012982643816031e+00
1.261000000000000000e+03,7.809891422633056663e+02,2.866931016849034464e+01,9.287466248707729188e-02,-9.778207861427929970e+00
1.262000000000000000e+03,7.783053680545790485e+02,2.877965467286781021e+01,9.279519446816386630e-02,-1.039884752406938873e+01
1.263000000000000000e+03,7.756829439191010351e+02,2.888685547093929529e+01,9.271605880513487941e-02,-1.102666494263549701e+01
1.264000000000000000e+03,7.731141071032686796e+02,2.899093488030751331e+01,9.263727090408560572e-02,-1.166137154726294334e+01
1.265000000000000000e+03,7.706059561233774957e+02,2.909169214195165054e+01,9.255884594181769398e-02,-1.230267948941527401e+01
1.266000000000000000e+03,7.681507374285388323e+02,2.918914911662001899e+01,9.248079885853757731e-02,-1.295026447802602654e+01
1.267000000000000000e+03,7.657629872141915257e+02,2.928332742979529968e+01,9.240314435067206733e-02,-1.360383261223922702e+01
1.268000000000000000e+03,7.634349613810488790e+02,2.937417418376198341e+01,9.232589686362599468e-02,-1.426306836024590474e+01
1.269000000000000000e+03,7.611663489945602805e+02,2.946163623677754728e+01,9.224907058463920062e-02,-1.492765682132989014e+01
1.270000000000000000e+03,7.589568439909797917e+02,2.954573448234435062e+01,9.217267943573669020e-02,-1.559732827267810684e+01
1.271000000000000000e+03,7.568061452313755808e+02,2.962634099457396886e+01,9.209673706674861848e-02,-1.627169472210487911e+01
1.272000000000000000e+03,7.547213849034211535e+02,2.970347615817350118e+01,9.202125684843194542e-02,-1.695057673162166267e+01
1.273000000000000000e+03,7.526948435195643015e+02,2.977708581402043819e+01,9.194625186578282705e-02,-1.763349826551581501e+01
1.274000000000000000e+03,7.507254921788971842e+02,2.984718982235821017e+01,9.187173491142172632e-02,-1.832028093401204671e+01
1.275000000000000000e+03,7.488204782804350543e+02,2.991380777559407989e+01,9.179771847921437689e-02,-1.901052398415106381e+01
1.276000000000000000e+03,7.469772975226932203e+02,2.997681042770632587e+01,9.172421475805590807e-02,-1.970397569246248892e+01
1.277000000000000000e+03,7.451956793010847377e+02,3.003629110828268978e+01,9.165123562587716710e-02,-2.040031048939194491e+01
1.278000000000000000e+03,7.434753582365484590e+02,3.009212001814664461e+01,9.157879264389111318e-02,-2.109912893402031386e+01
1.279000000000000000e+03,7.418160742058499864e+02,3.014424136012635458e+01,9.150689705101947014e-02,-2.180025482258844605e+01
1.280000000000000000e+03,7.402183152034129989e+02,3.019282190293762369e+01,9.143555975864327279e-02,-2.250328946180385259e+01
1.281000000000000000e+03,7.386818316944973049e+02,3.023758242666055196e+01,9.136479134563885163e-02,-2.320798306049340454e+01
1.282000000000000000e+03,7.372063794698075299e+02,3.027868912189161676e+01,9.129460205361128455e-02,-2.391393756956445316e+01
1.283000000000000000e+03,7.357917196613719852e+02,3.031608503546795319e+01,9.122500178253108161e-02,-2.462090378982950511e+01
1.284000000000000000e+03,7.344376187546837400e+02,3.034963863484566815e+01,9.115600008662605447e-02,-2.532848421166741915e+01
1.285000000000000000e+03,7.331445914320925112e+02,3.037944093961132808e+01,9.108760617058520026e-02,-2.603643012257457556e+01
1.286000000000000000e+03,7.319116720723177423e+02,3.040543410160101345e+01,9.101982888611157008e-02,-2.674441873008238701e+01
1.287000000000000000e+03,7.307393860913537083e+02,3.042770853667338571e+01,9.095267672880678889e-02,-2.745212741858266980e+01
1.288000000000000000e+03,7.296267785994116366e+02,3.044613150509351840e+01,9.088615783540229809e-02,-2.815915943906040297e+01
1.289000000000000000e+03,7.285736428993026266e+02,3.046079281057901511e+01,9.082027998127793766e-02,-2.886519244926103767e+01
1.290000000000000000e+03,7.275812633110800789e+02,3.047170766445735524e+01,9.075505057840273226e-02,-2.956997848679481322e+01
1.291000000000000000e+03,7.266479581478757837e+02,3.047881668397107546e+01,9.069047667353939690e-02,-3.027312109169077559e+01
1.292000000000000000e+03,7.257735367084734435e+02,3.048220874122927171e+01,9.062656494683127284e-02,-3.097437241344074010e+01
1.293000000000000000e+03,7.249578135862044519e+02,3.048189811128462878e+01,9.056332171073558368e-02,-3.167326176650884406e+01
1.294000000000000000e+03,7.242013514795313540e+02,3.047775018735683972e+01,9.050075290923068061e-02,-3.236968987137707643e+01
1.295000000000000000e+03,7.235017469892057989e+02,3.046985289721362022e+01,9.043886411740834075e-02,-3.306318599256498914e+01
1.296000000000000000e+03,7.228603161026063617e+02,3.045821956817286136e+01,9.037766054133491989e-02,-3.375350217972928135e+01
1.297000000000000000e+03,7.222754086445893336e+02,3.044278892625919397e+01,9.031714701824289371e-02,-3.444031610678373312e+01
1.298000000000000000e+03,7.217476080858270961e+02,3.042364794601337508e+01,9.025732801699315466e-02,-3.512330532859780874e+01
1.299000000000000000e+03,7.212752744930492099e+02,3.040066043242752869e+01,9.019820763888075632e-02,-3.580222153777649652e+01
1.300000000000000000e+03,7.208582586619306767e+02,3.037398700505694649e+01,9.013978961861676686e-02,-3.647666768752714006e+01
1.301000000000000000e+03,7.204964298073401778e+02,3.034349060965591249e+01,9.008207732560707948e-02,-3.714647708808264071e+01
1.302000000000000000e+03,7.201889728963157040e+02,3.030940440933221325e+01,9.002507376552693064e-02,-3.781121651207075018e+01
1.303000000000000000e+03,7.199350912188153870e+02,3.027158960981450520e+01,8.996878158201704334e-02,-3.847083160351743203e+01
1.304000000000000000e+03,7.197339929314525762e+02,3.023005566423851320e+01,8.991320305866536133e-02,-3.912489631130782897e+01
1.305000000000000000e+03,7.195871195094514405e+02,3.018496027347793742e+01,8.985834012115585800e-02,-3.977328141478947288e+01
1.306000000000000000e+03,7.194914601765837006e+02,3.013623796911007346e+01,8.980419433959065112e-02,-4.041563451351907332e+01
1.307000000000000000e+03,7.194477230340330607e+02,3.008389724805074650e+01,8.975076693097465419e-02,-4.105175141923672300e+01
1.308000000000000000e+03,7.194551351573861666e+02,3.002802057332594998e+01,8.969805876181388693e-02,-4.168142756353255862e+01
1.309000000000000000e+03,7.195129282075579340e+02,2.996854152448166531e+01,8.964607035091755327e-02,-4.230438368923888959e+01
1.310000000000000000e+03,7.196195955354922944e+02,2.990554193265653993e+01,8.959480187219873160e-02,-4.292026582555962477e+01
1.311000000000000000e+03,7.197758634609582487e+02,2.983902903128137396e+01,8.954425315765741911e-02,-4.352901668095893939e+01
1.312000000000000000e+03,7.199802342001871693e+02,2.976900974093203445e+01,8.949442370039796535e-02,-4.413028135077510683e+01
1.313000000000000000e+03,7.202319571429646885e+02,2.969549067082228078e+01,8.944531265770219730e-02,-4.472377871063581978e+01
1.314000000000000000e+03,7.205302859538949178e+02,2.961855240394016420e+01,8.939691885416679862e-02,-4.530944995964467381e+01
1.315000000000000000e+03,7.208744785080848487e+02,2.953827521531937350e+01,8.934924078488100385e-02,-4.588686432883162780e+01
1.316000000000000000e+03,7.212637968263015864e+02,2.945459050694643111e+01,8.930227661863576749e-02,-4.645596189294663958e+01
1.317000000000000000e+03,7.216975070096693798e+02,2.936772651082508645e+01,8.925602420105306634e-02,-4.701653356301770970e+01
1.318000000000000000e+03,7.221748791739687476e+02,2.927753973963819689e+01,8.921048105785536753e-02,-4.756829534724453623e+01
1.319000000000000000e+03,7.226951873835809010e+02,2.918425782409106972e+01,8.916564439802382447e-02,-4.811103689571804409e+01
1.320000000000000000e+03,7.232569667500901005e+02,2.908781096383900433e+01,8.912151111695788830e-02,-4.864462147846574425e+01
1.321000000000000000e+03,7.238602418706931303e+02,2.898827763108235089e+01,8.907807779965765116e-02,-4.916876311332774918e+01
1.322000000000000000e+03,7.245042982561751614e+02,2.888573600626963156e+01,8.903534072383079145e-02,-4.968332367869486887e+01
1.323000000000000000e+03,7.251869394286613897e+02,2.878018969742928945e+01,8.899329586296347849e-02,-5.018809004208008417e+01
1.324000000000000000e+03,7.259082010292252107e+02,2.867171631013274080e+01,8.895193888938156268e-02,-5.068284832305695176e+01
1.325000000000000000e+03,7.266666365749445049e+02,2.856024460006701560e+01,8.891126517729204537e-02,-5.116738387305772306e+01
1.326000000000000000e+03,7.274615458958188583e+02,2.844592589374689595e+01,8.887126980573831214e-02,-5.164155553904160456e+01
1.327000000000000000e+03,7.282922322312163033e+02,2.832876267431968742e+01,8.883194756155705918e-02,-5.210522136053040754e+01
1.328000000000000000e+03,7.291572593258985080e+02,2.820875715200270051e+01,8.879329294228212321e-02,-5.255808998351880490e+01
1.329000000000000000e+03,7.300551941956254041e+02,2.808605983463365519e+01,8.875530015905143399e-02,-5.300001777578088991e+01
1.330000000000000000e+03,7.309860927272491153e+02,2.796067239731692311e+01,8.871796313946490875e-02,-5.343093452505010532e+01
1.331000000000000000e+03,7.319485282680607270e+02,2.783267053669547408e+01,8.868127553043285427e-02,-5.385062057058338070e+01
1.332000000000000000e+03,7.329403343895912712e+02,2.770205540781662990e+01,8.864523070103112745e-02,-5.425892963613387110e+01
1.333000000000000000e+03,7.339623189907658798e+02,2.756890219511143414e+01,8.860982174533751921e-02,-5.465571452931067853e+01
1.334000000000000000e+03,7.350123215449120835e+02,2.743336011647060246e+01,8.857504148523490106e-02,-5.504075284133905654e+01
1.335000000000000000e+03,7.360889272011899038e+02,2.729535529340955335e+01,8.854088247334453154e-02,-5.541389549773222711e+01
1.336000000000000000e+03,7.371922095449386916e+02,2.715503645635534014e+01,8.850733699590752901e-02,-5.577514102586829381e+01
1.337000000000000000e+03,7.383200163468126220e+02,2.701240353150079798e+01,8.847439707569519640e-02,-5.612426412196290215e+01
1.338000000000000000e+03,7.394724264960490245e+02,2.686760477927338542e+01,8.844205447500694262e-02,-5.646118705348133915e+01
1.339000000000000000e+03,7.406472929122191999e+02,2.672056538137181647e+01,8.841030069871695651e-02,-5.678568251044578830e+01
1.340000000000000000e+03,7.418432138059406498e+02,2.657150742992050141e+01,8.837912699741549971e-02,-5.709774500868640956e+01
1.341000000000000000e+03,7.430602754331547430e+02,2.642028138066981313e+01,8.834852437057320873e-02,-5.739721945849199614e+01
1.342000000000000000e+03,7.442963378378329935e+02,2.626718317632999344e+01,8.831848356988429571e-02,-5.768387543470412027e+01
1.343000000000000000e+03,7.455507489434560284e+02,2.611206284942892708e+01,8.828899510267107509e-02,-5.795777858125328663e+01
1.344000000000000000e+03,7.468213731277387524e+02,2.595514164580704275e+01,8.826004923538936786e-02,-5.821869633059836957e+01
1.345000000000000000e+03,7.481083053110111223e+02,2.579634347813941275e+01,8.823163599731577433e-02,-5.846654359264088185e+01
1.346000000000000000e+03,7.494094138577196418e+02,2.563581491557329173e+01,8.820374518433753142e-02,-5.870123417606297522e+01
1.347000000000000000e+03,7.507240546615769290e+02,2.547355377140895527e+01,8.817636636292509877e-02,-5.892268077711833740e+01
1.348000000000000000e+03,7.520500997138414050e+02,2.530963195887211015e+01,8.814948887420266666e-02,-5.913072068537289283e+01
1.349000000000000000e+03,7.533876511851754003e+02,2.514419549644805940e+01,8.812310183825521059e-02,-5.932526434040946128e+01
1.350000000000000000e+03,7.547345843205846450e+02,2.497731594627858343e+01,8.809719415858208169e-02,-5.950644388899358717e+01
1.351000000000000000e+03,7.560902919364489208e+02,2.480898863707952628e+01,8.807175452667004301e-02,-5.967416926857275428e+01
1.352000000000000000e+03,7.574535470726400490e+02,2.463935017252943283e+01,8.804677142687977742e-02,-5.982835643054421126e+01
1.353000000000000000e+03,7.588253829775893564e+02,2.446838665050305650e+01,8.802223314141552346e-02,-5.996907051716866022e+01
1.354000000000000000e+03,7.601971772282287247e+02,2.429638115228980411e+01,8.799812775550067134e-02,-6.009630120922707874e+01
1.355000000000000000e+03,7.615796221932914705e+02,2.412317091328049656e+01,8.797444316277834575e-02,-6.020996271855786830e+01
1.356000000000000000e+03,7.629655831780014523e+02,2.394896444726309781e+01,8.795116707088405927e-02,-6.031011663159133462e+01
1.357000000000000000e+03,7.643553547095521026e+02,2.377382156772804223e+01,8.792828700721254387e-02,-6.039674905236405777e+01
1.358000000000000000e+03,7.657492320802654149e+02,2.359765339374389370e+01,8.790579032488630984e-02,-6.046977059654057030e+01
1.359000000000000000e+03,7.671400828896263420e+02,2.342066805689896114e+01,8.788366420889459629e-02,-6.052931351994969589e+01
1.360000000000000000e+03,7.685282036360521261e+02,2.324292500626196656e+01,8.786189568241643821e-02,-6.057521172910304585e+01
1.361000000000000000e+03,7.699138912570048205e+02,2.306440929790738892e+01,8.784047161334002096e-02,-6.060752076126259169e+01
1.362000000000000000e+03,7.713048713688230009e+02,2.288518016798869326e+01,8.781937872090531116e-02,-6.062629493000226688e+01
1.363000000000000000e+03,7.726865847546475834e+02,2.270537103884976560e+01,8.779860358258080588e-02,-6.063143875479552491e+01
1.364000000000000000e+03,7.740667573543246363e+02,2.252496667467027791e+01,8.777813264104335211e-02,-6.062307837564775781e+01
1.365000000000000000e+03,7.754456867514234091e+02,2.234410032166793414e+01,8.775795221128375456e-02,-6.060126441673818931e+01
1.366000000000000000e+03,7.768088137107594093e+02,2.216283086382043166e+01,8.773804848788852029e-02,-6.056597198460712406e+01
1.367000000000000000e+03,7.781712921675691632e+02,2.198121711263263123e+01,8.771840755242869825e-02,-6.051724923388739796e+01
1.368000000000000000e+03,7.795259906634796607e+02,2.179924352993167957e+01,8.769901538097542304e-02,-6.045514308307063800e+01
1.369000000000000000e+03,7.808657772851720438e+02,2.161711736820555529e+01,8.767985785164293666e-02,-6.037969921432116394e+01
1.370000000000000000e+03,7.822058046033833989e+02,2.143489725944748514e+01,8.766092075230391689e-02,-6.029103635734023925e+01
1.371000000000000000e+03,7.835240827596467170e+02,2.125249322153912956e+01,8.764218978832478968e-02,-6.018919772327287632e+01
1.372000000000000000e+03,7.848357628581588870e+02,2.107018664917507067e+01,8.762365059035316650e-02,-6.007422528967360620e+01
1.373000000000000000e+03,7.861337100539203675e+02,2.088788748526608785e+01,8.760528872212985929e-02,-5.994623408602550541e+01
1.374000000000000000e+03,7.874182168447829326e+02,2.070572849540619842e+01,8.758708968841323605e-02,-5.980533791280791434e+01
1.375000000000000000e+03,7.886821462630387032e+02,2.052376814032600549e+01,8.756903894278594835e-02,-5.965157506111842167e+01
1.376000000000000000e+03,7.899332168194279120e+02,2.034213914937448209e+01,8.755112189557755220e-02,-5.948498259985407088e+01
1.377000000000000000e+03,7.911717173469365889e+02,2.016075139299666574e+01,8.753332392165824594e-02,-5.930574494694837284e+01
1.378000000000000000e+03,7.923905068967486613e+02,1.997981187374680090e+01,8.751563036828541309e-02,-5.911389674014585438e+01
1.379000000000000000e+03,7.935898713362096260e+02,1.979930474827172660e+01,8.749802656285829427e-02,-5.890954569284444631e+01
1.380000000000000000e+03,7.947626665474018637e+02,1.961936275132638130e+01,8.748049782066039115e-02,-5.869264974947169833e+01
1.381000000000000000e+03,7.959240317289203404e+02,1.943989578476378810e+01,8.746302945244063820e-02,-5.846346279292860970e+01
1.382000000000000000e+03,7.970593908466821631e+02,1.926111090855108188e+01,8.744560677197986409e-02,-5.822194038354128054e+01
1.383000000000000000e+03,7.981690226398426375e+02,1.908299236274376653e+01,8.742821510354903403e-02,-5.796818546758558455e+01
1.384000000000000000e+03,7.992532038266291465e+02,1.890559870797748587e+01,8.741083978924955866e-02,-5.770237410182868842e+01
1.385000000000000000e+03,8.003196373628991296e+02,1.872906283193654176e+01,8.739346619624149826e-02,-5.742468117859942822e+01
1.386000000000000000e+03,8.013611673017153407e+02,1.855344338880111366e+01,8.737607972381565558e-02,-5.713535471838749658e+01
1.387000000000000000e+03,8.023706354062202308e+02,1.837879908918222327e+01,8.735866581036279277e-02,-5.683441874544762840e+01
1.388000000000000000e+03,8.033557377645892075e+02,1.820518870653119947e+01,8.734120994020441731e-02,-5.652219328244257923e+01
1.389000000000000000e+03,8.043093113055731465e+02,1.803267108352297043e+01,8.732369765023571817e-02,-5.619877437655528496e+01
1.390000000000000000e+03,8.052390471181406610e+02,1.786137942191209760e+01,8.730611453645999165e-02,-5.586433124462530486e+01
1.391000000000000000e+03,8.061377769712153167e+02,1.769129843834591753e+01,8.728844626031347087e-02,-5.551910628476420584e+01
1.392000000000000000e+03,8.070057582872477724e+02,1.752256150465875706e+01,8.727067855489224757e-02,-5.516311795444175203e+01
1.393000000000000000e+03,8.078506740671034549e+02,1.735515352010656187e+01,8.725279723092958795e-02,-5.479660648406901657e+01
1.394000000000000000e+03,8.086579194159932058e+02,1.718913376807581628e+01,8.723478818268012858e-02,-5.441966247251708921e+01
1.395000000000000000e+03,8.094277432236576715e+02,1.702463592223867295e+01,8.721663739362645051e-02,-5.403252403461197417e+01
1.396000000000000000e+03,8.101678197450239622e+02,1.686157091864832225e+01,8.719833094197652901e-02,-5.363520539755102590e+01
1.397000000000000000e+03,8.108783918325333389e+02,1.670014694630880925e+01,8.717985500604658045e-02,-5.322801689978363981e+01
1.398000000000000000e+03,8.115448425205966032e+02,1.654034946865364475e+01,8.716119586944953701e-02,-5.281097073777826978e+01
1.399000000000000000e+03,8.121822650636211165e+02,1.638223836349235540e+01,8.714233992613748536e-02,-5.238444953274578353e+01
1.400000000000000000e+03,8.127760360723020767e+02,1.622587364538184929e+01,8.712327368530904670e-02,-5.194861207822345506e+01
1.401000000000000000e+03,8.133412603572705848e+02,1.607131392975309225e+01,8.710398377612194043e-02,-5.150368536212125292e+01
1.402000000000000000e+03,8.138633983736825712e+02,1.591861181360596511e+01,8.708445695231963046e-02,-5.104972634871253945e+01
1.403000000000000000e+03,8.143502103112584791e+02,1.576774422271847520e+01,8.706468009665820074e-02,-5.058708308027822653e+01
1.404000000000000000e+03,8.148020245363920822e+02,1.561883680942816710e+01,8.704464022526404998e-02,-5.011587983765848975e+01
1.405000000000000000e+03,8.152117375383726312e+02,1.547194110763958541e+01,8.702432449180962093e-02,-4.963624000821859283e+01
1.406000000000000000e+03,8.155796705775092050e+02,1.532710882176114886e+01,8.700372019161975445e-02,-4.914836038714798860e+01
1.407000000000000000e+03,8.159061412838575507e+02,1.518424326505149757e+01,8.698281476564265202e-02,-4.865251119558452331e+01
1.408000000000000000e+03,8.161988919577382831e+02,1.504354506590005514e+01,8.696159580432388791e-02,-4.814873896504518314e+01
1.409000000000000000e+03,8.164433761202511732e+02,1.490491790498435343e+01,8.694005105138156997e-02,-4.763731225718819218e+01
1.410000000000000000e+03,8.166547569177381547e+02,1.476848850487417586e+01,8.691816840751410977e-02,-4.711842454884559572e+01
1.411000000000000000e+03,8.168184802736526535e+02,1.463423521751268019e+01,8.689593593400264659e-02,-4.659219425135103165e+01
1.412000000000000000e+03,8.169422732953012201e+02,1.450228516312480487e+01,8.687334185629533301e-02,-4.605896186415250071e+01
1.413000000000000000e+03,8.170190024786746790e+02,1.437261710100835010e+01,8.685037456744479356e-02,-4.551877001016269730e+01
1.414000000000000000e+03,8.170563870665961304e+02,1.424528428474313912e+01,8.682702263155694933e-02,-4.497210629090686496e+01
1.415000000000000000e+03,8.170472856059182050e+02,1.412026589978638746e+01,8.680327478716245992e-02,-4.441901190486105833e+01
1.416000000000000000e+03,8.169994093077547177e+02,1.399768991847743749e+01,8.677911995058135153e-02,-4.385982450308146241e+01
1.417000000000000000e+03,8.169056086067467959e+02,1.387753597042020459e+01,8.675454721916918410e-02,-4.329473250902053394e+01
1.418000000000000000e+03,8.167735865233627237e+02,1.375985819727655546e+01,8.672954587463510556e-02,-4.272407227358580428e+01
1.419000000000000000e+03,8.165961852252395374e+02,1.364471097344179462e+01,8.670410538626867336e-02,-4.214788239538273018e+01
1.420000000000000000e+03,8.163736710413347737e+02,1.353207462661074523e+01,8.667821541412558395e-02,-4.156657229369533013e+01
1.421000000000000000e+03,8.161063060761600809e+02,1.342200400874056676e+01,8.665186581224072759e-02,-4.098032796211646200e+01
1.422000000000000000e+03,8.157943481753735568e+02,1.331455421639408243e+01,8.662504663184485143e-02,-4.038926055738681242e+01
1.423000000000000000e+03,8.154454792427695793e+02,1.320963202746758469e+01,8.659774812449859416e-02,-3.979370355541489346e+01
1.424000000000000000e+03,8.150450918072033346e+02,1.310744160582446760e+01,8.656996074522294027e-02,-3.919376707243998936e+01
1.425000000000000000e+03,8.146008590932511879e+02,1.300789023677869949e+01,8.654167515567710856e-02,-3.858978358838566436e+01
1.426000000000000000e+03,8.141130215906551939e+02,1.291103403149729623e+01,8.651288222726104260e-02,-3.798201083534117828e+01
1.427000000000000000e+03,8.135743870261088659e+02,1.281685507976348859e+01,8.648357304425580150e-02,-3.737055753669620373e+01
1.428000000000000000e+03,8.129926153871971337e+02,1.272541002013480949e+01,8.645373890688062835e-02,-3.675568056392624072e+01
1.429000000000000000e+03,8.123679338463024351e+02,1.263668147597295288e+01,8.642337133438747487e-02,-3.613778495949958369e+01
1.430000000000000000e+03,8.117005650870441968e+02,1.255072662536476180e+01,8.639246206813042117e-02,-3.551690397539087485e+01
1.431000000000000000e+03,8.109832989318231284e+02,1.246760292041634877e+01,8.636100307456860692e-02,-3.489344193125454296e+01
1.432000000000000000e+03,8.102237773720391942e+02,1.238729380642729438e+01,8.632898654830395424e-02,-3.426750568616093062e+01
1.433000000000000000e+03,8.094147811483072701e+02,1.230978300794949476e+01,8.629640491503794142e-02,-3.363942464647581687e+01
1.434000000000000000e+03,8.085639431344919785e+02,1.223505453122288245e+01,8.626325083446209629e-02,-3.300937937180618320e+01
1.435000000000000000e+03,8.076640349216344248e+02,1.216324123349487429e+01,8.622951720319256552e-02,-3.237769873255786024e+01
1.436000000000000000e+03,8.067226802058415842e+02,1.209425340770102153e+01,8.619519715758876266e-02,-3.174456279955530036e+01
1.437000000000000000e+03,8.057326413762091306e+02,1.202807591854645430e+01,8.616028407650276610e-02,-3.111030000175637156e+01
1.438000000000000000e+03,8.046941045565922650e+02,1.196484248795779237e+01,8.612477158402841171e-02,-3.047501573251228280e+01
1.439000000000000000e+03,8.036146795987916676e+02,1.190453856290042900e+01,8.608865355210018611e-02,-2.983911235791783412e+01
1.440000000000000000e+03,8.024945433774631738e+02,1.184707560058586928e+01,8.605192410306569673e-02,-2.920269497267662828e+01
1.441000000000000000e+03,8.013264397878082264e+02,1.179251392056148795e+01,8.601457761214710562e-02,-2.856609140854878603e+01
1.442000000000000000e+03,8.001105364460977398e+02,1.174083985566248600e+01,8.597660870981728432e-02,-2.792948084080541449e+01
1.443000000000000000e+03,7.988469963418236830e+02,1.169204003685091564e+01,8.593801228407951798e-02,-2.729311666273179782e+01
1.444000000000000000e+03,7.975434061927717266e+02,1.164617567793164987e+01,8.589878348259273599e-02,-2.665732650964325856e+01
1.445000000000000000e+03,7.961924914015490913e+02,1.160323400963751439e+01,8.585891771476733547e-02,-2.602221514890267784e+01
1.446000000000000000e+03,7.947944011160954005e+02,1.156320256409869174e+01,8.581841065362773302e-02,-2.538803592146321009e+01
1.447000000000000000e+03,7.933567082419498320e+02,1.152606917568600053e+01,8.577725823762984148e-02,-2.475519076589204559e+01
1.448000000000000000e+03,7.918721244062884352e+02,1.149182198173062552e+01,8.573545667228192613e-02,-2.412371025786071499e+01
1.449000000000000000e+03,7.903407850259907264e+02,1.146052370662255093e+01,8.569300243167567166e-02,-2.349407075265494171e+01
1.450000000000000000e+03,7.887702493274854305e+02,1.143208881177517888e+01,8.564989225982146126e-02,-2.286637729059398083e+01
1.451000000000000000e+03,7.871606347737365468e+02,1.140658072082240793e+01,8.560612317180915642e-02,-2.224095124528939849e+01
1.452000000000000000e+03,7.855045904044714007e+02,1.138391495834933664e+01,8.556169245488222386e-02,-2.161801328249314480e+01
1.453000000000000000e+03,7.838021802487013474e+02,1.136415601148556931e+01,8.551659766927512119e-02,-2.099777759836511848e+01
1.454000000000000000e+03,7.820608922494385524e+02,1.134729438853447014e+01,8.547083664892961286e-02,-2.038045858683576839e+01
1.455000000000000000e+03,7.802807815954555508e+02,1.133324661882458173e+01,8.542440750199827015e-02,-1.976619657971498967e+01
1.456000000000000000e+03,7.784618991061822726e+02,1.132207810294412553e+01,8.537730861119179060e-02,-1.915513215370565092e+01
1.457000000000000000e+03,7.766042912686953059e+02,1.131378026183608476e+01,8.532953863394890370e-02,-1.854755472080774226e+01
1.458000000000000000e+03,7.747005719267439190e+02,1.130819625277386820e+01,8.528109650240987827e-02,-1.794360541758390681e+01
1.459000000000000000e+03,7.727582073730052343e+02,1.130546666972996839e+01,8.523198142324611704e-02,-1.734342569530438638e+01
1.460000000000000000e+03,7.707772313420093724e+02,1.130558384159026453e+01,8.518219287725303790e-02,-1.674730590994449386e+01
1.461000000000000000e+03,7.687576734061599382e+02,1.130839183125884873e+01,8.513173061881519621e-02,-1.615531392750489559e+01
1.462000000000000000e+03,7.666995590235351301e+02,1.131395785215108774e+01,8.508059467515222130e-02,-1.556774084768755095e+01
1.463000000000000000e+03,7.646029095876391466e+02,1.132227513303994648e+01,8.502878534542540612e-02,-1.498472960886007854e+01
1.464000000000000000e+03,7.624677424790293117e+02,1.133326291678826081e+01,8.497630319963335455e-02,-1.440642357734125056e+01
1.465000000000000000e+03,7.602940711187360421e+02,1.134698930946464124e+01,8.492314907733916618e-02,-1.383296656947293357e+01
1.466000000000000000e+03,7.580893333736438535e+02,1.136337414481821106e+01,8.486932408624395241e-02,-1.326472572397874217e+01
1.467000000000000000e+03,7.558461065625019728e+02,1.138233754964498878e+01,8.481482960059881504e-02,-1.270169725556230844e+01
1.468000000000000000e+03,7.535718209152265672e+02,1.140402279253376605e+01,8.475966725941351532e-02,-1.214417502780314351e+01
1.469000000000000000e+03,7.512590462316635467e+02,1.142820201396182789e+01,8.470383896455359329e-02,-1.159230487325821102e+01
1.470000000000000000e+03,7.489077769934767730e+02,1.145501905931347686e+01,8.464734687866815044e-02,-1.104615889781254268e+01
1.471000000000000000e+03,7.465328607768299207e+02,1.148432092522942582e+01,8.459019342296825172e-02,-1.050603263525738384e+01
1.472000000000000000e+03,7.441194282145282841e+02,1.151617774187506527e+01,8.453238127487529285e-02,-9.971999366552102728e+00
1.473000000000000000e+03,7.416674631622950074e+02,1.155043706955584604e+01,8.447391336549779639e-02,-9.444281557311418496e+00
1.474000000000000000e+03,7.391918027646034943e+02,1.158724388074537970e+01,8.441479287703518297e-02,-8.923028026959631376e+00
1.475000000000000000e+03,7.366775674199913055e+02,1.162637200595471398e+01,8.435502324002538965e-02,-8.408462535074068711e+00
1.476000000000000000e+03,7.341395876507867797e+02,1.166796696603101502e+01,8.429460813046088519e-02,-7.900586666380180034e+00
1.477000000000000000e+03,7.315704057199316139e+02,1.171187741779168157e+01,8.423355146686332950e-02,-7.399699833931103754e+00
1.478000000000000000e+03,7.289699891013375463e+02,1.175802656857747586e+01,8.417185740717203490e-02,-6.905879312899831923e+00
1.479000000000000000e+03,7.263457305499664471e+02,1.180656074018321355e+01,8.410953034559061348e-02,-6.419262535837268580e+00
1.480000000000000000e+03,7.236901631218331659e+02,1.185725509764974994e+01,8.404657490931506658e-02,-5.940039681900784352e+00
1.481000000000000000e+03,7.210106736463798143e+02,1.191025648098860046e+01,8.398299595520829219e-02,-5.468342268801660744e+00
1.482000000000000000e+03,7.182997893974289809e+02,1.196534056674547486e+01,8.391879856638986834e-02,-5.004310024773291232e+00
1.483000000000000000e+03,7.155648915666752146e+02,1.202258041600182636e+01,8.385398804873163414e-02,-4.548053763243510517e+00
1.484000000000000000e+03,7.128133586361789185e+02,1.208190076973088267e+01,8.378856992730485120e-02,-4.099714825661235906e+00
1.485000000000000000e+03,7.100302814010876773e+02,1.214330089556974634e+01,8.372254994280603491e-02,-3.659420527014494162e+00
1.486000000000000000e+03,7.072304614953030750e+02,1.220663173347195141e+01,8.365593404786703102e-02,-3.227284171039160210e+00
1.487000000000000000e+03,7.043989846638282870e+02,1.227196730927713020e+01,8.358872840335425380e-02,-2.803457063463424159e+00
1.488000000000000000e+03,7.015506476395272557e+02,1.233923331315473959e+01,8.352093937462655437e-02,-2.388046814527027273e+00
1.489000000000000000e+03,6.986853881167842246e+02,1.240835566246632027e+01,8.345257352774071435e-02,-1.981176779730290827e+00
1.490000000000000000e+03,6.957919990021799777e+02,1.247933478102830485e+01,8.338363762563277826e-02,-1.582951160106140565e+00
1.491000000000000000e+03,6.928815560665573230e+02,1.255202274427002784e+01,8.331413862429262740e-02,-1.193476557521892412e+00
1.492000000000000000e+03,6.899525047751710645e+02,1.262649469231912036e+01,8.324408366885416299e-02,-8.128619873301280441e-01
1.493000000000000000e+03,6.870055170649027332e+02,1.270267740797152989e+01,8.317348008972018369e-02,-4.412263189324048263e-01
1.494000000000000000e+03,6.840405200812666635e+02,1.278042359558851615e+01,8.310233539863966234e-02,-7.867228832693098917e-02
1.495000000000000000e+03,6.810589247609888162e+02,1.285980901041548741e+01,8.303065728479273877e-02,2.746934340135796515e-01
1.496000000000000000e+03,6.780613974048430919e+02,1.294076103629521235e+01,8.295845361080127212e-02,6.187780602930836871e-01
1.497000000000000000e+03,6.750493454260265480e+02,1.302313296431523959e+01,8.288573240880914295e-02,9.535249599975045287e-01
1.498000000000000000e+03,6.720226889238351760e+02,1.310700112188474087e+01,8.281250187650103511e-02,1.278846794741584691e+00
1.499000000000000000e+03,6.689828321029488052e+02,1.319221916671084216e+01,8.273877037309171345e-02,1.594670078814419245e+00
1.500000000000000000e+03,6.659304348479859073e+02,1.327878949922948415e+01,8.266454641535464498e-02,1.900912885018088083e+00
1.501000000000000000e+03,6.628661314480955298e+02,1.336664189607492048e+01,8.258983867361995024e-02,2.197494269197877603e+00
1.502000000000000000e+03,6.597919437760009487e+02,1.345571225574931518e+01,8.251465596775708899e-02,2.484362561609025022e+00
1.503000000000000000e+03,6.567068969304151551e+02,1.354601240945472895e+01,8.243900726313974081e-02,2.761452202852608284e+00
1.504000000000000000e+03,6.536122433532201512e+02,1.363740577611075722e+01,8.236290166661745793e-02,3.028741158499628661e+00
1.505000000000000000e+03,6.505092344063549490e+02,1.372997877446165482e+01,8.228634842249610282e-02,3.286176628699289726e+00
1.506000000000000000e+03,6.473976347842038876e+02,1.382352083309721458e+01,8.220935690843264587e-02,3.533712183483310731e+00
1.507000000000000000e+03,6.442779511015830849e+02,1.391811865295737682e+01,8.213193663140849754e-02,3.771300328410217340e+00
1.508000000000000000e+03,6.411514319771174542e+02,1.401371050075112556e+01,8.205409722363904423e-02,3.998877642299784263e+00
1.509000000000000000e+03,6.380185824470240732e+02,1.411016048684495772e+01,8.197584843847043057e-02,4.216505910762276876e+00
1.510000000000000000e+03,6.348799068844140265e+02,1.420748141011113219e+01,8.189720014628078248e-02,4.424015560699475103e+00
1.511000000000000000e+03,6.317359090839933060e+02,1.430561190171866670e+01,8.181816233033231689e-02,4.621533068923098675e+00
1.512000000000000000e+03,6.285893208522452369e+02,1.440456498639728267e+01,8.173874508264618310e-02,4.809035257327078483e+00
1.513000000000000000e+03,6.254391594127132521e+02,1.450420522615211461e+01,8.165895859982899574e-02,4.986572140018146193e+00
1.514000000000000000e+03,6.222874130070598540e+02,1.460447156495956023e+01,8.157881317888381056e-02,5.154044069866495548e+00
1.515000000000000000e+03,6.191353268060903474e+02,1.470545160642688387e+01,8.149831921300332294e-02,5.311573153510674494e+00
1.516000000000000000e+03,6.159826601611528076e+02,1.480701019040843569e+01,8.141748718735307422e-02,5.459057548268643423e+00
1.517000000000000000e+03,6.128306580308992579e+02,1.490908652111872534e+01,8.133632767478825298e-02,5.596542878009492128e+00
1.518000000000000000e+03,6.096805653980861734e+02,1.501161987770991679e+01,8.125485133161575169e-02,5.724073664940338091e+00
1.519000000000000000e+03,6.065321416865149331e+02,1.511462389183408028e+01,8.117306889325938413e-02,5.841693328830629639e+00
1.520000000000000000e+03,6.033866321882080683e+02,1.521796369117779157e+01,8.109099116993456757e-02,5.949295619663485191e+00
1.521000000000000000e+03,6.002445396454431830e+02,1.532165302749913316e+01,8.100862904230561601e-02,6.046996035236714029e+00
1.522000000000000000e+03,5.971063671728560394e+02,1.542570570363730909e+01,8.092599345708341441e-02,6.134834687673282438e+00
1.523000000000000000e+03,5.939726183444287244e+02,1.552991271700983411e+01,8.084309542265126491e-02,6.212702020871367026e+00
1.524000000000000000e+03,5.908445401153466037e+02,1.563428795462492182e+01,8.075994600457832295e-02,6.280710229401640809e+00
1.525000000000000000e+03,5.877226372385594004e+02,1.573877105306395308e+01,8.067655632120405984e-02,6.338896126314558899e+00
1.526000000000000000e+03,5.846081580211512119e+02,1.584337595947664035e+01,8.059293753913848724e-02,6.387295428892819871e+00
1.527000000000000000e+03,5.815008659052259645e+02,1.594804235856622832e+01,8.050910086872457849e-02,6.426017044837018410e+00
1.528000000000000000e+03,5.784020108935382041e+02,1.605263566658214458e+01,8.042505755954371116e-02,6.455020224874564505e+00
1.529000000000000000e+03,5.753128439644740411e+02,1.615716987582502639e+01,8.034081889584807068e-02,6.474485983822401813e+00
1.530000000000000000e+03,5.722331314864585465e+02,1.626158469814396668e+01,8.025639619195440444e-02,6.484297120053852836e+00
1.531000000000000000e+03,5.691641266418736222e+02,1.636581984245329480e+01,8.017180078768201823e-02,6.484558204434721418e+00
1.532000000000000000e+03,5.661055981700623079e+02,1.646988929226114706e+01,8.008704404371844165e-02,6.475372734669074148e+00
1.533000000000000000e+03,5.630595446247790505e+02,1.657358416569972448e+01,8.000213733699511331e-02,6.456768857084602686e+00
1.534000000000000000e+03,5.600257374455176205e+02,1.667699269409930807e+01,7.991709205604748123e-02,6.428847939360347929e+00
1.535000000000000000e+03,5.570046923781766282e+02,1.678005451504847656e+01,7.983191959633216539e-02,6.391636009678885344e+00
1.536000000000000000e+03,5.539976695546513383e+02,1.688263494999246106e+01,7.974663135561782523e-02,6.345158046820339237e+00
1.537000000000000000e+03,5.510037022312890258e+02,1.698467356535716988e+01,7.966123872926289540e-02,6.289512270690226003e+00
1.538000000000000000e+03,5.480255395465535457e+02,1.708625845019570377e+01,7.957575310556212755e-02,6.224795866275389500e+00
1.539000000000000000e+03,5.450629610821189317e+02,1.718718050934472075e+01,7.949018586108604068e-02,6.151104991534510624e+00
1.540000000000000000e+03,5.421164911131155577e+02,1.728752772564529039e+01,7.940454835599694561e-02,6.068609069222078212e+00
1.541000000000000000e+03,5.391866558469840811e+02,1.738716516965775227e+01,7.931885192937976337e-02,5.977253661629293724e+00
1.542000000000000000e+03,5.362754691661177731e+02,1.748610641144027156e+01,7.923310789460547010e-02,5.877280464279930783e+00
1.543000000000000000e+03,5.333819756889785140e+02,1.758421638084069727e+01,7.914732753466048598e-02,5.768707331016689643e+00
1.544000000000000000e+03,5.305081935202034629e+02,1.768158277934879052e+01,7.906152209752789761e-02,5.651699701540347398e+00
1.545000000000000000e+03,5.276531716389213216e+02,1.777799608995837488e+01,7.897570279159298046e-02,5.526347761348834098e+00
1.546000000000000000e+03,5.248189326460483244e+02,1.787346955610659904e+01,7.888988078104185175e-02,5.392740736103034394e+00
1.547000000000000000e+03,5.220060158197959481e+02,1.796801632563225937e+01,7.880406718129233379e-02,5.250966902902938216e+00
1.548000000000000000e+03,5.192134771798702104e+02,1.806157516178538103e+01,7.871827305445387724e-02,5.101187885475198414e+00
1.549000000000000000e+03,5.164433465603450486e+02,1.815401043778743784e+01,7.863250940483991480e-02,4.943490099257344284e+00
1.550000000000000000e+03,5.136954278257308033e+02,1.824533498194949033e+01,7.854678717450212788e-02,4.777959047388814717e+00
1.551000000000000000e+03,5.109702545821651825e+02,1.833548862459395323e+01,7.846111723876456057e-02,4.604749813283225635e+00
1.552000000000000000e+03,5.082683003346659234e+02,1.842441668457328419e+01,7.837551040187985818e-02,4.423927095455560732e+00
1.553000000000000000e+03,5.055907684449007888e+02,1.851214003924753726e+01,7.828997739264319244e-02,4.235699483119746311e+00
1.554000000000000000e+03,5.029366365350188062e+02,1.859860514954549160e+01,7.820452886009858495e-02,4.040051856515593620e+00
1.555000000000000000e+03,5.003071135515912147e+02,1.868368405485757222e+01,7.811917536932838635e-02,3.837191102318346037e+00
1.556000000000000000e+03,4.977026684778235222e+02,1.876747150200142400e+01,7.803392739721277949e-02,3.627174710880778807e+00
1.557000000000000000e+03,4.951237732194280738e+02,1.884991352272960441e+01,7.794879532831260061e-02,3.410207925349815206e+00
1.558000000000000000e+03,4.925709026540195055e+02,1.893088171231894989e+01,7.786378945077050695e-02,3.186346623106778075e+00
1.559000000000000000e+03,4.900445346790694430e+02,1.901047035873607172e+01,7.777891995230407085e-02,2.955794465562406437e+00
1.560000000000000000e+03,4.875444074234138725e+02,1.908855073684860315e+01,7.769419691625510660e-02,2.718531496754937660e+00
1.561000000000000000e+03,4.850710049624266276e+02,1.916514252123659290e+01,7.760963031767671716e-02,2.474908427796765231e+00
1.562000000000000000e+03,4.826255573617519872e+02,1.924019093105859213e+01,7.752523001950922810e-02,2.224903818582296022e+00
1.563000000000000000e+03,4.802070693795612897e+02,1.931371529250682784e+01,7.744100576887062715e-02,1.968718362836702429e+00
1.564000000000000000e+03,4.778175203527271719e+02,1.938566046733104642e+01,7.735696719333248761e-02,1.706477771420481071e+00
1.565000000000000000e+03,4.754559215562786108e+02,1.945597113195036343e+01,7.727312379733380920e-02,1.438381356923601251e+00
1.566000000000000000e+03,4.731235160869035781e+02,1.952459177314505467e+01,7.718948495865068926e-02,1.164479201011334286e+00
1.567000000000000000e+03,4.708193218898111922e+02,1.959161525083768396e+01,7.710605992495055128e-02,8.849693065403042569e-01
1.568000000000000000e+03,4.685445888045922516e+02,1.965691137644297015e+01,7.702285781043051449e-02,5.999004818961589658e-01
1.569000000000000000e+03,4.662998272595374374e+02,1.972042404282820982e+01,7.693988759250050546e-02,3.095437770838905256e-01
1.570000000000000000e+03,4.640840654697470313e+02,1.978224550385601788e+01,7.685715810862359110e-02,1.402108501184269260e-02
1.571000000000000000e+03,4.618993064791383745e+02,1.984217066950124675e+01,7.677467805318169414e-02,-2.865908426011822274e-01
1.572000000000000000e+03,4.597438426758046148e+02,1.990036565359879006e+01,7.669245597444371287e-02,-5.921192373721446689e-01
1.573000000000000000e+03,4.576189413365522682e+02,1.995669921864147511e+01,7.661050027161382669e-02,-9.023918634240394310e-01
1.574000000000000000e+03,4.555251304798159708e+02,2.001111418970965161e+01,7.652881919200527072e-02,-1.217222141130188673e+00
1.575000000000000000e+03,4.534621988924204175e+02,2.006370173448922500e+01,7.644742082825194129e-02,-1.536446269149591037e+00
1.576000000000000000e+03,4.514299389900853612e+02,2.011440422587707388e+01,7.636631311566112468e-02,-1.859871206109937836e+00
1.577000000000000000e+03,4.494296325116624189e+02,2.016316380570294697e+01,7.628550382962237530e-02,-2.187341505756747129e+00
1.578000000000000000e+03,4.474610792019178689e+02,2.021007094855434261e+01,7.620500058311055480e-02,-2.518657584970802166e+00
1.579000000000000000e+03,4.455248253381720929e+02,2.025499304118815047e+01,7.612481082432874524e-02,-2.853664843725705058e+00
1.580000000000000000e+03,4.436199352454519271e+02,2.029794579707311186e+01,7.604494183438391397e-02,-3.192194217935639067e+00
1.581000000000000000e+03,4.417477054904898068e+02,2.033894468652175647e+01,7.596540072510321595e-02,-3.534084444061872166e+00
1.582000000000000000e+03,4.399079507240950875e+02,2.037800493393562817e+01,7.588619443692627697e-02,-3.879174610234540577e+00
1.583000000000000000e+03,4.381004893672990761e+02,2.041499294815498899e+01,7.580732973688179832e-02,-4.227311564001587918e+00
1.584000000000000000e+03,4.363251436260271134e+02,2.044999773743655069e+01,7.572881321669910903e-02,-4.578327606613258993e+00
1.585000000000000000e+03,4.345817395043153510e+02,2.048288520601538565e+01,7.565065129099268759e-02,-4.932062757354409577e+00
1.586000000000000000e+03,4.328715924860974269e+02,2.051374385280946200e+01,7.557285019550852301e-02,-5.288372161131937865e+00
1.587000000000000000e+03,4.311937933703072190e+02,2.054251335171016635e+01,7.549541598556132327e-02,-5.647066640874915500e+00
1.588000000000000000e+03,4.295481796196650066e+02,2.056913311650477283e+01,7.541835453446876780e-02,-6.007975817687587927e+00
1.589000000000000000e+03,4.279353353677942664e+02,2.059369086591405562e+01,7.534167153213312818e-02,-6.370931747637039066e+00
1.590000000000000000e+03,4.263551057546882816e+02,2.061612548773077336e+01,7.526537248371059641e-02,-6.735757758376696103e+00
1.591000000000000000e+03,4.248073397656208385e+02,2.063644988759215693e+01,7.518946270839096946e-02,-7.102283284994427071e+00
1.592000000000000000e+03,4.232926330683974356e+02,2.065460242035699068e+01,7.511394733822679415e-02,-7.470325278290911974e+00
1.593000000000000000e+03,4.218100995088190643e+02,2.067059545561022205e+01,7.503883131712796306e-02,-7.839725325698919889e+00
1.594000000000000000e+03,4.203603424496055254e+02,2.068444109277809773e+01,7.496411939986842576e-02,-8.210295403515607049e+00
1.595000000000000000e+03,4.189432262624043801e+02,2.069607687636153415e+01,7.488981615126501235e-02,-8.581862426221436024e+00
1.596000000000000000e+03,4.175578763231114294e+02,2.070558864529815679e+01,7.481592594538914731e-02,-8.954245940681675009e+00
1.597000000000000000e+03,4.162056503455066832e+02,2.071291339792562169e+01,7.474245296487891377e-02,-9.327272962140682466e+00
1.598000000000000000e+03,4.148856813628383975e+02,2.071806214158123538e+01,7.466940120040505002e-02,-9.700763096863056489e+00
1.599000000000000000e+03,4.135971062228144319e+02,2.072104560831072106e+01,7.459677445011318742e-02,-1.007453594987948975e+01
1.600000000000000000e+03,4.123420369157873324e+02,2.072179997069579116e+01,7.452457631923929682e-02,-1.044841853279268307e+01
1.601000000000000000e+03,4.111181371161215452e+02,2.072040973573032119e+01,7.445281021980829084e-02,-1.082225073812352356e+01
1.602000000000000000e+03,4.099260652329551817e+02,2.071681074213726959e+01,7.438147937033384727e-02,-1.119589437502779461e+01
1.603000000000000000e+03,4.087657455015209393e+02,2.071093859530065373e+01,7.431058679572206949e-02,-1.156920923614267771e+01
1.604000000000000000e+03,4.076371058935131373e+02,2.070295147365776600e+01,7.424013532715510733e-02,-1.194206243921597377e+01
1.605000000000000000e+03,4.065400780959612348e+02,2.069271014410394827e+01,7.417012760210080213e-02,-1.231435069199870114e+01
1.606000000000000000e+03,4.054738546532510668e+02,2.068029794654975362e+01,7.410056606439442695e-02,-1.268589627527738983e+01
1.607000000000000000e+03,4.044391174474317268e+02,2.066564937656522716e+01,7.403145296439045397e-02,-1.305652130641173869e+01
1.608000000000000000e+03,4.034350663315528323e+02,2.064877293616047993e+01,7.396279035918455758e-02,-1.342621857153055842e+01
1.609000000000000000e+03,4.024616476064024368e+02,2.062967685067228274e+01,7.389458011291413775e-02,-1.379468351971667239e+01
1.610000000000000000e+03,4.015188111553993622e+02,2.060844335277081285e+01,7.382682389711706095e-02,-1.416190851139367979e+01
1.611000000000000000e+03,4.006065104127922609e+02,2.058515439957595206e+01,7.375952319118374290e-02,-1.452758853079457602e+01
1.612000000000000000e+03,3.997247023301764557e+02,2.055966882288245401e+01,7.369267928284678471e-02,-1.489171543459787372e+01
1.613000000000000000e+03,3.988726045063386891e+02,2.053206803102059297e+01,7.362629326871242275e-02,-1.525405794815967475e+01
1.614000000000000000e+03,3.980501808205727343e+02,2.050243315930650212e+01,7.356036605494367664e-02,-1.561445878041273083e+01
1.615000000000000000e+03,3.972573985593575685e+02,2.047077078760887048e+01,7.349489835791021830e-02,-1.597283460490101525e+01
1.616000000000000000e+03,3.964942283765454363e+02,2.043701294152854331e+01,7.342989070492020320e-02,-1.632910175746370740e+01
1.617000000000000000e+03,3.957599014170590976e+02,2.040116566069254844e+01,7.336534343504370892e-02,-1.668302765057489978e+01
1.618000000000000000e+03,3.950543949442492817e+02,2.036330900015163436e+01,7.330125669995013471e-02,-1.703452788886314906e+01
1.619000000000000000e+03,3.943769466257907652e+02,2.032337418137773710e+01,7.323763046482911765e-02,-1.738351768378762685e+01
1.620000000000000000e+03,3.937275401583722214e+02,2.028151501138782820e+01,7.317446450933587365e-02,-1.772976326849276063e+01
1.621000000000000000e+03,3.931061623860604186e+02,2.023751361644063351e+01,7.311175842860502538e-02,-1.807332758086840840e+01
1.622000000000000000e+03,3.925120604174716732e+02,2.019159756238494907e+01,7.304951163431425143e-02,-1.841390169426529511e+01
1.623000000000000000e+03,3.919452272468823253e+02,2.014369702155864772e+01,7.298772335578419812e-02,-1.875147335145559424e+01
1.624000000000000000e+03,3.914049160341617153e+02,2.009381619232697247e+01,7.292639264110993558e-02,-1.908580696276113287e+01
1.625000000000000000e+03,3.908911257237854784e+02,2.004203330120908788e+01,7.286551835842988711e-02,-1.941688928992938301e+01
1.626000000000000000e+03,3.904038581578099638e+02,1.998842632160167554e+01,7.280509919710555222e-02,-1.974455801170508806e+01
1.627000000000000000e+03,3.899416323529159172e+02,1.993285012559576685e+01,7.274513366905710487e-02,-2.006865027415021530e+01
1.628000000000000000e+03,3.895051986217748663e+02,1.987545647091568313e+01,7.268562011007131951e-02,-2.038900267419791135e+01
1.629000000000000000e+03,3.890938243433675439e+02,1.981624830242120083e+01,7.262655668120775176e-02,-2.070567409396087655e+01
1.630000000000000000e+03,3.887067795777307424e+02,1.975515403822178939e+01,7.256794137021417568e-02,-2.101835141676732022e+01
1.631000000000000000e+03,3.883440798449823319e+02,1.969232470639150989e+01,7.250977199303039467e-02,-2.132709234650510410e+01
1.632000000000000000e+03,3.880050003986214051e+02,1.962768824675097434e+01,7.245204619526583734e-02,-2.163165684068971117e+01
1.633000000000000000e+03,3.876888190032984198e+02,1.956132093126725735e+01,7.239476145381061600e-02,-2.193202707985177469e+01
1.634000000000000000e+03,3.873963015470463347e+02,1.949322451652326649e+01,7.233791507841746959e-02,-2.222803603518212867e+01
1.635000000000000000e+03,3.871259878078133738e+02,1.942332624678242681e+01,7.228150421339038512e-02,-2.251966458799504878e+01
1.636000000000000000e+03,3.868771627347309163e+02,1.935177599115010239e+01,7.222552583928960879e-02,-2.280667009797254607e+01
1.637000000000000000e+03,3.866505992238504064e+02,1.927864911280019911e+01,7.216997677468800498e-02,-2.308910637375023356e+01
1.638000000000000000e+03,3.864448438833030650e+02,1.920379790529067066e+01,7.211485367799404245e-02,-2.336672939128472137e+01
1.639000000000000000e+03,3.862599311483086808e+02,1.912737158048409114e+01,7.206015304930643572e-02,-2.363951726508541284e+01
1.640000000000000000e+03,3.860951547156054176e+02,1.904944485451930802e+01,7.200587123232626841e-02,-2.390744738475526887e+01
1.641000000000000000e+03,3.859498103176199493e+02,1.897001795137529356e+01,7.195200441636810662e-02,-2.417027355187295967e+01
1.642000000000000000e+03,3.858239384962947724e+02,1.888909089001588626e+01,7.189854863834371779e-02,-2.442797166874559522e+01
1.643000000000000000e+03,3.857168388715097080e+02,1.880673777161137394e+01,7.184549978488205535e-02,-2.468051687599402300e+01
1.644000000000000000e+03,3.856285557492823273e+02,1.872303249983056617e+01,7.179285359444900760e-02,-2.492773497400164828e+01
1.645000000000000000e+03,3.855576495545313378e+02,1.863790021770437377e+01,7.174060565957045277e-02,-2.516952526224326547e+01
1.646000000000000000e+03,3.855041681087038228e+02,1.855134016207439629e+01,7.168875142910151321e-02,-2.540593481198200365e+01
1.647000000000000000e+03,3.854674180619223307e+02,1.846357423461016367e+01,7.163728621052752044e-02,-2.563678703832979267e+01
1.648000000000000000e+03,3.854467076649231672e+02,1.837445273787087530e+01,7.158620517237730685e-02,-2.586197882421394567e+01
1.649000000000000000e+03,3.854420895406870500e+02,1.828404864747524172e+01,7.153550334668161426e-02,-2.608148051072219076e+01
1.650000000000000000e+03,3.854521321156554450e+02,1.819236048230784419e+01,7.148517563148912290e-02,-2.629518732083537103e+01
1.651000000000000000e+03,3.854769087663087248e+02,1.809953398822514004e+01,7.143521679343126096e-02,-2.650306999277528774e+01
1.652000000000000000e+03,3.855165656962780076e+02,1.800556149514152082e+01,7.138562147041541128e-02,-2.670510671366227839e+01
1.653000000000000000e+03,3.855690397550785065e+02,1.791043400168958755e+01,7.133638417430512857e-02,-2.690120260232512095e+01
1.654000000000000000e+03,3.856359831827890616e+02,1.781414235076980646e+01,7.128749929374043892e-02,-2.709126190993922378e+01
1.655000000000000000e+03,3.857153351944410815e+02,1.771682580108086569e+01,7.123896109696228884e-02,-2.727533657978412052e+01
1.656000000000000000e+03,3.858065217594819387e+02,1.761847489769191100e+01,7.119076373472729702e-02,-2.745340338989890938e+01
1.657000000000000000e+03,3.859104555357071149e+02,1.751915432718740107e+01,7.114290124333215448e-02,-2.762528966315483459e+01
1.658000000000000000e+03,3.860258216277070460e+02,1.741878007185053434e+01,7.109536754762374455e-02,-2.779104467875585982e+01
1.659000000000000000e+03,3.861527916951996531e+02,1.731749083191826699e+01,7.104815646412045160e-02,-2.795064253263063847e+01
1.660000000000000000e+03,3.862900525457716867e+02,1.721535089636380533e+01,7.100126170419657212e-02,-2.810405641575135149e+01
1.661000000000000000e+03,3.864377774074555987e+02,1.711227586423462910e+01,7.095467687731220330e-02,-2.825125860936426747e+01
1.662000000000000000e+03,3.865946545207439158e+02,1.700840406705174601e+01,7.090839549432165212e-02,-2.839214619713187204e+01
1.663000000000000000e+03,3.867616012454705015e+02,1.690372515622829752e+01,7.086241097081255602e-02,-2.852683819520072461e+01
1.664000000000000000e+03,3.869373069820682076e+02,1.679830295855052213e+01,7.081671663049900201e-02,-2.865522984765664916e+01
1.665000000000000000e+03,3.871212044427384171e+02,1.669212691418663752e+01,7.077130570872158799e-02,-2.877721547391353241e+01
1.666000000000000000e+03,3.873127267471707569e+02,1.658518636524165046e+01,7.072617135590694715e-02,-2.889291131651147282e+01
1.667000000000000000e+03,3.875120501880062989e+02,1.647769341135354537e+01,7.068130664115643280e-02,-2.900228412130257993e+01
1.668000000000000000e+03,3.877186084909399142e+02,1.636948864679618509e+01,7.063670455584508678e-02,-2.910522541905725902e+01
1.669000000000000000e+03,3.879310927446103960e+02,1.626063543365447117e+01,7.059235801720707693e-02,-2.920177437447866353e+01
1.670000000000000000e+03,3.881496798353321083e+02,1.615127134000438502e+01,7.054825987207573312e-02,-2.929189493460296845e+01
1.671000000000000000e+03,3.883738038714740242e+02,1.604131101111590851e+01,7.050440290053656966e-02,-2.937562439510987744e+01
1.672000000000000000e+03,3.886028989477704840e+02,1.593089187570643794e+01,7.046077981966204773e-02,-2.945292483301841102e+01
1.673000000000000000e+03,3.888363990744777539e+02,1.582000273368996801e+01,7.041738328726594720e-02,-2.952390595728726552e+01
1.674000000000000000e+03,3.890744809414678116e+02,1.570870661196723006e+01,7.037420590567708412e-02,-2.958845369178413520e+01
1.675000000000000000e+03,3.893158353421787297e+02,1.559706648622441350e+01,7.033124022550667209e-02,-2.964667587716830610e+01
1.676000000000000000e+03,3.895606384427453008e+02,1.548514528625059405e+01,7.028847874945483298e-02,-2.969860513813077674e+01
1.677000000000000000e+03,3.898083232060098453e+02,1.537300590126891997e+01,7.024591393608263512e-02,-2.974419888502343312e+01
1.678000000000000000e+03,3.900590649907672400e+02,1.526056261827414851e+01,7.020353820361219244e-02,-2.978348788286902504e+01
1.679000000000000000e+03,3.903108101410246604e+02,1.514795254489641607e+01,7.016134393373160694e-02,-2.981650197023589044e+01
1.680000000000000000e+03,3.905637329257340298e+02,1.503523848074896918e+01,7.011932347533632315e-02,-2.984319577848164684e+01
1.681000000000000000e+03,3.908187497986067456e+02,1.492233463928697113e+01,7.007746914833420937e-02,-2.986367158537216326e+01
1.682000000000000000e+03,3.910730623181720489e+02,1.480937807068265322e+01,7.003577324734662490e-02,-2.987795646804782379e+01
1.683000000000000000e+03,3.913275854286409867e+02,1.469635724967400492e+01,6.999422804542715371e-02,-2.988592802335322673e+01
1.684000000000000000e+03,3.915817475458152330e+02,1.458326064792688648e+01,6.995282579780362497e-02,-2.988776007303979654e+01
1.685000000000000000e+03,3.918349761587523403e+02,1.447022530639062943e+01,6.991155874546618743e-02,-2.988340268378786391e+01
1.686000000000000000e+03,3.920866977619785416e+02,1.435723970662921545e+01,6.987041911884228629e-02,-2.987287930610497355e+01
1.687000000000000000e+03,3.923363377883600833e+02,1.424429234315565296e+01,6.982939914135524728e-02,-2.985636106306219517e+01
1.688000000000000000e+03,3.925840633777231687e+02,1.413152029575168100e+01,6.978849103293770229e-02,-2.983379533835776698e+01
1.689000000000000000e+03,3.928292976411817676e+02,1.401883781725273792e+01,6.974768701356620637e-02,-2.980520291624249296e+01
1.690000000000000000e+03,3.930707195963605045e+02,1.390645632334301496e+01,6.970697930668076636e-02,-2.977067798777129326e+01
1.691000000000000000e+03,3.933084926085949178e+02,1.379429012979048430e+01,6.966636014257100717e-02,-2.973023959038280850e+01
1.692000000000000000e+03,3.935427786579662666e+02,1.368240215869171372e+01,6.962582176170266368e-02,-2.968390589831675541e+01
1.693000000000000000e+03,3.937715097723239523e+02,1.357078109316630687e+01,6.958535641799082350e-02,-2.963184279686077716e+01
1.694000000000000000e+03,3.939963306466478912e+02,1.345956423303589489e+01,6.954495638204792607e-02,-2.957391818890178214e+01
1.695000000000000000e+03,3.942144273980484286e+02,1.334874036595264890e+01,6.950461394430110240e-02,-2.951029627083326545e+01
1.696000000000000000e+03,3.944274415274980470e+02,1.323822405600458829e+01,6.946432141809597005e-02,-2.944099183974624623e+01
1.697000000000000000e+03,3.946340415122130594e+02,1.312822706629278713e+01,6.942407114275277180e-02,-2.936609315245793184e+01
1.698000000000000000e+03,3.948328940896220729e+02,1.301866409593541007e+01,6.938385548650123635e-02,-2.928553908383797122e+01
1.699000000000000000e+03,3.950248927075788856e+02,1.290959848606361327e+01,6.934366684941370429e-02,-2.919956483696647354e+01
1.700000000000000000e+03,3.952094432956771470e+02,1.280116794125437529e+01,6.930349766624803454e-02,-2.910810768456347120e+01
1.701000000000000000e+03,3.953859627721053016e+02,1.269321189947737061e+01,6.926334040920079094e-02,-2.901132432144728313e+01
1.702000000000000000e+03,3.955539176598780386e+02,1.258593643617030899e+01,6.922318759067461191e-02,-2.890921153163938939e+01
1.703000000000000000e+03,3.957135282052211664e+02,1.247939793679029563e+01,6.918303176590316628e-02,-2.880198554166135949e+01
1.704000000000000000e+03,3.958642697703381828e+02,1.237343003546920706e+01,6.914286553556310555e-02,-2.868963897197394175e+01
1.705000000000000000e+03,3.960063584567039356e+02,1.226831217120903972e+01,6.910268154833265619e-02,-2.857223798191909481e+01
1.706000000000000000e+03,3.961385225546247852e+02,1.216387819046571117e+01,6.906247250337763099e-02,-2.844992228093772724e+01
1.707000000000000000e+03,3.962609738393664998e+02,1.206018490322433223e+01,6.902223115278204035e-02,-2.832260800605945406e+01
1.708000000000000000e+03,3.963731790234965615e+02,1.195736352048381512e+01,6.898195030396093996e-02,-2.819050771819775036e+01
1.709000000000000000e+03,3.964760882207596069e+02,1.185532252467168135e+01,6.894162282195402669e-02,-2.805361042968357665e+01
1.710000000000000000e+03,3.965676778960999513e+02,1.175419337501692674e+01,6.890124163176745975e-02,-2.791197875059576816e+01
1.711000000000000000e+03,3.966488935073932112e+02,1.165388481082444549e+01,6.886079972062320032e-02,-2.776574890134590845e+01
1.712000000000000000e+03,3.967184496231454318e+02,1.155445427320674945e+01,6.882029014012838730e-02,-2.761498215851761273e+01
1.713000000000000000e+03,3.967765440618152297e+02,1.145595934222629708e+01,6.877970600850419336e-02,-2.745973915146809574e+01
1.714000000000000000e+03,3.968233721872622368e+02,1.135838345746707745e+01,6.873904051268432680e-02,-2.730000559217345568e+01
1.715000000000000000e+03,3.968583840404989473e+02,1.126178448903882057e+01,6.869828691045906655e-02,-2.713606370633292642e+01
1.716000000000000000e+03,3.968817699777684425e+02,1.116622045799763896e+01,6.865743853252810613e-02,-2.696789797917803710e+01
1.717000000000000000e+03,3.968922321347232014e+02,1.107167525668914010e+01,6.861648878459836176e-02,-2.679556658704622407e+01
1.718000000000000000e+03,3.968899557369758782e+02,1.097813293601801377e+01,6.857543114935453488e-02,-2.661927569516961611e+01
1.719000000000000000e+03,3.968758662366930707e+02,1.088565199263769401e+01,6.853425918852470988e-02,-2.643893377116538446e+01
1.720000000000000000e+03,3.968479151102285982e+02,1.079421680555181062e+01,6.849296654484073044e-02,-2.625482015127568047e+01
1.721000000000000000e+03,3.968077653472167867e+02,1.070396049014621376e+01,6.845154694403068896e-02,-2.606691650376770042e+01
1.722000000000000000e+03,3.967541059102979375e+02,1.061479348411833890e+01,6.840999419677697146e-02,-2.587535254506933313e+01
1.723000000000000000e+03,3.966863658862464490e+02,1.052684925185047859e+01,6.836830220065090447e-02,-2.568033177157791869e+01
1.724000000000000000e+03,3.966062001330514022e+02,1.044003858666869533e+01,6.832646494206867649e-02,-2.548176005764199203e+01
1.725000000000000000e+03,3.965115465777479358e+02,1.035442103154422888e+01,6.828447649820591769e-02,-2.527991422275337285e+01
1.726000000000000000e+03,3.964025688756263435e+02,1.026998203168917811e+01,6.824233103892163310e-02,-2.507477349586165616e+01
1.727000000000000000e+03,3.962801707201467707e+02,1.018685578808095826e+01,6.820002282865469945e-02,-2.486646523238546891e+01
1.728000000000000000e+03,3.961430244837395662e+02,1.010487955937746740e+01,6.815754622831919629e-02,-2.465511636335488177e+01
1.729000000000000000e+03,3.959912853747500208e+02,1.002426221628244996e+01,6.811489569721333737e-02,-2.444085341170160319e+01
1.730000000000000000e+03,3.958251057501122432e+02,9.944915692778261374e+00,6.807206579487619369e-02,-2.422365394167849573e+01
1.731000000000000000e+03,3.956438922639409839e+02,9.866826406305527541e+00,6.802905118296366516e-02,-2.400371799292265607e+01
1.732000000000000000e+03,3.954477915220832642e+02,9.790055260341949506e+00,6.798584662710178972e-02,-2.378109667961059870e+01
1.733000000000000000e+03,3.952362043974475228e+02,9.714663363389918871e+00,6.794244699873799864e-02,-2.355591505774240701e+01
1.734000000000000000e+03,3.950092716863112514e+02,9.640563464372730706e+00,6.789884727697242939e-02,-2.332822357501331467e+01
1.735000000000000000e+03,3.947663884254045570e+02,9.567817088956600102e+00,6.785504255036216292e-02,-2.309822093828946521e+01
1.736000000000000000e+03,3.945091752200259521e+02,9.496485974768384963e+00,6.781102801869275110e-02,-2.286603128015139674e+01
1.737000000000000000e+03,3.942362783877727566e+02,9.426557790026160788e+00,6.776679899480601843e-02,-2.263170417601950390e+01
1.738000000000000000e+03,3.939478269584957388e+02,9.358020419085182340e+00,6.772235090630104870e-02,-2.239551179535518344e+01
1.739000000000000000e+03,3.936439469949673935e+02,9.290936247893984756e+00,6.767767929725686249e-02,-2.215742893439198014e+01
1.740000000000000000e+03,3.933247615845306200e+02,9.225293598852935872e+00,6.763277982994507498e-02,-2.191765301795059884e+01
1.741000000000000000e+03,3.929903908316958905e+02,9.161081016090236062e+00,6.758764828645838496e-02,-2.167623269926470542e+01
1.742000000000000000e+03,3.926402090166861285e+02,9.098361550647632967e+00,6.754228057033703769e-02,-2.143343929486432131e+01
1.743000000000000000e+03,3.922743302600513289e+02,9.037049911565780747e+00,6.749667270814693754e-02,-2.118917253395130018e+01
1.744000000000000000e+03,3.918921228482060428e+02,8.977283884899083688e+00,6.745082085099636526e-02,-2.094362912733390303e+01
1.745000000000000000e+03,3.914951805701674630e+02,8.918978634112409765e+00,6.740472127603212849e-02,-2.069693136733542715e+01
1.746000000000000000e+03,3.910813800350741190e+02,8.862198118914545120e+00,6.735837038784120434e-02,-2.044920142871907487e+01
1.747000000000000000e+03,3.906515661862408706e+02,8.806857962478186863e+00,6.731176471982469600e-02,-2.020041281909938036e+01
1.748000000000000000e+03,3.902065809610341489e+02,8.753096870091340520e+00,6.726490093552066341e-02,-1.995091038086268043e+01
1.749000000000000000e+03,3.897442919519222073e+02,8.700830929189994123e+00,6.721777582981751376e-02,-1.970059319002229614e+01
1.750000000000000000e+03,3.892670207590871883e+02,8.650050744324271790e+00,6.717038633014088544e-02,-1.944973169210129882e+01
1.751000000000000000e+03,3.887733696949774753e+02,8.600821268065228509e+00,6.712272949753668450e-02,-1.919836913174994919e+01
1.752000000000000000e+03,3.882641581280616379e+02,8.553132724899240813e+00,6.707480252769297546e-02,-1.894668002848738197e+01
1.753000000000000000e+03,3.877394574902391469e+02,8.506975405284238789e+00,6.702660275189395445e-02,-1.869468601897634841e+01
1.754000000000000000e+03,3.871985933981391668e+02,8.462339836195656773e+00,6.697812763783700385e-02,-1.844248304439459218e+01
1.755000000000000000e+03,3.866416313320589779e+02,8.419291065124424378e+00,6.692937479043568894e-02,-1.819024136755543353e+01
1.756000000000000000e+03,3.860693766462475764e+02,8.377745809972083180e+00,6.688034195249954739e-02,-1.793790845595279748e+01
1.757000000000000000e+03,3.854811460755313988e+02,8.337769593370284227e+00,6.683102700527872309e-02,-1.768572898326244314e+01
1.758000000000000000e+03,3.848769962535321270e+02,8.299279608886715565e+00,6.678142796899284861e-02,-1.743372486173116442e+01
1.759000000000000000e+03,3.842569808922442576e+02,8.262386425258805289e+00,6.673154300322640953e-02,-1.718199239301067749e+01
1.760000000000000000e+03,3.836218936331413829e+02,8.227015140559100104e+00,6.668137040722471598e-02,-1.693055371788831209e+01
1.761000000000000000e+03,3.829710395596721924e+02,8.193172802738075688e+00,6.663090862006577908e-02,-1.667957968343645447e+01
1.762000000000000000e+03,3.823044637214088084e+02,8.160866697610421383e+00,6.658015622078929108e-02,-1.642909272554539513e+01
1.763000000000000000e+03,3.816229511546266053e+02,8.130089491898713661e+00,6.652911192839550125e-02,-1.617933830287420705e+01
1.764000000000000000e+03,3.809257983993186940e+02,8.100834089582839681e+00,6.647777460173193154e-02,-1.593026492866180988e+01
1.765000000000000000e+03,3.802145276979196638e+02,8.073108488153883044e+00,6.642614323932764797e-02,-1.568196988795547497e+01
1.766000000000000000e+03,3.794884300102567636e+02,8.046906064670888981e+00,6.637421697905396267e-02,-1.543469925370395757e+01
1.767000000000000000e+03,3.787475363802439006e+02,8.022213003472822734e+00,6.632199509776040558e-02,-1.518840220170998556e+01
1.768000000000000000e+03,3.779926179639561497e+02,7.999038008845235304e+00,6.626947701076638109e-02,-1.494325101098421626e+01
1.769000000000000000e+03,3.772237003891152085e+02,7.977367734088113060e+00,6.621666227129052729e-02,-1.469926966193286688e+01
1.770000000000000000e+03,3.764408066210899051e+02,7.957196493989857622e+00,6.616355056977525628e-02,-1.445663098592612172e+01
1.771000000000000000e+03,3.756439569952853503e+02,7.938518835453596267e+00,6.611014173308821240e-02,-1.421543383020182816e+01
1.772000000000000000e+03,3.748331692509161712e+02,7.921314679676717319e+00,6.605643572372391081e-02,-1.397562878962144062e+01
1.773000000000000000e+03,3.740092014011555079e+02,7.905579034335572963e+00,6.600243263880949118e-02,-1.373738963928266621e+01
1.774000000000000000e+03,3.731713232644955838e+02,7.891307135572302123e+00,6.594813270912951164e-02,-1.350081621544551780e+01
1.775000000000000000e+03,3.723210306775832237e+02,7.878487018235801997e+00,6.589353629800742684e-02,-1.326593443029874742e+01
1.776000000000000000e+03,3.714568456889815025e+02,7.867114371077502888e+00,6.583864390015031764e-02,-1.303291913705799310e+01
1.777000000000000000e+03,3.705802592794906332e+02,7.857170250100326214e+00,6.578345614041188061e-02,-1.280172272686237633e+01
1.778000000000000000e+03,3.696912743932502963e+02,7.848643361913920202e+00,6.572797377248722206e-02,-1.257252084401104497e+01
1.779000000000000000e+03,3.687891488150986561e+02,7.841522633594175673e+00,6.567219767754821358e-02,-1.234534098247843126e+01
1.780000000000000000e+03,3.678753665540335760e+02,7.835797210798784107e+00,6.561612886284183543e-02,-1.212035963375208247e+01
1.781000000000000000e+03,3.669491808773953494e+02,7.831449027439036925e+00,6.555976846021929760e-02,-1.189753088294178163e+01
1.782000000000000000e+03,3.660113285312403377e+02,7.828475088659875070e+00,6.550311772458815296e-02,-1.167710640670608946e+01
1.783000000000000000e+03,3.650618012813711175e+02,7.826857755276142470e+00,6.544617803240071474e-02,-1.145896693491997809e+01
1.784000000000000000e+03,3.641013316302906446e+02,7.826572169869153051e+00,6.538895088002268097e-02,-1.124329081516202145e+01
1.785000000000000000e+03,3.631291643597713232e+02,7.827615967843946976e+00,6.533143788214000602e-02,-1.103018260793477978e+01
1.786000000000000000e+03,3.621467707543048959e+02,7.829964704895253647e+00,6.527364077006596321e-02,-1.081959881565676618e+01
1.787000000000000000e+03,3.611541344749246036e+02,7.833601567888263340e+00,6.521556139006973174e-02,-1.061179359592718896e+01
1.788000000000000000e+03,3.601504944437426730e+02,7.838517372252107762e+00,6.515720170168577685e-02,-1.040665022200185064e+01
1.789000000000000000e+03,3.591373162340698286e+02,7.844688274237728187e+00,6.509856377598592647e-02,-1.020442392955890121e+01
1.790000000000000000e+03,3.581145779457629033e+02,7.852098053193914851e+00,6.503964979382791112e-02,-1.000499909315053770e+01
1.791000000000000000e+03,3.570815130911213373e+02,7.860738108710835448e+00,6.498046204413862603e-02,-9.808557788931997479e+00
1.792000000000000000e+03,3.560395819862042686e+02,7.870570315932336136e+00,6.492100292216287927e-02,-9.615134104576581464e+00
1.793000000000000000e+03,3.549887576272217302e+02,7.881586449343342515e+00,6.486127492769462599e-02,-9.424837000430754230e+00
1.794000000000000000e+03,3.539282685773241610e+02,7.893756181227195690e+00,6.480128066333840087e-02,-9.237701752868488825e+00
1.795000000000000000e+03,3.528595703586731815e+02,7.907079076952258312e+00,6.474102283273439062e-02,-9.053764247859096059e+00
1.796000000000000000e+03,3.517818884944260844e+02,7.921517736582245561e+00,6.468050423884735833e-02,-8.873060990733277364e+00
1.797000000000000000e+03,3.506966755711442261e+02,7.937057218370807909e+00,6.461972778220580194e-02,-8.695777682649353579e+00
1.798000000000000000e+03,3.496031542809920438e+02,7.953667893635016917e+00,6.455869645918245470e-02,-8.521952095735004562e+00
1.799000000000000000e+03,3.485027744842915354e+02,7.971342585065874786e+00,6.449741336022853100e-02,-8.351474081924543214e+00
1.800000000000000000e+03,3.473947562518048926e+02,7.990044564772554203e+00,6.443588166820571339e-02,-8.184605565995019205e+00
1.801000000000000000e+03,3.462805343436060639e+02,8.009760422569160099e+00,6.437410465666990045e-02,-8.021302585303198285e+00
1.802000000000000000e+03,3.451600063352288430e+02,8.030472969149908380e+00,6.431208568812964155e-02,-7.861625319510960885e+00
1.803000000000000000e+03,3.440330560912307760e+02,8.052158612211117727e+00,6.424982821242489206e-02,-7.705632638628151732e+00
1.804000000000000000e+03,3.429003092362488019e+02,8.074801336019957532e+00,6.418733576500740279e-02,-7.553354385403311611e+00
1.805000000000000000e+03,3.417623903722228533e+02,8.098377840931192395e+00,6.412461196529005425e-02,-7.404813667244373399e+00
1.806000000000000000e+03,3.406191802955411276e+02,8.122872396256871852e+00,6.406166051497089176e-02,-7.260049147801232117e+00
1.807000000000000000e+03,3.394705588841496251e+02,8.148261979689490175e+00,6.399848519639199373e-02,-7.119085339756517250e+00
1.808000000000000000e+03,3.383171479845726140e+02,8.174523701733072301e+00,6.393508987087653805e-02,-6.981954895726588894e+00
1.809000000000000000e+03,3.371588257937660273e+02,8.201642230093936448e+00,6.387147847708955772e-02,-6.848698613769001575e+00
1.810000000000000000e+03,3.359962125809814779e+02,8.229594928983086533e+00,6.380765502939496348e-02,-6.719343157495869967e+00
1.811000000000000000e+03,3.348291850694414507e+02,8.258359283434252518e+00,6.374362361619398398e-02,-6.593908489244548754e+00
1.812000000000000000e+03,3.336583621580327872e+02,8.287905466888910055e+00,6.367938839829051512e-02,-6.472407874554368057e+00
1.813000000000000000e+03,3.324836193028227740e+02,8.318226050502575575e+00,6.361495360722864423e-02,-6.354870171351024943e+00
1.814000000000000000e+03,3.313055742386065958e+02,8.349291428921079117e+00,6.355032354362186164e-02,-6.241317548687108641e+00
1.815000000000000000e+03,3.301248441953193833e+02,8.381079529534297023e+00,6.348550257548250808e-02,-6.131765490192313983e+00
1.816000000000000000e+03,3.289413031143976696e+02,8.413568379955988163e+00,6.342049513652744941e-02,-6.026230225534346729e+00
1.817000000000000000e+03,3.277555673701742762e+02,8.446736103833547560e+00,6.335530572448014319e-02,-5.924743589892470297e+00
1.818000000000000000e+03,3.265675101511430398e+02,8.480560916639705127e+00,6.328993889935269346e-02,-5.827308456293601502e+00
1.819000000000000000e+03,3.253777471813015154e+02,8.515013693098190117e+00,6.322439928168779866e-02,-5.733935879468241126e+00
1.820000000000000000e+03,3.241861511013835297e+02,8.550072819646437949e+00,6.315869155078072950e-02,-5.644637669274785274e+00
1.821000000000000000e+03,3.229933371901873898e+02,8.585679620084606611e+00,6.309282044291306124e-02,-5.559426392146951557e+00
1.822000000000000000e+03,3.217999205808359875e+02,8.621901775022012160e+00,6.302679074952130533e-02,-5.478307943867061880e+00
1.823000000000000000e+03,3.206050306420224274e+02,8.658651040300769708e+00,6.296060731532429622e-02,-5.401303835419879462e+00
1.824000000000000000e+03,3.194092823694239200e+02,8.695861523128977311e+00,6.289427503646384532e-02,-5.328421480077829564e+00
1.825000000000000000e+03,3.182140336020103177e+02,8.733541676255452302e+00,6.282779885856161484e-02,-5.259646765223829235e+00
1.826000000000000000e+03,3.170184137333008607e+02,8.771774293690077329e+00,6.276118377478456800e-02,-5.194988622316556004e+00
1.827000000000000000e+03,3.158230379378682642e+02,8.810345088910626288e+00,6.269443482383998956e-02,-5.134427027997034543e+00
1.828000000000000000e+03,3.146285215526860952e+02,8.849336958602473047e+00,6.262755708794939813e-02,-5.077957573447033468e+00
1.829000000000000000e+03,3.134354801285427925e+02,8.888758560867545455e+00,6.256055569078002032e-02,-5.025584034998153982e+00
1.830000000000000000e+03,3.122430438114117237e+02,8.928544310948808516e+00,6.249343579534455406e-02,-4.977303516097125957e+00
1.831000000000000000e+03,3.110533144040197158e+02,8.968628660461506641e+00,6.242620260181921954e-02,-4.933099017331653791e+00
1.832000000000000000e+03,3.098654227370510057e+02,9.009020376629598204e+00,6.235886134543359299e-02,-4.892961719571398582e+00
1.833000000000000000e+03,3.086799857306712056e+02,9.049653971021182741e+00,6.229141729415169082e-02,-4.856883553425818789e+00
1.834000000000000000e+03,3.074968779407802231e+02,9.090612545803558930e+00,6.222387574647034181e-02,-4.824842340073325353e+00
1.835000000000000000e+03,3.063167172803221661e+02,9.131756371986472942e+00,6.215624202911058244e-02,-4.796831501916758000e+00
1.836000000000000000e+03,3.051401222354314768e+02,9.173094302699315250e+00,6.208852149464667847e-02,-4.772830346165165771e+00
1.837000000000000000e+03,3.039662262464387936e+02,9.214635201960424737e+00,6.202071951917616927e-02,-4.752833774949034584e+00
1.838000000000000000e+03,3.027963919339103427e+02,9.256313656959248348e+00,6.195284149988314337e-02,-4.736822568367727193e+00
1.839000000000000000e+03,3.016297541392414701e+02,9.298138540856946577e+00,6.188489285262889494e-02,-4.724778237375501178e+00
1.840000000000000000e+03,3.004676769853465430e+02,9.340044441588501556e+00,6.181687900946689768e-02,-4.716668163006134229e+00
1.841000000000000000e+03,2.993100397518383602e+02,9.382040224686885921e+00,6.174880541616123431e-02,-4.712467877090567470e+00
1.842000000000000000e+03,2.981567225951111482e+02,9.423986178607227870e+00,6.168067752967944239e-02,-4.712146200967294085e+00
1.843000000000000000e+03,2.970090922681158077e+02,9.466039711586564209e+00,6.161250081563200698e-02,-4.715680097339488341e+00
1.844000000000000000e+03,2.958662879946153907e+02,9.508061079481915812e+00,6.154428074576642066e-02,-4.723047236828787021e+00
1.845000000000000000e+03,2.947289356933059707e+02,9.549984799154879411e+00,6.147602279537317527e-02,-4.734211135927642644e+00
1.846000000000000000e+03,2.935976623563389012e+02,9.591893927860477120e+00,6.140773244071211917e-02,-4.749150864803188377e+00
1.847000000000000000e+03,2.924730960974304708e+02,9.633722925138268778e+00,6.133941515644713433e-02,-4.767831328050181838e+00
1.848000000000000000e+03,2.913536376943912956e+02,9.675406215733666215e+00,6.127107641305033076e-02,-4.790210686947032670e+00
1.849000000000000000e+03,2.902414033163880163e+02,9.716952469032420936e+00,6.120272167423534970e-02,-4.816262638164912957e+00
1.850000000000000000e+03,2.891355390551950109e+02,9.758296028003750067e+00,6.113435639437538038e-02,-4.845946693778296677e+00
1.851000000000000000e+03,2.880366678088958565e+02,9.799446454345595470e+00,6.106598601593171000e-02,-4.879247098635936197e+00
1.852000000000000000e+03,2.869453731401174537e+02,9.840342903988036127e+00,6.099761596689386861e-02,-4.916126172192283761e+00
1.853000000000000000e+03,2.858607441673779590e+02,9.881074027074273403e+00,6.092925165828163431e-02,-4.956548667217439252e+00
1.854000000000000000e+03,2.847840999562675961e+02,9.921431280788663543e+00,6.086089848156239074e-02,-5.000472551419612444e+00
1.855000000000000000e+03,2.837152753873063489e+02,9.961577476916726681e+00,6.079256180622906458e-02,-5.047841571277192685e+00
1.856000000000000000e+03,2.826548497031951683e+02,1.000137822638034280e+01,6.072424697728727450e-02,-5.098629814077439981e+00
1.857000000000000000e+03,2.816019180450811064e+02,1.004092191983365012e+01,6.065595931287135617e-02,-5.152789701157338698e+00
1.858000000000000000e+03,2.805578056681545149e+02,1.008007402274834874e+01,6.058770410180641663e-02,-5.210274264402706912e+00
1.859000000000000000e+03,2.795216109710771661e+02,1.011884848904919565e+01,6.051948660127227930e-02,-5.271044565803268078e+00
1.860000000000000000e+03,2.784954053798152813e+02,1.015725919025592106e+01,6.045131203450251900e-02,-5.335054831714090007e+00
1.861000000000000000e+03,2.774768050351040642e+02,1.019531991165515272e+01,6.038318558849921358e-02,-5.402252443575688012e+00
1.862000000000000000e+03,2.764678848494984322e+02,1.023289578149369206e+01,6.031511241180594757e-02,-5.472585356743710605e+00
1.863000000000000000e+03,2.754684930279171908e+02,1.027007468471683183e+01,6.024709761237199285e-02,-5.546016947429746047e+00
1.864000000000000000e+03,2.744784796074883388e+02,1.030687012521338985e+01,6.017914625539895479e-02,-5.622496289303217765e+00
1.865000000000000000e+03,2.734976964913091138e+02,1.034307265509624152e+01,6.011126336129229281e-02,-5.701972999959490807e+00
1.866000000000000000e+03,2.725259974811830261e+02,1.037884413904012604e+01,6.004345390367080149e-02,-5.784397230454722205e+00
1.867000000000000000e+03,2.715647239793773338e+02,1.041412348261336973e+01,5.997572280742084760e-02,-5.869719654610753068e+00
1.868000000000000000e+03,2.706137336791933308e+02,1.044884947917289253e+01,5.990807494677988232e-02,-5.957869173042531941e+00
1.869000000000000000e+03,2.696721434296218831e+02,1.048303508979177678e+01,5.984051514354177259e-02,-6.048797472114853413e+00
1.870000000000000000e+03,2.687413006040309824e+02,1.051669315622143230e+01,5.977304816528274112e-02,-6.142441870827456185e+00
1.871000000000000000e+03,2.678210689525872112e+02,1.054976211389540097e+01,5.970567872366662476e-02,-6.238740165937596949e+00
1.872000000000000000e+03,2.669105714637876190e+02,1.058225455548443783e+01,5.963841147280273675e-02,-6.337638048523137613e+00
1.873000000000000000e+03,2.660111617300303806e+02,1.061418294399001283e+01,5.957125100767723946e-02,-6.439074235291236903e+00
1.874000000000000000e+03,2.651219669619054571e+02,1.064541104238355196e+01,5.950420186262828093e-02,-6.542987884740018245e+00
1.875000000000000000e+03,2.642443450217608643e+02,1.067602532781371849e+01,5.943726850990913718e-02,-6.649303728078279185e+00
1.876000000000000000e+03,2.633774274359532797e+02,1.070596357084160566e+01,5.937045535831446397e-02,-6.757961770062490103e+00
1.877000000000000000e+03,2.625218335913658620e+02,1.073531196625382300e+01,5.930376675182037066e-02,-6.868894991205046097e+00
1.878000000000000000e+03,2.616774422507282907e+02,1.076393371241085717e+01,5.923720696834542526e-02,-6.982036763214517272e+00
1.879000000000000000e+03,2.608441344070470223e+02,1.079184042568082269e+01,5.917078021851970848e-02,-7.097320835924909588e+00
1.880000000000000000e+03,2.600217933020329042e+02,1.081911785392100889e+01,5.910449064456983759e-02,-7.214681324072850899e+00
1.881000000000000000e+03,2.592117901136095952e+02,1.084555445601491641e+01,5.903834231917944736e-02,-7.334052693931699451e+00
1.882000000000000000e+03,2.584132697972872279e+02,1.087130995051223081e+01,5.897233924447880388e-02,-7.455362321461849184e+00
1.883000000000000000e+03,2.576261224418108782e+02,1.089632104479683328e+01,5.890648535103873429e-02,-7.578537907037762977e+00
1.884000000000000000e+03,2.568502404487432500e+02,1.092059856635792592e+01,5.884078449694820495e-02,-7.703522318411398118e+00
1.885000000000000000e+03,2.560862613811618189e+02,1.094400460961929511e+01,5.877524046690453530e-02,-7.830251291820935933e+00
1.886000000000000000e+03,2.553348251413792696e+02,1.096662395086670116e+01,5.870985697138680903e-02,-7.958638561356825569e+00
1.887000000000000000e+03,2.545943454776915758e+02,1.098846691173343793e+01,5.864463764583408706e-02,-8.088635271747996569e+00
1.888000000000000000e+03,2.538662098404576284e+02,1.100946935677893634e+01,5.857958604988768719e-02,-8.220148252422017521e+00
1.889000000000000000e+03,2.531495795469132588e+02,1.102964125815782026e+01,5.851470566667887896e-02,-8.353099430159367955e+00
1.890000000000000000e+03,2.524451039653705209e+02,1.104899240986925335e+01,5.844999990213921304e-02,-8.487410958195768629e+00
1.891000000000000000e+03,2.517526920183011327e+02,1.106745814209629941e+01,5.838547208435457270e-02,-8.623005201986332580e+00
1.892000000000000000e+03,2.510729978596268666e+02,1.108504788614503944e+01,5.832112546292424204e-02,-8.759789868241647071e+00
1.893000000000000000e+03,2.504051923759632245e+02,1.110177088897040676e+01,5.825696320840626635e-02,-8.897695132398636630e+00
1.894000000000000000e+03,2.497491916970833472e+02,1.111763621130089774e+01,5.819298841173103226e-02,-9.036643910933062074e+00
1.895000000000000000e+03,2.491056572003717804e+02,1.113265272586141030e+01,5.812920408367613923e-02,-9.176544418726937380e+00
1.896000000000000000e+03,2.484745098442817266e+02,1.114675483219357233e+01,5.806561315435505854e-02,-9.317327296552118554e+00
1.897000000000000000e+03,2.478556730059099493e+02,1.115995102208521139e+01,5.800221847271740810e-02,-9.458923311776283427e+00
1.898000000000000000e+03,2.472490724825766506e+02,1.117217531109295159e+01,5.793902280611078898e-02,-9.601255915803537988e+00
1.899000000000000000e+03,2.466546364924208206e+02,1.118351008768195420e+01,5.787602883980079438e-02,-9.744248658259044404e+00
1.900000000000000000e+03,2.460730385090198808e+02,1.119388897795400339e+01,5.781323917654421218e-02,-9.887817744525399632e+00
1.901000000000000000e+03,2.455027255316136348e+02,1.120331999802488632e+01,5.775065633616990185e-02,-1.003189765175131853e+01
1.902000000000000000e+03,2.449451167630603834e+02,1.121173789504689999e+01,5.768828275520932608e-02,-1.017642143649812603e+01
1.903000000000000000e+03,2.443994049259108010e+02,1.121930037120632306e+01,5.762612078645994867e-02,-1.032130325745109367e+01
1.904000000000000000e+03,2.438662708212013115e+02,1.122579351184997165e+01,5.756417269865986980e-02,-1.046658358359031560e+01
1.905000000000000000e+03,2.433449119826751712e+02,1.123137461979169061e+01,5.750244067607887533e-02,-1.061204290624386992e+01
1.906000000000000000e+03,2.428360140100899969e+02,1.123597794668424221e+01,5.744092681818974144e-02,-1.075772170996759414e+01
1.907000000000000000e+03,2.423387792211921976e+02,1.123961182653177993e+01,5.737963313935390969e-02,-1.090358618324746054e+01
1.908000000000000000e+03,2.418531551477137498e+02,1.124228439180062544e+01,5.731856156844530870e-02,-1.104945392156709616e+01
1.909000000000000000e+03,2.413805773601471003e+02,1.124400357314299370e+01,5.725771394858370639e-02,-1.119536533160113301e+01
1.910000000000000000e+03,2.409195124461560340e+02,1.124470281572863861e+01,5.719709203679335108e-02,-1.134128648400053052e+01
1.911000000000000000e+03,2.404699150080804486e+02,1.124438964619377401e+01,5.713669750373010642e-02,-1.148703481680336225e+01
1.912000000000000000e+03,2.400324848140432437e+02,1.124314567269432530e+01,5.707653193339298769e-02,-1.163257625647871585e+01
1.913000000000000000e+03,2.396064382777744868e+02,1.124090373456015612e+01,5.701659682287565922e-02,-1.177795092158109114e+01
1.914000000000000000e+03,2.391917369473370627e+02,1.123767075307194929e+01,5.695689358208627651e-02,-1.192297597602194692e+01
1.915000000000000000e+03,2.387890874875221527e+02,1.123345344833456316e+01,5.689742353354600851e-02,-1.206769131749248380e+01
1.916000000000000000e+03,2.383977131559071552e+02,1.122818405625576332e+01,5.683818791212651156e-02,-1.221198814748578343e+01
1.917000000000000000e+03,2.380175822877964436e+02,1.122201746314135029e+01,5.677918786489764141e-02,-1.235575752596412968e+01
1.918000000000000000e+03,2.376486654397941152e+02,1.121481122186530222e+01,5.672042445088731899e-02,-1.249903892615394696e+01
1.919000000000000000e+03,2.372916782021602273e+02,1.120671982067814731e+01,5.666189864096638634e-02,-1.264164880495085796e+01
1.920000000000000000e+03,2.369451098347816753e+02,1.119760041607440471e+01,5.660361131768113646e-02,-1.278362629197940059e+01
1.921000000000000000e+03,2.366096802521394977e+02,1.118753281829462587e+01,5.654556327513497044e-02,-1.292486176025170330e+01
1.922000000000000000e+03,2.362853686567863747e+02,1.117644807489251946e+01,5.648775521891592766e-02,-1.306531966497190211e+01
1.923000000000000000e+03,2.359714135116986995e+02,1.116449988942004623e+01,5.643018776599139502e-02,-1.320488996495260281e+01
1.924000000000000000e+03,2.356692838515235167e+02,1.115161892167571267e+01,5.637286144468097587e-02,-1.334353667816500355e+01
1.925000000000000000e+03,2.353767365723423666e+02,1.113773563956366175e+01,5.631577669469468861e-02,-1.348122358690409683e+01
1.926000000000000000e+03,2.350945019157046829e+02,1.112292888753628795e+01,5.625893386708433197e-02,-1.361791422657745265e+01
1.927000000000000000e+03,2.348233120962102873e+02,1.110720303760762917e+01,5.620233322435678330e-02,-1.375342330760948784e+01
1.928000000000000000e+03,2.345616727630255696e+02,1.109056227445763909e+01,5.614597494052470106e-02,-1.388786240548489914e+01
1.929000000000000000e+03,2.343103199755709909e+02,1.107293631360949959e+01,5.608985910127788771e-02,-1.402104568187553113e+01
1.930000000000000000e+03,2.340692488279445627e+02,1.105440325369237620e+01,5.603398570412507912e-02,-1.415293557491993326e+01
1.931000000000000000e+03,2.338377134124779388e+02,1.103496672776176624e+01,5.597835465861285276e-02,-1.428349422160024851e+01
1.932000000000000000e+03,2.336149696173948769e+02,1.101470447220212279e+01,5.592296578658705053e-02,-1.441268344724116623e+01
1.933000000000000000e+03,2.334025035936486745e+02,1.099347119468142964e+01,5.586781882246576875e-02,-1.454046475512603287e+01
1.934000000000000000e+03,2.331988318706911798e+02,1.097134427719480243e+01,5.581291341360446884e-02,-1.466672503272797456e+01
1.935000000000000000e+03,2.330047011618289048e+02,1.094832664414425594e+01,5.575824912067967043e-02,-1.479142510856692994e+01
1.936000000000000000e+03,2.328193741485723365e+02,1.092442104798922031e+01,5.570382541812522736e-02,-1.491452545867861801e+01
1.937000000000000000e+03,2.326428579445398839e+02,1.089970435495241929e+01,5.564964169459955118e-02,-1.503591191320446363e+01
1.938000000000000000e+03,2.324751612186748559e+02,1.087410469676818003e+01,5.559569725356846431e-02,-1.515561849711439812e+01
1.939000000000000000e+03,2.323155513179389686e+02,1.084769860699788424e+01,5.554199131384747468e-02,-1.527353028653751643e+01
1.940000000000000000e+03,2.321640398946199753e+02,1.082041388937213178e+01,5.548852301026264283e-02,-1.538968053324057195e+01
1.941000000000000000e+03,2.320206400281660706e+02,1.079232675419689080e+01,5.543529139434629632e-02,-1.550395352121778281e+01
1.942000000000000000e+03,2.318853661817104808e+02,1.076343897028334418e+01,5.538229543505931995e-02,-1.561623312443040845e+01
1.943000000000000000e+03,2.317582341583259904e+02,1.073375215092622348e+01,5.532953401960535172e-02,-1.572662564818755015e+01
1.944000000000000000e+03,2.316377753870198717e+02,1.070326775641548345e+01,5.527700595429295427e-02,-1.583493983564520136e+01
1.945000000000000000e+03,2.315247510537574271e+02,1.067198709658131506e+01,5.522470996542183652e-02,-1.594120684348827588e+01
1.946000000000000000e+03,2.314191807171737310e+02,1.063991133336994643e+01,5.517264470023359318e-02,-1.604530881573568379e+01
1.947000000000000000e+03,2.313203422643578619e+02,1.060711576695026714e+01,5.512080872795240005e-02,-1.614727600922647710e+01
1.948000000000000000e+03,2.312282575367160860e+02,1.057352698783663314e+01,5.506920054079585819e-02,-1.624698965125033467e+01
1.949000000000000000e+03,2.311422066158178552e+02,1.053922001355291194e+01,5.501781855514032565e-02,-1.634440478186581203e+01
1.950000000000000000e+03,2.310622134494775821e+02,1.050412115729834284e+01,5.496666111264537219e-02,-1.643955024588766989e+01
1.951000000000000000e+03,2.309890561184165279e+02,1.046830448202657493e+01,5.491572648148174834e-02,-1.653230744124120477e+01
1.952000000000000000e+03,2.309213263839476440e+02,1.043176690477205071e+01,5.486501285758613178e-02,-1.662263798190437569e+01
1.953000000000000000e+03,2.308591128884775401e+02,1.039457881426391062e+01,5.481451836596695076e-02,-1.671057887038888978e+01
1.954000000000000000e+03,2.308025051320369130e+02,1.035673618929132545e+01,5.476424106203765796e-02,-1.679609231680228731e+01
1.955000000000000000e+03,2.307515934296527291e+02,1.031816060146013747e+01,5.471417893302278623e-02,-1.687906573181621184e+01
1.956000000000000000e+03,2.307057260340711196e+02,1.027892206846846079e+01,5.466432989940583909e-02,-1.695960885386072192e+01
1.957000000000000000e+03,2.306649947639573384e+02,1.023909048988001125e+01,5.461469181635835585e-02,-1.703768232501887425e+01
1.958000000000000000e+03,2.306294921274456158e+02,1.019866136640890275e+01,5.456526247528420415e-02,-1.711309768466273340e+01
1.959000000000000000e+03,2.305985684461315941e+02,1.015763008621751418e+01,5.451603960533741439e-02,-1.718603734784204207e+01
1.960000000000000000e+03,2.305723174845953451e+02,1.011591764421649664e+01,5.446702087499328410e-02,-1.725631176437158487e+01
1.961000000000000000e+03,2.305508335753156928e+02,1.007366777888367970e+01,5.441820389366078953e-02,-1.732402796471270179e+01
1.962000000000000000e+03,2.305327259090294660e+02,1.003087555756626870e+01,5.436958621332121239e-02,-1.738906957006680187e+01
1.963000000000000000e+03,2.305195755057623614e+02,9.987461662803433171e+00,5.432116533013799098e-02,-1.745146820475578409e+01
1.964000000000000000e+03,2.305099924959776843e+02,9.943495245658803938e+00,5.427293868614393307e-02,-1.751118064084382553e+01
1.965000000000000000e+03,2.305033302575105836e+02,9.898971078042741567e+00,5.422490367095415820e-02,-1.756816307703465085e+01
1.966000000000000000e+03,2.305011710478766815e+02,9.853958122551802035e+00,5.417705762343155013e-02,-1.762244541783767104e+01
1.967000000000000000e+03,2.305021261217906954e+02,9.808376684800371947e+00,5.412939783342926581e-02,-1.767398270249868375e+01
1.968000000000000000e+03,2.305055498694009657e+02,9.762369833777137629e+00,5.408192154348111236e-02,-1.772280366821513553e+01
1.969000000000000000e+03,2.305130254498446618e+02,9.715783420176649088e+00,5.403462595055978646e-02,-1.776886217961786230e+01
1.970000000000000000e+03,2.305224220749234121e+02,9.668834630776299122e+00,5.398750820778262099e-02,-1.781218579254072054e+01
1.971000000000000000e+03,2.305345804885485848e+02,9.621443439774212791e+00,5.394056542616049860e-02,-1.785265290055664877e+01
1.972000000000000000e+03,2.305495987561516245e+02,9.573604029168613749e+00,5.389379467629477893e-02,-1.789043843331507233e+01
1.973000000000000000e+03,2.305660893944784391e+02,9.525310508129186005e+00,5.384719299012959148e-02,-1.792534530262093284e+01
1.974000000000000000e+03,2.305848935117862482e+02,9.476631199381282400e+00,5.380075736264682690e-02,-1.795739866833396903e+01
1.975000000000000000e+03,2.306061094330330548e+02,9.427560075091198755e+00,5.375448475353795247e-02,-1.798669736951989861e+01
1.976000000000000000e+03,2.306283498303267834e+02,9.378165326770744770e+00,5.370837208895203746e-02,-1.801311678887133638e+01
1.977000000000000000e+03,2.306517130286477482e+02,9.328366517679754111e+00,5.366241626309124074e-02,-1.803668026892369980e+01
1.978000000000000000e+03,2.306762973015363514e+02,9.278157436254627299e+00,5.361661413991791747e-02,-1.805741054402346890e+01
1.979000000000000000e+03,2.307014580018841343e+02,9.227754666046678267e+00,5.357096255473063617e-02,-1.807525545606537065e+01
1.980000000000000000e+03,2.307280360328720690e+02,9.176929037146011936e+00,5.352545831581043134e-02,-1.809023652100007595e+01
1.981000000000000000e+03,2.307546436387215749e+02,9.125897031172105045e+00,5.348009820595774760e-02,-1.810237464509343042e+01
1.982000000000000000e+03,2.307821213807022218e+02,9.074577949224417850e+00,5.343487898408191134e-02,-1.811169012494303132e+01
1.983000000000000000e+03,2.308098239278179733e+02,9.022965332386633008e+00,5.338979738669449165e-02,-1.811820264774521050e+01
1.984000000000000000e+03,2.308371056925932407e+02,8.971201248237884229e+00,5.334485012943992327e-02,-1.812185700830530877e+01
1.985000000000000000e+03,2.308648064667593189e+02,8.919204876366935153e+00,5.330003390853223222e-02,-1.812267167679649660e+01
1.986000000000000000e+03,2.308915372116449589e+02,8.866969645427710489e+00,5.325534540216445706e-02,-1.812066451624724905e+01
1.987000000000000000e+03,2.309181370337015267e+02,8.814637519706813862e+00,5.321078127196803009e-02,-1.811585278376273322e+01
1.988000000000000000e+03,2.309439589745960291e+02,8.762127584696539628e+00,5.316633816432167481e-02,-1.810825313197272735e+01
1.989000000000000000e+03,2.309683556463123466e+02,8.709507467713827111e+00,5.312201271172416195e-02,-1.809780732719885066e+01
1.990000000000000000e+03,2.309921648660740061e+02,8.656696207018287126e+00,5.307780153412150481e-02,-1.808460510184914938e+01
1.991000000000000000e+03,2.310147382809359726e+02,8.603835672474932750e+00,5.303370124010930997e-02,-1.806858702250798387e+01
1.992000000000000000e+03,2.310354270023446475e+02,8.550844867711708375e+00,5.298970842822802590e-02,-1.804976734275231465e+01
1.993000000000000000e+03,2.310535815704673439e+02,8.497791350827299084e+00,5.294581968816801376e-02,-1.802823400566557410e+01
1.994000000000000000e+03,2.310707804234268963e+02,8.444742670604211909e+00,5.290203160196396692e-02,-1.800385151254290150e+01
1.995000000000000000e+03,2.310848871810996172e+02,8.391617802744743670e+00,5.285834074511905345e-02,-1.797678091032271297e+01
1.996000000000000000e+03,2.310974789592202399e+02,8.338410003642049872e+00,5.281474368775375405e-02,-1.794695981017889963e+01
1.997000000000000000e+03,2.311071608178862959e+02,8.285261097168589828e+00,5.277123699571342058e-02,-1.791439952483447939e+01
1.998000000000000000e+03,2.311132799003132732e+02,8.232164343973989773e+00,5.272781723164096657e-02,-1.787918507205725405e+01
1.999000000000000000e+03,2.311174110664401837e+02,8.179038728316704976e+00,5.268448095604482545e-02,-1.784125232783886617e+01
2.000000000000000000e+03,2.311174141762449210e+02,8.125951811921163781e+00,5.264122472835291305e-02,-1.780068516428169190e+01
2.001000000000000000e+03,2.311148704085344434e+02,8.072970437476937988e+00,5.259804510792517179e-02,-1.775741747337514553e+01
2.002000000000000000e+03,2.311084207243556250e+02,8.020084249928627784e+00,5.255493865508779200e-02,-1.771160204992354181e+01
2.003000000000000000e+03,2.310981988256645252e+02,7.967282181978497135e+00,5.251190193211030532e-02,-1.766316743382263255e+01
2.004000000000000000e+03,2.310843374439782281e+02,7.914553190372060953e+00,5.246893150420813001e-02,-1.761211589499268371e+01
2.005000000000000000e+03,2.310669683042723648e+02,7.862034826337627180e+00,5.242602394056673082e-02,-1.755852343821575445e+01
2.006000000000000000e+03,2.310454792540697895e+02,7.809567538018153066e+00,5.238317581526983485e-02,-1.750239124116553313e+01
2.007000000000000000e+03,2.310192570628444173e+02,7.757288941948226046e+00,5.234038370834688536e-02,-1.744379422664738044e+01
2.008000000000000000e+03,2.309891730567699142e+02,7.705188125504276009e+00,5.229764420671954156e-02,-1.738265821752960960e+01
2.009000000000000000e+03,2.309546117436921975e+02,7.653254217380501601e+00,5.225495390519176164e-02,-1.731905707639942804e+01
2.010000000000000000e+03,2.309156992837055498e+02,7.601550674565582533e+00,5.221230940750118399e-02,-1.725298986091262066e+01
2.011000000000000000e+03,2.308718177850888367e+02,7.549992435310154626e+00,5.216970732729674792e-02,-1.718445511336851439e+01
2.012000000000000000e+03,2.308230909408825653e+02,7.498643056609716417e+00,5.212714428913650666e-02,-1.711352515050464618e+01
2.013000000000000000e+03,2.307688983259629651e+02,7.447491867164979240e+00,5.208461692957749856e-02,-1.704019750300810188e+01
2.014000000000000000e+03,2.307101038698930608e+02,7.396602537846742820e+00,5.204212189822052248e-02,-1.696454348926550892e+01
2.015000000000000000e+03,2.306460844853050105e+02,7.345964518139679988e+00,5.199965585877492497e-02,-1.688655965533598646e+01
2.016000000000000000e+03,2.305762157071926879e+02,7.295641606581626526e+00,5.195721549015847734e-02,-1.680631634917165229e+01
2.017000000000000000e+03,2.305021001680400161e+02,7.245549103672658475e+00,5.191479748762536234e-02,-1.672388344457216292e+01
2.018000000000000000e+03,2.304216248885348932e+02,7.195750949280498077e+00,5.187239856388829728e-02,-1.663925606538458979e+01
2.019000000000000000e+03,2.303363895996408246e+02,7.146311159006187630e+00,5.183001545031087898e-02,-1.655250316045978209e+01
2.020000000000000000e+03,2.302450212001457999e+02,7.097145260521567245e+00,5.178764489808181798e-02,-1.646369322835316140e+01
2.021000000000000000e+03,2.301483735756053193e+02,7.048391714392375107e+00,5.174528367944700169e-02,-1.637274575877742677e+01
2.022000000000000000e+03,2.300465562330420823e+02,6.999921646236946238e+00,5.170292858893821980e-02,-1.627980265882919397e+01
2.023000000000000000e+03,2.299381914417889448e+02,6.951851406129492261e+00,5.166057644465330001e-02,-1.618493112795072975e+01
2.024000000000000000e+03,2.298241283855797406e+02,6.904156297580440693e+00,5.161822408955877434e-02,-1.608804938365719295e+01
2.025000000000000000e+03,2.297044718005421373e+02,6.856841432739208209e+00,5.157586839277824436e-02,-1.598922380503414509e+01
2.026000000000000000e+03,2.295778391194150743e+02,6.809926878790699689e+00,5.153350625097898041e-02,-1.588859465897891177e+01
2.027000000000000000e+03,2.294450746270859725e+02,6.763417947597992530e+00,5.149113458967899404e-02,-1.578607897618879363e+01
2.028000000000000000e+03,2.293062781020877310e+02,6.717327483739673255e+00,5.144875036470020896e-02,-1.568174197892269461e+01
2.029000000000000000e+03,2.291608047993916273e+02,6.671661010735779662e+00,5.140635056350424670e-02,-1.557564852449206505e+01
2.030000000000000000e+03,2.290087511044529833e+02,6.626439018961270300e+00,5.136393220664085824e-02,-1.546786311599832864e+01
2.031000000000000000e+03,2.288509545184121521e+02,6.581674683391213421e+00,5.132149234919589770e-02,-1.535837562980272075e+01
2.032000000000000000e+03,2.286860223043990459e+02,6.537366437976697142e+00,5.127902808217876807e-02,-1.524732417723358857e+01
2.033000000000000000e+03,2.285140456502602717e+02,6.493542548399597436e+00,5.123653653402444885e-02,-1.513469798199493610e+01
2.034000000000000000e+03,2.283358568223235920e+02,6.450209116198639236e+00,5.119401487199740780e-02,-1.502056024230122588e+01
2.035000000000000000e+03,2.281508006502861861e+02,6.407379794669963324e+00,5.115146030366031493e-02,-1.490489957569768542e+01
2.036000000000000000e+03,2.279589630234091828e+02,6.365053506235343939e+00,5.110887007831851209e-02,-1.478785288157881972e+01
2.037000000000000000e+03,2.277596852127201146e+02,6.323236729829040392e+00,5.106624148844502581e-02,-1.466933393585966172e+01
2.038000000000000000e+03,2.275537923694511164e+02,6.281950931499174828e+00,5.102357187110313774e-02,-1.454955338783542551e+01
2.039000000000000000e+03,2.273406221793826774e+02,6.241195424820787707e+00,5.098085860935748503e-02,-1.442842450464695858e+01
2.040000000000000000e+03,2.271202533634129850e+02,6.200984514722928331e+00,5.093809913363726849e-02,-1.430608316841096439e+01
2.041000000000000000e+03,2.268920200040188035e+02,6.161317786073512437e+00,5.089529092310480368e-02,-1.418251647143041083e+01
2.042000000000000000e+03,2.266567400478213301e+02,6.122209818975040463e+00,5.085243150697540959e-02,-1.405778557951758501e+01
2.043000000000000000e+03,2.264144867989444663e+02,6.083675333866615631e+00,5.080951846579188219e-02,-1.393195146138127782e+01
2.044000000000000000e+03,2.261645889183504892e+02,6.045721764883213112e+00,5.076654943269251485e-02,-1.380507490157172867e+01
2.045000000000000000e+03,2.259078589291110006e+02,6.008356689821948038e+00,5.072352209458192568e-02,-1.367721651346131040e+01
2.046000000000000000e+03,2.256436218773210953e+02,5.971587831664147750e+00,5.068043419330732491e-02,-1.354836246873875005e+01
2.047000000000000000e+03,2.253712010039385802e+02,5.935423060003449436e+00,5.063728352675473526e-02,-1.341872164441176984e+01
2.048000000000000000e+03,2.250921462523789103e+02,5.899885249080497829e+00,5.059406794986261169e-02,-1.328827993476037683e+01
2.049000000000000000e+03,2.248057772615720182e+02,5.864967708922005585e+00,5.055078537563199859e-02,-1.315709739827095603e+01
2.050000000000000000e+03,2.245121547099133181e+02,5.830686184940014449e+00,5.050743377602526923e-02,-1.302515970349078778e+01
2.051000000000000000e+03,2.242105945019601450e+02,5.797033977614248101e+00,5.046401118281295534e-02,-1.289259840491828157e+01
2.052000000000000000e+03,2.239018958354043605e+02,5.764018151393114131e+00,5.042051568835032027e-02,-1.275938605948716642e+01
2.053000000000000000e+03,2.235853703096098570e+02,5.731653041030846829e+00,5.037694544626215160e-02,-1.262556685180097560e+01
2.054000000000000000e+03,2.232610705843957248e+02,5.699930850242169278e+00,5.033329867209576647e-02,-1.249125919393453366e+01
2.055000000000000000e+03,2.229290475514548575e+02,5.668858794150357205e+00,5.028957364382574680e-02,-1.235635860367486494e+01
2.056000000000000000e+03,2.225900931762266168e+02,5.638436814847222145e+00,5.024576870237396076e-02,-1.222105770111525835e+01
2.057000000000000000e+03,2.222427691650155168e+02,5.608679866970464722e+00,5.020188225193650267e-02,-1.208525195252203943e+01
2.058000000000000000e+03,2.218886068177250763e+02,5.579580776396529274e+00,5.015791276032509349e-02,-1.194913395003731971e+01
2.059000000000000000e+03,2.215261643555276976e+02,5.551139954005406274e+00,5.011385875915131544e-02,-1.181267343862718455e+01
2.060000000000000000e+03,2.211569696092217612e+02,5.523372824316204799e+00,5.006971884405103657e-02,-1.167584017782639272e+01
2.061000000000000000e+03,2.207795773474521752e+02,5.496272683945283788e+00,5.002549167462538166e-02,-1.153882680324397469e+01
2.062000000000000000e+03,2.203955119655763895e+02,5.469847843492694928e+00,4.998117597453836242e-02,-1.140152885279666606e+01
2.063000000000000000e+03,2.200033248143601270e+02,5.444091914204920890e+00,4.993677053132306726e-02,-1.126413904522500786e+01
2.064000000000000000e+03,2.196037940542640001e+02,5.419020949720378511e+00,4.989227419624789328e-02,-1.112662730581232218e+01
2.065000000000000000e+03,2.191976961596885758e+02,5.394621447544913906e+00,4.984768588409339146e-02,-1.098896362686495110e+01
2.066000000000000000e+03,2.187835774234214625e+02,5.370902347366151908e+00,4.980300457281626458e-02,-1.085134092792681493e+01
2.067000000000000000e+03,2.183622109765084076e+02,5.347865317452718870e+00,4.975822930315659115e-02,-1.071365508070348582e+01
2.068000000000000000e+03,2.179343682931012438e+02,5.325504754394368767e+00,4.971335917821067402e-02,-1.057609918625931655e+01
2.069000000000000000e+03,2.174985906955104440e+02,5.303822639484821799e+00,4.966839336290934659e-02,-1.043856931591361636e+01
2.070000000000000000e+03,2.170563892097197538e+02,5.282828538348456782e+00,4.962333108346402011e-02,-1.030118450441845646e+01
2.071000000000000000e+03,2.166070447307750726e+02,5.262509887112522655e+00,4.957817162676255579e-02,-1.016398962435961195e+01
2.072000000000000000e+03,2.161498365386591445e+02,5.242869133680109428e+00,4.953291433974754687e-02,-1.002702967782901844e+01
2.073000000000000000e+03,2.156862708144199132e+02,5.223901452151717528e+00,4.948755862864891164e-02,-9.890349804363506081e+00
2.074000000000000000e+03,2.152156236413450756e+02,5.205617027300545097e+00,4.944210395832533689e-02,-9.753921005161041435e+00
2.075000000000000000e+03,2.147386551917050213e+02,5.188011340550189310e+00,4.939654985147085703e-02,-9.617863001099939524e+00
2.076000000000000000e+03,2.142538955635624518e+02,5.171072597659199133e+00,4.935089588787183040e-02,-9.482147106047014162e+00
2.077000000000000000e+03,2.137628446382228447e+02,5.154811441413597706e+00,4.930514170358191867e-02,-9.346893368007419767e+00
2.078000000000000000e+03,2.132647722477045136e+02,5.139216380775311066e+00,4.925928699015284101e-02,-9.212147725594867609e+00
2.079000000000000000e+03,2.127604323629046803e+02,5.124298360193340507e+00,4.921333149379057692e-02,-9.077882014863918769e+00
2.080000000000000000e+03,2.122498346019926032e+02,5.110038760322390239e+00,4.916727501453640320e-02,-8.944216826521836694e+00
2.081000000000000000e+03,2.117329870793587361e+02,5.096448823956740704e+00,4.912111740553548600e-02,-8.811124378513531141e+00
2.082000000000000000e+03,2.112098964200267233e+02,5.083525085023165246e+00,4.907485857215574537e-02,-8.678725656535105415e+00
2.083000000000000000e+03,2.106805677745830110e+02,5.071256795988374755e+00,4.902849847127735416e-02,-8.547067569957642164e+00
2.084000000000000000e+03,2.101450048346566746e+02,5.059655640280685596e+00,4.898203711051012793e-02,-8.416122958204585558e+00
2.085000000000000000e+03,2.096046955190284109e+02,5.048696304472344742e+00,4.893547454747765313e-02,-8.286013447601479953e+00
2.086000000000000000e+03,2.090574121451250278e+02,5.038390760730210083e+00,4.888881088909578093e-02,-8.156712323691207800e+00
2.087000000000000000e+03,2.085046397965772371e+02,5.028728838925699662e+00,4.884204629098569395e-02,-8.028267388067369836e+00
2.088000000000000000e+03,2.079471193310449735e+02,5.019700510561398765e+00,4.879518095674822975e-02,-7.900726681215282987e+00
2.089000000000000000e+03,2.073833617288351832e+02,5.011310744310737419e+00,4.874821513747062962e-02,-7.774138488889163590e+00
2.090000000000000000e+03,2.068141051224379225e+02,5.003549791419465542e+00,4.870114913112795485e-02,-7.648551348537975691e+00
2.091000000000000000e+03,2.062393434765527047e+02,4.996415469521512165e+00,4.865398328211919393e-02,-7.523939772291336148e+00
2.092000000000000000e+03,2.056590694440006928e+02,4.989898304665778106e+00,4.860671798081006578e-02,-7.400427104030232073e+00
2.093000000000000000e+03,2.050740172224163587e+02,4.983988958355201504e+00,4.855935366314805685e-02,-7.278062675528489400e+00
2.094000000000000000e+03,2.044841769066580639e+02,4.978685654546691985e+00,4.851189081030141820e-02,-7.156747529694403198e+00
2.095000000000000000e+03,2.038887945120761174e+02,4.973986749910633165e+00,4.846432994836419317e-02,-7.036680128431942904e+00
2.096000000000000000e+03,2.032893433386973925e+02,4.969875875699437451e+00,4.841667164811443852e-02,-6.917836375077736299e+00
2.097000000000000000e+03,2.026850669859838092e+02,4.966351649676121305e+00,4.836891652479368559e-02,-6.800222185375295325e+00
2.098000000000000000e+03,2.020759507186675705e+02,4.963412817898996465e+00,4.832106523794573588e-02,-6.683918064755252075e+00
2.099000000000000000e+03,2.014627214933133246e+02,4.961035968112915029e+00,4.827311849133857080e-02,-6.568945405321832354e+00
2.100000000000000000e+03,2.008446194806296603e+02,4.959227526599091718e+00,4.822507703284121400e-02,-6.455333348405493332e+00
2.101000000000000000e+03,2.002223634414842479e+02,4.957979591474082071e+00,4.817694165437706733e-02,-6.343117217705281696e+00
2.102000000000000000e+03,1.995959042739748384e+02,4.957271146139071938e+00,4.812871319198630538e-02,-6.232326375453594913e+00
2.103000000000000000e+03,1.989651858551248154e+02,4.957111412501353342e+00,4.808039252577314682e-02,-6.122981524842031398e+00
2.104000000000000000e+03,1.983301510637538456e+02,4.957494874040288657e+00,4.803198057998090548e-02,-6.015118577199822347e+00
2.105000000000000000e+03,1.976914846468428379e+02,4.958408702324925699e+00,4.798347832306051192e-02,-5.908751518070038955e+00
2.106000000000000000e+03,1.970483847465326903e+02,4.959840183483867904e+00,4.793488676772969526e-02,-5.803894700134085483e+00
2.107000000000000000e+03,1.964022771080298639e+02,4.961799001327476866e+00,4.788620697108419283e-02,-5.700585136164890265e+00
2.108000000000000000e+03,1.957516152678907986e+02,4.964265236919344737e+00,4.783744003467062939e-02,-5.598837936836654983e+00
2.109000000000000000e+03,1.950985661033506915e+02,4.967233936652588611e+00,4.778858710456861114e-02,-5.498683460374893528e+00
2.110000000000000000e+03,1.944415815167879771e+02,4.970700253475852648e+00,4.773964937144745818e-02,-5.400130178668631764e+00
2.111000000000000000e+03,1.937820839862360458e+02,4.974659444771644345e+00,4.769062807064142206e-02,-5.303209255175429959e+00
2.112000000000000000e+03,1.931192667560267182e+02,4.979099441836670970e+00,4.764152448218125779e-02,-5.207944839238566992e+00
2.113000000000000000e+03,1.924538080482238342e+02,4.984015704365681643e+00,4.759233993076576047e-02,-5.114331788642178189e+00
2.114000000000000000e+03,1.917848997592765556e+02,4.989396361487639098e+00,4.754307578577136872e-02,-5.022409960579929056e+00
2.115000000000000000e+03,1.911139616722970516e+02,4.995229637806927414e+00,4.749373346113289901e-02,-4.932175078750114849e+00
2.116000000000000000e+03,1.904401844844143739e+02,5.001511279399739607e+00,4.744431441521415604e-02,-4.843653023959531900e+00
2.117000000000000000e+03,1.897642440197056715e+02,5.008237123066241914e+00,4.739482015067033455e-02,-4.756855270897759169e+00
2.118000000000000000e+03,1.890853299271547030e+02,5.015388237190218312e+00,4.734525221416654994e-02,-4.671808608159294884e+00
2.119000000000000000e+03,1.884048598940369459e+02,5.022960632659271063e+00,4.729561219607248540e-02,-4.588518002830350717e+00
2.120000000000000000e+03,1.877212798391550734e+02,5.030942975293951847e+00,4.724590173010245059e-02,-4.506988891566315658e+00
2.121000000000000000e+03,1.870367494665728145e+02,5.039331439990605510e+00,4.719612249285736610e-02,-4.427242042980168435e+00
2.122000000000000000e+03,1.863497139539215937e+02,5.048107423077312639e+00,4.714627620327785373e-02,-4.349283849564183235e+00
2.123000000000000000e+03,1.856608466711527399e+02,5.057274681438096664e+00,4.709636462208339341e-02,-4.273128617673042307e+00
2.124000000000000000e+03,1.849715635489850740e+02,5.066807331402698900e+00,4.704638955102270759e-02,-4.198791143691465777e+00
2.125000000000000000e+03,1.842795661071480140e+02,5.076701844510466799e+00,4.699635283214201320e-02,-4.126279289765519387e+00
2.126000000000000000e+03,1.835870126778963254e+02,5.086954759744868326e+00,4.694625634685311438e-02,-4.055601415777410956e+00
2.127000000000000000e+03,1.828930900937984347e+02,5.097547824093531688e+00,4.689610201510344828e-02,-3.986773810845266386e+00
2.128000000000000000e+03,1.821984707356776596e+02,5.108470274837715763e+00,4.684589179418859745e-02,-3.919798410930531496e+00
2.129000000000000000e+03,1.815030840650369726e+02,5.119711408421013132e+00,4.679562767772794951e-02,-3.854677657691617298e+00
2.130000000000000000e+03,1.808061166612244790e+02,5.131260577651501009e+00,4.674531169439184036e-02,-3.791436785171676593e+00
2.131000000000000000e+03,1.801089835983243006e+02,5.143107188889440629e+00,4.669494590665799333e-02,-3.730079250809390068e+00
2.132000000000000000e+03,1.794108714713849793e+02,5.155248127573600847e+00,4.664453240936895784e-02,-3.670616449421726823e+00
2.133000000000000000e+03,1.787124526074739208e+02,5.167658041987091444e+00,4.659407332834346327e-02,-3.613037999851390847e+00
2.134000000000000000e+03,1.780136565960511348e+02,5.180341338869534518e+00,4.654357081878218727e-02,-3.557356314583273615e+00
2.135000000000000000e+03,1.773151559939548747e+02,5.193272753771409178e+00,4.649302706372668292e-02,-3.503576885327907675e+00
2.136000000000000000e+03,1.766168806897484274e+02,5.206441918310534156e+00,4.644244427233807510e-02,-3.451690853131262671e+00
2.137000000000000000e+03,1.759180179375517241e+02,5.219845928977674632e+00,4.639182467821419825e-02,-3.401704719720041847e+00
2.138000000000000000e+03,1.752199837303867866e+02,5.233474487595320745e+00,4.634117053759253396e-02,-3.353618059891342096e+00
2.139000000000000000e+03,1.745227086576928173e+02,5.247302470132254371e+00,4.629048412756123915e-02,-3.307438375164558408e+00
2.140000000000000000e+03,1.738261236073950897e+02,5.261334493977731341e+00,4.623976774416030389e-02,-3.263166233560402141e+00
2.141000000000000000e+03,1.731301597972895934e+02,5.275545488321916388e+00,4.618902370051630041e-02,-3.220795265629098569e+00
2.142000000000000000e+03,1.724354916408091469e+02,5.289932689801879029e+00,4.613825432491641676e-02,-3.180319588399969977e+00
2.143000000000000000e+03,1.717413082720383954e+02,5.304471069607807010e+00,4.608746195892533815e-02,-3.141748657277553480e+00
2.144000000000000000e+03,1.710490277502742060e+02,5.319165329157785393e+00,4.603664895538559648e-02,-3.105072347614767025e+00
2.145000000000000000e+03,1.703578400786551583e+02,5.333990470535391992e+00,4.598581767652588914e-02,-3.070297348101593382e+00
2.146000000000000000e+03,1.696676785723869330e+02,5.348928935498580728e+00,4.593497049205588767e-02,-3.037420412860789121e+00
2.147000000000000000e+03,1.689792198862178054e+02,5.363985459457113691e+00,4.588410977718347661e-02,-3.006436526506978346e+00
2.148000000000000000e+03,1.682923983712213953e+02,5.379135070317732747e+00,4.583323791085936599e-02,-2.977338154936606696e+00
2.149000000000000000e+03,1.676078917710452458e+02,5.394367655903838710e+00,4.578235727384953602e-02,-2.950118952914341897e+00
2.150000000000000000e+03,1.669248927424126805e+02,5.409673104594781456e+00,4.573147024697059998e-02,-2.924773757307035371e+00
2.151000000000000000e+03,1.662440736174906704e+02,5.425034479023421063e+00,4.568057920932373089e-02,-2.901297669641333954e+00
2.152000000000000000e+03,1.655653381150884798e+02,5.440444684218483040e+00,4.562968653665570168e-02,-2.879687774497171837e+00
2.153000000000000000e+03,1.648893268426084830e+02,5.455889794254302316e+00,4.557879459968466190e-02,-2.859941407023882665e+00
2.154000000000000000e+03,1.642151954169139287e+02,5.471363301695808978e+00,4.552790576259068550e-02,-2.842050370849768637e+00
2.155000000000000000e+03,1.635443286621594154e+02,5.486866115051602044e+00,4.547702238150521520e-02,-2.826003976599948508e+00
2.156000000000000000e+03,1.628751407868057868e+02,5.502369414498200939e+00,4.542614680316681836e-02,-2.811792080453455522e+00
2.157000000000000000e+03,1.622090180855166750e+02,5.517881504530067538e+00,4.537528136357473624e-02,-2.799405448566816723e+00
2.158000000000000000e+03,1.615458619502336717e+02,5.533388384676982241e+00,4.532442838683644476e-02,-2.788834858782774262e+00
2.159000000000000000e+03,1.608848317259796090e+02,5.548883460445691362e+00,4.527359018400419627e-02,-2.780071836710705124e+00
2.160000000000000000e+03,1.602273160713124298e+02,5.564345255830224879e+00,4.522276905207998909e-02,-2.773106346346276396e+00
2.161000000000000000e+03,1.595724759681282308e+02,5.579774552644034991e+00,4.517196727311434401e-02,-2.767926709384775474e+00
2.162000000000000000e+03,1.589209589163621388e+02,5.595164674718915876e+00,4.512118711337002874e-02,-2.764517370524445905e+00
2.163000000000000000e+03,1.582726704481341926e+02,5.610501485523142762e+00,4.507043082260757394e-02,-2.762866839842037958e+00
2.164000000000000000e+03,1.576275169816626942e+02,5.625770814147170285e+00,4.501970063350663187e-02,-2.762961001567900254e+00
2.165000000000000000e+03,1.569854058398411496e+02,5.640965881305964658e+00,4.496899876109815286e-02,-2.764787565650653534e+00
2.166000000000000000e+03,1.563469881035489379e+02,5.656079868656412657e+00,4.491832740241692712e-02,-2.768334576916861689e+00
2.167000000000000000e+03,1.557121729596146906e+02,5.671098488129760362e+00,4.486768873609931624e-02,-2.773586696008590646e+00
2.168000000000000000e+03,1.550808705535992260e+02,5.686022264679045257e+00,4.481708492220739387e-02,-2.780522223443490759e+00
2.169000000000000000e+03,1.544529920073150322e+02,5.700829392238016879e+00,4.476651810206781074e-02,-2.789115323808117886e+00
2.170000000000000000e+03,1.538291922711452457e+02,5.715527729895836018e+00,4.471599039820947641e-02,-2.799341964412000117e+00
2.171000000000000000e+03,1.532086416360500891e+02,5.730095372830274592e+00,4.466550391436439893e-02,-2.811178425870591635e+00
2.172000000000000000e+03,1.525927399255697026e+02,5.744540076856749167e+00,4.461506073553211937e-02,-2.824599070122763678e+00
2.173000000000000000e+03,1.519806595023582645e+02,5.758839829384791109e+00,4.456466292815350339e-02,-2.839582279889966365e+00
2.174000000000000000e+03,1.513730594598032724e+02,5.772994845639654926e+00,4.451431254028203471e-02,-2.856103027344719436e+00
2.175000000000000000e+03,1.507698571332590802e+02,5.786990424692176838e+00,4.446401160182011231e-02,-2.874139556864686806e+00
2.176000000000000000e+03,1.501709709511961535e+02,5.800819232302003137e+00,4.441376212479244273e-02,-2.893668182623621465e+00
2.177000000000000000e+03,1.495763204511391109e+02,5.814481298721709379e+00,4.436356610370112419e-02,-2.914667000374283390e+00
2.178000000000000000e+03,1.489858262954146539e+02,5.827954303112152346e+00,4.431342551575036953e-02,-2.937113656694212871e+00
2.179000000000000000e+03,1.484001531217288630e+02,5.841238141472845591e+00,4.426334232128786850e-02,-2.960986832519274969e+00
2.180000000000000000e+03,1.478192238884641085e+02,5.854317782733259534e+00,4.421331846410519323e-02,-2.986264012581294036e+00
2.181000000000000000e+03,1.472422198898104853e+02,5.867185551660611509e+00,4.416335587173863403e-02,-3.012923191915820365e+00
2.182000000000000000e+03,1.466705521107676589e+02,5.879833698382242346e+00,4.411345645584873604e-02,-3.040935296940267207e+00
2.183000000000000000e+03,1.461034042316520640e+02,5.892261824625618871e+00,4.406362211245679061e-02,-3.070270423233363299e+00
2.184000000000000000e+03,1.455414468176159062e+02,5.904454596575786418e+00,4.401385472225044504e-02,-3.100898724833993647e+00
2.185000000000000000e+03,1.449838659926589060e+02,5.916404027854656356e+00,4.396415615075836836e-02,-3.132791154864973837e+00
2.186000000000000000e+03,1.444313347935351146e+02,5.928109477471545041e+00,4.391452824858081000e-02,-3.165917383236057425e+00
2.187000000000000000e+03,1.438845275131821779e+02,5.939555362747252154e+00,4.386497285142722941e-02,-3.200249656839836643e+00
2.188000000000000000e+03,1.433418912087716421e+02,5.950740870716058062e+00,4.381549178023610991e-02,-3.235759528305105270e+00
2.189000000000000000e+03,1.428048455596298538e+02,5.961650242754487294e+00,4.376608684112154313e-02,-3.272416590140173387e+00
2.190000000000000000e+03,1.422733258694255198e+02,5.972289914393330790e+00,4.371675982529710930e-02,-3.310191442734025546e+00
2.191000000000000000e+03,1.417465259130953541e+02,5.982629086610148583e+00,4.366751250886179159e-02,-3.349057176350132892e+00
2.192000000000000000e+03,1.412251264533528001e+02,5.992681435812704294e+00,4.361834665260610339e-02,-3.388982681564054467e+00
2.193000000000000000e+03,1.407090667465498086e+02,6.002423400156077449e+00,4.356926400158803170e-02,-3.429940815999118264e+00
2.194000000000000000e+03,1.401975445530844127e+02,6.011853604556163688e+00,4.352026628479826326e-02,-3.471903942435214496e+00
2.195000000000000000e+03,1.396919874873495360e+02,6.020963145545046302e+00,4.347135521454358054e-02,-3.514841694965392893e+00
2.196000000000000000e+03,1.391923388518659692e+02,6.029743017924957371e+00,4.342253248589354048e-02,-3.558718744671947043e+00
2.197000000000000000e+03,1.386978004809438403e+02,6.038191541472742507e+00,4.337379977591904884e-02,-3.603501478822907611e+00
2.198000000000000000e+03,1.382083184187174822e+02,6.046299502646681923e+00,4.332515874295252145e-02,-3.649145365842012545e+00
2.199000000000000000e+03,1.377245829264493864e+02,6.054065009750450699e+00,4.327661102562890827e-02,-3.695626147016953134e+00
2.200000000000000000e+03,1.372465428190739658e+02,6.061478634754691619e+00,4.322815824198224938e-02,-3.742901201179197557e+00
2.201000000000000000e+03,1.367741473522147544e+02,6.068538554582502798e+00,4.317980198837021583e-02,-3.790944732052573762e+00
2.202000000000000000e+03,1.363073433656825273e+02,6.075236551060699597e+00,4.313154383830423294e-02,-3.839715922157728389e+00
2.203000000000000000e+03,1.358460781493791671e+02,6.081572008329954926e+00,4.308338534129135117e-02,-3.889205617114218416e+00
2.204000000000000000e+03,1.353910432356860554e+02,6.087536768925478015e+00,4.303532802152885278e-02,-3.939382548935583817e+00
2.205000000000000000e+03,1.349414458970581450e+02,6.093129989330835272e+00,4.298737337661793362e-02,-3.990223038875614581e+00
2.206000000000000000e+03,1.344972376529217115e+02,6.098350710553780196e+00,4.293952287617392588e-02,-4.041718414727820452e+00
2.207000000000000000e+03,1.340591142706332448e+02,6.103183000426304794e+00,4.289177796039730928e-02,-4.093837857549279313e+00
2.208000000000000000e+03,1.336262872604895051e+02,6.107625666082178384e+00,4.284414003861086034e-02,-4.146558103088568537e+00
2.209000000000000000e+03,1.331994552150259210e+02,6.111677396410242658e+00,4.279661048781021465e-02,-4.199856001044056875e+00
2.210000000000000000e+03,1.327785753022483561e+02,6.115336761286582323e+00,4.274919065116637024e-02,-4.253708502287688376e+00
2.211000000000000000e+03,1.323628632630424704e+02,6.118602210885860870e+00,4.270188183651931618e-02,-4.308085217391185218e+00
2.212000000000000000e+03,1.319530219127601924e+02,6.121472075072355246e+00,4.265468531488431775e-02,-4.362963259896015522e+00
2.213000000000000000e+03,1.315490126317603199e+02,6.123929706170420317e+00,4.260760231902584183e-02,-4.418304947568971741e+00
2.214000000000000000e+03,1.311507981951573356e+02,6.125995476967334596e+00,4.256063404192386712e-02,-4.474094930242794810e+00
2.215000000000000000e+03,1.307575999316380830e+02,6.127652496841424323e+00,4.251378163548298617e-02,-4.530303033986283090e+00
2.216000000000000000e+03,1.303708690565311201e+02,6.128898609923852270e+00,4.246704620906606442e-02,-4.586891675258408796e+00
2.217000000000000000e+03,1.299898296537691635e+02,6.129738966536603328e+00,4.242042882827001815e-02,-4.643845560048431409e+00
2.218000000000000000e+03,1.296144500072615529e+02,6.130171166357658130e+00,4.237393051362802615e-02,-4.701127099502325990e+00
2.219000000000000000e+03,1.292439569212976096e+02,6.130192686712770289e+00,4.232755223949353357e-02,-4.758713537445238728e+00
2.220000000000000000e+03,1.288798070503036399e+02,6.129808310941623262e+00,4.228129493298285468e-02,-4.816582079550529194e+00
2.221000000000000000e+03,1.285212298775802537e+02,6.129007843435556602e+00,4.223515947295577999e-02,-4.874702451012156601e+00
2.222000000000000000e+03,1.281681990435477303e+02,6.127795823197405234e+00,4.218914668916291799e-02,-4.933036882775049037e+00
2.223000000000000000e+03,1.278214323331814342e+02,6.126176667367964512e+00,4.214325736150446172e-02,-4.991569811427424952e+00
2.224000000000000000e+03,1.274794203226702223e+02,6.124139814818206240e+00,4.209749221931934071e-02,-5.050263295903982375e+00
2.225000000000000000e+03,1.271436262107074384e+02,6.121682011555527048e+00,4.205185194092252166e-02,-5.109101574755661623e+00
2.226000000000000000e+03,1.268125431238030956e+02,6.118814739489705445e+00,4.200633715321559075e-02,-5.168046483628171650e+00
2.227000000000000000e+03,1.264876367814290035e+02,6.115519646804278509e+00,4.196094843133146152e-02,-5.227074585050448974e+00
2.228000000000000000e+03,1.261681456352638264e+02,6.111807975285290517e+00,4.191568629856092659e-02,-5.286162300271252334e+00
2.229000000000000000e+03,1.258533093582025373e+02,6.107675990797397425e+00,4.187055122634969484e-02,-5.345271041634644504e+00
2.230000000000000000e+03,1.255445973329228195e+02,6.103119840609516622e+00,4.182554363438291400e-02,-5.404376915631170064e+00
2.231000000000000000e+03,1.252412516248253667e+02,6.098142982414310076e+00,4.178066389090932808e-02,-5.463448428102974930e+00
2.232000000000000000e+03,1.249432583048657222e+02,6.092748756688066258e+00,4.173591231309258659e-02,-5.522461331832856146e+00
2.233000000000000000e+03,1.246498617619200360e+02,6.086932959088003692e+00,4.169128916756544706e-02,-5.581383761387299636e+00
2.234000000000000000e+03,1.243625360250262020e+02,6.080713554634999518e+00,4.164679467106570387e-02,-5.640183653683085829e+00
2.235000000000000000e+03,1.240797849001172750e+02,6.074078680074388892e+00,4.160242899124292487e-02,-5.698828740888903788e+00
2.236000000000000000e+03,1.238030846319365992e+02,6.067046071518273465e+00,4.155819224751730601e-02,-5.757286544019907026e+00
2.237000000000000000e+03,1.235309412053997562e+02,6.059603638508376910e+00,4.151408451212735412e-02,-5.815539223927979506e+00
2.238000000000000000e+03,1.232640901722137983e+02,6.051768891704576880e+00,4.147010581122045209e-02,-5.873546434532586957e+00
2.239000000000000000e+03,1.230017824571166898e+02,6.043522088638057177e+00,4.142625612607265390e-02,-5.931282460238049836e+00
2.240000000000000000e+03,1.227454985143179442e+02,6.034887946485723020e+00,4.138253539434719186e-02,-5.988728783920099552e+00
2.241000000000000000e+03,1.224930056285984108e+02,6.025846502802589377e+00,4.133894351152826718e-02,-6.045844370513647092e+00
2.242000000000000000e+03,1.222457862468718304e+02,6.016407399971384962e+00,4.129548033232079141e-02,-6.102610234731449701e+00
2.243000000000000000e+03,1.220038381143585440e+02,6.006580172758220648e+00,4.125214567216364814e-02,-6.158984869179698229e+00
2.244000000000000000e+03,1.217664170910203296e+02,5.996351964226440678e+00,4.120893930876085021e-02,-6.214956241593601050e+00
2.245000000000000000e+03,1.215335228030995012e+02,5.985724668458871633e+00,4.116586098369943297e-02,-6.270482367348575892e+00
2.246000000000000000e+03,1.213051557896799295e+02,5.974714931534149009e+00,4.112291040399672359e-02,-6.325550736063014767e+00
2.247000000000000000e+03,1.210813174843818985e+02,5.963324439106269637e+00,4.108008724376174120e-02,-6.380118885039323118e+00
2.248000000000000000e+03,1.208620101971762608e+02,5.951547345739173878e+00,4.103739114580779584e-02,-6.434158970002003208e+00
2.249000000000000000e+03,1.206472370963230247e+02,5.939392560945197630e+00,4.099482172323058032e-02,-6.487657766075908938e+00
2.250000000000000000e+03,1.204370021904373687e+02,5.926861465125340622e+00,4.095237856100251983e-02,-6.540572098950405255e+00
2.251000000000000000e+03,1.202313144661977162e+02,5.913962532103452574e+00,4.091006121752159552e-02,-6.592882151600921503e+00
2.252000000000000000e+03,1.200294575021822112e+02,5.900688339591462217e+00,4.086786922609680905e-02,-6.644565672876905360e+00
2.253000000000000000e+03,1.198314626547979458e+02,5.887045989076820085e+00,4.082580209639940366e-02,-6.695601487315579803e+00
2.254000000000000000e+03,1.196381048852937141e+02,5.873042485292637060e+00,4.078385931583863866e-02,-6.745983046906114389e+00
2.255000000000000000e+03,1.194479314022763958e+02,5.858662452184039360e+00,4.074204035086197162e-02,-6.795681291169039184e+00
2.256000000000000000e+03,1.192624614895715354e+02,5.843920132386017485e+00,4.070034464813334502e-02,-6.844689219022647819e+00
2.257000000000000000e+03,1.190809866437829072e+02,5.828814818158731370e+00,4.065877163572371999e-02,-6.892977320322176027e+00
2.258000000000000000e+03,1.189035418971523512e+02,5.813345709137784034e+00,4.061732072406037258e-02,-6.940538147420534543e+00
2.259000000000000000e+03,1.187294201302693466e+02,5.797519341749182153e+00,4.057599130688793743e-02,-6.987349174639772009e+00
2.260000000000000000e+03,1.185594005598770906e+02,5.781342161941301683e+00,4.053478276204246916e-02,-7.033395084255419150e+00
2.261000000000000000e+03,1.183935202164702929e+02,5.764813097936822395e+00,4.049369445212379348e-02,-7.078660338741091351e+00
2.262000000000000000e+03,1.182310739268780253e+02,5.747953274758435427e+00,4.045272572512530196e-02,-7.123136609328701851e+00
2.263000000000000000e+03,1.180713571317486128e+02,5.730768873627788196e+00,4.041187591480836783e-02,-7.166800490740377505e+00
2.264000000000000000e+03,1.179158943729284630e+02,5.713251133143731231e+00,4.037114434105101152e-02,-7.209635785556832488e+00
2.265000000000000000e+03,1.177639822654245592e+02,5.695420920593024405e+00,4.033053031005098821e-02,-7.251626074686289947e+00
2.266000000000000000e+03,1.176156608193915076e+02,5.677269306391368175e+00,4.029003311439793844e-02,-7.292799285758566619e+00
2.267000000000000000e+03,1.174702277517087623e+02,5.658816992164974913e+00,4.024965203304254474e-02,-7.333049410462088247e+00
2.268000000000000000e+03,1.173277241373638162e+02,5.640054885267464790e+00,4.020938633114675559e-02,-7.372433635730179624e+00
2.269000000000000000e+03,1.171889343904582006e+02,5.620996098592486945e+00,4.016923525980308635e-02,-7.410897491379836666e+00
2.270000000000000000e+03,1.170531577397797491e+02,5.601646238578013026e+00,4.012919805568959664e-02,-7.448534838384747836e+00
2.271000000000000000e+03,1.169204367141360024e+02,5.581995978308309070e+00,4.008927394055950000e-02,-7.485216446793984346e+00
2.272000000000000000e+03,1.167908142871702353e+02,5.562058200766323068e+00,4.004946212073361156e-02,-7.520961408099399392e+00
2.273000000000000000e+03,1.166643338567593560e+02,5.541845715335185218e+00,4.000976178646424575e-02,-7.555788562522166352e+00
2.274000000000000000e+03,1.165402963889211350e+02,5.521348974352511263e+00,3.997017211116235536e-02,-7.589642209257571714e+00
2.275000000000000000e+03,1.164187460663096232e+02,5.500595501571633683e+00,3.993069225069780653e-02,-7.622540666708175650e+00
2.276000000000000000e+03,1.163004702661578165e+02,5.479583038724197941e+00,3.989132134252459938e-02,-7.654501981721521631e+00
2.277000000000000000e+03,1.161840281976039790e+02,5.458309260692388420e+00,3.985205850483633516e-02,-7.685469638376472901e+00
2.278000000000000000e+03,1.160702078887420328e+02,5.436801490738186082e+00,3.981290283569695332e-02,-7.715461116867953884e+00
2.279000000000000000e+03,1.159590548228909483e+02,5.415049847236802272e+00,3.977385341208644620e-02,-7.744493601522313142e+00
2.280000000000000000e+03,1.158506147494567244e+02,5.393066672421571006e+00,3.973490928900398622e-02,-7.772509688503113523e+00
2.281000000000000000e+03,1.157441908242156927e+02,5.370849392632460528e+00,3.969606949857259343e-02,-7.799451660268660547e+00
2.282000000000000000e+03,1.156398292541510529e+02,5.348417662123250871e+00,3.965733304914252633e-02,-7.825410043339350530e+00
2.283000000000000000e+03,1.155368336016811668e+02,5.325768795070873196e+00,3.961869892446084201e-02,-7.850400748423911779e+00
2.284000000000000000e+03,1.154367360985453388e+02,5.302907481140834101e+00,3.958016608281904325e-02,-7.874290777488579529e+00
2.285000000000000000e+03,1.153380977739446109e+02,5.279838359352946320e+00,3.954173345634716397e-02,-7.897169631849144444e+00
2.286000000000000000e+03,1.152417082725887099e+02,5.256573448697067441e+00,3.950339995030487106e-02,-7.918977885316615506e+00
2.287000000000000000e+03,1.151468716520293327e+02,5.233124722095165993e+00,3.946516444252658878e-02,-7.939804309016774475e+00
2.288000000000000000e+03,1.150536348598158156e+02,5.209481823707018400e+00,3.942702578284641018e-02,-7.959514444911651054e+00
2.289000000000000000e+03,1.149620448702117983e+02,5.185678926479605266e+00,3.938898279273466557e-02,-7.978196298146197130e+00
2.290000000000000000e+03,1.148721486556421354e+02,5.161705594378632966e+00,3.935103426498547108e-02,-7.995788911237781349e+00
2.291000000000000000e+03,1.147832503228669907e+02,5.137581068359089898e+00,3.931317896351831098e-02,-8.012379490229823986e+00
2.292000000000000000e+03,1.146961395890588875e+02,5.113309698761280053e+00,3.927541562332424741e-02,-8.027906263336630488e+00
2.293000000000000000e+03,1.146101204125626793e+02,5.088910661234543831e+00,3.923774295056940697e-02,-8.042307041181567584e+00
2.294000000000000000e+03,1.145252394687443172e+02,5.064380817529564816e+00,3.920015962274648463e-02,-8.055742061180078295e+00
2.295000000000000000e+03,1.144415432857142463e+02,5.039724431458922460e+00,3.916266428905276764e-02,-8.067999714097705777e+00
2.296000000000000000e+03,1.143583353800864160e+02,5.014960599818238052e+00,3.912525557087561529e-02,-8.079239374411994135e+00
2.297000000000000000e+03,1.142764047329370385e+02,4.990086113212216290e+00,3.908793206240264440e-02,-8.089397128439459905e+00
2.298000000000000000e+03,1.141950544207521574e+02,4.965112600384570030e+00,3.905069233140396473e-02,-8.098557188851364330e+00
2.299000000000000000e+03,1.141150729268054107e+02,4.940044245742319262e+00,3.901353492016972069e-02,-8.106580475061095470e+00
2.300000000000000000e+03,1.140350199376066485e+02,4.914892648622758209e+00,3.897645834653338387e-02,-8.113476029567641135e+00
2.301000000000000000e+03,1.139556881021282919e+02,4.889654090876703663e+00,3.893946110505198260e-02,-8.119400831298637655e+00
2.302000000000000000e+03,1.138771459954918583e+02,4.864352759747731625e+00,3.890254166841294187e-02,-8.124139252522567745e+00
2.303000000000000000e+03,1.137979809253713483e+02,4.838975244987314461e+00,3.886569848877566985e-02,-8.127920738479470941e+00
2.304000000000000000e+03,1.137204939734329656e+02,4.813537846408586951e+00,3.882892999943297896e-02,-8.130528594561573286e+00
2.305000000000000000e+03,1.136425287840794311e+02,4.788049434585416542e+00,3.879223461641090331e-02,-8.132117108604363764e+00
2.306000000000000000e+03,1.135648998893907731e+02,4.762504024915465095e+00,3.875561074033558040e-02,-8.132617287622117885e+00
2.307000000000000000e+03,1.134876785094152183e+02,4.736917921743999393e+00,3.871905675824564852e-02,-8.132033997549205750e+00
2.308000000000000000e+03,1.134101925283619750e+02,4.711292578940395437e+00,3.868257104560569870e-02,-8.130371686421824506e+00
2.309000000000000000e+03,1.133325121416674222e+02,4.685629458878380227e+00,3.864615196827508176e-02,-8.127634391984656759e+00
2.310000000000000000e+03,1.132554498338772930e+02,4.659944891364856012e+00,3.860979788464939666e-02,-8.123900033684632760e+00
2.311000000000000000e+03,1.131783318523582551e+02,4.634232934063007292e+00,3.857350714774322731e-02,-8.119097571495018428e+00
2.312000000000000000e+03,1.131004838570708984e+02,4.608509944711543405e+00,3.853727810741614662e-02,-8.113155583040754237e+00
2.313000000000000000e+03,1.130227165713072992e+02,4.582770013082537730e+00,3.850110911249400580e-02,-8.106225124957749273e+00
2.314000000000000000e+03,1.129450972582893371e+02,4.557036961432303634e+00,3.846499851298942896e-02,-8.098308326900129472e+00
2.315000000000000000e+03,1.128669497038440568e+02,4.531297491286949253e+00,3.842894466226721983e-02,-8.089258403659298935e+00
2.316000000000000000e+03,1.127883398701406321e+02,4.505568040470335767e+00,3.839294591919582833e-02,-8.079225368823339082e+00
2.317000000000000000e+03,1.127093330453681546e+02,4.479857643166076819e+00,3.835700065025373501e-02,-8.068136063351611043e+00
2.318000000000000000e+03,1.126299938294510952e+02,4.454160503318155051e+00,3.832110723161805815e-02,-8.055991303042533858e+00
2.319000000000000000e+03,1.125496432857443665e+02,4.428485709721001307e+00,3.828526405114043157e-02,-8.042865892272446970e+00
2.320000000000000000e+03,1.124690874338175632e+02,4.402842380947123324e+00,3.824946951029197656e-02,-8.028760070923391723e+00
2.321000000000000000e+03,1.123876458980328010e+02,4.377232238565519573e+00,3.821372202597193152e-02,-8.013599528420819240e+00
2.322000000000000000e+03,1.123053804022383559e+02,4.351671893703293215e+00,3.817802003223064178e-02,-7.997458268294096229e+00
2.323000000000000000e+03,1.122230947602963482e+02,4.326155706749620578e+00,3.814236198189902699e-02,-7.980335771647215637e+00
2.324000000000000000e+03,1.121393635273802261e+02,4.300700358859324446e+00,3.810674634812345057e-02,-7.962231294475223820e+00
2.325000000000000000e+03,1.120549890023489041e+02,4.275307711553526069e+00,3.807117162565615970e-02,-7.943218164728333086e+00
2.326000000000000000e+03,1.119692870456234743e+02,4.249994521425282556e+00,3.803563633214063211e-02,-7.923220945027378725e+00
2.327000000000000000e+03,1.118830584130143535e+02,4.224755299649374685e+00,3.800013900917101339e-02,-7.902238295972466631e+00
2.328000000000000000e+03,1.117956174100158506e+02,4.199614311655092358e+00,3.796467822320195862e-02,-7.880417271944947899e+00
2.329000000000000000e+03,1.117077632269074030e+02,4.174558723158815710e+00,3.792925256637776771e-02,-7.857681915317071386e+00
2.330000000000000000e+03,1.116180657591736320e+02,4.149612884819489977e+00,3.789386065707851109e-02,-7.834030401536208998e+00
2.331000000000000000e+03,1.115273226136752385e+02,4.124764049861097348e+00,3.785850114044943954e-02,-7.809535049485874403e+00
2.332000000000000000e+03,1.114355877649781519e+02,4.100029230326571295e+00,3.782317268861203063e-02,-7.784119480566986660e+00
2.333000000000000000e+03,1.113429143871463793e+02,4.075403199708409474e+00,3.778787400088370885e-02,-7.757855761472209011e+00
2.334000000000000000e+03,1.112486120157518599e+02,4.050903064117915342e+00,3.775260380370208668e-02,-7.730741561572787468e+00
2.335000000000000000e+03,1.111527322151564761e+02,4.026531121591242268e+00,3.771736085047491804e-02,-7.702774443408278771e+00
2.336000000000000000e+03,1.110553257408451771e+02,4.002282291490857347e+00,3.768214392123310497e-02,-7.674026152239252774e+00
2.337000000000000000e+03,1.109571853718664443e+02,3.978181257306041552e+00,3.764695182218855823e-02,-7.644494054134362671e+00
2.338000000000000000e+03,1.108568745681377692e+02,3.954215612551982506e+00,3.761178338511363128e-02,-7.614101140091738884e+00
2.339000000000000000e+03,1.107551844779252264e+02,3.930402716979229272e+00,3.757663746663923721e-02,-7.582993163195515862e+00
2.340000000000000000e+03,1.106521625949362146e+02,3.906752555889153822e+00,3.754151294737841094e-02,-7.551167223280209839e+00
2.341000000000000000e+03,1.105471127553162205e+02,3.883260312863137109e+00,3.750640873098044781e-02,-7.518546051654208640e+00
2.342000000000000000e+03,1.104408236394707075e+02,3.859936084258769551e+00,3.747132374309329605e-02,-7.485200861894957924e+00
2.343000000000000000e+03,1.103325974284125977e+02,3.836790023622962842e+00,3.743625693021430945e-02,-7.451202782229946919e+00
2.344000000000000000e+03,1.102224783049411769e+02,3.813817486125662626e+00,3.740120725853776640e-02,-7.416548570558351372e+00
2.345000000000000000e+03,1.101105096143390654e+02,3.791036171467988769e+00,3.736617371261957005e-02,-7.381160612161395740e+00
2.346000000000000000e+03,1.099974766947047868e+02,3.768434126611180268e+00,3.733115529414589295e-02,-7.345184050665408471e+00
2.347000000000000000e+03,1.098819355317206856e+02,3.746029173784374500e+00,3.729615102056899750e-02,-7.308541083285862605e+00
2.348000000000000000e+03,1.097646697632117707e+02,3.723816913264080597e+00,3.726115992377167924e-02,-7.271302373975689015e+00
2.349000000000000000e+03,1.096449764979594335e+02,3.701807866382194945e+00,3.722618104872523620e-02,-7.233464198007494517e+00
2.350000000000000000e+03,1.095236376492657655e+02,3.680012620107349086e+00,3.719121345218268093e-02,-7.195097003605006591e+00
2.351000000000000000e+03,1.094006927219640914e+02,3.658426714237374977e+00,3.715625620135676321e-02,-7.156121330215180265e+00
2.352000000000000000e+03,1.092754427022306913e+02,3.637052155539521880e+00,3.712130837271022943e-02,-7.116675543574053187e+00
2.353000000000000000e+03,1.091479318224462958e+02,3.615905619689626427e+00,3.708636905070702289e-02,-7.076673804890185160e+00
2.354000000000000000e+03,1.090182034187530604e+02,3.594981568301962138e+00,3.705143732673044088e-02,-7.036252991027514447e+00
2.355000000000000000e+03,1.088870427573726118e+02,3.574281963713834998e+00,3.701651229805617838e-02,-6.995252703698078278e+00
2.356000000000000000e+03,1.087530056854579641e+02,3.553823698731737313e+00,3.698159306689396270e-02,-6.953809531309115499e+00
2.357000000000000000e+03,1.086176184669275386e+02,3.533594027934242376e+00,3.694667873955143761e-02,-6.911985625497322872e+00
2.358000000000000000e+03,1.084794350926855628e+02,3.513609995882774673e+00,3.691176842573000438e-02,-6.869694411994758276e+00
2.359000000000000000e+03,1.083399799510657573e+02,3.493859011728253527e+00,3.687686123792761200e-02,-6.826997719430018208e+00
2.360000000000000000e+03,1.081978051377643766e+02,3.474350849066448088e+00,3.684195629101025965e-02,-6.783808640630094366e+00
2.361000000000000000e+03,1.080536902911107688e+02,3.455080505580209849e+00,3.680705270188069228e-02,-6.740337229563287735e+00
2.362000000000000000e+03,1.079069284070773733e+02,3.436065346168612589e+00,3.677214958927518818e-02,-6.696421946451577512e+00
2.363000000000000000e+03,1.077582971696357390e+02,3.417293105851720192e+00,3.673724607381419899e-02,-6.652198206720945528e+00
2.364000000000000000e+03,1.076070876011188915e+02,3.398766461201631728e+00,3.670234127808317398e-02,-6.607578394784687781e+00
2.365000000000000000e+03,1.074540753930775594e+02,3.380495603288631745e+00,3.666743432694205551e-02,-6.562697564306300357e+00
2.366000000000000000e+03,1.072992923923460751e+02,3.362483382237932084e+00,3.663252434800239044e-02,-6.517467737445423737e+00
2.367000000000000000e+03,1.071412837576340706e+02,3.344717880091579332e+00,3.659761047214448587e-02,-6.471949323703062085e+00
2.368000000000000000e+03,1.069815649618609825e+02,3.327216982070679840e+00,3.656269183431898329e-02,-6.426128271868524422e+00
2.369000000000000000e+03,1.068201647748510226e+02,3.309976379227149046e+00,3.652776757443047112e-02,-6.380138924143879287e+00
2.370000000000000000e+03,1.066556252569285874e+02,3.292999282885067380e+00,3.649283683834452646e-02,-6.333818319939953589e+00
2.371000000000000000e+03,1.064894587635038619e+02,3.276288997261849634e+00,3.645789877907654880e-02,-6.287300469922625368e+00
2.372000000000000000e+03,1.063209480952594816e+02,3.259841492015130182e+00,3.642295255803409959e-02,-6.240570662250704004e+00
2.373000000000000000e+03,1.061508606696469741e+02,3.243660259760713149e+00,3.638799734647975986e-02,-6.193688321563817212e+00
2.374000000000000000e+03,1.059777343432200922e+02,3.227756316805725056e+00,3.635303232693756076e-02,-6.146638451675062953e+00
2.375000000000000000e+03,1.058030772554300256e+02,3.212111062041330900e+00,3.631805669487459670e-02,-6.099405929968480855e+00
2.376000000000000000e+03,1.056261679832997942e+02,3.196743132645953889e+00,3.628306966035751979e-02,-6.052049802962305769e+00
2.377000000000000000e+03,1.054462840476382866e+02,3.181648977737503436e+00,3.624807044973332726e-02,-6.004554732489243207e+00
2.378000000000000000e+03,1.052649304205990433e+02,3.166825143778279728e+00,3.621305830747386517e-02,-5.956949863558381075e+00
2.379000000000000000e+03,1.050813825194047411e+02,3.152275703176807831e+00,3.617803249801982562e-02,-5.909264269522575219e+00
2.380000000000000000e+03,1.048964003867751131e+02,3.138004826084498156e+00,3.614299230756548575e-02,-5.861512111586423046e+00
2.381000000000000000e+03,1.047085145225626803e+02,3.124001923735662878e+00,3.610793704599005172e-02,-5.813700084224568521e+00
2.382000000000000000e+03,1.045184829021414430e+02,3.110278790132181559e+00,3.607286604864433366e-02,-5.765842289720687575e+00
2.383000000000000000e+03,1.043263196460338662e+02,3.096832460118044583e+00,3.603777867819593639e-02,-5.717960256680252762e+00
2.384000000000000000e+03,1.041320378661514923e+02,3.083667494148624844e+00,3.600267432644044946e-02,-5.670060674062784578e+00
2.385000000000000000e+03,1.039363925135151732e+02,3.070773692852148073e+00,3.596755241599804837e-02,-5.622165124126219382e+00
2.386000000000000000e+03,1.037379090523100871e+02,3.058155809938089220e+00,3.593241240197572045e-02,-5.574287817264425904e+00
2.387000000000000000e+03,1.035373404856209731e+02,3.045818694901391677e+00,3.589725377356556280e-02,-5.526457897171030531e+00
2.388000000000000000e+03,1.033354388673328401e+02,3.033759863977151916e+00,3.586207605548183408e-02,-5.478689747652658149e+00
2.389000000000000000e+03,1.031314696503973209e+02,3.021984356049482567e+00,3.582687880936436670e-02,-5.430997869518685128e+00
2.390000000000000000e+03,1.029246973764805517e+02,3.010482446716694849e+00,3.579166163497884967e-02,-5.383396900617535508e+00
2.391000000000000000e+03,1.027166142018484436e+02,2.999259360720140766e+00,3.575642417134258094e-02,-5.335916492292252400e+00
2.392000000000000000e+03,1.025072257441871670e+02,2.988320414188602836e+00,3.572116609768047346e-02,-5.288571615325612818e+00
2.393000000000000000e+03,1.022950511055974374e+02,2.977656156805231102e+00,3.568588713421667891e-02,-5.241370007101183504e+00
2.394000000000000000e+03,1.020815799066932072e+02,2.967272084004478394e+00,3.565058704280087837e-02,-5.194327046456058028e+00
2.395000000000000000e+03,1.018660724662296388e+02,2.957166350652110864e+00,3.561526562742172580e-02,-5.147465771054663186e+00
2.396000000000000000e+03,1.016492740017759644e+02,2.947329769717665027e+00,3.557992273445009790e-02,-5.100802037168813641e+00
2.397000000000000000e+03,1.014304433157964240e+02,2.937775524296476704e+00,3.554455825277285513e-02,-5.054344535155959051e+00
2.398000000000000000e+03,1.012095813274196416e+02,2.928494596085133406e+00,3.550917211374599730e-02,-5.008117088883500934e+00
2.399000000000000000e+03,1.009874310995245423e+02,2.919485477322885991e+00,3.547376429092182620e-02,-4.962128955502321581e+00
2.400000000000000000e+03,1.007632493610175857e+02,2.910746740952824041e+00,3.543833479960758343e-02,-4.916404550737135004e+00
2.401000000000000000e+03,1.005370324025870445e+02,2.902277155447184676e+00,3.540288369630046478e-02,-4.870960145355327064e+00
2.402000000000000000e+03,1.003102510287950935e+02,2.894076032289621292e+00,3.536741107786037230e-02,-4.825800787242074286e+00
2.403000000000000000e+03,1.000806586507188740e+02,2.886142875440175892e+00,3.533191708060376413e-02,-4.780953109442330096e+00
2.404000000000000000e+03,9.985046513517308142e+01,2.878477263472444037e+00,3.529640187912732457e-02,-4.736414366805738574e+00
2.405000000000000000e+03,9.961816564619986991e+01,2.871086276405118376e+00,3.526086568508021019e-02,-4.692204438967062075e+00
2.406000000000000000e+03,9.938448335154033941e+01,2.863954780798505961e+00,3.522530874574290871e-02,-4.648328691543313518e+00
2.407000000000000000e+03,9.914939810819421950e+01,2.857089998376588724e+00,3.518973134243118944e-02,-4.604807690895842853e+00
2.408000000000000000e+03,9.891214648735534354e+01,2.850484362825739026e+00,3.515413378888139484e-02,-4.561640062157834130e+00
2.409000000000000000e+03,9.867419313861576313e+01,2.844137803431142864e+00,3.511851642940928830e-02,-4.518839629200163799e+00
2.410000000000000000e+03,9.843403096796461682e+01,2.838057743703618296e+00,3.508287963703990431e-02,-4.476427982962622565e+00
2.411000000000000000e+03,9.819312384013969108e+01,2.832229386651770930e+00,3.504722381153459188e-02,-4.434404763244724990e+00
2.412000000000000000e+03,9.794996391947496761e+01,2.826652855257279828e+00,3.501154937735173611e-02,-4.392784794215129907e+00
2.413000000000000000e+03,9.770601436997041844e+01,2.821335762903497191e+00,3.497585678157157096e-02,-4.351583220103849570e+00
2.414000000000000000e+03,9.746050952874733753e+01,2.816263498811489185e+00,3.494014649174683601e-02,-4.310808067958753931e+00
2.415000000000000000e+03,9.721342626348716465e+01,2.811443797039364867e+00,3.490441899374129020e-02,-4.270475094257980331e+00
2.416000000000000000e+03,9.696548398843931693e+01,2.806869593691567744e+00,3.486867478963069644e-02,-4.230592917027346189e+00
2.417000000000000000e+03,9.671591617399492691e+01,2.802541310994277168e+00,3.483291439550777191e-02,-4.191177860375823627e+00
2.418000000000000000e+03,9.646544170006079355e+01,2.798451999683972069e+00,3.479713833944195200e-02,-4.152246513116852888e+00
2.419000000000000000e+03,9.621329352785585343e+01,2.794609623211705252e+00,3.476134715933962976e-02,-4.113800858303572561e+00
2.420000000000000000e+03,9.596093288556454581e+01,2.790992486858329791e+00,3.472554140101626746e-02,-4.075857972264158136e+00
2.421000000000000000e+03,9.570684943234509490e+01,2.787616092165270842e+00,3.468972161622863731e-02,-4.038420296373953278e+00
2.422000000000000000e+03,9.545176111137739383e+01,2.784466281119939879e+00,3.465388836090184388e-02,-4.001512763663477301e+00
2.423000000000000000e+03,9.519638565139864284e+01,2.781543805651157886e+00,3.461804219334580629e-02,-3.965130785055564822e+00
2.424000000000000000e+03,9.493921206703657845e+01,2.778842042024511461e+00,3.458218367272062471e-02,-3.929292232488726722e+00
2.425000000000000000e+03,9.468170050826218187e+01,2.776369275387214675e+00,3.454631335750363297e-02,-3.894007710322114679e+00
2.426000000000000000e+03,9.442308241844483518e+01,2.774104129203375457e+00,3.451043180421348860e-02,-3.859280540427331818e+00
2.427000000000000000e+03,9.416333187672903193e+01,2.772054991629978371e+00,3.447453956619421500e-02,-3.825121604416247934e+00
2.428000000000000000e+03,9.390316559946124642e+01,2.770215445020209888e+00,3.443863719263678264e-02,-3.791541901400815817e+00
2.429000000000000000e+03,9.364255727083022407e+01,2.768586550603347796e+00,3.440272522769496216e-02,-3.758552534828417446e+00
2.430000000000000000e+03,9.338073754294173057e+01,2.767154563080230556e+00,3.436680420983615619e-02,-3.726149843479610535e+00
2.431000000000000000e+03,9.311842254048167433e+01,2.765920643680186863e+00,3.433087467131568787e-02,-3.694359960261608400e+00
2.432000000000000000e+03,9.285558535487737686e+01,2.764886003118325775e+00,3.429493713787001852e-02,-3.663179375214932865e+00
2.433000000000000000e+03,9.259219887834686347e+01,2.764037044546736599e+00,3.425899212855816611e-02,-3.632619496654248881e+00
2.434000000000000000e+03,9.232897863788052462e+01,2.763375076592866186e+00,3.422304015581795200e-02,-3.602684358491913041e+00
2.435000000000000000e+03,9.206441145417626615e+01,2.762901456273909595e+00,3.418708172562439501e-02,-3.573378042390254805e+00
2.436000000000000000e+03,9.179995528607680910e+01,2.762602731880294371e+00,3.415111733789079340e-02,-3.544712101422981210e+00
2.437000000000000000e+03,9.153483938503204342e+01,2.762472927571335113e+00,3.411514748704638778e-02,-3.516690700263179981e+00
2.438000000000000000e+03,9.126977847038344294e+01,2.762520971223322519e+00,3.407917266267368461e-02,-3.489310613704230235e+00
2.439000000000000000e+03,9.100400139009043698e+01,2.762726123770701481e+00,3.404319335041350314e-02,-3.462583511904675504e+00
2.440000000000000000e+03,9.073822246246405143e+01,2.763097405388168948e+00,3.400721003292334066e-02,-3.436513677231091357e+00
2.441000000000000000e+03,9.047241297366838353e+01,2.763621596349058684e+00,3.397122319102426069e-02,-3.411105436212757969e+00
2.442000000000000000e+03,9.020654401639424691e+01,2.764300378010069448e+00,3.393523330488567441e-02,-3.386355736502824954e+00
2.443000000000000000e+03,8.993984365967627070e+01,2.765120618560540144e+00,3.389924085543783577e-02,-3.362269010577756401e+00
2.444000000000000000e+03,8.967376829514080327e+01,2.766084085485021049e+00,3.386324632573413373e-02,-3.338849756039109273e+00
2.445000000000000000e+03,8.940828846943732344e+01,2.767192587830221484e+00,3.382725020249897213e-02,-3.316102545868497398e+00
2.446000000000000000e+03,8.914188889329474819e+01,2.768425690023291086e+00,3.379125297765572800e-02,-3.294017183520225878e+00
2.447000000000000000e+03,8.887676829733190687e+01,2.769792709090264093e+00,3.375525514997603643e-02,-3.272613286274554056e+00
2.448000000000000000e+03,8.861141109408846717e+01,2.771280714865866912e+00,3.371925722664322056e-02,-3.251873444702003013e+00
2.449000000000000000e+03,8.834578723717925186e+01,2.772884241948530004e+00,3.368325972494134318e-02,-3.231810093690010266e+00
2.450000000000000000e+03,8.808135223700958250e+01,2.774605288145710613e+00,3.364726317384955645e-02,-3.212413531003418754e+00
2.451000000000000000e+03,8.781658677371476074e+01,2.776431345517084814e+00,3.361126811567911182e-02,-3.193689063801787853e+00
2.452000000000000000e+03,8.755292921344536694e+01,2.778358636926367087e+00,3.357527510757233463e-02,-3.175627274363462593e+00
2.453000000000000000e+03,8.728884313232477155e+01,2.780391160887174529e+00,3.353928472306999531e-02,-3.158241221186683045e+00
2.454000000000000000e+03,8.702576341377017854e+01,2.782525515119108395e+00,3.350329755345481109e-02,-3.141529330633460404e+00
2.455000000000000000e+03,8.676289642774776212e+01,2.784750894459941062e+00,3.346731420915691896e-02,-3.125475417454385063e+00
2.456000000000000000e+03,8.650093423196565823e+01,2.787063945380285013e+00,3.343133532092145560e-02,-3.110085847271837345e+00
2.457000000000000000e+03,8.623982609443368119e+01,2.789468763704407550e+00,3.339536154093333126e-02,-3.095352415588969119e+00
2.458000000000000000e+03,8.597877852257617803e+01,2.791954607192769888e+00,3.335939354379270638e-02,-3.081282081797152461e+00
2.459000000000000000e+03,8.571774096377164653e+01,2.794525606495375403e+00,3.332343202729559639e-02,-3.067867276043650282e+00
2.460000000000000000e+03,8.545814867212678223e+01,2.797171049229296269e+00,3.328747771317833171e-02,-3.055100775679477909e+00
2.461000000000000000e+03,8.519920856623005534e+01,2.799895090792729579e+00,3.325153134753402323e-02,-3.042983152652849022e+00
2.462000000000000000e+03,8.494012776809150012e+01,2.802687038319934487e+00,3.321559370121350552e-02,-3.031515363318895151e+00
2.463000000000000000e+03,8.468308497793940148e+01,2.805543633040427753e+00,3.317966556993097449e-02,-3.020683908840846588e+00
2.464000000000000000e+03,8.442580215933335808e+01,2.808469047549559949e+00,3.314374777426151719e-02,-3.010490564465801988e+00
2.465000000000000000e+03,8.416971576029467883e+01,2.811452598000974135e+00,3.310784115939085365e-02,-3.000930108960529363e+00
2.466000000000000000e+03,8.391403406927078379e+01,2.814491026383756367e+00,3.307194659475010817e-02,-2.991997765908152918e+00
2.467000000000000000e+03,8.365945142654499023e+01,2.817581069393014559e+00,3.303606497334071745e-02,-2.983689214972569115e+00
2.468000000000000000e+03,8.340591975537212477e+01,2.820726884006341972e+00,3.300019721106169091e-02,-2.976000601351215913e+00
2.469000000000000000e+03,8.315339143294191615e+01,2.823910331326199508e+00,3.296434424564185367e-02,-2.968928543298940514e+00
2.470000000000000000e+03,8.290107649082028729e+01,2.827142972303299029e+00,3.292850703557159003e-02,-2.962470137620583532e+00
2.471000000000000000e+03,8.265041398984291732e+01,2.830406638246208306e+00,3.289268655870319913e-02,-2.956615534694251757e+00
2.472000000000000000e+03,8.240061504388772562e+01,2.833705426635649172e+00,3.285688381086202675e-02,-2.951362796354810136e+00
2.473000000000000000e+03,8.215163419282900747e+01,2.837035985148347983e+00,3.282109980413799172e-02,-2.946710466481650137e+00
2.474000000000000000e+03,8.190342659910785983e+01,2.840387509154666645e+00,3.278533556515394326e-02,-2.942650139304434198e+00
2.475000000000000000e+03,8.165669091290818926e+01,2.843764024350272202e+00,3.274959213311962047e-02,-2.939188738808881762e+00
2.476000000000000000e+03,8.141064079561084554e+01,2.847162099379301203e+00,3.271387055782606218e-02,-2.936311369039413588e+00
2.477000000000000000e+03,8.116597628663346597e+01,2.850570843610600313e+00,3.267817189751474893e-02,-2.934011017270980570e+00
2.478000000000000000e+03,8.092265532314912946e+01,2.853986761725364030e+00,3.264249721666011295e-02,-2.932288541534047166e+00
2.479000000000000000e+03,8.068063659781437025e+01,2.857413751723051565e+00,3.260684758367049518e-02,-2.931130370898883175e+00
2.480000000000000000e+03,8.043913674422640270e+01,2.860840818002352126e+00,3.257122406854359026e-02,-2.930545630446133476e+00
2.481000000000000000e+03,8.019960169516866699e+01,2.864271783025908569e+00,3.253562774049982564e-02,-2.930506695660871408e+00
2.482000000000000000e+03,7.996124968817115075e+01,2.867695572320345665e+00,3.250005966554452008e-02,-2.931030883568087830e+00
2.483000000000000000e+03,7.972404261880316767e+01,2.871115926419752995e+00,3.246452090411212216e-02,-2.932106146726423557e+00
2.484000000000000000e+03,7.948794321626010628e+01,2.874521686152061051e+00,3.242901250863355206e-02,-2.933720762481714317e+00
2.485000000000000000e+03,7.925365788637469677e+01,2.877909076524033161e+00,3.239353552125139035e-02,-2.935878164034119386e+00
2.486000000000000000e+03,7.902115104690211922e+01,2.881281705703769180e+00,3.235809097141802149e-02,-2.938567200089442277e+00
2.487000000000000000e+03,7.878964513019943183e+01,2.884620850750093446e+00,3.232267987377249879e-02,-2.941784391832472423e+00
2.488000000000000000e+03,7.855984908833895020e+01,2.887937455341829995e+00,3.228730322592911206e-02,-2.945533903914998586e+00
2.489000000000000000e+03,7.833098705044173471e+01,2.891220130748210604e+00,3.225196200648328820e-02,-2.949797801313902568e+00
2.490000000000000000e+03,7.810376965766199930e+01,2.894457440443262808e+00,3.221665717304364462e-02,-2.954573160825811229e+00
2.491000000000000000e+03,7.787890838554834261e+01,2.897660184857066223e+00,3.218138966050256705e-02,-2.959857183814496029e+00
2.492000000000000000e+03,7.765488702900366036e+01,2.900816831106339588e+00,3.214616037934681092e-02,-2.965639737237574902e+00
2.493000000000000000e+03,7.743241870020791850e+01,2.903923226352401077e+00,3.211097021418730241e-02,-2.971918179880862265e+00
2.494000000000000000e+03,7.721184589167597778e+01,2.906982597875583885e+00,3.207582002248544201e-02,-2.978675047226971184e+00
2.495000000000000000e+03,7.699284332591635405e+01,2.909975839857735558e+00,3.204071063338063963e-02,-2.985907735389458750e+00
2.496000000000000000e+03,7.677560647333126553e+01,2.912913512117196291e+00,3.200564284672999249e-02,-2.993613615784319837e+00
2.497000000000000000e+03,7.656003441392429920e+01,2.915783842029870065e+00,3.197061743239833220e-02,-3.001775150861286878e+00
2.498000000000000000e+03,7.634624980062447719e+01,2.918589866732230753e+00,3.193563512967224904e-02,-3.010389581210713317e+00
2.499000000000000000e+03,7.613415313586025945e+01,2.921312291889235802e+00,3.190069664690628470e-02,-3.019446615698713199e+00
2.500000000000000000e+03,7.592386844916578070e+01,2.923961490720663026e+00,3.186580266139298068e-02,-3.028935836679436999e+00
2.501000000000000000e+03,7.571537062515760397e+01,2.926525724021546981e+00,3.183095381938749052e-02,-3.038847510201608149e+00
2.502000000000000000e+03,7.550870453833417173e+01,2.929001507774543267e+00,3.179615073635947559e-02,-3.049175061214806082e+00
2.503000000000000000e+03,7.530384015207718562e+01,2.931385531901548269e+00,3.176139399744231512e-02,-3.059919990404921464e+00
2.504000000000000000e+03,7.510082229095424111e+01,2.933681871428929888e+00,3.172668415807759074e-02,-3.071068742922785866e+00
2.505000000000000000e+03,7.489969633238554536e+01,2.935887130447562221e+00,3.169202174481595968e-02,-3.082607552794696559e+00
2.506000000000000000e+03,7.470035961526102142e+01,2.937990442751325038e+00,3.165740725632238545e-02,-3.094544718231488023e+00
2.507000000000000000e+03,7.450300711727388148e+01,2.939995757491569606e+00,3.162284116452132587e-02,-3.106851167714751671e+00
2.508000000000000000e+03,7.430753716415570409e+01,2.941906983032924305e+00,3.158832391593403843e-02,-3.119534739078452468e+00
2.509000000000000000e+03,7.411392282561229194e+01,2.943713130749736617e+00,3.155385593310365555e-02,-3.132580751015612730e+00
2.510000000000000000e+03,7.392228617864113005e+01,2.945410600502719412e+00,3.151943761621078116e-02,-3.145974289184142236e+00
2.511000000000000000e+03,7.373260115494089462e+01,2.947010609333290621e+00,3.148506934471782120e-02,-3.159715066702362130e+00
2.512000000000000000e+03,7.354491637464168718e+01,2.948494621614050626e+00,3.145075147919081798e-02,-3.173780288903518709e+00
2.513000000000000000e+03,7.335905799750597112e+01,2.949866347651199927e+00,3.141648436313779907e-02,-3.188169232601557379e+00
2.514000000000000000e+03,7.317522397831614001e+01,2.951129458674683015e+00,3.138226832496313762e-02,-3.202866116087418558e+00
2.515000000000000000e+03,7.299338978852767923e+01,2.952280158411751732e+00,3.134810367992470204e-02,-3.217854970062496101e+00
2.516000000000000000e+03,7.281345697538395711e+01,2.953307182887390248e+00,3.131399073212601941e-02,-3.233127082587915258e+00
2.517000000000000000e+03,7.263547600707849483e+01,2.954214085146999125e+00,3.127992977650940337e-02,-3.248673589557987462e+00
2.518000000000000000e+03,7.245942341953482924e+01,2.955004378095408057e+00,3.124592110085810948e-02,-3.264478067237376990e+00
2.519000000000000000e+03,7.228535038339387597e+01,2.955674105551137298e+00,3.121196498774678890e-02,-3.280523983381858244e+00
2.520000000000000000e+03,7.211323413972640139e+01,2.956211841514550631e+00,3.117806171645503763e-02,-3.296802150043410151e+00
2.521000000000000000e+03,7.194305228900229565e+01,2.956628402700697489e+00,3.114421156479215205e-02,-3.313295892794165809e+00
2.522000000000000000e+03,7.177485708279800747e+01,2.956919705784919028e+00,3.111041481086863209e-02,-3.329995934590521678e+00
2.523000000000000000e+03,7.160855258419606173e+01,2.957089051318235740e+00,3.107667173475547190e-02,-3.346878138882086073e+00
2.524000000000000000e+03,7.144419181534196639e+01,2.957124837413115603e+00,3.104298262000599121e-02,-3.363933251913657774e+00
2.525000000000000000e+03,7.128182820653832152e+01,2.957030271758261275e+00,3.100934775508389432e-02,-3.381144647052491958e+00
2.526000000000000000e+03,7.112136704777904583e+01,2.956801085065706935e+00,3.097576743462731805e-02,-3.398495782722054770e+00
2.527000000000000000e+03,7.096278836009847168e+01,2.956447814511478978e+00,3.094224196055687243e-02,-3.415977660264745808e+00
2.528000000000000000e+03,7.080622120205806880e+01,2.955958660275591399e+00,3.090877164300993851e-02,-3.433573996402699446e+00
2.529000000000000000e+03,7.065149799367405592e+01,2.955336625496282288e+00,3.087535680109633821e-02,-3.451261251767899108e+00
2.530000000000000000e+03,7.049867452763176345e+01,2.954584657695686012e+00,3.084199776353713576e-02,-3.469038371922942510e+00
2.531000000000000000e+03,7.034773286350173294e+01,2.953698218491662253e+00,3.080869486898682452e-02,-3.486882243694063188e+00
2.532000000000000000e+03,7.019865564075483633e+01,2.952672709959242692e+00,3.077544846628161787e-02,-3.504777433552935140e+00
2.533000000000000000e+03,7.005142610930120384e+01,2.951510900955634398e+00,3.074225891443790187e-02,-3.522716210883285015e+00
2.534000000000000000e+03,6.990610244428381748e+01,2.950215496723255448e+00,3.070912658243334786e-02,-3.540676284233428728e+00
2.535000000000000000e+03,6.976252064382515528e+01,2.948774280136563064e+00,3.067605184882879130e-02,-3.558657962171032363e+00
2.536000000000000000e+03,6.962074026196673060e+01,2.947197251410807350e+00,3.064303510119402094e-02,-3.576632171513832947e+00
2.537000000000000000e+03,6.948082158994868962e+01,2.945479484334887932e+00,3.061007673533089335e-02,-3.594599898188832299e+00
2.538000000000000000e+03,6.934260283704198002e+01,2.943615980999186643e+00,3.057717715430513863e-02,-3.612540200027467119e+00
2.539000000000000000e+03,6.920614586214082919e+01,2.941616526583359814e+00,3.054433676730556116e-02,-3.630447356788978563e+00
2.540000000000000000e+03,6.907143906925452370e+01,2.939468545768974206e+00,3.051155598835885233e-02,-3.648301161915000090e+00
2.541000000000000000e+03,6.893847171912361205e+01,2.937189099448247909e+00,3.047883523486919974e-02,-3.666096637851373519e+00
2.542000000000000000e+03,6.880715967213630790e+01,2.934758027938035863e+00,3.044617492601434799e-02,-3.683821749590586059e+00
2.543000000000000000e+03,6.867764254676275471e+01,2.932199661323671602e+00,3.041357548102530464e-02,-3.701464828221024739e+00
2.544000000000000000e+03,6.854976375717743053e+01,2.929493677887044178e+00,3.038103731731001816e-02,-3.719014562692008141e+00
2.545000000000000000e+03,6.842351623385356163e+01,2.926656814744584167e+00,3.034856084854067534e-02,-3.736459988133508769e+00
2.546000000000000000e+03,6.829896815681755129e+01,2.923676011647947881e+00,3.031614648261261522e-02,-3.753790470746929842e+00
2.547000000000000000e+03,6.817604011883196335e+01,2.920560408568742439e+00,3.028379461956015942e-02,-3.771003117662232729e+00
2.548000000000000000e+03,6.805465370280118975e+01,2.917304203271619656e+00,3.025150564939907069e-02,-3.788087898434452594e+00
2.549000000000000000e+03,6.793488005568457311e+01,2.913908935890776153e+00,3.021927994995421765e-02,-3.805027620032418234e+00
2.550000000000000000e+03,6.781664275772550354e+01,2.910376060315553737e+00,3.018711788469836954e-02,-3.821820183800120674e+00
