***************************************************************
     ______________________   __  ______  
    / __/ __/_  __/ ___/ _ | /  |/  / _ ) 
   / _// _/  / / / /__/ __ |/ /|_/ / _  | 
  /___/_/   /_/  \___/_/ |_/_/  /_/____/   V3.1 Jan26
  
***************************************************************

 EFTCAMB settings:
  EFTCAMB_feedback_level      =           1
  EFTCAMB_back_turn_on        =   1.0000000000000000E-008
  EFTCAMB_pert_turn_on        =   1.0000000000000000E-004
  EFTCAMB_GR_threshold        =   1.0000000000000000E-008
  EFTCAMB_stability_time      =   1.0000000000000000E-004
  EFTCAMB_stability_threshold =   0.0000000000000000     
  EFTCAMB_effective_w0wa      = F

 EFTCAMB stability flags:
  Math ghost stability   =  T
  Math mass stability    =  F
  Ghost stability        =  T
  Gradient stability     =  T
  Mass stability         =  F
  Mass stability rate    =  0.10000E+02
  Additional priors      =  T
  Positivity bounds      =  F
  Minkowski limit      =  F

 EFTCAMB model flags:
   EFTflag             =  2
   AltParEFTmodel      =  1

   Model               =  RPH
   Number of params    =***

   RPHwDE             =  9
   RPHkineticitymodel =  9
   RPHbraidingmodel   =  9

spline parametrization: RPHw
 number of pixels (RPHw_Spline_Pixels): 601
 null value:    -1.000000
   RPHwx1              =    0.000000
   RPHwx2              =    0.000000
   RPHwx3              =    0.000000
   RPHwx4              =    0.000000
   RPHwx5              =    0.000000
   RPHwx6              =    0.000001
   RPHwx7              =    0.000001
   RPHwx8              =    0.000002
   RPHwx9              =    0.000003
   RPHwx10             =    0.000004
   RPHwx11             =    0.000005
   RPHwx12             =    0.000007
   RPHwx13             =    0.000009
   RPHwx14             =    0.000011
   RPHwx15             =    0.000014
   RPHwx16             =    0.000017
   RPHwx17             =    0.000020
   RPHwx18             =    0.000024
   RPHwx19             =    0.000029
   RPHwx20             =    0.000033
   RPHwx21             =    0.000039
   RPHwx22             =    0.000045
   RPHwx23             =    0.000052
   RPHwx24             =    0.000059
   RPHwx25             =    0.000067
   RPHwx26             =    0.000075
   RPHwx27             =    0.000085
   RPHwx28             =    0.000095
   RPHwx29             =    0.000106
   RPHwx30             =    0.000117
   RPHwx31             =    0.000130
   RPHwx32             =    0.000143
   RPHwx33             =    0.000157
   RPHwx34             =    0.000172
   RPHwx35             =    0.000188
   RPHwx36             =    0.000205
   RPHwx37             =    0.000223
   RPHwx38             =    0.000242
   RPHwx39             =    0.000262
   RPHwx40             =    0.000283
   RPHwx41             =    0.000305
   RPHwx42             =    0.000328
   RPHwx43             =    0.000353
   RPHwx44             =    0.000378
   RPHwx45             =    0.000405
   RPHwx46             =    0.000433
   RPHwx47             =    0.000463
   RPHwx48             =    0.000493
   RPHwx49             =    0.000525
   RPHwx50             =    0.000559
   RPHwx51             =    0.000593
   RPHwx52             =    0.000630
   RPHwx53             =    0.000667
   RPHwx54             =    0.000706
   RPHwx55             =    0.000747
   RPHwx56             =    0.000789
   RPHwx57             =    0.000832
   RPHwx58             =    0.000877
   RPHwx59             =    0.000924
   RPHwx60             =    0.000973
   RPHwx61             =    0.001023
   RPHwx62             =    0.001074
   RPHwx63             =    0.001128
   RPHwx64             =    0.001183
   RPHwx65             =    0.001240
   RPHwx66             =    0.001299
   RPHwx67             =    0.001359
   RPHwx68             =    0.001422
   RPHwx69             =    0.001486
   RPHwx70             =    0.001553
   RPHwx71             =    0.001621
   RPHwx72             =    0.001691
   RPHwx73             =    0.001763
   RPHwx74             =    0.001837
   RPHwx75             =    0.001914
   RPHwx76             =    0.001992
   RPHwx77             =    0.002072
   RPHwx78             =    0.002155
   RPHwx79             =    0.002240
   RPHwx80             =    0.002327
   RPHwx81             =    0.002416
   RPHwx82             =    0.002507
   RPHwx83             =    0.002601
   RPHwx84             =    0.002697
   RPHwx85             =    0.002795
   RPHwx86             =    0.002896
   RPHwx87             =    0.002999
   RPHwx88             =    0.003104
   RPHwx89             =    0.003212
   RPHwx90             =    0.003323
   RPHwx91             =    0.003436
   RPHwx92             =    0.003551
   RPHwx93             =    0.003669
   RPHwx94             =    0.003790
   RPHwx95             =    0.003913
   RPHwx96             =    0.004039
   RPHwx97             =    0.004167
   RPHwx98             =    0.004298
   RPHwx99             =    0.004432
   RPHwx100            =    0.004569
   RPHwx101            =    0.004708
   RPHwx102            =    0.004851
   RPHwx103            =    0.004996
   RPHwx104            =    0.005144
   RPHwx105            =    0.005295
   RPHwx106            =    0.005448
   RPHwx107            =    0.005605
   RPHwx108            =    0.005765
   RPHwx109            =    0.005928
   RPHwx110            =    0.006093
   RPHwx111            =    0.006262
   RPHwx112            =    0.006434
   RPHwx113            =    0.006609
   RPHwx114            =    0.006787
   RPHwx115            =    0.006969
   RPHwx116            =    0.007153
   RPHwx117            =    0.007341
   RPHwx118            =    0.007532
   RPHwx119            =    0.007726
   RPHwx120            =    0.007924
   RPHwx121            =    0.008125
   RPHwx122            =    0.008329
   RPHwx123            =    0.008537
   RPHwx124            =    0.008748
   RPHwx125            =    0.008963
   RPHwx126            =    0.009181
   RPHwx127            =    0.009403
   RPHwx128            =    0.009628
   RPHwx129            =    0.009856
   RPHwx130            =    0.010089
   RPHwx131            =    0.010325
   RPHwx132            =    0.010564
   RPHwx133            =    0.010807
   RPHwx134            =    0.011054
   RPHwx135            =    0.011305
   RPHwx136            =    0.011560
   RPHwx137            =    0.011818
   RPHwx138            =    0.012080
   RPHwx139            =    0.012346
   RPHwx140            =    0.012616
   RPHwx141            =    0.012889
   RPHwx142            =    0.013167
   RPHwx143            =    0.013449
   RPHwx144            =    0.013734
   RPHwx145            =    0.014024
   RPHwx146            =    0.014317
   RPHwx147            =    0.014615
   RPHwx148            =    0.014917
   RPHwx149            =    0.015223
   RPHwx150            =    0.015533
   RPHwx151            =    0.015847
   RPHwx152            =    0.016166
   RPHwx153            =    0.016488
   RPHwx154            =    0.016815
   RPHwx155            =    0.017146
   RPHwx156            =    0.017482
   RPHwx157            =    0.017822
   RPHwx158            =    0.018166
   RPHwx159            =    0.018515
   RPHwx160            =    0.018868
   RPHwx161            =    0.019226
   RPHwx162            =    0.019588
   RPHwx163            =    0.019955
   RPHwx164            =    0.020326
   RPHwx165            =    0.020701
   RPHwx166            =    0.021082
   RPHwx167            =    0.021467
   RPHwx168            =    0.021856
   RPHwx169            =    0.022251
   RPHwx170            =    0.022650
   RPHwx171            =    0.023054
   RPHwx172            =    0.023462
   RPHwx173            =    0.023875
   RPHwx174            =    0.024294
   RPHwx175            =    0.024717
   RPHwx176            =    0.025145
   RPHwx177            =    0.025577
   RPHwx178            =    0.026015
   RPHwx179            =    0.026458
   RPHwx180            =    0.026906
   RPHwx181            =    0.027358
   RPHwx182            =    0.027816
   RPHwx183            =    0.028279
   RPHwx184            =    0.028747
   RPHwx185            =    0.029220
   RPHwx186            =    0.029698
   RPHwx187            =    0.030182
   RPHwx188            =    0.030671
   RPHwx189            =    0.031165
   RPHwx190            =    0.031664
   RPHwx191            =    0.032168
   RPHwx192            =    0.032678
   RPHwx193            =    0.033193
   RPHwx194            =    0.033714
   RPHwx195            =    0.034240
   RPHwx196            =    0.034771
   RPHwx197            =    0.035308
   RPHwx198            =    0.035851
   RPHwx199            =    0.036399
   RPHwx200            =    0.036952
   RPHwx201            =    0.037511
   RPHwx202            =    0.038076
   RPHwx203            =    0.038646
   RPHwx204            =    0.039222
   RPHwx205            =    0.039804
   RPHwx206            =    0.040392
   RPHwx207            =    0.040985
   RPHwx208            =    0.041584
   RPHwx209            =    0.042188
   RPHwx210            =    0.042799
   RPHwx211            =    0.043415
   RPHwx212            =    0.044038
   RPHwx213            =    0.044666
   RPHwx214            =    0.045300
   RPHwx215            =    0.045940
   RPHwx216            =    0.046587
   RPHwx217            =    0.047239
   RPHwx218            =    0.047897
   RPHwx219            =    0.048562
   RPHwx220            =    0.049232
   RPHwx221            =    0.049909
   RPHwx222            =    0.050592
   RPHwx223            =    0.051281
   RPHwx224            =    0.051976
   RPHwx225            =    0.052677
   RPHwx226            =    0.053385
   RPHwx227            =    0.054099
   RPHwx228            =    0.054820
   RPHwx229            =    0.055546
   RPHwx230            =    0.056279
   RPHwx231            =    0.057019
   RPHwx232            =    0.057765
   RPHwx233            =    0.058518
   RPHwx234            =    0.059277
   RPHwx235            =    0.060042
   RPHwx236            =    0.060814
   RPHwx237            =    0.061593
   RPHwx238            =    0.062379
   RPHwx239            =    0.063171
   RPHwx240            =    0.063969
   RPHwx241            =    0.064775
   RPHwx242            =    0.065587
   RPHwx243            =    0.066406
   RPHwx244            =    0.067231
   RPHwx245            =    0.068064
   RPHwx246            =    0.068903
   RPHwx247            =    0.069749
   RPHwx248            =    0.070602
   RPHwx249            =    0.071462
   RPHwx250            =    0.072329
   RPHwx251            =    0.073203
   RPHwx252            =    0.074084
   RPHwx253            =    0.074972
   RPHwx254            =    0.075867
   RPHwx255            =    0.076770
   RPHwx256            =    0.077679
   RPHwx257            =    0.078595
   RPHwx258            =    0.079519
   RPHwx259            =    0.080450
   RPHwx260            =    0.081388
   RPHwx261            =    0.082333
   RPHwx262            =    0.083286
   RPHwx263            =    0.084246
   RPHwx264            =    0.085213
   RPHwx265            =    0.086188
   RPHwx266            =    0.087170
   RPHwx267            =    0.088160
   RPHwx268            =    0.089156
   RPHwx269            =    0.090161
   RPHwx270            =    0.091173
   RPHwx271            =    0.092192
   RPHwx272            =    0.093220
   RPHwx273            =    0.094254
   RPHwx274            =    0.095297
   RPHwx275            =    0.096347
   RPHwx276            =    0.097404
   RPHwx277            =    0.098470
   RPHwx278            =    0.099543
   RPHwx279            =    0.100624
   RPHwx280            =    0.101712
   RPHwx281            =    0.102809
   RPHwx282            =    0.103913
   RPHwx283            =    0.105025
   RPHwx284            =    0.106146
   RPHwx285            =    0.107274
   RPHwx286            =    0.108410
   RPHwx287            =    0.109554
   RPHwx288            =    0.110706
   RPHwx289            =    0.111866
   RPHwx290            =    0.113034
   RPHwx291            =    0.114210
   RPHwx292            =    0.115395
   RPHwx293            =    0.116587
   RPHwx294            =    0.117788
   RPHwx295            =    0.118997
   RPHwx296            =    0.120214
   RPHwx297            =    0.121440
   RPHwx298            =    0.122674
   RPHwx299            =    0.123916
   RPHwx300            =    0.125166
   RPHwx301            =    0.126425
   RPHwx302            =    0.127693
   RPHwx303            =    0.128968
   RPHwx304            =    0.130253
   RPHwx305            =    0.131545
   RPHwx306            =    0.132846
   RPHwx307            =    0.134156
   RPHwx308            =    0.135475
   RPHwx309            =    0.136802
   RPHwx310            =    0.138137
   RPHwx311            =    0.139481
   RPHwx312            =    0.140834
   RPHwx313            =    0.142196
   RPHwx314            =    0.143567
   RPHwx315            =    0.144946
   RPHwx316            =    0.146334
   RPHwx317            =    0.147731
   RPHwx318            =    0.149136
   RPHwx319            =    0.150551
   RPHwx320            =    0.151974
   RPHwx321            =    0.153407
   RPHwx322            =    0.154848
   RPHwx323            =    0.156299
   RPHwx324            =    0.157758
   RPHwx325            =    0.159227
   RPHwx326            =    0.160704
   RPHwx327            =    0.162191
   RPHwx328            =    0.163687
   RPHwx329            =    0.165192
   RPHwx330            =    0.166706
   RPHwx331            =    0.168230
   RPHwx332            =    0.169762
   RPHwx333            =    0.171304
   RPHwx334            =    0.172856
   RPHwx335            =    0.174416
   RPHwx336            =    0.175986
   RPHwx337            =    0.177566
   RPHwx338            =    0.179154
   RPHwx339            =    0.180753
   RPHwx340            =    0.182360
   RPHwx341            =    0.183978
   RPHwx342            =    0.185604
   RPHwx343            =    0.187241
   RPHwx344            =    0.188887
   RPHwx345            =    0.190542
   RPHwx346            =    0.192208
   RPHwx347            =    0.193882
   RPHwx348            =    0.195567
   RPHwx349            =    0.197261
   RPHwx350            =    0.198965
   RPHwx351            =    0.200679
   RPHwx352            =    0.202403
   RPHwx353            =    0.204136
   RPHwx354            =    0.205880
   RPHwx355            =    0.207633
   RPHwx356            =    0.209396
   RPHwx357            =    0.211169
   RPHwx358            =    0.212952
   RPHwx359            =    0.214746
   RPHwx360            =    0.216549
   RPHwx361            =    0.218362
   RPHwx362            =    0.220185
   RPHwx363            =    0.222019
   RPHwx364            =    0.223862
   RPHwx365            =    0.225716
   RPHwx366            =    0.227580
   RPHwx367            =    0.229454
   RPHwx368            =    0.231339
   RPHwx369            =    0.233234
   RPHwx370            =    0.235139
   RPHwx371            =    0.237054
   RPHwx372            =    0.238980
   RPHwx373            =    0.240916
   RPHwx374            =    0.242863
   RPHwx375            =    0.244820
   RPHwx376            =    0.246787
   RPHwx377            =    0.248766
   RPHwx378            =    0.250754
   RPHwx379            =    0.252753
   RPHwx380            =    0.254763
   RPHwx381            =    0.256784
   RPHwx382            =    0.258815
   RPHwx383            =    0.260856
   RPHwx384            =    0.262909
   RPHwx385            =    0.264972
   RPHwx386            =    0.267046
   RPHwx387            =    0.269131
   RPHwx388            =    0.271227
   RPHwx389            =    0.273333
   RPHwx390            =    0.275450
   RPHwx391            =    0.277579
   RPHwx392            =    0.279718
   RPHwx393            =    0.281868
   RPHwx394            =    0.284029
   RPHwx395            =    0.286201
   RPHwx396            =    0.288384
   RPHwx397            =    0.290579
   RPHwx398            =    0.292784
   RPHwx399            =    0.295000
   RPHwx400            =    0.297228
   RPHwx401            =    0.299467
   RPHwx402            =    0.301717
   RPHwx403            =    0.303978
   RPHwx404            =    0.306251
   RPHwx405            =    0.308535
   RPHwx406            =    0.310830
   RPHwx407            =    0.313137
   RPHwx408            =    0.315454
   RPHwx409            =    0.317784
   RPHwx410            =    0.320125
   RPHwx411            =    0.322477
   RPHwx412            =    0.324841
   RPHwx413            =    0.327216
   RPHwx414            =    0.329603
   RPHwx415            =    0.332001
   RPHwx416            =    0.334411
   RPHwx417            =    0.336833
   RPHwx418            =    0.339266
   RPHwx419            =    0.341711
   RPHwx420            =    0.344168
   RPHwx421            =    0.346636
   RPHwx422            =    0.349116
   RPHwx423            =    0.351608
   RPHwx424            =    0.354112
   RPHwx425            =    0.356628
   RPHwx426            =    0.359156
   RPHwx427            =    0.361695
   RPHwx428            =    0.364247
   RPHwx429            =    0.366810
   RPHwx430            =    0.369385
   RPHwx431            =    0.371973
   RPHwx432            =    0.374572
   RPHwx433            =    0.377184
   RPHwx434            =    0.379808
   RPHwx435            =    0.382444
   RPHwx436            =    0.385092
   RPHwx437            =    0.387752
   RPHwx438            =    0.390424
   RPHwx439            =    0.393109
   RPHwx440            =    0.395806
   RPHwx441            =    0.398515
   RPHwx442            =    0.401237
   RPHwx443            =    0.403971
   RPHwx444            =    0.406717
   RPHwx445            =    0.409476
   RPHwx446            =    0.412247
   RPHwx447            =    0.415031
   RPHwx448            =    0.417827
   RPHwx449            =    0.420636
   RPHwx450            =    0.423457
   RPHwx451            =    0.426291
   RPHwx452            =    0.429137
   RPHwx453            =    0.431997
   RPHwx454            =    0.434868
   RPHwx455            =    0.437753
   RPHwx456            =    0.440650
   RPHwx457            =    0.443560
   RPHwx458            =    0.446483
   RPHwx459            =    0.449418
   RPHwx460            =    0.452367
   RPHwx461            =    0.455328
   RPHwx462            =    0.458302
   RPHwx463            =    0.461290
   RPHwx464            =    0.464290
   RPHwx465            =    0.467303
   RPHwx466            =    0.470329
   RPHwx467            =    0.473368
   RPHwx468            =    0.476420
   RPHwx469            =    0.479485
   RPHwx470            =    0.482564
   RPHwx471            =    0.485655
   RPHwx472            =    0.488760
   RPHwx473            =    0.491878
   RPHwx474            =    0.495009
   RPHwx475            =    0.498153
   RPHwx476            =    0.501311
   RPHwx477            =    0.504482
   RPHwx478            =    0.507666
   RPHwx479            =    0.510864
   RPHwx480            =    0.514075
   RPHwx481            =    0.517299
   RPHwx482            =    0.520537
   RPHwx483            =    0.523789
   RPHwx484            =    0.527054
   RPHwx485            =    0.530332
   RPHwx486            =    0.533624
   RPHwx487            =    0.536930
   RPHwx488            =    0.540249
   RPHwx489            =    0.543582
   RPHwx490            =    0.546929
   RPHwx491            =    0.550289
   RPHwx492            =    0.553664
   RPHwx493            =    0.557051
   RPHwx494            =    0.560453
   RPHwx495            =    0.563868
   RPHwx496            =    0.567298
   RPHwx497            =    0.570741
   RPHwx498            =    0.574198
   RPHwx499            =    0.577669
   RPHwx500            =    0.581154
   RPHwx501            =    0.584653
   RPHwx502            =    0.588166
   RPHwx503            =    0.591693
   RPHwx504            =    0.595234
   RPHwx505            =    0.598789
   RPHwx506            =    0.602359
   RPHwx507            =    0.605942
   RPHwx508            =    0.609540
   RPHwx509            =    0.613152
   RPHwx510            =    0.616778
   RPHwx511            =    0.620418
   RPHwx512            =    0.624073
   RPHwx513            =    0.627742
   RPHwx514            =    0.631425
   RPHwx515            =    0.635123
   RPHwx516            =    0.638835
   RPHwx517            =    0.642562
   RPHwx518            =    0.646303
   RPHwx519            =    0.650058
   RPHwx520            =    0.653828
   RPHwx521            =    0.657613
   RPHwx522            =    0.661412
   RPHwx523            =    0.665226
   RPHwx524            =    0.669054
   RPHwx525            =    0.672897
   RPHwx526            =    0.676755
   RPHwx527            =    0.680628
   RPHwx528            =    0.684515
   RPHwx529            =    0.688417
   RPHwx530            =    0.692334
   RPHwx531            =    0.696265
   RPHwx532            =    0.700212
   RPHwx533            =    0.704173
   RPHwx534            =    0.708150
   RPHwx535            =    0.712141
   RPHwx536            =    0.716147
   RPHwx537            =    0.720168
   RPHwx538            =    0.724204
   RPHwx539            =    0.728256
   RPHwx540            =    0.732322
   RPHwx541            =    0.736404
   RPHwx542            =    0.740500
   RPHwx543            =    0.744612
   RPHwx544            =    0.748739
   RPHwx545            =    0.752881
   RPHwx546            =    0.757038
   RPHwx547            =    0.761211
   RPHwx548            =    0.765399
   RPHwx549            =    0.769603
   RPHwx550            =    0.773821
   RPHwx551            =    0.778055
   RPHwx552            =    0.782305
   RPHwx553            =    0.786570
   RPHwx554            =    0.790850
   RPHwx555            =    0.795146
   RPHwx556            =    0.799458
   RPHwx557            =    0.803785
   RPHwx558            =    0.808127
   RPHwx559            =    0.812485
   RPHwx560            =    0.816859
   RPHwx561            =    0.821249
   RPHwx562            =    0.825654
   RPHwx563            =    0.830075
   RPHwx564            =    0.834512
   RPHwx565            =    0.838964
   RPHwx566            =    0.843432
   RPHwx567            =    0.847917
   RPHwx568            =    0.852417
   RPHwx569            =    0.856932
   RPHwx570            =    0.861464
   RPHwx571            =    0.866012
   RPHwx572            =    0.870576
   RPHwx573            =    0.875155
   RPHwx574            =    0.879751
   RPHwx575            =    0.884363
   RPHwx576            =    0.888991
   RPHwx577            =    0.893635
   RPHwx578            =    0.898295
   RPHwx579            =    0.902972
   RPHwx580            =    0.907664
   RPHwx581            =    0.912373
   RPHwx582            =    0.917098
   RPHwx583            =    0.921839
   RPHwx584            =    0.926597
   RPHwx585            =    0.931371
   RPHwx586            =    0.936161
   RPHwx587            =    0.940968
   RPHwx588            =    0.945791
   RPHwx589            =    0.950631
   RPHwx590            =    0.955487
   RPHwx591            =    0.960360
   RPHwx592            =    0.965249
   RPHwx593            =    0.970154
   RPHwx594            =    0.975077
   RPHwx595            =    0.980016
   RPHwx596            =    0.984971
   RPHwx597            =    0.989944
   RPHwx598            =    0.994933
   RPHwx599            =    0.999938
   RPHwx600            =    1.004961
   RPHwx601            =    1.010000
   RPHwv1              =   -1.000000
   RPHwv2              =   -1.000000
   RPHwv3              =   -1.000000
   RPHwv4              =   -1.000000
   RPHwv5              =   -1.000000
   RPHwv6              =   -1.000000
   RPHwv7              =   -1.000001
   RPHwv8              =   -1.000001
   RPHwv9              =   -1.000002
   RPHwv10             =   -1.000002
   RPHwv11             =   -1.000003
   RPHwv12             =   -1.000004
   RPHwv13             =   -1.000005
   RPHwv14             =   -1.000006
   RPHwv15             =   -1.000007
   RPHwv16             =   -1.000008
   RPHwv17             =   -1.000010
   RPHwv18             =   -1.000011
   RPHwv19             =   -1.000013
   RPHwv20             =   -1.000015
   RPHwv21             =   -1.000017
   RPHwv22             =   -1.000020
   RPHwv23             =   -1.000022
   RPHwv24             =   -1.000025
   RPHwv25             =   -1.000028
   RPHwv26             =   -1.000031
   RPHwv27             =   -1.000034
   RPHwv28             =   -1.000037
   RPHwv29             =   -1.000041
   RPHwv30             =   -1.000045
   RPHwv31             =   -1.000049
   RPHwv32             =   -1.000053
   RPHwv33             =   -1.000057
   RPHwv34             =   -1.000062
   RPHwv35             =   -1.000067
   RPHwv36             =   -1.000072
   RPHwv37             =   -1.000077
   RPHwv38             =   -1.000083
   RPHwv39             =   -1.000088
   RPHwv40             =   -1.000094
   RPHwv41             =   -1.000101
   RPHwv42             =   -1.000107
   RPHwv43             =   -1.000114
   RPHwv44             =   -1.000121
   RPHwv45             =   -1.000128
   RPHwv46             =   -1.000135
   RPHwv47             =   -1.000143
   RPHwv48             =   -1.000150
   RPHwv49             =   -1.000158
   RPHwv50             =   -1.000167
   RPHwv51             =   -1.000175
   RPHwv52             =   -1.000184
   RPHwv53             =   -1.000193
   RPHwv54             =   -1.000202
   RPHwv55             =   -1.000212
   RPHwv56             =   -1.000222
   RPHwv57             =   -1.000232
   RPHwv58             =   -1.000242
   RPHwv59             =   -1.000253
   RPHwv60             =   -1.000263
   RPHwv61             =   -1.000274
   RPHwv62             =   -1.000286
   RPHwv63             =   -1.000297
   RPHwv64             =   -1.000309
   RPHwv65             =   -1.000321
   RPHwv66             =   -1.000333
   RPHwv67             =   -1.000346
   RPHwv68             =   -1.000358
   RPHwv69             =   -1.000371
   RPHwv70             =   -1.000384
   RPHwv71             =   -1.000398
   RPHwv72             =   -1.000412
   RPHwv73             =   -1.000426
   RPHwv74             =   -1.000440
   RPHwv75             =   -1.000454
   RPHwv76             =   -1.000469
   RPHwv77             =   -1.000484
   RPHwv78             =   -1.000499
   RPHwv79             =   -1.000514
   RPHwv80             =   -1.000530
   RPHwv81             =   -1.000546
   RPHwv82             =   -1.000562
   RPHwv83             =   -1.000578
   RPHwv84             =   -1.000595
   RPHwv85             =   -1.000612
   RPHwv86             =   -1.000629
   RPHwv87             =   -1.000646
   RPHwv88             =   -1.000663
   RPHwv89             =   -1.000681
   RPHwv90             =   -1.000699
   RPHwv91             =   -1.000717
   RPHwv92             =   -1.000735
   RPHwv93             =   -1.000754
   RPHwv94             =   -1.000773
   RPHwv95             =   -1.000792
   RPHwv96             =   -1.000811
   RPHwv97             =   -1.000831
   RPHwv98             =   -1.000850
   RPHwv99             =   -1.000870
   RPHwv100            =   -1.000890
   RPHwv101            =   -1.000910
   RPHwv102            =   -1.000931
   RPHwv103            =   -1.000951
   RPHwv104            =   -1.000972
   RPHwv105            =   -1.000993
   RPHwv106            =   -1.001015
   RPHwv107            =   -1.001036
   RPHwv108            =   -1.001058
   RPHwv109            =   -1.001079
   RPHwv110            =   -1.001101
   RPHwv111            =   -1.001124
   RPHwv112            =   -1.001146
   RPHwv113            =   -1.001168
   RPHwv114            =   -1.001191
   RPHwv115            =   -1.001214
   RPHwv116            =   -1.001237
   RPHwv117            =   -1.001260
   RPHwv118            =   -1.001284
   RPHwv119            =   -1.001307
   RPHwv120            =   -1.001331
   RPHwv121            =   -1.001355
   RPHwv122            =   -1.001379
   RPHwv123            =   -1.001403
   RPHwv124            =   -1.001427
   RPHwv125            =   -1.001451
   RPHwv126            =   -1.001476
   RPHwv127            =   -1.001501
   RPHwv128            =   -1.001525
   RPHwv129            =   -1.001550
   RPHwv130            =   -1.001576
   RPHwv131            =   -1.001601
   RPHwv132            =   -1.001626
   RPHwv133            =   -1.001651
   RPHwv134            =   -1.001677
   RPHwv135            =   -1.001703
   RPHwv136            =   -1.001728
   RPHwv137            =   -1.001754
   RPHwv138            =   -1.001780
   RPHwv139            =   -1.001806
   RPHwv140            =   -1.001833
   RPHwv141            =   -1.001859
   RPHwv142            =   -1.001885
   RPHwv143            =   -1.001912
   RPHwv144            =   -1.001938
   RPHwv145            =   -1.001965
   RPHwv146            =   -1.001991
   RPHwv147            =   -1.002018
   RPHwv148            =   -1.002045
   RPHwv149            =   -1.002072
   RPHwv150            =   -1.002099
   RPHwv151            =   -1.002126
   RPHwv152            =   -1.002153
   RPHwv153            =   -1.002180
   RPHwv154            =   -1.002207
   RPHwv155            =   -1.002234
   RPHwv156            =   -1.002261
   RPHwv157            =   -1.002289
   RPHwv158            =   -1.002316
   RPHwv159            =   -1.002343
   RPHwv160            =   -1.002371
   RPHwv161            =   -1.002398
   RPHwv162            =   -1.002425
   RPHwv163            =   -1.002453
   RPHwv164            =   -1.002480
   RPHwv165            =   -1.002507
   RPHwv166            =   -1.002535
   RPHwv167            =   -1.002562
   RPHwv168            =   -1.002589
   RPHwv169            =   -1.002617
   RPHwv170            =   -1.002644
   RPHwv171            =   -1.002671
   RPHwv172            =   -1.002699
   RPHwv173            =   -1.002726
   RPHwv174            =   -1.002753
   RPHwv175            =   -1.002780
   RPHwv176            =   -1.002807
   RPHwv177            =   -1.002834
   RPHwv178            =   -1.002861
   RPHwv179            =   -1.002888
   RPHwv180            =   -1.002915
   RPHwv181            =   -1.002942
   RPHwv182            =   -1.002969
   RPHwv183            =   -1.002995
   RPHwv184            =   -1.003022
   RPHwv185            =   -1.003048
   RPHwv186            =   -1.003075
   RPHwv187            =   -1.003101
   RPHwv188            =   -1.003127
   RPHwv189            =   -1.003153
   RPHwv190            =   -1.003179
   RPHwv191            =   -1.003205
   RPHwv192            =   -1.003231
   RPHwv193            =   -1.003256
   RPHwv194            =   -1.003282
   RPHwv195            =   -1.003307
   RPHwv196            =   -1.003333
   RPHwv197            =   -1.003358
   RPHwv198            =   -1.003383
   RPHwv199            =   -1.003407
   RPHwv200            =   -1.003432
   RPHwv201            =   -1.003457
   RPHwv202            =   -1.003481
   RPHwv203            =   -1.003505
   RPHwv204            =   -1.003529
   RPHwv205            =   -1.003553
   RPHwv206            =   -1.003576
   RPHwv207            =   -1.003600
   RPHwv208            =   -1.003623
   RPHwv209            =   -1.003646
   RPHwv210            =   -1.003669
   RPHwv211            =   -1.003691
   RPHwv212            =   -1.003714
   RPHwv213            =   -1.003736
   RPHwv214            =   -1.003758
   RPHwv215            =   -1.003780
   RPHwv216            =   -1.003801
   RPHwv217            =   -1.003822
   RPHwv218            =   -1.003843
   RPHwv219            =   -1.003864
   RPHwv220            =   -1.003884
   RPHwv221            =   -1.003905
   RPHwv222            =   -1.003925
   RPHwv223            =   -1.003944
   RPHwv224            =   -1.003964
   RPHwv225            =   -1.003983
   RPHwv226            =   -1.004002
   RPHwv227            =   -1.004020
   RPHwv228            =   -1.004038
   RPHwv229            =   -1.004056
   RPHwv230            =   -1.004074
   RPHwv231            =   -1.004091
   RPHwv232            =   -1.004108
   RPHwv233            =   -1.004125
   RPHwv234            =   -1.004141
   RPHwv235            =   -1.004157
   RPHwv236            =   -1.004173
   RPHwv237            =   -1.004188
   RPHwv238            =   -1.004203
   RPHwv239            =   -1.004218
   RPHwv240            =   -1.004232
   RPHwv241            =   -1.004246
   RPHwv242            =   -1.004259
   RPHwv243            =   -1.004272
   RPHwv244            =   -1.004285
   RPHwv245            =   -1.004298
   RPHwv246            =   -1.004310
   RPHwv247            =   -1.004321
   RPHwv248            =   -1.004332
   RPHwv249            =   -1.004343
   RPHwv250            =   -1.004353
   RPHwv251            =   -1.004363
   RPHwv252            =   -1.004373
   RPHwv253            =   -1.004382
   RPHwv254            =   -1.004390
   RPHwv255            =   -1.004398
   RPHwv256            =   -1.004406
   RPHwv257            =   -1.004413
   RPHwv258            =   -1.004420
   RPHwv259            =   -1.004426
   RPHwv260            =   -1.004432
   RPHwv261            =   -1.004438
   RPHwv262            =   -1.004443
   RPHwv263            =   -1.004447
   RPHwv264            =   -1.004451
   RPHwv265            =   -1.004454
   RPHwv266            =   -1.004457
   RPHwv267            =   -1.004459
   RPHwv268            =   -1.004461
   RPHwv269            =   -1.004463
   RPHwv270            =   -1.004464
   RPHwv271            =   -1.004464
   RPHwv272            =   -1.004464
   RPHwv273            =   -1.004463
   RPHwv274            =   -1.004461
   RPHwv275            =   -1.004460
   RPHwv276            =   -1.004457
   RPHwv277            =   -1.004454
   RPHwv278            =   -1.004451
   RPHwv279            =   -1.004446
   RPHwv280            =   -1.004442
   RPHwv281            =   -1.004436
   RPHwv282            =   -1.004430
   RPHwv283            =   -1.004424
   RPHwv284            =   -1.004417
   RPHwv285            =   -1.004409
   RPHwv286            =   -1.004401
   RPHwv287            =   -1.004392
   RPHwv288            =   -1.004382
   RPHwv289            =   -1.004372
   RPHwv290            =   -1.004361
   RPHwv291            =   -1.004350
   RPHwv292            =   -1.004338
   RPHwv293            =   -1.004325
   RPHwv294            =   -1.004311
   RPHwv295            =   -1.004297
   RPHwv296            =   -1.004283
   RPHwv297            =   -1.004267
   RPHwv298            =   -1.004251
   RPHwv299            =   -1.004234
   RPHwv300            =   -1.004217
   RPHwv301            =   -1.004199
   RPHwv302            =   -1.004180
   RPHwv303            =   -1.004160
   RPHwv304            =   -1.004140
   RPHwv305            =   -1.004119
   RPHwv306            =   -1.004098
   RPHwv307            =   -1.004075
   RPHwv308            =   -1.004052
   RPHwv309            =   -1.004028
   RPHwv310            =   -1.004004
   RPHwv311            =   -1.003979
   RPHwv312            =   -1.003953
   RPHwv313            =   -1.003926
   RPHwv314            =   -1.003898
   RPHwv315            =   -1.003870
   RPHwv316            =   -1.003841
   RPHwv317            =   -1.003811
   RPHwv318            =   -1.003781
   RPHwv319            =   -1.003750
   RPHwv320            =   -1.003718
   RPHwv321            =   -1.003685
   RPHwv322            =   -1.003651
   RPHwv323            =   -1.003617
   RPHwv324            =   -1.003582
   RPHwv325            =   -1.003546
   RPHwv326            =   -1.003509
   RPHwv327            =   -1.003471
   RPHwv328            =   -1.003433
   RPHwv329            =   -1.003394
   RPHwv330            =   -1.003354
   RPHwv331            =   -1.003313
   RPHwv332            =   -1.003272
   RPHwv333            =   -1.003229
   RPHwv334            =   -1.003186
   RPHwv335            =   -1.003142
   RPHwv336            =   -1.003097
   RPHwv337            =   -1.003052
   RPHwv338            =   -1.003005
   RPHwv339            =   -1.002958
   RPHwv340            =   -1.002910
   RPHwv341            =   -1.002861
   RPHwv342            =   -1.002811
   RPHwv343            =   -1.002761
   RPHwv344            =   -1.002709
   RPHwv345            =   -1.002657
   RPHwv346            =   -1.002604
   RPHwv347            =   -1.002550
   RPHwv348            =   -1.002495
   RPHwv349            =   -1.002439
   RPHwv350            =   -1.002383
   RPHwv351            =   -1.002326
   RPHwv352            =   -1.002267
   RPHwv353            =   -1.002208
   RPHwv354            =   -1.002149
   RPHwv355            =   -1.002088
   RPHwv356            =   -1.002026
   RPHwv357            =   -1.001964
   RPHwv358            =   -1.001901
   RPHwv359            =   -1.001837
   RPHwv360            =   -1.001772
   RPHwv361            =   -1.001706
   RPHwv362            =   -1.001639
   RPHwv363            =   -1.001572
   RPHwv364            =   -1.001504
   RPHwv365            =   -1.001435
   RPHwv366            =   -1.001365
   RPHwv367            =   -1.001294
   RPHwv368            =   -1.001222
   RPHwv369            =   -1.001150
   RPHwv370            =   -1.001077
   RPHwv371            =   -1.001003
   RPHwv372            =   -1.000928
   RPHwv373            =   -1.000852
   RPHwv374            =   -1.000776
   RPHwv375            =   -1.000698
   RPHwv376            =   -1.000620
   RPHwv377            =   -1.000541
   RPHwv378            =   -1.000461
   RPHwv379            =   -1.000381
   RPHwv380            =   -1.000300
   RPHwv381            =   -1.000218
   RPHwv382            =   -1.000135
   RPHwv383            =   -1.000051
   RPHwv384            =   -0.999967
   RPHwv385            =   -0.999881
   RPHwv386            =   -0.999795
   RPHwv387            =   -0.999709
   RPHwv388            =   -0.999621
   RPHwv389            =   -0.999533
   RPHwv390            =   -0.999444
   RPHwv391            =   -0.999355
   RPHwv392            =   -0.999264
   RPHwv393            =   -0.999173
   RPHwv394            =   -0.999082
   RPHwv395            =   -0.998989
   RPHwv396            =   -0.998896
   RPHwv397            =   -0.998802
   RPHwv398            =   -0.998708
   RPHwv399            =   -0.998613
   RPHwv400            =   -0.998517
   RPHwv401            =   -0.998420
   RPHwv402            =   -0.998323
   RPHwv403            =   -0.998226
   RPHwv404            =   -0.998128
   RPHwv405            =   -0.998029
   RPHwv406            =   -0.997929
   RPHwv407            =   -0.997829
   RPHwv408            =   -0.997729
   RPHwv409            =   -0.997627
   RPHwv410            =   -0.997526
   RPHwv411            =   -0.997423
   RPHwv412            =   -0.997321
   RPHwv413            =   -0.997217
   RPHwv414            =   -0.997114
   RPHwv415            =   -0.997009
   RPHwv416            =   -0.996905
   RPHwv417            =   -0.996800
   RPHwv418            =   -0.996694
   RPHwv419            =   -0.996588
   RPHwv420            =   -0.996481
   RPHwv421            =   -0.996375
   RPHwv422            =   -0.996267
   RPHwv423            =   -0.996160
   RPHwv424            =   -0.996052
   RPHwv425            =   -0.995944
   RPHwv426            =   -0.995835
   RPHwv427            =   -0.995726
   RPHwv428            =   -0.995617
   RPHwv429            =   -0.995507
   RPHwv430            =   -0.995398
   RPHwv431            =   -0.995288
   RPHwv432            =   -0.995177
   RPHwv433            =   -0.995067
   RPHwv434            =   -0.994956
   RPHwv435            =   -0.994846
   RPHwv436            =   -0.994735
   RPHwv437            =   -0.994624
   RPHwv438            =   -0.994512
   RPHwv439            =   -0.994401
   RPHwv440            =   -0.994290
   RPHwv441            =   -0.994178
   RPHwv442            =   -0.994067
   RPHwv443            =   -0.993955
   RPHwv444            =   -0.993844
   RPHwv445            =   -0.993732
   RPHwv446            =   -0.993620
   RPHwv447            =   -0.993509
   RPHwv448            =   -0.993398
   RPHwv449            =   -0.993286
   RPHwv450            =   -0.993175
   RPHwv451            =   -0.993064
   RPHwv452            =   -0.992953
   RPHwv453            =   -0.992842
   RPHwv454            =   -0.992731
   RPHwv455            =   -0.992621
   RPHwv456            =   -0.992511
   RPHwv457            =   -0.992401
   RPHwv458            =   -0.992291
   RPHwv459            =   -0.992181
   RPHwv460            =   -0.992072
   RPHwv461            =   -0.991963
   RPHwv462            =   -0.991855
   RPHwv463            =   -0.991746
   RPHwv464            =   -0.991639
   RPHwv465            =   -0.991531
   RPHwv466            =   -0.991424
   RPHwv467            =   -0.991317
   RPHwv468            =   -0.991211
   RPHwv469            =   -0.991105
   RPHwv470            =   -0.991000
   RPHwv471            =   -0.990896
   RPHwv472            =   -0.990791
   RPHwv473            =   -0.990688
   RPHwv474            =   -0.990584
   RPHwv475            =   -0.990482
   RPHwv476            =   -0.990380
   RPHwv477            =   -0.990279
   RPHwv478            =   -0.990178
   RPHwv479            =   -0.990078
   RPHwv480            =   -0.989978
   RPHwv481            =   -0.989879
   RPHwv482            =   -0.989781
   RPHwv483            =   -0.989684
   RPHwv484            =   -0.989587
   RPHwv485            =   -0.989491
   RPHwv486            =   -0.989396
   RPHwv487            =   -0.989302
   RPHwv488            =   -0.989208
   RPHwv489            =   -0.989115
   RPHwv490            =   -0.989023
   RPHwv491            =   -0.988932
   RPHwv492            =   -0.988842
   RPHwv493            =   -0.988752
   RPHwv494            =   -0.988663
   RPHwv495            =   -0.988575
   RPHwv496            =   -0.988489
   RPHwv497            =   -0.988403
   RPHwv498            =   -0.988317
   RPHwv499            =   -0.988233
   RPHwv500            =   -0.988150
   RPHwv501            =   -0.988068
   RPHwv502            =   -0.987986
   RPHwv503            =   -0.987906
   RPHwv504            =   -0.987826
   RPHwv505            =   -0.987748
   RPHwv506            =   -0.987670
   RPHwv507            =   -0.987593
   RPHwv508            =   -0.987518
   RPHwv509            =   -0.987443
   RPHwv510            =   -0.987370
   RPHwv511            =   -0.987297
   RPHwv512            =   -0.987226
   RPHwv513            =   -0.987155
   RPHwv514            =   -0.987086
   RPHwv515            =   -0.987017
   RPHwv516            =   -0.986950
   RPHwv517            =   -0.986883
   RPHwv518            =   -0.986818
   RPHwv519            =   -0.986754
   RPHwv520            =   -0.986690
   RPHwv521            =   -0.986628
   RPHwv522            =   -0.986567
   RPHwv523            =   -0.986507
   RPHwv524            =   -0.986447
   RPHwv525            =   -0.986389
   RPHwv526            =   -0.986332
   RPHwv527            =   -0.986276
   RPHwv528            =   -0.986221
   RPHwv529            =   -0.986167
   RPHwv530            =   -0.986114
   RPHwv531            =   -0.986063
   RPHwv532            =   -0.986012
   RPHwv533            =   -0.985962
   RPHwv534            =   -0.985913
   RPHwv535            =   -0.985865
   RPHwv536            =   -0.985818
   RPHwv537            =   -0.985773
   RPHwv538            =   -0.985728
   RPHwv539            =   -0.985684
   RPHwv540            =   -0.985641
   RPHwv541            =   -0.985599
   RPHwv542            =   -0.985558
   RPHwv543            =   -0.985518
   RPHwv544            =   -0.985480
   RPHwv545            =   -0.985441
   RPHwv546            =   -0.985404
   RPHwv547            =   -0.985368
   RPHwv548            =   -0.985333
   RPHwv549            =   -0.985299
   RPHwv550            =   -0.985265
   RPHwv551            =   -0.985233
   RPHwv552            =   -0.985201
   RPHwv553            =   -0.985170
   RPHwv554            =   -0.985140
   RPHwv555            =   -0.985111
   RPHwv556            =   -0.985083
   RPHwv557            =   -0.985056
   RPHwv558            =   -0.985029
   RPHwv559            =   -0.985003
   RPHwv560            =   -0.984978
   RPHwv561            =   -0.984954
   RPHwv562            =   -0.984930
   RPHwv563            =   -0.984908
   RPHwv564            =   -0.984886
   RPHwv565            =   -0.984864
   RPHwv566            =   -0.984844
   RPHwv567            =   -0.984824
   RPHwv568            =   -0.984805
   RPHwv569            =   -0.984787
   RPHwv570            =   -0.984769
   RPHwv571            =   -0.984752
   RPHwv572            =   -0.984735
   RPHwv573            =   -0.984719
   RPHwv574            =   -0.984704
   RPHwv575            =   -0.984689
   RPHwv576            =   -0.984675
   RPHwv577            =   -0.984662
   RPHwv578            =   -0.984649
   RPHwv579            =   -0.984636
   RPHwv580            =   -0.984624
   RPHwv581            =   -0.984613
   RPHwv582            =   -0.984602
   RPHwv583            =   -0.984592
   RPHwv584            =   -0.984582
   RPHwv585            =   -0.984572
   RPHwv586            =   -0.984563
   RPHwv587            =   -0.984554
   RPHwv588            =   -0.984546
   RPHwv589            =   -0.984538
   RPHwv590            =   -0.984531
   RPHwv591            =   -0.984524
   RPHwv592            =   -0.984517
   RPHwv593            =   -0.984511
   RPHwv594            =   -0.984505
   RPHwv595            =   -0.984499
   RPHwv596            =   -0.984494
   RPHwv597            =   -0.984489
   RPHwv598            =   -0.984484
   RPHwv599            =   -0.984480
   RPHwv600            =   -0.984475
   RPHwv601            =   -0.984471
spline parametrization: RPHkineticity
 number of pixels (RPHkineticity_Spline_Pixels): 601
 null value:     0.000000
   RPHkineticityx1     =    0.000000
   RPHkineticityx2     =    0.000000
   RPHkineticityx3     =    0.000000
   RPHkineticityx4     =    0.000000
   RPHkineticityx5     =    0.000000
   RPHkineticityx6     =    0.000001
   RPHkineticityx7     =    0.000001
   RPHkineticityx8     =    0.000002
   RPHkineticityx9     =    0.000003
   RPHkineticityx10    =    0.000004
   RPHkineticityx11    =    0.000005
   RPHkineticityx12    =    0.000007
   RPHkineticityx13    =    0.000009
   RPHkineticityx14    =    0.000011
   RPHkineticityx15    =    0.000014
   RPHkineticityx16    =    0.000017
   RPHkineticityx17    =    0.000020
   RPHkineticityx18    =    0.000024
   RPHkineticityx19    =    0.000029
   RPHkineticityx20    =    0.000033
   RPHkineticityx21    =    0.000039
   RPHkineticityx22    =    0.000045
   RPHkineticityx23    =    0.000052
   RPHkineticityx24    =    0.000059
   RPHkineticityx25    =    0.000067
   RPHkineticityx26    =    0.000075
   RPHkineticityx27    =    0.000085
   RPHkineticityx28    =    0.000095
   RPHkineticityx29    =    0.000106
   RPHkineticityx30    =    0.000117
   RPHkineticityx31    =    0.000130
   RPHkineticityx32    =    0.000143
   RPHkineticityx33    =    0.000157
   RPHkineticityx34    =    0.000172
   RPHkineticityx35    =    0.000188
   RPHkineticityx36    =    0.000205
   RPHkineticityx37    =    0.000223
   RPHkineticityx38    =    0.000242
   RPHkineticityx39    =    0.000262
   RPHkineticityx40    =    0.000283
   RPHkineticityx41    =    0.000305
   RPHkineticityx42    =    0.000328
   RPHkineticityx43    =    0.000353
   RPHkineticityx44    =    0.000378
   RPHkineticityx45    =    0.000405
   RPHkineticityx46    =    0.000433
   RPHkineticityx47    =    0.000463
   RPHkineticityx48    =    0.000493
   RPHkineticityx49    =    0.000525
   RPHkineticityx50    =    0.000559
   RPHkineticityx51    =    0.000593
   RPHkineticityx52    =    0.000630
   RPHkineticityx53    =    0.000667
   RPHkineticityx54    =    0.000706
   RPHkineticityx55    =    0.000747
   RPHkineticityx56    =    0.000789
   RPHkineticityx57    =    0.000832
   RPHkineticityx58    =    0.000877
   RPHkineticityx59    =    0.000924
   RPHkineticityx60    =    0.000973
   RPHkineticityx61    =    0.001023
   RPHkineticityx62    =    0.001074
   RPHkineticityx63    =    0.001128
   RPHkineticityx64    =    0.001183
   RPHkineticityx65    =    0.001240
   RPHkineticityx66    =    0.001299
   RPHkineticityx67    =    0.001359
   RPHkineticityx68    =    0.001422
   RPHkineticityx69    =    0.001486
   RPHkineticityx70    =    0.001553
   RPHkineticityx71    =    0.001621
   RPHkineticityx72    =    0.001691
   RPHkineticityx73    =    0.001763
   RPHkineticityx74    =    0.001837
   RPHkineticityx75    =    0.001914
   RPHkineticityx76    =    0.001992
   RPHkineticityx77    =    0.002072
   RPHkineticityx78    =    0.002155
   RPHkineticityx79    =    0.002240
   RPHkineticityx80    =    0.002327
   RPHkineticityx81    =    0.002416
   RPHkineticityx82    =    0.002507
   RPHkineticityx83    =    0.002601
   RPHkineticityx84    =    0.002697
   RPHkineticityx85    =    0.002795
   RPHkineticityx86    =    0.002896
   RPHkineticityx87    =    0.002999
   RPHkineticityx88    =    0.003104
   RPHkineticityx89    =    0.003212
   RPHkineticityx90    =    0.003323
   RPHkineticityx91    =    0.003436
   RPHkineticityx92    =    0.003551
   RPHkineticityx93    =    0.003669
   RPHkineticityx94    =    0.003790
   RPHkineticityx95    =    0.003913
   RPHkineticityx96    =    0.004039
   RPHkineticityx97    =    0.004167
   RPHkineticityx98    =    0.004298
   RPHkineticityx99    =    0.004432
   RPHkineticityx100   =    0.004569
   RPHkineticityx101   =    0.004708
   RPHkineticityx102   =    0.004851
   RPHkineticityx103   =    0.004996
   RPHkineticityx104   =    0.005144
   RPHkineticityx105   =    0.005295
   RPHkineticityx106   =    0.005448
   RPHkineticityx107   =    0.005605
   RPHkineticityx108   =    0.005765
   RPHkineticityx109   =    0.005928
   RPHkineticityx110   =    0.006093
   RPHkineticityx111   =    0.006262
   RPHkineticityx112   =    0.006434
   RPHkineticityx113   =    0.006609
   RPHkineticityx114   =    0.006787
   RPHkineticityx115   =    0.006969
   RPHkineticityx116   =    0.007153
   RPHkineticityx117   =    0.007341
   RPHkineticityx118   =    0.007532
   RPHkineticityx119   =    0.007726
   RPHkineticityx120   =    0.007924
   RPHkineticityx121   =    0.008125
   RPHkineticityx122   =    0.008329
   RPHkineticityx123   =    0.008537
   RPHkineticityx124   =    0.008748
   RPHkineticityx125   =    0.008963
   RPHkineticityx126   =    0.009181
   RPHkineticityx127   =    0.009403
   RPHkineticityx128   =    0.009628
   RPHkineticityx129   =    0.009856
   RPHkineticityx130   =    0.010089
   RPHkineticityx131   =    0.010325
   RPHkineticityx132   =    0.010564
   RPHkineticityx133   =    0.010807
   RPHkineticityx134   =    0.011054
   RPHkineticityx135   =    0.011305
   RPHkineticityx136   =    0.011560
   RPHkineticityx137   =    0.011818
   RPHkineticityx138   =    0.012080
   RPHkineticityx139   =    0.012346
   RPHkineticityx140   =    0.012616
   RPHkineticityx141   =    0.012889
   RPHkineticityx142   =    0.013167
   RPHkineticityx143   =    0.013449
   RPHkineticityx144   =    0.013734
   RPHkineticityx145   =    0.014024
   RPHkineticityx146   =    0.014317
   RPHkineticityx147   =    0.014615
   RPHkineticityx148   =    0.014917
   RPHkineticityx149   =    0.015223
   RPHkineticityx150   =    0.015533
   RPHkineticityx151   =    0.015847
   RPHkineticityx152   =    0.016166
   RPHkineticityx153   =    0.016488
   RPHkineticityx154   =    0.016815
   RPHkineticityx155   =    0.017146
   RPHkineticityx156   =    0.017482
   RPHkineticityx157   =    0.017822
   RPHkineticityx158   =    0.018166
   RPHkineticityx159   =    0.018515
   RPHkineticityx160   =    0.018868
   RPHkineticityx161   =    0.019226
   RPHkineticityx162   =    0.019588
   RPHkineticityx163   =    0.019955
   RPHkineticityx164   =    0.020326
   RPHkineticityx165   =    0.020701
   RPHkineticityx166   =    0.021082
   RPHkineticityx167   =    0.021467
   RPHkineticityx168   =    0.021856
   RPHkineticityx169   =    0.022251
   RPHkineticityx170   =    0.022650
   RPHkineticityx171   =    0.023054
   RPHkineticityx172   =    0.023462
   RPHkineticityx173   =    0.023875
   RPHkineticityx174   =    0.024294
   RPHkineticityx175   =    0.024717
   RPHkineticityx176   =    0.025145
   RPHkineticityx177   =    0.025577
   RPHkineticityx178   =    0.026015
   RPHkineticityx179   =    0.026458
   RPHkineticityx180   =    0.026906
   RPHkineticityx181   =    0.027358
   RPHkineticityx182   =    0.027816
   RPHkineticityx183   =    0.028279
   RPHkineticityx184   =    0.028747
   RPHkineticityx185   =    0.029220
   RPHkineticityx186   =    0.029698
   RPHkineticityx187   =    0.030182
   RPHkineticityx188   =    0.030671
   RPHkineticityx189   =    0.031165
   RPHkineticityx190   =    0.031664
   RPHkineticityx191   =    0.032168
   RPHkineticityx192   =    0.032678
   RPHkineticityx193   =    0.033193
   RPHkineticityx194   =    0.033714
   RPHkineticityx195   =    0.034240
   RPHkineticityx196   =    0.034771
   RPHkineticityx197   =    0.035308
   RPHkineticityx198   =    0.035851
   RPHkineticityx199   =    0.036399
   RPHkineticityx200   =    0.036952
   RPHkineticityx201   =    0.037511
   RPHkineticityx202   =    0.038076
   RPHkineticityx203   =    0.038646
   RPHkineticityx204   =    0.039222
   RPHkineticityx205   =    0.039804
   RPHkineticityx206   =    0.040392
   RPHkineticityx207   =    0.040985
   RPHkineticityx208   =    0.041584
   RPHkineticityx209   =    0.042188
   RPHkineticityx210   =    0.042799
   RPHkineticityx211   =    0.043415
   RPHkineticityx212   =    0.044038
   RPHkineticityx213   =    0.044666
   RPHkineticityx214   =    0.045300
   RPHkineticityx215   =    0.045940
   RPHkineticityx216   =    0.046587
   RPHkineticityx217   =    0.047239
   RPHkineticityx218   =    0.047897
   RPHkineticityx219   =    0.048562
   RPHkineticityx220   =    0.049232
   RPHkineticityx221   =    0.049909
   RPHkineticityx222   =    0.050592
   RPHkineticityx223   =    0.051281
   RPHkineticityx224   =    0.051976
   RPHkineticityx225   =    0.052677
   RPHkineticityx226   =    0.053385
   RPHkineticityx227   =    0.054099
   RPHkineticityx228   =    0.054820
   RPHkineticityx229   =    0.055546
   RPHkineticityx230   =    0.056279
   RPHkineticityx231   =    0.057019
   RPHkineticityx232   =    0.057765
   RPHkineticityx233   =    0.058518
   RPHkineticityx234   =    0.059277
   RPHkineticityx235   =    0.060042
   RPHkineticityx236   =    0.060814
   RPHkineticityx237   =    0.061593
   RPHkineticityx238   =    0.062379
   RPHkineticityx239   =    0.063171
   RPHkineticityx240   =    0.063969
   RPHkineticityx241   =    0.064775
   RPHkineticityx242   =    0.065587
   RPHkineticityx243   =    0.066406
   RPHkineticityx244   =    0.067231
   RPHkineticityx245   =    0.068064
   RPHkineticityx246   =    0.068903
   RPHkineticityx247   =    0.069749
   RPHkineticityx248   =    0.070602
   RPHkineticityx249   =    0.071462
   RPHkineticityx250   =    0.072329
   RPHkineticityx251   =    0.073203
   RPHkineticityx252   =    0.074084
   RPHkineticityx253   =    0.074972
   RPHkineticityx254   =    0.075867
   RPHkineticityx255   =    0.076770
   RPHkineticityx256   =    0.077679
   RPHkineticityx257   =    0.078595
   RPHkineticityx258   =    0.079519
   RPHkineticityx259   =    0.080450
   RPHkineticityx260   =    0.081388
   RPHkineticityx261   =    0.082333
   RPHkineticityx262   =    0.083286
   RPHkineticityx263   =    0.084246
   RPHkineticityx264   =    0.085213
   RPHkineticityx265   =    0.086188
   RPHkineticityx266   =    0.087170
   RPHkineticityx267   =    0.088160
   RPHkineticityx268   =    0.089156
   RPHkineticityx269   =    0.090161
   RPHkineticityx270   =    0.091173
   RPHkineticityx271   =    0.092192
   RPHkineticityx272   =    0.093220
   RPHkineticityx273   =    0.094254
   RPHkineticityx274   =    0.095297
   RPHkineticityx275   =    0.096347
   RPHkineticityx276   =    0.097404
   RPHkineticityx277   =    0.098470
   RPHkineticityx278   =    0.099543
   RPHkineticityx279   =    0.100624
   RPHkineticityx280   =    0.101712
   RPHkineticityx281   =    0.102809
   RPHkineticityx282   =    0.103913
   RPHkineticityx283   =    0.105025
   RPHkineticityx284   =    0.106146
   RPHkineticityx285   =    0.107274
   RPHkineticityx286   =    0.108410
   RPHkineticityx287   =    0.109554
   RPHkineticityx288   =    0.110706
   RPHkineticityx289   =    0.111866
   RPHkineticityx290   =    0.113034
   RPHkineticityx291   =    0.114210
   RPHkineticityx292   =    0.115395
   RPHkineticityx293   =    0.116587
   RPHkineticityx294   =    0.117788
   RPHkineticityx295   =    0.118997
   RPHkineticityx296   =    0.120214
   RPHkineticityx297   =    0.121440
   RPHkineticityx298   =    0.122674
   RPHkineticityx299   =    0.123916
   RPHkineticityx300   =    0.125166
   RPHkineticityx301   =    0.126425
   RPHkineticityx302   =    0.127693
   RPHkineticityx303   =    0.128968
   RPHkineticityx304   =    0.130253
   RPHkineticityx305   =    0.131545
   RPHkineticityx306   =    0.132846
   RPHkineticityx307   =    0.134156
   RPHkineticityx308   =    0.135475
   RPHkineticityx309   =    0.136802
   RPHkineticityx310   =    0.138137
   RPHkineticityx311   =    0.139481
   RPHkineticityx312   =    0.140834
   RPHkineticityx313   =    0.142196
   RPHkineticityx314   =    0.143567
   RPHkineticityx315   =    0.144946
   RPHkineticityx316   =    0.146334
   RPHkineticityx317   =    0.147731
   RPHkineticityx318   =    0.149136
   RPHkineticityx319   =    0.150551
   RPHkineticityx320   =    0.151974
   RPHkineticityx321   =    0.153407
   RPHkineticityx322   =    0.154848
   RPHkineticityx323   =    0.156299
   RPHkineticityx324   =    0.157758
   RPHkineticityx325   =    0.159227
   RPHkineticityx326   =    0.160704
   RPHkineticityx327   =    0.162191
   RPHkineticityx328   =    0.163687
   RPHkineticityx329   =    0.165192
   RPHkineticityx330   =    0.166706
   RPHkineticityx331   =    0.168230
   RPHkineticityx332   =    0.169762
   RPHkineticityx333   =    0.171304
   RPHkineticityx334   =    0.172856
   RPHkineticityx335   =    0.174416
   RPHkineticityx336   =    0.175986
   RPHkineticityx337   =    0.177566
   RPHkineticityx338   =    0.179154
   RPHkineticityx339   =    0.180753
   RPHkineticityx340   =    0.182360
   RPHkineticityx341   =    0.183978
   RPHkineticityx342   =    0.185604
   RPHkineticityx343   =    0.187241
   RPHkineticityx344   =    0.188887
   RPHkineticityx345   =    0.190542
   RPHkineticityx346   =    0.192208
   RPHkineticityx347   =    0.193882
   RPHkineticityx348   =    0.195567
   RPHkineticityx349   =    0.197261
   RPHkineticityx350   =    0.198965
   RPHkineticityx351   =    0.200679
   RPHkineticityx352   =    0.202403
   RPHkineticityx353   =    0.204136
   RPHkineticityx354   =    0.205880
   RPHkineticityx355   =    0.207633
   RPHkineticityx356   =    0.209396
   RPHkineticityx357   =    0.211169
   RPHkineticityx358   =    0.212952
   RPHkineticityx359   =    0.214746
   RPHkineticityx360   =    0.216549
   RPHkineticityx361   =    0.218362
   RPHkineticityx362   =    0.220185
   RPHkineticityx363   =    0.222019
   RPHkineticityx364   =    0.223862
   RPHkineticityx365   =    0.225716
   RPHkineticityx366   =    0.227580
   RPHkineticityx367   =    0.229454
   RPHkineticityx368   =    0.231339
   RPHkineticityx369   =    0.233234
   RPHkineticityx370   =    0.235139
   RPHkineticityx371   =    0.237054
   RPHkineticityx372   =    0.238980
   RPHkineticityx373   =    0.240916
   RPHkineticityx374   =    0.242863
   RPHkineticityx375   =    0.244820
   RPHkineticityx376   =    0.246787
   RPHkineticityx377   =    0.248766
   RPHkineticityx378   =    0.250754
   RPHkineticityx379   =    0.252753
   RPHkineticityx380   =    0.254763
   RPHkineticityx381   =    0.256784
   RPHkineticityx382   =    0.258815
   RPHkineticityx383   =    0.260856
   RPHkineticityx384   =    0.262909
   RPHkineticityx385   =    0.264972
   RPHkineticityx386   =    0.267046
   RPHkineticityx387   =    0.269131
   RPHkineticityx388   =    0.271227
   RPHkineticityx389   =    0.273333
   RPHkineticityx390   =    0.275450
   RPHkineticityx391   =    0.277579
   RPHkineticityx392   =    0.279718
   RPHkineticityx393   =    0.281868
   RPHkineticityx394   =    0.284029
   RPHkineticityx395   =    0.286201
   RPHkineticityx396   =    0.288384
   RPHkineticityx397   =    0.290579
   RPHkineticityx398   =    0.292784
   RPHkineticityx399   =    0.295000
   RPHkineticityx400   =    0.297228
   RPHkineticityx401   =    0.299467
   RPHkineticityx402   =    0.301717
   RPHkineticityx403   =    0.303978
   RPHkineticityx404   =    0.306251
   RPHkineticityx405   =    0.308535
   RPHkineticityx406   =    0.310830
   RPHkineticityx407   =    0.313137
   RPHkineticityx408   =    0.315454
   RPHkineticityx409   =    0.317784
   RPHkineticityx410   =    0.320125
   RPHkineticityx411   =    0.322477
   RPHkineticityx412   =    0.324841
   RPHkineticityx413   =    0.327216
   RPHkineticityx414   =    0.329603
   RPHkineticityx415   =    0.332001
   RPHkineticityx416   =    0.334411
   RPHkineticityx417   =    0.336833
   RPHkineticityx418   =    0.339266
   RPHkineticityx419   =    0.341711
   RPHkineticityx420   =    0.344168
   RPHkineticityx421   =    0.346636
   RPHkineticityx422   =    0.349116
   RPHkineticityx423   =    0.351608
   RPHkineticityx424   =    0.354112
   RPHkineticityx425   =    0.356628
   RPHkineticityx426   =    0.359156
   RPHkineticityx427   =    0.361695
   RPHkineticityx428   =    0.364247
   RPHkineticityx429   =    0.366810
   RPHkineticityx430   =    0.369385
   RPHkineticityx431   =    0.371973
   RPHkineticityx432   =    0.374572
   RPHkineticityx433   =    0.377184
   RPHkineticityx434   =    0.379808
   RPHkineticityx435   =    0.382444
   RPHkineticityx436   =    0.385092
   RPHkineticityx437   =    0.387752
   RPHkineticityx438   =    0.390424
   RPHkineticityx439   =    0.393109
   RPHkineticityx440   =    0.395806
   RPHkineticityx441   =    0.398515
   RPHkineticityx442   =    0.401237
   RPHkineticityx443   =    0.403971
   RPHkineticityx444   =    0.406717
   RPHkineticityx445   =    0.409476
   RPHkineticityx446   =    0.412247
   RPHkineticityx447   =    0.415031
   RPHkineticityx448   =    0.417827
   RPHkineticityx449   =    0.420636
   RPHkineticityx450   =    0.423457
   RPHkineticityx451   =    0.426291
   RPHkineticityx452   =    0.429137
   RPHkineticityx453   =    0.431997
   RPHkineticityx454   =    0.434868
   RPHkineticityx455   =    0.437753
   RPHkineticityx456   =    0.440650
   RPHkineticityx457   =    0.443560
   RPHkineticityx458   =    0.446483
   RPHkineticityx459   =    0.449418
   RPHkineticityx460   =    0.452367
   RPHkineticityx461   =    0.455328
   RPHkineticityx462   =    0.458302
   RPHkineticityx463   =    0.461290
   RPHkineticityx464   =    0.464290
   RPHkineticityx465   =    0.467303
   RPHkineticityx466   =    0.470329
   RPHkineticityx467   =    0.473368
   RPHkineticityx468   =    0.476420
   RPHkineticityx469   =    0.479485
   RPHkineticityx470   =    0.482564
   RPHkineticityx471   =    0.485655
   RPHkineticityx472   =    0.488760
   RPHkineticityx473   =    0.491878
   RPHkineticityx474   =    0.495009
   RPHkineticityx475   =    0.498153
   RPHkineticityx476   =    0.501311
   RPHkineticityx477   =    0.504482
   RPHkineticityx478   =    0.507666
   RPHkineticityx479   =    0.510864
   RPHkineticityx480   =    0.514075
   RPHkineticityx481   =    0.517299
   RPHkineticityx482   =    0.520537
   RPHkineticityx483   =    0.523789
   RPHkineticityx484   =    0.527054
   RPHkineticityx485   =    0.530332
   RPHkineticityx486   =    0.533624
   RPHkineticityx487   =    0.536930
   RPHkineticityx488   =    0.540249
   RPHkineticityx489   =    0.543582
   RPHkineticityx490   =    0.546929
   RPHkineticityx491   =    0.550289
   RPHkineticityx492   =    0.553664
   RPHkineticityx493   =    0.557051
   RPHkineticityx494   =    0.560453
   RPHkineticityx495   =    0.563868
   RPHkineticityx496   =    0.567298
   RPHkineticityx497   =    0.570741
   RPHkineticityx498   =    0.574198
   RPHkineticityx499   =    0.577669
   RPHkineticityx500   =    0.581154
   RPHkineticityx501   =    0.584653
   RPHkineticityx502   =    0.588166
   RPHkineticityx503   =    0.591693
   RPHkineticityx504   =    0.595234
   RPHkineticityx505   =    0.598789
   RPHkineticityx506   =    0.602359
   RPHkineticityx507   =    0.605942
   RPHkineticityx508   =    0.609540
   RPHkineticityx509   =    0.613152
   RPHkineticityx510   =    0.616778
   RPHkineticityx511   =    0.620418
   RPHkineticityx512   =    0.624073
   RPHkineticityx513   =    0.627742
   RPHkineticityx514   =    0.631425
   RPHkineticityx515   =    0.635123
   RPHkineticityx516   =    0.638835
   RPHkineticityx517   =    0.642562
   RPHkineticityx518   =    0.646303
   RPHkineticityx519   =    0.650058
   RPHkineticityx520   =    0.653828
   RPHkineticityx521   =    0.657613
   RPHkineticityx522   =    0.661412
   RPHkineticityx523   =    0.665226
   RPHkineticityx524   =    0.669054
   RPHkineticityx525   =    0.672897
   RPHkineticityx526   =    0.676755
   RPHkineticityx527   =    0.680628
   RPHkineticityx528   =    0.684515
   RPHkineticityx529   =    0.688417
   RPHkineticityx530   =    0.692334
   RPHkineticityx531   =    0.696265
   RPHkineticityx532   =    0.700212
   RPHkineticityx533   =    0.704173
   RPHkineticityx534   =    0.708150
   RPHkineticityx535   =    0.712141
   RPHkineticityx536   =    0.716147
   RPHkineticityx537   =    0.720168
   RPHkineticityx538   =    0.724204
   RPHkineticityx539   =    0.728256
   RPHkineticityx540   =    0.732322
   RPHkineticityx541   =    0.736404
   RPHkineticityx542   =    0.740500
   RPHkineticityx543   =    0.744612
   RPHkineticityx544   =    0.748739
   RPHkineticityx545   =    0.752881
   RPHkineticityx546   =    0.757038
   RPHkineticityx547   =    0.761211
   RPHkineticityx548   =    0.765399
   RPHkineticityx549   =    0.769603
   RPHkineticityx550   =    0.773821
   RPHkineticityx551   =    0.778055
   RPHkineticityx552   =    0.782305
   RPHkineticityx553   =    0.786570
   RPHkineticityx554   =    0.790850
   RPHkineticityx555   =    0.795146
   RPHkineticityx556   =    0.799458
   RPHkineticityx557   =    0.803785
   RPHkineticityx558   =    0.808127
   RPHkineticityx559   =    0.812485
   RPHkineticityx560   =    0.816859
   RPHkineticityx561   =    0.821249
   RPHkineticityx562   =    0.825654
   RPHkineticityx563   =    0.830075
   RPHkineticityx564   =    0.834512
   RPHkineticityx565   =    0.838964
   RPHkineticityx566   =    0.843432
   RPHkineticityx567   =    0.847917
   RPHkineticityx568   =    0.852417
   RPHkineticityx569   =    0.856932
   RPHkineticityx570   =    0.861464
   RPHkineticityx571   =    0.866012
   RPHkineticityx572   =    0.870576
   RPHkineticityx573   =    0.875155
   RPHkineticityx574   =    0.879751
   RPHkineticityx575   =    0.884363
   RPHkineticityx576   =    0.888991
   RPHkineticityx577   =    0.893635
   RPHkineticityx578   =    0.898295
   RPHkineticityx579   =    0.902972
   RPHkineticityx580   =    0.907664
   RPHkineticityx581   =    0.912373
   RPHkineticityx582   =    0.917098
   RPHkineticityx583   =    0.921839
   RPHkineticityx584   =    0.926597
   RPHkineticityx585   =    0.931371
   RPHkineticityx586   =    0.936161
   RPHkineticityx587   =    0.940968
   RPHkineticityx588   =    0.945791
   RPHkineticityx589   =    0.950631
   RPHkineticityx590   =    0.955487
   RPHkineticityx591   =    0.960360
   RPHkineticityx592   =    0.965249
   RPHkineticityx593   =    0.970154
   RPHkineticityx594   =    0.975077
   RPHkineticityx595   =    0.980016
   RPHkineticityx596   =    0.984971
   RPHkineticityx597   =    0.989944
   RPHkineticityx598   =    0.994933
   RPHkineticityx599   =    0.999938
   RPHkineticityx600   =    1.004961
   RPHkineticityx601   =    1.010000
   RPHkineticityv1     =    0.000000
   RPHkineticityv2     =    0.000000
   RPHkineticityv3     =    0.000000
   RPHkineticityv4     =    0.000000
   RPHkineticityv5     =    0.000000
   RPHkineticityv6     =    0.000000
   RPHkineticityv7     =    0.000000
   RPHkineticityv8     =    0.000000
   RPHkineticityv9     =    0.000000
   RPHkineticityv10    =    0.000000
   RPHkineticityv11    =    0.000000
   RPHkineticityv12    =    0.000000
   RPHkineticityv13    =    0.000000
   RPHkineticityv14    =    0.000000
   RPHkineticityv15    =    0.000000
   RPHkineticityv16    =    0.000000
   RPHkineticityv17    =    0.000000
   RPHkineticityv18    =    0.000000
   RPHkineticityv19    =    0.000000
   RPHkineticityv20    =    0.000000
   RPHkineticityv21    =    0.000000
   RPHkineticityv22    =    0.000000
   RPHkineticityv23    =    0.000000
   RPHkineticityv24    =    0.000000
   RPHkineticityv25    =    0.000000
   RPHkineticityv26    =    0.000000
   RPHkineticityv27    =    0.000000
   RPHkineticityv28    =    0.000000
   RPHkineticityv29    =    0.000000
   RPHkineticityv30    =    0.000000
   RPHkineticityv31    =    0.000000
   RPHkineticityv32    =    0.000000
   RPHkineticityv33    =    0.000000
   RPHkineticityv34    =    0.000000
   RPHkineticityv35    =    0.000000
   RPHkineticityv36    =    0.000000
   RPHkineticityv37    =    0.000000
   RPHkineticityv38    =    0.000000
   RPHkineticityv39    =    0.000000
   RPHkineticityv40    =    0.000000
   RPHkineticityv41    =    0.000000
   RPHkineticityv42    =    0.000000
   RPHkineticityv43    =    0.000000
   RPHkineticityv44    =    0.000000
   RPHkineticityv45    =    0.000000
   RPHkineticityv46    =    0.000000
   RPHkineticityv47    =    0.000000
   RPHkineticityv48    =    0.000000
   RPHkineticityv49    =    0.000000
   RPHkineticityv50    =    0.000000
   RPHkineticityv51    =    0.000000
   RPHkineticityv52    =    0.000000
   RPHkineticityv53    =    0.000000
   RPHkineticityv54    =    0.000000
   RPHkineticityv55    =    0.000000
   RPHkineticityv56    =    0.000000
   RPHkineticityv57    =    0.000000
   RPHkineticityv58    =    0.000000
   RPHkineticityv59    =    0.000000
   RPHkineticityv60    =    0.000000
   RPHkineticityv61    =    0.000000
   RPHkineticityv62    =    0.000000
   RPHkineticityv63    =    0.000000
   RPHkineticityv64    =    0.000000
   RPHkineticityv65    =    0.000000
   RPHkineticityv66    =    0.000000
   RPHkineticityv67    =    0.000000
   RPHkineticityv68    =    0.000000
   RPHkineticityv69    =    0.000000
   RPHkineticityv70    =    0.000000
   RPHkineticityv71    =    0.000000
   RPHkineticityv72    =    0.000000
   RPHkineticityv73    =    0.000000
   RPHkineticityv74    =    0.000000
   RPHkineticityv75    =    0.000000
   RPHkineticityv76    =    0.000000
   RPHkineticityv77    =    0.000000
   RPHkineticityv78    =    0.000000
   RPHkineticityv79    =    0.000000
   RPHkineticityv80    =    0.000000
   RPHkineticityv81    =    0.000000
   RPHkineticityv82    =    0.000000
   RPHkineticityv83    =    0.000000
   RPHkineticityv84    =    0.000000
   RPHkineticityv85    =    0.000000
   RPHkineticityv86    =    0.000000
   RPHkineticityv87    =    0.000000
   RPHkineticityv88    =    0.000000
   RPHkineticityv89    =    0.000000
   RPHkineticityv90    =    0.000000
   RPHkineticityv91    =    0.000000
   RPHkineticityv92    =    0.000000
   RPHkineticityv93    =    0.000000
   RPHkineticityv94    =    0.000000
   RPHkineticityv95    =    0.000000
   RPHkineticityv96    =    0.000000
   RPHkineticityv97    =    0.000000
   RPHkineticityv98    =    0.000000
   RPHkineticityv99    =    0.000000
   RPHkineticityv100   =    0.000000
   RPHkineticityv101   =    0.000000
   RPHkineticityv102   =    0.000000
   RPHkineticityv103   =    0.000000
   RPHkineticityv104   =    0.000000
   RPHkineticityv105   =    0.000000
   RPHkineticityv106   =    0.000000
   RPHkineticityv107   =    0.000000
   RPHkineticityv108   =    0.000000
   RPHkineticityv109   =    0.000000
   RPHkineticityv110   =    0.000000
   RPHkineticityv111   =    0.000000
   RPHkineticityv112   =    0.000000
   RPHkineticityv113   =    0.000001
   RPHkineticityv114   =    0.000001
   RPHkineticityv115   =    0.000001
   RPHkineticityv116   =    0.000001
   RPHkineticityv117   =    0.000001
   RPHkineticityv118   =    0.000001
   RPHkineticityv119   =    0.000001
   RPHkineticityv120   =    0.000001
   RPHkineticityv121   =    0.000001
   RPHkineticityv122   =    0.000001
   RPHkineticityv123   =    0.000001
   RPHkineticityv124   =    0.000001
   RPHkineticityv125   =    0.000001
   RPHkineticityv126   =    0.000001
   RPHkineticityv127   =    0.000002
   RPHkineticityv128   =    0.000002
   RPHkineticityv129   =    0.000002
   RPHkineticityv130   =    0.000002
   RPHkineticityv131   =    0.000002
   RPHkineticityv132   =    0.000002
   RPHkineticityv133   =    0.000002
   RPHkineticityv134   =    0.000002
   RPHkineticityv135   =    0.000003
   RPHkineticityv136   =    0.000003
   RPHkineticityv137   =    0.000003
   RPHkineticityv138   =    0.000003
   RPHkineticityv139   =    0.000003
   RPHkineticityv140   =    0.000004
   RPHkineticityv141   =    0.000004
   RPHkineticityv142   =    0.000004
   RPHkineticityv143   =    0.000004
   RPHkineticityv144   =    0.000005
   RPHkineticityv145   =    0.000005
   RPHkineticityv146   =    0.000005
   RPHkineticityv147   =    0.000006
   RPHkineticityv148   =    0.000006
   RPHkineticityv149   =    0.000007
   RPHkineticityv150   =    0.000007
   RPHkineticityv151   =    0.000007
   RPHkineticityv152   =    0.000008
   RPHkineticityv153   =    0.000008
   RPHkineticityv154   =    0.000009
   RPHkineticityv155   =    0.000009
   RPHkineticityv156   =    0.000010
   RPHkineticityv157   =    0.000011
   RPHkineticityv158   =    0.000011
   RPHkineticityv159   =    0.000012
   RPHkineticityv160   =    0.000013
   RPHkineticityv161   =    0.000013
   RPHkineticityv162   =    0.000014
   RPHkineticityv163   =    0.000015
   RPHkineticityv164   =    0.000016
   RPHkineticityv165   =    0.000017
   RPHkineticityv166   =    0.000017
   RPHkineticityv167   =    0.000018
   RPHkineticityv168   =    0.000019
   RPHkineticityv169   =    0.000021
   RPHkineticityv170   =    0.000022
   RPHkineticityv171   =    0.000023
   RPHkineticityv172   =    0.000024
   RPHkineticityv173   =    0.000025
   RPHkineticityv174   =    0.000027
   RPHkineticityv175   =    0.000028
   RPHkineticityv176   =    0.000030
   RPHkineticityv177   =    0.000031
   RPHkineticityv178   =    0.000033
   RPHkineticityv179   =    0.000035
   RPHkineticityv180   =    0.000036
   RPHkineticityv181   =    0.000038
   RPHkineticityv182   =    0.000040
   RPHkineticityv183   =    0.000042
   RPHkineticityv184   =    0.000044
   RPHkineticityv185   =    0.000047
   RPHkineticityv186   =    0.000049
   RPHkineticityv187   =    0.000052
   RPHkineticityv188   =    0.000054
   RPHkineticityv189   =    0.000057
   RPHkineticityv190   =    0.000060
   RPHkineticityv191   =    0.000062
   RPHkineticityv192   =    0.000065
   RPHkineticityv193   =    0.000069
   RPHkineticityv194   =    0.000072
   RPHkineticityv195   =    0.000075
   RPHkineticityv196   =    0.000079
   RPHkineticityv197   =    0.000083
   RPHkineticityv198   =    0.000087
   RPHkineticityv199   =    0.000091
   RPHkineticityv200   =    0.000095
   RPHkineticityv201   =    0.000099
   RPHkineticityv202   =    0.000104
   RPHkineticityv203   =    0.000108
   RPHkineticityv204   =    0.000113
   RPHkineticityv205   =    0.000119
   RPHkineticityv206   =    0.000124
   RPHkineticityv207   =    0.000129
   RPHkineticityv208   =    0.000135
   RPHkineticityv209   =    0.000141
   RPHkineticityv210   =    0.000147
   RPHkineticityv211   =    0.000154
   RPHkineticityv212   =    0.000161
   RPHkineticityv213   =    0.000168
   RPHkineticityv214   =    0.000175
   RPHkineticityv215   =    0.000183
   RPHkineticityv216   =    0.000190
   RPHkineticityv217   =    0.000199
   RPHkineticityv218   =    0.000207
   RPHkineticityv219   =    0.000216
   RPHkineticityv220   =    0.000225
   RPHkineticityv221   =    0.000234
   RPHkineticityv222   =    0.000244
   RPHkineticityv223   =    0.000254
   RPHkineticityv224   =    0.000265
   RPHkineticityv225   =    0.000276
   RPHkineticityv226   =    0.000287
   RPHkineticityv227   =    0.000299
   RPHkineticityv228   =    0.000311
   RPHkineticityv229   =    0.000323
   RPHkineticityv230   =    0.000336
   RPHkineticityv231   =    0.000350
   RPHkineticityv232   =    0.000364
   RPHkineticityv233   =    0.000378
   RPHkineticityv234   =    0.000393
   RPHkineticityv235   =    0.000409
   RPHkineticityv236   =    0.000425
   RPHkineticityv237   =    0.000441
   RPHkineticityv238   =    0.000459
   RPHkineticityv239   =    0.000476
   RPHkineticityv240   =    0.000495
   RPHkineticityv241   =    0.000514
   RPHkineticityv242   =    0.000533
   RPHkineticityv243   =    0.000554
   RPHkineticityv244   =    0.000575
   RPHkineticityv245   =    0.000596
   RPHkineticityv246   =    0.000619
   RPHkineticityv247   =    0.000642
   RPHkineticityv248   =    0.000666
   RPHkineticityv249   =    0.000690
   RPHkineticityv250   =    0.000716
   RPHkineticityv251   =    0.000742
   RPHkineticityv252   =    0.000769
   RPHkineticityv253   =    0.000798
   RPHkineticityv254   =    0.000827
   RPHkineticityv255   =    0.000856
   RPHkineticityv256   =    0.000887
   RPHkineticityv257   =    0.000919
   RPHkineticityv258   =    0.000952
   RPHkineticityv259   =    0.000986
   RPHkineticityv260   =    0.001021
   RPHkineticityv261   =    0.001057
   RPHkineticityv262   =    0.001094
   RPHkineticityv263   =    0.001133
   RPHkineticityv264   =    0.001172
   RPHkineticityv265   =    0.001213
   RPHkineticityv266   =    0.001255
   RPHkineticityv267   =    0.001298
   RPHkineticityv268   =    0.001343
   RPHkineticityv269   =    0.001389
   RPHkineticityv270   =    0.001437
   RPHkineticityv271   =    0.001485
   RPHkineticityv272   =    0.001536
   RPHkineticityv273   =    0.001587
   RPHkineticityv274   =    0.001641
   RPHkineticityv275   =    0.001696
   RPHkineticityv276   =    0.001752
   RPHkineticityv277   =    0.001810
   RPHkineticityv278   =    0.001870
   RPHkineticityv279   =    0.001932
   RPHkineticityv280   =    0.001996
   RPHkineticityv281   =    0.002061
   RPHkineticityv282   =    0.002128
   RPHkineticityv283   =    0.002197
   RPHkineticityv284   =    0.002268
   RPHkineticityv285   =    0.002341
   RPHkineticityv286   =    0.002417
   RPHkineticityv287   =    0.002494
   RPHkineticityv288   =    0.002573
   RPHkineticityv289   =    0.002655
   RPHkineticityv290   =    0.002739
   RPHkineticityv291   =    0.002826
   RPHkineticityv292   =    0.002914
   RPHkineticityv293   =    0.003005
   RPHkineticityv294   =    0.003099
   RPHkineticityv295   =    0.003196
   RPHkineticityv296   =    0.003294
   RPHkineticityv297   =    0.003396
   RPHkineticityv298   =    0.003500
   RPHkineticityv299   =    0.003608
   RPHkineticityv300   =    0.003718
   RPHkineticityv301   =    0.003831
   RPHkineticityv302   =    0.003947
   RPHkineticityv303   =    0.004066
   RPHkineticityv304   =    0.004188
   RPHkineticityv305   =    0.004314
   RPHkineticityv306   =    0.004443
   RPHkineticityv307   =    0.004575
   RPHkineticityv308   =    0.004710
   RPHkineticityv309   =    0.004850
   RPHkineticityv310   =    0.004992
   RPHkineticityv311   =    0.005139
   RPHkineticityv312   =    0.005289
   RPHkineticityv313   =    0.005443
   RPHkineticityv314   =    0.005601
   RPHkineticityv315   =    0.005763
   RPHkineticityv316   =    0.005929
   RPHkineticityv317   =    0.006099
   RPHkineticityv318   =    0.006274
   RPHkineticityv319   =    0.006452
   RPHkineticityv320   =    0.006636
   RPHkineticityv321   =    0.006824
   RPHkineticityv322   =    0.007016
   RPHkineticityv323   =    0.007213
   RPHkineticityv324   =    0.007415
   RPHkineticityv325   =    0.007622
   RPHkineticityv326   =    0.007834
   RPHkineticityv327   =    0.008051
   RPHkineticityv328   =    0.008273
   RPHkineticityv329   =    0.008501
   RPHkineticityv330   =    0.008734
   RPHkineticityv331   =    0.008972
   RPHkineticityv332   =    0.009216
   RPHkineticityv333   =    0.009466
   RPHkineticityv334   =    0.009722
   RPHkineticityv335   =    0.009983
   RPHkineticityv336   =    0.010251
   RPHkineticityv337   =    0.010525
   RPHkineticityv338   =    0.010805
   RPHkineticityv339   =    0.011092
   RPHkineticityv340   =    0.011385
   RPHkineticityv341   =    0.011685
   RPHkineticityv342   =    0.011991
   RPHkineticityv343   =    0.012305
   RPHkineticityv344   =    0.012625
   RPHkineticityv345   =    0.012953
   RPHkineticityv346   =    0.013288
   RPHkineticityv347   =    0.013630
   RPHkineticityv348   =    0.013980
   RPHkineticityv349   =    0.014337
   RPHkineticityv350   =    0.014703
   RPHkineticityv351   =    0.015076
   RPHkineticityv352   =    0.015457
   RPHkineticityv353   =    0.015846
   RPHkineticityv354   =    0.016244
   RPHkineticityv355   =    0.016650
   RPHkineticityv356   =    0.017065
   RPHkineticityv357   =    0.017488
   RPHkineticityv358   =    0.017920
   RPHkineticityv359   =    0.018361
   RPHkineticityv360   =    0.018811
   RPHkineticityv361   =    0.019271
   RPHkineticityv362   =    0.019740
   RPHkineticityv363   =    0.020218
   RPHkineticityv364   =    0.020706
   RPHkineticityv365   =    0.021204
   RPHkineticityv366   =    0.021712
   RPHkineticityv367   =    0.022230
   RPHkineticityv368   =    0.022758
   RPHkineticityv369   =    0.023297
   RPHkineticityv370   =    0.023846
   RPHkineticityv371   =    0.024406
   RPHkineticityv372   =    0.024976
   RPHkineticityv373   =    0.025558
   RPHkineticityv374   =    0.026150
   RPHkineticityv375   =    0.026754
   RPHkineticityv376   =    0.027369
   RPHkineticityv377   =    0.027996
   RPHkineticityv378   =    0.028634
   RPHkineticityv379   =    0.029284
   RPHkineticityv380   =    0.029946
   RPHkineticityv381   =    0.030620
   RPHkineticityv382   =    0.031306
   RPHkineticityv383   =    0.032005
   RPHkineticityv384   =    0.032716
   RPHkineticityv385   =    0.033439
   RPHkineticityv386   =    0.034175
   RPHkineticityv387   =    0.034924
   RPHkineticityv388   =    0.035686
   RPHkineticityv389   =    0.036461
   RPHkineticityv390   =    0.037250
   RPHkineticityv391   =    0.038051
   RPHkineticityv392   =    0.038866
   RPHkineticityv393   =    0.039695
   RPHkineticityv394   =    0.040537
   RPHkineticityv395   =    0.041393
   RPHkineticityv396   =    0.042263
   RPHkineticityv397   =    0.043147
   RPHkineticityv398   =    0.044045
   RPHkineticityv399   =    0.044957
   RPHkineticityv400   =    0.045883
   RPHkineticityv401   =    0.046824
   RPHkineticityv402   =    0.047779
   RPHkineticityv403   =    0.048749
   RPHkineticityv404   =    0.049734
   RPHkineticityv405   =    0.050733
   RPHkineticityv406   =    0.051746
   RPHkineticityv407   =    0.052775
   RPHkineticityv408   =    0.053818
   RPHkineticityv409   =    0.054877
   RPHkineticityv410   =    0.055950
   RPHkineticityv411   =    0.057038
   RPHkineticityv412   =    0.058142
   RPHkineticityv413   =    0.059260
   RPHkineticityv414   =    0.060394
   RPHkineticityv415   =    0.061543
   RPHkineticityv416   =    0.062706
   RPHkineticityv417   =    0.063885
   RPHkineticityv418   =    0.065080
   RPHkineticityv419   =    0.066289
   RPHkineticityv420   =    0.067513
   RPHkineticityv421   =    0.068753
   RPHkineticityv422   =    0.070007
   RPHkineticityv423   =    0.071277
   RPHkineticityv424   =    0.072562
   RPHkineticityv425   =    0.073861
   RPHkineticityv426   =    0.075176
   RPHkineticityv427   =    0.076505
   RPHkineticityv428   =    0.077849
   RPHkineticityv429   =    0.079208
   RPHkineticityv430   =    0.080581
   RPHkineticityv431   =    0.081969
   RPHkineticityv432   =    0.083371
   RPHkineticityv433   =    0.084787
   RPHkineticityv434   =    0.086218
   RPHkineticityv435   =    0.087662
   RPHkineticityv436   =    0.089120
   RPHkineticityv437   =    0.090592
   RPHkineticityv438   =    0.092078
   RPHkineticityv439   =    0.093576
   RPHkineticityv440   =    0.095088
   RPHkineticityv441   =    0.096613
   RPHkineticityv442   =    0.098151
   RPHkineticityv443   =    0.099701
   RPHkineticityv444   =    0.101264
   RPHkineticityv445   =    0.102838
   RPHkineticityv446   =    0.104425
   RPHkineticityv447   =    0.106023
   RPHkineticityv448   =    0.107632
   RPHkineticityv449   =    0.109253
   RPHkineticityv450   =    0.110884
   RPHkineticityv451   =    0.112526
   RPHkineticityv452   =    0.114178
   RPHkineticityv453   =    0.115840
   RPHkineticityv454   =    0.117511
   RPHkineticityv455   =    0.119192
   RPHkineticityv456   =    0.120881
   RPHkineticityv457   =    0.122579
   RPHkineticityv458   =    0.124285
   RPHkineticityv459   =    0.125999
   RPHkineticityv460   =    0.127720
   RPHkineticityv461   =    0.129449
   RPHkineticityv462   =    0.131184
   RPHkineticityv463   =    0.132925
   RPHkineticityv464   =    0.134672
   RPHkineticityv465   =    0.136425
   RPHkineticityv466   =    0.138182
   RPHkineticityv467   =    0.139944
   RPHkineticityv468   =    0.141710
   RPHkineticityv469   =    0.143480
   RPHkineticityv470   =    0.145253
   RPHkineticityv471   =    0.147029
   RPHkineticityv472   =    0.148806
   RPHkineticityv473   =    0.150586
   RPHkineticityv474   =    0.152367
   RPHkineticityv475   =    0.154148
   RPHkineticityv476   =    0.155930
   RPHkineticityv477   =    0.157712
   RPHkineticityv478   =    0.159493
   RPHkineticityv479   =    0.161273
   RPHkineticityv480   =    0.163051
   RPHkineticityv481   =    0.164826
   RPHkineticityv482   =    0.166599
   RPHkineticityv483   =    0.168369
   RPHkineticityv484   =    0.170134
   RPHkineticityv485   =    0.171895
   RPHkineticityv486   =    0.173652
   RPHkineticityv487   =    0.175403
   RPHkineticityv488   =    0.177148
   RPHkineticityv489   =    0.178886
   RPHkineticityv490   =    0.180617
   RPHkineticityv491   =    0.182341
   RPHkineticityv492   =    0.184057
   RPHkineticityv493   =    0.185764
   RPHkineticityv494   =    0.187462
   RPHkineticityv495   =    0.189150
   RPHkineticityv496   =    0.190828
   RPHkineticityv497   =    0.192495
   RPHkineticityv498   =    0.194151
   RPHkineticityv499   =    0.195795
   RPHkineticityv500   =    0.197427
   RPHkineticityv501   =    0.199046
   RPHkineticityv502   =    0.200652
   RPHkineticityv503   =    0.202243
   RPHkineticityv504   =    0.203821
   RPHkineticityv505   =    0.205384
   RPHkineticityv506   =    0.206932
   RPHkineticityv507   =    0.208464
   RPHkineticityv508   =    0.209979
   RPHkineticityv509   =    0.211479
   RPHkineticityv510   =    0.212961
   RPHkineticityv511   =    0.214425
   RPHkineticityv512   =    0.215872
   RPHkineticityv513   =    0.217300
   RPHkineticityv514   =    0.218710
   RPHkineticityv515   =    0.220101
   RPHkineticityv516   =    0.221472
   RPHkineticityv517   =    0.222823
   RPHkineticityv518   =    0.224154
   RPHkineticityv519   =    0.225464
   RPHkineticityv520   =    0.226754
   RPHkineticityv521   =    0.228022
   RPHkineticityv522   =    0.229269
   RPHkineticityv523   =    0.230493
   RPHkineticityv524   =    0.231696
   RPHkineticityv525   =    0.232876
   RPHkineticityv526   =    0.234034
   RPHkineticityv527   =    0.235168
   RPHkineticityv528   =    0.236280
   RPHkineticityv529   =    0.237368
   RPHkineticityv530   =    0.238432
   RPHkineticityv531   =    0.239472
   RPHkineticityv532   =    0.240489
   RPHkineticityv533   =    0.241482
   RPHkineticityv534   =    0.242450
   RPHkineticityv535   =    0.243393
   RPHkineticityv536   =    0.244313
   RPHkineticityv537   =    0.245207
   RPHkineticityv538   =    0.246077
   RPHkineticityv539   =    0.246922
   RPHkineticityv540   =    0.247741
   RPHkineticityv541   =    0.248536
   RPHkineticityv542   =    0.249306
   RPHkineticityv543   =    0.250051
   RPHkineticityv544   =    0.250771
   RPHkineticityv545   =    0.251466
   RPHkineticityv546   =    0.252135
   RPHkineticityv547   =    0.252780
   RPHkineticityv548   =    0.253399
   RPHkineticityv549   =    0.253994
   RPHkineticityv550   =    0.254564
   RPHkineticityv551   =    0.255109
   RPHkineticityv552   =    0.255629
   RPHkineticityv553   =    0.256125
   RPHkineticityv554   =    0.256596
   RPHkineticityv555   =    0.257042
   RPHkineticityv556   =    0.257465
   RPHkineticityv557   =    0.257863
   RPHkineticityv558   =    0.258237
   RPHkineticityv559   =    0.258588
   RPHkineticityv560   =    0.258915
   RPHkineticityv561   =    0.259218
   RPHkineticityv562   =    0.259499
   RPHkineticityv563   =    0.259756
   RPHkineticityv564   =    0.259990
   RPHkineticityv565   =    0.260202
   RPHkineticityv566   =    0.260392
   RPHkineticityv567   =    0.260559
   RPHkineticityv568   =    0.260705
   RPHkineticityv569   =    0.260829
   RPHkineticityv570   =    0.260931
   RPHkineticityv571   =    0.261013
   RPHkineticityv572   =    0.261073
   RPHkineticityv573   =    0.261113
   RPHkineticityv574   =    0.261133
   RPHkineticityv575   =    0.261133
   RPHkineticityv576   =    0.261114
   RPHkineticityv577   =    0.261075
   RPHkineticityv578   =    0.261017
   RPHkineticityv579   =    0.260940
   RPHkineticityv580   =    0.260845
   RPHkineticityv581   =    0.260731
   RPHkineticityv582   =    0.260600
   RPHkineticityv583   =    0.260452
   RPHkineticityv584   =    0.260286
   RPHkineticityv585   =    0.260104
   RPHkineticityv586   =    0.259905
   RPHkineticityv587   =    0.259690
   RPHkineticityv588   =    0.259460
   RPHkineticityv589   =    0.259214
   RPHkineticityv590   =    0.258953
   RPHkineticityv591   =    0.258677
   RPHkineticityv592   =    0.258387
   RPHkineticityv593   =    0.258082
   RPHkineticityv594   =    0.257764
   RPHkineticityv595   =    0.257433
   RPHkineticityv596   =    0.257089
   RPHkineticityv597   =    0.256732
   RPHkineticityv598   =    0.256362
   RPHkineticityv599   =    0.255981
   RPHkineticityv600   =    0.255588
   RPHkineticityv601   =    0.255184
spline parametrization: RPHbraiding
 number of pixels (RPHbraiding_Spline_Pixels): 601
 null value:    -0.000000
   RPHbraidingx1       =    0.000000
   RPHbraidingx2       =    0.000000
   RPHbraidingx3       =    0.000000
   RPHbraidingx4       =    0.000000
   RPHbraidingx5       =    0.000000
   RPHbraidingx6       =    0.000001
   RPHbraidingx7       =    0.000001
   RPHbraidingx8       =    0.000002
   RPHbraidingx9       =    0.000003
   RPHbraidingx10      =    0.000004
   RPHbraidingx11      =    0.000005
   RPHbraidingx12      =    0.000007
   RPHbraidingx13      =    0.000009
   RPHbraidingx14      =    0.000011
   RPHbraidingx15      =    0.000014
   RPHbraidingx16      =    0.000017
   RPHbraidingx17      =    0.000020
   RPHbraidingx18      =    0.000024
   RPHbraidingx19      =    0.000029
   RPHbraidingx20      =    0.000033
   RPHbraidingx21      =    0.000039
   RPHbraidingx22      =    0.000045
   RPHbraidingx23      =    0.000052
   RPHbraidingx24      =    0.000059
   RPHbraidingx25      =    0.000067
   RPHbraidingx26      =    0.000075
   RPHbraidingx27      =    0.000085
   RPHbraidingx28      =    0.000095
   RPHbraidingx29      =    0.000106
   RPHbraidingx30      =    0.000117
   RPHbraidingx31      =    0.000130
   RPHbraidingx32      =    0.000143
   RPHbraidingx33      =    0.000157
   RPHbraidingx34      =    0.000172
   RPHbraidingx35      =    0.000188
   RPHbraidingx36      =    0.000205
   RPHbraidingx37      =    0.000223
   RPHbraidingx38      =    0.000242
   RPHbraidingx39      =    0.000262
   RPHbraidingx40      =    0.000283
   RPHbraidingx41      =    0.000305
   RPHbraidingx42      =    0.000328
   RPHbraidingx43      =    0.000353
   RPHbraidingx44      =    0.000378
   RPHbraidingx45      =    0.000405
   RPHbraidingx46      =    0.000433
   RPHbraidingx47      =    0.000463
   RPHbraidingx48      =    0.000493
   RPHbraidingx49      =    0.000525
   RPHbraidingx50      =    0.000559
   RPHbraidingx51      =    0.000593
   RPHbraidingx52      =    0.000630
   RPHbraidingx53      =    0.000667
   RPHbraidingx54      =    0.000706
   RPHbraidingx55      =    0.000747
   RPHbraidingx56      =    0.000789
   RPHbraidingx57      =    0.000832
   RPHbraidingx58      =    0.000877
   RPHbraidingx59      =    0.000924
   RPHbraidingx60      =    0.000973
   RPHbraidingx61      =    0.001023
   RPHbraidingx62      =    0.001074
   RPHbraidingx63      =    0.001128
   RPHbraidingx64      =    0.001183
   RPHbraidingx65      =    0.001240
   RPHbraidingx66      =    0.001299
   RPHbraidingx67      =    0.001359
   RPHbraidingx68      =    0.001422
   RPHbraidingx69      =    0.001486
   RPHbraidingx70      =    0.001553
   RPHbraidingx71      =    0.001621
   RPHbraidingx72      =    0.001691
   RPHbraidingx73      =    0.001763
   RPHbraidingx74      =    0.001837
   RPHbraidingx75      =    0.001914
   RPHbraidingx76      =    0.001992
   RPHbraidingx77      =    0.002072
   RPHbraidingx78      =    0.002155
   RPHbraidingx79      =    0.002240
   RPHbraidingx80      =    0.002327
   RPHbraidingx81      =    0.002416
   RPHbraidingx82      =    0.002507
   RPHbraidingx83      =    0.002601
   RPHbraidingx84      =    0.002697
   RPHbraidingx85      =    0.002795
   RPHbraidingx86      =    0.002896
   RPHbraidingx87      =    0.002999
   RPHbraidingx88      =    0.003104
   RPHbraidingx89      =    0.003212
   RPHbraidingx90      =    0.003323
   RPHbraidingx91      =    0.003436
   RPHbraidingx92      =    0.003551
   RPHbraidingx93      =    0.003669
   RPHbraidingx94      =    0.003790
   RPHbraidingx95      =    0.003913
   RPHbraidingx96      =    0.004039
   RPHbraidingx97      =    0.004167
   RPHbraidingx98      =    0.004298
   RPHbraidingx99      =    0.004432
   RPHbraidingx100     =    0.004569
   RPHbraidingx101     =    0.004708
   RPHbraidingx102     =    0.004851
   RPHbraidingx103     =    0.004996
   RPHbraidingx104     =    0.005144
   RPHbraidingx105     =    0.005295
   RPHbraidingx106     =    0.005448
   RPHbraidingx107     =    0.005605
   RPHbraidingx108     =    0.005765
   RPHbraidingx109     =    0.005928
   RPHbraidingx110     =    0.006093
   RPHbraidingx111     =    0.006262
   RPHbraidingx112     =    0.006434
   RPHbraidingx113     =    0.006609
   RPHbraidingx114     =    0.006787
   RPHbraidingx115     =    0.006969
   RPHbraidingx116     =    0.007153
   RPHbraidingx117     =    0.007341
   RPHbraidingx118     =    0.007532
   RPHbraidingx119     =    0.007726
   RPHbraidingx120     =    0.007924
   RPHbraidingx121     =    0.008125
   RPHbraidingx122     =    0.008329
   RPHbraidingx123     =    0.008537
   RPHbraidingx124     =    0.008748
   RPHbraidingx125     =    0.008963
   RPHbraidingx126     =    0.009181
   RPHbraidingx127     =    0.009403
   RPHbraidingx128     =    0.009628
   RPHbraidingx129     =    0.009856
   RPHbraidingx130     =    0.010089
   RPHbraidingx131     =    0.010325
   RPHbraidingx132     =    0.010564
   RPHbraidingx133     =    0.010807
   RPHbraidingx134     =    0.011054
   RPHbraidingx135     =    0.011305
   RPHbraidingx136     =    0.011560
   RPHbraidingx137     =    0.011818
   RPHbraidingx138     =    0.012080
   RPHbraidingx139     =    0.012346
   RPHbraidingx140     =    0.012616
   RPHbraidingx141     =    0.012889
   RPHbraidingx142     =    0.013167
   RPHbraidingx143     =    0.013449
   RPHbraidingx144     =    0.013734
   RPHbraidingx145     =    0.014024
   RPHbraidingx146     =    0.014317
   RPHbraidingx147     =    0.014615
   RPHbraidingx148     =    0.014917
   RPHbraidingx149     =    0.015223
   RPHbraidingx150     =    0.015533
   RPHbraidingx151     =    0.015847
   RPHbraidingx152     =    0.016166
   RPHbraidingx153     =    0.016488
   RPHbraidingx154     =    0.016815
   RPHbraidingx155     =    0.017146
   RPHbraidingx156     =    0.017482
   RPHbraidingx157     =    0.017822
   RPHbraidingx158     =    0.018166
   RPHbraidingx159     =    0.018515
   RPHbraidingx160     =    0.018868
   RPHbraidingx161     =    0.019226
   RPHbraidingx162     =    0.019588
   RPHbraidingx163     =    0.019955
   RPHbraidingx164     =    0.020326
   RPHbraidingx165     =    0.020701
   RPHbraidingx166     =    0.021082
   RPHbraidingx167     =    0.021467
   RPHbraidingx168     =    0.021856
   RPHbraidingx169     =    0.022251
   RPHbraidingx170     =    0.022650
   RPHbraidingx171     =    0.023054
   RPHbraidingx172     =    0.023462
   RPHbraidingx173     =    0.023875
   RPHbraidingx174     =    0.024294
   RPHbraidingx175     =    0.024717
   RPHbraidingx176     =    0.025145
   RPHbraidingx177     =    0.025577
   RPHbraidingx178     =    0.026015
   RPHbraidingx179     =    0.026458
   RPHbraidingx180     =    0.026906
   RPHbraidingx181     =    0.027358
   RPHbraidingx182     =    0.027816
   RPHbraidingx183     =    0.028279
   RPHbraidingx184     =    0.028747
   RPHbraidingx185     =    0.029220
   RPHbraidingx186     =    0.029698
   RPHbraidingx187     =    0.030182
   RPHbraidingx188     =    0.030671
   RPHbraidingx189     =    0.031165
   RPHbraidingx190     =    0.031664
   RPHbraidingx191     =    0.032168
   RPHbraidingx192     =    0.032678
   RPHbraidingx193     =    0.033193
   RPHbraidingx194     =    0.033714
   RPHbraidingx195     =    0.034240
   RPHbraidingx196     =    0.034771
   RPHbraidingx197     =    0.035308
   RPHbraidingx198     =    0.035851
   RPHbraidingx199     =    0.036399
   RPHbraidingx200     =    0.036952
   RPHbraidingx201     =    0.037511
   RPHbraidingx202     =    0.038076
   RPHbraidingx203     =    0.038646
   RPHbraidingx204     =    0.039222
   RPHbraidingx205     =    0.039804
   RPHbraidingx206     =    0.040392
   RPHbraidingx207     =    0.040985
   RPHbraidingx208     =    0.041584
   RPHbraidingx209     =    0.042188
   RPHbraidingx210     =    0.042799
   RPHbraidingx211     =    0.043415
   RPHbraidingx212     =    0.044038
   RPHbraidingx213     =    0.044666
   RPHbraidingx214     =    0.045300
   RPHbraidingx215     =    0.045940
   RPHbraidingx216     =    0.046587
   RPHbraidingx217     =    0.047239
   RPHbraidingx218     =    0.047897
   RPHbraidingx219     =    0.048562
   RPHbraidingx220     =    0.049232
   RPHbraidingx221     =    0.049909
   RPHbraidingx222     =    0.050592
   RPHbraidingx223     =    0.051281
   RPHbraidingx224     =    0.051976
   RPHbraidingx225     =    0.052677
   RPHbraidingx226     =    0.053385
   RPHbraidingx227     =    0.054099
   RPHbraidingx228     =    0.054820
   RPHbraidingx229     =    0.055546
   RPHbraidingx230     =    0.056279
   RPHbraidingx231     =    0.057019
   RPHbraidingx232     =    0.057765
   RPHbraidingx233     =    0.058518
   RPHbraidingx234     =    0.059277
   RPHbraidingx235     =    0.060042
   RPHbraidingx236     =    0.060814
   RPHbraidingx237     =    0.061593
   RPHbraidingx238     =    0.062379
   RPHbraidingx239     =    0.063171
   RPHbraidingx240     =    0.063969
   RPHbraidingx241     =    0.064775
   RPHbraidingx242     =    0.065587
   RPHbraidingx243     =    0.066406
   RPHbraidingx244     =    0.067231
   RPHbraidingx245     =    0.068064
   RPHbraidingx246     =    0.068903
   RPHbraidingx247     =    0.069749
   RPHbraidingx248     =    0.070602
   RPHbraidingx249     =    0.071462
   RPHbraidingx250     =    0.072329
   RPHbraidingx251     =    0.073203
   RPHbraidingx252     =    0.074084
   RPHbraidingx253     =    0.074972
   RPHbraidingx254     =    0.075867
   RPHbraidingx255     =    0.076770
   RPHbraidingx256     =    0.077679
   RPHbraidingx257     =    0.078595
   RPHbraidingx258     =    0.079519
   RPHbraidingx259     =    0.080450
   RPHbraidingx260     =    0.081388
   RPHbraidingx261     =    0.082333
   RPHbraidingx262     =    0.083286
   RPHbraidingx263     =    0.084246
   RPHbraidingx264     =    0.085213
   RPHbraidingx265     =    0.086188
   RPHbraidingx266     =    0.087170
   RPHbraidingx267     =    0.088160
   RPHbraidingx268     =    0.089156
   RPHbraidingx269     =    0.090161
   RPHbraidingx270     =    0.091173
   RPHbraidingx271     =    0.092192
   RPHbraidingx272     =    0.093220
   RPHbraidingx273     =    0.094254
   RPHbraidingx274     =    0.095297
   RPHbraidingx275     =    0.096347
   RPHbraidingx276     =    0.097404
   RPHbraidingx277     =    0.098470
   RPHbraidingx278     =    0.099543
   RPHbraidingx279     =    0.100624
   RPHbraidingx280     =    0.101712
   RPHbraidingx281     =    0.102809
   RPHbraidingx282     =    0.103913
   RPHbraidingx283     =    0.105025
   RPHbraidingx284     =    0.106146
   RPHbraidingx285     =    0.107274
   RPHbraidingx286     =    0.108410
   RPHbraidingx287     =    0.109554
   RPHbraidingx288     =    0.110706
   RPHbraidingx289     =    0.111866
   RPHbraidingx290     =    0.113034
   RPHbraidingx291     =    0.114210
   RPHbraidingx292     =    0.115395
   RPHbraidingx293     =    0.116587
   RPHbraidingx294     =    0.117788
   RPHbraidingx295     =    0.118997
   RPHbraidingx296     =    0.120214
   RPHbraidingx297     =    0.121440
   RPHbraidingx298     =    0.122674
   RPHbraidingx299     =    0.123916
   RPHbraidingx300     =    0.125166
   RPHbraidingx301     =    0.126425
   RPHbraidingx302     =    0.127693
   RPHbraidingx303     =    0.128968
   RPHbraidingx304     =    0.130253
   RPHbraidingx305     =    0.131545
   RPHbraidingx306     =    0.132846
   RPHbraidingx307     =    0.134156
   RPHbraidingx308     =    0.135475
   RPHbraidingx309     =    0.136802
   RPHbraidingx310     =    0.138137
   RPHbraidingx311     =    0.139481
   RPHbraidingx312     =    0.140834
   RPHbraidingx313     =    0.142196
   RPHbraidingx314     =    0.143567
   RPHbraidingx315     =    0.144946
   RPHbraidingx316     =    0.146334
   RPHbraidingx317     =    0.147731
   RPHbraidingx318     =    0.149136
   RPHbraidingx319     =    0.150551
   RPHbraidingx320     =    0.151974
   RPHbraidingx321     =    0.153407
   RPHbraidingx322     =    0.154848
   RPHbraidingx323     =    0.156299
   RPHbraidingx324     =    0.157758
   RPHbraidingx325     =    0.159227
   RPHbraidingx326     =    0.160704
   RPHbraidingx327     =    0.162191
   RPHbraidingx328     =    0.163687
   RPHbraidingx329     =    0.165192
   RPHbraidingx330     =    0.166706
   RPHbraidingx331     =    0.168230
   RPHbraidingx332     =    0.169762
   RPHbraidingx333     =    0.171304
   RPHbraidingx334     =    0.172856
   RPHbraidingx335     =    0.174416
   RPHbraidingx336     =    0.175986
   RPHbraidingx337     =    0.177566
   RPHbraidingx338     =    0.179154
   RPHbraidingx339     =    0.180753
   RPHbraidingx340     =    0.182360
   RPHbraidingx341     =    0.183978
   RPHbraidingx342     =    0.185604
   RPHbraidingx343     =    0.187241
   RPHbraidingx344     =    0.188887
   RPHbraidingx345     =    0.190542
   RPHbraidingx346     =    0.192208
   RPHbraidingx347     =    0.193882
   RPHbraidingx348     =    0.195567
   RPHbraidingx349     =    0.197261
   RPHbraidingx350     =    0.198965
   RPHbraidingx351     =    0.200679
   RPHbraidingx352     =    0.202403
   RPHbraidingx353     =    0.204136
   RPHbraidingx354     =    0.205880
   RPHbraidingx355     =    0.207633
   RPHbraidingx356     =    0.209396
   RPHbraidingx357     =    0.211169
   RPHbraidingx358     =    0.212952
   RPHbraidingx359     =    0.214746
   RPHbraidingx360     =    0.216549
   RPHbraidingx361     =    0.218362
   RPHbraidingx362     =    0.220185
   RPHbraidingx363     =    0.222019
   RPHbraidingx364     =    0.223862
   RPHbraidingx365     =    0.225716
   RPHbraidingx366     =    0.227580
   RPHbraidingx367     =    0.229454
   RPHbraidingx368     =    0.231339
   RPHbraidingx369     =    0.233234
   RPHbraidingx370     =    0.235139
   RPHbraidingx371     =    0.237054
   RPHbraidingx372     =    0.238980
   RPHbraidingx373     =    0.240916
   RPHbraidingx374     =    0.242863
   RPHbraidingx375     =    0.244820
   RPHbraidingx376     =    0.246787
   RPHbraidingx377     =    0.248766
   RPHbraidingx378     =    0.250754
   RPHbraidingx379     =    0.252753
   RPHbraidingx380     =    0.254763
   RPHbraidingx381     =    0.256784
   RPHbraidingx382     =    0.258815
   RPHbraidingx383     =    0.260856
   RPHbraidingx384     =    0.262909
   RPHbraidingx385     =    0.264972
   RPHbraidingx386     =    0.267046
   RPHbraidingx387     =    0.269131
   RPHbraidingx388     =    0.271227
   RPHbraidingx389     =    0.273333
   RPHbraidingx390     =    0.275450
   RPHbraidingx391     =    0.277579
   RPHbraidingx392     =    0.279718
   RPHbraidingx393     =    0.281868
   RPHbraidingx394     =    0.284029
   RPHbraidingx395     =    0.286201
   RPHbraidingx396     =    0.288384
   RPHbraidingx397     =    0.290579
   RPHbraidingx398     =    0.292784
   RPHbraidingx399     =    0.295000
   RPHbraidingx400     =    0.297228
   RPHbraidingx401     =    0.299467
   RPHbraidingx402     =    0.301717
   RPHbraidingx403     =    0.303978
   RPHbraidingx404     =    0.306251
   RPHbraidingx405     =    0.308535
   RPHbraidingx406     =    0.310830
   RPHbraidingx407     =    0.313137
   RPHbraidingx408     =    0.315454
   RPHbraidingx409     =    0.317784
   RPHbraidingx410     =    0.320125
   RPHbraidingx411     =    0.322477
   RPHbraidingx412     =    0.324841
   RPHbraidingx413     =    0.327216
   RPHbraidingx414     =    0.329603
   RPHbraidingx415     =    0.332001
   RPHbraidingx416     =    0.334411
   RPHbraidingx417     =    0.336833
   RPHbraidingx418     =    0.339266
   RPHbraidingx419     =    0.341711
   RPHbraidingx420     =    0.344168
   RPHbraidingx421     =    0.346636
   RPHbraidingx422     =    0.349116
   RPHbraidingx423     =    0.351608
   RPHbraidingx424     =    0.354112
   RPHbraidingx425     =    0.356628
   RPHbraidingx426     =    0.359156
   RPHbraidingx427     =    0.361695
   RPHbraidingx428     =    0.364247
   RPHbraidingx429     =    0.366810
   RPHbraidingx430     =    0.369385
   RPHbraidingx431     =    0.371973
   RPHbraidingx432     =    0.374572
   RPHbraidingx433     =    0.377184
   RPHbraidingx434     =    0.379808
   RPHbraidingx435     =    0.382444
   RPHbraidingx436     =    0.385092
   RPHbraidingx437     =    0.387752
   RPHbraidingx438     =    0.390424
   RPHbraidingx439     =    0.393109
   RPHbraidingx440     =    0.395806
   RPHbraidingx441     =    0.398515
   RPHbraidingx442     =    0.401237
   RPHbraidingx443     =    0.403971
   RPHbraidingx444     =    0.406717
   RPHbraidingx445     =    0.409476
   RPHbraidingx446     =    0.412247
   RPHbraidingx447     =    0.415031
   RPHbraidingx448     =    0.417827
   RPHbraidingx449     =    0.420636
   RPHbraidingx450     =    0.423457
   RPHbraidingx451     =    0.426291
   RPHbraidingx452     =    0.429137
   RPHbraidingx453     =    0.431997
   RPHbraidingx454     =    0.434868
   RPHbraidingx455     =    0.437753
   RPHbraidingx456     =    0.440650
   RPHbraidingx457     =    0.443560
   RPHbraidingx458     =    0.446483
   RPHbraidingx459     =    0.449418
   RPHbraidingx460     =    0.452367
   RPHbraidingx461     =    0.455328
   RPHbraidingx462     =    0.458302
   RPHbraidingx463     =    0.461290
   RPHbraidingx464     =    0.464290
   RPHbraidingx465     =    0.467303
   RPHbraidingx466     =    0.470329
   RPHbraidingx467     =    0.473368
   RPHbraidingx468     =    0.476420
   RPHbraidingx469     =    0.479485
   RPHbraidingx470     =    0.482564
   RPHbraidingx471     =    0.485655
   RPHbraidingx472     =    0.488760
   RPHbraidingx473     =    0.491878
   RPHbraidingx474     =    0.495009
   RPHbraidingx475     =    0.498153
   RPHbraidingx476     =    0.501311
   RPHbraidingx477     =    0.504482
   RPHbraidingx478     =    0.507666
   RPHbraidingx479     =    0.510864
   RPHbraidingx480     =    0.514075
   RPHbraidingx481     =    0.517299
   RPHbraidingx482     =    0.520537
   RPHbraidingx483     =    0.523789
   RPHbraidingx484     =    0.527054
   RPHbraidingx485     =    0.530332
   RPHbraidingx486     =    0.533624
   RPHbraidingx487     =    0.536930
   RPHbraidingx488     =    0.540249
   RPHbraidingx489     =    0.543582
   RPHbraidingx490     =    0.546929
   RPHbraidingx491     =    0.550289
   RPHbraidingx492     =    0.553664
   RPHbraidingx493     =    0.557051
   RPHbraidingx494     =    0.560453
   RPHbraidingx495     =    0.563868
   RPHbraidingx496     =    0.567298
   RPHbraidingx497     =    0.570741
   RPHbraidingx498     =    0.574198
   RPHbraidingx499     =    0.577669
   RPHbraidingx500     =    0.581154
   RPHbraidingx501     =    0.584653
   RPHbraidingx502     =    0.588166
   RPHbraidingx503     =    0.591693
   RPHbraidingx504     =    0.595234
   RPHbraidingx505     =    0.598789
   RPHbraidingx506     =    0.602359
   RPHbraidingx507     =    0.605942
   RPHbraidingx508     =    0.609540
   RPHbraidingx509     =    0.613152
   RPHbraidingx510     =    0.616778
   RPHbraidingx511     =    0.620418
   RPHbraidingx512     =    0.624073
   RPHbraidingx513     =    0.627742
   RPHbraidingx514     =    0.631425
   RPHbraidingx515     =    0.635123
   RPHbraidingx516     =    0.638835
   RPHbraidingx517     =    0.642562
   RPHbraidingx518     =    0.646303
   RPHbraidingx519     =    0.650058
   RPHbraidingx520     =    0.653828
   RPHbraidingx521     =    0.657613
   RPHbraidingx522     =    0.661412
   RPHbraidingx523     =    0.665226
   RPHbraidingx524     =    0.669054
   RPHbraidingx525     =    0.672897
   RPHbraidingx526     =    0.676755
   RPHbraidingx527     =    0.680628
   RPHbraidingx528     =    0.684515
   RPHbraidingx529     =    0.688417
   RPHbraidingx530     =    0.692334
   RPHbraidingx531     =    0.696265
   RPHbraidingx532     =    0.700212
   RPHbraidingx533     =    0.704173
   RPHbraidingx534     =    0.708150
   RPHbraidingx535     =    0.712141
   RPHbraidingx536     =    0.716147
   RPHbraidingx537     =    0.720168
   RPHbraidingx538     =    0.724204
   RPHbraidingx539     =    0.728256
   RPHbraidingx540     =    0.732322
   RPHbraidingx541     =    0.736404
   RPHbraidingx542     =    0.740500
   RPHbraidingx543     =    0.744612
   RPHbraidingx544     =    0.748739
   RPHbraidingx545     =    0.752881
   RPHbraidingx546     =    0.757038
   RPHbraidingx547     =    0.761211
   RPHbraidingx548     =    0.765399
   RPHbraidingx549     =    0.769603
   RPHbraidingx550     =    0.773821
   RPHbraidingx551     =    0.778055
   RPHbraidingx552     =    0.782305
   RPHbraidingx553     =    0.786570
   RPHbraidingx554     =    0.790850
   RPHbraidingx555     =    0.795146
   RPHbraidingx556     =    0.799458
   RPHbraidingx557     =    0.803785
   RPHbraidingx558     =    0.808127
   RPHbraidingx559     =    0.812485
   RPHbraidingx560     =    0.816859
   RPHbraidingx561     =    0.821249
   RPHbraidingx562     =    0.825654
   RPHbraidingx563     =    0.830075
   RPHbraidingx564     =    0.834512
   RPHbraidingx565     =    0.838964
   RPHbraidingx566     =    0.843432
   RPHbraidingx567     =    0.847917
   RPHbraidingx568     =    0.852417
   RPHbraidingx569     =    0.856932
   RPHbraidingx570     =    0.861464
   RPHbraidingx571     =    0.866012
   RPHbraidingx572     =    0.870576
   RPHbraidingx573     =    0.875155
   RPHbraidingx574     =    0.879751
   RPHbraidingx575     =    0.884363
   RPHbraidingx576     =    0.888991
   RPHbraidingx577     =    0.893635
   RPHbraidingx578     =    0.898295
   RPHbraidingx579     =    0.902972
   RPHbraidingx580     =    0.907664
   RPHbraidingx581     =    0.912373
   RPHbraidingx582     =    0.917098
   RPHbraidingx583     =    0.921839
   RPHbraidingx584     =    0.926597
   RPHbraidingx585     =    0.931371
   RPHbraidingx586     =    0.936161
   RPHbraidingx587     =    0.940968
   RPHbraidingx588     =    0.945791
   RPHbraidingx589     =    0.950631
   RPHbraidingx590     =    0.955487
   RPHbraidingx591     =    0.960360
   RPHbraidingx592     =    0.965249
   RPHbraidingx593     =    0.970154
   RPHbraidingx594     =    0.975077
   RPHbraidingx595     =    0.980016
   RPHbraidingx596     =    0.984971
   RPHbraidingx597     =    0.989944
   RPHbraidingx598     =    0.994933
   RPHbraidingx599     =    0.999938
   RPHbraidingx600     =    1.004961
   RPHbraidingx601     =    1.010000
   RPHbraidingv1       =   -0.000000
   RPHbraidingv2       =   -0.000000
   RPHbraidingv3       =   -0.000000
   RPHbraidingv4       =   -0.000000
   RPHbraidingv5       =   -0.000000
   RPHbraidingv6       =   -0.000000
   RPHbraidingv7       =   -0.000000
   RPHbraidingv8       =   -0.000000
   RPHbraidingv9       =   -0.000000
   RPHbraidingv10      =   -0.000000
   RPHbraidingv11      =   -0.000000
   RPHbraidingv12      =   -0.000000
   RPHbraidingv13      =   -0.000000
   RPHbraidingv14      =   -0.000000
   RPHbraidingv15      =   -0.000000
   RPHbraidingv16      =   -0.000000
   RPHbraidingv17      =   -0.000000
   RPHbraidingv18      =   -0.000000
   RPHbraidingv19      =   -0.000000
   RPHbraidingv20      =   -0.000000
   RPHbraidingv21      =   -0.000000
   RPHbraidingv22      =   -0.000000
   RPHbraidingv23      =   -0.000000
   RPHbraidingv24      =   -0.000000
   RPHbraidingv25      =   -0.000000
   RPHbraidingv26      =   -0.000000
   RPHbraidingv27      =   -0.000000
   RPHbraidingv28      =   -0.000000
   RPHbraidingv29      =   -0.000000
   RPHbraidingv30      =   -0.000000
   RPHbraidingv31      =   -0.000000
   RPHbraidingv32      =   -0.000000
   RPHbraidingv33      =   -0.000000
   RPHbraidingv34      =   -0.000000
   RPHbraidingv35      =   -0.000000
   RPHbraidingv36      =   -0.000000
   RPHbraidingv37      =   -0.000000
   RPHbraidingv38      =   -0.000000
   RPHbraidingv39      =   -0.000000
   RPHbraidingv40      =   -0.000000
   RPHbraidingv41      =   -0.000000
   RPHbraidingv42      =   -0.000000
   RPHbraidingv43      =   -0.000000
   RPHbraidingv44      =   -0.000000
   RPHbraidingv45      =   -0.000000
   RPHbraidingv46      =   -0.000000
   RPHbraidingv47      =   -0.000000
   RPHbraidingv48      =   -0.000000
   RPHbraidingv49      =   -0.000000
   RPHbraidingv50      =   -0.000000
   RPHbraidingv51      =   -0.000000
   RPHbraidingv52      =   -0.000000
   RPHbraidingv53      =   -0.000000
   RPHbraidingv54      =   -0.000000
   RPHbraidingv55      =   -0.000000
   RPHbraidingv56      =   -0.000000
   RPHbraidingv57      =   -0.000000
   RPHbraidingv58      =   -0.000000
   RPHbraidingv59      =   -0.000000
   RPHbraidingv60      =   -0.000000
   RPHbraidingv61      =   -0.000000
   RPHbraidingv62      =   -0.000000
   RPHbraidingv63      =   -0.000000
   RPHbraidingv64      =   -0.000000
   RPHbraidingv65      =   -0.000000
   RPHbraidingv66      =   -0.000000
   RPHbraidingv67      =   -0.000000
   RPHbraidingv68      =   -0.000000
   RPHbraidingv69      =   -0.000000
   RPHbraidingv70      =   -0.000000
   RPHbraidingv71      =   -0.000000
   RPHbraidingv72      =   -0.000000
   RPHbraidingv73      =   -0.000000
   RPHbraidingv74      =   -0.000000
   RPHbraidingv75      =   -0.000000
   RPHbraidingv76      =   -0.000000
   RPHbraidingv77      =   -0.000000
   RPHbraidingv78      =   -0.000000
   RPHbraidingv79      =   -0.000000
   RPHbraidingv80      =   -0.000000
   RPHbraidingv81      =   -0.000000
   RPHbraidingv82      =   -0.000000
   RPHbraidingv83      =   -0.000000
   RPHbraidingv84      =   -0.000000
   RPHbraidingv85      =   -0.000000
   RPHbraidingv86      =   -0.000000
   RPHbraidingv87      =   -0.000000
   RPHbraidingv88      =   -0.000000
   RPHbraidingv89      =   -0.000000
   RPHbraidingv90      =   -0.000000
   RPHbraidingv91      =   -0.000000
   RPHbraidingv92      =   -0.000000
   RPHbraidingv93      =   -0.000000
   RPHbraidingv94      =   -0.000000
   RPHbraidingv95      =   -0.000000
   RPHbraidingv96      =   -0.000000
   RPHbraidingv97      =   -0.000000
   RPHbraidingv98      =   -0.000000
   RPHbraidingv99      =   -0.000000
   RPHbraidingv100     =   -0.000000
   RPHbraidingv101     =   -0.000000
   RPHbraidingv102     =   -0.000000
   RPHbraidingv103     =   -0.000000
   RPHbraidingv104     =   -0.000000
   RPHbraidingv105     =   -0.000000
   RPHbraidingv106     =   -0.000000
   RPHbraidingv107     =   -0.000000
   RPHbraidingv108     =   -0.000000
   RPHbraidingv109     =   -0.000000
   RPHbraidingv110     =   -0.000000
   RPHbraidingv111     =   -0.000000
   RPHbraidingv112     =   -0.000000
   RPHbraidingv113     =   -0.000000
   RPHbraidingv114     =   -0.000000
   RPHbraidingv115     =   -0.000000
   RPHbraidingv116     =   -0.000000
   RPHbraidingv117     =   -0.000000
   RPHbraidingv118     =   -0.000000
   RPHbraidingv119     =   -0.000000
   RPHbraidingv120     =   -0.000000
   RPHbraidingv121     =   -0.000000
   RPHbraidingv122     =   -0.000000
   RPHbraidingv123     =   -0.000000
   RPHbraidingv124     =   -0.000000
   RPHbraidingv125     =   -0.000000
   RPHbraidingv126     =   -0.000000
   RPHbraidingv127     =   -0.000000
   RPHbraidingv128     =   -0.000000
   RPHbraidingv129     =   -0.000000
   RPHbraidingv130     =   -0.000000
   RPHbraidingv131     =   -0.000000
   RPHbraidingv132     =   -0.000000
   RPHbraidingv133     =   -0.000000
   RPHbraidingv134     =   -0.000000
   RPHbraidingv135     =   -0.000001
   RPHbraidingv136     =   -0.000001
   RPHbraidingv137     =   -0.000001
   RPHbraidingv138     =   -0.000001
   RPHbraidingv139     =   -0.000001
   RPHbraidingv140     =   -0.000001
   RPHbraidingv141     =   -0.000001
   RPHbraidingv142     =   -0.000001
   RPHbraidingv143     =   -0.000001
   RPHbraidingv144     =   -0.000001
   RPHbraidingv145     =   -0.000001
   RPHbraidingv146     =   -0.000001
   RPHbraidingv147     =   -0.000001
   RPHbraidingv148     =   -0.000001
   RPHbraidingv149     =   -0.000001
   RPHbraidingv150     =   -0.000001
   RPHbraidingv151     =   -0.000001
   RPHbraidingv152     =   -0.000002
   RPHbraidingv153     =   -0.000002
   RPHbraidingv154     =   -0.000002
   RPHbraidingv155     =   -0.000002
   RPHbraidingv156     =   -0.000002
   RPHbraidingv157     =   -0.000002
   RPHbraidingv158     =   -0.000002
   RPHbraidingv159     =   -0.000002
   RPHbraidingv160     =   -0.000003
   RPHbraidingv161     =   -0.000003
   RPHbraidingv162     =   -0.000003
   RPHbraidingv163     =   -0.000003
   RPHbraidingv164     =   -0.000003
   RPHbraidingv165     =   -0.000003
   RPHbraidingv166     =   -0.000004
   RPHbraidingv167     =   -0.000004
   RPHbraidingv168     =   -0.000004
   RPHbraidingv169     =   -0.000004
   RPHbraidingv170     =   -0.000004
   RPHbraidingv171     =   -0.000005
   RPHbraidingv172     =   -0.000005
   RPHbraidingv173     =   -0.000005
   RPHbraidingv174     =   -0.000005
   RPHbraidingv175     =   -0.000006
   RPHbraidingv176     =   -0.000006
   RPHbraidingv177     =   -0.000006
   RPHbraidingv178     =   -0.000007
   RPHbraidingv179     =   -0.000007
   RPHbraidingv180     =   -0.000007
   RPHbraidingv181     =   -0.000008
   RPHbraidingv182     =   -0.000008
   RPHbraidingv183     =   -0.000009
   RPHbraidingv184     =   -0.000009
   RPHbraidingv185     =   -0.000009
   RPHbraidingv186     =   -0.000010
   RPHbraidingv187     =   -0.000010
   RPHbraidingv188     =   -0.000011
   RPHbraidingv189     =   -0.000011
   RPHbraidingv190     =   -0.000012
   RPHbraidingv191     =   -0.000013
   RPHbraidingv192     =   -0.000013
   RPHbraidingv193     =   -0.000014
   RPHbraidingv194     =   -0.000014
   RPHbraidingv195     =   -0.000015
   RPHbraidingv196     =   -0.000016
   RPHbraidingv197     =   -0.000017
   RPHbraidingv198     =   -0.000017
   RPHbraidingv199     =   -0.000018
   RPHbraidingv200     =   -0.000019
   RPHbraidingv201     =   -0.000020
   RPHbraidingv202     =   -0.000021
   RPHbraidingv203     =   -0.000022
   RPHbraidingv204     =   -0.000023
   RPHbraidingv205     =   -0.000024
   RPHbraidingv206     =   -0.000025
   RPHbraidingv207     =   -0.000026
   RPHbraidingv208     =   -0.000027
   RPHbraidingv209     =   -0.000028
   RPHbraidingv210     =   -0.000030
   RPHbraidingv211     =   -0.000031
   RPHbraidingv212     =   -0.000032
   RPHbraidingv213     =   -0.000034
   RPHbraidingv214     =   -0.000035
   RPHbraidingv215     =   -0.000037
   RPHbraidingv216     =   -0.000038
   RPHbraidingv217     =   -0.000040
   RPHbraidingv218     =   -0.000042
   RPHbraidingv219     =   -0.000044
   RPHbraidingv220     =   -0.000045
   RPHbraidingv221     =   -0.000047
   RPHbraidingv222     =   -0.000049
   RPHbraidingv223     =   -0.000051
   RPHbraidingv224     =   -0.000053
   RPHbraidingv225     =   -0.000056
   RPHbraidingv226     =   -0.000058
   RPHbraidingv227     =   -0.000060
   RPHbraidingv228     =   -0.000063
   RPHbraidingv229     =   -0.000065
   RPHbraidingv230     =   -0.000068
   RPHbraidingv231     =   -0.000071
   RPHbraidingv232     =   -0.000073
   RPHbraidingv233     =   -0.000076
   RPHbraidingv234     =   -0.000079
   RPHbraidingv235     =   -0.000083
   RPHbraidingv236     =   -0.000086
   RPHbraidingv237     =   -0.000089
   RPHbraidingv238     =   -0.000093
   RPHbraidingv239     =   -0.000096
   RPHbraidingv240     =   -0.000100
   RPHbraidingv241     =   -0.000104
   RPHbraidingv242     =   -0.000108
   RPHbraidingv243     =   -0.000112
   RPHbraidingv244     =   -0.000116
   RPHbraidingv245     =   -0.000120
   RPHbraidingv246     =   -0.000125
   RPHbraidingv247     =   -0.000130
   RPHbraidingv248     =   -0.000135
   RPHbraidingv249     =   -0.000140
   RPHbraidingv250     =   -0.000145
   RPHbraidingv251     =   -0.000150
   RPHbraidingv252     =   -0.000156
   RPHbraidingv253     =   -0.000161
   RPHbraidingv254     =   -0.000167
   RPHbraidingv255     =   -0.000173
   RPHbraidingv256     =   -0.000179
   RPHbraidingv257     =   -0.000186
   RPHbraidingv258     =   -0.000193
   RPHbraidingv259     =   -0.000199
   RPHbraidingv260     =   -0.000206
   RPHbraidingv261     =   -0.000214
   RPHbraidingv262     =   -0.000221
   RPHbraidingv263     =   -0.000229
   RPHbraidingv264     =   -0.000237
   RPHbraidingv265     =   -0.000245
   RPHbraidingv266     =   -0.000254
   RPHbraidingv267     =   -0.000263
   RPHbraidingv268     =   -0.000272
   RPHbraidingv269     =   -0.000281
   RPHbraidingv270     =   -0.000291
   RPHbraidingv271     =   -0.000301
   RPHbraidingv272     =   -0.000311
   RPHbraidingv273     =   -0.000321
   RPHbraidingv274     =   -0.000332
   RPHbraidingv275     =   -0.000343
   RPHbraidingv276     =   -0.000355
   RPHbraidingv277     =   -0.000366
   RPHbraidingv278     =   -0.000379
   RPHbraidingv279     =   -0.000391
   RPHbraidingv280     =   -0.000404
   RPHbraidingv281     =   -0.000417
   RPHbraidingv282     =   -0.000431
   RPHbraidingv283     =   -0.000445
   RPHbraidingv284     =   -0.000459
   RPHbraidingv285     =   -0.000474
   RPHbraidingv286     =   -0.000489
   RPHbraidingv287     =   -0.000505
   RPHbraidingv288     =   -0.000521
   RPHbraidingv289     =   -0.000538
   RPHbraidingv290     =   -0.000555
   RPHbraidingv291     =   -0.000572
   RPHbraidingv292     =   -0.000591
   RPHbraidingv293     =   -0.000609
   RPHbraidingv294     =   -0.000628
   RPHbraidingv295     =   -0.000648
   RPHbraidingv296     =   -0.000668
   RPHbraidingv297     =   -0.000688
   RPHbraidingv298     =   -0.000710
   RPHbraidingv299     =   -0.000731
   RPHbraidingv300     =   -0.000754
   RPHbraidingv301     =   -0.000777
   RPHbraidingv302     =   -0.000800
   RPHbraidingv303     =   -0.000825
   RPHbraidingv304     =   -0.000849
   RPHbraidingv305     =   -0.000875
   RPHbraidingv306     =   -0.000901
   RPHbraidingv307     =   -0.000928
   RPHbraidingv308     =   -0.000956
   RPHbraidingv309     =   -0.000984
   RPHbraidingv310     =   -0.001013
   RPHbraidingv311     =   -0.001043
   RPHbraidingv312     =   -0.001074
   RPHbraidingv313     =   -0.001105
   RPHbraidingv314     =   -0.001137
   RPHbraidingv315     =   -0.001170
   RPHbraidingv316     =   -0.001204
   RPHbraidingv317     =   -0.001239
   RPHbraidingv318     =   -0.001274
   RPHbraidingv319     =   -0.001311
   RPHbraidingv320     =   -0.001348
   RPHbraidingv321     =   -0.001386
   RPHbraidingv322     =   -0.001426
   RPHbraidingv323     =   -0.001466
   RPHbraidingv324     =   -0.001507
   RPHbraidingv325     =   -0.001550
   RPHbraidingv326     =   -0.001593
   RPHbraidingv327     =   -0.001637
   RPHbraidingv328     =   -0.001683
   RPHbraidingv329     =   -0.001729
   RPHbraidingv330     =   -0.001777
   RPHbraidingv331     =   -0.001826
   RPHbraidingv332     =   -0.001876
   RPHbraidingv333     =   -0.001927
   RPHbraidingv334     =   -0.001979
   RPHbraidingv335     =   -0.002033
   RPHbraidingv336     =   -0.002088
   RPHbraidingv337     =   -0.002144
   RPHbraidingv338     =   -0.002201
   RPHbraidingv339     =   -0.002260
   RPHbraidingv340     =   -0.002321
   RPHbraidingv341     =   -0.002382
   RPHbraidingv342     =   -0.002445
   RPHbraidingv343     =   -0.002510
   RPHbraidingv344     =   -0.002576
   RPHbraidingv345     =   -0.002643
   RPHbraidingv346     =   -0.002712
   RPHbraidingv347     =   -0.002783
   RPHbraidingv348     =   -0.002855
   RPHbraidingv349     =   -0.002928
   RPHbraidingv350     =   -0.003004
   RPHbraidingv351     =   -0.003081
   RPHbraidingv352     =   -0.003160
   RPHbraidingv353     =   -0.003240
   RPHbraidingv354     =   -0.003322
   RPHbraidingv355     =   -0.003407
   RPHbraidingv356     =   -0.003492
   RPHbraidingv357     =   -0.003580
   RPHbraidingv358     =   -0.003670
   RPHbraidingv359     =   -0.003761
   RPHbraidingv360     =   -0.003855
   RPHbraidingv361     =   -0.003951
   RPHbraidingv362     =   -0.004048
   RPHbraidingv363     =   -0.004148
   RPHbraidingv364     =   -0.004250
   RPHbraidingv365     =   -0.004353
   RPHbraidingv366     =   -0.004459
   RPHbraidingv367     =   -0.004568
   RPHbraidingv368     =   -0.004678
   RPHbraidingv369     =   -0.004791
   RPHbraidingv370     =   -0.004906
   RPHbraidingv371     =   -0.005023
   RPHbraidingv372     =   -0.005143
   RPHbraidingv373     =   -0.005265
   RPHbraidingv374     =   -0.005390
   RPHbraidingv375     =   -0.005517
   RPHbraidingv376     =   -0.005647
   RPHbraidingv377     =   -0.005779
   RPHbraidingv378     =   -0.005914
   RPHbraidingv379     =   -0.006051
   RPHbraidingv380     =   -0.006192
   RPHbraidingv381     =   -0.006335
   RPHbraidingv382     =   -0.006480
   RPHbraidingv383     =   -0.006629
   RPHbraidingv384     =   -0.006780
   RPHbraidingv385     =   -0.006934
   RPHbraidingv386     =   -0.007092
   RPHbraidingv387     =   -0.007252
   RPHbraidingv388     =   -0.007415
   RPHbraidingv389     =   -0.007581
   RPHbraidingv390     =   -0.007750
   RPHbraidingv391     =   -0.007923
   RPHbraidingv392     =   -0.008098
   RPHbraidingv393     =   -0.008277
   RPHbraidingv394     =   -0.008459
   RPHbraidingv395     =   -0.008644
   RPHbraidingv396     =   -0.008833
   RPHbraidingv397     =   -0.009025
   RPHbraidingv398     =   -0.009220
   RPHbraidingv399     =   -0.009419
   RPHbraidingv400     =   -0.009622
   RPHbraidingv401     =   -0.009827
   RPHbraidingv402     =   -0.010037
   RPHbraidingv403     =   -0.010250
   RPHbraidingv404     =   -0.010467
   RPHbraidingv405     =   -0.010687
   RPHbraidingv406     =   -0.010911
   RPHbraidingv407     =   -0.011139
   RPHbraidingv408     =   -0.011371
   RPHbraidingv409     =   -0.011607
   RPHbraidingv410     =   -0.011846
   RPHbraidingv411     =   -0.012090
   RPHbraidingv412     =   -0.012337
   RPHbraidingv413     =   -0.012588
   RPHbraidingv414     =   -0.012844
   RPHbraidingv415     =   -0.013103
   RPHbraidingv416     =   -0.013367
   RPHbraidingv417     =   -0.013635
   RPHbraidingv418     =   -0.013907
   RPHbraidingv419     =   -0.014183
   RPHbraidingv420     =   -0.014463
   RPHbraidingv421     =   -0.014748
   RPHbraidingv422     =   -0.015037
   RPHbraidingv423     =   -0.015331
   RPHbraidingv424     =   -0.015629
   RPHbraidingv425     =   -0.015931
   RPHbraidingv426     =   -0.016237
   RPHbraidingv427     =   -0.016549
   RPHbraidingv428     =   -0.016864
   RPHbraidingv429     =   -0.017185
   RPHbraidingv430     =   -0.017509
   RPHbraidingv431     =   -0.017839
   RPHbraidingv432     =   -0.018173
   RPHbraidingv433     =   -0.018512
   RPHbraidingv434     =   -0.018855
   RPHbraidingv435     =   -0.019203
   RPHbraidingv436     =   -0.019556
   RPHbraidingv437     =   -0.019913
   RPHbraidingv438     =   -0.020275
   RPHbraidingv439     =   -0.020642
   RPHbraidingv440     =   -0.021014
   RPHbraidingv441     =   -0.021391
   RPHbraidingv442     =   -0.021772
   RPHbraidingv443     =   -0.022158
   RPHbraidingv444     =   -0.022550
   RPHbraidingv445     =   -0.022946
   RPHbraidingv446     =   -0.023346
   RPHbraidingv447     =   -0.023752
   RPHbraidingv448     =   -0.024163
   RPHbraidingv449     =   -0.024578
   RPHbraidingv450     =   -0.024999
   RPHbraidingv451     =   -0.025424
   RPHbraidingv452     =   -0.025854
   RPHbraidingv453     =   -0.026289
   RPHbraidingv454     =   -0.026729
   RPHbraidingv455     =   -0.027174
   RPHbraidingv456     =   -0.027624
   RPHbraidingv457     =   -0.028079
   RPHbraidingv458     =   -0.028538
   RPHbraidingv459     =   -0.029003
   RPHbraidingv460     =   -0.029472
   RPHbraidingv461     =   -0.029946
   RPHbraidingv462     =   -0.030425
   RPHbraidingv463     =   -0.030909
   RPHbraidingv464     =   -0.031398
   RPHbraidingv465     =   -0.031891
   RPHbraidingv466     =   -0.032389
   RPHbraidingv467     =   -0.032892
   RPHbraidingv468     =   -0.033400
   RPHbraidingv469     =   -0.033912
   RPHbraidingv470     =   -0.034429
   RPHbraidingv471     =   -0.034951
   RPHbraidingv472     =   -0.035477
   RPHbraidingv473     =   -0.036008
   RPHbraidingv474     =   -0.036543
   RPHbraidingv475     =   -0.037083
   RPHbraidingv476     =   -0.037627
   RPHbraidingv477     =   -0.038176
   RPHbraidingv478     =   -0.038729
   RPHbraidingv479     =   -0.039286
   RPHbraidingv480     =   -0.039848
   RPHbraidingv481     =   -0.040414
   RPHbraidingv482     =   -0.040984
   RPHbraidingv483     =   -0.041558
   RPHbraidingv484     =   -0.042136
   RPHbraidingv485     =   -0.042718
   RPHbraidingv486     =   -0.043305
   RPHbraidingv487     =   -0.043895
   RPHbraidingv488     =   -0.044489
   RPHbraidingv489     =   -0.045087
   RPHbraidingv490     =   -0.045688
   RPHbraidingv491     =   -0.046294
   RPHbraidingv492     =   -0.046903
   RPHbraidingv493     =   -0.047515
   RPHbraidingv494     =   -0.048131
   RPHbraidingv495     =   -0.048750
   RPHbraidingv496     =   -0.049373
   RPHbraidingv497     =   -0.049999
   RPHbraidingv498     =   -0.050628
   RPHbraidingv499     =   -0.051260
   RPHbraidingv500     =   -0.051895
   RPHbraidingv501     =   -0.052533
   RPHbraidingv502     =   -0.053174
   RPHbraidingv503     =   -0.053818
   RPHbraidingv504     =   -0.054464
   RPHbraidingv505     =   -0.055114
   RPHbraidingv506     =   -0.055765
   RPHbraidingv507     =   -0.056419
   RPHbraidingv508     =   -0.057076
   RPHbraidingv509     =   -0.057735
   RPHbraidingv510     =   -0.058396
   RPHbraidingv511     =   -0.059059
   RPHbraidingv512     =   -0.059724
   RPHbraidingv513     =   -0.060391
   RPHbraidingv514     =   -0.061060
   RPHbraidingv515     =   -0.061730
   RPHbraidingv516     =   -0.062402
   RPHbraidingv517     =   -0.063076
   RPHbraidingv518     =   -0.063752
   RPHbraidingv519     =   -0.064428
   RPHbraidingv520     =   -0.065106
   RPHbraidingv521     =   -0.065785
   RPHbraidingv522     =   -0.066466
   RPHbraidingv523     =   -0.067147
   RPHbraidingv524     =   -0.067829
   RPHbraidingv525     =   -0.068512
   RPHbraidingv526     =   -0.069195
   RPHbraidingv527     =   -0.069880
   RPHbraidingv528     =   -0.070565
   RPHbraidingv529     =   -0.071250
   RPHbraidingv530     =   -0.071935
   RPHbraidingv531     =   -0.072621
   RPHbraidingv532     =   -0.073307
   RPHbraidingv533     =   -0.073993
   RPHbraidingv534     =   -0.074679
   RPHbraidingv535     =   -0.075365
   RPHbraidingv536     =   -0.076051
   RPHbraidingv537     =   -0.076736
   RPHbraidingv538     =   -0.077421
   RPHbraidingv539     =   -0.078105
   RPHbraidingv540     =   -0.078789
   RPHbraidingv541     =   -0.079472
   RPHbraidingv542     =   -0.080154
   RPHbraidingv543     =   -0.080836
   RPHbraidingv544     =   -0.081516
   RPHbraidingv545     =   -0.082196
   RPHbraidingv546     =   -0.082874
   RPHbraidingv547     =   -0.083551
   RPHbraidingv548     =   -0.084227
   RPHbraidingv549     =   -0.084901
   RPHbraidingv550     =   -0.085574
   RPHbraidingv551     =   -0.086246
   RPHbraidingv552     =   -0.086916
   RPHbraidingv553     =   -0.087584
   RPHbraidingv554     =   -0.088250
   RPHbraidingv555     =   -0.088915
   RPHbraidingv556     =   -0.089577
   RPHbraidingv557     =   -0.090238
   RPHbraidingv558     =   -0.090897
   RPHbraidingv559     =   -0.091553
   RPHbraidingv560     =   -0.092207
   RPHbraidingv561     =   -0.092859
   RPHbraidingv562     =   -0.093508
   RPHbraidingv563     =   -0.094156
   RPHbraidingv564     =   -0.094800
   RPHbraidingv565     =   -0.095442
   RPHbraidingv566     =   -0.096082
   RPHbraidingv567     =   -0.096718
   RPHbraidingv568     =   -0.097353
   RPHbraidingv569     =   -0.097984
   RPHbraidingv570     =   -0.098612
   RPHbraidingv571     =   -0.099238
   RPHbraidingv572     =   -0.099860
   RPHbraidingv573     =   -0.100480
   RPHbraidingv574     =   -0.101096
   RPHbraidingv575     =   -0.101710
   RPHbraidingv576     =   -0.102320
   RPHbraidingv577     =   -0.102927
   RPHbraidingv578     =   -0.103531
   RPHbraidingv579     =   -0.104131
   RPHbraidingv580     =   -0.104728
   RPHbraidingv581     =   -0.105322
   RPHbraidingv582     =   -0.105912
   RPHbraidingv583     =   -0.106499
   RPHbraidingv584     =   -0.107083
   RPHbraidingv585     =   -0.107663
   RPHbraidingv586     =   -0.108239
   RPHbraidingv587     =   -0.108812
   RPHbraidingv588     =   -0.109381
   RPHbraidingv589     =   -0.109946
   RPHbraidingv590     =   -0.110508
   RPHbraidingv591     =   -0.111066
   RPHbraidingv592     =   -0.111621
   RPHbraidingv593     =   -0.112171
   RPHbraidingv594     =   -0.112718
   RPHbraidingv595     =   -0.113261
   RPHbraidingv596     =   -0.113800
   RPHbraidingv597     =   -0.114336
   RPHbraidingv598     =   -0.114867
   RPHbraidingv599     =   -0.115395
   RPHbraidingv600     =   -0.115919
   RPHbraidingv601     =   -0.116439

***************************************************************
 EFTCAMB designer RPH background solver

Reion redshift       =   7.649
H0                   = 67.862308
Om_b h^2             =  0.022370
Om_c h^2             =  0.119243
Om_nu h^2            =  0.000000
Om_darkenergy        =  0.692409
Om_K                 =  0.000000
Om_m (inc Om_u)      =  0.307500
100 theta (CosmoMC)  =  1.041284
Reion opt depth      =  0.0544
Age of universe/GYr  =  13.761
zstar                =  1089.63
r_s(zstar)/Mpc       =  144.65
100*theta            =  1.041599
DA(zstar)/Gpc        =  13.88763
zdrag                =  1059.70
r_s(zdrag)/Mpc       =  147.32
k_D(zstar) Mpc       =  0.1408
100*theta_D          =  0.160618
z_EQ (if v_nu=1)     =  3383.87
k_EQ Mpc (if v_nu=1) =  0.010328
100*theta_EQ         =  0.816817
100*theta_rs_EQ      =  0.451245
tau_recomb/Mpc       =  281.00  tau_now/Mpc =  14168.5
at z =  1.946 sigma8 (all matter) =  0.3502
at z =  1.944 sigma8 (all matter) =  0.3505
at z =  1.942 sigma8 (all matter) =  0.3508
at z =  1.528 sigma8 (all matter) =  0.4046
at z =  1.526 sigma8 (all matter) =  0.4050
at z =  1.524 sigma8 (all matter) =  0.4053
at z =  1.403 sigma8 (all matter) =  0.4242
at z =  1.400 sigma8 (all matter) =  0.4246
at z =  1.397 sigma8 (all matter) =  0.4250
at z =  1.232 sigma8 (all matter) =  0.4536
at z =  1.230 sigma8 (all matter) =  0.4541
at z =  1.228 sigma8 (all matter) =  0.4545
at z =  0.981 sigma8 (all matter) =  0.5045
at z =  0.978 sigma8 (all matter) =  0.5051
at z =  0.976 sigma8 (all matter) =  0.5056
at z =  0.863 sigma8 (all matter) =  0.5319
at z =  0.860 sigma8 (all matter) =  0.5325
at z =  0.858 sigma8 (all matter) =  0.5331
at z =  0.733 sigma8 (all matter) =  0.5651
at z =  0.730 sigma8 (all matter) =  0.5658
at z =  0.728 sigma8 (all matter) =  0.5665
at z =  0.603 sigma8 (all matter) =  0.6018
at z =  0.600 sigma8 (all matter) =  0.6026
at z =  0.598 sigma8 (all matter) =  0.6033
at z =  0.593 sigma8 (all matter) =  0.6048
at z =  0.590 sigma8 (all matter) =  0.6055
at z =  0.588 sigma8 (all matter) =  0.6063
at z =  0.527 sigma8 (all matter) =  0.6247
at z =  0.525 sigma8 (all matter) =  0.6255
at z =  0.522 sigma8 (all matter) =  0.6263
at z =  0.443 sigma8 (all matter) =  0.6523
at z =  0.440 sigma8 (all matter) =  0.6531
at z =  0.438 sigma8 (all matter) =  0.6540
at z =  0.383 sigma8 (all matter) =  0.6728
at z =  0.380 sigma8 (all matter) =  0.6737
at z =  0.378 sigma8 (all matter) =  0.6745
at z =  0.372 sigma8 (all matter) =  0.6763
at z =  0.370 sigma8 (all matter) =  0.6772
at z =  0.367 sigma8 (all matter) =  0.6781
at z =  0.323 sigma8 (all matter) =  0.6942
at z =  0.320 sigma8 (all matter) =  0.6951
at z =  0.318 sigma8 (all matter) =  0.6960
at z =  0.253 sigma8 (all matter) =  0.7203
at z =  0.250 sigma8 (all matter) =  0.7213
at z =  0.247 sigma8 (all matter) =  0.7222
at z =  0.182 sigma8 (all matter) =  0.7476
at z =  0.180 sigma8 (all matter) =  0.7486
at z =  0.177 sigma8 (all matter) =  0.7496
at z =  0.172 sigma8 (all matter) =  0.7516
at z =  0.170 sigma8 (all matter) =  0.7526
at z =  0.168 sigma8 (all matter) =  0.7536
at z =  0.152 sigma8 (all matter) =  0.7597
at z =  0.150 sigma8 (all matter) =  0.7607
at z =  0.147 sigma8 (all matter) =  0.7617
at z =  0.102 sigma8 (all matter) =  0.7803
at z =  0.100 sigma8 (all matter) =  0.7813
at z =  0.098 sigma8 (all matter) =  0.7824
at z =  0.022 sigma8 (all matter) =  0.8143
at z =  0.020 sigma8 (all matter) =  0.8154
at z =  0.018 sigma8 (all matter) =  0.8165
at z =  0.000 sigma8 (all matter) =  0.8241
at z =  1.946 sigma8^2_vd/sigma8  =  0.3343
at z =  1.944 sigma8^2_vd/sigma8  =  0.3345
at z =  1.942 sigma8^2_vd/sigma8  =  0.3347
at z =  1.528 sigma8^2_vd/sigma8  =  0.3767
at z =  1.526 sigma8^2_vd/sigma8  =  0.3769
at z =  1.524 sigma8^2_vd/sigma8  =  0.3772
at z =  1.403 sigma8^2_vd/sigma8  =  0.3907
at z =  1.400 sigma8^2_vd/sigma8  =  0.3910
at z =  1.397 sigma8^2_vd/sigma8  =  0.3912
at z =  1.232 sigma8^2_vd/sigma8  =  0.4102
at z =  1.230 sigma8^2_vd/sigma8  =  0.4105
at z =  1.228 sigma8^2_vd/sigma8  =  0.4108
at z =  0.981 sigma8^2_vd/sigma8  =  0.4393
at z =  0.978 sigma8^2_vd/sigma8  =  0.4396
at z =  0.976 sigma8^2_vd/sigma8  =  0.4399
at z =  0.863 sigma8^2_vd/sigma8  =  0.4523
at z =  0.860 sigma8^2_vd/sigma8  =  0.4525
at z =  0.858 sigma8^2_vd/sigma8  =  0.4528
at z =  0.733 sigma8^2_vd/sigma8  =  0.4651
at z =  0.730 sigma8^2_vd/sigma8  =  0.4654
at z =  0.728 sigma8^2_vd/sigma8  =  0.4656
at z =  0.603 sigma8^2_vd/sigma8  =  0.4755
at z =  0.600 sigma8^2_vd/sigma8  =  0.4757
at z =  0.598 sigma8^2_vd/sigma8  =  0.4758
at z =  0.593 sigma8^2_vd/sigma8  =  0.4761
at z =  0.590 sigma8^2_vd/sigma8  =  0.4763
at z =  0.588 sigma8^2_vd/sigma8  =  0.4765
at z =  0.527 sigma8^2_vd/sigma8  =  0.4798
at z =  0.525 sigma8^2_vd/sigma8  =  0.4799
at z =  0.522 sigma8^2_vd/sigma8  =  0.4800
at z =  0.443 sigma8^2_vd/sigma8  =  0.4826
at z =  0.440 sigma8^2_vd/sigma8  =  0.4826
at z =  0.438 sigma8^2_vd/sigma8  =  0.4827
at z =  0.383 sigma8^2_vd/sigma8  =  0.4829
at z =  0.380 sigma8^2_vd/sigma8  =  0.4829
at z =  0.378 sigma8^2_vd/sigma8  =  0.4829
at z =  0.372 sigma8^2_vd/sigma8  =  0.4829
at z =  0.370 sigma8^2_vd/sigma8  =  0.4828
at z =  0.367 sigma8^2_vd/sigma8  =  0.4828
at z =  0.323 sigma8^2_vd/sigma8  =  0.4818
at z =  0.320 sigma8^2_vd/sigma8  =  0.4817
at z =  0.318 sigma8^2_vd/sigma8  =  0.4816
at z =  0.253 sigma8^2_vd/sigma8  =  0.4780
at z =  0.250 sigma8^2_vd/sigma8  =  0.4778
at z =  0.247 sigma8^2_vd/sigma8  =  0.4777
at z =  0.182 sigma8^2_vd/sigma8  =  0.4714
at z =  0.180 sigma8^2_vd/sigma8  =  0.4711
at z =  0.177 sigma8^2_vd/sigma8  =  0.4708
at z =  0.172 sigma8^2_vd/sigma8  =  0.4702
at z =  0.170 sigma8^2_vd/sigma8  =  0.4699
at z =  0.168 sigma8^2_vd/sigma8  =  0.4696
at z =  0.152 sigma8^2_vd/sigma8  =  0.4676
at z =  0.150 sigma8^2_vd/sigma8  =  0.4673
at z =  0.147 sigma8^2_vd/sigma8  =  0.4669
at z =  0.102 sigma8^2_vd/sigma8  =  0.4599
at z =  0.100 sigma8^2_vd/sigma8  =  0.4594
at z =  0.098 sigma8^2_vd/sigma8  =  0.4590
at z =  0.022 sigma8^2_vd/sigma8  =  0.4434
at z =  0.020 sigma8^2_vd/sigma8  =  0.4428
at z =  0.018 sigma8^2_vd/sigma8  =  0.4422
at z =  0.000 sigma8^2_vd/sigma8  =  0.4379
